country,symbol,year,TA,TL,Eq,CA,CL,Sales,COGS,GP,PAT,Cash,Inv,PPE,dividends
TR,A1YEN,2018,225007593,176107383.0,48900210,3752330,16426003,18311677,5234796.0,13076882,29205062,357252,0,209325091,0.0
TR,A1YEN,2019,568473886,358377421.0,210096465,12815563,25372918,39205379,18437982.0,20767398,38361486,24708,0,530234553,0.0
TR,A1YEN,2020,652993901,301874844.0,351119057,9039390,22103023,65144130,13329390.0,51814740,29673453,443286,0,643864083,0.0
TR,A1YEN,2021,1400717104,556780324.0,843936780,38555951,85770437,89020796,57924088.0,31096708,68285171,21823513,0,1344576918,0.0
TR,A1YEN,2022,2084501255,711956830.0,1372544425,108241565,136075039,179002231,81663562.0,97338669,116169473,79133154,0,1918666682,0.0
TR,A1YEN,2023,3137980068,970948520.0,2167031548,73066010,185485721,261478496,202307938.0,59170558,4633837,25868522,0,3064663636,0.0
TR,A1YEN,2024,4450585795,1126673255.0,3323912540,144907164,229321783,507292062,289741152.0,217550911,309702410,11332518,21130220,4304285358,0.0
TR,A1YEN,2025,4664981336,1081741918.0,3583239418,260954187,250621441,525221546,316325337.0,208896208,84362830,54611851,5994939,4401839869,0.0
TR,AAGYO,2023,13947846543,2609086318.0,11338760225,1046210208,217082716,73179612,0.0,73179612,-298094124,244498,1039371982,71926290,0.0
TR,AAGYO,2024,15302670645,3125197652.0,12177472993,1344529811,818555572,686466938,243396552.0,443070386,465499486,19300124,1283453105,83838223,0.0
TR,AAGYO,2025,17164762377,3611552767.0,13553209610,1603727681,519479580,1432467659,517868151.0,914599508,138233808,88058703,1318794029,109852979,0.0
TR,ACSEL,2013,10281909,5988032.0,4293877,4664009,5367388,9465677,7604264.0,1861413,574069,242479,2339067,5576075,
TR,ACSEL,2014,13318664,7882833.0,5435831,6932454,7110709,11339466,8843160.0,2496306,45416,51396,4169531,6338279,
TR,ACSEL,2015,16756513,1747707.0,15008806,10192833,875141,12507462,10283794.0,2223668,355697,1765063,5978650,6502157,
TR,ACSEL,2016,24132709,2106377.0,22026332,10953846,1011089,14445519,12135848.0,2309671,688231,1025911,5978597,5796913,0.0
TR,ACSEL,2017,28317742,5131692.0,23186050,13304099,2905410,21164595,17530256.0,3634339,1839175,2162429,4434936,6912335,529992.0
TR,ACSEL,2018,38171678,6457419.0,31714259,15418210,4142944,31972324,25839492.0,6132832,8216511,2444241,6934224,9550590,636002.0
TR,ACSEL,2019,49448081,7566326.0,41881755,18628141,4326296,42939006,34800370.0,8138636,9305763,2233195,7054354,11877063,750519.0
TR,ACSEL,2020,61359763,9383072.0,51976691,26579131,5472428,47660506,34994422.0,12666084,10451022,5701063,10445915,12611677,857736.0
TR,ACSEL,2021,128645519,39088087.0,89557432,76378100,32815289,111028520,86856445.0,24172075,35058646,9478887,31871612,16622872,964953.0
TR,ACSEL,2022,468763829,141741125.0,327022704,193764640,80874767,644000394,564340407.0,79659987,65050253,4177820,132603325,79389094,2389824.0
TR,ACSEL,2023,812667400,293017168.0,519650232,277157268,257935294,644837341,578476607.0,66360734,51666541,395909,133381746,367566233,2625758.0
TR,ACSEL,2024,1060829870,429102229.0,631727641,386502230,263640271,890026298,831415833.0,58610466,-47323751,7827537,93776415,476729989,2912915.0
TR,ACSEL,2025,1035814286,403070023.0,632744263,311629303,262657747,754628849,717683010.0,36945839,-73917950,28328908,65840176,506956681,0.0
TR,ADEL,2013,207069865,64275063.0,142794802,162536159,40402979,186099908,96103392.0,89996516,49662101,38699751,76190352,30524973,
TR,ADEL,2014,282060860,133740566.0,148320294,192474779,108047468,221347791,111360312.0,109987479,28089319,15858762,107868824,80851578,
TR,ADEL,2015,379756095,174009478.0,205746617,263405572,168014498,251614689,134540648.0,117074041,71501290,63113002,120244108,110536560,
TR,ADEL,2016,311431000,115940000.0,195491000,196786000,85549000,272288000,142851000.0,129437000,18857000,11046000,107830000,107899000,30004000.0
TR,ADEL,2017,356244000,150845000.0,205399000,241316000,129331000,322397000,176818000.0,145579000,26870000,20327000,113113000,109575000,17010000.0
TR,ADEL,2018,466032000,277251000.0,188781000,341287000,266216000,385115000,210841000.0,174274000,13830000,59155000,158379000,111082000,22000000.0
TR,ADEL,2019,389521000,226302000.0,163219000,261640000,166702000,347114000,195290000.0,151824000,-14673000,13421000,137387000,105340000,20010000.0
TR,ADEL,2020,634419000,489030000.0,145389000,513831000,409440000,391147000,242358000.0,148789000,1915000,279347000,139751000,100774000,0.0
TR,ADEL,2021,708257000,576992000.0,131265000,592411000,548312000,486155000,332290000.0,153865000,-12698000,342560000,113968000,99115000,30004000.0
TR,ADEL,2022,1906116000,1213432000.0,692684000,1156436000,1001884000,1675122000,1253242000.0,421880000,-19427000,481745000,493060000,625391000,26645000.0
TR,ADEL,2023,3798883000,2195076000.0,1603807000,2639716000,2036566000,3265499000,1740926000.0,1524573000,629443000,1146378000,888797000,804473000,28589000.0
TR,ADEL,2024,3719872286,1823129875.0,1896742411,2346032948,1082200758,3549772469,1733103440.0,1816669029,24403566,863018936,1033308547,1033908034,238772477.0
TR,ADEL,2025,3495239982,2157528972.0,1337711010,1990042333,2069318572,2310417681,1394022966.0,916394715,-552804392,435427846,1246670377,1059893697,172278888.0
TR,ADESE,2013,661406513,291713542.0,369692971,226317354,204313566,588506134,463201530.0,125304604,17357799,15780050,113410309,179952430,
TR,ADESE,2014,774074750,374336951.0,399737799,286090897,278268194,609265238,480244839.0,129020399,18476378,15327997,122771881,207633085,
TR,ADESE,2015,862814294,418913606.0,443900688,309756162,262060044,642891227,496632738.0,146258489,51208342,13558230,115471235,200598126,
TR,ADESE,2016,972167878,496844625.0,475323253,317549733,336117745,649314128,498627842.0,150686286,31656821,16415860,111894302,203933816,0.0
TR,ADESE,2017,1128750611,565841857.0,562908754,326175132,388411147,693500599,533704343.0,159796256,43922974,14734806,121377113,256327914,0.0
TR,ADESE,2018,1218536000,662847000.0,555689000,300492000,489580000,550041000,434622000.0,115419000,-15782000,7325000,54440000,264236000,0.0
TR,ADESE,2019,1535710000,950333000.0,585377000,442073000,685592000,198985000,143353000.0,55632000,-499000,5837000,30516000,346504000,0.0
TR,ADESE,2020,1553489000,769156000.0,784333000,280926000,493730000,213193000,163820000.0,49373000,-73814000,23937000,20348000,501026000,0.0
TR,ADESE,2021,2260691000,336357000.0,1924334000,421681000,62662000,50189000,4309000.0,45880000,384820000,374662000,5220000,858000,0.0
TR,ADESE,2022,7506361000,922092000.0,6584269000,1155756000,208317000,265729000,135006000.0,130723000,715842000,643592000,341045000,67087000,0.0
TR,ADESE,2023,14400280000,2586105000.0,11814175000,1473584000,306435000,484913000,239464000.0,245449000,1956785000,80755000,1038277000,217563000,0.0
TR,ADESE,2024,21862302995,4418845175.0,17443457820,5517620829,1708549348,684251429,373188428.0,311063002,847824954,26458575,4798837386,650468119,0.0
TR,ADESE,2025,25913598049,5980843813.0,19932754236,7545217762,1995793033,1396108227,810029889.0,586078339,622271650,97185276,6204817370,842408108,0.0
TR,ADGYO,2020,360499689,241340359.0,119159330,138944398,212842823,2417990,1772350.0,645640,99193390,308748,115315309,676905,0.0
TR,ADGYO,2021,619918701,247561761.0,372356940,323439932,202415760,10617767,4326078.0,6291689,53170924,31264782,186006720,738072,0.0
TR,ADGYO,2022,2463617985,88323315.0,2375294670,1454610800,87799441,1109172221,484115770.0,625056451,1075578679,155069988,1149287472,2478061,0.0
TR,ADGYO,2023,6645236519,38009630.0,6607226889,4849091498,37485596,708013383,214010777.0,494002606,553322369,2753077236,2011949922,27288197,0.0
TR,ADGYO,2024,10002843637,597555051.0,9405288586,3677873997,20030369,758939411,248064043.0,510875368,1568446313,988256367,2468345836,32673707,0.0
TR,ADGYO,2025,19139992300,3100490471.0,16039501829,7723373484,783268032,888353432,342769288.0,545584144,-667323753,928704623,6344670292,199435617,0.0
TR,AEFES,2013,22366984000,8905058000.0,13461926000,4959127000,3147302000,9195773000,5200108000.0,3995665000,2852990000,1746369000,1004016000,5759638000,
TR,AEFES,2014,20113805000,8289866000.0,11823939000,4497418000,2533723000,10021383000,5719167000.0,4302216000,-331554000,1559518000,1085532000,5538159000,0.0
TR,AEFES,2015,22044090000,9470585000.0,12573505000,4942542000,2625163000,10205146000,6018448000.0,4186698000,-137154000,1891459000,1102915000,6315908000,
TR,AEFES,2016,25628559000,10811537000.0,14817022000,6008675000,2686457000,10420257000,6329642000.0,4090615000,-40055000,2745264000,1030992000,7302670000,160694000.0
TR,AEFES,2017,29529632000,13864037000.0,15665595000,9097981000,5818654000,12732359000,7906500000.0,4825859000,305889000,5409622000,1179231000,7485235000,193785000.0
TR,AEFES,2018,39696170000,18373896000.0,21322274000,10368047000,8075465000,18689686000,11957339000.0,6732347000,98886000,4770052000,1943100000,10753432000,382564000.0
TR,AEFES,2019,45898132000,21517832000.0,24380300000,12683956000,9696522000,23076564000,14320243000.0,8756321000,1308595000,5814721000,2257493000,12006521000,450144000.0
TR,AEFES,2020,50561368000,25546640000.0,25014728000,15722558000,12542103000,26742693000,16799303000.0,9943390000,1452910000,8524950000,2708747000,12592066000,604324000.0
TR,AEFES,2021,85512881000,46180388000.0,39332493000,24663860000,24521394000,39284384000,25142116000.0,14142268000,2367266000,10260355000,5903274000,21297137000,2210945000.0
TR,AEFES,2022,268244570000,133519352000.0,134725218000,85826237000,69258939000,155060052000,101504427000.0,53555625000,23003578000,39326756000,23545932000,56948154000,2973713000.0
TR,AEFES,2023,382930193000,195413791000.0,187516402000,130126100000,113333758000,230829114000,145645251000.0,85183863000,48427296000,59587969000,35918488000,83184112000,3240361000.0
TR,AEFES,2024,461030275909,238818073586.0,222212202323,158768084530,140482364680,302825275779,183702917401.0,119122358378,30556553679,70986646875,39540935062,106341471176,3929564415.0
TR,AEFES,2025,455102388820,214109761978.0,240992626842,120079501621,116352141807,268329793642,167174330042.0,101155463600,19077143509,40906786675,31908878031,101636250004,2933042561.0
TR,AFYON,2013,51618064,11183359.0,40434705,23352672,8299666,55698750,50048546.0,5650204,2021623,3362740,6863067,25412971,
TR,AFYON,2014,70961740,17635413.0,53326327,38484470,14573360,77035954,57430392.0,19605562,12972300,12688794,7903446,24446808,
TR,AFYON,2015,373419627,208023183.0,165396444,194190624,39973424,64460340,49389930.0,15070410,14227079,164939002,6913742,154292865,
TR,AFYON,2016,589252419,414412722.0,174839697,35638796,240735043,60826896,55188789.0,5638107,9602315,522924,8571141,516709178,0.0
TR,AFYON,2017,789193877,560332996.0,228860881,188133038,337015628,168153098,133230098.0,34923000,54011326,65247953,10954160,567257185,0.0
TR,AFYON,2018,661360896,428646813.0,232714083,86267207,306179373,175199174,142690797.0,32508377,3922964,18748857,16958481,542599154,0.0
TR,AFYON,2019,648319142,476624628.0,171694514,66528431,297312242,163332069,169930960.0,-6598891,-61002977,5704011,11120235,514812202,0.0
TR,AFYON,2020,705594637,214912244.0,490682393,136470420,181777640,270305864,250379036.0,19926828,17064066,32350004,25878968,493166507,0.0
TR,AFYON,2021,800483482,233806847.0,566676635,196472859,208373709,413481737,350557471.0,62924266,76886460,18768321,86936694,516996274,0.0
TR,AFYON,2022,4265540396,1175194185.0,3090346211,1160924006,696924749,2455914351,2043928176.0,411986175,155581093,452835896,206475057,3066330421,36990666.0
TR,AFYON,2023,6724198009,990591333.0,5733606676,1815387118,928110317,3757897637,2855427569.0,902470068,1432920986,489124585,369431155,4388544751,0.0
TR,AFYON,2024,8834757136,1024056701.0,7810700435,2702520268,966465954,4241201204,3164966366.0,1076234838,561679422,1565427446,323938930,5720795930,0.0
TR,AFYON,2025,10224717590,1301777129.0,8922940461,2941874521,1248763221,4554885772,3681694125.0,873191647,283777906,1255849699,545469081,6920858940,0.0
TR,AGHOL,2013,6413198000,1474616000.0,4938582000,1764078000,721635000,1630694000,1306882000.0,323812000,1453980000,1187152000,157984000,553688000,40000000.0
TR,AGHOL,2014,6565625000,2097749000.0,4467876000,1961499000,1031574000,1989732000,1591382000.0,398350000,-26772000,1153597000,173319000,768385000,20000000.0
TR,AGHOL,2015,8840671000,4523461000.0,4317210000,1487136000,1773994000,2592183000,2096050000.0,496133000,-280005000,373184000,283000000,757196000,46044000.0
TR,AGHOL,2016,9348066000,4877534000.0,4470532000,1597757000,2464946000,14149931000,9487165000.0,4662766000,-411004000,413363000,221130000,752513000,150379000.0
TR,AGHOL,2017,37906111000,20640321000.0,17265790000,11980096000,9552062000,17163686000,11577288000.0,5586398000,105637000,5800315000,2122397000,8356588000,255670000.0
TR,AGHOL,2018,48072056000,26418293000.0,21653763000,13495464000,13899619000,23981255000,16299895000.0,7681360000,-1103479000,5282990000,3131137000,11738915000,308602000.0
TR,AGHOL,2019,66429538000,42457956000.0,23971582000,20476461000,21832636000,44781682000,31105319000.0,13676363000,1260856000,8927687000,5698025000,16543585000,355258000.0
TR,AGHOL,2020,73272993000,49078305000.0,24194688000,26494816000,27983618000,62081493000,43977428000.0,18104065000,542575000,12878419000,7168883000,16370382000,183316000.0
TR,AGHOL,2021,112291850000,72968948000.0,39322902000,38050962000,43556171000,81368494000,57089726000.0,24278768000,3541929000,16162782000,11422692000,25939696000,1790673000.0
TR,AGHOL,2022,377714512000,208282655000.0,169431857000,133800505000,128310460000,319647531000,236681513000.0,82966018000,37271068000,58564156000,46400553000,78566530000,2141671000.0
TR,AGHOL,2023,565676096000,306398327000.0,259277769000,212010781000,202392838000,542096480000,398875472000.0,143221008000,71124845000,90022940000,76248915000,118193479000,3485423000.0
TR,AGHOL,2024,711659506481,390705958616.0,320953547865,261964732688,256971789832,737948413949,523146324793.0,214802089156,34946999146,110802489860,93158415986,156819267914,5909274238.0
TR,AGHOL,2025,751821518140,401754893162.0,350066624978,243109589506,259186580257,778206819877,560739141444.0,217467678432,21592183085,84186421220,92236899420,164365456807,5609288782.0
TR,AGROT,2020,684330348,212743848.0,471586500,42397228,132773786,37938739,32872542.0,5066197,22776130,8184417,7601798,421162271,0.0
TR,AGROT,2021,1041871178,250208132.0,791663046,53446690,115480012,206690394,175913738.0,30776656,58124424,1265455,10558667,654033266,0.0
TR,AGROT,2022,4200370184,1129239489.0,3071130695,920765562,392052797,877073473,490345886.0,386727587,337721497,2014362,49012945,2285355326,0.0
TR,AGROT,2023,9202969163,2016613846.0,7186355317,3088717943,732093794,841128293,564546878.0,276581415,384408537,493807559,342992,3955378231,0.0
TR,AGROT,2024,10889100281,2481133654.0,8407966627,2849715708,662718134,2777096638,2677439424.0,99657215,-415865913,106422754,293715467,6289205010,0.0
TR,AGROT,2025,10558831313,2452427334.0,8106403979,1843259364,241708184,2485589549,2503198151.0,-17608601,-704783191,292142894,111494230,6581333304,0.0
TR,AGYO,2013,240320551,2029907.0,238290644,54732088,832999,6998442,2503811.0,4494631,-7305137,21843156,0,2570732,
TR,AGYO,2014,252817243,2203862.0,250613381,63246957,883269,6709093,2392776.0,4316317,12347445,22453718,0,2918796,
TR,AGYO,2015,292033100,3492813.0,288540287,56554082,1938466,6121239,2514364.0,3606875,37939105,23064985,0,3506287,
TR,AGYO,2016,322230671,13206542.0,309024129,38882231,3779380,6551705,2722946.0,3828759,20496640,29062093,0,3381862,0.0
TR,AGYO,2017,384983099,21983627.0,362999472,27793218,9639689,7136574,2869600.0,4266974,-16017591,25542452,0,6382352,0.0
TR,AGYO,2018,487324309,103973644.0,383350665,11922465,91734520,11342736,6350433.0,4992303,20349204,1075722,0,7768864,0.0
TR,AGYO,2019,526878523,35551615.0,491326908,11335391,12739787,31251184,18103793.0,13147391,31098378,604818,0,7774129,0.0
TR,AGYO,2020,528427418,35739959.0,492687459,9786597,31848912,25790617,14484474.0,11306143,1366675,338947,0,4464064,0.0
TR,AGYO,2021,614338182,8752298.0,605585884,21738248,3648566,34454560,19273030.0,15181530,80560413,8801209,0,3587458,0.0
TR,AGYO,2022,2987150261,22029690.0,2965120571,61143333,9915409,136366770,75184988.0,61181782,1310856324,21487921,0,17554117,0.0
TR,AGYO,2023,5252511617,34292986.0,5218218631,111221624,18219013,273672445,145682595.0,127989850,937783186,9833181,0,37241287,0.0
TR,AGYO,2024,6511416175,478727633.0,6032688542,138496007,38816729,392368247,195631266.0,196736980,-555052316,33552552,0,53839516,41915520.0
TR,AGYO,2025,7335910320,961261815.0,6374648505,241421747,36716014,460511923,223901582.0,236610341,-264289703,42523676,0,53210205,0.0
TR,AHGAZ,2020,2200107388,2700356132.0,-500248744,749890492,1729502574,2689962540,2369955987.0,320006553,39850871,243633827,12653896,1151759943,0.0
TR,AHGAZ,2021,3548863943,3892986681.0,-344122738,1625478320,2383892937,3700025016,3215316577.0,484708439,154769296,269886357,22000649,1370648672,0.0
TR,AHGAZ,2022,29546314335,15015451626.0,14530862709,10768102668,9789004069,23481276300,21802144258.0,1679132042,2711779448,6101656156,122254847,17656761740,0.0
TR,AHGAZ,2023,61973224611,26244880976.0,35728343635,16711218439,12950197280,28902244013,26816954137.0,2121111761,5950970058,12245397973,118466119,40786890351,0.0
TR,AHGAZ,2024,131687389768,79223787119.0,52463602649,59254280570,54060228024,34267586367,31509127702.0,5071603686,3690463273,12769514777,322421449,67388486575,0.0
TR,AHGAZ,2025,235877967270,153230395984.0,82647571286,123981897129,123035545993,43401764773,38678559456.0,12098780460,5482724030,20129977657,275436647,105378379474,0.0
TR,AHSGY,2021,2355160538,592760203.0,1762400335,332857709,182228037,36604044,0.0,36604044,236443895,81609084,226691709,2330410,0.0
TR,AHSGY,2022,2659103992,602154551.0,2056949441,264290811,151092446,40870202,0.0,40870202,294534914,14908440,226691709,1441813,0.0
TR,AHSGY,2023,4602800381,326493259.0,4276307122,319791633,326165284,37413218,0.0,37413218,1695307678,2230765,294712630,1247134,0.0
TR,AHSGY,2024,7076026726,1017366419.0,6058660307,1647742213,37140096,115084542,18218746.0,96865796,-271903183,1230477947,367537477,1157353,0.0
TR,AHSGY,2025,12913833853,2808211141.0,10105622712,1730985393,46019796,576438449,108958788.0,467479661,3438651467,1350736667,298646448,1273553,0.0
TR,AKCNS,2013,1477218408,477112860.0,1000105548,478717210,381051707,1202224568,938624067.0,263600501,159412727,15833231,117073000,665042156,
TR,AKCNS,2014,1602496583,446589339.0,1155907244,500808551,324332668,1410850235,1019225623.0,391624612,250261649,13277590,138833800,708780431,
TR,AKCNS,2015,1705079931,504477498.0,1200602433,569277391,326711352,1468533483,1040067231.0,428466252,282979216,21854524,135204055,744073243,
TR,AKCNS,2016,1843193180,615739165.0,1227454015,644276471,528156480,1461055290,1047113286.0,413942004,286979061,23394673,159762070,800140028,259179293.0
TR,AKCNS,2017,1916195842,807222802.0,1108973040,712990460,715060491,1519000715,1213196413.0,305804302,148813602,52746580,150954315,830479327,237738315.0
TR,AKCNS,2018,2160527093,1052961043.0,1107566050,995968009,864750419,1715570101,1350035351.0,365534750,179757429,275421213,244939954,842551526,128001510.0
TR,AKCNS,2019,2009746488,968672500.0,1041073988,762909724,649159854,1826105824,1573110547.0,252995277,74968766,152041813,181225628,826102634,154166698.0
TR,AKCNS,2020,2431856111,1224803854.0,1207052257,1036792286,837726837,1967108077,1635163166.0,331944911,114838196,318373248,180076748,852847828,46612297.0
TR,AKCNS,2021,3503196955,1960606954.0,1542590001,1795274126,1796321732,2871403785,2450487165.0,420916620,303618933,264962767,772668477,903600636,104970428.0
TR,AKCNS,2022,18581535118,7240806946.0,11340728172,7335050467,6516940029,16683577346,15283625861.0,1399951485,1934964500,2234191729,1716105052,6342710056,91894593.0
TR,AKCNS,2023,28314521000,8393705000.0,19920816000,11237844000,7753078000,27034142000,21291440000.0,5742702000,3423526000,3926538000,2253238000,9423519000,528560000.0
TR,AKCNS,2024,37170420013,10265813355.0,26904606658,14212040364,8863218282,28291315330,23572443994.0,4718871336,2189183361,5902387992,2706105964,12408200092,1830548852.0
TR,AKCNS,2025,40098061863,12543341249.0,27554720614,15120575527,10176353017,27079273360,23603234287.0,3476039073,799111703,6642422911,2385525598,14313669678,1570383244.0
TR,AKENR,2013,3201382644,2373355062.0,828027582,398264030,381928345,771028564,621594161.0,149434403,-127081836,242897506,15195862,2392396882,
TR,AKENR,2014,3244110714,2736019327.0,508091387,304508812,613681536,1124671014,1135271969.0,-10600955,-321251586,82229586,21839480,2498864172,
TR,AKENR,2015,5330857302,3695742991.0,1635114311,932409518,369775228,1802888608,1643532534.0,159356074,-351005560,476767228,17531489,4049357799,
TR,AKENR,2016,5044551542,3944372868.0,1100178674,630295752,565888847,1420842034,1376630683.0,44211351,-548673970,433746318,5669202,3974599720,0.0
TR,AKENR,2017,5879213602,4010780466.0,1868433136,172776667,609525198,1855097831,1801560026.0,53537805,-507197153,45241003,1666918,5474149740,0.0
TR,AKENR,2018,5704568702,5244003709.0,460564993,325456992,1467969393,2216107988,2158568675.0,57539313,-1556396550,19319811,674399,5227937915,0.0
TR,AKENR,2019,6874073181,5912905672.0,961167509,243750006,468919599,1823208667,1645368926.0,177839741,-740673273,88187054,817302,6459869993,0.0
TR,AKENR,2020,6734536777,6863148870.0,-128612093,364797365,609820894,2187508497,1989220429.0,198288068,-1084796458,214333131,5761993,6186528709,0.0
TR,AKENR,2021,13111835774,11533631670.0,1578204104,1528245711,1594068911,3917844338,3317028107.0,600816231,-2530261924,681299003,11117823,11383275666,0.0
TR,AKENR,2022,37804276653,27865404610.0,9938872043,6200984047,5572785941,32710184429,30241437818.0,2468746611,2104990445,2057447580,74356195,30444255517,0.0
TR,AKENR,2023,46128535000,26231382000.0,19897153000,3648463000,11872978000,34177798000,32004614000.0,2173184000,7276486000,1689794000,186791000,40776158000,0.0
TR,AKENR,2024,45491854004,27630437344.0,17861416660,4133955404,5110235472,33357390348,32810049677.0,547340671,-4316486065,2376149964,225321982,39187981280,0.0
TR,AKENR,2025,43709701234,29544472442.0,14165228792,2244939380,15034808019,24990524995,25589899488.0,-599374492,-5906856104,721668734,99725003,39394902986,0.0
TR,AKFGY,2013,1518526032,585734499.0,932791533,43602611,105200282,41262185,5338972.0,35923213,121349899,30326239,0,98357,
TR,AKFGY,2014,1473591646,617371480.0,856220166,40846598,128128504,51011677,5729946.0,45281731,-4947367,24097271,0,80630,
TR,AKFGY,2015,1616985920,812879394.0,804106526,37842292,59221184,53533927,7468913.0,46065014,-53900669,16238637,0,134379,
TR,AKFGY,2016,1498018392,937223128.0,560795264,43113465,96930231,54180018,9503784.0,44676234,-272142116,7826862,0,144110,0.0
TR,AKFGY,2017,1757758114,1149938901.0,607819213,31820761,163223533,63539265,9588722.0,53950543,38654953,3125149,0,125389,0.0
TR,AKFGY,2018,2436937014,1692941170.0,743995844,183109299,258829504,98124335,13836974.0,84287361,102663405,993485,146957087,70959,0.0
TR,AKFGY,2019,2662935747,1703392025.0,959543722,71088090,189083484,481931135,321016259.0,160914876,171314242,25589571,2767634,50398,0.0
TR,AKFGY,2020,2903964639,2186009637.0,717955002,38211623,527514361,65088643,9082754.0,56005889,-240295731,9887439,1236291,396703,0.0
TR,AKFGY,2021,6863235275,2510083676.0,4353151599,194279562,196541836,191493644,13997292.0,177496352,2112140155,61790068,254932,4110611,0.0
TR,AKFGY,2022,20511689781,7478773555.0,13032916226,584080243,508292705,946350358,37723020.0,908627338,1364204093,192028931,609923,6191675,0.0
TR,AKFGY,2023,33756400158,10969178971.0,22787221187,7645988069,3059263374,1580810406,54411254.0,1526399152,1055642831,3140765388,0,1903866,0.0
TR,AKFGY,2024,40196687794,9614051141.0,30582636653,5579986858,1864527351,1592022705,62664545.0,1529358160,1898264452,2236250149,2683308503,1892475,0.0
TR,AKFGY,2025,49235686204,13011465551.0,36224220653,5344335335,2412456149,1811200554,105025513.0,1706175042,2885486901,1279609840,3312157466,1346694,0.0
TR,AKFIS,2021,55806449000,40053175000.0,15753274000,7323301000,7006483000,2434418000,2216729000.0,217689000,2277685000,1111753000,103132000,363891000,306054000.0
TR,AKFIS,2022,45625240000,29010928000.0,16614312000,6005194000,5389843000,2127722000,2178469000.0,-50747000,2136242000,746118000,141939000,429383000,0.0
TR,AKFIS,2023,49086567000,28580378000.0,20506189000,6963928000,6871061000,3385995000,3462128000.0,-76133000,2938583000,651954000,307641000,303952000,0.0
TR,AKFIS,2024,57387392038,30342836611.0,27044555427,9787651898,10086657099,9788274946,9053344625.0,734930321,203527100,791490205,475705917,233285471,0.0
TR,AKFIS,2025,63968351534,29089221960.0,34879129574,10642343419,7169426185,10709746323,9985390409.0,724355915,1855290444,1329494311,597583038,213921389,0.0
TR,AKFYE,2018,2955354000,2484761000.0,470593000,266890000,434422000,244798000,127512000.0,117286000,-315162000,182919000,1063000,1865694000,0.0
TR,AKFYE,2019,3963640000,3651992000.0,311648000,406116000,771423000,502228000,232518000.0,269710000,-251690000,288874000,1063000,2754578000,0.0
TR,AKFYE,2020,8430102000,5669511000.0,2760591000,664306000,837132000,1023255000,418757000.0,604498000,-304047000,524196000,891000,6868899000,0.0
TR,AKFYE,2021,14567983000,9071896000.0,5496087000,1057746000,1734409000,1291036000,606615000.0,684421000,404746000,797952000,831000,12787899000,0.0
TR,AKFYE,2022,33705907000,18444804000.0,15261103000,2361723000,3940110000,4937829000,2063337000.0,2874492000,-1575721000,1488240000,0,27648145000,0.0
TR,AKFYE,2023,49926058000,20425912000.0,29500146000,2461093000,4536941000,6299589000,3122898000.0,3176691000,6569784000,1647612000,1632000,42385870000,0.0
TR,AKFYE,2024,64946764345,17408109038.0,47538655307,3204038708,3790348643,6672075462,4062345520.0,2609729942,221986845,1516788159,2136163,55251793378,0.0
TR,AKFYE,2025,83150368825,21698141863.0,61452226962,3326238091,5154745858,6377833527,4413042111.0,1964791416,2147858642,2338419603,2350458,72577420038,0.0
TR,AKHAN,2022,4981164450,3011856077.0,1969308373,3690162652,2462080599,7237417736,5880757041.0,1356660695,107749577,160876007,1238862109,1142503670,0.0
TR,AKHAN,2023,6555062720,3010680387.0,3544382333,5014066647,2220321494,6865554595,6047579005.0,817975590,214608106,901361112,1975566113,1419115725,0.0
TR,AKHAN,2024,7124880433,3370398103.0,3754482330,4885293855,2490449952,5836580229,5004864378.0,831715851,37045893,66691929,1855346334,1812757410,0.0
TR,AKHAN,2025,10103895182,5895272691.0,4208622491,5543204819,3977061423,8030572101,7090010501.0,940561601,76181283,252714084,2884802030,4317970734,0.0
TR,AKMGY,2013,197524098,3706775.0,193817323,51199081,3570641,81415469,23578431.0,57837038,59841965,48904930,0,0,
TR,AKMGY,2014,217637601,6575585.0,211062016,52853704,6412510,92469833,27312450.0,65157383,65687893,49917145,0,168832,
TR,AKMGY,2015,234424252,9618278.0,224805974,44819057,8168076,105088206,30290195.0,74798011,73325045,40330904,0,123944,
TR,AKMGY,2016,233113523,7385849.0,225727674,22908328,5732544,114923118,33501586.0,81421532,77821662,16358023,0,1164528,76763840.0
TR,AKMGY,2017,240541899,7549193.0,232992706,28149342,5969029,116579602,37462885.0,79116717,77807440,20813005,0,927670,70801600.0
TR,AKMGY,2018,265538439,6433363.0,259105076,73794035,5081825,116629010,33908975.0,82720035,88649656,41333713,0,688448,62603520.0
TR,AKMGY,2019,258501624,9176966.0,249324658,65682589,7226140,117658596,36921617.0,80736979,81558129,51120730,0,452572,90551520.0
TR,AKMGY,2020,265747122,25612209.0,240134913,84613579,23365482,87417743,31085545.0,56332198,56870007,66499988,0,228413,48443200.0
TR,AKMGY,2021,2152790902,7797814.0,2144993088,88406802,4758807,120661663,25580653.0,95081010,649124655,51381324,0,53200,99494880.0
TR,AKMGY,2022,5442167902,32003426.0,5410164476,279566681,20071970,436753429,98899478.0,337853951,-159353321,176240537,0,339139,240640149.0
TR,AKMGY,2023,8250899239,50191456.0,8200707783,510662801,38946458,720281212,180151717.0,540129495,716908965,359486758,0,375618,327745002.0
TR,AKMGY,2024,11334704654,1751266022.0,9583438632,871390368,35533605,1025539109,245763498.0,779775611,686405470,667367097,0,410965,475543205.0
TR,AKMGY,2025,12956232829,2403602273.0,10552630556,996178171,230735082,1212224219,301579900.0,910644320,730284526,698118763,0,186800,722419256.0
TR,AKSA,2013,1811605000,764119000.0,1047486000,857189000,616554000,1756402000,1468423000.0,287979000,142550000,233208000,185194000,678511000,
TR,AKSA,2014,1998498000,885135000.0,1113363000,977087000,751838000,2106203000,1789556000.0,316647000,162856000,192492000,236368000,678535000,
TR,AKSA,2015,2254075000,1005479000.0,1248596000,1075543000,751107000,2030006000,1634362000.0,395644000,199466000,342810000,185074000,718574000,
TR,AKSA,2016,2632970000,1383265000.0,1249705000,1387576000,1097750000,1954385000,1517371000.0,437014000,125750000,458301000,217522000,756840000,161089000.0
TR,AKSA,2017,3354301000,1978182000.0,1376119000,1858921000,1514236000,2761713000,2203144000.0,558569000,294971000,559536000,419114000,1031738000,187381000.0
TR,AKSA,2018,4188627000,2741145000.0,1447482000,2448122000,2057250000,3537548000,2916366000.0,621182000,224296000,837838000,485190000,1328532000,207200000.0
TR,AKSA,2019,4187921000,2652701000.0,1535220000,2179759000,2071596000,3645900000,3025933000.0,619967000,277682000,635091000,672302000,1389903000,200782000.0
TR,AKSA,2020,4926012000,3059852000.0,1866160000,2653990000,1818201000,4109857000,3141662000.0,968195000,439953000,906204000,630967000,1576736000,238684000.0
TR,AKSA,2021,9443050000,6608771000.0,2834279000,6028316000,5908199000,8348157000,6504250000.0,1843907000,1167208000,2835689000,1559041000,2070534000,281663000.0
TR,AKSA,2022,25372757000,9353820000.0,16018937000,10614003000,7158954000,34464528000,28830258000.0,5634270000,4563874000,2599318000,4063214000,11701553000,1230842000.0
TR,AKSA,2023,36097130000,11936031000.0,24161099000,14110637000,9948059000,34553569000,28846492000.0,5707077000,2385110000,4890151000,4978501000,17902569000,1611170000.0
TR,AKSA,2024,46640664559,15387653742.0,31253010817,16498492433,12993396133,37122843270,31552351102.0,5570492168,1487754932,4139333770,5892398290,24779349801,2658639170.0
TR,AKSA,2025,75348309607,38333235440.0,37015074167,22780412229,26873447627,35701677632,30278686855.0,5422990777,4315448586,5455338185,8407773124,42065216941,2333712085.0
TR,AKSEN,2013,2876341343,1892248420.0,984092923,520100658,630266054,1785968095,1565917999.0,220050096,-133292870,22348803,249987417,2064285258,
TR,AKSEN,2014,3395331137,2431187032.0,964144105,468478619,915923581,1957437904,1710836632.0,246601272,39437144,34238000,204277378,2692041124,0.0
TR,AKSEN,2015,4042032594,3271291205.0,770741389,740182695,1369966784,2306686571,1973500796.0,333185775,-216311242,48452416,309496779,3134203936,0.0
TR,AKSEN,2016,4152553954,3765155248.0,387398706,1475662700,2092014088,3178201840,2901198152.0,277003688,-362856409,219364855,368046383,2453630577,0.0
TR,AKSEN,2017,5202170669,3541243581.0,1660927088,1473546069,2143817832,3599311868,3283982668.0,315329200,389574034,59577791,403860710,3635797549,0.0
TR,AKSEN,2018,6438141992,4620189856.0,1817952136,2430771991,2827515614,4669249102,3933709353.0,735539749,150478434,53026362,351414503,3774056402,0.0
TR,AKSEN,2019,8501122048,4682161083.0,3818960965,2683960904,2944410410,5578594781,4563137567.0,1015457214,455343289,121503123,284075323,5499257130,0.0
TR,AKSEN,2020,9502694305,4877350122.0,4625344183,3463783514,3297663524,7230546535,6032956098.0,1197590437,558004789,314171908,138322794,5655050521,0.0
TR,AKSEN,2021,20649538050,10065329836.0,10584208214,7129099970,6271870323,13887496594,11808767055.0,2078729539,1835086655,524701915,225353094,13037533258,0.0
TR,AKSEN,2022,55203703045,22789493424.0,32414209621,18806748271,13155653440,87101671476,76510664856.0,10591006620,6276629186,1544463434,320594141,35283432161,1300167488.0
TR,AKSEN,2023,80573109117,30566170558.0,50006938559,24675465416,19875543884,50781705280,40364107718.0,10417597562,8815616916,1147651114,1293611704,50556984799,2064103370.0
TR,AKSEN,2024,108344240005,50056029472.0,58288210533,19390862889,28422755448,41412788065,32658479267.0,8754308797,3859146727,1380137551,1803817259,80881461783,2421604634.0
TR,AKSEN,2025,142601555846,70931456591.0,71670099255,21997973742,28872320054,46640871309,35037432658.0,11603438650,4787341309,7174680374,2447413803,112438309994,0.0
TR,AKSGY,2013,1254791303,528401803.0,726389500,88678431,430054239,70957837,29235630.0,41722207,25039578,38996938,27394323,3672037,
TR,AKSGY,2014,1351959334,523284144.0,828675190,89789799,196098942,91584244,43603059.0,47981185,58634016,47141892,6314353,3181600,
TR,AKSGY,2015,1785492929,736534187.0,1048958742,86103830,277405433,89825706,29511213.0,60314493,291947325,42563378,723920,2493886,
TR,AKSGY,2016,2002995103,812066740.0,1190928363,198807017,247891475,78563118,26543769.0,52019349,169929189,19451752,97476420,2126857,30000000.0
TR,AKSGY,2017,4272504797,1772882482.0,2499622315,616818172,468721580,319649955,85194969.0,234454986,490551211,88837174,426085928,32045644,148694742.0
TR,AKSGY,2018,5611716967,1980911550.0,3630805417,682535082,971116458,396097827,92167020.0,303930807,1029882607,96124337,472928936,30422911,135000000.0
TR,AKSGY,2019,6298884591,2278434031.0,4020450560,799648318,953960198,437161617,107502696.0,329658921,549043489,246302394,454724733,29203459,107616007.0
TR,AKSGY,2020,6104877531,2497663553.0,3607213978,711816606,812171283,301444451,105719172.0,195725279,-458444388,139316960,466343115,27991675,0.0
TR,AKSGY,2021,7729416023,3591288786.0,4138127237,574831168,1245928174,415948894,98065709.0,317883185,237917449,264214120,160216606,29203320,0.0
TR,AKSGY,2022,23574159761,6670400321.0,16903759440,2262975931,3069209596,1701787022,431246482.0,1270540540,3895842441,938735677,838490948,180415756,0.0
TR,AKSGY,2023,34551643370,5339965852.0,29211677518,2336067492,2496523733,3720861035,1233416653.0,2487444382,4848900868,1135627608,604472600,252528492,0.0
TR,AKSGY,2024,48825768787,7017818847.0,41807949940,1781134197,2589130420,4314654175,1021697556.0,3292956619,5249546041,760177332,670305069,329467221,95507224.0
TR,AKSGY,2025,59602106184,10529750142.0,49072356042,4640843555,2161916477,4907422822,1205044523.0,3702378299,3554327097,2728547637,1502992613,378640441,381174128.0
TR,AKSUE,2013,41208132,7145259.0,34062873,4670125,619003,2282315,1226863.0,1055452,-2201469,4358226,0,3112619,
TR,AKSUE,2014,42095116,9234884.0,32860232,3776442,854360,1546446,1265579.0,280867,-1118380,3311870,0,6763268,
TR,AKSUE,2015,49708295,15546015.0,34162280,2971118,730135,3252561,2337014.0,915547,1382143,2084458,0,14551277,
TR,AKSUE,2016,57086025,23990131.0,33095894,903271,3850435,3355912,1722604.0,1633308,-1143964,4952,0,24366683,0.0
TR,AKSUE,2017,64130490,40157477.0,23973013,2156639,9327887,6344784,5007794.0,1336990,-9042959,333800,0,32483337,0.0
TR,AKSUE,2018,62541020,41600527.0,20940493,2628015,6955207,9471473,3924492.0,5546981,-7304436,462928,291164,31078573,0.0
TR,AKSUE,2019,74264003,51371707.0,22892296,8270431,11885172,11585661,4005044.0,7580617,1934473,1255594,295651,37700117,0.0
TR,AKSUE,2020,72919626,58161152.0,14758474,3241303,16836004,14525813,4997392.0,9528421,-8140158,149939,293326,41796487,0.0
TR,AKSUE,2021,84066037,70824739.0,13241298,13632476,28101321,17301455,5471255.0,11830200,-18838587,9433142,295823,42959903,0.0
TR,AKSUE,2022,636097822,304687031.0,331410791,17447333,72874274,64334631,31325159.0,33009472,-385953,4333008,1267604,210850788,0.0
TR,AKSUE,2023,824742164,254673868.0,570068296,13338376,56193089,73627857,48822436.0,24805421,92078134,11390,1827352,231946513,0.0
TR,AKSUE,2024,1094071682,295823693.0,798247989,53417484,47197640,81661984,65045384.0,16616601,-10967805,36586199,2367639,294408205,0.0
TR,AKSUE,2025,1145133674,308294132.0,836839542,34515189,23719251,80420327,72489730.0,7930597,-41234970,16687751,2690195,302166093,0.0
TR,AKYHO,2013,93296652,38793934.0,54502718,69697714,38611218,210018763,188593542.0,21425221,9814928,3244611,745759,22283409,
TR,AKYHO,2014,130253513,68175755.0,62077758,103842100,67609400,309108899,289298899.0,19810000,12414758,8833159,2458160,20036868,
TR,AKYHO,2015,130788759,67039706.0,63749053,110378933,59444073,352914688,339251975.0,13662713,7322229,2698044,10192750,16198280,
TR,AKYHO,2016,138212782,71125395.0,67087387,103723524,69395500,467492000,447900225.0,19591775,9106062,3315449,4053752,25894189,5248885.0
TR,AKYHO,2017,169639426,68307146.0,101332280,120760984,63536800,300950071,290719455.0,10230616,6665596,17778536,8638524,30202548,5843200.0
TR,AKYHO,2018,136527907,34480941.0,102046966,86750453,33401860,148784415,140959722.0,7824693,3028646,2800401,9803871,28532109,282114.0
TR,AKYHO,2019,107392417,27613744.0,79778673,55925375,26060739,50083699,52115104.0,-2031405,-22018454,165411,10170028,27640915,197980.0
TR,AKYHO,2020,71539337,10785253.0,60754084,43466023,10768567,7975306,12176700.0,-4201394,-15138428,40194,9944366,13542409,0.0
TR,AKYHO,2021,203617700,36807541.0,166810159,138016995,20434481,6079718,11363867.0,-5284149,4999933,53779118,12395569,36679584,0.0
TR,AKYHO,2022,754333518,109797410.0,644536108,94771424,66334833,91391672,70077881.0,21313791,-180387544,11204343,43808685,288152621,0.0
TR,AKYHO,2023,873788616,231875928.0,641912688,119251491,155217403,147480734,142540873.0,4939861,-73548813,11732079,38213126,380863377,0.0
TR,AKYHO,2024,879152900,112032401.0,767120499,271721173,96276711,152663363,139694731.0,12968633,-118795671,49995240,27848551,348064405,0.0
TR,AKYHO,2025,881005499,124725437.0,756280062,179374077,59208230,141636791,124891853.0,16744938,-60963892,26145847,40453020,431456599,11982987.0
TR,ALARK,2013,2605976045,1306499856.0,1299476189,1280639622,828418668,1261229039,1082722449.0,178506590,208792432,379367056,195750324,692151045,
TR,ALARK,2014,2275851434,964978802.0,1310872632,1035452823,413417016,964050568,944905562.0,19145006,45530541,357981587,143831826,534170750,17234911.0
TR,ALARK,2015,2174794952,939991807.0,1234803145,942851646,302099770,505446501,482711145.0,22735356,-94388213,272961815,124531830,493235344,16196920.0
TR,ALARK,2016,2428795842,914495857.0,1514299985,1172028484,476506344,590905263,555273426.0,35631837,148960760,430282157,135094068,517773678,61172038.0
TR,ALARK,2017,2694248327,949765588.0,1744482739,1216013848,640499254,675351497,561435787.0,113915710,296293484,348032790,156324119,470677493,74246375.0
TR,ALARK,2018,3012248675,1392626551.0,1619622124,1567248971,871604315,1137249772,959763573.0,177486199,-87608675,438116759,228396925,409869990,67620991.0
TR,ALARK,2019,3196615293,1191599735.0,2005015558,1490725023,667382848,1385761969,1012492531.0,373269438,455710264,346458320,106625254,351631868,87718417.0
TR,ALARK,2020,4093383761,1207577088.0,2885806673,1665424739,749760605,1032136230,642017673.0,390118557,905982938,375385673,113311333,364977429,53599038.0
TR,ALARK,2021,7131820762,2573279881.0,4558540881,2433953798,2126349263,2016553895,1986322723.0,30231172,1583676492,840258586,278722504,891917807,82930195.0
TR,ALARK,2022,51831923975,14143549916.0,37688374059,14786673218,12322880517,12271876777,10611929198.0,1659947579,16896369738,8385259840,1573259909,4052767733,305568921.0
TR,ALARK,2023,85701645000,22251009000.0,63450636000,22674861000,19008088000,11977992000,10984459000.0,993533000,9972338000,4726769000,1594028000,9501949000,1386525000.0
TR,ALARK,2024,122956397571,38265683826.0,84690713745,25445221329,24913214694,9945559095,9521005900.0,424553195,2738953394,11435374272,1850609410,19433611542,648426199.0
TR,ALARK,2025,138225330068,49747713115.0,88477616953,24026417963,29201610385,9539481237,9346989070.0,192492166,-1726548949,8416739197,3461774566,32647725135,1432073756.0
TR,ALBTN,2023,3902903538,1563768111.0,2339135427,1210481640,1176699709,4239453554,3348836646.0,890616908,777323574,183096107,252907881,1817682455,0.0
TR,ALBTN,2024,3608892601,1403452915.0,2205439686,1303742806,1070050270,3459980391,2879144852.0,580835539,326847069,151649280,472762018,1815433284,0.0
TR,ALBTN,2025,3870355865,1598198481.0,2272157384,1791347674,1234944963,2159687323,1923096625.0,236590698,16504195,164377032,901377656,1520080854,0.0
TR,ALCAR,2013,375163555,64625191.0,310538364,331776170,51953305,370334866,278988479.0,91346387,34460542,108233316,61959278,35957727,
TR,ALCAR,2014,395189336,65272766.0,329916570,350757329,51634573,407650117,304651369.0,102998748,29522208,106435824,75688117,34761606,
TR,ALCAR,2015,431948610,81364678.0,350583932,386980024,65847013,438631298,330484009.0,108147289,36825398,119137004,85451738,33812498,
TR,ALCAR,2016,444401539,101092840.0,343308699,401694963,84192333,487014520,366973974.0,120040546,38081053,106974302,98218077,31496012,0.0
TR,ALCAR,2017,469762053,109831578.0,359930475,426615120,90307742,581125221,428965004.0,152160217,51051666,77615756,111105886,28694312,0.0
TR,ALCAR,2018,557852351,175969739.0,381882612,507031289,151317847,636317643,471180024.0,165137619,49330486,101862210,174278753,27760480,0.0
TR,ALCAR,2019,578173668,182233168.0,395940500,518179824,154749214,584526542,451238618.0,133287924,16394930,122107009,186801350,26995800,0.0
TR,ALCAR,2020,724477671,271097900.0,453379771,662449724,222864763,790625348,594540581.0,196084767,61871469,164362115,181735254,27860098,0.0
TR,ALCAR,2021,1178521513,680774893.0,497746620,1091209414,602026013,1264868843,995759999.0,269108844,71950613,208157156,288384631,30395424,0.0
TR,ALCAR,2022,3958763142,1951595848.0,2007167294,3540125071,1711242574,4160312244,3458170145.0,702142099,482853004,911309540,932796933,238157054,0.0
TR,ALCAR,2023,5575507153,3422664468.0,2152842685,4301696122,3054891429,7890246110,6678602255.0,1211643855,-593997807,538479198,1637620192,793096129,0.0
TR,ALCAR,2024,7094666263,3730886769.0,3363779494,5656604997,2482973148,8543684308,7515305972.0,1028378337,540489370,502376012,1653285497,1161355347,0.0
TR,ALCAR,2025,6552180458,4466497925.0,2085682533,4999334520,3052782481,8257280730,6878231730.0,1379049000,-755147352,992504384,1277671661,1194152049,867487514.0
TR,ALCTL,2013,254412501,199693993.0,54718508,222825129,154590483,355926768,328428911.0,27497857,-18789699,42560675,41051425,12021712,
TR,ALCTL,2014,322509671,270712527.0,51797144,297023670,224877569,373784387,339858976.0,33925411,-587447,126554708,29245864,10020751,
TR,ALCTL,2015,329263329,245982908.0,83280421,272185754,214357942,330345595,291727917.0,38617678,25238775,55700417,24972002,8456073,
TR,ALCTL,2016,379582144,243720224.0,135861920,328902569,213837654,440561274,354538271.0,86023003,35314554,43462299,30997760,8856572,0.0
TR,ALCTL,2017,475426809,283679120.0,191747689,398746706,182506905,494923786,423750936.0,71172850,23209311,65870569,52527602,7022876,0.0
TR,ALCTL,2018,651646952,352156069.0,299490883,551309088,194634862,552527375,410631878.0,141895497,37508210,103544999,80282857,3603520,0.0
TR,ALCTL,2019,812107073,513457651.0,298649422,713523508,342617765,728596315,653663609.0,74932706,-28956989,237025628,123664748,5185953,0.0
TR,ALCTL,2020,1212650683,784039149.0,428611534,1089104901,599022955,1142757320,987601251.0,155156069,20468005,286469137,250233111,5515826,0.0
TR,ALCTL,2021,1405400290,612493933.0,792906357,1274661544,355350682,1309047909,1262826008.0,46221901,51779401,320452234,308413652,7857258,0.0
TR,ALCTL,2022,2299102079,992437955.0,1306664124,2150367730,832169193,2281118603,1723945679.0,557172924,235946985,608894157,386366331,7989011,0.0
TR,ALCTL,2023,3056767453,1100076761.0,1956690692,2986149517,889662006,2556691865,2343926019.0,212765846,-143425919,1268996244,730225241,11616993,0.0
TR,ALCTL,2024,5643299458,2417638864.0,3225660594,5371512774,1977466139,5944105388,5207505282.0,736600106,335606453,1519264187,1213075186,15473230,0.0
TR,ALCTL,2025,6174081759,2535119582.0,3638962177,6021572387,2162185859,5934796155,4974969800.0,959826355,-73568846,1892199101,1492572768,14527156,0.0
TR,ALFAS,2019,78823120,59749917.0,19073203,71725941,51211211,138266723,122763100.0,15503623,9889718,12808790,7207748,5439900,0.0
TR,ALFAS,2020,181543685,123629325.0,57914360,168667252,116403231,233434591,188582493.0,44852098,38823580,32967488,32927340,9189781,0.0
TR,ALFAS,2021,440607278,331781506.0,108825772,402667710,327295022,438553686,361688173.0,76865513,48402562,123143653,133115687,37870365,0.0
TR,ALFAS,2022,3420240235,1754560307.0,1665679928,2797217384,1749913391,4179599529,3311726470.0,867873059,816015003,1352655870,794060723,459753571,81201542.0
TR,ALFAS,2023,7327097474,3379549464.0,3947548010,5408006605,3142435618,11164841259,8841015566.0,2323825693,1500276413,1486534711,1960132021,1918732976,437729185.0
TR,ALFAS,2024,9479828398,4505980053.0,4973848345,5013711300,3697459009,10076474009,9020925329.0,1055548680,258576030,1170596679,1648248789,3456796963,564733857.0
TR,ALFAS,2025,13090618437,7267301104.0,5823317333,5844566677,4872742450,9063502558,8089519209.0,973983349,-15607300,1073031517,2483022609,5781920595,86250227.0
TR,ALGYO,2013,388760710,2203561.0,386557149,201823015,1671142,32208298,2062567.0,30145731,84385039,39137063,19798264,54861,
TR,ALGYO,2014,463942210,3616290.0,460325920,224548291,2994025,14919333,0.0,14919333,78151728,36307042,19798264,68309,
TR,ALGYO,2015,650429307,4168883.0,646260424,284873223,3416499,21002300,2470000.0,18532300,131791243,48761157,17328264,60582,5005873.0
TR,ALGYO,2016,718210559,4682508.0,713528051,354401310,3732052,23791105,2780820.0,21010285,135712239,68682082,14547444,53690,6710000.0
TR,ALGYO,2017,926964533,7436636.0,919527897,405320291,5627487,40918147,12987158.0,27930989,152357089,74465493,3271735,34723,10650794.0
TR,ALGYO,2018,1152290283,8882026.0,1143408257,545419019,7356291,29206918,2821362.0,26385556,269599472,79114990,3271735,29723,15337144.0
TR,ALGYO,2019,1531391235,18274791.0,1513116444,633254010,10879637,36215057,1713356.0,34501701,389574941,121601288,3271735,25839,25851152.0
TR,ALGYO,2020,1827244961,17150292.0,1810094669,669658557,11214125,26828787,1910720.0,24918067,330185303,9710342,3271735,32438,38769538.0
TR,ALGYO,2021,3095184874,35152196.0,3060032678,667136878,30034305,122022298,1543441.0,120478857,1261477309,124106632,3271735,26846,48000380.0
TR,ALGYO,2022,9960062822,277627574.0,9682435248,821034125,83099106,246599486,8553192.0,238046294,1243493208,348028531,53426899,528262,208667293.0
TR,ALGYO,2023,16591054130,1055706780.0,15535347350,2586690281,346875722,410995366,11600810.0,399394556,1861594885,222839327,77137100,587460,221046629.0
TR,ALGYO,2024,23386123129,5946443783.0,17439679346,2394777489,707196945,407951454,30117471.0,377833982,583715539,428614397,0,622627,10596983.0
TR,ALGYO,2025,26343593901,9229683410.0,17113910491,775845269,2331591079,515479235,127353082.0,388126153,-2236394626,99465133,0,652261,0.0
TR,ALKA,2013,153500534,50779697.0,102720837,99294880,41475147,116486824,106079491.0,10407333,4197652,21044382,19487064,53111857,
TR,ALKA,2014,115421108,26835660.0,88585448,70255802,21035820,126098205,110216828.0,15881377,-6912976,9916787,28053345,43382148,
TR,ALKA,2015,147294544,49174401.0,98120143,110024150,39752772,150437558,129929865.0,20507693,10120725,48446014,25536341,36005523,
TR,ALKA,2016,169253820,45899183.0,123354637,136183507,38093159,176747377,143050209.0,33697168,26454866,67768102,24419274,30810564,0.0
TR,ALKA,2017,176387561,48196891.0,128190670,145452452,42751008,235732825,195884054.0,39848771,27282393,65441709,40201877,29015437,22612646.0
TR,ALKA,2018,220221418,69188180.0,151033238,188969803,62287971,352927369,286605106.0,66322263,47335408,64303404,65055037,30074050,23772533.0
TR,ALKA,2019,240074156,77743841.0,162330315,211613970,69543524,388273224,319118120.0,69155104,44465221,102822901,36697463,25040432,32419357.0
TR,ALKA,2020,292231448,82969987.0,209261461,264889939,72917020,398720743,298793870.0,99926873,83746432,110380236,59044139,23344212,11116305.0
TR,ALKA,2021,569387501,223746648.0,345640853,543559981,209174277,700986904,545258168.0,155728736,184344482,261805187,108212049,22715134,71965025.0
TR,ALKA,2022,1744939275,423986984.0,1320952291,1391453896,358607845,3544912195,2535681570.0,1009230625,481530021,273688418,490661945,294670334,192989973.0
TR,ALKA,2023,2448393740,627011073.0,1821382667,1692669860,588783971,3450208376,2662421246.0,787787130,130736990,643304363,397203138,533119392,205908443.0
TR,ALKA,2024,3182183138,987265081.0,2194918057,1538834493,815973027,3568839700,3092573595.0,476266105,-184175011,530678926,406841678,1415456717,0.0
TR,ALKA,2025,3591298330,1302882257.0,2288416073,1113133736,1051153963,3175494365,2749525232.0,425969133,-118514505,18545635,447840473,2327467265,0.0
TR,ALKIM,2013,273819471,84743004.0,189076467,139878835,61705376,226926258,172089911.0,54836347,17411912,31527379,30469106,131181149,
TR,ALKIM,2014,247270551,51363833.0,195906718,124211504,43131720,246182611,178593881.0,67588730,19141938,26410411,42438747,118908026,
TR,ALKIM,2015,280789281,68002380.0,212786901,161974686,53393791,262136444,195531590.0,66604854,32593876,52904127,53191029,109647626,15390819.0
TR,ALKIM,2016,349489823,103974955.0,245514868,206929433,78559101,300365449,213578074.0,86787375,52248480,82257486,57594777,130991680,17975111.0
TR,ALKIM,2017,390015470,102688977.0,287326493,217811530,74890622,395256839,302810375.0,92446464,69098554,67366235,79112405,158778638,25690871.0
TR,ALKIM,2018,478152897,129634556.0,348518341,310983354,103394634,589163482,424658910.0,164504572,96437725,90355669,121421066,154667053,33971554.0
TR,ALKIM,2019,552759862,130606631.0,422153231,381632198,111710091,691440119,490393166.0,201046953,140411112,149830480,109086941,151233688,63785456.0
TR,ALKIM,2020,754515740,213052491.0,541463249,510730102,144239275,754148916,498148535.0,256000381,216005424,193269264,160099201,154079997,23352546.0
TR,ALKIM,2021,1150223512,413129103.0,737094409,845558580,331733041,1096488544,792303168.0,304185376,285172297,335931691,258041136,261800161,136093419.0
TR,ALKIM,2022,3674064599,955299195.0,2718765404,2303956948,662361098,5365803733,4000043682.0,1365760051,295124268,389608507,996193121,1297970857,59480008.0
TR,ALKIM,2023,5118859900,1153359836.0,3965500064,2852836174,1079391134,5813154309,4663004571.0,1150149738,417513512,774057002,1155459340,1854393675,341119945.0
TR,ALKIM,2024,6370749786,1401485978.0,4969263808,2981392430,1182326073,6136653622,5266822686.0,869830935,-215459828,635521229,1377014761,3038621828,0.0
TR,ALKIM,2025,6912815906,1931014122.0,4981801784,2771599257,1593271447,5611275592,4935111406.0,676164186,-472989480,298158283,1328805289,3973319066,0.0
TR,ALKLC,2021,1115354009,843890236.0,271463773,851650585,769799849,1289215746,908414368.0,380801378,116480109,9514825,384723254,258280306,0.0
TR,ALKLC,2022,1482913640,951104595.0,531809045,836912266,806995408,1549975027,1127342971.0,422632056,4278369,946845,274104748,587503422,0.0
TR,ALKLC,2023,2826632967,1870653969.0,955978998,1576911100,1646694348,2681012519,1944080539.0,736931980,79906884,44924603,832147541,932959797,0.0
TR,ALKLC,2024,5211494817,2761310149.0,2450184668,2872881442,2383819232,4235960745,2911573374.0,1324387371,30218197,79314453,1431651192,2025605651,13048346.0
TR,ALKLC,2025,6989391603,4073489943.0,2915901660,3891909720,3550522811,5474108888,3750219709.0,1723889179,-133970294,134193538,1995253951,2523903135,4018610.0
TR,ALTNY,2021,1539835120,625557105.0,914278015,805978574,484814958,262651645,96007673.0,166643972,27723103,556412118,40905821,24862210,0.0
TR,ALTNY,2022,1556937882,547007652.0,1009930230,476102073,355102655,588722121,287906010.0,300816111,33138402,40793441,65581011,147908709,0.0
TR,ALTNY,2023,3639570001,1401243200.0,2238326801,1254459462,1007592464,1710613755,1038382727.0,672231028,582102982,129956647,364954073,592959173,0.0
TR,ALTNY,2024,8344062410,3392113724.0,4951948686,4484871186,2626608722,2312610216,1129921573.0,1182688643,640082618,831533059,1521470644,1140938895,0.0
TR,ALTNY,2025,10631907596,5023731811.0,5608175785,5316371694,4060796834,3455096584,2361953178.0,1093143406,155095224,343160317,2525972650,1460679896,0.0
TR,ALVES,2020,138869682,117785526.0,21084156,95679312,94291662,165931551,152768921.0,13162630,1257749,1849859,26176866,35328275,0.0
TR,ALVES,2021,342173666,351898436.0,-9724770,294030326,337006488,423345374,380642141.0,42703233,15464407,3922192,134926203,36595857,6208134.0
TR,ALVES,2022,1385952262,984927278.0,401024984,943158531,878642135,1550439998,1355831149.0,194608849,47600027,26413124,447255995,416413912,0.0
TR,ALVES,2023,2569249258,1609298463.0,959950795,1588653410,1429001596,4625807762,3762452673.0,863355089,420936386,44209174,531176709,943191232,0.0
TR,ALVES,2024,5151243033,2536423608.0,2614819425,3065578513,2409295653,7062074703,5670413387.0,1391661316,136122679,137825169,889475787,2007862297,0.0
TR,ALVES,2025,8862569683,5873390445.0,2989179238,6643992086,5744224274,10635774808,8223274042.0,2412500766,113226786,259605086,3224755906,2133010375,0.0
TR,ANELE,2013,687655022,443058577.0,244596445,522868147,332296146,449739131,406513137.0,43225994,671077,43788838,26665326,24251028,
TR,ANELE,2014,890436683,592419134.0,298017549,670597346,485604733,623949446,569021579.0,54927867,7816430,26013925,66150753,24556755,0.0
TR,ANELE,2015,821894303,521240216.0,300654087,681268306,490115863,544815270,531872135.0,12943135,12742029,49065154,119555286,25182848,
TR,ANELE,2016,1010225929,687970238.0,322255691,880872521,650356184,662155887,602668384.0,59487503,71348663,31689004,226923519,36825306,1488216.0
TR,ANELE,2017,1078118438,663787008.0,414331430,820845218,541935563,1015757257,909515700.0,106241557,69767808,61959852,235584562,50441982,11967800.0
TR,ANELE,2018,1292421841,775789702.0,516632139,950668162,627001367,1376310720,1350800589.0,25510131,34693729,52401730,156044358,61691700,14007285.0
TR,ANELE,2019,1439141493,931611796.0,507529697,1056120784,768425086,1027910364,977907944.0,50002420,3192320,105056111,130589451,61010550,0.0
TR,ANELE,2020,1617986298,1175535286.0,442451012,1275969640,1034189723,739213003,804022032.0,-64809029,-142915857,54408574,115783530,20280246,885834.0
TR,ANELE,2021,3255201825,2610235833.0,644965992,1820920922,2064151191,981163411,1041440674.0,-60277263,-122659068,105381046,281910729,22627175,0.0
TR,ANELE,2022,9040949123,7021730292.0,2019218831,4673490956,5894591346,4294733058,4591136836.0,-296403778,238218495,206994356,932538562,38574774,0.0
TR,ANELE,2023,13041674279,9940573703.0,3101100576,7051501193,7372952481,3045809858,2722243862.0,323565996,336221183,49990572,780888471,51949981,0.0
TR,ANELE,2024,13162706816,9924911917.0,3237794899,8693199655,8519526040,5651488576,4796508854.0,854979723,-202581312,52167532,444959409,66381550,0.0
TR,ANELE,2025,13642528390,10896842675.0,2745685715,9551445318,10102480911,8797322718,8423446743.0,373875974,-527565596,87186715,19200463,66635512,0.0
TR,ANGEN,2019,34186825,16864694.0,17322131,18838996,9819197,20845670,5640658.0,15205012,6439818,2363811,4542288,6048004,0.0
TR,ANGEN,2020,395755546,59741982.0,336013564,316243666,54871506,421560902,48233435.0,373327467,315781794,135483739,45595454,63709496,1529412.0
TR,ANGEN,2021,859774186,33981894.0,825792292,708028895,28002983,410109510,51426497.0,358683013,443374208,462412511,64909737,128727584,210000000.0
TR,ANGEN,2022,1669483904,161804569.0,1507679335,1093130301,26084325,468380164,66770445.0,401609719,-10055663,487793245,294568862,429334766,584571455.0
TR,ANGEN,2023,1953639918,201962886.0,1751677032,1053568353,67113547,343918384,69404734.0,274513650,-197323031,435637009,326434043,642351096,266132802.0
TR,ANGEN,2024,2338693490,308075037.0,2030618453,992386940,114586239,693509060,255584449.0,437924611,-286492085,268360624,472501615,807003241,0.0
TR,ANGEN,2025,2782576415,736170667.0,2046405748,853073768,302074068,870975358,317508601.0,553466756,-368261180,120976603,401028349,1118681006,0.0
TR,ARASE,2018,1367064908,925433691.0,441631217,464166013,660534611,1712768252,1312316740.0,400451512,214397450,29217807,42597558,836232,0.0
TR,ARASE,2019,1805295309,1031820669.0,773474640,777252908,846217906,2024702121,1564036450.0,460665671,427843423,146978426,59851645,4772270,0.0
TR,ARASE,2020,2223768530,1110436873.0,1113331657,1157312889,979380420,2764030479,2216955636.0,547074843,461746365,337335494,43347682,8301359,31889348.0
TR,ARASE,2021,2925879633,1527262671.0,1398616962,1579073463,1211838066,6125372660,5055886691.0,1069485969,447879751,167027176,34980597,7641353,162594446.0
TR,ARASE,2022,11177229237,6522560166.0,4654669071,5246679233,4091451152,29194941451,25396821137.0,3798120314,250884330,716408931,157897900,34982362,444889721.0
TR,ARASE,2023,23796417451,9726649417.0,14069768034,8530826248,4449828166,33907514924,24811891979.0,9095622945,7550608932,1140421939,234912701,62992181,201194915.0
TR,ARASE,2024,29976687284,11676903887.0,18299783397,10196393253,6524543234,52222318130,40162631151.0,12059686979,207591835,1144755416,281240252,77979516,327158156.0
TR,ARASE,2025,31171200242,9215861872.0,21955338370,11686796426,6723330288,36004778596,23079600319.0,12925178277,2464878185,716761902,288368394,70631910,665278027.0
TR,ARCLK,2013,11410916000,7272160000.0,4138756000,7659118000,4091143000,11097711000,7709326000.0,3388385000,622695000,1266575000,1988373000,1836789000,403555000.0
TR,ARCLK,2014,12395005000,7996307000.0,4398698000,8471757000,4430803000,12514033000,8535201000.0,3978832000,637978000,1621221000,2124946000,1812746000,
TR,ARCLK,2015,13738508000,9062671000.0,4675837000,9406252000,5236297000,14166100000,9630207000.0,4535893000,892993000,2167627000,2140057000,2055675000,
TR,ARCLK,2016,16909368000,10904791000.0,6004577000,10973872000,6606088000,16096172000,10756612000.0,5339560000,1304150000,2441871000,2761570000,2762299000,262000000.0
TR,ARCLK,2017,20436495000,13521418000.0,6915077000,13501158000,8403020000,20840613000,14334414000.0,6506199000,845303000,2581964000,3779928000,3264771000,425102000.0
TR,ARCLK,2018,28368361000,20149199000.0,8219162000,19195558000,12496956000,26904384000,18358622000.0,8545762000,855841000,5341524000,5087676000,4534276000,435168000.0
TR,ARCLK,2019,34729500000,24913531000.0,9815969000,23182646000,14714925000,31941773000,21726871000.0,10214902000,953026000,6937060000,5630251000,6041402000,0.0
TR,ARCLK,2020,46549044000,32525198000.0,14023846000,33060849000,23826916000,40872483000,27066110000.0,13806373000,2878989000,12002246000,7095622000,7296568000,27086000.0
TR,ARCLK,2021,85078606000,64023391000.0,21055215000,59594808000,40501624000,68184437000,47706092000.0,20478345000,3251009000,16014589000,16828699000,13125336000,1513222000.0
TR,ARCLK,2022,232422279000,174382869000.0,58039410000,153998056000,130880266000,257172030000,188501512000.0,68670518000,7008172000,40417510000,50870483000,44323471000,3656896000.0
TR,ARCLK,2023,372696385000,286699556000.0,85996829000,247352536000,198955558000,371203268000,262373433000.0,108829835000,20556667000,70444978000,68505830000,64379591000,4661547000.0
TR,ARCLK,2024,520592920438,422340435492.0,98252484946,300353613683,289582849137,560936749045,406350243784.0,154586505261,-2889170666,66514016733,93880463884,118870932539,1476525679.0
TR,ARCLK,2025,640054516618,550669768906.0,89384747712,389482290338,401150908947,616975868761,439404022914.0,177571845847,-11539521174,115202116109,105959333783,132068661935,1201073994.0
TR,ARDYZ,2016,18262773,9672001.0,8590772,10305759,9142861,10522670,2424869.0,8097801,1374561,1043958,2269999,1722007,0.0
TR,ARDYZ,2017,40281525,21780928.0,18500597,22566920,17928340,30777376,18585204.0,12192172,9906440,768526,9646664,1782049,0.0
TR,ARDYZ,2018,66840171,20726459.0,46113712,30372576,16779479,51378678,21245272.0,30133406,22397926,145305,683682,3158456,0.0
TR,ARDYZ,2019,86390199,13841188.0,72549011,42986692,11135827,56757771,23134792.0,33622979,26407760,1744656,280810,2450147,0.0
TR,ARDYZ,2020,194182794,20661817.0,173520977,94258629,15271295,125197824,37241556.0,87956268,65669260,27282062,3572036,6192120,1550000.0
TR,ARDYZ,2021,361277523,36537645.0,324739878,187135205,33818919,278196511,62568359.0,215628152,151264711,64022150,4398437,5259797,0.0
TR,ARDYZ,2022,1808614876,514813960.0,1293800916,930374802,415392400,989046072,390030443.0,599015629,279286641,40610060,20171809,16952746,0.0
TR,ARDYZ,2023,3366603404,830865903.0,2535737501,1473524984,578657581,1646787768,341262887.0,1305524881,639586323,21417638,13980894,18686068,0.0
TR,ARDYZ,2024,5313490972,1506001966.0,3807489006,1385743242,1178502109,2725254754,1029605304.0,1695649449,501861058,63948318,17748347,19368589,0.0
TR,ARDYZ,2025,9369920943,3754530444.0,5615390499,3604453378,3466897986,4648762950,2350607840.0,2298155110,563063670,201300148,122748804,38676616,0.0
TR,ARENA,2013,385944834,256017878.0,129926956,372617998,252667445,1007367019,937512405.0,69854614,15273058,61639938,105170293,6469411,
TR,ARENA,2014,497944121,340462053.0,157482068,486378047,337620285,1233234306,1146229957.0,87004349,19801490,46989272,160653390,5949862,
TR,ARENA,2015,541781649,339683014.0,202098635,530535872,335810105,1414725230,1323630531.0,91094699,12668775,34901198,162040131,5301335,
TR,ARENA,2016,713439673,458185546.0,255254127,704682514,451985930,1535530386,1442220345.0,93310041,14204403,20416218,193460161,4494951,3093607.0
TR,ARENA,2017,852372138,581268062.0,271104076,835098318,577986984,1823737233,1729898762.0,93838471,1867467,73955510,216236119,2777328,3551101.0
TR,ARENA,2018,909015286,540727047.0,368288239,880216453,536924616,2210754772,2093553445.0,117201327,169935,49951700,210866442,3239954,0.0
TR,ARENA,2019,1192234994,747583679.0,444651315,1154573175,728150466,3074347527,2908607576.0,165739951,30195301,136729168,264347004,3084534,0.0
TR,ARENA,2020,1666465749,1082715945.0,583749804,1616990705,1059208022,5102474678,4856809089.0,245665589,64640650,226583622,400818914,4205032,12078120.0
TR,ARENA,2021,3968049283,3153575881.0,814473402,3713690372,2950329098,6070637396,5770742400.0,299894996,67149241,494692487,901841846,10683875,16164193.0
TR,ARENA,2022,7055432766,6071286257.0,984146509,6763053292,5891014604,17259428754,16286556663.0,972872091,109508802,1195143267,1459671369,12302683,25734967.0
TR,ARENA,2023,11568325592,10061949034.0,1506376558,10943379057,9893396962,27620789166,26113163553.0,1507625613,228902979,1079671960,3299889179,22696311,10372881.0
TR,ARENA,2024,16193053112,14578673981.0,1614379131,14773980430,14489671321,47797702165,45013721524.0,2783980641,-418854429,1299962295,2858457780,25770225,0.0
TR,ARENA,2025,13058959045,10832668934.0,2226290111,11864287818,10716267092,33626096964,32031418350.0,1594678614,-1223628199,510540528,1905358655,34157643,0.0
TR,ARFYE,2022,717540389,272921403.0,444618986,256685836,78622485,91490241,72137318.0,19352923,5006773,33964000,6185278,401014262,0.0
TR,ARFYE,2023,1503567721,515429142.0,988138579,585087816,131401553,272826274,138272718.0,134553556,101193704,19661273,22887700,863942313,0.0
TR,ARFYE,2024,2371411464,790774858.0,1580636606,912358949,264390414,188022072,125354099.0,62667973,10429808,1915599,21632092,1340271349,0.0
TR,ARFYE,2025,2301768878,830184077.0,1471584801,848343645,446531899,278047972,201351463.0,76696510,-133659718,596565813,28983493,1331012857,0.0
TR,ARMGD,2021,4587840932,3296276614.0,1291564318,3350017935,3123173645,6263841590,5567230934.0,696610656,465252767,208600199,2009081942,1175195961,0.0
TR,ARMGD,2022,5451010297,4040035543.0,1410974754,3582097510,3347619214,7790529073,7000682219.0,789846854,18937718,662931910,1699954918,1780743386,0.0
TR,ARMGD,2023,6239786658,4479489211.0,1760297447,3839469006,3491400184,8733460500,7538267994.0,1195192506,280983284,601010077,2133567912,2367333060,0.0
TR,ARMGD,2024,13217688947,7714717308.0,5502971639,9352236916,6005464862,9996607570,8178915044.0,1817692526,1058829177,694573326,4038453815,3846281990,0.0
TR,ARMGD,2025,16228852002,9617827734.0,6611024268,10949349147,7533206588,13375442688,10988778362.0,2386664326,758970881,286550788,6560121141,5202644992,0.0
TR,ARSAN,2013,197282735,82401211.0,114881524,59670794,61748780,111286048,110214846.0,1071202,8097566,4671465,27238633,55840524,
TR,ARSAN,2014,272608559,112645267.0,159963292,93694467,83134230,106596307,94010891.0,12585416,45860680,15249194,46020852,60539368,
TR,ARSAN,2015,293104594,117010796.0,176093798,103152864,93391157,122206237,108003430.0,14202807,16499394,14833962,47084538,58387337,
TR,ARSAN,2016,296026452,111688151.0,184338301,96493356,92731394,140593167,127469403.0,13123764,11251517,0,46617986,61890401,0.0
TR,ARSAN,2017,443382321,131885040.0,311497281,117403645,101512630,169161719,146286286.0,22875433,28705801,21809890,49470408,150974993,0.0
TR,ARSAN,2018,534231595,212432101.0,321799494,158493178,155939007,214207938,182694758.0,31513180,12480936,44940598,57529167,158562914,0.0
TR,ARSAN,2019,641983545,250083215.0,391900330,197195540,159813452,293553349,254161806.0,39391543,63065913,64815037,57954634,172418193,0.0
TR,ARSAN,2020,695527376,172506493.0,523020883,189222890,74763238,276430180,234524670.0,41905510,116229738,68294886,48893907,194067403,0.0
TR,ARSAN,2021,1082409188,175880021.0,906529167,232145594,108038552,498605816,424285968.0,74319848,286863331,43013912,70089301,299689289,0.0
TR,ARSAN,2022,4063679879,511510783.0,3552169096,853574581,444178473,2047115117,1528966259.0,518148858,318615374,157838295,292759110,1121781189,0.0
TR,ARSAN,2023,7378256638,945519118.0,6432737520,2026909554,271411392,529272445,634466000.0,-105193555,742460646,1277515183,1610974,1704059100,0.0
TR,ARSAN,2024,10298444342,847508700.0,9450935642,3016851799,180050681,148840202,134680468.0,14159734,919946278,2643877959,84131259,2316857592,0.0
TR,ARSAN,2025,14157250568,1826610192.0,12330640376,2488594421,116593490,150091469,124503967.0,25587502,-414610907,1855086775,85175864,4434073894,0.0
TR,ARTMS,2020,330222813,222324577.0,107898236,234487654,158663403,144437531,73789462.0,70648069,22881227,6461547,115805080,79352570,0.0
TR,ARTMS,2021,451904728,282134819.0,169769909,313200682,248585666,217261813,158869140.0,58392673,17224036,6717874,191403608,129292445,0.0
TR,ARTMS,2022,1191449725,640829868.0,550619857,847047385,621511243,604825856,600137937.0,4687919,5180690,8918395,441478823,329508054,0.0
TR,ARTMS,2023,1628135515,827422939.0,800712576,1052303499,714941454,1187956672,958087069.0,229869603,6389164,18158893,276442147,442782051,0.0
TR,ARTMS,2024,2649603938,509220428.0,2140383510,1838568041,307435810,1483412523,902417031.0,580995492,296629483,187701525,791554200,619499917,0.0
TR,ARTMS,2025,3319360809,902303260.0,2417057549,2309498649,616381458,701089392,444341359.0,256748033,268049341,187631473,1468490339,765628762,0.0
TR,ARZUM,2017,201710362,123004397.0,78705965,184594052,94808624,287868393,197828903.0,90039490,13780709,3042622,34040669,8376579,4000000.0
TR,ARZUM,2018,261336885,177525156.0,83811729,240645347,174399985,359096138,241341208.0,117754930,15100179,4627660,52340642,12567267,1300380.0
TR,ARZUM,2019,318157891,219436510.0,98721381,288860755,213046796,447996272,309426211.0,138570061,15392650,8202150,45778365,18422215,9000000.0
TR,ARZUM,2020,531176242,399399562.0,131776680,477689063,389831204,607485695,413767314.0,193718381,36467200,29735846,134708043,29168639,3816690.0
TR,ARZUM,2021,743950897,568316653.0,175634244,666823194,537392474,815345959,552511256.0,262834703,50130119,94541789,216502935,40197782,11769746.0
TR,ARZUM,2022,2149606983,1714453819.0,435153164,1894056934,1689657685,2926926415,2346120236.0,580806179,-157806264,521185766,421046284,172454227,28520544.0
TR,ARZUM,2023,3190274270,2512189038.0,678085232,2723505996,2445997443,5328200929,3660604976.0,1667595953,76491430,342803195,596738960,232355352,27211217.0
TR,ARZUM,2024,4276881595,3904853346.0,372028249,3695021575,3807779952,7258755629,5075912831.0,2182842798,-523522364,194243996,1146655290,283942801,0.0
TR,ARZUM,2025,2945969953,3248273177.0,-302303224,2042997737,3172050103,5814823369,4338317044.0,1476506325,-1024659901,185534545,527490921,311667427,0.0
TR,ASELS,2013,4007975350,2395489899.0,1612485451,2049564480,936244985,2171425296,1612641153.0,558784143,238546934,103683817,645849543,741988200,
TR,ASELS,2014,5075931710,2536784950.0,2539146760,2363261089,1261590287,2534501073,1915883243.0,618617830,392052201,131941264,837426476,852761857,25000000.0
TR,ASELS,2015,6245102000,3404366000.0,2840736000,3092768000,1568973000,2780430000,2154356000.0,626074000,213373000,680963000,886827000,924842000,65000000.0
TR,ASELS,2016,8597861000,4906394000.0,3691467000,5062438000,2235678000,3768116000,2845098000.0,923018000,795201000,1168776000,1187398000,967522000,42000000.0
TR,ASELS,2017,11638596000,6870473000.0,4768123000,6058387000,3691713000,5412253000,3946278000.0,1465975000,1375980000,1262904000,2221631000,1090843000,75500000.0
TR,ASELS,2018,19473631000,9296610000.0,10177021000,11616680000,4684478000,9008516000,6797424000.0,2211092000,2319347000,3115691000,3576618000,1336297000,84600000.0
TR,ASELS,2019,25633043000,12064144000.0,13568899000,13976498000,7743870000,13012551000,9640818000.0,3371733000,3352673000,3513842000,4473927000,1573931000,174000000.0
TR,ASELS,2020,34094229000,15996126000.0,18098103000,19594261000,12319765000,16104455000,11499440000.0,4605015000,4461266000,4081654000,5532703000,2342223000,252197000.0
TR,ASELS,2021,46413298000,20578088000.0,25835210000,23175142000,16749927000,20138953000,13490042000.0,6648911000,7127341000,2492096000,7638954000,3432149000,103392000.0
TR,ASELS,2022,144802627000,63996624000.0,80806003000,72918181000,51665811000,66860171000,49026909000.0,17833262000,1189309000,9370629000,27648036000,18454534000,414159000.0
TR,ASELS,2023,217402501000,89799997000.0,127602504000,105228911000,72447236000,106252343000,77224731000.0,29027612000,10646874000,9543479000,46455849000,34260777000,316529000.0
TR,ASELS,2024,317803316376,132775034301.0,185028282075,138901523050,91312311890,157339901315,107393756493.0,49946144822,19925371403,21776902295,56901164995,48965566249,222049673.0
TR,ASELS,2025,474919423715,197853361736.0,277066061979,192552755434,138902967329,198561913682,135369113151.0,63192800531,32921517179,32006807178,81056391352,71150959431,0.0
TR,ASGYO,2019,707008183,404224893.0,302783290,489435330,70347954,42107135,22632080.0,19475055,-8084058,13491448,321829067,56350542,0.0
TR,ASGYO,2020,680040371,346411418.0,333628953,443145216,193461793,99954072,55073967.0,44880105,30845663,5613386,310934892,55195068,0.0
TR,ASGYO,2021,845129126,360840028.0,484289098,442364848,50414823,43271936,28218279.0,15053657,660145,7678247,336667570,53705309,0.0
TR,ASGYO,2022,10166966390,2084623573.0,8082342817,1337034632,293585333,249527275,125427830.0,124099445,-263103888,44116575,1211271714,64671502,0.0
TR,ASGYO,2023,21581153502,81854007.0,21499299495,3055353884,76716782,33114571,10398834.0,22715737,5705267656,1650182018,1236094233,86706284,0.0
TR,ASGYO,2024,26252673974,6829579482.0,19423094492,16847519537,29524870,64361270,112419066.0,-48057797,-1413317706,1852374095,14806841300,123853832,0.0
TR,ASGYO,2025,28705319739,6690899683.0,22014420056,17951217834,36713750,248406530,137590394.0,110816136,715405237,1262532726,16036868861,83355344,0.0
TR,ASTOR,2019,1291283881,960704764.0,330579117,837685327,663436031,1110723551,862118326.0,248605225,127446975,94004816,185872379,381778761,0.0
TR,ASTOR,2020,1687523454,1128864601.0,558658853,1142626133,789604267,1448766348,1023311543.0,425454805,225585436,224697347,344535871,447723701,0.0
TR,ASTOR,2021,3184958865,2086383526.0,1098575339,2498897647,1827581702,3154302309,2270192749.0,884109560,517681157,293096282,551630889,521632877,0.0
TR,ASTOR,2022,11810564733,5125537327.0,6685027406,8528322665,4829626863,13783507804,9598255983.0,4185251821,2040490155,235805647,2129119803,2229484504,0.0
TR,ASTOR,2023,27076576340,9406326879.0,17670249461,18818855765,9242020130,24420785951,15068861719.0,9351924232,6639007854,2429146788,2183348448,4253379284,1116260339.0
TR,ASTOR,2024,39990127098,12732665017.0,27257462081,27639968384,12618263254,34848864779,22796923319.0,12051941460,6577182561,6110484491,3747056118,7416746637,2431422155.0
TR,ASTOR,2025,55773233946,19151719099.0,36621514847,39410605444,19055682546,38834019873,24484977831.0,14349042042,8438880741,1403812199,8579499801,10990141368,1788444922.0
TR,ASUZU,2013,648008839,282674420.0,365334419,555910495,238584165,645057510,539981844.0,105075666,198748091,189832793,148170807,65199149,
TR,ASUZU,2014,692637224,358734821.0,333902403,577973787,314051734,729143932,603856665.0,125287267,34342260,111118458,207088317,78011614,
TR,ASUZU,2015,881203471,557841737.0,323361734,733733852,406815587,935494541,779196290.0,156298251,17743897,78558102,320664375,103340205,
TR,ASUZU,2016,885066797,622602226.0,262464571,718133022,387476997,829811333,721710056.0,108101277,-46336647,119878595,275115719,99664077,12709853.0
TR,ASUZU,2017,1453483993,825357975.0,628126018,818303047,595098693,963126462,838161920.0,124964542,-48388364,98468892,337266267,569283614,0.0
TR,ASUZU,2018,1599665762,1055027699.0,544638063,943055894,920275876,1187862785,1003642016.0,184220769,-80508600,96506029,478046804,560648627,0.0
TR,ASUZU,2019,1576444150,1012355976.0,564088174,857423932,852110178,1422987899,1164119765.0,258868134,21787825,140803554,258854407,557688250,0.0
TR,ASUZU,2020,1929394228,1354247699.0,575146529,1149598287,1030954848,1241213253,989548126.0,251665127,13648318,267087823,390663282,567988122,0.0
TR,ASUZU,2021,3607247112,2214976242.0,1392270870,2102108159,1565401869,2678041855,2113442723.0,564599132,211426746,639182504,469735947,1268360271,0.0
TR,ASUZU,2022,14676550024,8437027816.0,6239522208,8371412196,7014873750,11686265335,10345205482.0,1341059853,784307983,2432548278,2665408912,5205778945,57042055.0
TR,ASUZU,2023,27530495223,15613289371.0,11917205852,16069930521,13348403204,21909106161,18046634223.0,3862471938,2330587214,5291337828,5302515683,9228336271,412994983.0
TR,ASUZU,2024,28975787396,14807568002.0,14168219394,14506013898,12617353475,24740895445,21565621206.0,3175274239,580437023,4053294086,6035807750,10692415927,795893547.0
TR,ASUZU,2025,48295440023,30934227855.0,17361212168,30037857037,25018066543,29366245133,24992833959.0,4373411173,995805414,6872048637,10854441066,12920035732,625724133.0
TR,ATAGY,2013,29434267,1262994.0,28171273,8562441,242654,185860,22504.0,163356,820082,8549122,0,2598,
TR,ATAGY,2014,33359398,5153984.0,28205414,692251,1229971,790571,81411.0,709160,763957,615838,0,1826,
TR,ATAGY,2015,65710862,30422151.0,35288711,13640232,27052922,6521983,3499267.0,3022716,7083297,13560855,0,65836,
TR,ATAGY,2016,69597861,29954996.0,39642865,8630743,27339349,2468010,334752.0,2133258,4354154,4907261,0,56005,0.0
TR,ATAGY,2017,96717405,54688550.0,42028855,28781354,9424383,3353816,234068.0,3119748,2385990,26370946,0,48265,0.0
TR,ATAGY,2018,100529319,56773153.0,43756166,14924975,56505839,20442266,14630517.0,5811749,1727311,12737019,0,33083,0.0
TR,ATAGY,2019,90263702,54032603.0,36231099,4744612,53661684,15125938,14768327.0,357611,-7525067,4370554,0,12896,0.0
TR,ATAGY,2020,86955492,51780741.0,35174751,3704827,51269962,10959811,9946247.0,1013564,-1056348,3458553,0,29983,0.0
TR,ATAGY,2021,127537463,76903310.0,50634153,6632721,75815830,4615353,1773061.0,2842292,15498263,3141935,0,28831,0.0
TR,ATAGY,2022,401670544,11765964.0,389904580,38776269,8942102,173117001,120346764.0,52770237,212635900,33210206,0,92804,0.0
TR,ATAGY,2023,624801407,14969591.0,609831816,65975032,11786192,102708791,100743322.0,1965469,46795243,56111971,0,62460,0.0
TR,ATAGY,2024,836922600,101056983.0,735865617,77555293,3151191,37600641,10627623.0,26973018,52995827,72148065,0,128428,0.0
TR,ATAGY,2025,966810450,164157214.0,802653236,56319928,6248815,48804301,18084329.0,30719972,-7031167,50517195,0,356799,0.0
TR,ATAKP,2019,450608384,380966054.0,69642330,236321685,249422302,361466378,273726460.0,87739918,11982207,5019587,144379597,184208722,0.0
TR,ATAKP,2020,544747221,509656876.0,35090345,313110506,357047423,310558419,242123587.0,68434832,-34482151,10028558,227980505,183824230,0.0
TR,ATAKP,2021,869189251,727745434.0,141443817,378200604,476887584,368275322,291865943.0,76409379,-48215033,5670253,245616344,376479017,0.0
TR,ATAKP,2022,2950890134,1395529445.0,1555360689,1388650676,1123718083,2146194192,1561791500.0,584402692,924515514,144742155,868441286,1302612781,0.0
TR,ATAKP,2023,5905576967,1477242795.0,4428334172,3249515930,1344576388,3679054367,2751726529.0,927327838,426920329,1264523422,1513705573,2295794920,0.0
TR,ATAKP,2024,7443003277,1362461722.0,6080541555,3491719837,1134742544,4259479934,3600948374.0,658531560,239469868,292719148,2146439147,3495555096,0.0
TR,ATAKP,2025,7949251155,1051626065.0,6897625090,3404114470,866292512,4314178668,3881410644.0,432768023,-87758181,32649742,2047439396,4399772013,94220107.0
TR,ATATP,2018,69090985,40665382.0,28425603,48555792,32494590,142147706,103105014.0,39042692,11963874,11933080,1164538,1602887,0.0
TR,ATATP,2019,127764105,79187655.0,48576450,82002987,68787447,175485875,121701702.0,53784173,24675061,8111139,2208146,1610232,0.0
TR,ATATP,2020,166461969,119712819.0,46749150,108410070,101836814,211573794,126105605.0,85468189,36372146,17782017,3772039,1582424,9633826.0
TR,ATATP,2021,461093170,159227457.0,301865713,374495864,138345673,249526678,156301427.0,93225251,67253245,154233266,8135667,2116694,0.0
TR,ATATP,2022,1078225867,276883878.0,801341989,754642591,251476686,899115616,455952979.0,443162637,-17546950,323773999,24985063,13642941,29831952.0
TR,ATATP,2023,1815293246,535391244.0,1279902002,1107412957,510698204,1806656340,969605726.0,837050614,177889730,442121821,54074178,20653132,57977395.0
TR,ATATP,2024,2826291557,648994607.0,2177296950,1373966838,578939480,2578860036,1142590392.0,1436269644,598377451,507359752,42173627,26792825,38712273.0
TR,ATATP,2025,8040571678,694342397.0,7346229281,1445385461,650551074,6228778309,905959359.0,5322818950,4116689423,550680245,23587138,76755342,79207378.0
TR,ATATR,2022,3199469594,959819430.0,2239650164,330830015,457463777,1509710649,697731178.0,811979471,365636379,12847907,29717005,2360251374,37261750.0
TR,ATATR,2023,2933673579,1268287111.0,1665386468,633976447,943296808,1765138781,912253863.0,852884918,375864922,24172200,140865008,628560326,232818303.0
TR,ATATR,2024,3120757146,790735229.0,2330021917,640357920,424273840,2517964864,1367013171.0,1150951693,630180707,249194610,49031660,716010440,7240183.0
TR,ATATR,2025,4434198041,1439272844.0,2994925197,1658607242,834732211,2783104371,1527731606.0,1255372765,444940537,1186117059,54215864,718541716,4972637.0
TR,ATEKS,2013,241441704,55035075.0,186406629,59355663,41860530,122309542,107017635.0,15291907,-18530607,12154654,26383767,108439603,
TR,ATEKS,2014,335825235,56062596.0,279762639,70474214,39215349,128051396,98317515.0,29733881,93438253,18523241,29993885,102922307,
TR,ATEKS,2015,421124143,64130104.0,356994039,84460821,43011546,149261367,116443753.0,32817614,76973248,21626856,38737123,98264844,
TR,ATEKS,2016,468814448,68446711.0,400367737,90337769,44312729,175818540,146671221.0,29147319,4191170,15632655,45710978,139040268,0.0
TR,ATEKS,2017,565551372,137935735.0,427615637,106484420,79987652,220796633,179240663.0,41555970,6916571,2653155,67059671,199364174,0.0
TR,ATEKS,2018,657110679,204012063.0,453098616,171546644,127838675,366921961,291669730.0,75252231,15048000,8403351,104038323,223484694,0.0
TR,ATEKS,2019,732215971,259802533.0,472413438,216728559,182023426,425472940,343759165.0,81713775,12049489,21852014,93563182,234608679,8820000.0
TR,ATEKS,2020,777196460,248484333.0,528712127,208464514,145653079,304482730,229454858.0,75027872,39800597,34183804,97007552,251272640,0.0
TR,ATEKS,2021,1212944222,406763089.0,806181133,333503663,312691926,426244937,323035299.0,103209638,133236150,24823185,156284955,429479527,0.0
TR,ATEKS,2022,4013296473,1714944801.0,2298351672,1231980509,1250749963,1897909403,1900711198.0,-2801795,-138696538,18580726,758583111,1534330643,0.0
TR,ATEKS,2023,5401016570,2106032829.0,3294983741,1271636897,1295958903,2473561806,2365131671.0,108430135,-132046680,54989486,609682672,2322052444,0.0
TR,ATEKS,2024,6528433252,2239715933.0,4288717319,1162288477,1235956792,2503300392,2333220987.0,170079406,-150159246,63427648,571684562,3020977203,0.0
TR,ATEKS,2025,11083741975,2913693027.0,8170048948,689211609,94129554,1309754628,1295878808.0,13875820,1889345445,190705118,305439691,5166900062,0.0
TR,ATLAS,2013,8890131,212945.0,8677186,8886627,211410,59206165,59335436.0,-129271,-765192,1301019,0,3504,
TR,ATLAS,2014,12305972,3796198.0,8509774,12300978,3791645,148346322,147597451.0,748871,-167522,3318663,0,4994,
TR,ATLAS,2015,19546872,1741413.0,17805459,19536545,1716600,327251611,326462350.0,789261,-695827,5806403,0,7605,
TR,ATLAS,2016,17719140,55478.0,17663662,17712193,21545,339295087,338048154.0,1246933,451544,9380722,0,5450,0.0
TR,ATLAS,2017,43383683,5684710.0,37698973,43364219,5642037,496427381,486026910.0,10400471,9336022,17889713,0,7766,0.0
TR,ATLAS,2018,38288442,2331193.0,35957249,38276207,2279787,334798894,333597507.0,1201387,-298643,16860315,0,5452,1445802.0
TR,ATLAS,2019,47486970,665416.0,46821554,47482074,613109,199602577,187711516.0,11891061,10840856,31312313,0,2889,0.0
TR,ATLAS,2020,82475332,816390.0,81658942,82471465,688020,370055939,361913189.0,8142750,6758259,44178541,0,3867,2060838.0
TR,ATLAS,2021,95467192,2656868.0,92810324,95464582,2481874,528011830,513890002.0,14121828,12426561,43966377,0,2333,1283309.0
TR,ATLAS,2022,412763976,83698405.0,329065571,412551725,83382047,2708624549,2510313407.0,198311142,83188135,98114625,0,212251,5196984.0
TR,ATLAS,2023,356290233,3353626.0,352936607,356086761,2788286,4398013190,4274941420.0,123071770,-84236682,43109197,0,203472,37671263.0
TR,ATLAS,2024,478466143,2220593.0,476245550,478328468,1166307,4921608385,4684294075.0,237314311,14538814,170977407,0,137675,0.0
TR,ATLAS,2025,499062078,3117173.0,495944905,498752883,1339782,5920739387,5789209946.0,131529441,-25534351,31596029,0,309195,1899746.0
TR,ATSYH,2013,16864336,6445379.0,10418957,13559380,6265554,10875413,9511874.0,1363539,-262638,6984,1417262,2649860,
TR,ATSYH,2014,7072707,1825694.0,5247013,2320679,1809312,2851951,4912092.0,-2060141,-4279419,3687,436111,3197403,
TR,ATSYH,2015,5592181,1577425.0,4014756,500038,1448295,0,0.0,0,-1022582,19588,0,3244973,0.0
TR,ATSYH,2016,19955777,17490734.0,2465043,11054113,17404785,811240,1330924.0,-519684,-943553,4854,5579329,627566,0.0
TR,ATSYH,2017,13894105,11666925.0,2227180,5811733,11650563,16724981,13390848.0,3334133,21228,6697,299281,412438,698069.0
TR,ATSYH,2018,10655842,8245888.0,2409954,2435635,7335245,5725533,5319593.0,405940,123596,4354,0,462697,0.0
TR,ATSYH,2019,19625396,16696451.0,2928945,11351715,16063012,10837742,9368854.0,1468888,735710,50606,1965488,543847,0.0
TR,ATSYH,2020,21184009,16786341.0,4397668,13306492,16348963,21487147,19432684.0,2054463,1249846,35242,774184,468348,0.0
TR,ATSYH,2021,28751008,22859058.0,5891950,20836791,22393372,40703892,38049293.0,2654599,1358289,37019,1382290,304491,0.0
TR,ATSYH,2022,116383325,38378519.0,78004806,56686549,37784856,98122939,65518878.0,32604061,22049246,69694,21276961,909946,0.0
TR,ATSYH,2023,157627904,51930557.0,105697347,71617877,51715737,115970900,91913523.0,24057377,4788224,184024,19299865,897403,0.0
TR,ATSYH,2024,217351919,75813261.0,141538658,108218879,74352774,70202531,45991575.0,24210956,-973744,357727,30758471,733730,0.0
TR,ATSYH,2025,204617203,59180164.0,145437039,89043738,58233113,95021827,82087318.0,12934509,-10305108,214023,29427951,620723,0.0
TR,AVGYO,2013,89284453,302518.0,88981935,27030414,280863,189344936,177227846.0,12117090,10193578,390379,0,6476601,
TR,AVGYO,2014,98976255,8499264.0,90476991,28320174,3449999,14310437,11863680.0,2446757,1494953,515671,0,5350703,
TR,AVGYO,2015,133586882,10501839.0,123085043,24010942,3213746,8342521,2441334.0,5901187,8883075,254966,0,5185926,
TR,AVGYO,2016,131798160,4595049.0,127203111,20020347,1529493,6399074,494397.0,5904677,4116104,100405,0,5041742,0.0
TR,AVGYO,2017,173671016,23528789.0,150142227,47542077,21318331,22116528,12196339.0,9920189,22929433,3105020,0,5176508,0.0
TR,AVGYO,2018,168742388,9657606.0,159084782,39564632,9273449,7056037,316333.0,6739704,8661148,8796,0,4580918,0.0
TR,AVGYO,2019,193608651,980238.0,192628413,43162907,944054,8751165,243347.0,8507818,33503113,10150,0,4290439,0.0
TR,AVGYO,2020,241650749,941784.0,240708965,30213426,580709,7620488,230748.0,7389740,48191925,142988,2845125,4010233,0.0
TR,AVGYO,2021,283185813,16175180.0,267010633,32949446,15966900,9844079,277221.0,9566858,26233695,266097,3294715,3746312,0.0
TR,AVGYO,2022,993708244,26277262.0,967430982,80001500,25545181,26408025,3089375.0,23318650,138653527,3661729,0,36481640,0.0
TR,AVGYO,2023,1503336729,24628433.0,1478708296,95402512,23278483,30038574,1105813.0,28932761,82367246,8937267,0,50954413,0.0
TR,AVGYO,2024,2080362927,33508647.0,2046854280,202471745,24599378,299045861,213769036.0,85276825,59941583,57515427,0,67474516,0.0
TR,AVGYO,2025,2734385284,427436645.0,2306948639,132881811,94985885,61064209,4062630.0,57001579,51706508,11161217,0,75840906,0.0
TR,AVHOL,2013,35241610,20686475.0,14555135,12768742,17276583,32454840,27706825.0,4748015,294566,767946,1360589,17722113,
TR,AVHOL,2014,28935657,15824139.0,13111518,6684110,5218168,20764310,18439423.0,2324887,-1404740,51502,0,6985066,
TR,AVHOL,2015,43483035,29109457.0,14373578,16658113,18818631,28826577,18457063.0,10369514,4330261,197085,168219,7965755,
TR,AVHOL,2016,37355939,27656363.0,9699576,11536354,18717777,13229681,11837158.0,1392523,-4506455,209039,2266525,5567942,0.0
TR,AVHOL,2017,48357351,38605722.0,9751629,16776246,31850673,31019546,27192718.0,3826828,70389,217236,1356763,5357347,0.0
TR,AVHOL,2018,54191390,22821705.0,31369685,22993546,12667219,44579753,40536292.0,4043461,33112,630804,3210289,6530187,0.0
TR,AVHOL,2019,50166848,20155623.0,30011225,15565926,9024342,11056376,10619505.0,436871,2977948,360848,1249100,8021684,0.0
TR,AVHOL,2020,59042289,26405877.0,32636412,25135266,25583610,14805272,11106135.0,3699137,64646,1883150,2776721,13819306,0.0
TR,AVHOL,2021,108636382,25849924.0,82786458,42100268,21156720,39507731,31536101.0,7971630,2567337,2395063,9921790,33839945,0.0
TR,AVHOL,2022,545959486,154715754.0,391243732,181977092,60546080,190609288,179501786.0,11107502,-48527872,41251147,22120501,107271723,0.0
TR,AVHOL,2023,732950835,203539231.0,529411604,250715731,156645483,377565581,369628996.0,7936585,69702477,17768555,13589419,117410040,0.0
TR,AVHOL,2024,1803980997,652976982.0,1151004015,669984657,532659731,786993470,736919448.0,50074021,106179485,15395768,35110201,159640207,0.0
TR,AVHOL,2025,2487223987,841712953.0,1645511034,1176235635,670954705,473498083,494223532.0,-20725448,379435395,9224371,51676730,153491220,0.0
TR,AVOD,2013,67780904,33919873.0,33861031,50405460,28704596,35253749,28819328.0,6434421,-276417,58193,19537811,10667972,
TR,AVOD,2014,82938039,48275693.0,34662346,42986453,35796339,82616956,72261521.0,10355435,603822,5691341,18659693,14336716,
TR,AVOD,2015,114168425,53046314.0,61122111,47998026,42499826,91469913,72928792.0,18541121,2707622,6637837,19964614,17316894,
TR,AVOD,2016,153483677,57409077.0,96074600,65601913,47726450,102344261,83982095.0,18362166,981801,4280696,34706741,20268446,0.0
TR,AVOD,2017,161516408,78114856.0,83401552,82907486,63256852,113118374,93420164.0,19698210,-247969,6009988,43550473,22403814,0.0
TR,AVOD,2018,184553918,112721686.0,71832232,100515338,91667916,140777512,113832188.0,26945324,-5265508,3336117,61554458,21103960,0.0
TR,AVOD,2019,268682680,176006854.0,92675826,166631848,155919528,178963204,145757347.0,33205857,16686078,7334568,83032723,27165541,0.0
TR,AVOD,2020,305681418,215616394.0,90065024,187911253,194103595,199465753,167318401.0,32147352,-1985074,8672804,99788547,30701017,0.0
TR,AVOD,2021,388453928,211821393.0,176632535,228339171,198611552,254202304,187977792.0,66224512,32527203,8895067,107439360,30491568,0.0
TR,AVOD,2022,1489718050,437364076.0,1052353974,794559583,362471942,1098392657,966729749.0,131662908,-66944128,81517638,338483506,239825726,0.0
TR,AVOD,2023,2499158405,974626567.0,1524531838,1397423126,931055581,1586490303,1316807823.0,269682480,114860607,90486503,598487337,396411576,0.0
TR,AVOD,2024,2928396096,1291308370.0,1637087726,1666103555,1186192219,1839240036,1646865269.0,192374767,-358392836,36977788,613439904,501449687,0.0
TR,AVOD,2025,3335164714,1652309410.0,1682855304,1894682871,1519537302,2015686483,1707047000.0,308639483,-118751749,90948475,644068015,556811280,0.0
TR,AVPGY,2019,1838523465,942580776.0,895942689,434253214,378214494,0,0.0,0,0,22875572,258203669,68147516,
TR,AVPGY,2020,2028665424,1026936939.0,1001728485,301706126,284675331,994531405,798899287.0,195632118,105685785,108775582,1274217,62096337,0.0
TR,AVPGY,2021,3565923725,1620707184.0,1945216541,1128010059,1213933370,170548167,70504271.0,100043896,944777797,8723594,695452041,61990023,0.0
TR,AVPGY,2022,20055740338,3562206391.0,16493533947,4049209725,1291366865,5893908897,3912652070.0,1981256827,10103162589,69361752,3019967214,764176244,0.0
TR,AVPGY,2023,30286351566,678553181.0,29607798385,7355362232,669977009,4451047681,1762138006.0,2688909675,4708456661,2457583167,1198342610,348702032,0.0
TR,AVPGY,2024,51602715445,10847162668.0,40755552777,11689121666,1179665718,9755376698,1654397079.0,8100979619,9660639424,1383301858,8697628746,114844156,1278808635.0
TR,AVPGY,2025,56102766549,11840682256.0,44262084293,7687792834,2404811692,7524074319,4475517091.0,3048557228,1770533808,853112035,5230335002,125239115,2355928274.0
TR,AVTUR,2013,72102123,7148503.0,64953620,2049636,4525633,2020184,1183223.0,836961,-235614,44471,25056,585275,
TR,AVTUR,2014,78017495,6430282.0,71587213,28475281,2664690,2570271,4787867.0,-2217596,6678031,41367,26088,38100198,
TR,AVTUR,2015,87660526,10709723.0,76950803,6378729,8004536,2541429,2108429.0,433000,2092830,49461,26613,71112193,
TR,AVTUR,2016,95172298,16993358.0,78178940,3447517,11606127,2599039,1990598.0,608441,8658208,86096,17852,32397991,0.0
TR,AVTUR,2017,88590149,18602489.0,69987660,1963084,2845025,3204589,3007811.0,196778,-8177680,26383,43425,31374568,0.0
TR,AVTUR,2018,101246175,16111696.0,85134479,15054716,3036612,4936369,6347114.0,-1410745,2563434,21302,32146,29117981,0.0
TR,AVTUR,2019,104383003,11821433.0,92561570,11392938,4507740,5262993,4229155.0,1033838,7475377,48276,29297,27894887,0.0
TR,AVTUR,2020,106327194,11246249.0,95080945,12187151,2023313,3137167,2141022.0,996145,2533122,184851,0,26741429,0.0
TR,AVTUR,2021,141059743,13921445.0,127138298,12515233,2007505,3511837,2798415.0,713422,32103380,10053584,0,25565931,0.0
TR,AVTUR,2022,561818087,54735167.0,507082920,19276128,3342675,10988922,15318391.0,-4329469,46440034,15528567,0,191885936,0.0
TR,AVTUR,2023,995377718,141463612.0,853914106,27702776,2427808,16726169,20787006.0,-4060837,121999151,1678654,138923,268695535,0.0
TR,AVTUR,2024,1329893268,205425894.0,1124467374,27850717,4078003,18226364,22459923.0,-4233559,7323909,1959348,325881,345705319,0.0
TR,AVTUR,2025,1518909323,214790032.0,1304119291,321339892,106920959,28287057,24009183.0,4277873,66476270,109185949,356402,373243010,0.0
TR,AYCES,2013,120036446,22204067.0,97832379,4647044,10425248,23026072,14711837.0,8314235,-932682,1116904,345979,115196079,
TR,AYCES,2014,116866889,20204291.0,96662598,2715755,10783259,24381701,16853471.0,7528230,-1004450,1017344,332191,112795263,
TR,AYCES,2015,177747957,27191122.0,150556835,2981101,4632252,26556038,18694398.0,7861640,-1536660,708075,364115,173406079,
TR,AYCES,2016,179101224,36641884.0,142459340,3565194,8932591,19543302,18381738.0,1161564,-8051935,741563,363991,173705367,0.0
TR,AYCES,2017,192227013,46293159.0,145933854,3250386,14061031,25468376,19297809.0,6170567,-4894736,1225490,350734,186413692,0.0
TR,AYCES,2018,191866302,45538671.0,146327631,4543276,20423064,37203528,23886571.0,13316957,492607,1375908,470989,185266745,0.0
TR,AYCES,2019,282036509,57455843.0,224580666,4812184,9013843,47452117,28852693.0,18599424,2768444,2201826,532311,264411464,0.0
TR,AYCES,2020,273360177,59490321.0,213869856,2469267,11660904,22003994,18931116.0,3072878,-10267647,1190493,186500,258543002,0.0
TR,AYCES,2021,654871742,108711439.0,546160303,22275462,19945200,63099863,31987391.0,31112472,16119659,11813351,841721,618426005,0.0
TR,AYCES,2022,2942573747,424582985.0,2517990762,71777986,56738177,195530821,141402289.0,54128532,17299455,48935028,3694331,2799511049,0.0
TR,AYCES,2023,4225477975,771464167.0,3454013808,76674958,59545647,322558379,235890882.0,86667497,-42201349,58684240,4476366,4030635271,0.0
TR,AYCES,2024,6148501788,1286965063.0,4861536725,50430740,50622514,407254201,329114675.0,78139525,-181863423,36830815,5869136,5912243639,0.0
TR,AYCES,2025,6763246529,1487414483.0,5275832046,44611903,79283560,418184883,368911953.0,49272929,-75002540,21402025,6910425,6519241286,0.0
TR,AYDEM,2018,9254842372,7499916660.0,1754925712,500166516,1266238556,813002888,448895986.0,364106902,-1515664442,161151205,6118913,8378023271,0.0
TR,AYDEM,2019,10242416788,5821990614.0,4420426174,305681186,850125302,1197000764,438938553.0,758062211,-575399140,136532816,15949368,9554670542,0.0
TR,AYDEM,2020,12470698190,6577846196.0,5892851994,325317539,907466592,1340375223,576226250.0,764148973,-567280969,145525078,8349581,11812559374,0.0
TR,AYDEM,2021,22531356887,12728096947.0,9803259940,1740478458,876633203,1240753398,725768454.0,514984944,-120291640,1525592118,8556333,20288516897,0.0
TR,AYDEM,2022,59788434916,30466185713.0,29322249203,5039732506,2633310268,7565576718,3376715198.0,4188861520,4973023571,2131820839,20830560,51989813772,0.0
TR,AYDEM,2023,80284393739,38962070244.0,41322323495,6841211140,3012778554,9180783497,5213430269.0,3967353228,-1848193431,2011698240,30422646,70180914792,0.0
TR,AYDEM,2024,73851498634,38032711461.0,35818787173,8923776836,8931213886,8617398021,6514572019.0,2102826002,-15406391456,2283542970,26709501,60935249501,499257581.0
TR,AYDEM,2025,75426104945,34937754350.0,40488350595,3809109457,3080500792,14217700034,11125257014.0,3092443019,-3085606638,1446019155,34702130,68145041189,0.0
TR,AYEN,2013,1168276697,925878587.0,242398110,206919140,331113199,368923309,309350074.0,59573235,-54467553,95281050,0,717421599,
TR,AYEN,2014,1430982987,1157019876.0,273963111,253278411,309161410,229960881,172144829.0,57816052,29953521,188692607,0,912416269,
TR,AYEN,2015,1698238058,1433730502.0,264507556,199639208,457961019,283822999,226089957.0,57733042,-29522057,152593651,0,1153032787,
TR,AYEN,2016,1971543356,1687701778.0,283841578,206472811,568859045,352638597,251913321.0,100725276,-27818987,146651810,0,1400222479,1268500.0
TR,AYEN,2017,2313155109,1886615325.0,426539784,473762919,653803459,476400786,386305219.0,90095567,35735401,254490339,0,1612393334,1739391.0
TR,AYEN,2018,2668036731,2111451816.0,556584915,350925838,613475812,778191877,607987680.0,170204197,-49577127,121209720,0,2040200205,2229944.0
TR,AYEN,2019,2647556956,1892546790.0,755010166,182076504,456140799,513054137,316067093.0,196987044,20366053,19550506,0,2141325018,0.0
TR,AYEN,2020,3321651794,2451378724.0,870273070,203351940,591802445,568036335,378733580.0,189302755,-99755612,71513984,0,2784297344,0.0
TR,AYEN,2021,5576034202,3762795485.0,1813238717,730103129,1178485909,1574520222,1007260342.0,567259880,129406908,243718101,0,4138040203,0.0
TR,AYEN,2022,18553679813,9283775827.0,9269903986,5313911846,3636665350,11635021906,7389811209.0,4245210697,2782557191,3293506383,0,11728788424,64567891.0
TR,AYEN,2023,23797969816,8611882286.0,15186087530,2774313874,2342180511,7632131434,6122454970.0,1509676464,1998718724,514258884,0,17421237252,562212461.0
TR,AYEN,2024,26648913829,9206582709.0,17442331120,2774596848,2691320068,8489498510,6375338893.0,2114159617,1032349445,680257811,0,18948872375,204771603.0
TR,AYEN,2025,29515926139,9598263603.0,19917662536,1806550513,2940202137,8659231162,6952100936.0,1707130226,311613315,377222573,0,20832745526,85630856.0
TR,AYES,2013,51601702,22591578.0,29010124,38772488,21777301,136760330,131208063.0,5552267,-494783,849103,17875613,10722193,
TR,AYES,2014,46230086,16953252.0,29276834,33199518,16622455,160851293,152722093.0,8129200,1044673,185075,16583988,10929942,
TR,AYES,2015,43173286,12405200.0,30768086,28859013,12308654,129005683,123137844.0,5867839,2242886,419985,13402271,12409382,
TR,AYES,2016,51599545,19014198.0,32585347,35724103,18642211,175332726,165569215.0,9763511,2820931,257334,15265581,12443316,751411.0
TR,AYES,2017,81319649,44942371.0,36377278,55873888,38471271,288328042,275680590.0,12647452,4648181,1326827,15103222,21808355,751411.0
TR,AYES,2018,87701328,48741836.0,38959492,61467753,45517796,402090130,379430725.0,22659405,3768752,5125322,15031054,22732430,1051974.0
TR,AYES,2019,113187267,73071972.0,40115295,86178033,71224108,343116474,327164290.0,15952184,2054016,15513088,26329877,17707440,751410.0
TR,AYES,2020,171076100,116403639.0,54672461,137764124,82721899,603386463,559233428.0,44153035,15426682,25396567,37535026,21866030,751410.0
TR,AYES,2021,323065899,235469048.0,87596851,281600944,229395093,1340579006,1212480092.0,128098914,35889748,29906937,129786970,36881813,2454230.0
TR,AYES,2022,1136704736,706565359.0,430139377,827319888,695700804,5389746299,4963115625.0,426630674,84282281,23573578,221986664,269266857,6867843.0
TR,AYES,2023,2589643452,1851624347.0,738019105,2073982767,1843841722,7794114487,7173852097.0,620262390,117066698,104901621,308306012,427087461,0.0
TR,AYES,2024,4011387140,1991709097.0,2019678043,2031284073,1608476104,9763987526,9451576432.0,312411094,73170333,468043233,280471447,1891284497,14614676.0
TR,AYES,2025,5758872493,2720010770.0,3038861723,3549279258,2615083552,12060553562,11549017743.0,511535819,1030196164,154239110,427924686,2081085035,0.0
TR,AYGAZ,2013,3188306000,944730000.0,2243576000,867167000,667192000,6004984000,5433640000.0,571344000,205335000,173054000,275630000,589330000,
TR,AYGAZ,2014,3412218000,1053028000.0,2359190000,713475000,714612000,7061276000,6533934000.0,527342000,218023000,160904000,110448000,585063000,
TR,AYGAZ,2015,3916324000,1305504000.0,2610820000,1025191000,846837000,6419610000,5743058000.0,676552000,418462000,288637000,186024000,650672000,
TR,AYGAZ,2016,4314350000,1572793000.0,2741557000,1360364000,1007263000,6748761000,5962215000.0,786546000,416092000,567728000,266820000,658238000,315000000.0
TR,AYGAZ,2017,4966220000,2043157000.0,2923063000,1587534000,1278810000,8469276000,7728139000.0,741137000,577019000,593172000,323579000,677927000,450000000.0
TR,AYGAZ,2018,5013223000,2510813000.0,2502410000,1617539000,1484031000,9554441000,8920093000.0,634348000,228383000,648010000,348309000,686530000,460000000.0
TR,AYGAZ,2019,4954859000,2476776000.0,2478083000,1589116000,1495037000,10211013000,9254125000.0,956888000,273477000,665391000,263309000,712554000,384789000.0
TR,AYGAZ,2020,5395240000,3077837000.0,2317403000,2193496000,1851876000,10144743000,9233035000.0,911708000,-24889000,960648000,400357000,696418000,149938000.0
TR,AYGAZ,2021,8333131000,5613932000.0,2719199000,4637591000,3868659000,15893254000,14455117000.0,1438137000,627166000,1693433000,1433089000,771735000,149938000.0
TR,AYGAZ,2022,45770964000,14910159000.0,30860805000,12303960000,12465945000,71287651000,67429654000.0,3857997000,6525671000,3009913000,3848530000,4486701000,308256000.0
TR,AYGAZ,2023,66686616000,13954623000.0,52731993000,14644654000,13045370000,93607612000,86442381000.0,7165231000,7999529000,4871616000,2865757000,6327322000,454072000.0
TR,AYGAZ,2024,80956951165,12536091059.0,68420860106,14145986859,10376026005,107034746323,98037208951.0,8997537372,2160870042,5031541695,3243017134,10823597926,2395837479.0
TR,AYGAZ,2025,90492638405,13928505981.0,76564132424,18985485551,11588988177,98659580918,88367646110.0,10291934808,5498214236,9406743083,3283159565,11884698021,3608675990.0
TR,AZTEK,2019,212100078,130273993.0,81826085,199377388,103857085,390612883,316562485.0,74050398,39766687,28735062,29061576,6262170,0.0
TR,AZTEK,2020,398713693,239406758.0,159306935,382707533,223589816,748710093,624936572.0,123773521,76779140,59303873,91908582,8527574,0.0
TR,AZTEK,2021,556494062,340636732.0,215857330,521908731,319321756,1081557080,919850134.0,161706946,88617174,12653351,168713135,16552340,0.0
TR,AZTEK,2022,2175657132,990732163.0,1184924969,1983675179,948000568,4863985195,4238732952.0,625252243,168654219,362279444,548937912,63330097,0.0
TR,AZTEK,2023,4386681660,2475737141.0,1910944519,4057943408,2382213955,8645362945,6998922866.0,1646440079,410627284,960100370,835455143,102932471,191878778.0
TR,AZTEK,2024,5497783102,3004527167.0,2493255935,5150065677,2871436877,10492837956,8670703028.0,1822134928,296403733,492727856,1279822117,134578460,395154515.0
TR,AZTEK,2025,6423685398,4362627346.0,2061058052,5973132718,4239311927,9913777005,8697617144.0,1216159861,-451613993,451336316,1604779578,215982826,172632622.0
TR,BAGFS,2013,497569901,274618636.0,222951265,169148334,85307682,330373888,301101524.0,29272364,2075935,67567861,71634545,200986327,
TR,BAGFS,2014,739528414,445124039.0,294404375,196691552,115403559,330333074,277690926.0,52642148,33637029,64942181,97760218,521093147,
TR,BAGFS,2015,1173028167,650174061.0,522854106,295399868,273905153,460686123,378254556.0,82431567,233941994,34252846,179545638,676064370,
TR,BAGFS,2016,1151288647,666350107.0,484938540,281316971,236302513,498836412,426861244.0,71975168,-37585667,76046119,150181557,656649225,0.0
TR,BAGFS,2017,1237180813,763473701.0,473707112,333955829,302149454,519579071,415207155.0,104371916,-10210831,116020163,124866380,651114522,0.0
TR,BAGFS,2018,1277640052,914623906.0,363016146,236109566,248402670,356718389,332670075.0,24048314,-107736113,28996068,170726196,691756583,0.0
TR,BAGFS,2019,1642164240,1197256539.0,444907701,463566311,454194253,872126597,712350595.0,159776002,81817872,189455911,207975095,695422396,0.0
TR,BAGFS,2020,1915029368,1516732278.0,398297090,678944546,538250192,1037186349,860249566.0,176936783,-41208260,410684087,151965606,699202386,0.0
TR,BAGFS,2021,3272538949,2617461764.0,655077185,1739302092,1771428759,1740196907,1071151920.0,669044987,155402405,1033597876,611126509,886306720,0.0
TR,BAGFS,2022,10960920231,4687846563.0,6273073668,3874255415,2380862152,7476972127,5833693828.0,1643278299,1661721310,1052085313,2649966534,5472261508,0.0
TR,BAGFS,2023,13085303611,6299290928.0,6786012683,4045167486,3192246850,4160816410,5177995660.0,-1017179250,-2176165459,1557599759,1822573685,7485715937,0.0
TR,BAGFS,2024,13263905102,6090124219.0,7173780883,2029837331,3679307568,2208842270,1430333700.0,778508570,-1716561345,78643408,1230635642,9495823523,0.0
TR,BAGFS,2025,15043782686,7001843883.0,8041938803,2545181543,5641739336,5472514288,4883844249.0,588670039,135891977,203155249,1359078576,9607374487,0.0
TR,BAHKM,2021,300622414,110202881.0,190419533,201725143,98089541,367249534,315856548.0,51392986,17253621,11561877,40288056,86708450,0.0
TR,BAHKM,2022,591242716,192418111.0,398824605,292384924,151172929,408641437,291905827.0,116735610,53746722,35563909,55344990,263607782,0.0
TR,BAHKM,2023,923880632,305579837.0,618300795,411146494,237555639,579637958,448802856.0,130835102,83507039,50878899,86455564,464215035,0.0
TR,BAHKM,2024,1742690111,223567645.0,1519122466,1047688306,138815851,832672967,702098537.0,130574431,12491876,78015518,93165021,608498737,0.0
TR,BAHKM,2025,1568564182,234622411.0,1333941771,1013612493,124222303,1078247894,909405070.0,168842824,-301918841,76167670,63072703,410610634,0.0
TR,BAKAB,2013,237081116,118660382.0,118420734,126285147,80360107,197419724,163565056.0,33854668,6586671,24728940,40320021,107246624,
TR,BAKAB,2014,235448420,108530872.0,126917548,122487862,79096786,245618410,206746491.0,38871919,7586461,11041063,46186314,111522156,
TR,BAKAB,2015,272963882,159844337.0,113119545,152669795,111304021,282644398,243900205.0,38744193,2617181,10761758,52566009,118538116,
TR,BAKAB,2016,323948326,204053825.0,119894501,179534149,129611592,305554113,251597779.0,53956334,10810632,14558498,55571132,142431553,0.0
TR,BAKAB,2017,374959114,232948671.0,142010443,200015287,180819838,350865870,267890570.0,82975300,31336472,15754827,68549731,172680695,5233705.0
TR,BAKAB,2018,474593852,287529155.0,187064697,271950521,207969494,454241489,343198081.0,111043408,35965985,40298446,93300594,195221858,10903437.0
TR,BAKAB,2019,452816583,262739548.0,190077035,247702203,188567277,470253872,397533346.0,72720526,12525429,43070570,90036039,193216455,15451218.0
TR,BAKAB,2020,555936871,332604117.0,223332754,342723669,234196138,595400826,485983723.0,109417103,30589864,86861874,100192237,200960781,3090639.0
TR,BAKAB,2021,1099085938,767245742.0,331840196,774766164,641189348,895822327,760801478.0,135020849,76176073,167357628,204246672,303341562,15494344.0
TR,BAKAB,2022,3735771393,2168756949.0,1567014444,2075003219,1320819151,3821514712,3616562851.0,204951861,120207439,296339311,631079181,1603402883,56809832.0
TR,BAKAB,2023,5209727246,2542617672.0,2667109574,2415661678,1583836305,4936393288,4327194254.0,609199034,54564692,319333112,772179979,2696184398,0.0
TR,BAKAB,2024,5793373013,2743364241.0,3050008772,2332205057,1809630458,5737186907,5305516815.0,431670093,-383622871,232443985,807763656,3322510121,0.0
TR,BAKAB,2025,6330639018,3296673613.0,3033965405,2877735284,2423471939,6353885964,5712486775.0,641399189,-193030693,253382918,875781957,3297871605,0.0
TR,BALAT,2013,26889616,19323294.0,7566322,18169002,15729749,12272877,9770037.0,2502840,-1145006,30718,7798151,7827512,
TR,BALAT,2014,29629006,22039473.0,7589533,18625993,15437830,13115891,10425200.0,2690691,-2029074,306248,8092934,10412304,
TR,BALAT,2015,32249362,23133492.0,9115870,21293023,18283260,17330866,12796737.0,4534129,-816909,654539,8957766,10096248,0.0
TR,BALAT,2016,25198351,19019226.0,6179125,18405116,11126072,12762480,10380001.0,2382479,563633,286451,9948492,4156820,0.0
TR,BALAT,2017,21280073,16231611.0,5048462,13507560,10047325,6777044,6218126.0,558918,-1116523,16169,9763717,3667412,0.0
TR,BALAT,2018,20182814,18778510.0,1404304,12852636,13984309,4642343,3640734.0,1001609,-3629261,3,9589418,3534487,0.0
TR,BALAT,2019,25350908,18647665.0,6703243,12907191,14417007,610025,23105.0,586920,-953249,1152,9605373,8584679,0.0
TR,BALAT,2020,26548280,21035134.0,5513146,13855292,8413294,2097386,1690560.0,406826,810074,2654,10124656,8911520,0.0
TR,BALAT,2021,39902036,23424720.0,16477316,7616179,6382261,4551688,3752424.0,799264,-10902314,60084,2695286,28741683,0.0
TR,BALAT,2022,100484811,55103854.0,45380957,19188690,8272082,10983465,12023600.0,-1040135,-3427642,1623672,13051162,80095181,0.0
TR,BALAT,2023,175447456,25496600.0,149950856,15004340,12218977,21318038,31770537.0,-10452499,47556658,295515,10692715,147736773,0.0
TR,BALAT,2024,224848460,20389733.0,204458727,22227847,13569029,13191261,17925678.0,-4734417,-13230875,209488,6977497,187621492,0.0
TR,BALAT,2025,62830906,10470368.0,52360538,4305099,6062508,1783877,5773567.0,-3989690,-27125851,38649,1698044,214247,0.0
TR,BALSU,2021,6481859916,5725004450.0,756855466,5277147867,4856973732,13001703325,10835135474.0,2166567851,488544925,762114447,3268043665,888770862,0.0
TR,BALSU,2022,6383285646,5667893412.0,715392234,5100163051,5299118266,11001747548,10063226917.0,938520631,59528864,363386134,2833424628,1106274979,0.0
TR,BALSU,2023,8030563614,6254240109.0,1776323505,5295521608,5419837331,20269081264,17404842775.0,2864238489,1542190618,490071856,3301941843,1997446884,0.0
TR,BALSU,2024,17876315902,12602912669.0,5273403233,13765131821,10540263914,21472097504,18150702295.0,3321395210,586079832,645676463,7644658837,3317729354,0.0
TR,BANVT,2013,973753377,858343976.0,115409401,609557508,686573907,1655406636,1457275328.0,198131308,-55979311,13453305,197143817,297485635,
TR,BANVT,2014,988644418,897061782.0,91582636,634608750,741014799,1935566522,1682127486.0,253439036,-20634382,26177144,201978659,296452127,
TR,BANVT,2015,1050753461,831888049.0,218865412,438602226,729258982,2001062565,1789571400.0,211491165,-99674871,17497628,117666536,529221832,
TR,BANVT,2016,1087737613,763903011.0,323834602,469622417,460416723,1934743180,1569318611.0,365424569,62415065,8402586,149362228,551404278,0.0
TR,BANVT,2017,1339689910,726032434.0,613657476,734105962,655136422,2518889515,1944013291.0,574876224,254098379,47218976,256831672,574936701,0.0
TR,BANVT,2018,1545004829,813503832.0,731500997,986961171,689999088,2932275490,2517856729.0,414418761,81066013,170526565,250416441,513704531,0.0
TR,BANVT,2019,2047930533,953783930.0,1094146603,1181283004,659008003,3439333548,2911924370.0,527409178,110570814,294656978,308339672,797811136,0.0
TR,BANVT,2020,2668789174,1665090310.0,1003698864,1905767722,1130947153,3677878355,3454534402.0,223343953,-199747810,530144576,457476219,657618706,0.0
TR,BANVT,2021,3812039566,2567942523.0,1244097043,3014522850,2164440081,5321483536,4641890751.0,679592785,95150799,769346310,1034167589,712461517,0.0
TR,BANVT,2022,12199601262,8198105156.0,4001496106,7051339733,7046987682,20273876437,20790271633.0,-516395196,-982668170,884603863,1762560504,4525365027,0.0
TR,BANVT,2023,15782360668,9427514602.0,6354846066,9321093884,8151548090,30788565934,27135626509.0,3652939425,1374436221,1817196016,1841605357,6215219333,0.0
TR,BANVT,2024,24620203951,11525556799.0,13094647152,16554961885,10165881135,41275299717,31602127876.0,9673171841,4710917699,6935773504,2207223849,7684081670,0.0
TR,BANVT,2025,27713318059,15530771535.0,12182546524,18131064140,13808319491,36855049822,35815389496.0,1039660326,-3427983383,7720489097,2138298619,9275948718,0.0
TR,BARMA,2019,229247417,151555674.0,77691743,113136433,88900467,304058160,246264503.0,57793657,24974008,10363173,27160064,91056466,2702620.0
TR,BARMA,2020,337800830,213533394.0,124267436,165407506,130917130,412130921,322879723.0,89251198,46846911,5364461,39541065,137807828,0.0
TR,BARMA,2021,641234915,325615250.0,315619665,422586032,267489527,771092293,566813371.0,204278922,122158682,16494019,117942381,217783528,0.0
TR,BARMA,2022,2784837553,991687587.0,1793149966,1803247711,760874494,2847052943,2050892473.0,796160470,209395452,358493889,395052136,977516766,0.0
TR,BARMA,2023,5431517736,2676614955.0,2754902781,1947807445,1256629649,2859048372,2157613548.0,701434824,166271347,733406977,323707863,2468046075,0.0
TR,BARMA,2024,10220688240,5862374688.0,4358313552,1699339311,2934125046,3493889359,2589364669.0,904524689,292799238,163074684,318540327,6599670891,0.0
TR,BARMA,2025,14807301594,9700440380.0,5106861214,1932587087,4639114688,3980359410,2865275236.0,1115084175,-25422176,160696949,417126239,10985396009,0.0
TR,BASCM,2013,405795398,71397243.0,334398155,159592288,63567192,268520707,203247849.0,65272858,35050853,64586219,32825389,239927334,
TR,BASCM,2014,451253514,79215744.0,372037770,172131584,69578796,298756970,214432785.0,84324185,50967905,46635594,38985546,265605018,
TR,BASCM,2015,521051748,106333708.0,414718040,170902380,95783783,339608048,254091484.0,85516564,48982440,28440357,33672385,339851238,
TR,BASCM,2016,570110478,125379962.0,444730516,192847369,111621561,421337768,330281229.0,91056539,53651382,27205596,56183480,370205832,23680642.0
TR,BASCM,2017,649813051,197510979.0,452302072,258207866,181522416,506104463,415171408.0,90933055,41693875,33965180,74736388,373580700,34205373.0
TR,BASCM,2018,662137565,197765193.0,464372372,269841654,180070461,512312836,451848139.0,60464697,25934716,35852587,104269450,372417468,13155910.0
TR,BASCM,2019,694393387,230051365.0,464342022,255341229,186392233,480620117,419518699.0,61101418,1905361,50225228,63307053,365481584,0.0
TR,BASCM,2020,793953404,371220016.0,422733388,357663543,321042720,561142866,537956230.0,23186636,-41499408,72012688,73543035,356770584,0.0
TR,BASCM,2021,1130308243,735856112.0,394452131,671671702,693435464,905446296,850274161.0,55172135,-43273060,106633867,163789673,357227699,0.0
TR,BASCM,2022,6145017068,2736599693.0,3408417375,2992546337,2152257602,4803946579,4111585558.0,692361021,-67674856,767404985,716992563,2986356452,0.0
TR,BASCM,2023,8438153688,2115524508.0,6322629180,3329155049,2009615290,9197871526,7467038132.0,1730833394,1409464326,548036307,789343084,4615060411,0.0
TR,BASCM,2024,9659694791,2203431071.0,7456263720,3430090813,2006249672,11019846238,10052139861.0,967706377,-789420252,217752316,898346956,5822484731,0.0
TR,BASCM,2025,9891013200,2055303073.0,7835710127,4047373520,1876658564,11254602683,9485063424.0,1769539259,392044758,346167913,1002003244,5497083705,0.0
TR,BASGZ,2018,4756551272,2782006965.0,1974544307,1547710415,2096632972,3035622626,2606930885.0,428691741,369830494,769177457,12664752,45611647,727891013.0
TR,BASGZ,2019,5334760309,3429382234.0,1905378075,2810568555,2546521283,4058776051,3548746362.0,510029689,415592179,531764398,10435880,35473121,484758411.0
TR,BASGZ,2020,5786974616,3907707843.0,1879266773,3134967481,2734761527,5034842325,4432683908.0,602158417,532690901,954571734,14831829,26532615,558802203.0
TR,BASGZ,2021,7098060198,4728780014.0,2369280184,4132564626,3671887270,6548274434,5729505903.0,818768531,716656154,886430497,24425231,20053050,226642743.0
TR,BASGZ,2022,31014951990,19259960324.0,11754991666,11475616704,13535112172,34705943951,32826396382.0,1879547569,-1816579524,3992308089,37483272,113517178,1822817481.0
TR,BASGZ,2023,42845775298,22397097870.0,20448677428,10498834812,17930909485,41988279899,40068089744.0,1920190155,5629426189,3461822798,91895802,158716442,2159502548.0
TR,BASGZ,2024,59380842629,32641454325.0,26739388304,11931353986,25074809176,48031746701,44330556174.0,3701190527,3113822586,5714119117,155885542,204577112,3066193753.0
TR,BASGZ,2025,67516680844,36053762340.0,31462918504,11756726116,29002613056,52547696945,48677779106.0,3869917839,3743136945,4221001008,69964869,227998810,1728302054.0
TR,BAYRK,2017,29482591,15501011.0,13981580,17773697,12884107,31463053,23587649.0,7875404,2527073,2589927,1430526,10912389,0.0
TR,BAYRK,2018,34616668,16447425.0,18169243,23858589,15493107,29134551,20441804.0,8692747,3270289,3505777,2786076,10080051,0.0
TR,BAYRK,2019,43155951,20471753.0,22684198,22930264,16337814,38771282,28688876.0,10082406,4496336,3671848,3549253,14187695,0.0
TR,BAYRK,2020,87778393,33779750.0,53998643,56912048,26375816,37847765,27947081.0,9900684,4188162,7644267,19529410,27339907,0.0
TR,BAYRK,2021,112682644,53702305.0,58980339,74924446,46707613,67618396,50232487.0,17385909,4758427,13019769,34701466,34079551,0.0
TR,BAYRK,2022,345469443,173759907.0,171709536,196231814,106585480,278864440,248960682.0,29903758,-34309717,38839955,69072284,136612608,0.0
TR,BAYRK,2023,513806764,276318304.0,237488460,264628448,251165110,423471297,382044001.0,41427296,37982767,10818158,85125212,226899317,0.0
TR,BAYRK,2024,687707650,529044830.0,158662820,362929948,482710978,330329416,324398034.0,5931382,-141823400,2273952,174060552,288032087,0.0
TR,BAYRK,2025,701839730,468538361.0,233301369,317174781,432519695,253797534,251815555.0,1981979,-215253124,5761161,146282539,303982130,0.0
TR,BEGYO,2019,534315251,637085535.0,-102770284,96239707,341970812,0,0.0,0,0,2392303,52890003,2643576,
TR,BEGYO,2020,591761559,871674166.0,-279912607,63329592,614246752,24000122,10844714.0,13155408,-177144831,858817,45077716,2372518,0.0
TR,BEGYO,2021,1015190685,1407300684.0,-392109999,68657467,885938750,35568985,10953002.0,24615983,-112167221,3544203,39336629,2131341,0.0
TR,BEGYO,2022,2880687209,2053979277.0,826707932,239329434,1161508963,167478269,37510679.0,129967590,685304605,6400453,160683618,14352683,0.0
TR,BEGYO,2023,4247308771,1592358561.0,2654950210,1104665915,330295561,159307564,26851613.0,132455951,199888445,237931673,787043314,17244240,0.0
TR,BEGYO,2024,5388822482,15928547.0,5372893935,891333572,8959441,1270697230,608571201.0,662126030,1483401050,2585139,853562806,23560868,0.0
TR,BEGYO,2025,5779147629,54521476.0,5724626153,492957913,49281766,171940412,95214120.0,76726292,-107334513,18197292,423587391,27414495,0.0
TR,BERA,2013,1350454215,605204115.0,745250100,750464631,498376734,1048663342,868294561.0,180368781,23619551,80735484,287418232,452609046,
TR,BERA,2014,2084170376,876098886.0,1208071490,815953918,536371116,1188048324,1036418518.0,151629806,-7613905,62292484,320171693,915080443,
TR,BERA,2015,2201044143,973374344.0,1227669799,931813689,616015363,1148544414,923766114.0,224778300,22668405,43804516,388064767,907787864,
TR,BERA,2016,2447703107,1211161198.0,1236541909,1129300391,865356936,1312722377,1103945745.0,208776632,-2445052,34306729,468778684,918151688,6244950.0
TR,BERA,2017,2831856579,1423161823.0,1408694756,1315179562,1012231260,1649242187,1342031327.0,307210860,35919747,63055567,514817322,1017311959,5205314.0
TR,BERA,2018,3354481423,1539094094.0,1815387329,1444858604,1115067881,2185403921,1726579479.0,458824442,68971569,96370805,575808104,1352983581,5212201.0
TR,BERA,2019,3660767850,1774017727.0,1886750123,1791192689,1121687964,2252637641,1793361453.0,459276188,69886227,195384504,759360731,1365334975,20818200.0
TR,BERA,2020,4491075483,1860024060.0,2631051423,2191742707,1064220805,2823482889,2089836541.0,733646348,412701251,362039933,755097786,1547711844,12001828.0
TR,BERA,2021,6499408979,2366236051.0,4133172928,3323623324,1721596946,4217184173,3215725544.0,1001458629,923293203,923291956,1011459226,1716653775,55270129.0
TR,BERA,2022,21521903000,6737202738.0,14784700262,9861493161,3944554412,15047030768,10801801122.0,4245229646,-635742432,1573502755,3522867546,7462835420,147848344.0
TR,BERA,2023,34644555324,9675609585.0,24968945739,12427890255,5206472261,18557079447,14357327983.0,4199751464,4796148267,2699602607,4497680664,13075423961,202488759.0
TR,BERA,2024,43961082466,10110538016.0,33850544450,15031330899,6023055502,21810672944,16893886312.0,4916786633,1515894720,1840562323,5447633064,17822924590,0.0
TR,BERA,2025,46699761695,9500018995.0,37199742700,14767560511,5121575853,21050550736,15931715859.0,5118834877,505495994,1124289912,5439615826,22884445140,673445831.0
TR,BESLR,2013,369381599,390692375.0,-21310776,181629436,326946624,264498705,191091733.0,73406972,-43713497,11921100,63556903,159863060,0.0
TR,BESLR,2014,457990086,488543462.0,-30553376,185250279,327795089,327152147,235349723.0,91802424,-22831150,6834114,72968498,247057940,0.0
TR,BESLR,2015,1999860695,1636522411.0,363338284,1265964407,1364852364,382760013,276917860.0,105842153,-85157495,14451597,277073452,365042661,0.0
TR,BESLR,2016,604820268,657063349.0,-52243081,243006524,609562610,1898018981,1541871600.0,356147381,-16900338,1047182,123574431,308825865,2106591.0
TR,BESLR,2017,3396169594,2636181488.0,759988106,1840522941,1670561503,2406203154,1992515999.0,413687155,66678925,439356378,335427244,819153047,12100957.0
TR,BESLR,2018,2977372386,2195390941.0,781981445,1795523526,735713313,2422035082,1859089302.0,562945780,-33491157,19448273,363038616,874144623,0.0
TR,BESLR,2019,2703315005,1736935136.0,966379869,1533120810,620562397,2492865759,1879435873.0,613429886,158923018,13208215,417527030,865150925,0.0
TR,BESLR,2020,3540196211,2092561174.0,1447635037,2348202185,1093409010,3055708233,2309686373.0,746021860,445175432,57508936,612880936,926561431,0.0
TR,BESLR,2021,14775476949,9969964861.0,4805512088,9372043065,7690722505,4865330171,3888437097.0,976893074,-24510262,175898669,2662314865,4460151472,0.0
TR,BESLR,2022,17397543087,10013479665.0,7384063422,11414855084,8058969833,24248480443,20432251517.0,3816228926,1250289935,453330768,3162705792,4892968388,0.0
TR,BESLR,2023,23279359450,12759137566.0,10520221884,12762488802,9970064559,27298496089,21764390373.0,5534105716,630518522,64100708,4848965553,7805942885,0.0
TR,BESLR,2024,36389353747,20072552760.0,16316800987,21397654302,15447725540,32725314023,24985672081.0,7739641941,2162601996,2760512455,4702772662,10552354088,0.0
TR,BESLR,2025,44932517650,25682180522.0,19250337128,27975995887,20884861714,35756403703,26931902991.0,8824500712,447547313,3214389465,5441247596,12512235921,0.0
TR,BESTE,2022,1880253987,721867773.0,1158386214,41804935,189396367,178947454,81596607.0,97350847,69696678,10051791,0,1785693132,0.0
TR,BESTE,2023,2805211971,879783738.0,1925428233,61767725,264826060,287515179,188330683.0,99184496,52909752,22318833,0,2738078086,0.0
TR,BESTE,2024,5212829606,1323375986.0,3889453620,61184076,298000791,452209706,337022034.0,115187672,159691375,14741696,0,5138821519,0.0
TR,BESTE,2025,5278409326,1272440483.0,4005968843,133855070,292159666,493735725,356146638.0,137589087,209359889,75702191,0,5131435593,0.0
TR,BETAE,2023,5517400956,3186876921.0,2330524035,3121285031,2149692586,5241189118,3235953333.0,2005235785,1362836522,136239150,1308125341,1557834778,0.0
TR,BETAE,2024,6879072888,4513390332.0,2365682556,3516107929,3329911246,4303209791,2853327888.0,1449881903,42720348,60631912,1338823251,2339847784,0.0
TR,BETAE,2025,10367137394,7000555253.0,3366582141,4591834458,4598671620,4691069376,3188117293.0,1502952083,1008603269,338365399,1651131543,4507892995,0.0
TR,BEYAZ,2013,273969898,251224634.0,22745264,80294899,152472494,138413431,116345271.0,22068160,2544655,1680612,6954356,389658,
TR,BEYAZ,2014,206704334,182349862.0,24354472,42280458,147731811,345199277,293167767.0,52031510,-8521476,2361959,7884322,2109538,
TR,BEYAZ,2015,176112345,109489038.0,66623307,43696569,99008015,407312940,329852648.0,77460292,42503703,2641868,15014707,51205089,
TR,BEYAZ,2016,196464011,103883310.0,92580701,98463072,97499731,519126404,462418360.0,56708044,26447043,1655546,31152567,19502795,0.0
TR,BEYAZ,2017,279638368,173556066.0,106082302,229059440,153457215,707347068,657987002.0,49360066,13989914,6002480,51975180,9132020,0.0
TR,BEYAZ,2018,171574434,64756257.0,106818177,135527264,59121734,610176472,580734953.0,29441519,439883,12637646,18973482,7167428,0.0
TR,BEYAZ,2019,291422355,171088258.0,120334097,282354758,168376229,775579491,734487710.0,41091781,14467769,47559306,9837432,5861999,0.0
TR,BEYAZ,2020,405934261,250984562.0,154949699,381585760,243860440,1300046710,1236926836.0,63119874,37747525,65707067,168122972,18376177,0.0
TR,BEYAZ,2021,436365021,237985988.0,198379033,360388049,232191790,1470676139,1409397647.0,61278492,38052614,59974036,171314753,58866238,0.0
TR,BEYAZ,2022,2445565369,1823500753.0,622064616,2181821894,1797678873,5681816523,5430982988.0,250833535,22946470,362055268,759376918,202515628,0.0
TR,BEYAZ,2023,2897406124,1913865907.0,983540217,2515624470,1832753980,15056442173,14355816554.0,700625619,145949470,721856102,942016425,304432338,71848215.0
TR,BEYAZ,2024,3329303117,2118191929.0,1211111188,2532246812,2051241500,19835377862,19383215465.0,452162397,-49547048,944806777,761892591,689211477,17482770.0
TR,BEYAZ,2025,5503256006,4035078010.0,1468177996,4213592195,3896930909,22238904973,21413530118.0,825374855,145619726,1400199484,1321370924,1087915241,13765985.0
TR,BFREN,2013,61633353,19553478.0,42079875,49914084,17707762,68540927,54363952.0,14176975,8563922,33343655,3413093,11299480,
TR,BFREN,2014,74828901,23823024.0,51005877,63033546,21611302,82440871,68693542.0,13747329,9231681,30798614,10661344,11123341,
TR,BFREN,2015,71578714,20035048.0,51543666,57591586,17664597,88872256,73695561.0,15176695,12441825,29372649,4936293,13403037,
TR,BFREN,2016,78012903,19670251.0,58342652,63950952,17077757,112484499,94264584.0,18219915,18505860,29369202,6536504,13225080,11844796.0
TR,BFREN,2017,94465584,29762723.0,64702861,78970143,26615943,161084307,132503659.0,28580648,21494560,32248019,10047173,13562572,14844759.0
TR,BFREN,2018,103097806,31327166.0,71770640,83524388,28039526,219111711,178527384.0,40584327,34191054,29406313,14074063,18329769,27903430.0
TR,BFREN,2019,110067276,42457241.0,67610035,79226009,30488602,211351441,178219619.0,33131822,27371545,23605360,14240144,20955217,27345634.0
TR,BFREN,2020,137984775,69963447.0,68021328,111985365,58792929,207861975,179096214.0,28765761,23527804,40782690,16937375,17922937,5558644.0
TR,BFREN,2021,169535026,81628012.0,87907014,140115095,71456601,319375190,274059760.0,45315430,40273975,37893740,32161965,19091102,35504640.0
TR,BFREN,2022,790382683,502627780.0,287754903,417869515,348764142,1296637492,1122190682.0,174446810,116943509,122259183,82372407,234314694,86612748.0
TR,BFREN,2023,1036159126,859048420.0,177110706,593765723,471572555,1747705769,1658941308.0,88764461,-90824658,167823159,119408555,298218784,137016829.0
TR,BFREN,2024,1327962403,972851419.0,355110984,878156076,579918472,2702935906,2416894242.0,286041665,123578962,228831566,144906719,329970137,0.0
TR,BFREN,2025,1371930513,738696665.0,633233848,985500172,624433919,3227690374,2871936865.0,355753510,119395020,173431949,180713210,301186112,0.0
TR,BIENY,2020,1867134051,1351432228.0,515701823,1054746324,711717859,1129612053,854093042.0,275519011,66662722,67678406,326040378,523452466,0.0
TR,BIENY,2021,2937704906,1843649001.0,1094055905,2041132350,1118673646,2331124708,1424577900.0,906546808,579909221,18457720,439097253,523134886,0.0
TR,BIENY,2022,10398962901,5549360415.0,4849602486,6585383571,4520726589,10093322701,7585000891.0,2508321810,539276541,536773569,2042516700,3408097618,0.0
TR,BIENY,2023,19479227885,6197400942.0,13281826943,12188372745,5496332871,12642406884,10374927137.0,2267479747,166743833,564770217,4257835618,5376926918,0.0
TR,BIENY,2024,20943749520,6354977255.0,14588772265,9674452517,5674992291,10539826430,9865585559.0,674240871,-2751946688,174475194,4059266813,8451313643,0.0
TR,BIENY,2025,27288579406,12995131519.0,14293447887,12844374786,11968520135,13200552675,10904778820.0,2295773855,-1774896240,105161162,4160619313,12073452685,0.0
TR,BIGCH,2020,219791327,234294431.0,-14503104,51255420,115380468,157907614,109387703.0,48519911,-27671827,8674216,6040782,69862598,0.0
TR,BIGCH,2021,332363520,320565017.0,11798503,132321511,210025305,277672431,199389846.0,78282585,19318756,66429809,16177181,93713088,0.0
TR,BIGCH,2022,1283788335,843554100.0,440234235,392071558,461355844,1696380649,1339090869.0,357289780,262631378,155768367,56939599,380293489,0.0
TR,BIGCH,2023,2264149376,1076665678.0,1187483698,803026262,635645987,3143242866,2360336871.0,782905995,246320828,388126794,99695579,711982152,0.0
TR,BIGCH,2024,3230336101,1620593063.0,1609743038,828593151,1005271036,4538943747,3507120974.0,1031822774,205362676,135714972,108087314,1322819986,103403037.0
TR,BIGCH,2025,3832693528,2322550397.0,1510143131,1130581192,1694088225,5429254340,4271147526.0,1158106814,12564929,330061038,148594623,1781947182,103705812.0
TR,BIGEN,2021,1215004424,1038611124.0,176393300,81156067,468506694,92476590,45937113.0,46539477,99187443,44564788,1335564,1041076583,0.0
TR,BIGEN,2022,1710984583,1469861548.0,241123035,117985419,805366173,376504554,236649599.0,139854955,233945270,40554847,2335197,1453572161,0.0
TR,BIGEN,2023,4072054748,2571362594.0,1500692154,273802082,935315086,607655840,374572162.0,233083678,776505228,176249206,3938996,3494557667,0.0
TR,BIGEN,2024,7212227793,4479246911.0,2732980882,416900665,1571610588,1431709256,926957825.0,504751430,427181106,113862555,6814050,6297546599,0.0
TR,BIGEN,2025,8241889780,4359735103.0,3882154677,625711363,1300991543,1785399565,1142653938.0,642745627,-287328965,366039366,0,7064157256,0.0
TR,BIGTK,2013,62972506,27565624.0,35406882,58485911,20555288,100693772,59571677.0,41122095,2523470,5527514,1599814,1855081,
TR,BIGTK,2014,64848573,24951464.0,39897109,60041130,16702261,99551893,58192792.0,41359101,7521010,4248736,1800546,1593256,
TR,BIGTK,2015,61069951,26198268.0,34871683,56385307,17810442,97947679,59307661.0,38640018,3515551,17867464,1509038,1210030,
TR,BIGTK,2016,54224075,27689298.0,26534777,49556974,19391085,89485286,56020997.0,33464289,-3976625,14926162,1049728,793635,4053869.0
TR,BIGTK,2017,51219807,28089437.0,23130370,45091030,20280506,80437485,47817865.0,32619620,-1676799,13259448,1125367,876162,0.0
TR,BIGTK,2018,52090046,27070772.0,25019274,47284033,18760947,86518721,51491241.0,35027480,2479818,21803397,1714525,596797,0.0
TR,BIGTK,2019,59425229,37522564.0,21902665,48247898,26995473,84978327,53472626.0,31505701,-2481370,21796772,942905,708464,0.0
TR,BIGTK,2020,49080674,31835013.0,17245661,41297727,23606024,61548420,42311381.0,19237039,-4051790,18965271,1093427,582562,0.0
TR,BIGTK,2021,70947547,46581428.0,24366119,60856600,32533568,89534861,51564888.0,37969973,10068543,31014145,2214416,710514,0.0
TR,BIGTK,2022,168298146,120897594.0,47400552,145602624,83370589,300046798,169332346.0,130714452,-11198292,64409101,5467801,5851715,0.0
TR,BIGTK,2023,266397079,229263072.0,37134007,221007683,164519713,532016396,295374494.0,236641902,-9719517,26432891,6565186,6697703,0.0
TR,BIGTK,2024,309317516,317344529.0,-8027013,224947713,190602870,724664442,391137727.0,333526715,-22856934,31229984,6103363,7537089,0.0
TR,BIGTK,2025,1812686539,527280561.0,1285405978,462713667,404742049,643023183,428040420.0,214982762,-71062588,15278942,5642679,31694533,0.0
TR,BIMAS,2013,2697270000,1698006000.0,999264000,1575925000,1645954000,11848841000,9991510000.0,1857331000,412984000,405493000,638474000,980950000,220110000.0
TR,BIMAS,2014,3238131000,2088600000.0,1149531000,1812332000,2021398000,14463059000,12237034000.0,2226025000,395299000,325468000,807295000,1243184000,242733000.0
TR,BIMAS,2015,4167785000,2497426000.0,1670359000,2160683000,2399268000,17428497000,14612083000.0,2816414000,583131000,348789000,975267000,1784675000,273017000.0
TR,BIMAS,2016,4989137000,3087960000.0,1901177000,2654633000,2967849000,20071717000,16708737000.0,3362980000,670859000,578435000,1119020000,2090824000,333523000.0
TR,BIMAS,2017,7025675000,4067795000.0,2957880000,3602483000,3830814000,24779408000,20553994000.0,4225414000,863001000,980378000,1456249000,3057725000,453555000.0
TR,BIMAS,2018,8947950000,5435934000.0,3512016000,4842262000,5131245000,32322987000,26613139000.0,5709848000,1250464000,546919000,2097894000,3698551000,571206000.0
TR,BIMAS,2019,14852270000,10614980000.0,4237290000,5806245000,6998109000,40211942000,33226484000.0,6985458000,1224877000,1158847000,2368527000,4329172000,966939000.0
TR,BIMAS,2020,23430292000,16254605000.0,7175687000,11135793000,11020795000,55495364000,45375969000.0,10119395000,2606815000,1112693000,4228394000,6230953000,303600000.0
TR,BIMAS,2021,30412122000,22603050000.0,7809072000,14011093000,15864572000,70698507000,57238477000.0,13460030000,2950710000,1497058000,6692940000,7898133000,3609174000.0
TR,BIMAS,2022,126100954000,67793605000.0,58307349000,46717906000,47471057000,279252910000,237182345000.0,42070565000,16599432000,3594938000,24400577000,45058844000,3497643000.0
TR,BIMAS,2023,213872217000,113179958000.0,100692259000,78627174000,78071363000,474200415000,399581632000.0,74618783000,22299719000,5207428000,39455421000,71668815000,4957372000.0
TR,BIMAS,2024,308708006362,153549944040.0,155158062322,96914519269,97741409304,680072865516,561200202580.0,118872662936,24362918475,3684757801,48542638737,117906143509,9395453978.0
TR,BIMAS,2025,372038529174,188167386225.0,183871142949,122680734559,119236203288,793458396023,640011001481.0,153447394542,20616307257,3808085281,59914112998,144821210390,8938499058.0
TR,BINBN,2021,1172054512,432001849.0,740052663,587327131,192227134,242150196,119640309.0,122509887,27125110,479571281,7749265,282625147,0.0
TR,BINBN,2022,1160006781,545028883.0,614977898,423076566,302286871,662347555,336279068.0,326068487,-103636574,121927272,8634030,669477915,0.0
TR,BINBN,2023,2240911187,1481385544.0,759525643,1449445221,1368628790,780458823,406526593.0,373932230,34356625,1125814676,66420115,739891244,0.0
TR,BINBN,2024,2685280272,398326070.0,2286954202,1850069707,166417490,1026659889,781869688.0,244790201,-163679307,218137559,88612597,763141750,0.0
TR,BINBN,2025,2372139618,299970156.0,2072169462,1594354098,130441089,595513604,591607607.0,3905997,-440525635,182179874,59958141,638567583,0.0
TR,BINHO,2022,8229531337,1901300045.0,6328231292,2247467,15736404,8194921120,997.0,8194920123,6302574562,264831,0,0,0.0
TR,BINHO,2023,21301063739,5257771094.0,16043292645,1649008491,356518358,4426081332,860.0,4426080472,5584085334,376548909,0,3188461,0.0
TR,BINHO,2024,15834235868,3764772539.0,12069463329,2093484934,511499643,41227433,361535.0,40865898,-8929976028,65279638,0,5633389,0.0
TR,BINHO,2025,20072422711,5183753813.0,14888668898,986816502,1080884521,0,0.0,0,1608441232,209638385,0,3727560,0.0
TR,BIOEN,2018,202922861,121082552.0,81840309,36857773,48355269,49220930,31459093.0,17761837,-1462615,9577366,1108058,83310799,0.0
TR,BIOEN,2019,340173964,245719062.0,94454902,65483512,113854638,92055030,64616858.0,27438172,2748106,18340368,0,174522680,0.0
TR,BIOEN,2020,814750232,614764877.0,199985355,236847427,221477052,245301281,177515049.0,67786232,49921373,101809923,4416684,436083099,0.0
TR,BIOEN,2021,1832048051,1273378141.0,558669910,682926209,473782767,427703847,304367466.0,123336381,3995099,170866301,63659533,894311146,0.0
TR,BIOEN,2022,6644030002,4168840028.0,2475189974,2025235367,2007819718,2337689221,1540646477.0,797042744,576555082,45542874,195042076,3951794724,0.0
TR,BIOEN,2023,9627464829,5510799328.0,4116665501,1654412303,2316198481,3224019476,2735611541.0,488407935,1371762729,212501368,470110873,6677082400,0.0
TR,BIOEN,2024,11244725146,5993313982.0,5251411164,1451732844,2278909476,3517974767,3362314590.0,155660177,129054011,129019576,499413924,8164963277,0.0
TR,BIOEN,2025,10653347492,7584646768.0,3068700724,875409511,2801764100,3238376500,3128501836.0,109874665,-1521094091,57536398,257358515,7831288124,0.0
TR,BIZIM,2013,459971219,323737145.0,136234074,362081629,318449703,2246842473,2049443236.0,197399237,39820599,41974814,234694811,90040332,
TR,BIZIM,2014,531292359,396863473.0,134428886,384383040,377674006,2279397165,2063586313.0,215810852,10886812,26225073,222420728,112062399,
TR,BIZIM,2015,604570297,458343292.0,146227005,467326707,439679277,2563776717,2329373308.0,234403409,14375170,51487889,256503396,104625156,
TR,BIZIM,2016,579208528,441545098.0,137663430,441355572,414229612,2793159503,2552611137.0,240548366,1376142,79329191,248831324,104084374,3950000.0
TR,BIZIM,2017,709304772,603519114.0,105785658,529099633,574875510,2896367998,2651840103.0,244527895,-30358339,227239220,248502044,142819816,0.0
TR,BIZIM,2018,842182879,718332878.0,123850001,663654681,690151060,3725343576,3315956510.0,409387066,21637496,277627501,280679743,141658397,0.0
TR,BIZIM,2019,1140646596,999371038.0,141275558,767898691,860710332,4520672511,4005212864.0,515459647,33075535,402750436,296428554,174410656,10300000.0
TR,BIZIM,2020,1520081297,1367388534.0,152692763,1053216758,1198545780,5361820597,4780180603.0,581639994,38182719,500788478,437496239,240562609,8268884.0
TR,BIZIM,2021,2138497049,1922402159.0,216094890,1540869062,1730315335,7173144694,6290320186.0,882824508,82245447,585389621,733557865,299449463,19242526.0
TR,BIZIM,2022,10200729927,8166313997.0,2034415930,6838897712,7174769171,31937713710,28828587420.0,3109126290,736508801,1146195058,3344022347,1603862305,0.0
TR,BIZIM,2023,13377373887,10535381717.0,2841992170,7357968846,8727933095,46522093733,41964914472.0,4557179261,108024287,1306811534,3281621542,2644956561,50000000.0
TR,BIZIM,2024,15169609675,13865310295.0,1304299380,7735262064,11786317419,50026481453,43191759364.0,6834722089,-2228888579,1137941567,4274027340,3197299754,0.0
TR,BIZIM,2025,13272080159,12953427256.0,318652903,5937236499,11022599489,43367848066,36130674498.0,7237173567,-906285328,242688541,3853739562,2823585028,0.0
TR,BJKAS,2013,104646652,468702791.0,-364056139,25108832,317904163,142106681,205646559.0,-63539878,-143902328,4090022,3427495,2430192,
TR,BJKAS,2014,179621502,667199696.0,-487578194,70161792,337730968,222818633,236001576.0,-13182943,-131979330,764889,10875934,2486473,
TR,BJKAS,2015,295626429,841996961.0,-546370532,186462883,581976325,407548058,336548798.0,70999260,-58663366,2455528,7416262,9144139,0.0
TR,BJKAS,2016,549631163,1068439780.0,-518808617,197536937,733548555,582858585,436356111.0,146502474,4703927,1949457,10188915,260888859,0.0
TR,BJKAS,2017,952861896,1461890593.0,-509028697,530744971,1031945848,906168511,620293100.0,285875411,10047768,1394207,9492736,259612463,0.0
TR,BJKAS,2018,1151320499,1966491791.0,-815171292,765496198,1608892069,621350216,619858896.0,1491320,-305711408,1614327,15301887,254459052,0.0
TR,BJKAS,2019,1409565603,2702391503.0,-1292825900,1042320212,1180294098,497829215,653419520.0,-155590305,-477704296,68280,14564960,239070807,0.0
TR,BJKAS,2020,2175623957,3868033240.0,-1692409283,1856673667,826213364,534462210,497590611.0,36871599,-399174748,268386,10836082,228504607,0.0
TR,BJKAS,2021,2373056748,4786108543.0,-2413051795,2007935110,1204268178,987914619,1295418952.0,-307504333,-716879634,134565090,28635377,220594853,0.0
TR,BJKAS,2022,6870751148,10385861351.0,-3515110203,3955621913,3049567253,2681517237,3670608506.0,-989091269,902931610,199102322,116575346,1723733456,0.0
TR,BJKAS,2023,8727697757,12837986061.0,-4110288304,3757517601,6024519769,4646194229,6291519349.0,-1645325120,644534129,25268974,199001986,2250614652,0.0
TR,BJKAS,2024,19310635565,15663455290.0,3647180275,4625566940,10096745407,7101646678,9611018461.0,-2509371783,-1564071269,51527152,410973952,2822340592,0.0
TR,BLCYT,2013,154846971,57176869.0,97670102,73013950,26768034,66748902,55107670.0,11641232,7916188,27463991,13598925,52276160,
TR,BLCYT,2014,153918745,50710247.0,103208498,57720107,29034424,79135408,62061804.0,17073604,15310371,2082243,14582873,55061050,
TR,BLCYT,2015,192926437,73388575.0,119537862,65315876,35071974,86684085,65293930.0,21390155,21683410,8097704,14668960,61942977,
TR,BLCYT,2016,224316067,92957729.0,131358338,70468831,35956002,81757104,61501747.0,20255357,15207481,1303915,23046034,78193303,1648250.0
TR,BLCYT,2017,252689208,102849968.0,149839240,104513027,53641854,149469772,102396708.0,47073064,24616746,1201446,19295706,74084676,3154546.0
TR,BLCYT,2018,295300270,108029978.0,187270292,131705305,62951339,192827603,122589884.0,70237719,41379410,2741113,36151797,81443887,4500000.0
TR,BLCYT,2019,304717489,46082810.0,258634679,135545052,38421056,215979905,142580382.0,73399523,76276842,13799275,48265933,75013942,4980000.0
TR,BLCYT,2020,336291192,41478916.0,294812276,160378040,38632014,123651857,76509610.0,47142247,41304919,48081505,48881379,75524505,4793894.0
TR,BLCYT,2021,888456226,109501038.0,778955188,304908345,36855892,321551103,190022405.0,131528698,182760058,135522384,67755675,472373449,0.0
TR,BLCYT,2022,2855060199,157447990.0,2697612209,1049401398,77558525,1335723425,966615368.0,369108057,343539758,488518735,178766725,1294928773,32328020.0
TR,BLCYT,2023,4567375375,291155562.0,4276219813,1595116705,177288667,743776506,520108355.0,223668151,434758103,814692627,315039432,1795061518,41281717.0
TR,BLCYT,2024,6695682850,804462688.0,5891220162,1432735755,134567969,886730852,794375115.0,92355737,-194072803,916546511,96660070,2287983585,0.0
TR,BLCYT,2025,6851106085,964873556.0,5886232529,1936160756,142804719,676311675,545737320.0,130574355,-27956036,272089879,101880633,2336619551,0.0
TR,BLUME,2013,22170041,23250376.0,-1080335,16021875,5669290,470298,424650.0,45648,-4951909,327823,11592512,2678751,
TR,BLUME,2014,21963895,28334008.0,-6370113,15670261,6216661,0,0.0,0,-5295070,208213,11592512,2677276,
TR,BLUME,2015,49655571,41204565.0,8451006,46204585,4517487,39515009,10800399.0,28714610,14817675,4463632,37079921,2683920,
TR,BLUME,2016,17595076,2170985.0,15424091,14507320,2113940,41652121,30316029.0,11336092,7053378,1967824,10420815,125293,0.0
TR,BLUME,2017,37175129,23598119.0,13577010,11147919,4810045,3775050,1610769.0,2164281,-1831713,1420666,8810047,20418495,0.0
TR,BLUME,2018,35473575,30937796.0,4535779,11671167,7217098,11353320,5555739.0,5797581,-9049076,408639,6647172,18397209,0.0
TR,BLUME,2019,35540534,31007802.0,4532732,13482649,6631542,17001521,8436965.0,8564556,2859,5733538,2257237,16430817,0.0
TR,BLUME,2020,46816913,34778373.0,12038540,20300695,7053900,14229154,5635842.0,8593312,57581,14073210,0,23183405,0.0
TR,BLUME,2021,92826757,62418091.0,30408666,56293916,21165320,10696111,4204316.0,6491795,-17859559,17197393,23521268,32305170,0.0
TR,BLUME,2022,406940301,234866937.0,172073364,252886907,115383516,125170094,62293387.0,62876707,22594019,6798855,199514761,135740334,0.0
TR,BLUME,2023,520961480,246280292.0,274681188,331470636,147494818,325704027,222999042.0,102704985,24840475,299870,252271458,166758382,0.0
TR,BLUME,2024,541330710,88566457.0,452764253,324616325,29745635,279112926,203957746.0,75155180,22449968,1320499,245169168,191718198,0.0
TR,BLUME,2025,745494694,126386635.0,619108059,458612676,71113844,250415391,183447219.0,66968172,2479429,11115995,255153248,212920150,0.0
TR,BMSCH,2018,72766192,36769920.0,35996272,45824070,26533868,258857860,242183819.0,16674041,5414774,15907668,8947698,26914441,0.0
TR,BMSCH,2019,79437866,32526652.0,46911214,41472801,26480106,283172932,265900103.0,17272829,1839071,15563928,9658888,37354013,0.0
TR,BMSCH,2020,115447211,54714509.0,60732702,70950765,39898768,291475175,261834150.0,29641025,9958486,17258658,20423296,43097761,0.0
TR,BMSCH,2021,235405183,55905157.0,179500026,169347244,47368065,447792698,400452953.0,47339745,24187748,38655442,88471697,64476437,0.0
TR,BMSCH,2022,850600136,301881669.0,548718467,437184920,265620412,1933600592,1810094372.0,123506220,-31544209,186262435,68907067,400129595,14179100.0
TR,BMSCH,2023,1604371686,513087691.0,1091283995,480365545,368682152,3254713847,3003027301.0,251686546,36935995,166950715,99011563,1100291792,23337653.0
TR,BMSCH,2024,2124259299,863958365.0,1260300934,482737350,613261403,3070336080,3040143420.0,30192660,-257881739,148583006,79409937,1589419946,0.0
TR,BMSCH,2025,2165399507,909564742.0,1255834765,407613871,513220474,2770877036,2549329128.0,221547907,-84544452,81660152,171588378,1681177551,0.0
TR,BMSTL,2019,263216848,231635763.0,31581085,139377936,142864025,253064438,226399165.0,26665273,-11791163,1073715,43171704,108301904,0.0
TR,BMSTL,2020,305157219,262999345.0,42157874,152290807,186492763,280636883,237971106.0,42665777,2939704,7384272,41349771,135426280,0.0
TR,BMSTL,2021,604434233,414447403.0,189986830,318659387,321502600,555273247,420214465.0,135058782,51009999,36470877,132568355,258301708,0.0
TR,BMSTL,2022,1048739000,447250683.0,601488317,551920901,367057433,1112868185,871683442.0,241184743,123282572,131614623,216091972,436075825,0.0
TR,BMSTL,2023,1639197034,696442446.0,942754588,641878903,475496301,1380215793,1138514831.0,241700962,16892030,81926776,276889822,878569095,11000076.0
TR,BMSTL,2024,2725291061,1228757146.0,1496533915,1021096596,938178309,2342985374,1954264921.0,388720453,-14587971,119662730,544553621,1516511384,0.0
TR,BMSTL,2025,2946000058,1236420932.0,1709579126,1222977716,915120629,2927999530,2417397016.0,510602514,-82727884,413582859,384311276,1610743911,0.0
TR,BNTAS,2013,35649428,9046258.0,26603170,17260494,2635330,23671363,19127806.0,4543557,2400879,3844395,2639800,18370765,
TR,BNTAS,2014,44448149,9441181.0,35006968,16725157,3871115,29884646,24979578.0,4905068,2336777,1490015,3021383,27715964,
TR,BNTAS,2015,84779663,29835644.0,54944019,39585725,10869878,36987101,30907013.0,6080088,3705042,18603974,7071795,44959131,
TR,BNTAS,2016,87072229,26521022.0,60551207,37850935,10456662,41647511,35263294.0,6384217,4220836,9424414,6793198,48751244,3490118.0
TR,BNTAS,2017,94829790,33444902.0,61384888,36846577,15906721,54671468,49079584.0,5591884,1284529,7557496,10905396,57233256,164485.0
TR,BNTAS,2018,124100353,24185729.0,99914624,41267566,9017144,88009143,73355139.0,14654004,7827117,11866279,13221197,81880580,0.0
TR,BNTAS,2019,160640160,21324214.0,139315946,77050227,10622421,110262772,96310943.0,13951829,14675182,51583841,17712132,82368445,0.0
TR,BNTAS,2020,261550649,41545121.0,220005528,136623161,29635514,162399924,138271204.0,24128720,25319958,102980843,20056286,114869328,0.0
TR,BNTAS,2021,323325256,35629345.0,287695911,181907838,27042807,254536139,208084337.0,46451802,64598188,87478526,47334202,136905255,30716733.0
TR,BNTAS,2022,872628074,184952589.0,687675485,561791715,167871783,989161744,814329948.0,174831796,163290087,196935831,182970021,279285180,0.0
TR,BNTAS,2023,1229241107,217784969.0,1011456138,801103319,194983601,1393808436,1152135366.0,241673070,246009605,351895355,118954171,388137539,0.0
TR,BNTAS,2024,1467838844,114011186.0,1353827658,731674688,87494755,1461853031,1182641378.0,279211653,285136679,183457930,125430099,698033372,0.0
TR,BNTAS,2025,1895356569,198139683.0,1697216886,1109625362,164438911,1472213163,1216674585.0,255538578,264527412,274898917,231328001,741531472,0.0
TR,BOBET,2018,733224348,713978624.0,19245724,388387504,629855003,648876886,585214652.0,63662234,-34558363,5230468,78199833,307598384,0.0
TR,BOBET,2019,859656906,649768369.0,209888537,277955257,559559438,778325448,681753504.0,96571944,12783714,599219,27231929,476188422,0.0
TR,BOBET,2020,1053981738,683001215.0,370980523,321316583,507473329,732810563,664797517.0,68013046,29620509,36793656,19815667,673734199,0.0
TR,BOBET,2021,1486179167,541455090.0,944724077,510392042,401629376,913645341,853244646.0,60400695,37624029,216902498,29056192,927372033,0.0
TR,BOBET,2022,5001576540,1624364576.0,3377211964,1831607979,1140865446,6293673456,5389893762.0,903779694,390272270,370007292,110673283,2963613860,121219773.0
TR,BOBET,2023,9741872311,3170838673.0,6571033638,3723561520,2610786870,12851984247,10239484565.0,2612499682,2027357386,1976079167,134453951,5533538755,784521539.0
TR,BOBET,2024,11236939701,3257191746.0,7979747955,3308249935,2696166542,13250483845,11954061334.0,1296422512,210829046,12219052,178019076,7505339280,835645435.0
TR,BOBET,2025,15095140336,7811887591.0,7283252745,6634896565,6128123337,12435083707,12658896573.0,-223812865,-1262517144,12679907,181214837,8136252265,91929327.0
TR,BORLS,2021,1755723982,1775713780.0,-19989798,718556994,1280006663,1292710213,885003965.0,407706248,12825705,407362501,16617931,844312788,0.0
TR,BORLS,2022,4930888224,3345109820.0,1585778404,959238616,2297536007,3371711023,2821409915.0,550301108,823589035,82445617,8700763,3352075321,0.0
TR,BORLS,2023,9055419642,5060917575.0,3994502067,2495700995,3476017336,4592554953,3724577558.0,867977395,734323020,1536099516,0,5124447889,121803442.0
TR,BORLS,2024,11672335701,8508659681.0,3163676020,2747031855,5824879023,8952099042,7115484860.0,1836614183,-2060166738,95174119,0,5634315373,4729790.0
TR,BORLS,2025,14446204114,15536993977.0,-1090789863,4833682435,10545253078,7652663443,7031397149.0,621266294,-4293311601,167706013,212820499,7517419603,0.0
TR,BORSK,2020,467335231,220627748.0,246707483,141324911,146278711,516660947,433104380.0,83556567,34061352,286992,109518981,215324794,0.0
TR,BORSK,2021,613862683,223327145.0,390535538,297273809,172375462,559902701,351900286.0,208002415,148367297,716055,202067728,205912432,0.0
TR,BORSK,2022,3782459950,1136086842.0,2646373108,2119719408,644601638,3253711377,1837062181.0,1416649196,862644409,135128513,1576086722,1053778497,16349148.0
TR,BORSK,2023,6792605524,866416643.0,5926188881,3797506457,470669789,5406687611,3861307024.0,1545380587,1136771971,302201417,1829363003,2155025742,331380962.0
TR,BORSK,2024,9319753391,1188723264.0,8131030127,3683856836,889570950,5517786206,4883735485.0,634050721,534055632,116248697,2260337361,4195108756,154117499.0
TR,BORSK,2025,9799784571,1719926152.0,8079858419,3199304992,1317686673,5625102860,4953585109.0,671517751,-364992947,59853023,2160736633,5424611928,237405864.0
TR,BOSSA,2013,697850839,277583499.0,420267340,362350181,212693011,371763210,280968307.0,90794903,17257356,10594471,89858674,211979013,
TR,BOSSA,2014,617940105,324379524.0,293560581,251788502,202636990,391811989,294282858.0,97529131,7041751,14638756,89073933,209352496,754393.0
TR,BOSSA,2015,466742777,408408580.0,58334197,249105995,221010037,374615566,279201141.0,95414425,21803073,12914142,72886625,210530109,3302417.0
TR,BOSSA,2016,474370773,423077192.0,51293581,205968124,254153300,361200233,282410665.0,78789568,-47234462,18803590,66792839,168123810,1403326.0
TR,BOSSA,2017,538950279,477643629.0,61306650,213513392,213953447,373261199,271691234.0,101569965,7672103,12970185,81494835,170873579,0.0
TR,BOSSA,2018,782139042,643300621.0,138838421,336428428,288534818,555098120,358029166.0,197068954,57969655,8482075,112214912,254357137,0.0
TR,BOSSA,2019,883057414,662809045.0,220248369,410975585,358544333,691666743,516300383.0,175366360,64559541,20149966,128854342,262991505,0.0
TR,BOSSA,2020,1008539490,736951713.0,271587777,527343945,434275354,703987557,456536221.0,247451336,37121215,14696578,187405220,333521736,0.0
TR,BOSSA,2021,1843424434,1165266298.0,678158136,1143567143,863922370,1350266817,894179619.0,456087198,327148279,67178556,378430709,519462016,0.0
TR,BOSSA,2022,7258399439,3599784468.0,3658614971,2859206067,2180248977,5111475711,4544177826.0,567297885,1060227999,389114117,1249974435,3040321513,0.0
TR,BOSSA,2023,10888563572,3734762236.0,7153801336,3912079519,2517070550,7143277463,6073526995.0,1069750468,1657904751,283440931,1509136789,4805258675,0.0
TR,BOSSA,2024,14600652167,4470588671.0,10130063496,4862470744,2943766196,8200836016,6543864115.0,1656971901,708892824,136013381,2343615682,6867590016,0.0
TR,BOSSA,2025,16425778727,4652336588.0,11773442139,5518282247,2832020379,7601795343,6104510890.0,1497284453,313652723,509886396,2649534899,7834969871,0.0
TR,BRISA,2013,1405424971,836958470.0,568466501,844245872,468485205,1489491658,1098300837.0,391190821,144348171,7968100,281133660,502422151,0.0
TR,BRISA,2014,1576371568,971493949.0,604877619,924158523,497496508,1693497624,1206123114.0,487374510,186319625,9847319,313952942,565233002,
TR,BRISA,2015,2136044045,1478444225.0,657599820,1235022474,943867701,1801875943,1240495578.0,561380365,197193165,60713519,357632271,676146959,
TR,BRISA,2016,2836268145,2266082085.0,570186060,1332726787,1155144962,1766472991,1247912326.0,518560665,80112628,85736102,364067909,1089522968,166929486.0
TR,BRISA,2017,3452814275,2769334255.0,683480020,1401202356,1075878841,2294135975,1682952842.0,611183133,95203492,194516054,393225371,1692960221,0.0
TR,BRISA,2018,4557552404,3636609151.0,920943253,1649849935,1168626958,2998775696,2232016139.0,766759557,95741377,284147243,571623768,1753497711,0.0
TR,BRISA,2019,5279690112,4382648128.0,897041984,2225786569,2350980269,3654321859,2729681612.0,924640247,114013293,792595257,634680918,1826642872,0.0
TR,BRISA,2020,6060497318,4622110347.0,1438386971,2945862080,2303595842,4236875447,2960444581.0,1276430866,539949789,1335061833,617649856,1829629539,34196437.0
TR,BRISA,2021,10289318731,7980226423.0,2309092308,5884258116,5088156388,6634262406,4618321892.0,2015940514,1004575346,3344879436,1108722999,2017050602,269993520.0
TR,BRISA,2022,32756848347,21140184225.0,11616664122,16551691963,16489904132,26863170153,20908956178.0,5954213975,2509492968,6001849193,4045055057,11631747134,1461297765.0
TR,BRISA,2023,53507014214,34093586666.0,19413427548,31806082605,24964014231,38257936373,28874697639.0,9383238734,5735553194,18947072695,4746922199,17628026450,2519582186.0
TR,BRISA,2024,56477448870,30759345676.0,25718103194,29501017287,24219408505,45219106784,34568192628.0,10650914155,1980471072,9136144280,6782232090,24405673341,1910146955.0
TR,BRISA,2025,57248977533,31241776016.0,26007201517,27707861316,26353737815,45499077618,35302331957.0,10196745661,-1209974182,9045940077,6841190668,26632337513,1064284300.0
TR,BRKO,2013,242460081,122736286.0,119723795,116238932,64925807,146443980,127573319.0,18870661,-8954115,3634981,33183978,122324801,
TR,BRKO,2014,249379018,137718878.0,111660140,126704274,84148303,143488783,129343093.0,14145690,-8063329,2720060,45735904,120558403,
TR,BRKO,2015,261303385,163156011.0,98147374,138017031,112048340,137565401,125282455.0,12282946,-13512375,1978405,41960727,119773349,
TR,BRKO,2016,186609315,106019288.0,80590027,71777772,88586587,95157526,92297526.0,2860000,-15047059,2076049,20643852,110032944,0.0
TR,BRKO,2017,154604873,68720126.0,85884747,38948557,53613848,27048605,22629835.0,4418770,-2457003,583235,20544216,105877228,0.0
TR,BRKO,2018,140379909,50200035.0,90179874,30117104,39461985,26613836,20889808.0,5724028,-6921107,340853,22794859,103426976,0.0
TR,BRKO,2019,130711635,51761032.0,78950603,21553172,43958912,18755851,19534930.0,-779079,-11096020,45114,18997420,101077645,0.0
TR,BRKO,2020,135384390,51271313.0,84113077,23801789,30247086,24599459,19617733.0,4981726,-3481922,52002,19286766,19908640,0.0
TR,BRKO,2021,168988008,83828816.0,85159192,62812234,63284029,63899849,44188607.0,19711242,1075965,112905,28901965,19351531,0.0
TR,BRKO,2022,835932309,111549139.0,724383170,66599507,78227384,66402199,50578743.0,15823456,142034558,22926,29138899,34423652,0.0
TR,BRKO,2023,1210982237,70753090.0,1140229147,59799720,59625747,65122963,50942414.0,14180549,-478368711,30246,6696809,930493641,0.0
TR,BRKO,2024,2137016047,160165409.0,1976850638,262661232,63738101,102366460,25297115.0,77069344,35163406,819927,13703140,1530255040,0.0
TR,BRKO,2025,2784892567,444267601.0,2340624966,456808466,186163439,176832533,87368695.0,89463838,152017819,5191728,47455070,1987833012,0.0
TR,BRKSN,2013,33066944,17260165.0,15806779,16255198,14096198,25028673,20678588.0,4350085,-2540969,3134616,5491137,16563145,
TR,BRKSN,2014,38678219,20347473.0,18330746,17248534,17553803,36515481,28559613.0,7955868,954663,2382107,5818722,20081980,
TR,BRKSN,2015,47405811,28678500.0,18727311,23519164,20496711,41524596,31372887.0,10151709,400541,2662923,7636557,22863136,
TR,BRKSN,2016,52215291,28465681.0,23749610,23904021,19333191,50277530,37919251.0,12358279,520381,2555918,6994014,27578146,0.0
TR,BRKSN,2017,58531710,32671353.0,25860357,30940354,23068933,64401668,48221471.0,16180197,2021005,7822795,6679845,26908352,0.0
TR,BRKSN,2018,62503969,35255703.0,27248266,32317791,29645620,74982883,54343034.0,20639849,441439,4343546,8654543,29356189,0.0
TR,BRKSN,2019,67210667,41836947.0,25373720,36359417,32142701,73086324,57033536.0,16052788,-1675806,8489842,11926574,29239226,0.0
TR,BRKSN,2020,75247958,45361754.0,29886204,46016725,32534180,83942256,59491720.0,24450536,7848377,10156774,13614216,28552058,0.0
TR,BRKSN,2021,135811619,89143415.0,46668204,91720167,70270309,141727618,103863691.0,37863927,15478610,4412759,25795494,40509738,0.0
TR,BRKSN,2022,448085047,219595262.0,228489785,231895893,172756230,540305169,396204235.0,144100934,-2206735,22217809,74245069,207211566,3219609.0
TR,BRKSN,2023,743626362,189431245.0,554195117,306800460,143917839,812658496,508701370.0,303957126,108358095,60291654,82783584,397368395,6885899.0
TR,BRKSN,2024,903321679,208208807.0,695112872,355449527,135105094,869549442,566615912.0,302933530,-6506272,21102576,100874057,514234322,7331418.0
TR,BRKSN,2025,1146252233,259168125.0,887084108,441392009,139702253,891302847,561312895.0,329989951,21870060,82934694,119398946,676280223,0.0
TR,BRLSM,2018,363872470,308044616.0,55827854,286522596,292329077,357573956,328935450.0,28638506,-9518004,67613261,44355957,29157441,2406311.0
TR,BRLSM,2019,552621928,460489786.0,92132142,474826743,423727509,506433092,437792196.0,68640896,36609881,111627277,70805092,27437642,0.0
TR,BRLSM,2020,523829894,374136641.0,149693253,506500324,365065676,578056989,483359117.0,94697872,59991630,49062023,58864003,13773426,0.0
TR,BRLSM,2021,889811874,547396907.0,342414967,814575364,525644209,620288863,544413864.0,75874999,31706586,180095042,100499925,74368773,0.0
TR,BRLSM,2022,3498788539,2596095528.0,902693011,3187140096,2505168476,2638649776,2415170480.0,223479296,-173429468,587178613,438533161,267511719,8524614.0
TR,BRLSM,2023,5048719966,4106504742.0,942215224,4553687386,4078863695,5729217184,5136920765.0,592296419,-311460254,487735231,427321766,433206949,51509933.0
TR,BRLSM,2024,4334049400,2520959785.0,1813089615,3684919350,2365441682,5258668631,3897338679.0,1361329952,572086927,101755905,403276637,570310594,0.0
TR,BRLSM,2025,5887008719,4128434606.0,1758574113,4900818889,3919616501,5144784331,4319946248.0,824838083,-252961308,300761908,460026661,584609329,0.0
TR,BRMEN,2013,35727358,15347005.0,20380353,9161894,1865005,12028277,9501332.0,2526945,-2901936,933794,3549855,25873578,
TR,BRMEN,2014,37478591,19278941.0,18199650,10857890,6314759,12243965,9391260.0,2852705,-2193865,455094,5377096,25964890,
TR,BRMEN,2015,77926234,35399739.0,42526495,12772138,15326601,11895296,9178477.0,2716819,-6559834,52425,7011997,64509846,
TR,BRMEN,2016,71695337,30304240.0,41391097,9057644,9264465,15273580,12030367.0,3243213,-7684029,262712,4647330,11848707,0.0
TR,BRMEN,2017,75329272,33642609.0,41686663,5098523,15878765,13867630,11824513.0,2043117,-934135,209590,372827,13044886,0.0
TR,BRMEN,2018,106524184,71916382.0,34607802,28877551,71841314,3417198,1540498.0,1876700,-8710091,26631890,45771,14384269,0.0
TR,BRMEN,2019,89960514,65602800.0,24357714,1826894,57635378,3275709,1526959.0,1748750,-10663493,76469,85629,14810761,0.0
TR,BRMEN,2020,5298872,15819776.0,-10520904,1374503,12575668,2998046,1146228.0,1851818,-10867680,103373,69933,10723,0.0
TR,BRMEN,2021,6063621,19668070.0,-13604449,2156996,16263984,3124090,1188049.0,1936041,-3132643,12078,79281,16402,0.0
TR,BRMEN,2022,15559947,18685517.0,-3125570,9574767,16240470,3591143,1614924.0,1976219,2750533,5390795,1965429,1542043,0.0
TR,BRMEN,2023,86248277,53351197.0,32897080,74639879,51075699,47367857,27839786.0,19528071,-5710445,16610290,24331133,3499441,0.0
TR,BRMEN,2024,114596146,93540966.0,21055180,93715127,92201032,168958175,94718601.0,74239574,-19759579,15807480,55489431,6294869,0.0
TR,BRMEN,2025,130356491,144975654.0,-14619163,102802042,143352098,220328483,128465125.0,91863358,-38385882,3237966,64500486,7602002,0.0
TR,BRSAN,2013,2004685897,1283521096.0,721164801,845298152,755250148,1198199713,1074719700.0,123480013,36702931,155689383,391036724,1069207536,40306014.0
TR,BRSAN,2014,2683027476,1684677156.0,998350320,1093468143,1073257816,1638608965,1467719304.0,170889661,25018317,111999717,460988878,1496585889,
TR,BRSAN,2015,3148007903,1900333508.0,1247674395,1188478600,1190217951,1948925206,1726289670.0,222635536,19126704,240764375,521172516,1842560847,24439997.0
TR,BRSAN,2016,3543459244,1940701139.0,1602758105,1107135081,1183074668,1966331044,1635628456.0,330702588,102082224,100596675,607844966,2287243680,25766057.0
TR,BRSAN,2017,4164367105,2334080286.0,1830286819,1667719433,1518329432,2841607138,2382738854.0,458868284,243579783,516518575,650643649,2346197541,96200930.0
TR,BRSAN,2018,6824019354,4052366697.0,2771652657,3199809115,2907917249,4864628668,4195273343.0,669355325,283224164,778724987,1053233356,3283306533,131649150.0
TR,BRSAN,2019,6931740248,4044189781.0,2887550467,2920630375,2833307496,4574046063,4071190700.0,502855363,65704657,945308903,1188136911,3623154421,139662773.0
TR,BRSAN,2020,8039107000,4489905000.0,3549202000,3087565000,3126662000,3728998000,3378959000.0,350039000,-10661000,789862000,1158928000,4495874000,0.0
TR,BRSAN,2021,16476483000,9824488000.0,6651995000,7613364000,7295136000,7329974000,6739585000.0,590389000,94425000,2256973000,2965119000,8014558000,0.0
TR,BRSAN,2022,27597988000,15738411000.0,11859577000,13737466000,12732552000,22204754000,19077007000.0,3127747000,1349894000,1508492000,6256799000,12443256000,0.0
TR,BRSAN,2023,55917026000,30964101000.0,24952925000,31900641000,25725288000,42175476000,35087591000.0,7087885000,4102826000,3808588000,15795788000,20932938000,0.0
TR,BRSAN,2024,72565470145,33164119971.0,39401350174,32215405827,24885605575,72076722116,67355455451.0,4721266665,-298026126,3084040547,16290041163,34256180848,0.0
TR,BRSAN,2025,83836269002,42312747898.0,41523521104,41230029669,34946797675,78627635373,72013030616.0,6614604757,1399337906,6008332947,21253402418,35193978705,0.0
TR,BRYAT,2013,452486483,10869229.0,441617254,125783259,1732760,0,0.0,0,31695363,122848887,0,0,
TR,BRYAT,2014,554724515,13673733.0,541050782,142567173,1925949,19444959,0.0,52640967,43808024,138797238,0,0,
TR,BRYAT,2015,640652560,14443590.0,626208970,166556767,1455960,17871404,0.0,17871404,34495005,159831390,0,0,
TR,BRYAT,2016,798975498,24247489.0,774728009,224504996,7125894,25077625,0.0,25077625,31237363,218124891,0,0,13404439.0
TR,BRYAT,2017,952731331,22137528.0,930593803,273011108,1545262,47127053,0.0,47127053,59438347,265708191,0,0,12811552.0
TR,BRYAT,2018,2029756623,71455816.0,1958300807,411652355,5693336,78840633,0.0,78840633,24396980,389265902,0,0,25907824.0
TR,BRYAT,2019,2344571538,105458367.0,2239113171,472841480,27644535,49033084,0.0,49033084,67584493,455336726,0,0,41569538.0
TR,BRYAT,2020,3310294964,153559493.0,3156735471,568866669,43286164,34545856,0.0,34545856,152571685,518236620,0,0,47285162.0
TR,BRYAT,2021,5930933674,247146691.0,5683786983,94562936,37521796,47783263,0.0,47783263,274644415,78350995,0,0,75037152.0
TR,BRYAT,2022,10988014087,389101437.0,10598912650,596581672,3258819,264263503,0.0,264263503,1229544344,574657715,0,0,171660404.0
TR,BRYAT,2023,26184754454,1016538261.0,25168216193,1056773088,14895087,165945220,0.0,165945220,2269211251,1027915384,0,0,436144567.0
TR,BRYAT,2024,36657323429,2618604802.0,34038718627,540952447,112760225,103995074,0.0,103995074,2661353908,489139711,0,0,1626147423.0
TR,BRYAT,2025,41780632566,3240153070.0,38540479496,5814196209,1170053266,98684823,0.0,98684823,5106494367,4321536831,0,0,2012126908.0
TR,BSOKE,2013,279886969,82684301.0,197202668,84507400,23217169,106986727,78793537.0,28193190,8875492,47894091,21963598,125424456,
TR,BSOKE,2014,312011448,85210512.0,226800936,85825570,30319250,149170624,95193334.0,53977290,30763026,41668050,16658622,144949094,
TR,BSOKE,2015,429026430,196516137.0,232510293,164291685,49124093,126379053,85956644.0,40422409,19441281,118854264,19758044,178959010,
TR,BSOKE,2016,655484778,438324266.0,217160512,102954459,95672321,119537146,95285941.0,24251205,-17265003,50098618,22932032,411479030,0.0
TR,BSOKE,2017,1072159165,637627468.0,434531697,114943200,178506208,133873185,117536996.0,16336189,-31523149,3771655,26170606,864454931,0.0
TR,BSOKE,2018,1283099079,799026696.0,484072383,163201076,281646068,285553613,207327060.0,78226553,-76565711,11830347,78473685,1030909589,0.0
TR,BSOKE,2019,1336082896,1045683093.0,290399803,231603288,413445120,237007484,268786379.0,-31778895,-198700046,50588796,100373863,1005058093,0.0
TR,BSOKE,2020,1330417116,1379855873.0,-49438757,243537040,616324249,471966263,408411989.0,63554274,-348458900,3388475,117546937,961588523,0.0
TR,BSOKE,2021,2289182000,2265847000.0,23335000,453134000,1491993000,737083000,674116000.0,62967000,-689575000,1593000,172704000,1700996000,0.0
TR,BSOKE,2022,8412478000,5901070000.0,2511408000,1550135000,2253582000,3999212000,4178707000.0,-179495000,-210079000,66642000,756731000,6842462000,0.0
TR,BSOKE,2023,12743881000,7252346000.0,5491535000,2295415000,3652521000,5951416000,5118008000.0,833408000,1259861000,30437000,1051475000,10432430000,0.0
TR,BSOKE,2024,16718256726,6750698557.0,9967558169,2444983622,4370282813,5592126052,5356699183.0,235426869,328209897,42581892,953338570,13811464025,0.0
TR,BSOKE,2025,18707034407,4811733047.0,13895301360,2748194885,2372090794,6398581601,5955481754.0,443099847,-132467455,60655241,1001465669,15092056416,0.0
TR,BTCIM,2013,841028180,346080714.0,494947466,247428559,138121132,491424727,379753539.0,111671188,40365512,101030256,57241245,406011585,
TR,BTCIM,2014,913747079,345430969.0,568316110,272969716,171160400,575437031,416932916.0,158504115,85393297,70544332,62046270,455980941,
TR,BTCIM,2015,1128007795,511970382.0,616037413,386842463,229501042,600907717,425900535.0,175007182,69207677,146078304,63998961,544847586,
TR,BTCIM,2016,1497244560,893980542.0,603264018,401444704,303129796,589354090,472192567.0,117161523,2935390,126730982,57857735,844124526,16046382.0
TR,BTCIM,2017,2234190774,1248813440.0,985377334,408343639,458886562,687516471,572337034.0,115179437,-19423708,62808370,61179958,1632102508,0.0
TR,BTCIM,2018,2409617215,1421554614.0,988062601,393689869,582390745,980807069,703189220.0,277617849,-32985306,13651284,127946300,1792621386,0.0
TR,BTCIM,2019,2429931032,1677573863.0,752357169,466314450,647306435,783591810,753641563.0,29950247,-232230562,80557840,163777547,1730103700,0.0
TR,BTCIM,2020,2537196065,2202742254.0,334453811,617082871,1168996888,1160528594,985550603.0,174977991,-415324427,112394733,182289478,1665971173,0.0
TR,BTCIM,2021,4407388000,3340184000.0,1067204000,899209000,2252095000,1933796000,1659158000.0,274638000,-779143000,13239000,327087000,3323083000,0.0
TR,BTCIM,2022,17715085000,9607914000.0,8107171000,3291731000,3873389000,11341723000,10376175000.0,965548000,627942000,212326000,1436430000,13086623000,0.0
TR,BTCIM,2023,28939956000,11232870000.0,17707086000,6229866000,5231494000,16599968000,14230156000.0,2369812000,2967065000,449678000,1674588000,21016134000,0.0
TR,BTCIM,2024,36254156696,11211149168.0,25043007528,5987966706,5355638955,17592197318,15498705411.0,2093491907,99647021,427890950,1539291169,27933750211,13351018.0
TR,BTCIM,2025,39145617988,11883681250.0,27261936738,5706288090,5584661792,15724171160,14140158341.0,1584012819,-231917358,233427109,1680830561,30297603861,39688188.0
TR,BUCIM,2013,501541278,162924193.0,338617085,317998594,101077054,534730286,428905202.0,105825084,36859875,39677968,81496442,134887796,
TR,BUCIM,2014,527635430,141993774.0,385641656,311160690,87465419,612846723,469864634.0,142982089,65709229,51039288,89491906,166933242,
TR,BUCIM,2015,611114225,195574802.0,415539423,369315780,131238720,608000335,479318087.0,128682248,52393527,55548579,99534404,191673008,
TR,BUCIM,2016,694275533,212417040.0,481858493,416820025,160171287,694538817,525630174.0,168908643,85711305,72551197,113472038,220980527,16493376.0
TR,BUCIM,2017,872751956,313832844.0,558919112,561595164,271436944,922013254,720617931.0,201395323,91271422,65001504,170990427,230879956,19865003.0
TR,BUCIM,2018,900968225,206842823.0,694125402,554722010,165682261,1189550086,896443622.0,293106464,159073768,26105976,242201344,261659476,20869432.0
TR,BUCIM,2019,945574141,226508199.0,719065942,577378058,171315539,1028223556,917667136.0,110556420,33902349,120270841,204402630,268360002,4268552.0
TR,BUCIM,2020,1232092707,314389103.0,917703604,840364610,233896296,1224607667,1027721204.0,196886463,134192139,215034757,279820619,270746272,7532739.0
TR,BUCIM,2021,2312011125,468876189.0,1843134936,1551152551,411417396,2293763056,1706713973.0,587049083,618081039,419370483,575287569,445034587,7543006.0
TR,BUCIM,2022,10798349367,2132913642.0,8665435725,5380513779,1271603591,11546476821,8293765700.0,3252711121,617888295,1070780439,1712067755,4292667281,23646626.0
TR,BUCIM,2023,17354018420,2407234882.0,14946783538,6871330231,1913995242,15066638064,10793909739.0,4272728325,2698407159,1641248999,1768716285,8465170020,204469722.0
TR,BUCIM,2024,24877475036,5263818064.0,19613656972,7634460952,3130163241,15450192687,11659288278.0,3790904409,617881818,1793130634,2072310123,15623155199,213576561.0
TR,BUCIM,2025,30816894304,10400443948.0,20416450356,9318704397,4771205839,13363247719,11096127133.0,2267120587,-938054836,2518055502,2278163668,19764369971,189552593.0
TR,BULGS,2021,195671376,10456359.0,185215017,40261762,3670507,82943388,71742955.0,11200433,49243980,23547364,0,525612,0.0
TR,BULGS,2022,266157351,5733422.0,260423929,99979999,1985933,349965740,317192749.0,32772991,-2320350,83648528,0,789639,0.0
TR,BULGS,2023,2346981038,13304384.0,2333676654,47802319,6036823,640465596,364287765.0,276177831,1803003742,46832483,0,1394505,0.0
TR,BULGS,2024,4894145129,27726388.0,4866418741,80202854,11766744,4294197539,1305916720.0,2988280819,1811675473,76446285,0,6967616,0.0
TR,BULGS,2025,8247055314,11523968.0,8235531346,1332493999,10750436,2181121976,1518231477.0,662890498,1799668935,10171370,0,6915057,0.0
TR,BURCE,2013,41560174,24336018.0,17224156,17855188,12076441,23332748,20673309.0,2659439,-3163502,2474584,11482899,22194154,
TR,BURCE,2014,49086995,32479686.0,16607309,23805648,23680669,39528975,33733016.0,5795959,-270743,1813955,12438584,23108393,
TR,BURCE,2015,76213562,32548137.0,43665425,22373352,20065576,38055310,31584660.0,6470650,-2932983,4535545,11676341,53251601,
TR,BURCE,2016,80131854,37976590.0,42155264,25570160,25237936,45812224,37025373.0,8786851,-1162277,1987307,13474160,53530497,0.0
TR,BURCE,2017,86895545,47728459.0,39167086,31469275,29250257,53704848,43639105.0,10065743,-2892279,3078168,14171237,54807760,0.0
TR,BURCE,2018,89214316,53110256.0,36104060,31008084,33611126,66469340,51258437.0,15210903,229400,1454821,15058185,56117396,0.0
TR,BURCE,2019,143885624,70438434.0,73447190,35949792,42317039,65477818,50579135.0,14898683,-2875418,2818078,16841136,103874865,0.0
TR,BURCE,2020,157351070,83540757.0,73810313,49875376,48745676,81534003,70227175.0,11306828,2978703,10504860,19184569,102068331,0.0
TR,BURCE,2021,172686673,95625549.0,77061124,63594561,67419204,119009315,94885172.0,24124143,2503513,4504362,24863236,101837501,0.0
TR,BURCE,2022,986418656,360988622.0,625430034,291884104,212857708,556713030,407041425.0,149671605,108861975,78766510,125343590,660229182,0.0
TR,BURCE,2023,1643274091,686869880.0,956404211,606215897,484040527,950944976,716544008.0,234400968,78814315,189112100,170360592,979271825,0.0
TR,BURCE,2024,1919131392,611244542.0,1307886850,537630168,347933378,1763012384,1326069815.0,436942569,90638921,88753862,268459336,1281016556,0.0
TR,BURCE,2025,2071331646,801355149.0,1269976497,523468345,520439029,739666136,638435040.0,101231095,-168855321,66389574,257597930,1403184283,0.0
TR,BURVA,2013,7544072,5398159.0,2145913,6254664,2613679,6180134,5176382.0,1003752,-989955,408372,5066358,686533,
TR,BURVA,2014,7753167,6190986.0,1562181,4983345,3166750,4908986,3955883.0,953103,-537017,58946,3917203,2058630,
TR,BURVA,2015,9244750,5419195.0,3825555,6613848,4012529,6513498,4878620.0,1634878,104283,327941,3863991,1898145,
TR,BURVA,2016,11929926,7693369.0,4236557,9055193,5427645,6770279,4416083.0,2354196,-232309,122959,5348218,2331900,0.0
TR,BURVA,2017,14503509,9491728.0,5011781,11787476,7566965,15567812,11852792.0,3715020,897953,1304803,4553985,2255128,0.0
TR,BURVA,2018,13666976,8644652.0,5022324,10738437,6195845,16550121,12684697.0,3865424,81080,967569,4515699,2604735,0.0
TR,BURVA,2019,17740768,11434377.0,6306391,13249564,8018236,11339684,6598825.0,4740859,-148157,411300,3701099,4213055,0.0
TR,BURVA,2020,19980097,13612743.0,6367354,16228231,10045362,33060537,28233547.0,4826990,256373,2488321,5901291,3470766,0.0
TR,BURVA,2021,25006073,18286255.0,6719818,20787803,15706007,17546249,13253528.0,4292721,398089,2006828,7955015,3917742,0.0
TR,BURVA,2022,114773618,71594958.0,43178660,87493989,57245359,82644354,53414724.0,29229630,11008028,3384158,55198900,26143539,0.0
TR,BURVA,2023,190793682,125743815.0,65049867,146540626,110226053,241124948,230978558.0,10146390,4469251,38274348,41258300,42330039,0.0
TR,BURVA,2024,163145428,34668513.0,128476915,106334344,18549531,536081908,364757112.0,171324796,46284191,33592048,53440440,55073307,0.0
TR,BURVA,2025,198340732,105652757.0,92687975,139869926,95605338,155025430,139877465.0,15147965,-49338708,9761830,70933326,54120148,0.0
TR,BVSAN,2020,347249184,300115534.0,47133650,175965705,210689926,275598425,235629010.0,39969415,6647933,22695941,61037936,157189786,0.0
TR,BVSAN,2021,600103839,529154252.0,70949587,429867817,414920843,505203575,428807256.0,76396319,28761780,130685834,83243697,158958097,0.0
TR,BVSAN,2022,2325190091,1712266702.0,612923389,1415237462,1236615600,1981717710,1643889074.0,337828636,75622541,170813265,522724547,753309677,0.0
TR,BVSAN,2023,3624397791,1997923173.0,1626474618,2061730778,1513219867,3062779182,2356382946.0,706396236,417687006,242780165,752526338,1458882484,0.0
TR,BVSAN,2024,4352761898,1738456538.0,2614305360,1930645925,1611317502,3589377700,2833033788.0,756343912,526823055,177023734,683214821,1986604434,0.0
TR,BVSAN,2025,5026247146,2172492583.0,2853754563,2606204122,1434023353,3466804106,2536936138.0,929867968,209758562,206820870,897488951,2156153198,36328992.0
TR,BYDNR,2020,181510345,158642439.0,22867906,57374612,91994065,157039516,148319807.0,8719709,2549837,13252379,8454924,21819700,0.0
TR,BYDNR,2021,366184225,227512138.0,138672087,99134244,136953872,278900205,230307571.0,48592634,32760427,35325160,23748890,133575222,0.0
TR,BYDNR,2022,1362015066,828233894.0,533781172,400262493,469101055,1549790549,1190427268.0,359363281,131681212,164064658,139424068,426394835,0.0
TR,BYDNR,2023,2401185674,1060038975.0,1341146699,990005532,588383415,2807822423,2172715797.0,635106626,200439312,515660285,229498509,649016068,0.0
TR,BYDNR,2024,3403533756,1776166016.0,1627367740,1146398563,981092137,4123394654,3507245989.0,616148665,-153456897,577853342,314597912,1055673136,0.0
TR,BYDNR,2025,3499788118,1885227734.0,1614560384,725966004,1046601609,4361474971,3923054654.0,438420317,-111086375,191322662,229218637,1533837822,67983683.0
TR,CANTE,2018,2490683085,1615999710.0,874683375,228978551,560731071,234157733,216495769.0,17661964,-97636618,1107559,46020949,2212911598,0.0
TR,CANTE,2019,2696765681,1946000381.0,750765300,449658953,942912313,741955505,575342199.0,166613306,-147888570,2968335,85036278,2147845716,0.0
TR,CANTE,2020,2756020239,1963563987.0,792456252,320992272,657896111,739549313,527296553.0,212252760,37352705,1203171,127864319,2173562940,0.0
TR,CANTE,2021,5553130514,2937497281.0,2615633233,541510344,1081976692,1192936521,865358998.0,327577523,-180963007,23552721,222076764,4921667543,0.0
TR,CANTE,2022,17089295521,5266254881.0,11823040640,3567240185,2044598810,11399575659,7492615343.0,3906960316,2607990010,345120633,981829540,11986900987,0.0
TR,CANTE,2023,25646417264,1350157716.0,24296259548,6123904865,1179323550,8418613192,7017529731.0,1401083461,645027971,161991458,1824044797,17127858043,0.0
TR,CANTE,2024,33810574540,4301916317.0,29508658223,6991364713,4181599903,7989409902,6669386321.0,1320023580,-1613206478,205988795,2104598059,22557786027,0.0
TR,CANTE,2025,34033725790,2379000272.0,31654725518,5096053410,2293766609,6778575491,6353467706.0,425107785,-1101365637,560498180,2539370525,24719626088,0.0
TR,CASA,2013,72642493,36076612.0,36565881,30031759,30629603,13972480,13153003.0,819477,5453295,3611417,5599321,35642281,
TR,CASA,2014,54903025,28194330.0,26708695,6094771,22067333,4316257,4681373.0,-365116,-12710715,80275,251890,9922800,
TR,CASA,2015,79933374,51082596.0,28850778,24197147,43537796,6439984,5975886.0,464098,-2414726,5752,12990,12121957,
TR,CASA,2016,78096186,45489853.0,32606333,48922817,38453307,0,0.0,0,-2339182,23869,0,11117692,0.0
TR,CASA,2017,96521771,51866268.0,44655503,74614373,45793454,522676,141566.0,381110,-3982420,2937,1598541,11789291,0.0
TR,CASA,2018,85931158,44109851.0,41821307,65041087,38803923,106833,107398.0,-565,-4634735,58735,52104,8044123,0.0
TR,CASA,2019,95775111,41542849.0,54232262,22333924,40795701,153303,0.0,153303,12410955,4941,0,7154649,0.0
TR,CASA,2020,207571198,118423824.0,89147374,108526723,64399375,220519812,195752183.0,24767629,6729236,22391,42203734,3650141,0.0
TR,CASA,2021,306744264,92797404.0,213946860,183389598,8052579,860459035,793474064.0,66984971,35615180,15125,0,3746283,1432083.0
TR,CASA,2022,693237138,217346536.0,475890602,603866111,35906910,1705715830,1464324291.0,241391539,138217850,17837,0,1634518,0.0
TR,CASA,2023,367071153,141350319.0,225720834,28566591,141246292,864496677,577875747.0,286620930,280947328,13280,0,32200527,0.0
TR,CASA,2024,313481804,23251424.0,290230380,28928678,23251424,0,0.0,0,9930463,2288,0,42148020,0.0
TR,CASA,2025,276816140,101236840.0,175579300,31890884,101236839,1256274462,1089893130.0,166381332,-144362903,33168,0,46379752,0.0
TR,CATES,2020,757045426,2514969704.0,-1757924278,189974513,2383586385,461703016,421514080.0,40188936,-333361634,82061639,22835949,507654313,0.0
TR,CATES,2021,3853350035,2963428197.0,889921838,166924184,190862118,630496326,652850118.0,-22353792,-169721406,4339896,43598053,3622847297,0.0
TR,CATES,2022,12306891509,6362930329.0,5943961180,1381046849,521642468,6414685218,5054472499.0,1360212719,2537094209,40945410,239038925,10299217764,0.0
TR,CATES,2023,16133033865,4462964924.0,11670068941,3138034706,2878546323,7646176781,6436449306.0,1209727475,2196636794,1651443697,332352728,12364568680,0.0
TR,CATES,2024,12300349271,1315475221.0,10984874050,2267645764,391374142,7065327252,6467814052.0,597513199,-4488899887,522186847,354579952,9192365175,0.0
TR,CATES,2025,16483908205,2443408595.0,14040499610,3254754350,434649959,7152340608,6454403386.0,697937222,1967417974,1321247314,211456829,12329749230,0.0
TR,CCOLA,2013,7005775000,4134436000.0,2871339000,2802351000,1815250000,5186445000,3228101000.0,1958344000,502169000,916770000,461486000,2783929000,
TR,CCOLA,2014,7201860000,3828828000.0,3373032000,2249180000,1443236000,5985370000,3803928000.0,2181442000,347204000,756968000,575687000,3362053000,85000000.0
TR,CCOLA,2015,8945818000,4804247000.0,4141571000,2658277000,1521963000,6723866000,4389456000.0,2334410000,126653000,1002214000,620807000,4366714000,
TR,CCOLA,2016,10455946000,5458999000.0,4996947000,3132848000,1497639000,7050245000,4657765000.0,2392480000,22391000,1466109000,521303000,5084815000,30016000.0
TR,CCOLA,2017,13534749000,8112301000.0,5422448000,5705260000,4155924000,8392143000,5619832000.0,2772311000,281497000,3874702000,563847000,5257963000,73902000.0
TR,CCOLA,2018,14154616000,7730526000.0,6424090000,4537246000,2695977000,10623385000,7096283000.0,3527102000,351432000,2289734000,803952000,6489084000,230293000.0
TR,CCOLA,2019,15959755000,8590406000.0,7369349000,5464927000,3536100000,12007762000,7826810000.0,4180952000,942246000,2822808000,871565000,6899240000,300158000.0
TR,CCOLA,2020,19147331000,10410690000.0,8736641000,7716923000,4322509000,14391013000,9318818000.0,5072195000,1314206000,4660596000,1041025000,7343668000,272113000.0
TR,CCOLA,2021,33261900000,18292058000.0,14969842000,10713404000,7482502000,21929535000,14212544000.0,7716991000,2420837000,4141603000,2500771000,12002586000,794574000.0
TR,CCOLA,2022,107259230000,60108927000.0,47150303000,46524391000,28384514000,93189575000,64711010000.0,28478565000,14387234000,23083020000,11192910000,33678082000,1289861000.0
TR,CCOLA,2023,159044967000,94139733000.0,64905234000,69669265000,59928704000,145883975000,98181539000.0,47702436000,30551384000,31409153000,18744028000,50871256000,1588002000.0
TR,CCOLA,2024,194148655352,113449367045.0,80699288307,79526550633,69356902563,180216669597,116616382858.0,63600286739,19491824596,30437216525,20133114545,71016483782,3240006611.0
TR,CCOLA,2025,209929519747,114604856888.0,95324662859,81008124433,70245806419,205978154464,132726578836.0,73251575628,15695368146,28945178279,21008175702,81361420498,3884651230.0
TR,CELHA,2013,100203575,72708339.0,27495236,68464477,56140620,131941746,110433913.0,21507833,-608127,13821896,22468544,30172519,
TR,CELHA,2014,99921314,65310206.0,34611108,68181468,59717928,156987144,133423973.0,23563171,7823728,12917251,13242441,30312533,
TR,CELHA,2015,110863008,78908656.0,31954352,78642021,73178937,139874906,125694658.0,14180248,635679,13024999,22958298,30578151,
TR,CELHA,2016,126002848,92420082.0,33582766,96240548,86425890,152904029,131329542.0,21574487,2058536,17854212,29898939,28844789,0.0
TR,CELHA,2017,150358217,107741547.0,42616670,110214023,100942488,225121382,187106280.0,38015102,10765070,11225922,37747338,37213682,1155000.0
TR,CELHA,2018,206562186,151626986.0,54935200,141724499,143435863,311900263,247200282.0,64699981,18372631,2948073,58384294,62419577,5280000.0
TR,CELHA,2019,239724977,206240239.0,33484738,165895448,195547886,315152125,280197575.0,34954550,-10447614,17230550,62790623,61218226,10000000.0
TR,CELHA,2020,255623166,231602346.0,24020820,179342846,217232043,335265960,283887074.0,51378886,-8131158,11738954,77187945,59202846,0.0
TR,CELHA,2021,577712767,526250984.0,51461783,480915117,494935687,686839428,563658550.0,123180878,7572680,75911415,214722521,72700772,0.0
TR,CELHA,2022,1463373129,1166798181.0,296574948,911111067,1015376856,2766179664,2393964774.0,372214890,-53302082,80860848,403848708,513406125,10299862.0
TR,CELHA,2023,2151228988,1668143542.0,483085446,959850248,1618730810,2453236476,2155076566.0,298159910,52905858,71353782,359262776,1096742977,0.0
TR,CELHA,2024,6048607398,2055965816.0,3992641582,996624548,1108148808,2152288616,1969522146.0,182766470,-167926935,61697632,291780619,4923187639,0.0
TR,CELHA,2025,6126176905,1424644935.0,4701531970,1161713164,842411352,2349452818,2214009915.0,135442903,-727942884,23729804,455200636,4744145194,0.0
TR,CEMAS,2013,376379578,76722968.0,299656610,199082714,68889994,88832701,77182416.0,11650285,25459122,14089528,17136413,39358010,
TR,CEMAS,2014,335497478,71565785.0,263931693,79677685,61357198,113131248,99273807.0,13857441,-22191600,24580788,15732930,56350544,
TR,CEMAS,2015,341391908,133285033.0,208106875,125420391,72620362,96055429,90127211.0,5928218,-15076266,25755889,15179447,117990458,
TR,CEMAS,2016,344083972,154347783.0,189736189,148197455,86060389,118402634,106488390.0,11914244,-25547502,19251160,17559644,114329769,303723.0
TR,CEMAS,2017,297141579,199266436.0,97875143,138080504,129939061,147252577,132926553.0,14326024,-38627363,3332314,23711231,112970051,0.0
TR,CEMAS,2018,335229870,214298074.0,120931796,192804490,130053565,141209515,120115896.0,21093619,-32174264,1343431,23867928,94402058,0.0
TR,CEMAS,2019,346901369,219126667.0,127774702,156384214,141079312,145340024,134560596.0,10779428,-21358500,2102797,21481414,123102086,0.0
TR,CEMAS,2020,666120592,125532202.0,540588390,234727943,81785727,202781785,160064276.0,42717509,40004102,87346858,38313465,142864562,0.0
TR,CEMAS,2021,1243067112,106256188.0,1136810924,727817121,80827138,332906130,273545634.0,59360496,322852529,511335369,60311571,258402980,0.0
TR,CEMAS,2022,3500050297,331184518.0,3168865779,1599280711,294723875,1845275289,1460336622.0,384938667,-215506563,817287511,276859167,1287905706,0.0
TR,CEMAS,2023,5066781420,821646838.0,4245134582,1811544838,786544379,2384303344,2177947296.0,206356048,-431363783,668163368,351094132,1951063692,0.0
TR,CEMAS,2024,5690173860,929072261.0,4761101599,1625238229,602987979,2462207642,2461991335.0,216307,-630317933,99880619,519224147,2653868703,0.0
TR,CEMAS,2025,5101986472,1249832349.0,3852154123,889658391,670982615,1886873314,2489631433.0,-602758118,-1493430436,15552603,219483262,1972816451,0.0
TR,CEMTS,2013,197987898,27550342.0,170437556,131064715,21922731,221873065,186003808.0,35869257,13536294,4103448,43362876,31950811,
TR,CEMTS,2014,217318460,34642632.0,182675828,116898817,27760730,257676372,216480154.0,41196218,15693913,6667732,50868404,59636010,
TR,CEMTS,2015,239589330,55570158.0,184019172,122391675,35520125,256956874,220872789.0,36084085,7725942,8430488,50845342,76826962,
TR,CEMTS,2016,292650087,84150356.0,208499731,148253017,69032204,296686624,240814383.0,55872241,28698151,10413502,59890126,98489689,3563836.0
TR,CEMTS,2017,447838793,158981837.0,288856956,303672327,139909819,456467809,363466257.0,93001552,90962085,20534907,122049032,107632387,3563836.0
TR,CEMTS,2018,534735170,107218311.0,427516859,381035346,85588701,764727419,560864786.0,203862633,146269830,16263633,175347905,134629851,5939743.0
TR,CEMTS,2019,554224768,82160946.0,472063822,388052080,49721251,693049118,603604373.0,89444745,56452848,111481285,132301586,144080965,10097568.0
TR,CEMTS,2020,698726062,106610864.0,592115198,500127879,89824000,788294209,645842193.0,142452016,138822110,103601610,223718070,155783795,17819239.0
TR,CEMTS,2021,1190044035,214553151.0,975490884,932676482,194299654,1510820977,1066095806.0,444725171,403327293,158298890,477566145,188381655,17819239.0
TR,CEMTS,2022,4372947349,704482792.0,3668464557,2870494748,589482221,6477458867,5025400099.0,1452058768,530953100,550528079,1351983613,1204092334,55973230.0
TR,CEMTS,2023,6091388365,806658154.0,5284730211,3981123869,564119701,7211044357,5920145012.0,1290899345,119267926,1015309945,1348614705,1749288323,104211220.0
TR,CEMTS,2024,8314631965,1536688685.0,6777943280,4054049060,1011355470,7556790718,6432343055.0,1124447663,-39041047,1245598753,1328905415,3886711779,123179826.0
TR,CEMTS,2025,9967306503,2787586990.0,7179719513,5516317399,1045770966,6901055575,5797320662.0,1103734913,-127602486,1959494119,1495246889,4145052111,143951797.0
TR,CEMZY,2021,1706497670,917827839.0,788669831,1284147490,755779463,875130690,640738726.0,234391964,183510048,6017288,982089745,422300296,0.0
TR,CEMZY,2022,2449398299,1398738010.0,1050660289,1698788343,1257408209,1469407080,897124972.0,572282108,197461914,9470228,1071924268,750609956,0.0
TR,CEMZY,2023,3754610210,1841420801.0,1913189409,2576194993,1614278238,2382438931,1254525305.0,1127913626,642276538,36623128,1744488226,1173637595,0.0
TR,CEMZY,2024,5882436744,1456716807.0,4425719937,4171847619,1204601689,2975480982,2349838896.0,625642086,119224130,683899899,2771631774,1662519128,0.0
TR,CEMZY,2025,5995392341,1672433466.0,4322958875,3964404145,1047889957,3082517602,2366456531.0,716061071,-547035146,549320427,2476456122,2026957809,0.0
TR,CEOEM,2016,40255429,18186959.0,22068470,35336909,15919644,73577563,57520844.0,16056719,12742111,20663515,0,571396,0.0
TR,CEOEM,2017,50976822,23544598.0,27432224,45410396,20976746,53013903,47401463.0,5612440,5343726,14465644,0,458228,0.0
TR,CEOEM,2018,55178718,18473960.0,36704758,44742414,17152529,59672319,46427760.0,13244559,10565231,24016807,0,375416,1250000.0
TR,CEOEM,2019,86131139,17649924.0,68481215,74726104,16911768,41673345,40435738.0,1237607,1137552,53058528,0,1339218,0.0
TR,CEOEM,2020,88965044,12084819.0,76880225,78846124,11584221,38873368,35906136.0,2967232,2378918,69867557,0,994012,0.0
TR,CEOEM,2021,125751724,21761655.0,103990069,114094949,15606401,79049201,69557725.0,9491476,27231137,100616725,0,2212954,0.0
TR,CEOEM,2022,254799210,70725094.0,184074116,229104131,65674941,414700809,404502983.0,10197826,-39071197,19164098,0,8215118,59547800.0
TR,CEOEM,2023,703062582,398040319.0,305022263,687323097,384385517,696544261,635160323.0,61383938,39914736,126612205,0,11582765,0.0
TR,CEOEM,2024,638183909,197919753.0,440264156,616208217,189214702,888774944,798869975.0,89904969,42071310,464658784,0,14920231,0.0
TR,CEOEM,2025,681070047,200978853.0,480091194,661210839,192920128,973384008,910158483.0,63225525,-878571,537825749,0,14248167,0.0
TR,CGCAM,2021,1227465078,664930065.0,562535013,583338594,313804992,1159626936,864998598.0,294628338,250834424,237124187,97047764,566638906,0.0
TR,CGCAM,2022,2032618793,907969137.0,1124649656,919522723,580383164,2326194614,1695788354.0,630406260,562040959,212749801,198802920,994682694,0.0
TR,CGCAM,2023,3376542616,972552880.0,2403989736,939628759,516916111,2317153197,1779462302.0,537690895,344599290,31483884,217414474,2284513599,0.0
TR,CGCAM,2024,5449083802,1286493643.0,4162590159,2015516528,690960925,2873576365,2091155611.0,782420754,262985635,772426888,398154210,3064407953,0.0
TR,CGCAM,2025,6565702944,1483413606.0,5082289338,2310911723,699686796,2701404889,1891966890.0,809437999,501230711,182191566,638480116,3833671361,0.0
TR,CIMSA,2013,1440009592,313489660.0,1126519932,369971953,223300845,953724208,721833334.0,231890874,302280410,39925027,105109616,716115307,
TR,CIMSA,2014,1507726941,337995310.0,1169731631,433406166,265806861,1094321499,762487364.0,331834135,198540099,49471134,119641155,706787489,
TR,CIMSA,2015,1980533296,689431184.0,1291102112,665946881,423086936,1171145661,806246032.0,364899629,247551712,224071872,96064710,891957670,
TR,CIMSA,2016,2540512285,1181525687.0,1358986598,582659158,912841889,1170309931,794861516.0,375448415,249060380,32828414,176903829,1486537379,201275818.0
TR,CIMSA,2017,3242449563,1820099752.0,1422349811,955741124,1192121743,1490579874,1095690025.0,394889849,247284753,204303367,146774920,1812560081,191819908.0
TR,CIMSA,2018,3483989356,2032509976.0,1451479380,940249594,1436408181,1699958055,1293977441.0,405980614,153856849,202067347,190255123,1982238668,67542221.0
TR,CIMSA,2019,3795930288,2310167049.0,1485763239,1086647670,1366716261,1577651788,1303900929.0,273750859,-15189674,267350543,205947421,2078408819,0.0
TR,CIMSA,2020,5129182413,3290338076.0,1838844337,2556901570,2938342751,2076298962,1608546273.0,467752689,184430929,903961752,228653262,1579599880,0.0
TR,CIMSA,2021,5248764237,2475910139.0,2772854098,2239831068,1935739767,3745370304,3032410647.0,712959657,1050394723,257911803,697558413,1447367967,0.0
TR,CIMSA,2022,37820217000,16592747000.0,21227470000,14945477000,10636585000,20820386000,18439737000.0,2380649000,4231624000,6911575000,2855498000,13440630000,0.0
TR,CIMSA,2023,55421496000,21587358000.0,33834138000,17449762000,12816266000,29604214000,23786698000.0,5817516000,4444768000,9105525000,4130951000,22421192000,906937000.0
TR,CIMSA,2024,88488616184,46554549187.0,41934066997,25238801509,32378783014,36846868575,28935547738.0,7911320837,3997891519,10062333377,6764601940,36792855855,1716578283.0
TR,CIMSA,2025,101898151106,54081330433.0,47816820673,27505856177,24927753682,50515940944,40621839859.0,9894101085,4188270762,10714245866,7468126921,47228753909,1041687552.0
TR,CLEBI,2013,515256419,468415121.0,46841298,153461811,168642079,507871288,372204304.0,135666984,-542047,60306285,8499388,145532422,
TR,CLEBI,2014,573244822,466791326.0,106453496,179585998,209544474,621449684,446548943.0,174900741,54995740,79950529,8381073,166486309,
TR,CLEBI,2015,679429540,535144281.0,144285259,259852656,264803996,732278323,516628549.0,215649774,81401913,127924804,9844188,155669255,
TR,CLEBI,2016,689822528,588125764.0,101696764,211608451,273570617,709524691,543115464.0,166409227,27539725,65477817,11195832,156759806,72900000.0
TR,CLEBI,2017,836042186,667187012.0,168855174,283355296,203554784,917789663,649293500.0,268496163,86401175,113572241,12461996,155619737,30375001.0
TR,CLEBI,2018,1522060041,1168972527.0,353087514,523455138,442247959,1483010488,1025909556.0,457100932,208450271,197023791,14113626,321805178,76545000.0
TR,CLEBI,2019,2219589688,1647152724.0,572436964,652856579,820739957,1877885618,1334612924.0,543272694,195463901,209130875,16524734,457159082,128803766.0
TR,CLEBI,2020,2762169402,2315871927.0,446297475,925800147,1066509352,1541501101,1151639694.0,389861407,-149946056,571830186,19545205,489167243,47992500.0
TR,CLEBI,2021,5464826887,3794981801.0,1669845086,1929753409,1689558051,2560188835,1728319360.0,831869475,564923397,1093962834,40821021,874801839,57712500.0
TR,CLEBI,2022,8050587024,4798680693.0,3251906331,3192893299,2139547574,6072008541,3902275886.0,2169732655,1153990161,1928963765,64668039,1265612918,164025000.0
TR,CLEBI,2023,15259017892,10044048800.0,5214969092,6106289623,4852845317,10864817407,7197629833.0,3667187574,1826060885,3377164246,136392286,2326967950,1305436481.0
TR,CLEBI,2024,25640270126,15593217591.0,10047052535,10901033550,8311670062,25102539207,17247155211.0,7855383996,4696821117,5708208051,201868686,4704191635,2271399967.0
TR,CLEBI,2025,26909481175,16570990174.0,10338491001,11040412639,8082400144,20057826347,13149357886.0,6908468461,4098011807,4150457831,252898987,7168997731,3944114737.0
TR,CMBTN,2013,72303465,33547733.0,38755732,43678757,31709075,145921958,132013453.0,13908505,3152894,12251796,1334208,23700311,
TR,CMBTN,2014,74983716,34596858.0,40386858,46519892,32686160,151585748,141916033.0,9669715,1682384,9963610,1339268,23228127,
TR,CMBTN,2015,84481931,42732340.0,41749591,56636027,40397682,157850300,145933767.0,11916533,1482627,8390294,1560472,23475331,
TR,CMBTN,2016,96964974,59001402.0,37963572,64598893,56734368,208933798,196291685.0,12642113,-3708354,11002616,2200141,28461864,0.0
TR,CMBTN,2017,116038036,77396176.0,38641860,78222061,75464383,187724581,180309917.0,7414664,808078,12320164,3291489,30382815,0.0
TR,CMBTN,2018,118016478,70224590.0,47791888,80546813,68601749,254679989,244710227.0,9969762,9579525,9852984,2798773,26270192,0.0
TR,CMBTN,2019,129597945,84970726.0,44627219,84833736,80252835,176127327,164400439.0,11726888,-2681698,6200425,1432453,26583054,0.0
TR,CMBTN,2020,185371602,152423993.0,32947609,116733538,144917416,248092415,241954169.0,6138246,-11527916,885450,2274674,26830065,0.0
TR,CMBTN,2021,256058300,220265620.0,35792680,177733240,208882577,454542825,416563656.0,37979169,3093063,5965434,2842057,33451201,0.0
TR,CMBTN,2022,1126656489,838253732.0,288402757,645948536,776493784,2312496291,2211463419.0,101032872,72373851,54817040,19472706,293851715,0.0
TR,CMBTN,2023,1824631041,1288078357.0,536552684,1079854445,1227904725,4349924512,4203712477.0,146212035,118819175,16018467,56201216,472978430,0.0
TR,CMBTN,2024,2755480413,2067536392.0,687944021,1600765816,1951973058,6239355834,6055622653.0,183733181,-8226690,44181882,68745294,618164548,0.0
TR,CMBTN,2025,2647862077,2220769985.0,427092092,1486104836,2036098663,5542202757,5539851324.0,2351433,-330579516,183460640,52294541,651594115,0.0
TR,CMENT,2013,1402618000,373940000.0,1028678000,357864000,284505000,676503000,533215000.0,143288000,36270000,86882000,95217000,591266000,
TR,CMENT,2014,1482668000,341245000.0,1141423000,398833000,234908000,780621000,587446000.0,193175000,116360000,69189000,114273000,605963000,
TR,CMENT,2015,1539627000,340465000.0,1199162000,421818000,246179000,747987000,586694000.0,161293000,58288000,81373000,120055000,590403000,
TR,CMENT,2016,1500017000,324608000.0,1175409000,427474000,232518000,777463000,621794000.0,155669000,-23219000,73682000,108300000,554811000,296000.0
TR,CMENT,2017,1567200000,391266000.0,1175934000,483987000,284068000,868945000,725106000.0,143839000,6993000,56852000,124276000,527808000,337000.0
TR,CMENT,2018,1740935000,506735000.0,1234200000,585669000,352033000,970249000,840788000.0,129461000,-17940000,90449000,206224000,527486000,343000.0
TR,CMENT,2019,1700594000,497981000.0,1202613000,529401000,345955000,813275000,794964000.0,18311000,-103844000,93216000,137607000,492290000,370000.0
TR,CMENT,2020,1790158000,645698000.0,1144460000,574967000,545445000,1141875000,1030986000.0,110889000,-56410000,80242000,124107000,463980000,112000.0
TR,CMENT,2021,2536626000,1113711000.0,1422915000,876894000,946075000,1820999000,1500958000.0,320041000,197344000,89907000,273740000,556081000,885000.0
TR,CMENT,2022,12243046000,3698712000.0,8544334000,3111187000,2582452000,9051225000,8351003000.0,700222000,427732000,436248000,1040023000,3879894000,961000.0
TR,CMENT,2023,19563694000,4906523000.0,14657171000,6407214000,3369012000,15509129000,12456178000.0,3052951000,1031372000,2131501000,1524288000,5436746000,3773000.0
TR,CMENT,2024,27278600073,7385493629.0,19893106444,9504929704,4993554123,18909657403,15325246897.0,3584410506,1766682558,3210172322,1769554336,7192957558,851302764.0
TR,CMENT,2025,30820611576,8469442936.0,22351168640,10866980519,5502040333,18740664883,15208404087.0,3532260796,1910736384,4326657278,1486523832,7870537215,9643920.0
TR,CONSE,2018,528697444,467566190.0,61131254,81844479,251006529,90687216,88714774.0,1972442,-13216369,225823,34328256,423044378,0.0
TR,CONSE,2019,684116904,487359934.0,196756970,150270402,230998035,151730664,148360618.0,3370046,-63914344,22817092,22820709,505111146,0.0
TR,CONSE,2020,777672691,568627704.0,209044987,120750138,282888475,274415526,205249253.0,69166273,1471934,4242095,44707174,621611935,0.0
TR,CONSE,2021,1279066366,823175273.0,455891093,207186687,406409846,371893186,247005505.0,124887681,33012644,48011596,72073756,1029938391,0.0
TR,CONSE,2022,3393450292,1803295887.0,1590154405,637232598,900872042,1112461325,881479334.0,230981991,76001505,92004909,275378686,2667206241,0.0
TR,CONSE,2023,5289618770,3444116643.0,1845502127,917491430,2439741963,1705182501,1439828805.0,265353696,302376049,117540548,432842499,3958596971,0.0
TR,CONSE,2024,5382453231,2991870067.0,2390583164,789399010,2020669022,1792177450,1519973231.0,272204220,198564233,35287242,320553779,4179196967,0.0
TR,CONSE,2025,10171709559,7009700775.0,3162008784,5167149139,2537919709,1853696334,1573887097.0,279809237,130534628,3795663399,269396055,4685529139,0.0
TR,COSMO,2013,27848131,21324245.0,6523886,8801433,12148177,18166175,16063384.0,2102791,-1153794,1878978,2632250,17063053,
TR,COSMO,2014,21007672,15748604.0,5259068,5686756,4336592,19270158,16482500.0,2787658,1507299,116815,4162140,14243064,
TR,COSMO,2015,19749711,16091503.0,3658208,8476017,13098688,17820618,16584101.0,1236517,-1548763,99450,6328500,10234210,
TR,COSMO,2016,18209703,15312864.0,2896839,9571999,5837926,12266391,10862007.0,1404384,-784947,73463,7612500,7979159,0.0
TR,COSMO,2017,19307512,15437961.0,3869551,11932505,5795146,16093953,13289609.0,2804344,939335,361867,9296800,6984578,0.0
TR,COSMO,2018,23797465,17143772.0,6653693,16518976,7121371,19260928,14722493.0,4538435,2824369,2594629,10988200,6449612,0.0
TR,COSMO,2019,25600978,14772370.0,10828608,18359798,4139333,34823350,28882624.0,5940726,4375737,3519997,11050000,5898572,0.0
TR,COSMO,2020,24932139,13596023.0,11336116,18272817,3019647,29737009,27748241.0,1988768,536261,1518306,12405060,5489663,0.0
TR,COSMO,2021,54725099,15556830.0,39168269,26043700,7142762,29160276,26619480.0,2540796,4519009,1973010,19929160,27712747,0.0
TR,COSMO,2022,105719331,58088436.0,47630895,94187795,55729333,163581413,139314048.0,24267365,10015391,37739850,25814935,7600648,0.0
TR,COSMO,2023,243366917,173484004.0,69882913,210110789,168328310,464001570,407179892.0,56821678,-4780295,10598864,42716322,23027942,0.0
TR,COSMO,2024,500558550,380667919.0,119890631,455400864,377265303,908182201,835001561.0,73180639,28231104,12293558,56713766,28744597,0.0
TR,COSMO,2025,572720520,334346494.0,238374026,512098022,331979746,702684657,626510851.0,76173806,8021974,29385856,109004255,39432023,0.0
TR,CRFSA,2013,1566965966,758266925.0,808699041,470642379,715313609,2600665883,1979713170.0,620952713,-100755792,161450714,262835840,448799960,
TR,CRFSA,2014,1835262453,928384459.0,906877994,604421885,879330810,3126334716,2343178102.0,783156614,100501369,94702992,441922387,606141255,
TR,CRFSA,2015,3026180906,2220449986.0,805730920,979937922,1654981764,3932513778,2924607305.0,1007906473,-31687012,274088979,614047732,834685775,
TR,CRFSA,2016,3023254986,2648742619.0,374512367,1039890473,2124996601,4493874586,3479430530.0,1014444056,-432167297,274877489,559601568,665519110,0.0
TR,CRFSA,2017,3245309647,3176718741.0,68590906,1258935703,2759182288,4556668173,3390412026.0,1166256147,-305808897,511632900,602370448,766412413,0.0
TR,CRFSA,2018,2648882517,2595633142.0,53249375,1220674474,2400840002,5203359873,3821860962.0,1381498911,-11496411,487581005,639173766,633413074,0.0
TR,CRFSA,2019,3693252466,3995190748.0,-301938282,1400458416,2997927139,6385696495,4647591986.0,1738104509,-343080788,506901093,787922256,637778625,0.0
TR,CRFSA,2020,4585988575,4568910772.0,17077803,2080994040,3696653484,7914987337,5802396518.0,2112590819,-304172725,913853836,1051614876,903186998,0.0
TR,CRFSA,2021,4917909338,5312803062.0,-394893724,2562518422,4307584089,9367507540,6790168809.0,2577338731,-430492902,873978953,1472347412,639905595,0.0
TR,CRFSA,2022,18345223000,14194692000.0,4150531000,8032167000,11497956000,36272967000,29308332000.0,6964635000,1160897000,1965009000,4909785000,2874883000,0.0
TR,CRFSA,2023,27921199000,20491183000.0,7430016000,12655205000,17167745000,64019531000,51329862000.0,12689669000,1738606000,2463679000,7848232000,4304000000,0.0
TR,CRFSA,2024,35794903944,30051411385.0,5743492559,15671748997,25842085561,86015351966,66645996777.0,19369355189,-3731706262,2676538696,10137439395,5307070047,0.0
TR,CRFSA,2025,41195297691,42280845053.0,-1085547362,18108980397,37770762919,92006338857,70473880074.0,21532458783,-7195822621,4922528091,10311339291,5385858822,0.0
TR,CUSAN,2013,150701280,64157570.0,86543710,90760165,50368319,127720738,100296620.0,27424118,8250543,18430679,31002236,47495379,
TR,CUSAN,2014,173366925,73922419.0,99444506,117812760,65581905,185913901,147264049.0,38649852,17643270,13346020,50401344,46421721,
TR,CUSAN,2015,177046826,54934873.0,122111953,115635177,43808023,218560182,172135691.0,46424491,22861668,25023774,27893366,57549675,
TR,CUSAN,2016,255137199,98638772.0,156498427,170821087,87325945,190884500,142648817.0,48235683,32632084,47137320,35889061,49095647,0.0
TR,CUSAN,2017,268922764,106295236.0,162627528,180884301,99276454,264397048,228208453.0,36188595,8237901,30049837,46813087,63200880,0.0
TR,CUSAN,2018,327015237,173880502.0,153134735,235736331,169063262,275612157,239258342.0,36353815,-5059369,63801291,60241441,63693994,0.0
TR,CUSAN,2019,302706347,142307111.0,160399236,212356396,138116769,351652702,296815113.0,54837589,8274918,18807158,85586294,61978200,0.0
TR,CUSAN,2020,398036093,202699463.0,195336630,280979634,177596403,341064809,263362598.0,77702211,22538042,33800161,97026458,72850010,0.0
TR,CUSAN,2021,821939463,520867663.0,301071800,690652978,485775709,1088039602,847377051.0,240662551,116300972,64988652,297577749,86841689,8382352.0
TR,CUSAN,2022,3016901465,1891539602.0,1125361863,2361706933,1730886669,3648516537,2532813488.0,1115703049,-68826193,148861663,968072281,477009918,60210908.0
TR,CUSAN,2023,3375896611,2254211033.0,1121685578,2504164948,2096617787,2589729682,2236309258.0,353420424,-489277165,268296390,808024229,626744255,0.0
TR,CUSAN,2024,5567426809,4452401569.0,1115025240,3166290647,2446237458,3629324012,2911570870.0,717753143,-322458509,630633071,742729597,2101769922,0.0
TR,CUSAN,2025,6058772401,5329913426.0,728858975,2158606087,3411733842,3090395221,2720754992.0,369640229,-873134870,0,669970846,3673159155,0.0
TR,CVKMD,2020,503674746,301606050.0,202068696,49271339,242231599,181723929,127714612.0,54009317,27700348,15124650,11051411,438101646,0.0
TR,CVKMD,2021,863844551,455657184.0,408187367,198284362,347826124,289609415,190694385.0,98915030,41908451,50095641,87072828,652630022,0.0
TR,CVKMD,2022,2624562949,760388424.0,1864174525,552963591,348970467,1896442763,861780954.0,1034661809,636502339,119629810,125075030,2057057171,0.0
TR,CVKMD,2023,6895698781,1723530518.0,5172168263,2150001919,1025879589,2568160227,1420138118.0,1148022109,452462424,1125760706,523155980,4196720736,0.0
TR,CVKMD,2024,19639898900,10578521706.0,9061377194,1662070672,4682507380,4103788869,2622023020.0,1481765849,1270199626,768969368,300161228,12405731284,0.0
TR,CVKMD,2025,24257296859,13997086719.0,10260210140,2941995803,8166493337,3606427473,2601085196.0,1005342278,121096147,1367130553,712743409,15220144873,0.0
TR,CWENE,2020,459711797,271103071.0,188608726,225062015,174615151,452411065,382161689.0,70249376,25932345,23669986,80436649,88257720,0.0
TR,CWENE,2021,1129595160,648085958.0,481509202,495030963,534235807,1002995682,842940412.0,160055270,2998333,36249427,174977750,171609720,0.0
TR,CWENE,2022,8024171943,5277261593.0,2746910350,5045659092,4636977212,8797946412,6850615343.0,1947331069,1320752676,747142186,1606502925,1628659636,0.0
TR,CWENE,2023,14874509786,6335906379.0,8538603407,7766221673,4621587387,16608331172,12728870982.0,3879460190,546782913,622725172,3073235499,3315545526,0.0
TR,CWENE,2024,20358478022,8816477011.0,11542001011,10413704129,6974677040,13771137208,10410072297.0,3361064911,478064249,537245235,3424927157,4806163838,139197006.0
TR,CWENE,2025,33714580990,17287565705.0,16427015285,15338397972,13296176984,19260303077,14488615351.0,4771687726,2608453175,805926455,3474427466,11411570558,0.0
TR,DAGI,2013,95677400,51108396.0,44569004,71598816,49939476,54513556,27846410.0,26667146,-18592730,7710613,22858855,16345624,
TR,DAGI,2014,99965849,42677162.0,57288687,79799234,41286775,61911266,33114085.0,28797181,12830136,21810196,18240978,16382181,
TR,DAGI,2015,119070405,58033941.0,61036464,97457744,56599777,96349938,63264891.0,33085047,3931343,52169715,17815560,16211478,
TR,DAGI,2016,152343488,45701964.0,106641524,82414154,41811549,71115699,39634901.0,31480798,-2401594,31506364,23957685,67294649,0.0
TR,DAGI,2017,157935779,54432259.0,103503520,84548785,23569897,89981014,49278984.0,40702030,-197418,23832975,26500141,68288978,0.0
TR,DAGI,2018,159328369,64282908.0,95045461,88361795,46533426,122818723,70368655.0,52450068,-7885966,11948717,41479457,68208285,0.0
TR,DAGI,2019,208470396,106622318.0,101848078,87304075,63804465,132045555,69126625.0,62918930,5269964,17979425,45434769,69830256,0.0
TR,DAGI,2020,314731195,141097689.0,173633506,102570149,88320331,110641865,54389703.0,56252162,8216641,18610677,61889449,143606240,0.0
TR,DAGI,2021,463819275,216997567.0,246821708,228657414,160512841,237881969,125583978.0,112297991,-12616596,33450269,117204891,157946698,0.0
TR,DAGI,2022,1949408157,982354436.0,967053721,872464441,691679414,1096673923,464568996.0,632104927,91013766,71843016,449568002,657999406,0.0
TR,DAGI,2023,3061908105,1516504392.0,1545403713,1452382223,1129573832,2040247241,876345073.0,1163902168,154051604,126708607,792826437,957222552,0.0
TR,DAGI,2024,3748354638,1861627108.0,1886727530,1666008615,1501708587,2746522375,1242480780.0,1504041595,-135659753,58880066,1061471394,1238884176,0.0
TR,DAGI,2025,4668484283,2830770921.0,1837713362,2318004366,2208249863,3534481890,1745850373.0,1788631516,-216948202,366255992,1477721644,1322578101,0.0
TR,DAPGM,2017,129403071,108951884.0,20451187,62069069,13374728,56259992,33013675.0,23246317,11028510,1444958,0,609159,0.0
TR,DAPGM,2018,278682889,249801802.0,28881087,150550522,76862996,63276758,38071816.0,25204942,8435395,144776,3157187,564178,0.0
TR,DAPGM,2019,362533557,314295622.0,48237935,170142595,117399566,64796070,29506846.0,35289224,19338331,1102509,17707965,449724,0.0
TR,DAPGM,2020,1081608069,845880375.0,235727694,561831897,436932702,582983211,283083365.0,299899846,187511683,84108697,24963425,1152019,0.0
TR,DAPGM,2021,2633607623,1895234167.0,738373456,817802186,515890155,912400097,417500138.0,494899959,312618220,138971946,85253376,5665061,0.0
TR,DAPGM,2022,12050055504,8035423133.0,4014632371,3487513010,3080133003,7814389689,3571789100.0,4242600589,1945833549,198940140,207282302,167728126,0.0
TR,DAPGM,2023,22125583190,12521821126.0,9603762064,9900341841,5329189145,10296511815,3553386800.0,6743125015,2321699089,1927961345,406725871,252078412,0.0
TR,DAPGM,2024,29991794832,16347346337.0,13644448495,12006732291,6260211778,8882491756,1914464553.0,6968027202,1083800299,2188642149,437365171,70234436,0.0
TR,DAPGM,2025,37042478010,19758268501.0,17284209509,13115925113,5784952586,9432610983,2376600029.0,7056010954,1228939097,1659165164,1732123247,65024226,0.0
TR,DARDL,2013,34132249,179621620.0,-145489371,23355990,107096819,99246650,61135779.0,38110871,232255155,223895,3392637,10098383,
TR,DARDL,2014,76675920,229320118.0,-152644198,56055111,141974242,147508973,90643597.0,56865376,-14994914,238506,11897092,12992484,
TR,DARDL,2015,57007480,224096832.0,-167089352,37309214,196772729,215437354,141005016.0,74432338,-24660129,2443300,11009131,13717270,
TR,DARDL,2016,55904497,245697043.0,-189792546,30287141,220656636,244883601,153647633.0,91235968,-22767333,382392,14730604,18002597,0.0
TR,DARDL,2017,61844997,272200126.0,-210355129,39027490,155635788,250488829,187427820.0,63061009,-20805060,667573,10236778,16435354,0.0
TR,DARDL,2018,96146013,376734287.0,-280588274,72731751,260103028,343551684,237899635.0,105652049,-70199390,303439,21694887,17060839,0.0
TR,DARDL,2019,171327590,446317434.0,-274989844,140383746,329971022,519098445,358000086.0,161098359,5323106,13789059,29961329,26230640,0.0
TR,DARDL,2020,673025672,553651534.0,119374138,203593108,332725809,943938945,669490192.0,274448753,91870821,5629614,43401460,462700712,0.0
TR,DARDL,2021,1486016426,613661477.0,872354949,613114083,495323827,1160582124,845017091.0,315565033,-22602702,14509512,130223900,858063728,0.0
TR,DARDL,2022,5886635159,2495745337.0,3390889822,1769815420,2206795085,5373816680,4119232349.0,1254584331,265111182,25927833,608508554,3740872815,0.0
TR,DARDL,2023,9878104909,4436643204.0,5441461705,3100624528,4177998925,9337793156,6579788270.0,2758004886,-88029132,149382313,1209389275,6163668293,0.0
TR,DARDL,2024,14815783302,7251357445.0,7564425857,6095825682,6822216446,14187646197,9250698777.0,4936947420,-233506513,1474695857,1832514690,7808743934,0.0
TR,DARDL,2025,15046337547,7198219072.0,7848118475,4988127792,5103803875,15397373384,10379069086.0,5018304298,-1328066863,420500303,1910893826,8637688653,0.0
TR,DCTTR,2021,1007081710,676894642.0,330187068,744367499,600653056,3269552615,3062958230.0,206594385,153663925,112657897,595949037,185584003,7560459.0
TR,DCTTR,2022,727188457,425541763.0,301646694,457777155,369447531,3106659569,2999812101.0,106847468,44429710,60989732,238386514,163977890,67090448.0
TR,DCTTR,2023,2345237803,1966245786.0,378992017,2018736530,1902590821,2217329327,2123991805.0,93337522,10023359,116224868,1163518208,213484328,14947829.0
TR,DCTTR,2024,1736941249,698710371.0,1038230878,1213400548,582247074,3284461991,3326006210.0,-41544219,-58226633,185403580,160027114,259621911,5882704.0
TR,DCTTR,2025,2030967786,915081092.0,1115886694,1219683456,449543952,2981242571,2573604510.0,407638061,-132075099,66468548,240753537,345798789,0.0
TR,DENGE,2013,35437983,5449982.0,29988001,29258588,5306140,910074,681094.0,8907078,7820985,7103117,0,238368,
TR,DENGE,2014,41274854,3549150.0,37725704,31198628,3479902,0,0.0,9616058,8171087,5769906,659870,414350,
TR,DENGE,2015,47436317,663132.0,46773185,44716904,461987,0,0.0,10051362,9912049,2077732,727,1069547,
TR,DENGE,2016,56312870,951707.0,55361163,53806993,949327,0,0.0,0,8661357,36977343,285,691531,0.0
TR,DENGE,2017,64016430,402151.0,63614279,356256,401302,0,0.0,0,4062704,33264,409,62755,0.0
TR,DENGE,2018,109138983,25308821.0,83830162,108693688,23341437,0,0.0,0,150998,2027403,41277796,69915,0.0
TR,DENGE,2019,52534117,22618245.0,29915872,51441736,20833615,210000,0.0,210000,-53951931,2027880,41462033,96941,0.0
TR,DENGE,2020,156167392,121852842.0,34314550,81307630,110115368,92845375,81797084.0,11048291,1529408,8054250,44757438,27753571,0.0
TR,DENGE,2021,1127146018,543382453.0,583763565,251957774,220888640,137239388,111542357.0,25697031,161530070,116523126,44834155,19196801,0.0
TR,DENGE,2022,2814282502,1221911274.0,1592371228,555802155,337317439,794123465,600669230.0,193454235,324083845,246190521,42199549,89968044,0.0
TR,DENGE,2023,2023337473,915942744.0,1107394729,262259976,339886926,565684194,532726846.0,32957348,337501995,17969398,44584608,130471686,0.0
TR,DENGE,2024,2209964740,713405884.0,1496558856,535462310,585665851,700383789,647585896.0,52797893,-448361511,16527916,83922280,115972427,0.0
TR,DENGE,2025,2121641267,634238268.0,1487402999,623886966,439591235,663153272,647467254.0,15686018,-546005674,70780386,68456631,77523087,0.0
TR,DERHL,2016,34905685,25344806.0,9560879,23091275,17510730,47120371,38872305.0,8248066,2498633,2021445,9140124,1720803,0.0
TR,DERHL,2017,49938009,37563931.0,12374078,34499374,25294933,72041405,64437297.0,7604108,2672872,2275004,16441202,2281662,0.0
TR,DERHL,2018,75565462,53107453.0,22458009,55506152,43202071,166492207,146669644.0,19822563,3612724,8403638,20873030,2308227,0.0
TR,DERHL,2019,105623405,46715634.0,58907771,83665342,38800586,186580213,169075964.0,17504249,3830437,11652294,24303385,3027787,0.0
TR,DERHL,2020,96746855,21300447.0,75446408,82183856,17996264,204080195,188930863.0,15149332,7720842,14554262,27621581,3472967,918950.0
TR,DERHL,2021,207240677,129695858.0,77544819,151901566,114354397,308889483,282199292.0,26690191,27642283,46856730,41277169,13393764,328505.0
TR,DERHL,2022,1835740096,1043363058.0,792377038,697119838,613765396,1689043845,1452153320.0,236890525,268472067,79048988,157220671,1054505555,0.0
TR,DERHL,2023,2756217526,1384513885.0,1371703641,1129762403,794849571,2582819664,2153576460.0,429243204,143483542,109264885,407560203,1502904678,0.0
TR,DERHL,2024,4499075672,2020357042.0,2478718630,2421518892,1436917938,4031867083,3394516879.0,637350204,109970215,125067078,1071079735,1911710325,0.0
TR,DERHL,2025,5677394051,3048234513.0,2629159538,3063505271,2256410708,4766687653,3583737336.0,1182950317,25530786,145322584,1125369752,2076446037,0.0
TR,DERIM,2013,126378401,98475904.0,27902497,112024917,72746631,172664491,124020648.0,48643843,2053172,90136,6375631,13938500,
TR,DERIM,2014,132730583,101575136.0,31155447,118132461,78907650,155879572,140474967.0,15404605,2525272,208936,5591319,14212355,
TR,DERIM,2015,199884276,161970516.0,37913760,185335161,115780656,204473606,181679246.0,22794360,5224507,398961,9482303,14167960,0.0
TR,DERIM,2016,236220898,193501960.0,42718938,219241539,174565220,209292934,190918295.0,18374639,3806487,204417,8300726,16587633,0.0
TR,DERIM,2017,319050617,275725817.0,43324800,304787255,219257055,241451969,219658040.0,21793929,723269,1031178,11422122,13756671,0.0
TR,DERIM,2018,288532426,247752902.0,40779524,285864477,191942993,235261573,215467634.0,19793939,-723340,669886,11175236,515650,0.0
TR,DERIM,2019,331512393,254199519.0,77312874,326143418,210701765,284872965,257875794.0,26997171,-6326020,9082794,12154818,889097,0.0
TR,DERIM,2020,320143177,248332078.0,71811099,315373624,220996889,249428532,229235383.0,20193149,-5339613,3646924,12501281,1204902,0.0
TR,DERIM,2021,360787414,287016194.0,73771220,355320165,278058486,376919122,322167654.0,54751468,2730784,52667822,34324274,918041,0.0
TR,DERIM,2022,901752058,678869396.0,222882662,887143421,664510298,1992452896,1711276373.0,281176523,-43768054,227278064,89772799,5071565,0.0
TR,DERIM,2023,1300472253,967010315.0,333461938,1255430979,924992712,3771368518,3317925247.0,453443271,17734203,222322019,120688447,7983782,0.0
TR,DERIM,2024,1800245766,1262604345.0,537641421,1791726806,1218080967,4780793866,4170620695.0,610173171,98972204,316908068,140517363,8033094,0.0
TR,DERIM,2025,1973711519,1281599135.0,692112384,1965235909,1224060317,4961300668,4221599643.0,739701025,102380936,575633008,239279903,7142080,0.0
TR,DESA,2013,157841191,94224023.0,63617168,123737263,70761534,183149412,114479281.0,68670131,-2920925,735569,105852041,27837861,
TR,DESA,2014,171491101,103387687.0,68103414,131890789,85750443,211291588,135296503.0,75995085,4761153,1441534,116219646,27059779,
TR,DESA,2015,175752297,112211884.0,63540413,135230119,77525620,196564088,120610269.0,75953819,-4098059,967959,118697148,25950812,
TR,DESA,2016,191581347,141899488.0,49681859,146340813,92366255,151465709,78198157.0,73267552,-13300120,6785223,125341205,29037330,0.0
TR,DESA,2017,252664515,182747883.0,69916632,180080668,157847992,207421540,106987512.0,100434028,-186146,8888394,152297658,53436694,0.0
TR,DESA,2018,279267716,203774981.0,75492735,202756635,167161017,347648021,189033820.0,158614201,8378556,320860,167345611,53559584,0.0
TR,DESA,2019,369203380,275476251.0,93727129,229066067,215647070,428112815,266269424.0,161843391,18243268,19332986,161176661,51649629,0.0
TR,DESA,2020,353866719,259282454.0,94584265,251207428,157181691,233411672,117551012.0,115860660,1646934,61657966,145517135,48211049,0.0
TR,DESA,2021,635435046,427484347.0,207950699,421521242,260967538,432405300,240677306.0,191727994,46351875,147111619,154909802,125194654,0.0
TR,DESA,2022,2335274370,1232012677.0,1103261693,1524152687,924296211,2545112548,1494777402.0,1050335146,196501651,338367228,332500927,377235227,0.0
TR,DESA,2023,3739193975,1394643840.0,2344550135,2431613117,1191497886,3536449564,1779250505.0,1757199059,716179984,942682614,465019094,599156366,0.0
TR,DESA,2024,5264648980,1758277376.0,3506371604,3416138992,1474379652,3900731712,1663108609.0,2237623103,428968229,31103968,840100383,797589035,0.0
TR,DESA,2025,5871861974,1652658595.0,4219203379,3950134196,1365969566,4201583743,1740461400.0,2461122342,638793166,35569211,1379286324,912932190,121573977.0
TR,DESPC,2013,70857709,22203933.0,48653776,70488377,21872338,141404625,125194899.0,16209726,8753592,5197544,21665596,213374,
TR,DESPC,2014,68840979,17316995.0,51523984,68155039,16938713,164743507,148056838.0,16686669,8170006,1409794,22208437,377909,
TR,DESPC,2015,81292220,27195768.0,54096452,80557731,26839688,176417077,161664726.0,14752351,9741624,13686449,17837597,265343,
TR,DESPC,2016,86670542,30805407.0,55865135,85694385,30583339,192956531,177044511.0,15912020,10355164,3504106,26415466,255642,8576792.0
TR,DESPC,2017,105633422,48880050.0,56753372,104027458,48606254,260641087,242469369.0,18171718,8395516,3746684,33732070,226403,7500000.0
TR,DESPC,2018,119459538,42021959.0,77437579,117300441,41626976,346523174,317464707.0,29058467,20799430,1540700,27981668,218729,0.0
TR,DESPC,2019,151033144,73143160.0,77889984,147916921,71926959,280482155,255720098.0,24762057,12463971,2505542,41620829,114909,12000000.0
TR,DESPC,2020,277201363,179152836.0,98048527,272119502,177622807,658571089,622000632.0,36570457,20257748,12690241,57014717,147718,0.0
TR,DESPC,2021,399093626,259453273.0,139640353,394902404,257855698,774702184,718081808.0,56620376,41667900,3742609,79434875,196820,0.0
TR,DESPC,2022,718183643,412415560.0,305768083,695934609,407300223,2572338443,2364002635.0,208335808,-84152954,10478309,181632112,601766,0.0
TR,DESPC,2023,1856868697,1529903820.0,326964877,1811338175,1526898438,5847130740,5587705573.0,259425167,-114730388,13551006,331423740,647702,0.0
TR,DESPC,2024,3549439673,3102099341.0,447340332,3509805936,3093756202,9592204957,9056233954.0,535971003,19895494,12226042,480971598,5433977,0.0
TR,DESPC,2025,1942557131,1497328315.0,445228816,1907062135,1485399872,12030188972,11164852348.0,865336624,-46989716,29408202,412391225,5188263,0.0
TR,DEVA,2013,826626770,423576791.0,403049979,398542948,221711389,418391085,261494294.0,156896791,24588674,55449610,146146025,280901014,
TR,DEVA,2014,893532192,481623020.0,411909172,412977017,262838940,467940004,304010757.0,163929247,8701659,42143562,154953905,298276248,
TR,DEVA,2015,992951699,539840158.0,453111541,475767372,463414167,576380100,341450039.0,234930061,47618965,36328677,175311505,301195465,
TR,DEVA,2016,1017527019,504679506.0,512847513,449634143,245445843,688456364,411499247.0,276957117,60331101,27476002,182280652,324181457,0.0
TR,DEVA,2017,1256406869,651316767.0,605090102,621511152,418736092,800295112,455093332.0,345201780,92542675,77869867,215644519,364827920,0.0
TR,DEVA,2018,1668440329,922032432.0,746407897,962287348,584100327,1040677048,518658672.0,522018376,136361117,121115624,375439716,401535401,0.0
TR,DEVA,2019,2119502464,1088660375.0,1030842089,1241271141,670474995,1373983541,654824247.0,719159294,286015741,277045749,430762881,503183494,0.0
TR,DEVA,2020,3087915503,1453532949.0,1634382554,1949037953,987419630,1863328501,852464567.0,1010863934,651448684,609464914,577539595,727401281,53351134.0
TR,DEVA,2021,5079931877,2352155032.0,2727776845,3367927882,1632487265,2330367791,971238808.0,1359128983,1170087476,1310974419,975785591,997005689,98640781.0
TR,DEVA,2022,20535798937,9005622782.0,11530176155,9680783422,6650553737,8712735438,5828678882.0,2884056556,851061391,990686461,3963413685,5797326963,355687761.0
TR,DEVA,2023,32404333087,11060692640.0,21343640447,16623572939,9985468231,16358568181,9506456133.0,6852112048,4887825625,2189103371,5920093967,8366734056,402136966.0
TR,DEVA,2024,38913400047,11673319584.0,27240080463,16080584865,9999761422,20233967150,12154312223.0,8079654927,90864991,1262043753,6185978881,11480797334,603606678.0
TR,DEVA,2025,41404244164,12441757899.0,28962486265,18295203030,11084135796,21177940251,14240082686.0,6937857565,-888011484,2622786108,5970440570,12023670845,0.0
TR,DGATE,2013,78945000,47910648.0,31034352,78792338,47775776,157442950,150625287.0,6817663,-3211955,17013360,16586864,65318,0.0
TR,DGATE,2014,226285800,186893999.0,39391801,179918672,146826699,454524444,436568406.0,17956038,8489116,29670655,29302721,46067,
TR,DGATE,2015,437227547,375725637.0,61501910,361808963,308594825,1077380498,1040009690.0,37370808,22148470,39296245,45923415,78550,
TR,DGATE,2016,307386605,233079648.0,74306957,293822238,231261454,1214420509,1179815036.0,34605473,18077982,44071844,31482171,178421,5000003.0
TR,DGATE,2017,423804002,328443063.0,95360939,387221023,311473480,1582967618,1532280683.0,50686935,31041808,37479728,80836881,188979,9979346.0
TR,DGATE,2018,348107945,170057243.0,178050702,327853194,165843966,745783120,715880494.0,29902626,17875415,75484975,39432197,336980,11936784.0
TR,DGATE,2019,425560004,223522063.0,202037941,412499422,220786327,1030800835,970172236.0,60628599,36009116,23951777,98187438,319588,12000000.0
TR,DGATE,2020,511158118,323943235.0,187214883,499343397,321162737,1699475494,1622436726.0,77038768,38052733,20706560,144821513,362847,0.0
TR,DGATE,2021,603437686,363788374.0,239649312,592107859,361097609,1892774228,1799954140.0,92820088,52524576,23209165,140174784,550051,0.0
TR,DGATE,2022,1236681861,734215099.0,502466762,1193837774,725481246,4393335717,4105723661.0,287612056,-170155497,28307487,335751218,1617214,0.0
TR,DGATE,2023,2415028078,1946333206.0,468694872,2331560347,1940797402,7436972828,7188614400.0,248358428,-256619634,20384590,519074747,1584903,0.0
TR,DGATE,2024,4463823812,3925559195.0,538264617,4356585619,3908221650,11493931889,10910973405.0,582958484,-74495057,16657623,721501150,6554263,0.0
TR,DGATE,2025,6299856561,5712631551.0,587225010,5884681801,5689123904,17545358817,16308647445.0,1236711371,-4816057,110052607,922335883,8156621,0.0
TR,DGGYO,2013,720327204,115816603.0,604510601,40720087,20172084,15775892,2298770.0,13477122,21915267,27097516,0,502715,
TR,DGGYO,2014,756620015,100279601.0,656340414,57371102,24896112,46461603,6625196.0,39836407,51828245,46369836,0,1338931,
TR,DGGYO,2015,829353366,95434251.0,733919115,40639706,29278536,53965158,8102009.0,45863149,77601516,37249535,0,1017630,
TR,DGGYO,2016,1041884681,215292377.0,826592304,7653144,57089362,64186519,8214218.0,55972301,58650926,1946926,0,772643,0.0
TR,DGGYO,2017,1165054708,284468721.0,880585987,17367884,60779475,73916621,11046448.0,62870173,54065513,8993753,0,592464,0.0
TR,DGGYO,2018,1835870497,951415943.0,884454554,37989729,135111284,98555386,15622626.0,82932760,3933529,1617554,0,528178,0.0
TR,DGGYO,2019,1963079100,983816480.0,979262620,40756634,178468432,140423811,18814320.0,121609491,95044820,3250476,0,588136,0.0
TR,DGGYO,2020,1963246567,1340247723.0,622998844,40228154,121587363,120145292,18347100.0,101798192,-360865188,10948060,0,623197,0.0
TR,DGGYO,2021,2439909289,2034548168.0,405361121,410506872,348755440,151169448,22825259.0,128344189,-229276304,12429664,0,716647,0.0
TR,DGGYO,2022,8405879171,3338450460.0,5067428711,67639066,602790830,476659617,82057456.0,394602161,3965478925,28003698,0,9773778,0.0
TR,DGGYO,2023,14456131610,4475472097.0,9980659513,173909345,795026455,791931515,122939097.0,668992418,2665299853,54095987,0,10689388,0.0
TR,DGGYO,2024,19490708653,5471885860.0,14018822793,89048978,805645086,1049194877,184647770.0,864547107,1280357510,37380176,0,9781897,0.0
TR,DGGYO,2025,21569674973,6402070433.0,15167604540,199084604,3624693456,1263518328,206310406.0,1057207922,-258492250,63982317,0,5657399,0.0
TR,DGNMO,2013,280956903,219371672.0,61585231,136189950,119419359,262466728,174251550.0,88215178,-147621,4849182,59955600,116240262,
TR,DGNMO,2014,331031029,279628590.0,51402439,168544978,187250923,322227154,211087782.0,111139372,-11267649,19212856,75446640,128688974,
TR,DGNMO,2015,395225304,359427651.0,35797653,214919479,245239175,373342615,247780328.0,125562287,-27732446,7177720,105264234,147336781,
TR,DGNMO,2016,453948482,428036085.0,25912397,248686169,331897244,395471738,265166697.0,130305041,-39648115,737786,142410216,172078671,0.0
TR,DGNMO,2017,659679751,570489529.0,89190222,370705981,432493281,600165348,376535779.0,223629569,15256414,3363130,187720242,254286863,0.0
TR,DGNMO,2018,637382545,641070505.0,-3687960,354119357,470311426,591311311,420347269.0,170964042,-89219008,3566888,212208688,249063153,0.0
TR,DGNMO,2019,777395651,765406759.0,11988892,434224410,509144675,602401733,416280757.0,186120976,-65258787,4862454,241944621,258514240,0.0
TR,DGNMO,2020,1008111906,978153437.0,29958469,567713029,703533263,994831594,669027975.0,325803619,25752988,14228238,297479105,314132318,0.0
TR,DGNMO,2021,1745248010,1550645793.0,194602217,990306288,1077528867,1744206723,1172240465.0,571966258,25756197,49168829,468759358,552470174,0.0
TR,DGNMO,2022,6713859450,5000522763.0,1713336687,3228183138,3683663755,7469783047,4593757322.0,2876025725,352677622,521526492,1562128067,2451868691,0.0
TR,DGNMO,2023,9907534421,7328589858.0,2578944563,4621009123,6107044016,12109162850,7985710967.0,4123451883,847622148,477633370,2064322442,3940873492,0.0
TR,DGNMO,2024,12869249923,8687846316.0,4181403607,4012520487,7271106205,15493317951,10768253909.0,4725064042,-593957801,236058841,2362209628,7056785200,105576299.0
TR,DGNMO,2025,12904526849,11371319025.0,1533207824,3257553459,9794360487,14094485478,11074123896.0,3020361582,-3107470312,110554492,1744258372,7479891977,0.0
TR,DIRIT,2013,22889385,9949583.0,12939802,8231256,4716579,7924789,7599780.0,325009,-2053055,582558,5996873,13998598,
TR,DIRIT,2014,22316492,10307641.0,12008851,8991500,6623613,7044613,6284768.0,759845,-1472549,1621833,5862032,13309554,
TR,DIRIT,2015,25626722,12126035.0,13500687,8405307,8668008,3719193,4249275.0,-530082,-2866197,753066,6504279,17213036,
TR,DIRIT,2016,23053465,14360955.0,8692510,6156693,13673551,6867480,8366862.0,-1499382,-4997297,979784,3874059,16870153,0.0
TR,DIRIT,2017,25329870,11956084.0,13373786,5326470,6996747,6360083,6458605.0,-98522,-1631148,382845,4169072,19971667,0.0
TR,DIRIT,2018,22302045,15087779.0,7214266,3780244,8139045,5033924,8133465.0,-3099541,-6179697,215847,2647698,18503735,0.0
TR,DIRIT,2019,12968177,13899422.0,-931245,514568,6386150,1543648,3374864.0,-1831216,-7330545,17880,79806,11785587,0.0
TR,DIRIT,2020,17406711,16882829.0,523882,1700651,8923333,1231169,1357046.0,-125877,-2276337,18225,0,14673868,0.0
TR,DIRIT,2021,68372231,50107476.0,18264755,36453984,41464134,20709875,18056051.0,2653824,2505300,51491,8925205,30551390,2985260.0
TR,DIRIT,2022,161350915,32909276.0,128441639,15520049,32909276,199077938,159057712.0,40020226,39637673,103998,1171557,130315566,0.0
TR,DIRIT,2023,261261058,24720087.0,236540971,42265853,24718295,28009558,5172713.0,22836845,75669796,159582,498778,215193024,0.0
TR,DIRIT,2024,196370519,28476671.0,167893848,50048290,28444585,193590,0.0,193590,-63307728,51508,0,142276253,0.0
TR,DIRIT,2025,38311553,19380198.0,18931355,38142370,19328309,4205062,4001461.0,203601,-172564099,30712,3601314,0,0.0
TR,DITAS,2013,43091365,20867785.0,22223580,31806025,16348777,52269718,40071356.0,12198362,3915890,6066590,10468939,10439060,
TR,DITAS,2014,48070286,18639657.0,29430629,33531514,13917338,69563906,48466417.0,21097489,7368328,815213,11223240,12854546,
TR,DITAS,2015,67402056,42845971.0,24556085,42481588,26982129,78630796,63060747.0,15570049,-271617,7729114,14256040,23003609,
TR,DITAS,2016,67279988,47127406.0,20152582,38349709,23956806,69580951,56330240.0,13250711,-3831454,4098994,13898011,23451594,0.0
TR,DITAS,2017,78001989,53155987.0,24846002,47283241,32579660,87223084,62674207.0,24548877,4749630,5466229,14945178,29186656,0.0
TR,DITAS,2018,83791129,54200999.0,29590130,50821888,33107245,115616615,82401031.0,33215584,7571163,2777671,21422052,29693904,819280.0
TR,DITAS,2019,85086688,58690603.0,26396085,46731139,38155776,111414001,87193562.0,24220439,1084082,2075550,18660750,29977746,4000000.0
TR,DITAS,2020,109843499,80349503.0,29493996,64638685,62095226,140625861,104309025.0,36316836,5160162,742916,18832763,30334854,600000.0
TR,DITAS,2021,353729540,276953186.0,76776354,206362277,181100018,258035502,185065045.0,72970457,27348754,19905212,80529941,98218516,600000.0
TR,DITAS,2022,1247008675,904326146.0,342682529,680748135,670716566,1496551396,1355646190.0,140905206,24247842,70949594,240509282,353230096,1340961.0
TR,DITAS,2023,1712193534,1254339745.0,457853789,900385652,1026415044,2178334583,2086044380.0,92290203,-54714468,14428395,369439137,565167646,0.0
TR,DITAS,2024,1952979111,1639061904.0,313917207,979923786,1420250419,2200244514,2139415873.0,60828642,-304901343,46345212,439894247,704562941,0.0
TR,DITAS,2025,3515845012,2482743244.0,1033101768,1066976362,1925338081,2266874769,2152717199.0,114157570,-480305003,36822278,494331272,2194232747,0.0
TR,DMRGD,2019,5699813,2570740.0,3129073,4405606,2568856,5912495,956206.0,4956289,563909,28668,106832,1251500,0.0
TR,DMRGD,2020,5277744,1995034.0,3282710,4263442,1991779,1352838,217957.0,1134881,153841,21072,85481,962238,0.0
TR,DMRGD,2021,179179656,68391071.0,110788585,80940294,54219309,61002574,45026857.0,15975717,2742659,2231624,12445779,93210421,0.0
TR,DMRGD,2022,812755963,460162460.0,352593503,337411409,385382079,583355928,417546492.0,165809436,-26669987,7623011,35516351,445991994,0.0
TR,DMRGD,2023,2371469920,478806787.0,1892663133,1599142434,409994008,1027004205,556518656.0,470485549,196362398,816014906,121533321,735831803,0.0
TR,DMRGD,2024,2567679507,672460042.0,1895219465,1289810195,479077530,1065453026,605616072.0,459836954,182863531,264322618,565667107,1136241172,0.0
TR,DMRGD,2025,2671686747,775878551.0,1895808196,1366416330,612122489,1332436389,722452932.0,609983457,117278785,20012672,233716592,910651007,0.0
TR,DMSAS,2013,144039993,73887635.0,70152358,84035300,66270054,152273596,136306127.0,15967469,624310,2645085,34941031,59332817,
TR,DMSAS,2014,158060104,84242368.0,73817736,89074051,67424988,177537311,155707807.0,21829504,4414893,8107327,36004005,68497256,
TR,DMSAS,2015,180192436,105277215.0,74915221,89931737,65897151,183994606,165026379.0,18968227,5304028,1666863,34308150,89799377,
TR,DMSAS,2016,203398090,146993131.0,56404959,96614347,84911237,191488070,173555844.0,17932226,-14613481,8583224,30679270,102127745,2887577.0
TR,DMSAS,2017,229408593,168347061.0,61061532,129583432,110426375,272190990,232986688.0,39204302,5337979,19145460,31866101,96402357,0.0
TR,DMSAS,2018,310381321,190264074.0,120117247,194624716,121740174,368232557,296701191.0,71531366,36157657,45685947,50418848,109554263,0.0
TR,DMSAS,2019,305627669,179996797.0,125630872,183740907,104437019,378799455,330652695.0,48146760,16233302,37603049,52544311,112413617,11026310.0
TR,DMSAS,2020,378760737,237403612.0,141357125,262865303,153039379,387583617,330130829.0,57452788,15758935,68206222,60221621,105445694,0.0
TR,DMSAS,2021,575963743,385336036.0,190627707,400662515,293565729,680882749,601917195.0,78965554,32038198,34146482,97502786,162451010,8625000.0
TR,DMSAS,2022,2175736879,1640882721.0,534854158,1228410840,1537387113,2751103539,4483262828.0,-1732159289,-252511379,51572198,366444306,830763841,0.0
TR,DMSAS,2023,3309820043,2179185161.0,1130634882,1668702348,1991554801,4132326103,3888440315.0,243885788,174104623,435964644,350821334,1577583492,0.0
TR,DMSAS,2024,3254696890,1745533840.0,1509163050,1177818699,1516762573,4542493192,4048250991.0,494242202,-111404876,222522217,361000322,1939681709,0.0
TR,DMSAS,2025,3131549692,1700019226.0,1431530466,1116324813,1495632901,3603669290,3253752972.0,349916318,-232773607,259421930,331067578,1872032219,0.0
TR,DNISI,2017,43392924,16465155.0,26927769,24099949,13655250,48650780,39464469.0,9186311,3867264,2643484,5344202,19290938,0.0
TR,DNISI,2018,53137256,21327658.0,31809598,29795701,14466363,54555446,44948292.0,9607154,4442180,11521291,6442708,23320713,0.0
TR,DNISI,2019,60835055,21563512.0,39271543,36735574,15100591,61361124,48030213.0,13330911,7505859,15041745,6049677,22427509,0.0
TR,DNISI,2020,100981893,21208150.0,79773743,73422984,13221711,61471222,47270643.0,14200579,8613135,32065853,10812012,26482098,0.0
TR,DNISI,2021,199909461,31536576.0,168372885,103999450,24635801,105803325,84150229.0,21653096,33688570,44494439,11756459,94506635,2469341.0
TR,DNISI,2022,909373130,253495859.0,655877271,351826000,163434072,388046597,314192765.0,73853832,32593492,89830229,40873277,555378656,0.0
TR,DNISI,2023,1516756594,422789489.0,1093967105,444247665,204858720,519168628,443951291.0,75217337,22077149,114010981,64814496,1060314265,0.0
TR,DNISI,2024,1739419734,376952162.0,1362467572,386937254,100912535,545079573,446909680.0,98169893,-70449321,159605492,74566424,1340235518,0.0
TR,DNISI,2025,1828414282,302096391.0,1526317891,420950402,105281836,597132504,520583579.0,76548925,26314952,87481309,79918502,1402099731,0.0
TR,DOAS,2013,2464346000,1346282000.0,1118064000,1281701000,1075520000,6602663000,5853047000.0,749616000,224728000,82246000,520176000,498211000,220000000.0
TR,DOAS,2014,2827257000,1590922000.0,1236335000,1442182000,1528824000,7692702000,6819714000.0,872988000,253078000,40621000,569259000,541971000,220000000.0
TR,DOAS,2015,3979903000,2617020000.0,1362883000,2489232000,2304035000,10889161000,9780598000.0,1108563000,302444000,71870000,1214122000,664043000,150000000.0
TR,DOAS,2016,4851854000,3733141000.0,1118713000,3140398000,3679080000,11925176000,10772300000.0,1152876000,237943000,89098000,1650960000,780965000,300000000.0
TR,DOAS,2017,5166882000,3839437000.0,1327445000,3194267000,3769004000,13220361000,11919377000.0,1300984000,183719000,106385000,1425344000,975348000,0.0
TR,DOAS,2018,4798662000,3490790000.0,1307872000,2817143000,3363145000,10688489000,9387395000.0,1301094000,134356000,365892000,1365896000,982378000,143000000.0
TR,DOAS,2019,4664944000,3412403000.0,1252541000,2514625000,3093170000,9844133000,8574429000.0,1269704000,76759000,648342000,935907000,847759000,135000000.0
TR,DOAS,2020,7117134000,4821400000.0,2295734000,4601874000,4467121000,18900148000,16425050000.0,2475098000,1041870000,655599000,2751843000,900928000,3043000.0
TR,DOAS,2021,38764477000,20510251000.0,18254226000,19350280000,14707272000,24306203000,20784706000.0,3521497000,2336056000,9262471000,5724189000,7413529000,600000000.0
TR,DOAS,2022,49591167000,17970141000.0,31621026000,22102597000,14362957000,88487132000,70014682000.0,18472450000,15864754000,5574548000,7138612000,8918570000,3988445000.0
TR,DOAS,2023,97985350000,37569197000.0,60416153000,47954628000,26635338000,215477926000,169089101000.0,46388825000,28532354000,11035747000,15375759000,16925617000,9588850000.0
TR,DOAS,2024,120694892271,47737450649.0,72957441622,55764048360,35308650723,246567798681,206995781926.0,39572016755,10004087600,12321640995,20170814154,26108420036,17205715465.0
TR,DOAS,2025,143458420125,68510438851.0,74947981274,72726064498,50738721667,281461669325,246331835236.0,35129834090,3387504055,6113558858,33155881830,29495560687,7851927222.0
TR,DOFER,2021,310824388,200605523.0,110218865,168197561,149506627,927060984,911513833.0,15547151,6325803,24873280,53566778,133216558,0.0
TR,DOFER,2022,1172396580,702194707.0,470201873,666766850,618476082,2870931778,2704678478.0,166253300,35170808,160082380,170486050,503453729,0.0
TR,DOFER,2023,1770840619,668853854.0,1101986765,1051437776,532170078,3431776632,3288367473.0,143409159,205380609,326946281,279324828,707074070,0.0
TR,DOFER,2024,1897176587,615576028.0,1281600559,962081271,505200913,4640687671,4504094467.0,136593204,-104089656,305151524,218994013,917526252,0.0
TR,DOFER,2025,2878298919,1239700506.0,1638598413,1540101823,1170395089,7583290697,7227351823.0,355938873,18821482,121451928,202575131,1324787265,0.0
TR,DOFRB,2022,416950765,338561530.0,78389235,121312385,86665865,156342926,83686976.0,72655950,17092249,6708976,18517674,33376254,0.0
TR,DOFRB,2023,823021597,650468717.0,172552880,403308374,225601100,422892272,130783032.0,292109240,167076883,29194628,122946935,20556018,21675261.0
TR,DOFRB,2024,1475663640,1135749074.0,339914566,914894068,592616018,628321226,212705658.0,415615568,173439219,120679477,183250747,40510216,18145052.0
TR,DOFRB,2025,3829674136,1536994706.0,2292679430,2657145481,922603818,1113572056,371969295.0,741602761,276887655,823555498,313766199,399516387,0.0
TR,DOGUB,2013,18722578,3306069.0,15416509,2804305,1992193,1489889,1290813.0,199076,-1253020,227911,1968620,14067245,
TR,DOGUB,2014,18566769,4480552.0,14086217,2516195,3311751,1350790,1279641.0,71149,-1290538,173423,1575843,13884888,
TR,DOGUB,2015,18209497,5668466.0,12541031,2355547,4455980,2004943,1354154.0,650789,-1528648,66167,1315428,13702750,
TR,DOGUB,2016,20574727,7302630.0,13272097,2620704,5934162,3119391,2339918.0,779473,-1273628,17366,1394099,15732753,0.0
TR,DOGUB,2017,21304637,9344871.0,11959766,3478945,7920066,3663711,2632968.0,1030743,-1236020,127146,1819775,15563427,0.0
TR,DOGUB,2018,20842771,12043269.0,8799502,3130278,9889504,4271551,3880522.0,391029,-2182700,119259,2122230,15393101,0.0
TR,DOGUB,2019,24635635,5030476.0,19605159,2911586,2350504,3656161,3721118.0,-64957,-2707392,49616,2430321,19325499,0.0
TR,DOGUB,2020,27757748,9771678.0,17986070,6028176,7244735,6527458,5534659.0,992799,-1793758,413394,2975000,19277200,0.0
TR,DOGUB,2021,38748693,7770191.0,30978502,12740202,4327253,11753616,8739701.0,3013915,575338,4783845,7466565,23536861,0.0
TR,DOGUB,2022,117335855,21819921.0,95515934,39612171,18777230,48430065,44441320.0,3988745,-11348608,6985504,30079279,70723715,0.0
TR,DOGUB,2023,150474073,28216746.0,122257327,48807778,22499500,79932425,71580512.0,8351913,-13138908,2433325,41777668,90550766,0.0
TR,DOGUB,2024,175408896,64179897.0,111228999,50119585,57968935,65175134,79351706.0,-14176572,-47957324,2274466,34180193,119144554,0.0
TR,DOGUB,2025,197377658,127060050.0,70317608,53066682,116548714,79297783,88184887.0,-8887103,-59566511,17991556,33205175,137350675,0.0
TR,DOHOL,2013,7587973000,3587538000.0,4000435000,3977821000,2024293000,3301327000,2454189000.0,847138000,-166048000,2216361000,273817000,901284000,
TR,DOHOL,2014,6877335000,3967485000.0,2909850000,3759729000,1980553000,3543263000,2753055000.0,790208000,-311638000,2166910000,247887000,820434000,0.0
TR,DOHOL,2015,7869320000,4406227000.0,3463093000,3971139000,2700917000,5951038000,4924311000.0,1026727000,-172994000,1894260000,374448000,1041089000,0.0
TR,DOHOL,2016,9401449000,5730008000.0,3671441000,3918293000,2794799000,7754572000,6476404000.0,1278168000,-233886000,1512345000,441350000,1172601000,0.0
TR,DOHOL,2017,10577852000,7224983000.0,3352869000,4898719000,5165049000,7738622000,7231320000.0,507302000,-376546000,1708658000,601962000,1323287000,0.0
TR,DOHOL,2018,10949810000,3947919000.0,7001891000,7017592000,2987910000,12146438000,11131912000.0,1014526000,3567124000,3817966000,645246000,1033430000,0.0
TR,DOHOL,2019,11240591000,3609251000.0,7631340000,6988247000,2831079000,13253580000,12177709000.0,1075871000,592933000,3278832000,621783000,1102314000,260995000.0
TR,DOHOL,2020,13693203000,4314966000.0,9378237000,8177654000,2887079000,10624605000,9421762000.0,1288864000,1444081000,2905947000,778944000,1741232000,99479000.0
TR,DOHOL,2021,22294738000,7975058000.0,14319680000,15513672000,5932448000,16487522000,14306517000.0,2341408000,3062489000,4646127000,2042478000,2035484000,180000000.0
TR,DOHOL,2022,83805566000,33095699000.0,50709867000,50649588000,24909607000,25944510000,21762546000.0,4912615000,1293654000,11615772000,7725141000,11202262000,1206808000.0
TR,DOHOL,2023,134875359000,55038818000.0,79836541000,83683505000,41552656000,60805935000,49593522000.0,13649782000,-615131000,17503122000,11681057000,16923641000,1016947000.0
TR,DOHOL,2024,182814123148,85902702101.0,96911421047,108926520061,63921927150,78922435415,70136346747.0,13687548258,4523292018,33820288451,9701193588,29290645537,198242977.0
TR,DOHOL,2025,203129961676,95983003476.0,107146958200,125487950589,79727460447,61524165722,50594438098.0,18684755674,1930770297,8065040915,8229794156,29876831164,1000905565.0
TR,DOKTA,2013,847990984,514719117.0,333271867,498282580,371546312,635656586,499410008.0,136246578,15310785,26802660,78545047,315919466,
TR,DOKTA,2014,917284498,577184226.0,340100272,352993495,282498828,760007920,601150763.0,158857157,20680830,30421286,97939220,313750768,
TR,DOKTA,2015,1105670922,727557921.0,378113001,452285781,407468073,801564225,642647627.0,158916598,24402622,16803959,110406726,409323396,
TR,DOKTA,2016,911743155,874408016.0,37335139,176454875,821094090,723144289,601660991.0,121483298,-32216303,6520316,119575627,509810648,0.0
TR,DOKTA,2017,1048504009,1000864252.0,47639757,277381300,347985528,1066330776,807473506.0,258857270,68127774,17464098,121150955,607050269,0.0
TR,DOKTA,2018,1359736303,1230852720.0,128883583,363638379,671802117,1179872081,931795423.0,248076658,101230873,27741417,166184515,777288682,0.0
TR,DOKTA,2019,1434244633,1349162563.0,85082070,474460109,438084465,1156973953,905551440.0,251422513,98164406,54702442,209198873,875587789,0.0
TR,DOKTA,2020,2045786866,1832306390.0,213480476,717939710,970431914,1333390308,1033804501.0,299585807,84227181,34285671,311368729,1222641025,0.0
TR,DOKTA,2021,4232553100,3286175061.0,946378039,1672397484,1792636299,2722072097,2227897945.0,494174152,347866012,24136658,824076139,2363313397,0.0
TR,DOKTA,2022,7100451749,4918510495.0,2181941254,2624257526,3062376274,6380697108,5637425321.0,743271787,104458901,170173137,1295639960,4144421177,0.0
TR,DOKTA,2023,11600586084,7134219894.0,4466366190,3578725528,3791251962,9635997105,7869177326.0,1766819779,473074768,223876603,1987202887,7449033851,0.0
TR,DOKTA,2024,19767130312,12215639765.0,7551490547,4803337658,7370380999,15622774723,13845468654.0,1777306070,-603490989,294974986,2653372911,14130669776,0.0
TR,DOKTA,2025,21857626954,14394837150.0,7462789804,4573640119,9469011998,15075978557,12974266795.0,2101711762,-1152372682,109772956,2969479369,16084699255,0.0
TR,DUNYH,2013,17292431,6334684.0,10957747,13419248,5374550,10506524,10285163.0,221361,1312527,198947,1882480,3537118,
TR,DUNYH,2014,21589009,10733218.0,10855791,16863672,10119384,14087996,14491599.0,-403603,-86020,1233061,3451042,4000634,
TR,DUNYH,2015,20354744,7081057.0,13273687,13911249,6177368,9490774,9368231.0,122543,953366,424809,3411915,4299300,
TR,DUNYH,2016,21107287,8874569.0,12232718,14661759,5693062,9474531,9541575.0,-67044,-1033615,150738,2830369,4244000,0.0
TR,DUNYH,2017,20641005,7974125.0,12666880,14332682,5395591,13744584,10811048.0,2933536,421458,162775,2342593,4131905,0.0
TR,DUNYH,2018,23781731,6622270.0,17159461,17413633,5340040,12431239,10059851.0,2371388,477553,158951,7859554,4148807,0.0
TR,DUNYH,2019,32714932,7920756.0,24794176,17987646,5152139,16040037,15004827.0,1035210,3251567,1068522,7809415,8546417,0.0
TR,DUNYH,2020,43972722,5767989.0,38204733,27396451,4282340,23422308,21195338.0,2226970,826590,5124475,7548735,8012059,0.0
TR,DUNYH,2021,66446010,9485201.0,56960809,29701986,5267778,43046093,41565274.0,1480819,10600686,5090478,3804214,17245854,0.0
TR,DUNYH,2022,171737488,27945911.0,143791577,53622604,12913723,74603341,58859894.0,15743447,82480337,3544768,18145012,49809688,0.0
TR,DUNYH,2023,180515389,49465661.0,131049728,55992509,35871166,91071357,61102141.0,29969216,46780258,8889789,28813609,56855801,0.0
TR,DUNYH,2024,503352890,94355649.0,408997241,498851015,19957118,113644932,117756818.0,-4111886,237198159,92659254,0,4290045,0.0
TR,DUNYH,2025,2020459259,292078103.0,1728381156,1847823042,25152833,21195125,17021311.0,4173814,874491516,57198533,0,4004824,0.0
TR,DURDO,2013,110211005,97141965.0,13069040,54007663,51777783,83940075,70505207.0,13434868,-7990093,17317763,9147630,52593490,
TR,DURDO,2014,102233530,87908708.0,14324822,48221173,46380266,89139920,71544135.0,17595785,1855523,10679098,18074344,50879248,0.0
TR,DURDO,2015,108553170,89519623.0,19033547,42591487,52315030,90814246,77347097.0,13467149,-10948176,10612034,11206622,64235232,0.0
TR,DURDO,2016,110666182,97342113.0,13324069,48783326,64002389,104000744,82329172.0,21671572,-5362018,8723026,16259314,60086941,0.0
TR,DURDO,2017,147199252,107482976.0,39716276,66511085,67461194,144558546,105340837.0,39217709,9335022,9059515,22293877,76830713,0.0
TR,DURDO,2018,233197868,170680896.0,62516972,111124669,98109984,206398689,136239214.0,70159475,14421820,9885694,36883527,118558451,0.0
TR,DURDO,2019,271498253,200960445.0,70537808,135751604,86827180,248616991,179180068.0,69436923,10122326,25482545,51456750,43425150,0.0
TR,DURDO,2020,374726688,297916708.0,76809980,185025046,155635252,296969441,217730982.0,79238459,-11031557,47808660,60577149,51605836,0.0
TR,DURDO,2021,547769079,475917948.0,71851131,339225174,317814890,528698589,340321920.0,188376669,1323754,14941401,141137959,74785614,0.0
TR,DURDO,2022,2020860625,1006714623.0,1014146002,1085878108,877099585,2200208160,1233047535.0,967160625,498354933,85653155,576468422,331293923,0.0
TR,DURDO,2023,2631950286,1062977166.0,1568973120,1200149808,923207512,2176592843,1703718369.0,472874474,168511311,37880193,454688816,548573596,0.0
TR,DURDO,2024,3155151327,1382115817.0,1773035510,1368047799,1127057679,2621790148,2065336667.0,556453481,-208383963,45118158,535132260,1555324186,0.0
TR,DURDO,2025,3206834351,1585865360.0,1620968991,1380935113,1282231260,2818129507,2278029928.0,540099578,-316398631,106356750,478063208,1608034866,0.0
TR,DURKN,2021,1150251989,376002120.0,774249869,278799996,164393470,489076277,393409381.0,95666896,12999635,39790036,93659396,836347159,0.0
TR,DURKN,2022,1403987879,578391215.0,825596664,574829296,443495817,813871952,651791420.0,162080532,64473950,25882845,290991037,797312492,0.0
TR,DURKN,2023,1901736390,836707683.0,1065028707,919758518,641340810,1133048958,745216387.0,387832571,95213146,36248515,440691907,943219576,0.0
TR,DURKN,2024,3512250489,1257450155.0,2254800334,2146616255,1030777628,1200863918,690519250.0,510344668,132436548,431262402,886162044,1310784344,0.0
TR,DURKN,2025,4231108463,1614866264.0,2616242199,2606565151,1111580208,1230307353,589895759.0,640411594,150431534,232708604,1304373036,1545808133,9919505.0
TR,DYOBY,2013,626134188,530568139.0,95566049,342717488,268157515,569403000,372995694.0,196407306,11329601,14135886,76572266,274514564,
TR,DYOBY,2014,667728155,550150493.0,117577662,371849770,322522290,686140132,472169656.0,213970476,17612632,25180715,72558078,283824116,
TR,DYOBY,2015,687738199,576006495.0,111731704,407515542,342112251,701527442,472393208.0,229134234,2961187,21357593,73024261,271939742,
TR,DYOBY,2016,778437263,658763148.0,119674115,453671001,333387474,773251091,509643777.0,263607314,11532952,27854841,93330968,312736008,0.0
TR,DYOBY,2017,919738819,770832959.0,148905860,523683558,475156135,923679065,666763497.0,256915568,-3615419,24596796,135605164,383452651,0.0
TR,DYOBY,2018,1025663725,895695579.0,129968146,607524545,624641509,1070851532,752792627.0,318058905,-38252547,19215556,161262938,404108021,0.0
TR,DYOBY,2019,1078307997,891601262.0,186706735,606464840,633630803,1134431323,774035926.0,360395397,20207497,29042245,168142318,443224785,0.0
TR,DYOBY,2020,1229737263,927224687.0,302512576,779688404,749911597,1480792906,978299599.0,502493307,133569666,50457530,275776420,424244257,0.0
TR,DYOBY,2021,2369895118,1716803603.0,653091515,1404210836,1459604410,2300970012,1687561690.0,613408322,-719980,171191581,514365575,934466311,11402464.0
TR,DYOBY,2022,9244595506,5704326105.0,3540269401,4258856493,3775348613,8158310123,6878844126.0,1279465997,354446604,493842674,1543503149,3661976108,0.0
TR,DYOBY,2023,15016560467,9784038942.0,5232521525,6086244881,6078026232,12312253250,9425874658.0,2886378592,471414261,668626135,1736405522,5395825060,238665426.0
TR,DYOBY,2024,19555521525,11727038256.0,7828483269,6541789099,8442954508,14028568851,10208096911.0,3820471940,-221162734,453913029,1509513702,8363260481,0.0
TR,DYOBY,2025,20140685550,12027266822.0,8113418728,5812492974,9076499715,11243794365,7672348905.0,3571445459,-470251806,191785291,1232793867,8707929346,0.0
TR,DZGYO,2013,172834827,3441311.0,169393516,10023954,3355840,52527827,48216282.0,4311545,-2428081,8886560,0,401611,
TR,DZGYO,2015,188960936,4146481.0,184814455,1222760,3957893,9731976,2795282.0,6936694,10293377,467395,0,223793,
TR,DZGYO,2016,198272777,1123811.0,197148966,5338654,934998,11847828,2580294.0,9267534,12334511,3412006,0,202124,0.0
TR,DZGYO,2017,249961059,37024251.0,212936808,18279772,13163278,13934139,3346209.0,10587930,15787842,16401225,0,116663,0.0
TR,DZGYO,2018,563326508,314652253.0,248674255,71737928,109671004,14400771,3957584.0,10443187,38243618,23484327,0,337059,0.0
TR,DZGYO,2019,848898118,584054140.0,264843978,573719158,326537808,16659624,5773321.0,10886303,13342945,25013066,514771103,2436500,0.0
TR,DZGYO,2020,1053516529,682055126.0,371461403,628309112,584173991,366808714,296518984.0,70289730,6528523,3001809,620386624,4340212,0.0
TR,DZGYO,2021,1006506733,286568877.0,719937856,620198207,284358297,466609988,338189240.0,128420748,98131858,5833057,579945900,5100289,0.0
TR,DZGYO,2022,2854574628,404375525.0,2450199103,1663570205,401525580,1355050386,1295668898.0,59381488,287646701,675119276,898639863,22319543,0.0
TR,DZGYO,2023,3721651588,84236286.0,3637415302,1397784129,83332783,1098112599,986382857.0,111729742,99441351,36231542,618900811,26040330,0.0
TR,DZGYO,2024,6263647397,875279704.0,5388367693,2248591367,853046016,631349887,336374604.0,294975283,626403710,54445,698814596,24960458,0.0
TR,DZGYO,2025,8235638341,1556954126.0,6678684215,3310480307,109855765,130411306,72790153.0,57621152,334156247,342650885,846661911,21878998,0.0
TR,EBEBK,2019,596473427,520662170.0,75811257,356459185,419328354,1398274171,968914720.0,429359451,33550907,20348367,284797009,93747092,9585615.0
TR,EBEBK,2020,839338058,753850528.0,85487530,551022365,616220966,1522090686,1025331987.0,496758699,11561308,10415647,478520555,119712334,0.0
TR,EBEBK,2021,1003006922,923159347.0,79847575,649177929,734078660,2062506972,1393191051.0,669315921,-2557819,24062240,514977814,146779134,0.0
TR,EBEBK,2022,4434913708,3428644820.0,1006268888,2997300999,2891832841,8701964875,6596790518.0,2105174357,264490450,88492522,2461998959,723577184,0.0
TR,EBEBK,2023,9038856771,5382668519.0,3656188252,6393730790,4468317923,16400066401,11780246930.0,4619819471,436593617,1250485686,3942953668,1303046496,0.0
TR,EBEBK,2024,13160110006,8416306250.0,4743803756,8511917375,7081349653,23982608934,15458057766.0,8524551168,110738600,1666388890,5665945159,2221253691,0.0
TR,EBEBK,2025,16093388676,11069035501.0,5024353175,9819114803,9032929385,30453636881,19451986480.0,11001650401,-19189036,2577898687,5704782502,2849649301,177613781.0
TR,ECILC,2013,3437219000,517042000.0,2920177000,1139529000,416193000,1126009000,919875000.0,206134000,58034000,719594000,198343000,45815000,
TR,ECILC,2014,3263485000,502440000.0,2761045000,1035211000,375960000,1046781000,856520000.0,190261000,-61244000,648606000,154790000,63314000,52628000.0
TR,ECILC,2015,3369830000,629770000.0,2740060000,1090342000,475926000,1170563000,907688000.0,262875000,54979000,699023000,133900000,102181000,43857000.0
TR,ECILC,2016,3992703000,748213000.0,3244490000,1163552000,602151000,530133000,336110000.0,194023000,167557000,661541000,128248000,122388000,219283000.0
TR,ECILC,2017,3831375000,350720000.0,3480655000,741324000,210146000,597909000,363476000.0,234433000,149531000,506419000,72636000,6066000,342630000.0
TR,ECILC,2018,4456472000,458628000.0,3997844000,912383000,241737000,692094000,447692000.0,244402000,240089000,619899000,87536000,6048000,137052000.0
TR,ECILC,2019,4838337000,561079000.0,4277258000,1001345000,358554000,877076000,561262000.0,315814000,162728000,672782000,88567000,5202000,205578000.0
TR,ECILC,2020,5970231000,687923000.0,5282308000,1267436000,414110000,909132000,608463000.0,300669000,322114000,856115000,149134000,5344000,49173000.0
TR,ECILC,2021,10094444000,1062115000.0,9032329000,1797047000,542941000,1103515000,756729000.0,346786000,1263594000,1265256000,116865000,5758000,150757000.0
TR,ECILC,2022,38633548000,7392115000.0,31241433000,4347824000,2162271000,3466080000,2388816000.0,1077264000,2985370000,916414000,1265248000,3570539000,399303000.0
TR,ECILC,2023,62800679000,12489068000.0,50311611000,7915064000,4930133000,9355032000,6196327000.0,3158705000,3955851000,2898626000,2305409000,5478455000,668389000.0
TR,ECILC,2024,73563333049,14808716971.0,58754616078,9932880864,4919471683,11475783352,7578211640.0,3897571712,1339734033,3126075310,2594213966,5696942011,1225119474.0
TR,ECILC,2025,82531998099,15358853206.0,67173144893,10645060311,5299534511,10862115643,7238941861.0,3623173782,2297440644,4979505790,2381241735,5616365465,1501757793.0
TR,ECOGR,2022,19228762003,11847443400.0,7381318604,3305248304,2443708784,1030986915,790389690.0,240597225,200908422,629122760,239744182,14821372312,0.0
TR,ECOGR,2023,32577418402,18164131669.0,14413286733,1899948436,6309495720,2098703831,1627640274.0,471063557,2045396905,179088154,153233426,29246289913,0.0
TR,ECOGR,2024,32414103886,16466061402.0,15948042484,1977153660,6581321745,4593675977,4066338119.0,527337858,1322198763,430410842,92022013,29623738372,0.0
TR,ECOGR,2025,37320521307,18880197185.0,18440324122,4708937851,7568485161,6892270906,5219173205.0,1673097701,496716685,1750347942,176862203,31838874094,0.0
TR,ECZYT,2013,1263397945,34630119.0,1228767826,187702881,9934401,1468379210,1453144908.0,15234302,6775998,44520217,0,1115403,
TR,ECZYT,2014,1276624569,34646621.0,1241977948,242306014,6277694,58172553,48694736.0,9477817,31573558,59341174,0,1367638,
TR,ECZYT,2015,1251050210,29953665.0,1221096545,237297948,588843,24906034,27107735.0,-2201701,22001468,35948463,0,0,
TR,ECZYT,2016,1565373455,51848970.0,1513524485,73696972,3516791,66323055,61182007.0,5141048,140010841,48610663,0,0,84000000.0
TR,ECZYT,2017,1897578018,33571441.0,1864006577,87311271,423407,65002023,59315084.0,5686939,185760492,54659435,0,0,122165375.0
TR,ECZYT,2018,2152239332,40564544.0,2111674788,44976142,619108,27032805,25652001.0,1380804,101330630,44729543,0,0,78750000.0
TR,ECZYT,2019,2374536772,44767996.0,2329768776,105925218,1377698,0,0.0,0,72628550,105678582,0,0,78750000.0
TR,ECZYT,2020,2903421280,55661601.0,2847759679,107320293,996339,0,0.0,0,135983681,83041369,0,0,50001000.0
TR,ECZYT,2021,4583394280,99050271.0,4484344009,410717180,33547839,0,0.0,0,590721202,410163156,0,0,130200000.0
TR,ECZYT,2022,15193046405,224719994.0,14968326411,681513580,2692795,0,0.0,0,1032577525,269133125,0,0,433129245.0
TR,ECZYT,2023,24087486717,456844266.0,23630642451,1116355438,167512010,0,0.0,0,1405353111,1114688667,0,0,411963150.0
TR,ECZYT,2024,27437260919,588359754.0,26848901165,993445673,9590145,0,0.0,0,580559465,992848295,0,0,827224291.0
TR,ECZYT,2025,31282153970,716033600.0,30566120370,882947816,12456643,0,0.0,0,902807229,881358261,0,0,876025379.0
TR,EDATA,2018,43696125,18137629.0,25558496,40069824,16698470,94289177,75073902.0,19215275,9382182,9548961,11710858,1843646,0.0
TR,EDATA,2019,65578581,33655977.0,31922604,62015011,32337094,110302201,89430505.0,20871696,6470259,12746944,17345472,1966509,0.0
TR,EDATA,2020,84643135,37444375.0,47198760,81037716,34162952,134017486,105758840.0,28258646,15231553,21373791,13460951,2034424,0.0
TR,EDATA,2021,222655665,54724473.0,167931192,200669048,52555799,161607556,129585292.0,32022264,52374403,115972420,18826566,20380085,4122693.0
TR,EDATA,2022,677114231,207604564.0,469509667,602166434,193393890,1088677565,936127396.0,152550169,7412327,63945195,106418051,12966442,0.0
TR,EDATA,2023,1048342235,296592476.0,751749759,853452501,284384470,1670531741,1512572651.0,157959090,94263223,79678144,157586502,19835781,0.0
TR,EDATA,2024,1316341532,411077747.0,905263785,1081067220,383342989,1571854959,1376004625.0,195850334,-78462975,127983363,182034001,26136197,0.0
TR,EDATA,2025,1550959930,571961205.0,978998725,1295876598,528068497,2688427943,2381444876.0,306983067,-14965871,190367474,124790088,25662505,0.0
TR,EDIP,2013,477084984,292557263.0,184527721,23690044,65248758,41061496,16058465.0,25003031,-41708643,1554955,6074880,3040135,
TR,EDIP,2014,506029443,284101942.0,221927501,18290258,64861934,47220201,18299018.0,28921183,37406345,1484970,4233025,2429042,
TR,EDIP,2015,569657234,328297155.0,241360079,30767600,74260578,47916516,18893600.0,29022916,19440591,17626984,3582511,2182331,0.0
TR,EDIP,2016,585143718,343642980.0,241500738,9461603,266401576,51510244,20062583.0,31447661,139294,637708,3099442,1546343,0.0
TR,EDIP,2017,624440237,394927632.0,229512605,19825890,32651248,72840230,24887486.0,47952744,-11977166,11550027,489912,1167397,0.0
TR,EDIP,2018,757839325,512276770.0,245562555,21822175,49118076,66620697,25614417.0,41006280,16248784,11068281,492706,913065,0.0
TR,EDIP,2019,838557606,564046887.0,274510719,20836623,44520386,71004183,31209380.0,39794803,28912941,8762865,583470,770497,0.0
TR,EDIP,2020,789631169,716965390.0,72665779,10841427,38289413,58475829,28995802.0,29480027,-201797491,1863396,96394,644805,0.0
TR,EDIP,2021,1010343268,1118816720.0,-108473452,67479554,98763889,73225538,36147533.0,37078005,-181151910,56794008,153683,1530834,0.0
TR,EDIP,2022,3418568560,2669415878.0,749152682,177086200,172891418,327016792,166325863.0,160690929,1041757505,30519217,667551,5270239,0.0
TR,EDIP,2023,5893056997,2125445558.0,3767611439,251234053,340966316,550051971,241175809.0,308876162,2688293450,70559409,899789,25430721,0.0
TR,EDIP,2024,8132407069,1978223978.0,6154183091,195834005,493583321,734318280,334115990.0,400202290,1223027934,54074659,724284,30960231,0.0
TR,EDIP,2025,8923682723,1420897393.0,7502785330,226761291,315909138,843698941,372604007.0,471094934,728500125,108237439,371042,27405820,0.0
TR,EFOR,2021,1850938671,1277166717.0,573771954,1255055498,1174293980,2626505808,2326242177.0,300263631,179143763,185741897,482197786,581680256,0.0
TR,EFOR,2022,3329094886,2147698539.0,1181396347,2015479895,1846771097,6008522156,5339450101.0,669072055,165423264,72911393,802460656,913549453,0.0
TR,EFOR,2023,5518405957,2923948490.0,2594457467,2848855107,2275961620,7484467837,6274061498.0,1210406339,705642834,98582986,1432903385,1706038694,0.0
TR,EFOR,2024,11200159190,6090348008.0,5109811182,6787936188,5571209371,8812649363,7203833842.0,1608815521,577409570,567385247,3445715390,3112301311,0.0
TR,EFOR,2025,13596561613,8166892059.0,5429669554,8835317564,7705593869,14525200059,11849965137.0,2675234921,2647661,1445370686,4590502722,4316776183,64721922.0
TR,EGEEN,2013,137051190,43973297.0,93077893,103210936,31082385,174374389,123997902.0,50376487,29623879,13575948,28426475,21694413,
TR,EGEEN,2014,159435430,26088937.0,133346493,122825173,22493994,229401810,149828525.0,79573285,56712610,28147216,41297009,21057600,
TR,EGEEN,2015,273935240,73326354.0,200608886,226094861,40742681,313575112,191183169.0,122391943,102009445,120375125,39562385,23675050,
TR,EGEEN,2016,330385279,74470150.0,255915129,253393081,40223593,253925335,153189936.0,100735399,98387599,169922365,35781538,55035432,41677878.0
TR,EGEEN,2017,432646832,86699686.0,345947146,342921818,56088912,345972148,204148704.0,141823444,132121115,213660739,49937425,64314931,41538421.0
TR,EGEEN,2018,661955659,117522399.0,544433260,458357441,89340741,586587767,329769825.0,256817942,347519858,208355747,102147629,63552426,86920522.0
TR,EGEEN,2019,749350869,100002203.0,649348666,523381321,82842750,684455154,411207845.0,273247309,257718088,240087443,98230716,70205987,150010076.0
TR,EGEEN,2020,1051298015,340962048.0,710335967,802224897,320839137,509913739,297320272.0,212593467,263695872,449357360,92792990,62595689,58578550.0
TR,EGEEN,2021,1393524530,275129982.0,1118394548,1059391106,252140047,1049472767,624338770.0,425133997,603525201,329382931,301548530,66769437,198022298.0
TR,EGEEN,2022,5980803874,2270735963.0,3710067911,3713844441,711075458,4296698147,2999220018.0,1297478129,626017164,1677209884,847360728,541784198,550412539.0
TR,EGEEN,2023,9044188000,3219193000.0,5824995000,4478681000,1428192000,5643669000,3916291000.0,1727378000,1005228000,1618058000,1073056000,2447836000,531733000.0
TR,EGEEN,2024,10971298138,2816416783.0,8154881355,4532663909,1309079050,6157473580,4491936761.0,1665536820,1116546905,1157407564,1489883241,3580265146,540366728.0
TR,EGEEN,2025,11261042065,2660429047.0,8600613018,4153165747,1261675455,5204916472,4336620315.0,868296158,-104409413,1944260121,1392224910,4044015804,260899737.0
TR,EGEGY,2021,1367993266,1442744790.0,-74751524,1157099676,1064699019,546436612,454509999.0,91926613,30332214,112631815,725091587,3231537,0.0
TR,EGEGY,2022,2067697892,1864806794.0,202891098,910472124,234144565,1127581132,836356373.0,291224759,148254354,282865071,212126602,75398,0.0
TR,EGEGY,2023,3913367052,3821696820.0,91670232,1111453374,851044756,325137324,202658990.0,122478334,-42163999,212893490,304789584,500669,0.0
TR,EGEGY,2024,6828381050,6658810452.0,169570598,3389648125,4788070953,118203116,70247254.0,47955862,-352204716,187800968,2316361671,839704,0.0
TR,EGEGY,2025,8539876737,6651652760.0,1888223977,3139946703,3736443132,2655916280,1510661202.0,1145255078,893388958,189646227,2276005135,6918653,0.0
TR,EGEPO,2018,136770227,49690150.0,87080077,15429009,11995595,70697744,44971436.0,25726308,8246343,4082677,1298279,42568765,0.0
TR,EGEPO,2019,160456239,67507009.0,92949230,24265443,18340348,79583621,58857619.0,20726002,5950616,11148962,1312603,53717818,0.0
TR,EGEPO,2020,214337896,88821638.0,125516258,48652186,36530063,114564673,72672488.0,41892185,32933407,24475762,4000000,69202418,0.0
TR,EGEPO,2021,391061866,97749319.0,293312547,97743618,51037747,169766767,129620117.0,40146650,17440038,60953802,6657189,230649687,0.0
TR,EGEPO,2022,1289825354,396638242.0,893187112,192391184,111744825,498938663,420260291.0,78678372,-146420886,83765409,13739553,852690262,0.0
TR,EGEPO,2023,1828055074,410006148.0,1418048926,256180662,177661013,890795570,641257942.0,249537628,132506966,72589901,13584694,1294563606,0.0
TR,EGEPO,2024,2220107596,396724076.0,1823383520,375978593,228820223,1320688732,1013319703.0,307369029,-31022496,201968379,12551996,1510039187,0.0
TR,EGEPO,2025,2719383306,472945271.0,2246438035,428786768,238047799,1584455306,1327790812.0,256664494,3135633,144640048,11823417,1888239030,0.0
TR,EGGUB,2013,241062109,129624262.0,111437847,60936480,95258760,201193933,164869758.0,36324175,-7870665,1870201,39757496,98782801,
TR,EGGUB,2014,294727389,173163775.0,121563614,111560671,170592434,198413463,157936564.0,40476899,10192443,31672875,62240289,103811966,0.0
TR,EGGUB,2015,281288831,158736733.0,122552098,93562455,155812847,250662570,198259066.0,52403504,1845953,21697333,57123644,180170027,1300000.0
TR,EGGUB,2016,259864934,114542094.0,145322840,73351762,111783990,328535273,258966493.0,69568780,21382271,4590080,45172530,111023439,1600000.0
TR,EGGUB,2017,268862439,98224367.0,170638072,68272826,94096830,335571584,257626436.0,77945148,31119827,10631166,47573047,194929951,5000000.0
TR,EGGUB,2018,363477344,174523872.0,188953472,146637901,169736657,391735631,273441123.0,118294508,28426630,3742391,132725588,195883844,10000000.0
TR,EGGUB,2019,558517929,336760355.0,221757574,211168366,292224379,570216363,446052992.0,124163371,45309370,33401880,142085050,258589986,12000000.0
TR,EGGUB,2020,658153913,353191006.0,304962907,217075438,313112201,735304836,526280489.0,209024347,102201998,107808166,68350157,314401402,20000000.0
TR,EGGUB,2021,995842285,598206141.0,397636144,492669029,549136090,829471928,529677847.0,299794081,117972873,140075618,294233532,412556398,25000000.0
TR,EGGUB,2022,4418373148,532001434.0,3886371714,824736078,431803957,2433439449,1662121845.0,771317604,1001039114,366134214,270335500,3103200118,61651212.0
TR,EGGUB,2023,6687332277,667012773.0,6020319504,1390871069,524484033,3272300448,2169478427.0,1102822021,534481473,587872321,356964682,4439235656,123898495.0
TR,EGGUB,2024,9740171844,1707613895.0,8032557949,1778423464,263882105,3295236544,1893134887.0,1402101657,331846181,1049856242,31126442,6539453992,191014452.0
TR,EGGUB,2025,11467079158,2060431070.0,9406648088,1901616884,817553831,3958386726,1835567103.0,2122819623,787219575,1375740368,10845985,8461034668,228704476.0
TR,EGPRO,2013,358654439,192354499.0,166299940,258984301,125805114,316779618,229037062.0,87742556,15694011,38257104,33168154,92597210,
TR,EGPRO,2014,409379004,220479209.0,188899795,292705710,190778441,377993876,279504123.0,98489753,22234115,18759098,50669213,108854204,
TR,EGPRO,2015,719084641,417459612.0,301625029,514390939,272288027,473789530,353419302.0,120370228,28876478,93284057,75840556,190069139,0.0
TR,EGPRO,2016,815704858,536516273.0,279188585,546201933,426236879,730624740,517258433.0,213366307,60143778,91617048,85375396,248284468,0.0
TR,EGPRO,2017,1043789973,690777740.0,353012233,671458524,544468583,910321773,667933872.0,242387901,67143208,56899490,108907413,362276349,22612209.0
TR,EGPRO,2018,1279369670,848420996.0,430948674,871919614,680205789,1105842698,754554441.0,351288257,106049351,276072429,136786306,394421374,24835000.0
TR,EGPRO,2019,1230169417,804581508.0,425587909,771672268,626787941,986275790,713092726.0,273183064,36985960,207946450,134484055,401171711,40234200.0
TR,EGPRO,2020,1732223176,1043089151.0,689134025,1157298081,795471348,1323254745,898586984.0,424667761,152532156,337916490,158915230,512665843,0.0
TR,EGPRO,2021,3646225505,2531071206.0,1115154299,2817144512,2304541257,2626441513,1906302896.0,720138617,287497034,570042328,356876483,770660005,35896866.0
TR,EGPRO,2022,8653738928,4678137923.0,3975601005,5165799076,3801637254,9434612168,6922983847.0,2511628321,264892686,668532655,872728841,3194801450,319791627.0
TR,EGPRO,2023,13295684927,6741420791.0,6554264136,7296982019,5669137548,13457655794,8354561514.0,5103094280,727889822,1160545027,1160126901,5578879118,934517833.0
TR,EGPRO,2024,15775482684,7574660856.0,8200821828,7917764953,6288063056,13917999821,9224795053.0,4693204768,1158577417,748595222,933251941,7507719306,1736878598.0
TR,EGPRO,2025,16982013491,7205361426.0,9776652065,8318628958,5959980914,13625440754,8700182641.0,4925258114,1237581618,822023492,1006533449,8239426453,643541901.0
TR,EGSER,2013,273137456,103698585.0,169438871,174524721,89542975,252824421,182455897.0,70368524,29121521,15965844,50477653,88428017,
TR,EGSER,2014,291819530,105897035.0,185922495,195582068,89948840,280681471,196324066.0,84357405,38319261,17508608,54713552,81464409,
TR,EGSER,2015,364356703,150322998.0,214033705,221355611,114068391,324890990,224883601.0,100007389,50877873,14642180,65054555,123368969,
TR,EGSER,2016,384962847,140780236.0,244182611,232459050,114606875,329902518,242239683.0,87662835,29125872,15719832,72800473,130535502,0.0
TR,EGSER,2017,421956267,136898345.0,285057922,262431618,110104827,383578635,263299467.0,120279168,47941127,29091984,81856639,133231275,8469960.0
TR,EGSER,2018,451236802,120341584.0,330895218,270823839,92176976,434544973,294044707.0,140500266,60354281,42679280,100057635,149052844,16260709.0
TR,EGSER,2019,484477179,157276058.0,327201121,296131162,120188062,403274497,308396394.0,94878103,24746066,17925355,123745864,145568787,31000000.0
TR,EGSER,2020,666679251,246535723.0,420143528,447187921,201333696,624212049,421094021.0,203118028,96369447,101901310,128772200,172055645,6046545.0
TR,EGSER,2021,1042894103,429586405.0,613307698,810937923,374874956,1061453089,675671979.0,385781110,262662670,194932014,184989709,191843776,76753991.0
TR,EGSER,2022,3149910136,1323567964.0,1826342172,2062723302,1194503948,4269002734,3137479131.0,1131523603,221618570,203196784,913379340,996419986,196799543.0
TR,EGSER,2023,4364545052,1162139166.0,3202405886,2823478954,1043230396,3953206835,2987965689.0,965241146,-155745952,182953023,1540399838,1479127808,0.0
TR,EGSER,2024,5758955690,2603317979.0,3155637711,2678222975,2393908931,3523226590,3516867109.0,6359481,-1164943487,77205069,1320558523,2883013740,0.0
TR,EGSER,2025,7416505974,5225972230.0,2190533744,4191883841,4779017417,4969059241,4610131084.0,358928156,-1284654043,337910379,1266407267,3121833221,0.0
TR,EKDMR,2023,12758496878,3259038623.0,9499458255,2326804457,2783046215,11050924280,10296007080.0,754917200,272617689,984118968,1306490044,10422180055,0.0
TR,EKDMR,2024,16915554522,5529937273.0,11385617249,4386266939,4618853867,16844490880,15406206882.0,1438283998,621715163,1480373066,2269946003,12234374509,0.0
TR,EKDMR,2025,23266928304,7500776794.0,15766151510,5548172523,5742581571,22926548214,21197110134.0,1729438080,491113701,431163065,2161477392,17198739202,0.0
TR,EKGYO,2013,13470982000,5117374000.0,8353608000,7213078000,4512022000,2331138000,1311319000.0,1019819000,1060537000,4803784000,440266000,11268000,
TR,EKGYO,2014,14953485000,6202201000.0,8751284000,5450071000,5711879000,1804523000,1032812000.0,771711000,954397000,2606132000,740200000,35897000,454991000.0
TR,EKGYO,2015,16735993000,7410594000.0,9325399000,15097889000,7140154000,1786788000,898788000.0,888000000,952605000,3005003000,10330403000,78721000,
TR,EKGYO,2016,18702367000,7972174000.0,10730193000,17076882000,7954280000,3455892000,1619678000.0,1836214000,1761276000,2501233000,12085195000,69181000,356072000.0
TR,EKGYO,2017,20623660000,8158141000.0,12465519000,18796338000,6083525000,3900566000,1788045000.0,2112521000,1756094000,897501000,13646631000,66858000,0.0
TR,EKGYO,2018,22659394000,9572652000.0,13086742000,19810629000,7737738000,3917974000,2248040000.0,1669934000,1269807000,552539000,14749905000,63494000,644442000.0
TR,EKGYO,2019,23411497000,9663075000.0,13748422000,19363644000,8023624000,5645593000,4098950000.0,1546643000,780506000,510149000,12839594000,65370000,118826000.0
TR,EKGYO,2020,27678593000,13156097000.0,14522496000,22740934000,10152862000,4527085000,3406841000.0,1120244000,859671000,1951089000,15192343000,72385000,73846000.0
TR,EKGYO,2021,30629118000,14751879000.0,15877239000,25584608000,12730683000,5735504000,3530427000.0,2205077000,1434187000,3634384000,17561543000,78274000,79444000.0
TR,EKGYO,2022,121282370000,58679899000.0,62602471000,109168346000,53346883000,20517939000,15391456000.0,5126483000,1317404000,9897374000,87825852000,396383000,772689000.0
TR,EKGYO,2023,174455659000,89922483000.0,84533176000,160112880000,87124021000,40283010000,28237554000.0,12045456000,-5505929000,22030591000,119464583000,596177000,1806687000.0
TR,EKGYO,2024,263889965124,136509371499.0,127380593625,238536272874,135232332274,41261022569,32669038062.0,8591984507,16737818584,10349516382,213804430444,1134782825,0.0
TR,EKGYO,2025,354903145673,211336261155.0,143566884518,314360498422,157235530641,90134743761,63352078173.0,26782665588,5265391248,14385506101,261814897382,1210398937,1902210472.0
TR,EKIM,2023,46349549776,21338901726.0,25010648050,4079109887,8920792286,16058546333,10524307381.0,5534238952,4508016033,1986625366,1010910032,139406688,0.0
TR,EKIM,2024,42598776149,20876447877.0,21722328272,3212242106,9479362398,15903465377,15022273316.0,881192061,-2363631620,1644222588,374134821,430155346,0.0
TR,EKIM,2025,40211778130,20163260588.0,20048517542,5307255825,8650254520,15361882723,14402223666.0,959659057,-2177623491,3064410456,215145799,412389164,0.0
TR,EKIZ,2013,37499066,33379831.0,4119235,12266163,16113441,28054146,24133472.0,3920674,-3471292,2182,814415,20604422,
TR,EKIZ,2014,38828840,33356038.0,5472802,12617959,16767867,21787478,20251618.0,1535860,-401837,29296,839838,21997671,
TR,EKIZ,2015,38265738,36411013.0,1854725,11530754,19314098,11466681,10174561.0,1292120,-4486297,6326,1061869,21916752,
TR,EKIZ,2016,33893545,29218911.0,4674634,10330360,22984447,11575826,11352190.0,223636,3142424,4606,506903,14893063,0.0
TR,EKIZ,2017,39443563,31403575.0,8039988,10789758,23890765,25562855,24685529.0,877326,-978046,130068,1142595,18553385,0.0
TR,EKIZ,2018,41217092,35001181.0,6215911,10193813,27380113,43605613,43226087.0,379526,-4045329,1762,128730,19801419,0.0
TR,EKIZ,2019,46601500,37315803.0,9285697,9902784,31560845,57961525,57990492.0,-28967,3102083,605,128730,19210296,0.0
TR,EKIZ,2020,49992784,39119869.0,10872915,8380742,24583015,44125559,43510352.0,615207,196176,3724,276899,339323,0.0
TR,EKIZ,2021,83352189,58368177.0,24984012,10777201,31048907,62342304,61362095.0,980209,14111097,2701324,1719,200116,0.0
TR,EKIZ,2022,216948970,89699249.0,127249721,13221837,43501591,234468789,230100708.0,4368081,59572205,1465199,0,580309,0.0
TR,EKIZ,2023,186326448,33789349.0,152537099,9863671,33111533,333211982,325226386.0,7985596,-31184792,26241,0,60285,0.0
TR,EKIZ,2024,428919412,46138803.0,382780609,17624994,44991815,350001498,340464204.0,9537294,183121248,54890,0,53797,0.0
TR,EKIZ,2025,458413016,96425551.0,361987465,18221380,59893425,470516441,457604327.0,12912114,-59221441,46210,0,30962,0.0
TR,EKOS,2020,258589535,118426495.0,140163040,201598738,95091480,149159239,119765465.0,29393774,9910171,19161511,40627523,45495301,0.0
TR,EKOS,2021,435320080,277915538.0,157404542,362517694,233948861,234706572,173022601.0,61683971,20540538,11613666,96606193,48632893,0.0
TR,EKOS,2022,1721309603,912761450.0,808548153,1158890729,662189527,946785876,681945881.0,264839995,77695617,56321295,417805291,294705105,0.0
TR,EKOS,2023,4089085514,1332623865.0,2756461649,2875196559,1078814488,1714426063,1193143534.0,521282529,216538915,912716866,840574810,837821725,0.0
TR,EKOS,2024,5221179992,1609547481.0,3611632511,3539704209,1307146393,3091900794,2527427100.0,564473694,130275427,714214865,1042289516,1416672947,0.0
TR,EKOS,2025,5508324254,2054109854.0,3454214400,3404608230,1592329465,2556226480,2292939819.0,263286662,-508855874,263760430,1411469210,1844191781,0.0
TR,EKSUN,2019,435947213,460486635.0,-24539422,364906113,448047293,925935187,794599832.0,131335355,11634178,26073276,135279513,56217478,0.0
TR,EKSUN,2020,737283799,664265905.0,73017894,551924766,639936679,1040949662,874937318.0,166012344,11586500,36912648,274334091,179442142,0.0
TR,EKSUN,2021,1340896539,1256155388.0,84741151,1177445036,1182470842,1549398092,1275825625.0,273572467,7684885,9758247,543185894,120512143,0.0
TR,EKSUN,2022,2843037587,2126507669.0,716529918,2439285329,2042844288,7509459749,6800540001.0,708919748,64871375,129529125,930826298,305666464,0.0
TR,EKSUN,2023,4807342299,2126198524.0,2681143775,4140036149,2041024523,10259774506,8875484401.0,1384290105,-222002277,613485777,1424231299,448361621,0.0
TR,EKSUN,2024,6430518198,3807538195.0,2622980003,5438300916,3653997303,13204910021,12169253262.0,1035656759,-909885204,1013824197,1840173856,711149492,0.0
TR,EKSUN,2025,6761374228,4236482662.0,2524891566,4904065165,4132466351,12794480011,11426334697.0,1368145314,-352537687,767688666,1978795041,1639772643,0.0
TR,ELITE,2018,122222509,72026955.0,50195554,97436512,67724340,140485165,63422197.0,77062968,33009032,17892780,21507457,20735330,0.0
TR,ELITE,2019,134467979,80045842.0,54422137,105644827,45294885,113448340,55022000.0,58426340,21652514,19973544,49387537,27334003,0.0
TR,ELITE,2020,300477794,167380153.0,133097641,239640465,118928378,205691715,93842794.0,111848921,29378768,47557007,76189142,57419551,0.0
TR,ELITE,2021,434677068,198302572.0,236374496,370289872,179614256,305140837,93900963.0,211239874,38029272,94129329,78888178,63702399,0.0
TR,ELITE,2022,1135639076,353615759.0,782023317,749937969,271699609,1050677716,417925451.0,632752265,-60554996,33483811,282680099,373531039,123942586.0
TR,ELITE,2023,1774403590,607009064.0,1167394526,1143577274,522135870,1235327885,627272203.0,608055682,185888315,46354948,398819548,605228410,114767946.0
TR,ELITE,2024,2628173677,608000085.0,2020173592,1671610259,535420185,2300638102,1065158997.0,1235479105,516824793,117600200,589886046,920854989,0.0
TR,ELITE,2025,2925082645,449219194.0,2475863451,1683437263,441844077,2366069032,1338612707.0,1027456325,271861206,218217636,597092945,1029240448,0.0
TR,EMKEL,2013,105344772,63202952.0,42141820,46881853,50151443,59564858,44860592.0,14704266,1307738,2063034,15796470,30200878,
TR,EMKEL,2014,110250588,61258726.0,48991862,47329781,48702096,61595447,44333036.0,17262411,1699431,2504804,16737426,34575574,
TR,EMKEL,2015,121653272,71891289.0,49761983,55630371,56616269,57159670,39634495.0,17525175,1766881,2028747,24941989,34956344,
TR,EMKEL,2016,155541131,97705786.0,57835345,80466667,63883196,72467014,50793866.0,21673148,3105313,3157071,36012371,40419386,1561887.0
TR,EMKEL,2017,198050473,147132505.0,50917968,117453707,104041821,78628398,63012656.0,15615742,-6705334,4312216,58785830,60503523,578435.0
TR,EMKEL,2018,187097853,156108343.0,30989510,100260965,136871489,76483280,57090612.0,19392668,-18613442,5484102,52447290,66523000,0.0
TR,EMKEL,2019,211851192,168217145.0,43634047,112330332,125549786,95886884,64161170.0,31725714,-1141915,2251690,57140685,75698059,0.0
TR,EMKEL,2020,235136305,192832245.0,42304060,137473942,119859563,103215877,62062933.0,41152944,-629039,4162721,60905168,75812654,0.0
TR,EMKEL,2021,347438436,210114509.0,137323927,210903431,165172554,236920550,163527600.0,73392950,13336376,7993021,81615895,123862842,0.0
TR,EMKEL,2022,964387305,481427796.0,482959509,467002148,357386473,488167554,392049964.0,96117590,-39979555,6332349,166697698,468269099,1344219.0
TR,EMKEL,2023,1654261753,791551919.0,862709834,903946065,624455821,610673744,461053784.0,149619960,-30012326,76988708,295161606,675525649,0.0
TR,EMKEL,2024,2125215431,1092852368.0,1032363063,1287929986,968778915,1017780874,687720967.0,330059907,-14784236,10971752,607149088,751591812,0.0
TR,EMKEL,2025,2463146301,1384933512.0,1078212789,1494935581,1105373741,964095855,700224901.0,263870954,-62357445,77512923,689863801,815256256,0.0
TR,EMNIS,2013,50902366,46278116.0,4624250,19552181,25515298,43647176,45475816.0,-1828640,-13041845,15576,5766035,31231805,
TR,EMNIS,2014,49901826,44894841.0,5006985,25004316,26550159,46795954,45912995.0,882959,-7536372,12762,5181121,24732430,
TR,EMNIS,2015,49370620,47046474.0,2324146,19215531,30852081,41831556,41488552.0,343004,-9133812,49618,5159998,24114102,
TR,EMNIS,2016,47962470,46623317.0,1339153,18809246,35845627,36110798,39265143.0,-3154345,-14679400,77128,4391504,25743602,0.0
TR,EMNIS,2017,62390167,57538216.0,4851951,33846123,50335483,56493946,51483695.0,5010251,-4061599,536911,7247233,25702402,0.0
TR,EMNIS,2018,54132575,65594942.0,-11462367,22845155,57389372,65037827,62707956.0,2329871,-17763811,1147094,6505343,28474680,0.0
TR,EMNIS,2019,53999860,78322829.0,-24322969,14481246,10681066,37577599,40813350.0,-3235751,-12766001,1167805,6452926,24761320,0.0
TR,EMNIS,2020,63464042,56185439.0,7278603,18458896,10136850,54919059,46594355.0,8324704,12541068,1309657,9106560,39956474,0.0
TR,EMNIS,2021,97240622,81634192.0,15606430,56307553,27563976,89783389,73082528.0,16700861,8144157,4178195,13103312,35786072,0.0
TR,EMNIS,2022,186068608,142479209.0,43589399,109102086,46866088,198233896,161208636.0,37025260,18470468,4093061,33695819,75604423,0.0
TR,EMNIS,2023,339183316,159256238.0,179927078,177797874,24799933,452148031,357223302.0,94924729,99667001,5350627,81294034,153145636,0.0
TR,EMNIS,2024,374810317,137013420.0,237796897,145101732,34870151,497318571,395489390.0,101829181,8389986,2105424,85106557,228024561,0.0
TR,EMNIS,2025,393510850,167541859.0,225968991,163791557,43188911,523623752,462183276.0,61440477,-34790628,419746,67397926,228945658,0.0
TR,EMPAE,2022,1545613288,695626062.0,849987226,1522743352,678430439,4230352399,3410776405.0,819575994,226939832,95130696,452467734,5639414,79826622.0
TR,EMPAE,2023,1897903988,844748937.0,1053155051,1881137128,839726430,5093448340,4053666294.0,1039782046,305363378,451225899,442813543,4789663,138368717.0
TR,EMPAE,2024,1541906342,490790808.0,1051115534,1508934623,487307380,3525493520,2807221264.0,718272256,88348010,214872620,441536008,7836863,98543456.0
TR,EMPAE,2025,2187501704,1014723271.0,1172778433,2086402216,988875731,3988426275,3162486265.0,825940010,91015733,86894015,753657870,51933882,78518884.0
TR,ENDAE,2021,3343316515,1332801166.0,2010515349,287314261,330517288,362509850,186822526.0,175687324,136272368,260228993,3392128,2979004583,0.0
TR,ENDAE,2022,9265759362,2082277875.0,7183481487,1060968157,899217817,1747116002,1089964040.0,657151962,1496497156,844286267,8762445,7992483822,9651708.0
TR,ENDAE,2023,12861195407,2433957145.0,10427238262,1107174812,460892080,1575132922,1315033607.0,260099315,60473580,534264155,11966908,11315950831,25730782.0
TR,ENDAE,2024,15262503900,2772441305.0,12490062595,654042727,533619574,1609371881,1419382662.0,189989219,-1223179295,492437265,21266641,13601286230,89306565.0
TR,ENDAE,2025,18037925224,2704555468.0,15333369756,1872105383,415756237,1335894809,1421989191.0,-86094381,-914479561,1735296807,22668501,15239618898,26608757.0
TR,ENERY,2020,2202587446,2700103034.0,-497515588,754891178,1729249476,2689962539,2369955987.0,320006552,40427121,243384771,12653896,1151759943,0.0
TR,ENERY,2021,3555584192,3893705939.0,-338121747,1632017988,2384612195,3700025016,3215316577.0,484708439,158037129,268970158,22000649,1370648672,0.0
TR,ENERY,2022,25016044504,14760650120.0,10255394384,6469087522,9764969165,23481276300,21802054458.0,1679221842,2701184273,1825253573,122254847,17656761740,0.0
TR,ENERY,2023,54526183670,25633488496.0,28892695174,10456789077,12607279623,28902244013,26816035006.0,2086209007,3810052255,6307655898,118466119,40730943082,0.0
TR,ENERY,2024,79397075276,35669911577.0,43727163699,12642274105,19666582908,30759943857,28027487118.0,2732456739,4085114442,5833712692,320178405,58264688746,0.0
TR,ENERY,2025,116576727525,45299934809.0,71276792716,14583031663,23119100871,36079508156,31336391349.0,4743116808,6091057296,6677286045,268767143,91503416325,0.0
TR,ENJSA,2014,12763459000,8723117000.0,4040342000,2241969000,3294155000,8064421000,6753511000.0,1310910000,-276714000,112669000,55201000,128000,0.0
TR,ENJSA,2015,14021059000,9655228000.0,4365831000,2532462000,4580790000,9153614000,7108120000.0,2045494000,336302000,152103000,63471000,30850000,0.0
TR,ENJSA,2016,15131448000,10384620000.0,4746828000,2939550000,4950759000,9103380000,6500956000.0,2602424000,377393000,74570000,74459000,58010000,0.0
TR,ENJSA,2017,18585978000,12705575000.0,5880403000,4077430000,4832034000,12344818000,8412327000.0,3932491000,988009000,172750000,101754000,154059000,0.0
TR,ENJSA,2018,22592810000,16293895000.0,6298915000,5872184000,7011907000,18346787000,12380265000.0,5966522000,747697000,562352000,147956000,358781000,354321000.0
TR,ENJSA,2019,23395458000,16560955000.0,6834503000,5781800000,9234695000,19453085000,14108614000.0,5344471000,1033622000,469786000,131953000,483543000,472427000.0
TR,ENJSA,2020,24675505000,17522199000.0,7153306000,6852870000,8287610000,21757203000,16117831000.0,5639372000,1087683000,588571000,169539000,902255000,708641000.0
TR,ENJSA,2021,31333641000,21982619000.0,9351022000,12795629000,14256376000,32994330000,24712503000.0,8281827000,2282368000,411992000,447450000,1444088000,1133826000.0
TR,ENJSA,2022,126123660000,67285574000.0,58838086000,36795156000,51501244000,163312312000,140112627000.0,23199685000,20634560000,13793119000,3099626000,5879653000,3227809000.0
TR,ENJSA,2023,190719169000,107305103000.0,83414066000,58741938000,69307578000,243515934000,206620691000.0,36895243000,6522060000,6498842000,5698047000,9513832000,5743225000.0
TR,ENJSA,2024,235282073608,137824844639.0,97457228969,67264919845,88455588123,249460855540,193537894730.0,55922960810,-6351920680,12418890068,5044306315,13030184731,5245235202.0
TR,ENJSA,2025,262553842423,157170124966.0,105383717457,73477270214,93070812426,256465160346,190984280287.0,65480880058,3489684054,4598613851,3907258983,15059706807,4435898555.0
TR,ENKAI,2013,18080577000,5998159000.0,12082418000,6778002000,2919233000,12288032000,10256403000.0,2031629000,1318923000,2715121000,735062000,3911169000,
TR,ENKAI,2014,18117027000,6024526000.0,12092501000,7586470000,3159422000,12727939000,10687809000.0,2040130000,1504728000,3265460000,602579000,3770290000,
TR,ENKAI,2015,20774179000,5720513000.0,15053666000,7819062000,2773370000,12384383000,10276643000.0,2107740000,1455501000,2759858000,679212000,4594817000,
TR,ENKAI,2016,26698832000,6539087000.0,20159745000,8686127000,2997435000,10581750000,8189721000.0,2392029000,1809132000,3519270000,931898000,5637774000,741794000.0
TR,ENKAI,2017,30293226000,6591313000.0,23701913000,7869248000,3581643000,10567421000,7831853000.0,2735568000,2602132000,2948562000,844050000,6090302000,892346000.0
TR,ENKAI,2018,41015455000,8496684000.0,32518771000,13265106000,4804519000,13917742000,10398138000.0,3519604000,1613263000,3297069000,1615528000,8177510000,782069000.0
TR,ENKAI,2019,49409979000,9984357000.0,39425622000,17362926000,5772096000,10733112000,8260104000.0,2473008000,3868713000,6041469000,1616400000,8554461000,1505492000.0
TR,ENKAI,2020,62053819000,12357684000.0,49696135000,26642747000,7891277000,11617008000,8718327000.0,2898681000,4518160000,9914877000,1965260000,9051054000,926017000.0
TR,ENKAI,2021,121324988000,31466409000.0,89858579000,68067033000,23402921000,25782036000,19072729000.0,6709307000,5075956000,27480488000,3408746000,11828391000,2000019000.0
TR,ENKAI,2022,160441430000,38034163000.0,122407267000,66120108000,27708118000,61804006000,47506757000.0,14297249000,2114596000,19189897000,6961883000,15328843000,3889916000.0
TR,ENKAI,2023,276940651000,58406914000.0,218533737000,119155259000,41803971000,76704889000,60828335000.0,15876554000,17686528000,36211526000,8415859000,37964710000,2434427000.0
TR,ENKAI,2024,475807854904,105078946601.0,370728908303,209064511622,71962916472,131600986396,98495383150.0,33105603246,34226642377,55385533924,18013008301,77791199772,14864559566.0
TR,ENKAI,2025,542563707790,124918537834.0,417645169956,302910204874,79956083202,172220683033,131428459178.0,40792223855,42524695167,58935125234,18681182670,95209016144,22192503922.0
TR,ENSRI,2017,96407525,57251440.0,39156085,44834920,47337224,0,0.0,0,0,10100257,19792382,12387452,0.0
TR,ENSRI,2018,125362427,71259162.0,54103265,62170321,58963700,66239260,39744093.0,26495167,15219916,720466,20935447,14205094,0.0
TR,ENSRI,2019,154041358,98546185.0,55495173,69347198,77256671,82803730,67232855.0,15570875,1736846,722886,32433661,14688701,0.0
TR,ENSRI,2020,157367157,94361038.0,63006119,68288808,71984593,53305392,28131843.0,25173549,7697996,3027874,36357068,11377335,0.0
TR,ENSRI,2021,288264510,194283732.0,93980778,116050245,148907894,95834051,53165830.0,42668221,27218656,1914251,55941102,47838163,0.0
TR,ENSRI,2022,897223570,375810376.0,521413194,438492229,312747075,363593388,144788011.0,218805377,-18699506,49780362,276349315,210693826,0.0
TR,ENSRI,2023,1556610212,600148183.0,956462029,708336895,455548100,490895491,318175028.0,172720463,206225637,11597626,576701027,422113190,0.0
TR,ENSRI,2024,2422570398,924922223.0,1497648175,984913250,582660345,700637189,629839098.0,70798091,248057220,24060712,755769912,530494447,0.0
TR,ENSRI,2025,2474967588,921331064.0,1553636524,975674308,545332642,508775706,430004545.0,78771161,-83444355,8297896,838032187,542146526,0.0
TR,ENTRA,2021,16637686000,16819101000.0,-181415000,97530000,3077160000,1688224000,891708000.0,796516000,-3809529000,25675000,0,16477125000,0.0
TR,ENTRA,2022,28124773000,15861314000.0,12263459000,928053000,3014780000,3157017000,963006000.0,2194011000,3293616000,175227000,0,26861727000,0.0
TR,ENTRA,2023,40438262000,16020636000.0,24417626000,727189000,4848808000,4170403000,2300770000.0,1869633000,1854719000,299567000,0,38876602000,0.0
TR,ENTRA,2024,50093269108,17732224622.0,32361044486,2598380269,6495419248,4021086949,3060360816.0,960726133,2573262031,980761821,0,44923118981,0.0
TR,ENTRA,2025,56847354026,18119398999.0,38727955027,1589422393,6351279734,4627792102,3239424100.0,1388368002,-2001898061,845666397,0,52571844519,0.0
TR,EPLAS,2013,97223945,127068919.0,-29844974,33979228,96500542,143834780,113020771.0,30814009,3714290,67782,18567537,11112823,
TR,EPLAS,2014,87098649,115095289.0,-27996640,21931639,76396835,135503424,110059162.0,25444262,1689980,134242,12447641,10986171,
TR,EPLAS,2015,93622477,117604222.0,-23981745,26970235,76646345,140566972,108962366.0,31604606,4540341,281833,15201742,10691074,
TR,EPLAS,2016,120769527,133603435.0,-12833908,50797941,87272045,171355287,125035353.0,46319934,11805645,435501,25175603,11249630,0.0
TR,EPLAS,2017,149664991,138830317.0,10834674,78137314,92822690,218091788,155706781.0,62385007,23690734,608710,41524582,11964572,0.0
TR,EPLAS,2018,158215113,100844114.0,57370999,88644899,67582215,217312699,152098154.0,65214545,45781890,3395731,42423513,9145335,0.0
TR,EPLAS,2019,163858177,99687493.0,64170684,95241696,65961055,195497263,142310539.0,53186724,2585653,6050859,48892732,5246317,0.0
TR,EPLAS,2020,278406452,132547821.0,145858631,207135492,96406737,268321341,187019195.0,81302146,33752403,77891939,72356060,8500167,0.0
TR,EPLAS,2021,435233079,331210007.0,104023072,197061586,300138998,431018138,332271748.0,98746390,-40545741,28603008,93755733,152426306,0.0
TR,EPLAS,2022,2547455292,814555759.0,1732899533,724058547,597560398,1481808978,1281391413.0,200417565,31025476,169638399,225832753,1441127255,0.0
TR,EPLAS,2023,3817825039,923649250.0,2894175789,766731951,608728259,2147189726,1751033577.0,396156149,103878643,15712319,317318986,2562344619,0.0
TR,EPLAS,2024,5004072636,1386275349.0,3617797287,653831764,901314684,2032179072,1929324135.0,102854937,-474450046,17192972,238537091,3713327981,53436186.0
TR,EPLAS,2025,5508447776,1833445925.0,3675001851,627656536,1240245472,2471717432,2090014422.0,381703011,-210192818,19526360,318697001,3973172961,0.0
TR,ERBOS,2013,189890600,80969978.0,108920622,148694211,70533459,212074072,181937210.0,30136862,15100925,25572583,63558070,36659174,5000000.0
TR,ERBOS,2014,209209362,82091396.0,127117966,163796648,73326698,244930656,204459053.0,40471603,23577938,29007007,70801144,40875499,
TR,ERBOS,2015,200601691,61417251.0,139184440,151481343,54444852,248973440,215906605.0,33066835,17459015,20720845,62098806,44580321,
TR,ERBOS,2016,274177381,85287533.0,188889848,199397011,76038368,275565445,230445190.0,45120255,36360835,71662436,48673749,68336343,7500000.0
TR,ERBOS,2017,368212326,138721679.0,229490647,292966513,128612040,392949813,319140738.0,73809075,54601808,76092235,99377911,68801786,13000000.0
TR,ERBOS,2018,459650362,178571174.0,281079188,383608119,168157525,563750838,453139277.0,110611561,72002031,103836011,115827874,69598216,20000000.0
TR,ERBOS,2019,579963251,252054050.0,327909201,505021855,245010707,603815383,510649936.0,93165447,65523299,163129928,178364689,68497369,23000000.0
TR,ERBOS,2020,653957767,171300715.0,482657052,458461946,148677905,571388766,466520500.0,104868266,85647242,126570979,134553920,184246794,10000000.0
TR,ERBOS,2021,1091741619,426066937.0,665674682,902380596,411186519,1296453339,997726273.0,298727066,196330583,157493591,334183729,178101518,20000000.0
TR,ERBOS,2022,3042892084,1041837376.0,2001054708,2377576908,898069365,4761607074,3666676466.0,1094930608,126367847,395907054,1021768078,643076346,71926414.0
TR,ERBOS,2023,4628630985,1727786574.0,2900844411,3257427441,1468677164,5486640887,4567876569.0,918764318,-214814109,623667659,1360630823,1274612064,51578405.0
TR,ERBOS,2024,5435488142,2011343944.0,3424144198,3727583686,1695684050,5902835494,5272929529.0,629905964,-288841813,718969401,1611860460,1580734930,73386033.0
TR,ERBOS,2025,5464610588,1600119536.0,3864491052,3321219210,1222666081,6139886366,5337635889.0,802250478,-142826809,544374665,1275580922,2013468994,0.0
TR,ERCB,2019,1277720011,851415883.0,426304128,596881212,494533421,824966336,610817212.0,214149124,27148206,67586980,117187909,544362049,0.0
TR,ERCB,2020,1912740247,1262364288.0,650375959,985765200,803324394,921533765,675426921.0,246106844,74593926,76517026,166956847,713509997,0.0
TR,ERCB,2021,3179721038,2019480451.0,1160240587,1540545360,1374486515,1050358860,810592046.0,239766814,24682354,167838747,274607702,1433101717,0.0
TR,ERCB,2022,5147204539,3296514929.0,1850689610,2869545830,2593409017,3518000942,2915114821.0,602886121,184752843,118117965,576248959,1970878381,0.0
TR,ERCB,2023,9769179713,6782637852.0,2986541861,6042989503,5227191866,8262665347,6803083519.0,1459581828,81194052,250090256,1327471383,3059676686,0.0
TR,ERCB,2024,16716899464,12065351074.0,4651548390,11360081340,9365438634,9488709630,7792998267.0,1695711363,17713459,561120062,1062389165,4547607441,0.0
TR,ERCB,2025,15871398609,11981533749.0,3889864860,8927298766,5415640325,7787033477,6135861966.0,1651171511,-430822971,105232819,495562958,6082013373,0.0
TR,EREGL,2013,14034484000,5327664000.0,8706820000,6008498000,2475406000,9780751000,7921852000.0,1858899000,960408000,761111000,3383087000,7673556000,
TR,EREGL,2014,15933674000,5623367000.0,10310307000,7371353000,3105422000,11484137000,9045652000.0,2438485000,1660791000,2186810000,3258389000,8199357000,
TR,EREGL,2015,18634490000,6096298000.0,12538192000,7999975000,2615423000,11914581000,9854290000.0,2060291000,1162309000,2934703000,3237890000,10264461000,
TR,EREGL,2016,23651277000,7991244000.0,15660033000,11063224000,4226720000,11636504000,9166325000.0,2470179000,1571702000,4586911000,4255047000,12151972000,1048544000.0
TR,EREGL,2017,28375855000,9147698000.0,19228157000,14841725000,5524344000,18736447000,13480960000.0,5255487000,3897542000,7035440000,5039509000,13071862000,1475801000.0
TR,EREGL,2018,41782110000,12527485000.0,29254625000,22512149000,7887487000,27015254000,18631954000.0,8383300000,5844721000,8659336000,8890150000,18060211000,2977190000.0
TR,EREGL,2019,46672625000,15425150000.0,31247475000,24136704000,9450454000,27465185000,22454025000.0,5011160000,3494207000,10590024000,9329163000,20653981000,4888779000.0
TR,EREGL,2020,57993912000,16872336000.0,41121576000,28507242000,9434112000,32048029000,26123431000.0,5924598000,3509790000,13542177000,10106678000,26061836000,815724000.0
TR,EREGL,2021,126442297000,41894693000.0,84547604000,65693526000,23477310000,68227404000,42710993000.0,25516411000,16078558000,23189668000,28960197000,51025118000,6824686000.0
TR,EREGL,2022,174893623000,56231436000.0,118662187000,80656225000,35908584000,127782881000,102244085000.0,25538796000,18653054000,15186458000,44152408000,80715554000,15720713000.0
TR,EREGL,2023,310033249000,118504367000.0,191528882000,134518116000,89291663000,147899792000,132242934000.0,15656858000,4329064000,24072967000,67276704000,147415137000,0.0
TR,EREGL,2024,556500482101,236567678428.0,319932803673,239344848455,99856248440,267098807580,240914315541.0,26184492040,18577608435,72331091723,103093936948,270833051844,2296530778.0
TR,EREGL,2025,614608667662,287481492667.0,327127174995,275790750346,128651465680,229884810210,209456210573.0,20428599637,764058407,127070780476,98360024069,305141152646,1889903579.0
TR,ERSU,2013,38679703,8739578.0,29940125,16547623,3016633,19681441,17721205.0,1960236,-713165,19489,13876766,21565741,
TR,ERSU,2014,39208258,10315682.0,28892576,15829058,4578490,21762097,19694560.0,2067537,-1047548,128500,7208338,22374690,
TR,ERSU,2015,61903606,16041417.0,45862189,21215125,10304604,17544288,15000041.0,2544247,-1033429,72812,11277587,40128495,0.0
TR,ERSU,2016,49661437,10232270.0,39429167,10569627,5424319,8925171,7117691.0,1807480,61502,27479,9106513,37500700,0.0
TR,ERSU,2017,52372296,13697419.0,38674877,15749040,9288114,9889066,7851988.0,2037078,1022229,112216,12841626,35124475,0.0
TR,ERSU,2018,51316500,14224822.0,37091678,16716176,6294712,14032802,12739043.0,1293759,48596,263695,9898394,32822268,0.0
TR,ERSU,2019,58367303,17491205.0,40876098,27301879,12352067,10071518,8061457.0,2010061,2847756,251623,18160330,30705734,0.0
TR,ERSU,2020,56555252,14700448.0,41854804,25172853,10182577,17064925,15416159.0,1648766,539806,303256,18991443,31365038,0.0
TR,ERSU,2021,91966671,23466027.0,68500644,28242848,12877692,24872293,23881743.0,990550,552882,108605,25929430,63706462,0.0
TR,ERSU,2022,421025937,117748921.0,303277016,80143650,44946819,122917271,120966475.0,1950796,-39305568,2574564,62177488,340839991,0.0
TR,ERSU,2023,547019322,121837503.0,425181819,82076555,27183110,116996458,107139800.0,9856658,-11074416,925308,53514984,464867140,0.0
TR,ERSU,2024,616144514,67047246.0,549097268,236507476,25433170,157534601,138793363.0,18741238,-8000212,121066455,77008596,379568476,0.0
TR,ERSU,2025,577921641,108592728.0,469328913,180576468,14749798,178481572,182948209.0,-4466636,-135406393,6320204,39015258,396666875,0.0
TR,ESCAR,2018,570107738,492000494.0,78107244,154527497,263879081,521920182,401856225.0,120063957,-166684,53521892,55710804,397676617,0.0
TR,ESCAR,2019,563978482,459443871.0,104534611,167002042,274667135,301187219,178639419.0,122547800,26476556,77630113,51498997,386374321,0.0
TR,ESCAR,2020,667946861,485122918.0,182823943,214079140,249645431,311848181,126179992.0,185668189,78289332,81873409,102219386,453432253,0.0
TR,ESCAR,2021,1152060203,626421299.0,525638904,441513361,233181944,451803682,179458740.0,272344942,260188333,276454703,49724087,710064448,0.0
TR,ESCAR,2022,5848959597,2728622093.0,3120337504,1876706393,850338646,1359577664,619168147.0,740409517,611817263,227427567,271106220,3949514854,57670522.0
TR,ESCAR,2023,10253243616,4353710182.0,5899533434,3546925671,1954440129,2990391064,1311809098.0,1678581966,1846802425,338283140,532579777,6674099860,293972656.0
TR,ESCAR,2024,12966759795,5026889493.0,7939870302,4895879169,2038518854,3804669356,3276509200.0,528160157,442676082,10709735,715055818,8060717290,163471429.0
TR,ESCAR,2025,9968204274,3669755974.0,6298448300,4078971770,1556834655,4083399986,5027062926.0,-943662940,-2054572333,302239633,620844279,5865583740,217710209.0
TR,ESCOM,2013,81585299,10338674.0,71246625,3328264,9551544,998474,19156.0,979318,18163753,2211128,51250,6663557,
TR,ESCOM,2014,83112180,8038041.0,75074139,2632988,7346128,1199566,105637.0,1093929,3833443,164835,25668,6578447,
TR,ESCOM,2015,89755292,11295838.0,78459454,2868170,10827474,2897602,0.0,2897602,3049209,177157,25668,6441611,
TR,ESCOM,2016,88568854,6155365.0,82413489,12998579,5915481,1322298,25668.0,1296630,3960552,495141,0,67735,0.0
TR,ESCOM,2017,86519466,2710187.0,83809279,9972685,2630938,1494423,0.0,1494423,1392359,436992,0,71291,0.0
TR,ESCOM,2018,76556947,2232799.0,74324148,10082305,2168521,1496044,0.0,1496044,-9489302,526309,0,63618,0.0
TR,ESCOM,2019,62174760,2590751.0,59584009,20916066,2386524,1028963,0.0,1028963,-14735753,642001,0,49274,0.0
TR,ESCOM,2020,96052002,3259768.0,92792234,10702561,3215017,358232,0.0,358232,33210159,693811,0,45580,0.0
TR,ESCOM,2021,197101336,2934675.0,194166661,7976915,2789897,190650,0.0,190650,101373074,1360684,0,37888,0.0
TR,ESCOM,2022,1038603422,19054666.0,1019548756,13826996,18127077,703381140,0.0,703381140,494287003,748226,3157,347426,0.0
TR,ESCOM,2023,1912557129,31771119.0,1880786010,17400837,29590968,994880777,0.0,994880777,407869022,1029421,0,2880150,0.0
TR,ESCOM,2024,2243606235,73072288.0,2170533947,29462752,62313813,483390489,0.0,483390489,-292310466,1123484,0,3563813,0.0
TR,ESCOM,2025,3737938593,82485851.0,3655452742,30295515,79728037,1835634038,0.0,1835634038,1267259582,1144549,0,3631673,0.0
TR,ESEN,2018,110381884,78899800.0,31482084,1953626,34095100,7584000,2949259.0,4634741,937975,46353,0,105152077,0.0
TR,ESEN,2019,495508586,313692359.0,181816227,23080706,124281983,23976759,21023629.0,2953130,65516364,17368032,0,470462658,0.0
TR,ESEN,2020,1233796195,642958478.0,590837717,264800625,197644260,143930844,77450803.0,66480041,81622220,189344384,22124061,967102015,0.0
TR,ESEN,2021,5806125985,1555238252.0,4250887733,1197953666,549668890,555229833,385970491.0,169259342,1024951921,797696001,3399098,4606837458,0.0
TR,ESEN,2022,13496672612,4973781191.0,8522891421,3037901681,1630739586,1795941481,1200887919.0,595053562,-1047606395,492449249,10198763,9699518369,99172377.0
TR,ESEN,2023,19423983837,6691010227.0,12732973610,1659640409,2098069682,1337226226,948349413.0,388876813,443617719,389603338,67983668,13779908090,25719302.0
TR,ESEN,2024,22508884000,7143913116.0,15364970884,1927936157,2720065191,1487545871,1003590416.0,483955455,-430037020,152990239,69962244,13585429720,0.0
TR,ESEN,2025,23205160869,8723074395.0,14482086474,1457493183,3747991037,1641071668,1241149767.0,399921901,-1707937137,461231751,53635768,15630805276,0.0
TR,ETILR,2013,12828224,2000753.0,10827471,9742826,1991209,2419180,865712.0,1553468,-822355,149551,3626987,674117,
TR,ETILR,2014,4239302,910636.0,3328666,2688724,900820,1927933,1239497.0,688436,-6798441,19387,251890,118104,
TR,ETILR,2015,5501411,1806543.0,3694868,3702150,1726696,1362745,126525.0,1236220,359019,83,12990,445162,
TR,ETILR,2016,10450918,4938334.0,5512584,4634107,2730308,3754962,636682.0,3118280,1884015,187380,251124,1044144,0.0
TR,ETILR,2017,19430015,9337471.0,10092544,2101019,6989405,4059879,2867567.0,1192312,-2716352,282580,149002,1085223,0.0
TR,ETILR,2018,15238609,13524182.0,1714427,3066025,12461029,5201762,3019121.0,2182641,-4415341,33686,182955,1112703,0.0
TR,ETILR,2019,12253985,10745529.0,1508456,1723573,9026546,4014484,2897973.0,1116511,-202928,48359,76343,752957,0.0
TR,ETILR,2020,41304151,3695925.0,37608226,37507427,2727269,2394744,1453657.0,941087,8667993,36714088,32095,254276,0.0
TR,ETILR,2021,62541701,10354660.0,52187041,53879194,9848560,29229424,19554281.0,9675143,14696191,23954849,4571302,3495475,0.0
TR,ETILR,2022,416276653,227055475.0,189221178,245196432,171478940,281316444,235387296.0,45929148,39430204,38316141,7637185,92661183,0.0
TR,ETILR,2023,639587859,384973808.0,254614051,398910997,327785354,477393092,414795193.0,62597899,-19242558,41997093,70992010,111151537,0.0
TR,ETILR,2024,860178672,484037984.0,376140688,558189369,412006315,1444584387,1237265529.0,207318858,43848611,34120822,39343061,163778254,0.0
TR,ETILR,2025,1499353931,930730959.0,568622972,1142109019,868651022,2337646943,1983903817.0,353743125,12526303,178264909,170341344,208902344,0.0
TR,ETYAT,2013,19119809,28704.0,19091105,19116601,15714,208536244,208062393.0,473851,823,2591406,0,1177,
TR,ETYAT,2014,20592467,252147.0,20340320,20587177,241404,207868521,205965150.0,1903371,1414675,3114661,0,3726,
TR,ETYAT,2015,22607721,690300.0,21917421,22518983,668219,300381043,299435257.0,945786,169443,1814980,0,87846,
TR,ETYAT,2016,22880069,118062.0,22762007,22702742,62980,323849141,321797490.0,2051651,881205,2446305,0,175582,40000.0
TR,ETYAT,2017,25335348,850009.0,24485339,25200349,755800,279149939,276133394.0,3016545,1902878,7431199,0,133937,170000.0
TR,ETYAT,2018,24872419,193930.0,24678489,24784631,75803,208731819,206860639.0,1871180,607912,6624625,0,87080,400000.0
TR,ETYAT,2019,31117269,242372.0,30874897,31103844,121988,127260065,117485485.0,9774580,8335353,21617403,0,13071,120000.0
TR,ETYAT,2020,37833728,301549.0,37532179,37822790,140073,107787018,99990176.0,7796842,6269706,29380788,0,10938,1600000.0
TR,ETYAT,2021,39872262,392005.0,39480257,39837938,154990,182391392,177375269.0,5016123,3174265,32522425,0,34324,1200000.0
TR,ETYAT,2022,74602585,1630681.0,72971904,74285984,753196,121196306,103071972.0,18124334,-32477495,33473658,0,316601,0.0
TR,ETYAT,2023,82464030,5705937.0,76758093,76054477,1038936,59392365,32815162.0,26577203,-26713732,12197630,0,473496,1829265.0
TR,ETYAT,2024,94774326,7213622.0,87560704,86211705,3060292,78256324,42264685.0,35991639,-13060291,11387932,0,652557,0.0
TR,ETYAT,2025,84227507,10591085.0,73636422,74913543,4176411,69573628,47637532.0,21936096,-22867498,9636158,0,722149,0.0
TR,EUHOL,2013,547437900,484709267.0,62728633,440279540,303537904,6269369,1806476.0,11501068,-11568777,166046101,0,1296629,
TR,EUHOL,2014,151256948,30134907.0,121122041,8881243,18866309,0,0.0,0,58557057,4708493,0,204690,
TR,EUHOL,2015,72283623,21289195.0,50994428,298812,12320121,0,0.0,0,-70126391,143946,0,192913,
TR,EUHOL,2016,76532109,21907996.0,54624113,9827280,21698924,0,0.0,0,3631861,77690,0,279785,0.0
TR,EUHOL,2017,69122466,23160024.0,45962442,9146744,10050204,0,0.0,0,-389072,49830,0,310364,0.0
TR,EUHOL,2018,78747738,28307558.0,50440180,8836913,27464357,0,0.0,0,3509881,62592,0,237435,0.0
TR,EUHOL,2019,81572603,29121659.0,52450944,7474038,28269412,0,0.0,0,2026289,49937,0,158217,0.0
TR,EUHOL,2020,97658753,36073451.0,61585302,7335215,34822874,0,0.0,0,9145576,60520,0,97870,0.0
TR,EUHOL,2021,126539434,63893964.0,62645470,5041768,61096183,0,0.0,0,1078483,79268,0,38783,0.0
TR,EUHOL,2022,406188987,177871497.0,228317490,84503763,166746130,0,0.0,0,-67545261,77572282,0,233314,0.0
TR,EUHOL,2023,684096450,2215925.0,681880525,16625166,1933221,0,0.0,0,521874425,368084,0,14097428,0.0
TR,EUHOL,2024,736480939,4558290.0,731922649,19651787,3607993,0,0.0,0,-175540405,1791886,0,38444255,0.0
TR,EUHOL,2025,5524501182,495865573.0,5028635609,65998943,443100127,1884761325,0.0,1884761325,1225588624,1822621,0,370195,0.0
TR,EUKYO,2013,21845477,16818.0,21828659,21837955,8668,205349385,204776953.0,572432,109740,2465709,0,6295,
TR,EUKYO,2014,23679367,150329.0,23529038,23674221,138828,193993767,191783026.0,2210741,1723187,3701839,0,3498,
TR,EUKYO,2015,23905761,590571.0,23315190,23730918,575709,293091060,292138636.0,952424,134555,2533252,0,173752,
TR,EUKYO,2016,25081226,480189.0,24601037,24926990,428740,383697675,381195919.0,2501756,1323116,3100863,0,152338,40000.0
TR,EUKYO,2017,27510388,857741.0,26652647,27391445,786280,293479440,290040479.0,3438961,2312186,8093678,0,118057,255000.0
TR,EUKYO,2018,27320477,193066.0,27127411,27034751,76654,244654286,242467783.0,2186503,935962,7367445,0,285676,450001.0
TR,EUKYO,2019,33723584,272166.0,33451418,33533460,126140,154262995,144211935.0,10051060,8542682,21883008,0,190124,200000.0
TR,EUKYO,2020,40094870,319999.0,39774871,39963413,143249,108147495,100655226.0,7492269,5988523,31131472,0,131457,1650000.0
TR,EUKYO,2021,42551821,384684.0,42167137,42466513,151523,180229114,174821310.0,5407804,3570930,35296119,0,85308,1150000.0
TR,EUKYO,2022,79548486,1408496.0,78139990,79230054,695258,117564622,98551571.0,19013051,-34296603,39207947,0,318432,1281509.0
TR,EUKYO,2023,88747767,3935999.0,84811768,76026494,1278640,61021737,33068605.0,27953132,-26617693,12696639,0,8392244,1995566.0
TR,EUKYO,2024,102087941,5171119.0,96916822,87745298,2238373,77859548,40750739.0,37108809,-14501395,13018043,0,8774047,0.0
TR,EUKYO,2025,93634416,7169093.0,86465323,80059401,3452433,70722200,46795564.0,23926636,-21833045,11257144,0,7317867,0.0
TR,EUPWR,2020,238002815,133152036.0,104850779,160746690,122903577,326422684,234501684.0,91921000,49722367,8246102,58627890,30155576,0.0
TR,EUPWR,2021,602033652,335790896.0,266242756,405470126,306922010,603548374,439131947.0,164416427,104421988,16893882,124447950,174927830,0.0
TR,EUPWR,2022,3269001000,1736795000.0,1532206000,2235342000,1374846000,3778053000,2765408000.0,1012645000,515457000,114981000,337550000,740271000,0.0
TR,EUPWR,2023,11898362000,4239908000.0,7658454000,8586667000,3412416000,9327358000,6925246000.0,2402112000,1309844000,660112000,2133548000,2653095000,0.0
TR,EUPWR,2024,15330749611,4717557177.0,10613192434,9789314231,3353500731,10758973765,8083792423.0,2675181342,392855000,385464819,2889488735,4238139153,0.0
TR,EUPWR,2025,20733866470,8138051467.0,12595815003,13169235421,5039960758,14304868666,11040366411.0,3264502255,886824721,491099368,4621169885,6155428042,0.0
TR,EUREN,2018,0,0.0,0,0,0,0,0.0,0,0,0,0,0,
TR,EUREN,2019,359644944,192994277.0,166650667,161642276,151398673,444704879,395039783.0,49665096,16069118,9776032,21392098,141173251,0.0
TR,EUREN,2020,551265567,299863951.0,251401616,245011121,191392655,616374041,542024327.0,74349714,50516696,13937069,31781782,230645657,0.0
TR,EUREN,2021,977325277,508896320.0,468428957,541849777,363487326,1047573833,836619868.0,210953965,114583072,54076721,218730712,386795307,0.0
TR,EUREN,2022,4497321937,1638791261.0,2858530676,2836736366,1141176337,4557213635,3737793819.0,819419816,557136244,43929722,700451236,1519306758,0.0
TR,EUREN,2023,9187261279,2996407207.0,6190854072,3138807677,1337631875,5751787169,4766607959.0,985179210,918395363,31607855,881833898,4480460803,0.0
TR,EUREN,2024,12813917836,3311723618.0,9502194218,3278437547,1653403164,6854600528,5584705649.0,1269894879,1399096507,594509322,1084586503,8372891676,0.0
TR,EUREN,2025,16610599401,5352944493.0,11257654908,5525243452,3573242139,8033613059,6613475203.0,1420137856,919210997,146623848,1647841008,9791600553,0.0
TR,EUYO,2013,22043342,30207.0,22013135,22013805,12924,307867341,306996795.0,870546,299087,3091811,0,26937,
TR,EUYO,2014,23388611,319285.0,23069326,23375900,294721,212710944,210763892.0,1947052,1273302,3325142,0,9471,
TR,EUYO,2015,23845271,990444.0,22854827,23843418,956243,294603177,293555250.0,1047927,189101,1663355,0,664,
TR,EUYO,2016,23671989,66984.0,23605005,23652917,20718,327230008,325390201.0,1839807,789257,2286738,0,17405,40000.0
TR,EUYO,2017,25931268,597491.0,25333777,25909669,534374,267707279,264791800.0,2915479,1891037,7876797,0,20960,155000.0
TR,EUYO,2018,25286059,155719.0,25130340,25270292,51763,201104161,199556967.0,1547194,206453,6263187,0,15717,400000.0
TR,EUYO,2019,30605278,124097.0,30481181,30591234,59352,126143238,116738636.0,9404602,8199518,20650959,0,14044,82000.0
TR,EUYO,2020,38292407,159604.0,38132803,38281398,71040,117793460,109942700.0,7850760,6509104,29851801,0,11009,1600000.0
TR,EUYO,2021,40518495,163431.0,40355064,40496536,106692,183055536,177639448.0,5416088,3486623,33325255,0,21959,1250000.0
TR,EUYO,2022,76960809,1006659.0,75954150,76787853,746497,112830743,93994504.0,18836239,-31930556,36527273,0,172956,1281509.0
TR,EUYO,2023,85022476,4305029.0,80717447,75618709,1447131,59029940,31654311.0,27375629,-26667786,11201715,0,5074738,1497355.0
TR,EUYO,2024,100646889,4973046.0,95673843,89721288,2366179,79721993,42560456.0,37161537,-10729323,14450696,0,5327873,0.0
TR,EUYO,2025,93147091,5642149.0,87504942,82576454,3044575,72248323,47588376.0,24659947,-18386514,12388855,0,4271495,0.0
TR,EYGYO,2021,768554836,680332317.0,88222519,554134116,609416309,12364403,9135694.0,3228709,8968758,22985590,462400241,2759708,0.0
TR,EYGYO,2022,3703310013,2641403699.0,1061906314,3113239936,2467993897,142454543,88906565.0,53547978,317132553,336493702,2186561402,27959125,0.0
TR,EYGYO,2023,3008597138,1129497135.0,1879100003,2095627245,908649366,2021013787,2274008466.0,-252994679,350118044,34548686,1754322353,47355854,0.0
TR,EYGYO,2024,3940867331,1438496205.0,2502371126,1572836179,687965945,2250512770,1248370834.0,1002141935,157568175,3467890,1387167780,55121736,33049053.0
TR,EYGYO,2025,3421615410,1411619690.0,2009995720,927367060,606930020,780752105,776991504.0,3760601,-722228319,40652120,770842517,53730497,22203351.0
TR,FADE,2016,30306563,20614935.0,9691628,14138110,13689713,18498037,16497965.0,2000072,-1016405,678386,4928359,1964018,0.0
TR,FADE,2017,119265348,53986164.0,65279184,19625271,23827000,18627319,11663098.0,6964221,1877261,750050,5465543,3189002,0.0
TR,FADE,2018,193428347,69365116.0,124063231,44046297,33774543,43933619,29587227.0,14346392,1987480,445755,24300568,42665822,0.0
TR,FADE,2019,243254697,84718406.0,158536291,57292514,47500103,57690548,39349003.0,18341545,34510910,388178,40700596,44116782,0.0
TR,FADE,2020,273222802,59058866.0,214163936,76829270,21390773,62649534,37383503.0,25486304,14733120,674962,44274195,47195883,0.0
TR,FADE,2021,326825478,80193466.0,246632012,98194140,42130328,68820572,47646739.0,21760519,32454241,550497,59506959,53306811,0.0
TR,FADE,2022,1123651365,280112120.0,843539245,332540892,106273657,252995654,175309780.0,80203994,43343518,10885064,136158495,264135737,0.0
TR,FADE,2023,1802429553,399034118.0,1403395435,284204670,178227801,468672081,386287024.0,81456983,185586687,26429198,83215370,445277502,0.0
TR,FADE,2024,2324344479,548191661.0,1776152818,441574551,256051643,678606347,473210301.0,215242419,-60814657,24273874,199701058,565418951,0.0
TR,FADE,2025,2680862136,691572428.0,1989289708,608297469,353343828,1137040230,957567625.0,196336248,34552730,11263388,317862779,615753900,0.0
TR,FENER,2013,345811524,586343490.0,-240531966,68277073,287231899,309077354,337140728.0,-28063374,-123619340,19337178,10996072,10549063,
TR,FENER,2014,311233179,733531883.0,-422298704,95593332,477541204,317610262,350755688.0,-33145426,-181718450,21649988,15929805,9567661,
TR,FENER,2015,551214551,955145813.0,-403931262,288066592,591418583,548229359,514591909.0,33637450,-116632067,8997156,14077524,14537301,0.0
TR,FENER,2016,660854849,1223042847.0,-562187998,447979758,630926617,465677922,479216732.0,-13538810,-153063196,7023879,18124024,15747090,0.0
TR,FENER,2017,1199422161,2049858283.0,-850436122,1084908444,782741448,593657650,630987295.0,-37329645,-287744775,22479726,17931291,20838064,0.0
TR,FENER,2018,1980385023,2629076761.0,-648691738,1835479217,1437897012,707779639,763997121.0,-56217482,-205168695,7948189,30939325,22253833,0.0
TR,FENER,2019,2091038157,2892814339.0,-801776182,1891630353,1910790580,544326007,587764233.0,-43438226,-153328491,13758016,28124474,23081213,0.0
TR,FENER,2020,2736667297,3739976934.0,-1003309637,2480793483,3440654589,688612502,776980733.0,-88368231,-200888936,8623946,36031710,20684641,0.0
TR,FENER,2021,3608244122,4910078055.0,-1301833933,3328431069,1482031969,1302754771,1221961230.0,80793541,-295445488,139613834,44352794,46880607,0.0
TR,FENER,2022,8532195399,11226621338.0,-2694425939,6644867779,5210556011,4140720038,5081962053.0,-941242015,287535922,64992285,218127231,261290509,0.0
TR,FENER,2023,11278356351,12708582649.0,-1430226298,7224245059,8034414942,7479486980,8637050022.0,-1157563042,2226847120,366016553,338150949,324315977,0.0
TR,FENER,2024,15420144827,16880483255.0,-1460338428,8227927033,12654536479,10539951800,12117431626.0,-1577479827,-918087997,542250891,431153756,528164431,0.0
TR,FLAP,2013,51037771,25728816.0,25308955,23410541,21159090,20952201,17390854.0,3561347,814623,2282135,0,4179548,
TR,FLAP,2014,51730751,24169947.0,27560804,34474960,20026304,33905770,31658517.0,2247253,2298062,98362,0,4187630,
TR,FLAP,2015,110034538,62309148.0,47725390,79655656,54583461,164974351,149694337.0,15280014,10771026,64096051,0,4641776,
TR,FLAP,2016,94762710,42245484.0,52517226,73050141,39621321,66136445,50659190.0,15477255,9887558,1245916,0,4485622,0.0
TR,FLAP,2017,83452216,23719062.0,59733154,52825620,20381381,122451994,89950149.0,32501845,7377769,5933054,0,4430566,0.0
TR,FLAP,2018,93856537,31274036.0,62582501,43164881,17974845,66109020,51361254.0,14747766,4269830,6203975,0,4099674,0.0
TR,FLAP,2019,104091759,31001009.0,73090750,42596473,16323989,46461620,39192836.0,7268784,6357736,475332,0,9402409,0.0
TR,FLAP,2020,91550015,21929206.0,69620809,15986983,10206411,11861799,8599379.0,3262420,-5900839,2185464,0,11996659,0.0
TR,FLAP,2021,189034367,19443192.0,169591175,98494765,10666092,45928148,33797949.0,12130199,29841919,76045295,0,17556548,0.0
TR,FLAP,2022,552087915,74684653.0,477403262,148243738,49997333,211878948,182916633.0,28962315,-37927485,46024405,0,60009710,0.0
TR,FLAP,2023,926898961,73839715.0,853059246,209947222,66823933,382073542,309803727.0,72269815,180566821,47838936,998308,92788906,0.0
TR,FLAP,2024,1071371277,64850512.0,1006520765,212322460,57111811,465538539,395409637.0,70128902,-90360011,25776028,50189619,113441506,0.0
TR,FLAP,2025,1285568680,176573814.0,1108994866,278086137,164750336,394139691,301758266.0,92381425,18786480,29708680,117709702,120564733,7463023.0
TR,FMIZP,2013,31980035,2416341.0,29563694,22365560,2159837,37279294,31404581.0,5874713,7612954,17978126,1456047,8351888,
TR,FMIZP,2014,37768477,4813652.0,32954825,26954244,4427629,48525667,36735540.0,11790127,9056632,16979378,3235053,9437681,
TR,FMIZP,2015,44900740,4280214.0,40620526,33102557,3598481,57313790,41661153.0,15652637,15484427,23553428,2470867,8775746,
TR,FMIZP,2016,46690325,6796132.0,39894193,32780486,5962824,60867363,45012593.0,15854770,16709660,350156,2417348,11459788,17401452.0
TR,FMIZP,2017,50471003,6987272.0,43483731,38746473,6001602,68387095,50805473.0,17581622,20336041,24830134,3748175,9725597,16709660.0
TR,FMIZP,2018,60948272,5146043.0,55802229,48666515,3704501,92175943,66001916.0,26174027,31001580,34730399,5165886,10299100,18366119.0
TR,FMIZP,2019,69664828,10023827.0,59641001,54836744,8327139,114828282,82303027.0,32525255,31540181,40031862,5519651,12066175,27707413.0
TR,FMIZP,2020,71203109,13908279.0,57294830,57193150,11498929,87193556,60514251.0,26679305,30530047,35752664,10862566,10874949,32623773.0
TR,FMIZP,2021,113670770,20485405.0,93185365,91205959,17647287,187871806,134949532.0,52922274,66685578,39709798,16954278,19408163,30104964.0
TR,FMIZP,2022,307661041,74768957.0,232892084,131822164,29018088,600994411,501462262.0,99532149,70000917,40227642,40027662,124487186,133050221.0
TR,FMIZP,2023,356035121,63925737.0,292109384,148183720,36698217,388989486,359100596.0,29888890,23727581,67566705,42025315,188133713,20849626.0
TR,FMIZP,2024,684634662,110358314.0,574276348,399936588,58574994,884435547,719767930.0,164667616,142672298,271171165,44589535,247690631,0.0
TR,FMIZP,2025,843765965,109986417.0,733779548,557489618,60939796,700028137,588133521.0,111894616,79986250,452399938,59820216,260826837,11076765.0
TR,FONET,2013,19430067,9934344.0,9495723,7495613,8622508,23844363,17342840.0,6501523,2360630,148970,26081,1670633,
TR,FONET,2014,24179258,12840523.0,11338735,5674105,9107169,14077849,7171005.0,6906844,1746839,114023,0,1651763,
TR,FONET,2015,28390820,13153687.0,15237133,3522827,7603144,17552756,9919937.0,7632819,4014990,84665,0,1542421,
TR,FONET,2016,36456070,16435324.0,20020746,6474343,13533395,21615483,12187798.0,9427685,4697867,2114096,573809,1469573,0.0
TR,FONET,2017,49971442,9433151.0,40538291,8938926,5995891,23675488,14550157.0,9125331,4097425,3295265,257358,3367099,0.0
TR,FONET,2018,72894627,20297582.0,52597045,15649467,15778011,35714280,20129581.0,15584699,12236429,6095046,687865,4651329,0.0
TR,FONET,2019,79321530,12408946.0,66912584,12073777,9131688,49104006,29924672.0,19179334,14651030,2927899,522616,4726109,0.0
TR,FONET,2020,108730992,13859317.0,94871675,27622292,9355333,64919843,32627749.0,32292094,27738975,8620349,1293810,4015673,0.0
TR,FONET,2021,190905377,58804500.0,132100877,57427554,21148461,85479632,44140819.0,41338813,37543277,12526812,529110,4384780,0.0
TR,FONET,2022,756022158,224378908.0,531643250,198363321,125421398,237106076,148620915.0,88485161,23960330,36759040,2271014,20725986,0.0
TR,FONET,2023,1058476053,86109901.0,972366152,61088093,74090189,360678999,267215807.0,93463192,214702447,14708011,3166150,32062110,0.0
TR,FONET,2024,1579300041,109200089.0,1470099952,109443207,88523543,629009693,455356709.0,173652985,196651641,40584334,0,64678550,0.0
TR,FONET,2025,2026902479,165916806.0,1860985673,318625127,135974142,940920984,569333438.0,371587546,245258404,132155596,0,95362255,0.0
TR,FORMT,2015,61163356,52121829.0,9041527,47457530,50889334,58834633,40880908.0,17953725,3042293,1777343,2342815,8232566,0.0
TR,FORMT,2016,92661694,78202194.0,14459500,79203005,75057899,58383025,39642606.0,18740419,5301798,5239208,7061466,6890334,0.0
TR,FORMT,2017,124963366,99103461.0,25859905,110111574,78384767,81998093,55375546.0,26622547,9624752,5037075,9669587,7801364,0.0
TR,FORMT,2018,162187156,84534012.0,77653144,145101213,72421575,102735131,71991680.0,30743451,8056567,6522566,19379480,6842786,0.0
TR,FORMT,2019,144132585,89948187.0,54184398,112793494,71094661,80797063,60118427.0,20678636,-17516987,15039946,25379344,10864750,891176.0
TR,FORMT,2020,189969779,131784024.0,58185755,160978242,106654913,129114536,105809990.0,23304546,5177434,13876370,47162165,8945532,0.0
TR,FORMT,2021,347570202,119478991.0,228091211,279000007,106741452,172952008,137514345.0,35437663,1063198,46105739,99067279,44360375,0.0
TR,FORMT,2022,1184521842,480064551.0,704457291,543601395,406050800,504914600,405152288.0,99762312,-69178845,29900847,165641538,587624276,0.0
TR,FORMT,2023,1913785627,578851809.0,1334933818,939336198,433584207,751379134,553892295.0,197486839,-131466188,142877216,380282438,945510019,0.0
TR,FORMT,2024,2513009603,1015036205.0,1497973398,993761142,810972622,872073201,669552690.0,202520510,-199530756,60602574,361884556,1447867500,0.0
TR,FORMT,2025,3078026371,755429292.0,2322597079,1000340411,556178030,1016135868,962385978.0,53749889,-118877326,141986049,292133141,2059758921,0.0
TR,FORTE,2020,195664510,133708353.0,61956157,182327043,125772693,204326360,150370927.0,53955433,40876291,55161277,32146060,1653879,0.0
TR,FORTE,2021,194254570,121354235.0,72900335,178289698,117013581,215350934,176519253.0,38831681,23456351,27557017,28171861,1703345,0.0
TR,FORTE,2022,698298933,424748175.0,273550758,608843239,404465624,685133342,505923777.0,179209565,55277114,90859496,173660907,8438405,0.0
TR,FORTE,2023,1334948084,478810337.0,856137747,1036801379,443352576,959883836,633384771.0,326499065,12192799,336617897,258781133,52383160,56405768.0
TR,FORTE,2024,1831728149,821832750.0,1009895399,1162397715,756218524,2331713132,1907218077.0,424495055,-108332323,138806707,146547004,149679926,11089338.0
TR,FORTE,2025,6502237058,3774999246.0,2727237812,2888072450,2141516457,2682376231,1581380627.0,1100995604,2566899048,558213309,936670038,180398978,0.0
TR,FRIGO,2013,29981500,21879972.0,8101528,14834945,9863739,19603851,18328875.0,1274976,-3180409,2970345,9190768,15000536,
TR,FRIGO,2014,32577120,24423668.0,8153452,15244257,13393224,25412836,22509004.0,2903832,-1167884,974126,10356553,17183235,
TR,FRIGO,2015,39175365,31468598.0,7706767,19169662,20769674,30282317,26527948.0,3754369,-3641606,328351,13122896,19905957,
TR,FRIGO,2016,35786261,28210341.0,7575920,15094794,17479834,31604763,28284145.0,3320618,-1409199,328240,9598644,20598312,0.0
TR,FRIGO,2017,43109498,30897627.0,12211871,18738225,12993275,35361112,27041497.0,8319615,867799,143233,14456655,24276070,0.0
TR,FRIGO,2018,70431102,49905365.0,20525737,39802413,30259323,56864287,42403811.0,14460476,3710752,3036146,26146122,30542424,0.0
TR,FRIGO,2019,88592233,57092886.0,31499347,52697417,37229570,81203472,58715876.0,22487596,11432385,1298589,38176100,33668252,0.0
TR,FRIGO,2020,155171489,100560739.0,54610750,112637229,81441951,107208412,72156129.0,35052283,17896734,44543209,54607707,40341527,0.0
TR,FRIGO,2021,414574222,185910024.0,228664198,267933192,151071225,160456404,103314306.0,57142098,7178651,96265901,127208191,145014494,0.0
TR,FRIGO,2022,1065493619,449652618.0,615841001,656795946,346996874,765643800,500424172.0,265219628,-24683333,66831817,442331512,392169923,0.0
TR,FRIGO,2023,1400327969,594833732.0,805494237,842741963,444865043,1089891737,750007449.0,339884288,-75996706,22214303,532355927,541409211,0.0
TR,FRIGO,2024,2476267435,924582923.0,1551684512,1535697020,697512237,1101137158,799920085.0,301217074,142857045,68886156,751487068,930925925,0.0
TR,FRIGO,2025,2799572520,1428360495.0,1371212025,1444373734,1034405689,1349887265,1542651695.0,-192764430,-326283874,141419809,709432222,1091401119,0.0
TR,FRMPL,2022,3613836096,1892254976.0,1721581120,2779081475,1590402371,3934921751,2829499601.0,1105422150,296806661,122763905,821428807,712180640,0.0
TR,FRMPL,2023,3539308366,1520029659.0,2019278707,2537777368,1247893959,3494335012,2401518453.0,1092816559,295458158,65473297,1047328528,742626262,0.0
TR,FRMPL,2024,3699375454,1444181816.0,2255193638,2274375119,1288663419,3693297910,2729429426.0,963868484,166784115,39249418,1093651119,861024768,0.0
TR,FRMPL,2025,5053862216,2410030034.0,2643832182,3552032748,2292752750,3802205485,2747737893.0,1054467592,179141473,40192493,1408420657,888446737,0.0
TR,FROTO,2013,5991190219,3754585885.0,2236604334,2443438405,2396989476,11404912894,10277155728.0,1127757166,641471786,238128147,563888556,2231069051,
TR,FROTO,2014,7235392795,4481211099.0,2754181696,2958148243,2971769365,11924836507,10794249532.0,1130586975,594856111,577458259,585077396,3128382584,
TR,FROTO,2015,8428212158,5368356810.0,3059855348,4030872065,3823591411,16746396740,14886511502.0,1859885238,841910674,980361277,1000159224,3250718303,
TR,FROTO,2016,9286152000,6122533000.0,3163619000,4675977000,4307860000,18289107000,16203045000.0,2086062000,955308000,1189033000,1054426000,3302745000,663220000.0
TR,FROTO,2017,12011740000,8315881000.0,3695859000,6827040000,6049677000,25341290000,22704095000.0,2637195000,1489983000,1805945000,1152490000,3536220000,789548000.0
TR,FROTO,2018,13184440000,9291201000.0,3893239000,7395461000,7219612000,33292030000,29833459000.0,3458571000,1683196000,1392772000,1864645000,3922747000,1203622000.0
TR,FROTO,2019,16406372000,11741451000.0,4664921000,10156798000,8645371000,39209019000,35193802000.0,4015217000,1959484000,3202952000,1827399000,4436548000,1284331000.0
TR,FROTO,2020,24349179000,17305277000.0,7043902000,17604522000,12480781000,49451407000,43264878000.0,6186529000,4194913000,8124073000,2449043000,4403373000,1094839000.0
TR,FROTO,2021,42792853000,32644315000.0,10148538000,32813852000,20782144000,71101258000,59947098000.0,11154160000,8801005000,14173931000,5269306000,5149083000,3575773000.0
TR,FROTO,2022,174307138000,123165497000.0,51141641000,91321074000,76202568000,322556451000,285957542000.0,36598909000,27729927000,16666305000,23274992000,47915268000,13722496000.0
TR,FROTO,2023,313312578000,207905014000.0,105407564000,148595390000,135909592000,594705176000,514938796000.0,79766380000,70826085000,21980984000,42378541000,82581132000,25852184000.0
TR,FROTO,2024,427717077429,276898370680.0,150818706749,201532719637,161522628509,778802992277,707329984849.0,71473007428,50869426586,29228406235,52277028291,127334663507,30798783022.0
TR,FROTO,2025,496039566389,324354137442.0,171685428947,245892082811,198758436620,914244456762,837894496618.0,76349960144,37398400194,70397057731,54283959500,150934114508,31421455105.0
TR,FZLGY,2020,463839375,236102501.0,227736874,223393340,183721813,271828109,247742264.0,24085845,-30846175,56881026,85251892,7194318,0.0
TR,FZLGY,2021,2683470240,2197133049.0,486337191,1832948008,1789866876,570551827,281799660.0,288752167,340934677,355965914,315530084,174737997,0.0
TR,FZLGY,2022,5436950347,3572684890.0,1864265457,3401420965,1777903471,267918823,153253423.0,114665400,606844048,10061664,2791709215,9048855,0.0
TR,FZLGY,2023,8731311271,4794653952.0,3936657319,6088930403,1005556680,3971381542,2889194424.0,1082187118,355872367,97795480,4182711307,11487124,85103286.0
TR,FZLGY,2024,12130230311,7612320945.0,4517909366,9306944105,723463186,1202376000,1201551691.0,824309,-340912391,446604623,7484426326,9758113,227626103.0
TR,FZLGY,2025,16293553819,11790189427.0,4503364392,14020285162,2447957298,1459937282,1319599192.0,140338090,-468995554,70194654,11790278483,10194873,0.0
TR,GATEG,2013,11192446,5016596.0,6175850,10681939,4934290,26110570,19817249.0,6293321,2222694,2203282,1933563,413504,
TR,GATEG,2014,11882586,3610834.0,8271752,11376908,3492961,32739907,26525339.0,6214568,2425292,1122499,2105298,414203,
TR,GATEG,2015,25929602,14473478.0,11456124,24838437,14232989,31861497,26884705.0,4976792,-2474535,1922839,4159757,766215,
TR,GATEG,2016,17219955,10690977.0,6528978,15709989,10551997,23118782,20558123.0,2560659,-4870837,866537,2998881,839257,0.0
TR,GATEG,2017,19528985,15416284.0,4112701,15773264,11543234,20227153,17699948.0,2527205,-3386970,1875431,2798595,676656,0.0
TR,GATEG,2018,18936280,13847442.0,5088838,15777890,11931833,22736014,17647090.0,5088924,165348,578340,2574815,74182,0.0
TR,GATEG,2019,19803039,18427073.0,1375966,13373054,18197074,8536041,8599913.0,-63872,-2892204,336708,3308213,914116,0.0
TR,GATEG,2020,30713052,22569028.0,8144024,25844995,22502899,14853853,3605849.0,11248004,6721603,218417,0,809754,0.0
TR,GATEG,2021,97424352,48984244.0,48440108,81530259,34055075,126852108,72988188.0,53863920,38205615,160465,16128618,715854,0.0
TR,GATEG,2022,233832414,150595236.0,83237178,215067681,143105982,72060354,52364221.0,19696133,6660721,282342,38365034,2823396,0.0
TR,GATEG,2023,203602907,181223740.0,22379167,166832505,180307987,37657928,14363459.0,23294469,-21961279,307433,28652597,3569131,0.0
TR,GATEG,2024,73966791,46184609.0,27782182,38414189,45405851,26283808,6395599.0,19888209,-1237948,278263,12612299,3731188,0.0
TR,GATEG,2025,741925736,451624877.0,290300859,461346767,402490839,440644461,345374309.0,95270152,34846717,20445752,180719172,34626465,0.0
TR,GEDIK,2013,283517200,193643277.0,89873923,272416111,191330937,1704975667,1663118598.0,41857069,11121679,118746560,0,3136187,
TR,GEDIK,2014,456544189,362902800.0,93641389,447298234,360181005,2720562668,2670233991.0,50328677,11020466,185244461,0,3595553,
TR,GEDIK,2015,590098989,474561705.0,115537284,569387038,470765847,509922840,410615665.0,99307175,19066612,232182526,0,5117041,
TR,GEDIK,2016,540374918,467268309.0,73106609,525895499,463845174,625806287,540765956.0,85040331,-21317570,201507572,0,9319731,0.0
TR,GEDIK,2017,694910756,604585864.0,90324892,673537287,600355797,603787427,501421078.0,102366349,17197164,232742505,0,9365039,0.0
TR,GEDIK,2018,632663643,514787096.0,117876547,610688119,510160641,2262788393,2128120113.0,134668280,28269674,247683714,0,9956565,0.0
TR,GEDIK,2019,1114402679,943829301.0,170573378,1056391404,923434508,5290068512,5133162754.0,156905758,65338521,267510517,0,19629549,12000000.0
TR,GEDIK,2020,2545145352,2203074194.0,342071158,2501082069,2184182305,8013310909,7638161605.0,375149304,168691836,632206613,0,22598051,0.0
TR,GEDIK,2021,3643095051,3078684933.0,564410118,3508925884,3067262360,18881903297,18308374424.0,573528873,239614679,725652473,0,23377628,30000000.0
TR,GEDIK,2022,15537054582,13519010656.0,2018043926,14906810798,13472800608,154307192534,151799473708.0,2507718826,62807451,3439443631,0,83955909,166622171.0
TR,GEDIK,2023,15300755497,11466748424.0,3834007073,14551037511,11381493437,140401657576,136397760660.0,4003896916,1113125608,1937524088,0,145519950,202580991.0
TR,GEDIK,2024,20249043512,15949698398.0,4299345114,18769391518,15801289908,97727792729,93711297116.0,4016495614,489832105,5933753057,0,199381562,1003505496.0
TR,GEDIK,2025,26913689064,21153642150.0,5760046914,24589095766,21001974312,477285970650,472969587448.0,4316383202,1660685885,6298912976,0,197287776,617250692.0
TR,GEDZA,2013,20502194,4703367.0,15798827,14917742,4053382,21965981,17182221.0,4783760,2355464,2324743,5039790,5430118,
TR,GEDZA,2014,21993604,4503111.0,17490493,16888015,3720419,23430898,18659365.0,4771533,1748995,2757489,5797617,4910858,
TR,GEDZA,2015,45557018,8414396.0,37142622,17246619,2915566,24564099,20209040.0,4355059,1373087,3803413,4922629,28127124,
TR,GEDZA,2016,49988522,9908321.0,40080201,23886657,4910308,28668274,23371660.0,5296614,3180076,8185242,5034985,25918407,0.0
TR,GEDZA,2017,62140864,15337623.0,46803241,34586707,10364553,42508627,33463647.0,9044980,6745812,14195292,4997167,26034198,0.0
TR,GEDZA,2018,89282756,26855859.0,62426897,57377817,22113260,68495935,48442213.0,20053722,14662474,14763676,14044021,26221047,0.0
TR,GEDZA,2019,106024085,32304719.0,73719366,76264217,27913881,75746899,56222195.0,19524704,12990756,30556252,15017245,24606843,0.0
TR,GEDZA,2020,155257955,53575357.0,101682598,126618666,49224306,94708325,62371361.0,32336964,28237559,65559520,15816765,23418920,0.0
TR,GEDZA,2021,218681558,52393669.0,166287889,166128128,47810464,126282153,78284532.0,47997621,64368388,83443192,27957430,39493893,0.0
TR,GEDZA,2022,692731408,156024599.0,536706809,342618593,92451841,601401921,394397812.0,207004109,-8556797,57989273,130850721,287291506,0.0
TR,GEDZA,2023,1182002876,281684118.0,900318758,573153491,148522784,848726851,509171087.0,339555764,126284007,139657700,173751177,451072023,0.0
TR,GEDZA,2024,1483998278,298854075.0,1185144203,685452332,138385810,942512723,762917079.0,179595644,6231315,198416567,242828692,579922375,0.0
TR,GEDZA,2025,1749085702,421291026.0,1327794676,910410957,234616874,1174060660,776613604.0,397447056,26706335,184543940,247369593,614374872,0.0
TR,GENIL,2018,412616869,300029869.0,112587000,266852764,237259967,1180434205,1008506180.0,171928025,6524321,5934388,98989063,120672902,0.0
TR,GENIL,2019,560232049,314748456.0,245483593,374544037,261933712,1795146033,1486550525.0,308595508,143118051,53683803,126994466,159974517,0.0
TR,GENIL,2020,1078241993,520880905.0,557361088,662012328,448383175,2149967988,1816646536.0,333321452,207034652,58650155,322122191,353601661,0.0
TR,GENIL,2021,2119420852,835199385.0,1284221467,1463551547,794984835,2501352835,2044993563.0,456359272,310366673,519439682,593572161,432998692,0.0
TR,GENIL,2022,3682402466,877883819.0,2804518647,1975523702,683643512,10639338949,8727891786.0,1911447163,640617083,391267074,444571568,1245997785,0.0
TR,GENIL,2023,11134941206,4120122940.0,7014818266,5706335782,3916922456,11769208449,9171181967.0,2598026482,653144283,97248001,1846464220,3401675394,0.0
TR,GENIL,2024,16113673519,6548496572.0,9565176947,7586194683,5490110030,19294435958,15565350874.0,3729085084,187906045,710711109,1403766041,5388855981,0.0
TR,GENIL,2025,21403198657,10037107259.0,11366091398,10856078201,8554268738,21107294892,16680980646.0,4426314246,886567498,103403841,2577463003,6055682606,0.0
TR,GENKM,2022,5091547948,1877527357.0,3214020591,2640479343,1546849697,7602650540,6392170229.0,1210480311,48438122,242156481,1099219451,2232503345,43250260.0
TR,GENKM,2023,6072641139,1369498553.0,4703142586,1775271311,1030202961,5671395112,4569020866.0,1102374246,203047843,155799014,596121908,3915517817,90096459.0
TR,GENKM,2024,6480202053,1477821432.0,5002380621,1993801821,1190200182,4964121047,4001627199.0,962493848,132764921,471628819,495148960,4299994288,0.0
TR,GENKM,2025,7425665332,1644176503.0,5781488829,2494554516,1314990352,5160595956,4046365185.0,1114230771,274200001,352888972,774706822,4603500776,0.0
TR,GENTS,2013,195943128,28251564.0,167691564,127405946,26093922,195022500,157425508.0,37596992,23929342,4319455,50643939,52321584,
TR,GENTS,2014,220140925,40344855.0,179796070,151054973,37857851,231467293,188449980.0,43017313,16931966,15638377,56952437,51351431,
TR,GENTS,2015,243613373,61905223.0,181708150,164530791,44568218,209333209,191450173.0,17883036,11283481,9544981,59441771,56948561,
TR,GENTS,2016,290693078,91723051.0,198970027,184584926,66926588,253801732,201637335.0,52164397,21217328,8474662,82671233,59879793,4095600.0
TR,GENTS,2017,349173230,117342937.0,231830293,229070803,94883214,318367463,251144081.0,67223382,35523894,13389336,99714047,65975181,5306857.0
TR,GENTS,2018,375162474,103854902.0,271307572,236796541,80470741,425026119,317378925.0,107647194,48253618,29391554,116344083,74669029,8551543.0
TR,GENTS,2019,386320125,104752244.0,281567881,259239827,85367917,395668950,322015208.0,73653742,11423007,44946566,128097688,74759819,10546807.0
TR,GENTS,2020,505914137,140754527.0,365159610,356477758,112544632,481570942,334720826.0,146850116,81305421,49770310,167968219,84551099,463500.0
TR,GENTS,2021,857983233,374435102.0,483548131,612263765,342098161,788037619,623327119.0,164710500,133104065,147471706,275823400,128711713,14396392.0
TR,GENTS,2022,2548317210,956169536.0,1592147674,1538288818,882160918,3042682761,2595042910.0,447639851,-66016265,122611120,825007287,662619622,61493712.0
TR,GENTS,2023,3805369036,1273358321.0,2532010715,2163662328,1162356440,4334199115,3082058436.0,1252140679,164583936,210061662,1056811513,1121033642,58477132.0
TR,GENTS,2024,5116470404,1736437896.0,3380032508,2865437624,1631502473,5118253295,3956172189.0,1162081106,137408977,332994675,1494065250,1663278129,73903338.0
TR,GENTS,2025,6020175962,2094539980.0,3925635982,3543842147,1880131561,5587776575,4140103865.0,1447672710,251929586,618624257,1495748335,1819298649,108079351.0
TR,GEREL,2013,111246574,73347872.0,37898702,55678433,44619189,103602575,84033072.0,19569503,-3951062,3576242,22117419,51931967,
TR,GEREL,2014,134139607,87525210.0,46614397,61057626,61621740,107923623,82854366.0,25069257,6056123,1313379,32624105,63385510,
TR,GEREL,2015,167698185,70206078.0,97492107,112324261,38475512,134767907,97448909.0,37318998,34967348,12311954,45587729,48131051,
TR,GEREL,2016,184690617,84516286.0,100174331,119101008,64140400,164135846,137441785.0,26694061,3607974,4571465,38618369,58776403,0.0
TR,GEREL,2017,212054012,98667156.0,113386856,134771934,58528169,192807255,160885842.0,31921413,14823974,8629129,39279595,68177928,0.0
TR,GEREL,2018,271183459,115733674.0,155449785,185172648,60412085,241646416,198768358.0,42878058,3761097,6391353,45613958,78854835,0.0
TR,GEREL,2019,263839077,154708354.0,109130723,162734984,115245570,217556094,182835014.0,34721080,-35928107,13080849,57082526,77810455,0.0
TR,GEREL,2020,304928633,194820511.0,110108122,195856213,105585012,253788813,209175781.0,44613032,8311198,46819403,70688433,84847355,0.0
TR,GEREL,2021,469990500,337516011.0,132474489,322580863,243857699,380577658,317716670.0,62860988,7021095,58363188,103533827,105573983,0.0
TR,GEREL,2022,1210166437,710230029.0,499936408,761887768,564554713,1606956605,1272173113.0,334783492,-28991287,98241689,316323844,412278758,0.0
TR,GEREL,2023,1616328448,968387751.0,647940697,981243130,852050321,2107432465,1804781950.0,302650515,-164969180,78075128,340117869,592125720,0.0
TR,GEREL,2024,4200218584,3047660779.0,1152557805,2301264928,1310116039,3433657484,2904433360.0,529224124,330289924,44133461,1158099976,1818834419,0.0
TR,GEREL,2025,5791488700,2214166173.0,3577322527,3512577739,1798819956,2963664110,2307804385.0,655859725,109737460,34805600,2110256568,2203920256,0.0
TR,GESAN,2018,421360560,331628347.0,89732213,221918221,180540120,361910770,254630518.0,107280252,-6505816,37571070,38371298,187720768,0.0
TR,GESAN,2019,497563618,345969673.0,151593945,318857285,266552426,491688536,410481205.0,81207331,23475898,56180119,33651819,126743403,0.0
TR,GESAN,2020,830881309,489994848.0,340886461,632832853,356524104,880230625,498108131.0,382122494,217699817,127696102,242198320,170701699,0.0
TR,GESAN,2021,2049436000,1055342000.0,994094000,1521036000,786881000,1231647000,792247000.0,439400000,253419000,147086000,338074000,476007000,0.0
TR,GESAN,2022,9852049000,5535046000.0,4317003000,7202342000,4550766000,7515157000,5597352000.0,1917805000,805087000,934208000,1386591000,2232809000,0.0
TR,GESAN,2023,22025170000,9695460000.0,12329710000,16210834000,8013632000,15088558000,9590497000.0,5498061000,1550406000,887542000,2691828000,4922039000,0.0
TR,GESAN,2024,28345139564,10512936763.0,17832202801,19799103500,8244038665,19878865359,14422465489.0,5456399869,1991026774,596743363,3445142377,6867008172,0.0
TR,GESAN,2025,34315767928,13554939416.0,20760828512,23383966047,8906470766,22665203474,17271090538.0,5394112936,1220272841,761196263,6600607647,8981201245,0.0
TR,GIPTA,2020,168003429,83424342.0,84579087,141862254,50203062,151281282,126922935.0,24358347,3850693,42985946,26656859,25332962,0.0
TR,GIPTA,2021,350370005,141313552.0,209056453,231226689,102367600,153126311,114047215.0,39079096,15015831,72568237,67448665,118339464,0.0
TR,GIPTA,2022,1576872596,734074367.0,842798229,936462171,561205455,1261851260,1013368775.0,248482485,2262676,371664760,194147464,640146808,54380372.0
TR,GIPTA,2023,2946635264,583624246.0,2363011018,1927146812,353087638,1873494709,1426013420.0,447481289,198697116,737772680,310045808,1018934453,51602145.0
TR,GIPTA,2024,3648436863,375884979.0,3272551884,2299122987,143834071,2729294399,2049799885.0,679494514,237736283,1166927026,253472006,1349025560,45462990.0
TR,GIPTA,2025,4229995376,579586616.0,3650408760,2746226912,296152466,2487449140,1807613099.0,679836042,246309154,1679162918,292833085,1474525324,172830210.0
TR,GLRMK,2021,23554087001,17471570302.0,6082516699,18989926910,13348455850,18717396779,18704198768.0,13198011,663332291,5080152563,273735109,1486188730,351360232.0
TR,GLRMK,2022,19074133469,14476725513.0,4597407956,15089037449,11057412687,21022803182,20597737551.0,425065631,174962786,2371781902,331260375,1575087682,300265006.0
TR,GLRMK,2023,30189678386,24809052192.0,5380626194,25664734026,16746917342,26461272769,23683505901.0,2777766868,1640081840,6410842728,427903511,1790576554,47580814.0
TR,GLRMK,2024,54601697105,43824100694.0,10777596411,48353775846,27495842341,45177026541,39957712104.0,5219314437,4671164836,10802267243,295491725,2536229596,0.0
TR,GLRMK,2025,71589176880,52057983408.0,19531193472,62955328671,28741548598,50104424269,43780335161.0,6324089108,4712140190,15858629265,560001103,3184375630,0.0
TR,GLRYH,2013,19149409,1543579.0,17605830,13647791,1458295,0,0.0,4328129,1476086,5645286,0,632029,
TR,GLRYH,2014,25927043,11544972.0,14382071,24386937,7351221,0,0.0,11099735,4379958,5475725,0,691782,
TR,GLRYH,2015,51108716,30854993.0,20253723,45381502,30036616,0,0.0,18988863,4397221,9268495,0,933207,
TR,GLRYH,2016,84871416,57417167.0,27454249,79589899,56247492,0,0.0,24111759,3714616,21039353,0,1315490,0.0
TR,GLRYH,2017,91602257,50009818.0,41592439,87243689,49589515,0,0.0,19987031,-35918,10695936,0,1141772,0.0
TR,GLRYH,2018,185429082,84565088.0,100863994,136057333,83569335,6642821,5308004.0,40908503,10100631,19762518,3870859,12351015,0.0
TR,GLRYH,2019,269124856,140867582.0,128257274,215120035,134416999,16766007,12487886.0,45997979,12017968,39027294,2964756,15730355,0.0
TR,GLRYH,2020,663785391,409502364.0,254283027,588754600,405247858,230441887,119539151.0,258849115,123756921,34125977,17982634,32514542,0.0
TR,GLRYH,2021,1665237834,789126632.0,876111202,1189364745,784187272,384341641,228211294.0,613716723,391346149,305441482,22878541,72326705,0.0
TR,GLRYH,2022,7298517175,3705995299.0,3592521876,4607334671,2931597446,398106700,234382020.0,2221493300,215721599,683015632,46565201,2116421914,0.0
TR,GLRYH,2023,11370872205,3606397317.0,7764474888,7147277437,3116674095,496877776,348480006.0,3371341437,171234850,1240414961,67586564,3299711228,0.0
TR,GLRYH,2024,20508518124,7861260566.0,12647257558,10885046714,6423694620,1112232567,735073395.0,5769666074,562165285,1484869631,74638810,8241463991,0.0
TR,GLRYH,2025,30418273937,11559199003.0,18859074934,19588591204,8540008324,995894097,761757852.0,11247522521,4265801811,1883095951,52365001,9030070506,0.0
TR,GLYHO,2013,2002341034,1267388594.0,734952440,386385802,423279577,224216840,148634186.0,95727615,35549181,74333643,27760220,317369431,
TR,GLYHO,2014,2599080907,1855862971.0,743217936,493150620,511948448,336970472,242533885.0,110982826,-78713838,185345141,45774768,389041333,
TR,GLYHO,2015,3438825205,2464218267.0,974606938,671417856,656306578,519156894,372173442.0,174188513,-48529453,296169494,59483667,563508560,
TR,GLYHO,2016,3890437243,2977829447.0,912607796,628824363,1032831346,599453940,405715034.0,220072593,-135610641,209040990,82064090,754500121,21394061.0
TR,GLYHO,2017,4371035773,2776240282.0,1594795491,919817688,729492534,764513639,559621717.0,241865466,-386395233,439854352,98291519,930235293,21510386.0
TR,GLYHO,2018,5647992234,3972109985.0,1675882249,1104203711,1203373382,1080038879,744134554.0,379561406,-63962259,496942269,93436870,1284995853,93856973.0
TR,GLYHO,2019,7056432382,5538475682.0,1517956700,1350450647,1579020677,1387448668,998709339.0,437089913,-157676444,474710252,85375506,1457923353,106528976.0
TR,GLYHO,2020,9406379211,7857196641.0,1549182570,2889490742,4525955684,1527806842,1415765469.0,206019975,-497453242,991689962,99815456,1842057780,1548139.0
TR,GLYHO,2021,15077311142,12603365258.0,2473945884,3640176472,3447267622,2357260922,2100218113.0,477849897,-385931117,1535926457,140150144,2873410322,9750000.0
TR,GLYHO,2022,41514675474,32319516647.0,9195158827,8565597120,9059417264,15319298883,11291542420.0,5326807843,2010564887,3046214272,570239753,8337492156,27807771.0
TR,GLYHO,2023,64279630393,48995133858.0,15284496535,12791404240,12816046806,16809244016,11043662066.0,7768834576,3680451490,6346870475,835238273,12384070611,235621789.0
TR,GLYHO,2024,89662935818,71577146358.0,18085789460,19654859887,15644533535,24979339265,15745438935.0,11565617397,5441594930,10384098808,824405090,14493594014,785458235.0
TR,GLYHO,2025,109739154790,86087719012.0,23651435778,24333698932,18366947026,29118317569,18037894652.0,13021020283,6987522261,13801386266,854861888,18053758754,1249510624.0
TR,GMTAS,2018,183025103,10889981.0,172135122,48534972,10146698,77970685,63367977.0,14602708,1890169,16648828,19075276,108742845,0.0
TR,GMTAS,2019,200462328,13425069.0,187037259,68033125,12374535,137793420,111935685.0,25857735,10495123,35658906,23245221,106831460,0.0
TR,GMTAS,2020,275662982,23717533.0,251945449,87784933,14676436,216105051,180218808.0,35886243,26480808,37518417,41595231,150968312,0.0
TR,GMTAS,2021,349689141,40040810.0,309648331,127112137,22347014,316055308,246982550.0,69072758,44548415,36005986,85228898,178303201,11936001.0
TR,GMTAS,2022,1848443512,299170494.0,1549273018,401711166,97410580,1365796477,1090677338.0,275119139,-4185866,65876913,303159263,1153521831,31552547.0
TR,GMTAS,2023,2780864334,429892923.0,2350971411,573507714,193272439,2747764832,2286854669.0,460910163,5034662,136273789,376676665,1728216344,0.0
TR,GMTAS,2024,4507843697,618143345.0,3889700352,892694892,321946272,3700193254,2944077285.0,756115969,476300310,384675007,428822680,2804954484,0.0
TR,GMTAS,2025,5232307130,999582440.0,4232724690,1053151785,526598006,5755119591,4641777733.0,1113341858,-152889675,167691563,753527373,3163730367,0.0
TR,GOKNR,2019,1014562796,767046561.0,247516235,792620102,617675621,692976872,584343995.0,108632877,1463483,38292399,276297799,177336536,0.0
TR,GOKNR,2020,1387686829,1094845529.0,292841300,1137015324,999818527,1171529887,786815933.0,384713954,68095940,109221821,308210963,192162701,10346426.0
TR,GOKNR,2021,3044900727,2227085071.0,817815656,2181378741,1826748826,1982470615,1296813855.0,685656760,126474940,201510324,659652583,814420052,0.0
TR,GOKNR,2022,7978843891,5034857030.0,2943986861,5192845527,4298843185,8899802108,6420881161.0,2478920947,-124311433,303556050,2178774362,2717964570,0.0
TR,GOKNR,2023,10533178570,4425913903.0,6107264667,6591255398,3190118541,11109350916,8476364852.0,2632986064,393391593,149438590,2484991740,3848425031,0.0
TR,GOKNR,2024,16093390102,6667404602.0,9425985500,10884229030,5318417070,16545514892,12401144816.0,4144370076,1552677188,217561204,3450241575,5087803249,141965805.0
TR,GOKNR,2025,18942970629,8229049488.0,10713921141,13193234522,7325663503,16649601609,13079226096.0,3570375512,515411402,3248634530,6064885223,5496653499,139971318.0
TR,GOLDA,2023,5400620015,1620243549.0,3780376466,1908219154,975647801,3363929312,2874123132.0,489806180,72029330,460944665,364149285,2250532201,0.0
TR,GOLDA,2024,4694276640,1028305564.0,3665971076,1298364791,458630125,2986992246,2575113980.0,411878266,7601414,167114807,303005220,2192613670,0.0
TR,GOLDA,2025,5131501801,1041303700.0,4090198101,1313985480,297902730,2568021468,2205414784.0,362606684,19412560,565723750,283946587,2682713833,0.0
TR,GOLTS,2013,491337619,190100998.0,301236621,181802359,82682927,299678253,196185280.0,103492973,25410142,26112389,43050451,287637821,
TR,GOLTS,2014,574325486,244367113.0,329958373,244115258,94987612,352111482,242661780.0,109449702,45137316,38884750,70803587,308780664,
TR,GOLTS,2015,672681793,357876467.0,314805326,255682483,174022250,370800182,261689999.0,109110183,20248406,7698212,54210183,379459610,
TR,GOLTS,2016,708435512,405943629.0,302491883,293088214,255992559,323231421,235276742.0,87954679,5467074,3666694,67689415,370163882,15898768.0
TR,GOLTS,2017,775127419,467361782.0,307765637,342163914,265493563,380093555,287226311.0,92867244,8267361,3647758,74868100,377919321,3154812.0
TR,GOLTS,2018,833636221,533737063.0,299899158,356842513,326761046,552411216,382772834.0,169638382,286095,5643048,98946055,380088691,2129456.0
TR,GOLTS,2019,868670645,535268649.0,333401996,333800179,309741049,420768951,260885842.0,159883109,36962318,7857415,63416447,404122599,2899862.0
TR,GOLTS,2020,1032341482,692497552.0,339843930,442831541,416933280,665262526,479205665.0,186056861,7567998,4709444,71226367,413297053,0.0
TR,GOLTS,2021,1591667605,1130746141.0,460921464,651609470,660661229,947934602,705115853.0,242818749,-49175336,10429767,177562285,462787636,4413373.0
TR,GOLTS,2022,6883299537,3077005409.0,3806294128,2117032904,2077513609,5306640680,3836199840.0,1470440840,982101362,56311746,563791148,2972972099,7482031.0
TR,GOLTS,2023,10211805099,2540040621.0,7671764478,2290857095,1998298857,7738108959,5073433500.0,2664675459,2428852042,100364699,634724770,4587146813,130668558.0
TR,GOLTS,2024,13709782872,3199608283.0,10510174589,3159261298,2844347948,7480513268,4919800068.0,2560713200,775600293,183653445,1249626175,6602912214,325904097.0
TR,GOLTS,2025,15244145122,3893265194.0,11350879928,3540019465,3321531658,7472574273,5574101824.0,1898472449,346239843,109383656,1046459098,7509727167,191740680.0
TR,GOODY,2013,637171941,208841547.0,428330394,452585366,182565137,1100064285,929138712.0,170925573,68681439,53411390,158252811,168967120,
TR,GOODY,2014,608275203,195258476.0,413016727,405640325,170287802,1138235392,965666408.0,172568984,47311233,38052066,155326671,184100007,
TR,GOODY,2015,811863768,336492921.0,475370847,579095191,311321705,1285114420,1102696698.0,182417722,72410753,118633253,167698654,211798498,
TR,GOODY,2016,807940670,352404594.0,455536076,551011145,307573378,1356670903,1132380458.0,224290445,45964989,40648383,169949926,231653538,65882128.0
TR,GOODY,2017,1089601050,541038429.0,548562621,804226915,503777290,1832230842,1564703961.0,267526881,102275936,43038248,233409442,258329177,8633481.0
TR,GOODY,2018,1565717100,909834126.0,655882974,1205017124,864953552,2462610151,2133337797.0,329272354,126029389,27452754,349083029,319840466,19612634.0
TR,GOODY,2019,1587456594,686635774.0,900820820,1148113402,609879327,3003248689,2564565243.0,438683446,269362259,27758859,393328567,396615725,24350409.0
TR,GOODY,2020,1918342256,866225882.0,1052116374,1454275496,781241517,3194516530,2703989868.0,490526662,151247313,202429327,443624609,418269652,0.0
TR,GOODY,2021,3196773500,1879414962.0,1317358538,2619253231,1771708389,4634156553,3701272702.0,932883851,367465078,52571976,1046408049,525703572,103491072.0
TR,GOODY,2022,12125784584,8597050834.0,3528733750,9098793576,7469830289,20696516747,18577625856.0,2118890891,-769959024,436738022,4137338977,2570589246,0.0
TR,GOODY,2023,14828374994,10530189907.0,4298185087,10264050212,9471101762,29202857013,25768575862.0,3434281151,-641827625,720627878,3393998973,3723222111,0.0
TR,GOODY,2024,17002443803,12147170329.0,4855273474,11501030220,11331591452,28024100129,25440898624.0,2583201505,-1149815225,1785047578,3484094540,4529725633,0.0
TR,GOODY,2025,17790161130,15586883798.0,2203277332,11726480538,14511080754,29746576435,27463753823.0,2282822612,-3271042117,996392209,4347738556,4818255244,0.0
TR,GOZDE,2013,973427349,530131727.0,443295622,102747060,198672401,0,0.0,0,1230017,2237575,0,590460,
TR,GOZDE,2014,1596993791,842944004.0,754049787,522392515,159960907,51315,51315.0,0,60171733,190668509,0,364432,0.0
TR,GOZDE,2015,1634297850,799869328.0,834428522,399960403,799848626,28467508,26081841.0,2385667,80378735,227901,0,138950,
TR,GOZDE,2016,1709484119,758231556.0,951252563,46259244,430801906,71319545,58813361.0,12506184,116824041,527736,0,28143,0.0
TR,GOZDE,2017,4102128059,1160803623.0,2941324436,101736578,749219921,15661744,8516630.0,7145114,1990071873,2419785,0,27212,0.0
TR,GOZDE,2018,3775290164,1516877266.0,2258412898,101429509,918992169,20134271,11955838.0,8178433,-682911538,3009682,0,20902,0.0
TR,GOZDE,2019,4132812303,1883305322.0,2249506981,102278974,974136953,34728516,8678076.0,26050440,-8905917,1846632,0,16615,0.0
TR,GOZDE,2020,6033066823,2069259939.0,3963806884,349762,1084708699,74616212,45538927.0,29077285,1714299903,50703,0,19553,0.0
TR,GOZDE,2021,12881703968,1463806073.0,11417897895,130557,1213603455,1695682802,1680805483.0,14877319,7454091011,60887,0,26575,0.0
TR,GOZDE,2022,34430977777,3307886849.0,31123090928,96387,2895184272,1081202,0.0,1081202,218064587,0,0,178052,0.0
TR,GOZDE,2023,36674935363,4453585496.0,32221349867,220555,4091713044,130828688,10338012.0,120490676,-12713786443,64096,0,229870,0.0
TR,GOZDE,2024,36489525513,4683007957.0,31806517556,3569518953,8835018,3769127547,2613306266.0,1155821281,-10368757650,157906,0,143526,0.0
TR,GOZDE,2025,29365736163,1419320678.0,27946415485,105038696,25816971,510498,0.0,510498,-7053529881,60558,0,567621,0.0
TR,GRNYO,2013,34591978,378739.0,34213239,34431211,259739,112308024,108999556.0,3308468,941296,3744037,0,146214,
TR,GRNYO,2014,36296577,331229.0,35965348,36194357,202064,78634354,74409378.0,4224976,1960844,4711226,0,89038,
TR,GRNYO,2015,35172223,349047.0,34823176,35139891,176663,61249924,58353751.0,2896173,282262,4715068,0,24583,
TR,GRNYO,2016,35690395,323030.0,35367365,35614094,147957,93078430,88623348.0,4455082,1820808,6683013,0,39878,1250000.0
TR,GRNYO,2017,36730448,815881.0,35914567,36663607,625652,62887551,57788751.0,5098800,2119360,4019943,0,33014,1550000.0
TR,GRNYO,2018,38206111,497372.0,37708739,38127153,248299,28591495,22763944.0,5827551,2321853,11517386,0,47727,498000.0
TR,GRNYO,2019,42582834,1961070.0,40621764,41298208,786726,40959720,32730805.0,8228915,3638883,20014349,0,55091,0.0
TR,GRNYO,2020,42828732,1975356.0,40853376,41874967,929043,43767616,38079599.0,5688017,1201526,6499446,0,30180,909720.0
TR,GRNYO,2021,42432062,957013.0,41475049,41959671,564356,138838212,132782555.0,6055657,1001779,41937554,0,50843,375000.0
TR,GRNYO,2022,87948263,2313296.0,85634967,86762026,1170097,362758998,330403322.0,32355676,-26141943,3540644,0,222923,798225.0
TR,GRNYO,2023,113735449,15746041.0,97989408,112260864,15411939,354925007,322412600.0,32512407,-21411529,12114,0,504380,4336396.0
TR,GRNYO,2024,145657453,35495287.0,110162166,144745867,35035291,525150373,463522803.0,61627570,-18107535,31610,0,502407,0.0
TR,GRNYO,2025,109779242,5359970.0,104419272,106980344,3232435,613796503,561421345.0,52375158,-25304965,37864,0,670332,0.0
TR,GRSEL,2018,196688410,168516869.0,28171541,111285412,147850678,325952198,299981891.0,25970307,-6938600,18644730,973581,36358576,0.0
TR,GRSEL,2019,240835739,186445251.0,54390488,136443789,165360609,417818716,380052355.0,37766361,26352283,29394955,1071234,49384347,0.0
TR,GRSEL,2020,373242270,205405940.0,167836330,146061182,133961858,444525005,371834733.0,72690272,54360643,18198343,1034929,160517350,0.0
TR,GRSEL,2021,802797448,428227895.0,374569553,242321067,283064141,633490056,533011502.0,100478554,76604370,43200664,1314588,479254809,0.0
TR,GRSEL,2022,3896265664,1822485778.0,2073779886,1298064097,881561240,3006350754,2474059907.0,532290847,310232938,419410235,9028396,1737351646,0.0
TR,GRSEL,2023,7470646692,2864808316.0,4605838376,2692925662,1749801520,6499374971,4872163316.0,1627211655,1606291736,695132438,9230266,3242979836,0.0
TR,GRSEL,2024,12259442578,4175448780.0,8083993798,5223047172,3090299983,10902470541,7680502562.0,3221967979,2283347023,1841494818,9262903,5165909820,0.0
TR,GRSEL,2025,16710286281,5005634421.0,11704651860,6058426875,3706425620,12715162341,8566755029.0,4148407312,3330926558,2261807663,8344804,7300866924,0.0
TR,GRTHO,2020,155003490,113201132.0,41802358,110023145,78093415,403403454,396080668.0,7322786,7363948,2204773,70219469,14883867,0.0
TR,GRTHO,2021,754505827,178081483.0,576424344,343533556,101240950,621154161,525768581.0,95385580,219566263,20731194,234757086,201402699,0.0
TR,GRTHO,2022,2645945925,328816145.0,2317129780,993972702,261905949,1365987281,932089157.0,433898124,555897823,5622538,656611767,545512148,0.0
TR,GRTHO,2023,4747731256,577525000.0,4170206256,1966414206,324963742,3281364122,2589949132.0,691414990,736954668,72264026,681526560,1780582274,0.0
TR,GRTHO,2024,7793648836,1077006879.0,6716641957,2249322757,634954563,4550132246,3656694080.0,893438166,1090033917,15207067,1006638809,2251028185,14198308.0
TR,GRTHO,2025,11444963866,1516463419.0,9928500447,3745606738,925991232,8002491228,6997998211.0,1004493017,1976676869,1087173972,449788281,3533589326,0.0
TR,GSDDE,2013,168140000,76175000.0,91965000,25187000,21787000,0,0.0,50000,-5063000,5442000,259000,107946000,
TR,GSDDE,2014,268762000,171279000.0,97483000,36893000,31509000,0,0.0,2391000,-8549000,6850000,1427000,227236000,
TR,GSDDE,2015,300751000,202094000.0,98657000,28675000,27443000,31583000,34260000.0,-2853000,-15218000,14707000,1716000,270587000,
TR,GSDDE,2016,361822000,265482000.0,96340000,22822000,123434000,33068000,40798000.0,-8049000,-28345000,17321000,926000,337511000,0.0
TR,GSDDE,2017,381573000,289364000.0,92209000,33329000,33140000,59424000,51958000.0,7204000,-15539000,27634000,970000,346102000,0.0
TR,GSDDE,2018,296999000,166448000.0,130551000,82102000,86548000,76000000,58237000.0,17137000,35543000,77624000,513000,212216000,0.0
TR,GSDDE,2019,248931000,108469000.0,140462000,9829000,55095000,41285000,35382000.0,5621000,-5745000,5063000,664000,235620000,0.0
TR,GSDDE,2020,294186000,121135000.0,173051000,18547000,111097000,44571000,46158000.0,-2491000,-17135000,11923000,557000,272564000,0.0
TR,GSDDE,2021,866598000,262938000.0,603660000,319775000,62882000,178611000,64313000.0,113946000,139246000,312689000,1458000,542911000,0.0
TR,GSDDE,2022,2337115000,596858000.0,1740257000,1059755000,196738000,514200000,200946000.0,313498000,62415000,814426000,4040000,1254672000,0.0
TR,GSDDE,2023,3145584000,720135000.0,2425449000,743502000,272305000,374547000,315153000.0,59428000,-440338000,696669000,5964000,2373377000,0.0
TR,GSDDE,2024,4016518807,1107248315.0,2909270492,1105896197,355801999,719765136,462518515.0,257242694,-45235080,1076081542,6628388,2863276237,0.0
TR,GSDDE,2025,4642890714,1583021357.0,3059869357,1522443144,351890852,643549017,431839436.0,211731589,205882954,1455444087,33233231,3069375727,0.0
TR,GSDHO,2013,4216204000,3418005000.0,798199000,3106664000,3355697000,-674000,0.0,25621000,41762000,501927000,259000,125023000,
TR,GSDHO,2014,4109837000,3303588000.0,806249000,3865659000,3191430000,0,0.0,28311000,836000,5283000,1427000,227733000,
TR,GSDHO,2015,1332597000,501189000.0,831408000,1048976000,321707000,31583000,34260000.0,27800000,214483000,92201000,1716000,272611000,
TR,GSDHO,2016,1453703000,580049000.0,873654000,1099070000,428317000,33071000,40798000.0,38911000,85243000,101747000,926000,352112000,54000000.0
TR,GSDHO,2017,1602597000,651115000.0,951482000,1226324000,407315000,59424000,51973000.0,77574000,55040000,127191000,970000,370206000,0.0
TR,GSDHO,2018,1906464000,579311000.0,1327153000,1316790000,312742000,104258000,74995000.0,135511000,300175000,249497000,3764000,586324000,300000.0
TR,GSDHO,2019,2111237000,576288000.0,1534949000,1439421000,299089000,116549000,97640000.0,137595000,164254000,136348000,3034000,646957000,0.0
TR,GSDHO,2020,2374618000,593825000.0,1780793000,1350331000,405177000,124687000,125395000.0,100021000,44093000,109142000,3251000,754188000,28800000.0
TR,GSDHO,2021,4168422000,1210139000.0,2958283000,2170972000,573013000,563523000,216946000.0,533941000,574516000,588207000,4510000,1639459000,0.0
TR,GSDHO,2022,10910663000,2713391000.0,8197272000,7099906000,1844512000,1611618000,634452000.0,1642002000,-2495527000,1501261000,13869000,3775709000,380159000.0
TR,GSDHO,2023,13067428000,2851277000.0,10216151000,6216357000,1908647000,1119243000,921804000.0,1350587000,-2582910000,1579501000,17271000,6820064000,129525000.0
TR,GSDHO,2024,19586033041,6192059261.0,13393973780,10664258767,3336974266,1854850322,1206081185.0,2781340257,557517550,2610223406,18865511,8629328088,0.0
TR,GSDHO,2025,22603348795,7918719404.0,14684629391,10980708134,2784273755,1812794032,1226908263.0,3348652172,294568728,4380175314,47565963,10690668659,31513303.0
TR,GSRAY,2013,695568498,711081734.0,-15513236,185025577,448037953,275013117,380829735.0,-105816618,-117473650,10604198,0,7833998,
TR,GSRAY,2014,823968014,929050415.0,-105082401,305503208,572308171,414272337,451118093.0,-36845756,-92313030,12906086,19863693,9345197,
TR,GSRAY,2015,707898455,1033062414.0,-325163959,254125982,697201386,508853220,434983593.0,73869627,-78945283,13695030,18433740,9960525,0.0
TR,GSRAY,2016,761073011,1368713760.0,-607640749,345063464,553889834,385194565,455962653.0,-70768088,-282508221,48729648,19933530,10349365,0.0
TR,GSRAY,2017,1046105774,1342241499.0,-296135725,263246469,1074190493,627344701,649515560.0,-22170859,-216252085,5465095,16656081,12836652,0.0
TR,GSRAY,2018,1434851023,1707555362.0,-272704339,364752468,1289689681,927493705,808002089.0,119491616,24169019,9276870,23141882,13493884,0.0
TR,GSRAY,2019,1793771425,2113535465.0,-319764040,307549474,910431417,899733044,785145803.0,114587241,-46709780,564152,26613067,16811692,0.0
TR,GSRAY,2020,2272669051,3027595549.0,-754926498,448166325,580587082,618677192,896864268.0,-278187076,-434594857,159612315,31537933,14874152,0.0
TR,GSRAY,2021,3051503252,4185750068.0,-1134246816,458249285,1594022426,1189481913,1205452635.0,-15970722,-377548052,55550453,62629999,25363319,0.0
TR,GSRAY,2022,10280159522,13286040100.0,-3005880578,1582063079,7940160304,3416375530,4685093860.0,-1268718330,-720596472,240540186,228150578,112419740,0.0
TR,GSRAY,2023,15074309148,14364582068.0,709727080,3102661838,8725940474,10767898321,10363782122.0,404116199,3758616659,91472443,676397338,208442071,0.0
TR,GSRAY,2024,35027698909,29424203730.0,5603495179,4765035471,14298188769,13536724302,15469269194.0,-1932544891,-1088512832,338421732,845371303,415852722,0.0
TR,GUBRF,2013,3047227330,1921220952.0,1126006378,1753759239,1622217341,2265437409,1683267296.0,582170113,280751618,568223098,505850794,832045970,
TR,GUBRF,2014,3271645423,1993233066.0,1278412357,1911282250,1690392311,2848230035,2125449593.0,722780442,440864330,462850161,717430187,906904862,
TR,GUBRF,2015,3627556502,2021932282.0,1605624220,2015222364,1717823392,2930899065,2300797341.0,630101724,250689150,364409394,958089021,1157908601,
TR,GUBRF,2016,3383132381,2181514316.0,1201618065,1648288615,1855080961,2834839791,2418214457.0,416625334,-43964404,136519570,814012500,1219905720,293253439.0
TR,GUBRF,2017,3697987164,2490476077.0,1207511087,1989501174,2179867692,3487261450,2968797796.0,518463654,25822668,227960860,972164142,1222887066,1081549.0
TR,GUBRF,2018,4335267614,3097711168.0,1237556446,2427884451,2545722327,4559086668,3279309282.0,1279777386,135659667,368851076,1108978905,1536317781,0.0
TR,GUBRF,2019,4285638863,3444730042.0,840908821,2798247264,3194014185,4344496369,3494521126.0,849975243,-98641006,174457909,1231329135,1070283898,0.0
TR,GUBRF,2020,5168902951,3406648066.0,1762254885,3157837294,3230345066,5413712258,4127022757.0,1286689501,416068128,659990037,1389767975,1685905290,0.0
TR,GUBRF,2021,13049609891,9021351512.0,4028258379,9259730241,8598983356,10764791265,8184433439.0,2580357826,469789398,1179720584,5018321850,3081727065,0.0
TR,GUBRF,2022,35297981528,21090779460.0,14207202068,20193710259,20149474075,48304277005,41132159781.0,7172117224,316936251,1785115431,13215279520,12575268533,0.0
TR,GUBRF,2023,44582895198,20558332181.0,24024563017,21029038733,19082259034,50841814148,45487459005.0,5354355143,-1136075607,3273222504,8417115494,18816360614,0.0
TR,GUBRF,2024,57400191808,26898407469.0,30501784339,26771509037,25292364918,63405655871,54441549745.0,8964106127,602804815,6781108203,9230527398,23575835362,0.0
TR,GUBRF,2025,70933276512,31354289757.0,39578986755,43680119825,29608128388,57766861995,43443087838.0,14323774157,5456842794,11074629710,8553397809,20467964424,0.0
TR,GUNDG,2021,571837234,475398741.0,96438493,469767192,422246542,1766102037,1669655347.0,96446690,603015,37844382,143305192,91567255,0.0
TR,GUNDG,2022,877258329,669960905.0,207297424,706427316,629496640,1806968409,1676336909.0,130631500,26094506,26648569,122573830,164454251,0.0
TR,GUNDG,2023,920031358,565025911.0,355005447,653977059,489620873,2414534744,2186988782.0,227545962,30387740,64011530,214566629,257827942,0.0
TR,GUNDG,2024,1264975422,391611335.0,873364087,884773892,323846667,2831336907,2525479345.0,305857562,-22603077,96009086,257985212,370999388,0.0
TR,GUNDG,2025,1325896104,460801755.0,865094349,787871945,364837657,2030469094,1827186093.0,203283001,-114378753,53533988,331204424,463620030,0.0
TR,GWIND,2018,1236751609,519605833.0,717145776,144766731,176013951,672349435,541120216.0,131229219,33493137,44908930,0,294696695,0.0
TR,GWIND,2019,1278646301,497765480.0,780880821,182019082,98856387,248421890,74949347.0,173472543,64270392,132678154,1661310,386397671,0.0
TR,GWIND,2020,1620618640,693381277.0,927237363,171495095,302493950,335201954,88705657.0,246496297,156356542,66124675,1664977,849661999,10000000.0
TR,GWIND,2021,1767586090,769899405.0,997686685,389090774,288047041,540226277,145366749.0,394859528,170912859,158919076,835022,880684725,100000000.0
TR,GWIND,2022,8761974105,1821269626.0,6940704479,1505764806,176822041,2296830032,652409851.0,1644420181,1464627189,1085983819,4939750,4148764687,330599539.0
TR,GWIND,2023,13224429952,3070566814.0,10153863138,471271482,563892083,2684048728,1087585421.0,1596463307,900270559,95293910,7090857,7429653214,761888112.0
TR,GWIND,2024,19384520259,5697562953.0,13686957306,2117102856,1056209041,3094818169,1470095740.0,1624722429,1092178774,1725691155,9281388,11669954458,695610960.0
TR,GWIND,2025,22380646866,6832850648.0,15547796218,2409803579,974525416,3234841774,1753208337.0,1481633437,930309916,1306325019,4852203,12640822324,439620829.0
TR,GZNMI,2018,40860166,43650992.0,-2790826,38918238,36533945,100794681,86812339.0,13982342,-3970003,416026,0,812344,0.0
TR,GZNMI,2019,69902343,69668750.0,233593,65601622,68611900,118900639,100150950.0,18749689,2167302,36859,0,766472,0.0
TR,GZNMI,2020,82300737,81048638.0,1252099,78546617,71884533,72222698,59488046.0,12734652,911467,242159,0,1081832,0.0
TR,GZNMI,2021,151020619,119613487.0,31407132,142804775,118563796,169382442,137731950.0,31650492,17522182,7875850,0,2004890,0.0
TR,GZNMI,2022,1449407741,513926121.0,935481620,1401179630,509563686,948603096,803655828.0,144947268,523541666,13818399,0,10057579,0.0
TR,GZNMI,2023,2198813230,1042118468.0,1156694762,1668710378,1036783762,2133302758,1923663261.0,209639497,-155656635,97564443,0,63971134,0.0
TR,GZNMI,2024,3875716614,2387923766.0,1487792848,2564920005,1916706206,3345726434,2865790976.0,479935458,-23329726,356938480,1076936,93277910,0.0
TR,GZNMI,2025,4896830769,3394190853.0,1502639916,2754645340,2810177686,3812959428,3381872690.0,431086738,-142736308,76102737,1750427,563085675,0.0
TR,HATEK,2013,134708383,56686473.0,78021910,63025031,40881266,95250602,81135549.0,14115053,-271267,1154505,23804005,55202941,
TR,HATEK,2014,132085638,51434354.0,80651284,63060687,35224683,100224691,84812845.0,15411846,3289313,2138092,25136567,53266914,
TR,HATEK,2015,143508602,61261085.0,82247517,74304401,50699595,105299453,90852730.0,14446723,1799219,968934,23885116,53114471,
TR,HATEK,2016,352608946,121109961.0,231498985,109807857,104210582,125789228,112731331.0,13057897,18940472,2817265,45673404,195100809,5906291.0
TR,HATEK,2017,333956707,118482583.0,215474124,98341602,94822591,160396036,149931177.0,10464859,-10404569,2176057,42119347,187907917,0.0
TR,HATEK,2018,342816278,124290698.0,218525580,122896460,104840961,219755977,183184287.0,36571690,13056806,9203232,54239911,167766229,0.0
TR,HATEK,2019,438588107,126485515.0,312102592,111881648,98912830,212355876,191926861.0,20429015,28629524,5493118,48371355,253174084,12242393.0
TR,HATEK,2020,478832447,156875886.0,321956561,160647921,124345148,244530767,193849460.0,50681307,16697564,13167648,60667056,244494528,4000000.0
TR,HATEK,2021,687534783,281868895.0,405665888,303692371,255501439,330209103,239402839.0,90806264,35015044,0,141820105,317097394,10000000.0
TR,HATEK,2022,1772060105,679130307.0,1092929798,814493274,603504467,1155606051,892145503.0,263460548,-60413191,69585547,414597534,838532182,0.0
TR,HATEK,2023,2784151243,1130662594.0,1653488649,1150788712,1011292286,1084273750,894620140.0,189653610,-212149813,241846215,441626348,1450048614,0.0
TR,HATEK,2024,3814134056,1905822053.0,1908312003,1383444088,1606424228,1039721745,1038855066.0,866679,-239483245,97675578,800322425,2289530789,0.0
TR,HATEK,2025,3857787106,2135872328.0,1721914778,1198406869,1066176528,1094118503,1018830153.0,75288350,-80553572,23286670,826782043,1916950225,0.0
TR,HATSN,2020,321964166,263516106.0,58448060,170694628,163707621,384186221,336996217.0,47190004,7942043,5663936,40232720,79985015,0.0
TR,HATSN,2021,854812809,787280003.0,67532806,295761214,370348214,458095747,378142047.0,79953700,10830346,15390072,26831132,449293383,1745600.0
TR,HATSN,2022,2867169480,1698290008.0,1168879472,821009516,697316343,2253061284,1348444672.0,904616612,671646012,491827189,102660083,1958941657,88204427.0
TR,HATSN,2023,6976844844,3045013784.0,3931831060,3283954278,1870801181,3266518205,2503972669.0,762545536,1047104856,1484885106,348674588,3007385345,0.0
TR,HATSN,2024,8575621636,2593424259.0,5982197377,3533308288,1875230603,4963055358,4209949890.0,753105468,832426282,889272828,765347313,4850245940,0.0
TR,HATSN,2025,8506158845,2120663393.0,6385495452,1726195892,1366347390,5203730749,5184620573.0,19110175,-210561232,517992131,689014376,6562916563,0.0
TR,HDFGS,2013,34925668,12081382.0,22844286,10040182,12073873,1170000,910000.0,260000,2739344,5022268,0,84799,
TR,HDFGS,2014,36159783,12053337.0,24106446,13576723,12038875,11819905,9692424.0,2127481,1266789,5681891,0,74963,
TR,HDFGS,2015,31496592,56890.0,31439702,21950935,46861,44902823,36097639.0,8805184,7570166,4026862,0,72577,
TR,HDFGS,2016,32636765,71800.0,32564965,22970368,54529,35766721,33227512.0,2539209,1523933,5665393,0,309913,400000.0
TR,HDFGS,2017,70331335,115466.0,70215869,16183336,54295,81074552,41698272.0,39376280,37978632,3371097,0,425948,300000.0
TR,HDFGS,2018,103758573,235592.0,103522981,32326407,139172,25063533,22358786.0,2704747,1695895,26458988,0,407547,420000.0
TR,HDFGS,2019,135541896,1451953.0,134089943,55057755,464703,30117344,0.0,30117344,30573186,21441192,0,263818,0.0
TR,HDFGS,2020,395211734,1563032.0,393648702,139792849,656188,263115970,0.0,263115970,259549347,24944289,0,511599,0.0
TR,HDFGS,2021,513292076,1513817.0,511778259,188581021,695149,18980722,0.0,18980722,19712820,13131634,0,357092,0.0
TR,HDFGS,2022,1942962261,3936401.0,1939025860,682672090,2974416,1009438517,0.0,1009438517,415909661,3554404,0,1446759,0.0
TR,HDFGS,2023,2436320103,4524258.0,2431795845,126970682,3200622,632649728,0.0,632649728,-463816260,1128541,0,1439025,0.0
TR,HDFGS,2024,2803271996,5997407.0,2797274589,194135088,4112818,584147781,0.0,584147781,-385758092,3772843,0,1301718,0.0
TR,HDFGS,2025,4129151005,7427335.0,4121723670,21145006,5573204,1209947471,0.0,1209947471,325962480,359584,0,810860,0.0
TR,HEDEF,2019,146732555,24136789.0,122595766,29352244,266454,75568514,0.0,75568514,59496735,1300929,0,727820,0.0
TR,HEDEF,2020,430097616,80213207.0,349884409,46183765,301102,283281282,0.0,283281282,226832185,1470867,0,724367,0.0
TR,HEDEF,2021,826020327,89588154.0,736432173,149129766,609363,82163363,0.0,82163363,71902086,497556,0,2123908,0.0
TR,HEDEF,2022,4016013599,522444540.0,3493569059,64038843,2781358,2649406991,0.0,2649406991,1483764712,4660838,0,2578375,0.0
TR,HEDEF,2023,4434530477,562412353.0,3872118124,168318618,12183181,1083490969,0.0,1083490969,-1157285842,9145117,0,2355908,0.0
TR,HEDEF,2024,4175759445,669453928.0,3506305517,31747158,75663694,190043177,0.0,190043177,-1671900701,725773,0,5915832,0.0
TR,HEDEF,2025,7829774014,1490623007.0,6339151007,64547057,932630075,2888222260,0.0,2888222260,1710240514,2943124,0,4399760,0.0
TR,HEKTS,2013,133305457,30333536.0,102971921,102287851,24952910,113002194,69033739.0,43968455,18033761,19567545,42488781,25233674,
TR,HEKTS,2014,159410368,49738903.0,109671465,124683834,43169681,138747248,89603513.0,49143735,22221726,11995398,58257519,27515768,
TR,HEKTS,2015,186140728,70782313.0,115358415,147444189,64510452,161299568,101437399.0,59862169,24249577,13905032,70234858,30903368,
TR,HEKTS,2016,204729111,81258234.0,123470877,161600271,49556645,176777933,108167687.0,68610246,29341908,19087369,73355657,33841401,20876513.0
TR,HEKTS,2017,322743348,179871394.0,142871954,256858249,167586869,252213516,156212851.0,96000665,49239871,7058883,125605798,45758446,19648453.0
TR,HEKTS,2018,688904984,439371549.0,249533435,596627131,391466672,497071893,273752146.0,223319747,106192653,13546863,268123522,71264541,0.0
TR,HEKTS,2019,1225424778,718054277.0,507370501,938011535,357794454,732677504,419081256.0,313596248,145571250,176954772,258163550,197432408,41087345.0
TR,HEKTS,2020,2177572905,1374021365.0,803551540,1476566657,1165388759,1013719129,662405526.0,351313603,180498608,78797880,417838169,424606504,1143968.0
TR,HEKTS,2021,14189029322,9111390265.0,5077639057,9290785149,8425872056,2020718336,1312393367.0,708324969,313274515,290829560,3511369840,3488801758,896941.0
TR,HEKTS,2022,23213481243,14882610425.0,8330870818,15444424164,13781668875,10001274789,6973894150.0,3027380639,1144705464,2523329279,5405788009,5431834357,0.0
TR,HEKTS,2023,36752102121,25866266684.0,10885835437,21844083146,22809342097,8719027378,7541484454.0,1177542924,-1291407227,6673440210,6136829514,6303082801,0.0
TR,HEKTS,2024,31515418602,13538426917.0,17976991685,11581896358,9592579062,6370645075,7692884445.0,-1322239370,-3604980915,2450706136,4427616662,12502473318,0.0
TR,HEKTS,2025,30514036349,15246707296.0,15267329053,6803031097,12858794511,6743167279,7395988859.0,-652821580,-4483419922,1516871590,2734650027,13786941868,0.0
TR,HKTM,2019,109907602,95483405.0,14424197,78683608,80736258,90970270,71225815.0,19744455,4326016,10775523,34516171,19037275,0.0
TR,HKTM,2020,126344235,102895221.0,23449014,93683509,80914583,128877245,95453163.0,33424082,8343145,9002665,38505947,19099477,0.0
TR,HKTM,2021,239774411,141258543.0,98515868,155116867,124025241,181765004,122230110.0,59534894,41598027,22045155,50986213,64250016,0.0
TR,HKTM,2022,958776447,475358555.0,483417892,625677367,419530735,526180409,373943966.0,152236443,-52857180,121375419,270892142,204418424,0.0
TR,HKTM,2023,1606101631,948248863.0,657852768,989667443,855134066,878227627,610752478.0,267475149,-30389725,253132183,359882677,329504560,5558583.0
TR,HKTM,2024,2012610793,1225031288.0,787579505,1009635457,1084629890,884940116,603616393.0,281323723,-152693831,75426386,491936714,509683004,0.0
TR,HKTM,2025,2419322217,1272949408.0,1146372809,1059639052,866226464,873300015,547596499.0,325703516,-110820797,78111609,651085792,572769880,0.0
TR,HLGYO,2013,890131894,120955881.0,769176013,235706098,102905640,58513850,12023516.0,46490334,31510827,72169331,44969470,1097460,
TR,HLGYO,2014,1431263775,100612771.0,1330651004,183420241,87142074,86611117,14649589.0,71961528,61347146,8658261,103090737,915395,
TR,HLGYO,2015,1623069383,95266911.0,1527802472,144495869,52951759,99656111,28815988.0,70840123,202920402,16436458,97964900,587723,
TR,HLGYO,2016,1854839975,224644231.0,1630195744,233670563,31496435,79567962,14222613.0,65345349,107667056,51301426,152820902,421443,5270987.0
TR,HLGYO,2017,2376933740,497532088.0,1879401652,432080905,490493887,82240682,15812566.0,66428116,252108771,123145273,252004404,270652,2915412.0
TR,HLGYO,2018,2632793393,371174573.0,2261618820,213276049,353338299,319158974,216626386.0,102532588,381344886,28825032,108935331,800320,3692870.0
TR,HLGYO,2019,3039209130,460989448.0,2578219682,192228287,452228381,129978874,42155655.0,87823219,321408214,74285277,67906463,4424599,4865245.0
TR,HLGYO,2020,3514726080,588237368.0,2926488712,106170870,502826748,151865863,65492481.0,86373382,352452465,49553215,18178851,4086222,4275958.0
TR,HLGYO,2021,4578221287,1278043144.0,3300178143,283193921,1097541992,104596247,33155069.0,71441178,378556382,53109547,184061628,4181825,4859041.0
TR,HLGYO,2022,23563268339,6039529060.0,17523739279,1551068038,3181792894,298257253,42940980.0,255316273,7016223589,169465833,994230043,14570617,4404259.0
TR,HLGYO,2023,38280722921,9293108519.0,28987614402,2941218211,4848223375,1998587037,1254981237.0,743605800,3716001979,93362734,2281338702,19348446,11906359.0
TR,HLGYO,2024,57238018225,15166304275.0,42071713950,4659733659,6814686990,2252664731,587868377.0,1664796354,2616899905,86996199,3804809385,48020628,76626984.0
TR,HLGYO,2025,87333451506,25876346236.0,61457105270,13371235439,8788093084,18294849636,16741740117.0,1553109519,15187695076,4632773507,7442086074,34752053,19752021.0
TR,HOROZ,2021,2487686985,2071291953.0,416395032,751110387,1523125951,3950457097,3776843524.0,173613573,320147025,32875565,0,679062144,0.0
TR,HOROZ,2022,2822099304,2172001047.0,650098257,1025044768,1629661669,4705091257,4377601273.0,327489984,349720034,44462208,0,710063645,0.0
TR,HOROZ,2023,5128172796,3918274742.0,1209898054,1968367628,2466361001,7870474663,7171528573.0,698946090,196693870,81780256,0,1191690763,0.0
TR,HOROZ,2024,8919588540,5024761045.0,3894827495,3407216321,2542567209,11271089170,9860778317.0,1410310853,916383317,1343725440,0,1665635828,0.0
TR,HOROZ,2025,9627748184,5489110736.0,4138637448,3908637556,3356350792,13233766998,11870640944.0,1363126054,-83450071,640471375,14548731,1810563491,0.0
TR,HRKET,2021,5192288036,3090383113.0,2101904923,994708761,1303750468,1754974559,1125706883.0,629267676,384917981,282378231,95413502,3933434551,0.0
TR,HRKET,2022,5718144883,2777606140.0,2940538743,763554485,935387855,1670058565,1148599866.0,521458699,275596099,69312270,56380732,4799844150,0.0
TR,HRKET,2023,9721243553,3995666484.0,5725577069,1144953906,1349610124,2300881498,1468432785.0,832448713,1539050559,51165706,55869012,8128307916,0.0
TR,HRKET,2024,15557135578,7146749562.0,8410386016,3338348689,2131756611,4614012403,3369976954.0,1244035450,-119738835,90025957,66692546,10708533176,0.0
TR,HRKET,2025,19023113178,11684876014.0,7338237164,3850676972,3689043570,6545229890,5060921703.0,1484308186,-1753046887,468848584,59985374,13333219655,0.0
TR,HTTBT,2018,66600463,14788755.0,51811708,29851784,11233722,60006658,31003234.0,29003424,15971536,17342157,0,1061859,0.0
TR,HTTBT,2019,104390933,21403996.0,82986937,43101967,15062016,93876905,44470657.0,49406248,31300316,23988350,0,1466071,0.0
TR,HTTBT,2020,178611104,51208847.0,127402257,79498648,42838288,88974220,48887948.0,40086272,22206331,50726430,0,1991315,0.0
TR,HTTBT,2021,371194109,105064774.0,266129335,124112117,76637016,128265259,70187294.0,58077965,23351517,66108548,0,7405219,0.0
TR,HTTBT,2022,1017188699,149270176.0,867918523,460403118,103690676,311102695,142102909.0,168999786,58544791,57136078,0,67129309,0.0
TR,HTTBT,2023,1729815596,232624957.0,1497190639,741667188,152015305,609051324,313007451.0,296043873,132168362,218438892,0,151840116,0.0
TR,HTTBT,2024,3424138038,682249516.0,2741888522,1184528179,500097715,1469157479,760317147.0,708840332,362415549,394932884,0,187157904,0.0
TR,HTTBT,2025,4060313578,794386815.0,3265926763,1227576592,564695748,1818728505,926588798.0,892139707,427922992,559631494,0,165957576,0.0
TR,HUBVC,2013,20632107,82835.0,20549272,16222107,78244,1514327,1069738.0,444589,-204663,13160375,0,0,
TR,HUBVC,2014,21416633,45818.0,21370815,20868798,35972,354619883,353031950.0,1587933,825773,10661508,0,0,
TR,HUBVC,2015,22679417,77141.0,22602276,12676683,77141,26966216,25723700.0,1242516,1390503,10484565,0,0,
TR,HUBVC,2016,23899342,42770.0,23856572,12157667,31591,1088635,0.0,1088635,1105136,9792794,0,0,0.0
TR,HUBVC,2017,18201188,36139.0,18165049,9844311,22356,-492827,5566984.0,-6059811,-5699003,8596935,0,0,0.0
TR,HUBVC,2018,41906554,15722.0,41890832,9750481,15722,118251,0.0,118251,23725783,3364263,0,0,0.0
TR,HUBVC,2019,52240540,1803692.0,50436848,2204290,1802086,96625,0.0,96625,6796667,424453,0,0,0.0
TR,HUBVC,2020,85618006,581170.0,85036836,5209925,510739,2655265,0.0,2655265,26236358,5052172,0,46802,0.0
TR,HUBVC,2021,201418371,704514.0,200713857,4503021,629268,649861,2078250.0,-1428389,107665759,3738961,0,82481,0.0
TR,HUBVC,2022,558667439,2418864.0,556248575,40425755,2149686,0,0.0,0,-44144050,37312689,0,313687,0.0
TR,HUBVC,2023,823693084,2132469.0,821560615,40453486,1676362,10401302,10401302.0,0,18078110,21946750,0,313260,0.0
TR,HUBVC,2024,797721875,13859202.0,783862673,22968147,12352322,72570627,0.0,72570627,-290905099,251794,0,203638,0.0
TR,HUBVC,2025,616531299,37835615.0,578695684,34949739,36309088,-32080237,0.0,-32080237,-284015402,3365297,0,187944,0.0
TR,HUNER,2018,6703,28936.0,-22233,6703,28936,0,0.0,0,-11671,2482,0,0,0.0
TR,HUNER,2019,461838950,416416342.0,45422608,68110352,106047618,67745928,57658252.0,10087676,8047160,11705168,0,130156334,0.0
TR,HUNER,2020,1134720914,758694754.0,376026160,27860260,185357607,89590611,73756509.0,15834102,4448501,3115802,532293,361040182,0.0
TR,HUNER,2021,2793034015,1737848052.0,1055185963,201834772,245559334,163533863,107554193.0,55979670,366938006,7158529,2180895,1344114709,0.0
TR,HUNER,2022,4201259788,2238020986.0,1963238802,175923957,492692921,459535535,319193631.0,140341904,173193916,82509256,9123130,1894960484,0.0
TR,HUNER,2023,6339255390,3332178880.0,3007076510,246499602,988281637,557770850,368754508.0,189016342,64177705,50006683,25849623,2927822566,0.0
TR,HUNER,2024,10527507628,4572089746.0,5955417882,669802776,1289561187,1098779921,613335266.0,485444655,648927413,202141608,82799808,2581650224,0.0
TR,HUNER,2025,10101942447,4538320471.0,5563621976,389046531,1234389082,1095793702,673257518.0,422536184,-256270308,23594227,61910964,1824509091,0.0
TR,HURGZ,2013,1438404054,715262170.0,723141884,419004238,294282082,805574612,514437753.0,291136859,-78808142,47206848,17359688,272180560,
TR,HURGZ,2014,934978656,507784483.0,427194173,283283769,303268721,719582443,471373207.0,248209236,-202168305,56609424,13519003,219791673,
TR,HURGZ,2015,873348440,520129217.0,353219223,315814507,361956283,596083249,340677814.0,255405435,-48600645,86987420,11596510,186969110,
TR,HURGZ,2016,933675887,517080956.0,416594931,286251146,283312598,544427099,317840663.0,226586436,-86660943,24295720,13743974,130076762,81907.0
TR,HURGZ,2017,769134380,466027470.0,303106910,312550446,251518848,485640732,304348045.0,181292687,-271900705,65946767,13848026,253501615,0.0
TR,HURGZ,2018,874168650,234005091.0,640163559,378730749,156671516,422063269,305867872.0,116195397,268508661,56867896,17527084,273576563,0.0
TR,HURGZ,2019,896907995,242327696.0,654580299,292118290,147971116,357434718,314852017.0,42582701,-49452294,14156497,15964915,444901907,0.0
TR,HURGZ,2020,964763375,325209184.0,639554191,267402357,219285206,315812065,306283358.0,9528707,-82046836,4591178,17577262,517444015,0.0
TR,HURGZ,2021,1330112382,446451368.0,883661014,221974155,283776854,350955516,357906887.0,-6951371,55032745,2490122,27323938,790156270,0.0
TR,HURGZ,2022,4703771238,1518469128.0,3185302110,471899369,1062505272,887442385,1180625172.0,-293182787,-147771620,10201587,60943743,1240597943,0.0
TR,HURGZ,2023,5197960762,1622413206.0,3575547556,1442137161,1006022147,1070309789,1443577112.0,-373267323,-1197215351,4048283,75251560,1878931171,0.0
TR,HURGZ,2024,5764386807,2477302626.0,3287084181,1316106418,1890893942,1393616348,1537792893.0,-144176544,-1370990984,2675005,80689733,1928065583,0.0
TR,HURGZ,2025,5890088323,3108028861.0,2782059462,3415289324,2820475625,1340839793,1550151619.0,-209311826,-913314143,3454531,84977193,965597547,0.0
TR,ICUGS,2013,43661846,11134052.0,32527794,31225051,10235368,9239731,5155106.0,4084625,-8838710,386803,1208869,519753,
TR,ICUGS,2014,53243398,11723513.0,41519885,30555941,11418538,53390,0.0,53390,-4397518,11769,0,15330,
TR,ICUGS,2015,44687723,18788700.0,25899023,27718310,16747054,666310,0.0,666310,-15620862,79231,0,11874,
TR,ICUGS,2016,41742923,24707715.0,17035208,29612690,23955120,42710,0.0,42710,-8863815,74460,0,6447,0.0
TR,ICUGS,2017,49540472,25278804.0,24261668,46267173,24654346,0,0.0,0,8355293,29985059,0,0,0.0
TR,ICUGS,2018,34189561,8903304.0,25286257,33250856,8901076,0,0.0,0,1024589,9339539,0,31857,0.0
TR,ICUGS,2019,32869847,7075736.0,25794111,31853003,7050855,0,0.0,0,507854,5392143,0,30200,0.0
TR,ICUGS,2020,33605666,8693802.0,24911864,32386875,8651395,0,0.0,0,-882247,28357449,0,21479,0.0
TR,ICUGS,2021,41252444,19331004.0,21921440,25604244,19244483,0,0.0,0,-2990424,22254934,0,12759,0.0
TR,ICUGS,2022,97260526,43094757.0,54165769,49688186,42822145,0,0.0,0,-11275122,46403139,0,19957,0.0
TR,ICUGS,2023,437583372,332265755.0,105317617,35288862,55770922,19079553,7363329.0,11716224,27298840,33851096,0,430046,0.0
TR,ICUGS,2024,681434512,63279486.0,618155026,30726948,62913491,40384930,29191726.0,11193204,-65767281,20806035,0,537738,0.0
TR,ICUGS,2025,546960329,83340854.0,463619475,31750063,83097482,0,0.0,0,-218421800,17747726,0,430429,0.0
TR,IDGYO,2013,8842471,21027.0,8821444,8837080,16015,0,0.0,0,-340216,645449,7500000,191,
TR,IDGYO,2014,8531290,21281.0,8510009,8526738,17671,0,0.0,0,-314050,316713,7500000,0,
TR,IDGYO,2015,9048130,22234.0,9025896,9044014,15880,1525424,625000.0,900424,516505,1713755,6875000,0,
TR,IDGYO,2016,8608237,49055.0,8559182,8596696,26400,0,0.0,0,-309741,840350,6875000,5284,0.0
TR,IDGYO,2017,8153067,293950.0,7859117,8143703,276844,0,291428.0,-291428,-697763,36436,6875000,5039,0.0
TR,IDGYO,2018,10049786,2978559.0,7071227,10009865,2451503,0,0.0,0,-1008898,80364,7603083,36652,0.0
TR,IDGYO,2019,16440579,9111949.0,7328630,16290928,6073403,2970297,1250000.0,1720297,273605,2100670,10346377,31278,0.0
TR,IDGYO,2020,29915302,15473165.0,14442137,29701177,15365505,14907921,5648614.0,9259307,7104738,259001,14272758,67300,0.0
TR,IDGYO,2021,89286357,30791355.0,58495002,46758899,30255103,12051552,20874907.0,-8823355,3653338,22349934,17547388,4913129,0.0
TR,IDGYO,2022,275817685,77657347.0,198160338,108429515,77215560,2038154,0.0,2038154,26671501,13973782,40151326,593129,0.0
TR,IDGYO,2023,613476474,279792251.0,333684223,320544445,240730475,20085148,27138906.0,-7053758,-8919239,464753,173495519,7621760,0.0
TR,IDGYO,2024,594369872,247475058.0,346894814,148027022,210940832,102346082,210693765.0,-108347683,-204219177,3413983,45869213,58450357,0.0
TR,IDGYO,2025,660523651,452368066.0,208155585,75266078,359920714,29198220,35405900.0,-6207680,-128569079,1580723,9494300,585533,0.0
TR,IEYHO,2013,231027741,76963821.0,154063920,135944924,50098540,22700699,21763337.0,937362,227673,3124689,15305684,84545631,
TR,IEYHO,2014,688426553,155075922.0,533350631,304591226,113941694,196726681,170492253.0,26234428,4898636,29411934,37836637,173655852,
TR,IEYHO,2015,725032560,185609937.0,539422623,171255362,119519273,197334048,174235370.0,23098678,-19501754,27180133,43006679,194688126,
TR,IEYHO,2016,788461093,234660571.0,553800522,235414226,155866908,242974859,211260282.0,31714577,-67391064,26660936,47258389,202828736,551122.0
TR,IEYHO,2017,483188587,300607275.0,182581312,212596211,218221850,324197786,267605478.0,56592308,-55432785,6975537,57713476,203384259,0.0
TR,IEYHO,2018,462838463,240722875.0,222115588,243082396,214185697,296224806,230024551.0,66200255,298846,13698821,69135940,151107264,0.0
TR,IEYHO,2019,508490303,212735506.0,295754797,211454922,177271847,330912392,261511116.0,69401276,-27458868,26465576,50053001,215305486,1150060.0
TR,IEYHO,2020,528522548,175958567.0,352563981,196060023,136640761,364873040,270835376.0,94037664,16101678,23186850,67131988,219710982,0.0
TR,IEYHO,2021,980263827,266260203.0,714003624,311361430,204529451,567653514,408581689.0,159071825,248022432,18212303,131309510,348269087,0.0
TR,IEYHO,2022,3190283474,655897146.0,2534386328,999875214,461471907,2907702730,2096442987.0,811259743,-150412450,137104307,389440008,1097236541,0.0
TR,IEYHO,2023,4651386646,1368052459.0,3283334187,1962199454,1053485298,3304145244,2553590604.0,750554640,676334584,570480253,500233572,1600211700,100810532.0
TR,IEYHO,2024,5362060007,1765896544.0,3596163463,1399286565,1261705145,4399797012,3568906680.0,830890331,-883648701,124136025,547600988,2601416054,29354414.0
TR,IEYHO,2025,3294569450,642645710.0,2651923740,579920538,483346818,3021985309,2653101885.0,368883423,-856203573,11127147,282406588,937016848,0.0
TR,IHAAS,2018,21179519,21311897.0,-132378,13658618,16355994,51111792,41018597.0,10093195,-48110,1080932,0,4648063,0.0
TR,IHAAS,2019,27807404,29968975.0,-2161571,15666921,18575623,65591900,53769488.0,11822412,634978,518321,0,4555339,0.0
TR,IHAAS,2020,75308629,27825994.0,47482635,60575546,15373005,71378436,44741719.0,26636717,12356395,36518637,0,6359861,0.0
TR,IHAAS,2021,193892875,36140255.0,157752620,166927865,20581038,95651705,77814406.0,17837299,10509256,135685136,0,15068622,0.0
TR,IHAAS,2022,450522752,102038380.0,348484372,347085485,70797740,322920894,276970528.0,45950366,-122968110,268181083,0,69192881,0.0
TR,IHAAS,2023,555534222,157713930.0,397820292,363181224,101627654,521928009,449057170.0,72870839,-95098971,83799970,0,122636701,0.0
TR,IHAAS,2024,613440674,187386485.0,426054189,381415845,122804712,513083489,537224344.0,-24140855,-88483657,53607509,0,126064813,0.0
TR,IHAAS,2025,555154464,181813287.0,373341177,314258939,111751040,601600907,604577863.0,-2976955,-94448843,18517364,0,108802256,0.0
TR,IHEVA,2013,267271949,80836662.0,186435287,171427777,74495854,108097245,90168636.0,17928609,-23699731,694551,51573180,5590579,
TR,IHEVA,2014,245786202,54487006.0,191299196,189204447,47606704,98497013,89133357.0,9363656,11328662,39215,49154602,3287345,
TR,IHEVA,2015,276591727,66295829.0,210295898,221196582,56596414,116627297,95728193.0,20899104,12568387,510267,50843630,2977761,
TR,IHEVA,2016,256755868,71257584.0,185498284,194991573,52383208,108724673,86168783.0,22555890,-720019,727514,49699769,2544153,0.0
TR,IHEVA,2017,260001432,75662923.0,184338509,183114530,59819266,140952805,112563210.0,28389595,-1677388,435359,55475014,3355257,0.0
TR,IHEVA,2018,272876708,81881399.0,190995309,199475834,68284230,192846617,150785362.0,42061255,6828981,740320,72533077,4324320,0.0
TR,IHEVA,2019,474734024,78979603.0,395754421,286179535,54566930,227184929,177496894.0,49688035,42860897,1727160,85773637,5073816,0.0
TR,IHEVA,2020,504490770,74249744.0,430241026,304208634,43378339,371652954,284853999.0,86798955,37346793,4203955,132267736,7239255,0.0
TR,IHEVA,2021,601890519,106417756.0,495472763,294227467,64218135,535803124,451228792.0,84574332,91044699,2865416,152664447,10036852,3505466.0
TR,IHEVA,2022,1646027566,386802049.0,1259225517,991833784,212521547,2192336301,2095719082.0,96617219,-199586433,23215284,249661622,59456552,0.0
TR,IHEVA,2023,2083770720,603517450.0,1480253270,1156461826,289212419,3037099063,2636119200.0,400979863,-303178576,86061739,356621377,86889738,0.0
TR,IHEVA,2024,2789901315,780872593.0,2009028722,1451126214,307952573,3769675184,3256220719.0,513454465,76935745,94451441,416795115,118541868,0.0
TR,IHEVA,2025,3052128950,801849226.0,2250279724,1587365311,371712091,4102457072,3519076719.0,583380353,32523118,31678828,548043796,215053167,0.0
TR,IHGZT,2013,259950528,45805693.0,214144835,72382601,14771698,81715889,80431355.0,1284534,2272165,393608,7857673,31368184,
TR,IHGZT,2014,306175805,46698603.0,259477202,119617685,27091936,95713790,84925137.0,10788653,46008935,749347,6957859,28358418,
TR,IHGZT,2015,311851798,54338467.0,257513331,121041759,28114816,84465659,82564978.0,1900681,-2955689,1183485,6745681,27830064,
TR,IHGZT,2016,306773243,48084284.0,258688959,114135323,22829084,87542253,82968189.0,4574064,-1451844,1273423,6075688,26666168,0.0
TR,IHGZT,2017,302016606,42921642.0,259094964,106311738,22343539,110569272,104454474.0,6114798,-1985252,464813,9490215,14582420,0.0
TR,IHGZT,2018,309404740,56645474.0,252759266,108294888,24913253,133348814,124278198.0,9070616,-5959963,11228953,15256127,14722605,0.0
TR,IHGZT,2019,329583087,57907583.0,271675504,136301356,23046015,148682306,131967461.0,16714845,20261421,7699686,23288481,17769656,0.0
TR,IHGZT,2020,319819367,68792453.0,251026914,108101513,27368106,140342871,127837959.0,12504912,-20170865,1005417,28011006,19221324,0.0
TR,IHGZT,2021,1094521843,106245163.0,988276680,595229280,41687046,197672984,174295360.0,23377624,117224352,170452070,55935226,70391026,0.0
TR,IHGZT,2022,3115657030,378813209.0,2736843821,1023563557,131674697,888311525,925307977.0,-36996452,-152193897,86386754,257185186,328588341,0.0
TR,IHGZT,2023,3642597319,787826954.0,2854770365,1062660646,319812273,1734386886,1643268663.0,91118223,-1058142157,16261178,209818277,509374047,0.0
TR,IHGZT,2024,5062466540,1188978183.0,3873488357,1282590899,599450861,2334863521,1922586905.0,412276615,149674259,21961442,202845032,716092398,0.0
TR,IHGZT,2025,5429048166,915736163.0,4513312003,1724553680,343236168,2735752938,2252090953.0,483661985,254534749,37182901,184993186,781879339,0.0
TR,IHLAS,2013,2703205346,1881813865.0,821391481,1927310192,1286347971,1008231494,847477283.0,160754211,-249763971,206948736,642284099,276747475,
TR,IHLAS,2014,2661865776,1870503692.0,791362084,2000323091,970874462,842441224,720300061.0,122141163,-79119269,130366214,721614286,230192763,
TR,IHLAS,2015,2805933783,2065191065.0,740742718,2190700876,1344662276,409473340,302829719.0,106643621,-86060892,27676055,1008047178,260620688,
TR,IHLAS,2016,2485376078,1696914842.0,788461236,1852217423,1264747033,1082075506,854895456.0,227180050,60538162,24202969,802538784,247653049,0.0
TR,IHLAS,2017,2707761854,1879440320.0,828321534,2062215760,1465243669,712387940,560390219.0,151997721,35214671,18109173,817948796,206545659,0.0
TR,IHLAS,2018,2475998565,1662390009.0,813608556,1608984747,979948395,1273608432,1029319771.0,244288661,-32602285,38017127,587748895,252502692,0.0
TR,IHLAS,2019,3050094488,1807805875.0,1242288613,2072431825,1009916933,715883401,554831538.0,161051863,5261565,45748985,786230751,266823455,0.0
TR,IHLAS,2020,3806921921,1912145703.0,1894776218,2725115875,649466224,1113757826,843328968.0,270428858,31939316,488598787,929698686,298809839,0.0
TR,IHLAS,2021,5598393450,2027994363.0,3570399087,4157199758,1632756193,2822664014,2379424811.0,443239203,401120997,630035919,1512311526,647289876,2643263.0
TR,IHLAS,2022,15619801903,6394896843.0,9224905060,9681168941,1822134744,6534826142,6656439447.0,-121613305,-2700115082,1057577414,4175244070,2667635202,0.0
TR,IHLAS,2023,24437495646,10874772533.0,13562723113,15918118070,3352855594,10924595858,10482902003.0,441693855,112726560,483955033,11046196897,4003324130,0.0
TR,IHLAS,2024,30571798728,15195145426.0,15376653302,17892226330,3695707863,13540332345,13202112457.0,338219889,-2820039065,607470443,11554723977,5691055987,0.0
TR,IHLAS,2025,31602255989,17911174609.0,13691081380,18025707918,6758942301,18883245141,19992237760.0,-1108992619,-3064584064,624615374,11164434200,6154580839,0.0
TR,IHLGM,2013,56640129,2509431.0,54130698,20834210,2099568,797492,840434.0,-42942,-919719,518400,961326,1806901,
TR,IHLGM,2014,58117053,3704290.0,54412763,20545275,2965183,13429982,12997433.0,432549,-63362,180610,982875,2040453,
TR,IHLGM,2015,58793037,3260680.0,55532357,20103406,2482381,962740,1047821.0,-85081,-381052,64145,753593,2243619,
TR,IHLGM,2016,58898459,4237003.0,54661456,21329822,2835358,3460665,3290706.0,169959,-683059,66974,547037,1905522,0.0
TR,IHLGM,2017,164767212,51482244.0,113284968,127723978,48249156,10898258,9637715.0,1260543,-2231092,13676031,71962190,231594,0.0
TR,IHLGM,2018,252536760,141820648.0,110716112,211016703,44940558,17859678,16342574.0,1517104,-1951047,181873,93185902,144811,0.0
TR,IHLGM,2019,1449728963,931260369.0,518468594,1175397285,604214462,137678156,115787730.0,21890426,42527981,11592252,504158305,1541500,0.0
TR,IHLGM,2020,1766647370,909407953.0,857239417,1459834541,328715671,337971031,285714140.0,52256891,3610581,242928695,509212723,1503547,0.0
TR,IHLGM,2021,1533216211,568560332.0,964655879,1395856627,513006804,953110435,828520403.0,124590032,108786812,191130610,323946333,1885504,0.0
TR,IHLGM,2022,2599829691,520526450.0,2079303241,2051199140,383216245,1146753832,1507933176.0,-361179344,-1133315672,287372132,378712399,7508299,0.0
TR,IHLGM,2023,2768201569,1462724048.0,1305477521,2262962854,433101438,657141637,482033953.0,175107684,-1687902252,92623662,1195271115,16905867,0.0
TR,IHLGM,2024,3236977729,2147779208.0,1089198521,2545764606,787098078,630155971,480665530.0,149490442,-616958376,52969623,1445770813,21195946,0.0
TR,IHLGM,2025,5379400805,3469899974.0,1909500831,4576689412,1479179037,1895546654,2477532513.0,-581985859,719711464,35650339,3752172061,26740360,0.0
TR,IHYAY,2013,358489061,109567043.0,248922018,126329709,67830970,170580498,149581250.0,20999248,-6861470,1677775,8008913,46834039,
TR,IHYAY,2014,376838493,110771195.0,266067298,170689666,62271230,175909374,155875087.0,20034287,39862446,3319215,6957859,46262178,
TR,IHYAY,2015,375710719,118774530.0,256936189,165023049,57328099,156328499,140445720.0,15882779,-12389148,3282445,6745681,47126474,
TR,IHYAY,2016,367992167,121537113.0,246455054,156967873,57936962,153858479,138866751.0,14991728,-12512726,3867638,6075688,40872270,0.0
TR,IHYAY,2017,354252737,114471429.0,239781308,141948888,59652413,173061573,153999310.0,19062263,-9237108,2904450,9490215,32373275,0.0
TR,IHYAY,2018,368147527,136031097.0,232116430,141666252,65076833,214168090,184024954.0,30143136,-12224295,16344854,15256127,32827623,0.0
TR,IHYAY,2019,387710147,161365748.0,226344399,164751176,77036775,236569760,202081435.0,34488325,11191861,14721341,23288481,35392455,0.0
TR,IHYAY,2020,635463936,152680882.0,482783054,389846813,51991055,252468153,199178870.0,53289283,-4351493,158473469,28011006,41396992,0.0
TR,IHYAY,2021,1379796168,210437652.0,1169358516,813545409,80932204,332872831,290908486.0,41964345,110149803,314040546,55935226,116600172,0.0
TR,IHYAY,2022,3951904151,820701391.0,3131202760,1405547512,259635222,1374572862,1358390327.0,16182535,-349464452,367529950,257185239,561889425,0.0
TR,IHYAY,2023,4884936598,1636684275.0,3248252323,1342883461,440175124,2559222497,2364235441.0,194987056,-1270006534,114652757,209596033,856994851,0.0
TR,IHYAY,2024,6551242310,2501813377.0,4049428933,1512136738,865807081,3248838997,2870531133.0,378307865,-264423082,79931484,202845032,1165556035,0.0
TR,IHYAY,2025,6567911778,2359949215.0,4207962563,1626397578,766152472,3711375885,3280115945.0,431259940,-221065214,67386016,184993186,1257425291,0.0
TR,IMASM,2019,399477140,283937598.0,115539542,306724008,182175702,161409790,103388764.0,58021026,38207596,5171513,47995474,84325506,0.0
TR,IMASM,2020,478685301,314246473.0,164438828,374813530,213275023,202300667,129467433.0,72833234,40383842,17866167,62761503,85092251,0.0
TR,IMASM,2021,661577214,280729132.0,380848082,218612330,185523656,272797110,170273937.0,102523173,50775674,16829128,96243500,172738920,0.0
TR,IMASM,2022,2347410081,691815169.0,1655594912,804996868,485255207,1195832912,874969037.0,320863875,282425906,105534410,334729361,964483594,0.0
TR,IMASM,2023,2506776000,1097096000.0,1409680000,1313187000,828634000,1839163000,1228014000.0,611149000,43475000,102578000,457214000,506532000,0.0
TR,IMASM,2024,4855605389,1727418786.0,3128186603,1801129492,1142356255,2832219414,1750512120.0,1081707294,337724460,30657601,559736175,2389264066,0.0
TR,IMASM,2025,6100966961,2676955980.0,3424010981,2495041976,1857394412,2644669095,1724315134.0,920353961,-751563346,154463384,619532751,2572076696,0.0
TR,INDES,2013,753864904,608736743.0,145128161,709617243,602152602,1615274371,1525930701.0,89343670,3987958,74360743,146683508,30405573,
TR,INDES,2014,1059737490,887814192.0,171923298,962107748,843017116,2206019328,2103438874.0,102580454,29751447,111965405,170285057,8472157,
TR,INDES,2015,1386714992,1178875567.0,207839425,1257203521,1108294894,3384690880,3231879393.0,152811487,55149413,136763531,206642916,6840916,
TR,INDES,2016,1422658660,1199210996.0,223447664,1357649740,1193153515,3793602651,3637624310.0,155978341,59381606,249757802,180642904,5996417,36940150.0
TR,INDES,2017,1937841039,1581375417.0,356465622,1864614443,1560273550,4719624736,4533260188.0,186364548,168187257,284175937,430573781,5870472,35758851.0
TR,INDES,2018,1638267286,1143235394.0,495031892,1549014637,1133323749,3903402780,3717149973.0,186252807,128965881,447577112,295603245,27194867,67652507.0
TR,INDES,2019,2416738850,1848431009.0,568307841,2319973503,1828692666,5302709607,5034895536.0,267814071,114595087,280477178,535194424,26421363,41121910.0
TR,INDES,2020,4061373142,3394442947.0,666930195,3926808175,3374864572,10255020022,9869318232.0,385701790,166502505,1318962511,509345531,26907821,22991482.0
TR,INDES,2021,6952141726,5859189241.0,1092952485,6838701226,5840451964,13091576863,12525819774.0,565757089,437018783,2095002284,983955474,29521712,48596669.0
TR,INDES,2022,14557196267,11283049762.0,3274146505,13670987073,11164698968,45706575698,43344721762.0,2361853936,62797285,3907198149,1878895704,127657524,256798178.0
TR,INDES,2023,25045992081,20115377641.0,4930614440,23078802022,19926424845,71083904135,67176677970.0,3907226165,594990527,4497926860,3301273936,703551097,417009997.0
TR,INDES,2024,30797332330,24150215653.0,6647116677,26695686368,22860752556,87256545211,83055536210.0,4201009001,404870014,5864481248,3786855023,1289425733,369463458.0
TR,INDES,2025,43630348586,35775334961.0,7855013625,36893278682,32935085326,100796415995,95628400206.0,5168015789,537437133,7443443751,5615398952,3398541413,0.0
TR,INGRM,2013,214800385,150606690.0,64193695,211045581,149584639,538607667,507529925.0,31077742,8722903,16981238,35015667,3628562,
TR,INGRM,2014,340701350,263840171.0,76861179,336918124,262458140,733951749,692389502.0,41562247,12689671,22320361,56872340,3553264,
TR,INGRM,2015,428451904,321111684.0,107340220,423136729,268127515,927269081,877844318.0,49424763,9835172,95347717,51230280,3576474,
TR,INGRM,2016,550197826,410486057.0,139711769,544478163,348030401,1044493999,987002982.0,57491017,8003506,49746515,70300132,3751749,0.0
TR,INGRM,2017,759425649,596315734.0,163109915,750256830,519815462,1336963050,1266407530.0,70555520,12552834,82860106,87817679,3786627,0.0
TR,INGRM,2018,873405805,644014741.0,229391064,861863540,444369911,1712794033,1619529777.0,93264256,-678386,167194645,81856082,5336267,0.0
TR,INGRM,2019,1102475147,829977390.0,272497757,1076184813,716269246,2033078653,1938798249.0,94280404,12939617,201698075,100168322,6433140,0.0
TR,INGRM,2020,1856868216,1486010560.0,370857656,1832295765,1292765566,3101897311,2974910348.0,126986963,16253120,250262728,221239747,8511992,0.0
TR,INGRM,2021,3328639385,2686332246.0,642307139,3304609620,1938440782,4776774980,4549724028.0,227050952,-20206711,140116127,476566585,12516778,0.0
TR,INGRM,2022,6697418700,5718822404.0,978596296,6604569843,5388254394,10325220377,9813905717.0,511314660,76504306,855093179,1019226771,39465147,0.0
TR,INGRM,2023,8157446713,6815437223.0,1342009490,7807502909,6077873152,16193774935,15364163632.0,829611303,-23028598,382802812,981666802,90395320,128189430.0
TR,INGRM,2024,15162965437,12764658990.0,2398306447,14708188570,11145929033,27815827364,26176227381.0,1639599983,278158455,713415164,1322017612,95611574,0.0
TR,INGRM,2025,18414488897,16169942733.0,2244546164,18031015643,13315895845,29915485679,28221767284.0,1693718396,-132154527,151623135,2108701268,79375988,0.0
TR,INTEK,2013,3665343,8020028.0,-4354685,2649639,4964261,12689300,6140951.0,6548349,-2883710,252293,1282647,867738,
TR,INTEK,2014,5783065,5314242.0,468823,2504468,3211548,3945471,2717583.0,1227888,4327777,1248573,649487,465019,
TR,INTEK,2015,9077016,7121979.0,1955037,2616758,5581394,1520075,1166170.0,353905,-516460,1310770,1052839,2906420,
TR,INTEK,2016,9804941,8364902.0,1440039,2364931,7339075,2055848,1413977.0,641871,-487162,548804,790863,128794,0.0
TR,INTEK,2017,11803559,8554916.0,3248643,1808732,7436105,2721844,1929481.0,792363,-1166533,164279,1032010,490628,0.0
TR,INTEK,2018,7696005,4121484.0,3574521,1805616,2987389,2280714,1389995.0,890719,-1633541,120268,1261486,345771,0.0
TR,INTEK,2019,8578168,5714574.0,2863594,1460156,3723577,2123350,1315025.0,808325,-687888,81578,1044836,448339,0.0
TR,INTEK,2020,9996740,6811333.0,3185407,1592488,4582259,3115708,1908929.0,1206779,379021,235450,1189029,298370,0.0
TR,INTEK,2021,17839211,9260433.0,8578778,3431391,6024114,3998689,2011192.0,1987497,5538145,876904,1475902,154255,0.0
TR,INTEK,2022,77290668,22861507.0,54429161,23073852,16350464,26256962,11734483.0,14522479,30144696,1858263,1983843,305800,0.0
TR,INTEK,2023,123036441,37391939.0,85644502,20286601,27008256,72645770,60331722.0,12314048,6330756,500440,7936995,120099,0.0
TR,INTEK,2024,993607182,441203063.0,552404119,128144269,410219735,347833569,108153859.0,239679710,176083752,16569275,7750856,55019227,0.0
TR,INTEK,2025,1067139573,606068924.0,461070649,204235774,584942169,452640728,144719609.0,307921119,-91333463,23810393,5708049,4800862,0.0
TR,INTEM,2013,202218761,181938806.0,20279955,160503822,178296754,603042217,540144583.0,62897634,-1976151,2677283,11427971,8334479,
TR,INTEM,2014,211431656,187982681.0,23448975,165504868,184107119,681649363,614091853.0,67557510,1523142,342322,11311243,9233111,
TR,INTEM,2015,291314761,272891243.0,18423518,241716198,267473368,793199023,713588969.0,79610054,-3697964,285829,12849858,11017371,
TR,INTEM,2016,348351520,338488705.0,9862815,284544547,333592789,787089074,715523997.0,71565077,-16951578,391592,12423130,13826948,0.0
TR,INTEM,2017,416144112,406181954.0,9962158,311542907,401559195,824609667,751770800.0,72838867,-24965450,1751736,13586584,27080195,0.0
TR,INTEM,2018,419599289,436900569.0,-17301280,376531936,432137551,825291983,746002715.0,79289268,-37862724,5971393,14096527,27091338,0.0
TR,INTEM,2019,411005948,386625441.0,24380507,329966703,349141376,747451738,669863435.0,77588303,-289513,12212336,13864352,23770540,0.0
TR,INTEM,2020,362921159,335807963.0,27113196,301050656,303831187,157617374,76329623.0,81287751,2732689,20826980,15215204,18884589,0.0
TR,INTEM,2021,469801262,414605407.0,55195855,408667088,387694144,239426340,104336038.0,135090302,28082659,10558086,22376607,19992412,0.0
TR,INTEM,2022,1446983800,1051704020.0,395279780,1236329242,995738808,1071018013,395831977.0,675186036,151317226,28825694,196104240,85970063,0.0
TR,INTEM,2023,3053932025,2362695157.0,691236868,2800668256,2310292743,1838788867,777526219.0,1061262648,122574238,61621261,174311240,99177910,0.0
TR,INTEM,2024,1973305150,1114835183.0,858469967,1693222643,1047172959,1874567134,872778335.0,1001788800,-49332637,62209803,221372446,93727820,0.0
TR,INTEM,2025,2724574050,1791163807.0,933410243,2480468630,1701498830,2106978972,1014513685.0,1092465287,-10795150,6409509,179538559,67849824,0.0
TR,INVEO,2013,17051394,6682620.0,10368774,16981001,6682620,1414535587,1413979420.0,556167,-335053,2561662,0,41958,
TR,INVEO,2014,10678449,86805.0,10591644,10618628,82581,1864797372,1863749554.0,1047818,222870,9056894,0,31805,
TR,INVEO,2015,34409345,74289.0,34335056,6813087,71562,17696933,13644219.0,4052714,3716546,4081919,0,19863,
TR,INVEO,2016,46873459,9593798.0,37279661,8363334,9589696,14951416,11246049.0,3705367,2947960,3828747,0,8253,0.0
TR,INVEO,2017,50484472,9348184.0,41136288,3474134,9346247,17598203,11720803.0,5877400,2933615,2633690,0,619,0.0
TR,INVEO,2018,118635237,54685887.0,63949350,177443,35470326,4751474,3835810.0,915664,25235230,7247,0,56,0.0
TR,INVEO,2019,205641679,38363011.0,167278668,4055539,31111687,35657596,10270502.0,25387094,83763532,30125,0,28708,0.0
TR,INVEO,2020,771160344,66007131.0,705153213,22724802,32444632,45293210,6449878.0,38843332,537876334,23675,0,36951,0.0
TR,INVEO,2021,1224340260,58958646.0,1165381614,25358831,18346357,166062685,68130825.0,97931860,327130472,22294,0,347094,0.0
TR,INVEO,2022,7102287742,1813512908.0,5288774834,677574801,1186133961,3547464702,21448801.0,3526015901,2030860467,1807440,0,874199,0.0
TR,INVEO,2023,11055118202,1955662565.0,9099455637,196646754,1559655771,1044275559,3515497.0,1040760062,1622444875,55192,0,856439,0.0
TR,INVEO,2024,11951825386,1663537819.0,10288287567,41215060,1335549573,-1524578953,227957322.0,-1752536275,-1870129662,699959,0,583823,0.0
TR,INVEO,2025,14229991473,2876410192.0,11353581281,136830564,2875645279,185993178,46697017.0,139296162,31862201,216353,0,170224,0.0
TR,INVES,2019,596011112,94636759.0,501374353,471936025,55767291,82493220,70547571.0,11945649,86166419,40873496,7054354,71302159,3924406.0
TR,INVES,2020,974890740,195725518.0,779165222,766195909,107289951,54971946,40564009.0,14407937,213886991,60515708,10445915,141664786,2334302.0
TR,INVES,2021,2599204562,141101144.0,2458103418,209928029,24765690,312541843,0.0,312541843,1678938196,22830466,0,10182200,0.0
TR,INVES,2022,13668858126,843791268.0,12825066858,2426150046,153970811,4650045190,0.0,4650045190,4007039195,869149591,0,135131988,0.0
TR,INVES,2023,19133246014,653076790.0,18480169224,2272212343,116473404,152914139,0.0,152914139,66307572,1034499452,0,187113292,0.0
TR,INVES,2024,28685236122,2895611921.0,25789624201,3147552547,123335792,4176909262,0.0,4176909262,1913639412,14950051,0,220469620,0.0
TR,INVES,2025,29282386576,3404306702.0,25878079874,4074866860,89048149,58683109,2021613002.0,-1962929893,-2301918728,8078695,0,221989788,0.0
TR,ISBIR,2013,368249179,220311148.0,147938031,179391433,173274978,369914439,302467130.0,67447308,97559341,6467927,51286418,159113697,
TR,ISBIR,2014,0,0.0,0,0,0,0,0.0,0,0,0,0,0,
TR,ISBIR,2015,459330439,283014769.0,176315670,248018384,235626376,396706439,302876429.0,93830010,35994871,16406680,61924323,195607608,
TR,ISBIR,2016,477394087,312971204.0,164422883,271163265,261322831,449175880,350834622.0,98341258,-10253477,17947691,72411878,195352510,0.0
TR,ISBIR,2017,610351059,415211334.0,195139725,375900934,357598396,576988461,448056587.0,128931874,6274706,21377928,102090568,217130498,414961.0
TR,ISBIR,2018,694545750,499364687.0,195181063,462486334,451159363,769577296,592487721.0,177089575,7381899,33167299,142202202,203911051,0.0
TR,ISBIR,2019,855991460,602919801.0,253071659,548727979,473415002,829492465,617285893.0,212206572,45135097,85751254,144210506,217908351,0.0
TR,ISBIR,2020,1281479157,893487387.0,387991770,926278371,709630532,1092082649,738444560.0,353638089,140285788,218626064,252184443,268460700,0.0
TR,ISBIR,2021,2412124376,1365738467.0,1046385909,1744889867,1082208528,1926673186,1407755148.0,518918038,208026671,537476462,467519246,553030193,0.0
TR,ISBIR,2022,7191881682,3054258507.0,4137623175,3889830389,2157845992,6716043181,5327776252.0,1388266929,-313753137,752387829,1173515170,2778407203,35144744.0
TR,ISBIR,2023,9262728508,3071508281.0,6191220227,4175119952,2616355956,7939733916,5973408269.0,1966325647,154649273,896293994,1429559705,4092064552,54073781.0
TR,ISBIR,2024,13901560323,4925962744.0,8975597579,5399844956,3347714946,9303436594,7510650864.0,1792785729,-718516826,1146995186,2009652764,7118687443,48545035.0
TR,ISBIR,2025,15079402995,6286838291.0,8792564704,6119749450,4373367158,8983456734,7001521150.0,1981935584,-472450430,1329036717,1878025194,7499292582,32956001.0
TR,ISDMR,2013,6891973000,2745870000.0,4146103000,2146726000,1546001000,5204273000,4244941000.0,959332000,388145000,12243000,1566027000,4530660000,
TR,ISDMR,2014,7932008000,2393136000.0,5538872000,2921542000,1153782000,6269340000,4919371000.0,1349969000,997011000,2474000,1336379000,4812193000,0.0
TR,ISDMR,2015,8869316000,2274203000.0,6595113000,2652319000,934292000,5916385000,5000763000.0,915622000,575243000,10819000,1392115000,6000209000,869595000.0
TR,ISDMR,2016,11951902000,3466491000.0,8485411000,4631997000,1961482000,6470668000,5019949000.0,1450719000,942849000,14069000,1911311000,7129883000,517939000.0
TR,ISDMR,2017,13842415000,3873630000.0,9968785000,6208412000,2371825000,10632542000,7602193000.0,3030349000,2382311000,11895000,2108689000,7425726000,1595000000.0
TR,ISDMR,2018,20981564000,5253796000.0,15727768000,10563284000,3141004000,15881960000,10709716000.0,5172244000,4108879000,62468000,4087128000,9931925000,2028914000.0
TR,ISDMR,2019,21622201000,5430474000.0,16191727000,9778890000,2943097000,16453432000,13602013000.0,2851419000,2155428000,58197000,4023192000,11001236000,3507610000.0
TR,ISDMR,2020,28343423000,6362606000.0,21980817000,12948824000,2814545000,16924093000,13716418000.0,3207675000,2423349000,38603000,4590643000,13929264000,521883000.0
TR,ISDMR,2021,55755271000,16598102000.0,39157169000,25998080000,8592839000,36499516000,22780744000.0,13718772000,6468354000,8824568000,13919002000,27366949000,8058958000.0
TR,ISDMR,2022,74689216000,22889192000.0,51800024000,31295559000,13476851000,62010484000,52638815000.0,9371669000,6726197000,6490670000,19438419000,40690492000,8696814000.0
TR,ISDMR,2023,135571219000,49568501000.0,86002718000,57495472000,37701321000,88611904000,82385737000.0,6226167000,4601547000,11568280000,31673490000,70604004000,0.0
TR,ISDMR,2024,231976889162,79360919481.0,152615969681,90495890623,39225779058,144552926311,132096512030.0,12456414281,18657403016,24578347614,45675503794,130960378396,1897570960.0
TR,ISDMR,2025,261063648751,98669860870.0,162393787881,112360871557,50008446692,133099524774,121214760729.0,11884764045,6725538451,55831131971,43043712826,140143039697,797608554.0
TR,ISGSY,2013,255936227,6749281.0,249186946,187196366,3255733,110537116,27866250.0,82670866,73768203,59938078,0,512933,
TR,ISGSY,2014,269124477,4712700.0,264411777,155620415,2954145,22757254,0.0,22757254,14597568,27125692,0,389536,
TR,ISGSY,2015,258934247,3827906.0,255106341,116796810,3107879,12407484,1850400.0,10557084,772649,11601590,0,236135,
TR,ISGSY,2016,258805403,2644405.0,256160998,119404622,2530174,11348450,0.0,11348450,1060292,45734742,0,81604,0.0
TR,ISGSY,2017,259379251,2456296.0,256922955,76752124,2209972,11346515,0.0,11346515,946084,29373223,0,45436,0.0
TR,ISGSY,2018,262226043,2260661.0,259965382,70008709,1963165,10122539,0.0,10122539,3073702,40551133,0,59746,0.0
TR,ISGSY,2019,265801018,4027453.0,261773565,72522198,2314705,10893833,0.0,10893833,1736098,44963534,0,93728,0.0
TR,ISGSY,2020,267841022,4027142.0,263813880,69221102,2590353,36179737,24025000.0,12154737,2050307,47577063,0,90257,0.0
TR,ISGSY,2021,279025245,3494756.0,275530489,68870723,2515700,23077339,0.0,23077339,11976347,56203611,0,63191,0.0
TR,ISGSY,2022,1667549528,6211275.0,1661338253,104341849,2649649,1011516934,0.0,1011516934,914852681,52944961,0,2393689,0.0
TR,ISGSY,2023,3242215796,10489839.0,3231725957,360195289,7185221,1111988612,159852374.0,952136238,833241958,292354074,0,3320979,0.0
TR,ISGSY,2024,6662475325,1185916215.0,5476559110,591156768,1169147722,2523496763,908186494.0,1615310270,1246703276,516900983,0,8131280,0.0
TR,ISGSY,2025,15990249677,4181297343.0,11808952334,66713301,3075850894,6679683671,823156839.0,5856526832,4886705010,12819574,0,6753845,0.0
TR,ISGYO,2013,1668720437,512634561.0,1156085876,233029758,162016127,371164150,225076140.0,146088010,116156720,101043123,4090123,1228136,
TR,ISGYO,2014,2908942882,648376218.0,2260566664,251625938,67056328,234078530,119336069.0,114742461,328433093,123909277,4245222,953397,
TR,ISGYO,2015,4125200579,1334565728.0,2790634851,459875342,556007399,222012099,62091478.0,159920621,555932867,123908125,174215106,27036974,
TR,ISGYO,2016,4887020194,1725674538.0,3161345656,322950245,188453135,404532858,209728793.0,194804065,420511402,127262064,91612134,28559331,52220000.0
TR,ISGYO,2017,5311947256,2031370269.0,3280576987,967988419,873322937,439658518,253628515.0,186030003,179956837,83117592,757111894,31005753,63750000.0
TR,ISGYO,2018,5222332924,1665393569.0,3556939355,752744479,1091581932,1098332491,837501802.0,260830689,341610873,54236749,516387334,33814159,68531250.0
TR,ISGYO,2019,5716356886,1856129808.0,3860227078,1249783479,1232364908,1206509521,955966119.0,250543402,297389779,388415387,502965011,38460738,0.0
TR,ISGYO,2020,5225405467,1094451661.0,4130953806,464909637,962552803,552678714,356313056.0,196365658,266502003,59156089,234619247,41395040,0.0
TR,ISGYO,2021,6676321298,1200658419.0,5475662879,492261589,1000398213,488577001,200955447.0,287621554,1329919890,138562954,139873007,55492519,0.0
TR,ISGYO,2022,29662237877,5780365922.0,23881871955,3320400440,5766030615,1452555820,642065852.0,810489968,8600904852,2053268101,324882647,239750433,0.0
TR,ISGYO,2023,47868845473,8838700691.0,39030144782,5992697387,5315857376,1650691738,462423396.0,1188268342,4520884552,922113564,3601682694,370077085,0.0
TR,ISGYO,2024,62381146591,11189092729.0,51192053862,4038085084,6460233566,5298337127,3499825681.0,1798511446,1167598428,445182577,3055890043,496390405,0.0
TR,ISGYO,2025,68526916716,9353081336.0,59173835380,4188929139,2534600590,3681903428,1754109430.0,1927793997,-1128502682,279932208,2982169380,599442777,0.0
TR,ISKPL,2017,208666675,130196384.0,78470291,96196609,96137808,156502020,112113542.0,44388478,11299752,5205746,37735130,108401348,0.0
TR,ISKPL,2018,268290087,191435436.0,76854651,125337568,159353679,202200774,154509814.0,47690960,812744,4886789,43856406,132463720,0.0
TR,ISKPL,2019,279965589,203864918.0,76100671,109426098,162551314,210562000,164648141.0,45913859,916024,2045600,35834379,148843811,0.0
TR,ISKPL,2020,396669558,209448882.0,187220676,150571418,168905533,421121608,269513933.0,151607675,65507547,14714950,45823039,230505621,0.0
TR,ISKPL,2021,608361269,235130677.0,373230592,292954053,203046085,427874619,306173317.0,121701302,66067678,41062777,96704992,275118589,1903084.0
TR,ISKPL,2022,1577326591,477133151.0,1100193440,629931157,417276430,1539166649,1389206330.0,149960319,-236660257,92220319,199494904,826903823,20550414.0
TR,ISKPL,2023,2629923928,941844562.0,1688079366,902264256,702960069,2218283831,1730217942.0,488065889,148751629,138058664,288274233,1409325447,5404040.0
TR,ISKPL,2024,3802567789,1292110390.0,2510457399,1309208062,1058261249,2797308808,2160591105.0,636717703,394382782,50275497,501214729,2053682066,0.0
TR,ISKPL,2025,5581765206,2443452515.0,3138312691,1943515141,1791797330,2781801060,1929101217.0,852699843,245181593,235040094,614377497,3280823537,3195659.0
TR,ISSEN,2018,472683273,333265028.0,139418245,290384173,297343072,428373642,302073237.0,126300405,34586274,23218110,94905286,149410347,0.0
TR,ISSEN,2019,604683097,385691373.0,218991724,368338657,318289251,499171421,383542211.0,115629210,36004904,39833058,91335661,141667451,2020791.0
TR,ISSEN,2020,832578818,614610393.0,217968425,604441670,475311373,596085748,401139133.0,194946615,79844695,135977617,163808068,186266086,3623341.0
TR,ISSEN,2021,1507526275,825487191.0,682039084,1064865634,615201701,1117413710,820923885.0,296489825,133632873,274480692,331068617,382050459,5038640.0
TR,ISSEN,2022,4929038317,2045655493.0,2883382824,2580356694,1284363335,3813646327,2985868483.0,827777844,-130218000,488278995,785635321,1973208899,18087590.0
TR,ISSEN,2023,6342160028,1824341087.0,4517818941,2625184577,1452004200,4189456008,3099997828.0,1089458180,361983478,559478674,930554269,2965077635,55005668.0
TR,ISSEN,2024,9436116565,3163049725.0,6273066840,3718044816,2121168286,5060126981,3942793629.0,1117333352,-248398726,760551122,1466186802,5065386354,36898825.0
TR,ISSEN,2025,11573532636,5082727999.0,6490804637,4703741505,3576791848,5422796917,4413633515.0,1009163402,-531655221,618547255,1544876768,6016983419,0.0
TR,ISVEA,2023,3433281164,1877920567.0,1555360597,2192906850,1328247670,3440203136,2695641116.0,744562020,346333852,166551764,604343471,809487724,0.0
TR,ISVEA,2024,4177168179,2829973925.0,1347194254,3042984985,1932855161,2790180090,1899529410.0,890650680,93584470,152309142,753854043,727111166,208869691.0
TR,ISVEA,2025,4535987726,3098029970.0,1437957756,3314215061,2428634097,2386689947,1555802975.0,830886972,79674562,237041214,947014946,811816419,0.0
TR,ISYAT,2013,261876849,1193842.0,260683007,261775234,1084816,397266388,391266245.0,6000143,4376908,9924240,0,92622,
TR,ISYAT,2014,260242113,597498.0,259644615,260153499,469634,355541504,325210752.0,30330752,28994124,216244,0,74036,
TR,ISYAT,2015,238169164,2638987.0,235530177,238068602,2492343,468957008,460749741.0,8207267,5911873,22199300,0,56236,
TR,ISYAT,2016,235275017,641168.0,234633849,235222591,448179,429061489,406956067.0,22105422,19192930,40426301,0,29636,20074911.0
TR,ISYAT,2017,240446293,697967.0,239748326,240431485,473441,769275100,741201566.0,28073534,25182077,29059974,0,8304,20074911.0
TR,ISYAT,2018,241839507,809112.0,241030395,241831929,518511,426673393,391735357.0,34938036,31365756,73427337,0,7089,30032066.0
TR,ISYAT,2019,276918173,1680551.0,275237622,276194410,663692,189217077,128349489.0,60867588,64271268,202114056,0,3560,30032066.0
TR,ISYAT,2020,250106554,1996999.0,248109555,249525754,1011260,232143407,200066591.0,32076816,27974547,169085932,0,16838,55085555.0
TR,ISYAT,2021,275585786,1731895.0,273853891,275155040,1048619,276920773,221652913.0,55267860,50811337,80700763,0,30070,25053488.0
TR,ISYAT,2022,528657061,11288384.0,517368677,526537971,9365805,569026710,403329702.0,165697008,-135537518,63668468,0,138923,88490079.0
TR,ISYAT,2023,538529840,8225127.0,530304713,537341649,6460577,929756448,702773372.0,226983076,-97627763,123132036,0,177353,118840636.0
TR,ISYAT,2024,681823160,7288159.0,674535001,676156068,2884322,2667064860,2395265715.0,271799145,-18424988,149399268,0,671777,0.0
TR,ISYAT,2025,754158184,6398548.0,747759636,749076701,3328365,1227760518,978062752.0,249697766,4434023,62694310,0,506853,0.0
TR,IZENR,2020,1984895495,1371219629.0,613675866,270292730,949703777,884055295,709262875.0,174792420,-130773131,2917112,230483216,1713672390,0.0
TR,IZENR,2021,2010530659,1606501301.0,404029358,349302062,1352547295,1368437026,1046795585.0,321641441,-319200731,56554514,256162728,1653924409,0.0
TR,IZENR,2022,7757018795,1446884934.0,6310133861,1652639846,1415938909,12600832526,8934896626.0,3665935900,3761671983,23407484,1394820279,6065653256,0.0
TR,IZENR,2023,15215720000,845813052.0,14369906948,2839181936,228106301,10881804533,9815810557.0,1065993976,1579036456,804171733,1493276245,10893263037,0.0
TR,IZENR,2024,17185843959,956088898.0,16229755061,2990786759,390367331,9513526009,9107358358.0,406167652,-1215701881,471870150,1256707295,13507398163,0.0
TR,IZENR,2025,20299298192,1658721437.0,18640576755,4018985043,514684079,10021955158,8270667513.0,1751287645,764882345,1476361412,1304352837,16171770453,0.0
TR,IZFAS,2013,16702920,6718270.0,9984650,13929405,4568170,10869907,7535038.0,3334869,967518,708233,7563456,2361273,
TR,IZFAS,2014,24965271,6859824.0,18105447,21509502,5928127,13841040,10562166.0,3278874,857215,3452936,9849908,2263905,
TR,IZFAS,2015,33959563,15366893.0,18592670,29574058,14324118,15846607,12609867.0,3236740,538224,5543543,11867301,3181120,
TR,IZFAS,2016,38387771,19386796.0,19000975,34981090,15812006,21671492,16418483.0,5253009,599935,6562703,14925587,2841338,0.0
TR,IZFAS,2017,45667269,26009864.0,19657405,42962809,20198219,28278321,19929305.0,8349016,585969,4480465,20199129,2700849,0.0
TR,IZFAS,2018,44462800,27549222.0,16913578,40956224,21281702,34161864,25874090.0,8287774,-2694792,190560,21245621,3237752,0.0
TR,IZFAS,2019,45650747,28458973.0,17191774,40706453,21778833,37526176,27388702.0,10137474,510428,2431893,20511728,3109264,0.0
TR,IZFAS,2020,59051565,39939248.0,19112317,53491503,35200577,51071008,39687292.0,11383716,2092707,264394,21662160,3511111,0.0
TR,IZFAS,2021,96987276,69932126.0,27055150,76836448,62599637,93722375,62319150.0,31403225,4862477,991977,33903047,18283944,0.0
TR,IZFAS,2022,272428436,110734307.0,161694129,204817691,89155433,303909348,215467857.0,88441491,-12039886,3603830,83089704,65291345,0.0
TR,IZFAS,2023,344477819,154194329.0,190283490,222203415,122177767,455075359,342699034.0,112376325,-38870636,3162840,66548550,113254319,0.0
TR,IZFAS,2024,455208245,188309665.0,266898580,304469105,157511775,463950770,296755216.0,167195554,16746715,3745459,127090714,140571819,0.0
TR,IZFAS,2025,727620768,287326430.0,440294338,579251809,236522452,484450678,397792042.0,86658636,-44462819,29618758,206952964,144794779,0.0
TR,IZINV,2013,24769753,11221677.0,13548076,10116807,5516952,6316123,5627564.0,1545113,280622,7331850,606823,8545742,
TR,IZINV,2014,33518899,12965869.0,20553030,5692547,7677274,8594593,6939820.0,1458330,-5475,310125,1741138,17892633,
TR,IZINV,2015,37214414,16551052.0,20663362,7458086,12299280,10574189,7759225.0,2018227,113682,224410,1301546,17725252,0.0
TR,IZINV,2016,36562123,16996990.0,19565133,7286139,13329645,15360933,13866244.0,1872304,-1084553,584334,1881358,19427301,0.0
TR,IZINV,2017,40826044,20840390.0,19985654,11860801,16687142,14441424,12450762.0,2438918,26774,508086,4668838,16975878,0.0
TR,IZINV,2018,45419420,24620186.0,20799234,13305081,19801469,17745733,13022324.0,5613478,1172269,246227,5165298,19152695,0.0
TR,IZINV,2019,66681174,27852420.0,38828754,14715676,20913477,21598531,19618139.0,3524630,-2803128,107915,8312956,38154380,0.0
TR,IZINV,2020,70993451,31845690.0,39147761,16069919,26106412,19684117,19523130.0,1394688,-2524396,189186,8190511,36300210,0.0
TR,IZINV,2021,76139678,43417272.0,32722406,22538984,39485285,21386684,20211606.0,-286990,-4977941,344129,10196694,34238919,0.0
TR,IZINV,2022,232189197,46020861.0,186168336,35391874,18622394,55798732,63607071.0,-7808339,-8196212,1543549,9017122,161988546,0.0
TR,IZINV,2023,426132739,183812092.0,242320647,64559088,12682279,23009330,24302241.0,-1292911,-5279233,37402900,0,27707243,0.0
TR,IZINV,2024,515098859,102354077.0,412744782,113834933,19074460,112067738,92471513.0,19596226,-53498822,3115832,17135176,34275972,0.0
TR,IZINV,2025,564664371,171768713.0,392895658,189894552,57012585,91158586,64996426.0,26162160,-61342934,2454849,53126851,29021415,0.0
TR,IZMDC,2013,2233632704,1737647216.0,495985488,936292579,1104406591,1719972421,1706002545.0,13969876,-127058380,365308343,346586109,1207308575,0.0
TR,IZMDC,2014,1970381025,1500713063.0,469667962,593756314,925637159,2134903288,2067782419.0,67120869,-25813756,101803157,249288933,1253772188,
TR,IZMDC,2015,2085583238,1819414189.0,266169049,712545590,1069603807,2076349851,1964203216.0,112146635,-203363429,223404104,232736371,1205050675,
TR,IZMDC,2016,2992871184,2316688895.0,676182289,948939935,1480867762,2209673040,1962685646.0,246987394,-82392280,276259554,353276922,1828978139,0.0
TR,IZMDC,2017,3043128324,2359526265.0,683602059,1059142373,1608725156,2977313462,2770702815.0,206610647,9356448,180180845,613620253,1767479038,0.0
TR,IZMDC,2018,3395540806,3078863862.0,316676944,1325396112,2267584721,4666022227,4368349282.0,297672945,-362037382,116080037,847537909,1686226510,0.0
TR,IZMDC,2019,3941791317,3614702713.0,327088604,1416034897,3004640062,4115351878,4102793908.0,12557970,-528810419,341578706,797689792,2364876830,0.0
TR,IZMDC,2020,4622121300,4179904081.0,442217219,1409291278,3278780228,5211853246,4881840255.0,330012991,-462523662,255835616,935300544,3029301372,0.0
TR,IZMDC,2021,7751117795,6950649684.0,800468111,4317521549,6287039528,10823179851,9694922205.0,1128257646,-782513004,2038466872,1812214071,2937901505,0.0
TR,IZMDC,2022,24811001842,15050217916.0,9760783926,10297734173,12025293343,47252206479,43387619204.0,3864587275,4629316137,2462661213,5890832212,12665410929,25.0
TR,IZMDC,2023,48279827801,22058698069.0,26221129732,13183560099,17053954015,50692145385,49162096144.0,1530049241,2034378177,2029095474,8672104847,32103945317,38.0
TR,IZMDC,2024,57249396519,31327301447.0,25922095072,19583082148,27847415726,60922595764,64073265828.0,-3150670064,-3183441152,4506491548,9962125670,36770525578,29.0
TR,IZMDC,2025,60070871052,33666238284.0,26404632768,18481030156,28535639548,69933659866,68428373542.0,1505286324,-1797672118,2564469508,8466678649,40988086070,0.0
TR,JANTS,2013,155739677,63405949.0,92333728,77560488,57516374,161071805,118544118.0,42527687,12140517,2756431,26013989,41214625,
TR,JANTS,2014,174936268,56669737.0,118266531,84562295,51601525,172956112,120680984.0,52275128,32236310,2522475,36253076,54581583,
TR,JANTS,2015,185383848,67169274.0,118214574,92629623,60014767,166967149,130111981.0,36855168,13615856,824258,41230758,58423153,
TR,JANTS,2016,187977227,59426379.0,128550848,96893559,51256369,167699434,135931812.0,31767622,14456043,8208028,37009568,60734300,3330000.0
TR,JANTS,2017,257810927,95419278.0,162391649,160817585,86228952,272930242,206379953.0,66550289,41864228,4950393,64708038,66160897,8325000.0
TR,JANTS,2018,345498082,129018900.0,216479182,207499098,113590202,438508546,333544750.0,104963796,57710620,9466514,80720449,92789131,16650000.0
TR,JANTS,2019,404714176,132362733.0,272351443,258713971,110799505,516293709,397060185.0,119233524,78738861,67557161,81646965,112798596,23310000.0
TR,JANTS,2020,559521427,185641425.0,373880002,386904572,163778428,686003064,506516377.0,179486687,150492336,131990799,93488332,139272155,52170000.0
TR,JANTS,2021,1564408793,578924356.0,985484437,873226096,481023704,1359033396,948351519.0,410681877,366627261,99323371,356273017,573052964,66600000.0
TR,JANTS,2022,5076788386,1785921050.0,3290867336,2413685584,1446258954,6493628132,4785977612.0,1707650520,592170203,519553225,932682453,2002928040,163213008.0
TR,JANTS,2023,7417457812,2238390815.0,5179066997,2867442063,1663174824,10888219813,8389438377.0,2498781436,716864043,923371438,839315295,3652951102,364290451.0
TR,JANTS,2024,9410104149,2689347529.0,6720756620,3181375544,1838648672,7205851944,5611121229.0,1594730715,131687676,1101593872,913457697,5372648995,405813469.0
TR,JANTS,2025,10181160647,2912550842.0,7268609805,3015346063,1720302810,6689419178,5637891432.0,1051527746,-88874487,546208653,1001852839,6891977036,26874973.0
TR,KAPLM,2013,79818390,54541234.0,25277156,44666494,50267046,92823554,79726501.0,13097053,-1895592,439896,8014075,34311706,
TR,KAPLM,2014,82631008,59278959.0,23352049,48687738,53949873,123497703,108118652.0,15379051,-1875858,1029557,8020283,32844277,
TR,KAPLM,2015,81219818,65445064.0,15774754,49196891,60034261,125658246,113970967.0,11687279,-7441213,796860,11312549,30839193,
TR,KAPLM,2016,77637438,63009910.0,14627528,47445573,60220665,113643299,94555521.0,19087778,-701055,988370,8847838,28966011,0.0
TR,KAPLM,2017,138934974,93304593.0,45630381,77664464,86313113,149182653,118266217.0,30916436,8641288,1265415,16657419,60364558,0.0
TR,KAPLM,2018,158503654,107066208.0,51437446,97855791,94236957,208389305,170048136.0,38341169,6395565,1633893,22064636,59761616,0.0
TR,KAPLM,2019,160353121,113085637.0,47267484,94858834,100532746,186876183,153380781.0,33495402,-3282791,1861948,20714630,62438844,0.0
TR,KAPLM,2020,205043360,151024274.0,54019086,130167215,138408352,232388449,183376860.0,49011589,7763383,3432900,32132997,70832261,0.0
TR,KAPLM,2021,370941370,282382591.0,88558779,290052761,274172606,472318577,376838269.0,95480308,34531791,4315770,72792677,77627428,0.0
TR,KAPLM,2022,1586005068,815552775.0,770452293,788391863,707221981,1913939124,1584331370.0,329607754,92930582,11361503,230573591,756891806,16917012.0
TR,KAPLM,2023,1909239641,905636468.0,1003603173,762471346,770212260,1945017652,1702749686.0,242267966,-87686934,9174751,188701259,1083118862,0.0
TR,KAPLM,2024,2737320846,1359945499.0,1377375347,996310600,1106896213,2303482853,1964450953.0,339031900,-138994756,11752636,194592105,1594386847,
TR,KAPLM,2025,2805846330,1250345076.0,1555501254,1058429749,1035233791,2584917278,2376576093.0,208341185,-454838299,6964636,154395939,1683352942,0.0
TR,KARCL,2023,17102846271,10213029290.0,6889816981,5370329261,5207901931,12739656964,10952198671.0,1787458293,1449695122,108700171,4009276017,11239117294,0.0
TR,KARCL,2024,21956006198,13436687128.0,8519319070,7218326368,7125287341,20249965885,17632253465.0,2617712420,1428579987,253550452,4987518650,14415083323,0.0
TR,KARCL,2025,28239500380,17846906472.0,10392593908,8857812545,10123837664,22971910492,19519309504.0,3452600988,1032787892,175816816,7109741678,18616244220,11764706.0
TR,KAREL,2013,284083268,132143471.0,151939797,205666951,117863012,182490811,136683586.0,45807225,14094182,63120589,62774501,20330292,
TR,KAREL,2014,322457215,160706138.0,161751077,231808939,122530715,218083021,165103703.0,52979318,10635244,70320706,73775581,25369923,
TR,KAREL,2015,387325531,218963479.0,168362052,285552090,173342776,255908276,190515277.0,65392999,7401391,54390806,93998626,28743226,
TR,KAREL,2016,447054050,269630805.0,177423245,321956691,182849106,321860625,257760973.0,64099652,10235932,57376097,107743756,28103596,0.0
TR,KAREL,2017,541086435,333808076.0,207278359,409999815,217794644,438281202,332315138.0,105966064,30605051,9683929,196555162,31326777,0.0
TR,KAREL,2018,775387766,504617688.0,270770078,645595647,454517935,729404869,497846770.0,231558099,67151114,91763832,277567214,37990043,0.0
TR,KAREL,2019,1113943568,734952676.0,378990892,923782826,589510629,800588512,582221352.0,218367160,112721280,293185305,274345344,67694408,0.0
TR,KAREL,2020,1515219651,1010981328.0,504238323,1250853135,889543631,1018677324,780283354.0,238393970,129746166,372692973,364925379,117560305,0.0
TR,KAREL,2021,1946391418,1376592104.0,569799314,1556250904,1009172416,1636823660,1251731406.0,385092254,66436133,65400874,743081429,204501579,0.0
TR,KAREL,2022,8414033833,6219533627.0,2194500206,5887338869,5450845739,6384327258,6041065920.0,343261338,-170161843,320792480,2577893305,1047060381,0.0
TR,KAREL,2023,11668355696,8009203591.0,3659152105,7820945307,7186064411,13655547980,11748205399.0,1907342581,420750439,907186070,3233070947,1529556286,81625649.0
TR,KAREL,2024,15061753165,12316300303.0,2745452862,9396119627,11044721174,18097249728,17280532140.0,816717589,-1949169119,374233861,3233597429,2293496740,0.0
TR,KAREL,2025,16800830346,14812552675.0,1988277671,10363204301,12986162498,19809344378,17648660750.0,2160683628,-1570798137,971542070,3497522098,3163049546,0.0
TR,KARSN,2013,1031492699,698027419.0,333465280,446604033,221400515,912548887,751576474.0,160972413,4409910,39440493,96118874,295778784,
TR,KARSN,2014,1134687816,901843489.0,232844327,340949890,218491332,358284009,323911959.0,34372050,-100018618,17778999,90189394,425333668,
TR,KARSN,2015,1669804271,1427935580.0,241868691,559088798,547975051,1026071041,903026989.0,141523239,-70148980,24464535,135103682,450214569,
TR,KARSN,2016,1606671027,1283031593.0,323639434,495495769,618616421,796989049,737606639.0,88953404,-95782823,6595270,111964203,445226451,0.0
TR,KARSN,2017,1826045346,1471040912.0,355004434,680017850,426246801,953186497,849103192.0,143738001,2082943,16241710,109867482,463849772,0.0
TR,KARSN,2018,2359885033,2032321162.0,327563871,1035696081,1242154323,1441587850,1224801604.0,279809800,-23387670,82769148,184366071,561416085,0.0
TR,KARSN,2019,2493151000,1872408000.0,620743000,1300368000,1376053000,1704291000,1416645000.0,315220000,20305000,47239000,124280000,467628000,0.0
TR,KARSN,2020,2716947000,1988781000.0,728166000,1545117000,1104709000,1560367000,1141915000.0,474038000,20720000,69837000,177761000,530595000,0.0
TR,KARSN,2021,3737266000,2743373000.0,993893000,1925327000,2137461000,2069462000,1526105000.0,574135000,108278000,103061000,314181000,764063000,0.0
TR,KARSN,2022,14114337000,9819889000.0,4294448000,6773028000,7425102000,5264421000,4634091000.0,727260000,-167110000,91936000,1846567000,3519813000,0.0
TR,KARSN,2023,15831412000,10600386000.0,5231026000,7963581000,8531336000,10717162000,8873309000.0,1843853000,532002000,1482888000,1812675000,3902813000,0.0
TR,KARSN,2024,19794397921,12608051735.0,7186346186,10004211947,10152769505,14224493460,11370269737.0,2854223723,102579009,1542148548,1886196417,5365695412,0.0
TR,KARSN,2025,22875732324,14916032862.0,7959699462,12470327396,12436685915,18265609371,13204088443.0,5061520928,197072038,1679738962,3253433314,5809805077,0.0
TR,KARTN,2013,282842260,32901706.0,249940554,146520263,28517813,224216211,184630530.0,39585681,35805409,61216664,45317018,67989499,
TR,KARTN,2014,332028771,71841124.0,260187647,89040653,68115300,199846452,182051961.0,17794491,19440539,4617633,44043802,211964823,
TR,KARTN,2015,358951304,77468508.0,281482796,117866550,69789653,269535442,245598030.0,23937412,21711018,5497163,59088348,219951014,
TR,KARTN,2016,351314360,67464385.0,283849975,128027653,57240839,320454576,283917165.0,36537411,2914248,15150104,63257774,202976149,58305.0
TR,KARTN,2017,375565445,62602364.0,312963081,171010569,53963551,479476905,400751516.0,78725389,38463313,33866079,73184935,188824076,9155434.0
TR,KARTN,2018,487898980,80176982.0,407721998,269609661,67379322,637093284,476584019.0,160509265,113551736,93925629,103454020,187952091,18320931.0
TR,KARTN,2019,548930694,92762379.0,456168315,303489985,75490744,737165985,613184889.0,123981096,81399680,90098119,133081463,205839987,32022976.0
TR,KARTN,2020,698591321,124780531.0,573810790,421232621,101698541,898903315,698402343.0,200500972,137352733,184978244,128906230,233217556,18810912.0
TR,KARTN,2021,1183953771,295817210.0,888136561,818975351,264757575,1588647216,1166395954.0,422251262,379380737,420621833,171495394,300334864,60384893.0
TR,KARTN,2022,4090743352,787348343.0,3303395009,2245704887,556208135,6554995815,5165683515.0,1389312300,537699840,625235359,1086458628,1740009860,282875852.0
TR,KARTN,2023,4353951808,910009683.0,3443942125,1479148275,764825940,3581180417,4247452441.0,-666272024,-896397980,137324746,805914153,2415540304,411973931.0
TR,KARTN,2024,5137509774,1502973518.0,3634536256,2002472551,1410098948,5066474193,5585945980.0,-519471787,-852960277,264648015,1245353876,2507348333,1474286.0
TR,KARTN,2025,5068008060,2154265898.0,2913742162,1505590553,1427708688,4732912220,6131701720.0,-1398789500,-1368623548,81310631,937279165,2502882341,1594829.0
TR,KATMR,2013,236895337,206032060.0,30863277,202128694,165163972,146424469,111262901.0,35161568,-7922771,6227985,82777457,24630173,
TR,KATMR,2014,212094921,168732726.0,43362195,169819622,114931006,169794388,135963009.0,33831379,9174100,6743368,77965373,27439031,
TR,KATMR,2015,228674940,165995290.0,62679650,177197627,111129914,310672906,236779450.0,73893456,18629856,16981050,59656872,33486482,
TR,KATMR,2016,293363849,221188624.0,72175225,224326660,158989222,144583597,88147132.0,56436465,9601472,6161712,92239330,42631846,0.0
TR,KATMR,2017,524595729,432148930.0,92446799,431478329,262640633,177225811,86416376.0,90809435,11751574,35952961,212311823,52364397,0.0
TR,KATMR,2018,688542891,612425345.0,76117546,585312525,445145089,270481715,163403481.0,107078234,-15699887,24738007,337940389,60267345,0.0
TR,KATMR,2019,889592212,776809354.0,112782858,764783105,228223955,278914003,148925106.0,129988897,-13535707,33948135,467711106,68347434,0.0
TR,KATMR,2020,1104101506,864089019.0,240012487,917166118,308470555,353082258,136774509.0,216307749,-37465104,10445910,573654237,98663039,0.0
TR,KATMR,2021,1767128339,1130713189.0,636415150,1571608931,528443239,400554104,182551034.0,218003070,-41665808,93945220,718524429,105094897,0.0
TR,KATMR,2022,6097790087,3192879913.0,2904910174,5079059197,1633839215,1574853034,1295038693.0,279814341,-245048868,78700936,3270253077,764972687,0.0
TR,KATMR,2023,8466201239,3649133811.0,4817067428,7136160439,2048923184,2194713630,1889024119.0,305689511,-244717269,53932878,4605300762,1089540259,0.0
TR,KATMR,2024,11039617597,3814598482.0,7225019115,9463030652,2888302228,1753332946,1005870108.0,747462839,716150129,325530090,6143979178,1352000428,0.0
TR,KATMR,2025,15015678368,5502130542.0,9513547826,13328271497,4835453722,2474029122,1352657291.0,1121371831,728278342,421379559,8588478800,1326046297,0.0
TR,KAYSE,2020,4456535741,2588636768.0,1867898973,1666740338,1565534412,2841531388,2568344995.0,273186393,-26218973,205491545,522155117,1436311613,0.0
TR,KAYSE,2021,7735800434,2214147413.0,5521653021,1959416983,1532508498,5138188878,3430816577.0,1707372301,1353666740,180318612,554991029,3842325459,0.0
TR,KAYSE,2022,36027426531,11977733685.0,24049692846,13745082930,9154250730,14990572896,11700854404.0,3289718492,6764540386,944487022,8244185705,12099431137,0.0
TR,KAYSE,2023,60354779049,22987574456.0,37367204593,27492908811,18043378884,25202146407,23707743507.0,1494402900,272673178,1024026381,12669145622,18393726731,369485839.0
TR,KAYSE,2024,71822309794,22719794025.0,49102515769,25772261961,15746609482,39581446251,36554054142.0,3027392109,-1168903343,2543943284,3529851590,25617400795,0.0
TR,KAYSE,2025,71429771937,27029886802.0,44399885135,25750937822,19874233860,24311141528,24418860901.0,25802817,-4600970118,1413792473,3839671904,24777908862,0.0
TR,KBORU,2020,92211412,73407478.0,18803934,34300075,29292171,106453352,75911339.0,30542013,2458452,3303565,21822282,57853954,0.0
TR,KBORU,2021,327668344,210430804.0,117237540,154037868,172489408,226417906,177444045.0,48973861,5756687,19035236,30228075,173433919,0.0
TR,KBORU,2022,1098882804,519506133.0,579376671,481309410,453863740,1479305667,1139816002.0,339489665,202002816,24434646,222404290,616105804,0.0
TR,KBORU,2023,3702976690,1287083695.0,2415892995,2278412921,1129830006,2954440858,2034678065.0,919762793,316511312,1015091980,563328978,1423413272,0.0
TR,KBORU,2024,7091236125,3134540652.0,3956695473,3540465957,1897391473,5176548230,4139900121.0,1036648109,848736705,399105754,1284381429,3409414666,83965267.0
TR,KBORU,2025,12118863150,7225187361.0,4893675789,7186576111,3943960801,5818169675,4458890931.0,1359278745,708211310,319613912,3543318062,3998585171,177896626.0
TR,KCAER,2019,1239922920,1108246473.0,131676447,602507514,753848671,1781563409,1583589620.0,197973789,-23442894,23712146,282275579,492413500,0.0
TR,KCAER,2020,1438003044,1178996176.0,259006868,621266918,770407941,1965991003,1651086780.0,314904223,81629157,12219536,269755415,641002331,0.0
TR,KCAER,2021,3460850875,2527472815.0,933378060,2125444000,2116975759,4216306544,3364737035.0,851569509,135368253,310435432,625708360,1139322031,0.0
TR,KCAER,2022,11888679570,6302958987.0,5585720583,6514136716,5745461916,17588426966,14483234207.0,3105192759,970005121,760411359,2219087293,4756247998,0.0
TR,KCAER,2023,17411963852,7854615799.0,9557348053,8896158264,6192399440,22219241593,17950078874.0,4269162719,1705049800,973000863,4130971951,7712164473,218214471.0
TR,KCAER,2024,25908455798,13479542244.0,12428913554,13427908090,10598818111,25177414647,21177831848.0,3999582799,108802615,3371116293,3923569088,11397313411,294939601.0
TR,KCAER,2025,28828641184,15258489645.0,13570151539,14406265084,11444162269,26532597462,21532765157.0,4999832305,527328245,4725735344,3759541627,13316501204,150806682.0
TR,KCHOL,2013,58789960000,32599367000.0,26190593000,25857067000,19182420000,65942213000,59025599000.0,7005502000,4000309000,8897078000,6540179000,14872746000,1584148000.0
TR,KCHOL,2014,63941008000,34639539000.0,29301469000,25230847000,19016744000,68336365000,60920786000.0,7511915000,4214282000,9907831000,5465868000,16870290000,
TR,KCHOL,2015,72984902000,39309304000.0,33675598000,29992478000,20902762000,69110098000,57766595000.0,11453676000,5829351000,10553331000,5680030000,19127538000,991328000.0
TR,KCHOL,2016,88071112000,51205214000.0,36865898000,41077302000,26877153000,70432243000,58347522000.0,12228938000,5276386000,16996921000,8095781000,19840024000,2151220000.0
TR,KCHOL,2017,104064368000,61133350000.0,42931018000,52950143000,35654653000,98272831000,82173057000.0,16277375000,7897427000,20850437000,11038358000,21486258000,2299013000.0
TR,KCHOL,2018,125275881000,78317471000.0,46958410000,64765742000,40578455000,142469768000,120252216000.0,22438790000,8425093000,24577490000,14248311000,26396819000,3392767000.0
TR,KCHOL,2019,151343588000,101691553000.0,49652035000,82228762000,59026121000,152906954000,131551404000.0,21584759000,5921284000,37816360000,17430843000,30153905000,3433426000.0
TR,KCHOL,2020,630100544000,542029492000.0,88071052000,341574474000,414492964000,142535886000,119935381000.0,44330894000,12633297000,60360801000,18651844000,38520817000,998094000.0
TR,KCHOL,2021,1020553000000,899448000000.0,121105000000,605973000000,709677000000,273653000000,227236000000.0,80065000000,26185000000,93849000000,46258000000,51168000000,3407000000.0
TR,KCHOL,2022,2817316000000,2207383000000.0,609933000000,1634866000000,1888144000000,1399472000000,1185516000000.0,404943000000,129576000000,249825000000,133941000000,255611000000,10489000000.0
TR,KCHOL,2023,4127744000000,3154238000000.0,973506000000,2472313000000,2693843000000,1760013000000,1437943000000.0,543799000000,178415000000,417840000000,167231000000,398275000000,49110000000.0
TR,KCHOL,2024,5115471165199,3991545859174.0,1123925306025,3061157950487,3409290968429,2109315480190,1814798577964.0,429110866067,-6921586346,402064584171,217577082444,557418071357,78289319692.0
TR,KCHOL,2025,5851495995954,4649226826632.0,1202269169322,3319260443464,3806961771111,2023218343818,1693762481173.0,516477932091,38104709521,394857136345,214676264171,618267288683,46039706066.0
TR,KENT,2013,536892908,199337385.0,337555523,258550669,186636055,584231922,414267261.0,169964661,-15667177,1102238,60333653,173653459,
TR,KENT,2014,563793955,206840523.0,356953432,291584314,178165071,623240858,439901330.0,183339528,22317164,90565630,44316274,159062538,
TR,KENT,2015,596358279,190652270.0,405706009,297656698,175505390,554794738,355677191.0,199117547,51364755,126464424,43320531,209877870,
TR,KENT,2016,586605872,236131720.0,350474152,226905013,216246451,603355395,421567828.0,181787567,-15869405,13352734,56229208,273973330,73088201.0
TR,KENT,2017,627045283,233323151.0,393722132,288476817,217810461,719923753,502387606.0,217536147,40237888,7572378,84555968,253007604,0.0
TR,KENT,2018,780906275,340569052.0,440337223,416673489,322078136,872154124,629420898.0,242733226,55868719,21305838,122145286,286667358,0.0
TR,KENT,2019,870136658,408755570.0,461381088,470604329,385154277,1022443260,763335921.0,259107339,24668715,30212670,130792985,313593950,0.0
TR,KENT,2020,1278104106,469633898.0,808470208,628599527,440551852,1238731412,918946407.0,319785005,158569653,70834292,181629189,547404040,0.0
TR,KENT,2021,1728550431,710932760.0,1017617671,1029143753,667480281,1764414881,1381365614.0,383049267,221857587,31983106,329187167,622716868,0.0
TR,KENT,2022,9063089244,5117661188.0,3945428056,5384070638,4372540579,9390018512,8013550515.0,1376467997,-59452017,305078239,1842498326,3526341450,0.0
TR,KENT,2023,11653025319,5175240878.0,6477784441,6443242026,4778635765,16410811342,13521711014.0,2889100328,773340626,811805457,2353159641,4960957911,0.0
TR,KENT,2024,14265683028,6846774685.0,7418908343,7676206522,6313788650,17178716962,15262360400.0,1916356561,-1013517457,1044420515,2204772242,6302099899,0.0
TR,KENT,2025,14485050636,6985786544.0,7499264092,7975898303,6589869967,18917223835,15942399445.0,2974824390,-709135046,1724865074,1478573611,6324507500,0.0
TR,KERVN,2013,777214077,512028658.0,265185419,212963323,395938870,202762708,169511534.0,33251174,-74704128,3433791,53591516,456464481,
TR,KERVN,2014,860100575,636496883.0,223603692,338237546,419347501,228872008,180350270.0,48521738,-22426223,137297172,55545506,375130812,
TR,KERVN,2015,910679975,691901337.0,218778638,363262177,497540849,183040519,136813579.0,46226940,-65635597,143973675,26255971,434827137,0.0
TR,KERVN,2016,826496137,700636125.0,125860012,260188318,626320812,75924484,64500855.0,11423629,-149133556,4193084,32955088,436213976,0.0
TR,KERVN,2017,1146411423,834225048.0,312186375,246787483,725743639,86984766,58352801.0,28631965,-47122598,4919064,32476197,692749746,0.0
TR,KERVN,2018,1123734082,991955026.0,131779056,391014844,941546532,128881623,93720022.0,35161601,-136080000,5630609,26995833,608707725,0.0
TR,KERVN,2019,973419436,952930392.0,20489044,249725423,901658313,157048895,117993564.0,39055331,-164902125,4598852,7228187,238378119,0.0
TR,KERVN,2020,1001212702,1391937357.0,-390724655,281629450,1328995294,53081557,7414907.0,45666650,-412423181,4349189,6361267,148521707,0.0
TR,KERVN,2021,1817723112,2189542431.0,-371819319,281798495,2085379411,73988289,7199983.0,66788306,-58180154,4433339,0,221461163,0.0
TR,KERVN,2022,3034892582,3067623534.0,-32730952,22990153,2899264168,7109,6769.0,340,-188585174,3339280,58158,1060097,0.0
TR,KERVN,2023,7821228642,7270538699.0,550689943,36044083,6493137946,1168983,1468286.0,-299303,-558543800,6545116,256409,1747363,0.0
TR,KERVN,2024,10192841596,8061793513.0,2131048083,140302155,7022884144,4182749,3834201.0,348548,325013486,6625014,18516,1814848,0.0
TR,KERVN,2025,11334562766,9029622945.0,2304939821,345826467,8287697785,591651,784358.0,-192707,-49669165,6798572,0,2176762,0.0
TR,KFEIN,2015,17837943,6472396.0,11365547,15359269,5612327,32154404,25859053.0,6295351,3075403,3469134,372970,540671,0.0
TR,KFEIN,2016,20055650,4849782.0,15205868,16968869,4357438,36918822,29530051.0,7388771,3754149,5107570,0,532842,0.0
TR,KFEIN,2017,27345833,8328911.0,19016922,24998202,7454327,47202321,37287206.0,9915115,4802218,2160927,0,594459,0.0
TR,KFEIN,2018,110478405,26928082.0,83550323,58079217,22034381,97668115,67061921.0,30606194,16579561,8859394,1180932,1475299,0.0
TR,KFEIN,2019,159129507,27748578.0,131380929,74956371,18351732,123768574,80483689.0,43284885,22363921,27146794,1098673,2069513,0.0
TR,KFEIN,2020,327202905,98381581.0,228821324,100504842,82650594,171973987,123238485.0,48735502,33390882,28066969,405511,5322194,0.0
TR,KFEIN,2021,300327454,120408137.0,179919317,148044069,98475080,265074491,184672086.0,80402405,16905470,23001141,31714,6051738,0.0
TR,KFEIN,2022,775797933,213098565.0,562699368,358806858,150434200,759626691,562890586.0,196736105,13136573,85653116,2855132,25662614,2054700.0
TR,KFEIN,2023,1347872909,399501449.0,948371460,891317582,363334011,1598558978,1140694971.0,457864007,150495232,235674074,0,39119867,4125082.0
TR,KFEIN,2024,1919620106,605054685.0,1314565421,1200551199,572481896,2511760287,1897474996.0,614285291,292120596,292888895,0,99189415,5799194.0
TR,KFEIN,2025,2434037688,968865096.0,1465172592,1472381398,891917191,3129837410,2557988442.0,571848967,75745337,205417921,0,226284514,7474428.0
TR,KGYO,2013,122432236,86291032.0,36141204,79111045,45422399,35093458,31152189.0,3941269,-19436854,96849,61304128,1728852,
TR,KGYO,2014,184608611,117511596.0,67097015,67950503,108737778,43614800,38633412.0,4981388,31372339,289028,44838167,1711280,
TR,KGYO,2015,182117858,105286185.0,76831673,56568102,96876505,56943555,47263989.0,9679566,6106009,209260,27033693,1596940,231451.0
TR,KGYO,2016,105958732,42053175.0,63905557,49189778,33631225,43939085,36880505.0,7058580,-8226394,1208871,18871761,1508450,289635.0
TR,KGYO,2017,89511533,19451533.0,70060000,29966797,10805648,52175416,42447899.0,9727517,2280178,10583731,7699762,1442852,306378.0
TR,KGYO,2018,93296774,15233977.0,78062797,21307993,6855117,45077766,35527738.0,9550028,9027935,7947707,2956643,1415381,301322.0
TR,KGYO,2019,97183978,15250856.0,81933122,36748394,8006082,47287877,36976999.0,10310878,4484769,10674494,2956583,1470013,352735.0
TR,KGYO,2020,97400240,13634442.0,83765798,36496979,7913939,49780650,39283261.0,10497389,2181461,13580293,2956583,1414466,91283.0
TR,KGYO,2021,122991021,15226998.0,107764023,41075605,9478689,61043046,48493300.0,12549746,25162077,17545438,619,1953541,609425.0
TR,KGYO,2022,1222597739,970685905.0,251911834,63742229,205812754,247476243,248913460.0,-1437217,-39412089,45871058,4287,5213943,971012.0
TR,KGYO,2023,5357938199,4068717827.0,1289220372,65649924,145958523,310659187,255416586.0,55242601,929330418,10034122,0,8607825,1401934.0
TR,KGYO,2024,7999198929,6020908184.0,1978290745,1795870115,1172087828,394938374,336842217.0,58096157,-85302765,33372984,1263887240,8604123,2889495.0
TR,KGYO,2025,9537863432,8191225155.0,1346638277,3279117552,3398685924,462657469,395137994.0,67519475,-824585570,31225255,2487106494,14998882,5207881.0
TR,KIMMR,2018,374458324,232332039.0,142126285,189991469,212666530,590884678,429023290.0,161861388,-25899591,24502785,80920321,106804976,0.0
TR,KIMMR,2019,503219954,335652502.0,167567452,286240454,238248147,716001980,531505285.0,184496695,13548559,24104038,166946011,130707901,0.0
TR,KIMMR,2020,609067314,420820683.0,188246631,377004741,319709294,983951509,758544678.0,225406831,15177843,69756818,246568493,140784350,0.0
TR,KIMMR,2021,925159861,489779145.0,435380716,632375578,364767702,1298811232,951704704.0,347106528,20411820,250334732,319186264,152411042,0.0
TR,KIMMR,2022,2854322174,1613930739.0,1240391435,1370960068,1039218553,4749011197,3686207564.0,1062803633,-369795087,435426714,635147873,671535114,0.0
TR,KIMMR,2023,5418823872,2876410620.0,2542413252,2065160718,1680762609,8939914283,6777022031.0,2162892252,513793144,907161765,789957536,1388014998,0.0
TR,KIMMR,2024,8273327875,4520066292.0,3753261583,2911894794,2457334462,12340758631,9556921518.0,2783837113,459415165,1683430844,817743481,1826107526,0.0
TR,KIMMR,2025,9916796555,5099412385.0,4817384170,3187679955,2925319810,15387807901,11744690169.0,3643117732,716150471,1607602309,1104057254,2014280130,0.0
TR,KLGYO,2013,602835810,306778227.0,296057583,280705365,152188644,64624773,24207440.0,40417333,-11065189,52914117,107039337,319923,
TR,KLGYO,2014,922747825,286978538.0,635769287,321078865,137281140,65751867,16124298.0,49627569,-57713,30348684,110434044,374878,
TR,KLGYO,2015,1168392947,409324320.0,759068627,356364901,234317697,38034514,286188.0,37748326,48557745,1007457,195259423,461974,0.0
TR,KLGYO,2016,1476456415,686638652.0,789817763,553590159,475019516,14731062,2140964.0,12590098,30750490,4719566,362776209,1018492,0.0
TR,KLGYO,2017,1874790310,838120798.0,1036669512,693772942,550253015,369611249,127886077.0,241725172,313095671,18255702,424808343,2404778,0.0
TR,KLGYO,2018,2187068000,1009800000.0,1177268000,941654000,633992000,101398000,73444000.0,27954000,144231000,5188000,385489000,2249000,0.0
TR,KLGYO,2019,1406889000,677317000.0,729572000,786032000,578330000,747299000,1030232000.0,-282933000,-447638000,44439000,420026000,2271000,0.0
TR,KLGYO,2020,1852128000,637427000.0,1214701000,1183071000,604027000,269034000,217043000.0,51991000,-12910000,428371000,576422000,12451000,0.0
TR,KLGYO,2021,2989448000,1227905000.0,1761543000,1938265000,1217075000,524193000,363237000.0,160956000,547432000,716240000,862525000,14409000,0.0
TR,KLGYO,2022,17310293000,6452165000.0,10858128000,11867036000,5979187000,2289281000,856679000.0,1432602000,3524337000,82630000,6520094000,62093000,0.0
TR,KLGYO,2023,29908799000,12183866000.0,17724933000,18230938000,11564509000,338482000,72239000.0,266243000,2046673000,137997000,10827908000,157309000,138765000.0
TR,KLGYO,2024,33069356543,8746731963.0,24322624580,15154105177,5190461998,11406580578,6595015221.0,4811565356,1122740730,99691524,11881473654,193396034,181766250.0
TR,KLGYO,2025,37426274469,11388744781.0,26037529688,16766849073,6096935090,780553429,225322650.0,555230778,-726462083,22151086,14969893122,208441388,0.0
TR,KLKIM,2018,297233288,172678722.0,124554566,165222006,101744302,346386499,237686599.0,108699900,23653979,26754659,32225347,92920913,0.0
TR,KLKIM,2019,361195847,204296569.0,156899278,211791971,190621450,381482199,245165636.0,136316563,29270537,72330687,24211803,95456674,0.0
TR,KLKIM,2020,470434548,231859388.0,238575160,295277401,208950544,526247127,320540797.0,205706330,82494557,124328312,35318387,107137082,0.0
TR,KLKIM,2021,984137844,339880443.0,644257401,753248058,316019379,809990145,502927297.0,307062848,213244705,452276853,75646429,140297682,12500000.0
TR,KLKIM,2022,3393031515,1107464706.0,2285566809,2182844768,1002765521,4220881641,2907104785.0,1313776856,429769900,821897448,394693714,812551543,102752022.0
TR,KLKIM,2023,5571777025,1925969386.0,3645807639,3294381250,1785121366,6739714859,4134910627.0,2604804232,656776966,1291688837,475111905,1558886911,237472117.0
TR,KLKIM,2024,8616701997,2623020514.0,5993681483,5100173860,2432718296,9806902816,5859053798.0,3947849018,1295181176,2268563493,716618870,2600580922,98479082.0
TR,KLKIM,2025,10862556273,3293724736.0,7568831537,6326504583,2948202414,11770384950,6945338651.0,4825046299,1322479508,2844271371,836854599,3329361158,263007104.0
TR,KLMSN,2013,299927591,238668598.0,61258993,250878141,131139446,250648305,203669040.0,46979265,12795674,82131859,26379301,39227114,
TR,KLMSN,2014,344164864,272127118.0,72037746,292844589,126605816,227734963,182715419.0,45019544,10626464,72356153,38924281,38215871,
TR,KLMSN,2015,399915374,307272893.0,92642481,342284854,130841732,267094234,209932396.0,57161838,21890996,100314608,49081046,39038483,
TR,KLMSN,2016,543231473,411891299.0,131340174,472741216,192290930,337777906,266786869.0,70991037,40008952,71070817,43046532,50754656,2057907.0
TR,KLMSN,2017,645076970,498348301.0,146728669,554131425,227887332,426705590,342784156.0,83921434,14694032,151771957,103455333,66725175,0.0
TR,KLMSN,2018,880370118,670797937.0,209572181,762295507,380112534,717382498,567752032.0,149630466,60282875,113874141,124272866,94897310,1000000.0
TR,KLMSN,2019,1196028860,877178069.0,318850791,1006414237,516740392,1035061928,829727758.0,205334170,112932138,229531239,115926186,145002638,7920000.0
TR,KLMSN,2020,1479691169,1138043727.0,341647442,1286678306,591829220,978280732,752509182.0,225771550,48572778,243520371,187396553,150076955,26484313.0
TR,KLMSN,2021,3220291538,2611604464.0,608687074,2282374634,1748406261,1735021684,1361730374.0,373291310,21538620,578830539,392901281,413881295,5000000.0
TR,KLMSN,2022,4250386853,2633352016.0,1617034837,2514199147,2078242288,2772970991,2362395015.0,410575976,137023688,129959336,784301900,1335011407,5000000.0
TR,KLMSN,2023,7710909183,4768741197.0,2942167986,4092279632,4029951143,3578519872,3084659165.0,493860707,125512362,207040415,1021205108,2556112937,6000000.0
TR,KLMSN,2024,11860038575,7308829442.0,4551209133,7044870552,5144635585,7501599088,6615364058.0,886235030,-341164566,684617134,1582312707,4466777866,0.0
TR,KLMSN,2025,10921070349,6567365860.0,4353704489,5529618033,4533059120,7518655067,6511674796.0,1006980271,-573605455,410907251,1460043234,4972168706,0.0
TR,KLRHO,2019,2066606000,868961000.0,1197645000,883843000,733571000,851750000,1127475000.0,-275725000,-231530000,55698000,494804000,11179000,0.0
TR,KLRHO,2020,3038215000,844528000.0,2193687000,1336729000,800359000,406234000,313656000.0,92578000,331542000,443499000,598700000,21996000,0.0
TR,KLRHO,2021,4988009000,1486737000.0,3501272000,2865189000,1410481000,993752000,641888000.0,351864000,1515447000,937154000,1009331000,20611000,0.0
TR,KLRHO,2022,24217932000,7302800000.0,16915132000,14121722000,6546529000,4457842000,2499012000.0,1958830000,4232340000,288903000,6584157000,558075000,0.0
TR,KLRHO,2023,46866657000,15406404000.0,31460253000,21722428000,13096601000,4467885000,3489101000.0,978784000,7417697000,684482000,11247059000,2471618000,0.0
TR,KLRHO,2024,60378769979,16037086502.0,44341683477,22279052390,9234109549,17805813598,11736376889.0,6069436709,3006749936,1169767726,12358259433,5323080797,0.0
TR,KLRHO,2025,78615075388,25392039562.0,53223035826,34550215109,16246099381,7562728454,5094557187.0,2985429384,3950366119,3840259926,15420207202,6946592644,0.0
TR,KLSER,2019,1248348793,1144758944.0,103589849,731258353,724032608,1159076875,1017465833.0,141611042,-294496256,45717262,295710017,420185945,0.0
TR,KLSER,2020,1347593406,1180635960.0,166957446,830108715,817589416,1546425860,1152855036.0,393570824,73809254,46873599,286037844,383576764,0.0
TR,KLSER,2021,2707521978,2243233106.0,464288872,2083481601,1923968009,2618760968,1832309557.0,786451411,294679248,827686058,446653135,448903425,0.0
TR,KLSER,2022,10418470143,5689783120.0,4728687023,5799675659,4885731479,12258407931,9672376181.0,2586031750,2177569668,383138741,2770774454,3414113659,0.0
TR,KLSER,2023,18048163804,6827238707.0,11220925097,10214049698,5260578727,14024533498,11818947191.0,2205586307,426298983,3294106690,3954159372,5927733356,0.0
TR,KLSER,2024,20256191585,10714673734.0,9541517851,9364376279,8946400125,13022126783,13003484589.0,18642195,-4893590534,1908685240,4344540560,8592684331,151506280.0
TR,KLSER,2025,21111636543,14567509818.0,6544126725,9776664123,11370624104,15474729278,13694666233.0,1780063045,-4057001217,621569220,4162941373,9426101823,0.0
TR,KLSYN,2018,406419777,305649851.0,100769926,280815547,226243562,227052590,116049389.0,111003201,-3219928,27813533,71561811,122369761,0.0
TR,KLSYN,2019,863575242,418920469.0,444654773,168481317,214333063,228171274,132369795.0,95801479,15139,37000265,52407255,687849730,0.0
TR,KLSYN,2020,819861361,444953414.0,374907947,116616346,237220035,212895623,116629371.0,96266252,99375,16546322,48149496,694608653,0.0
TR,KLSYN,2021,982039066,551206234.0,430832832,160305941,297205135,278567717,154025741.0,124541976,3258986,20314425,62352923,427878945,0.0
TR,KLSYN,2022,2293525274,1047684699.0,1245840575,551655933,612421244,980358612,431900163.0,548458449,-274026919,98410771,283367062,1028461716,0.0
TR,KLSYN,2023,3334756782,1584229245.0,1750527537,852858828,812320981,1927795650,683395989.0,1244399661,29626107,82896097,492362536,1578408879,28556238.0
TR,KLSYN,2024,5184226734,1773109217.0,3411117517,1017027369,902929755,2213924485,1006615007.0,1207309478,576947309,82190629,511728556,3122405675,0.0
TR,KLSYN,2025,6404666374,2367477665.0,4037188709,1422761593,1007921745,2334585458,1165650829.0,1168934629,94254862,518850547,535033018,3688130637,79797206.0
TR,KLYPV,2021,5880561823,3978137061.0,1902424762,1457333413,3548028233,1713903324,1359284431.0,354618893,638274760,7621735,821979726,3921632499,0.0
TR,KLYPV,2022,10423088849,7470895743.0,2952193106,4242759041,3915431750,5445699997,4897385532.0,548314465,256922012,56602558,2340702587,5282982648,0.0
TR,KLYPV,2023,17504074272,9462413279.0,8041660993,5031900965,4477555578,10560889333,8780724257.0,1780165076,2732801717,33729725,3084454625,8825751643,0.0
TR,KLYPV,2024,31734515320,19728210965.0,12006304355,10873136605,13699710488,7642932979,6516308307.0,1126624672,-460943168,156356697,6420685493,14641155909,0.0
TR,KLYPV,2025,40166638162,25535510679.0,14631127483,12226357755,10213154191,8936692769,7002498670.0,1934194099,-760807183,2255299915,5307185698,21146757894,0.0
TR,KMPUR,2019,573737731,365797146.0,207940585,485784984,355587277,714998947,600126965.0,114871982,36222616,53233548,97932692,71223694,0.0
TR,KMPUR,2020,1065463629,790004650.0,275458979,965595205,777982690,938761333,746872265.0,191889068,80395943,281177515,119127696,68795278,12896345.0
TR,KMPUR,2021,2208353772,1641701255.0,566652517,2071253090,1630105417,2172688464,1793241157.0,379447307,316423046,522234256,360185736,108016454,50000000.0
TR,KMPUR,2022,7722063217,5194946599.0,2527116618,6740802434,4566093831,9367138928,8053805149.0,1313333779,419601917,1546091318,1076727074,837319053,287634677.0
TR,KMPUR,2023,12831927222,8907983164.0,3923944058,11061725726,8227026905,15350505099,12759304893.0,2591200206,873365783,1527256514,1282851940,1604970929,541605310.0
TR,KMPUR,2024,12704826270,9252003139.0,3452823131,10197185819,9175133568,17335755087,14864675740.0,2471079346,-1394394886,415501238,2292047844,2098273809,160126304.0
TR,KMPUR,2025,12850024424,9100309563.0,3749714861,9792803009,8453491854,14769407515,11974692206.0,2794715309,-422267061,983472715,1656485024,2546983445,0.0
TR,KNFRT,2013,76507662,34838930.0,41668732,65168438,29587643,59878375,42932323.0,16946052,4013237,198269,45297792,10290771,
TR,KNFRT,2014,63518439,10570656.0,52947783,52753791,8444122,73427756,49940505.0,23487251,11335541,3040706,34902732,9748744,
TR,KNFRT,2015,67152031,7769291.0,59382740,54830228,6339213,50369864,40264874.0,10104990,6531989,578841,38153039,11169361,
TR,KNFRT,2016,86709590,17414066.0,69295524,67298284,16070119,44048311,31872737.0,12175574,9887534,35050,55294291,17415145,0.0
TR,KNFRT,2017,111756881,27069178.0,84687703,64047055,25309650,74442748,52929635.0,21513113,15535299,63722,48916706,40918360,0.0
TR,KNFRT,2018,211505675,93408080.0,118097595,144302767,91105216,134884494,86050816.0,48833678,33600672,415893,105954734,60809072,0.0
TR,KNFRT,2019,305939981,169232330.0,136707651,231354136,166483304,182107390,132679068.0,49428322,18683725,1570533,143234985,67665769,0.0
TR,KNFRT,2020,429861413,267506920.0,162354493,349219682,262800450,272828610,219168357.0,53660253,24407282,2453610,162927871,75025565,0.0
TR,KNFRT,2021,686813199,477140083.0,209673116,589524086,467496025,811448972,716914417.0,94534555,50712077,3541452,276721343,93325833,0.0
TR,KNFRT,2022,2877188947,1912337679.0,964851268,2255735091,1657603770,4092791887,3720655444.0,372136443,55996714,5748715,1154196933,605331729,0.0
TR,KNFRT,2023,3812146208,2206794689.0,1605351519,2877865836,2030221808,3983870290,3724638501.0,259231789,224029604,47694197,1452983137,868244327,0.0
TR,KNFRT,2024,3468697405,1461983590.0,2006713815,2598497070,1196781252,4634800430,4362960607.0,271839823,-343821105,23860469,259722793,807258944,0.0
TR,KNFRT,2025,4178278213,2162978406.0,2015299807,2686916728,1771788258,6793857255,6275849183.0,518008073,-323094163,31192272,387867879,1293378413,0.0
TR,KOCMT,2021,4937331211,1743275533.0,3194055678,2874392632,1728537910,17992802760,16549121263.0,1443681497,776565199,1089793218,815754385,1306897277,0.0
TR,KOCMT,2022,7749066615,2784860332.0,4964206283,3083144087,2771007354,10975545964,10521023017.0,454522947,1775728949,1183307797,1325023097,2739857041,0.0
TR,KOCMT,2023,10504894749,3224555352.0,7280339397,3572567103,3192512710,15816465176,14668858468.0,1147606708,114161481,853693379,1934861422,3932931244,0.0
TR,KOCMT,2024,16767291581,3935743492.0,12831548089,7646815952,3912986905,18804867710,18104392124.0,700475587,74247253,3184037133,3479901677,5165974002,0.0
TR,KOCMT,2025,18213539448,5217363384.0,12996176064,7088410853,4879439111,21948556751,21812179204.0,136377547,-1080283390,2142413105,2809278823,6142993767,0.0
TR,KONKA,2018,788067048,193389852.0,594677196,228283627,107133634,377899026,275964566.0,101934460,45646378,2189125,83752650,133647130,30462803.0
TR,KONKA,2019,888947371,309947973.0,578999398,321407061,162129746,399825062,322983190.0,76841872,18681554,26433195,86260227,134853530,46661151.0
TR,KONKA,2020,991208964,201860500.0,789348464,265796354,75838803,407964886,305953304.0,102011582,170471256,66996536,106328753,167626142,6216156.0
TR,KONKA,2021,1487324529,292238179.0,1195086350,504135382,163996156,810671064,567007194.0,243663870,402983994,239316437,99305995,227915240,16812009.0
TR,KONKA,2022,4816129515,765276782.0,4050852733,1597733607,209591149,3792694755,2457593215.0,1335101540,658678877,163576068,807668232,946627458,65597678.0
TR,KONKA,2023,7408291410,576933278.0,6831358132,1894411913,314093663,3802427161,3218306633.0,584120528,442309046,306571559,774575192,2003918776,192452780.0
TR,KONKA,2024,9559070047,1250307896.0,8308762151,2171229938,319704058,3735920603,3128218262.0,607702341,-585037476,112043545,1151797835,2779755750,0.0
TR,KONKA,2025,10663118248,1647551355.0,9015566893,2329529988,401524356,3585761162,3019863832.0,565897329,-516270576,273647531,616744920,2811281740,0.0
TR,KONTR,2017,37144882,26652326.0,10492556,22474454,20056008,34699051,25018745.0,9680306,545942,1723066,1962581,10685976,0.0
TR,KONTR,2018,83608631,71155348.0,12453283,66673097,64941061,59266831,42972386.0,16294445,1405562,20676545,16059673,13782954,0.0
TR,KONTR,2019,175997469,133587152.0,42410317,141242681,124531541,186625739,147183422.0,39442317,27565179,21250923,8940726,12750696,0.0
TR,KONTR,2020,320073376,186346251.0,133727125,281013095,174829384,201141518,153569429.0,47572089,23987205,52087330,59840637,12765720,0.0
TR,KONTR,2021,940425952,654026143.0,286399809,778898428,579885530,611807669,446448313.0,165359356,130554106,77148996,133991429,65828835,6906648.0
TR,KONTR,2022,7336763617,5085782868.0,2250980749,5190703798,1900093803,3279440049,2501477956.0,777962093,676273827,1947776100,754085792,1059590587,0.0
TR,KONTR,2023,16779938241,11454586606.0,5325351635,7702568403,5921751430,5725836069,5008199789.0,717636280,621604164,995295701,1358061557,6358772847,0.0
TR,KONTR,2024,33339647211,25650315293.0,7689331918,17299115535,12895839148,12968588429,11130523096.0,1838065333,250500302,2994726262,3575752937,10059844751,0.0
TR,KONTR,2025,41073147099,33032251586.0,8040895513,19615184162,20330518233,18589224173,17214269163.0,1374955010,-1253567625,522481267,3692080771,15405413224,0.0
TR,KONYA,2013,381385969,69501396.0,311884573,203954879,58316806,284390086,224649113.0,59740973,35260782,108699364,36824700,173360759,
TR,KONYA,2014,425042599,65244124.0,359798475,241012278,53383318,329681904,237554505.0,92127399,60272018,136869513,40587843,181496212,
TR,KONYA,2015,437054295,69088980.0,367965315,263156688,58470135,335336293,261548783.0,73787510,46434430,150047638,39887776,171262977,
TR,KONYA,2016,407607388,72886523.0,334720865,225213209,62268287,273859688,206992619.0,66867069,41382930,93332354,56401978,177119684,73955195.0
TR,KONYA,2017,433034171,85497308.0,347536863,247757863,75355898,337829071,261479359.0,76349712,41937098,79455944,62407923,181588121,28814323.0
TR,KONYA,2018,438280928,87960110.0,350320818,251150742,76116271,372728488,299142076.0,73586412,35011806,61334471,95329386,182342792,31695653.0
TR,KONYA,2019,432094786,82467904.0,349626882,218625103,60998309,315504566,276600502.0,38904064,618479,65656725,61574806,181651250,60000.0
TR,KONYA,2020,491924492,124354056.0,367570436,264032637,104021601,380243006,337921169.0,42321837,18270525,77160900,52730046,184905564,14029.0
TR,KONYA,2021,733428053,330181128.0,403246925,457442253,310107972,618750153,553125880.0,65624273,21307151,125526831,136986738,220866306,5660.0
TR,KONYA,2022,3999007397,2172645475.0,1826361922,2089104921,1802429130,3530337172,2880288394.0,650048778,27167634,364098508,667529964,1811883685,0.0
TR,KONYA,2023,5288886791,1686647838.0,3602238953,2223712883,1561772336,6389361650,5177713223.0,1211648427,986846934,331080021,967502126,2629259246,0.0
TR,KONYA,2024,5885079432,1650130429.0,4234949003,2166817258,1480391053,6873708096,6197626310.0,676081786,-448432122,194212253,1022925980,3295871735,0.0
TR,KONYA,2025,6932159894,1987384427.0,4944775467,2556371310,1809025179,6933439487,5526037569.0,1407401918,296479039,102574921,966699767,3981553043,0.0
TR,KOPOL,2020,908857473,642763543.0,266093930,221078667,317951997,616101236,558496714.0,57604522,9748868,3717251,96512982,590294390,0.0
TR,KOPOL,2021,1852521888,1144855199.0,707666689,668171088,604417322,1330751915,1082694327.0,248057588,149575774,42558685,182016420,1020790995,0.0
TR,KOPOL,2022,3424434407,1703822349.0,1720612058,1485483673,1158518104,2907258063,2343408555.0,563849508,445138173,86910970,426184555,1431579918,0.0
TR,KOPOL,2023,6297772448,3193851717.0,3103920731,3377413454,2267737395,3602526162,2941939816.0,660586346,342100642,48786810,511797562,2260525143,0.0
TR,KOPOL,2024,8795406664,3796124963.0,4999281701,4087881692,2344846953,6370284661,5314141009.0,1056143652,517183021,381665939,802223087,3445153841,0.0
TR,KOPOL,2025,10342039258,5276764390.0,5065274868,5498001567,3680911730,6013681049,5236353241.0,777327808,-48376079,217167561,590863521,3378795174,0.0
TR,KORDS,2013,1787356718,738659112.0,1048697606,760653813,536190194,1532949639,1368032387.0,164917252,38639511,52468112,372846105,881475652,
TR,KORDS,2014,1971518316,884697763.0,1086820553,828045339,626785704,1568584236,1334473326.0,234110910,94573047,13677842,437458901,985755026,
TR,KORDS,2015,2174031816,958013162.0,1216018654,944708069,628401500,1734757837,1419689321.0,315068516,116354117,17783491,424724533,1045102304,67501589.0
TR,KORDS,2016,2543674117,1071996218.0,1471677899,1045142495,740895101,1908345131,1511811029.0,396534102,178112871,38578445,537383667,1215832426,60615563.0
TR,KORDS,2017,2866553386,1218581510.0,1647971876,1197106104,929319653,2485165623,2035686160.0,449479463,212223019,15561882,585300852,1426734593,57662309.0
TR,KORDS,2018,4830186517,2491272549.0,2338913968,2148514481,1683695286,3946724188,3153040828.0,793683360,338544645,130801662,1047581862,1939572181,66884932.0
TR,KORDS,2019,7170624333,4351065726.0,2819558607,3075250381,2609305692,5137361394,4150352186.0,987009208,378487928,729636576,1231050823,2174297121,68085177.0
TR,KORDS,2020,7604678567,4326556200.0,3278122367,2889547134,2536087050,4536336439,3733211464.0,803124975,150393991,449892785,1225312596,2471989980,48632269.0
TR,KORDS,2021,14010589668,7527012772.0,6483576896,6185429419,5513002135,7891054563,6159087633.0,1731966930,855717662,194805294,2988780250,3785257215,0.0
TR,KORDS,2022,23569206080,13542890676.0,10026315404,11145571156,8503618277,18439743907,15080471396.0,3359272511,1509147612,799228246,5497271981,5833565634,160000000.0
TR,KORDS,2023,34976114097,18915438856.0,16060675241,14742007463,11858850826,23503080721,19986599362.0,3516481359,394467067,1712468307,6839959506,9482157379,57000000.0
TR,KORDS,2024,57339703614,34819409385.0,22520294229,24380729461,25269167604,39834204552,34676067130.0,5158137422,-1120040524,5572520911,9783336376,14910331703,0.0
TR,KORDS,2025,55342672253,31797199974.0,23545472279,22865713650,16912507383,34159263856,29734937582.0,4424326274,-1641629790,7170217312,8545596589,13838345166,0.0
TR,KOTON,2021,12986983847,10799966560.0,2187017287,5887465694,6892557404,14383701922,8153024200.0,6230677722,807999565,678476632,3801667677,1937132204,0.0
TR,KOTON,2022,12940138875,9920149742.0,3019989133,7435824000,7940414706,16017173874,7604560678.0,8412613196,1747837821,871812936,4972577438,1535863527,0.0
TR,KOTON,2023,17741025564,11914689916.0,5826335648,10597930933,9000669420,24824204132,11905684252.0,12918519880,2605422921,518436830,7384318437,2055199834,0.0
TR,KOTON,2024,25322170730,17239182424.0,8082988306,16027143001,13928528466,32836034969,15158621400.0,17677413569,-516893521,765729194,10442131547,2488407194,0.0
TR,KOTON,2025,26590041631,19219127322.0,7370914309,16203527486,15774211219,36173300148,16588156221.0,19585143927,-1054925746,1587869550,10220193305,2934685737,0.0
TR,KRGYO,2013,80335574,48681250.0,31654324,24463086,22288014,0,0.0,3704350,-382315,22965025,1496835,13042,
TR,KRGYO,2014,83047791,33576201.0,49471590,24532892,102511,0,0.0,0,-383141,14756001,1496835,23205,
TR,KRGYO,2015,103307230,54656896.0,48650334,103238002,54514313,0,0.0,0,-762396,28890962,61941136,48834,
TR,KRGYO,2016,126168782,40878261.0,85290521,126098502,40762178,78316859,40475651.0,37841208,36642706,35366379,77939244,35261,0.0
TR,KRGYO,2017,107458478,11663353.0,95795125,107395464,11559255,69691856,57962453.0,11729403,10509081,4743993,76234399,46935,0.0
TR,KRGYO,2018,108177015,7729518.0,100447497,95927248,7088553,18262677,7440525.0,10822152,4657052,1284917,74614235,33237,0.0
TR,KRGYO,2019,123484705,9642258.0,113842447,102714485,7263550,11552581,2003987.0,9548594,13420572,7753684,73479673,9060,0.0
TR,KRGYO,2020,166389870,46371827.0,120018043,98759446,18991036,21508208,9113806.0,12394402,6277619,530522,65092771,4147,0.0
TR,KRGYO,2021,185080265,40687186.0,144393079,105309403,22159068,28185318,8992762.0,19192556,24402821,1654085,56833527,1223839,0.0
TR,KRGYO,2022,720618637,69247884.0,651370753,419490582,49084045,84686332,18527156.0,66159176,95946750,38425814,292617051,3175797,0.0
TR,KRGYO,2023,1214117833,77671307.0,1136446526,793029170,54701200,126929045,24071107.0,102857938,195698386,71630867,578351433,3291643,0.0
TR,KRGYO,2024,1845790327,271178203.0,1574612124,812374123,240737939,219362486,65612556.0,153749930,87392149,2049690,693400846,15740462,0.0
TR,KRGYO,2025,3051601032,402072521.0,2649528511,1892215763,198359836,349152608,137885354.0,211267254,156509477,133950372,627019145,151282343,0.0
TR,KRONT,2013,17223493,6184527.0,11038966,8567574,5511923,9892197,5179112.0,4713085,1346270,956631,272765,336195,
TR,KRONT,2014,23936603,10180186.0,13756417,14794261,9548946,13492740,5660452.0,7832288,2784124,2296373,402652,327079,
TR,KRONT,2015,27191890,7189663.0,20002227,18060465,6627093,14571945,3512199.0,11059746,6216280,3819029,667155,273040,0.0
TR,KRONT,2016,42701859,10128636.0,32573223,31660181,9541266,27236114,4713144.0,22522970,12546506,1969738,1228759,236115,0.0
TR,KRONT,2017,48391781,9960501.0,38431280,32789365,9072256,27435039,5273637.0,22161402,8230464,2610748,585570,465348,2368093.0
TR,KRONT,2018,55332585,13663928.0,41668657,31820099,13234199,33619668,5482898.0,28136770,4529808,7915641,1142457,808913,0.0
TR,KRONT,2019,76987889,25309814.0,51678075,42233353,22245461,55862667,12303299.0,43559368,11117182,6013700,573807,5171645,0.0
TR,KRONT,2020,101744935,42229816.0,59515119,60453113,39494312,53352586,9428027.0,43924559,10590254,14965003,807424,4161020,0.0
TR,KRONT,2021,158182624,77981207.0,80201417,99732161,69137751,84439676,12834070.0,71605606,35080099,31590867,1467708,1506820,0.0
TR,KRONT,2022,410768263,182821600.0,227946663,235827137,156652313,284059832,40489384.0,243570448,-10193154,60026850,2491879,5650518,0.0
TR,KRONT,2023,716981623,265539677.0,451441946,386654083,169375929,445249670,56000635.0,389249035,66948974,87422264,2681884,8069757,0.0
TR,KRONT,2024,933674497,434845404.0,498829093,364797563,308235883,410542128,60826528.0,349715600,-55928284,106836155,2262664,14068273,0.0
TR,KRONT,2025,1301345076,487012719.0,814332357,438007893,356733284,590575076,57086773.0,533488303,161643209,133757252,4370251,12707520,0.0
TR,KRPLS,2019,173697009,156794120.0,16902889,128510075,93829961,176014350,112207830.0,63806520,6329103,11080342,22936925,32826874,0.0
TR,KRPLS,2020,225283272,184821027.0,40462245,156672590,115430825,279283838,171108578.0,108175260,23559356,8571647,46385727,57461371,0.0
TR,KRPLS,2021,405999940,247063922.0,158936018,304510259,169013074,407340211,256716356.0,150623855,6074136,27152553,94414491,76253529,0.0
TR,KRPLS,2022,1099385270,347316342.0,752068928,709953855,302799266,1224133201,964717692.0,259415509,-11403291,8144224,215121109,266115822,0.0
TR,KRPLS,2023,1592157099,723399836.0,868757263,845076890,460682482,1393027379,998462650.0,394564729,-174350885,52642791,213991454,331222286,20021632.0
TR,KRPLS,2024,1896990989,905879010.0,991111979,1016372323,624153350,1867427703,1209724904.0,657702798,-144200118,34355066,253408187,394985061,0.0
TR,KRPLS,2025,1546072002,589356692.0,956715310,949847332,466426811,2112769973,1300161003.0,812608969,-139626944,13996397,219591915,364169965,0.0
TR,KRSTL,2013,76004519,9767777.0,66236742,49885954,9020234,48203386,39452717.0,8750669,2511749,907108,6709885,10962873,
TR,KRSTL,2014,89708805,23177785.0,66531020,62174871,22090503,61376810,57125574.0,4251236,368343,1689641,13715596,13356386,
TR,KRSTL,2015,86862948,18341470.0,68521478,59479862,17039768,81985639,75749400.0,6236239,2020579,238037,11107447,12169830,
TR,KRSTL,2016,94206031,26080614.0,68125417,62507865,24388772,106045354,93280566.0,12764788,3068840,3368198,9380858,21126943,0.0
TR,KRSTL,2017,130556513,47891576.0,82664937,83418790,27544338,115864089,105473654.0,10390435,3213948,7564761,14322964,30930566,0.0
TR,KRSTL,2018,135545276,62054869.0,73490407,86362336,46051431,91739656,95166794.0,-3427138,-9302710,5717126,23090709,29974750,0.0
TR,KRSTL,2019,168481716,46312560.0,122169156,121056556,35091446,144654606,134106579.0,10548027,689392,13380472,26186903,28842616,0.0
TR,KRSTL,2020,180183928,40605583.0,139578345,111999372,32561202,192510425,181237905.0,11272520,5145663,11531041,32221975,41353713,0.0
TR,KRSTL,2021,320085624,73225130.0,246860494,185158871,66980809,255942980,245879919.0,10063061,10586494,32355456,52235972,113091908,0.0
TR,KRSTL,2022,986352292,224154634.0,762197658,412670102,167943577,1394782636,1347419135.0,47363501,-107777640,29415802,154517889,508969276,0.0
TR,KRSTL,2023,1444685737,379783655.0,1064902082,608669982,309290805,2392078631,2215790921.0,176287710,-21822771,10389748,197555517,675592021,0.0
TR,KRSTL,2024,2001701148,426080904.0,1575620244,638206830,336226820,3176292817,2786003508.0,390289309,181062290,119277120,243640339,961324174,0.0
TR,KRSTL,2025,2694544719,776173690.0,1918371029,692332852,684650872,3554367725,3060198389.0,494169336,277265636,37292778,387960623,1822883063,0.0
TR,KRTEK,2013,135352447,86367659.0,48984788,83196927,48776423,102340957,91544682.0,10796275,-12165361,4039864,22356868,48214391,
TR,KRTEK,2014,182000288,125524183.0,56476105,80255940,52774670,95986048,88527314.0,7458734,-11526024,17117222,25219574,99646247,
TR,KRTEK,2015,212871686,167964716.0,44906970,110588929,81084874,116240685,103362816.0,12877869,-11705346,33902101,27011822,100389081,
TR,KRTEK,2016,223629461,188901389.0,34728072,121423767,84447581,142942404,127310473.0,15631931,-10525077,27696943,36661945,100452894,0.0
TR,KRTEK,2017,249294611,200478419.0,48816192,129052937,117668570,197671927,160571026.0,37100901,-828093,9036328,46022235,116625070,0.0
TR,KRTEK,2018,315391907,257424569.0,57967338,189100000,161595937,259860663,200653711.0,59206952,10315649,29209195,61081584,123955700,0.0
TR,KRTEK,2019,356592943,295583880.0,61009063,224787892,186111849,294486231,252285134.0,42201097,3060841,27177814,78414121,128920523,0.0
TR,KRTEK,2020,536174138,392616803.0,143557335,293148478,233009774,316778201,241864820.0,74913381,19129830,42043737,84288243,225267749,0.0
TR,KRTEK,2021,749106711,533794617.0,215312094,497922886,427698265,534700032,387303676.0,147396356,68314521,29494328,202925627,230340876,0.0
TR,KRTEK,2022,2113924207,1116686548.0,997237659,1112146777,1006962921,2045035220,1403640745.0,641394475,165565471,95885064,337307207,952832192,0.0
TR,KRTEK,2023,2765459217,1120657873.0,1644801344,1209271239,799660783,2350071948,1920842314.0,429229634,200946534,69601357,589003912,1526355369,0.0
TR,KRTEK,2024,3818703385,2125633168.0,1693070217,1836162045,1589962963,2547295863,2387113617.0,160182246,-473544266,167383125,862193166,1944006043,0.0
TR,KRTEK,2025,3357929219,1482089276.0,1875839943,1362617786,919742748,2190200006,2050059052.0,140140953,18189938,61356386,588306707,1964436534,0.0
TR,KRVGD,2018,475812969,339119275.0,136693694,301027134,252483849,534216898,380840918.0,153375980,27823567,4691764,86807075,150399262,1100902.0
TR,KRVGD,2019,697732533,414164004.0,283568529,388120608,318945098,687362079,477049179.0,210312900,75958765,6676793,143735449,276255574,6106618.0
TR,KRVGD,2020,1392318078,552259700.0,840058378,832651371,404289030,1011944257,665286235.0,346658022,123369975,231838486,218764383,475620812,0.0
TR,KRVGD,2021,2885069392,1675556115.0,1209513277,1702508554,1465447727,1847720988,1311066997.0,536653991,112612323,259931734,610340291,890499583,24993750.0
TR,KRVGD,2022,8100019000,4271723000.0,3828296000,4244675000,3627265000,8668128000,6616666000.0,2051462000,11444000,495075000,1551969000,3163493000,79870000.0
TR,KRVGD,2023,12667036000,6555051000.0,6111985000,6186280000,5064043000,11849444000,8682028000.0,3167416000,368172000,483866000,2631857000,5260445000,99779000.0
TR,KRVGD,2024,16470506344,9305689328.0,7164817016,7596964584,7933992697,14870939258,10523688259.0,4347250998,-109152422,811853125,3353795239,7838899420,227259188.0
TR,KRVGD,2025,18206167873,10076633515.0,8129534358,8141025853,6309388542,17283420539,12299602275.0,4983818264,-94466183,584092114,3489697259,8993563158,0.0
TR,KSTUR,2013,34278830,3465657.0,30813173,11102967,3004118,16484087,10419262.0,6064825,6002021,9070336,798709,23118327,
TR,KSTUR,2014,38748729,6226885.0,32521844,12473845,6174663,19060278,12147987.0,6912291,5951323,7072321,0,26187828,
TR,KSTUR,2015,41626644,7294054.0,34332590,16537506,7059652,374149,2298380.0,-1924231,4026283,9670182,0,25021852,
TR,KSTUR,2016,34820006,1775862.0,33044144,10332012,1510746,9498098,9035521.0,462577,1385076,9387327,627976,24415568,2681293.0
TR,KSTUR,2017,38092824,2455293.0,35637531,13559024,2082941,15008026,10136178.0,4871848,5051382,12204180,806834,24465835,2467427.0
TR,KSTUR,2018,58108904,9120916.0,48987988,31402404,8637426,31966496,15934535.0,16031961,16143292,27614560,1572924,26633416,2883729.0
TR,KSTUR,2019,52995458,3686354.0,49309104,25082244,2982372,38510554,20531700.0,17978854,14039745,23429529,1306726,27824552,13721822.0
TR,KSTUR,2020,49757101,2357048.0,47400053,20558494,1779429,4146413,8427811.0,-4281398,1463376,17560840,1807423,27682041,3509726.0
TR,KSTUR,2021,67094118,3085997.0,64008121,39843483,2398297,19841101,13947612.0,5893489,16467340,37022313,1368173,25970586,0.0
TR,KSTUR,2022,416573683,83304576.0,333269107,156068103,42495926,189407405,97691325.0,91716080,58259851,117188944,7686000,259735768,0.0
TR,KSTUR,2023,649594156,27083648.0,622510508,215630314,23367080,373887803,185889003.0,187998800,230703099,195430229,14195208,384725291,0.0
TR,KSTUR,2024,880097803,36298722.0,843799081,322018274,30208824,482559767,285679589.0,196880178,93878776,281598113,27645668,510324190,0.0
TR,KSTUR,2025,1065268991,65220400.0,1000048591,387604299,53445252,538795412,365866534.0,172928878,99271372,332766602,33645551,631349829,0.0
TR,KTSKR,2018,161493843,72441800.0,89052043,142967521,67591183,130504417,104214250.0,26290167,18564794,53107951,63103253,14300338,28527087.0
TR,KTSKR,2019,206721774,102498180.0,104223594,190819484,96549009,193161078,155393044.0,37768034,34633788,115850704,60062289,11356656,18874772.0
TR,KTSKR,2020,831113830,261260833.0,569852997,238663319,142502268,226088971,181495925.0,44593046,31275117,164880067,71522269,391618550,31553632.0
TR,KTSKR,2021,943978877,305600176.0,638378701,285825386,171240140,265650742,220602454.0,45048288,101927240,163881862,93634274,384894717,36000000.0
TR,KTSKR,2022,4231631718,1468945617.0,2762686101,1506582952,882355763,1079685653,708091422.0,371594231,400602014,449485094,861037433,1785414647,0.0
TR,KTSKR,2023,6035853473,1863354439.0,4172499034,2016678434,975832727,2425362350,1998108251.0,427254099,341675195,1000310132,865191171,2714986571,237897114.0
TR,KTSKR,2024,8802467830,2650771639.0,6151696191,3145367838,1535295680,2542184090,2427867891.0,114316199,498724028,1815627790,1155140731,3664251246,0.0
TR,KTSKR,2025,8702863188,2407254833.0,6295608355,2522240773,1273863596,1610745391,1761379391.0,-150634000,-106888366,664872932,1747964989,3962551970,330120505.0
TR,KUTPO,2013,205686593,58980992.0,146705601,157212062,53639693,223452987,164568271.0,58884716,14397224,6209471,68825161,33016148,
TR,KUTPO,2014,267717909,69423714.0,198294195,179493548,58734441,284117529,189507994.0,94609535,53660552,5329635,84855561,71429533,
TR,KUTPO,2015,304358988,82980956.0,221378032,197338957,71069970,270207698,175232480.0,94975218,25511483,20284940,100123772,87170390,0.0
TR,KUTPO,2016,335874141,81488010.0,254386131,206414876,62653652,316354139,203018940.0,113335199,35553213,30200554,93885489,107537664,0.0
TR,KUTPO,2017,398644311,117380516.0,281263795,239869452,99376660,352841243,225018401.0,127822842,32215320,13772398,129570546,131854659,0.0
TR,KUTPO,2018,413903649,105699861.0,308203788,247380606,90101297,383759740,243606236.0,140153504,35141972,6555251,148597443,146613775,0.0
TR,KUTPO,2019,479510493,133571553.0,345938940,266203497,77254206,362943277,214120570.0,148822707,40524478,8499851,140250842,147868174,0.0
TR,KUTPO,2020,529540245,152868918.0,376671327,296305306,102279293,388349868,229554608.0,158795260,33252582,10212835,151970859,164017526,0.0
TR,KUTPO,2021,718674513,314578173.0,404096340,457041053,264813556,604087428,349640152.0,254447276,33988975,11122037,230420152,195511340,0.0
TR,KUTPO,2022,3049735647,1035155645.0,2014580002,1382327903,892121224,2607629368,1910178465.0,697450903,-19056032,45084264,653588874,1221928860,0.0
TR,KUTPO,2023,3943073593,994746007.0,2948327586,1490864768,799635357,3388262258,2105278783.0,1282983475,54285243,108882531,710108446,1789629446,0.0
TR,KUTPO,2024,5577957393,1421932788.0,4156024605,2183005075,1146360468,4311108321,2179759639.0,2131348683,304480891,150331124,1057218858,2660906283,0.0
TR,KUTPO,2025,5901792514,1095225505.0,4806567009,2492582209,644452063,4647762510,2901749708.0,1746012802,256619782,117457987,1389376250,2785814747,0.0
TR,KUVVA,2013,4612265,1121420.0,3490845,3063798,1022974,3568091,2030947.0,1537144,480297,279153,0,839870,
TR,KUVVA,2014,3466099,172233.0,3293866,1961558,144527,79175,8810.0,70365,-264249,19633,0,805384,
TR,KUVVA,2015,6110239,329577.0,5780662,4286249,269590,163677,152871.0,10806,-249066,4121319,0,1121650,
TR,KUVVA,2016,9687228,4729753.0,4957475,6886503,4691750,21260374,19525841.0,1734533,-1257082,129817,1397390,1820005,0.0
TR,KUVVA,2017,5866744,4184349.0,1682395,3649366,4062059,8727283,7953733.0,773550,-3172494,20131,406453,1583628,0.0
TR,KUVVA,2018,10932994,5076630.0,5856364,9323380,4827113,4027753,1836594.0,2191159,3121446,20526,0,1572213,0.0
TR,KUVVA,2019,4809698,6325131.0,-1515433,1023118,6266701,5212312,3561850.0,1650462,-7361939,15672,0,1504053,0.0
TR,KUVVA,2020,24700575,13361603.0,11338972,8141795,13260099,174660,117004.0,57656,2042730,28097,0,1446126,0.0
TR,KUVVA,2021,24485819,9602412.0,14883407,8175391,9475673,3601834,2867547.0,734287,606784,4805116,0,3176582,0.0
TR,KUVVA,2022,207737010,137195238.0,70541772,42256501,91758595,51879060,23170017.0,18018407,3444358,8534734,7796355,28848548,0.0
TR,KUVVA,2023,891749404,201192009.0,690557395,71494619,122304492,105857922,43263054.0,62594868,139791075,1268653,4199000,186191571,0.0
TR,KUVVA,2024,3740938790,2748878417.0,992060373,1075922192,2621863835,253471853,195929655.0,57542198,29096977,30877999,315057828,1469918728,0.0
TR,KUVVA,2025,2852326540,2386999778.0,465326762,674750926,2026155305,1057639841,926020679.0,131619162,-226117734,3681583,171204068,1366924843,0.0
TR,KUYAS,2013,204186276,121095226.0,83091050,108255279,65655929,75810035,54156448.0,21653587,10824455,1373157,94011263,76000332,
TR,KUYAS,2014,188347428,106628142.0,81719286,89778917,57046142,44630081,32694053.0,11936028,-424169,14811986,62464353,43618722,
TR,KUYAS,2015,184302321,93713632.0,90588689,75797991,39413297,36016319,23807276.0,12209043,582381,14220131,41091553,43497192,
TR,KUYAS,2016,231435973,140598638.0,90837335,86639814,51168784,22276825,5984765.0,16292060,266311,15320647,41061219,45088698,0.0
TR,KUYAS,2017,240817745,165350704.0,75467041,103077824,110590819,31362038,24401481.0,6960557,-14502299,953618,41471218,45144926,1149996.0
TR,KUYAS,2018,245940999,167009658.0,78931341,90420700,103667405,36155842,12121072.0,24034770,-7666065,10422182,31041052,51725962,0.0
TR,KUYAS,2019,211711936,139844856.0,71867080,59028826,39886983,17248408,12304645.0,4943763,-16199701,3526496,21953101,53287452,0.0
TR,KUYAS,2020,279496200,107737163.0,171759037,42941679,22737327,6667784,2961758.0,3706026,9877822,24061762,8650644,87340100,0.0
TR,KUYAS,2021,430848134,144909825.0,285938309,91897051,51031163,71874337,46307608.0,25566729,127295405,58298393,0,87063533,0.0
TR,KUYAS,2022,1254731703,199711118.0,1055020585,278456791,87766494,578307719,386289366.0,192018353,-77718978,30853874,0,146355339,0.0
TR,KUYAS,2023,2260020750,422741298.0,1837279452,997614972,281572685,908611691,526382464.0,382229227,190144292,146190308,22977704,374280403,0.0
TR,KUYAS,2024,4215128619,1678963397.0,2536165222,3248480343,1261340479,1509177362,714106292.0,795071070,186594901,13313124,1365552388,311751494,0.0
TR,KUYAS,2025,5544398139,3965947973.0,1578450166,3774772241,3685950033,1309392828,1018725417.0,290667411,-1444376829,6004551,413000831,91336643,0.0
TR,KZBGY,2020,2165249798,76822514.0,2088427284,66142263,76822514,0,0.0,0,0,9501831,0,0,0.0
TR,KZBGY,2021,2699287485,506238996.0,2193048489,463386507,50388974,0,0.0,0,104664926,338350082,0,1729496,435282.0
TR,KZBGY,2022,12228339033,2518306994.0,9710032039,1514949164,160540618,0,0.0,0,3209564850,433129441,35135,6632898,0.0
TR,KZBGY,2023,18873994420,7303806175.0,11570188245,2271047290,651655971,0,0.0,0,-2449696713,154030953,0,8136092,0.0
TR,KZBGY,2024,30533225865,8707025352.0,21826200513,5893756213,1863171674,8996007861,4763895502.0,4232112358,9527042180,5286962,1813725541,10920066,0.0
TR,KZBGY,2025,39038990221,13991561319.0,25047428902,6957411946,3502021860,1999951234,432555333.0,1567395901,1030402585,7911275,3957493538,19418041,0.0
TR,KZGYO,2021,207803,471436.0,-263633,121097,471436,0,0.0,0,-366133,104245,0,0,0.0
TR,KZGYO,2022,9019794038,2529077431.0,6490716607,159438185,555957370,338424567,177505337.0,160919230,170508431,84560149,11957060,11887114,0.0
TR,KZGYO,2023,12972570238,1624431308.0,11348138930,640019818,386675177,841441957,380043813.0,461398144,156866612,547195581,24298630,3557813,0.0
TR,KZGYO,2024,17170601937,4421244229.0,12749357708,655524550,1124057607,1144976923,529989810.0,614987113,310164245,544782196,30139046,3555794,0.0
TR,KZGYO,2025,19127815565,5093683568.0,14034131997,219010327,1024730427,1124854846,579770321.0,545084524,4440109,131984685,35747144,3079992,0.0
TR,LIDER,2016,299496067,249164659.0,50331408,38877961,96057283,101342552,70976124.0,30366428,6639269,8539717,18068657,203058739,0.0
TR,LIDER,2017,422408584,368592989.0,53815595,68304968,177890899,135824879,80616135.0,55208744,3551533,25174500,23982342,281069311,0.0
TR,LIDER,2018,416043336,369600868.0,46442468,60665933,210716392,222934441,133479536.0,89454905,-13484003,4970689,17163125,299268571,0.0
TR,LIDER,2019,476248424,406170000.0,70078424,92592435,251233744,255169762,143415085.0,111754677,16120271,20851520,47672603,337177958,0.0
TR,LIDER,2020,668816401,514110376.0,154706025,178551188,270103491,366388143,166883653.0,199504490,85819262,63524822,76164191,437357108,1176471.0
TR,LIDER,2021,994122960,705252149.0,288870811,262775791,362226049,476301309,204410346.0,271890963,140285954,175330444,74098319,665555994,6713348.0
TR,LIDER,2022,4183426128,1545022324.0,2638403804,1139369807,924004690,1341074132,726351899.0,614722233,817636223,742074503,331339193,2812661380,0.0
TR,LIDER,2023,7065042816,2267651479.0,4797391337,3023914008,1372400008,2560406085,1724561394.0,835844691,877394866,583068292,653216227,3580273849,0.0
TR,LIDER,2024,10707888349,3001872305.0,7706016044,6860622080,1334781719,2960833873,2651762152.0,309071721,992605093,799790208,410700405,3466589067,0.0
TR,LIDER,2025,15227624767,4899242687.0,10328382080,11668937630,1892222752,2253705314,2193376677.0,60328637,2002253387,819374598,362394099,3181686734,0.0
TR,LILAK,2021,7880627367,4773725549.0,3106901818,3862172395,2971905247,6517012161,4229590941.0,2287421220,745613164,831430374,1396315419,3731818821,93959950.0
TR,LILAK,2022,9933970506,4915546539.0,5018423967,5995941282,3981336085,12605316775,8209907804.0,4395408971,2053246790,627991591,2084694124,3677599050,137003538.0
TR,LILAK,2023,12323090000,4977819000.0,7345271000,6652529000,4037161000,13507106000,9436662000.0,4070444000,324079000,1441121000,1621860000,5441032000,229441000.0
TR,LILAK,2024,20448315053,4884824484.0,15563490569,12935404287,3652685254,16385307218,11780077911.0,4605229307,1538482254,7344761245,2032532731,7211549504,264598843.0
TR,LILAK,2025,21163913351,3308305944.0,17855607407,12049027607,2045014000,14969487074,10468494258.0,4500992816,1875093273,6255740659,1807100553,8092520146,1161295713.0
TR,LINK,2013,13349127,1260309.0,12088818,10355767,1058695,5457503,1097398.0,4360105,962917,7280610,9818,158722,
TR,LINK,2014,14012515,1371461.0,12641054,11323890,1141672,6311682,1942612.0,4369070,547899,8020039,55810,170039,
TR,LINK,2015,16796144,2293200.0,14502944,14124893,1947834,7619977,2254137.0,5365840,1896001,9014874,52324,186438,
TR,LINK,2016,17935527,2137249.0,15798278,14911510,1663432,7145461,2456728.0,4688733,1455613,10955906,28262,163128,0.0
TR,LINK,2017,23236915,2517482.0,20719433,16702586,1245753,9537670,1496507.0,8041163,3688449,12418234,17114,116417,0.0
TR,LINK,2018,31805417,3813822.0,27991595,23847267,1626934,11527717,1873225.0,9654492,7321578,18840389,9563,76532,0.0
TR,LINK,2019,40421992,5713402.0,34708590,31091224,3400282,15672440,2366178.0,13306262,7446343,23785106,17169,115233,650000.0
TR,LINK,2020,51392882,5886251.0,45506631,39953728,3163558,19571433,3134234.0,16437199,12101598,33818360,5347,501451,1358112.0
TR,LINK,2021,81117091,12610763.0,68506328,66311942,8677738,22281957,3293754.0,18988203,26393268,59268024,214388,562731,3235291.0
TR,LINK,2022,195882990,25918459.0,169964531,158027750,15551967,67279635,7117493.0,60162142,6372978,125658741,373494,2484225,0.0
TR,LINK,2023,248157655,39701701.0,208455954,186809006,24709285,105101368,10534135.0,94567233,4031034,101867798,858001,2303903,41167349.0
TR,LINK,2024,1862323647,561007238.0,1301316409,1150994741,534185930,773268647,418395110.0,354873537,333310095,53626337,98388676,4952279,0.0
TR,LINK,2025,2249423369,463400982.0,1786022387,1426201288,316887024,1568262538,1143371936.0,424890602,352340103,58531573,1288825,7324983,0.0
TR,LKMNH,2013,126855600,66899481.0,59956119,37706618,52132391,107445940,102016503.0,5429437,-724125,1952102,8677401,75276971,
TR,LKMNH,2014,129681325,69160108.0,60521217,41422051,42397256,125500569,113849963.0,11650606,2022734,463806,5567279,74754175,
TR,LKMNH,2015,137158958,70323964.0,66834994,46145319,36294515,141577223,124464691.0,17112532,8611546,618430,5343620,72817474,
TR,LKMNH,2016,199102812,123255731.0,75847081,72244891,69379466,194463266,164172607.0,30290659,16379221,793820,6144249,78364916,0.0
TR,LKMNH,2017,231828177,153705314.0,78122863,83267354,82888695,246098186,216498938.0,29599248,13159839,1957355,13013651,89998909,0.0
TR,LKMNH,2018,286698991,202792997.0,83905994,102311996,144266299,286107305,247514456.0,38592849,13330876,1235170,21291517,109060378,0.0
TR,LKMNH,2019,372853439,278669690.0,94183749,117636235,148818524,335229041,294121082.0,41107959,11006777,7173620,24873444,123436120,0.0
TR,LKMNH,2020,389686314,259740919.0,129945395,108330423,146243373,316730031,246450141.0,70279890,29789179,8326487,19664250,158320751,0.0
TR,LKMNH,2021,476948199,255753543.0,221194656,122749051,163051187,453454826,339129424.0,114325402,81837385,10616227,20584408,211759480,0.0
TR,LKMNH,2022,2144171388,1058504977.0,1085666411,535500063,662018679,1658705387,1453973002.0,204732385,305952162,73926670,95161812,857647648,34373637.0
TR,LKMNH,2023,3436902711,1520080519.0,1916822192,991117073,1070829027,2736765481,2353863624.0,382901857,479610534,54308171,145673370,1422852031,84161724.0
TR,LKMNH,2024,4995750391,2278870882.0,2716879509,1693766472,1697464403,3850222439,3183869138.0,666353301,352726115,128864068,264849817,1950095735,56565916.0
TR,LKMNH,2025,6393442365,3537527663.0,2855914702,2244796304,2906257371,4659126096,3833877830.0,825248267,166456527,180778329,397248243,2731432742,131240949.0
TR,LMKDC,2020,310389092,203682066.0,106707026,175731132,185192307,314311096,265264922.0,49046174,53150849,1132197,36335081,133394404,0.0
TR,LMKDC,2021,623283762,487228322.0,136055440,458791817,459810795,535718488,494424780.0,41293708,53730412,1524084,82400728,163013233,0.0
TR,LMKDC,2022,2263525337,933401390.0,1330123947,1305476779,737268350,2230206377,1692205142.0,538001235,652468704,5326853,342733655,946269056,0.0
TR,LMKDC,2023,4438106916,1160620467.0,3277486449,2237179298,882713407,5739148860,3434141212.0,2305007648,2177643778,364897432,778272705,2182562032,1306666644.0
TR,LMKDC,2024,7288114732,1165288936.0,6122825796,3669172743,988944817,8131820974,4599384907.0,3532436067,2828498593,1670573605,696675440,3123475079,657228174.0
TR,LMKDC,2025,10664549045,2328448431.0,8336100614,5560652083,1811895289,9602320958,5711055920.0,3891265037,2226895244,2707508635,844191292,4957594905,645975306.0
TR,LOGO,2013,124742275,65616747.0,59125528,73533502,39164073,70731277,8548962.0,62182315,19434936,19268115,421521,13629536,
TR,LOGO,2014,166142594,78568139.0,87574455,104903678,58630831,104030635,4655177.0,99375458,27735806,48639563,516649,15073538,
TR,LOGO,2015,202345798,92045934.0,110299864,124544398,83490361,128777388,3254820.0,125522568,40217402,51529036,310553,15488784,
TR,LOGO,2016,327536990,163379125.0,164157865,139523661,148823733,190374106,4756358.0,185617748,46940152,43507923,322138,18977934,0.0
TR,LOGO,2017,383165488,173890021.0,209275467,162176702,115034637,256168914,52146895.0,204022019,49755266,51633614,604300,19941705,0.0
TR,LOGO,2018,563158201,244584638.0,318573563,227507326,131938977,321092099,63953940.0,257138159,67104854,80919777,787560,20708350,0.0
TR,LOGO,2019,775732272,381131266.0,394601006,375900470,242046963,422133386,75030599.0,347102787,86285124,152183722,538114,20049599,0.0
TR,LOGO,2020,1097519976,559769916.0,537750060,543820036,406374780,545023892,99573299.0,445450593,113807963,261595709,2846711,19346322,0.0
TR,LOGO,2021,1807471000,973965000.0,833506000,796274000,742156000,766766000,142733000.0,624033000,277339000,259390000,5929000,20966000,28673000.0
TR,LOGO,2022,4900858000,2454993000.0,2445865000,1789379000,1989466000,2887365000,605437000.0,2281928000,332669000,377579000,13829000,212219000,178209000.0
TR,LOGO,2023,7714188000,4389514000.0,3324674000,2476160000,3731937000,3135800000,122458000.0,3013342000,187766000,704755000,52407000,410368000,305583000.0
TR,LOGO,2024,9511323794,5711408231.0,3799915563,5557100574,4890297092,5345712080,190393364.0,5155318717,475730787,580908009,18928340,452808922,568447059.0
TR,LOGO,2025,9157735386,5046870180.0,4110865206,3418329607,4280376584,6383062636,229204868.0,6153857768,1651391514,1336631516,31936958,432721958,609450870.0
TR,LRSHO,2013,1001804190,630914988.0,370889202,489963957,443826091,993360000,832074749.0,161285251,-144951,25793805,249850820,254626953,
TR,LRSHO,2014,1118838909,756638802.0,362200107,545807711,544291845,967755725,777797180.0,189958545,12370317,26045501,274268584,291635489,0.0
TR,LRSHO,2015,1308231368,876864366.0,431367002,609324323,570009469,972694078,752483937.0,220210141,64965772,23912263,294322052,315649896,0.0
TR,LRSHO,2016,1533917983,1020340920.0,513577063,677589379,628332724,1015521923,806386640.0,209135283,31101972,46127655,365975529,403719401,0.0
TR,LRSHO,2017,1902601611,1296978407.0,605623204,826691954,855656021,1129702722,885851824.0,243850898,19973833,28517148,511153287,501930203,0.0
TR,LRSHO,2018,2045127000,1414446000.0,630681000,883989000,991058000,1025843000,790026000.0,235817000,-46627000,14236000,611874000,542862000,0.0
TR,LRSHO,2019,2276385000,1481976000.0,794409000,887257000,864961000,618680000,529291000.0,89389000,-32220000,23076000,694598000,716062000,0.0
TR,LRSHO,2020,2958099000,1574808000.0,1383291000,1331637000,962293000,824864000,644510000.0,180354000,-67959000,211967000,885471000,870285000,0.0
TR,LRSHO,2021,4005790000,1324718000.0,2681072000,1583956000,718557000,696456000,512579000.0,183877000,374990000,485898000,856572000,535417000,0.0
TR,LRSHO,2022,12999198000,3292160000.0,9707038000,4916039000,1393380000,2667544000,3136944000.0,-469400000,-1475379000,862893000,3326488000,1794672000,0.0
TR,LRSHO,2023,23116383000,5463595000.0,17652788000,6955827000,2693004000,4668142000,3865440000.0,802702000,2653582000,755461000,4821185000,1867089000,0.0
TR,LRSHO,2024,31305650476,7146780053.0,24158870423,8353778793,3289820304,6088472380,4549319958.0,1539152423,986959573,143506423,5551278483,4770212543,0.0
TR,LRSHO,2025,36765430438,10049402975.0,26716027463,11064110878,4694760348,6885563266,5195410102.0,1690153164,-1176758557,614441192,7548178943,5297811282,0.0
TR,LUKSK,2013,94387696,41747118.0,52640578,23222114,7632760,27628876,18925516.0,8703360,-1140555,3044355,5581408,5279126,
TR,LUKSK,2014,102187727,45816558.0,56371169,26732513,15496981,30395907,21308510.0,9087397,4011201,3995326,7007694,7817953,
TR,LUKSK,2015,106124309,47952673.0,58171636,30109181,19622184,32468667,22038212.0,10430455,2074993,4139067,9877610,25464040,0.0
TR,LUKSK,2016,134470769,53719386.0,80751383,29995533,18641820,27835001,20864238.0,6970763,13805879,1530929,12956764,32998851,0.0
TR,LUKSK,2017,139923328,57772030.0,82151298,36958903,28716615,43944130,27427371.0,16516759,1506939,3569717,14702261,31715254,0.0
TR,LUKSK,2018,150709095,71118191.0,79590904,49473762,30296115,75445969,50640501.0,24805468,-1037044,9373002,15042028,33861918,0.0
TR,LUKSK,2019,169434989,80717093.0,88717896,60633180,25375918,84782835,59409189.0,25373646,10227481,16085536,15587389,38156062,0.0
TR,LUKSK,2020,203249835,101420725.0,101829110,84078942,39925346,92744605,51787980.0,40956625,6301644,29406529,19201393,48879219,0.0
TR,LUKSK,2021,377884753,205570347.0,172314406,166322236,85732923,130102733,73596455.0,56506278,35373301,83126716,35078066,111255557,0.0
TR,LUKSK,2022,1199473729,522020779.0,677452950,353748768,229576544,455654261,282163781.0,173490480,46818759,71048097,88109503,522523383,3500000.0
TR,LUKSK,2023,1627800142,466187325.0,1161612817,350630871,261274651,548190586,346478706.0,201711880,193936626,48964100,89264384,733341445,5213504.0
TR,LUKSK,2024,2079471139,611089010.0,1468382129,385750348,280655176,593124013,450475211.0,142648802,-88632820,52900250,132735587,929039893,0.0
TR,LUKSK,2025,2171231449,526680529.0,1644550920,289971669,131085037,517901318,418700428.0,99200891,43054244,44419,114711244,970735003,0.0
TR,LXGYO,2022,3814581909,2277296263.0,1537285646,1340439337,842810748,9114662,5574230.0,3540432,50601391,420731437,318369921,30878925,0.0
TR,LXGYO,2023,5708177209,3721088143.0,1987089066,2253336689,1763167788,7878367,3410590.0,4467777,-39273828,51856124,1506979633,23727374,0.0
TR,LXGYO,2024,4997137923,3244382639.0,1752755284,1122503365,901387304,2012548518,1885155187.0,127393331,-233766878,14747134,761057231,29247871,0.0
TR,LXGYO,2025,6398188938,4628262612.0,1769926326,942312397,573193743,883200282,761163696.0,122036586,-159119384,94956697,457963874,64194345,0.0
TR,LYDHO,2013,117924300,17102020.0,100822280,43798346,13385462,5216245,5639740.0,-423495,-9573961,12932985,26704724,14425,
TR,LYDHO,2014,106759449,6402755.0,100356694,28798569,2325991,7651356,9041540.0,-1390184,-484891,7076515,17668182,6461,
TR,LYDHO,2015,134767758,11179554.0,123588204,29272432,1172804,4898933,5091142.0,-192209,23255937,12275454,12573923,3340,
TR,LYDHO,2016,196680741,28085660.0,168595081,10509588,6192869,7020339,6993809.0,26530,45005567,211139,5580114,4560,0.0
TR,LYDHO,2017,201764459,45319078.0,156445381,3820809,26100959,3214400,2449736.0,764664,-12135557,44581,3130378,8933,0.0
TR,LYDHO,2018,187371244,40561504.0,146809740,4143330,24085013,10805085,14983946.0,-4178861,-9632177,555903,2528432,6119,0.0
TR,LYDHO,2019,301407980,39393325.0,262014655,6044231,1258405,0,0.0,0,85521457,3155003,2364104,3338,0.0
TR,LYDHO,2020,342418679,47994999.0,294423680,3762013,1521634,85169,91458.0,-6289,32402431,838168,2416642,1146,0.0
TR,LYDHO,2021,437773756,70885640.0,366888116,3779203,5528003,1762701,1551119.0,211582,72470995,629887,2884581,963,0.0
TR,LYDHO,2022,2359827411,142629171.0,2217198240,2351671300,137650349,13861324,30453145.0,-16591821,1208056326,683926939,0,0,0.0
TR,LYDHO,2023,2538369035,55906109.0,2482462926,2530120110,52421740,0,0.0,0,-483694779,157931969,0,8223090,235148746.0
TR,LYDHO,2024,3806957081,221980251.0,3584976830,1261630181,59860540,71532332,48369738.0,23162594,-610567918,831679599,0,712943465,0.0
TR,LYDHO,2025,9105101268,889357490.0,8215743778,1443610605,50523152,69834734,37416370.0,32418364,617645037,23342753,0,807414249,0.0
TR,LYDYE,2013,3835741,1338557.0,2497184,1921962,393134,501607,347283.0,154324,-710490,914778,502259,754514,
TR,LYDYE,2014,3861216,2162488.0,1698728,2043242,785072,1414782,908058.0,506724,-796707,483273,906191,726206,
TR,LYDYE,2015,3595653,2352174.0,1243479,1762261,2014529,2696776,2139891.0,556885,-448202,211769,684281,601827,
TR,LYDYE,2016,5178245,2926048.0,2252197,3443720,1946663,3739599,2631842.0,1107757,64694,804809,880311,485856,0.0
TR,LYDYE,2017,7134053,4807197.0,2326856,5425439,1549290,3405674,2051596.0,1354078,90195,690335,1905053,572807,0.0
TR,LYDYE,2018,6320506,5319781.0,1000725,4570852,3114127,4095915,3682342.0,413573,-1326130,840130,2051136,679112,0.0
TR,LYDYE,2019,7029327,5891400.0,1137927,4544827,1935385,3297596,3047584.0,250012,-1193434,659167,3039312,1686799,0.0
TR,LYDYE,2020,5011982,5167504.0,-155522,3495075,2755615,4255102,5059249.0,-804147,-4667204,120322,1789416,1373356,0.0
TR,LYDYE,2021,12659711,1537119.0,11122592,9913863,1410461,8459648,10634068.0,-2174420,-5793425,3352931,3291143,2556335,0.0
TR,LYDYE,2022,50146799,39026976.0,11119823,29435513,38111973,47184182,43399613.0,3784569,-25154696,329762,14418349,19677826,0.0
TR,LYDYE,2023,160441070,65927051.0,94514019,132422058,51259025,71406459,56864098.0,14542361,67000963,6835040,7440201,26913814,0.0
TR,LYDYE,2024,2509739515,598525293.0,1911214222,1818218458,54373986,71532332,48369738.0,23162594,1257108259,17671425,0,690439461,0.0
TR,LYDYE,2025,5076531665,1171813963.0,3904717702,36668595,3771308,58573496,37416370.0,21157126,2261497118,86496,0,528219369,0.0
TR,MAALT,2013,52248722,1280871.0,50967851,11355174,880850,6468248,3749032.0,2719216,1021202,11105563,14547,15704453,
TR,MAALT,2014,55070606,1184793.0,53885813,15828710,901696,5424857,2292430.0,3132427,2927316,15671141,13510,15412646,
TR,MAALT,2015,59565931,2420923.0,57145008,22220685,2182268,6753087,2257517.0,4495570,3267596,22030146,11384,14927120,
TR,MAALT,2016,62777693,7504228.0,55273465,25089179,7195927,2390355,2289592.0,100763,944171,24669325,9439,15180982,0.0
TR,MAALT,2017,67757328,10050048.0,57707280,31435781,9679810,6385300,3176324.0,3208976,2436114,31368960,8795,14909956,0.0
TR,MAALT,2018,151379492,80423580.0,70955912,115264559,7385473,4524751,2408935.0,2115816,13330442,115113600,8471,15067362,0.0
TR,MAALT,2019,164917002,76785833.0,88131169,129830110,8350265,4885826,2595114.0,2290712,17185301,129488706,7663,15511745,0.0
TR,MAALT,2020,175650510,70828085.0,104822425,118087746,7092946,4915533,3008565.0,1906968,16693036,114029980,5602,15287440,0.0
TR,MAALT,2021,223378490,74492123.0,148886367,154821799,14190404,4878355,2344687.0,2533668,44057037,148444710,4103,28203032,0.0
TR,MAALT,2022,713910383,373557789.0,340352594,164361764,85537497,9351244,4502406.0,4848838,-98962534,160853646,6761,293931425,0.0
TR,MAALT,2023,3135774921,515271335.0,2620503586,1713792238,128785017,37394241,29924748.0,7469493,-52300091,1712138495,5924,1085683546,0.0
TR,MAALT,2024,3830710490,557442759.0,3273267731,618271098,109022921,51930338,36402273.0,15528065,-156384153,590673316,5371,2480898428,0.0
TR,MAALT,2025,6168219449,773011947.0,5395207502,1458730847,335703816,54904814,31501138.0,23403675,32621022,1416509310,4515,3876261250,0.0
TR,MACKO,2018,70120285,13775335.0,56344950,21025543,4478566,31375623,19860262.0,11515361,16542849,7935048,0,358796,0.0
TR,MACKO,2019,96029482,15516395.0,80513087,35422859,4231991,28672498,6935108.0,21737390,24144791,22042786,0,388960,0.0
TR,MACKO,2020,129059929,18663113.0,110396816,126292845,17393844,32928733,11889769.0,21038964,29888335,40697942,0,408984,0.0
TR,MACKO,2021,126918534,22016972.0,104901562,72844528,21440051,113849195,25771979.0,88077216,85543591,40155793,0,559982,101293632.0
TR,MACKO,2022,333291016,45861117.0,287429899,240691144,42409652,341765184,92507560.0,249257624,113414197,142220077,0,5042404,68651935.0
TR,MACKO,2023,551212120,109426490.0,441785630,347593740,105912007,543251030,161329485.0,381921545,219946194,164579510,0,14048924,142738660.0
TR,MACKO,2024,704078975,115482418.0,588596557,517282578,92133112,912868713,276330274.0,636538438,334323096,131848997,0,18222244,313892371.0
TR,MACKO,2025,1004877127,244016369.0,760860758,592223082,208687424,1210164924,377612425.0,832552500,353845513,117269986,0,22428740,135795161.0
TR,MAGEN,2018,204837002,146575493.0,58261509,2870609,58037148,14074373,5345159.0,8729214,7793225,90980,0,198614623,0.0
TR,MAGEN,2019,495475847,313285668.0,182190179,23129662,120565681,23761946,20771745.0,2990201,65581480,17130879,0,470460205,0.0
TR,MAGEN,2020,1106322068,639318412.0,467003656,137405742,194014133,89178460,23442299.0,65736161,77038667,97556019,1893332,967102017,0.0
TR,MAGEN,2021,5862546664,1558229873.0,4304316791,1254374345,553008350,508826413,348825612.0,160000801,1010190828,901294060,2916904,4606837458,0.0
TR,MAGEN,2022,13082946174,4658598667.0,8424347507,2768766202,1401679661,1240640923,736519136.0,504121787,-1243431429,472253197,9262435,9672049331,143236315.0
TR,MAGEN,2023,19054981494,6389589148.0,12665392346,1507490282,1819655761,1095189486,634425498.0,460763988,448790109,372240548,66557496,13746869052,20649706.0
TR,MAGEN,2024,22143104061,6955231273.0,15187872788,1847524701,2609866976,1485165551,1001991664.0,483173886,-368953480,150794647,67971534,13565637721,0.0
TR,MAGEN,2025,23051859327,8805095560.0,14246763767,1687094479,3861589915,1513587234,1104932477.0,408654757,-1778202740,459802531,52483521,15611244853,0.0
TR,MAKIM,2019,59914796,12648811.0,47265985,52893865,11852137,67642812,39899840.0,27742972,15895042,18368894,12449302,4502520,0.0
TR,MAKIM,2020,82948352,17771451.0,65176901,72979636,16160864,82296460,49541004.0,32755456,22027365,30329470,17801299,5467354,0.0
TR,MAKIM,2021,139216553,26991960.0,112224593,108183169,22987220,144829731,87153801.0,57675930,57142244,30003925,23735202,24517613,0.0
TR,MAKIM,2022,521378966,92524837.0,428854129,331033133,81628259,552657379,368814514.0,183842865,95896298,48244825,93421789,153216789,0.0
TR,MAKIM,2023,1094773117,298228748.0,796544369,694816855,239091978,1142309158,677857438.0,464451720,193733566,105364856,166891698,300191395,0.0
TR,MAKIM,2024,1593450855,474755870.0,1118694985,764404119,316359611,1379082512,961483520.0,417598992,72468153,220315171,269196447,735926984,0.0
TR,MAKIM,2025,1947262510,711246301.0,1236016209,1025092381,564275100,1537318673,1122804257.0,414514416,21816294,270800935,329992554,844124827,0.0
TR,MAKTK,2013,131317240,150644657.0,-19327417,40568826,136704255,36710358,39556987.0,-2846629,-37509722,967481,17786631,90659289,
TR,MAKTK,2014,142015357,174523221.0,-32507864,50583375,165907384,44049231,34717842.0,9331389,-13180447,637336,13393620,90520971,
TR,MAKTK,2015,192646144,214697307.0,-22051163,61390843,202110439,54883947,39342128.0,15541819,-13382557,628875,15167999,35906757,
TR,MAKTK,2016,142303051,75356250.0,66946801,98016505,64426468,58045436,38457084.0,19588352,-11763964,22742289,16326669,34148740,0.0
TR,MAKTK,2017,128215610,60042108.0,68173502,87668634,50080248,68100649,46401958.0,21698691,6912609,407024,22487040,37966459,0.0
TR,MAKTK,2018,124372719,45012435.0,79360284,90437702,34547492,75934955,50833434.0,25101521,11104086,96886,27099504,31418284,0.0
TR,MAKTK,2019,178158102,52963403.0,125194699,105882948,33067464,80520092,58051327.0,22468765,10591922,401058,23020599,69588449,0.0
TR,MAKTK,2020,202594785,70147962.0,132446823,122476298,37827747,85403498,61088643.0,24314855,6497059,300644,32154258,64426639,0.0
TR,MAKTK,2021,326242551,168657928.0,157584623,162941635,135304129,123798435,72552017.0,51246418,23615495,369,50964481,145425835,0.0
TR,MAKTK,2022,981995385,348564834.0,633430551,352145077,195573744,439788011,308730645.0,131057366,72967777,35797,200680498,564894179,0.0
TR,MAKTK,2023,1644529203,592416944.0,1052112259,656690116,378220375,847297879,619572903.0,227724976,153579675,504091,298741722,838329711,0.0
TR,MAKTK,2024,2458468927,848843616.0,1609625311,1513608808,664706092,1189278059,660204715.0,529073344,277602400,2918,396842204,655654976,0.0
TR,MAKTK,2025,2641055251,755286186.0,1885769065,1432649629,386186638,1174543189,758598712.0,415944477,-32085311,417,344365022,925128575,0.0
TR,MANAS,2018,52173918,39109736.0,13064182,26615524,25005338,48165584,33078422.0,15087162,1824790,1517956,14918904,18272376,0.0
TR,MANAS,2019,58865749,45462100.0,13403649,29236885,34400965,53760101,36858367.0,16901734,816908,3093698,15939838,18420917,0.0
TR,MANAS,2020,106055485,68648691.0,37406794,42157546,54735194,53989289,32142752.0,21846537,1555348,4520413,12964333,46327615,0.0
TR,MANAS,2021,157588525,41507797.0,116080728,90473992,34857597,96383712,59641988.0,36741724,4107910,5477906,29534799,46342403,0.0
TR,MANAS,2022,656825720,321524218.0,335301502,342456643,225040942,269467871,160889898.0,108577973,-39396307,28898102,132499513,234533108,0.0
TR,MANAS,2023,1229346550,491912658.0,737433892,493830533,384854015,397596787,179495513.0,218101274,56886853,5861632,289647901,575427470,0.0
TR,MANAS,2024,1930834300,883121652.0,1047712648,709298965,687523965,475767386,192685885.0,283081500,-147961398,6350641,467465667,906209840,0.0
TR,MANAS,2025,1939630543,1263642147.0,675988396,706970063,975823077,568381043,385221646.0,183159397,-451983514,20349201,552613107,914151103,0.0
TR,MARBL,2020,402733971,301754307.0,100979664,216777173,203046758,311494859,193909166.0,117585693,-3129793,17037484,117887989,70601201,0.0
TR,MARBL,2021,779471416,538840821.0,240630595,437759534,389044810,537043600,315632821.0,221410779,28606239,14304546,252403786,143860220,0.0
TR,MARBL,2022,1273651525,804387407.0,469264118,671877880,579931459,1162919504,667996500.0,494923004,96707240,34228744,414980187,285275507,0.0
TR,MARBL,2023,2391475966,940521165.0,1450954801,1378843923,698997036,1655627563,941717226.0,713910337,129040142,324802722,697379951,553705922,0.0
TR,MARBL,2024,4551149475,1797309128.0,2753840347,1997913577,1361051615,3130774532,1866406180.0,1264368352,147828373,57310774,1300062108,1681436596,0.0
TR,MARBL,2025,4709511483,2084040512.0,2625470971,2281219511,1479191604,3559975296,2099924165.0,1460051131,5757984,54665976,1599222596,1489440148,0.0
TR,MARKA,2013,10186255,6758972.0,3427283,5410432,2719906,6053885,4117069.0,1936816,-1151402,959605,73720,4382983,
TR,MARKA,2014,17456983,15374617.0,2082366,6516540,5964520,0,0.0,0,-1821304,431111,81842,8751857,
TR,MARKA,2015,6427335,2511883.0,3915452,511522,2510361,55438,97078.0,-41640,-4883563,11510,0,7474,
TR,MARKA,2016,8579317,2290281.0,6289036,8154566,2224205,94000,421.0,93579,2371501,1889879,0,5678,0.0
TR,MARKA,2017,126890784,76282348.0,50608436,85333624,74311616,3448874,5155290.0,-1706416,-5501727,3420854,822754,2250323,0.0
TR,MARKA,2018,68084373,17543722.0,50540651,29605063,16229928,4318714,1566610.0,2752104,-2189227,3244435,3222683,675440,0.0
TR,MARKA,2019,30200634,8230671.0,21969963,29070210,8230084,16359297,7887107.0,8472190,1514181,104208,1895953,376210,0.0
TR,MARKA,2020,37738773,23170199.0,14568574,36369467,23159474,12426465,9527560.0,2898905,400264,723397,0,405391,0.0
TR,MARKA,2021,51676036,41884092.0,9791944,33494960,40775851,14809688,10884142.0,3925546,-5637087,1929868,2059211,4503309,0.0
TR,MARKA,2022,162557500,81787861.0,80769639,100967105,78469311,38635100,20796755.0,17838345,28233650,1071276,11295956,24053815,0.0
TR,MARKA,2023,254396065,152946532.0,101449533,160750714,148684954,48255454,42814903.0,5440551,-16519205,1633138,14745121,34652926,0.0
TR,MARKA,2024,367713216,119483515.0,248229701,256638106,114950316,266197829,88672036.0,177525793,114341901,1708662,0,35549436,0.0
TR,MARKA,2025,364711236,161864231.0,202847005,96932995,161030633,123870666,71076604.0,52794062,68027733,98946,20692655,32800868,0.0
TR,MARTI,2013,483183114,386400765.0,96782349,104721886,185388271,97307044,69374203.0,27932841,-44498393,3625541,13753373,276534889,
TR,MARTI,2014,997608212,493825581.0,503782631,107947217,308619227,87284617,60040043.0,27244574,-53443223,3382249,7670395,754809618,
TR,MARTI,2015,806215859,526902508.0,279313351,55536149,211558810,83714836,72161384.0,11553452,-105497166,998126,4225042,580359322,0.0
TR,MARTI,2016,770752539,608334521.0,162418018,76355257,224289830,42425951,41084333.0,1341618,-113785223,1188741,2326122,596053312,0.0
TR,MARTI,2017,816753133,669467635.0,147285498,50835964,204747371,58176401,37181523.0,20994878,-17896275,766255,3501788,629937810,0.0
TR,MARTI,2018,1049660880,961376114.0,88284766,146127179,375013709,120564633,68082668.0,52481965,-135258263,1721539,4285498,807156577,0.0
TR,MARTI,2019,1224714983,1162806530.0,61908453,123522901,1136252378,151785037,89162546.0,62622491,-127551613,2022602,3131396,979512365,0.0
TR,MARTI,2020,1567715879,1416456057.0,151259822,169554251,1311421660,65695295,63442234.0,2253061,92134976,25245606,3036690,1253130623,0.0
TR,MARTI,2021,3216356407,2117652625.0,1098703782,129432120,432120014,132485588,88405489.0,44080099,12945099,36399703,5780669,2655006249,0.0
TR,MARTI,2022,6679302587,2579964661.0,4099337926,398680678,416593350,359947910,232159988.0,127787922,107919025,189254423,15341815,5465882202,0.0
TR,MARTI,2023,13133622124,4244854803.0,8888767321,216414551,606974247,623879870,495575447.0,128304423,-429633730,6628203,32329979,11880540918,0.0
TR,MARTI,2024,24751058755,10129392062.0,14621666693,333515697,1529614212,1495319241,1122942302.0,372376938,866404290,13084000,57655550,21663645501,0.0
TR,MARTI,2025,28634243643,11493778748.0,17140464895,1191970432,2202256283,1608027194,1085393414.0,522633780,-226217870,946979902,55975390,23761558930,0.0
TR,MASFN,2023,4872399556,2299924912.0,2572474644,1814904517,1600151815,2813308285,1825259320.0,988048965,828157605,1280921620,93902059,2937691809,0.0
TR,MASFN,2024,7310914815,1798109088.0,5512805727,3225024401,1095045739,4381054826,2159491884.0,2221562942,2258228594,2443357780,57801621,3410509788,0.0
TR,MASFN,2025,11431357783,2795425477.0,8635932306,6274877651,1681015461,3857987719,2165035798.0,1692951921,1795322185,4407859211,60586862,4198308261,0.0
TR,MAVI,2014,495400475,433751252.0,61649223,371819291,380170776,895070863,460225642.0,434845221,18884548,92175560,154723797,100217638,
TR,MAVI,2015,551467691,455842735.0,95624956,411944121,402263445,1052807320,528395125.0,524412195,33452943,111374352,177346064,114807993,0.0
TR,MAVI,2016,926810000,786340000.0,140470000,625380000,664463000,1307934000,640915000.0,667019000,51813000,158056000,287844000,136579000,0.0
TR,MAVI,2017,1075243000,828062000.0,247181000,761379000,742177000,1781656000,875313000.0,906343000,90002000,266280000,320351000,156033000,0.0
TR,MAVI,2018,1343910000,1006742000.0,337168000,985312000,896934000,2352850000,1144905000.0,1207945000,100774000,266571000,457229000,159739000,25925000.0
TR,MAVI,2019,1937424000,1459760000.0,477664000,1118672000,1123025000,2862882000,1458268000.0,1404614000,107887000,310838000,496064000,180719000,0.0
TR,MAVI,2020,2707750000,2173741000.0,534009000,1786744000,1786006000,2401808000,1241704000.0,1160104000,8043000,893483000,560084000,197679000,0.0
TR,MAVI,2021,4095304000,2901947000.0,1193357000,2856183000,2570373000,4619319000,2247656000.0,2371663000,423018000,1481617000,751398000,258987000,30347000.0
TR,MAVI,2022,15163443000,9744361000.0,5419082000,11396323000,8974150000,21037941000,10680042000.0,10357899000,1927210000,5348967000,4005068000,1051377000,198536000.0
TR,MAVI,2023,19751283000,10274770000.0,9476513000,14418631000,8706179000,37367501000,19356032000.0,18011469000,2496718000,6898786000,5129528000,1723753000,931050000.0
TR,MAVI,2024,25586754379,11972750342.0,13614004037,18497389491,10757044512,50326284271,25017672677.0,25308611594,3494437957,8271735967,6679413046,2942440413,1364137841.0
TR,MAVI,2025,29503953167,14269809930.0,15234143237,19639201881,12017445190,52191580852,25578010877.0,26613569975,2250803232,9300704388,6400088284,4431148305,1214069721.0
TR,MCARD,2022,2677334096,1921107524.0,756226572,1879303797,1839516882,997226234,662486020.0,334740214,301281815,419687415,5149900,563957036,107500820.0
TR,MCARD,2023,4304938293,3171562868.0,1133375425,3237965841,3162367639,1331641395,934893116.0,396748279,378157792,774637847,5320433,821878642,0.0
TR,MCARD,2024,5517458593,3946462919.0,1570995674,4244269625,3762289820,2156447286,1446993385.0,709453901,763096414,1107119512,4781754,1001350800,351837204.0
TR,MCARD,2025,7052947196,5264007307.0,1788939889,5280951836,4913029726,2680187452,1820943122.0,859244329,808433633,1080788583,5455369,1504400973,754040017.0
TR,MEDTR,2018,203470362,95355648.0,108114714,153281897,60648053,199428285,112169351.0,87258934,12604112,14063189,42058158,47118342,0.0
TR,MEDTR,2019,220213080,93724468.0,126488612,166005421,73033590,232086489,139783728.0,92302761,27170117,5994068,37679543,46020442,0.0
TR,MEDTR,2020,341686096,124532278.0,217153818,241131580,87623593,359320939,195245803.0,164075136,60425795,55693932,49526399,86696043,0.0
TR,MEDTR,2021,719211228,149838740.0,569372488,618338113,127036443,375929700,210176413.0,165753287,167701149,261277977,66611555,83274734,0.0
TR,MEDTR,2022,1889909415,381047682.0,1508861733,1206762127,240087456,1595736869,914409462.0,681327407,114304626,161078308,278362340,542980334,140000000.0
TR,MEDTR,2023,2732983625,596542604.0,2136441021,1559862096,411078399,2096766074,1167366662.0,929399412,37406957,216567601,397632921,1092761028,150000000.0
TR,MEDTR,2024,3678190407,752748719.0,2925441688,2032970289,601283838,2741346878,1658460873.0,1082886005,92049980,395646734,694325248,1530268703,45305607.0
TR,MEDTR,2025,3951021452,727470301.0,3223551151,2004224964,595899665,3162149858,2198371546.0,963778312,-12912557,347675896,605707733,1715253189,41558152.0
TR,MEGAP,2013,13559709,3118225.0,10441484,9307154,2981360,10740525,9204564.0,1535961,-910004,89381,1525338,2317619,
TR,MEGAP,2014,13694296,2943482.0,10750814,9904203,2754166,11797336,9316160.0,2481176,310803,11012,1715218,1686914,
TR,MEGAP,2015,15572428,2749124.0,12823304,14330346,2552861,12554330,10180499.0,2373831,2102616,60431,2100381,1154909,
TR,MEGAP,2016,14804430,1761767.0,13042663,13968623,1435515,12767168,9793085.0,2974083,280789,832350,2166615,526367,0.0
TR,MEGAP,2017,17684381,2395576.0,15288805,16190836,1797170,17382897,12975876.0,4407021,2258705,358133,2458245,660827,0.0
TR,MEGAP,2018,35075762,15262958.0,19812804,31619563,14913376,50373303,40649290.0,9724013,4539830,505963,3577681,2756927,0.0
TR,MEGAP,2019,111237481,84697998.0,26539483,95207011,78999869,169359897,155200572.0,14159325,6747123,5451853,22144470,5087361,0.0
TR,MEGAP,2020,218095678,158120622.0,59975056,188977206,134904485,360113080,343298097.0,16814983,20044914,2571895,25084103,21964070,0.0
TR,MEGAP,2021,624758670,378015490.0,246743180,486438240,326053726,564709616,518504562.0,46205054,15967643,4048094,105967597,132601086,0.0
TR,MEGAP,2022,2819440963,1999275012.0,820165951,2192346268,1867086910,2950343226,2530918650.0,419424576,81367900,71065556,449603342,597344892,0.0
TR,MEGAP,2023,5396647140,3593300710.0,1803346430,4193276989,3536830276,5900237885,4810056244.0,1090181641,356644944,21781849,1141211870,1076234530,0.0
TR,MEGAP,2024,18850829452,15655857133.0,3194972319,17231631840,15616786677,15930556554,14723147913.0,1207408641,634747278,42733887,2070002987,1553852166,0.0
TR,MEGAP,2025,10041820416,7851213926.0,2190606490,9112029836,7769911568,9676191682,9301732885.0,374458797,-811343760,26670466,1556102979,868983746,0.0
TR,MEGMT,2019,842875022,613834259.0,229040763,459049672,348446147,0,0.0,0,0,38755944,192179586,323893978,
TR,MEGMT,2020,1285660821,928378153.0,357282668,766860815,669965436,2081551328,1893712413.0,187838915,44094961,50048180,342734247,449530355,0.0
TR,MEGMT,2021,2477802150,1894157086.0,583645064,1570266860,1562644654,4291957471,3935499456.0,356458015,4288647,113757378,714831617,797296806,0.0
TR,MEGMT,2022,3562881042,2739950974.0,822930068,1971498833,2248524315,8840193329,8159087666.0,681105663,81690973,126220224,745903571,1296306524,0.0
TR,MEGMT,2023,6857856100,4089808898.0,2768047202,4168103692,3502028701,11726940184,10633579974.0,1093360210,300121994,1508058873,1345348643,2179045473,0.0
TR,MEGMT,2024,11584119622,6803703784.0,4780415838,7157245475,5941970122,23476375115,21531035442.0,1945339673,553158404,2155150640,2519473489,3285486360,0.0
TR,MEGMT,2025,16186003418,11817221833.0,4368781585,9682204412,9488997132,25326306869,23207030544.0,2119276325,1617108478,1978132938,4037017722,5313034949,0.0
TR,MEKAG,2020,193114167,151176747.0,41937420,138245373,133952183,206124190,147497285.0,58626905,41349052,23219605,71837622,30207099,0.0
TR,MEKAG,2021,306798623,230945850.0,75852773,234338556,218402691,353607766,267894828.0,85712938,35605387,45333673,119856693,37889857,0.0
TR,MEKAG,2022,1153304321,712390444.0,440913877,886225923,635744907,1363175264,1063509348.0,299665916,77127730,115421855,428731849,230173941,0.0
TR,MEKAG,2023,2226423235,993060523.0,1233362712,1686090319,925017689,2188966687,1610525253.0,578441434,158183112,296826125,675307929,395444825,0.0
TR,MEKAG,2024,2600215012,1111046080.0,1489168932,1771214039,1037589064,2684898278,2098182980.0,586715298,-113732304,105277536,986484859,618826472,0.0
TR,MEKAG,2025,2746481708,1189185461.0,1557296247,1904299619,1093528880,3164353098,2483219492.0,681133606,-65851733,450885319,853259316,603819944,0.0
TR,MEPET,2013,158266199,45002868.0,113263331,35394183,39124580,247333140,239608354.0,7724786,468514,1799694,4605670,43251217,
TR,MEPET,2014,182285709,49552225.0,132733484,38064306,38308541,229257091,216699385.0,12557706,7080776,11163442,4750148,95192605,
TR,MEPET,2015,183055867,55707587.0,127348280,46467444,37102507,227220527,214390301.0,12830226,973704,3157668,4078966,94455915,
TR,MEPET,2016,205193433,67764166.0,137429267,82168467,40442406,271028514,256165154.0,14863360,10058356,1164964,5671050,91904536,0.0
TR,MEPET,2017,266792499,118252434.0,148540065,43040393,59120594,356884343,339494234.0,17390109,8032618,1617956,4769732,195369175,0.0
TR,MEPET,2018,368203979,178732210.0,189471769,31223718,119258468,454737403,437921291.0,16816112,-13192351,330213,4409874,314353864,0.0
TR,MEPET,2019,374166621,179989969.0,194176652,32365622,108867652,523231186,493320479.0,29910707,-2345245,429551,5439386,319098240,0.0
TR,MEPET,2020,395045612,205861221.0,189184391,43537640,126895643,394917429,376851710.0,18065719,-15666188,661460,4968741,330032561,0.0
TR,MEPET,2021,631103907,257306342.0,373797565,64568584,171200678,602052677,560658967.0,41393710,66262506,1479517,11105784,534581341,0.0
TR,MEPET,2022,885868831,322112326.0,563756505,69131924,236656038,3418109622,3274846706.0,143262916,22910306,3061871,21893444,775118205,0.0
TR,MEPET,2023,2547336304,503871071.0,2043465233,207922571,367688487,4714728430,4465219336.0,249509094,276038703,50631884,66977412,2135059602,0.0
TR,MEPET,2024,2920812245,623939380.0,2296872865,295386273,447894193,5425224116,5154359459.0,270864657,-332434975,86420386,64159541,2449156599,0.0
TR,MEPET,2025,3446836474,459024845.0,2987811629,639232847,386723610,4304798376,3928251807.0,376546569,179725748,108259869,63724915,2597231272,0.0
TR,MERCN,2018,215354630,190949830.0,24404800,154229951,139848462,177496515,140171089.0,37325426,-2085792,14831507,28756611,10559620,0.0
TR,MERCN,2019,198168269,151444268.0,46724001,112208429,124335209,212691335,170712030.0,41979305,10575349,8630838,42845827,18195209,0.0
TR,MERCN,2020,282466340,208431694.0,74034646,199849814,155095255,326124745,252304532.0,73820213,30558748,18165892,79692314,40563085,0.0
TR,MERCN,2021,668683090,310814393.0,357868697,517074534,279387711,665768708,509307689.0,156461019,121576522,55744036,187135723,84890790,896879.0
TR,MERCN,2022,2076352503,856194569.0,1220157934,1424035263,839276153,2839720211,2193586751.0,646133460,101451661,197807016,529927027,366309174,2542331.0
TR,MERCN,2023,3352927594,1461824751.0,1891102843,1739105675,1360916866,3481716173,2812885583.0,668830590,87833586,176825173,484512063,865559113,25156309.0
TR,MERCN,2024,3552334160,1215110563.0,2337223597,1322116386,1156723930,3443895365,2679850774.0,764044590,-78400778,173945274,334184974,1141472411,19990378.0
TR,MERCN,2025,4313293360,1649246640.0,2664046720,1409307709,1364815390,3191508748,2170691199.0,1020817549,136972138,151164353,470989488,1572647126,9353400.0
TR,MERIT,2013,7528126,1086997.0,6441129,4259743,1035186,5399059,747082.0,4651977,2532928,5153,0,0,
TR,MERIT,2014,9395333,953406.0,8441927,1637088,889705,5318845,1119921.0,4198924,2000844,2421,0,0,
TR,MERIT,2015,11233644,968734.0,10264910,3478329,834547,5875071,929740.0,4945331,1846687,2007549,0,0,
TR,MERIT,2016,13818355,1164170.0,12654185,3892488,1123545,8343244,1608555.0,6734689,2351804,4605,0,0,0.0
TR,MERIT,2017,18730986,2202270.0,16528716,7660775,2130933,10690788,1942911.0,8747877,3890341,7540,0,0,0.0
TR,MERIT,2018,47197554,6772835.0,40424719,7886170,5234476,9965713,930928.0,9034785,7652554,9437,0,0,0.0
TR,MERIT,2019,50701365,4820857.0,45880508,13148904,3225217,14324959,413967.0,13910992,7205943,34391,0,0,0.0
TR,MERIT,2020,50269931,3339320.0,46930611,14313823,1610464,4820347,250450.0,4569897,2439820,39809,0,0,0.0
TR,MERIT,2021,956968798,40438218.0,916530580,7995349,4843324,11367428,1427085.0,9940343,3898408,45703,0,0,0.0
TR,MERIT,2022,2665573015,154780923.0,2510792092,40971308,14215327,112603766,37940609.0,74663157,15554972,2272635,0,0,5095683.0
TR,MERIT,2023,6314197374,333609336.0,5980588038,81497935,48763101,149405067,24824337.0,124580730,121655625,2686199,0,0,57897607.0
TR,MERIT,2024,12834157652,29571218.0,12804586434,73192618,24005942,197001277,12539681.0,184461596,467898991,1575597,0,0,41169564.0
TR,MERIT,2025,19085743740,70204607.0,19015539133,183220058,58264016,357448171,13661419.0,343786753,830759535,7151132,0,318756,58973534.0
TR,MERKO,2013,80285284,63954085.0,16331199,47477005,56817632,70643155,56875766.0,13767389,-3071684,905177,33790816,32517665,
TR,MERKO,2014,45506993,19452763.0,26054230,28022705,17972860,111058977,88274388.0,22784589,9828588,1713770,7666066,17262625,
TR,MERKO,2015,83543744,56945792.0,26597952,67164895,50137031,72204499,58014377.0,14190122,658944,3460615,46036206,16133117,
TR,MERKO,2016,110408872,81386624.0,29022248,83139424,73958623,83049459,72511186.0,10538273,-6246356,995860,56856386,26698567,0.0
TR,MERKO,2017,95298540,80395977.0,14902563,62334175,72938175,94945890,88079157.0,6866733,-13772102,519452,32311028,24328980,0.0
TR,MERKO,2018,90117183,58610981.0,31506202,35671551,48495022,115511660,105075335.0,10436325,-30856294,12321265,7130057,47376880,0.0
TR,MERKO,2019,81863503,66051290.0,15812213,32565500,48000731,21066193,20087576.0,978617,-12108739,368464,1044121,48644500,0.0
TR,MERKO,2020,184632408,39987079.0,144645329,61015149,23080958,60756319,48285969.0,12470350,5765305,8810257,17248343,46926897,0.0
TR,MERKO,2021,867012288,264244370.0,602767918,154484168,180228914,282825939,200823327.0,82002612,4689152,12761566,29757208,372374839,0.0
TR,MERKO,2022,2240334049,952523572.0,1287810477,1002883552,675323514,1672634071,1240098086.0,432535985,-412444387,35640978,466254280,995009115,0.0
TR,MERKO,2023,3281638274,891135700.0,2390502574,1324019173,507427641,1317106613,768846172.0,548260441,191374895,46856408,553313425,1570727345,0.0
TR,MERKO,2024,2511818602,692312318.0,1819506284,565419163,476305352,1777334743,1518244742.0,259090001,467099658,22058355,125823440,1271484882,0.0
TR,METEN,2023,13167355644,7801788556.0,5365567088,1322060134,3082543240,1447521408,641409817.0,806111591,3609020620,465752435,78281838,8207069295,80818337.0
TR,METEN,2024,19900816484,6821261456.0,13079555028,1417395891,2332590860,2168871279,1111093983.0,1057777296,849792937,288543616,95175209,15853307833,0.0
TR,METEN,2025,22253388623,8674607305.0,13578781318,2128644123,2068607463,2070260432,1629490000.0,440770432,359014189,284887341,0,17474096617,0.0
TR,METRO,2013,976726158,88608870.0,888117288,19184888,61874995,0,0.0,0,138777129,156684,0,17764,
TR,METRO,2014,1190070936,126593036.0,1063477900,18756795,77799767,0,0.0,0,175384034,102920,0,358084,
TR,METRO,2015,1016153789,91801293.0,924352496,60550347,64686935,0,0.0,0,-139124789,108852,0,283878,
TR,METRO,2016,1003829938,56386309.0,947443629,17174904,27230082,0,0.0,0,23090757,78400,0,211539,0.0
TR,METRO,2017,1493406697,431517760.0,1061888937,110529856,392884722,0,0.0,0,114424746,22472065,0,754904,0.0
TR,METRO,2018,955459882,337042427.0,618417455,29010566,44948470,0,0.0,0,-438780114,37736,0,609651,0.0
TR,METRO,2019,1083009874,323030859.0,759979015,22377919,36111870,0,0.0,0,132086684,651509,0,510051,0.0
TR,METRO,2020,1271851730,298958988.0,972892742,26499333,235480093,38932085,35649141.0,3282944,212961273,10013766,0,448870,0.0
TR,METRO,2021,1567610640,50889191.0,1516721449,39572201,8289797,45350310,62777477.0,-17427167,318988362,17371004,0,220925,0.0
TR,METRO,2022,5388321930,259385325.0,5128936605,81559149,52931660,54633965,65376711.0,-10742746,1023689639,164356,0,6232984,0.0
TR,METRO,2023,4704857724,245332832.0,4459524892,61741473,16485744,16058249,16065268.0,-7019,-2945267701,309776,0,7149708,0.0
TR,METRO,2024,4728143954,312468126.0,4415675828,50545544,24999038,37605890,38059812.0,-453923,-1421285608,196999,0,7266910,0.0
TR,METRO,2025,4480228405,238866292.0,4241362113,60841039,8401767,210547788,120296536.0,90251252,-616679573,161880,0,344961,0.0
TR,MEYSU,2022,3498047199,1778146901.0,1719900298,1999364354,1523888457,3836235486,2940647343.0,895588143,266823383,115381397,775760420,1443804748,0.0
TR,MEYSU,2023,3638806104,1330272178.0,2308533926,1583997362,937194077,3322300377,2373911410.0,948388967,264674402,228975904,760821189,2003668647,0.0
TR,MEYSU,2024,4192051887,1387780032.0,2804271855,1586893686,920722908,3632793443,2566254200.0,1066539243,226961108,70314106,809290831,2428188711,0.0
TR,MEYSU,2025,5928148997,2297544969.0,3630604028,2118688178,1369868933,4231553120,2880558126.0,1350994994,544615363,59481492,957279646,3807739108,0.0
TR,MGROS,2013,5786620000,4964408000.0,822212000,1970712000,2360669000,7126925000,5232223000.0,1894702000,-463133000,1038329000,841228000,1233665000,0.0
TR,MGROS,2014,5580587000,4671748000.0,908839000,1723289000,2779768000,8122667000,5959276000.0,2163391000,96191000,689074000,949977000,1199189000,0.0
TR,MGROS,2015,5709024000,5234392000.0,474632000,1983830000,2725671000,9389829000,6864180000.0,2525649000,-370453000,839424000,1052680000,1220623000,0.0
TR,MGROS,2016,6276726000,6084113000.0,192613000,2471347000,3320760000,11059224000,8106667000.0,2952557000,-300106000,1155942000,1212074000,1268333000,0.0
TR,MGROS,2017,10302675000,8775527000.0,1527148000,3776275000,5516096000,15344047000,11262081000.0,4081966000,509036000,1617380000,1908246000,3740288000,0.0
TR,MGROS,2018,10884861000,10249771000.0,635090000,4474261000,6674919000,18717358000,13836817000.0,4880541000,-835437000,1750516000,2249052000,3863042000,0.0
TR,MGROS,2019,13817048000,13462880000.0,354168000,5273679000,7788240000,22864760000,16745635000.0,6119125000,-460670000,2328309000,2666449000,3736238000,0.0
TR,MGROS,2020,15378059000,15344598000.0,33461000,7330921000,10402951000,28790190000,22018975000.0,6771215000,-402949000,3230793000,3339580000,2772744000,0.0
TR,MGROS,2021,18100325000,17564261000.0,536064000,8703724000,13108998000,36272243000,27517740000.0,8754503000,358881000,3632341000,4675317000,3750426000,0.0
TR,MGROS,2022,81620198000,54112847000.0,27507351000,33624651000,42857914000,140480068000,114210332000.0,26269736000,9155534000,12652044000,18540676000,16740828000,0.0
TR,MGROS,2023,133015623000,80672262000.0,52343361000,54684664000,64819729000,262132403000,213170188000.0,48962215000,12857520000,17837809000,31660576000,29301055000,958319000.0
TR,MGROS,2024,196415566505,120913996867.0,75501569638,75517017551,92951344322,384535043702,295523347740.0,89011695962,8604849914,29482635787,40775774601,42308696549,2635286670.0
TR,MGROS,2025,230625793194,142689716922.0,87936076272,83917104510,105923977271,454197869640,343775991682.0,110421877958,7475615155,30573509776,45381727481,53151914665,2265831606.0
TR,MHRGY,2021,1149430916,201894128.0,947536788,51431986,11010996,37904107,4380268.0,33523839,328407028,20328552,0,992431,0.0
TR,MHRGY,2022,3653189444,38659696.0,3614529748,188795592,31286513,112747945,13014559.0,99733386,1034396089,79906322,0,4170434,0.0
TR,MHRGY,2023,6576012718,29728805.0,6546283913,1622506531,20333163,198824136,12778698.0,186045438,45098895,1375738221,0,18606759,0.0
TR,MHRGY,2024,9145756345,1327909486.0,7817846859,2295649836,52872170,312777156,27165982.0,285611174,117349307,851104218,85528200,109708713,0.0
TR,MHRGY,2025,11117180922,2086698304.0,9030482618,3152046287,111772035,417550315,22355517.0,395194798,537943059,925442810,805195722,105907942,48916225.0
TR,MIATK,2018,51582887,19508389.0,32074498,19747086,18495770,24341132,18800420.0,5540712,3700639,2817126,1849236,430875,0.0
TR,MIATK,2019,66130324,20734304.0,45396020,34230819,19511619,79452227,66993636.0,12458591,13471916,2504805,17299102,332223,0.0
TR,MIATK,2020,94954217,27667422.0,67286795,43739369,21281249,86477819,63614841.0,22862978,22189563,8417053,3265196,710439,0.0
TR,MIATK,2021,300674516,55179935.0,245494581,133719292,50094806,164195110,103585575.0,60609535,54155781,68406511,5120226,963307,0.0
TR,MIATK,2022,1470336285,333679012.0,1136657273,644371060,275451568,1100194037,518464841.0,581729196,424545649,291509011,12673114,8042678,0.0
TR,MIATK,2023,3140143136,599199071.0,2540944065,1091597300,519236811,2022762660,993310140.0,1029452520,728230091,281120283,51848351,128430530,0.0
TR,MIATK,2024,8326003153,2007725765.0,6318277388,3370111699,1700971041,3381343396,1358157249.0,2023186147,2986662826,1116282780,48341146,344404676,0.0
TR,MIATK,2025,7892697266,1878345637.0,6014351629,3085768113,1670136258,3033848225,2005609452.0,1028238773,-807048458,765469767,8008011,338398693,0.0
TR,MMCAS,2013,11285134,766096.0,10519038,9804019,746708,5752513,4816986.0,935527,266844,10394,382842,1430603,
TR,MMCAS,2014,10308175,353595.0,9954580,9163509,343809,2867042,2652373.0,214669,-559435,12235,86339,1042415,
TR,MMCAS,2015,13860694,764231.0,13096463,12889346,713772,2571404,2470913.0,100491,3093321,6143,900900,887279,0.0
TR,MMCAS,2016,17666727,3908398.0,13758329,16209836,3826692,3848548,3204246.0,644302,155498,33590,1560361,988278,0.0
TR,MMCAS,2017,14077705,4864423.0,9213282,13307827,4765324,2079598,3288794.0,-1209196,-4152139,50805,1024817,446163,0.0
TR,MMCAS,2018,5880449,4176082.0,1704367,3091220,4176082,1610200,1024817.0,585383,-7966827,26941,1531836,166185,0.0
TR,MMCAS,2019,15282527,8014517.0,7268010,9661872,7918393,17503158,13162100.0,4341058,9421,261344,0,212797,0.0
TR,MMCAS,2020,18328370,10521410.0,7806960,12460428,10505496,23028508,15771148.0,7257360,498725,573374,0,195247,0.0
TR,MMCAS,2021,4368673,5708539.0,-1339866,1892901,4957924,0,0.0,0,-365010,55387,0,21824,0.0
TR,MMCAS,2022,8157575,7450156.0,707419,2990719,7450156,2446894,1779546.0,667348,-602473,46656,0,0,0.0
TR,MMCAS,2023,9781378,6462312.0,3319066,4066765,6451100,1794016,0.0,1794016,-3304358,81421,0,72426,0.0
TR,MMCAS,2024,10131015,11771500.0,-1640485,9277777,11691957,20368695,6433007.0,13935687,-2169908,5643257,0,166365,0.0
TR,MMCAS,2025,7013602,8250229.0,-1236627,5849129,8191045,8868462,33892.0,8834569,-4576477,1803817,0,165996,0.0
TR,MNDRS,2013,638096614,340644400.0,297452214,380791187,292912286,482293700,422666276.0,59627424,25635940,59971644,140986886,134270062,
TR,MNDRS,2014,771457899,448535470.0,322922429,487021178,360326896,603362938,533415118.0,69947820,24985674,124275728,188413621,155713214,
TR,MNDRS,2015,800430853,510037837.0,290393016,382366671,387088176,568581917,525686646.0,42895271,-48898230,66463970,179100241,247123317,
TR,MNDRS,2016,838511692,558585429.0,279926263,384523356,405373620,645115929,562294407.0,82821522,-9326470,16923525,176131668,271610281,0.0
TR,MNDRS,2017,1143623329,847482438.0,296140891,550854553,500304030,818816025,656339276.0,162476749,50810258,37228665,303103924,337424407,0.0
TR,MNDRS,2018,1336011124,1136978011.0,199033113,623370937,704033522,1162330679,995919908.0,166410771,-98998247,30662280,342597916,428973447,0.0
TR,MNDRS,2019,1530314965,1349252612.0,181062353,731777880,827606353,1460741970,1308844129.0,151897841,-17701730,30933504,466218932,487389051,0.0
TR,MNDRS,2020,2675160811,1954558666.0,720602145,1073919767,972374129,1823282965,1478990971.0,344291994,-92051693,47437939,501630684,1391238278,0.0
TR,MNDRS,2021,3805352541,2783246463.0,1022106078,1454979574,1674044877,2226845652,1857846443.0,368999209,-265489683,118035517,683151692,1968553618,0.0
TR,MNDRS,2022,12451094731,5887400645.0,6563694086,4565610275,3462586524,7994262391,6243454853.0,1750807538,1930859406,193804086,3101263555,6885488028,0.0
TR,MNDRS,2023,17543929129,6071216270.0,11472712859,5503326613,3373059196,9154983790,8160454765.0,994529025,1607964315,632184536,3287022953,10195966031,0.0
TR,MNDRS,2024,22598589723,7586400257.0,15012189466,6825868437,4050025980,10211491287,9968204582.0,243286705,-3326198,735374213,3651246081,12672129851,0.0
TR,MNDRS,2025,23959717794,7382967413.0,16576750381,7627567784,3500338391,9716010602,8970729882.0,745280720,319142784,1734302655,3718673849,12799933806,0.0
TR,MNDTR,2013,344830438,188376481.0,156453957,206679670,174130760,443858813,370878625.0,72980188,2561519,5447243,52352599,125845639,
TR,MNDTR,2014,343350148,178892584.0,164457564,205398151,162540718,473399607,383706016.0,89693591,9161630,4814931,45473231,133400663,
TR,MNDTR,2015,419499162,252633536.0,166865626,240702758,235335762,486311935,401096169.0,85215766,1573576,1886981,65514540,168322182,
TR,MNDTR,2016,505048755,335792162.0,169256593,288064790,316529200,521375369,433982514.0,87392855,1968317,14074182,61357342,213362888,0.0
TR,MNDTR,2017,645491697,455832833.0,189658864,410430578,434061916,761509030,625323992.0,136185038,22177008,11163085,100852150,220947232,0.0
TR,MNDTR,2018,886443444,620924283.0,265519161,584847101,597143071,1121962798,861027845.0,260934953,75736359,5565072,149805696,262407278,0.0
TR,MNDTR,2019,762054009,514613214.0,247440795,450995007,487472554,1031041045,878453876.0,152587169,-16144653,11591756,96133812,287327348,0.0
TR,MNDTR,2020,995928158,692949449.0,302978709,634261447,652830203,1212400546,999937321.0,212463225,64144573,7137212,146199653,340015073,0.0
TR,MNDTR,2021,3716974054,2491794330.0,1225179724,2979099484,2389962348,3981585161,3029140202.0,952444959,502814564,81598288,853194977,543196937,0.0
TR,MNDTR,2022,10033435036,4764120982.0,5269314054,5947936836,4368707765,16003309339,13301842514.0,2701466825,609774804,169114851,1792732556,3638939681,0.0
TR,MNDTR,2023,11463315995,5154239492.0,6309076503,5739834701,4786813952,15044631390,12911473355.0,2133158035,-1291754297,100727890,1371062793,4976929469,0.0
TR,MNDTR,2024,13801386083,5003472026.0,8797914057,6519735585,4617650172,16176107529,13865025731.0,2311081798,-618895431,172409283,1524754805,6239625764,0.0
TR,MNDTR,2025,13171126139,5172993537.0,7998132602,6525850086,4757405767,17379654243,14760656280.0,2618997962,-1691383171,274636575,1311594267,6081204026,0.0
TR,MOBTL,2018,1922256619,1062846839.0,859409780,884452820,775344782,1198378502,1073184367.0,125194135,17354581,19525404,34477341,15150928,0.0
TR,MOBTL,2019,1426497262,1594769529.0,-168272267,434378524,1376172889,1328219794,1203791510.0,124428284,5445492,6728828,61226220,16804122,0.0
TR,MOBTL,2020,2172975555,1238874975.0,934100580,734669079,848286205,1766452591,1596940339.0,169512252,377588450,59133417,68973528,21358542,0.0
TR,MOBTL,2021,3386172405,1486009753.0,1900162652,1135884676,1071790681,2356167497,2131861173.0,224306324,638939634,43846416,242330967,33927896,0.0
TR,MOBTL,2022,7130613649,2253522300.0,4877091349,1623175306,1520788038,7692758140,6002411238.0,1690346902,259382096,278252480,400471426,146186075,0.0
TR,MOBTL,2023,10577982646,3266772679.0,7311209967,2777432531,2164260597,11182533070,9957029823.0,1225503247,526054378,72748690,968822657,213360786,0.0
TR,MOBTL,2024,11773050191,3155390180.0,8617660011,2861140377,2403487605,12345040434,10948859551.0,1396180883,194038172,84691974,490297227,256691639,0.0
TR,MOBTL,2025,14359785064,4652346691.0,9707438373,4475873193,3620161560,16911485387,15079142682.0,1832342705,765817263,159566454,402905636,235404673,0.0
TR,MOGAN,2020,25210201811,14846397535.0,10363804276,1390748524,2138024001,2054860606,1531132505.0,523728101,342910885,818405128,5255922,21700429341,0.0
TR,MOGAN,2021,49005295855,25837762005.0,23167533850,2767840830,4558959878,3287532514,2133950399.0,1153582115,1703579788,1536549970,174075332,42224877758,0.0
TR,MOGAN,2022,99323585777,54028190708.0,45295395069,8400210779,12565931775,20354844877,17076082841.0,3278762036,-4335991062,4151988984,467621946,86534505214,0.0
TR,MOGAN,2023,127265000059,70696973332.0,56568026727,8514168893,15788839496,18361719241,14779189415.0,3582529826,1997932946,2898585492,421802884,111750424601,0.0
TR,MOGAN,2024,157768648589,69442066062.0,88326582527,6868853015,17431551087,16862524755,15795531351.0,1066993404,-5731942341,3938867201,455054579,141351814666,0.0
TR,MOGAN,2025,163574837258,65981936619.0,97592900639,4177455959,13895658948,14420657127,16129710982.0,-1709053856,-11506642386,2683715537,441838688,154399060265,0.0
TR,MOPAS,2021,4049672614,2584415898.0,1465256716,1981792302,1681145198,7740549391,6208825805.0,1531723586,110617319,335974909,1367712788,1153192546,0.0
TR,MOPAS,2022,5004913768,2959652667.0,2045261101,2543584123,2026683018,8951907525,7284071735.0,1667835790,356230584,652812263,1416779624,1507619665,33790516.0
TR,MOPAS,2023,5139627875,3023187867.0,2116440008,2411811275,1944969911,12071950464,9036348181.0,3035602283,807472932,651388896,1348018560,1356955355,195048029.0
TR,MOPAS,2024,7390072541,4368461667.0,3021610874,3540430930,2848252109,17418017135,12419581880.0,4998435255,298684570,908375875,2012672625,1869317164,0.0
TR,MOPAS,2025,9968970728,4630177953.0,5338792775,5131739635,2741519585,19894656165,14260556867.0,5634099299,257528958,1006959383,2264618699,2492729277,0.0
TR,MPARK,2014,2013509000,1645272000.0,368237000,797995000,819471000,1518025000,1240166000.0,277859000,126971000,213220000,31074000,588888000,0.0
TR,MPARK,2015,2302384000,1980640000.0,321744000,901155000,1213741000,1843387000,1562350000.0,281037000,-42622000,92089000,41969000,734957000,0.0
TR,MPARK,2016,2435303000,2170064000.0,265239000,1015713000,1031003000,2160072000,1853759000.0,306313000,-48709000,110678000,45058000,701423000,0.0
TR,MPARK,2017,2721336000,2616666000.0,104670000,1161175000,1261424000,2576076000,2170589000.0,405487000,-132782000,217846000,51346000,752136000,0.0
TR,MPARK,2018,3238877000,2663186000.0,575691000,1478593000,1508830000,3131559000,2644048000.0,487511000,-103680000,223318000,80201000,836758000,11072000.0
TR,MPARK,2019,3914486000,3676081000.0,238405000,1721976000,1938417000,3703598000,2851756000.0,851842000,56254000,305663000,90465000,775746000,1501000.0
TR,MPARK,2020,4571850000,4222993000.0,348857000,2185278000,2386700000,4014679000,3058183000.0,956496000,122997000,374997000,113482000,764245000,0.0
TR,MPARK,2021,5748121000,5078924000.0,669197000,2741333000,3318172000,5795954000,4216994000.0,1578960000,355209000,680241000,285276000,1014733000,9269000.0
TR,MPARK,2022,22616068000,12719068000.0,9897000000,6964561000,7968031000,18902871000,14015535000.0,4887336000,4891444000,1261961000,1173794000,3509971000,51300000.0
TR,MPARK,2023,41025377000,22411600000.0,18613777000,12213788000,12830891000,32412088000,23127981000.0,9284107000,6855006000,4060471000,1554376000,5581450000,64911000.0
TR,MPARK,2024,61900802994,31097214914.0,30803588080,14644050495,17249831416,51951068434,37737928574.0,14213139859,7573169668,3570246647,1313755833,10159861251,256792424.0
TR,MPARK,2025,90454998065,50107562072.0,40347435993,23579149795,18304866202,60624394775,43581436213.0,17042958562,6806245212,8848250714,1221620833,16538367169,268020437.0
TR,MRGYO,2013,316315905,121556691.0,194759214,49432999,41461731,15009712,5296780.0,9712932,13551447,1221389,8087683,49981,
TR,MRGYO,2014,557071167,151592015.0,405479152,29879674,62516216,18369376,8654718.0,9714658,210710664,1370932,2002280,119423,
TR,MRGYO,2015,487752674,160167318.0,327585356,31798517,33255728,14771634,4119153.0,10652481,-132876490,233296,251610,98766,
TR,MRGYO,2016,484016904,201655906.0,282360998,74634345,59934487,5101713,2103575.0,2998138,-105084319,101778,1410501,104608,0.0
TR,MRGYO,2017,507879764,220143112.0,287736652,50601985,64180914,7431747,1072221.0,6359526,-57206398,108074,1410500,102268,0.0
TR,MRGYO,2018,591996367,298123140.0,293873227,106321052,83754147,17535053,1732145.0,15802908,-75407097,190746,846302,130458,0.0
TR,MRGYO,2019,736596163,380219106.0,356377057,128941328,379540110,23882546,1930959.0,21951587,18832320,112359,0,36327,0.0
TR,MRGYO,2020,995549136,503172220.0,492376916,153402065,471351863,25517004,2216741.0,23300263,8652823,24097597,0,162768,0.0
TR,MRGYO,2021,1927711118,465587325.0,1462123793,162079796,99539781,13392576,2868135.0,10524441,216982363,30809527,0,4894738,0.0
TR,MRGYO,2022,4036722059,590049144.0,3446672915,133764272,134110905,34403116,3867099.0,30536017,1409693452,55210993,0,6838949,0.0
TR,MRGYO,2023,8208851663,905087479.0,7303764184,92559893,158905605,78219951,6477717.0,71742234,1283271495,1180746,0,15554244,0.0
TR,MRGYO,2024,16339918520,4636740880.0,11703177640,222021008,300439091,194107306,21656514.0,172450792,3068775352,174177,0,21502886,0.0
TR,MRGYO,2025,20596405424,6058063585.0,14538341839,1698696866,209766268,222715105,31535092.0,191180013,1766303468,11365224,0,25755440,0.0
TR,MRSHL,2013,174837822,66856051.0,107981771,106513483,59108725,278963762,193251816.0,85711946,-2985022,15540587,16877282,64043440,
TR,MRSHL,2014,175532127,67638825.0,107893302,111145711,59917087,268809657,184515136.0,84294521,-327834,13701603,24918634,60695973,
TR,MRSHL,2015,173017147,66854094.0,106163053,112761981,58175612,255844548,168358117.0,87486431,-503850,28444331,23980376,56483590,
TR,MRSHL,2016,172383692,64045314.0,108338378,118605476,48835450,271093303,170729045.0,100364258,3663584,20812381,20669053,50053692,0.0
TR,MRSHL,2017,224944677,118917045.0,106027632,161879092,102787479,330165622,221223867.0,108941755,-2415319,19659474,34670510,57973387,0.0
TR,MRSHL,2018,261120308,195754146.0,65366162,201668499,179465196,385717340,285836532.0,99880808,-35830357,26267896,50731918,52650737,0.0
TR,MRSHL,2019,300865882,216971836.0,83894046,220643241,192239301,393566354,239832341.0,153734013,18751221,49033931,34423678,61116001,0.0
TR,MRSHL,2020,488676858,383915159.0,104761699,356007469,360076734,506196637,351100034.0,155096603,21684431,141899041,57141456,115872484,0.0
TR,MRSHL,2021,816407439,809290329.0,7117110,648958969,793946628,751612793,596777199.0,154835594,-96301958,102357988,268865720,147136675,0.0
TR,MRSHL,2022,2765894335,2419481054.0,346413281,2010558807,2318684727,3144525915,2247373750.0,897152165,-35897824,888274519,464817253,724170334,0.0
TR,MRSHL,2023,3116204100,1998090979.0,1118113121,2018502308,1937231989,4496184870,3077132268.0,1419052602,-210249215,888128284,466729060,1024685853,0.0
TR,MRSHL,2024,3345544489,2176736748.0,1168807741,1858607514,2080640857,5316765090,3620312197.0,1696452893,-318671129,484179470,522094539,1336937329,0.0
TR,MRSHL,2025,3483315416,2515795139.0,967520277,2079818165,2284523620,4813812573,2739511582.0,2074300991,-320756984,372748882,507878301,1262189320,0.0
TR,MSGYO,2014,112801395,60376074.0,52425321,59597631,55984264,0,0.0,0,3779801,8821181,43092798,179932,
TR,MSGYO,2015,227174522,165297336.0,61877186,127517980,156713897,0,0.0,0,4413825,1299441,76586943,143308,0.0
TR,MSGYO,2016,334494323,276174780.0,58319543,221733529,242827268,0,0.0,0,-3556826,1474313,174265980,30293,0.0
TR,MSGYO,2017,254120907,42719418.0,211401489,114942027,34959923,276609462,136750161.0,139859301,153081946,9433326,82343294,22430,0.0
TR,MSGYO,2018,236072425,22307073.0,213765352,79832049,22111216,17859282,9254125.0,8605157,8696176,1361031,68474110,687864,7800000.0
TR,MSGYO,2019,257289455,8705522.0,248583933,66614484,8384172,14313508,3463516.0,10849992,34893382,220291,62787506,773178,0.0
TR,MSGYO,2020,264684696,7864719.0,256819977,67874341,7279185,11895515,1784378.0,10111137,12599942,4037997,61369974,743777,0.0
TR,MSGYO,2021,490003196,22235339.0,467767857,103745599,21426475,39961815,6780429.0,33181386,215347298,52389159,49904586,712564,0.0
TR,MSGYO,2022,2259505035,30896524.0,2228608511,433782104,28900328,172061038,55940024.0,116121014,826072204,155242651,221108498,3200022,0.0
TR,MSGYO,2023,4372480952,34817013.0,4337663939,633535554,32209552,167367577,29348758.0,138018819,1259826231,197487487,259072258,21769320,0.0
TR,MSGYO,2024,6303373893,1482967587.0,4820406306,2022098309,814258564,221542446,38666775.0,182875671,133790117,530663801,1293133457,13567355,0.0
TR,MSGYO,2025,6471282435,1194475204.0,5276807231,1887135956,247043255,1216912495,677247313.0,539665183,68878829,5420274,1673120419,16817154,0.0
TR,MTRKS,2017,30133608,11889917.0,18243691,11355282,7199119,45719237,40371875.0,5347362,776969,6348309,0,854296,0.0
TR,MTRKS,2018,34425739,14682730.0,19743009,14152865,10002915,57769240,51532580.0,6236660,2059591,8228012,0,1105633,0.0
TR,MTRKS,2019,39591150,19698517.0,19892633,13350854,13157837,70548624,58554392.0,11994232,6377902,6144719,0,2184122,0.0
TR,MTRKS,2020,61201147,26414563.0,34786584,28600980,20964615,113410270,90550841.0,22859429,16151015,18208339,0,2661988,2941176.0
TR,MTRKS,2021,81874180,31483705.0,50390475,38081206,26041799,165084443,135455148.0,29629295,25881270,23787870,0,4446463,5882351.0
TR,MTRKS,2022,304964234,91579030.0,213385204,107759303,70075309,478832150,367339764.0,111492386,60484772,75672002,0,12564221,0.0
TR,MTRKS,2023,526324538,110289829.0,416034709,149977921,94421612,858847493,669253341.0,189594152,128460221,125582284,0,18107945,0.0
TR,MTRKS,2024,969677246,257518637.0,712158609,310642270,168393612,1282832718,817139732.0,465692985,172390026,22349095,351534,20799644,0.0
TR,MTRKS,2025,1366094777,302945879.0,1063148898,395777983,179391182,1405221199,1122334186.0,282887013,272606857,40474900,206058,22164437,0.0
TR,MTRYO,2013,40342342,200534.0,40141808,40335124,186052,103067970,104656810.0,-1588840,-3216882,7351836,0,0,
TR,MTRYO,2014,48662249,482870.0,48179379,48646622,482349,58165272,48694736.0,9470536,8037571,9271486,0,0,
TR,MTRYO,2015,42562756,331153.0,42231603,42465336,326543,24906034,27107735.0,-2201701,-4162776,4820905,0,0,
TR,MTRYO,2016,47889920,2944482.0,44945438,47828467,2932917,66323055,61182007.0,5141048,2713835,23518717,0,0,0.0
TR,MTRYO,2017,47479729,259640.0,47220089,47442190,230798,65002023,59315084.0,5686939,3904864,15660890,0,4981,2100000.0
TR,MTRYO,2018,43542261,326844.0,43215417,43414374,310536,267186310,268945131.0,-1758821,-3158996,18572553,0,83172,840000.0
TR,MTRYO,2019,57132996,341218.0,56791778,57035687,321945,210006852,194485635.0,15521217,13568406,41361607,0,60093,0.0
TR,MTRYO,2020,110508909,26482503.0,84026406,110439109,26436858,644210135,632571631.0,11638504,8706915,45982049,0,39938,2671979.0
TR,MTRYO,2021,94984554,1437512.0,93547042,94939139,1388308,1044512314,1030316458.0,14195856,11152311,41752985,0,17602,1652957.0
TR,MTRYO,2022,415556730,84648330.0,330908400,415324151,84354558,2598535661,2400046569.0,198489092,82107676,96677155,0,232579,4231964.0
TR,MTRYO,2023,355345922,2643127.0,352702795,355124625,1902432,7038575977,6917208185.0,121367792,-86932556,39614206,0,221297,37716537.0
TR,MTRYO,2024,476804792,1667256.0,475137536,476664566,1021633,4747242370,4509761025.0,237481345,14225894,167951692,0,140226,0.0
TR,MTRYO,2025,501590494,2233548.0,499356946,501297414,1292531,5843826743,5710243366.0,133583377,-20936308,20973439,0,293080,2391920.0
TR,MZHLD,2013,98616489,127490275.0,-28873786,31412659,96733549,143855471,113020771.0,30834700,3600623,80737,18567537,11112823,
TR,MZHLD,2014,88841482,116093270.0,-27251788,19714876,77180934,135517032,110059162.0,25457870,1457724,146671,12447641,10986171,
TR,MZHLD,2015,95124143,118656926.0,-23532783,24516051,77408289,140566972,108962366.0,31604606,4272354,295325,15201741,10691074,
TR,MZHLD,2016,121394235,134006574.0,-12612339,47467428,87430108,171367239,125035353.0,46331886,11580875,450442,25175603,11249629,0.0
TR,MZHLD,2017,150301129,139276004.0,11025125,74811297,92930681,218117456,155706782.0,62410674,23671808,624102,41524582,11964572,0.0
TR,MZHLD,2018,159391935,101472266.0,57919669,85862787,68074001,217908612,152098154.0,65810458,45734469,3417467,42423513,9145335,0.0
TR,MZHLD,2019,165678766,100409455.0,65269311,93098663,66460440,195522073,142310539.0,53211534,3176475,6068223,48892732,5246317,0.0
TR,MZHLD,2020,288725932,123872517.0,164853415,213423668,87420385,268352306,187019195.0,81333111,33098571,77911105,72356060,8500167,0.0
TR,MZHLD,2021,471575994,253070483.0,218505511,223285388,220431031,431018138,332271748.0,98746390,-58913399,28626384,93755733,152426306,0.0
TR,MZHLD,2022,2605538025,722992555.0,1882545470,724562850,506112737,1483415659,1281391306.0,202024353,-2948906,169717052,225832753,1441127255,0.0
TR,MZHLD,2023,3965239036,894560788.0,3070678248,831966592,578620739,2156034320,1751033578.0,405000742,64398570,15766181,317318986,2562344619,0.0
TR,MZHLD,2024,5175493360,1320930801.0,3854562559,721466903,834035749,2032179073,1929324135.0,102854938,-504238688,17316007,238537091,3713327981,23910082.0
TR,MZHLD,2025,5701997392,1759947860.0,3942049532,702152688,1163790967,2471717432,2090014422.0,381703011,-203390787,19665838,318697001,3973222937,0.0
TR,NATEN,2016,41053183,43691950.0,-2638767,10527020,14114899,11380567,9053154.0,2327413,-4891764,6895913,947377,19107113,0.0
TR,NATEN,2017,92456773,85779473.0,6677300,19293085,51594728,62298550,52664272.0,9634277,4041626,1356515,57121,57311787,0.0
TR,NATEN,2018,258234159,157872450.0,100361709,12335412,48305662,20703639,7730425.0,12973214,8511571,695978,179125,225956501,0.0
TR,NATEN,2019,567111683,353369066.0,213742617,44685692,151697706,62625465,44431399.0,18194066,67771333,26888737,181961,497423870,0.0
TR,NATEN,2020,1347616543,605353919.0,742262624,302886051,122556277,142757181,67983894.0,74773287,100871534,217704672,22124061,1002001189,0.0
TR,NATEN,2021,6053465168,1660089191.0,4393375977,1307855562,624617147,623358353,423309000.0,200049353,1024092861,829799458,3498045,4701332434,0.0
TR,NATEN,2022,8434731906,2224171959.0,6210559947,1909662643,1029521504,1868170595,1245831681.0,622338914,-588116188,301453249,25830390,6011046589,103524912.0
TR,NATEN,2023,20196805505,7149468225.0,13047337280,2096439759,2446350089,2661844634,2218275438.0,443569196,331820559,391979357,74075536,13952212838,85878408.0
TR,NATEN,2024,23396079605,7402107671.0,15993971934,2328980273,2911900306,1901790185,1616272218.0,285517967,-282366790,164673016,77547555,13830590104,0.0
TR,NATEN,2025,23790527810,9057050496.0,14733477314,1550502629,4010315819,1767861120,1381356288.0,386504831,-2137900416,466772069,52058860,15889315954,0.0
TR,NETAS,2013,777312696,488249619.0,289063077,660040216,463030694,631485722,566108105.0,65377617,2196864,40870012,59127258,39599590,
TR,NETAS,2014,901106101,578208085.0,322898016,734587570,544894729,740959124,657649432.0,83309692,11845089,84325174,54923946,38123936,
TR,NETAS,2015,1352615156,915414259.0,437200897,1093955696,866372756,1008993097,895090264.0,113902833,34305075,226061741,103016525,40220084,
TR,NETAS,2016,1375486892,825791015.0,549695877,1122788685,784118707,969843424,835419643.0,134423781,18670011,115641750,83991024,40167155,0.0
TR,NETAS,2017,1549852507,905245883.0,644606624,1286317631,845140220,1122265684,949726015.0,172539669,53518202,187212070,70801802,36598628,0.0
TR,NETAS,2018,1695910296,1078254691.0,617655605,1360046995,1042607751,1024463920,890226071.0,134237849,-84208942,192787683,89782997,51441407,0.0
TR,NETAS,2019,2006190715,1469981296.0,536209419,1511828338,1198142317,1327640194,1167599493.0,160040701,-148779765,195340538,124259454,71327610,0.0
TR,NETAS,2020,2411094079,1825323034.0,585771045,1806680392,1700482641,1733166950,1556135207.0,177031743,-70933003,305858010,183412626,106867551,0.0
TR,NETAS,2021,3666926846,3631518570.0,35408276,2948964059,3508145330,2296349584,2559191128.0,-262841544,-670422682,541970727,379632146,107379852,0.0
TR,NETAS,2022,4179818366,4162126607.0,17691759,3196676305,4012878974,4011553628,3624228360.0,387325268,-24762494,220130315,425556194,104419220,0.0
TR,NETAS,2023,5731899385,5509136288.0,222763097,3967423520,5231635187,6958287619,6354978246.0,603309373,100450587,90112867,384359746,127684364,0.0
TR,NETAS,2024,10058055699,10035587756.0,22467943,7157780163,9401072851,12009877806,11159456801.0,850421005,-356021196,630317344,734032733,186273768,0.0
TR,NETAS,2025,10308395889,10614649777.0,-306253888,7443471711,9480479964,13238207612,12345316480.0,892891132,-374743467,392866736,792691724,172502115,0.0
TR,NETCD,2023,1673932440,259913859.0,1414018581,529911855,229431123,887847771,92108291.0,795739480,266596480,66731827,520200,40545534,0.0
TR,NETCD,2024,2266907034,204244579.0,2062662455,809066996,166777472,1174579295,103728834.0,1070850461,607796768,172577079,212031,39137452,17212149.0
TR,NETCD,2025,3254532131,253880367.0,3000651764,1304915605,212761453,1545450293,136269479.0,1409180813,955329383,520586825,351272,58181945,218026061.0
TR,NIBAS,2013,50348447,19092508.0,31255939,28551473,16961297,17044475,16482053.0,562422,-1051230,9982404,5240913,16478872,
TR,NIBAS,2014,53815916,19682156.0,34133760,36703302,17203242,31242320,28317966.0,2924354,3233587,19738392,3088300,15981733,
TR,NIBAS,2015,62794462,22114901.0,40679561,33734591,19428452,21684156,20062404.0,1621752,2128096,17688320,3730369,22844337,
TR,NIBAS,2016,65723146,28267037.0,37456109,19635472,25219267,30321252,27760956.0,2560296,-3489664,2757402,3514577,23210424,478411.0
TR,NIBAS,2017,67608395,34977191.0,32631204,23627567,31747364,34709564,32432020.0,2277544,-4131651,2806084,5677504,22678512,0.0
TR,NIBAS,2018,68015912,14471401.0,53544511,19552337,10505426,29527784,29248586.0,279198,-9927889,7965423,4233587,34204232,0.0
TR,NIBAS,2019,119535464,21699253.0,97836211,17249877,11647656,28066662,27081897.0,984765,3519633,1830020,2806970,67346401,0.0
TR,NIBAS,2020,113944320,26035640.0,87908680,21837068,15701023,26712490,23626647.0,3085843,-6496340,3077132,4874825,67737575,0.0
TR,NIBAS,2021,187307546,36311967.0,150995579,17577658,20994135,44825254,40826704.0,3998550,29561746,2528660,4147158,74408873,0.0
TR,NIBAS,2022,454374255,48779819.0,405594436,41121660,22789478,145196787,111045815.0,34150972,-15974204,4753061,5943802,49973514,0.0
TR,NIBAS,2023,762175628,119315089.0,642860539,55092930,23478345,81387398,55019721.0,26367677,51468476,18155494,6437696,89692382,0.0
TR,NIBAS,2024,974598426,160837732.0,813760694,50271175,35922078,88725577,72379138.0,16346439,-25079324,1454824,12834725,115605045,0.0
TR,NIBAS,2025,558661949,102143617.0,456518332,220594166,59358407,115465685,71243860.0,44221825,-439760404,17947930,12194749,123157585,0.0
TR,NTGAZ,2017,181631133,145349710.0,36281423,37581473,66079095,213807988,190440264.0,23367724,-30651698,5272536,7049603,116676143,0.0
TR,NTGAZ,2018,257499650,148619036.0,108880614,50016394,75156228,250235590,195410738.0,54824852,-31943230,5300520,10366836,190995688,0.0
TR,NTGAZ,2019,273941389,135261979.0,138679410,76942334,79658428,433416282,319149563.0,114266719,29798796,10515131,11273213,181698986,0.0
TR,NTGAZ,2020,401565309,167628894.0,233936415,117486522,129404838,453388932,334013584.0,119375348,90198685,8808168,12062516,258520574,0.0
TR,NTGAZ,2021,845113970,270172723.0,574941247,266230596,189991455,696363820,559349122.0,137014698,26186054,88019560,17160319,545153781,32500000.0
TR,NTGAZ,2022,3724039366,971389297.0,2752650069,1701847235,806793819,7003677528,5201229772.0,1802447756,1107812870,594211611,62923000,1814694299,35777881.0
TR,NTGAZ,2023,4257038214,866492786.0,3390545428,1287136463,732509114,5835065203,4704055521.0,1131009682,139330591,349209637,52766664,2816414723,715154519.0
TR,NTGAZ,2024,6516612591,1839943946.0,4676668645,1892048512,1299290317,7501206304,5557046084.0,1944160219,478545270,466476359,49691153,4480420748,492774893.0
TR,NTGAZ,2025,7600931891,2053161941.0,5547769950,1795706246,1173823298,8748885698,6356734455.0,2392151243,990652420,368518034,90403457,5638342767,508232170.0
TR,NTHOL,2013,1506255088,638041452.0,868213636,250302761,232982852,194717297,123420086.0,71297211,181046914,139533576,12315601,938442464,
TR,NTHOL,2014,2176383645,903292646.0,1273090999,790576703,398232891,308438741,189405332.0,119033409,23293482,586112436,18240506,1008619606,
TR,NTHOL,2015,2832797514,793406476.0,2039391038,695871151,327935041,403136468,246379452.0,156757016,97379304,421801436,21700094,1580467626,
TR,NTHOL,2016,3076619249,966521797.0,2110097452,780350277,307314536,471949688,291980674.0,179969014,-4269843,321579019,28692148,1648095244,0.0
TR,NTHOL,2017,4402588794,1518484875.0,2884103919,634438363,430860293,651869660,399834639.0,252035021,314604959,283008725,31460546,2633829194,0.0
TR,NTHOL,2018,6251935888,2256789253.0,3995146635,708620295,525740561,767144410,505225861.0,261918549,271572659,291565401,34103086,3842032418,0.0
TR,NTHOL,2019,7498115931,2939042610.0,4559073321,812054492,707267228,922766393,636821625.0,285944768,87560964,434234608,39439348,4507185686,0.0
TR,NTHOL,2020,7574098634,3431966267.0,4142132367,656463656,846493171,421536314,403391942.0,18144372,-484256955,332659077,36142998,4622754706,0.0
TR,NTHOL,2021,17752652000,7115962000.0,10636690000,1588933000,1853135000,1011508000,627155000.0,384353000,1014987000,1209741000,59891000,10777247000,0.0
TR,NTHOL,2022,46891342000,17009977000.0,29881365000,2870453000,5658151000,6371512000,4101707000.0,2269805000,2199914000,1827024000,252658000,27858842000,0.0
TR,NTHOL,2023,79655924000,28232047000.0,51423877000,4649818000,8787636000,13706683000,8219169000.0,5487514000,3927390000,2951306000,448363000,48120376000,0.0
TR,NTHOL,2024,110676023001,37837684236.0,72838338765,7104431149,11021774147,25349701343,17956350248.0,7393351095,3898434292,2747568727,504832078,72216498107,0.0
TR,NTHOL,2025,130722065120,41820463398.0,88901601722,9102172804,10688793575,27527570404,20011101736.0,7516468668,2361517034,3621458256,873426230,97429304325,0.0
TR,NUGYO,2013,840484393,787935549.0,52548844,731780051,608160400,8386949,4407460.0,3979489,-17288835,2349795,610842695,2111021,
TR,NUGYO,2014,1138343145,1117387103.0,20956042,997892447,602008886,6497176,1817527.0,4679649,-31593612,13580021,847060835,1771155,
TR,NUGYO,2015,1581008870,1525718844.0,55290026,1380136446,1129454900,104111771,42274221.0,61837550,-105613041,5313677,1166961023,1461238,
TR,NUGYO,2016,1860936724,1654526123.0,206410601,1294264837,1143759364,466924584,331824129.0,135100455,151070362,22731649,989326691,3362622,0.0
TR,NUGYO,2017,1841010507,1623537439.0,217473068,895728538,1145411307,351529209,250199747.0,101329462,11069818,12470059,770889478,3649105,0.0
TR,NUGYO,2018,1781231509,1799770492.0,-18538983,649506654,1226444754,223951086,159594301.0,64356785,-235960059,30099885,485370895,3376422,0.0
TR,NUGYO,2019,1743949491,1387178625.0,356770866,581571226,872741211,270141385,138389890.0,131751495,-290516489,139155705,360814267,11747087,0.0
TR,NUGYO,2020,1640071662,1310023907.0,330047755,473921607,1126940026,282721521,100544051.0,182177470,-217208470,112334682,269032720,13672947,0.0
TR,NUGYO,2021,1644540772,1241847399.0,402693373,432579817,845549091,484199469,126694967.0,357504502,-103636036,204589455,158966107,14185163,0.0
TR,NUGYO,2022,3034318048,761315659.0,2273002389,807534249,759161622,2068203578,1030561840.0,1037641738,534502648,386066623,233246452,45780437,0.0
TR,NUGYO,2023,5463400357,1086220772.0,4377179585,1237367606,1083719553,194829955,45557625.0,149272330,1097877552,153934683,783452646,81828274,0.0
TR,NUGYO,2024,7449849476,554476225.0,6895373251,1029419634,549774855,1673112593,812425199.0,860687394,227540303,21179967,578146047,115412548,0.0
TR,NUGYO,2025,7401252540,333033304.0,7068219236,1088373067,327371658,834856326,432983777.0,401872549,-523880330,31994868,216336541,132240696,0.0
TR,NUHCM,2013,1359180154,466872966.0,892307188,452204096,250125939,962798183,721464800.0,241333383,87912481,35891779,87905936,543945678,
TR,NUHCM,2014,1389995320,390969219.0,999026101,484526309,204784529,1004161221,666112927.0,338048294,169892439,67338791,99107651,532243596,
TR,NUHCM,2015,1423257291,359544940.0,1063712351,525201938,194198684,989914918,633029297.0,356885621,173999840,102952334,102031302,533386370,
TR,NUHCM,2016,1450295919,339971206.0,1110324713,516950519,199386871,923163574,617750981.0,305412593,175465839,94384533,108438935,528987341,127681560.0
TR,NUHCM,2017,1751892336,625857039.0,1126035297,701403880,415896699,1002472078,761307762.0,241164316,149907991,153725346,135810914,632114142,135192240.0
TR,NUHCM,2018,1942083889,800144137.0,1141939752,847504127,504941306,1169468076,840835297.0,328632779,150123986,236929104,219519315,709230530,135192240.0
TR,NUHCM,2019,1832592465,639324802.0,1193267663,738810044,440063875,1268982280,965772985.0,303209295,160792870,309098199,166810717,671654951,105662304.0
TR,NUHCM,2020,2518121572,719235920.0,1798885652,959007964,498110334,1706337086,1140742402.0,565594684,570249409,464468206,145089396,682194295,105149520.0
TR,NUHCM,2021,3473236017,1301385982.0,2171850035,1648247014,844945772,2493229032,1794543838.0,698685194,642431762,553884272,434301351,804057072,225320400.0
TR,NUHCM,2022,20428374370,6041829460.0,14386544910,7333795192,3952680039,14669844091,11690608293.0,2979235798,2148952536,2225929556,2042100627,6528698148,711801182.0
TR,NUHCM,2023,27286362684,8040361183.0,19246001501,8646609740,3160322336,19341713605,14725931119.0,4615782486,2780597863,4173183522,1605474557,8463782445,1630277288.0
TR,NUHCM,2024,31741946337,6254682464.0,25487263873,16090001336,4478827855,20266445233,14768977488.0,5497467745,2401222967,10003117551,2214965095,11696691520,1527082756.0
TR,NUHCM,2025,31482279473,4577265483.0,26905013990,14817467123,3332928236,19415107398,14577665456.0,4837441942,821199933,9790493962,1538907190,12552133527,2612875566.0
TR,OBAMS,2020,1384110638,679699108.0,704411530,931405852,609646343,3099519793,2638409001.0,461110792,155064021,5641819,554247386,410916061,4500862.0
TR,OBAMS,2021,1904686535,1033325696.0,871360839,1281672480,964667433,5215846114,4077811835.0,1138034279,126599185,1528261,672831422,481671229,0.0
TR,OBAMS,2022,8281783576,5166631168.0,3115152408,5173816385,5025090497,20867993475,18884055541.0,1983937934,-2102394147,56342267,1663809138,2536256628,149358137.0
TR,OBAMS,2023,11607667085,5294966681.0,6312700404,7026881538,4905560704,33832594871,30939620075.0,2892974796,1846470350,345016438,2275002751,4434523617,147537723.0
TR,OBAMS,2024,15621164151,3068766231.0,12552397920,9875897813,3016149906,22685730365,18969268935.0,3716461430,401795820,3418953085,2260174519,5155605683,401219585.0
TR,OBAMS,2025,13924210271,1834051488.0,12090158783,8773800194,1757965756,25058613435,23226204513.0,1832408922,-2252051257,4125058707,1017895516,4869134128,148889105.0
TR,OBASE,2019,70816909,25951264.0,44865645,29342144,19488363,54279377,39451804.0,14827573,8411225,4022328,232410,1285283,1764706.0
TR,OBASE,2020,101172254,42238681.0,58933573,46425524,28497540,62950259,45130220.0,17820039,14053753,15913844,232410,2062244,882353.0
TR,OBASE,2021,152903525,78760206.0,74143319,84829073,68679298,104770642,80759202.0,24011440,17525250,14804721,232410,2352129,2470588.0
TR,OBASE,2022,662938728,213199850.0,449738878,371258925,176782961,343424948,301951761.0,41473187,-5216005,147750263,1759233,13552754,2283388.0
TR,OBASE,2023,905110958,300477901.0,604633057,394456714,254510784,592573318,550386913.0,42186405,-41151349,86118927,0,15572615,0.0
TR,OBASE,2024,1218122861,502727413.0,715395448,491958405,476974858,968826522,834539617.0,134286905,-64600871,139123514,5031873,16587154,0.0
TR,OBASE,2025,1314584217,531906256.0,782677961,461830839,487299666,941894708,724957927.0,216936781,7252343,48224643,0,12614018,0.0
TR,ODAS,2013,328677616,260030145.0,68647471,148706507,130866658,599703615,549519841.0,50183774,-7146913,52404670,188471,167554678,
TR,ODAS,2014,418673998,322563589.0,96110409,140498463,175941704,621537517,565299471.0,56238046,27124389,70907968,183036,212897125,
TR,ODAS,2015,647623913,478982252.0,168641661,194773281,215573355,484914175,442065066.0,42849109,-1374934,61572619,10858227,401777920,
TR,ODAS,2016,951536711,793679201.0,157857510,275264294,303471289,517421052,451159848.0,66261204,-10722339,107779705,17672644,575948339,0.0
TR,ODAS,2017,1780347828,1498394333.0,281953495,413627208,658828474,614529929,551891911.0,62638018,124122013,123925333,23087640,1037941530,0.0
TR,ODAS,2018,3076063155,2232199030.0,843864125,364594619,959396220,886644695,830719105.0,55925590,-263103120,7133365,86158285,2563015928,0.0
TR,ODAS,2019,3231795961,2439546573.0,792249388,553675498,1225070958,938450745,762339522.0,176111223,-215150086,16355919,143337545,2478541012,0.0
TR,ODAS,2020,3406082696,2617897305.0,788185391,516108111,1103684894,975140238,738059056.0,237081182,-249114897,15431240,193712243,2521085578,0.0
TR,ODAS,2021,6968674929,3303042076.0,3665632853,1113540286,1297157352,1445601491,1063179164.0,382422327,-2240396,173258224,293667516,5565559866,0.0
TR,ODAS,2022,24079050696,8922186356.0,15156864340,7279749670,4866285092,15804775578,9570906865.0,6233868713,1806448450,2432579569,1321971710,14730140504,0.0
TR,ODAS,2023,32574419600,6910618660.0,25663800940,7781980367,5266992559,10743366289,8198824507.0,2544541782,6196221280,1022303625,2161506210,21813125170,0.0
TR,ODAS,2024,44710249583,9855594121.0,34854655462,10339871068,8171734879,10215595113,7911040053.0,2304555060,-4395570255,2427075072,2293609683,29320142724,0.0
TR,ODAS,2025,45551227389,5975126847.0,39576100542,8306657824,4285377971,9807339449,8018669863.0,1788669586,330198939,1368532601,2936089249,32345791289,0.0
TR,ODINE,2021,385340949,263821734.0,121519215,317830533,251954384,195133252,114053896.0,81079356,55693754,204692244,9113081,2656908,0.0
TR,ODINE,2022,773433002,492603034.0,280829968,644763915,479586342,328072383,161337726.0,166734657,135585720,73572558,16239185,3726933,0.0
TR,ODINE,2023,1346674577,655932710.0,690741867,994135320,622509908,771258659,386747795.0,384510864,250387742,229212596,5619961,5800857,0.0
TR,ODINE,2024,3524789252,1045238550.0,2479550702,2498513396,994880252,1570324875,756441305.0,813883570,526374110,870072171,1256093,59172393,0.0
TR,ODINE,2025,3642296926,1214570389.0,2427726537,2024500541,1082270438,2072655174,1736638046.0,336017128,26399510,550670530,51166983,93592317,0.0
TR,OFSYM,2020,632030073,452104852.0,179925221,544534256,395821700,1299205241,1198404713.0,100800528,55149613,11467115,155562866,45319530,0.0
TR,OFSYM,2021,1178035398,859123553.0,318911845,1032006495,824377241,3169029240,2879977080.0,289052160,85762679,75672382,246496094,102824649,0.0
TR,OFSYM,2022,4351975643,3181844422.0,1170131221,3759389364,2744443721,14663373281,13425145284.0,1238227997,321655706,543555858,588390093,530256454,0.0
TR,OFSYM,2023,5832540058,3241584243.0,2590955815,4482145216,2825578102,16533526982,14727224362.0,1806302620,197196475,115716740,681557282,1298816210,0.0
TR,OFSYM,2024,7371009486,3486417683.0,3884591803,5132803800,3129859712,20775970625,18116245065.0,2659725559,499994618,124502116,1079910696,2185324636,0.0
TR,OFSYM,2025,11244448209,6469428646.0,4775019563,7561651305,4896579593,20318551636,17937904774.0,2380646862,483727585,228210097,897833164,3622824838,0.0
TR,ONCSM,2019,101375492,44206140.0,57169352,24192295,24319521,47805239,33622947.0,14182292,1931211,6869888,2800873,74584965,0.0
TR,ONCSM,2020,132127371,56110358.0,76017013,41864434,35985702,101300904,63022006.0,38278898,18765715,8421719,5143863,83068137,0.0
TR,ONCSM,2021,129551193,50753813.0,78797380,85366120,44070181,127988678,39645318.0,88343360,71732927,5770301,33102290,36786736,0.0
TR,ONCSM,2022,349579544,125500140.0,224079404,199028145,96260492,292938612,192230236.0,100708376,-20764097,19251026,88116391,130681362,0.0
TR,ONCSM,2023,488445758,153916001.0,334529757,281845748,130772300,347239530,295570282.0,51669248,-115230143,84525415,112093990,165969931,19910584.0
TR,ONCSM,2024,501243535,142423065.0,358820470,285494358,105698220,490177860,308868866.0,181308994,-77445925,58460789,109068807,186801473,0.0
TR,ONCSM,2025,686826231,238959554.0,447866677,444681651,170373604,780269622,428323729.0,351945893,55453315,49934393,88288808,211242006,0.0
TR,ONRYT,2021,1090497352,696565199.0,393932153,316535015,342679799,495786212,221994308.0,273791904,160978102,36858415,10632966,549061237,0.0
TR,ONRYT,2022,1277235972,591606407.0,685629565,491478613,311099085,605251535,352590914.0,252660621,276699667,8475891,130639975,547384828,0.0
TR,ONRYT,2023,1980138587,747544459.0,1232594128,597194774,372157969,850865812,491286165.0,359579647,134935686,4964567,113727809,986103411,0.0
TR,ONRYT,2024,3245752485,552371631.0,2693380854,1300362766,114071860,936766419,523129239.0,413637179,81958975,456966827,74231133,1288437189,0.0
TR,ONRYT,2025,3778244598,918039469.0,2860205129,1300581250,213099605,1136811364,911726813.0,225084551,-107242221,405003693,78297353,1381441083,0.0
TR,ORCAY,2018,48350388,38651940.0,9698448,38064209,30799841,37057910,32349856.0,4708054,-854475,282123,22675138,8373020,0.0
TR,ORCAY,2019,49936596,40146297.0,9790299,40102191,35324335,48665969,45322437.0,3343532,198975,447340,17598439,8193902,0.0
TR,ORCAY,2020,105739543,70604818.0,35134725,65414494,55036792,56816442,50877350.0,5939092,2024069,20784059,16133345,39437222,0.0
TR,ORCAY,2021,270610214,156183056.0,114427158,218255031,147923741,163741927,148402772.0,15339155,2537350,39589829,43321714,33789313,0.0
TR,ORCAY,2022,817006624,435151599.0,381855025,644471537,388027467,669109513,532922309.0,136187204,-7322233,31817321,356897321,155737626,0.0
TR,ORCAY,2023,1024851277,514507665.0,510343612,748706954,416226538,790543437,602918051.0,187625386,-45107959,21843190,402346062,264720201,0.0
TR,ORCAY,2024,1283898315,746690744.0,537207571,889124686,674653380,579383723,446266589.0,133117134,-134145702,49497723,471675301,387320764,0.0
TR,ORCAY,2025,2523067346,1739152033.0,783915313,868355119,939304376,728018142,568168507.0,159849635,-177600260,41001100,424730454,1634291699,0.0
TR,ORGE,2013,37737643,17159355.0,20578288,23457390,9238812,20817220,17604394.0,3212826,1605226,869219,890397,265725,
TR,ORGE,2014,45986895,21866508.0,24120387,32250256,12574274,24785245,18144531.0,6640714,3543181,1141123,912489,331334,0.0
TR,ORGE,2015,61310553,23337922.0,37972631,55507023,18714389,49816340,34966346.0,14849994,10433485,14565104,2714053,475074,
TR,ORGE,2016,97484823,34908490.0,62576333,72783914,24508021,86335927,57669931.0,28665996,25038812,35698991,1320144,692647,551999.0
TR,ORGE,2017,129658535,41110568.0,88547967,102423182,31450736,85142929,44665883.0,40477046,31427082,31347709,2293726,12253936,5450001.0
TR,ORGE,2018,209426746,72294304.0,137132442,162779682,49645770,128414243,76711054.0,51703189,51434513,19556583,3120289,17184494,0.0
TR,ORGE,2019,295274324,109447519.0,185826805,237949255,71330152,140753087,80420584.0,60332503,45307743,34494610,10413247,17170255,0.0
TR,ORGE,2020,398703817,157299812.0,241404005,342644554,106731599,165053637,100677140.0,64376497,54578136,81538746,6326794,7870926,0.0
TR,ORGE,2021,581655889,236331821.0,345324068,485708416,172768458,308758884,197239838.0,111519046,103961361,41473281,46254013,3435143,0.0
TR,ORGE,2022,1884890092,789113373.0,1095776719,1565444904,609662834,1404595578,829217111.0,575378467,138226237,128626886,152073112,13932623,0.0
TR,ORGE,2023,3155945596,1247623688.0,1908321908,2685539950,885473831,2852846692,1581509531.0,1271337161,315155095,299169328,29973102,23681893,0.0
TR,ORGE,2024,5055851407,1739852166.0,3315999241,4582073729,960939999,4488280996,1886453627.0,2601827369,904720037,186009828,4272692,47643118,0.0
TR,ORGE,2025,6556692775,2194151517.0,4362541258,5952643819,978934063,3846467432,1804683837.0,2041783595,652857920,293568944,108269323,47693997,0.0
TR,ORMA,2013,362757913,288811911.0,73946002,103653245,170879321,135398405,153006779.0,-17608374,-34612649,913412,36382047,246000473,
TR,ORMA,2014,416579641,345438089.0,71141552,148851107,244119451,209608174,203645316.0,5962858,-26747392,943400,43202771,229161282,
TR,ORMA,2015,598286075,415514176.0,182771899,183195396,317386114,247748985,222930970.0,24818015,-18406623,3244626,56403941,371286188,
TR,ORMA,2016,577670113,464016096.0,113654017,183914973,385859175,246194765,218839667.0,27355098,-66317452,1292517,46262082,362265227,0.0
TR,ORMA,2017,766730529,608954954.0,157775575,270033565,535770707,314682401,254610583.0,60071818,-47441595,3855647,53163840,454491328,0.0
TR,ORMA,2018,944984112,743708794.0,201275318,346711097,566384455,426263284,322601590.0,103661694,-57607206,1435256,62082876,547106454,0.0
TR,ORMA,2019,953849327,763915261.0,189934066,335638793,578647220,465411549,362169683.0,103241866,-19796957,10148158,87473913,552046488,0.0
TR,ORMA,2020,1127914008,769894289.0,358019719,299901617,569552535,508609136,379663523.0,128945613,-44056053,5629944,85038542,779049477,0.0
TR,ORMA,2021,1869142059,1192005083.0,677136976,541051209,1029337218,957069221,721905799.0,235163422,-83939544,13316780,200738363,1143449999,0.0
TR,ORMA,2022,5398429160,2549963596.0,2848465564,1497334319,2331699987,3676479872,2885180707.0,791299165,662430158,54903472,668166851,3101062509,0.0
TR,ORMA,2023,8459939445,3313101987.0,5146837458,2044476810,3000636420,4625095471,3704516827.0,920578644,500670912,181486017,971831975,5462057267,0.0
TR,ORMA,2024,11000036943,3736472304.0,7263564639,1499261555,3472280491,4463746039,3865043694.0,598702344,433882398,217655276,673847990,7758321004,0.0
TR,ORMA,2025,12940713463,4804061155.0,8136652308,1812146026,4332770928,5257299464,4590896259.0,666403205,-25235391,98399673,684199302,9051323763,0.0
TR,ORZAX,2023,5226477000,3136572365.0,2089904635,4304396078,2743338303,7617840663,4047423673.0,3570416990,907272680,103188667,806943355,598420634,0.0
TR,ORZAX,2024,5522995778,2707418998.0,2815576780,4599302766,2489993459,5714622082,2004582621.0,3710039461,725253596,253025170,988436976,571197656,0.0
TR,ORZAX,2025,8819958159,4956601223.0,3863356936,7658668890,4263303708,7331467605,2584150499.0,4747317106,1052801030,298642426,1345698447,719706359,0.0
TR,OSTIM,2013,214020535,148404268.0,65616267,80600893,32498940,42040803,21818779.0,20222024,-5107582,768425,1724163,904632,
TR,OSTIM,2014,195152203,126534132.0,68618071,68433643,29220655,20002695,10414741.0,9587954,3505070,1556336,1622031,3283203,
TR,OSTIM,2015,243938664,159651054.0,84287610,37555305,66695706,14881577,10498519.0,4383058,13427624,584841,1786371,9813762,
TR,OSTIM,2016,292611873,199957821.0,92654052,117976494,99066264,16521346,9680595.0,6840751,8578330,1547828,80094626,9102841,0.0
TR,OSTIM,2017,303848976,200939722.0,102909254,124245459,171690623,9747758,8617986.0,1129772,-18675333,18894551,80324755,8512246,0.0
TR,OSTIM,2018,267407604,138669335.0,128738269,37634717,38558217,124470029,91555882.0,32914147,3682398,3187629,3541297,7713820,0.0
TR,OSTIM,2019,277298648,144622283.0,132676365,78386743,49652335,77638426,56905136.0,20733290,4040560,1241268,3851567,8677406,0.0
TR,OSTIM,2020,228485628,75631289.0,152854339,37688638,24027356,78053440,55255830.0,22797610,17135083,8471543,4853011,10955346,0.0
TR,OSTIM,2021,387596545,111902510.0,275694035,127832412,47838237,75614853,51189494.0,24425359,32443830,76228687,14647509,62652290,0.0
TR,OSTIM,2022,1753094241,473082644.0,1280011597,363828296,208505947,390769282,265393928.0,125375354,257433279,62213408,58822008,431541449,0.0
TR,OSTIM,2023,2335726896,211220866.0,2124506030,339035736,124755579,567659132,420586627.0,147072505,411565808,93101656,91305632,460329078,0.0
TR,OSTIM,2024,3348078605,414027157.0,2934051448,421185701,162032425,700515344,686792413.0,13722931,186047134,79584116,189030361,625774619,0.0
TR,OSTIM,2025,3703498928,374648106.0,3328850822,434882235,181305263,469846135,345889231.0,123956905,-2636024,37941742,273190390,795757868,0.0
TR,OTKAR,2013,1375250156,1101980576.0,273269580,797943771,669408156,1401552934,1086542059.0,315010875,96561743,8884174,297797165,120842623,
TR,OTKAR,2014,1235552386,991225010.0,244327376,672058934,640300906,1231633772,919528400.0,312105372,72771198,44527697,264162428,112260055,
TR,OTKAR,2015,1605062174,1359823075.0,245239099,1019692967,784889698,1433967887,1063026461.0,370941426,79506151,58736065,427975544,103757339,80000000.0
TR,OTKAR,2016,1784268000,1541310000.0,242958000,1449932000,1066339000,1634515000,1224670000.0,409845000,69725000,38598000,493870000,105102000,72000000.0
TR,OTKAR,2017,2009587000,1726033000.0,283554000,1631551000,1072319000,1785272000,1313646000.0,471626000,99423000,228958000,413056000,101009000,60000000.0
TR,OTKAR,2018,2302746000,1913160000.0,389586000,1802481000,868140000,1678661000,1085704000.0,592957000,164336000,173017000,690013000,107603000,70000000.0
TR,OTKAR,2019,2677717000,2040071000.0,637646000,1942644000,1037747000,2430643000,1511592000.0,919051000,351592000,222722000,768185000,129072000,72000000.0
TR,OTKAR,2020,4334175000,3326832000.0,1007343000,3178513000,2126684000,2908711000,1714567000.0,1194144000,618268000,517422000,1335582000,227014000,200000000.0
TR,OTKAR,2021,5989526000,4492991000.0,1496535000,3960425000,2852334000,4508874000,2792189000.0,1716685000,1041524000,644857000,1426393000,396704000,400000000.0
TR,OTKAR,2022,26632326000,20105139000.0,6527187000,18279448000,16533972000,17818972000,13772811000.0,4046161000,2018080000,2754110000,7164857000,2371806000,1101998000.0
TR,OTKAR,2023,46901008000,34913024000.0,11987984000,34793354000,30186794000,39327185000,30221430000.0,9105755000,2841321000,9869414000,10727778000,4326891000,0.0
TR,OTKAR,2024,58072579347,47354806560.0,10717772787,39666833849,30470443542,44353886568,37129938943.0,7223947626,-4063459414,1925926165,17887321560,6805929884,1182529728.0
TR,OTKAR,2025,77231587145,67164642719.0,10066944426,50773657413,48714711779,61190103094,49487181443.0,11702921651,-1718047813,7925878745,19112170431,8311633122,0.0
TR,OTTO,2013,20560055,7681423.0,12878632,2247094,4936218,2996785,4059680.0,-1062895,-2856162,703,244930,17410379,
TR,OTTO,2014,30677046,14344195.0,16332851,5393078,6389004,4600420,4046396.0,554024,-678122,233901,365689,23756596,
TR,OTTO,2015,36504539,19741955.0,16762584,7162845,9203548,5496650,5532364.0,-35714,-378267,985199,1308717,26415609,
TR,OTTO,2016,34257165,20608357.0,13648808,4941251,12968485,5306594,6009749.0,-703155,-3118592,2225,1062128,26114107,0.0
TR,OTTO,2017,33218808,16419407.0,16799401,4675782,10184096,3688728,2922045.0,766683,33693,18212,2770848,25354772,0.0
TR,OTTO,2018,32339967,18104473.0,14235494,4101397,13953877,4953486,4945143.0,8343,-2243753,33902,792605,23408486,0.0
TR,OTTO,2019,28682895,19464017.0,9218878,4291285,15665656,3190569,6767456.0,-3576887,-5049055,24528,472755,22066205,0.0
TR,OTTO,2020,24279537,16994854.0,7284683,2352689,12114316,1017572,1027897.0,-10325,-1941961,12150,0,21212957,0.0
TR,OTTO,2021,53260006,19757615.0,33502391,1895640,14084642,2786300,3367670.0,-581370,851800,11170,1315000,983099,0.0
TR,OTTO,2022,332938937,158531842.0,174407095,80500728,12288261,107264430,25991845.0,81272585,119814131,1518483,38921,24250663,0.0
TR,OTTO,2023,616574661,184967257.0,431607404,127247974,90399605,318570793,177133223.0,141437570,82952568,8261996,0,1532808,0.0
TR,OTTO,2024,943317916,320687724.0,622630192,106427013,137293207,306746951,128856422.0,177890530,52372903,34625072,183249,74360846,0.0
TR,OTTO,2025,1023774827,354833298.0,668941529,149463324,145378566,358136037,302912578.0,55223458,-18041781,10428200,154056,36235867,0.0
TR,OYAKC,2013,303285420,60753842.0,242531578,130410278,52273687,198474410,130985497.0,67488913,52285586,21193265,33079958,112752292,
TR,OYAKC,2014,306660877,55996461.0,250664416,122524374,44597621,196016432,122794129.0,73222303,60234987,16202109,42329183,117694899,
TR,OYAKC,2015,292887267,53388487.0,239498780,113142271,42978000,154221628,98833033.0,55388595,44097908,11485983,36979504,111467755,56275056.0
TR,OYAKC,2016,276590626,39041875.0,237548751,101412422,27722817,139453445,91093147.0,48360298,38016840,10536293,33541570,102645672,40586843.0
TR,OYAKC,2017,334704347,62931332.0,271773015,141786810,50503081,205739877,135092021.0,70647856,52719071,27577512,34441373,104159078,35000000.0
TR,OYAKC,2018,3921869831,1618944392.0,2302925439,2288395469,1367134056,199400054,150369340.0,49030714,30411067,752592098,470430170,1498270213,48424265.0
TR,OYAKC,2019,3358734585,1348354376.0,2010380209,1492002442,820847757,2184761224,1853019288.0,331741936,113616825,368764091,353405383,1669138152,54358365.0
TR,OYAKC,2020,3972726540,1690575335.0,2282151205,1909488901,1554271751,2932234571,2354049813.0,578184758,358453306,448831807,352430450,1835124391,0.0
TR,OYAKC,2021,27936799392,17870963004.0,10065836388,10248548069,5792501976,4680981940,3537495555.0,1143486385,725165282,990614896,2798815790,13553803300,0.0
TR,OYAKC,2022,35759726596,17162278746.0,18597447850,15462634839,8510619637,26312734932,19855968138.0,6456766794,8822949317,3190095468,3760999495,13710963256,0.0
TR,OYAKC,2023,51075645669,12575329835.0,38500315834,21378149561,9623439045,44323987453,30934126925.0,13389860528,11734975327,7651947182,5907331867,20360643050,0.0
TR,OYAKC,2024,73870989423,14156013093.0,59714976330,29639410925,12553820593,58156336257,41621857944.0,16534478312,9381547042,8314687830,8391812340,30427290236,0.0
TR,OYAKC,2025,88359267651,19086553043.0,69272714608,35891218521,15986164696,62175557303,45577008065.0,16598549238,9642549260,15207181541,8987720025,39021727064,5320010786.0
TR,OYAYO,2013,10375119,53144.0,10321975,10375119,24923,87418699,88717514.0,-1298815,-1853650,1146193,0,0,
TR,OYAYO,2014,11118197,140932.0,10977265,11118197,63623,144121656,142586635.0,1535021,655290,1749766,0,0,
TR,OYAYO,2015,18899321,176960.0,18722361,18899321,105670,89497483,89314091.0,183392,-754904,3588908,0,0,
TR,OYAYO,2016,20144479,180030.0,19964449,20144479,83823,107543965,105197466.0,2346499,1242090,4827349,0,0,0.0
TR,OYAYO,2017,23422623,1401195.0,22021428,23422623,1379411,83028694,79799206.0,3229488,2056979,5000951,0,0,0.0
TR,OYAYO,2018,24793234,167433.0,24625801,24793234,125800,55643776,51525583.0,4118193,2954332,5218469,0,0,349959.0
TR,OYAYO,2019,30249091,195547.0,30053544,30249091,123088,66546780,58988766.0,7558014,5989067,17361123,0,0,0.0
TR,OYAYO,2020,34731612,235212.0,34496400,34554444,124813,83396807,75903058.0,7493749,5580779,4363549,0,177168,1137923.0
TR,OYAYO,2021,41123966,1514315.0,39609651,41007541,1324717,92178679,83715097.0,8463582,6174155,2813586,0,116425,1060904.0
TR,OYAYO,2022,114629140,5827648.0,108801492,114329449,5002486,461572007,400935488.0,60636519,3696559,7577556,0,299691,2230513.0
TR,OYAYO,2023,124846613,2000577.0,122846036,124746020,642240,593386306,539059523.0,54326783,-23856402,378885,0,100593,10383819.0
TR,OYAYO,2024,150351434,2675979.0,147675455,150263381,970670,546454731,486315257.0,60139474,-13120582,47698101,0,88053,0.0
TR,OYAYO,2025,182766394,13041203.0,169725191,182719366,10678632,594513182,528521592.0,65991590,7222872,79048549,0,47028,0.0
TR,OYLUM,2013,18752143,8318131.0,10434012,5100658,7175996,7889899,9497275.0,-1607376,-3161450,25766,2146832,12431565,
TR,OYLUM,2014,22658664,9598005.0,13060659,6587587,8135810,14582846,13504543.0,1078303,36365,120905,2489686,14857332,
TR,OYLUM,2015,27703898,15348242.0,12355656,9650555,12308514,16441773,15335044.0,1106729,-650051,17984,2372272,16029078,
TR,OYLUM,2016,29670032,16048165.0,13621867,8960284,13517390,18821985,18265590.0,556395,-832007,176562,1617174,18097296,0.0
TR,OYLUM,2017,38562444,20369044.0,18193400,16190943,14210712,25089636,23351865.0,1737771,-1057159,2361832,2945262,19772365,0.0
TR,OYLUM,2018,52414634,28899712.0,23514922,19002942,21008026,40388387,35808131.0,4580256,148543,2008669,4559622,30456516,0.0
TR,OYLUM,2019,62343999,35238474.0,27105525,29493467,20266482,54608903,48165497.0,6443406,1786297,1723270,6048171,28495518,0.0
TR,OYLUM,2020,82800950,37797733.0,45003217,47081472,22389168,72190729,60882032.0,11308697,4074983,15109855,8631523,31653118,0.0
TR,OYLUM,2021,111491486,58853582.0,52637904,72743711,46312379,106725241,94160927.0,12564314,5974640,17945903,18661358,33131141,0.0
TR,OYLUM,2022,685244719,238325540.0,446919179,373727660,213328343,528362164,460857607.0,67504557,110988204,23686741,72112248,309888329,0.0
TR,OYLUM,2023,1169262797,374334427.0,794928370,586344192,257249872,901485989,619473395.0,282012594,248078663,128990060,98627875,529057406,0.0
TR,OYLUM,2024,1328229563,352450649.0,975778914,556867263,258290980,879421098,646110717.0,233310381,-63861481,157794162,79082924,700192045,0.0
TR,OYLUM,2025,1593507623,419932255.0,1173575368,504725056,214122551,846302592,696447546.0,149855046,-113245017,158219877,92877286,1023974032,0.0
TR,OZATD,2021,3069811319,2604506204.0,465305115,652330038,976281605,895363238,815491218.0,79872020,339203065,132018529,9606116,2408317212,0.0
TR,OZATD,2022,3720656013,2787229044.0,933426969,935211985,1467722345,2113127165,2012248427.0,100878738,469090104,99273169,51225525,2341826679,0.0
TR,OZATD,2023,4072782287,2122557555.0,1950224732,502150361,1129494852,2897392790,2258691922.0,638700868,744292870,84199007,33353897,3295083035,0.0
TR,OZATD,2024,6579544772,2110481143.0,4469063629,1951254361,991966985,2296618431,1839886629.0,456731802,294967172,86826769,38034469,4539371698,0.0
TR,OZATD,2025,7884289690,3107666162.0,4776623528,1915845717,1153811327,2703873390,2337025575.0,366847816,-140002277,27645179,65457864,5842299546,0.0
TR,OZGYO,2014,264368245,108403496.0,155964749,198319669,39280522,6290419,2267187.0,4023233,40761104,5355552,169574655,2355609,0.0
TR,OZGYO,2015,419187195,149644598.0,269542597,225928870,65079236,21119630,9380186.0,11739444,113462010,23615406,175447267,2489705,0.0
TR,OZGYO,2016,470079392,177168094.0,292911298,263181371,77816315,28552506,17044649.0,11507857,23525439,763634,225287236,2434979,0.0
TR,OZGYO,2017,540540366,213351188.0,327189178,266600693,101296448,23602709,14894655.0,8708054,33930819,766325,223205231,2635952,0.0
TR,OZGYO,2018,554872641,138148713.0,416723928,210024831,80656607,86774259,80478553.0,6295706,-60788632,7210290,157667228,2843257,0.0
TR,OZGYO,2019,505551447,101604281.0,403947166,98875961,75132384,74807344,75981020.0,-1173676,-12916258,6900839,50284778,4292646,0.0
TR,OZGYO,2020,465314478,50254713.0,415059765,44946496,46759384,82081639,69298291.0,12783348,11126261,3999058,19253000,4175287,0.0
TR,OZGYO,2021,1049011885,41348235.0,1007663650,25251490,37575155,94456543,60981421.0,33475122,618432439,1430338,0,4638254,0.0
TR,OZGYO,2022,3798480460,66588968.0,3731891492,16855620,58774325,230770970,138596170.0,92174800,1000400589,679070,0,19808724,0.0
TR,OZGYO,2023,5377200529,63955868.0,5313244661,10139602,55362793,122818164,61943650.0,60874514,-9439819,5898140,0,29473354,0.0
TR,OZGYO,2024,6376386668,808887034.0,5567499634,35200750,17057717,103332427,14894424.0,88438003,-963767103,31373468,0,36360690,0.0
TR,OZGYO,2025,7091006178,418147630.0,6672858548,47753827,20421502,195742875,55654260.0,140088615,59250334,34791879,0,37716929,0.0
TR,OZKGY,2013,1277920836,610820916.0,667099920,412923304,339262256,92957253,54222563.0,38734690,39711,125205400,221418818,310520392,
TR,OZKGY,2014,1523313553,706324619.0,816988934,258830314,407918726,382949206,253686383.0,129262823,220254242,149042410,69782649,326670627,
TR,OZKGY,2015,1671663696,528948854.0,1142714842,113188581,236247384,183913531,122744827.0,61168704,191377093,45938559,43168948,404018052,
TR,OZKGY,2016,1779081234,648072181.0,1131009053,218697062,333139074,112094163,73184958.0,38909205,13196957,152215137,27287524,367921086,0.0
TR,OZKGY,2017,2403713837,924141117.0,1479572720,242842538,407333270,138484287,67613491.0,70870796,258981857,172203795,21206886,446739044,0.0
TR,OZKGY,2018,3572298881,1711832773.0,1860466108,753444381,1001572557,210320827,98319349.0,112001478,236017928,635172561,15637828,588276556,0.0
TR,OZKGY,2019,4779523374,2329890598.0,2449632776,1918002983,1064189029,530484128,303934247.0,226549881,311957400,484387988,1316748366,933278491,0.0
TR,OZKGY,2020,5875358220,2380890950.0,3494467270,2223596281,678083026,1186015827,792311217.0,393704610,617169617,555210888,1321556972,1314130995,0.0
TR,OZKGY,2021,9063025959,2337935691.0,6725090268,2953248448,1281866931,1472672713,778655734.0,694016979,2522852092,832355013,1379102740,1994591263,0.0
TR,OZKGY,2022,34028534386,4619816464.0,29408717922,10647227941,2697728645,6223899845,3383234826.0,2840665019,8183803632,1948514238,3178517244,6627306611,0.0
TR,OZKGY,2023,55134492567,5953067477.0,49181425090,16869164776,4097945092,3115600949,2224775091.0,890825858,4242768358,933673730,8331217307,11789426612,0.0
TR,OZKGY,2024,71837585493,7457941177.0,64379644316,18349469093,2962117737,7449152164,5532199700.0,1916952464,2273816824,2036840325,9643083723,15938200648,0.0
TR,OZKGY,2025,85848544556,13889186628.0,71959357928,27101241561,8418205171,7042843910,5582939669.0,1459904240,-234126152,5567500456,12097274859,18028970899,0.0
TR,OZRDN,2013,14248075,7830972.0,6417103,7135253,6400180,16915166,11651535.0,5263631,952299,185088,2150596,6955382,
TR,OZRDN,2014,21570616,12559624.0,9010992,8576223,8289487,23283838,15528261.0,7755577,2013005,474033,2333482,12822840,
TR,OZRDN,2015,25037108,8168631.0,16868477,14481768,4631244,26228032,17464222.0,8763810,3610256,5556713,2731274,10373696,
TR,OZRDN,2016,25184747,8198012.0,16986735,13639079,5536910,30254519,20959043.0,9295476,1770723,1358439,4358442,6237600,1510402.0
TR,OZRDN,2017,36174709,14926162.0,21248547,17730450,9072338,40661891,27297121.0,13364770,2372088,1554422,6691142,7820914,600000.0
TR,OZRDN,2018,54588990,28064529.0,26524461,25825596,17082551,59305923,35982607.0,23323316,6049326,1086650,11471841,19665823,701705.0
TR,OZRDN,2019,72227218,52792699.0,19434519,29232171,28081191,59634062,44311182.0,15322880,-5568279,1894575,12715440,6414727,1300000.0
TR,OZRDN,2020,83209194,62627660.0,20581534,33640163,37660346,87489511,56821375.0,30668136,893925,2423146,14334147,7749918,0.0
TR,OZRDN,2021,87088455,56748967.0,30339488,47126940,37068049,120793229,69520942.0,51272287,10056104,5388419,15456919,12336544,0.0
TR,OZRDN,2022,205885965,112498843.0,93387122,135042452,79457120,444855524,256363378.0,188492146,17198789,25459100,39778325,40356346,0.0
TR,OZRDN,2023,437100047,92142442.0,344957605,280211607,69242382,742170270,371821843.0,370348427,191517741,85637660,76852901,131769822,0.0
TR,OZRDN,2024,466767778,84574283.0,382193495,288547111,74919723,618665105,414170223.0,204494882,-66514843,70996036,97970132,175420385,0.0
TR,OZRDN,2025,439530572,82598090.0,356932482,265949189,63967517,610065035,407545293.0,202519743,-64462835,88609484,63992528,172630509,0.0
TR,OZSUB,2019,259423475,209076554.0,50346921,201683432,163976054,260975383,216751786.0,50992676,4308204,7730968,2777577,20566618,0.0
TR,OZSUB,2020,310121044,252700460.0,57420584,221900107,193031150,242587050,192024409.0,52038406,7442393,3845575,4038473,20997917,0.0
TR,OZSUB,2021,445901972,374317890.0,71584082,398788548,336583478,437944341,325333393.0,122841596,8690977,5641762,6680386,23240140,0.0
TR,OZSUB,2022,1466322540,911568372.0,554754168,1231392805,774893708,1486372094,1199222685.0,325974250,51859261,109709754,23527747,129341208,0.0
TR,OZSUB,2023,2589992276,1839036193.0,750956083,2104442852,1699163722,2188516714,1846404392.0,347799194,-9996353,6759730,41028232,224163432,0.0
TR,OZSUB,2024,3116591678,2326609870.0,789981808,2146185066,1770061275,3369043032,2864156137.0,450104643,-146580823,23803262,41769903,290320715,2347981.0
TR,OZSUB,2025,3887169339,2751295901.0,1135873438,2670751365,2578237965,3261553273,2480138109.0,855815863,329632419,766494346,59544726,496107007,0.0
TR,OZYSR,2021,4128451342,3046595639.0,1081855703,2917085244,2551616029,5472581326,4568696156.0,903885170,184891157,224292269,1305479763,982304442,1996998.0
TR,OZYSR,2022,3549408648,2291675730.0,1257732918,1959964441,1880716127,6350502069,5392251310.0,958250759,78448515,160390496,738386677,1336214865,1740577.0
TR,OZYSR,2023,5285930404,2990697023.0,2295233381,2744574951,2281016838,6993257116,5971816908.0,1021440208,381198633,216819581,884015432,2152014931,2046833.0
TR,OZYSR,2024,7651587744,4057701695.0,3593886049,4146035482,3549116273,8624335986,7464564852.0,1159771134,-128886158,1261852685,1168868758,2871719073,3903160.0
TR,OZYSR,2025,8188677836,4346454066.0,3842223770,3908906791,3701665516,7946207314,6924676539.0,1021530775,-305935197,1002226564,1159190392,3625653402,4963933.0
TR,PAGYO,2013,659316154,4048174.0,655267980,24872383,3552855,53034582,12275074.0,40759508,76063216,19752270,0,532339,
TR,PAGYO,2014,713072098,4776711.0,708295387,36817355,4304952,59532699,13746982.0,45785717,83138916,30908541,0,417627,
TR,PAGYO,2015,770546701,4482197.0,766064504,39650411,3614894,62025713,16132158.0,45893555,95899761,33449499,0,283480,
TR,PAGYO,2016,789965218,20853334.0,769111884,39874141,19765346,62915630,19236212.0,43679418,42005980,29547147,0,299552,38958600.0
TR,PAGYO,2017,928574062,5568200.0,923005862,31527620,4286908,71836611,18891811.0,52944800,192069578,21465527,0,202116,38175600.0
TR,PAGYO,2018,956398113,9576716.0,946821397,44986992,8104465,82658779,20048822.0,62609957,66193235,29660366,0,552680,42377700.0
TR,PAGYO,2019,969316968,9781073.0,959535895,46732855,8194596,88596572,23042192.0,65554380,62539398,30017994,0,564547,49824900.0
TR,PAGYO,2020,958329423,25562254.0,932767169,28083548,22818020,53029921,18633311.0,34396610,29433274,13183450,0,437724,38541000.0
TR,PAGYO,2021,1171742221,11470692.0,1160271529,43034205,8481490,75218909,23241206.0,51977703,249689360,21847505,0,316044,39846000.0
TR,PAGYO,2022,4946366429,50754814.0,4895611615,244546683,42209769,314661190,88790471.0,225870719,1811806191,165857723,0,629504,78616572.0
TR,PAGYO,2023,11409243471,723894136.0,10685349335,127267562,233314733,650460884,183580611.0,466880273,3811143710,7973334,0,80036,194018280.0
TR,PAGYO,2024,15593178609,1480673788.0,14112504821,249535526,209333961,992405667,219643643.0,772762023,1074232515,120159895,0,131413,365696251.0
TR,PAGYO,2025,18376262523,1678516598.0,16697745925,444234969,217051067,1223492466,247191829.0,976300637,1727905021,271893579,0,6782944,559583112.0
TR,PAHOL,2023,11982107630,476843987.0,11505263643,12686308,128553704,1753262265,0.0,1753262265,1397487530,797101,0,0,0.0
TR,PAHOL,2024,34464962575,2167811059.0,32297151516,692664779,1086659057,1372323545,739080940.0,633242605,288459425,23594616,0,21146571,0.0
TR,PAHOL,2025,49674365173,5897342715.0,43777022458,4495478980,1643548980,8219082932,0.0,8219082932,5024456566,1377215925,0,27804964,0.0
TR,PAMEL,2018,48926190,34602927.0,14323263,3886876,31241156,3482887,2717685.0,765202,-6754540,1707163,0,45004501,0.0
TR,PAMEL,2019,72685511,36839183.0,35846328,8768853,32859280,7688473,3993950.0,3694523,919942,8441761,0,63739993,0.0
TR,PAMEL,2020,116655852,44237503.0,72418349,2495514,14334655,8236908,3760019.0,4476889,2854281,1950699,0,108992013,0.0
TR,PAMEL,2021,215211721,58428733.0,156782988,3018111,8009020,9216349,6991218.0,2225131,3037017,2210842,0,207403725,0.0
TR,PAMEL,2022,886505284,319536865.0,566968419,16512683,143328536,49991582,28988403.0,21003179,142424559,12580463,0,856327265,0.0
TR,PAMEL,2023,1289702152,201280492.0,1088421660,96037598,15983985,78456158,76740284.0,1715874,269839621,87094787,0,1163394493,0.0
TR,PAMEL,2024,1305748328,341062022.0,964686306,13855325,6720515,87234335,92494171.0,-5259836,-459974152,2130853,0,1262374258,0.0
TR,PAMEL,2025,1198468385,455527391.0,742940994,19542762,11077784,87444186,98782369.0,-11338184,-318601433,4997616,0,1116296162,0.0
TR,PAPIL,2016,26982866,2921262.0,24061604,26838881,2837751,35530430,13910050.0,21620380,17078564,6036542,1067780,91422,1490198.0
TR,PAPIL,2017,44840247,4715909.0,40124338,44537643,4551587,42634787,15789069.0,26845718,20129590,26405844,6252609,235795,4038340.0
TR,PAPIL,2018,62357806,2932239.0,59425567,61260885,2668414,58545312,23659805.0,34885507,25134368,55788181,3569291,290657,5799666.0
TR,PAPIL,2019,92296825,9701491.0,82595334,88380234,8554539,17260616,7756866.0,9503750,8273945,76171665,8535578,689623,5361879.0
TR,PAPIL,2020,94626691,4563388.0,90063303,87095790,2974811,26752980,22223490.0,4529490,9447692,72617222,10622145,687038,1925402.0
TR,PAPIL,2021,124701560,10293766.0,114407794,112828652,8926888,29397243,24132111.0,5265132,24661120,86412566,11052955,569606,499984.0
TR,PAPIL,2022,289245280,18585167.0,270660113,246996596,12562827,73264438,55722342.0,17542096,-48659175,93799224,33388675,2299989,815402.0
TR,PAPIL,2023,495432477,33694090.0,461738387,393978571,20649307,107022566,55527829.0,51494737,78182660,77583375,75894455,3214358,4773468.0
TR,PAPIL,2024,639104284,55068395.0,584035889,482104866,33580597,306387969,201447841.0,104940127,-25361349,37214332,27476869,3676391,2950390.0
TR,PAPIL,2025,784926342,239827487.0,545098855,543608919,214362565,151410531,76785047.0,74625484,-98230257,23862952,136292833,15906654,0.0
TR,PARSN,2013,473533515,96440866.0,377092649,80782150,53346339,154122472,116153148.0,37969324,11706337,11076577,32218143,285830420,
TR,PARSN,2014,537448184,133895336.0,403552848,87695543,53333550,194399804,135141915.0,59257889,27113753,9990106,38963154,312152371,
TR,PARSN,2015,880738988,355000733.0,525738255,112746723,108749087,217253973,156948470.0,60305503,24096232,9570852,45190071,634417610,
TR,PARSN,2016,1010386881,488499993.0,521886888,123824909,158815640,227616195,171707724.0,55908471,-795226,3428647,54400309,732800952,0.0
TR,PARSN,2017,1252952268,658449380.0,594502888,179230992,224447382,311941641,215601852.0,96339789,19575518,7994905,81915805,918725839,0.0
TR,PARSN,2018,1489725099,934272672.0,555452427,282591861,397310690,495656452,326560335.0,169096117,-36664399,13488035,139526226,937170250,0.0
TR,PARSN,2019,1819754909,1058049815.0,761705094,300046113,433673123,520703719,403978641.0,116725078,9612018,11615127,145794765,1178896366,0.0
TR,PARSN,2020,2394280274,1405547282.0,988732992,472772820,616850589,589901620,424937141.0,164964479,133148283,39272381,239574279,1469602331,0.0
TR,PARSN,2021,3897695365,2345586021.0,1552109344,786197581,1373042604,1140655072,866842399.0,273812673,184966109,28565626,405321620,2447749427,8022016.0
TR,PARSN,2022,7301945789,3219660317.0,4082285472,1193776329,1883465374,2465518032,1932305310.0,533212722,810087249,45856370,682048403,4656105503,10392018.0
TR,PARSN,2023,13033110213,4981899661.0,8051210552,1684739242,3093992998,3861926409,2982075023.0,879851386,442086788,106006806,974234077,8634288460,0.0
TR,PARSN,2024,21220481319,7577201813.0,13643279506,1903558161,5015179956,5461892907,4879762973.0,582129934,-533658858,130131885,1171784421,14482686827,0.0
TR,PARSN,2025,27183394587,10786534085.0,16396860502,2413852969,7214097509,5525256879,5173781080.0,351475799,-1359553492,84004588,1536753990,18916072926,0.0
TR,PASEU,2020,18599405,14897868.0,3701537,16526722,14322302,56670051,42564015.0,14106036,2600097,2710068,3088364,1843028,0.0
TR,PASEU,2021,86953578,66918858.0,20034720,80157899,64962271,295851036,261379285.0,34471751,16271245,920769,21214699,4260144,0.0
TR,PASEU,2022,795039025,632839120.0,162199905,455055364,440847920,1022299699,794729667.0,227570032,104799340,14454713,0,267896054,0.0
TR,PASEU,2023,2264185008,677041229.0,1587143779,1080515084,505369945,1025118672,859884880.0,165233792,340367236,204738712,0,226993619,0.0
TR,PASEU,2024,3886214293,1507966362.0,2378247931,2186184602,1322952855,1950561697,1534195918.0,416365779,268644951,192202885,63267164,265894919,0.0
TR,PASEU,2025,6434872433,2309963400.0,4124909033,2874527512,1630923054,2888039782,2529942444.0,358097338,1273278199,65641508,74502445,287507231,0.0
TR,PATEK,2020,100473705,84204268.0,16269437,99079255,81299846,136013805,118605715.0,17408090,11573505,8867850,5786942,1085571,0.0
TR,PATEK,2021,338038955,285054568.0,52984387,331897003,276431345,258298877,195504475.0,62794402,35686113,47625566,38007266,2281106,0.0
TR,PATEK,2022,783203326,665744552.0,117458774,667169782,600645865,741740429,654331775.0,87408654,-17475698,62747065,77610417,15647863,0.0
TR,PATEK,2023,818681428,601672255.0,217009173,534404383,559099536,1083792658,1022390019.0,61402639,44086535,17686506,31192107,64004718,0.0
TR,PATEK,2024,3446055415,2014519339.0,1431536076,2019516886,1678497478,1345059230,1343593496.0,1465735,-176218563,8667863,655630766,189773901,0.0
TR,PATEK,2025,10663039572,3745661705.0,6917377867,7726610413,2686169562,3291066863,3191350665.0,99716198,1224506144,97367402,826401904,284181633,0.0
TR,PCILT,2018,440347350,423777841.0,16569509,271289694,407071076,710963406,664523283.0,46440123,1364002,21604843,0,605599,4939835.0
TR,PCILT,2019,494181170,471190883.0,22990287,330998120,404927039,715362709,658926499.0,56436210,6671082,5295032,0,1164984,260186.0
TR,PCILT,2020,332385255,296292376.0,36092879,261431118,272251518,519987832,473537512.0,46450320,21174763,18217608,0,2805958,0.0
TR,PCILT,2021,580566710,428247418.0,152319292,447901937,382823340,835374658,764719732.0,70654926,32475545,105165302,0,2901365,15604566.0
TR,PCILT,2022,1745615619,1187624390.0,557991229,1259118503,1119869518,3847929492,3552863358.0,295066134,70555062,180799845,0,13536072,3552197.0
TR,PCILT,2023,3475120920,2320011584.0,1155109336,2593046425,2269314977,5108241809,4742493099.0,365748710,304707658,760517812,0,24863594,72547919.0
TR,PCILT,2024,3817686640,2248898820.0,1568787820,2673563666,2178586998,7520212715,6828404030.0,691808685,324105367,342800273,0,43923100,132238086.0
TR,PCILT,2025,4994795058,2976251509.0,2018543549,3764332236,2884093105,11974587174,11116590180.0,857996993,513949727,637342415,0,42734634,108452844.0
TR,PEKGY,2017,629115637,315910988.0,313204649,349908571,267378853,580080860,601265958.0,-21185099,73718966,2173469,319500767,329,0.0
TR,PEKGY,2018,526457046,203878386.0,322578660,198906550,195232902,127595460,138022331.0,-10426871,9364465,5368513,187103020,9608,0.0
TR,PEKGY,2019,542358817,220853104.0,321505713,147482615,220652907,85225613,85264104.0,-38491,-1096376,2068262,135872032,6333,0.0
TR,PEKGY,2020,696953686,164827213.0,532126473,108355611,153123897,110235739,90507777.0,19727962,66223340,2244731,101429318,2951,0.0
TR,PEKGY,2021,2665333078,1014894987.0,1650438091,598467685,403348901,62279068,42972774.0,19306294,464323803,289569694,89563871,12682885,0.0
TR,PEKGY,2022,6255223746,2510791388.0,3744432358,1312906683,910095898,310474604,498259024.0,-187784420,-460433998,91693166,338063633,50513153,0.0
TR,PEKGY,2023,9180289227,4503890421.0,4676398806,2570651991,553770567,1294166990,1392021039.0,-97854049,1621695694,83881089,426700744,78810113,0.0
TR,PEKGY,2024,10581035461,6150246885.0,4430788576,2522303648,2697115720,185072323,33362626.0,151709697,112416263,70551173,508665848,92921103,0.0
TR,PEKGY,2025,11074473578,4505562656.0,6568910922,1540882936,1883452725,1571338570,1249752500.0,321586070,237462202,78835612,257813706,13820604,0.0
TR,PENGD,2013,184754678,116049158.0,68705520,79840362,59333074,85181825,81694373.0,3487452,-24556701,9873866,41154369,63175209,
TR,PENGD,2014,175606213,118675465.0,56930748,72462429,68638738,103368584,91936868.0,11431716,-11782888,7753168,36082215,62267990,
TR,PENGD,2015,196473512,135929773.0,60543739,89232046,94452078,107358450,86132377.0,21226073,3813507,6252973,51368897,61401257,
TR,PENGD,2016,207835834,158161216.0,49674618,100768965,124918254,124699377,106304502.0,18394875,-10644729,5041501,63626341,63693026,0.0
TR,PENGD,2017,211682849,177256221.0,34426628,116568320,140443795,156606445,133271743.0,23334702,-14841234,5247333,73502258,64149529,0.0
TR,PENGD,2018,167035228,132202379.0,34832849,93275202,105119203,183135212,151376402.0,31758810,712393,3237658,48212934,63113186,0.0
TR,PENGD,2019,377430225,203780845.0,173649380,131173076,171542288,176373422,152814001.0,23559421,-8346607,3563736,84515801,230982879,0.0
TR,PENGD,2020,441801872,146708997.0,295092875,194772849,119280478,275933229,220234335.0,55698894,558852,4402509,118157297,231063094,0.0
TR,PENGD,2021,884844221,280368715.0,604475506,292696891,221849346,410996467,316755093.0,94241374,27469862,2369785,174051701,555649290,0.0
TR,PENGD,2022,3537407043,1041720137.0,2495686906,1052307067,827829872,1648733553,1585848400.0,62885153,86436520,12840455,649126569,2354159235,0.0
TR,PENGD,2023,5804184272,2160980221.0,3643204051,1838972884,1452300986,2057055651,1882535864.0,174519787,-126426715,6049164,1322090937,3782254710,0.0
TR,PENGD,2024,7121183663,2605167173.0,4516016490,1501482265,1632671066,3134934744,3106434434.0,28500310,-421312008,66332434,965628652,5393045884,0.0
TR,PENGD,2025,7489399660,2797086302.0,4692313358,1287313700,1295607974,3476305503,3319656438.0,156649065,-270928731,18495931,774465181,5964583908,0.0
TR,PENTA,2018,941971497,795501926.0,146469571,917649834,285340510,2622982727,2452658743.0,170323984,10659240,40288325,277255959,6307319,6000000.0
TR,PENTA,2019,1237099008,1075984957.0,161114051,1199951272,454599949,2801043370,2598879609.0,202163761,35529223,52418487,268165280,5940336,40000000.0
TR,PENTA,2020,1758158404,1547366777.0,210791627,1692991089,736732534,4206483149,3891097796.0,315385353,11108547,110903277,364670645,8385463,0.0
TR,PENTA,2021,2632474317,1665373325.0,967100992,2550272108,1643025204,5659271479,5253912721.0,405358758,-19178398,99823827,909666117,17339737,0.0
TR,PENTA,2022,4365270450,2898631537.0,1466638913,4221046442,2840338241,9783134720,9022162227.0,760972493,103680477,637658607,1028339074,23264257,0.0
TR,PENTA,2023,8062514227,5518386294.0,2544127933,7815174941,5428899406,18198902432,16828792880.0,1370109552,195742392,517642604,2072517724,54123868,0.0
TR,PENTA,2024,12790638876,8337100248.0,4453538628,12182601794,8140016077,31335515049,29056897465.0,2278617584,444796950,793189886,3314258359,147182090,0.0
TR,PENTA,2025,15301373946,10629590177.0,4671783769,14631342998,10388429871,35582559452,33126312016.0,2456247436,123459853,562875477,4170576116,197459352,0.0
TR,PETKM,2013,3245629905,1538124927.0,1707504978,1700413095,1213390406,4158730152,3908766403.0,249963749,48896680,279042424,464199471,1485382941,
TR,PETKM,2014,3788257092,1604996225.0,2183260867,1767709192,1136768697,4132846077,4047377938.0,85468139,8678766,702158128,431973190,1817284723,
TR,PETKM,2015,5460665328,2655281831.0,2805383497,2767573102,1584388339,4532635969,3814365797.0,718270172,639208658,1341536749,363508864,2276634074,0.0
TR,PETKM,2016,6268527788,3199087762.0,3069440026,2659945789,1796640590,4532590622,3574771797.0,957818825,731687346,1267188405,604333833,2831261149,472500000.0
TR,PETKM,2017,7788855000,3934777000.0,3854078000,4208404000,2346907000,7363824000,5505864000.0,1857960000,1389444000,1460449000,893579000,3172393000,600000000.0
TR,PETKM,2018,14265581000,8588758000.0,5676823000,7994968000,3862111000,9314717000,7735757000.0,1578960000,836262000,3009408000,1129581000,4085395000,540000000.0
TR,PETKM,2019,16702137000,10139921000.0,6562216000,9546647000,5128553000,11672220000,10071083000.0,1601137000,935685000,4037170000,929156000,4691147000,0.0
TR,PETKM,2020,19983439000,12424814000.0,7558625000,11859736000,5934180000,12134076000,10280311000.0,1853765000,1071196000,5502010000,958453000,5429067000,0.0
TR,PETKM,2021,30428156000,17709126000.0,12719030000,19623291000,7655372000,28715657000,22298409000.0,6417248000,5516603000,3665331000,3539843000,7303218000,0.0
TR,PETKM,2022,103236841000,58698894000.0,44537947000,57130804000,51439317000,97857274000,97250448000.0,606826000,-1342089000,21835172000,7627461000,34992060000,0.0
TR,PETKM,2023,138301481000,64107824000.0,74193657000,29358075000,38625154000,87264493000,90626043000.0,-3361550000,10703730000,5832413000,8866129000,46690983000,0.0
TR,PETKM,2024,163029909959,86688652943.0,76341257016,35514022096,53207698927,101285524607,102911903677.0,-1626379071,-8892566960,10692432032,9732475546,52432513980,0.0
TR,PETKM,2025,166525833619,96141273150.0,70384560469,33931271073,60529638086,98018891844,101403873778.0,-3384981934,-11289848380,4683792644,10394210542,50905412715,0.0
TR,PETUN,2013,441277873,108253736.0,333024137,143761136,84499869,479294192,396232302.0,83061890,38255409,13776369,37209662,189458626,
TR,PETUN,2014,444796084,100350517.0,344445567,113982910,77440824,550921324,468670413.0,82250911,44261506,1741969,40001788,199751307,
TR,PETUN,2015,521332109,115100978.0,406231131,145985173,88586702,591063053,491959632.0,99103421,66505898,4808870,49420883,218716356,
TR,PETUN,2016,546963372,128030437.0,418932935,164660183,98772178,637519970,531979552.0,106217639,59689181,1247276,46709150,221779692,43105450.0
TR,PETUN,2017,650325348,148833167.0,501492181,174285120,108199632,649566141,551456702.0,97873942,59312096,2253131,45279850,300622470,43964331.0
TR,PETUN,2018,732933373,179252817.0,553680556,212342801,128873867,700745642,603260959.0,97305516,62117389,3599385,67109520,316296032,23534152.0
TR,PETUN,2019,849703284,195002987.0,654700297,233985604,135196038,747913636,633557724.0,114526301,46193588,31544019,59477549,351150676,41710984.0
TR,PETUN,2020,1106954705,325622434.0,781332271,308952297,187672624,841317099,696855240.0,144284997,95319330,22875684,86539144,362116941,32478078.0
TR,PETUN,2021,1826979089,536479794.0,1290499295,512731530,377927832,1117558769,935012494.0,185120856,134667590,43172004,107468303,767009263,86876125.0
TR,PETUN,2022,6843630407,2052945512.0,4790684895,1767917835,1418257677,4041828629,3527751384.0,454547693,335940050,92623511,450244586,3625474511,61441120.0
TR,PETUN,2023,9641865434,2900576259.0,6741289175,2260592077,1980851894,7145609277,6295386446.0,719691790,692112503,78624941,644420787,5243736472,225941910.0
TR,PETUN,2024,13814961114,5039177988.0,8775783126,4029566283,3596368680,10585136285,8555852432.0,1957328872,3046646,173742472,882273611,7316882725,149480803.0
TR,PETUN,2025,18492193017,7639741462.0,10852451555,6360564720,4802214692,11527151551,9191517292.0,2202280624,206725639,172300611,1188665675,7872599897,0.0
TR,PGSUS,2013,3504536605,2358309520.0,1146227085,1226547159,683929355,2393583737,1944855540.0,448728197,88312006,877401671,4035669,2120627943,
TR,PGSUS,2014,3514762204,2353601988.0,1161160216,1488893568,842823377,3081727739,2618267190.0,463460549,143306590,856890769,7663964,1931512646,0.0
TR,PGSUS,2015,4098097252,2645365623.0,1452731629,1833732173,991845572,3488271223,3054983806.0,433287417,111863873,954974093,13364708,2113308165,0.0
TR,PGSUS,2016,5618017995,4048696650.0,1569321345,1459825834,1038827055,3707471135,3511301803.0,196169332,-136182998,692270625,24361722,3848615403,0.0
TR,PGSUS,2017,8075734775,5591096569.0,2484638206,3084495304,1851414237,5348573409,4573774309.0,774799100,501063098,1988110247,30803253,4662521058,0.0
TR,PGSUS,2018,13664887536,9949439888.0,3715447648,4412080391,3554371119,8276743365,7013565209.0,1263178156,502117015,2741044971,58182322,8248203635,0.0
TR,PGSUS,2019,21059321198,15717151991.0,5342169207,6088952277,4765226708,11025224523,8326180393.0,2699044130,1334567915,4187316581,75453026,1675901667,0.0
TR,PGSUS,2020,29070672791,23684255153.0,5386417638,5519472714,6505674770,4803559909,6062262535.0,-1258702626,-1965097057,3605570830,91488340,1432548082,0.0
TR,PGSUS,2021,52963051367,46093205286.0,6869846081,12687114838,12679117885,10664406707,10546868537.0,117538170,-1972478349,6976779772,141338089,1854850887,0.0
TR,PGSUS,2022,95803046438,77758303119.0,18044743319,20717301827,20759664303,42732213696,31155507983.0,11576705713,7100145148,10558266871,501705715,3514594995,0.0
TR,PGSUS,2023,201955079557,147285893336.0,54669186221,48001577327,37183794680,70531531601,53713132638.0,16818398963,20907501797,16078358927,1075273755,10377700527,0.0
TR,PGSUS,2024,370843853811,272780508547.0,98063345264,90985238335,71288694960,146367103514,113348433446.0,33018670068,17389618765,60548899137,1996857976,22650697473,0.0
TR,PGSUS,2025,451349789838,322763593265.0,128586196573,99294546858,96857117187,169602220493,140776374040.0,28825846453,15130763983,60352193545,2546818167,28463612232,0.0
TR,PINSU,2013,129907015,56974271.0,72932744,28486492,35008737,109914474,65243248.0,44671226,-8641485,1157012,7588210,76628365,
TR,PINSU,2014,122180431,63237438.0,58942993,42657131,38457787,132182842,75387129.0,56795713,2158860,2614392,6765922,75502358,
TR,PINSU,2015,152953672,101546980.0,51406692,42617377,68808636,144487342,75741973.0,68745369,-8997599,2015677,8177273,101974547,0.0
TR,PINSU,2016,212567891,148983198.0,63584693,49777280,69754131,162495808,95224754.0,67271054,-19484210,3275795,10990842,150541000,0.0
TR,PINSU,2017,246961959,182974110.0,63987849,57007192,104080130,198291944,111128901.0,87163043,-19715874,1616562,10093728,181010588,0.0
TR,PINSU,2018,293625770,229128043.0,64497727,74775008,160017272,234185150,136755196.0,97429954,-22077329,1381537,17164082,210137811,0.0
TR,PINSU,2019,325284640,273593973.0,51690667,78114234,171589212,224607394,122928505.0,101678889,-32751845,3298440,17557378,222196645,0.0
TR,PINSU,2020,425279979,341444419.0,83835560,85731649,257300157,219816626,115113506.0,104703120,-39857307,6166993,19845290,289645289,0.0
TR,PINSU,2021,666930212,439931632.0,226998580,135270026,325342636,323176965,199484201.0,123692764,-63782890,24572103,34015370,485218763,0.0
TR,PINSU,2022,2038328300,1098443355.0,939884945,368614754,798316095,1108137992,734327750.0,373810242,70377998,43485524,97178179,1494238830,0.0
TR,PINSU,2023,2696872904,1078350426.0,1618522478,469056540,821546265,1743376049,986441048.0,756935001,292412041,34947912,119115052,2070025670,0.0
TR,PINSU,2024,3904050098,1441421266.0,2462628832,622673748,947822249,2561438991,1310067979.0,1251371012,45059515,55548039,154076475,3005804170,0.0
TR,PINSU,2025,4445868338,1747507175.0,2698361163,719793212,1059058037,2955913659,1489528461.0,1466385198,4720544,74847035,133587796,3211296734,0.0
TR,PKART,2013,36247586,3881700.0,32365886,27120563,3228919,63566153,58281286.0,5284867,2083806,12114881,8316663,8972261,
TR,PKART,2014,40190535,7670502.0,32520033,31106545,7423138,58350059,55325485.0,3024574,154147,9082139,8081332,8976279,
TR,PKART,2015,43494672,9221371.0,34273301,33535500,8641756,73600438,69657977.0,3942461,1987586,13721694,10760253,9796313,
TR,PKART,2016,49501466,11975740.0,37525726,38909630,11006117,82988365,75646263.0,7342102,3589696,17751316,7772182,9163569,0.0
TR,PKART,2017,78724346,37451913.0,41272433,68213821,36586987,125476505,116623840.0,8852665,3807107,9475833,14542381,9115844,0.0
TR,PKART,2018,78656129,28944637.0,49711492,64419399,27436675,168764823,155228978.0,13535845,5182184,20457888,14010141,13583507,0.0
TR,PKART,2019,102316285,44277744.0,58038541,84364622,41662878,203219527,188019551.0,15199976,8397200,27936576,13767388,13828702,0.0
TR,PKART,2020,94276500,29292114.0,64984386,77240783,27322660,260580380,243441575.0,17138805,7341253,24094328,34096758,13384428,0.0
TR,PKART,2021,146038931,62521447.0,83517484,122068206,59187419,341039130,302025142.0,39013988,18561264,54298429,30611767,23808361,0.0
TR,PKART,2022,416455567,232974752.0,183480815,323478782,222184606,1077211309,980286164.0,96925145,-40998622,61251925,135229325,90910966,0.0
TR,PKART,2023,889242468,591778949.0,297463519,649004008,583986349,1792398651,1638421786.0,153976865,-1179403,351264276,96462011,227877137,0.0
TR,PKART,2024,683939700,225412908.0,458526792,334587679,196545208,2540149437,2380280313.0,159869124,79595427,78501094,53605390,342294745,0.0
TR,PKART,2025,910357900,379846540.0,530511360,588447406,334704817,2514627063,2273039234.0,241587830,75800363,80285174,92252017,308504664,0.0
TR,PKENT,2013,40101871,18442352.0,21659519,12510183,17333505,30941613,24438590.0,6503023,2749022,3971035,1757810,26957208,
TR,PKENT,2014,40376760,21190476.0,19186284,9586325,20261453,32560186,31805623.0,754563,-1809833,200204,3181957,30020828,
TR,PKENT,2015,44148549,24146319.0,20002230,13212267,23416971,34836628,26921780.0,7914848,815946,692259,3556292,30320203,
TR,PKENT,2016,42489414,32249401.0,10240013,10075887,31463585,19832736,25136614.0,-5303878,-9762217,1109655,2768372,29660667,0.0
TR,PKENT,2017,43954319,31706962.0,12247357,12881645,30648987,38014236,32837803.0,5176433,2206497,1648828,551298,28972674,0.0
TR,PKENT,2018,75705850,45496268.0,30209582,40487962,41892445,76412502,45518238.0,30894264,16449823,986831,692536,33010577,0.0
TR,PKENT,2019,62358249,23420210.0,38938039,24447300,18039689,99817481,67323960.0,32493521,13023621,2853221,1419502,35400412,0.0
TR,PKENT,2020,63058130,24693506.0,38364624,23561218,19203063,35228542,35528144.0,-299602,-1183815,1258695,1371889,35661333,0.0
TR,PKENT,2021,159382685,39079598.0,120303087,62299428,29200752,108416754,69213888.0,39202866,42859661,18171880,1729834,90881985,0.0
TR,PKENT,2022,600476399,131063549.0,469412850,151490089,113921845,307850317,202130678.0,105719639,265571772,95175317,8112278,429214958,0.0
TR,PKENT,2023,1028325277,187245863.0,841079414,179950977,160592617,656481843,429857390.0,226624453,321620464,112782356,22481465,815590085,0.0
TR,PKENT,2024,2013915803,356249455.0,1657666348,504092873,302237201,1269324407,994397327.0,274927080,211510620,335545655,35892252,1453337930,0.0
TR,PKENT,2025,2297254149,325889361.0,1971364788,782909929,269621294,1472324271,1318303161.0,154021110,196421684,518338542,19875057,1483301344,0.0
TR,PLTUR,2019,899084844,477211394.0,421873450,486673543,334539210,685939275,505445801.0,180493474,85843847,24515492,852831,8761030,0.0
TR,PLTUR,2020,1413401812,875088794.0,538313018,564319085,569283798,654866489,398711698.0,256154791,114667697,49522410,3083643,10923183,0.0
TR,PLTUR,2021,1617789170,894684628.0,723104542,671750217,517735369,835212076,500212522.0,334999554,171516322,16831334,4329922,21025786,0.0
TR,PLTUR,2022,5878240814,2007156014.0,3871084800,1818748922,900408031,2734401529,1942075261.0,792326268,557947819,374050905,21517031,73595720,0.0
TR,PLTUR,2023,8105376765,2455248315.0,5650128450,2141726127,997198502,3681989325,2936624002.0,745365323,57131804,186784793,63544394,101232953,0.0
TR,PLTUR,2024,11860126768,3798323055.0,8061803713,4191226946,1684173783,5366034184,4075095921.0,1290938263,756134055,240605690,118107356,127504364,0.0
TR,PLTUR,2025,16798576781,7337712952.0,9460863829,6457663928,4297828623,8481900856,6176116884.0,2305783972,780465990,439532810,142863521,9069600122,224984933.0
TR,PNLSN,2018,151209641,117318694.0,33890947,111496429,103807640,226000531,199715383.0,26285148,393221,10133863,37446685,34985387,0.0
TR,PNLSN,2019,174513005,137148590.0,37364415,126350857,113603405,218175961,193006533.0,25169428,2720421,17921889,33373760,31104997,0.0
TR,PNLSN,2020,298055682,240247263.0,57808419,231278613,220131058,316042155,276396832.0,39645323,14225436,32207845,52137983,50117263,0.0
TR,PNLSN,2021,554863816,403572540.0,151291276,461297031,383509113,605449972,490326406.0,115123566,65628337,103552184,106803656,76097481,0.0
TR,PNLSN,2022,2085085601,1021829161.0,1063256440,1511261745,881290503,2232046651,1893123836.0,338922815,80848414,453805666,324317311,409559099,0.0
TR,PNLSN,2023,3641365671,1814732033.0,1826633638,2430897183,1666862492,3828401902,2994443391.0,833958511,335519254,451417811,612300615,713237633,69454424.0
TR,PNLSN,2024,4430572458,1616590310.0,2813982148,2245248497,1401666646,3585350682,3089744982.0,495605701,84021141,220512340,422381172,1812599007,85181915.0
TR,PNLSN,2025,5467615095,2148591316.0,3319023779,2429360651,1817997567,3198883722,2729142021.0,469741701,283712276,232374223,550762783,1878418277,15121403.0
TR,PNSUT,2013,683347439,203515223.0,479832216,233008057,153820005,809821985,658957435.0,150864550,67442927,823866,95188742,346848708,
TR,PNSUT,2014,780083835,250745382.0,529338453,279259168,196491171,940469588,782759244.0,157710344,87076222,2393628,96422663,378522890,
TR,PNSUT,2015,883757955,296607993.0,587149962,277919439,240251516,1011204645,848781037.0,162423608,62235907,298719,112008255,455028148,
TR,PNSUT,2016,933593147,340254783.0,593338364,317737067,257479076,1067776692,876662891.0,191113801,60019544,502652,103894123,467910244,44501541.0
TR,PNSUT,2017,1201540514,511374664.0,690165850,437177421,361116573,1240050704,1043294850.0,196755854,47082544,1329702,145837859,614771847,40905457.0
TR,PNSUT,2018,1392396794,610956567.0,781440227,508138573,472727322,1487832140,1256251399.0,231580741,49216305,1193004,169199697,751713962,19541399.0
TR,PNSUT,2019,1548975104,650727970.0,898247134,580414528,471573317,1664585471,1461507503.0,203077968,34679832,15456092,157745936,753717617,20212118.0
TR,PNSUT,2020,1919215560,857601756.0,1061613804,766236932,694997328,2028470217,1766359332.0,262110885,40187453,361785,216830873,748597403,16266019.0
TR,PNSUT,2021,3387323742,1436470858.0,1950852884,1247784665,1115571044,2681942094,2333826475.0,348115619,117343109,40250262,329959713,1641563244,26542239.0
TR,PNSUT,2022,12610549593,5268462980.0,7342086613,4817818343,4387288351,11076977007,10200290311.0,876686696,430476676,36527838,1250634925,5837908446,65198814.0
TR,PNSUT,2023,17326707247,7650234899.0,9676472348,6855808250,6721493916,15682898375,14911403660.0,771494715,411115134,21690817,1855121812,8232387461,276886097.0
TR,PNSUT,2024,23443457541,11450932933.0,11992524608,7999182284,9757932253,17668268918,16565385150.0,1102883769,-2214517853,61186806,2114452182,12527451299,0.0
TR,PNSUT,2025,22476386964,10428685645.0,12047701319,6757016039,7631378927,17440018984,15657836489.0,1782182495,-1036301748,66490544,1519381287,12479540497,0.0
TR,POLHO,2013,1168905206,577751232.0,591153974,486346015,339043022,584530878,397308100.0,187222778,28954893,87178665,82354544,400496500,
TR,POLHO,2014,1422301870,641215585.0,781086285,503503529,477826076,772749345,566393968.0,206355377,50766202,80511849,90104550,603472092,11000000.0
TR,POLHO,2015,1644197167,812431824.0,831765343,626569239,597741357,433884257,362498158.0,71386099,35368469,103196750,109402528,700074686,13198306.0
TR,POLHO,2016,1707001193,394292246.0,1312708947,363591955,228308860,470331288,383317447.0,87013841,482830124,91206315,65149588,623323097,14698306.0
TR,POLHO,2017,1982183913,502676811.0,1479507102,416007205,315688185,749621708,623257520.0,126364188,101146474,18972561,88172132,759980174,17500000.0
TR,POLHO,2018,2218964300,725741882.0,1493222418,680043054,570386838,1163336570,972650085.0,190686485,30302200,153828929,148642367,794684400,21500000.0
TR,POLHO,2019,2283380435,846030787.0,1437349648,616853795,467234531,1013089850,848864762.0,164225088,63248069,179026662,136690124,832465998,25000000.0
TR,POLHO,2020,2806579104,1050509690.0,1756069414,794710375,623329852,1051326440,846905525.0,204420915,126615572,288471094,146766056,1009499442,6000000.0
TR,POLHO,2021,3748643663,1701762642.0,2046881021,1518359662,1244957140,1969277074,1557358399.0,411918675,279934575,411558634,390050880,1117109118,10000000.0
TR,POLHO,2022,14001005871,3720917753.0,10280088118,3221105332,2597375319,7611957533,6286582309.0,1325375224,2181587350,782928732,886130559,4895371418,33060876.0
TR,POLHO,2023,20122919263,3865166188.0,16257753075,3007758465,2710912374,8090475825,6357444753.0,1733031072,1079591919,606840090,418918177,6955527738,619492479.0
TR,POLHO,2024,25465058048,5262885265.0,20202172783,3454923204,3735315925,8106177051,6213603493.0,1892573559,-828898916,666408471,618293003,9314768251,139923986.0
TR,POLHO,2025,19878299304,4952767636.0,14925531668,2997978810,3231524608,7045084333,5531570642.0,1513513691,-1588335810,310948189,352811858,10251016106,0.0
TR,POLTK,2013,9014296,3113720.0,5900576,8205002,2838725,16166393,10504696.0,5661697,2187607,1700258,712467,607930,
TR,POLTK,2014,13437046,2764955.0,10672091,10669934,2425500,18843180,12560126.0,6283054,1415739,3196724,1018391,2368726,
TR,POLTK,2015,21588807,5385781.0,16203026,18194509,4816335,34972546,22488708.0,12483838,6936396,4308946,1471164,2811169,
TR,POLTK,2016,22551013,7038998.0,15512015,18886436,6437831,30986881,18806951.0,12179930,5417819,1423331,2111854,2961929,0.0
TR,POLTK,2017,41659217,11079841.0,30579376,32926735,10232706,41537078,26214219.0,15322859,7343005,4875405,3694607,6907448,0.0
TR,POLTK,2018,38794888,7529800.0,31265088,30247151,6636292,53025202,38842362.0,14182840,4003678,3215955,5262378,5999414,3411766.0
TR,POLTK,2019,59185933,18610439.0,40575494,46540598,13337021,76981455,48219808.0,28761647,13611104,9876395,6813219,5297417,3014473.0
TR,POLTK,2020,84135516,25936339.0,58199177,68939981,20320080,123791876,81695107.0,42096769,24900786,12921755,14234169,7641720,7536153.0
TR,POLTK,2021,108986222,38437242.0,70548980,93874790,33861873,148173886,98732584.0,49441302,30663756,10323929,23519658,7415886,7536153.0
TR,POLTK,2022,297588530,65576231.0,232012299,254174671,54212759,616705683,447101440.0,169604243,28417201,51878970,62273221,24367801,7483338.0
TR,POLTK,2023,430535259,140214522.0,290320737,323285957,86826231,682741161,455997024.0,226744137,-40292471,67374918,96430043,29410512,4988909.0
TR,POLTK,2024,481276378,130791845.0,350484533,359832738,94589191,797177841,550948341.0,246229500,-29774282,112287360,95965096,32946265,0.0
TR,POLTK,2025,517272265,170168836.0,347103429,374629580,150653020,962108276,700006257.0,262102019,-38784354,65870013,108170261,68413963,0.0
TR,PRDGS,2021,354285848,121599.0,354164249,774586,113566,177148328,0.0,177148328,177164249,743111,0,0,0.0
TR,PRDGS,2022,1158247788,13814287.0,1144433501,1566558,13651140,380746555,0.0,380746555,-43113591,1185658,0,0,0.0
TR,PRDGS,2023,1731982247,2322881.0,1729659366,54494326,2208386,99840067,0.0,99840067,77340337,35343341,0,0,0.0
TR,PRDGS,2024,2258868979,25558014.0,2233310965,1283169,25331558,49218288,0.0,49218288,-30680459,250945,0,0,0.0
TR,PRDGS,2025,2501953296,1245136.0,2500708160,2953783,877647,71700786,0.0,71700786,43169019,1705220,0,0,0.0
TR,PRKAB,2013,589131033,453619261.0,135511772,542639543,418620981,822448217,734286769.0,88161448,9145892,172260139,79245135,45136731,
TR,PRKAB,2014,640973983,502159289.0,138814694,598987890,454756536,961448858,854046298.0,107402560,11810474,158967234,90612591,41808361,7162752.0
TR,PRKAB,2015,658121055,504866149.0,153254906,612113646,475818807,989742489,868110328.0,121632161,13833012,162791883,110513294,43638291,
TR,PRKAB,2016,669534371,505537869.0,163996502,625394126,492165708,953572451,832409981.0,121162470,20235950,152317188,94519833,43876465,6814053.0
TR,PRKAB,2017,819267821,584301879.0,234965942,730693221,576858394,1176349873,1057457251.0,118892622,8141821,165315709,148976251,48353773,6971071.0
TR,PRKAB,2018,899297070,630058070.0,269239000,795568332,621218229,1373378408,1231873886.0,141504522,38538543,229542230,148636363,52428386,4281486.0
TR,PRKAB,2019,887832021,517494114.0,370337907,765701804,500215613,1462576746,1298896691.0,163680055,35971002,210505611,174711178,60622561,5680423.0
TR,PRKAB,2020,1063022019,659456808.0,403565211,892251480,636997434,1802184466,1600374544.0,201809922,42418644,146428538,245548682,64981581,6638540.0
TR,PRKAB,2021,2282730516,1844767238.0,437963278,2026951571,1818827462,3220770171,2841907068.0,378863103,40732994,411993946,452314616,82396773,7974127.0
TR,PRKAB,2022,6637517909,5361532073.0,1275985836,5589684668,5281441131,13829947641,12815442181.0,1014505460,-178553357,462020957,1273960492,477878782,22938552.0
TR,PRKAB,2023,8404312850,6868570230.0,1535742620,7082671874,6649716898,18007801884,16288771436.0,1719030448,-125408895,786086218,1754157792,659453111,34017308.0
TR,PRKAB,2024,7178435227,6021868834.0,1156566393,6129211431,5896875276,18748510145,16550693275.0,2197816870,-952087766,413072061,1625320342,788720590,0.0
TR,PRKAB,2025,7949717297,6951218862.0,998498435,6885835830,4754103680,17791583235,15964951510.0,1826631725,-295175786,493677370,1812861487,863810448,0.0
TR,PRKME,2013,584183110,63977140.0,520205970,315080736,42409599,261013293,188559078.0,72454215,69252863,2087046,23725212,80369449,
TR,PRKME,2014,553262207,54585827.0,498676380,297365121,38151674,222672159,198337232.0,24334927,20459924,10403696,29986307,108519879,63744242.0
TR,PRKME,2015,584277006,93571886.0,490705120,275511762,75505190,164847504,133745704.0,31101800,29234883,26980,46055433,113251009,57879052.0
TR,PRKME,2016,560755391,63092558.0,497662833,134474729,35785791,11957,0.0,11957,-21665111,3051367,54968371,203780697,84544374.0
TR,PRKME,2017,489622140,47035615.0,442586525,201715956,22451026,89335,36904.0,52431,487366953,76805,1487957,10763458,0.0
TR,PRKME,2018,525132257,42051960.0,483080297,30855928,20937836,439589,200230.0,239359,39111839,176191,1287727,4130374,0.0
TR,PRKME,2019,564805897,75417882.0,489388015,59561616,52889737,10447779,2541903.0,7905876,4055475,6214119,938990,74259399,0.0
TR,PRKME,2020,784004438,79604277.0,704400161,122686218,50189965,46612527,34318927.0,12293600,59475456,48223219,2457836,100040450,0.0
TR,PRKME,2021,1105376147,146259850.0,959116297,106079687,98111303,79251636,42773249.0,36478387,255169083,11970420,6497763,134442089,0.0
TR,PRKME,2022,3121574025,468704437.0,2652869588,354693767,208571838,387699031,236862212.0,150836819,-225541199,262779765,29595002,740016568,0.0
TR,PRKME,2023,4449194748,474721802.0,3974472946,611508842,252301661,573872450,355354672.0,218517778,487960698,109514765,59656415,1339934422,334606070.0
TR,PRKME,2024,5591447596,606061552.0,4985386044,562945322,252001237,835771792,517803126.0,317968666,95611761,112725900,80827453,2286360754,299267324.0
TR,PRKME,2025,6026135092,797855644.0,5228279448,256152976,231495484,684876647,479041214.0,205835433,-252927815,2317516,89556878,2670182842,0.0
TR,PRZMA,2013,35355817,1225671.0,34130146,18340694,1068689,11441449,10118568.0,1322881,404973,8922292,829006,14708053,
TR,PRZMA,2014,37161084,647422.0,36513662,18046100,411414,11927712,10739168.0,1188544,2322118,6151210,3365769,8811826,
TR,PRZMA,2015,40763586,2303290.0,38460296,19972997,1990617,17577774,15665016.0,1912758,1064791,870091,6730799,8826740,
TR,PRZMA,2016,42441931,3985784.0,38456147,21836917,3412157,13734266,11341978.0,2392288,793143,276635,6609615,7156313,0.0
TR,PRZMA,2017,46864442,5493304.0,41371138,21813679,4543505,17015064,13537671.0,3477393,518802,289157,4468177,8881679,0.0
TR,PRZMA,2018,47383638,5041531.0,42342107,20605077,4046559,9207852,8076374.0,1131478,390277,329447,8552574,2084179,0.0
TR,PRZMA,2019,51872080,8659763.0,43212317,23862259,7037770,10816520,7677294.0,3139226,967840,319561,8773624,1826028,0.0
TR,PRZMA,2020,69030818,16695470.0,52335348,29181688,15202777,18057586,15829605.0,2227981,9060781,102378,15867684,1545466,0.0
TR,PRZMA,2021,75106871,22231294.0,52875577,34227589,19078497,35238564,28806035.0,6432529,649263,131013,20431038,1471109,0.0
TR,PRZMA,2022,331305917,112922204.0,218383713,128101859,87966694,105946855,107302875.0,-1356020,26284483,845614,95735767,133419548,0.0
TR,PRZMA,2023,472451675,116051602.0,356400073,193286097,103645345,101120057,93834274.0,7285783,65280671,3509280,142611817,187799995,0.0
TR,PRZMA,2024,557460361,117555049.0,439905312,207945418,91782134,65633411,55744333.0,9889078,-11132387,5026939,176236553,243416316,0.0
TR,PRZMA,2025,729197504,139695313.0,589502191,309148414,85052972,121853664,111092490.0,10761174,202161,10651497,227763587,267267548,0.0
TR,PSDTC,2013,333919785,325176505.0,8743280,333776396,325079093,4677473,0.0,4677473,4308250,16354010,18236674,60475,
TR,PSDTC,2014,317204141,298518821.0,18685320,317096176,298414851,4216025,0.0,4216025,1778503,62379964,22305878,58932,
TR,PSDTC,2015,337871058,317626979.0,20244079,337714433,317478838,4061745,0.0,4061745,3114941,86885500,3531,88231,
TR,PSDTC,2016,377567969,353814334.0,23753635,377407539,353548910,3778386,0.0,3778386,3550015,109267571,3499,74997,0.0
TR,PSDTC,2017,658500210,625500326.0,32999884,658410547,624231562,4918629,0.0,4918629,12342305,159838799,4822,63977,3091892.0
TR,PSDTC,2018,694896512,647888339.0,47008173,694640577,647319963,8335383,0.0,8335383,21785478,103593685,6637,87021,7746405.0
TR,PSDTC,2019,695332299,660867968.0,34464331,694749747,660084396,8230848,0.0,8230848,9136830,47711569,9122,177047,21671842.0
TR,PSDTC,2020,1077276715,1043203265.0,34073450,1076652375,1042416721,10437200,1056765.0,9380435,8928908,89258768,7175,174593,2195403.0
TR,PSDTC,2021,1988527210,1943909895.0,44617315,1987821911,1943005820,14854512,1239456.0,13615056,18127517,122506518,11018,139710,14967473.0
TR,PSDTC,2022,4429392968,4327610312.0,101782656,4426199877,4323145068,55255962,4075411.0,51180551,16380723,226124077,12106,526002,34440388.0
TR,PSDTC,2023,4545284375,4432970361.0,112314014,4541356684,4426690368,54618135,5631918.0,48986217,25101135,241773824,12893,578227,60276314.0
TR,PSDTC,2024,4337968191,4155536560.0,182431631,4331217397,4146831090,83263636,9338634.0,73925002,34961226,555020918,45701,1817217,0.0
TR,PSDTC,2025,5731943865,5470823543.0,261120322,5722889495,5460158883,90694050,9766256.0,80927794,64272152,660792342,68530,3279026,19538528.0
TR,PSGYO,2020,1127887846,1145965974.0,-18078128,970759854,23206695,32559375,24934222.0,7625153,-2399668,887687,783114907,8080054,0.0
TR,PSGYO,2021,3562512146,2291164047.0,1271348099,2987968285,120164910,811406920,752701768.0,58705152,29091207,243856179,1938118127,15532423,0.0
TR,PSGYO,2022,20260000567,9079197946.0,11180802621,10191938673,3742536093,4570134371,3214713793.0,1355420578,6126987242,290909064,7258989268,52766499,0.0
TR,PSGYO,2023,43809821706,25143332724.0,18666488982,16567719333,4917930749,2682228155,1696108337.0,986119818,1458501686,151209041,9583253085,119890505,72191606.0
TR,PSGYO,2024,66501244943,43313828514.0,23187416429,26143338891,11249022593,661922549,403138815.0,258783734,3099372743,225601235,18693733991,119562609,0.0
TR,PSGYO,2025,88964685542,47250991524.0,41713694018,39329193431,14366835512,344607747,174403383.0,170204364,3412056294,2391496734,27623650532,111335291,0.0
TR,QUAGR,2018,517369183,359028985.0,158340198,254630255,280329838,331464705,211964659.0,119500046,19544622,6903594,121949572,202720526,0.0
TR,QUAGR,2019,508177293,336874468.0,171302825,258498110,292693441,403815957,302534406.0,101281551,13206108,267588,103603011,187633133,0.0
TR,QUAGR,2020,706804617,367268578.0,339536039,432004565,299051406,702771654,440287403.0,262484251,144455696,20618497,121319712,215639230,0.0
TR,QUAGR,2021,2857126029,1755622583.0,1101503446,1380204960,971468542,1150450817,585270625.0,565180192,565581777,191687489,266670913,959642085,0.0
TR,QUAGR,2022,14832305669,7474194581.0,7358111088,9279781249,6117536571,7635758071,4546023443.0,3089734628,2610903885,214187771,1821105045,5446632327,0.0
TR,QUAGR,2023,20916127741,9703602961.0,11212524780,11919890663,8921407832,11232573730,8252725029.0,2979848701,605513606,1241979347,2993541684,7593632269,0.0
TR,QUAGR,2024,20093399437,9319314378.0,10774085059,9609248962,8032193284,10649280175,8905219343.0,1744060832,-3925604007,455172212,2456833012,9822348591,0.0
TR,QUAGR,2025,22346750169,11841613380.0,10505136789,11362517435,11199817618,11665350457,8901239573.0,2764110884,-1377985111,134143306,2721800636,10182101186,0.0
TR,RALYH,2013,11545561,6633227.0,4912334,4042046,5100278,12570690,10011317.0,2559373,698557,18584,880247,3572333,
TR,RALYH,2014,9680591,7476853.0,2203738,2757840,5920824,10228707,10281864.0,-53157,-2600849,5960,417850,3400241,
TR,RALYH,2015,12751343,17999881.0,-5248538,10440383,17597079,148885,112383.0,36502,-6171954,251332,1023601,1413717,
TR,RALYH,2016,12618432,1099385.0,11519047,12549004,1099385,8195443,7417871.0,777572,16588259,5608,29,8741,0.0
TR,RALYH,2017,14744408,1518436.0,13225972,2714987,1109343,0,0.0,0,1769032,3383,0,2301,0.0
TR,RALYH,2018,24752620,3331271.0,21421349,19408946,3262439,8721015,5575300.0,3145715,2604194,29188,0,4661100,0.0
TR,RALYH,2019,85643326,52751310.0,32892016,30122894,24626920,19121635,16335485.0,2786150,-4961566,1382462,712105,12602574,0.0
TR,RALYH,2020,151886480,78251974.0,73634506,76113198,63479290,122130784,106651342.0,15479442,4871779,11835076,1499630,12505239,0.0
TR,RALYH,2021,292934497,190066313.0,102868184,214905260,166038041,275257151,232829601.0,42427550,28569908,4934476,736632,17285992,0.0
TR,RALYH,2022,1604692626,688994081.0,915698545,631375040,604713371,695941623,410299617.0,285642006,461929522,892725,9273768,217018470,0.0
TR,RALYH,2023,3543247974,1672003204.0,1871244770,1764401380,1425996350,3017224250,2030194412.0,987029838,537199262,148844202,22721569,531623806,0.0
TR,RALYH,2024,9548252864,5021015764.0,4527237100,3157157669,2601770851,6122728065,5015216826.0,1107511239,1861086193,19614272,25910617,3770824671,0.0
TR,RALYH,2025,17091657028,9004345637.0,8087311391,4591261790,5535220972,7031992251,4833764219.0,2198228032,3491573266,27844530,48893158,7900892956,0.0
TR,REEDR,2020,123899637,86299212.0,37600425,67490933,76103912,238856134,190039643.0,48816491,33855260,17339154,10890235,46912474,0.0
TR,REEDR,2021,540446390,398880809.0,141565581,392446779,385372209,451386251,338582446.0,112803805,103805889,30082775,24153659,129979866,0.0
TR,REEDR,2022,3752214952,1603762158.0,2148452794,1725602316,1399439651,1821105046,888608307.0,932496739,421460959,38414771,71069014,509108493,0.0
TR,REEDR,2023,9286694691,2436619761.0,6850074930,4650670540,1757107850,3822010656,1507698595.0,2314312061,1310596848,1579832949,405959458,1324857681,0.0
TR,REEDR,2024,11747432676,2490879520.0,9256553156,5575348259,1854769072,3454762005,1524122822.0,1930639183,-1202170618,613547095,2066807475,2228070087,0.0
TR,REEDR,2025,10875490852,1970443427.0,8905047425,4547561587,1326763276,1993357011,1043590049.0,949766961,-1397157690,21203666,2404072764,2457766725,0.0
TR,RGYAS,2021,68472145000,45621617000.0,22850528000,5809943000,2024612000,3307707000,1042720000.0,2264987000,-1970708000,4228374000,3613000,74191000,0.0
TR,RGYAS,2022,76425509000,39013568000.0,37411941000,7220810000,16936253000,4201418000,1581081000.0,2620337000,14569592000,1788710000,0,104019000,0.0
TR,RGYAS,2023,120908083000,40498554000.0,80409529000,3701254000,7668468000,7234684000,2659576000.0,4575108000,26399243000,2306624000,1845000,118986000,0.0
TR,RGYAS,2024,160960171083,43725081130.0,117235089953,6503991387,7833344350,10763184571,3284982524.0,7478202047,6133834426,4695174589,2404492,189020303,0.0
TR,RGYAS,2025,218672747024,72333409266.0,146339337758,11980960060,6928217036,13909423915,4181229292.0,9728194623,17943548208,7597008168,6711350,210906288,597118669.0
TR,RNPOL,2018,73753742,50696669.0,23057073,63745166,33650335,82767243,66282998.0,16484245,-1652362,4074112,6471904,8557533,0.0
TR,RNPOL,2019,86589794,59019000.0,27570794,76045188,32682227,77724395,66683100.0,11041295,544053,1624146,24690490,8418042,0.0
TR,RNPOL,2020,128108031,77114566.0,50993465,99662790,52279692,115093364,95480461.0,19612903,4854473,3801259,13987218,25800603,0.0
TR,RNPOL,2021,274474941,101052092.0,173422849,220727032,74903920,203446033,154965464.0,48480569,18439469,44972995,69117571,49052939,0.0
TR,RNPOL,2022,1031849125,434791930.0,597057195,738163496,240766497,719116840,640438198.0,78678642,33600690,106340861,360741067,289083884,0.0
TR,RNPOL,2023,1424147021,607842645.0,816304376,909287672,409624525,983478873,814257777.0,169221096,-32155226,127595559,417449097,510117033,0.0
TR,RNPOL,2024,1949307235,834058827.0,1115248408,1247265718,573360067,1177040934,854004244.0,323036690,58934007,225565729,580934169,689633393,0.0
TR,RNPOL,2025,2812054088,1605430532.0,1206623556,2061410074,1388823620,1738391040,1426200146.0,312190894,-34141078,223091300,803487033,733343386,0.0
TR,RODRG,2013,11487104,2889619.0,8597485,10244925,2787857,7656284,6323320.0,1332964,-1004387,981742,5761413,752199,
TR,RODRG,2014,12266831,4451023.0,7815808,10145364,4391879,7393752,5198649.0,2195103,-743865,543244,4733181,1461424,
TR,RODRG,2015,15306758,7356383.0,7950375,12705456,6136365,10777447,7005764.0,3771683,122261,960084,6817773,1805517,
TR,RODRG,2016,16880924,8788987.0,8091937,13887263,6754158,9018021,6088551.0,2929470,10342,1652091,7178154,2276716,0.0
TR,RODRG,2017,19362480,11201084.0,8161396,14071826,8331008,12381137,7270772.0,5110365,87629,1787529,7351319,3835068,0.0
TR,RODRG,2018,22050264,13144864.0,8905400,14933537,9387015,14366918,7731137.0,6635781,973351,1880697,7161030,5374162,0.0
TR,RODRG,2019,25234678,14417392.0,10817286,18118144,12005180,21009987,9053228.0,11956759,1156993,445523,11716530,5296935,0.0
TR,RODRG,2020,30839372,19085238.0,11754134,18562979,13456363,16266280,8065812.0,8200468,-1147096,954333,12725848,6735778,0.0
TR,RODRG,2021,40669695,20771122.0,19898573,25460610,17293801,22681403,10869979.0,11811424,-1907872,2766284,21143196,10190886,0.0
TR,RODRG,2022,103545307,69338465.0,34206842,55397739,49784185,49792266,28587209.0,21205057,-44320845,4053440,45599053,18370466,0.0
TR,RODRG,2023,129798341,83255497.0,46542844,68878694,53179195,57328458,32574942.0,24753516,15549367,6210634,60812947,21439545,0.0
TR,RODRG,2024,175495987,88525005.0,86970982,111607750,65478001,125982890,38411675.0,87571215,-192719,4480976,101578937,20616696,0.0
TR,RODRG,2025,159683385,83095722.0,76587663,93231324,68637775,97501515,40857094.0,56644421,4547023,7921578,83516478,20752284,0.0
TR,RTALB,2013,29351501,8518952.0,20832549,16531307,7043297,18661873,9458640.0,9203234,4136062,3246486,6975863,8060964,
TR,RTALB,2014,49042402,11399076.0,37643326,36222429,9724577,26439529,14442668.0,11996861,4562161,18569644,8387117,8246333,
TR,RTALB,2015,61613758,14878004.0,46735754,38662143,9830629,33676155,18398985.0,15277170,7378182,15735787,9323757,10061959,
TR,RTALB,2016,60892984,10690231.0,50202753,37436378,9278205,31813194,19998033.0,11815161,3554957,13790295,9122641,11615660,0.0
TR,RTALB,2017,63091522,8841488.0,54250034,40847239,8263665,38450168,25630248.0,12819920,3956202,15123565,6724095,9481577,0.0
TR,RTALB,2018,65640356,6954942.0,58685414,32864428,6625197,20472876,17670194.0,2802682,1267333,6140988,3870859,0,0.0
TR,RTALB,2019,98160324,11465568.0,86694756,34560571,7808472,16766007,12487886.0,4278121,4572584,12378781,2964756,14781455,0.0
TR,RTALB,2020,256524939,88718741.0,167806198,142975224,82514463,230441888,119539151.0,110902737,78398129,17464181,17982634,30442659,0.0
TR,RTALB,2021,552403815,209169537.0,343234278,369386906,204880109,384341641,228211294.0,156130347,127300637,157539063,22878541,46259333,0.0
TR,RTALB,2022,1342509682,208863143.0,1133646539,510718838,146035475,191298667,126029750.0,65268917,136322351,51677284,50056302,164819866,0.0
TR,RTALB,2023,1804551825,187767457.0,1616784368,359726700,128236295,138511692,112651379.0,25860313,-103161536,47159522,67586564,204922193,0.0
TR,RTALB,2024,2514660155,330071040.0,2184589115,202929503,281507159,207582040,152464139.0,55117901,68371265,8524067,53487705,366053574,0.0
TR,RTALB,2025,3778568704,515949812.0,3262618892,203918419,147674181,263615805,172408637.0,91207168,969650724,5175935,46370233,420565907,0.0
TR,RUBNS,2019,149602256,119163701.0,30438555,36646980,71332684,165477709,150966365.0,14511344,1273059,196672,14180735,109581331,0.0
TR,RUBNS,2020,384636318,176095861.0,208540457,91824490,98944171,211663935,163550786.0,48113149,24104475,198563,23801411,291330709,0.0
TR,RUBNS,2021,687189718,263691016.0,423498702,241668194,172732414,355104494,259677678.0,95426816,74165755,485880,150928901,425370952,0.0
TR,RUBNS,2022,2835562960,952100120.0,1883462840,1045955830,740170461,1430000183,1109820394.0,320179789,4493371,543253,616856808,981522357,0.0
TR,RUBNS,2023,3520865733,724718100.0,2796147633,1180672098,484651368,3312661867,2641309626.0,671352241,76182485,2743586,514025715,2340193635,0.0
TR,RUBNS,2024,5119763054,1025090256.0,4094672798,1753209063,687637157,2259055169,1773375245.0,485679925,34830049,1251488,692559745,3203002864,0.0
TR,RUBNS,2025,5762096063,1410154992.0,4351941071,3592180062,1114062055,2354337822,2012216679.0,342121144,-168175840,16004804,1011814825,1970165585,0.0
TR,RUZYE,2013,70929847,21737842.0,49192005,18532180,17175173,54674200,48689320.0,5984880,2910496,2802684,8938438,50914399,
TR,RUZYE,2014,130580648,56650777.0,73929871,27601764,48594482,58977876,56154964.0,2822912,-1885271,2780632,7412100,60847319,
TR,RUZYE,2015,161170035,92426524.0,68743511,31939440,73804757,81431441,80083851.0,1347590,-6771704,2635618,3015095,86610946,
TR,RUZYE,2016,111557216,77996995.0,33560221,22773067,52956255,103010772,92441139.0,10569633,-6447353,1991084,3941168,82256120,0.0
TR,RUZYE,2017,151552041,143243144.0,8308897,145224780,114890353,175783453,162517234.0,13266219,-6684191,823918,13827492,1085223,0.0
TR,RUZYE,2018,108470751,86179209.0,22291542,64493979,74275906,256166591,259869880.0,-3703289,-35371358,49246,1247769,3982517,0.0
TR,RUZYE,2019,73605073,42107770.0,31497303,18644669,38763088,5030387,3838432.0,1191955,7449337,48892,70232,4654965,0.0
TR,RUZYE,2020,160248210,75834059.0,84414151,79394651,73728537,4380207,1706721.0,2673486,33810843,59919470,32095,27078996,0.0
TR,RUZYE,2021,330052285,22801358.0,307250927,196719393,17684162,17000334,4669264.0,12331070,46634820,185275528,0,51351785,0.0
TR,RUZYE,2022,865253139,94324336.0,770928803,459698780,57462495,186494821,173349720.0,13145101,-112870396,273537047,130106,210525961,0.0
TR,RUZYE,2023,1114181280,46311212.0,1067870068,538997987,17714982,353548476,257100520.0,96447956,-53149656,511593045,143593,397577966,0.0
TR,RUZYE,2024,1613695124,103127561.0,1510567563,669882954,28981114,204157377,219395664.0,-15238287,19440744,458641266,0,640897443,0.0
TR,RUZYE,2025,1809736480,156916684.0,1652819796,540316544,40352670,305978674,287150185.0,18828489,-5352626,313110879,230506,597413628,0.0
TR,RYGYO,2013,507548174,167332545.0,340215629,83466671,57491168,64293816,23283158.0,41010658,24636912,47840267,0,850839,
TR,RYGYO,2014,681258175,333272820.0,347985355,122725382,72397438,47172989,14709889.0,32463100,7395793,54876650,0,3124605,
TR,RYGYO,2015,1305089838,608204563.0,696885275,185907602,154685021,69091304,5479271.0,63612033,141544207,115018388,0,9637503,
TR,RYGYO,2016,1518565929,691652236.0,826913693,137135932,129150325,81892458,12290062.0,69602396,131380940,52509920,0,12283814,0.0
TR,RYGYO,2017,1879304691,941551587.0,937753104,191918104,332974180,112160593,13108971.0,99051622,110892749,137567602,0,17772897,0.0
TR,RYGYO,2018,2266340217,1116482600.0,1149857617,142636473,404416633,162630966,22143030.0,140487936,212108681,94432417,0,33640185,0.0
TR,RYGYO,2019,2792779049,1094243749.0,1698535300,61789499,463022265,214045774,26425687.0,187620087,548706851,43137369,0,46249021,0.0
TR,RYGYO,2020,3479558306,1371851269.0,2107707037,253993713,610049783,261280649,29456568.0,231824081,410426474,222856883,0,73242977,0.0
TR,RYGYO,2021,5645715482,1701175188.0,3944540294,544111513,827537246,314350777,40618634.0,273732143,1542289462,426087297,0,82479424,0.0
TR,RYGYO,2022,15868372846,4162647364.0,11705725482,1539071006,1418875420,961687985,119975896.0,841712089,8322811985,987404737,0,288280539,0.0
TR,RYGYO,2023,48980365038,5382384170.0,43597980868,2620394400,3609663335,2413902356,478212971.0,1935689385,12325515192,1712943714,0,1843489756,0.0
TR,RYGYO,2024,83810795613,23786151279.0,60024644334,3505893972,2968052549,4367132972,421551763.0,3945581209,12051645015,1188296270,0,4460378154,0.0
TR,RYGYO,2025,112463723712,17625359402.0,94838364310,5092807559,5024063635,3884749504,377383793.0,3507365711,28985185397,2014421099,0,3391019877,0.0
TR,RYSAS,2013,573580599,308712153.0,264868446,142899849,155012363,333452574,249894246.0,83558328,37077646,53098574,352623,345355133,
TR,RYSAS,2014,793894905,506740267.0,287154638,164817399,204201826,331008701,255011103.0,75997598,23510062,62067689,1506339,469690433,
TR,RYSAS,2015,1030629282,790132766.0,240496516,241870880,282341064,339665751,277740529.0,61925222,-48635092,118807143,2514914,579286666,
TR,RYSAS,2016,1110314253,918182054.0,192132199,217156288,261185046,379744743,296031667.0,83713076,-57831987,71661582,2439874,406271503,0.0
TR,RYSAS,2017,1304241551,1134040761.0,170200790,262875497,441659935,449649155,342352835.0,107296320,-29858836,147152444,1626652,512670424,0.0
TR,RYSAS,2018,1377061871,1318816950.0,58244921,234305154,538025357,541498558,388859046.0,152639512,-110615808,97277401,1985976,382666461,0.0
TR,RYSAS,2019,1427043686,1363664830.0,63378856,213035074,667408072,662132343,449991720.0,212140623,4512362,131453544,4782452,455963162,0.0
TR,RYSAS,2020,2347729766,1745718749.0,602011017,405305081,819737084,822272565,558795323.0,263477242,-45681898,285290198,2679987,942701417,0.0
TR,RYSAS,2021,3388459635,2222006388.0,1166453247,608955697,1066139409,1022284724,693769982.0,328514742,-75292433,440060893,4277651,1419316398,0.0
TR,RYSAS,2022,6778596017,5622676228.0,1155919789,2268941679,2340550092,3124236244,1796957494.0,1327278750,350946695,1025385644,68910080,2345567655,0.0
TR,RYSAS,2023,14279656970,8033035463.0,6246621507,4489476085,4553752573,9672018788,5333098848.0,4338919940,1641972616,1911731430,265071060,5152120791,0.0
TR,RYSAS,2024,25726916973,12858524226.0,12868392747,6278330536,5547538918,14593288006,7115442776.0,7477845230,3302383144,2892634031,113730655,11851499956,0.0
TR,RYSAS,2025,49437188666,13620887633.0,35816301033,8332476703,7442608217,13740543978,8542687655.0,5197856323,3951398284,5009002177,73648178,12771091267,0.0
TR,SAFKR,2014,44542251,29401954.0,15140297,25698705,23993348,0,0.0,0,0,3340934,7658352,15717770,0.0
TR,SAFKR,2015,46182570,31366242.0,14816328,25437484,27679718,66593408,52410722.0,14182686,1177941,655424,8128735,15790949,0.0
TR,SAFKR,2016,47714272,26684148.0,21030124,24996211,23209318,65229249,49804879.0,15424370,2910248,615150,9767742,18919534,0.0
TR,SAFKR,2017,55035535,32686413.0,22349122,31472941,29740906,67957915,53652510.0,14305405,1393325,177431,11919480,19293382,0.0
TR,SAFKR,2018,88975107,30863930.0,58111177,58458684,28738918,90383807,68161046.0,22222761,12756717,7914518,18693771,26174666,0.0
TR,SAFKR,2019,90317834,30842492.0,59475342,58105387,27824208,117034073,88788304.0,28245769,5417657,4875918,17199443,25744571,4000000.0
TR,SAFKR,2020,113688820,42276050.0,71412770,81741510,25975718,105106254,74130180.0,30976074,12091385,26554187,19830585,25328644,0.0
TR,SAFKR,2021,197650781,61420036.0,136230745,111309369,51176688,152673187,109306807.0,43366380,14478677,33171721,26289731,81090398,0.0
TR,SAFKR,2022,677925930,247322546.0,430603384,332338863,155741370,583130301,401350297.0,181780004,57508712,76277829,83441294,314604515,0.0
TR,SAFKR,2023,1151210622,448412061.0,702798561,638978882,227553661,1057982415,714911463.0,343070952,114157333,183254702,147612892,445351822,0.0
TR,SAFKR,2024,1559645949,556392473.0,1003253476,925849703,425374000,1722398273,1241386524.0,481011749,79417139,77534631,357238755,568904664,0.0
TR,SAFKR,2025,1869232217,588262464.0,1280969753,1166807282,524332569,1952661051,1296070422.0,656590629,179462953,193900223,429798695,641560116,0.0
TR,SAHOL,2013,206570819000,174556162000.0,32014657000,105134288000,150872625000,8457484000,6912506000.0,9212421000,3844652000,5566531000,1883451000,3898832000,
TR,SAHOL,2014,230526555000,193668675000.0,36857880000,110109883000,169096825000,10384249000,8232212000.0,9989474000,4350859000,7518753000,1839607000,3898572000,
TR,SAHOL,2015,265520067000,225548629000.0,39971438000,123206744000,189599353000,11657193000,9093701000.0,10951436000,4421082000,10705724000,2021777000,4282958000,
TR,SAHOL,2016,308267839000,263460496000.0,44807343000,145478662000,211488434000,12362180000,9778272000.0,13009726000,5547146000,12596627000,1995221000,4964509000,791627000.0
TR,SAHOL,2017,354134751000,302136812000.0,51997939000,163547705000,247467413000,13839851000,10943850000.0,15528872000,7437898000,14519064000,2312094000,5529745000,1062599000.0
TR,SAHOL,2018,371686271000,315290475000.0,56395796000,185300225000,255444010000,16260337000,12857297000.0,16718351000,7242451000,23657667000,2944845000,6626678000,1681645000.0
TR,SAHOL,2019,406347879000,339870436000.0,66477443000,206970925000,278812101000,18782988000,14874681000.0,17842721000,6964968000,22447203000,3124669000,7295877000,723007000.0
TR,SAHOL,2020,501258374000,424475480000.0,76782894000,269491344000,351320596000,21529210000,17005423000.0,21656431000,8899253000,19828118000,3761354000,7959621000,720382000.0
TR,SAHOL,2021,819763789000,716159607000.0,103604182000,465289463000,606207659000,30570352000,24024838000.0,36223381000,20571168000,69417883000,7520997000,10569872000,1188467000.0
TR,SAHOL,2022,2129225298000,1728619189000.0,400606109000,1187072392000,1486990044000,123593119000,105388486000.0,204108438000,61268368000,106847623000,22750952000,47577486000,5635869000.0
TR,SAHOL,2023,3165265998000,2609182632000.0,556083366000,1882773798000,2346678669000,197812451000,167380261000.0,268362132000,28654876000,137812750000,34192323000,91593168000,19517521000.0
TR,SAHOL,2024,4023209934731,3403682319838.0,619527614893,2390159881540,3076926456402,255361621776,212049422173.0,246496095863,-40210170524,146309850846,41038690168,131545840149,21460701770.0
TR,SAHOL,2025,4513166479657,3849328742403.0,663837737254,2621336433656,3329857957619,270958053547,225503829402.0,280497519378,8381219331,140286367017,40175763426,153504231389,12608612674.0
TR,SAMAT,2013,84503235,64397658.0,20105577,57596418,49769185,109670135,100928361.0,8741774,-241716,503425,22564312,26007188,
TR,SAMAT,2014,75479701,55779889.0,19699812,48408966,36658307,87719451,80999972.0,6719479,-371228,631098,30309647,26312407,
TR,SAMAT,2015,83857411,57848369.0,26009042,52555262,32646154,69715299,60151682.0,9563617,553528,416256,31978053,30924623,
TR,SAMAT,2016,79160862,55774969.0,23385893,48020606,43277532,71356315,62491834.0,8864481,-2585288,339716,36434819,30423356,0.0
TR,SAMAT,2017,98107378,75590259.0,22517119,64616141,53317823,67058606,53147955.0,13910651,-293966,55805,50960796,17042369,0.0
TR,SAMAT,2018,105492676,82368034.0,23124642,72754212,55558403,106133050,91826957.0,14306093,479153,57713,66023703,16760762,0.0
TR,SAMAT,2019,85168404,75570581.0,9597823,54401943,55046959,115054867,108385418.0,6669449,-13494195,14013,24443723,15125500,0.0
TR,SAMAT,2020,94551010,61973019.0,32577991,56284024,49507629,100635652,81752206.0,18883446,4895942,85167,29798475,23276459,0.0
TR,SAMAT,2021,125549012,95862473.0,29686539,85600418,91443647,70899383,57519254.0,13380129,-3561775,122896,46183961,34066832,0.0
TR,SAMAT,2022,442380002,233781299.0,208598703,196203697,197756475,687397552,625471531.0,61926021,14991417,691991,117223516,245822640,0.0
TR,SAMAT,2023,470149361,155618955.0,314530406,85488899,110684898,292934093,290580425.0,2353668,5857255,164119,59838561,384552917,0.0
TR,SAMAT,2024,769247429,220326372.0,548921057,87290682,184965990,235174055,238646751.0,-3472697,-41117945,312678,41881833,624696745,0.0
TR,SAMAT,2025,890002348,273489034.0,616513314,138543761,244008636,47391924,47436899.0,-44976,19936825,1763538,49686087,687896790,0.0
TR,SANEL,2013,34049394,10015897.0,24033497,32973074,9776265,35459042,26846470.0,8612572,3779026,12065818,3208380,983451,
TR,SANEL,2014,41165792,18653141.0,22512651,40228864,18500018,45096493,36752627.0,8343866,2867580,6985100,13193750,686457,
TR,SANEL,2015,34590918,12087915.0,22503003,32889688,11093690,46708140,40993060.0,5715080,534006,3837991,13037716,615638,
TR,SANEL,2016,43533710,21300668.0,22233042,40221932,19450781,40174179,34638537.0,5535642,337872,2922902,11882929,452398,599099.0
TR,SANEL,2017,65632974,43350240.0,22282734,60425613,37124940,49512263,43077212.0,6435051,52155,5318168,18434796,335259,0.0
TR,SANEL,2018,41201844,24192601.0,17009243,32073153,19746160,55768086,56111336.0,-343250,-4489977,3515275,8528998,69217,0.0
TR,SANEL,2019,43483611,23448322.0,20035289,28816906,19816421,21676518,19746923.0,1929595,3168629,1782231,7897555,8782599,0.0
TR,SANEL,2020,40293743,28597759.0,11695984,23624145,24511223,25542524,28505705.0,-2963181,-8247902,568789,3951661,8304729,0.0
TR,SANEL,2021,39444901,30697546.0,8747355,22592663,29183319,23071737,19392227.0,3679510,-3461667,138878,4205355,8398066,0.0
TR,SANEL,2022,88487720,54230854.0,34256866,35169362,52768388,64120256,63205430.0,914826,-23341125,777056,2845594,36729668,0.0
TR,SANEL,2023,170446052,155668099.0,14777953,85361893,148076529,139853762,108213109.0,31640653,-31108932,1328742,2589723,21633812,0.0
TR,SANEL,2024,412896684,262137392.0,150759292,219979103,247587061,287614925,185825059.0,101789866,70161646,7952391,3011852,41105793,0.0
TR,SANEL,2025,706498909,433504219.0,272994690,362056991,417823786,377959016,285512986.0,92446030,171522858,11168688,2129934,194238464,0.0
TR,SANFM,2013,44713780,25738164.0,18975616,20379794,22000637,27973961,22781921.0,5192040,41712,1127913,6002586,21356760,
TR,SANFM,2014,53274015,34352763.0,18921252,27338119,29215860,33396875,26590131.0,6806744,48823,344677,10309682,22126571,
TR,SANFM,2015,51393491,37401294.0,13992197,26962301,25216489,40762890,36447267.0,4315623,-5022767,73132,11251858,22201526,
TR,SANFM,2016,55904953,41089610.0,14815343,28631775,27974079,48605464,40624493.0,7980971,-1189400,200869,13210550,24591908,0.0
TR,SANFM,2017,63797113,48269059.0,15528054,34326471,33796172,58594437,47382827.0,11211610,776064,987933,15137208,26864837,0.0
TR,SANFM,2018,75547523,58275539.0,17271984,39335320,44654527,82167411,67331585.0,14835826,904247,608304,13080380,9284653,0.0
TR,SANFM,2019,90904722,71704794.0,19199928,45328192,45992498,93872851,76344580.0,17528271,3644323,5824175,12332624,12360420,0.0
TR,SANFM,2020,133458977,105377974.0,28081003,75470378,69612136,109372787,86260644.0,23112143,7079580,31171574,7605530,11863882,0.0
TR,SANFM,2021,196913704,136403802.0,60509902,109560798,100209600,144492036,112119942.0,32372094,31092676,41431996,18413800,14764971,0.0
TR,SANFM,2022,646138457,391059502.0,255078955,367328393,289418109,610786816,487305800.0,123481016,56446803,63357213,118020914,80311749,0.0
TR,SANFM,2023,1040855652,621600604.0,419255048,541698148,521382397,1019700364,817837832.0,201862532,64105082,36605461,198882544,167899951,7124915.0
TR,SANFM,2024,1214747134,612263037.0,602484097,876348025,402538531,1131416688,995024198.0,136392490,64093489,263528526,311024926,200038993,3991034.0
TR,SANFM,2025,1725429184,1071417847.0,654011337,1102713534,594400863,1266416582,974177290.0,292239292,2569380,370904577,322249682,614866189,10647690.0
TR,SANKO,2013,378055460,183262875.0,194792585,290606233,172055146,622075848,608055212.0,14020636,12763503,67630377,930651,75115561,
TR,SANKO,2014,407895638,197915058.0,209980580,322954243,186962801,756669040,740846429.0,15822611,14895310,73233226,608576,78128477,
TR,SANKO,2015,468006125,216481798.0,251524327,353846990,200576995,828488156,809065284.0,19422872,22807338,81558812,470767,103616335,
TR,SANKO,2016,436257845,169073429.0,267184416,329885554,153476808,869893806,849153315.0,20740491,25708573,32223681,1734070,100720627,10000000.0
TR,SANKO,2017,416223225,119882790.0,296340435,284192789,96869840,787281211,765717161.0,21564050,26840328,35650250,2451109,113263729,20000000.0
TR,SANKO,2018,381935854,94733386.0,287202468,266297722,73355857,829866637,805241115.0,24625522,10986464,56711009,1338877,109983348,20000000.0
TR,SANKO,2019,369674433,54170181.0,315504252,259529534,32345475,905694333,870715560.0,34978773,37272951,61452344,2337064,106550959,9000000.0
TR,SANKO,2020,541471235,46622419.0,494848816,290861185,19831482,914603118,887124122.0,27478996,45316402,36738026,1616631,249389930,9000000.0
TR,SANKO,2021,948601895,340862951.0,607738944,702812713,311996767,1790925795,1738775972.0,52149823,128021738,122459945,6252444,241695404,15000000.0
TR,SANKO,2022,2633547356,1143305452.0,1490241904,1515997423,1038704142,6923262700,6749716821.0,173545879,-309238895,400356355,12204323,976229807,172483077.0
TR,SANKO,2023,3631690206,1506557727.0,2125132479,1743190297,1268950701,9160249384,8914610809.0,245638575,-91255819,580880525,15222519,963119354,151597710.0
TR,SANKO,2024,3943075434,1608103080.0,2334972354,2037368721,1338595697,10211148659,9933251184.0,277897474,-261116056,607573594,16433777,1009443299,0.0
TR,SANKO,2025,3803477825,1274436449.0,2529041376,1479665194,964061546,7510875957,7293977334.0,216898622,-72687045,171663918,6290879,1126965801,0.0
TR,SARAE,2023,15212023172,14386434741.0,825588431,10774707328,9727734750,12990583855,9914052850.0,3076531005,1912337554,11966563,5617402484,1348782128,875735467.0
TR,SARAE,2024,16746911697,10474361153.0,6272550544,8509236259,6242562478,14322125868,10881590121.0,3440535747,1808597927,148190261,4273079978,6054871240,0.0
TR,SARAE,2025,17848592950,11210590282.0,6638002668,10359602574,7673143353,7045237718,5057949127.0,1987288591,363111157,42856768,5855146551,5798954083,0.0
TR,SARKY,2013,908384277,583808276.0,324576001,687300095,538820239,2411857861,2307658735.0,104199126,25363605,34246530,170115661,152181104,
TR,SARKY,2014,875856878,544864962.0,330991916,634516107,500065981,2539888389,2460728336.0,79160053,24275556,56706928,168570671,161347903,
TR,SARKY,2015,967167432,603572720.0,363594712,661433426,486291637,2726637507,2601424909.0,125212598,35650829,34704244,188093131,213255641,
TR,SARKY,2016,1107858094,729823379.0,378034715,793478483,577655087,2890595687,2784739275.0,105856412,30285273,26520336,322420750,217907006,20362723.0
TR,SARKY,2017,1506659465,1053640621.0,453018844,1148999674,900424038,4349760480,4130011725.0,219748755,88201962,52081584,385256363,249003711,17525953.0
TR,SARKY,2018,1792008888,1240940240.0,551068648,1324277706,1016181900,5645635715,5381801749.0,263833966,91217033,64545928,468246350,305673713,37857113.0
TR,SARKY,2019,2162075145,1575109703.0,586965442,1669897169,1238043858,5780611154,5523766292.0,256844862,88937246,87708466,589867375,322899319,56395304.0
TR,SARKY,2020,3010641503,2172183451.0,838458052,2475574703,1699686498,6742787513,6280899112.0,461888401,248112687,194982885,868952340,355296786,21641250.0
TR,SARKY,2021,5740844859,4299615102.0,1441229757,4977019714,3447313010,13863404122,12984362428.0,879041694,553592185,356878211,1681770680,522718324,84346071.0
TR,SARKY,2022,15747043942,10369897628.0,5377146314,12147272405,8897637191,53253039961,51847717563.0,1405322398,924068829,807128136,4421186930,2597868866,230823221.0
TR,SARKY,2023,23719214841,14255592713.0,9463622128,17512057384,12115579412,65406579707,62271204369.0,3135375338,2098007912,2113522194,7011741189,4213721590,270916303.0
TR,SARKY,2024,26192859503,14368441004.0,11824418499,18410627871,12540777887,77529570939,73414279028.0,4115291912,455206925,1534526020,7023304445,5191040657,515157950.0
TR,SARKY,2025,34530330607,21694792391.0,12835538216,24944096763,17183356711,87057678451,84077500920.0,2980177531,379481339,1870925244,9637499174,7067521031,363460223.0
TR,SASA,2013,652039000,402124000.0,249915000,436566000,376074000,1090265000,1018477000.0,71788000,6241000,600000,187061000,150617000,
TR,SASA,2014,665544000,345208000.0,320336000,450566000,320906000,1209788000,1071447000.0,138341000,71380000,13986000,183087000,140848000,0.0
TR,SASA,2015,699561000,308494000.0,391067000,480881000,284811000,1111408000,964672000.0,146736000,70731000,34456000,202662000,141604000,0.0
TR,SASA,2016,1032187000,504072000.0,528115000,772432000,299311000,1182909000,986895000.0,196014000,137048000,7479000,177158000,175955000,0.0
TR,SASA,2017,2377995000,1240171000.0,1137824000,1118264000,585552000,1655205000,1335919000.0,319286000,203566000,84933000,266416000,1106217000,93881000.0
TR,SASA,2018,4151130000,2415900000.0,1735230000,1483362000,1188257000,2178954000,1704425000.0,474529000,597406000,28272000,560647000,2169390000,0.0
TR,SASA,2019,7754181000,5169080000.0,2585101000,1611781000,3380824000,2763745000,2448314000.0,315431000,1064180000,101348000,751535000,4629676000,209153000.0
TR,SASA,2020,10790195000,7903845000.0,2886350000,2782309000,4447945000,5040948000,3952541000.0,1088407000,312188000,428395000,1338235000,5864428000,0.0
TR,SASA,2021,22194163000,18031536000.0,4162627000,8984006000,9151729000,14644953000,10942436000.0,3702517000,697435000,2170396000,3903250000,8701243000,0.0
TR,SASA,2022,99974177000,59448367000.0,40525810000,24239033000,43448694000,61835185000,48872599000.0,12962586000,22753905000,1323309000,15024952000,51674000000,0.0
TR,SASA,2023,218127298000,124094671000.0,94032627000,41556619000,50839418000,66871472000,54302798000.0,12568674000,26265621000,7596108000,16431485000,119410103000,0.0
TR,SASA,2024,304078695484,145858146655.0,158220548829,34548734366,64866111110,63590827151,52298495942.0,11292331208,23926172659,2875474093,17262370901,193134154724,0.0
TR,SASA,2025,352759153843,182964915945.0,169794237898,32752359030,74272095852,58452651915,54530791702.0,3921860213,-24192942851,1183463305,16097783941,245682231808,0.0
TR,SAYAS,2013,48308888,14567687.0,33741201,32717546,13483433,42952182,34352320.0,8599862,3373819,5788054,13784270,14724410,
TR,SAYAS,2014,96980470,55411212.0,41569258,70118245,22968597,36705680,22198647.0,14507033,4802254,23092581,28688635,14152955,
TR,SAYAS,2015,164424316,110523442.0,53900874,106823023,92578433,127042890,84733264.0,42309626,9695645,4280658,57000502,29723328,
TR,SAYAS,2016,125747907,94409037.0,31338870,90707446,50107995,124146163,108672425.0,15473738,-18991573,2026169,56227390,17485205,0.0
TR,SAYAS,2017,94778007,61545237.0,33232770,65084905,50457433,50438800,32590914.0,17847886,726869,484163,24555758,15309128,0.0
TR,SAYAS,2018,50681277,33294371.0,17386906,30390944,22735835,36496686,28785494.0,7711192,-15810972,1175450,13587237,17414755,0.0
TR,SAYAS,2019,47675495,30983875.0,16691620,35919527,22097271,70384229,62683355.0,7700874,-517266,1158302,18853989,8857475,0.0
TR,SAYAS,2020,147257476,112125834.0,35131642,137176027,100360254,151666873,116183838.0,35483035,18668851,4801710,63837712,7017366,0.0
TR,SAYAS,2021,199617823,98196959.0,101420864,183907918,82609709,347937197,264694774.0,83242423,66476508,24653466,63417105,11477336,0.0
TR,SAYAS,2022,711423315,264014913.0,447408402,648476135,227156565,1211832570,848538377.0,363294193,145379184,148215766,173046315,44536398,0.0
TR,SAYAS,2023,1157319555,353943480.0,803376075,992601698,276835730,1317628970,980273561.0,337355409,174017343,43351054,270257991,139655242,0.0
TR,SAYAS,2024,1809677673,730584946.0,1079092727,1383344649,570000581,2195314938,1793541134.0,401773804,25580673,246844982,235588779,405285818,0.0
TR,SAYAS,2025,2158887399,803712450.0,1355174949,1475598454,571442441,2224474696,1680514823.0,543959872,169330316,235135047,521358656,588527051,0.0
TR,SDTTR,2019,201297041,131266511.0,70030530,160446249,96475634,157132776,86110900.0,71021876,41980336,35817739,70232367,8161983,11529412.0
TR,SDTTR,2020,320513931,225032202.0,95481729,255631311,142042957,297499715,190450080.0,107049635,71089037,30180617,104783335,8449940,45708910.0
TR,SDTTR,2021,376279551,166337017.0,209942534,325898783,130998796,442975323,260579521.0,182395802,114530541,98054275,126743882,6875764,0.0
TR,SDTTR,2022,1164481905,384200078.0,780281827,1025593980,311875857,913600638,542839885.0,370760753,113232273,361284003,294887128,27975207,0.0
TR,SDTTR,2023,3194493572,1207685449.0,1986808123,2866674839,1057708215,1646420445,958759238.0,687661207,465441880,362445586,1044234845,51861750,139045139.0
TR,SDTTR,2024,3768157640,1354237955.0,2413919685,3110799803,1230320438,2400134941,1837979505.0,562155436,12984785,844978002,1599608185,214561834,200482444.0
TR,SDTTR,2025,4566067240,1884501745.0,2681565495,3020276360,1697393800,2376662636,1778516863.0,598145774,33347109,394747077,1677543172,595832977,12414681.0
TR,SEGMN,2021,1290019290,251869835.0,1038149455,852758624,181873306,1180141814,953099673.0,227042141,16583199,102251000,385744712,362202878,0.0
TR,SEGMN,2022,1270988881,288760807.0,982228074,855933876,219901459,1480644113,1038320899.0,442323214,5785740,40590005,347252011,345185013,0.0
TR,SEGMN,2023,2660819964,599441353.0,2061378611,1084661641,293706478,2083486009,1332607966.0,750878043,19465900,155115600,356706538,1524746332,42557153.0
TR,SEGMN,2024,4785195447,629850646.0,4155344801,2326363228,405331583,2421230270,1913106585.0,508123685,228038022,165439863,593146003,2323509653,71280251.0
TR,SEGMN,2025,6085822037,521563259.0,5564258778,2189295624,456704720,3180401795,2407484193.0,772917602,333287163,129492441,999930643,3753645429,119386776.0
TR,SEGYO,2018,492446254,573986.0,491872268,175886401,569234,5670911,0.0,5670911,22573704,2515107,173249000,2840932,0.0
TR,SEGYO,2019,553415000,3115000.0,550300000,210186000,1512000,188663000,152494000.0,36169000,51728000,189332000,20755000,2353000,0.0
TR,SEGYO,2020,1109661714,427127099.0,682534615,187515544,99205256,47953560,31983992.0,15969568,126202043,73997632,0,22811283,0.0
TR,SEGYO,2021,1603391131,795946889.0,807444242,470594863,324153167,53020072,16131000.0,36889072,125468531,296705813,274846,26879616,0.0
TR,SEGYO,2022,4789886653,902677987.0,3887208666,647974058,273997574,195271339,32849129.0,162422210,1290305367,256269743,53967893,105677846,0.0
TR,SEGYO,2023,7855358677,1327999615.0,6527359062,1035048060,793160861,205395026,12384344.0,193010682,842930895,299105727,277727061,174141042,0.0
TR,SEGYO,2024,9149566777,1396638319.0,7752928458,498111074,527210071,624622245,530635229.0,93987017,-457737372,397087117,72373967,370750625,0.0
TR,SEGYO,2025,8070716611,923069982.0,7147646629,2453306131,336462285,469486757,1618645422.0,-1149158665,-1402163014,219852008,2186816879,159989549,0.0
TR,SEKUR,2013,36000091,16484453.0,19515638,23557428,11433771,28331930,23948338.0,4383592,-108615,6742927,7283129,11508901,
TR,SEKUR,2014,47267998,28183017.0,19084981,30724091,18563713,37093341,32370098.0,4723243,-431934,161402,11318383,15878695,
TR,SEKUR,2015,49300654,34339461.0,14961193,30068196,20582878,44841311,38066006.0,6775305,-4109086,2760073,12308189,17695957,
TR,SEKUR,2016,62379447,46525066.0,15854381,37637296,36358962,63994653,49913802.0,14080851,811019,1116599,15496852,22928911,0.0
TR,SEKUR,2017,88975042,56979762.0,31995280,47465206,37578300,86663763,68398319.0,18265444,3650566,1062342,17312786,40639646,0.0
TR,SEKUR,2018,164485798,104784250.0,59701548,76148122,64869280,129874876,107746346.0,22128530,-801367,10877678,18669167,88258794,0.0
TR,SEKUR,2019,179462103,109307065.0,70155038,84297176,64600608,150921718,124381812.0,26539906,2280098,6075246,23251963,94580194,0.0
TR,SEKUR,2020,227036329,141395062.0,85641267,104271753,100286829,189263895,157785090.0,31478805,-1984289,5825741,21555921,121359002,0.0
TR,SEKUR,2021,505079979,352688326.0,152391653,229868046,250148478,302297308,239242129.0,63055179,-7337564,5146076,78535534,273837015,0.0
TR,SEKUR,2022,752372022,553369234.0,199002788,366468921,336916636,587272782,504810322.0,82462460,15812738,40355743,135030829,382613621,0.0
TR,SEKUR,2023,974686320,688487578.0,286198742,389319254,470236915,657918575,565976615.0,91941960,-22045406,18474679,138505877,578747033,0.0
TR,SEKUR,2024,1661144462,1098276323.0,562868139,775251484,887288840,1520871386,1326930261.0,193941126,-21764097,13337571,244379436,873589869,0.0
TR,SEKUR,2025,1969771092,1351567440.0,618203652,1047826447,1171237144,1780849231,1516650192.0,264199039,-14717577,58290174,326855754,844149471,0.0
TR,SELEC,2013,3239328495,1799757146.0,1439571349,2972397477,1771538214,5238018212,4821838267.0,416179945,152325975,549845285,659361390,201212488,
TR,SELEC,2014,3388274856,1824974471.0,1563300385,3033134479,1793670158,6386429899,5934751853.0,451678046,165393334,253155251,733209733,290130107,
TR,SELEC,2015,3858358344,2147399422.0,1710958922,3414150891,2106847153,7480344550,6953811132.0,526533418,190698092,176620719,856720509,362483029,
TR,SELEC,2016,4410022816,2505076179.0,1904946637,3888329368,2453619211,8643408122,7981450887.0,661957235,243617158,210218198,943110432,420128791,42500000.0
TR,SELEC,2017,5167918296,3017990367.0,2149927929,4540505676,2947839964,10686329979,9866695177.0,819634802,301100132,217439028,1013044681,484512957,51543000.0
TR,SELEC,2018,6387198459,3917390081.0,2469808378,5653859541,3831423605,13467345526,12428436807.0,1038908719,391269928,190106835,1445257978,582550834,62100000.0
TR,SELEC,2019,8501160906,5410410255.0,3090750651,7680868991,5281850094,17808667101,16334135183.0,1474531918,694899587,1092525405,1758439925,639056794,62100000.0
TR,SELEC,2020,9986650330,6419124447.0,3567525883,9057710690,6287915912,21027099075,19490961819.0,1536137256,586798396,1283481599,2179891690,758599771,105578400.0
TR,SELEC,2021,12707988164,8341414509.0,4366573655,11675696126,8178814945,26214644330,24043363743.0,2171280587,922717606,1421595247,2320562665,847958918,105570000.0
TR,SELEC,2022,40169194796,24969932656.0,15199262140,33833568512,24470806485,85196585566,76316898166.0,8879687400,635706672,1496372074,8518627286,4788575307,638103922.0
TR,SELEC,2023,64653517558,42907236152.0,21746281406,55030056904,41460095920,141085577426,127854801529.0,13230775897,322287635,7139714278,11535204454,6977108727,320587739.0
TR,SELEC,2024,90834444080,60081193982.0,30753250098,78409149844,58941897217,168353228778,151318300143.0,17034928635,2694723458,4994928045,16413284850,9175506688,247124095.0
TR,SELEC,2025,89052160868,56070272783.0,32981888085,75761479228,54898472116,189281320375,173656967467.0,15624352908,-417935444,3252298188,18358335535,10089196511,315611775.0
TR,SELVA,2018,577391603,525381228.0,52010375,536605658,461117563,182331411,148701216.0,33630195,6175342,3901632,28140363,40039779,0.0
TR,SELVA,2019,712718098,655066291.0,57651807,666622501,504932085,154889492,142240781.0,12648711,377634,5577416,16766782,45490101,0.0
TR,SELVA,2020,400043881,310313359.0,89730522,172727916,166981604,236932168,186234925.0,50697243,33795155,39852709,36311898,189959998,0.0
TR,SELVA,2021,574721342,351519562.0,223201780,215782685,219340033,287143047,229875331.0,57267716,-10851292,85237558,66692446,319457340,0.0
TR,SELVA,2022,1589796240,520944787.0,1068851453,384493252,430020312,1198801811,1003018428.0,195783383,-77667416,78315679,219505771,589384477,0.0
TR,SELVA,2023,2654982000,889240000.0,1765742000,541471000,762288000,1992885000,1722979000.0,269906000,250802000,25417000,139232000,914288000,0.0
TR,SELVA,2024,3880865924,1518186090.0,2362679834,644144711,1129416239,1819799974,1530855158.0,288944816,45085863,20191451,129024495,1438349623,0.0
TR,SELVA,2025,4812943489,2056593527.0,2756349962,900229815,1511761545,2210654164,1829930587.0,380723577,-499544951,117658249,185923869,1850310026,0.0
TR,SERNT,2021,7182743003,8440008463.0,-1257265460,3515816114,2996388271,2772315027,1762027957.0,1010287070,-817636186,157911701,1958051787,3402647230,0.0
TR,SERNT,2022,7551720055,7586139390.0,-34419335,3688703006,3456527659,3921874880,2409491053.0,1512383827,1119689635,51888965,2123739317,3452699890,0.0
TR,SERNT,2023,8771174329,6151003166.0,2620171163,3564761660,2177433959,2840819478,1677961677.0,1162857801,1387402518,65131209,2363747590,5096182593,0.0
TR,SERNT,2024,12257968758,7872495348.0,4385473410,5355279861,3910727098,2701927669,1301159290.0,1400768379,838248361,24428105,3885543887,6716356067,0.0
TR,SERNT,2025,13725678035,8841696808.0,4883981227,6037425369,4202295271,3147398895,1943576770.0,1203822126,-1822709379,68271033,3678457191,7453071219,0.0
TR,SEYKM,2013,10623051,1597827.0,9025224,4894663,1171244,11851414,7783713.0,4067701,1891426,296786,1404017,5712338,
TR,SEYKM,2014,11852528,1893981.0,9958547,8199400,1619535,13204984,8761208.0,4443776,2492477,1127887,2322462,3033330,1541384.0
TR,SEYKM,2015,17723169,2786387.0,14936782,11321021,2356708,13329593,9577084.0,3752509,1741691,3420491,2183209,5771246,
TR,SEYKM,2016,23356229,6606292.0,16749937,16070711,5958553,14357545,9859367.0,4498178,2625539,4194962,2434611,7139281,0.0
TR,SEYKM,2017,22713987,2487094.0,20226893,15038147,1874078,17043500,12109650.0,4933850,1874225,3907236,4081303,7353037,0.0
TR,SEYKM,2018,26259038,3403188.0,22855850,15302298,2691638,24014440,17902798.0,6111642,2629590,832265,5514638,6995964,0.0
TR,SEYKM,2019,37059424,9424899.0,27634525,25948092,8573854,33044171,23175734.0,9868437,4805101,2339081,8221204,8135424,0.0
TR,SEYKM,2020,71956688,24071110.0,47885578,58417196,14813258,52900792,34718459.0,18182333,20196676,4723253,9441869,12598181,0.0
TR,SEYKM,2021,94704352,22465622.0,72238730,76542315,15154794,60194381,37735865.0,22458516,24338154,18071426,16388222,16379963,0.0
TR,SEYKM,2022,384533165,102595967.0,281937198,309374766,60495484,212941077,115181569.0,97759508,51052532,37959528,91308498,72566666,0.0
TR,SEYKM,2023,408697353,73714701.0,334982652,271581697,38446266,283055667,198200410.0,84855257,-73781014,13971877,117455233,129557157,0.0
TR,SEYKM,2024,570484160,36060587.0,534423573,389982560,31262545,300392086,241507115.0,58884970,-45252767,10159294,79475975,161880925,0.0
TR,SEYKM,2025,640015928,95293974.0,544721954,470529055,60673614,266525241,185770923.0,80754318,-43436333,11227821,106149910,157002700,0.0
TR,SILVR,2013,79569397,51171929.0,28397468,58982719,49788595,128009326,113729428.0,14279898,1659595,119559,9491298,17530514,
TR,SILVR,2014,79905867,42612096.0,37293771,58671330,39743423,135433252,116330513.0,19102739,9815105,322110,16228315,19115031,0.0
TR,SILVR,2015,71418952,35513934.0,35905018,42996947,34578340,141917759,129135457.0,12782302,-340494,846993,12616720,27432386,
TR,SILVR,2016,90264639,52312445.0,37952194,48157932,39233350,161006631,150760709.0,10245922,2069221,55255,14649336,40820933,0.0
TR,SILVR,2017,115237313,63156113.0,52081200,69589217,54573217,233210084,208187075.0,25023009,14214905,1169413,18146035,42919850,0.0
TR,SILVR,2018,141514812,91640810.0,49874002,82386574,70757743,283917753,262690335.0,21227418,-2005524,11166603,21571324,55344414,0.0
TR,SILVR,2019,196468958,153736618.0,42732340,116574037,114726979,347898922,331631259.0,16267663,-6372877,466800,30002054,68464282,0.0
TR,SILVR,2020,287763602,234932782.0,52830820,198550523,207109862,558866638,519484478.0,39382160,10929355,4156778,59531537,69219404,0.0
TR,SILVR,2021,467121534,425096931.0,42024603,351304965,406773242,977447499,887619992.0,89827507,-8041575,8301273,147593728,78721240,0.0
TR,SILVR,2022,1577601851,1136208817.0,441393034,942054428,1001006777,3226542447,3170361991.0,56180456,154219994,50377792,328312419,433978703,0.0
TR,SILVR,2023,1695785445,1113956265.0,581829180,785831153,997459712,2857259038,2856008540.0,1250498,-36537442,1195299,353616475,589434442,0.0
TR,SILVR,2024,2913085257,1060422900.0,1852662357,694141271,767455567,2579295425,2324555421.0,254740004,61118552,6382248,335907846,2013787633,0.0
TR,SILVR,2025,3011784092,1251105935.0,1760678157,740809268,870325663,2011531709,1860784050.0,150747659,-271262735,4651147,310131288,2045005765,0.0
TR,SISE,2013,11482628996,4867327729.0,6615301267,4686223346,1839569688,5954193854,4460494581.0,1493699273,454015444,1953138390,1243774349,5446561260,87277834.0
TR,SISE,2014,12349786889,5110527324.0,7239259565,5656766119,1901844461,6875894376,5003480957.0,1872413419,419776595,2775445357,1421943738,5207158718,91469494.0
TR,SISE,2015,15662862938,6160326613.0,9502536325,6569648490,2311113064,7415128590,5236172104.0,2178956486,804866447,3144342101,1669185184,7347837880,110617298.0
TR,SISE,2016,19152497000,7822873000.0,11329624000,7690201000,3584095000,8569464000,5891553000.0,2677911000,1040028000,3205423000,1959873000,8633326000,340784000.0
TR,SISE,2017,21307493000,8245078000.0,13062415000,8366087000,3772592000,11318495000,7688153000.0,3630342000,1736956000,3438587000,2141174000,9199542000,374039000.0
TR,SISE,2018,27808641000,11095655000.0,16712986000,10314397000,6005159000,15550314000,10389363000.0,5160951000,3365897000,3164017000,3006188000,12177322000,456809000.0
TR,SISE,2019,38750838000,19617453000.0,19133385000,17241254000,8191171000,18058686000,12179031000.0,5879655000,2700319000,8368913000,3831439000,14684667000,619906000.0
TR,SISE,2020,44228036000,21736803000.0,22491233000,21216994000,8238478000,21340686000,14679283000.0,6661403000,2824571000,9354964000,4180755000,16240518000,518673000.0
TR,SISE,2021,92260701000,39331476000.0,52929225000,36086743000,19197635000,32057875000,20877579000.0,11180296000,9131288000,12810775000,8100964000,33132654000,532278000.0
TR,SISE,2022,288985246000,115534878000.0,173450368000,123998304000,58609480000,170655164000,116072653000.0,54582511000,24033133000,41596612000,34410893000,104777102000,4666744000.0
TR,SISE,2023,420638287000,179913319000.0,240724968000,162943346000,96332368000,219447449000,159076738000.0,60370711000,27469073000,54517346000,47514615000,168404821000,7466994000.0
TR,SISE,2024,522296430431,249895864414.0,272400566017,175668391542,104153261654,242922057265,187914715782.0,55007341483,6862505476,70235547425,55597483945,227921518894,5208964938.0
TR,SISE,2025,557829384483,261536218455.0,296293166028,155700035632,123581712647,247069931866,178862723005.0,68207208862,10502569297,41975349337,55810340981,268545704557,2897554606.0
TR,SKTAS,2013,478230353,351115676.0,127114677,129059205,193811832,196504951,150407296.0,58756576,-55824221,7614775,61415998,278921510,
TR,SKTAS,2014,425584838,339749693.0,85835145,123315470,194185817,229815147,173529580.0,67994460,-44288238,16857617,55667587,237234519,
TR,SKTAS,2015,435712072,371989065.0,63723007,122026254,193452508,232181596,175726655.0,75042176,-25510143,2705457,55146739,235634686,
TR,SKTAS,2016,567662425,445269367.0,122393058,136133303,226876963,275308924,217349377.0,78159723,-31240576,6753374,62715148,341216877,0.0
TR,SKTAS,2017,590884308,497581872.0,93302436,152574051,185897225,322651533,254612283.0,89490749,-43621770,8953066,68737180,336587175,0.0
TR,SKTAS,2018,782992382,652674731.0,130317651,197420643,324667408,373898521,282871339.0,128249860,-76162571,12568628,86784133,457038560,0.0
TR,SKTAS,2019,582259559,520317521.0,61942038,144941827,257617749,306487757,259481108.0,83110950,-14366039,16969185,66910488,294853052,0.0
TR,SKTAS,2020,803126422,619780613.0,183345809,190029982,347556315,254933339,191980126.0,107156813,-48697122,41232788,75218900,439672001,0.0
TR,SKTAS,2021,1345901520,854970950.0,490930570,310754818,547353832,391935090,258772973.0,231712200,9747816,45192332,148387885,790702691,0.0
TR,SKTAS,2022,3595186632,2100948019.0,1494238613,979935337,1475598554,1567355052,1283282771.0,175636,-1228304866,73413329,495517036,2193533386,0.0
TR,SKTAS,2023,4853450982,2486805387.0,2366645595,1168023808,1567831028,1928925784,1375059965.0,553865819,-36994434,127040372,636690686,3434456629,0.0
TR,SKTAS,2024,4135147820,1949740824.0,2185406996,1023335118,1213191607,2343005357,1922712032.0,420293325,-607541909,55575927,689844001,3082546076,0.0
TR,SKTAS,2025,4568255659,2085627237.0,2482628422,1037414251,1356183132,1967689367,1616617033.0,351072334,-263581223,85093575,613176487,3498065774,0.0
TR,SKYLP,2013,10059320,1949259.0,8110061,7220130,1482073,15180452,10548508.0,4631944,1080246,3452855,80500,299978,
TR,SKYLP,2014,11137471,2784664.0,8352807,8019097,2365519,15242213,8832958.0,6409255,964169,3478355,87500,686610,
TR,SKYLP,2015,12312300,3273168.0,9039132,7964685,2797866,17652289,11837237.0,5815052,1366490,3931230,110500,646846,
TR,SKYLP,2016,11728233,3928348.0,7799885,4578910,3649269,16512688,11408293.0,5104395,31737,215489,71500,567425,407290.0
TR,SKYLP,2017,10924013,4699465.0,6224548,4024635,4160419,14436789,9590636.0,4846153,-1358373,508511,70000,388419,6485.0
TR,SKYLP,2018,13444206,1984952.0,11459254,10967312,1623990,9364041,5879332.0,3484709,2257319,956279,8644,69924,0.0
TR,SKYLP,2019,15140125,2512713.0,12627412,11886633,1745986,13262342,9531438.0,3730904,33565,332427,0,454384,0.0
TR,SKYLP,2020,20156802,4877607.0,15279195,15530726,3046402,18679927,11763478.0,6916449,2192499,4453590,0,989231,0.0
TR,SKYLP,2021,39759045,20459179.0,19299866,17954348,18444153,29298852,15071349.0,14227503,3650048,3478411,0,708539,0.0
TR,SKYLP,2022,153407618,34867972.0,118539646,72092764,31541676,76728390,33972987.0,42755403,19012726,4491842,0,10080341,0.0
TR,SKYLP,2023,250664404,34026973.0,216637431,138519798,29120623,151226853,53760169.0,97466684,52365472,8900042,0,8820281,0.0
TR,SKYLP,2024,361204538,76439677.0,284764861,149825511,72147448,218173359,69495324.0,148678035,-7329648,3400592,0,8791442,0.0
TR,SKYLP,2025,406633615,126350673.0,280282942,163265525,114233785,247541718,77767315.0,169774403,-28989944,2926996,0,5424457,0.0
TR,SMART,2016,24412301,10583409.0,13828892,9128325,9409798,16288656,5322944.0,10965712,4822804,2812588,734000,647310,0.0
TR,SMART,2017,30610101,11753004.0,18857097,8848672,9919949,21383489,6337037.0,15046452,5472538,1410062,1943,454015,552941.0
TR,SMART,2018,43688226,16077816.0,27610410,14499560,13025421,23779843,5460842.0,18319001,6068718,1739834,1180932,637800,0.0
TR,SMART,2019,73408540,11710516.0,61698024,21433322,7540462,27103878,7997704.0,19106174,7822582,4628316,1029092,602101,0.0
TR,SMART,2020,81320478,16105637.0,65214841,23358787,11124563,27203245,9279443.0,17923802,3739410,4467106,335930,299917,0.0
TR,SMART,2021,93292733,24387921.0,68904812,26822392,19466132,36364651,15718849.0,20645802,3813732,5229639,0,675373,0.0
TR,SMART,2022,247709031,61433405.0,186275626,64198017,52877900,107208274,21329294.0,85878980,-45125540,3538428,174890,2421267,0.0
TR,SMART,2023,434907510,101902218.0,333005292,131654428,96135157,241993605,46880587.0,195113018,64937446,1609942,0,3028226,0.0
TR,SMART,2024,585848286,132660462.0,453187824,109983181,126036524,265372233,47958485.0,217413748,16121153,1282000,12848263,3986848,0.0
TR,SMART,2025,690651715,220795454.0,469856261,86919000,216972509,220212772,65123937.0,155088835,-22444260,9987818,24423,3288198,0.0
TR,SMRTG,2018,287286127,281059474.0,6226653,237314622,140886134,318903102,310827762.0,8075340,-2912631,2698616,42642100,43305076,0.0
TR,SMRTG,2019,396553418,379807302.0,16746116,334871701,290704008,401776810,312418668.0,89358142,10593246,8323197,53295307,40105625,0.0
TR,SMRTG,2020,578057933,504031615.0,74026318,500880569,439247657,579697636,459117786.0,120579850,57741901,25869747,82967102,56275474,0.0
TR,SMRTG,2021,818331763,617720201.0,200611562,712656851,579082290,846114782,711568123.0,134546659,84345294,23734489,98969813,82705278,0.0
TR,SMRTG,2022,4294263789,2862115352.0,1432148437,3641419864,2667816199,3973288754,3366948871.0,606339883,69836661,395846957,780942940,526696474,0.0
TR,SMRTG,2023,15232958707,12160060152.0,3072898555,10286230998,9233794679,11684945071,9017857159.0,2667087912,1497809565,847117786,2848354160,2781973611,0.0
TR,SMRTG,2024,22856836969,18257342410.0,4599494559,13936850291,14752851906,15285067162,12308065023.0,2977002139,568011629,612635223,2957400879,6965773643,0.0
TR,SMRTG,2025,27892703293,22804749132.0,5087954161,14703846619,18858667174,11643352051,8851413621.0,2791938429,-490320836,1729798772,2538290541,11659562233,0.0
TR,SNGYO,2013,2255610870,1184253622.0,1071357248,1294727995,806545662,523593296,387851235.0,135742061,18545007,59995088,623396323,22213441,
TR,SNGYO,2014,1979481563,825953753.0,1153527810,923080117,356535776,704374929,555093836.0,149281093,89466839,78494970,377955976,20059631,
TR,SNGYO,2015,2001837323,953264496.0,1048572827,802620933,399059102,257445983,215738326.0,41707657,-52220536,119059570,309605920,13881152,39736000.0
TR,SNGYO,2016,2208747884,1213295371.0,995452513,882808565,332022774,303522495,257212141.0,46310354,-81529324,20521910,481012217,12721135,0.0
TR,SNGYO,2017,4054048485,3207665816.0,846382669,2352327415,1058233931,904279440,732087672.0,172191768,-242615040,37020205,1474300212,14798387,0.0
TR,SNGYO,2018,4998215999,4648475577.0,349740422,2638849352,1378325313,398573820,317982762.0,80591058,-196167747,8001399,1520174989,22313433,40000000.0
TR,SNGYO,2019,5270275332,4707607546.0,562667786,2735896980,1907430891,1697294898,1155394661.0,541900237,216349683,69748254,1716529874,18128585,0.0
TR,SNGYO,2020,5806621979,5094147890.0,712474089,2538027684,2300036746,1988371425,1211649151.0,776722274,148240228,70613039,1481749415,16344374,0.0
TR,SNGYO,2021,10201036321,5931210942.0,4269825379,3258597196,1100933341,2123440868,1111622913.0,1011817955,3481065296,182152173,1297035835,14308950,0.0
TR,SNGYO,2022,30313907458,9663638297.0,20650269161,5797415124,2383923093,2351772117,1802909197.0,548862920,3526196906,43378971,4781052860,40981786,0.0
TR,SNGYO,2023,47270334291,10538911060.0,36731423231,9699964082,1848981903,2456346351,1201935899.0,1254410452,6916042500,370399714,7351788377,48783254,0.0
TR,SNGYO,2024,60187748858,13122761020.0,47064987838,10745130963,2553715047,4479072693,3203662318.0,1275410375,641989081,126812339,7869165681,56244824,0.0
TR,SNGYO,2025,70363349894,18443875825.0,51919474069,12559592706,4834893393,3835488834,2734453994.0,1101034840,128063622,83101460,9100399193,54397320,0.0
TR,SNICA,2019,384181144,200215282.0,183965862,322584236,124708332,290418235,197187336.0,93230899,48626500,16090208,137913700,60966395,0.0
TR,SNICA,2020,563749129,361052646.0,202696483,494687152,295333173,372448491,249993396.0,122455095,69813781,105336960,200244950,68671418,0.0
TR,SNICA,2021,968526927,642173885.0,326353042,716491701,547912146,713027375,479958042.0,233069333,79538985,6145493,382825902,239457031,0.0
TR,SNICA,2022,4015616701,1860129065.0,2155487636,3213502583,1574203584,2546091185,1796988072.0,749103113,196617382,901263023,780026506,760448133,0.0
TR,SNICA,2023,5133322792,1690370313.0,3442952479,3645588747,1335447631,3198155396,2124100067.0,1074055329,526514159,77536631,2050348798,1464680073,0.0
TR,SNICA,2024,6126712271,2627769506.0,3498942765,4223819404,2498448821,3290353317,2517081171.0,773272146,-753303263,23105381,2038763493,1847486029,0.0
TR,SNICA,2025,9179465858,3947404751.0,5232061107,4113662880,2908354280,3681931623,3199834017.0,482097606,-946229121,51944428,2097510432,5063971717,0.0
TR,SNPAM,2013,86631857,3784967.0,82846890,30841349,3525788,24504020,17980140.0,6523880,6582778,19014780,2991689,4818652,
TR,SNPAM,2014,94284837,4416577.0,89868260,29521732,3863172,26433873,17988620.0,8445253,7019429,19245727,3950197,4643051,
TR,SNPAM,2015,107145965,4618581.0,102527384,39354820,3945154,29087376,18082623.0,11004753,12680032,22616050,5541299,3736321,
TR,SNPAM,2016,122230422,6365564.0,115864858,39346432,5554090,36097234,25132046.0,10965188,13351111,20109495,4666447,4995158,0.0
TR,SNPAM,2017,131190147,6775124.0,124415023,23641478,5453507,41678685,29692562.0,11986123,12699246,1086597,9176859,8004507,0.0
TR,SNPAM,2018,149770507,56097829.0,93672678,37477387,16378153,53341472,34577566.0,18763906,8389904,7634369,9540719,13200803,0.0
TR,SNPAM,2019,195724260,56757892.0,138966368,34049464,21001467,67974598,51118020.0,16856578,34177623,8378715,13165966,60582191,0.0
TR,SNPAM,2020,202523410,57208006.0,145315404,39783135,20634610,72546102,48179533.0,24366569,6665353,19808835,11950659,56014075,0.0
TR,SNPAM,2021,286369495,52382058.0,233987437,76894272,22387939,166068714,111362726.0,54705988,85671330,34202237,21266977,56491066,0.0
TR,SNPAM,2022,1181322984,190469824.0,990853160,345166315,89384850,653341072,547292124.0,106048948,-93484469,99212180,65265871,257247768,0.0
TR,SNPAM,2023,6433007646,689469289.0,5743538357,349161199,159728680,758636786,700164233.0,58472553,160879172,54513522,104725078,1129974938,0.0
TR,SNPAM,2024,8610179051,986157968.0,7624021083,431221684,173003900,1029105310,934167384.0,94937926,114190689,76299297,100420799,1447868808,0.0
TR,SNPAM,2025,9225494015,1218998365.0,8006495650,427852152,137870783,939629858,924462658.0,15167200,-372164533,58265635,155726405,1598785386,0.0
TR,SODSN,2013,23979145,3410874.0,20568271,12869562,1124551,20498929,17494483.0,3004446,1417205,6479269,1623890,10065412,
TR,SODSN,2014,23886000,4016521.0,19869479,13175139,1385851,16540004,14492226.0,2047778,528536,10615827,1517703,9462292,
TR,SODSN,2015,25081434,4212248.0,20869186,14215511,1780158,18677290,15183174.0,3494116,1858337,9912727,1754496,8977247,
TR,SODSN,2016,27695196,5622605.0,22072591,16009071,2842124,22371596,17283688.0,5087908,3174135,9048057,2154925,9557858,1716670.0
TR,SODSN,2017,28810631,5745382.0,23065249,17900714,3061134,24026931,18449088.0,5577843,3624994,10329799,3159534,8722466,2912850.0
TR,SODSN,2018,34226123,7150462.0,27075661,22399556,3682495,30845928,21280018.0,9565910,7769989,14847472,5204447,9309910,3213741.0
TR,SODSN,2019,41600207,9866793.0,31733414,28790174,5399525,46017033,31633901.0,14383132,11443762,22440892,4667640,9758332,6509800.0
TR,SODSN,2020,50493321,19256668.0,31236653,37078471,12755773,44309821,30433933.0,13875888,10139780,29920882,4959805,10055543,2447431.0
TR,SODSN,2021,64738907,20109509.0,44629398,48585459,12041587,62171080,40358635.0,21812445,22238124,37578766,5491873,12409936,15843862.0
TR,SODSN,2022,165934014,60296723.0,105637291,114917534,33134605,250994381,189054318.0,61940063,25247104,66566657,20147823,42398909,41030555.0
TR,SODSN,2023,236768615,64864354.0,171904261,156621623,40481588,300423841,206808787.0,93615054,61984990,82527401,36171915,56739379,32668011.0
TR,SODSN,2024,292723833,71632866.0,221090967,208152886,45364337,301843840,240260894.0,61582945,-259647,117496397,66048324,68750952,0.0
TR,SODSN,2025,296679545,82454042.0,214225503,212260968,55866227,318044353,307983421.0,10060932,-44362943,105515715,77783207,69428593,0.0
TR,SOHOE,2023,3385937949,1736655090.0,1649282859,1272849817,866043365,2045896834,1635450674.0,410446160,67413780,103079857,493322368,2069976190,0.0
TR,SOHOE,2024,4181149069,1838694681.0,2342454388,2291838972,1273145609,2653335646,2120534263.0,532801383,84231664,71993261,1105489530,1823387728,0.0
TR,SOHOE,2025,5056881289,2625137854.0,2431743435,2619023592,1865596420,3010469819,2021821305.0,988648514,49364211,64899297,1044406523,2009634812,0.0
TR,SOKE,2019,228160834,154540723.0,73620111,133295809,127072088,418808524,364576846.0,54231678,-5939232,26314781,29815367,43555541,0.0
TR,SOKE,2020,262301148,178698009.0,83603139,173944440,160816487,566320227,488687122.0,77633105,10075392,45117068,41587765,41094395,0.0
TR,SOKE,2021,412764059,249886461.0,162877598,251067024,230349462,773165273,683051144.0,90114129,12860043,45035333,57311187,116337019,0.0
TR,SOKE,2022,2512602706,889102311.0,1623500395,1357594725,761295526,4732992940,4034267590.0,698725350,308047101,565033059,290344254,838114427,0.0
TR,SOKE,2023,4681924837,1254483796.0,3427441041,1977296390,1016607906,7572040406,6506664212.0,1065376194,-151372902,630651779,419411182,1966787882,206497492.0
TR,SOKE,2024,6553420407,2106855547.0,4446564860,2495730682,1352770591,7153280073,6348326160.0,804953913,-355946735,827969617,392606840,3094455062,0.0
TR,SOKE,2025,7279661068,2980904095.0,4298756973,3188246892,1952146170,8293572511,7666564512.0,627007999,-392368710,941695225,427153710,3050069088,0.0
TR,SOKM,2015,1784140026,2667956021.0,-883815995,763473401,2522357190,5071943474,4160912067.0,911031407,-372636019,32794413,418182386,344086138,0.0
TR,SOKM,2016,2226303253,3756971144.0,-1530667891,942433920,3526194001,6726102717,5401535657.0,1324567060,-374761086,60831032,503380085,607626432,0.0
TR,SOKM,2017,2610281835,4795251677.0,-2184969842,1078020154,4493589459,8920324690,6865792278.0,2054532412,-433971341,92091962,636247122,849530114,0.0
TR,SOKM,2018,3261931527,2998942504.0,262989023,1315334721,2845118009,12060771860,9126780915.0,2933990945,67034536,354087758,872461203,977595003,0.0
TR,SOKM,2019,5707800914,5734665737.0,-26864823,1860432013,4290295414,16051963222,12311478936.0,3740484286,-298329722,431286166,1329732797,1100702403,0.0
TR,SOKM,2020,7761829776,7507931898.0,253897878,3377045204,5746230609,21353835397,16318273326.0,5035562071,271911626,1149089432,2090253657,1352693035,0.0
TR,SOKM,2021,9734829839,9238940001.0,495889838,4369754981,7065781281,28411812112,21767673133.0,6644138979,318923675,1343778022,2849358576,1828765126,77139925.0
TR,SOKM,2022,46787610957,28936829774.0,17850781183,20051823531,22710912202,112384820331,89633316182.0,22751504149,6954039535,1415532224,15715394092,9353261729,0.0
TR,SOKM,2023,76983520651,48019872534.0,28963648117,36698856591,35473527226,193155221661,155158908476.0,37996313185,6135447873,6082019017,26509370431,13956124002,616676784.0
TR,SOKM,2024,98877955357,61148765653.0,37729189704,42885097419,49163908006,264629947407,216258496064.0,48371451343,80162843,7568658571,31064358978,21213466557,2309882340.0
TR,SOKM,2025,116278223304,77255919057.0,39022304247,52168742256,60566764521,306804878486,243790856441.0,63014022045,-2121801948,10260287258,38710284905,24433682112,0.0
TR,SONME,2013,49582404,664279.0,48918125,8498208,635616,2873776,1171987.0,1701789,2365366,7368027,597128,5471658,
TR,SONME,2014,54920854,837299.0,54083555,8906324,771736,3504078,284048.0,3220030,5182292,8049577,541373,4772513,
TR,SONME,2015,59141838,392151.0,58749687,9426548,329135,4111339,290304.0,3821035,4687040,8372785,690955,4060399,
TR,SONME,2016,64194435,891763.0,63302672,4892000,809047,4233715,236471.0,3997244,4561578,3121784,689880,3497093,0.0
TR,SONME,2017,75732934,649832.0,75083102,4141261,594058,5457668,243945.0,5213723,11765387,3105765,464985,2834276,0.0
TR,SONME,2018,25099823,1667208.0,23432615,2832155,1608284,6413085,259813.0,6153272,-12297240,1124322,464985,2508205,4373070.0
TR,SONME,2019,223381365,21054680.0,202326685,767488,4494581,6265857,0.0,6265857,21919538,87755,464985,392092,0.0
TR,SONME,2020,257608310,19866688.0,237741622,2237909,1853185,7394094,0.0,7394094,33685741,1803142,0,255426,0.0
TR,SONME,2021,287587551,19561041.0,268026510,1176857,1540482,9547390,0.0,9547390,29156238,536159,0,1451210,0.0
TR,SONME,2022,860214008,52111830.0,808102178,11861213,11193158,29328393,0.0,29328393,-18153113,6113112,0,7581344,0.0
TR,SONME,2023,3861341923,532359936.0,3328981987,17538563,27265443,45798337,0.0,45798337,174226141,1281779,0,13845134,0.0
TR,SONME,2024,5236339893,606220321.0,4630119572,75398163,28612122,60706115,0.0,60706115,270893575,67437568,0,14202968,0.0
TR,SONME,2025,5472058974,678638049.0,4793420925,117251710,8954724,66695250,0.0,66695250,-247642099,106471172,0,13659533,0.0
TR,SRVGY,2013,353436449,161885900.0,191550549,30087317,158212355,12234241,2221090.0,10013151,1559765,9382543,0,50423,
TR,SRVGY,2014,404399794,176228815.0,228170979,25504941,164574584,27908480,9449036.0,18459444,38003636,4567582,0,448060,
TR,SRVGY,2015,520492639,228854542.0,291638097,47303067,55329819,37074274,12648281.0,24425993,61073547,8676396,0,385482,
TR,SRVGY,2016,598234865,264771878.0,333462987,37653399,65899415,57413410,20636152.0,36777258,46976682,20050022,0,515017,0.0
TR,SRVGY,2017,765347261,339969107.0,425378154,57721881,83012594,77099029,22824205.0,54274824,75379537,23283483,0,352940,0.0
TR,SRVGY,2018,982982537,488249967.0,494732570,81820390,164516011,100495771,38537911.0,61957860,56734080,4136799,0,221554,0.0
TR,SRVGY,2019,1130380497,569649054.0,560731443,94562889,165463507,96129262,35499366.0,60629896,52840821,9656422,0,188911,2768016.0
TR,SRVGY,2020,2633369710,945941109.0,1687428601,1470437283,474751813,1306523519,201522604.0,1105000915,965777999,36463678,0,59858052,0.0
TR,SRVGY,2021,5242516560,2249050954.0,2993465606,729579802,1171691821,414235386,230932352.0,183303034,688595194,541534830,0,2982155,0.0
TR,SRVGY,2022,17028887066,4005993577.0,13022893489,387804133,1460251231,1578186763,571763733.0,1006423030,4717882974,11797276,0,10540598,0.0
TR,SRVGY,2023,27601119185,5502495385.0,22098623800,880228374,2075892706,1423395375,421585994.0,1001809381,7279709509,165044804,0,21728027,0.0
TR,SRVGY,2024,43629120872,11233982467.0,32395138405,754087730,2757953639,1670465731,598746171.0,1071719560,4782989882,38740687,39162366,24360238,0.0
TR,SRVGY,2025,54487102590,13374356230.0,41112746360,4937732463,1360656478,4434777585,1312316694.0,3122460891,4429097508,18954005,3387698084,24035473,0.0
TR,SSAAT,2023,8191243911,5801033839.0,2390210072,6514463669,5337472590,10579682706,3979610915.0,6600071791,2095966403,1215542457,2848180343,204867571,402947812.0
TR,SSAAT,2024,8837209255,5466075101.0,3371134154,7302050963,4887411764,11541853030,4777708680.0,6764144350,1232542729,1184817326,3251152412,291679291,0.0
TR,SSAAT,2025,9416872826,5698813653.0,3718059173,7977300569,5165917175,13009623050,5315837065.0,7693785985,1529903884,1699060430,3547246606,439464537,1189668253.0
TR,SUMAS,2013,9825128,5442430.0,4382697,5938683,4586692,23706184,18384987.0,5321197,1279886,1016606,2265403,3361159,0.0
TR,SUMAS,2014,12519560,5502885.0,7016675,8375067,4265860,22441393,16951543.0,5489850,2633978,2300806,2787426,3477351,0.0
TR,SUMAS,2015,15505504,8950029.0,6555475,9966386,7577336,24907236,21252892.0,3654344,1038799,2723630,2711365,5021085,0.0
TR,SUMAS,2016,18446814,10328887.0,8117927,12505293,8776385,27942072,22545210.0,5396862,2476030,4493569,4374254,5312001,0.0
TR,SUMAS,2017,25267799,11232935.0,14034864,18846398,9530796,39244140,28462164.0,10781976,7114591,13521307,3457338,5778825,0.0
TR,SUMAS,2018,35248318,8179437.0,27068881,26522453,5990903,53915130,33781641.0,20133489,14760905,14291078,9718569,7847780,0.0
TR,SUMAS,2019,44951176,8628922.0,36322254,33961349,5598837,59959042,43905022.0,16054020,11297233,21170117,9394065,10075135,0.0
TR,SUMAS,2020,63027671,18316114.0,44711557,51885749,13903452,66855932,50532738.0,16323194,10861229,32300702,12305901,9946054,2178539.0
TR,SUMAS,2021,115652994,27595793.0,88057201,87576754,23077187,130301035,72763307.0,57537728,44563842,64395109,17000115,21681219,0.0
TR,SUMAS,2022,356756604,74741561.0,282015043,238080297,67101441,434048518,296888881.0,137159637,-103634854,115330687,87024267,112124425,24096029.0
TR,SUMAS,2023,485055011,120469747.0,364585264,310511801,94249164,617528712,438147483.0,179381229,-110800703,171711152,115050579,172646570,21050549.0
TR,SUMAS,2024,665465324,165835407.0,499629917,374800538,144977148,606712745,514394444.0,92318302,18475058,141606379,202974945,269078084,0.0
TR,SUMAS,2025,727404695,172746913.0,554657782,397266275,142965490,694014029,547354198.0,146659831,17686290,180203398,202994307,325992874,16513678.0
TR,SUNTK,2019,657804861,443428307.0,214376554,335570358,281174977,1324903967,1139762711.0,185141256,78595973,109019807,97411652,235224232,20043148.0
TR,SUNTK,2020,1009175491,693721191.0,315454300,636449426,537194601,1307549301,1056432435.0,251116866,98250347,345194730,115955542,251427259,21073092.0
TR,SUNTK,2021,1823997242,1302535856.0,521461386,1340037379,1053165392,2226130217,1721342822.0,504787395,211593127,498868286,384001846,316635744,44705882.0
TR,SUNTK,2022,4770883786,1915967624.0,2854916162,3001595887,1536086293,7574904395,6040558685.0,1534345710,615757421,1058763382,1025186468,1198312965,215953746.0
TR,SUNTK,2023,8168656150,3408475435.0,4760180715,4475342818,2744857132,11164588239,8790323082.0,2374265157,349569657,878379789,1454876288,2675079648,187116932.0
TR,SUNTK,2024,12159414231,5070992570.0,7088421661,6332551684,4011437443,16030838475,12699681154.0,3331157320,1182898749,1108122387,1950404446,3980284578,309486771.0
TR,SUNTK,2025,13969204873,6037509163.0,7931695710,6865309152,4637677079,14353220446,11327453074.0,3025767372,766401168,921223679,1661025565,4513675669,626882966.0
TR,SURGY,2022,3305331325,500686331.0,2804644994,322234426,48139733,0,0.0,0,458910189,1365267,0,280051,0.0
TR,SURGY,2023,8334949253,1344515179.0,6990434074,2351708087,67963716,0,0.0,0,1312528055,661941496,0,66652308,0.0
TR,SURGY,2024,13037262460,4958628560.0,8078633900,3099750347,169954464,0,0.0,0,430319782,71407782,0,85111451,0.0
TR,SURGY,2025,14151521913,4181503519.0,9970018394,2561810929,121462217,0,0.0,0,1074707552,43642711,0,64772083,0.0
TR,SUWEN,2019,110334819,111156164.0,-821345,40305761,56273129,114542566,42395573.0,72146993,59666,3586832,29188686,16312836,0.0
TR,SUWEN,2020,158550963,142708648.0,15842315,76014550,90353855,149625345,57046929.0,92578416,1481529,14271161,46649971,19923829,0.0
TR,SUWEN,2021,263759020,205105398.0,58653622,148983841,145185643,359858381,144835431.0,215022950,42923821,10181882,103806642,30642884,0.0
TR,SUWEN,2022,1343814870,655895246.0,687919624,848206945,510395915,1757058244,828701373.0,928356871,224228568,205606105,536536344,143883127,0.0
TR,SUWEN,2023,2114643626,917717443.0,1196926183,1160967651,595715318,3614571774,1741111901.0,1873459873,276576953,265608435,719268962,290540775,50794275.0
TR,SUWEN,2024,3449796249,1804160447.0,1645635802,2130331537,1327686441,5704435357,2665515596.0,3038919761,304086934,299512055,1550754783,384416271,81147670.0
TR,SUWEN,2025,4389048290,2576208801.0,1812839489,2308369750,1800613372,6552093542,3195443424.0,3356650117,122241605,192502206,1804474153,623257677,88913517.0
TR,SVGYO,2022,2509250943,557615237.0,1951635706,230,17264154,0,0.0,0,0,0,0,0,
TR,SVGYO,2023,4216579328,499327464.0,3717251864,8917466,18680299,45641234,0.0,45641234,559022983,2307604,0,101978,0.0
TR,SVGYO,2024,4181718703,910624456.0,3271094247,237962314,96516270,81467920,0.0,81467920,-95594411,215586720,0,3100183,0.0
TR,SVGYO,2025,4818931568,1361660882.0,3457270686,155401195,47955300,88422469,0.0,88422469,-142246933,49448623,0,2709774,0.0
TR,TABGD,2020,2056036881,2427397163.0,-371360282,515613833,1534088645,2167306436,2020290734.0,147015702,-310111734,121994365,38312153,824528049,0.0
TR,TABGD,2021,2743598064,2871250989.0,-127652925,422756159,1531472858,3834030729,3219098651.0,614932078,-130490984,29056733,81807842,1386063325,0.0
TR,TABGD,2022,11264005913,8028119395.0,3235886518,1378063671,4582751630,16612128527,14982437476.0,1629691051,1853475399,279811406,242721635,4572070486,0.0
TR,TABGD,2023,21857951942,7882235285.0,13975716657,8277264000,4516638061,28858468239,23957130083.0,4901338156,3548525027,5695848444,407252611,7546045772,0.0
TR,TABGD,2024,31880097777,11142953483.0,20737144294,11570641372,6233745428,41897406434,34658524695.0,7238881739,2502225947,7897103474,515017649,11388351449,191757262.0
TR,TABGD,2025,40333431180,15818526202.0,24514904978,14005480179,9054365853,52419403673,43919864751.0,8499538922,2891664156,3873366611,687835784,14530671091,1169007328.0
TR,TARKM,2020,188798442,129841867.0,58956575,164876573,117245282,124167310,98160602.0,26006708,6622649,3618960,77525637,8182088,0.0
TR,TARKM,2021,452433883,352508631.0,99925252,387131084,342640861,251901471,177115084.0,74786387,27123687,19589620,275515184,27781638,0.0
TR,TARKM,2022,1751317202,832888635.0,918428567,1248731983,659990986,1393030068,692601958.0,700428110,420540820,85298573,918164009,239748764,0.0
TR,TARKM,2023,2391464006,495646013.0,1895817993,1778047648,327768573,1436875371,854149809.0,582725562,-250005871,522155294,861704245,537217817,0.0
TR,TARKM,2024,3237656565,533857361.0,2703799204,1741005804,383599325,1839371424,1438436405.0,400935019,132552991,261913123,754103391,1169031202,0.0
TR,TARKM,2025,4273356313,1292578354.0,2980777959,1551078534,1236022257,2244537292,1631635232.0,612902060,-106855560,12488355,783768030,2400660481,0.0
TR,TATEN,2020,466229205,423281712.0,42947493,47344505,91198026,20566219,14600745.0,5965474,-31673031,1812285,0,392813374,0.0
TR,TATEN,2021,1688369872,1355052887.0,333316984,269770813,301945942,300239441,98050046.0,202189395,190808927,43438091,55649828,1376512941,0.0
TR,TATEN,2022,5143342528,2518973666.0,2624368862,402788187,403502186,1240175432,616727221.0,623448211,914591830,227928549,0,3553315994,0.0
TR,TATEN,2023,8818888986,4133898389.0,4684990597,1282795502,703339518,1352064479,601260633.0,750803846,803164200,687572733,0,6267044733,0.0
TR,TATEN,2024,15217055488,6660523150.0,8556532338,503018415,1212090728,2570941150,1191329984.0,1379611166,2333897560,230960132,0,11624033630,0.0
TR,TATEN,2025,16822044564,8276582833.0,8545461731,526122555,1988035909,2936860840,1773726645.0,1163134196,-114496114,311769034,0,13274626206,0.0
TR,TATGD,2013,566918063,345104273.0,221813790,437292376,224613441,696073159,537928236.0,158144923,-10293991,10330825,159295645,108773384,
TR,TATGD,2014,663965942,314003338.0,349962604,501427175,253169591,817038173,644807905.0,172230268,150262119,95098784,181598900,130506378,
TR,TATGD,2015,654584122,236310431.0,418273691,491480612,205536127,910554577,705070620.0,205483957,67318191,17844634,192680258,135984291,
TR,TATGD,2016,691466792,230506425.0,460960367,500086681,153333404,981120246,750790672.0,230329574,64700560,43117818,202755689,153518066,20009518.0
TR,TATGD,2017,785989243,293013608.0,492975635,563452240,270876344,1074034710,835401871.0,238632839,61183525,13025751,231676801,185506697,30000563.0
TR,TATGD,2018,864310120,363434694.0,500875426,641100927,246759458,1042444319,865193025.0,177251294,38576777,27697717,237813206,189547315,30000126.0
TR,TATGD,2019,1026363393,465778480.0,560584913,779850592,274590344,553221806,381561604.0,171660202,66155440,10476743,338435975,188140338,0.0
TR,TATGD,2020,1308702452,603955287.0,704747165,1172826112,411381935,802944100,549262358.0,253681742,167274341,120612224,360736236,90030091,30133000.0
TR,TATGD,2021,1637839590,752629113.0,885210477,1349815872,553236289,1091763568,772830339.0,318933229,223190334,106046019,627595375,229427009,42111998.0
TR,TATGD,2022,8206506284,5603133545.0,2603372739,6776211589,5119653436,5248584498,4779533703.0,469050795,-149356740,473973523,4263771716,1269572021,124438138.0
TR,TATGD,2023,9539944897,6136985414.0,3402959483,7111233872,4641068748,8304211377,7778944644.0,525266733,-124518654,133825470,4442317052,2041610331,0.0
TR,TATGD,2024,10077451500,6036844593.0,4040606907,6781445542,5035298969,8289096350,7422160125.0,866936225,-530594944,153966598,4712655512,2846422842,0.0
TR,TATGD,2025,12705061687,7647230909.0,5057830778,8724640363,6206662209,9644532176,8100275820.0,1544256356,155628635,1177439735,5009533951,3357807904,0.0
TR,TAVHL,2013,6948741000,5109708000.0,1839033000,2291645000,1154501000,2594925000,1734675000.0,860250000,335492000,287261000,22155000,460641000,
TR,TAVHL,2014,7465541000,5362138000.0,2103403000,2562216000,968811000,2648050000,1550283000.0,1097767000,620614000,162427000,28341000,507429000,210614000.0
TR,TAVHL,2015,10506371000,7921571000.0,2584800000,2921040000,2859210000,3026180000,1668000000.0,1358180000,604732000,672598000,35307000,667020000,316613000.0
TR,TAVHL,2016,11505470000,8511246000.0,2994224000,2941922000,3339448000,3721986000,2065431000.0,1656555000,399379000,1175435000,32583000,854456000,372397000.0
TR,TAVHL,2017,13640645000,9625085000.0,4015560000,3733491000,4120045000,4686016000,2626358000.0,2059658000,762673000,1554308000,44653000,868621000,291190000.0
TR,TAVHL,2018,20804281000,14584731000.0,6219550000,5462462000,5005601000,3975497000,2017650000.0,1957847000,1517324000,3330686000,55081000,1394493000,508062000.0
TR,TAVHL,2019,25556843000,16847474000.0,8709369000,7169674000,5994319000,4756204000,2510013000.0,2246191000,2415416000,3882681000,59414000,1368222000,831803000.0
TR,TAVHL,2020,32024208000,23604510000.0,8419698000,9770948000,11549353000,2415468000,2041262000.0,374206000,-2283316000,5443456000,64195000,1642771000,406011000.0
TR,TAVHL,2021,51969566000,36722054000.0,15247512000,6747366000,7352579000,5459329000,3249074000.0,2210255000,522412000,1402142000,312875000,5596532000,42561000.0
TR,TAVHL,2022,84335435000,60770448000.0,23564987000,14985806000,14575384000,18308307000,10603074000.0,7705233000,2046662000,5143504000,996651000,9424961000,118688000.0
TR,TAVHL,2023,154826945000,108362243000.0,46464702000,33605578000,28932753000,34433068000,21143434000.0,13289634000,7777419000,17554420000,1101168000,22074877000,372730000.0
TR,TAVHL,2024,233841543319,155806790882.0,78034752437,40924867508,38880434046,77503271990,49379286795.0,28123985194,9240137141,16953352438,2150015141,46230136477,684492271.0
TR,TAVHL,2025,296871899051,201571304892.0,95300594159,55356094074,71370269935,96739954775,57730386296.0,39009568479,4168868910,28264640253,3368674192,43411182297,148635920.0
TR,TBORG,2013,456839000,223536000.0,233303000,278022000,216076000,461410000,206237000.0,255173000,83521000,53751000,48937000,168320000,
TR,TBORG,2014,657144000,303719000.0,353425000,424508000,296072000,586161000,258177000.0,327984000,120002000,184264000,37861000,219959000,
TR,TBORG,2015,911392000,401889000.0,509503000,628702000,386438000,742680000,335804000.0,406876000,157752000,312923000,47674000,260766000,
TR,TBORG,2016,1285558000,538517000.0,747041000,917424000,517611000,962729000,416387000.0,546342000,236890000,297196000,98149000,341478000,0.0
TR,TBORG,2017,1661440000,623960000.0,1037480000,1137565000,595704000,1235831000,532832000.0,702999000,307776000,344292000,102231000,430123000,16302000.0
TR,TBORG,2018,2338637000,933217000.0,1405420000,1560812000,892461000,1699543000,794042000.0,905501000,427671000,146537000,256948000,682469000,58857000.0
TR,TBORG,2019,2535214000,1229315000.0,1305899000,1541329000,1120893000,2171024000,985600000.0,1185424000,437459000,347427000,297407000,831127000,536666000.0
TR,TBORG,2020,3459931000,1629438000.0,1830493000,2268659000,1536137000,2589150000,1244426000.0,1344724000,525324000,1032516000,328301000,956084000,0.0
TR,TBORG,2021,4769900000,1843331000.0,2926569000,3229051000,1730746000,3674862000,1796760000.0,1878102000,1204233000,1468521000,578902000,1170001000,103227000.0
TR,TBORG,2022,16877752000,7602466000.0,9275286000,9793949000,7263937000,15141710000,9373018000.0,5768692000,1026436000,3577322000,2746835000,5903471000,1464583000.0
TR,TBORG,2023,27843858000,13027336000.0,14816522000,16611425000,12584949000,24751075000,14755346000.0,9995729000,1489175000,7263631000,3428970000,9481589000,0.0
TR,TBORG,2024,38242924268,15278005238.0,22964919030,22960104810,14378668916,39462073743,18886032647.0,20576041096,5176795530,9472239345,4179522950,12813838036,1575507767.0
TR,TBORG,2025,52083452139,26128425067.0,25955027072,29292553083,21997059378,45019043889,20143067408.0,24875976481,3714976994,8492445733,6749429272,16615648379,3054142866.0
TR,TCELL,2013,21255619000,6544817000.0,14710802000,11643420000,4311005000,11407887000,7058941000.0,4348946000,2333671000,8128925000,70102000,5857635000,
TR,TCELL,2014,23668317000,6979559000.0,16688758000,13307712000,4991169000,12043587000,7380781000.0,4662806000,1438700000,9031881000,71322000,5887744000,8172000.0
TR,TCELL,2015,26184223000,11784969000.0,14399254000,8794857000,6304417000,12769415000,7766496000.0,5002919000,1905790000,2918796000,75471000,6816895000,
TR,TCELL,2016,31600158000,15531761000.0,16068397000,13350846000,7358858000,14100863000,9148810000.0,5066528000,1563451000,6052352000,131973000,8195705000,51416000.0
TR,TCELL,2017,33982469000,18937381000.0,15045088000,14069106000,9223843000,17026401000,11073465000.0,6281890000,2037759000,4712333000,104102000,9665408000,3050928000.0
TR,TCELL,2018,42765275000,26711721000.0,16053554000,18337109000,11740048000,20173354000,13751195000.0,7146482000,2177335000,7419239000,180434000,11116316000,1949379000.0
TR,TCELL,2019,45714975000,27632031000.0,18082944000,19332144000,12655525000,23996262000,16816705000.0,8053655000,3276690000,10238715000,178399000,12458491000,1127647000.0
TR,TCELL,2020,51498393000,30713455000.0,20784938000,20583372000,11565262000,28272751000,20161096000.0,8767679000,4239620000,11860555000,203715000,13902730000,838246000.0
TR,TCELL,2021,70682643000,48120371000.0,22562272000,29511606000,17091346000,34906646000,24940126000.0,10690568000,5031278000,18628665000,260535000,18002779000,2565930000.0
TR,TCELL,2022,234989180000,125611241000.0,109377939000,77312584000,48476004000,90206307000,80360678000.0,11805917000,6878856000,42776160000,494988000,71494396000,2391534000.0
TR,TCELL,2023,356735869000,180254672000.0,176481197000,148054985000,83346570000,148656399000,118737471000.0,32771309000,18093903000,72158656000,780377000,96228806000,3587782000.0
TR,TCELL,2024,450630375143,205905529980.0,244724845163,148814938916,118894735309,207927709128,157639117251.0,53834378675,30779150482,90229753795,883014048,136947072829,9574277769.0
TR,TCELL,2025,550831187402,265460641503.0,285370545899,172354426954,101226395493,252007691717,181254484579.0,75208474963,19371478952,101047996171,988108994,173147903500,9887933333.0
TR,TCKRC,2021,968818595,368282116.0,600536479,432973711,292835021,481489454,383939155.0,97550299,112991957,68650514,130412836,253175482,0.0
TR,TCKRC,2022,1207576056,521977530.0,685598526,663249850,437317978,862005772,647384112.0,214621660,68507386,240386121,156294477,240185849,0.0
TR,TCKRC,2023,2460520212,1040740431.0,1419779781,1096379705,629518890,1454295116,876862331.0,577432785,211036757,107553682,327165517,860345719,0.0
TR,TCKRC,2024,4975051304,986341709.0,3988709595,3014204046,653809410,2160797090,1264079245.0,896717845,564114841,958611271,288473491,1415953323,0.0
TR,TCKRC,2025,8264829597,2587737138.0,5677092459,4710059063,625021626,3288229514,1847655845.0,1440573669,1344820206,800323520,641107901,3457312914,0.0
TR,TDGYO,2014,29963151,12911327.0,17051824,29080117,8942994,9456500,8185972.0,1270528,1204143,9435211,9744396,883034,0.0
TR,TDGYO,2015,25261715,7894751.0,17366964,24419912,7832240,1284750,1097736.0,187014,304666,2570156,12008007,840344,0.0
TR,TDGYO,2016,55034627,21013303.0,34021324,54234894,15445078,11401386,10171154.0,1230232,204673,18127871,33102106,780928,0.0
TR,TDGYO,2017,82155113,48804766.0,33350347,81405972,40824734,2123313,1628536.0,494777,-3233144,8576819,68344845,745956,0.0
TR,TDGYO,2018,106365490,62121317.0,44244173,105737193,47155411,31359339,14427952.0,16931387,10919027,1605536,94501864,622047,0.0
TR,TDGYO,2019,77319209,24859101.0,52460108,76515072,21114299,50646477,35685962.0,14960515,8185208,3043578,67256865,276006,0.0
TR,TDGYO,2020,69362217,18667931.0,50694286,68737600,12341660,8511716,5929829.0,2581887,-1735827,321577,63102006,197987,0.0
TR,TDGYO,2021,104297707,25878018.0,78419689,103931971,23705428,40577579,27918025.0,12659554,27736308,51171907,47789141,108089,0.0
TR,TDGYO,2022,361103081,92707967.0,268395114,357200300,91827864,150282694,63928078.0,86354616,-34183005,136609526,159345187,1312039,0.0
TR,TDGYO,2023,340223112,44629074.0,295594038,330632922,44366901,129438254,103943127.0,25495127,-118058975,26920096,260542467,6677358,0.0
TR,TDGYO,2024,397208293,18647595.0,378560698,386444115,2395296,80023286,36337280.0,43686006,-8348924,41337215,286110501,7454047,0.0
TR,TDGYO,2025,456073870,25074482.0,430999388,450270309,1427910,29479416,7888309.0,21591107,14426882,4717722,303808571,3069339,0.0
TR,TEHOL,2013,217564039,61888168.0,155675871,14654644,12241628,13602337,9173067.0,4429270,-4207668,1075350,2447069,163962,
TR,TEHOL,2014,196170126,40997822.0,155172304,14832489,20912617,29957595,17730981.0,12226614,-500383,867206,8493867,125928,
TR,TEHOL,2015,197094357,41063782.0,156030575,25731143,21133441,13179620,7053466.0,6126154,842735,1209084,20121454,92440,
TR,TEHOL,2016,206796273,52520652.0,154275621,33338745,30968147,8234187,3124278.0,5109909,-1753341,4063424,26262838,54310,0.0
TR,TEHOL,2017,166088353,66857679.0,99230674,44893341,47620293,7139261,2417007.0,4722254,-55048881,1238368,41274324,43592,0.0
TR,TEHOL,2018,135207980,45017122.0,90190858,24425230,11119514,28965028,23659204.0,5305824,-8962972,144317,20546703,19040,0.0
TR,TEHOL,2019,128009298,46039877.0,81969421,17616584,42335289,9901237,7935423.0,1965814,-8202160,205484,15513383,6089,0.0
TR,TEHOL,2020,126230164,51822213.0,74407951,14244661,51559300,8784481,7082826.0,1701655,-7505353,690837,11712448,0,0.0
TR,TEHOL,2021,146616125,3333011.0,143283114,13370065,3026882,3734489,3858445.0,-123956,15151199,101966,10843605,0,0.0
TR,TEHOL,2022,953172390,16702142.0,936470248,35703073,6678393,18457286,13487354.0,4969932,547243158,2441527,20008995,0,0.0
TR,TEHOL,2023,2214292305,254256939.0,1960035366,61806094,65773227,52817457,33837612.0,18979845,660359627,373628,1696352,155293424,0.0
TR,TEHOL,2024,4461636128,1016250985.0,3445385143,211193795,359406069,40408959,30250606.0,10158353,924467757,3105423,1553708,533563685,0.0
TR,TEHOL,2025,12560767611,3045795443.0,9514972168,6216844059,2365887084,4385531096,4072122270.0,313408826,3111182949,1472334487,874700629,1142238935,0.0
TR,TEKTU,2013,197416459,22113751.0,175302708,33864855,16184165,16479315,9053628.0,7425687,2477144,249261,67637,101746915,
TR,TEKTU,2014,222927506,45317587.0,177609919,55648915,39235693,15482879,7600374.0,7882505,2309738,2085852,85837,106159224,
TR,TEKTU,2015,372903894,103638043.0,269265851,110530295,25334244,21115827,11320963.0,9794864,2334165,64659537,73291,107991117,0.0
TR,TEKTU,2016,425009682,143641058.0,281368624,100680798,53493983,2899440,2978052.0,-78612,12085323,6302981,59164,146515088,0.0
TR,TEKTU,2017,505745771,217556476.0,288189295,131646369,113839510,18018364,13039665.0,4978699,12130991,1494943,419715,176821853,0.0
TR,TEKTU,2018,1259291626,334591550.0,924700076,88724861,77822784,33269424,26544847.0,6724577,-55481304,358921,702549,857978603,0.0
TR,TEKTU,2019,1272179788,374748663.0,897431125,100254678,139298398,48028153,37213798.0,10814355,-44527536,703531,395626,859784372,0.0
TR,TEKTU,2020,1311745230,467594114.0,844151116,116826944,120571751,20888764,14886440.0,6002324,-56288005,1660080,190295,849370063,0.0
TR,TEKTU,2021,1970826259,796416857.0,1174409402,97990649,225415894,22566041,12227443.0,10338598,-95193999,1110578,322315,1331648578,0.0
TR,TEKTU,2022,5121018569,1572177032.0,3548841537,640939411,357238003,87118565,62086666.0,25031899,188904146,413483651,1105004,2795703608,0.0
TR,TEKTU,2023,6818545209,1689988348.0,5128556861,162459653,513989029,124843440,79659808.0,45183632,46700795,18091312,3508905,4277295935,0.0
TR,TEKTU,2024,8100008151,2015597227.0,6084410924,132684276,619762857,120889987,62044877.0,58845110,-514045886,44693447,2824912,5024059534,0.0
TR,TEKTU,2025,7375987630,1438343493.0,5937644137,137810194,170448373,135522474,45085105.0,90437369,-744555261,19714901,4316712,5406250821,0.0
TR,TEZOL,2018,396766034,154449892.0,242316142,234344805,97017731,477136351,325247317.0,151889034,70646168,63957940,68651911,151655978,7300000.0
TR,TEZOL,2019,481210370,142656191.0,338554179,310022202,87843842,612606713,422662428.0,189944285,109980849,92874900,89751679,157166921,14800000.0
TR,TEZOL,2020,679164770,224803271.0,454361499,456869434,129339846,645577520,428651122.0,216926398,136551658,154245449,137361977,186319455,21000000.0
TR,TEZOL,2021,1250805170,556190892.0,694614278,968945180,333891080,878150067,628864556.0,249285511,255050648,537346501,171175707,207615894,0.0
TR,TEZOL,2022,4192576194,1124891805.0,3067684389,2322227589,739567063,4247537627,3480080046.0,767457581,681425270,480798238,693249481,1707972063,122592878.0
TR,TEZOL,2023,6004465696,1500090286.0,4504375410,2835236116,1056859895,5266550776,4186883492.0,1079667284,37850548,611928924,1192233819,2736884113,0.0
TR,TEZOL,2024,7668639327,1692290624.0,5976348703,3596675134,1221030890,6593679943,5619389628.0,974290315,190720924,675690100,918278558,3779317022,53027198.0
TR,TEZOL,2025,8362103153,1714417020.0,6647686133,4257576261,1304628534,6148461398,5363410628.0,785050770,201542970,1557821058,1442216158,3949332841,62573241.0
TR,TGSAS,2013,683185329,662488514.0,20696815,682396338,662445565,5056404,541911.0,4514493,871340,45490635,27587451,115254,
TR,TGSAS,2014,514799225,492818975.0,21980250,510726997,490375629,6640009,0.0,6640009,2290196,8591442,23977806,3126612,
TR,TGSAS,2015,899626974,875285082.0,24341892,895097485,873982789,12875557,1174494.0,11701063,2371457,978223,59385807,3621752,
TR,TGSAS,2016,1243160147,1215979948.0,27180199,1238413805,1215831735,9324841,0.0,9324841,2838013,73382115,39370221,3620576,0.0
TR,TGSAS,2017,1460691122,1431317406.0,29373716,1456426713,1431224152,9681403,0.0,9681403,2199682,8274851,36731296,3505626,0.0
TR,TGSAS,2018,2535097066,2495269283.0,39827783,2529529676,2494088188,19638277,0.0,19638277,10643618,831125,29281051,3756562,0.0
TR,TGSAS,2019,2753995206,2704148626.0,49846580,2749761895,2703250508,26094665,0.0,26094665,11547986,8464031,40995518,3686649,0.0
TR,TGSAS,2020,2515300995,2462265608.0,53035387,2511021030,2461731682,17705030,0.0,17705030,3194805,11253253,77678841,3541175,0.0
TR,TGSAS,2021,2963886376,2896907650.0,66978726,2957444707,2895632403,26877263,332769.0,26544494,13519691,9874037,178782448,5594201,0.0
TR,TGSAS,2022,6835196684,6688137012.0,147059672,6805162783,6671585887,102475902,33952169.0,68523733,7533576,48188951,269029488,29552605,0.0
TR,TGSAS,2023,8486329514,8305524621.0,180804893,8442286579,8294266648,176683660,20524264.0,156159396,34029307,27664100,381553441,43856220,0.0
TR,TGSAS,2024,27182881478,26886399288.0,296482190,27116811064,26873936751,286244529,0.0,286244529,116907744,131525620,231825034,62868693,0.0
TR,TGSAS,2025,17605541241,17248991361.0,356549880,17558232593,17242354623,260069573,0.0,260069573,99473559,69602487,352724545,44129843,0.0
TR,THYAO,2013,25402077818,18439587462.0,6962490356,4535535069,6652755831,18776784325,15304655417.0,3472128908,682707427,1338983835,342324371,17165656116,
TR,THYAO,2014,31875607062,22721203932.0,9154403130,6564848184,8505344748,24158000000,19729000000.0,4429000000,1819000000,1473508453,452228491,21335501851,0.0
TR,THYAO,2015,47638000000,33548000000.0,14090000000,9148000000,11248000000,28752000000,22959000000.0,5793000000,2993000000,2617000000,628000000,33191000000,
TR,THYAO,2016,65074000000,47175000000.0,17899000000,12673000000,15832000000,29468000000,26051000000.0,3417000000,-47000000,5159000000,763000000,47422000000,0.0
TR,THYAO,2017,68647000000,48476000000.0,20171000000,13699000000,16209000000,39779000000,31943000000.0,7836000000,639000000,7132000000,728000000,49040000000,0.0
TR,THYAO,2018,109076000000,77792000000.0,31284000000,23706000000,27246000000,62853000000,49284000000.0,13569000000,4045000000,8606000000,1000000000,73219000000,0.0
TR,THYAO,2019,146871000000,106076000000.0,40795000000,28339000000,35417000000,75118000000,62039000000.0,13079000000,4536000000,12328000000,1723000000,21640000000,0.0
TR,THYAO,2020,187402000000,147891000000.0,39511000000,30659000000,47379000000,46448000000,43765000000.0,2683000000,-5588000000,13293000000,2236000000,30431000000,0.0
TR,THYAO,2021,353708000000,263058000000.0,90650000000,65797000000,90443000000,97378000000,75233000000.0,22145000000,8214000000,35679000000,3481000000,58195000000,0.0
TR,THYAO,2022,578571000000,397144000000.0,181427000000,135095000000,154040000000,311169000000,235528000000.0,75641000000,47432000000,76192000000,6196000000,87045000000,0.0
TR,THYAO,2023,1048943000000,591831000000.0,457112000000,251895000000,266808000000,504398000000,384952000000.0,119446000000,162998000000,20115000000,12311000000,178849000000,0.0
TR,THYAO,2024,1831976887193,941893344386.0,890083542807,447533961344,444422650688,975710686451,788655077233.0,187055609218,148375617139,125646164246,30970433913,325802786652,0.0
TR,THYAO,2025,2197221560937,1194473923791.0,1002747637146,480228499809,486461174949,1051402998015,880224512020.0,171178485996,129976145734,94673058901,45635858648,399025457925,9849695475.0
TR,TKFEN,2013,4697420000,2775223000.0,1922197000,3291454000,2326434000,3846036000,3718804000.0,127232000,-63682000,1055153000,521174000,904712000,
TR,TKFEN,2014,4955482000,2959418000.0,1996064000,3255170000,2277766000,4474755000,4022331000.0,452424000,57857000,1047449000,722479000,1185759000,
TR,TKFEN,2015,5626055000,3540920000.0,2085135000,3713282000,2889548000,3888172000,3479298000.0,408874000,193036000,1032202000,891446000,1379244000,
TR,TKFEN,2016,6668809000,4289352000.0,2379457000,4533781000,3896563000,4737397000,4083852000.0,653545000,330323000,1483429000,968741000,1487673000,63666000.0
TR,TKFEN,2017,9366750000,6358436000.0,3008314000,7013920000,5586667000,7487133000,6458698000.0,1028435000,770728000,2985833000,948789000,1597309000,120292000.0
TR,TKFEN,2018,12035520000,7611125000.0,4424395000,8922623000,6762257000,12147171000,10343829000.0,1803342000,1401527000,4581600000,1370565000,1989226000,248693000.0
TR,TKFEN,2019,12663148000,7166278000.0,5496870000,9217274000,6645129000,14603354000,12201792000.0,2401562000,1414859000,4094625000,1448934000,2135206000,450972000.0
TR,TKFEN,2020,13917033000,8106133000.0,5810900000,9013197000,7474512000,11729779000,10815782000.0,913997000,-67398000,3259116000,2033545000,2576975000,385238000.0
TR,TKFEN,2021,21913573000,14188113000.0,7725460000,15407337000,13073283000,16222968000,14942903000.0,1280065000,829390000,5064108000,3952236000,3441525000,71082000.0
TR,TKFEN,2022,61650713000,36319854000.0,25330859000,37041500000,30138030000,54992324000,52197285000.0,2795039000,1407988000,6840561000,13374350000,15604249000,604250000.0
TR,TKFEN,2023,76156764000,44347431000.0,31809333000,39573902000,39617631000,62279333000,60504947000.0,1774386000,-1611104000,9518890000,14263467000,22307767000,2303496000.0
TR,TKFEN,2024,86223750878,45802426159.0,40421324719,38258077673,35518045726,76166091666,68341561606.0,7824530060,541535596,12356762024,11153779061,29018174830,0.0
TR,TKFEN,2025,79443376347,43363624905.0,36079751442,29724190045,39713453867,59321990153,57212494815.0,2109495338,-6307725835,9083769686,10993245010,31898985420,156501328.0
TR,TKNSA,2013,1055929000,803185000.0,252744000,896795000,799758000,2957274000,2403746000.0,553528000,56715000,334467000,511439000,113591000,
TR,TKNSA,2014,948978000,760598000.0,188380000,761774000,757228000,3018260000,2467373000.0,550887000,-19975000,192998000,530417000,118261000,
TR,TKNSA,2015,1031275000,954753000.0,76522000,855808000,950447000,3205187000,2615853000.0,589334000,-94573000,305285000,480611000,98760000,
TR,TKNSA,2016,762318000,824233000.0,-61915000,573597000,819642000,3074087000,2573138000.0,500949000,-160613000,156094000,352687000,98744000,0.0
TR,TKNSA,2017,726808000,770181000.0,-43373000,554759000,763615000,3390559000,2778833000.0,611726000,19568000,72703000,418496000,84921000,0.0
TR,TKNSA,2018,760425000,863503000.0,-103078000,592569000,855233000,3477020000,2831234000.0,645786000,-64609000,26987000,492677000,89584000,0.0
TR,TKNSA,2019,1512576000,1764428000.0,-251852000,994466000,1481539000,4136971000,3422374000.0,714597000,-148634000,37267000,860128000,59737000,0.0
TR,TKNSA,2020,1960650000,2126196000.0,-165546000,1565441000,1943979000,5606519000,4675836000.0,930683000,85296000,392201000,1056528000,60462000,0.0
TR,TKNSA,2021,3001096000,2758114000.0,242982000,2623534000,2626956000,7520079000,6253253000.0,1266826000,131464000,709408000,1719160000,84171000,0.0
TR,TKNSA,2022,10980870000,9139040000.0,1841830000,9239761000,8574886000,32712046000,29863787000.0,2848259000,522865000,2643253000,5659141000,447278000,0.0
TR,TKNSA,2023,21209607000,17503001000.0,3706606000,17941677000,16667850000,68322440000,61039215000.0,7283225000,1079236000,3954316000,12073986000,1085947000,0.0
TR,TKNSA,2024,23791035492,20813850206.0,2977185286,19115294488,20084022068,90886328041,79219796607.0,11666531434,-1858502218,3346391969,13985912086,1718756332,0.0
TR,TKNSA,2025,24517307155,23722900770.0,794406385,18617479316,22430748590,91904726665,79534593044.0,12370133621,-2476987685,2722399269,13763566772,1311824061,0.0
TR,TLMAN,2014,74276193,23416292.0,50859901,28170433,18042909,42018617,15075942.0,26942675,22335760,65030,65211,20757655,393586.0
TR,TLMAN,2015,83629954,30631732.0,52998222,26162890,25280117,50166340,16908482.0,33257858,21468166,104982,49282,26967340,622427.0
TR,TLMAN,2016,102624838,49286114.0,53338724,27265438,31302408,50895021,22234220.0,28660801,20309455,734264,147067,38373985,19512072.0
TR,TLMAN,2017,133946809,68359222.0,65587587,84422238,39414547,73119625,28070502.0,45049123,31780620,93290,258594,35653980,19412325.0
TR,TLMAN,2018,122670442,46976749.0,75693693,77097283,30267053,82150122,31933180.0,50216942,38052782,49794,159581,33280180,0.0
TR,TLMAN,2019,138602501,46282491.0,92320010,96545813,35304394,60097964,30111225.0,29986739,52046845,460899,345351,28634877,35141638.0
TR,TLMAN,2020,184690861,46737665.0,137953196,146575490,29826348,81486483,34149776.0,47336707,58635624,1562397,421694,26321983,13011712.0
TR,TLMAN,2021,188134639,48590527.0,139544112,146735121,30967107,93308590,41938212.0,51370378,61642899,3961659,903490,31375043,20505818.0
TR,TLMAN,2022,833786626,181683750.0,652102876,363731347,106260425,413251744,191704954.0,221546790,212732934,62005551,3631731,379017610,64162623.0
TR,TLMAN,2023,1491209816,326301259.0,1164908557,751770905,142890961,637850883,368052342.0,269798541,230053773,8913268,3911254,570465012,0.0
TR,TLMAN,2024,2030948352,359922646.0,1671025706,641328783,151534827,774308719,576126584.0,198182135,153431274,1432702,3692254,1249312497,0.0
TR,TLMAN,2025,2346997385,386778463.0,1960218922,843408135,119662667,889509456,716090242.0,173419214,64431231,32908035,3375609,1290278078,0.0
TR,TMPOL,2013,32986022,20226696.0,12759326,30703042,17226480,23972866,19290263.0,4682603,226091,5962141,4101208,2275322,
TR,TMPOL,2014,40993345,24686804.0,16306541,31318950,19706126,34861801,28533073.0,6328728,2297215,669317,4041988,6817431,
TR,TMPOL,2015,55002118,36514384.0,18487734,45305745,32402310,47028189,37093745.0,9934444,2182218,806385,10349067,6923112,
TR,TMPOL,2016,72804357,54245165.0,18559192,56383006,50694124,55864002,46290523.0,9573479,71457,757444,11403150,13389410,0.0
TR,TMPOL,2017,87609304,67184924.0,20424380,67751624,54074826,77602247,63955189.0,13647058,1865188,469988,15426196,12688002,0.0
TR,TMPOL,2018,103763214,77594748.0,26168466,66317077,62023849,89297727,75291381.0,14006346,-1385362,1764877,12087742,32836132,0.0
TR,TMPOL,2019,102818489,69652834.0,33165655,61532331,48587241,77453102,58276317.0,19176785,15401136,3949454,15825486,36228539,0.0
TR,TMPOL,2020,151865649,109907341.0,41958308,100157760,84845714,116427503,82196175.0,34231328,9632627,10109125,27533077,46192803,0.0
TR,TMPOL,2021,231930465,165962594.0,65967871,182926619,137059732,245708307,200428295.0,45280012,24948307,44192721,40904377,44075663,0.0
TR,TMPOL,2022,1103701054,660216952.0,443484102,672493683,412309783,650315978,637632841.0,12683137,32666812,150235213,137225955,406303619,0.0
TR,TMPOL,2023,1889371769,1217108557.0,672263212,1170651297,776896827,1095172802,871842811.0,223329991,27868483,142916104,227634061,580494402,0.0
TR,TMPOL,2024,2392658509,1499728964.0,892929545,1072801897,919533898,1084780407,869798335.0,214982071,52448014,119032922,359211567,1094745456,0.0
TR,TMPOL,2025,2418872592,1488898396.0,929974196,1152150757,1112702236,1387069922,1171398191.0,215671730,-55787351,31743061,549619679,1127099938,0.0
TR,TMSN,2013,298595572,56558359.0,242037213,192221008,53423212,445085493,348799097.0,96286396,60987087,5376059,97497807,90827394,
TR,TMSN,2014,317111503,89203633.0,227907870,209110745,85444028,436154297,376078726.0,60075571,21745062,1229935,88634580,93225096,
TR,TMSN,2015,353378838,90839539.0,262539299,231429844,86860663,449392781,348639619.0,100753162,33594316,239778,93965433,93484854,
TR,TMSN,2016,436889208,133841729.0,303047479,290160373,128918703,500190654,376900375.0,123290279,40030428,2099046,104811395,106477847,0.0
TR,TMSN,2017,579698723,156256648.0,423442075,293941623,138249727,579451149,483568144.0,95883005,-13083016,922601,103604669,259586304,0.0
TR,TMSN,2018,709574868,309666081.0,399908787,422543143,298420819,415996979,359693772.0,56303207,-22231494,5541685,178235863,260268082,0.0
TR,TMSN,2019,1222309214,490724410.0,731584804,520303902,366452773,367150171,313797912.0,53352259,-34360041,27029057,137019526,672784947,0.0
TR,TMSN,2020,1452916691,628336478.0,824580213,709632148,459137681,836085406,625480615.0,210604791,58935140,55360472,178414943,711052811,0.0
TR,TMSN,2021,2024289651,1020283752.0,1004005899,1147772208,844806745,1122673736,841803649.0,280870087,50570441,45945232,683736288,843223491,0.0
TR,TMSN,2022,7339809938,3147717688.0,4192092250,3903638799,2620542490,6946528473,5746973047.0,1199555426,387206712,645245300,1678782600,3269313244,0.0
TR,TMSN,2023,12281596543,5268251841.0,7013344702,7181319648,4245846548,11528224121,8602671446.0,2925552675,971022339,428265784,3067799111,4802328953,0.0
TR,TMSN,2024,16299420393,7723081039.0,8576339354,9601671218,6511595005,9138246294,7277807799.0,1860438495,-596915131,211296164,3893818830,6158344670,0.0
TR,TMSN,2025,26918817980,10611561670.0,16307256310,8041631739,2564752536,3801052009,3406571163.0,394480846,4979477044,185954690,3798481551,5960212336,0.0
TR,TNZTP,2019,233908446,88772483.0,145135963,95217789,51915362,112797916,80754969.0,32042947,22923483,59334725,13467138,120316003,0.0
TR,TNZTP,2020,298809989,116248450.0,182561539,163829727,85225300,202038615,146875537.0,55163078,37158266,105668312,7071588,118457890,0.0
TR,TNZTP,2021,726704908,152266826.0,574438082,226344131,106230711,309559506,228987659.0,80571847,65843490,153918468,21589997,480055277,0.0
TR,TNZTP,2022,2227548054,441080772.0,1786467282,506877339,228597300,1074787033,825076418.0,249710615,266132456,191671206,42783938,1513650461,0.0
TR,TNZTP,2023,6420517250,1934673576.0,4485843674,1055494576,789132272,1895911637,1372583959.0,523327678,1187816360,654785985,94847371,5085355418,62660439.0
TR,TNZTP,2024,9149425140,1979080185.0,7170344955,1014124784,782711382,2864076350,1826740889.0,1037335461,1649012704,375558258,104499141,4086848326,0.0
TR,TNZTP,2025,10533210693,1719593709.0,8813616984,1493108037,959490296,3774186383,2227548470.0,1546637913,765524916,761077245,123544437,7152201792,0.0
TR,TOASO,2013,5928202000,4029388000.0,1898814000,3390400000,2565712000,7037954000,6216058000.0,874333000,434223000,1673250000,379433000,1261168000,480000000.0
TR,TOASO,2014,7124284000,4883113000.0,2241171000,3816157000,3361774000,7440009000,6516211000.0,983302000,574238000,1686053000,453239000,1621362000,
TR,TOASO,2015,9866566000,7284275000.0,2582291000,5208731000,4527460000,9920723000,8780540000.0,1216523000,830801000,2386516000,548251000,2111520000,
TR,TOASO,2016,11848173000,8890722000.0,2957451000,6256173000,5710649000,14235951000,12888429000.0,1447741000,970228000,2215727000,920144000,2320618000,365000000.0
TR,TOASO,2017,13875148000,10292111000.0,3583037000,7725981000,6845352000,17467806000,15551677000.0,2026205000,1282818000,2625681000,1055582000,2350019000,350000000.0
TR,TOASO,2018,13001799000,9295244000.0,3706555000,7088297000,6097705000,18603331000,16190143000.0,2516146000,1330423000,1981012000,1076671000,2247601000,800000000.0
TR,TOASO,2019,12809287000,8480078000.0,4329209000,6969685000,6126477000,18896914000,16510459000.0,2498611000,1481639000,2825487000,749130000,2112220000,880000000.0
TR,TOASO,2020,19475621000,15007010000.0,4468611000,12841366000,10880734000,23556747000,20439545000.0,3213608000,1784170000,4249809000,1523966000,2037483000,1200000000.0
TR,TOASO,2021,23473341000,17729950000.0,5743391000,16169548000,13757789000,29684305000,24065233000.0,5828463000,3281316000,4214726000,2379087000,1903864000,1500000000.0
TR,TOASO,2022,73799094000,47950026000.0,25849068000,55198234000,43006761000,124019056000,108956607000.0,16009924000,9374039000,19804382000,5553569000,9233448000,7437973000.0
TR,TOASO,2023,113578876000,60332584000.0,53246292000,87354835000,51349926000,184228756000,151753506000.0,33437122000,21777284000,35828275000,14022124000,12728430000,6487916000.0
TR,TOASO,2024,119975882384,58323485543.0,61652396841,82090605698,34707387649,157419715530,141996375304.0,17502755972,6834463103,25806495937,11389225564,18959064022,16424021242.0
TR,TOASO,2025,204339452096,133647573404.0,70691878692,141772982103,83361964797,376136463732,354579725179.0,24290406077,9837463783,23513211943,19848843875,25511660340,8402672197.0
TR,TRALT,2013,1853270000,159983000.0,1693287000,1111896000,87317000,929414000,361688000.0,567726000,497973000,940727000,117403000,609331000,
TR,TRALT,2014,2019552000,150873000.0,1868679000,1299576000,74667000,885888000,321342000.0,564546000,494890000,1070793000,196322000,579161000,313054000.0
TR,TRALT,2015,2114262000,164703000.0,1949559000,1200555000,91474000,831960000,427711000.0,404249000,253103000,1016944000,143944000,495148000,175002000.0
TR,TRALT,2016,2635356000,286350000.0,2349006000,1807175000,152215000,1038817000,336874000.0,701943000,395155000,1540598000,131136000,449938000,0.0
TR,TRALT,2017,3126818000,312183000.0,2814635000,2252081000,230039000,967579000,429510000.0,538069000,531889000,1812742000,210236000,467300000,0.0
TR,TRALT,2018,4336220000,348544000.0,3987676000,3203587000,214823000,1610623000,632899000.0,977724000,1173747000,2558718000,307335000,672859000,0.0
TR,TRALT,2019,6348614000,590189000.0,5758425000,4817149000,405977000,2849270000,955284000.0,1893986000,1767292000,4383735000,380930000,571383000,0.0
TR,TRALT,2020,8380982000,817350000.0,7563632000,6408428000,614311000,3249641000,1177297000.0,2072344000,1810379000,5921786000,406068000,659474000,0.0
TR,TRALT,2021,12103110000,1535425000.0,10567685000,9392439000,1118787000,4002353000,1504072000.0,2498281000,3004002000,8885482000,426033000,952117000,0.0
TR,TRALT,2022,26074737000,2801370000.0,23273367000,18155175000,1758919000,11206789000,4738035000.0,6468754000,-3304880000,234083000,1273085000,4234415000,4971085000.0
TR,TRALT,2023,33335034000,3564762000.0,29770272000,16525052000,2648704000,11705057000,6748060000.0,4956997000,586308000,375515000,1960236000,7004659000,2287556000.0
TR,TRALT,2024,42424122640,3716931135.0,38707191505,18705375055,2298689193,11434649129,7526049738.0,3908599390,790576577,140532549,3621282875,13401793288,0.0
TR,TRALT,2025,52658962220,5594525793.0,47064436427,23745493116,4342636211,18635486289,10475699688.0,8159786601,4516405042,5356745495,2994904943,21984562116,0.0
TR,TRCAS,2013,1177499002,470800870.0,706698132,140820254,66045201,48611819,46093725.0,2518094,25256811,81692069,0,18851023,
TR,TRCAS,2014,1097632101,417602007.0,680030094,260789346,64846052,59896346,58861365.0,1034981,-14779466,193719985,0,20105490,
TR,TRCAS,2015,1071736453,438314089.0,633422364,229980478,90160466,761919,642386.0,119533,-36421290,168562550,0,19702714,
TR,TRCAS,2016,1154665888,514098586.0,640567302,161741001,108601566,0,0.0,0,17600219,143318772,0,46507903,13533548.0
TR,TRCAS,2017,1348149487,659198028.0,688951459,148469684,142060734,0,0.0,0,64823058,126364153,0,193788004,17035236.0
TR,TRCAS,2018,1351713650,790981770.0,560731880,159287859,163780072,46429265,16142606.0,30286659,-130551935,85560288,0,209398634,0.0
TR,TRCAS,2019,1317220668,796809868.0,520410800,171195431,154905003,44939742,20600201.0,24339541,-28679337,133430476,0,212567818,0.0
TR,TRCAS,2020,1311380606,946712295.0,364668311,191360450,213805776,63964826,22571903.0,41392923,-124004098,101777296,0,229175227,0.0
TR,TRCAS,2021,1563924016,1373010646.0,190913370,576614573,785375120,0,0.0,0,-80099366,20666234,0,20463415,0.0
TR,TRCAS,2022,6827280275,732200406.0,6095079869,285810428,156780154,0,0.0,0,768945169,51950564,0,139993133,0.0
TR,TRCAS,2023,10538766943,610995702.0,9927771241,581114450,349639102,0,0.0,0,1193110761,259516366,0,247827271,0.0
TR,TRCAS,2024,14039805816,57077605.0,13982728211,707398468,50711176,0,0.0,0,1175464943,353737646,0,319972535,180138443.0
TR,TRCAS,2025,15643854239,67526095.0,15576328144,1296176179,51551705,0,0.0,0,677612398,929817833,0,346765162,528529623.0
TR,TRENJ,2013,2578832000,275139000.0,2303693000,1413563000,166896000,1089854000,522884000.0,566970000,394860000,1159978000,147090000,916553000,
TR,TRENJ,2014,2816878000,301660000.0,2515218000,1638445000,193976000,1053007000,499957000.0,553050000,401753000,1322888000,230773000,880619000,183341000.0
TR,TRENJ,2015,2794360000,291367000.0,2502993000,1495503000,196827000,965954000,585525000.0,380429000,94470000,1235070000,178760000,771022000,107491000.0
TR,TRENJ,2016,3128862000,344778000.0,2784084000,1972904000,199219000,1100198000,435999000.0,664199000,261324000,1737642000,149906000,682084000,0.0
TR,TRENJ,2017,3566625000,368839000.0,3197786000,2419153000,282070000,1036718000,498568000.0,538150000,484366000,2045387000,219009000,680740000,0.0
TR,TRENJ,2018,4716616000,414495000.0,4302121000,3306082000,276349000,1670786000,698829000.0,971957000,1104932000,2794533000,324490000,763203000,0.0
TR,TRENJ,2019,6706088000,629482000.0,6076606000,5146566000,441577000,2928205000,1038902000.0,1889303000,1771435000,4627315000,400304000,649088000,0.0
TR,TRENJ,2020,8635803000,871645000.0,7764158000,7010863000,670428000,3329590000,1273431000.0,2056159000,1693525000,6190196000,423787000,718678000,0.0
TR,TRENJ,2021,12285070000,1609277000.0,10675793000,9757601000,1193322000,4156232000,1641775000.0,2514457000,2911804000,9179190000,450990000,1429593000,0.0
TR,TRENJ,2022,29950768000,3243976000.0,26706792000,19058346000,1905794000,11609073000,5223218000.0,6385855000,-3695413000,863855000,1411743000,6189812000,2659154000.0
TR,TRENJ,2023,39108970000,3974612000.0,35134358000,17453969000,3018034000,12425427000,7628819000.0,4796608000,837659000,1545052000,2246050000,9722092000,1210128000.0
TR,TRENJ,2024,46112637051,4286417479.0,41826219572,18495139723,2851647762,12110747275,8302903563.0,3807843711,-1006478237,1326677523,3982679213,14140367651,0.0
TR,TRENJ,2025,55981797869,6048193898.0,49933603971,23244490133,4779379037,19507422576,11481397502.0,8026025073,3953801573,6995218294,3338935626,23202657263,0.0
TR,TRGYO,2013,6351971000,3364380000.0,2987591000,1785420000,1018343000,343769000,177953000.0,165816000,190556000,1033198000,485489000,2297000,
TR,TRGYO,2014,7242477000,3285054000.0,3957423000,1104800000,735399000,773240000,506997000.0,266243000,1057892000,775149000,96164000,1932000,
TR,TRGYO,2015,8862509000,4001421000.0,4861088000,2349082000,1378129000,628038000,250444000.0,377594000,953604000,903447000,1131546000,2680000,
TR,TRGYO,2016,10377680000,4404131000.0,5973549000,1901282000,2386785000,665677000,273417000.0,392260000,1172384000,511204000,1066462000,2962000,59927000.0
TR,TRGYO,2017,11335817000,4957160000.0,6378657000,2601484000,2215527000,780140000,271486000.0,508654000,455108000,602432000,1624998000,9416000,50000000.0
TR,TRGYO,2018,12271118000,4656465000.0,7614653000,1669261000,2352590000,1952909000,1067600000.0,885309000,1288139000,203881000,1261004000,9145000,50000000.0
TR,TRGYO,2019,13714089000,5235143000.0,8478946000,1990637000,2204314000,987537000,305548000.0,681989000,865662000,738885000,1105159000,22375000,0.0
TR,TRGYO,2020,13711181000,4939724000.0,8771457000,1219571000,2490600000,1100808000,426264000.0,674544000,293734000,142723000,922739000,43261000,0.0
TR,TRGYO,2021,19901498000,5379940000.0,14521558000,1105014000,2799276000,1456351000,286544000.0,1169807000,5745537000,241595000,545034000,33405000,0.0
TR,TRGYO,2022,68420300000,9186575000.0,59233725000,6018957000,3630489000,5177132000,1510113000.0,3667019000,16883038000,1517089000,3466022000,68550000,0.0
TR,TRGYO,2023,116334683000,12014276000.0,104320407000,11412461000,3394756000,7013862000,1693870000.0,5319992000,19231660000,3062742000,4047116000,69252000,432530000.0
TR,TRGYO,2024,151063319642,23199195356.0,127864124286,29584396719,5344744786,16065158980,6346082882.0,9719076098,10868512319,12645638776,8018060913,66086228,4156974129.0
TR,TRGYO,2025,172684446223,28548953344.0,144135492879,30525760045,4460460621,15983512728,4402450745.0,11581061983,7865805488,16801046256,7479457758,52702638,4863961412.0
TR,TRHOL,2013,14411739,90312.0,14321427,227439,84107,0,0.0,0,-1708187,12306,0,9294,
TR,TRHOL,2014,17065320,299468.0,16765852,1390225,34097,0,0.0,0,1543376,1116954,0,5220,
TR,TRHOL,2015,17885839,710498.0,17175341,263381,391414,12805860,12798945.0,6915,-43796,96637,0,4383,
TR,TRHOL,2016,18334046,1667966.0,16666080,249258,226528,1147578,1146881.0,697,868817,21901,0,2227,0.0
TR,TRHOL,2017,17710584,1901469.0,15809115,285947,453646,16509858,16508738.0,1120,-858478,50609,0,1089,0.0
TR,TRHOL,2018,16295805,1981318.0,14314487,228437,827557,2434683,2434837.0,-154,-1496482,18981,0,147,0.0
TR,TRHOL,2019,20533666,1990657.0,18543009,293161,292253,85163,82140.0,3023,1593258,10553,0,0,0.0
TR,TRHOL,2020,38430796,6213766.0,32217030,519816,609548,7049289,7048667.0,622,13655940,31885,0,0,0.0
TR,TRHOL,2021,115908892,64772672.0,51136220,93555195,61261674,381155102,373555141.0,7599961,12890422,280098,52866863,4876988,0.0
TR,TRHOL,2022,274742825,196194778.0,78548047,245380730,178190403,537600340,509012262.0,28588078,-452627,2425238,137665345,17474362,0.0
TR,TRHOL,2023,180375241,136782855.0,43592386,139405599,128914119,719215234,699433781.0,19781453,-64886377,2732881,117771632,25118785,0.0
TR,TRHOL,2024,315057152,255189638.0,59867514,236654180,244982563,624270530,597477822.0,26792708,711921,4435082,167375595,25784249,0.0
TR,TRHOL,2025,418940718,245432631.0,173508087,15681552,245432631,50401,0.0,50401,72571563,446181,0,125349,0.0
TR,TRILC,2017,122847137,74747744.0,48099393,42299577,49287872,52852771,18908166.0,33944605,8326129,824422,6013661,80261045,0.0
TR,TRILC,2018,189853064,127378744.0,62474320,96317075,101274907,97297344,41611725.0,55685619,14393967,6875683,7866968,91899772,0.0
TR,TRILC,2019,267120040,201841133.0,65278907,155864296,175349980,152120489,82108980.0,70011509,13482151,1554913,13448546,109915096,0.0
TR,TRILC,2020,399124265,250994492.0,148129773,223152961,210050832,199500419,100409057.0,99091362,33330009,423726,47457557,174750442,0.0
TR,TRILC,2021,619530226,295455014.0,324075212,380909202,259275871,672604887,552239046.0,120365841,37136703,44804274,42620957,234365185,0.0
TR,TRILC,2022,1901224416,827163052.0,1074061364,902193864,678585181,1636908463,1283167240.0,353741223,-81653864,60709558,96308891,836610392,0.0
TR,TRILC,2023,2819195808,1044131616.0,1775064192,1228019089,969470496,2774251609,2142760875.0,631490734,152631648,8575693,64938797,1353093542,0.0
TR,TRILC,2024,5228698760,2710349533.0,2518349227,2723559270,1396479866,3360879781,2311737435.0,1049142346,94712147,9700754,564974578,2176942076,0.0
TR,TRILC,2025,7575426403,5790278349.0,1785148054,5098049221,4908160176,4994744540,3235228319.0,1759516220,-685164781,15955326,1168537020,2154981792,0.0
TR,TRMET,2013,2545974000,273205000.0,2272769000,1414426000,164977000,1089363000,522549000.0,566814000,413159000,1159762000,147090000,893854000,
TR,TRMET,2014,2782162000,300934000.0,2481228000,1640557000,193250000,1034608000,491500000.0,543108000,398680000,1322031000,230773000,855856000,183341000.0
TR,TRMET,2015,2762711000,290466000.0,2472245000,1495294000,195888000,960970000,580878000.0,380092000,97613000,1234807000,178346000,746770000,107491000.0
TR,TRMET,2016,3098425000,342152000.0,2756273000,1972645000,198845000,1096998000,431688000.0,665310000,276855000,1737205000,150016000,660273000,0.0
TR,TRMET,2017,3532103000,350222000.0,3181881000,2411923000,263671000,1033547000,479786000.0,553761000,497038000,2041836000,219009000,658578000,0.0
TR,TRMET,2018,4687989000,399936000.0,4288053000,3301916000,261825000,1668431000,695393000.0,973038000,1106769000,2792343000,324490000,742357000,0.0
TR,TRMET,2019,6692901000,628685000.0,6064216000,5145373000,440812000,2924510000,1032771000.0,1891739000,1773112000,4626571000,400304000,631490000,0.0
TR,TRMET,2020,8637281000,882849000.0,7754432000,7006421000,673354000,3326827000,1267826000.0,2059001000,1696189000,6188161000,423014000,701796000,0.0
TR,TRMET,2021,12281565000,1618047000.0,10663518000,9753790000,1194037000,4149686000,1638724000.0,2510962000,2909256000,9178005000,450317000,1413438000,0.0
TR,TRMET,2022,29777918000,3258026000.0,26519892000,19054502000,1904963000,11591154000,5207349000.0,6383805000,-3627846000,863598000,1410198000,5999960000,2733762000.0
TR,TRMET,2023,39104315000,3985137000.0,35119178000,17701240000,3022678000,12411893000,7602090000.0,4809803000,831014000,1540839000,2243967000,9456162000,1257051000.0
TR,TRMET,2024,46468198209,4281129430.0,42187068779,19183705363,2847065222,12090794048,8277841609.0,3812952439,-2176675290,1295476719,3978796946,13802216482,0.0
TR,TRMET,2025,56813188755,6059362975.0,50753825780,24260948775,4790883736,19483116903,11455137517.0,8027979387,4376947835,6931113293,3334737593,22840936522,0.0
TR,TSGYO,2013,376188282,167192961.0,208995321,32913653,17466146,17476184,5234547.0,12241637,-26166850,28793801,0,17662,
TR,TSGYO,2014,366792215,156279227.0,210512988,11709191,37350688,16634093,5793326.0,10840767,1543143,7600591,0,14016,
TR,TSGYO,2015,421685495,202138199.0,219547296,8458255,172137219,16589936,6106939.0,10482997,9036381,4364678,0,104622,
TR,TSGYO,2016,437654306,244754774.0,192899532,13418920,81251445,17631102,6621982.0,11009120,-26645070,8972836,0,432830,0.0
TR,TSGYO,2017,466563935,296320758.0,170243177,16966200,118697662,19587549,7088439.0,12499110,-22672732,12188223,0,374165,0.0
TR,TSGYO,2018,509427257,251339619.0,258087638,20382473,15510775,24666603,9111696.0,15554907,-61888537,14615753,0,318533,0.0
TR,TSGYO,2019,575200186,265093518.0,310106668,10537112,20312064,25482449,11315447.0,14167002,52113273,5876054,0,295997,0.0
TR,TSGYO,2020,603049652,138410938.0,464638714,11812029,110847039,23111558,10246752.0,12864806,-45781223,8294145,0,246340,0.0
TR,TSGYO,2021,743565289,3652828.0,739912461,12000500,2940877,30135607,11530706.0,18604901,124879321,7996612,0,261613,0.0
TR,TSGYO,2022,3005322580,13527022.0,2991795558,51770417,12260275,93598236,48296234.0,45302002,982692004,44165341,0,1657907,0.0
TR,TSGYO,2023,4867496487,30718076.0,4836778411,118040075,29070452,152052382,81910855.0,70141527,517369554,96428829,0,26416574,0.0
TR,TSGYO,2024,6924894499,736682873.0,6188211626,317482496,296116998,211315405,119070773.0,92244632,-29362588,113660572,0,36200982,0.0
TR,TSGYO,2025,8249247925,943702039.0,7305545886,205979908,278280362,257609746,145024407.0,112585339,18391749,47496158,0,41262160,0.0
TR,TSPOR,2013,166071053,240417186.0,-74346133,16404713,222936050,106903417,134940601.0,-28037184,-50972688,157914,0,5059241,
TR,TSPOR,2014,271144788,327490766.0,-56345978,25843332,219902616,104238738,192196316.0,-87957578,-104030351,1097065,0,4278066,
TR,TSPOR,2015,222209261,400495090.0,-178285829,32584261,302938374,96377303,219774587.0,-123397284,-113465407,2488,0,2946000,0.0
TR,TSPOR,2016,343993281,632102208.0,-288108927,30757607,288359250,164384458,233423888.0,-69039430,-112198968,1651737,0,4050032,0.0
TR,TSPOR,2017,400868360,981751880.0,-580883520,62703126,503662228,190723543,308402830.0,-117679287,-292463607,6367290,0,3230852,0.0
TR,TSPOR,2018,580212988,1100530808.0,-520317820,75083723,624974889,361740062,280741567.0,80998495,-66013568,5252594,0,3475409,0.0
TR,TSPOR,2019,665867131,1204578454.0,-538711323,189942652,321087661,390978461,311898369.0,79080092,-11691195,2639261,13643953,13863606,0.0
TR,TSPOR,2020,994496800,1441389909.0,-446893109,650880036,314828610,359157302,431052922.0,-71895620,-230875951,60518249,18359768,75958294,0.0
TR,TSPOR,2021,1869367293,2400078152.0,-530710859,1187135972,948721090,656637515,857575938.0,-200938423,-231023506,21491360,44748275,245138665,0.0
TR,TSPOR,2022,5729952043,6721762426.0,-991810383,2883280086,3494300243,2156309488,3502077433.0,-1345767945,-663018458,23485536,206051874,994091131,0.0
TR,TSPOR,2023,8029124435,7420882663.0,608241772,3996552007,5137756375,2396201541,3829081620.0,-1432880079,-1007387796,17860958,200446457,1649566342,0.0
TR,TSPOR,2024,21214538489,15203124904.0,6011413585,1120864264,11572324641,2912405475,5326069755.0,-2413664280,-1898075098,22896482,268502263,2476443227,0.0
TR,TTKOM,2013,18244515000,12916906000.0,5327609000,4849061000,5052639000,13116958000,6761638000.0,6355320000,1267098000,1004767000,87029000,8329666000,2413279000.0
TR,TTKOM,2014,19877787000,13574447000.0,6303340000,6413004000,4225718000,13601623000,7030297000.0,6571326000,1968968000,2538446000,144182000,8180932000,
TR,TTKOM,2015,25773904000,20780536000.0,4993368000,8441600000,8552927000,14522855000,7565517000.0,6957338000,862850000,2837786000,252245000,8538182000,
TR,TTKOM,2016,26874451000,23487830000.0,3386621000,9186483000,8351705000,16108594000,9023396000.0,7085198000,-724340000,3016366000,261264000,8734951000,840859000.0
TR,TTKOM,2017,29148535000,24593448000.0,4555087000,10566394000,8661581000,18139554000,10029082000.0,8110472000,1135532000,4100204000,203978000,9115520000,0.0
TR,TTKOM,2018,36198511000,28744908000.0,7453603000,10936213000,13496359000,20430900000,11249445000.0,9181455000,-1391261000,4494536000,248852000,14254053000,0.0
TR,TTKOM,2019,39909286000,30466433000.0,9442853000,12077205000,13693647000,23657108000,12298492000.0,11358616000,2406783000,4946070000,252042000,14709659000,0.0
TR,TTKOM,2020,44722520000,32685144000.0,12037376000,13289465000,14228270000,28288875000,15705138000.0,12583737000,3177873000,5007927000,248966000,16064911000,601650000.0
TR,TTKOM,2021,58337635000,44087731000.0,14249904000,20779381000,17997064000,34272934000,19404441000.0,14868493000,5761454000,7696870000,439933000,18973746000,1872535000.0
TR,TTKOM,2022,187304063000,106514670000.0,80789393000,43941055000,43747980000,91400927000,70387137000.0,21013790000,6909568000,8444446000,1396645000,75794824000,10140842000.0
TR,TTKOM,2023,281135612000,139225411000.0,141910201000,69645096000,81682276000,144645378000,113071596000.0,31573782000,23709235000,19622532000,1911188000,109710444000,0.0
TR,TTKOM,2024,353745547490,162522885434.0,191222662056,77843165336,84550444290,211588662850,133777102776.0,77811560074,11068445116,9859133508,3595588711,148713234267,0.0
TR,TTKOM,2025,469495846424,235729704896.0,233766141528,126715033817,83568819674,266548784713,155184175026.0,111364609687,25287816117,73662714307,2016562014,181768027740,0.0
TR,TTRAK,2013,1494613191,751295469.0,743317722,1085713601,385811950,2175319881,1703022950.0,472296931,279905939,209322936,413398558,274193297,
TR,TTRAK,2014,1914046849,1209184134.0,704862715,1319190508,737879961,2723317809,2234163502.0,489154307,261087272,269229023,436283247,454154723,
TR,TTRAK,2015,2016048336,1365140931.0,650907405,1374126059,853636480,3102561637,2497656039.0,604905598,256799565,244280765,517663175,469389061,
TR,TTRAK,2016,2302191070,1602330257.0,699860813,1582985377,786815955,3443477897,2701389955.0,742087942,369796289,228417481,556452036,458901767,300000000.0
TR,TTRAK,2017,2788701288,2030931797.0,757769491,1996367885,1113274603,4215056106,3484348070.0,730708036,320756330,441722150,566306204,497227094,250000000.0
TR,TTRAK,2018,3093253588,2441395866.0,651857722,2162519652,1082294860,3908943513,3192105745.0,716837768,240106649,412668530,1084438951,590236861,300000000.0
TR,TTRAK,2019,2915771429,2151757164.0,764014265,1935831192,1095038334,3806474633,3257839047.0,548635586,111893466,746806508,631694053,584676374,0.0
TR,TTRAK,2020,4592005561,3150839124.0,1441166437,3668749558,2025020133,6243308297,4935311548.0,1307996749,776443043,1890430861,870863728,554083801,100000000.0
TR,TTRAK,2021,6110646593,4059652495.0,2050994098,4939922370,3366757709,11644197445,9511285881.0,2132911564,1322187577,1566586803,1739360491,629264236,850000000.0
TR,TTRAK,2022,26006098032,16761651061.0,9244446971,19452117704,15189923819,41397462345,34948694717.0,6448767628,4309826295,7277810456,6332693829,3808219757,2789314065.0
TR,TTRAK,2023,46859088092,24628122786.0,22230965306,36103955828,22717624209,84366889719,61856904188.0,22509985531,13487523973,17803233513,12554763838,6586226435,4541449374.0
TR,TTRAK,2024,47034145308,24824976153.0,22209169155,30078704385,21050387248,87658106372,70748217433.0,16909888940,7513921497,8631168067,12753568493,10841094327,13997390330.0
TR,TTRAK,2025,43581983639,25189067612.0,18392916027,25015904806,20507360727,59242644698,51097135885.0,8145508813,500467785,7382491152,10394559259,12332301611,6346919527.0
TR,TUCLK,2013,108496972,82575531.0,25921441,69845844,59083670,53743509,45879035.0,7864474,1006132,737283,13392529,32584486,
TR,TUCLK,2014,143184804,96397235.0,46787569,82173986,68615125,63396013,55125483.0,8270530,2008636,10956909,10419840,56892136,
TR,TUCLK,2015,187599980,138991757.0,48608223,106471437,68335029,79001847,70057504.0,8944343,1731221,26864230,12140951,75884756,
TR,TUCLK,2016,160361140,100207095.0,60154045,81943112,76090764,83753520,67940671.0,15812849,9908489,11101345,13154448,69576567,0.0
TR,TUCLK,2017,184456426,96864647.0,87591779,63066008,54479384,112947266,92019764.0,20927502,3191136,6977730,10784137,104870092,0.0
TR,TUCLK,2018,219943001,130813415.0,89129586,92506027,84914771,156647656,126641683.0,30005973,-6340889,2150656,12436017,116599702,0.0
TR,TUCLK,2019,248504710,154258454.0,94246256,97576506,111645685,183115921,154116643.0,28999278,1606471,375038,13439167,131476074,0.0
TR,TUCLK,2020,336333056,227875242.0,108457814,161407518,158867713,187860133,144877772.0,42982361,6934832,13601140,24723231,165910122,0.0
TR,TUCLK,2021,663821591,417829003.0,245992588,373108024,295053170,323933316,257664268.0,66269048,76155604,70580326,57225880,226474681,0.0
TR,TUCLK,2022,2771738800,1598599295.0,1173139505,994911390,836196774,1267577622,1070606108.0,196971514,204063618,78179679,192950541,1721577872,0.0
TR,TUCLK,2023,4892438570,2722115568.0,2170323002,1679768200,1558351836,2065120681,1793794682.0,271325999,447321645,297686970,307674286,3049000385,0.0
TR,TUCLK,2024,5888813090,2868537745.0,3020275345,1666914761,1587484634,2112815902,1792321123.0,320494779,228867644,4351590,436541728,2475991139,0.0
TR,TUCLK,2025,8132823403,4439654409.0,3693168994,3465522463,2467576192,2183261579,1426042996.0,757218583,-139760234,245542007,1140776573,3056740388,0.0
TR,TUKAS,2013,218887640,179308117.0,39579523,171070091,104249857,137370364,117707284.0,19663080,-39973342,107861,67740276,46274706,
TR,TUKAS,2014,207468306,136929958.0,70538348,152834990,105144470,106221206,110248591.0,-4027385,-43813795,21975882,65976416,53827505,
TR,TUKAS,2015,271746403,150167889.0,121578514,173213467,117226468,162563810,129515706.0,33048104,37953926,1673471,99538163,81441694,0.0
TR,TUKAS,2016,294042194,157612052.0,136430142,198618209,128436133,202652381,162641672.0,40010709,15227319,1889436,109102692,83585122,0.0
TR,TUKAS,2017,369716610,228591299.0,141125311,255820326,197688157,235258862,189311833.0,45947029,6293290,5297360,138691658,103328491,0.0
TR,TUKAS,2018,618872889,444296563.0,174576326,330671181,345443363,373985924,276675032.0,97310892,35625470,437060,214744190,230976822,0.0
TR,TUKAS,2019,806686874,526306171.0,280380703,449310931,329837702,641160628,458856399.0,182304229,107190323,448677,277850159,203933685,0.0
TR,TUKAS,2020,1248227005,699737079.0,548489926,675484180,472866589,814368727,570722155.0,243646572,127897705,21020591,440465550,411733472,0.0
TR,TUKAS,2021,1536132621,804677855.0,731454766,890798585,642080986,1065066116,751268726.0,313797390,182092847,15550485,492718895,429453711,0.0
TR,TUKAS,2022,8079961813,3389305187.0,4690656626,5436123890,2776047585,7476194939,4541408546.0,2934786393,1863071176,144050455,2450273475,2419320925,0.0
TR,TUKAS,2023,14116825335,3374592745.0,10742232590,6167590370,2919213863,9382821354,6597020667.0,2785800687,1675972311,279396086,3394564858,7761776074,0.0
TR,TUKAS,2024,20881177100,6104710426.0,14776466674,8409088245,4320463107,8949231585,7010527867.0,1938703718,1022545974,30730582,4835767608,12096955423,0.0
TR,TUKAS,2025,29562044325,10364909634.0,19197134691,12009851948,6184407249,9568076365,7174066134.0,2394010231,563725824,42184063,7626495017,17315232366,0.0
TR,TUPRS,2013,21139387000,16000873000.0,5138514000,9764538000,10396466000,41078427000,39605121000.0,1473306000,1199190000,3663114000,3456300000,8321563000,
TR,TUPRS,2014,21932560000,15719930000.0,6212630000,6991378000,8561001000,39722712000,38459914000.0,1262798000,1470121000,3898396000,2370534000,10663393000,396163000.0
TR,TUPRS,2015,25470116000,17101667000.0,8368449000,8742285000,8828240000,36893328000,32766949000.0,4126379000,2563927000,3027546000,2102161000,11479744000,6046000.0
TR,TUPRS,2016,31218180000,23051147000.0,8167033000,13667060000,12660262000,34854851000,31205624000.0,3649227000,1812790000,6050721000,3608439000,11741476000,1627725000.0
TR,TUPRS,2017,38162979000,27685318000.0,10477661000,20366024000,17675669000,53948110000,47734212000.0,6213898000,3840556000,8802069000,5291090000,12303437000,1557107000.0
TR,TUPRS,2018,40035727000,30089898000.0,9945829000,20962205000,15949538000,88552170000,79327847000.0,9224323000,3761445000,5982828000,6764745000,12339167000,3406452000.0
TR,TUPRS,2019,55511558000,42375018000.0,13136540000,27918955000,28120266000,89600776000,84716489000.0,4884287000,585330000,10652009000,9468581000,20334715000,3793851000.0
TR,TUPRS,2020,63614229000,50688796000.0,12925433000,31281757000,28766431000,63243815000,61479585000.0,1764230000,-2422925000,20319133000,7700630000,23457048000,5606000.0
TR,TUPRS,2021,106257111000,87176111000.0,19081000000,66515384000,64828702000,152492019000,136631978000.0,15860041000,3613224000,21176186000,23757526000,28316299000,20020000.0
TR,TUPRS,2022,347700482000,168287915000.0,179412567000,197509966000,130003677000,916751060000,803671342000.0,113079718000,61545237000,78489840000,59452710000,128588094000,68681000.0
TR,TUPRS,2023,529573034000,236569185000.0,293003849000,290417521000,224178678000,991202993000,832772469000.0,158430524000,77780087000,140512161000,64196689000,193235700000,49446248000.0
TR,TUPRS,2024,594418095737,219741787630.0,374676308107,242924444741,194726490009,1060732568259,971686119075.0,89046449184,24913574648,96250935738,78898835528,296026817229,63827709543.0
TR,TUPRS,2025,651409013845,244449666379.0,406959347466,260719421096,186791206272,913725285046,824337149523.0,89388135523,32871938581,118004007594,68384979854,325994115590,38343366839.0
TR,TUREX,2018,233134661,161670883.0,71463778,89284565,119836125,374416206,322558563.0,51857643,11734481,11504014,0,138785552,0.0
TR,TUREX,2019,303384623,165263344.0,138121279,120616341,113972496,469493808,376763656.0,92730152,48172835,25311906,0,170347501,0.0
TR,TUREX,2020,398859049,182325372.0,216533677,139253668,109768137,469376961,375305225.0,94071736,60383710,25290830,7387215,237704012,0.0
TR,TUREX,2021,543863899,173503694.0,370360205,194877665,114918946,591124451,488923406.0,102201045,52464222,57346524,10179182,327196704,0.0
TR,TUREX,2022,2307058000,830498000.0,1476560000,593816000,554988000,2429651000,2034310000.0,395341000,21104000,89966000,43561000,1637658000,0.0
TR,TUREX,2023,7521694000,2232263000.0,5289431000,1063538000,885457000,4785680000,3735577000.0,1050103000,676147000,210646000,21898000,5186881000,0.0
TR,TUREX,2024,9945073484,3340444221.0,6604629263,2021731496,1722417390,6951603884,5861164762.0,1090439122,279593868,330505748,103243942,6738215356,0.0
TR,TUREX,2025,12024951918,3900510219.0,8124441699,2997145360,2011484761,8719431090,6797495918.0,1921935172,673219148,334834626,162937578,7574219949,0.0
TR,TURGG,2013,167823369,32715173.0,135108196,25686,718291,0,0.0,0,-12016877,144,0,0,
TR,TURGG,2014,175399215,35315544.0,140083671,68922,2072858,0,0.0,0,4975475,1637,0,6512,
TR,TURGG,2015,181900231,38319458.0,143580773,216087,4174826,0,0.0,0,3497102,95472,0,19111,
TR,TURGG,2016,175241897,31342750.0,143899147,14022552,38616,0,0.0,0,309844,14001207,0,15836,0.0
TR,TURGG,2017,189445483,34128809.0,155316674,14264362,41999,0,0.0,0,11417604,14011919,0,14045,0.0
TR,TURGG,2018,175058138,31124755.0,143933383,14772671,40782,0,0.0,0,-11372495,14598929,0,11002,0.0
TR,TURGG,2019,177845475,31593862.0,146251613,15637746,80851,0,0.0,0,2323147,15306130,0,4729,0.0
TR,TURGG,2020,184599443,32944105.0,151655338,15323857,94811,0,0.0,0,5407503,14859006,0,2506,0.0
TR,TURGG,2021,223142788,40603038.0,182539750,15866883,57938,0,0.0,0,30888720,15444949,0,6006,0.0
TR,TURGG,2022,1112183699,202202937.0,909980762,24270127,295162,0,0.0,0,416084548,23391393,0,23880,0.0
TR,TURGG,2023,2005068986,471677315.0,1533391671,14800888,606897,0,0.0,0,219726742,13614543,0,25552,0.0
TR,TURGG,2024,2744533339,649978098.0,2094555241,5092061,403851,0,0.0,0,80950176,3474504,0,23002,0.0
TR,TURGG,2025,3212625487,768939404.0,2443686083,30437020,980423,0,0.0,0,197536505,27489340,0,48772,0.0
TR,UCAYM,2022,2350360807,1648067211.0,702293596,1660181461,1538783009,3290596506,2533092835.0,757503671,-54297247,226180002,587367040,409289590,0.0
TR,UCAYM,2023,2793681586,1983838592.0,809842994,2192168790,1762464122,3924234497,2890875965.0,1033358532,88190954,112999688,478861389,339385662,0.0
TR,UCAYM,2024,2159569316,1167214839.0,992354477,1550629695,963880541,3872691428,2845969864.0,1026721564,132768934,232550269,325891120,408720826,0.0
TR,UCAYM,2025,2268134691,1071085517.0,1197049174,1580149967,832540042,3098054611,2378955510.0,719099101,105099392,247811430,357226205,254902266,0.0
TR,UFUK,2014,217622244,102711603.0,114910641,204061792,40252577,0,0.0,0,7015377,23539148,0,1098627,
TR,UFUK,2015,334926487,180615754.0,154310733,100945587,117256517,0,0.0,0,9313130,536921,0,1083386,
TR,UFUK,2016,342614968,224913009.0,117701959,127336169,224349082,9696541,3723301.0,5973240,7098258,690352,0,1050490,0.0
TR,UFUK,2017,437501721,142929072.0,294572649,43256215,142614171,14322744,5854198.0,8468546,-17249485,135340,0,5011,0.0
TR,UFUK,2018,248317430,143925064.0,104392366,27024887,11209242,18740163,7709435.0,11030728,-29884347,109831,0,6704,0.0
TR,UFUK,2019,354529271,163944741.0,190584530,31362318,5943107,21735375,7403919.0,14331456,-8523181,212798,0,4168,0.0
TR,UFUK,2020,581005926,168536492.0,412469434,21167871,2156805,17318726,7901473.0,9417253,26960370,145211,0,13276,0.0
TR,UFUK,2021,961849084,311511353.0,650337731,56829224,2231700,28803238,7671853.0,21131385,298801998,257256,0,19908,0.0
TR,UFUK,2022,3083728166,716425534.0,2367302632,131539320,7194395,103172189,20523204.0,82648985,-29295375,188720,0,123681,0.0
TR,UFUK,2023,1739413395,15374156.0,1724039239,510675334,13727084,0,0.0,0,-602961348,21263,0,152594,0.0
TR,UFUK,2024,1971806568,30216854.0,1941589714,140595401,1851112,0,0.0,0,-315045395,91700088,0,0,0.0
TR,UFUK,2025,3067213284,369885637.0,2697327647,134514121,1312889,0,0.0,0,560799065,4239,0,183694,0.0
TR,ULAS,2013,25822241,10579203.0,15243038,2802449,3635719,4513069,3803451.0,709618,-1657219,1020161,98166,22082992,
TR,ULAS,2014,31624437,17396741.0,14227696,8824614,8715306,5951010,4334047.0,1616963,-1051585,7746425,151207,21844060,
TR,ULAS,2015,36578536,24987918.0,11590618,18314987,10663148,1320074,1658002.0,-337928,-5362551,3507779,38595,10465746,
TR,ULAS,2016,38606873,29884986.0,8721887,7048177,17995285,0,0.0,0,-4590070,2074180,0,598986,0.0
TR,ULAS,2017,36109333,10892354.0,25216979,11929334,4480054,0,0.0,0,16137927,2869592,0,948458,0.0
TR,ULAS,2018,34455775,8215424.0,26240351,17394861,3972220,0,0.0,0,1159391,6775179,0,880328,0.0
TR,ULAS,2019,30676084,5514572.0,25161512,14816502,3368580,0,0.0,0,-1058306,3830875,0,743814,0.0
TR,ULAS,2020,35513126,4406882.0,31106244,10936670,1682599,0,0.0,0,5918887,9339699,0,662857,0.0
TR,ULAS,2021,77649087,19394770.0,58254317,20458951,3339193,0,0.0,0,27171079,17812898,0,565097,0.0
TR,ULAS,2022,237238469,45065657.0,192172812,42645574,7427945,0,0.0,0,32933313,6616206,0,3408652,0.0
TR,ULAS,2023,695289138,385799796.0,309489342,355132931,324417664,0,0.0,0,31407414,33246612,0,5390058,0.0
TR,ULAS,2024,592686225,172310506.0,420375719,137202457,97898585,65538844,64889945.0,648899,15316185,23876,0,4010159,0.0
TR,ULAS,2025,729417660,242833698.0,486583962,235699558,207635189,0,0.0,0,24138734,122990,0,6979088,0.0
TR,ULKER,2013,3161951940,1893783493.0,1268168447,2128504531,1826580192,2748370545,2115060273.0,633310272,227330561,1164383158,198321733,532558107,
TR,ULKER,2014,4567642593,3450146953.0,1117495640,3262280793,1659870610,2891213747,2283561429.0,607652318,234984712,1055071051,274795357,721432631,
TR,ULKER,2015,5201800592,3593421231.0,1608379361,3477399742,1785736307,3793737272,2924617090.0,869120182,322814136,1344388200,315486154,891477307,99158667.0
TR,ULKER,2016,6165670000,4719362000.0,1446308000,3662558000,3377536000,4193774746,3119725099.0,1074049647,284296416,2288339000,406274000,1118765000,114825333.0
TR,ULKER,2017,8471346000,5907809000.0,2563537000,4830708000,2211464000,4825648000,3573677000.0,1251971000,444997000,3189865000,583581000,2098780000,71917000.0
TR,ULKER,2018,10669872000,6990140000.0,3679732000,6391831000,1844865000,5955508000,4395223000.0,1560285000,787621000,3378761000,604554000,2276366000,101877000.0
TR,ULKER,2019,13657469000,8459743000.0,5197726000,9451352000,7122625000,7803120000,5663928000.0,2139192000,1102425000,2045073000,909952000,2514964000,0.0
TR,ULKER,2020,19491674000,12674981000.0,6816693000,14701119000,3230685000,9715630000,6778372000.0,2937258000,1268565000,3835520000,1695858000,2846826000,6686000.0
TR,ULKER,2021,26243625000,21929723000.0,4313902000,18764940000,6134222000,12537080000,8924665000.0,3612415000,-162419000,3004834000,3218231000,3640893000,373341000.0
TR,ULKER,2022,66149172000,50506057000.0,15643115000,41773214000,27825778000,51981208000,40653018000.0,11328190000,1429506000,15249460000,8516384000,14702973000,198768000.0
TR,ULKER,2023,88922371000,60332525000.0,28589846000,53401735000,22302898000,80615534000,57260016000.0,23355518000,6096775000,16830554000,12115210000,23496675000,288485000.0
TR,ULKER,2024,127538130396,83720484829.0,43817645567,85224467792,37231541495,110077710239,77267767894.0,32809942345,10492467821,34435342341,15485419840,30441770269,477457257.0
TR,ULKER,2025,139604399675,89122721938.0,50481677737,93430798934,38832920143,123140011411,87546950028.0,35593061383,5728924453,25659918047,26048028620,34477043899,4220205519.0
TR,ULUSE,2013,156321285,38546175.0,117775110,130488878,36005169,259991162,164498354.0,95492808,71497140,45760964,8959518,23380813,
TR,ULUSE,2014,145049706,28274068.0,116775638,107427031,27161888,177158557,103739247.0,73419310,45245363,17674396,12943992,32871898,
TR,ULUSE,2015,150973330,44221914.0,106751416,79821954,42518698,144484002,114946640.0,29537362,13578751,14017384,24452999,66627907,
TR,ULUSE,2016,190005133,55098881.0,134906252,117824679,52610604,227843178,164705081.0,63138097,35886380,13762110,27121964,67708249,15223335.0
TR,ULUSE,2017,284584420,80727135.0,203857285,211608601,78149048,436452287,307882927.0,128569360,87061672,30314060,44832194,68299089,18226561.0
TR,ULUSE,2018,374217204,72203629.0,302013575,321611842,69065694,565417588,374614495.0,190803093,125803475,85388600,67970759,52040583,26142000.0
TR,ULUSE,2019,520003532,129386266.0,390617266,450396703,121895581,486802362,365273452.0,121528910,90460006,156892556,88513029,59585789,0.0
TR,ULUSE,2020,659627603,259120389.0,400507214,554528399,247923044,660957685,571750322.0,89207363,7416808,104357535,124606721,88409052,0.0
TR,ULUSE,2021,1285297467,968417975.0,316879492,975209226,952251186,955394310,891517282.0,63877028,-74445335,35679892,368743934,134023173,0.0
TR,ULUSE,2022,3431252155,2359485342.0,1071766813,2197999999,2314342768,4256386018,3927781648.0,328604370,-92777036,162850199,847034830,570150479,0.0
TR,ULUSE,2023,4760609836,3951720121.0,808889715,3342262438,3150057002,6248244025,5309610166.0,938633859,-658723059,443289115,1159652368,814545359,0.0
TR,ULUSE,2024,5910637066,5532371897.0,378265169,4213395564,3664333073,6483782889,6476259540.0,7523349,-946497551,335603329,1582357245,999714205,0.0
TR,ULUSE,2025,7461976293,7248773196.0,213203097,5366104976,6104964435,7937973161,6586706790.0,1351266371,-206976548,498885068,2529954046,1212090263,0.0
TR,ULUUN,2013,339982152,252589642.0,87392510,288866127,244262605,682163343,633783566.0,48379777,8048779,63983460,104017540,46236180,
TR,ULUUN,2014,493882563,330993930.0,162888633,440546330,319988236,921577365,862192903.0,59384462,14189389,66466944,175012462,47524698,
TR,ULUUN,2015,503107252,333338913.0,169768339,430476542,326793283,1030479354,952456882.0,78022472,8303209,44688907,140128664,46144226,
TR,ULUUN,2016,568647893,389176468.0,179471425,478299924,370936821,1151991130,1075930400.0,76060730,14796725,32323233,140983993,61668476,2886019.0
TR,ULUUN,2017,856847857,661173666.0,195674191,758865094,576882501,1805706332,1715166304.0,90540028,16595085,140562922,222341158,68002892,0.0
TR,ULUUN,2018,1035860034,792371189.0,243488845,857513399,595776972,2984555718,2875622716.0,108933002,19906171,233269456,148876878,138747769,0.0
TR,ULUUN,2019,1280499512,1007205710.0,273293802,1065392461,798508885,3052037806,2892155932.0,159881874,26995351,148566399,302969241,179250534,0.0
TR,ULUUN,2020,1673339594,1288831112.0,384508482,1339099007,973418067,4344809129,4141713998.0,203095131,43282290,327845182,459113825,285597731,0.0
TR,ULUUN,2021,3694706552,2966511046.0,728195506,3002729564,2565639858,9308745555,8785308210.0,523437345,139595256,498900970,860125939,592884673,0.0
TR,ULUUN,2022,17918426905,11939773919.0,5978652986,12182724073,9867772603,37720069992,34575568048.0,3144501944,2602451084,2504061911,2116516673,4045233385,0.0
TR,ULUUN,2023,29637249767,19427738021.0,10209511746,18939401769,15782584594,57261611515,53936681542.0,3324929973,-965574608,2578244609,2960297683,8069084811,473115361.0
TR,ULUUN,2024,41461549490,26636086035.0,14825463455,25763391791,22812753671,64035790299,61213046458.0,2822743841,-179759218,5802753482,2977828076,12199246112,0.0
TR,ULUUN,2025,49404057808,32934943325.0,16469114483,31482346882,25023761805,73658642864,70350079294.0,3308563570,-126470520,6523933151,3151772920,14369094383,0.0
TR,UMPAS,2013,151178518,93947730.0,57230788,83106166,70340476,108896369,82346796.0,26549573,746207,4796513,44559127,56973497,
TR,UMPAS,2014,175912817,114815867.0,61096950,104834188,95144482,129656790,99568646.0,30088144,3842788,1635158,46932385,53758458,
TR,UMPAS,2015,227572650,142226802.0,85345848,115669236,124273086,132683254,108600649.0,24082605,12497222,1423439,40228174,68137317,
TR,UMPAS,2016,277105356,168627382.0,108477974,131092460,135195607,135735390,99381656.0,36353734,-4433804,4770377,48363373,97396106,0.0
TR,UMPAS,2017,326032034,214131370.0,111900664,155180372,159222787,146419215,99935689.0,46483526,4791901,6660061,70381135,110549833,0.0
TR,UMPAS,2018,311013742,245961098.0,65052644,146693720,197554977,150254474,139023770.0,11230704,-43012951,2039433,63109563,107889467,0.0
TR,UMPAS,2019,220477436,211884034.0,8593402,109569378,138241168,113051274,124366863.0,-11315589,-61980308,4908138,24077271,99306942,0.0
TR,UMPAS,2020,247093611,250629979.0,-3536368,140275487,175064235,1277053,4795376.0,-3518323,-12765087,5618917,23611653,95228525,0.0
TR,UMPAS,2021,158906078,232764270.0,-73858192,27251507,162285020,551721,27435.0,524286,-51822226,1489558,20064375,97627762,0.0
TR,UMPAS,2022,701868754,417893881.0,283974873,58501130,332246797,67917393,29713680.0,38203713,-31250634,3175617,145696,639864039,0.0
TR,UMPAS,2023,1439096839,625642984.0,813453855,45334675,228596230,0,0.0,0,-1015001,1927269,85130,1363662730,0.0
TR,UNLU,2018,480043206,289987138.0,190056068,419838604,206370849,1853249974,1699497684.0,153752290,-4670357,91816754,0,3707385,0.0
TR,UNLU,2019,482922474,274889716.0,208032758,276796108,183000039,0,0.0,173884559,12806095,82130660,0,6973563,0.0
TR,UNLU,2020,602625044,357961303.0,244663741,400112042,277731540,0,0.0,241756610,61298522,113013033,0,6275044,0.0
TR,UNLU,2021,938966503,332115660.0,606850843,702370708,270701574,0,0.0,300253842,79618249,271357158,0,12883081,0.0
TR,UNLU,2022,3031928701,1363187099.0,1668741602,2374761745,1205912046,0,0.0,1304004902,-23463037,435755458,0,54417753,47367569.0
TR,UNLU,2023,3903160525,1641474722.0,2261685803,3056071615,1508750608,0,0.0,2191894124,52199360,1254178836,0,81112867,99310808.0
TR,UNLU,2024,5336203386,2289394516.0,3046808870,3540882529,1843754313,0,0.0,3130354379,153717790,1054120990,0,78773774,0.0
TR,UNLU,2025,6159684079,3062086280.0,3097597799,3534473069,2556250597,0,0.0,2720932664,-226621968,1069708463,0,63501177,0.0
TR,USAK,2013,266502599,175232722.0,91269877,151138689,121428339,145161329,118838437.0,26322892,-3711123,387280,54037365,113570772,
TR,USAK,2014,276581318,183229608.0,93351710,157863069,138372958,165273828,136291254.0,28982574,2034439,1300364,53621914,115156011,
TR,USAK,2015,367875017,274556855.0,93318162,205430953,190448759,187541228,148842839.0,38698389,1194166,860173,57566298,156173981,
TR,USAK,2016,457541544,338074362.0,119467182,246002591,273714943,222934747,174056658.0,48878089,4995262,942746,65953229,207816688,0.0
TR,USAK,2017,510307076,387325761.0,122981315,278372994,263451507,273839544,206085904.0,67753640,5518581,13317334,80217116,225426546,0.0
TR,USAK,2018,652936213,475067808.0,177868405,354507667,386754406,315517881,234772655.0,80745226,4502241,25580665,123342723,294247347,0.0
TR,USAK,2019,789479022,545916506.0,243562516,488372161,401434834,363048307,265856895.0,97191412,10654716,1671311,185655024,290958207,0.0
TR,USAK,2020,934881811,539639559.0,395242252,628774755,457766889,488260603,372469029.0,115791574,20345508,17585683,196630902,301311385,0.0
TR,USAK,2021,1671932472,962386732.0,709545740,971585223,835037269,719677196,568452339.0,151224857,62106608,11520357,240772378,677124768,0.0
TR,USAK,2022,4729654993,2497832079.0,2231822914,2536111625,2077886679,3251764567,2677710266.0,574054301,184727831,29777020,1040430352,2127702911,0.0
TR,USAK,2023,6754963247,3286790732.0,3468172515,3370852612,3009519192,3795463015,3091004546.0,704458469,245230392,111349388,1198797818,3138359272,0.0
TR,USAK,2024,9504710714,5048113775.0,4456596939,4510969477,4643749228,4291255559,4128628211.0,162627348,-76187023,40350177,1437933361,4727608625,0.0
TR,USAK,2025,11860223030,6375167234.0,5485055796,5386853133,5955313919,5242860982,3997733491.0,1245127491,-25811527,29031581,2168915540,6106400789,0.0
TR,VAKKO,2013,352400552,185032970.0,167367582,191956051,132336962,309613657,147899556.0,161714101,-6675659,40932718,77546671,158034837,
TR,VAKKO,2014,389589320,228362620.0,161226700,224608013,169703234,383770398,187302868.0,196467530,-8298808,42930932,102075011,160491152,
TR,VAKKO,2015,379557475,214572808.0,164984667,219576783,149258670,451389108,226602419.0,224786689,3592880,24156094,113623752,155727060,
TR,VAKKO,2016,442656163,255899325.0,186756838,269319498,197415303,520383120,249990920.0,270392200,15135882,44854772,129814049,170778238,7071.0
TR,VAKKO,2017,578957152,354026693.0,224930459,372525047,296502663,652677007,305023795.0,347653212,39648469,54853609,204257942,202206305,1756.0
TR,VAKKO,2018,784164165,516449549.0,267714616,524980961,439629614,907088847,421485205.0,485603642,59183027,47989131,346582991,253590908,30516757.0
TR,VAKKO,2019,1122583287,798442555.0,324140732,592694652,542170882,1280972428,611185596.0,669786832,83845778,24489172,441847766,290458866,23366590.0
TR,VAKKO,2020,1281617288,891439765.0,390177523,720663830,513589002,983997864,482152131.0,501845733,13414555,55765707,534740209,344453639,0.0
TR,VAKKO,2021,1508527977,985400330.0,523127647,932334615,724941442,1693357762,719417699.0,973940063,222444270,165968680,591924796,354136620,81420444.0
TR,VAKKO,2022,7499177120,3534318501.0,3964858619,4726963094,2527243265,7935844341,3935378362.0,4000465979,1680095907,1298441469,2890026985,1870049766,284727603.0
TR,VAKKO,2023,12722053513,5177024024.0,7545029489,7852859932,3634103628,14239328628,6144739939.0,8094588689,2807240455,1167311196,5606612697,2931751677,908588965.0
TR,VAKKO,2024,16688924468,6322848565.0,10366075903,10565732424,4310933766,19444634113,9533509938.0,9911124175,1055632341,1919652957,7457146567,3688984585,615968624.0
TR,VAKKO,2025,17427198993,6680372729.0,10746826264,10359257536,4343824153,21845806553,11788032989.0,10057773564,62707076,1032594917,7151305129,4208491620,813171472.0
TR,VANGD,2013,34715159,8024816.0,26690343,3207666,6041558,6872249,7457304.0,-585055,1109055,233137,844902,18333655,
TR,VANGD,2014,45366288,9696655.0,35669633,26608401,7863066,9978178,10643423.0,-665245,4157513,32337,1491061,18707646,
TR,VANGD,2015,45719412,6389031.0,39330381,21111619,3291106,4817029,5717621.0,-900592,-1578673,19772,944210,24559537,
TR,VANGD,2016,48199547,17497010.0,30702537,5735530,13808747,6473773,6410785.0,62988,-8591683,15248,801316,23349767,0.0
TR,VANGD,2017,58428601,17945360.0,40483241,34237636,14296702,601765,718174.0,-116409,1936668,5576862,0,1807552,0.0
TR,VANGD,2018,45067712,6320437.0,38747275,21961344,4114624,3288861,3283074.0,5787,480253,738545,0,1463296,0.0
TR,VANGD,2019,34164798,4807243.0,29357555,8786881,935583,6231780,5524213.0,707567,-9367975,3730397,0,1232339,0.0
TR,VANGD,2020,41525949,5729075.0,35796874,12395420,1237953,8593412,8584949.0,8463,6447315,783005,0,968445,0.0
TR,VANGD,2021,59517888,8483985.0,51033903,11972062,647245,12626544,12318903.0,307641,15237635,598223,0,1330789,0.0
TR,VANGD,2022,199111038,26555580.0,172555458,21498361,1453131,46096156,46101241.0,-5085,26616130,187981,0,4091002,0.0
TR,VANGD,2023,227295467,29443176.0,197852291,20239618,6732653,144527252,142208784.0,2318468,-51345441,308552,0,5116055,0.0
TR,VANGD,2024,292562828,45525135.0,247037693,27414422,13852284,186371243,184487123.0,1884119,-11919281,6098454,0,15141728,0.0
TR,VANGD,2025,629677759,111584790.0,518092969,22356081,12216106,157375314,156589104.0,786209,246344857,63302,0,14822865,0.0
TR,VBTYZ,2018,70014427,51863714.0,18150713,57782746,42350582,88621067,74027354.0,14593713,6280735,6497712,158505,1031256,0.0
TR,VBTYZ,2019,78621700,50776704.0,27844996,64201583,41431120,95420430,75077739.0,20342691,9473076,24063997,1598117,1473354,0.0
TR,VBTYZ,2020,124586341,81449033.0,43137308,104415287,71965203,130017611,104982161.0,25035450,15080346,75739812,4347659,1814359,0.0
TR,VBTYZ,2021,342582428,203199677.0,139382751,291837655,195899668,198506402,159906602.0,38599800,34146203,224819836,16330251,17350351,0.0
TR,VBTYZ,2022,1541822115,1108535585.0,433286530,1323399398,1039157358,1178474218,991881377.0,186592841,8889395,389986443,14387522,62337911,0.0
TR,VBTYZ,2023,1102027712,379057750.0,722969962,788786904,351753536,3081880754,2731729230.0,350151524,144129757,236786804,83834110,131529796,37455255.0
TR,VBTYZ,2024,2505087763,1500859435.0,1004228328,773945978,745655112,3019485046,2330555122.0,688929924,45651438,241794744,102868256,167301833,0.0
TR,VBTYZ,2025,2741865057,1738436766.0,1003428291,1484324554,1081610260,2671361587,1840159329.0,831202257,196298337,303103098,196853471,167017105,0.0
TR,VERTU,2013,65824042,10955336.0,54868706,65762077,10955336,0,0.0,0,10193323,33788,0,4875,
TR,VERTU,2014,72259514,13059815.0,59199699,71699142,13059815,0,0.0,0,4330993,277065,0,3375,
TR,VERTU,2015,146969851,22690707.0,124279144,146866255,22662854,18845223,13808060.0,5037163,33202586,2241766,0,96096,0.0
TR,VERTU,2016,139929552,8626491.0,131303061,139738927,8571232,13500000,13200000.0,300000,22623917,15103,0,74064,15600000.0
TR,VERTU,2017,151992288,4792184.0,147200104,151942138,4749538,0,0.0,0,20837043,2498,0,49817,4940000.0
TR,VERTU,2018,162866294,182754.0,162683540,162837336,121803,37965579,37311718.0,653861,15483436,28860,0,28958,0.0
TR,VERTU,2019,181843763,198139.0,181645624,181834515,93596,31606665,29858400.0,1748265,31182084,34113859,0,9248,12220000.0
TR,VERTU,2020,376213008,12221654.0,363991354,376211637,12118919,0,0.0,0,181739390,3344460,0,1371,6120000.0
TR,VERTU,2021,1538645436,24716677.0,1513928759,1538623330,140634,0,0.0,0,1152537405,873521,0,14378,2600000.0
TR,VERTU,2022,6223190999,93428418.0,6129762581,6213420766,11965388,0,0.0,0,2006821896,130372,0,9755211,12485655.0
TR,VERTU,2023,4317135422,432848749.0,3884286673,4305925835,432760181,158751420,234554661.0,-75803241,-4950517391,1069992,0,11205092,16110287.0
TR,VERTU,2024,4863638783,1243252.0,4862395531,4852778056,1025399,0,0.0,0,-238488987,2657807,0,10860727,14061374.0
TR,VERTU,2025,5094683099,37470159.0,5057212940,5086866005,37231688,0,0.0,0,-271435324,339487,0,7817094,0.0
TR,VERUS,2013,139027350,18324636.0,120702714,132753953,18261858,42574496,40078021.0,2496475,9918695,43326235,2829,115255,
TR,VERUS,2014,140834834,13219079.0,127615755,132768620,13170457,47446382,45022940.0,2423442,9313041,41650601,45004,67518,
TR,VERUS,2015,253131945,38637318.0,214494627,207984090,21746900,90185176,80103263.0,10081913,59569025,37275870,55110,38786663,5000000.0
TR,VERUS,2016,303503666,64186754.0,239316912,255543487,43587179,94776443,93736205.0,1040238,42885896,4023298,47436,37101154,11147305.0
TR,VERUS,2017,340431687,74705414.0,265726273,275839328,49351979,85514495,86321095.0,-806600,20313527,2598392,4449394,41948058,12577714.0
TR,VERUS,2018,402685796,77325750.0,325360046,296471898,27742530,95706318,86455766.0,9250552,54237197,8049622,6934224,62609626,1389032.0
TR,VERUS,2019,490692768,85007688.0,405685080,366396352,16071602,82493220,70547571.0,11945649,75658246,39120942,7054354,71262508,6553973.0
TR,VERUS,2020,751491965,155075766.0,596416199,542961701,21518535,54971946,40564009.0,14407937,160060343,43454085,10445915,141635274,2779244.0
TR,VERUS,2021,1334348140,113098966.0,1221249174,978681999,43177127,122107283,95746527.0,26360756,295475610,32962611,31874700,256775380,2742147.0
TR,VERUS,2022,4057121777,749964620.0,3307157157,2526967307,491209567,700578771,598352964.0,102225807,78437850,36197926,134477361,1100057062,13816478.0
TR,VERUS,2023,5871311252,651330695.0,5219980557,3307118787,576558736,887309048,893069060.0,-5760012,655143152,424235725,148966765,1783492736,16078685.0
TR,VERUS,2024,7666905037,632410837.0,7034494200,4437658326,472013226,1462334750,1050211408.0,412123343,623139438,23776903,104739875,2065688563,40635255.0
TR,VERUS,2025,8888466574,1544320640.0,7344145934,5880638951,1447806461,837975907,880125453.0,-42149546,-373446533,41660121,125200446,1949853476,0.0
TR,VESBE,2013,1352923000,812119000.0,540804000,963168000,556330000,2028695000,1850236000.0,178459000,52689000,18576000,324125000,329512000,
TR,VESBE,2014,1549437000,886874000.0,662563000,1145537000,649202000,2337141000,2036804000.0,300337000,131177000,163711000,229782000,330230000,
TR,VESBE,2015,1721300000,1007027000.0,714273000,1318015000,765121000,2524068000,2151671000.0,372397000,163895000,88687000,261376000,314570000,
TR,VESBE,2016,2287503000,1367572000.0,919931000,1818711000,1002241000,3037017000,2546704000.0,490313000,325005000,12829000,244446000,327965000,130877000.0
TR,VESBE,2017,3029989000,2017852000.0,1012137000,2289940000,1706307000,3857756000,3363747000.0,494009000,295234000,73679000,500180000,553202000,180000000.0
TR,VESBE,2018,4685092000,2873517000.0,1811575000,3063271000,2747126000,5693973000,4781608000.0,912365000,622561000,120847000,579054000,1435364000,240000000.0
TR,VESBE,2019,4983802000,3177574000.0,1806228000,3167744000,2991718000,6967964000,6083290000.0,884674000,568072000,119328000,646136000,1516259000,566829000.0
TR,VESBE,2020,8229991000,4868226000.0,3361765000,5616772000,4458675000,9409285000,7602834000.0,1806451000,1331308000,216011000,952552000,2190304000,128766000.0
TR,VESBE,2021,14189413000,9296758000.0,4892655000,10120625000,8562036000,16178009000,13613315000.0,2564694000,1518592000,112837000,2649388000,3274859000,800000000.0
TR,VESBE,2022,45790459000,32236020000.0,13554439000,28346799000,30365082000,59583113000,53782067000.0,5801046000,211788000,953664000,7603835000,15190928000,1406252000.0
TR,VESBE,2023,73509046000,42337987000.0,31171059000,38253662000,36400106000,88171978000,73770279000.0,14401699000,6821109000,1053301000,10446340000,31158164000,784582000.0
TR,VESBE,2024,93681760166,49381725319.0,44300034847,41117069804,42016951946,98597464768,88246634227.0,10350830541,347948460,1429526171,12898868311,47329786492,1788590007.0
TR,VESBE,2025,99056132673,58698795266.0,40357337407,38522682795,46854790099,81825916555,76000982055.0,5824934500,-6956280580,320719774,9272029708,50795646546,86709452.0
TR,VESTL,2013,5636808000,4291618000.0,1345190000,3509983000,3674314000,6217957000,5133478000.0,1084479000,-93485000,350978000,1268452000,1376499000,0.0
TR,VESTL,2014,7321345000,5950696000.0,1370649000,4866593000,4575629000,7767303000,6197419000.0,1569884000,104122000,618673000,1722930000,1365087000,1594000.0
TR,VESTL,2015,9335949000,7762141000.0,1573808000,6247745000,5857414000,9250461000,7292391000.0,1958070000,68577000,728219000,2203005000,1528666000,5639000.0
TR,VESTL,2016,9651215000,7812090000.0,1839125000,6023852000,5377292000,9540494000,7426021000.0,2114473000,184762000,1264003000,1817869000,1642927000,7042000.0
TR,VESTL,2017,13845661000,11567633000.0,2278028000,8980250000,10224819000,12100938000,9673251000.0,2427687000,71341000,2000337000,2944179000,2366014000,9461000.0
TR,VESTL,2018,17960822000,14642567000.0,3318255000,10036226000,13556998000,15852300000,11570079000.0,4282221000,400886000,3085661000,2861739000,3334707000,12909000.0
TR,VESTL,2019,19452405000,15672494000.0,3779911000,9608581000,14652475000,17174123000,12896358000.0,4277765000,351850000,2394334000,2833115000,3452328000,27345000.0
TR,VESTL,2020,27078418000,19652884000.0,7425534000,13777527000,17124288000,21546180000,15527830000.0,6018350000,1907237000,3201571000,4061469000,4815797000,9601000.0
TR,VESTL,2021,43092689000,32781028000.0,10311661000,20878654000,30610097000,32505835000,23487021000.0,9018814000,2153953000,2089143000,9528703000,7426990000,2479405000.0
TR,VESTL,2022,112100710000,81873486000.0,30227224000,49223234000,77458315000,111124940000,92235255000.0,18889685000,191486000,2557953000,22555833000,25059592000,243384000.0
TR,VESTL,2023,180734547000,121741079000.0,58993468000,69453104000,112814094000,162015698000,125960525000.0,36055173000,3365700000,3313035000,33944827000,50014842000,165099000.0
TR,VESTL,2024,228399159400,159802192829.0,68596966571,73219286490,125525526022,186831127565,147813108665.0,39018018900,-14198106875,3560311920,35952736532,74087185092,405473020.0
TR,VESTL,2025,216166320292,177440290968.0,38726029324,53398283598,116459613638,152130005750,127418641657.0,24711364092,-34238125786,2261062465,22524935271,77804456785,19656475.0
TR,VKFYO,2013,13165631,178621.0,12987010,13113747,79727,0,0.0,78144,-1444765,3536666,0,42438,
TR,VKFYO,2014,19566020,1567026.0,17998994,19516673,1439003,0,0.0,1693616,18828,9417381,0,27180,
TR,VKFYO,2015,18040273,358158.0,17682115,18015606,300044,0,0.0,1439191,-281219,7087062,0,9291,
TR,VKFYO,2016,18130991,683012.0,17447979,18096566,612527,0,0.0,1561145,-237033,6297891,0,6195,0.0
TR,VKFYO,2017,18021374,571654.0,17449720,17997846,487940,0,0.0,1847986,1012,8005954,0,7182,0.0
TR,VKFYO,2018,17924249,395288.0,17528961,17619457,241898,0,0.0,1980564,102296,8350712,0,298755,0.0
TR,VKFYO,2019,19461664,752121.0,18709543,19195732,558985,0,0.0,3254198,1172651,16160176,0,258870,0.0
TR,VKFYO,2020,29410967,317614.0,29093353,29205646,91583,0,0.0,2491179,350342,21773161,0,198151,0.0
TR,VKFYO,2021,32529498,364657.0,32164841,32350243,96069,0,0.0,5244725,3067485,3039093,0,151892,0.0
TR,VKFYO,2022,63066457,1242791.0,61823666,62651475,300262,0,0.0,18122457,-24708563,17942095,0,358404,725329.0
TR,VKFYO,2023,66123233,2837693.0,63285540,65034766,639001,0,0.0,25044980,-24677832,3899678,0,42857,1688289.0
TR,VKFYO,2024,76858702,3180866.0,73677836,74628626,2015179,0,0.0,29696545,-8314046,18677712,0,178974,0.0
TR,VKFYO,2025,89237283,28348250.0,60889033,88122991,27823848,0,0.0,6547764,-20637843,13673531,0,153432,0.0
TR,VKGYO,2013,198991299,1600444.0,197390855,55678411,785622,2338085,247380.0,2090705,4358389,19804281,0,412395,
TR,VKGYO,2014,749969806,1565788.0,748404018,319101316,1344933,2603345,641559.0,1961786,57531312,281675726,0,913877,
TR,VKGYO,2015,856907521,34350718.0,822556803,255759419,1274316,2950927,1002889.0,1948038,74143727,241392716,0,791728,
TR,VKGYO,2016,1029303670,164320858.0,864982812,211083073,6953069,3094415,799181.0,2295234,42424825,100586329,0,646899,0.0
TR,VKGYO,2017,1152183130,211862422.0,940320708,245401602,209818689,3223770,1003539.0,2220231,75356625,29498804,176859944,876049,0.0
TR,VKGYO,2018,1701180796,733727953.0,967452843,230761688,245568511,190902077,164315960.0,26586117,27178117,143109148,68500588,904951,0.0
TR,VKGYO,2019,1781467349,717806734.0,1063660615,92601695,247021507,21930864,14378728.0,7552136,96152268,784110,52506619,500220,0.0
TR,VKGYO,2020,2928981416,1484506172.0,1444475244,1204036114,1025308718,119573361,53532596.0,66040765,118592111,820021801,321093621,537191,0.0
TR,VKGYO,2021,4619815011,2178684991.0,2441130020,2038355679,1673057086,248238123,60457969.0,187780154,474687944,849041503,973711360,406987,0.0
TR,VKGYO,2022,12387757758,3705597272.0,8682160486,1925847137,973853693,6733685660,5827325653.0,906360007,1746609243,1424696083,183101,5163680,0.0
TR,VKGYO,2023,21567651385,5968133182.0,15599518203,9412698221,5554577329,2047542526,936370233.0,1111172293,1928281199,1296045485,7454367565,14021448,0.0
TR,VKGYO,2024,28912081165,5135613984.0,23776467181,4664580500,1219280827,7957626447,6421040706.0,1536585741,3975464093,1837705657,2227687099,18524060,0.0
TR,VKGYO,2025,34246139888,7223690758.0,27022449130,5739819737,1423226169,2942694180,1002273750.0,1940420429,858875181,3564959568,1533379195,16852444,0.0
TR,VKING,2013,161498655,145264247.0,16234408,38389953,87457349,112717328,89360628.0,23356700,-29907134,579028,17188914,122475309,
TR,VKING,2014,173982761,157256039.0,16726722,45637583,84074697,125453291,96654337.0,28798954,-7513775,2627753,20266616,127670961,
TR,VKING,2015,177594340,161036038.0,16558302,44332798,77323906,132658370,103952178.0,28706192,-21951369,3279656,15732534,132282130,
TR,VKING,2016,180892125,180566702.0,325423,55871327,106762405,162711852,125523465.0,37188387,-15898480,7029861,18053981,123711844,0.0
TR,VKING,2017,235409983,199720342.0,35689641,67302079,109914629,184671175,148761434.0,35909741,-16220708,2040355,25203356,166092031,0.0
TR,VKING,2018,267114393,239448657.0,27665736,81251526,167981638,230178935,177004473.0,53174462,-19336931,6220381,36811712,184864536,0.0
TR,VKING,2019,284314417,279472309.0,4842108,82041371,202278981,224046160,182233988.0,41812172,-33522723,5404075,33033432,199356877,0.0
TR,VKING,2020,315393336,339282091.0,-23888755,104497827,275691935,252920145,196470940.0,56449205,-26781617,19897159,32821676,206327636,0.0
TR,VKING,2021,578371803,555556292.0,22815511,142932088,456301563,340067425,294871177.0,45196248,-118245834,17999067,55596021,431939495,0.0
TR,VKING,2022,1914008831,1594324898.0,319683933,554078358,1356581088,1472059539,1384295100.0,87764439,27861372,134543720,137571032,1340680668,0.0
TR,VKING,2023,2355298554,1992228647.0,363069907,393697774,1684340224,1337189856,1270559138.0,66630718,-58972819,28106959,146849226,1933070992,0.0
TR,VKING,2024,3357070692,3308919708.0,48150984,548547308,2808645847,1059795887,944330109.0,115465778,-635256217,171651162,146126886,2780385850,0.0
TR,VKING,2025,4803823011,4737653382.0,66169629,434499670,3678317282,836536638,791308195.0,45228444,-1081468329,27651398,177041157,4351708007,0.0
TR,VRGYO,2020,40992206,24164216.0,16827990,37897847,7220296,2955320,2302898.0,652422,-923177,1125094,35422825,2391979,0.0
TR,VRGYO,2021,112906068,33642773.0,79263295,52367231,16077741,382048,1215453.0,-833405,38849605,4382091,34866182,1821074,0.0
TR,VRGYO,2022,2708649814,577761249.0,2130888565,376015340,127568471,0,0.0,0,135232202,2951825,249673768,3186756,0.0
TR,VRGYO,2023,5433981637,223877938.0,5210103699,1870016909,130479908,0,0.0,0,831973359,454643234,397853322,2898426,0.0
TR,VRGYO,2024,7174656323,1854158043.0,5320498280,6747323408,376305555,332573287,281729494.0,50843793,-555737593,5190391,4822049120,2092537,0.0
TR,VRGYO,2025,8496702032,3116745821.0,5379956211,7868149316,1470654882,193271091,87729696.0,105541395,-474606942,8591220,5204466065,2770349,0.0
TR,VSNMD,2021,1885195212,689906751.0,1195288462,373785442,377114174,924172725,687730511.0,236442214,264586784,63860358,87456825,1440793234,0.0
TR,VSNMD,2022,2178628217,604163492.0,1574464725,343209011,425449573,1396148976,981870298.0,414278678,276472092,21782305,130040376,1825314721,0.0
TR,VSNMD,2023,2732477414,501551497.0,2230925917,458858161,317779819,1422248917,1047205328.0,375043589,201813097,98847615,144392014,2260467527,0.0
TR,VSNMD,2024,3560660863,682136166.0,2878524697,510583852,452565807,1458933767,1217250763.0,241683004,-33503392,32057127,206051497,3010246439,0.0
TR,VSNMD,2025,4459501765,449759301.0,4009742464,1129808562,207658758,1567994353,1273189257.0,294805096,71058487,560527111,248965922,3247266088,57919408.0
TR,YAPRK,2013,22957948,5560029.0,17397919,6662495,4553379,7734733,5250413.0,1922000,170284,1444122,2221455,7174075,
TR,YAPRK,2014,22960891,5085675.0,17875216,5784617,3469924,10158348,7641485.0,3412755,633059,236949,2051223,7500289,
TR,YAPRK,2015,28619650,9030728.0,19588922,8246041,4581756,11157918,8986833.0,4330756,1828286,1801619,1902581,9439897,
TR,YAPRK,2016,33279076,12509494.0,20769582,8993502,7305120,13100986,11440353.0,4898920,1180660,1487963,2219332,10329911,0.0
TR,YAPRK,2017,36398539,13939665.0,22458874,10214952,8985908,18357784,16041958.0,6659431,1689292,2055391,2708696,10346679,0.0
TR,YAPRK,2018,39522675,14789219.0,24733456,10515477,9739523,23392071,19645983.0,7653696,2551027,686252,3143862,10625473,270000.0
TR,YAPRK,2019,45625142,19067738.0,26557404,10929803,12905398,28194092,23140764.0,7913114,1812585,240917,4241666,12135485,0.0
TR,YAPRK,2020,59919420,28412536.0,31506884,19049975,19895430,35468483,30048148.0,11488968,5145861,4667865,5636624,14871288,213000.0
TR,YAPRK,2021,76167771,33702668.0,42465103,24351908,24326826,48734741,41825852.0,17944373,11135719,6898548,5539288,17216076,177500.0
TR,YAPRK,2022,397256283,159280450.0,237975833,124230228,89533178,190815339,150822039.0,117621770,71864607,40222726,26708599,112148211,584944.0
TR,YAPRK,2023,691135885,163410579.0,527725306,185323041,91312841,333620457,251989442.0,279109107,196827523,55903573,45542640,172854785,12301091.0
TR,YAPRK,2024,896106159,219706685.0,676399474,256629158,108906470,360636803,274761548.0,233329201,45318844,112862057,54766251,245262637,59037676.0
TR,YAPRK,2025,1043208454,281844947.0,761363507,329061968,139329885,348162997,283823815.0,244820863,25969251,186271718,56190859,275485924,8181118.0
TR,YATAS,2013,242035698,167120142.0,74915556,154214787,119184030,216258003,126625351.0,89632652,1998497,11594400,86731669,73980902,
TR,YATAS,2014,279356339,197378008.0,81978331,178071977,127493535,273911138,157012494.0,116898644,8186238,21557387,97191870,86641280,
TR,YATAS,2015,296456373,206399016.0,90057357,183799872,146435343,326525042,185679677.0,140845365,9051509,13166443,113311151,97148142,
TR,YATAS,2016,348602809,241589843.0,107012966,217848158,177057709,502323499,301894860.0,200428639,17478514,24059181,108388531,117966332,0.0
TR,YATAS,2017,540383572,305240151.0,235143421,274235398,217463030,795685790,461351248.0,334334542,69349999,34502481,125256520,242838680,0.0
TR,YATAS,2018,711891583,404588075.0,307303508,376952340,253923950,943150462,543169569.0,399980893,75639181,64079474,151544258,283102633,0.0
TR,YATAS,2019,934313799,544689915.0,389623884,497128731,386156345,1166946159,684386219.0,482559940,86206560,93242109,213360188,314864823,0.0
TR,YATAS,2020,1416318467,886659402.0,529659065,895863779,585402905,1748056658,1065609160.0,682447498,170075044,296601025,356378721,340106407,0.0
TR,YATAS,2021,2196486822,1189603547.0,1006883275,1267175634,890397805,2858976118,1868164511.0,990811607,256056383,111399760,668116135,725296572,0.0
TR,YATAS,2022,9075810781,4841881156.0,4233929625,5012238584,4202053730,12756701265,9542366377.0,3214334888,349938139,563133788,2176312808,3465714444,199555680.0
TR,YATAS,2023,15768551170,9018738652.0,6749812518,8128887684,7005470825,19538512206,14073264802.0,5465247404,1011153276,759528318,3008550099,5670432453,412817161.0
TR,YATAS,2024,22055280153,11520392813.0,10534887340,9518762654,8217487112,21170416150,14453254958.0,6717161191,235410957,1167575047,4154742426,9793633311,0.0
TR,YATAS,2025,26365229700,14520260473.0,11844969227,10566127400,8215048667,24933079658,16374436561.0,8558643097,124636120,1686077750,4174592869,12498253040,0.0
TR,YAYLA,2013,49110505,11699715.0,37410790,11139445,4605050,13281798,14066320.0,-784522,-970703,2664768,1905185,11157608,
TR,YAYLA,2014,78071339,33417874.0,44653465,21519099,14957949,27058202,21243476.0,5814726,7125778,3594422,1998679,25934521,
TR,YAYLA,2015,82708262,42008372.0,40699890,10693405,21890985,15026915,19787849.0,-4760934,-3985830,485514,1368273,51856275,
TR,YAYLA,2016,88044159,50063256.0,37980903,14509149,18986922,20786207,21195603.0,-409396,-2717569,1152778,577900,50114955,0.0
TR,YAYLA,2017,85567153,58075746.0,27491407,13931651,23304172,22377660,25020197.0,-2642537,-9448166,451754,356287,49581860,0.0
TR,YAYLA,2018,118731205,48660833.0,70070372,20593724,18746412,19987515,20480366.0,-492851,-15579757,11936815,447024,67684128,0.0
TR,YAYLA,2019,113926838,42227218.0,71699620,14552379,15600653,19915925,19784392.0,131533,1803108,5821920,777768,43568869,0.0
TR,YAYLA,2020,119793568,49069460.0,70724108,13675649,24701141,10964917,15128182.0,-4163265,-3851755,6049640,560624,45632459,0.0
TR,YAYLA,2021,156649299,52847268.0,103802031,5668555,29382011,40366595,45527723.0,-5161128,6429067,668904,1079364,74980758,0.0
TR,YAYLA,2022,463891252,70208877.0,393682375,26348620,47907860,28134666,35592094.0,-7457428,80118051,17502614,4093637,232736332,0.0
TR,YAYLA,2023,780952743,67446884.0,713505859,14023583,33428734,22998550,26618531.0,-3619981,71676452,4513380,3041710,457955315,0.0
TR,YAYLA,2024,921638353,90800112.0,830838241,21086339,40597950,68861912,82981273.0,-14119361,-81395891,1512335,3991661,544112233,0.0
TR,YAYLA,2025,999046743,92095271.0,906951472,14238370,21388393,88445980,96954358.0,-8508377,-8038938,2279431,2248528,598216903,0.0
TR,YBTAS,2013,94838269,21253104.0,73585165,46388400,16924840,82794329,56539170.0,26255159,15576081,182839,7156002,47142632,
TR,YBTAS,2014,121314864,27908448.0,93406416,60067258,23402794,93721548,60026301.0,33695247,22919975,460424,6318982,56315610,
TR,YBTAS,2015,144412663,31996898.0,112415765,63914772,27041347,97072039,60594506.0,36477533,23835429,731913,6360956,77783075,
TR,YBTAS,2016,158515008,25561591.0,132953417,72374248,20732355,95784104,58837989.0,36946115,25623395,1138403,7487540,84971132,4780711.0
TR,YBTAS,2017,188426834,50472733.0,137954101,100433001,45021674,94530358,77125319.0,17405039,10363580,440002,8319263,86461002,5134489.0
TR,YBTAS,2018,197101296,55601073.0,141500223,104987477,50127829,91596682,80276702.0,11319980,5703524,155672,19305533,90711991,2113014.0
TR,YBTAS,2019,151460898,17783292.0,133677606,53457889,13370749,45291120,48422922.0,-3131802,-7768713,337884,18597079,93937481,0.0
TR,YBTAS,2020,162522370,45051647.0,117470723,64351668,38399666,63432085,68918589.0,-5486504,-15548934,1062444,16490561,94439108,0.0
TR,YBTAS,2021,209980339,93768086.0,116212253,109256826,86579370,168584217,154856016.0,13728201,-1092976,1216028,34987193,96893514,0.0
TR,YBTAS,2022,1224127962,506946685.0,717181277,398110197,361137653,943313639,848327401.0,94986238,-30168937,6266303,183474658,823685717,0.0
TR,YBTAS,2023,1886472418,490393647.0,1396078771,544559748,470828844,1602325332,1285836666.0,316488666,362139136,47078,231372658,1221115045,0.0
TR,YBTAS,2024,2326256618,623222602.0,1703034016,598708742,604289781,1800338023,1530802593.0,269535430,-119513647,7669487,266965475,1643368463,0.0
TR,YBTAS,2025,2754489926,830407095.0,1924082831,807821081,779135796,2139074133,1572981229.0,566092903,-83322757,1874969,281388781,1942632268,0.0
TR,YEOTK,2018,71102581,66557964.0,4544617,69573490,63692352,88168919,71354497.0,16814422,4872216,5831559,4403466,1415134,0.0
TR,YEOTK,2019,127806410,105577391.0,22229019,125808738,98554652,208350208,154448196.0,53902012,17688652,6572041,3358551,1931720,0.0
TR,YEOTK,2020,256811922,193315647.0,63496275,246499688,170175858,253465754,168556666.0,84909088,29912293,53117914,1302431,10206169,0.0
TR,YEOTK,2021,463909553,269206103.0,194703450,438699370,240403553,441509331,308751591.0,132757740,52830776,155119798,11810384,22719804,0.0
TR,YEOTK,2022,2275776949,1532170039.0,743606910,2007774103,1389340713,2951601608,2317641496.0,633960112,206418804,143282718,156239779,219281477,30824854.0
TR,YEOTK,2023,8540519816,6713742831.0,1826776985,6352440525,4971927378,9214700869,7205213973.0,2009486896,578959379,1175965779,200918969,1516209448,0.0
TR,YEOTK,2024,11900774065,8395231920.0,3505542145,8062954691,5398008845,9927944520,6578396999.0,3349547521,1213364181,1539032866,294600074,2755061741,0.0
TR,YEOTK,2025,29241601917,24373693202.0,4867908715,21329778322,19710602315,18413194684,13803015573.0,4610179111,1631115891,2081217890,898429267,5665110730,0.0
TR,YESIL,2013,4467415,172627.0,4294788,1506850,171018,0,0.0,0,-1270637,537,0,12691,
TR,YESIL,2014,5206531,65291.0,5141240,1376720,48301,0,0.0,0,-26348,954,0,8643,
TR,YESIL,2015,5675965,168147.0,5507818,1267469,157185,0,0.0,0,366578,2588,0,4595,
TR,YESIL,2016,52714336,9249760.0,43464576,1193163,183125,0,0.0,0,37083958,1155,0,536,0.0
TR,YESIL,2017,329506315,78777555.0,250728760,7582811,17872804,0,0.0,0,206958704,3488,0,0,0.0
TR,YESIL,2018,287573222,93723757.0,193849465,13543582,49201185,0,0.0,0,-56179055,6118,0,0,0.0
TR,YESIL,2019,340067010,93612774.0,246454236,105335,35885439,0,0.0,0,52236237,3486,0,0,0.0
TR,YESIL,2020,372782513,104361979.0,268420534,1697013,41142279,0,0.0,0,21966298,26595,0,0,0.0
TR,YESIL,2021,557251314,66854480.0,490396834,9257860,435111,0,0.0,0,13399093,44821,0,0,0.0
TR,YESIL,2022,760825215,90475886.0,670349329,977753,959895,24741547,0.0,24741547,-657016660,23731,0,0,0.0
TR,YESIL,2023,770652651,5774247.0,764878404,1000716,5774247,24142083,0.0,24142083,-202963727,30542,0,0,0.0
TR,YESIL,2024,1414063737,2726468.0,1411337269,84076996,2726468,76045231,0.0,76045231,-219282837,275230,0,0,0.0
TR,YESIL,2025,1478968473,4745613.0,1474222860,504436490,4745613,0,0.0,-2830863,-78815041,31301,0,0,0.0
TR,YGGYO,2013,1467157008,9129957.0,1458027051,55754707,8178653,112177255,28454541.0,83722714,220498852,50487863,330864,437588,
TR,YGGYO,2014,1524050571,14708113.0,1509342458,43458891,13653920,112865162,27473099.0,85392063,108025655,34725231,104984,412642,
TR,YGGYO,2015,1756939257,11958279.0,1744980978,107762801,10682598,165246117,35060431.0,130185686,302766482,89259413,731217,391275,
TR,YGGYO,2016,1860018068,18307112.0,1841710956,165849992,16346222,169621841,35961507.0,133660334,185919977,153425942,308968,578739,89189999.0
TR,YGGYO,2017,1954234951,19698278.0,1934536673,220002049,17181196,170826544,34804334.0,136022210,189964446,205402863,115093,484679,97138729.0
TR,YGGYO,2018,2109119413,26730545.0,2082388868,284066905,23026596,222294117,51707320.0,170586797,275718990,271022785,152700,589246,113116843.0
TR,YGGYO,2019,2301984960,34422654.0,2267562306,392407846,29678601,232895000,52193537.0,180701463,342865730,372141334,540226,149748487,149929135.0
TR,YGGYO,2020,2234541646,31353431.0,2203188215,374329562,24927152,164512588,46956135.0,117556453,108873811,355675578,524660,152387470,165872190.0
TR,YGGYO,2021,2834952147,67176139.0,2767776008,550994084,57700392,277696323,70306228.0,207390095,699932046,525790494,1659929,185009482,165872190.0
TR,YGGYO,2022,9867831356,155006835.0,9712824521,1677502542,134701672,1163596575,358895802.0,804700773,4995696762,1493912001,9231124,770900597,0.0
TR,YGGYO,2023,19254410298,229821352.0,19024588946,2667061241,162042692,2082548975,560832555.0,1521716420,10851530851,2442784141,10759203,1457264202,0.0
TR,YGGYO,2024,25425218166,5732142222.0,19693075944,4225960840,587385527,2985868903,982118640.0,2003750263,-685524446,3946081996,10076330,2714795013,0.0
TR,YGGYO,2025,29853740510,1573962772.0,28279777738,5602620089,748899775,3436132143,752815858.0,2683316286,5901146337,3699144839,8158586,3269326509,2151651714.0
TR,YIGIT,2021,3295715337,2258932361.0,1036782976,1788310816,1627713964,6301328749,5615200062.0,686128687,114058540,53971578,555210350,1219634576,0.0
TR,YIGIT,2022,3123799354,1830268310.0,1293531044,1662080078,1214484590,8024942683,7167771503.0,857171180,282507048,19529922,332101296,1249413059,0.0
TR,YIGIT,2023,5605840173,2600716515.0,3005123658,2975870194,2275599560,9364437084,7699906844.0,1664530240,586306501,56204353,1220004745,2048722543,0.0
TR,YIGIT,2024,10320883995,3549560713.0,6771323282,6157589818,3318158211,13054927775,11682068519.0,1372859256,291910615,72278438,1886022551,3201615613,0.0
TR,YIGIT,2025,11317938293,3660063746.0,7657874547,6444942472,3307095646,13023190749,11371836494.0,1651354255,205494767,53295718,2304432537,3686587063,0.0
TR,YKSLN,2016,80951006,53399663.0,27551343,58014893,46494211,52604478,43494796.0,9109682,-3646712,236990,24509109,1798547,0.0
TR,YKSLN,2017,126309549,89508692.0,36800857,103733548,84899064,98081806,77044951.0,21036855,9498736,263912,35429704,2018126,0.0
TR,YKSLN,2018,129777739,69251097.0,60526642,101669225,48975609,123748089,84315180.0,39432909,24184358,684289,59746842,1565626,352942.0
TR,YKSLN,2019,208576314,67516125.0,141060189,199501974,58977360,170677870,137176634.0,33501236,18017939,33782770,79489124,6130610,0.0
TR,YKSLN,2020,223396186,69411317.0,153984869,204920790,64633512,183742707,149719701.0,34023006,12661446,1170699,81361581,14015109,0.0
TR,YKSLN,2021,539970446,272713539.0,267256907,502734732,234473563,678717588,498448337.0,180269251,109141188,1722654,132462586,33030984,0.0
TR,YKSLN,2022,2255227637,1424342882.0,830884755,2025966020,1386495670,2875473771,1965459038.0,910014733,52102374,160276384,633144224,149459006,0.0
TR,YKSLN,2023,2327319838,1388891726.0,938428112,1903367969,1240556206,2040613489,1559063408.0,481550081,-213024861,205522079,859471281,300531704,45952099.0
TR,YKSLN,2024,2013492510,1278123992.0,735368518,1548002333,1189414982,2034461922,1638068121.0,396393801,-508200810,15176882,866718855,406904992,0.0
TR,YKSLN,2025,1715036895,869300818.0,845736077,1164199351,847018366,1244796645,914663409.0,330133236,-206591175,25048652,687480662,455074028,0.0
TR,YONGA,2013,20530188,5269100.0,15261088,10803637,3363253,35298243,25862087.0,9436156,4733104,3412835,4395437,9510184,
TR,YONGA,2014,24619319,5617348.0,19001971,11025533,3371939,41249499,30981371.0,10268128,4888787,2354995,5578409,13355321,
TR,YONGA,2015,33139022,6858323.0,26280699,18654772,4713279,51268271,35950903.0,15317368,8301076,6226774,8071639,14348242,
TR,YONGA,2016,33901641,8550675.0,25350966,17602609,5854510,51577722,44242209.0,7335513,1553775,4394032,9603422,16056368,1976471.0
TR,YONGA,2017,35741247,18921856.0,16819391,19165975,14994258,49442222,49174916.0,267306,-5084421,1945848,9780613,16126817,2776561.0
TR,YONGA,2018,65439053,26147774.0,39291279,30364330,20010915,68339099,51844397.0,16494702,6661253,4888414,15534676,35008351,0.0
TR,YONGA,2019,74223367,36371092.0,37852275,38364527,27273849,73923411,61260620.0,12662791,1679366,2825368,23042893,35759428,1976471.0
TR,YONGA,2020,109279641,57629253.0,51650388,60169727,44846080,93149543,68977574.0,24171969,5703276,18070226,30741694,48964350,379981.0
TR,YONGA,2021,162810107,93532532.0,69277575,106155454,78550219,154686061,104414555.0,50271506,23226892,11448656,57434581,53579859,3614052.0
TR,YONGA,2022,622503077,253670990.0,368832087,422664804,225675727,531543859,465048674.0,66495185,-58704588,25122485,308442009,175829663,7074252.0
TR,YONGA,2023,865273199,425585618.0,439687581,279956285,302928993,380024316,402478626.0,-22454310,-384938629,16243927,192664773,578407123,6198661.0
TR,YONGA,2024,1265492565,669602051.0,595890514,410850325,501736604,471744804,442032639.0,29712165,44675663,33943999,315120284,823126314,0.0
TR,YONGA,2025,1303398152,698977327.0,604420825,398826843,348143381,443489624,454507562.0,-11017938,4772795,43790204,303761501,870051527,0.0
TR,YUNSA,2013,240748939,166599551.0,74149388,180668143,159600466,269932278,207801941.0,62130337,15510896,754584,62957080,45523167,0.0
TR,YUNSA,2014,292943914,191047311.0,101896603,223927699,182415803,319058534,244295879.0,74762655,32073100,13058543,73996201,53324060,
TR,YUNSA,2015,288045751,203477738.0,84568013,218891659,191425243,263695342,205151059.0,58544283,4894067,4015374,103466663,50239535,
TR,YUNSA,2016,255172371,210037847.0,45134524,174790751,145010736,247008760,214507931.0,32500829,-34106592,2651312,82396034,50563912,2916000.0
TR,YUNSA,2017,245019009,179615272.0,65403737,168264102,166998257,296871112,228168815.0,68702297,14848822,10897936,69840586,47020879,0.0
TR,YUNSA,2018,322772683,232374937.0,90397746,244647011,216262549,367797899,271336809.0,96461090,28093434,16582037,89854453,47272899,0.0
TR,YUNSA,2019,325927846,237913308.0,88014538,240973164,215605589,463952700,389141092.0,74811608,5035564,11760641,111261436,42718297,5832000.0
TR,YUNSA,2020,323951610,224883421.0,99068189,228588959,148543598,297670488,231022040.0,66648448,10013838,68708259,108997736,54095150,608302.0
TR,YUNSA,2021,391856418,291466472.0,100389946,291956792,228855033,341540179,240057846.0,101482333,26397451,21809211,150811947,48278171,24000000.0
TR,YUNSA,2022,1837179819,940602913.0,896576906,1272949825,646632070,2405442036,1737217345.0,668224691,542839130,218485329,529801784,378781256,50348491.0
TR,YUNSA,2023,5112161597,1444813293.0,3667348304,2069670147,1078698292,3159798213,2241835843.0,917962370,785771182,690791260,738288682,2866176600,307898249.0
TR,YUNSA,2024,5906359072,1459522423.0,4446836649,1946743205,866855810,2538379938,2057901818.0,480478121,47968141,312740616,1030249042,3697107546,367827612.0
TR,YUNSA,2025,6583349712,1733159911.0,4850189801,2752238434,1161216159,3328479641,2794184014.0,534295626,416463663,607733556,996567579,3543645458,24001583.0
TR,YYAPI,2013,613770480,490047646.0,123722834,301131448,375709056,278666238,274801776.0,3864462,-78656502,605979,121304303,19371676,
TR,YYAPI,2014,501306379,380707202.0,120599177,264652308,321510464,278357424,271028653.0,7328771,-27182869,1034789,77057108,19081452,
TR,YYAPI,2015,691016303,502138398.0,188877905,236960678,354381135,128863172,112734400.0,16128772,70136878,6721208,105773862,8528902,0.0
TR,YYAPI,2016,473223847,102193340.0,371030507,166203383,98337537,155604238,138011285.0,17592953,208081225,1851895,53790874,6356432,0.0
TR,YYAPI,2017,624734878,261472450.0,363262428,316947594,259680248,111737195,102868343.0,8868852,-7768079,3068007,53348178,5765297,0.0
TR,YYAPI,2018,553125116,204553933.0,348571183,259184049,196948248,111816621,86676274.0,25140347,-14691245,2292784,21388068,10739022,0.0
TR,YYAPI,2019,602014713,293691466.0,308323247,341850799,285711455,1614411,3698106.0,-2083695,-40247936,2634962,26654456,10369059,0.0
TR,YYAPI,2020,570330371,252352442.0,317977929,176661396,244388167,3932360,3308168.0,624192,7083719,2949830,24185740,9917191,0.0
TR,YYAPI,2021,604138239,259790127.0,344348112,134814987,244738890,13961255,13726106.0,235149,26370181,3378115,75733501,9641470,0.0
TR,YYAPI,2022,2324120258,1240366961.0,1083753297,453074574,410610972,4041939,9016006.0,-4974067,472364057,13255639,217496891,26989610,0.0
TR,YYAPI,2023,4245381132,1663941286.0,2581439846,564403158,413525894,12480729,17548304.0,-5067575,1016137492,14886628,300630001,38322040,0.0
TR,YYAPI,2024,4535544536,335025108.0,4200519428,515709967,328368680,38720822,16535794.0,22185028,778116709,14582206,332140925,49436643,0.0
TR,YYAPI,2025,6035710646,291467954.0,5744242692,1426092448,288304151,9285680,57489733.0,-48204053,127798926,13818422,365213601,53661853,0.0
TR,YYLGD,2019,1159266808,878016761.0,281250047,794424143,572378720,1587114043,1351905793.0,235208250,49169057,55667299,425751706,271515832,0.0
TR,YYLGD,2020,1663847473,1288405079.0,375442394,1197665750,797670600,1849489530,1545765872.0,303723658,25059941,142238493,705538783,328948679,0.0
TR,YYLGD,2021,2825336799,2056156201.0,769180598,2380743752,1537697471,4481737404,3718265232.0,763472172,418431866,925233844,1101744274,410988086,0.0
TR,YYLGD,2022,11029337301,6418472675.0,4610864626,9253804022,5491967396,23095108877,19967536271.0,3127572606,484404949,1056059187,4953153046,1535855112,0.0
TR,YYLGD,2023,26205198958,18019509322.0,8185689636,18879760818,13482238106,23641513052,20531650374.0,3109862678,664856596,1636310107,6578945116,5703668519,265681190.0
TR,YYLGD,2024,30026021481,17906951113.0,12119070368,16811869168,14900608229,15531037463,13507215411.0,2023822052,1392947152,1485116232,5964557486,11307468850,0.0
TR,YYLGD,2025,34807751704,19952750729.0,14855000975,15067535046,14921525893,24767536881,21561861055.0,3205675826,994084132,551116183,7098103583,17211502751,0.0
TR,ZEDUR,2013,194319576,100903397.0,93416179,27405744,54442642,38163817,30155069.0,8008748,-18564246,1124312,848209,156303046,
TR,ZEDUR,2014,196067014,99385276.0,96681738,22524359,60216759,41620736,32266394.0,9354342,-1053116,539838,1251662,161115208,
TR,ZEDUR,2015,251832117,133503192.0,118328925,36842419,56154150,37554882,31958916.0,5595966,-23616177,1616926,2761522,203917610,
TR,ZEDUR,2016,244248126,154006783.0,90241343,35046270,72043636,24377587,26553743.0,-2176156,-30818373,650635,2932820,198643611,0.0
TR,ZEDUR,2017,300703080,193943215.0,106759865,40356168,87250090,45967305,39031623.0,6935682,-23032881,4786389,874024,250307553,0.0
TR,ZEDUR,2018,348924372,246849592.0,102074780,44831687,125469972,78340150,56711316.0,21628834,-40535948,1965469,577265,282893984,0.0
TR,ZEDUR,2019,434544892,337577008.0,96967884,361499601,334827154,99836473,70769012.0,29067461,-5109766,3143390,0,51919503,0.0
TR,ZEDUR,2020,406512888,354182959.0,52329929,319176295,349262058,50659511,37726034.0,12933477,-46116813,1761553,0,68865349,0.0
TR,ZEDUR,2021,545046045,208220547.0,336825498,26381238,54743206,15281667,6867527.0,8414140,271860557,1315285,2544600,498531406,0.0
TR,ZEDUR,2022,1440115767,465258823.0,974856944,55229734,97869688,144121860,97885103.0,46236757,191312625,15137321,2094602,1379484736,0.0
TR,ZEDUR,2023,2238805809,528738094.0,1710067715,51278678,157601864,140162266,108116165.0,32046101,283694307,11009310,5912810,2132491726,0.0
TR,ZEDUR,2024,2855694774,566727156.0,2288967618,44843214,200130842,183132192,154881500.0,28250692,102534053,15279178,0,2739168111,0.0
TR,ZEDUR,2025,3106195006,621952682.0,2484242324,81453249,302549145,142372832,137533666.0,4839166,23468635,40987249,0,2948436940,0.0
TR,ZERGY,2023,4799472659,4089798399.0,709674260,4238851406,2205036354,0,0.0,0,134446780,81354499,2879588850,0,0.0
TR,ZERGY,2024,6086951164,5199677968.0,887273196,5286688988,2916138174,2539088180,2474866671.0,64221509,-313791329,3612193,2765116779,0,0.0
TR,ZERGY,2025,10367469642,7711939222.0,2655530420,8609150652,4354429540,366239533,178203329.0,188036204,63482325,12223791,5702474201,7076691,0.0
TR,ZGYO,2022,28619552,22333198.0,6286354,19576730,20700259,1211409,986327.0,225082,-162508,229820,9586776,7806713,0.0
TR,ZGYO,2023,1755251857,396386247.0,1358865610,83052727,56451660,3818701,1789837.0,2028864,1038461331,10366448,28013517,5681554,0.0
TR,ZGYO,2024,3555214308,1181973769.0,2373240539,70567329,161347005,6074812,0.0,6074812,961480012,44711,21953075,4764157,0.0
TR,ZGYO,2025,3301690193,535549110.0,2766141083,57821108,153445370,12819622,0.0,12819622,154657968,4085228,21391561,2907979,0.0
TR,ZOREN,2013,6301618000,5530693000.0,770925000,534013000,1662868000,625008000,610507000.0,14501000,-305699000,164421000,0,3058226000,
TR,ZOREN,2014,4962781000,4437831000.0,524950000,593652000,1936404000,806947000,724815000.0,82132000,-224448000,108632000,0,3160710000,
TR,ZOREN,2015,5678096000,4926118000.0,751978000,805748000,2044489000,709417000,546876000.0,162541000,-263786000,158546000,0,4023061000,
TR,ZOREN,2016,7620067000,7757861000.0,-137794000,1545221000,3263291000,1223594000,954974000.0,268620000,-4503000,117079000,0,4395193000,0.0
TR,ZOREN,2017,12125603000,11064605000.0,1060998000,2566334000,5034629000,4987911000,4158775000.0,829136000,32879000,369068000,16490000,5432509000,0.0
TR,ZOREN,2018,17253831000,14853962000.0,2399869000,3538069000,6267576000,5970314000,4484257000.0,1486057000,5015000,599824000,43021000,8950968000,0.0
TR,ZOREN,2019,18686879000,17018620000.0,1668259000,4268896000,8364884000,8204197000,6778689000.0,1425508000,-137856000,832812000,62975000,8555772000,0.0
TR,ZOREN,2020,21402569000,19105349000.0,2297220000,4047594000,8027850000,8579113000,7062390000.0,1516723000,38207000,728314000,131166000,10610791000,0.0
TR,ZOREN,2021,35426418000,29244525000.0,6181893000,6471306000,9501761000,11634808000,9771696000.0,1863112000,-159434000,1171070000,239030000,18787818000,0.0
TR,ZOREN,2022,117744528000,83223996000.0,34520532000,22590703000,37540403000,38806100000,33147866000.0,5658234000,9508736000,3798939000,1173957000,56980220000,0.0
TR,ZOREN,2023,142229157000,86683569000.0,55545588000,28626187000,45564675000,39389311000,33957316000.0,5431995000,15861441000,2791942000,767176000,58368006000,0.0
TR,ZOREN,2024,155480092792,78714931807.0,76765160985,17552728045,26358601088,38819518066,33963353766.0,4856164299,-3095027649,2018252378,612273737,71946587654,0.0
TR,ZOREN,2025,143789411048,80460495230.0,63328915818,25102993750,25960908719,39831697530,36468731333.0,3362966198,-16184694767,5514758775,699648596,55332111911,0.0
TR,ZRGYO,2018,1915150211,230965273.0,1684184938,74505261,230933137,46446011,1541351.0,44904660,133189791,1260199,0,3919727,0.0
TR,ZRGYO,2019,2613409238,802163927.0,1811245311,244634231,773292784,44020684,2332608.0,41688076,127013121,128264013,0,4583101,0.0
TR,ZRGYO,2020,5407906690,339722400.0,5068184290,132708029,333551412,135028614,73020333.0,62008281,378990742,28301417,91339193,612922,0.0
TR,ZRGYO,2021,8643897092,271285977.0,8372611115,689346589,265769987,186801145,97056244.0,89744901,1320242261,607345344,46008708,6789320,0.0
TR,ZRGYO,2022,34192392165,2082393459.0,32109998706,249685373,740173634,1339390170,801411557.0,537978613,9111999405,68046327,91687815,44063630,29915268.0
TR,ZRGYO,2023,58153786710,5688450753.0,52465335957,3347211837,3340580818,5069877679,3912128820.0,1157748859,5989158494,2014954386,352237375,271706735,38207409.0
TR,ZRGYO,2024,83297304270,11201829685.0,72095474585,2705705672,4258621814,4539192191,1615370726.0,2923821465,4001953796,1417211310,856960824,490723605,297499901.0
TR,ZRGYO,2025,105719276017,18426815827.0,87292460190,2913634616,4160419668,3814361241,745792867.0,3068568373,8314251570,701420008,1953808526,625806876,437663312.0
