ticker,year,shares
786,2013,15840000
786,2014,15840000
786,2015,15840000
786,2016,15840000
786,2017,15840000
786,2018,15840000
786,2019,15840000
786,2020,15840000
786,2021,15840000
786,2022,15840000
786,2023,15038806
786,2024,14892105
786,2025,14944304
786,2026,19964501
AABS,2013,17362448
AABS,2014,17362448
AABS,2015,17362448
AABS,2016,17362448
AABS,2017,17362448
AABS,2018,17362448
AABS,2019,17362448
AABS,2020,17362448
AABS,2021,17362448
AABS,2022,17362448
AABS,2023,17362251
AABS,2024,17362916
AABS,2025,17361788
AABS,2026,17362300
ABL,2013,1144993031
ABL,2014,1144993031
ABL,2015,1144993031
ABL,2016,1144993031
ABL,2017,1144993031
ABL,2018,1144993031
ABL,2019,1144993031
ABL,2020,1144993031
ABL,2021,1144993031
ABL,2022,1144993031
ABL,2023,1145032001
ABL,2024,1145176733
ABL,2025,1145028613
ABL,2026,1145073830
ABOT,2013,97888107
ABOT,2014,97888107
ABOT,2015,97888107
ABOT,2016,97888107
ABOT,2017,97888107
ABOT,2018,97888107
ABOT,2019,97888107
ABOT,2020,97888107
ABOT,2021,97888107
ABOT,2022,97888107
ABOT,2023,98043820
ABOT,2024,97909334
ABOT,2025,97904633
ABOT,2026,97900302
ACPL,2013,137449877
ACPL,2014,137449877
ACPL,2015,137449877
ACPL,2016,137449877
ACPL,2017,137449877
ACPL,2018,137449877
ACPL,2019,137449877
ACPL,2020,137449877
ACPL,2021,137449877
ACPL,2022,137449877
ACPL,2023,137448957
ACPL,2024,137438227
ACPL,2025,137388175
ACPL,2026,137426961
ADAMS,2013,17291485
ADAMS,2014,17291485
ADAMS,2015,17291485
ADAMS,2016,17291485
ADAMS,2017,17291485
ADAMS,2018,17291485
ADAMS,2019,17291485
ADAMS,2020,17291485
ADAMS,2021,17291485
ADAMS,2022,17291485
ADAMS,2023,17281912
ADAMS,2024,17277778
ADAMS,2025,17278652
ADAMS,2026,17291008
ADMM,2013,84000000
ADMM,2014,84000000
ADMM,2015,84000000
ADMM,2016,84000000
ADMM,2017,84000000
ADMM,2018,84000000
ADMM,2019,84000000
ADMM,2020,84000000
ADMM,2021,84000000
ADMM,2022,84000000
ADMM,2023,83986136
ADMM,2024,83977039
ADMM,2025,83979494
ADMM,2026,84000000
AEL,2013,8126667
AEL,2014,8126667
AEL,2015,8126667
AEL,2016,8126667
AEL,2017,8126667
AEL,2018,8126667
AEL,2019,8126667
AEL,2020,8126667
AEL,2021,8126667
AEL,2022,8126667
AEL,2023,8126667
AEL,2024,8126667
AEL,2025,8126667
AEL,2026,8126667
AGHA,2013,721381051
AGHA,2014,721381051
AGHA,2015,721381051
AGHA,2016,721381051
AGHA,2017,721381051
AGHA,2018,721381051
AGHA,2019,721381051
AGHA,2020,721381051
AGHA,2021,721381051
AGHA,2022,721381051
AGHA,2023,721381051
AGHA,2024,604159609
AGHA,2025,603264000
AGHA,2026,721381051
AGIC,2013,71906432
AGIC,2014,71906432
AGIC,2015,71906432
AGIC,2016,71906432
AGIC,2017,71906432
AGIC,2018,71906432
AGIC,2019,71906432
AGIC,2020,71906432
AGIC,2021,71906432
AGIC,2022,71906432
AGIC,2023,71846844
AGIC,2024,79024096
AGIC,2025,79939241
AGIC,2026,100662656
AGIL,2013,36000000
AGIL,2014,36000000
AGIL,2015,36000000
AGIL,2016,36000000
AGIL,2017,36000000
AGIL,2018,36000000
AGIL,2019,36000000
AGIL,2020,36000000
AGIL,2021,36000000
AGIL,2022,36000000
AGIL,2023,36000000
AGIL,2024,36020024
AGIL,2025,35990909
AGIL,2026,36000000
AGL,2013,599084224
AGL,2014,599084224
AGL,2015,599084224
AGL,2016,599084224
AGL,2017,599084224
AGL,2018,599084224
AGL,2019,599084224
AGL,2020,599084224
AGL,2021,599084224
AGL,2022,599084224
AGL,2023,599084224
AGL,2024,391982671
AGL,2025,540081157
AGL,2026,599084224
AGP,2013,280006667
AGP,2014,280006667
AGP,2015,280006667
AGP,2016,280006667
AGP,2017,280006667
AGP,2018,280006667
AGP,2019,280006667
AGP,2020,280006667
AGP,2021,280006667
AGP,2022,280006667
AGP,2023,280043765
AGP,2024,280051210
AGP,2025,279989798
AGP,2026,280000000
AGSML,2013,79261700
AGSML,2014,79261700
AGSML,2015,79261700
AGSML,2016,79261700
AGSML,2017,79261700
AGSML,2018,79261700
AGSML,2019,79261700
AGSML,2020,79261700
AGSML,2021,79261700
AGSML,2022,79261700
AGSML,2023,79261700
AGSML,2024,79261700
AGSML,2025,79261700
AGSML,2026,79261700
AGTL,2013,57958172
AGTL,2014,57958172
AGTL,2015,57958172
AGTL,2016,57958172
AGTL,2017,57958172
AGTL,2018,57958172
AGTL,2019,57958172
AGTL,2020,57958172
AGTL,2021,57958172
AGTL,2022,57958172
AGTL,2023,57962095
AGTL,2024,57965554
AGTL,2025,57968494
AGTL,2026,57964201
AHCL,2013,4216967470
AHCL,2014,4216967470
AHCL,2015,4216967470
AHCL,2016,4216967470
AHCL,2017,4216967470
AHCL,2018,4216967470
AHCL,2019,4216967470
AHCL,2020,4216967470
AHCL,2021,4216967470
AHCL,2022,4216967470
AHCL,2023,408447717
AHCL,2024,4210088393
AHCL,2025,4215486525
AHCL,2026,4216967470
AHL,2013,65340079
AHL,2014,65340079
AHL,2015,65340079
AHL,2016,65340079
AHL,2017,65340079
AHL,2018,65340079
AHL,2019,65340079
AHL,2020,65340079
AHL,2021,65340079
AHL,2022,65340079
AHL,2023,65255124
AHL,2024,65378953
AHL,2025,65327685
AHL,2026,65340000
AHTM,2013,8473148
AHTM,2014,8473148
AHTM,2015,8473148
AHTM,2016,8473148
AHTM,2017,8473148
AHTM,2018,8473148
AHTM,2019,8473148
AHTM,2020,8473148
AHTM,2021,8473148
AHTM,2022,8473148
AHTM,2023,8470191
AHTM,2024,8471042
AHTM,2025,8471043
AHTM,2026,8471535
AICL,2013,349798782
AICL,2014,349798782
AICL,2015,349798782
AICL,2016,349798782
AICL,2017,349798782
AICL,2018,349798782
AICL,2019,349798782
AICL,2020,349798782
AICL,2021,349798782
AICL,2022,349798782
AICL,2023,350159443
AICL,2024,350060674
AICL,2025,350117190
AICL,2026,350000000
AIRLINK,2013,395269231
AIRLINK,2014,395269231
AIRLINK,2015,395269231
AIRLINK,2016,395269231
AIRLINK,2017,395269231
AIRLINK,2018,395269231
AIRLINK,2019,395269231
AIRLINK,2020,395269231
AIRLINK,2021,395269231
AIRLINK,2022,395269231
AIRLINK,2023,395269231
AIRLINK,2024,395269231
AIRLINK,2025,395269231
AIRLINK,2026,395269231
AKBL,2013,1449648969
AKBL,2014,1449648969
AKBL,2015,1449648969
AKBL,2016,1449648969
AKBL,2017,1449648969
AKBL,2018,1449648969
AKBL,2019,1449648969
AKBL,2020,1449648969
AKBL,2021,1449648969
AKBL,2022,1449648969
AKBL,2023,1449267005
AKBL,2024,1448840179
AKBL,2025,1449670629
AKBL,2026,1449299207
AKDHL,2013,2507273
AKDHL,2014,2507273
AKDHL,2015,2507273
AKDHL,2016,2507273
AKDHL,2017,2507273
AKDHL,2018,2507273
AKDHL,2019,2507273
AKDHL,2020,2507273
AKDHL,2021,2507273
AKDHL,2022,2507273
AKDHL,2023,2507273
AKDHL,2024,2510811
AKDHL,2025,2482353
AKDHL,2026,2507273
AKGL,2013,9990850
AKGL,2014,9990850
AKGL,2015,9990850
AKGL,2016,9990850
AKGL,2017,9990850
AKGL,2018,9990850
AKGL,2019,9990850
AKGL,2020,9990850
AKGL,2021,9990850
AKGL,2022,9990850
AKGL,2023,10016923
AKGL,2024,9982784
AKGL,2025,10026316
AKGL,2026,10000000
AKZO,2013,46443250
AKZO,2014,46443250
AKZO,2015,46443250
AKZO,2016,46427342
AKZO,2017,46434846
AKZO,2018,46424341
AKZO,2019,46437648
AKZO,2020,46443250
AKZO,2021,46443250
AKZO,2022,46443250
AKZO,2023,46443250
AKZO,2024,46443250
AKZO,2025,46443250
AKZO,2026,46443250
ALAC,2013,150172014
ALAC,2014,150172014
ALAC,2015,150172014
ALAC,2016,150172014
ALAC,2017,150172014
ALAC,2018,150172014
ALAC,2019,150172014
ALAC,2020,150172014
ALAC,2021,150172014
ALAC,2022,150172014
ALAC,2023,150172014
ALAC,2024,151230000
ALAC,2025,149959524
ALAC,2026,150172014
ALNRS,2013,20473702
ALNRS,2014,20473702
ALNRS,2015,20473702
ALNRS,2016,20473702
ALNRS,2017,20473702
ALNRS,2018,20473702
ALNRS,2019,20473702
ALNRS,2020,20473702
ALNRS,2021,20473702
ALNRS,2022,20473702
ALNRS,2023,20462692
ALNRS,2024,20467360
ALNRS,2025,20466857
ALNRS,2026,20473702
ALTN,2013,363380000
ALTN,2014,363380000
ALTN,2015,363380000
ALTN,2016,363380000
ALTN,2017,363380000
ALTN,2018,363380000
ALTN,2019,363380000
ALTN,2020,363380000
ALTN,2021,363380000
ALTN,2022,363380000
ALTN,2023,363314937
ALTN,2024,363479631
ALTN,2025,363270684
ALTN,2026,363380000
AMBL,2013,545040671
AMBL,2014,545040671
AMBL,2015,545040671
AMBL,2016,545040671
AMBL,2017,545040671
AMBL,2018,545040671
AMBL,2019,545040671
AMBL,2020,545040671
AMBL,2021,545040671
AMBL,2022,545040671
AMBL,2023,545040671
AMBL,2024,545040671
AMBL,2025,545040671
AMBL,2026,545040671
AMTEX,2013,259430134
AMTEX,2014,259430134
AMTEX,2015,259430134
AMTEX,2016,259430134
AMTEX,2017,259430134
AMTEX,2018,259430134
AMTEX,2019,259430134
AMTEX,2020,259430134
AMTEX,2021,259430134
AMTEX,2022,259430134
AMTEX,2023,258722500
AMTEX,2024,260209434
AMTEX,2025,511511429
AMTEX,2026,259430134
ANL,2013,491525532
ANL,2014,491525532
ANL,2015,491525532
ANL,2016,491525532
ANL,2017,491525532
ANL,2018,491525532
ANL,2019,491525532
ANL,2020,491525532
ANL,2021,491525532
ANL,2022,491525532
ANL,2023,491790301
ANL,2024,492934307
ANL,2025,490771329
ANL,2026,485409731
ANSM,2013,56136657
ANSM,2014,56136657
ANSM,2015,56136657
ANSM,2016,56136657
ANSM,2017,56136657
ANSM,2018,56136657
ANSM,2019,56136657
ANSM,2020,56136657
ANSM,2021,56136657
ANSM,2022,56136657
ANSM,2023,56136657
ANSM,2024,56136657
ANSM,2025,56136657
ANSM,2026,56136657
ANTM,2013,9660000
ANTM,2014,9660000
ANTM,2015,9660000
ANTM,2016,9660000
ANTM,2017,9660000
ANTM,2018,9660000
ANTM,2019,9660000
ANTM,2020,9660000
ANTM,2021,9660000
ANTM,2022,9660000
ANTM,2023,9660000
ANTM,2024,9660000
ANTM,2025,9659459
ANTM,2026,9660000
APL,2013,124413336
APL,2014,124413336
APL,2015,124413336
APL,2016,124413336
APL,2017,124413336
APL,2018,124413336
APL,2019,124413336
APL,2020,124413336
APL,2021,124413336
APL,2022,124413336
APL,2023,124421268
APL,2024,124418309
APL,2025,124417431
APL,2026,124416000
ARM,2013,219911429
ARM,2014,219911429
ARM,2015,219911429
ARM,2016,219911429
ARM,2017,219911429
ARM,2018,219911429
ARM,2019,219911429
ARM,2020,219911429
ARM,2021,220894175
ARM,2022,219911429
ARM,2023,219988321
ARM,2024,219911429
ARM,2025,219911429
ARM,2026,219911429
ARPAK,2013,4000000
ARPAK,2014,4000000
ARPAK,2015,4000000
ARPAK,2016,4000000
ARPAK,2017,4000000
ARPAK,2018,4000000
ARPAK,2019,4000000
ARPAK,2020,4000000
ARPAK,2021,4000000
ARPAK,2022,4000000
ARPAK,2023,4000000
ARPAK,2024,4000000
ARPAK,2025,4000000
ARPAK,2026,4000000
ARPL,2013,34563341
ARPL,2014,34563341
ARPL,2015,34563341
ARPL,2016,34563341
ARPL,2017,34563341
ARPL,2018,34563341
ARPL,2019,34563341
ARPL,2020,34563341
ARPL,2021,34563341
ARPL,2022,34563341
ARPL,2023,34118842
ARPL,2024,34120702
ARPL,2025,34565668
ARPL,2026,34563341
ARUJ,2013,10457890
ARUJ,2014,10457890
ARUJ,2015,10457890
ARUJ,2016,10457890
ARUJ,2017,10457890
ARUJ,2018,10457890
ARUJ,2019,10457890
ARUJ,2020,10457890
ARUJ,2021,10457890
ARUJ,2022,10457890
ARUJ,2023,10457890
ARUJ,2024,10457890
ARUJ,2025,10457890
ARUJ,2026,10457890
ASHT,2013,46565035
ASHT,2014,46565035
ASHT,2015,46565035
ASHT,2016,46565035
ASHT,2017,46565035
ASHT,2018,46565035
ASHT,2019,46565035
ASHT,2020,46565035
ASHT,2021,46565035
ASHT,2022,46565035
ASHT,2023,46565035
ASHT,2024,46443902
ASHT,2025,46107692
ASHT,2026,46565035
ASL,2013,930784821
ASL,2014,930784821
ASL,2015,930784821
ASL,2016,930784821
ASL,2017,930784821
ASL,2018,930784821
ASL,2019,930784821
ASL,2020,930784821
ASL,2021,930784821
ASL,2022,930784821
ASL,2023,930784821
ASL,2024,930784821
ASL,2025,902451181
ASL,2026,930784821
ASTL,2013,337011427
ASTL,2014,337011427
ASTL,2015,337011427
ASTL,2016,337011427
ASTL,2017,337011427
ASTL,2018,337011427
ASTL,2019,337011427
ASTL,2020,337011427
ASTL,2021,337011427
ASTL,2022,337011427
ASTL,2023,337011427
ASTL,2024,337011427
ASTL,2025,297200673
ASTL,2026,337011427
ASTM,2013,15177000
ASTM,2014,15177000
ASTM,2015,15177000
ASTM,2016,15177000
ASTM,2017,15177000
ASTM,2018,15177000
ASTM,2019,15177000
ASTM,2020,15177000
ASTM,2021,15177000
ASTM,2022,15177000
ASTM,2023,15177000
ASTM,2024,15206481
ASTM,2025,15171756
ASTM,2026,15177000
ATBA,2013,35014576
ATBA,2014,35014576
ATBA,2015,35014576
ATBA,2016,35014576
ATBA,2017,35014576
ATBA,2018,35014576
ATBA,2019,35014576
ATBA,2020,35014576
ATBA,2021,35014576
ATBA,2022,35014576
ATBA,2023,35018167
ATBA,2024,35018217
ATBA,2025,35078846
ATBA,2026,35017034
ATIL,2013,149545530
ATIL,2014,149545530
ATIL,2015,149545530
ATIL,2016,149545530
ATIL,2017,149545530
ATIL,2018,149545530
ATIL,2019,149545530
ATIL,2020,149545530
ATIL,2021,149545530
ATIL,2022,149545530
ATIL,2023,149431306
ATIL,2024,149427373
ATIL,2025,149409137
ATIL,2026,149415691
ATLH,2013,124087935
ATLH,2014,124087935
ATLH,2015,124087935
ATLH,2016,124087935
ATLH,2017,124087935
ATLH,2018,124087935
ATLH,2019,124087935
ATLH,2020,124087935
ATLH,2021,124087935
ATLH,2022,124087935
ATLH,2023,124080213
ATLH,2024,124080330
ATLH,2025,124087666
ATLH,2026,124087935
ATRL,2013,106621355
ATRL,2014,106621355
ATRL,2015,106621355
ATRL,2016,106621355
ATRL,2017,106621355
ATRL,2018,106621355
ATRL,2019,106621355
ATRL,2020,106621355
ATRL,2021,106621355
ATRL,2022,106621355
ATRL,2023,106614738
ATRL,2024,106622153
ATRL,2025,106607881
ATRL,2026,106616250
AVN,2013,375933333
AVN,2014,375933333
AVN,2015,375933333
AVN,2016,375933333
AVN,2017,375933333
AVN,2018,375933333
AVN,2019,375933333
AVN,2020,375933333
AVN,2021,375933333
AVN,2022,375933333
AVN,2023,413506870
AVN,2024,393500730
AVN,2025,429864286
AVN,2026,429667346
AWWAL,2013,99478571
AWWAL,2014,99478571
AWWAL,2015,99478571
AWWAL,2016,99478571
AWWAL,2017,99478571
AWWAL,2018,99478571
AWWAL,2019,100345045
AWWAL,2020,99656311
AWWAL,2021,100068293
AWWAL,2022,99478571
AWWAL,2023,99478571
AWWAL,2024,99478571
AWWAL,2025,99478571
AWWAL,2026,99478571
BAFL,2013,3154330238
BAFL,2014,3154330238
BAFL,2015,3154330238
BAFL,2016,3154330238
BAFL,2017,3154330238
BAFL,2018,3154330238
BAFL,2019,3154330238
BAFL,2020,3154330238
BAFL,2021,3154330238
BAFL,2022,3154330238
BAFL,2023,3154330238
BAFL,2024,3154330238
BAFL,2025,3154330238
BAFL,2026,3154330238
BAFS,2013,9450000
BAFS,2014,9450000
BAFS,2015,9450000
BAFS,2016,9450000
BAFS,2017,9450000
BAFS,2018,9450000
BAFS,2019,9450000
BAFS,2020,9450000
BAFS,2021,9450000
BAFS,2022,9450000
BAFS,2023,9450000
BAFS,2024,9445812
BAFS,2025,9450209
BAFS,2026,9450000
BAHL,2013,1111350034
BAHL,2014,1111350034
BAHL,2015,1111350034
BAHL,2016,1111350034
BAHL,2017,1111350034
BAHL,2018,1111350034
BAHL,2019,1111350034
BAHL,2020,1111350034
BAHL,2021,1111350034
BAHL,2022,1111350034
BAHL,2023,1111371145
BAHL,2024,1111295986
BAHL,2025,1111258905
BAHL,2026,1111425419
BAPL,2013,7502510
BAPL,2014,7502510
BAPL,2015,7502510
BAPL,2016,7502510
BAPL,2017,7502510
BAPL,2018,7502510
BAPL,2019,7502510
BAPL,2020,7502510
BAPL,2021,7502510
BAPL,2022,7502510
BAPL,2023,7502510
BAPL,2024,7502510
BAPL,2025,7498485
BAPL,2026,7502510
BATA,2013,7560000
BATA,2014,7560000
BATA,2015,7560000
BATA,2016,7560000
BATA,2017,7560000
BATA,2018,7560000
BATA,2019,7560000
BATA,2020,7560000
BATA,2021,7560000
BATA,2022,7560000
BATA,2023,7559775
BATA,2024,7560132
BATA,2025,7560028
BATA,2026,7560000
BCL,2013,11472529
BCL,2014,11472529
BCL,2015,11472529
BCL,2016,11472529
BCL,2017,11472529
BCL,2018,11472529
BCL,2019,11472529
BCL,2020,11472529
BCL,2021,11472529
BCL,2022,11472529
BCL,2023,11472529
BCL,2024,11433582
BCL,2025,11476499
BCL,2026,11472529
BECO,2013,1249625100
BECO,2014,1249625100
BECO,2015,1249625100
BECO,2016,1249625100
BECO,2017,1249625100
BECO,2018,1249625100
BECO,2019,1249625100
BECO,2020,1249625100
BECO,2021,1249625100
BECO,2022,1249625100
BECO,2023,1249625100
BECO,2024,181448571
BECO,2025,125264045
BECO,2026,1249625100
BERG,2013,24560341
BERG,2014,24560341
BERG,2015,24560341
BERG,2016,24560341
BERG,2017,24560341
BERG,2018,24560341
BERG,2019,24560341
BERG,2020,24560341
BERG,2021,24560341
BERG,2022,24560341
BERG,2023,24546115
BERG,2024,24543697
BERG,2025,24549589
BERG,2026,24551652
BFMOD,2013,7515158
BFMOD,2014,7515158
BFMOD,2015,7515158
BFMOD,2016,7515158
BFMOD,2017,7515158
BFMOD,2018,7515158
BFMOD,2019,7515158
BFMOD,2020,7515158
BFMOD,2021,7515158
BFMOD,2022,7515158
BFMOD,2023,7515158
BFMOD,2024,7553012
BFMOD,2025,7498469
BFMOD,2026,7515158
BGL,2013,638512057
BGL,2014,638512057
BGL,2015,638512057
BGL,2016,638512057
BGL,2017,638512057
BGL,2018,638512057
BGL,2019,638512057
BGL,2020,638512057
BGL,2021,638512057
BGL,2022,638512057
BGL,2023,638512057
BGL,2024,638512057
BGL,2025,638512057
BGL,2026,638512057
BHAT,2013,3040964
BHAT,2014,3040964
BHAT,2015,3040964
BHAT,2016,3040964
BHAT,2017,3040964
BHAT,2018,3040964
BHAT,2019,3040964
BHAT,2020,3040964
BHAT,2021,3040964
BHAT,2022,3040964
BHAT,2023,3000016
BHAT,2024,3000000
BHAT,2025,3041241
BHAT,2026,3040964
BIFO,2013,46391199
BIFO,2014,46391199
BIFO,2015,46391199
BIFO,2016,46391199
BIFO,2017,46391199
BIFO,2018,46391199
BIFO,2019,46391199
BIFO,2020,46391199
BIFO,2021,46391199
BIFO,2022,46391199
BIFO,2023,46387710
BIFO,2024,46387893
BIFO,2025,46367857
BIFO,2026,46382688
BILF,2013,14100000
BILF,2014,14100000
BILF,2015,14100000
BILF,2016,14100000
BILF,2017,14100000
BILF,2018,14100000
BILF,2019,14100000
BILF,2020,14100000
BILF,2021,14100000
BILF,2022,14100000
BILF,2023,14100000
BILF,2024,14100000
BILF,2025,14100000
BILF,2026,14100000
BIPL,2013,1109908750
BIPL,2014,1109908750
BIPL,2015,1109908750
BIPL,2016,1109908750
BIPL,2017,1109908750
BIPL,2018,1109908750
BIPL,2019,1109908750
BIPL,2020,1109908750
BIPL,2021,1109908750
BIPL,2022,1109908750
BIPL,2023,1108945683
BIPL,2024,1109047891
BIPL,2025,1109571534
BIPL,2026,1108703299
BIPLS,2013,100000000
BIPLS,2014,100000000
BIPLS,2015,100000000
BIPLS,2016,100000000
BIPLS,2017,100000000
BIPLS,2018,100000000
BIPLS,2019,100000000
BIPLS,2020,100000000
BIPLS,2021,99850000
BIPLS,2022,100000000
BIPLS,2023,100000000
BIPLS,2024,100000000
BIPLS,2025,100000000
BIPLS,2026,100000000
BNL,2013,668052700
BNL,2014,668052700
BNL,2015,668052700
BNL,2016,668052700
BNL,2017,668052700
BNL,2018,668052700
BNL,2019,668052700
BNL,2020,668052700
BNL,2021,668052700
BNL,2022,668052700
BNL,2023,66807212
BNL,2024,66753299
BNL,2025,66857883
BNL,2026,668052700
BNWM,2013,9506250
BNWM,2014,9506250
BNWM,2015,9506250
BNWM,2016,9506250
BNWM,2017,9506250
BNWM,2018,9506250
BNWM,2019,9506250
BNWM,2020,9506250
BNWM,2021,9506250
BNWM,2022,9506250
BNWM,2023,9506250
BNWM,2024,9506250
BNWM,2025,9506799
BNWM,2026,9506250
BOK,2013,1109424390
BOK,2014,1109424390
BOK,2015,1109424390
BOK,2016,1109424390
BOK,2017,1109424390
BOK,2018,1109424390
BOK,2019,1109424390
BOK,2020,1109424390
BOK,2021,1109424390
BOK,2022,1109424390
BOK,2023,1101669937
BOK,2024,1158692628
BOK,2025,1158518526
BOK,2026,1158054673
BOP,2013,3273174320
BOP,2014,3273174320
BOP,2015,3273174320
BOP,2016,3273174320
BOP,2017,3273174320
BOP,2018,3273174320
BOP,2019,3273174320
BOP,2020,3273174320
BOP,2021,3273174320
BOP,2022,3273174320
BOP,2023,3267776657
BOP,2024,3270259658
BOP,2025,3272613963
BOP,2026,3271569319
BPL,2013,22488900
BPL,2014,22488900
BPL,2015,22488900
BPL,2016,22488900
BPL,2017,22488900
BPL,2018,22488900
BPL,2019,22488900
BPL,2020,22488900
BPL,2021,22488900
BPL,2022,22488900
BPL,2023,22488900
BPL,2024,22553782
BPL,2025,22535878
BPL,2026,22488900
BTL,2013,6432000
BTL,2014,6432000
BTL,2015,6432000
BTL,2016,6432000
BTL,2017,6432000
BTL,2018,6432000
BTL,2019,6432000
BTL,2020,6432000
BTL,2021,6432000
BTL,2022,6432000
BTL,2023,6432000
BTL,2024,6432055
BTL,2025,6431851
BTL,2026,6432000
BUXL,2013,1440000
BUXL,2014,1440000
BUXL,2015,1440000
BUXL,2016,1440000
BUXL,2017,1440000
BUXL,2018,1440000
BUXL,2019,1440000
BUXL,2020,1440000
BUXL,2021,1440000
BUXL,2022,1440000
BUXL,2023,1437543
BUXL,2024,1437566
BUXL,2025,1440947
BUXL,2026,1440000
BWCL,2013,596252783
BWCL,2014,596252783
BWCL,2015,596252783
BWCL,2016,596252783
BWCL,2017,596252783
BWCL,2018,596252783
BWCL,2019,596252783
BWCL,2020,596252783
BWCL,2021,596252783
BWCL,2022,596252783
BWCL,2023,596374022
BWCL,2024,596300346
BWCL,2025,596311044
BWCL,2026,596252783
BWHL,2013,13331498
BWHL,2014,13331498
BWHL,2015,13331498
BWHL,2016,13331498
BWHL,2017,13331498
BWHL,2018,13331498
BWHL,2019,13331498
BWHL,2020,13331498
BWHL,2021,13331498
BWHL,2022,13331498
BWHL,2023,13333920
BWHL,2024,13333241
BWHL,2025,13332573
BWHL,2026,13334250
BYCO,2013,5329884706
BYCO,2014,5329884706
BYCO,2015,5329884706
BYCO,2016,5329884706
BYCO,2017,5329884706
BYCO,2018,5329884706
BYCO,2019,5329884706
BYCO,2020,5340244681
BYCO,2021,5366925373
BYCO,2022,5329884706
BYCO,2023,5329884706
BYCO,2024,5329884706
BYCO,2025,5329884706
BYCO,2026,5329884706
CCM,2013,22657325
CCM,2014,22657325
CCM,2015,22657325
CCM,2016,22657325
CCM,2017,22657325
CCM,2018,22657325
CCM,2019,22657325
CCM,2020,22657325
CCM,2021,22657325
CCM,2022,22657325
CCM,2023,22640039
CCM,2024,22675148
CCM,2025,22375862
CCM,2026,22660123
CENI,2013,55362898
CENI,2014,55362898
CENI,2015,55362898
CENI,2016,55362898
CENI,2017,55362898
CENI,2018,55362898
CENI,2019,55362898
CENI,2020,55362898
CENI,2021,55362898
CENI,2022,55362898
CENI,2023,55330624
CENI,2024,55314286
CENI,2025,55343907
CENI,2026,55326483
CEPB,2013,401712926
CEPB,2014,401712926
CEPB,2015,401712926
CEPB,2016,401712926
CEPB,2017,401712926
CEPB,2018,401712926
CEPB,2019,401712926
CEPB,2020,401712926
CEPB,2021,401712926
CEPB,2022,401712926
CEPB,2023,401437568
CEPB,2024,402217333
CEPB,2025,402994615
CEPB,2026,401712926
CFL,2013,12417876
CFL,2014,12417876
CFL,2015,12417876
CFL,2016,12417876
CFL,2017,12417876
CFL,2018,12417876
CFL,2019,12417876
CFL,2020,12417876
CFL,2021,12417876
CFL,2022,12417876
CFL,2023,12417876
CFL,2024,12418873
CFL,2025,12418401
CFL,2026,12417876
CHAS,2013,28692000
CHAS,2014,28692000
CHAS,2015,28692000
CHAS,2016,28692000
CHAS,2017,28692000
CHAS,2018,28692000
CHAS,2019,28692000
CHAS,2020,28692000
CHAS,2021,28692000
CHAS,2022,28692000
CHAS,2023,28692000
CHAS,2024,28650000
CHAS,2025,28691979
CHAS,2026,28692000
CHBL,2013,115000000
CHBL,2014,115000000
CHBL,2015,115000000
CHBL,2016,115000000
CHBL,2017,115000000
CHBL,2018,115000000
CHBL,2019,115000000
CHBL,2020,115000000
CHBL,2021,115000000
CHBL,2022,115000000
CHBL,2023,115000000
CHBL,2024,115000000
CHBL,2025,115000000
CHBL,2026,115000000
CHCC,2013,194329045
CHCC,2014,194329045
CHCC,2015,194329045
CHCC,2016,194329045
CHCC,2017,194329045
CHCC,2018,194329045
CHCC,2019,194329045
CHCC,2020,194329045
CHCC,2021,194329045
CHCC,2022,194329045
CHCC,2023,194262550
CHCC,2024,194268845
CHCC,2025,194300716
CHCC,2026,194295038
CLOV,2013,389288240
CLOV,2014,389288240
CLOV,2015,389288240
CLOV,2016,389288240
CLOV,2017,389288240
CLOV,2018,389288240
CLOV,2019,389288240
CLOV,2020,389288240
CLOV,2021,389288240
CLOV,2022,389288240
CLOV,2023,389288240
CLOV,2024,31120712
CLOV,2025,38924424
CLOV,2026,389288240
CLVL,2013,72105200
CLVL,2014,72105200
CLVL,2015,72105200
CLVL,2016,72105200
CLVL,2017,72105200
CLVL,2018,72105200
CLVL,2019,72105200
CLVL,2020,72105200
CLVL,2021,72105200
CLVL,2022,72105200
CLVL,2023,72105200
CLVL,2024,60053846
CLVL,2025,59703125
CLVL,2026,72105200
COLG,2013,242773288
COLG,2014,242773288
COLG,2015,242773288
COLG,2016,242773288
COLG,2017,242773288
COLG,2018,242773288
COLG,2019,242773288
COLG,2020,242773288
COLG,2021,242773288
COLG,2022,242773288
COLG,2023,242770382
COLG,2024,243054219
COLG,2025,242772143
COLG,2026,242773288
CPAL,2013,10744413
CPAL,2014,10744413
CPAL,2015,10744413
CPAL,2016,10744413
CPAL,2017,10732653
CPAL,2018,10728254
CPAL,2019,10716489
CPAL,2020,10700000
CPAL,2021,10744413
CPAL,2022,10744413
CPAL,2023,10744413
CPAL,2024,10744413
CPAL,2025,10744413
CPAL,2026,10744413
CPHL,2013,220793056
CPHL,2014,220793056
CPHL,2015,220793056
CPHL,2016,220793056
CPHL,2017,220793056
CPHL,2018,220793056
CPHL,2019,220793056
CPHL,2020,220793056
CPHL,2021,220793056
CPHL,2022,220793056
CPHL,2023,228466667
CPHL,2024,228346301
CPHL,2025,228727949
CPHL,2026,228461200
CPPL,2013,49085865
CPPL,2014,49085865
CPPL,2015,49085865
CPPL,2016,49085865
CPPL,2017,49085865
CPPL,2018,49085865
CPPL,2019,49085865
CPPL,2020,49085865
CPPL,2021,49085865
CPPL,2022,49085865
CPPL,2023,49094595
CPPL,2024,49107095
CPPL,2025,49095179
CPPL,2026,49095396
CRTM,2013,100000000
CRTM,2014,100000000
CRTM,2015,100000000
CRTM,2016,100000000
CRTM,2017,100000000
CRTM,2018,100000000
CRTM,2019,100000000
CRTM,2020,100000000
CRTM,2021,100000000
CRTM,2022,100000000
CRTM,2023,100000000
CRTM,2024,98472149
CRTM,2025,99966845
CRTM,2026,100000000
CSAP,2013,77632491
CSAP,2014,77632491
CSAP,2015,77632491
CSAP,2016,77632491
CSAP,2017,77632491
CSAP,2018,77632491
CSAP,2019,77632491
CSAP,2020,77632491
CSAP,2021,77632491
CSAP,2022,77632491
CSAP,2023,77568860
CSAP,2024,78753601
CSAP,2025,77646185
CSAP,2026,77632491
CSIL,2013,107732000
CSIL,2014,107732000
CSIL,2015,107732000
CSIL,2016,107732000
CSIL,2017,107732000
CSIL,2018,107732000
CSIL,2019,107732000
CSIL,2020,107732000
CSIL,2021,107732000
CSIL,2022,107732000
CSIL,2023,108100000
CSIL,2024,107603704
CSIL,2025,110189474
CSIL,2026,148619157
CTM,2013,498010000
CTM,2014,498010000
CTM,2015,498010000
CTM,2016,498010000
CTM,2017,498010000
CTM,2018,498010000
CTM,2019,498010000
CTM,2020,498010000
CTM,2021,498010000
CTM,2022,498010000
CTM,2023,498010000
CTM,2024,502300000
CTM,2025,496612651
CTM,2026,498010000
CWSM,2013,121576200
CWSM,2014,121576200
CWSM,2015,121576200
CWSM,2016,121576200
CWSM,2017,121576200
CWSM,2018,121576200
CWSM,2019,121576200
CWSM,2020,121576200
CWSM,2021,121576200
CWSM,2022,121576200
CWSM,2023,121576200
CWSM,2024,121576200
CWSM,2025,121576200
CWSM,2026,121576200
CYAN,2013,61634242
CYAN,2014,61634242
CYAN,2015,61634242
CYAN,2016,61634242
CYAN,2017,61634242
CYAN,2018,61634242
CYAN,2019,61634242
CYAN,2020,61634242
CYAN,2021,61634242
CYAN,2022,61634242
CYAN,2023,61594687
CYAN,2024,61554525
CYAN,2025,61558963
CYAN,2026,61558963
DAAG,2013,4000000
DAAG,2014,4000000
DAAG,2015,4000000
DAAG,2016,4000000
DAAG,2017,4000000
DAAG,2018,4000000
DAAG,2019,4000000
DAAG,2020,4000000
DAAG,2021,4000000
DAAG,2022,4000000
DAAG,2023,4000000
DAAG,2024,4000000
DAAG,2025,4000000
DAAG,2026,4000000
DADX,2013,10764000
DADX,2014,10764000
DADX,2015,10764000
DADX,2016,10764000
DADX,2017,10764000
DADX,2018,10764000
DADX,2019,10764000
DADX,2020,10764000
DADX,2021,10764000
DADX,2022,10764000
DADX,2023,10764000
DADX,2024,10764000
DADX,2025,10764000
DADX,2026,10764000
DAWH,2013,481391656
DAWH,2014,481391656
DAWH,2015,481391656
DAWH,2016,481391656
DAWH,2017,481391656
DAWH,2018,481391656
DAWH,2019,481391656
DAWH,2020,481031484
DAWH,2021,481360097
DAWH,2022,481391656
DAWH,2023,481384791
DAWH,2024,481287116
DAWH,2025,481287116
DAWH,2026,481287116
DCL,2013,544113343
DCL,2014,544113343
DCL,2015,544113343
DCL,2016,544113343
DCL,2017,544113343
DCL,2018,544113343
DCL,2019,544113343
DCL,2020,544113343
DCL,2021,544113343
DCL,2022,544113343
DCL,2023,544113343
DCL,2024,544113343
DCL,2025,544113343
DCL,2026,544113343
DEL,2013,27500000
DEL,2014,27500000
DEL,2015,27500000
DEL,2016,27500000
DEL,2017,27500000
DEL,2018,27500000
DEL,2019,27500000
DEL,2020,27500000
DEL,2021,27500000
DEL,2022,27500000
DEL,2023,27500000
DEL,2024,27500000
DEL,2025,27500000
DEL,2026,27500000
DFML,2013,299991686
DFML,2014,299991686
DFML,2015,299991686
DFML,2016,299991686
DFML,2017,299991686
DFML,2018,299991686
DFML,2019,299991686
DFML,2020,299991686
DFML,2021,299991686
DFML,2022,299991686
DFML,2023,299991686
DFML,2024,299991686
DFML,2025,299991686
DFML,2026,299991686
DFSM,2013,97750726
DFSM,2014,97750726
DFSM,2015,97750726
DFSM,2016,97750726
DFSM,2017,97750726
DFSM,2018,97750726
DFSM,2019,97750726
DFSM,2020,97750726
DFSM,2021,97750726
DFSM,2022,97750726
DFSM,2023,97750726
DFSM,2024,97750726
DFSM,2025,97750726
DFSM,2026,97750726
DGKC,2013,438119097
DGKC,2014,438119097
DGKC,2015,438119097
DGKC,2016,438119097
DGKC,2017,438119097
DGKC,2018,438119097
DGKC,2019,438119097
DGKC,2020,438119097
DGKC,2021,438119097
DGKC,2022,438119097
DGKC,2023,438367552
DGKC,2024,437416129
DGKC,2025,438134293
DGKC,2026,438119097
DIIL,2013,9000000
DIIL,2014,9000000
DIIL,2015,9000000
DIIL,2016,9000000
DIIL,2017,9000000
DIIL,2018,9000000
DIIL,2019,9000000
DIIL,2020,9000000
DIIL,2021,9000000
DIIL,2022,9000000
DIIL,2023,9000000
DIIL,2024,9000000
DIIL,2025,8997789
DIIL,2026,9000000
DINT,2013,52466750
DINT,2014,52466750
DINT,2015,52466750
DINT,2016,52466750
DINT,2017,52466750
DINT,2018,52466750
DINT,2019,52466750
DINT,2020,52466750
DINT,2021,52466750
DINT,2022,52466750
DINT,2023,52466750
DINT,2024,52466750
DINT,2025,52465275
DINT,2026,52466750
DKL,2013,10000000
DKL,2014,10000000
DKL,2015,10000000
DKL,2016,10000000
DKL,2017,10000000
DKL,2018,10000000
DKL,2019,10000000
DKL,2020,10000000
DKL,2021,10000000
DKL,2022,10000000
DKL,2023,10000000
DKL,2024,10000000
DKL,2025,10000000
DKL,2026,10000000
DKTM,2013,9610759
DKTM,2014,9610759
DKTM,2015,9610759
DKTM,2016,9610759
DKTM,2017,9610759
DKTM,2018,9610759
DKTM,2019,9610759
DKTM,2020,9610759
DKTM,2021,9610759
DKTM,2022,9610759
DKTM,2023,9610759
DKTM,2024,9610759
DKTM,2025,9610759
DKTM,2026,9610759
DLL,2013,800766520
DLL,2014,800766520
DLL,2015,800766520
DLL,2016,800766520
DLL,2017,800766520
DLL,2018,800766520
DLL,2019,800766520
DLL,2020,800766520
DLL,2021,800766520
DLL,2022,800766520
DLL,2023,59329495
DLL,2024,59304877
DLL,2025,59300732
DLL,2026,800766520
DMTM,2013,11561028
DMTM,2014,11561028
DMTM,2015,11561028
DMTM,2016,11561028
DMTM,2017,11561028
DMTM,2018,11561028
DMTM,2019,11561028
DMTM,2020,11561028
DMTM,2021,11561028
DMTM,2022,11561028
DMTM,2023,11561028
DMTM,2024,11561028
DMTM,2025,11561028
DMTM,2026,11561028
DMTX,2013,3052400
DMTX,2014,3052400
DMTX,2015,3052400
DMTX,2016,3052400
DMTX,2017,3052400
DMTX,2018,3052400
DMTX,2019,3052400
DMTX,2020,3052400
DMTX,2021,3052400
DMTX,2022,3052400
DMTX,2023,3052873
DMTX,2024,3050103
DMTX,2025,3052400
DMTX,2026,3052400
DNCC,2013,316355132
DNCC,2014,316355132
DNCC,2015,316355132
DNCC,2016,316355132
DNCC,2017,316355132
DNCC,2018,316355132
DNCC,2019,316355132
DNCC,2020,316355132
DNCC,2021,316355132
DNCC,2022,316355132
DNCC,2023,316355132
DNCC,2024,316355132
DNCC,2025,255325000
DNCC,2026,316355132
DOL,2013,175047212
DOL,2014,175047212
DOL,2015,175047212
DOL,2016,175047212
DOL,2017,175047212
DOL,2018,175047212
DOL,2019,175047212
DOL,2020,175047212
DOL,2021,175047212
DOL,2022,175047212
DOL,2023,175079250
DOL,2024,175107435
DOL,2025,175201552
DOL,2026,175031084
DSIL,2013,83685631
DSIL,2014,83685631
DSIL,2015,83685631
DSIL,2016,83685631
DSIL,2017,83685631
DSIL,2018,83685631
DSIL,2019,83685631
DSIL,2020,83685631
DSIL,2021,83685631
DSIL,2022,83685631
DSIL,2023,83685631
DSIL,2024,84123529
DSIL,2025,87433333
DSIL,2026,83685631
DSL,2013,444695577
DSL,2014,444695577
DSL,2015,444695577
DSL,2016,444695577
DSL,2017,444695577
DSL,2018,444695577
DSL,2019,444695577
DSL,2020,444695577
DSL,2021,444695577
DSL,2022,444695577
DSL,2023,444695577
DSL,2024,444695577
DSL,2025,444795588
DSL,2026,444695577
DSML,2013,7996970
DSML,2014,7996970
DSML,2015,7996970
DSML,2016,7996970
DSML,2017,7996970
DSML,2018,7996970
DSML,2019,7996970
DSML,2020,7996970
DSML,2021,7996970
DSML,2022,7996970
DSML,2023,8000000
DSML,2024,224500000
DSML,2025,224500000
DSML,2026,224500000
DWSM,2013,91511992
DWSM,2014,91511992
DWSM,2015,91511992
DWSM,2016,91511992
DWSM,2017,91511992
DWSM,2018,91511992
DWSM,2019,91511992
DWSM,2020,91511992
DWSM,2021,91511992
DWSM,2022,91511992
DWSM,2023,91511992
DWSM,2024,91511992
DWSM,2025,91511992
DWSM,2026,91511992
DWTM,2013,46064609
DWTM,2014,46064609
DWTM,2015,46064609
DWTM,2016,46064609
DWTM,2017,46064609
DWTM,2018,46064609
DWTM,2019,46064609
DWTM,2020,46064609
DWTM,2021,46064609
DWTM,2022,46064609
DWTM,2023,46064609
DWTM,2024,46064609
DWTM,2025,46064609
DWTM,2026,46064609
DYNO,2013,18873489
DYNO,2014,18873489
DYNO,2015,18873489
DYNO,2016,18873489
DYNO,2017,18873489
DYNO,2018,18873489
DYNO,2019,18873489
DYNO,2020,18873489
DYNO,2021,18873489
DYNO,2022,18873489
DYNO,2023,18869901
DYNO,2024,18873895
DYNO,2025,18874331
DYNO,2026,18872400
ECOP,2013,48162981
ECOP,2014,48162981
ECOP,2015,48162981
ECOP,2016,48162981
ECOP,2017,48162981
ECOP,2018,48162981
ECOP,2019,48162981
ECOP,2020,48162981
ECOP,2021,48162981
ECOP,2022,48162981
ECOP,2023,48365060
ECOP,2024,48293258
ECOP,2025,48272727
ECOP,2026,48258419
EFERT,2013,1335193588
EFERT,2014,1335193588
EFERT,2015,1335193588
EFERT,2016,1335193588
EFERT,2017,1335193588
EFERT,2018,1335193588
EFERT,2019,1335193588
EFERT,2020,1335193588
EFERT,2021,1335193588
EFERT,2022,1335193588
EFERT,2023,1335331149
EFERT,2024,1335400619
EFERT,2025,1335423315
EFERT,2026,1335299375
EFGH,2013,128751024
EFGH,2014,128751024
EFGH,2015,128751024
EFGH,2016,128751024
EFGH,2017,128751024
EFGH,2018,128751024
EFGH,2019,128751024
EFGH,2020,128751024
EFGH,2021,128751024
EFGH,2022,128751024
EFGH,2023,128751024
EFGH,2024,128751024
EFGH,2025,128751024
EFGH,2026,128751024
EFOODS,2013,766596075
EFOODS,2014,766596075
EFOODS,2015,765727603
EFOODS,2016,767431511
EFOODS,2017,774075510
EFOODS,2018,797287500
EFOODS,2019,766596075
EFOODS,2020,766596075
EFOODS,2021,766596075
EFOODS,2022,766596075
EFOODS,2023,766596075
EFOODS,2024,766596075
EFOODS,2025,766596075
EFOODS,2026,766596075
EFUG,2013,199972283
EFUG,2014,199972283
EFUG,2015,199972283
EFUG,2016,199972283
EFUG,2017,199972283
EFUG,2018,199972283
EFUG,2019,199972283
EFUG,2020,199972283
EFUG,2021,199972283
EFUG,2022,199972283
EFUG,2023,199976295
EFUG,2024,199953017
EFUG,2025,200019026
EFUG,2026,200000000
EFUL,2013,100006974
EFUL,2014,100006974
EFUL,2015,100006974
EFUL,2016,100006974
EFUL,2017,100006974
EFUL,2018,100006974
EFUL,2019,100006974
EFUL,2020,100006974
EFUL,2021,100006974
EFUL,2022,100006974
EFUL,2023,100026163
EFUL,2024,103764154
EFUL,2025,104992390
EFUL,2026,105000000
ELCM,2013,1300000
ELCM,2014,1300000
ELCM,2015,1300000
ELCM,2016,1300000
ELCM,2017,1300000
ELCM,2018,1300000
ELCM,2019,1300000
ELCM,2020,1300000
ELCM,2021,1300000
ELCM,2022,1300000
ELCM,2023,1299048
ELCM,2024,1301587
ELCM,2025,1299632
ELCM,2026,1300000
ELSM,2013,10949755
ELSM,2014,10949755
ELSM,2015,10949755
ELSM,2016,10949755
ELSM,2017,10949755
ELSM,2018,10949755
ELSM,2019,10949755
ELSM,2020,10949755
ELSM,2021,10949755
ELSM,2022,10949755
ELSM,2023,10950561
ELSM,2024,10950608
ELSM,2025,10945429
ELSM,2026,10950000
EMCO,2013,34984194
EMCO,2014,34984194
EMCO,2015,34984194
EMCO,2016,34984194
EMCO,2017,34984194
EMCO,2018,34984194
EMCO,2019,34984194
EMCO,2020,34984194
EMCO,2021,34984194
EMCO,2022,34984194
EMCO,2023,34995938
EMCO,2024,34983706
EMCO,2025,35056604
EMCO,2026,34999667
ENGRO,2013,576146235
ENGRO,2014,576146235
ENGRO,2015,576146235
ENGRO,2016,576146235
ENGRO,2017,576146235
ENGRO,2018,576146235
ENGRO,2019,576146235
ENGRO,2020,576227572
ENGRO,2021,576109303
ENGRO,2022,576146235
ENGRO,2023,544520614
ENGRO,2024,536626468
ENGRO,2025,536626468
ENGRO,2026,536626468
EPCL,2013,908923333
EPCL,2014,908923333
EPCL,2015,908923333
EPCL,2016,908923333
EPCL,2017,908923333
EPCL,2018,908923333
EPCL,2019,908923333
EPCL,2020,908923333
EPCL,2021,908923333
EPCL,2022,908923333
EPCL,2023,945108475
EPCL,2024,976789418
EPCL,2025,1356311111
EPCL,2026,908923333
EPQL,2013,324175330
EPQL,2014,324175330
EPQL,2015,324175330
EPQL,2016,324175330
EPQL,2017,324175330
EPQL,2018,324175330
EPQL,2019,324175330
EPQL,2020,324175330
EPQL,2021,324175330
EPQL,2022,324175330
EPQL,2023,323597809
EPQL,2024,323873979
EPQL,2025,324139147
EPQL,2026,323800000
ESBL,2013,135600000
ESBL,2014,135600000
ESBL,2015,135600000
ESBL,2016,135600000
ESBL,2017,135600000
ESBL,2018,135600000
ESBL,2019,135600000
ESBL,2020,135600000
ESBL,2021,135600000
ESBL,2022,135600000
ESBL,2023,135600000
ESBL,2024,135600000
ESBL,2025,135600000
ESBL,2026,135600000
EXIDE,2013,7768618
EXIDE,2014,7768618
EXIDE,2015,7768618
EXIDE,2016,7768618
EXIDE,2017,7768618
EXIDE,2018,7768618
EXIDE,2019,7768618
EXIDE,2020,7768618
EXIDE,2021,7768618
EXIDE,2022,7768618
EXIDE,2023,7768578
EXIDE,2024,7768563
EXIDE,2025,7768820
EXIDE,2026,7768618
FABL,2013,1517995676
FABL,2014,1517995676
FABL,2015,1517995676
FABL,2016,1517995676
FABL,2017,1517995676
FABL,2018,1517995676
FABL,2019,1517995676
FABL,2020,1517995676
FABL,2021,1517995676
FABL,2022,1517995676
FABL,2023,1517482135
FABL,2024,1518008767
FABL,2025,1517721259
FABL,2026,1517696526
FANM,2013,23060000
FANM,2014,23060000
FANM,2015,23060000
FANM,2016,23060000
FANM,2017,23060000
FANM,2018,23060000
FANM,2019,23060000
FANM,2020,23060000
FANM,2021,23060000
FANM,2022,23060000
FANM,2023,26750000
FANM,2024,19500000
FANM,2025,24130000
FANM,2026,23100000
FASM,2013,10000000
FASM,2014,10000000
FASM,2015,10000000
FASM,2016,10000000
FASM,2017,10000000
FASM,2018,10000000
FASM,2019,10000000
FASM,2020,10000000
FASM,2021,10000000
FASM,2022,10000000
FASM,2023,10000000
FASM,2024,10000056
FASM,2025,9999973
FASM,2026,10000000
FATIMA,2013,2100143759
FATIMA,2014,2100143759
FATIMA,2015,2100143759
FATIMA,2016,2100143759
FATIMA,2017,2100143759
FATIMA,2018,2100143759
FATIMA,2019,2100143759
FATIMA,2020,2100143759
FATIMA,2021,2100143759
FATIMA,2022,2100143759
FATIMA,2023,2099287629
FATIMA,2024,2099834214
FATIMA,2025,2099796968
FATIMA,2026,2100000000
FCCL,2013,2181760736
FCCL,2014,2181760736
FCCL,2015,2181760736
FCCL,2016,2181760736
FCCL,2017,2181760736
FCCL,2018,2181760736
FCCL,2019,2181760736
FCCL,2020,2181760736
FCCL,2021,2181760736
FCCL,2022,2181760736
FCCL,2023,2354329430
FCCL,2024,2454661493
FCCL,2025,2454180847
FCCL,2026,2452847220
FCEPL,2013,765736957
FCEPL,2014,765736957
FCEPL,2015,765736957
FCEPL,2016,765736957
FCEPL,2017,765736957
FCEPL,2018,765736957
FCEPL,2019,765736957
FCEPL,2020,765736957
FCEPL,2021,765736957
FCEPL,2022,765736957
FCEPL,2023,765881218
FCEPL,2024,767640418
FCEPL,2025,766566382
FCEPL,2026,766596075
FCIBL,2013,62992308
FCIBL,2014,62992308
FCIBL,2015,62992308
FCIBL,2016,62992308
FCIBL,2017,62992308
FCIBL,2018,62992308
FCIBL,2019,62992308
FCIBL,2020,62992308
FCIBL,2021,62992308
FCIBL,2022,62992308
FCIBL,2023,64970000
FCIBL,2024,64685714
FCIBL,2025,64672414
FCIBL,2026,65000000
FDIBL,2013,149220000
FDIBL,2014,149220000
FDIBL,2015,149220000
FDIBL,2016,149220000
FDIBL,2017,149220000
FDIBL,2018,149220000
FDIBL,2019,149220000
FDIBL,2020,149220000
FDIBL,2021,152100000
FDIBL,2022,149220000
FDIBL,2023,150390000
FDIBL,2024,148390023
FDIBL,2025,148390023
FDIBL,2026,148390023
FECM,2013,11340000
FECM,2014,11340000
FECM,2015,11340000
FECM,2016,11340000
FECM,2017,11340000
FECM,2018,11340000
FECM,2019,11340000
FECM,2020,11340000
FECM,2021,11340000
FECM,2022,11340000
FECM,2023,11340000
FECM,2024,11366346
FECM,2025,11451220
FECM,2026,11340000
FECTC,2013,50160000
FECTC,2014,50160000
FECTC,2015,50160000
FECTC,2016,50160000
FECTC,2017,50160000
FECTC,2018,50160000
FECTC,2019,50160000
FECTC,2020,50160000
FECTC,2021,50160000
FECTC,2022,50160000
FECTC,2023,50122902
FECTC,2024,50134680
FECTC,2025,50139374
FECTC,2026,50160000
FEM,2013,52440000
FEM,2014,52440000
FEM,2015,52440000
FEM,2016,52440000
FEM,2017,52440000
FEM,2018,52440000
FEM,2019,52440000
FEM,2020,52440000
FEM,2021,52440000
FEM,2022,52440000
FEM,2023,52440000
FEM,2024,52440000
FEM,2025,52440000
FEM,2026,52440000
FEROZ,2013,43461454
FEROZ,2014,43461454
FEROZ,2015,43461454
FEROZ,2016,43461454
FEROZ,2017,43461454
FEROZ,2018,43461454
FEROZ,2019,43461454
FEROZ,2020,43461454
FEROZ,2021,43461454
FEROZ,2022,43461454
FEROZ,2023,43457931
FEROZ,2024,43484130
FEROZ,2025,43476790
FEROZ,2026,43469051
FFBL,2013,1293296667
FFBL,2014,1293296667
FFBL,2015,1293296667
FFBL,2016,1293296667
FFBL,2017,1293296667
FFBL,2018,1293296667
FFBL,2019,1293296667
FFBL,2020,1034168396
FFBL,2021,1288500202
FFBL,2022,1293296667
FFBL,2023,1291183871
FFBL,2024,1291252857
FFBL,2025,1291252857
FFBL,2026,1291252857
FFC,2013,1272177030
FFC,2014,1272177030
FFC,2015,1272177030
FFC,2016,1272177030
FFC,2017,1272177030
FFC,2018,1272177030
FFC,2019,1272177030
FFC,2020,1272177030
FFC,2021,1272177030
FFC,2022,1272177030
FFC,2023,1272442024
FFC,2024,1422981732
FFC,2025,1423181795
FFC,2026,1439023262
FFL,2013,2519963139
FFL,2014,2519963139
FFL,2015,2519963139
FFL,2016,2519963139
FFL,2017,2519963139
FFL,2018,2519963139
FFL,2019,2519963139
FFL,2020,2519963139
FFL,2021,2519963139
FFL,2022,2519963139
FFL,2023,2327353846
FFL,2024,2561203571
FFL,2025,2522555102
FFL,2026,2519963139
FFLM,2013,26413804
FFLM,2014,26413804
FFLM,2015,26413804
FFLM,2016,26413804
FFLM,2017,26413804
FFLM,2018,26413804
FFLM,2019,26413804
FFLM,2020,26413804
FFLM,2021,26413804
FFLM,2022,26413804
FFLM,2023,26413804
FFLM,2024,26413804
FFLM,2025,26413804
FFLM,2026,26413804
FHAM,2013,110830500
FHAM,2014,110830500
FHAM,2015,110830500
FHAM,2016,110830500
FHAM,2017,110830500
FHAM,2018,110830500
FHAM,2019,110830500
FHAM,2020,110830500
FHAM,2021,110830500
FHAM,2022,110830500
FHAM,2023,111032265
FHAM,2024,110786035
FHAM,2025,110885240
FHAM,2026,110830500
FIBLM,2013,21687500
FIBLM,2014,21687500
FIBLM,2015,21687500
FIBLM,2016,21687500
FIBLM,2017,21687500
FIBLM,2018,21687500
FIBLM,2019,21687500
FIBLM,2020,21687500
FIBLM,2021,21687500
FIBLM,2022,21687500
FIBLM,2023,21754348
FIBLM,2024,21529412
FIBLM,2025,21644355
FIBLM,2026,21687500
FIMM,2013,3000000
FIMM,2014,3000000
FIMM,2015,3000000
FIMM,2016,3000000
FIMM,2017,3000000
FIMM,2018,3000000
FIMM,2019,3000000
FIMM,2020,3000000
FIMM,2021,3000000
FIMM,2022,3000000
FIMM,2023,3000000
FIMM,2024,3000000
FIMM,2025,3000000
FIMM,2026,3000000
FLYNG,2013,696314286
FLYNG,2014,696314286
FLYNG,2015,696314286
FLYNG,2016,696314286
FLYNG,2017,696314286
FLYNG,2018,696314286
FLYNG,2019,696314286
FLYNG,2020,696314286
FLYNG,2021,696314286
FLYNG,2022,696314286
FLYNG,2023,695502564
FLYNG,2024,734957143
FLYNG,2025,693979348
FLYNG,2026,694800000
FML,2013,389092922
FML,2014,389092922
FML,2015,389092922
FML,2016,389092922
FML,2017,389092922
FML,2018,389092922
FML,2019,389092922
FML,2020,389092922
FML,2021,389092922
FML,2022,389092922
FML,2023,399352538
FML,2024,400238462
FML,2025,396092000
FML,2026,399409026
FNBM,2013,26090000
FNBM,2014,26090000
FNBM,2015,26090000
FNBM,2016,26090000
FNBM,2017,26090000
FNBM,2018,26090000
FNBM,2019,26090000
FNBM,2020,26090000
FNBM,2021,27750000
FNBM,2022,26090000
FNBM,2023,25631250
FNBM,2024,25006475
FNBM,2025,25000000
FNBM,2026,25000000
FNEL,2013,2672863310
FNEL,2014,2672863310
FNEL,2015,2672863310
FNEL,2016,2672863310
FNEL,2017,2672863310
FNEL,2018,2672863310
FNEL,2019,2672863310
FNEL,2020,2672863310
FNEL,2021,2672863310
FNEL,2022,2672863310
FNEL,2023,2672863310
FNEL,2024,2672863310
FNEL,2025,2672863310
FNEL,2026,2672863310
FPJM,2013,34020000
FPJM,2014,34020000
FPJM,2015,34020000
FPJM,2016,34020000
FPJM,2017,34020000
FPJM,2018,34020000
FPJM,2019,34020000
FPJM,2020,34020000
FPJM,2021,34020000
FPJM,2022,34020000
FPJM,2023,34020000
FPJM,2024,34020000
FPJM,2025,34020000
FPJM,2026,34020000
FPRM,2013,13827778
FPRM,2014,13827778
FPRM,2015,13827778
FPRM,2016,13827778
FPRM,2017,13827778
FPRM,2018,13827778
FPRM,2019,13827778
FPRM,2020,13827778
FPRM,2021,13827778
FPRM,2022,13827778
FPRM,2023,13914894
FPRM,2024,13788406
FPRM,2025,13813873
FPRM,2026,13788418
FRCL,2013,37873821
FRCL,2014,37873821
FRCL,2015,37873821
FRCL,2016,37873821
FRCL,2017,37873821
FRCL,2018,37873821
FRCL,2019,37873821
FRCL,2020,37873821
FRCL,2021,37873821
FRCL,2022,37873821
FRCL,2023,37873821
FRCL,2024,37749020
FRCL,2025,37916710
FRCL,2026,37873821
FRSM,2013,39510989
FRSM,2014,39510989
FRSM,2015,39510989
FRSM,2016,39510989
FRSM,2017,39510989
FRSM,2018,39510989
FRSM,2019,39510989
FRSM,2020,39510989
FRSM,2021,39510989
FRSM,2022,39510989
FRSM,2023,25122018
FRSM,2024,25005657
FRSM,2025,36436481
FRSM,2026,39510989
FTMM,2013,195599994
FTMM,2014,195599994
FTMM,2015,195599994
FTMM,2016,195599994
FTMM,2017,195599994
FTMM,2018,195599994
FTMM,2019,195599994
FTMM,2020,195599994
FTMM,2021,195599994
FTMM,2022,195599994
FTMM,2023,195599994
FTMM,2024,875667742
FTMM,2025,839021429
FTMM,2026,195599994
FTSM,2013,21163104
FTSM,2014,21163104
FTSM,2015,21163104
FTSM,2016,21163104
FTSM,2017,21163104
FTSM,2018,21163104
FTSM,2019,21163104
FTSM,2020,21163104
FTSM,2021,21163104
FTSM,2022,21163104
FTSM,2023,21163104
FTSM,2024,21163104
FTSM,2025,21163104
FTSM,2026,21163104
FZCM,2013,29999056
FZCM,2014,29999056
FZCM,2015,29999056
FZCM,2016,29999056
FZCM,2017,29999056
FZCM,2018,29999056
FZCM,2019,29999056
FZCM,2020,29999056
FZCM,2021,29999056
FZCM,2022,29999056
FZCM,2023,29994626
FZCM,2024,29999798
FZCM,2025,30035128
FZCM,2026,30000000
GADT,2013,28029583
GADT,2014,28029583
GADT,2015,28029583
GADT,2016,28029583
GADT,2017,28029583
GADT,2018,28029583
GADT,2019,28029583
GADT,2020,28029583
GADT,2021,28029583
GADT,2022,28029583
GADT,2023,28030203
GADT,2024,28026384
GADT,2025,28031220
GADT,2026,28029583
GAIL,2013,50028880
GAIL,2014,50028880
GAIL,2015,50028880
GAIL,2016,50028880
GAIL,2017,50028880
GAIL,2018,50028880
GAIL,2019,50028880
GAIL,2020,50028880
GAIL,2021,50028880
GAIL,2022,50028880
GAIL,2023,50028880
GAIL,2024,50028880
GAIL,2025,50028880
GAIL,2026,50028880
GAMON,2013,28266231
GAMON,2014,28266231
GAMON,2015,28266231
GAMON,2016,28266231
GAMON,2017,28266231
GAMON,2018,28266231
GAMON,2019,28266231
GAMON,2020,28266231
GAMON,2021,28266231
GAMON,2022,28266231
GAMON,2023,28266231
GAMON,2024,27951852
GAMON,2025,28233775
GAMON,2026,28266231
GASF,2013,152098344
GASF,2014,152098344
GASF,2015,152098344
GASF,2016,152098344
GASF,2017,152098344
GASF,2018,152030476
GASF,2019,152161525
GASF,2020,152098344
GASF,2021,152098344
GASF,2022,152098344
GASF,2023,152098344
GASF,2024,152098344
GASF,2025,152098344
GASF,2026,152098344
GATI,2013,108728960
GATI,2014,108728960
GATI,2015,108728960
GATI,2016,108728960
GATI,2017,108728960
GATI,2018,108728960
GATI,2019,108728960
GATI,2020,108728960
GATI,2021,108728960
GATI,2022,108728960
GATI,2023,108728960
GATI,2024,108728960
GATI,2025,8622428
GATI,2026,108728960
GATM,2013,740321387
GATM,2014,740321387
GATM,2015,740321387
GATM,2016,740321387
GATM,2017,740321387
GATM,2018,740321387
GATM,2019,740321387
GATM,2020,740321387
GATM,2021,740321387
GATM,2022,740321387
GATM,2023,739521150
GATM,2024,739875117
GATM,2025,739480515
GATM,2026,740059458
GFIL,2013,32635600
GFIL,2014,32635600
GFIL,2015,32635600
GFIL,2016,32635600
GFIL,2017,32635600
GFIL,2018,32635600
GFIL,2019,32635600
GFIL,2020,32635600
GFIL,2021,32635600
GFIL,2022,32635600
GFIL,2023,32635600
GFIL,2024,32635600
GFIL,2025,33147826
GFIL,2026,32635600
GGGL,2013,241390244
GGGL,2014,241390244
GGGL,2015,241390244
GGGL,2016,241390244
GGGL,2017,241390244
GGGL,2018,241390244
GGGL,2019,241390244
GGGL,2020,241390244
GGGL,2021,241390244
GGGL,2022,241390244
GGGL,2023,242566667
GGGL,2024,241363333
GGGL,2025,240502400
GGGL,2026,240000000
GGL,2013,349200000
GGL,2014,349200000
GGL,2015,349200000
GGL,2016,349200000
GGL,2017,349200000
GGL,2018,349200000
GGL,2019,349200000
GGL,2020,349200000
GGL,2021,349200000
GGL,2022,349200000
GGL,2023,326460000
GGL,2024,347514286
GGL,2025,355214286
GGL,2026,354119590
GHGL,2013,999150248
GHGL,2014,999150248
GHGL,2015,999150248
GHGL,2016,999150248
GHGL,2017,999150248
GHGL,2018,999150248
GHGL,2019,999150248
GHGL,2020,999150248
GHGL,2021,999150248
GHGL,2022,999150248
GHGL,2023,999623333
GHGL,2024,1000032741
GHGL,2025,1000386949
GHGL,2026,999714838
GHNI,2013,42602339
GHNI,2014,42602339
GHNI,2015,42602339
GHNI,2016,42602339
GHNI,2017,42602339
GHNI,2018,42602339
GHNI,2019,42602339
GHNI,2020,42602339
GHNI,2021,42602339
GHNI,2022,42602339
GHNI,2023,42618527
GHNI,2024,42606979
GHNI,2025,42606944
GHNI,2026,42608844
GHNL,2013,57149718
GHNL,2014,57149718
GHNL,2015,57149718
GHNL,2016,57149718
GHNL,2017,57149718
GHNL,2018,57149718
GHNL,2019,57149718
GHNL,2020,57149718
GHNL,2021,57096943
GHNL,2022,57149718
GHNL,2023,57002500
GHNL,2024,57002500
GHNL,2025,57002500
GHNL,2026,57002500
GLAXO,2013,318614748
GLAXO,2014,318614748
GLAXO,2015,318614748
GLAXO,2016,318614748
GLAXO,2017,318614748
GLAXO,2018,318614748
GLAXO,2019,318614748
GLAXO,2020,318614748
GLAXO,2021,318614748
GLAXO,2022,318614748
GLAXO,2023,317829167
GLAXO,2024,318520809
GLAXO,2025,318466169
GLAXO,2026,318467278
GLPL,2013,31872000
GLPL,2014,31872000
GLPL,2015,31872000
GLPL,2016,31872000
GLPL,2017,31872000
GLPL,2018,31872000
GLPL,2019,31872000
GLPL,2020,31872000
GLPL,2021,31872000
GLPL,2022,31872000
GLPL,2023,31872000
GLPL,2024,31904482
GLPL,2025,31824843
GLPL,2026,31872000
GOC,2013,7348000
GOC,2014,7348000
GOC,2015,7348000
GOC,2016,7348000
GOC,2017,7348000
GOC,2018,7348000
GOC,2019,7348000
GOC,2020,7348000
GOC,2021,7348000
GOC,2022,7348000
GOC,2023,7349665
GOC,2024,7349442
GOC,2025,7359544
GOC,2026,7348950
GRYL,2013,21500000
GRYL,2014,21500000
GRYL,2015,21500000
GRYL,2016,21500000
GRYL,2017,21500000
GRYL,2018,21500000
GRYL,2019,21500000
GRYL,2020,21500000
GRYL,2021,21500000
GRYL,2022,21500000
GRYL,2023,21500000
GRYL,2024,21500000
GRYL,2025,21500000
GRYL,2026,21500000
GSKCH,2013,117054508
GSKCH,2014,117054508
GSKCH,2015,117054508
GSKCH,2016,117054508
GSKCH,2017,117054508
GSKCH,2018,117053704
GSKCH,2019,117087430
GSKCH,2020,117069481
GSKCH,2021,117078113
GSKCH,2022,117054508
GSKCH,2023,117054508
GSKCH,2024,117054508
GSKCH,2025,117054508
GSKCH,2026,117054508
GVGL,2013,149974603
GVGL,2014,149974603
GVGL,2015,149974603
GVGL,2016,149974603
GVGL,2017,149974603
GVGL,2018,149974603
GVGL,2019,149974603
GVGL,2020,149974603
GVGL,2021,149974603
GVGL,2022,149974603
GVGL,2023,149804942
GVGL,2024,149916027
GVGL,2025,150019364
GVGL,2026,149942178
GWLC,2013,400805621
GWLC,2014,400805621
GWLC,2015,400805621
GWLC,2016,400805621
GWLC,2017,400805621
GWLC,2018,400805621
GWLC,2019,400805621
GWLC,2020,400805621
GWLC,2021,400805621
GWLC,2022,400805621
GWLC,2023,400132143
GWLC,2024,400627586
GWLC,2025,400135027
GWLC,2026,400273960
HABSM,2013,149972209
HABSM,2014,149972209
HABSM,2015,149972209
HABSM,2016,149972209
HABSM,2017,149972209
HABSM,2018,149972209
HABSM,2019,149972209
HABSM,2020,149972209
HABSM,2021,149972209
HABSM,2022,149972209
HABSM,2023,150028217
HABSM,2024,135018802
HABSM,2025,135049653
HABSM,2026,135000000
HAEL,2013,12996304
HAEL,2014,12996304
HAEL,2015,12996304
HAEL,2016,12996304
HAEL,2017,12996304
HAEL,2018,12996304
HAEL,2019,12996304
HAEL,2020,12996304
HAEL,2021,12996304
HAEL,2022,12996304
HAEL,2023,12949451
HAEL,2024,12968493
HAEL,2025,12951402
HAEL,2026,12996304
HAFL,2013,1200000
HAFL,2014,1200000
HAFL,2015,1200000
HAFL,2016,1200000
HAFL,2017,1200000
HAFL,2018,1200000
HAFL,2019,1200000
HAFL,2020,1200000
HAFL,2021,1200000
HAFL,2022,1200000
HAFL,2023,1200000
HAFL,2024,1200000
HAFL,2025,1200000
HAFL,2026,1200000
HAL,2013,40000000
HAL,2014,40000000
HAL,2015,40000000
HAL,2016,40052439
HAL,2017,39847423
HAL,2018,40047674
HAL,2019,40015909
HAL,2020,40000000
HAL,2021,40000000
HAL,2022,40000000
HAL,2023,40000000
HAL,2024,40000000
HAL,2025,40000000
HAL,2026,40000000
HASCOL,2013,999120680
HASCOL,2014,999120680
HASCOL,2015,999120680
HASCOL,2016,999120680
HASCOL,2017,999120680
HASCOL,2018,999120680
HASCOL,2019,999120680
HASCOL,2020,999120680
HASCOL,2021,999120680
HASCOL,2022,999120680
HASCOL,2023,999120680
HASCOL,2024,999120680
HASCOL,2025,999120680
HASCOL,2026,999120680
HBL,2013,1467062880
HBL,2014,1467062880
HBL,2015,1467062880
HBL,2016,1467062880
HBL,2017,1467062880
HBL,2018,1467062880
HBL,2019,1467062880
HBL,2020,1467062880
HBL,2021,1467062880
HBL,2022,1467062880
HBL,2023,1466872936
HBL,2024,1466817028
HBL,2025,1466958146
HBL,2026,1466852508
HGFA,2013,283500000
HGFA,2014,283500000
HGFA,2015,283500000
HGFA,2016,283500000
HGFA,2017,283500000
HGFA,2018,283500000
HGFA,2019,283500000
HGFA,2020,283500000
HGFA,2021,283500000
HGFA,2022,283500000
HGFA,2023,283500000
HGFA,2024,283500000
HGFA,2025,283500000
HGFA,2026,283500000
HICL,2013,123434444
HICL,2014,123434444
HICL,2015,123434444
HICL,2016,123434444
HICL,2017,123434444
HICL,2018,123434444
HICL,2019,123434444
HICL,2020,123434444
HICL,2021,123434444
HICL,2022,123434444
HICL,2023,123935165
HICL,2024,124006283
HICL,2025,124245263
HICL,2026,123874755
HIFA,2013,284125000
HIFA,2014,284125000
HIFA,2015,284125000
HIFA,2016,284125000
HIFA,2017,284125000
HIFA,2018,284125000
HIFA,2019,284125000
HIFA,2020,284125000
HIFA,2021,284125000
HIFA,2022,284125000
HIFA,2023,136408140
HIFA,2024,25506711
HIFA,2025,284125000
HIFA,2026,284125000
HINO,2013,24801120
HINO,2014,24801120
HINO,2015,24801120
HINO,2016,24801120
HINO,2017,24801120
HINO,2018,24801120
HINO,2019,24801120
HINO,2020,24801120
HINO,2021,24801120
HINO,2022,24801120
HINO,2023,24801120
HINO,2024,24666154
HINO,2025,24801991
HINO,2026,24801120
HINOON,2013,52984919
HINOON,2014,52984919
HINOON,2015,52984919
HINOON,2016,52984919
HINOON,2017,52984919
HINOON,2018,52984919
HINOON,2019,52984919
HINOON,2020,52984919
HINOON,2021,52984919
HINOON,2022,52984919
HINOON,2023,52988181
HINOON,2024,52979987
HINOON,2025,52981518
HINOON,2026,52983368
HIRAT,2013,86577920
HIRAT,2014,86577920
HIRAT,2015,86577920
HIRAT,2016,86577920
HIRAT,2017,86577920
HIRAT,2018,86577920
HIRAT,2019,86577920
HIRAT,2020,86577920
HIRAT,2021,86577920
HIRAT,2022,86577920
HIRAT,2023,86577920
HIRAT,2024,86577920
HIRAT,2025,86577920
HIRAT,2026,86577920
HMB,2013,1047812123
HMB,2014,1047812123
HMB,2015,1047812123
HMB,2016,1047812123
HMB,2017,1047812123
HMB,2018,1047812123
HMB,2019,1047812123
HMB,2020,1047812123
HMB,2021,1047812123
HMB,2022,1047812123
HMB,2023,1047864976
HMB,2024,1047707346
HMB,2025,1048013132
HMB,2026,1047831480
HMM,2013,29801639
HMM,2014,29801639
HMM,2015,29801639
HMM,2016,29801639
HMM,2017,29801639
HMM,2018,29801639
HMM,2019,29986486
HMM,2020,30122581
HMM,2021,30109259
HMM,2022,29801639
HMM,2023,29801639
HMM,2024,29801639
HMM,2025,29801639
HMM,2026,29801639
HRPL,2013,40000000
HRPL,2014,40000000
HRPL,2015,40000000
HRPL,2016,40000000
HRPL,2017,40000000
HRPL,2018,40000000
HRPL,2019,40000000
HRPL,2020,40000000
HRPL,2021,40000000
HRPL,2022,40000000
HRPL,2023,40000000
HRPL,2024,40040000
HRPL,2025,39983673
HRPL,2026,40000000
HSM,2013,52965000
HSM,2014,52965000
HSM,2015,52965000
HSM,2016,52965000
HSM,2017,52965000
HSM,2018,52965000
HSM,2019,27475781
HSM,2020,32435691
HSM,2021,40787931
HSM,2022,52965000
HSM,2023,52965000
HSM,2024,52965000
HSM,2025,52965000
HSM,2026,52965000
HSPI,2013,55125000
HSPI,2014,55125000
HSPI,2015,55125000
HSPI,2016,55125000
HSPI,2017,55125000
HSPI,2018,55125000
HSPI,2019,55125000
HSPI,2020,55125000
HSPI,2021,55125000
HSPI,2022,55125000
HSPI,2023,55484300
HSPI,2024,55484300
HSPI,2025,55484300
HSPI,2026,55484300
HTL,2013,139204800
HTL,2014,139204800
HTL,2015,139204800
HTL,2016,139204800
HTL,2017,139204800
HTL,2018,139204800
HTL,2019,139204800
HTL,2020,139204800
HTL,2021,139204800
HTL,2022,139204800
HTL,2023,139204800
HTL,2024,139230566
HTL,2025,139255000
HTL,2026,139204800
HUBC,2013,1297007673
HUBC,2014,1297007673
HUBC,2015,1297007673
HUBC,2016,1297007673
HUBC,2017,1297007673
HUBC,2018,1297007673
HUBC,2019,1297007673
HUBC,2020,1297007673
HUBC,2021,1297007673
HUBC,2022,1297007673
HUBC,2023,1297346205
HUBC,2024,1297058806
HUBC,2025,1297041332
HUBC,2026,1297154400
HUMNL,2013,1136587500
HUMNL,2014,1136587500
HUMNL,2015,1136587500
HUMNL,2016,1136587500
HUMNL,2017,1136587500
HUMNL,2018,1136587500
HUMNL,2019,1136587500
HUMNL,2020,1136587500
HUMNL,2021,1136587500
HUMNL,2022,1136587500
HUMNL,2023,1131178421
HUMNL,2024,1135040000
HUMNL,2025,1136749730
HUMNL,2026,1134000000
HUSI,2013,10625852
HUSI,2014,10625852
HUSI,2015,10625852
HUSI,2016,10625852
HUSI,2017,10625852
HUSI,2018,10625852
HUSI,2019,10625852
HUSI,2020,10625852
HUSI,2021,10625852
HUSI,2022,10625852
HUSI,2023,10625852
HUSI,2024,10625852
HUSI,2025,10625852
HUSI,2026,10625852
HWQS,2013,32400000
HWQS,2014,32400000
HWQS,2015,32400000
HWQS,2016,32400000
HWQS,2017,32400000
HWQS,2018,32400000
HWQS,2019,32400000
HWQS,2020,32400000
HWQS,2021,32400000
HWQS,2022,32400000
HWQS,2023,32400000
HWQS,2024,32400000
HWQS,2025,32400000
HWQS,2026,32400000
IBFL,2013,310558187
IBFL,2014,310558187
IBFL,2015,310558187
IBFL,2016,310558187
IBFL,2017,310558187
IBFL,2018,310558187
IBFL,2019,310558187
IBFL,2020,310558187
IBFL,2021,310558187
IBFL,2022,310558187
IBFL,2023,309696939
IBFL,2024,310541579
IBFL,2025,310971333
IBFL,2026,310506995
IBLHL,2013,71429009
IBLHL,2014,71429009
IBLHL,2015,71429009
IBLHL,2016,71429009
IBLHL,2017,71429009
IBLHL,2018,71429009
IBLHL,2019,71429009
IBLHL,2020,71429009
IBLHL,2021,71429009
IBLHL,2022,71429009
IBLHL,2023,85585319
IBLHL,2024,83944444
IBLHL,2025,85749383
IBLHL,2026,98525982
ICI,2013,92352749
ICI,2014,92352749
ICI,2015,92352749
ICI,2016,92352749
ICI,2017,92352749
ICI,2018,92352749
ICI,2019,92344231
ICI,2020,92347683
ICI,2021,92365871
ICI,2022,92352749
ICI,2023,92359050
ICI,2024,92359050
ICI,2025,92359050
ICI,2026,92359050
ICIBL,2013,288709091
ICIBL,2014,288709091
ICIBL,2015,288709091
ICIBL,2016,288709091
ICIBL,2017,288709091
ICIBL,2018,288709091
ICIBL,2019,288709091
ICIBL,2020,288709091
ICIBL,2021,288709091
ICIBL,2022,288709091
ICIBL,2023,280500000
ICIBL,2024,283225000
ICIBL,2025,281648889
ICIBL,2026,43052984
ICL,2013,99888916
ICL,2014,99888916
ICL,2015,99888916
ICL,2016,99888916
ICL,2017,99888916
ICL,2018,99888916
ICL,2019,99888916
ICL,2020,99888916
ICL,2021,99888916
ICL,2022,99888916
ICL,2023,100010734
ICL,2024,99982107
ICL,2025,99985054
ICL,2026,99999999
IDRT,2013,19852800
IDRT,2014,19852800
IDRT,2015,19852800
IDRT,2016,19852800
IDRT,2017,19852800
IDRT,2018,19852800
IDRT,2019,19852800
IDRT,2020,19852800
IDRT,2021,19852800
IDRT,2022,19852800
IDRT,2023,19852800
IDRT,2024,19852800
IDRT,2025,19853263
IDRT,2026,19852800
IDSM,2013,9920000
IDSM,2014,9920000
IDSM,2015,9920000
IDSM,2016,9920000
IDSM,2017,9920000
IDSM,2018,9920000
IDSM,2019,9920000
IDSM,2020,9920000
IDSM,2021,9920000
IDSM,2022,9920000
IDSM,2023,9920000
IDSM,2024,9920000
IDSM,2025,9921161
IDSM,2026,9920000
IDYM,2013,54220073
IDYM,2014,54220073
IDYM,2015,54220073
IDYM,2016,54220073
IDYM,2017,54220073
IDYM,2018,54220073
IDYM,2019,54220073
IDYM,2020,54220073
IDYM,2021,54220073
IDYM,2022,54220073
IDYM,2023,54207657
IDYM,2024,54070370
IDYM,2025,54199544
IDYM,2026,54221193
IGIHL,2013,142690454
IGIHL,2014,142690454
IGIHL,2015,142690454
IGIHL,2016,142690454
IGIHL,2017,142690454
IGIHL,2018,142690454
IGIHL,2019,142690454
IGIHL,2020,142690454
IGIHL,2021,142690454
IGIHL,2022,142690454
IGIHL,2023,142598377
IGIHL,2024,142597679
IGIHL,2025,142668661
IGIHL,2026,142630550
IGIL,2013,168124000
IGIL,2014,168124000
IGIL,2015,168124000
IGIL,2016,168124000
IGIL,2017,168124000
IGIL,2018,168124000
IGIL,2019,168124000
IGIL,2020,168124000
IGIL,2021,168124000
IGIL,2022,168124000
IGIL,2023,169879762
IGIL,2024,170062195
IGIL,2025,170715323
IGIL,2026,170567200
ILP,2013,1401303401
ILP,2014,1401303401
ILP,2015,1401303401
ILP,2016,1401303401
ILP,2017,1401303401
ILP,2018,1401303401
ILP,2019,1401303401
ILP,2020,1401303401
ILP,2021,1401303401
ILP,2022,1401303401
ILP,2023,1401796039
ILP,2024,1401890400
ILP,2025,1400155990
ILP,2026,1401709468
IMAGE,2013,84487864
IMAGE,2014,84487864
IMAGE,2015,84487864
IMAGE,2016,84487864
IMAGE,2017,84487864
IMAGE,2018,84487864
IMAGE,2019,84487864
IMAGE,2020,84487864
IMAGE,2021,84487864
IMAGE,2022,84487864
IMAGE,2023,108796335
IMAGE,2024,143690955
IMAGE,2025,230402252
IMAGE,2026,230369650
IML,2013,99229730
IML,2014,99229730
IML,2015,99229730
IML,2016,99229730
IML,2017,99229730
IML,2018,99229730
IML,2019,99229730
IML,2020,99229730
IML,2021,99229730
IML,2022,99229730
IML,2023,99192174
IML,2024,98701250
IML,2025,98748148
IML,2026,99020000
IMSL,2013,99020000
IMSL,2014,99020000
IMSL,2015,99020000
IMSL,2016,99020000
IMSL,2017,99020000
IMSL,2018,99020000
IMSL,2019,99290385
IMSL,2020,99020000
IMSL,2021,99020000
IMSL,2022,99020000
IMSL,2023,99020000
IMSL,2024,99020000
IMSL,2025,99020000
IMSL,2026,99020000
INDU,2013,78600517
INDU,2014,78600517
INDU,2015,78600517
INDU,2016,78600517
INDU,2017,78600517
INDU,2018,78600517
INDU,2019,78600517
INDU,2020,78600517
INDU,2021,78600517
INDU,2022,78600517
INDU,2023,78598154
INDU,2024,78600469
INDU,2025,78601008
INDU,2026,78600000
INIL,2013,131845138
INIL,2014,131845138
INIL,2015,131845138
INIL,2016,131845138
INIL,2017,131845138
INIL,2018,131845138
INIL,2019,131845138
INIL,2020,131845138
INIL,2021,131845138
INIL,2022,131845138
INIL,2023,131917353
INIL,2024,131882811
INIL,2025,131938351
INIL,2026,131881860
INKL,2013,9686404
INKL,2014,9686404
INKL,2015,9686404
INKL,2016,9686404
INKL,2017,9686404
INKL,2018,9686404
INKL,2019,9686404
INKL,2020,9686404
INKL,2021,9686404
INKL,2022,9686404
INKL,2023,9681579
INKL,2024,9687719
INKL,2025,9673668
INKL,2026,9675000
ISIL,2013,66363684
ISIL,2014,66363684
ISIL,2015,66363684
ISIL,2016,66363684
ISIL,2017,66363684
ISIL,2018,66363684
ISIL,2019,66363684
ISIL,2020,66363684
ISIL,2021,66363684
ISIL,2022,66363684
ISIL,2023,66358376
ISIL,2024,66356996
ISIL,2025,66360699
ISIL,2026,66356940
ISL,2013,435063505
ISL,2014,435063505
ISL,2015,435063505
ISL,2016,435063505
ISL,2017,435063505
ISL,2018,435063505
ISL,2019,435063505
ISL,2020,435063505
ISL,2021,435063505
ISL,2022,435063505
ISL,2023,434955501
ISL,2024,435096905
ISL,2025,435547765
ISL,2026,435000000
ITTEFAQ,2013,144343364
ITTEFAQ,2014,144343364
ITTEFAQ,2015,144343364
ITTEFAQ,2016,144343364
ITTEFAQ,2017,144343364
ITTEFAQ,2018,144343364
ITTEFAQ,2019,144343364
ITTEFAQ,2020,144343364
ITTEFAQ,2021,144343364
ITTEFAQ,2022,144343364
ITTEFAQ,2023,144343364
ITTEFAQ,2024,144343364
ITTEFAQ,2025,91186420
ITTEFAQ,2026,144343364
JATM,2013,12601200
JATM,2014,12601200
JATM,2015,12601200
JATM,2016,12601200
JATM,2017,12601200
JATM,2018,12601200
JATM,2019,12601200
JATM,2020,12601200
JATM,2021,12601200
JATM,2022,12601200
JATM,2023,12601200
JATM,2024,12601200
JATM,2025,12591233
JATM,2026,12601200
JDMT,2013,6915822
JDMT,2014,6915822
JDMT,2015,6915822
JDMT,2016,6915822
JDMT,2017,6915822
JDMT,2018,6915822
JDMT,2019,6915822
JDMT,2020,6915822
JDMT,2021,6915822
JDMT,2022,6915822
JDMT,2023,6915822
JDMT,2024,6915822
JDMT,2025,5505219
JDMT,2026,6915822
JDWS,2013,59775427
JDWS,2014,59775427
JDWS,2015,59775427
JDWS,2016,59775427
JDWS,2017,59775427
JDWS,2018,59775427
JDWS,2019,59775427
JDWS,2020,59775427
JDWS,2021,59775427
JDWS,2022,59775427
JDWS,2023,58275330
JDWS,2024,57775499
JDWS,2025,57777629
JDWS,2026,57776661
JGICL,2013,198408797
JGICL,2014,198408797
JGICL,2015,198408797
JGICL,2016,198408797
JGICL,2017,198408797
JGICL,2018,198408797
JGICL,2019,198408797
JGICL,2020,198408797
JGICL,2021,198408797
JGICL,2022,198408797
JGICL,2023,198524539
JGICL,2024,198524126
JGICL,2025,198473086
JGICL,2026,198491379
JKSM,2013,102305672
JKSM,2014,102305672
JKSM,2015,102305672
JKSM,2016,102305672
JKSM,2017,102305672
JKSM,2018,102305672
JKSM,2019,102305672
JKSM,2020,102305672
JKSM,2021,102305672
JKSM,2022,102305672
JKSM,2023,102310230
JKSM,2024,102287703
JKSM,2025,102362749
JKSM,2026,102317502
JLICL,2013,100341404
JLICL,2014,100341404
JLICL,2015,100341404
JLICL,2016,100341404
JLICL,2017,100341404
JLICL,2018,100341404
JLICL,2019,100341404
JLICL,2020,100341404
JLICL,2021,100341404
JLICL,2022,100341404
JLICL,2023,100360313
JLICL,2024,100346199
JLICL,2025,100342179
JLICL,2026,100353310
JOPP,2013,5450000
JOPP,2014,5450000
JOPP,2015,5450000
JOPP,2016,5450000
JOPP,2017,5450000
JOPP,2018,5450000
JOPP,2019,5450000
JOPP,2020,5450000
JOPP,2021,5450000
JOPP,2022,5450000
JOPP,2023,5447735
JOPP,2024,5450000
JOPP,2025,5450000
JOPP,2026,5450000
JSBL,2013,1303754054
JSBL,2014,1303754054
JSBL,2015,1303754054
JSBL,2016,1303754054
JSBL,2017,1303754054
JSBL,2018,1303754054
JSBL,2019,1303754054
JSBL,2020,1303754054
JSBL,2021,1303754054
JSBL,2022,1303754054
JSBL,2023,1576333818
JSBL,2024,2049256115
JSBL,2025,2055566176
JSBL,2026,2050662536
JSCL,2013,908534211
JSCL,2014,908534211
JSCL,2015,908534211
JSCL,2016,908534211
JSCL,2017,908534211
JSCL,2018,908534211
JSCL,2019,908534211
JSCL,2020,908534211
JSCL,2021,908534211
JSCL,2022,908534211
JSCL,2023,908793750
JSCL,2024,992852500
JSCL,2025,906938889
JSCL,2026,915942388
JSGCL,2013,27480505
JSGCL,2014,27480505
JSGCL,2015,27480505
JSGCL,2016,27480505
JSGCL,2017,27480505
JSGCL,2018,27480505
JSGCL,2019,27480505
JSGCL,2020,27480505
JSGCL,2021,27480505
JSGCL,2022,27480505
JSGCL,2023,27462757
JSGCL,2024,27482225
JSGCL,2025,27474853
JSGCL,2026,27477297
JSIL,2013,61774256
JSIL,2014,61774256
JSIL,2015,61774256
JSIL,2016,61774256
JSIL,2017,61774256
JSIL,2018,61774256
JSIL,2019,61774256
JSIL,2020,61774256
JSIL,2021,61774256
JSIL,2022,61774256
JSIL,2023,61757769
JSIL,2024,61750069
JSIL,2025,61801023
JSIL,2026,61774256
JSML,2013,34150000
JSML,2014,34150000
JSML,2015,34150000
JSML,2016,34150000
JSML,2017,34150000
JSML,2018,34150000
JSML,2019,34150000
JSML,2020,34150000
JSML,2021,34150000
JSML,2022,34150000
JSML,2023,34121061
JSML,2024,31333333
JSML,2025,34108049
JSML,2026,34128454
JUBS,2013,32581481
JUBS,2014,32581481
JUBS,2015,32581481
JUBS,2016,32581481
JUBS,2017,32581481
JUBS,2018,32581481
JUBS,2019,32581481
JUBS,2020,32581481
JUBS,2021,32581481
JUBS,2022,32581481
JUBS,2023,32551818
JUBS,2024,32514109
JUBS,2025,32458255
JUBS,2026,32491205
JVDC,2013,381049367
JVDC,2014,381049367
JVDC,2015,381049367
JVDC,2016,381049367
JVDC,2017,381049367
JVDC,2018,381049367
JVDC,2019,381049367
JVDC,2020,381049367
JVDC,2021,381049367
JVDC,2022,381049367
JVDC,2023,380901186
JVDC,2024,381124609
JVDC,2025,380762530
JVDC,2026,380860447
KAPCO,2013,880215302
KAPCO,2014,880215302
KAPCO,2015,880215302
KAPCO,2016,880215302
KAPCO,2017,880215302
KAPCO,2018,880215302
KAPCO,2019,880215302
KAPCO,2020,880215302
KAPCO,2021,880215302
KAPCO,2022,880215302
KAPCO,2023,879723778
KAPCO,2024,880330204
KAPCO,2025,880578125
KAPCO,2026,880253228
KASBM,2013,47407692
KASBM,2014,47407692
KASBM,2015,47407692
KASBM,2016,47407692
KASBM,2017,47407692
KASBM,2018,47407692
KASBM,2019,47407692
KASBM,2020,47407692
KASBM,2021,47873770
KASBM,2022,47407692
KASBM,2023,47407692
KASBM,2024,47407692
KASBM,2025,47407692
KASBM,2026,47407692
KCL,2013,14549060
KCL,2014,14549060
KCL,2015,14549060
KCL,2016,14549060
KCL,2017,14549060
KCL,2018,14549060
KCL,2019,14549060
KCL,2020,14549060
KCL,2021,14549060
KCL,2022,14549060
KCL,2023,14549060
KCL,2024,14549060
KCL,2025,14549060
KCL,2026,14549060
KEL,2013,27902748837
KEL,2014,27902748837
KEL,2015,27902748837
KEL,2016,27902748837
KEL,2017,27902748837
KEL,2018,27902748837
KEL,2019,27902748837
KEL,2020,27902748837
KEL,2021,27902748837
KEL,2022,27902748837
KEL,2023,27495412903
KEL,2024,27521973333
KEL,2025,27615194245
KEL,2026,27615194245
KHTC,2013,6922368
KHTC,2014,6922368
KHTC,2015,6922368
KHTC,2016,6922368
KHTC,2017,6922368
KHTC,2018,6922368
KHTC,2019,6922368
KHTC,2020,6922368
KHTC,2021,6922368
KHTC,2022,6922368
KHTC,2023,4807208
KHTC,2024,6922547
KHTC,2025,6923317
KHTC,2026,6922368
KHYT,2013,1227500
KHYT,2014,1227500
KHYT,2015,1227500
KHYT,2016,1227500
KHYT,2017,1227500
KHYT,2018,1227500
KHYT,2019,1227500
KHYT,2020,1227500
KHYT,2021,1227500
KHYT,2022,1227500
KHYT,2023,1227500
KHYT,2024,1227500
KHYT,2025,1227500
KHYT,2026,1227500
KML,2013,509110110
KML,2014,509110110
KML,2015,509110110
KML,2016,509110110
KML,2017,509110110
KML,2018,509110110
KML,2019,509110110
KML,2020,509110110
KML,2021,509110110
KML,2022,509110110
KML,2023,50897643
KML,2024,50916077
KML,2025,507636957
KML,2026,509110110
KOHC,2013,200890844
KOHC,2014,200890844
KOHC,2015,200890844
KOHC,2016,200890844
KOHC,2017,200890844
KOHC,2018,200890844
KOHC,2019,200890844
KOHC,2020,200890844
KOHC,2021,200890844
KOHC,2022,200890844
KOHC,2023,200854072
KOHC,2024,981617550
KOHC,2025,967013701
KOHC,2026,919306485
KOHE,2013,169368539
KOHE,2014,169368539
KOHE,2015,169368539
KOHE,2016,169368539
KOHE,2017,169368539
KOHE,2018,169368539
KOHE,2019,169368539
KOHE,2020,169368539
KOHE,2021,169368539
KOHE,2022,169368539
KOHE,2023,169372121
KOHE,2024,169544280
KOHE,2025,169637237
KOHE,2026,169458614
KOHP,2013,12600000
KOHP,2014,12600000
KOHP,2015,12600000
KOHP,2016,12600000
KOHP,2017,12600000
KOHP,2018,12600000
KOHP,2019,12600000
KOHP,2020,12600000
KOHP,2021,12600000
KOHP,2022,12600000
KOHP,2023,12600000
KOHP,2024,12600000
KOHP,2025,12550575
KOHP,2026,12600000
KOHTM,2013,20801922
KOHTM,2014,20801922
KOHTM,2015,20801922
KOHTM,2016,20801922
KOHTM,2017,20801922
KOHTM,2018,20801922
KOHTM,2019,20801922
KOHTM,2020,20801922
KOHTM,2021,20801922
KOHTM,2022,20801922
KOHTM,2023,20820049
KOHTM,2024,20808260
KOHTM,2025,20797481
KOHTM,2026,20800000
KOIL,2013,30243119
KOIL,2014,30243119
KOIL,2015,30243119
KOIL,2016,30243119
KOIL,2017,30243119
KOIL,2018,30243119
KOIL,2019,30243119
KOIL,2020,30243119
KOIL,2021,30243119
KOIL,2022,30243119
KOIL,2023,30252778
KOIL,2024,30250000
KOIL,2025,30286747
KOIL,2026,30302580
KOSM,2013,552857142
KOSM,2014,552857142
KOSM,2015,552857142
KOSM,2016,552857142
KOSM,2017,552857142
KOSM,2018,552857142
KOSM,2019,552857142
KOSM,2020,552857142
KOSM,2021,552857142
KOSM,2022,552857142
KOSM,2023,552857142
KOSM,2024,552857142
KOSM,2025,552857142
KOSM,2026,552857142
KPUS,2013,16016575
KPUS,2014,16016575
KPUS,2015,16016575
KPUS,2016,16016575
KPUS,2017,16016575
KPUS,2018,16016575
KPUS,2019,16016575
KPUS,2020,16016575
KPUS,2021,16016575
KPUS,2022,16016575
KPUS,2023,16071296
KPUS,2024,15998128
KPUS,2025,16021094
KPUS,2026,16017500
KSBP,2013,13214024
KSBP,2014,13214024
KSBP,2015,13214024
KSBP,2016,13214024
KSBP,2017,13214024
KSBP,2018,13214024
KSBP,2019,13214024
KSBP,2020,13214024
KSBP,2021,13214024
KSBP,2022,13214024
KSBP,2023,14050000
KSBP,2024,19618947
KSBP,2025,30913676
KSBP,2026,30900000
KSTM,2013,10700000
KSTM,2014,10700000
KSTM,2015,10700000
KSTM,2016,10700000
KSTM,2017,10700000
KSTM,2018,10700000
KSTM,2019,10700000
KSTM,2020,10700000
KSTM,2021,10700000
KSTM,2022,10700000
KSTM,2023,10700000
KSTM,2024,10225000
KSTM,2025,10966667
KSTM,2026,10700000
KTML,2013,1346497280
KTML,2014,1346497280
KTML,2015,1346497280
KTML,2016,1346497280
KTML,2017,1346497280
KTML,2018,1346497280
KTML,2019,1346497280
KTML,2020,1346497280
KTML,2021,1346497280
KTML,2022,1346497280
KTML,2023,299038758
KTML,2024,272510781
KTML,2025,1347949020
KTML,2026,1346497280
LEUL,2013,6000000
LEUL,2014,6000000
LEUL,2015,6000000
LEUL,2016,6000000
LEUL,2017,6000000
LEUL,2018,6000000
LEUL,2019,6000000
LEUL,2020,6000000
LEUL,2021,6000000
LEUL,2022,6000000
LEUL,2023,6000000
LEUL,2024,6000000
LEUL,2025,6440000
LEUL,2026,6000000
LMSM,2013,12123700
LMSM,2014,12123700
LMSM,2015,12123700
LMSM,2016,12123700
LMSM,2017,12123700
LMSM,2018,12123700
LMSM,2019,12123700
LMSM,2020,12123700
LMSM,2021,12123700
LMSM,2022,12123700
LMSM,2023,12123700
LMSM,2024,12123700
LMSM,2025,12123700
LMSM,2026,12123700
LOADS,2013,371250000
LOADS,2014,371250000
LOADS,2015,371250000
LOADS,2016,371250000
LOADS,2017,371250000
LOADS,2018,371250000
LOADS,2019,371250000
LOADS,2020,371250000
LOADS,2021,371250000
LOADS,2022,371250000
LOADS,2023,252044340
LOADS,2024,251241945
LOADS,2025,251381726
LOADS,2026,371250000
LOTCHEM,2013,1514741168
LOTCHEM,2014,1514741168
LOTCHEM,2015,1514741168
LOTCHEM,2016,1514741168
LOTCHEM,2017,1514741168
LOTCHEM,2018,1514741168
LOTCHEM,2019,1514741168
LOTCHEM,2020,1514741168
LOTCHEM,2021,1514741168
LOTCHEM,2022,1514741168
LOTCHEM,2023,1515717612
LOTCHEM,2024,1509984571
LOTCHEM,2025,1512070270
LOTCHEM,2026,1514207200
LPGL,2013,7500000
LPGL,2014,7500000
LPGL,2015,7500000
LPGL,2016,7500000
LPGL,2017,7500000
LPGL,2018,7500000
LPGL,2019,7500000
LPGL,2020,7500000
LPGL,2021,7500000
LPGL,2022,7500000
LPGL,2023,7500000
LPGL,2024,7500000
LPGL,2025,7500000
LPGL,2026,7500000
LPL,2013,279838732
LPL,2014,279838732
LPL,2015,279838732
LPL,2016,279838732
LPL,2017,279838732
LPL,2018,279838732
LPL,2019,279838732
LPL,2020,279838732
LPL,2021,279838732
LPL,2022,279838732
LPL,2023,379715708
LPL,2024,379897676
LPL,2025,380975410
LPL,2026,279838732
LUCK,2013,323369647
LUCK,2014,323369647
LUCK,2015,323369647
LUCK,2016,323369647
LUCK,2017,323369647
LUCK,2018,323369647
LUCK,2019,323369647
LUCK,2020,323369647
LUCK,2021,323369647
LUCK,2022,323369647
LUCK,2023,318760195
LUCK,2024,1486332047
LUCK,2025,1464903143
LUCK,2026,1465000000
MACFL,2013,59243730
MACFL,2014,59243730
MACFL,2015,59243730
MACFL,2016,59243730
MACFL,2017,59243730
MACFL,2018,59243730
MACFL,2019,59243730
MACFL,2020,59243730
MACFL,2021,59243730
MACFL,2022,59243730
MACFL,2023,59344914
MACFL,2024,59245977
MACFL,2025,59225000
MACFL,2026,59301150
MARI,2013,133404660
MARI,2014,133404660
MARI,2015,133404660
MARI,2016,133404660
MARI,2017,133404660
MARI,2018,133404660
MARI,2019,133404660
MARI,2020,133404660
MARI,2021,133404660
MARI,2022,133404660
MARI,2023,133401571
MARI,2024,1200685273
MARI,2025,1200671263
MARI,2026,1200622500
MCB,2013,1184977742
MCB,2014,1184977742
MCB,2015,1184977742
MCB,2016,1184977742
MCB,2017,1184977742
MCB,2018,1184977742
MCB,2019,1184977742
MCB,2020,1184977742
MCB,2021,1184977742
MCB,2022,1184977742
MCB,2023,1185037699
MCB,2024,1184996092
MCB,2025,1185111174
MCB,2026,1185060006
MCBAH,2013,71934440
MCBAH,2014,71934440
MCBAH,2015,71934440
MCBAH,2016,71934440
MCBAH,2017,71934440
MCBAH,2018,71934440
MCBAH,2019,71934440
MCBAH,2020,71974581
MCBAH,2021,71975908
MCBAH,2022,71934440
MCBAH,2023,72041524
MCBAH,2024,72000000
MCBAH,2025,72000000
MCBAH,2026,72000000
MDTL,2013,178851010
MDTL,2014,178851010
MDTL,2015,178851010
MDTL,2016,178851010
MDTL,2017,178851010
MDTL,2018,178851010
MDTL,2019,178851010
MDTL,2020,178851010
MDTL,2021,178851010
MDTL,2022,178851010
MDTL,2023,178851010
MDTL,2024,178851010
MDTL,2025,170660000
MDTL,2026,178851010
MEBL,2013,1789527237
MEBL,2014,1789527237
MEBL,2015,1789527237
MEBL,2016,1789527237
MEBL,2017,1789527237
MEBL,2018,1789527237
MEBL,2019,1789527237
MEBL,2020,1789527237
MEBL,2021,1789527237
MEBL,2022,1789527237
MEBL,2023,1790496863
MEBL,2024,1792785659
MEBL,2025,1797360719
MEBL,2026,1800554652
MEHT,2013,29999953
MEHT,2014,29999953
MEHT,2015,29999953
MEHT,2016,29999953
MEHT,2017,29999953
MEHT,2018,29999953
MEHT,2019,29999953
MEHT,2020,29999953
MEHT,2021,29999953
MEHT,2022,29999953
MEHT,2023,172326435
MEHT,2024,29992428
MEHT,2025,30002025
MEHT,2026,30000000
MERIT,2013,199958427
MERIT,2014,199958427
MERIT,2015,199958427
MERIT,2016,199958427
MERIT,2017,199958427
MERIT,2018,199958427
MERIT,2019,199958427
MERIT,2020,199958427
MERIT,2021,199958427
MERIT,2022,199958427
MERIT,2023,199958427
MERIT,2024,199958427
MERIT,2025,199958427
MERIT,2026,199958427
MFFL,2013,22875000
MFFL,2014,22875000
MFFL,2015,22875000
MFFL,2016,22875000
MFFL,2017,22875000
MFFL,2018,22875000
MFFL,2019,22875000
MFFL,2020,22875000
MFFL,2021,22875000
MFFL,2022,22875000
MFFL,2023,22875000
MFFL,2024,22869273
MFFL,2025,23914286
MFFL,2026,22875000
MFL,2013,122400698
MFL,2014,122400698
MFL,2015,122400698
MFL,2016,122400698
MFL,2017,122400698
MFL,2018,122400698
MFL,2019,122400698
MFL,2020,122400698
MFL,2021,122400698
MFL,2022,122400698
MFL,2023,122439420
MFL,2024,122382819
MFL,2025,122454734
MFL,2026,122400698
MIRKS,2013,66557888
MIRKS,2014,66557888
MIRKS,2015,66557888
MIRKS,2016,66557888
MIRKS,2017,66557888
MIRKS,2018,66557888
MIRKS,2019,66557888
MIRKS,2020,66557888
MIRKS,2021,66557888
MIRKS,2022,66557888
MIRKS,2023,66557888
MIRKS,2024,66557888
MIRKS,2025,66557888
MIRKS,2026,66557888
MLCF,2013,1047562608
MLCF,2014,1047562608
MLCF,2015,1047562608
MLCF,2016,1047562608
MLCF,2017,1047562608
MLCF,2018,1047562608
MLCF,2019,1047562608
MLCF,2020,1047562608
MLCF,2021,1047562608
MLCF,2022,1047562608
MLCF,2023,1074562201
MLCF,2024,1058740361
MLCF,2025,1047747478
MLCF,2026,1047562608
MODAM,2013,17596875
MODAM,2014,17596875
MODAM,2015,17596875
MODAM,2016,17596875
MODAM,2017,17596875
MODAM,2018,17596875
MODAM,2019,17596875
MODAM,2020,17596875
MODAM,2021,18422772
MODAM,2022,17596875
MODAM,2023,53709756
MODAM,2024,17596875
MODAM,2025,17596875
MODAM,2026,17596875
MQTM,2013,18432000
MQTM,2014,18432000
MQTM,2015,18432000
MQTM,2016,18432000
MQTM,2017,18432000
MQTM,2018,18432000
MQTM,2019,18432000
MQTM,2020,18432000
MQTM,2021,18432000
MQTM,2022,18432000
MQTM,2023,18432000
MQTM,2024,18432000
MQTM,2025,18429101
MQTM,2026,18432000
MRNS,2013,74927989
MRNS,2014,74927989
MRNS,2015,74927989
MRNS,2016,74927989
MRNS,2017,74927989
MRNS,2018,74927989
MRNS,2019,74927989
MRNS,2020,74927989
MRNS,2021,74927989
MRNS,2022,74927989
MRNS,2023,74963990
MRNS,2024,74919470
MRNS,2025,74916196
MRNS,2026,74927989
MSCL,2013,30977500
MSCL,2014,30977500
MSCL,2015,30977500
MSCL,2016,30977500
MSCL,2017,30977500
MSCL,2018,30977500
MSCL,2019,30977500
MSCL,2020,30977500
MSCL,2021,30977500
MSCL,2022,30977500
MSCL,2023,30977500
MSCL,2024,30977500
MSCL,2025,30977500
MSCL,2026,30977500
MSOT,2013,67500000
MSOT,2014,67500000
MSOT,2015,67500000
MSOT,2016,67500000
MSOT,2017,67500000
MSOT,2018,67500000
MSOT,2019,67500000
MSOT,2020,67500000
MSOT,2021,67500000
MSOT,2022,67500000
MSOT,2023,68472924
MSOT,2024,68790581
MSOT,2025,109399167
MSOT,2026,67500000
MTIL,2013,22105200
MTIL,2014,22105200
MTIL,2015,22105200
MTIL,2016,22105200
MTIL,2017,22105200
MTIL,2018,22105200
MTIL,2019,22105200
MTIL,2020,22075127
MTIL,2021,22123113
MTIL,2022,22105200
MTIL,2023,22105200
MTIL,2024,22105200
MTIL,2025,22105200
MTIL,2026,22105200
MTL,2013,191805818
MTL,2014,191805818
MTL,2015,191805818
MTL,2016,191805818
MTL,2017,191805818
MTL,2018,191805818
MTL,2019,191805818
MTL,2020,191805818
MTL,2021,191805818
MTL,2022,191805818
MTL,2023,191802158
MTL,2024,195653942
MTL,2025,199528115
MTL,2026,399031894
MUBT,2013,5400000
MUBT,2014,5400000
MUBT,2015,5400000
MUBT,2016,5400000
MUBT,2017,5400000
MUBT,2018,5400000
MUBT,2019,5400000
MUBT,2020,5400000
MUBT,2021,5400000
MUBT,2022,5400000
MUBT,2023,5400000
MUBT,2024,5382927
MUBT,2025,5400000
MUBT,2026,5400000
MUGHAL,2013,335667432
MUGHAL,2014,335667432
MUGHAL,2015,335667432
MUGHAL,2016,335667432
MUGHAL,2017,335667432
MUGHAL,2018,335667432
MUGHAL,2019,335667432
MUGHAL,2020,335667432
MUGHAL,2021,335667432
MUGHAL,2022,335667432
MUGHAL,2023,335630183
MUGHAL,2024,335551846
MUGHAL,2025,341172438
MUGHAL,2026,335633933
MUREB,2013,27663702
MUREB,2014,27663702
MUREB,2015,27663702
MUREB,2016,27663702
MUREB,2017,27663702
MUREB,2018,27663702
MUREB,2019,27663702
MUREB,2020,27663702
MUREB,2021,27663702
MUREB,2022,27663702
MUREB,2023,27664835
MUREB,2024,27663096
MUREB,2025,27663255
MUREB,2026,27663631
NAGC,2013,18699701
NAGC,2014,18699701
NAGC,2015,18699701
NAGC,2016,18699701
NAGC,2017,18699701
NAGC,2018,18699701
NAGC,2019,18699701
NAGC,2020,18699701
NAGC,2021,18699701
NAGC,2022,18699701
NAGC,2023,18698796
NAGC,2024,18695388
NAGC,2025,18672963
NAGC,2026,18700000
NATF,2013,233105338
NATF,2014,233105338
NATF,2015,233105338
NATF,2016,233105338
NATF,2017,233105338
NATF,2018,233105338
NATF,2019,233105338
NATF,2020,233105338
NATF,2021,233105338
NATF,2022,233105338
NATF,2023,233094366
NATF,2024,233192647
NATF,2025,233069597
NATF,2026,233115250
NBP,2013,2128082575
NBP,2014,2128082575
NBP,2015,2128082575
NBP,2016,2128082575
NBP,2017,2128082575
NBP,2018,2128082575
NBP,2019,2128082575
NBP,2020,2128082575
NBP,2021,2128082575
NBP,2022,2128082575
NBP,2023,2127224538
NBP,2024,2127137292
NBP,2025,2127597424
NBP,2026,2127512862
NCL,2013,240119029
NCL,2014,240119029
NCL,2015,240119029
NCL,2016,240119029
NCL,2017,240119029
NCL,2018,240119029
NCL,2019,240119029
NCL,2020,240119029
NCL,2021,240119029
NCL,2022,240119029
NCL,2023,240135113
NCL,2024,240163542
NCL,2025,239880243
NCL,2026,240119029
NCML,2013,23000000
NCML,2014,23000000
NCML,2015,23000000
NCML,2016,23000000
NCML,2017,23000000
NCML,2018,23000000
NCML,2019,23000000
NCML,2020,23000000
NCML,2021,23000000
NCML,2022,23000000
NCML,2023,23000000
NCML,2024,23000000
NCML,2025,23000000
NCML,2026,23000000
NCPL,2013,367346939
NCPL,2014,367346939
NCPL,2015,367346939
NCPL,2016,367346939
NCPL,2017,367346939
NCPL,2018,367346939
NCPL,2019,367346939
NCPL,2020,367346939
NCPL,2021,367346939
NCPL,2022,367346939
NCPL,2023,367116276
NCPL,2024,367368895
NCPL,2025,367413014
NCPL,2026,367346939
NESTLE,2013,45349593
NESTLE,2014,45349593
NESTLE,2015,45349593
NESTLE,2016,45349593
NESTLE,2017,45349593
NESTLE,2018,45349593
NESTLE,2019,45349593
NESTLE,2020,45349593
NESTLE,2021,45349593
NESTLE,2022,45349593
NESTLE,2023,45349755
NESTLE,2024,45349496
NESTLE,2025,45350097
NESTLE,2026,45349584
NETSOL,2013,89619235
NETSOL,2014,89619235
NETSOL,2015,89619235
NETSOL,2016,89619235
NETSOL,2017,89619235
NETSOL,2018,89619235
NETSOL,2019,89619235
NETSOL,2020,89619235
NETSOL,2021,89619235
NETSOL,2022,89619235
NETSOL,2023,87849214
NETSOL,2024,87827348
NETSOL,2025,86705383
NETSOL,2026,89836923
NEXT,2013,56925000
NEXT,2014,56925000
NEXT,2015,56925000
NEXT,2016,56925000
NEXT,2017,56925000
NEXT,2018,56925000
NEXT,2019,56925000
NEXT,2020,56925000
NEXT,2021,56925000
NEXT,2022,56925000
NEXT,2023,56925000
NEXT,2024,56925000
NEXT,2025,56925000
NEXT,2026,56925000
NICL,2013,110577270
NICL,2014,110577270
NICL,2015,110577270
NICL,2016,110577270
NICL,2017,110577270
NICL,2018,110577270
NICL,2019,110577270
NICL,2020,110577270
NICL,2021,110577270
NICL,2022,110577270
NICL,2023,110568592
NICL,2024,110570562
NICL,2025,110589612
NICL,2026,110590546
NML,2013,351574293
NML,2014,351574293
NML,2015,351574293
NML,2016,351574293
NML,2017,351574293
NML,2018,351574293
NML,2019,351574293
NML,2020,351574293
NML,2021,351574293
NML,2022,351574293
NML,2023,351619133
NML,2024,351676035
NML,2025,351667778
NML,2026,351599848
NONS,2013,16517456
NONS,2014,16517456
NONS,2015,16517456
NONS,2016,16517456
NONS,2017,16517456
NONS,2018,16517456
NONS,2019,16517456
NONS,2020,16517456
NONS,2021,16517456
NONS,2022,16517456
NONS,2023,16518583
NONS,2024,16514888
NONS,2025,16516716
NONS,2026,16517456
NPL,2013,354088500
NPL,2014,354088500
NPL,2015,354088500
NPL,2016,354088500
NPL,2017,354088500
NPL,2018,354088500
NPL,2019,354088500
NPL,2020,354088500
NPL,2021,354088500
NPL,2022,354088500
NPL,2023,354222388
NPL,2024,354201645
NPL,2025,354111301
NPL,2026,354088500
NRL,2013,79966560
NRL,2014,79966560
NRL,2015,79966560
NRL,2016,79966560
NRL,2017,79966560
NRL,2018,79966560
NRL,2019,79966560
NRL,2020,79966560
NRL,2021,79966560
NRL,2022,79966560
NRL,2023,79966560
NRL,2024,79966560
NRL,2025,79970166
NRL,2026,79966560
NRSL,2013,141104231
NRSL,2014,141104231
NRSL,2015,141104231
NRSL,2016,141104231
NRSL,2017,141104231
NRSL,2018,141104231
NRSL,2019,141104231
NRSL,2020,141104231
NRSL,2021,141104231
NRSL,2022,141104231
NRSL,2023,141346154
NRSL,2024,141558115
NRSL,2025,140944633
NRSL,2026,141321100
NSRM,2013,15553133
NSRM,2014,15553133
NSRM,2015,15553133
NSRM,2016,15553133
NSRM,2017,15553133
NSRM,2018,15553133
NSRM,2019,15553133
NSRM,2020,15553133
NSRM,2021,15553133
NSRM,2022,15553133
NSRM,2023,15490217
NSRM,2024,15564319
NSRM,2025,15559328
NSRM,2026,15553133
OGDC,2013,4300345452
OGDC,2014,4300345452
OGDC,2015,4300345452
OGDC,2016,4300345452
OGDC,2017,4300345452
OGDC,2018,4300345452
OGDC,2019,4300345452
OGDC,2020,4300345452
OGDC,2021,4300345452
OGDC,2022,4300345452
OGDC,2023,4300551350
OGDC,2024,4300797921
OGDC,2025,4301357316
OGDC,2026,4300928400
OLPL,2013,175389662
OLPL,2014,175389662
OLPL,2015,175389662
OLPL,2016,175389662
OLPL,2017,175389662
OLPL,2018,175389662
OLPL,2019,175389662
OLPL,2020,175389662
OLPL,2021,175389662
OLPL,2022,175389662
OLPL,2023,175468551
OLPL,2024,175429597
OLPL,2025,175317740
OLPL,2026,175407648
OML,2013,12001088
OML,2014,12001088
OML,2015,12001088
OML,2016,12001088
OML,2017,12001088
OML,2018,12001088
OML,2019,12001088
OML,2020,12001088
OML,2021,12001088
OML,2022,12001088
OML,2023,11976190
OML,2024,12028659
OML,2025,11998438
OML,2026,12000000
ORIXM,2013,45383530
ORIXM,2014,45383530
ORIXM,2015,45383530
ORIXM,2016,45383530
ORIXM,2017,45383530
ORIXM,2018,45395094
ORIXM,2019,45344245
ORIXM,2020,45358719
ORIXM,2021,45392560
ORIXM,2022,45383530
ORIXM,2023,45383530
ORIXM,2024,45383530
ORIXM,2025,45383530
ORIXM,2026,45383530
ORM,2013,74948458
ORM,2014,74948458
ORM,2015,74948458
ORM,2016,74948458
ORM,2017,74948458
ORM,2018,74948458
ORM,2019,74948458
ORM,2020,74948458
ORM,2021,74948458
ORM,2022,74948458
ORM,2023,75000800
ORM,2024,75041581
ORM,2025,75084561
ORM,2026,75000000
OTSU,2013,12100000
OTSU,2014,12100000
OTSU,2015,12100000
OTSU,2016,12100000
OTSU,2017,12100000
OTSU,2018,12100000
OTSU,2019,12100000
OTSU,2020,12100000
OTSU,2021,12100000
OTSU,2022,12100000
OTSU,2023,12100000
OTSU,2024,12097965
OTSU,2025,12086026
OTSU,2026,12100000
PABC,2013,361311765
PABC,2014,361311765
PABC,2015,361311765
PABC,2016,361311765
PABC,2017,361311765
PABC,2018,361311765
PABC,2019,361311765
PABC,2020,361311765
PABC,2021,361311765
PABC,2022,361311765
PABC,2023,360995396
PABC,2024,361195148
PABC,2025,361231440
PABC,2026,361108254
PACE,2013,309862893
PACE,2014,309862893
PACE,2015,309862893
PACE,2016,309862893
PACE,2017,309862893
PACE,2018,309862893
PACE,2019,309862893
PACE,2020,309862893
PACE,2021,309862893
PACE,2022,309862893
PACE,2023,309862893
PACE,2024,309862893
PACE,2025,278671958
PACE,2026,309862893
PAEL,2013,802606767
PAEL,2014,802606767
PAEL,2015,802606767
PAEL,2016,802606767
PAEL,2017,802606767
PAEL,2018,802606767
PAEL,2019,802606767
PAEL,2020,802606767
PAEL,2021,802606767
PAEL,2022,802606767
PAEL,2023,883392667
PAEL,2024,870247794
PAEL,2025,907234670
PAEL,2026,923649501
PAKD,2013,11861487
PAKD,2014,11861487
PAKD,2015,11861487
PAKD,2016,11861487
PAKD,2017,11861487
PAKD,2018,11861487
PAKD,2019,11861487
PAKD,2020,11861487
PAKD,2021,11861487
PAKD,2022,11861487
PAKD,2023,11860147
PAKD,2024,11858359
PAKD,2025,11856202
PAKD,2026,11859210
PAKOXY,2013,87124228
PAKOXY,2014,87124228
PAKOXY,2015,87124228
PAKOXY,2016,87124228
PAKOXY,2017,87124228
PAKOXY,2018,87124228
PAKOXY,2019,87124228
PAKOXY,2020,87124228
PAKOXY,2021,87124228
PAKOXY,2022,87124228
PAKOXY,2023,87124228
PAKOXY,2024,87124228
PAKOXY,2025,87124228
PAKOXY,2026,87124228
PAKRI,2013,898914041
PAKRI,2014,898914041
PAKRI,2015,898914041
PAKRI,2016,898914041
PAKRI,2017,898914041
PAKRI,2018,898914041
PAKRI,2019,898914041
PAKRI,2020,898914041
PAKRI,2021,898914041
PAKRI,2022,898914041
PAKRI,2023,898899707
PAKRI,2024,899598810
PAKRI,2025,899165517
PAKRI,2026,900000000
PAKT,2013,255493481
PAKT,2014,255493481
PAKT,2015,255493481
PAKT,2016,255493481
PAKT,2017,255493481
PAKT,2018,255493481
PAKT,2019,255493481
PAKT,2020,255493481
PAKT,2021,255493481
PAKT,2022,255493481
PAKT,2023,255488866
PAKT,2024,255498740
PAKT,2025,255497005
PAKT,2026,255493792
PASL,2013,186568487
PASL,2014,186568487
PASL,2015,186568487
PASL,2016,186568487
PASL,2017,186568487
PASL,2018,186568487
PASL,2019,186568487
PASL,2020,186568487
PASL,2021,186568487
PASL,2022,186568487
PASL,2023,186568487
PASL,2024,186568487
PASL,2025,186568487
PASL,2026,186568487
PCAL,2013,54457418
PCAL,2014,54457418
PCAL,2015,54457418
PCAL,2016,54457418
PCAL,2017,54457418
PCAL,2018,54457418
PCAL,2019,54457418
PCAL,2020,54457418
PCAL,2021,54457418
PCAL,2022,54457418
PCAL,2023,35570520
PCAL,2024,49497332
PCAL,2025,54390104
PCAL,2026,54457418
PECO,2013,5690200
PECO,2014,5690200
PECO,2015,5690200
PECO,2016,5690200
PECO,2017,5690200
PECO,2018,5690200
PECO,2019,5690200
PECO,2020,5690200
PECO,2021,5690200
PECO,2022,5690200
PECO,2023,5690200
PECO,2024,5690200
PECO,2025,5690200
PECO,2026,5690200
PGCL,2013,4248552
PGCL,2014,4248552
PGCL,2015,4248552
PGCL,2016,4248552
PGCL,2017,4248552
PGCL,2018,4251701
PGCL,2019,4248552
PGCL,2020,4248552
PGCL,2021,4248552
PGCL,2022,4248552
PGCL,2023,4248552
PGCL,2024,4248552
PGCL,2025,4248552
PGCL,2026,4248552
PGLC,2013,49487879
PGLC,2014,49487879
PGLC,2015,49487879
PGLC,2016,49487879
PGLC,2017,49487879
PGLC,2018,49487879
PGLC,2019,49487879
PGLC,2020,49487879
PGLC,2021,49487879
PGLC,2022,49487879
PGLC,2023,49680702
PGLC,2024,49559119
PGLC,2025,49398658
PGLC,2026,49471110
PHDL,2013,18000000
PHDL,2014,18000000
PHDL,2015,18000000
PHDL,2016,18000000
PHDL,2017,18000000
PHDL,2018,18000000
PHDL,2019,18000000
PHDL,2020,18000000
PHDL,2021,18000000
PHDL,2022,18000000
PHDL,2023,18000000
PHDL,2024,18000000
PHDL,2025,18000000
PHDL,2026,18000000
PIBTL,2013,1786092772
PIBTL,2014,1786092772
PIBTL,2015,1786092772
PIBTL,2016,1786092772
PIBTL,2017,1786092772
PIBTL,2018,1786092772
PIBTL,2019,1786092772
PIBTL,2020,1786092772
PIBTL,2021,1786092772
PIBTL,2022,1786092772
PIBTL,2023,1786092772
PIBTL,2024,1786092772
PIBTL,2025,1782815152
PIBTL,2026,1786092772
PICT,2013,109153152
PICT,2014,109153152
PICT,2015,109153152
PICT,2016,109153152
PICT,2017,109153152
PICT,2018,109153152
PICT,2019,109153152
PICT,2020,109153152
PICT,2021,109153152
PICT,2022,109153152
PICT,2023,109133946
PICT,2024,109121455
PICT,2025,109275421
PICT,2026,109153152
PIL,2013,35000000
PIL,2014,35000000
PIL,2015,35000000
PIL,2016,35000000
PIL,2017,35000000
PIL,2018,35000000
PIL,2019,35000000
PIL,2020,35000000
PIL,2021,35000000
PIL,2022,35000000
PIL,2023,35000000
PIL,2024,35000000
PIL,2025,35000000
PIL,2026,35000000
PIM,2013,20000000
PIM,2014,20000000
PIM,2015,20000000
PIM,2016,20000000
PIM,2017,20000000
PIM,2018,20000000
PIM,2019,20000000
PIM,2020,20000000
PIM,2021,20000000
PIM,2022,20000000
PIM,2023,20000000
PIM,2024,20000000
PIM,2025,20000000
PIM,2026,20000000
PINL,2013,50565105
PINL,2014,50565105
PINL,2015,50565105
PINL,2016,50565105
PINL,2017,50565105
PINL,2018,50565105
PINL,2019,50565105
PINL,2020,50565105
PINL,2021,50565105
PINL,2022,50565105
PINL,2023,49612500
PINL,2024,50408759
PINL,2025,50479835
PINL,2026,50565105
PIOC,2013,227148793
PIOC,2014,227148793
PIOC,2015,227148793
PIOC,2016,227148793
PIOC,2017,227148793
PIOC,2018,227148793
PIOC,2019,227148793
PIOC,2020,227148793
PIOC,2021,227148793
PIOC,2022,227148793
PIOC,2023,227052696
PIOC,2024,227124528
PIOC,2025,227112110
PIOC,2026,227148793
PKGI,2013,50000000
PKGI,2014,50000000
PKGI,2015,50000000
PKGI,2016,50000000
PKGI,2017,50000000
PKGI,2018,50000000
PKGI,2019,50000000
PKGI,2020,50000000
PKGI,2021,50000000
PKGI,2022,50000000
PKGI,2023,46353289
PKGI,2024,49693750
PKGI,2025,44350000
PKGI,2026,50000000
PKGP,2013,372081591
PKGP,2014,372081591
PKGP,2015,372081591
PKGP,2016,372081591
PKGP,2017,372081591
PKGP,2018,372081591
PKGP,2019,372081591
PKGP,2020,372081591
PKGP,2021,372081591
PKGP,2022,372081591
PKGP,2023,372032503
PKGP,2024,372036739
PKGP,2025,372227977
PKGP,2026,372081591
PKGS,2013,89386596
PKGS,2014,89386596
PKGS,2015,89386596
PKGS,2016,89386596
PKGS,2017,89386596
PKGS,2018,89386596
PKGS,2019,89386596
PKGS,2020,89386596
PKGS,2021,89386596
PKGS,2022,89386596
PKGS,2023,89383237
PKGS,2024,92472921
PKGS,2025,89374539
PKGS,2026,89379504
PMI,2013,129391676
PMI,2014,129391676
PMI,2015,129391676
PMI,2016,129391676
PMI,2017,129391676
PMI,2018,129391676
PMI,2019,129391676
PMI,2020,129391676
PMI,2021,129391676
PMI,2022,129391676
PMI,2023,129391676
PMI,2024,129391676
PMI,2025,129391676
PMI,2026,129391676
PMPK,2013,92639169
PMPK,2014,92639169
PMPK,2015,92639169
PMPK,2016,92639169
PMPK,2017,92639169
PMPK,2018,92639169
PMPK,2019,92639169
PMPK,2020,92639169
PMPK,2021,61576695
PMPK,2022,92639169
PMPK,2023,61556078
PMPK,2024,61533575
PMPK,2025,61580341
PMPK,2026,61580341
PMRS,2013,3750000
PMRS,2014,3750000
PMRS,2015,3750000
PMRS,2016,3750000
PMRS,2017,3750000
PMRS,2018,3750000
PMRS,2019,3750000
PMRS,2020,3750000
PMRS,2021,3750000
PMRS,2022,3750000
PMRS,2023,3750000
PMRS,2024,3750000
PMRS,2025,3750462
PMRS,2026,3750000
POL,2013,283847138
POL,2014,283847138
POL,2015,283847138
POL,2016,283847138
POL,2017,283847138
POL,2018,283847138
POL,2019,283847138
POL,2020,283847138
POL,2021,283847138
POL,2022,283847138
POL,2023,283854400
POL,2024,283850584
POL,2025,283855582
POL,2026,283855104
POML,2013,7762500
POML,2014,7762500
POML,2015,7762500
POML,2016,7762500
POML,2017,7762500
POML,2018,7762500
POML,2019,7762500
POML,2020,7762500
POML,2021,7762500
POML,2022,7762500
POML,2023,7762500
POML,2024,5389111
POML,2025,7761372
POML,2026,7762500
PPL,2013,2720841667
PPL,2014,2720841667
PPL,2015,2720841667
PPL,2016,2720841667
PPL,2017,2720841667
PPL,2018,2720841667
PPL,2019,2720841667
PPL,2020,2720841667
PPL,2021,2720841667
PPL,2022,2720841667
PPL,2023,2721231064
PPL,2024,2720996834
PPL,2025,2721095506
PPL,2026,2720967548
PPP,2013,7997927
PPP,2014,7997927
PPP,2015,7997927
PPP,2016,7997927
PPP,2017,7997927
PPP,2018,7997927
PPP,2019,7997927
PPP,2020,7997927
PPP,2021,7997927
PPP,2022,7997927
PPP,2023,7999281
PPP,2024,7999538
PPP,2025,8001438
PPP,2026,8000000
PPVC,2013,14958000
PPVC,2014,14958000
PPVC,2015,14958000
PPVC,2016,14958000
PPVC,2017,14958000
PPVC,2018,14958000
PPVC,2019,14958000
PPVC,2020,14958000
PPVC,2021,14958000
PPVC,2022,14958000
PPVC,2023,14958000
PPVC,2024,14958000
PPVC,2025,14960202
PPVC,2026,14958000
PREMA,2013,218563706
PREMA,2014,218563706
PREMA,2015,218563706
PREMA,2016,218563706
PREMA,2017,218563706
PREMA,2018,218563706
PREMA,2019,218563706
PREMA,2020,218563706
PREMA,2021,218563706
PREMA,2022,218563706
PREMA,2023,218525744
PREMA,2024,218045062
PREMA,2025,218243388
PREMA,2026,218639430
PRET,2013,6163000
PRET,2014,6163000
PRET,2015,6163000
PRET,2016,6163000
PRET,2017,6163000
PRET,2018,6163000
PRET,2019,6163000
PRET,2020,6163000
PRET,2021,6163000
PRET,2022,6163000
PRET,2023,6162964
PRET,2024,6162921
PRET,2025,6162524
PRET,2026,6163000
PRL,2013,630000000
PRL,2014,630000000
PRL,2015,630000000
PRL,2016,630000000
PRL,2017,630000000
PRL,2018,630000000
PRL,2019,630000000
PRL,2020,630000000
PRL,2021,630000000
PRL,2022,630000000
PRL,2023,629932365
PRL,2024,629298966
PRL,2025,629710853
PRL,2026,630000000
PRWM,2013,18484099
PRWM,2014,18484099
PRWM,2015,18484099
PRWM,2016,18484099
PRWM,2017,18484099
PRWM,2018,18484099
PRWM,2019,18484099
PRWM,2020,18484099
PRWM,2021,18484099
PRWM,2022,18484099
PRWM,2023,18471532
PRWM,2024,18476546
PRWM,2025,18483367
PRWM,2026,18480000
PSEL,2013,32524250
PSEL,2014,32524250
PSEL,2015,32524250
PSEL,2016,32524250
PSEL,2017,32524250
PSEL,2018,32524250
PSEL,2019,32524250
PSEL,2020,32524250
PSEL,2021,32524250
PSEL,2022,32524250
PSEL,2023,32523171
PSEL,2024,32527829
PSEL,2025,32524250
PSEL,2026,32524250
PSMC,2013,82299851
PSMC,2014,82299851
PSMC,2015,82299851
PSMC,2016,82299851
PSMC,2017,82299851
PSMC,2018,82299851
PSMC,2019,82299851
PSMC,2020,82299851
PSMC,2021,82299851
PSMC,2022,82299851
PSMC,2023,82293489
PSMC,2024,82299851
PSMC,2025,82299851
PSMC,2026,82299851
PSO,2013,469468191
PSO,2014,469468191
PSO,2015,469468191
PSO,2016,469468191
PSO,2017,469468191
PSO,2018,469468191
PSO,2019,469468191
PSO,2020,469468191
PSO,2021,469468191
PSO,2022,469468191
PSO,2023,469497927
PSO,2024,469445161
PSO,2025,469498114
PSO,2026,469473300
PSX,2013,797426000
PSX,2014,797426000
PSX,2015,797426000
PSX,2016,797426000
PSX,2017,797426000
PSX,2018,797426000
PSX,2019,797426000
PSX,2020,797426000
PSX,2021,797426000
PSX,2022,797426000
PSX,2023,814033333
PSX,2024,802971094
PSX,2025,800477895
PSX,2026,801476600
PSYL,2013,138707876
PSYL,2014,138707876
PSYL,2015,138707876
PSYL,2016,138707876
PSYL,2017,138707876
PSYL,2018,138707876
PSYL,2019,138707876
PSYL,2020,138707876
PSYL,2021,138707876
PSYL,2022,138707876
PSYL,2023,138726957
PSYL,2024,138551793
PSYL,2025,138661132
PSYL,2026,138699000
PTC,2013,5086170787
PTC,2014,5086170787
PTC,2015,5086170787
PTC,2016,5086170787
PTC,2017,5086170787
PTC,2018,5086170787
PTC,2019,5086170787
PTC,2020,5086170787
PTC,2021,5086170787
PTC,2022,5086170787
PTC,2023,5103555978
PTC,2024,5079834737
PTC,2025,5119459259
PTC,2026,3774000000
PTL,2013,168122000
PTL,2014,168122000
PTL,2015,168122000
PTL,2016,168122000
PTL,2017,168122000
PTL,2018,168122000
PTL,2019,168122000
PTL,2020,168122000
PTL,2021,168122000
PTL,2022,168122000
PTL,2023,167749612
PTL,2024,168153430
PTL,2025,167950195
PTL,2026,168000000
QUET,2013,13000000
QUET,2014,13000000
QUET,2015,13000000
QUET,2016,13000000
QUET,2017,13000000
QUET,2018,13000000
QUET,2019,13000000
QUET,2020,13000000
QUET,2021,13000000
QUET,2022,13000000
QUET,2023,13000000
QUET,2024,13000000
QUET,2025,13012840
QUET,2026,13000000
QUICE,2013,98461828
QUICE,2014,98461828
QUICE,2015,98461828
QUICE,2016,98461828
QUICE,2017,98461828
QUICE,2018,98461828
QUICE,2019,98461828
QUICE,2020,98461828
QUICE,2021,98461828
QUICE,2022,98461828
QUICE,2023,98461828
QUICE,2024,98461828
QUICE,2025,98461828
QUICE,2026,98461828
RAVT,2013,25000000
RAVT,2014,25000000
RAVT,2015,25000000
RAVT,2016,25000000
RAVT,2017,25000000
RAVT,2018,25000000
RAVT,2019,24989216
RAVT,2020,24956198
RAVT,2021,25000000
RAVT,2022,25000000
RAVT,2023,25000000
RAVT,2024,25000000
RAVT,2025,25000000
RAVT,2026,25000000
RCML,2013,10291911
RCML,2014,10291911
RCML,2015,10291911
RCML,2016,10291911
RCML,2017,10291911
RCML,2018,10291911
RCML,2019,10291911
RCML,2020,10291911
RCML,2021,10291911
RCML,2022,10291911
RCML,2023,10292040
RCML,2024,10292288
RCML,2025,10651995
RCML,2026,10652000
REDCO,2013,48580556
REDCO,2014,48580556
REDCO,2015,48580556
REDCO,2016,48580556
REDCO,2017,48580556
REDCO,2018,48580556
REDCO,2019,48580556
REDCO,2020,48580556
REDCO,2021,48580556
REDCO,2022,48580556
REDCO,2023,49268987
REDCO,2024,49320930
REDCO,2025,49334551
REDCO,2026,49292600
REWM,2013,30809852
REWM,2014,30809852
REWM,2015,30809852
REWM,2016,30809852
REWM,2017,30809852
REWM,2018,30809852
REWM,2019,30809852
REWM,2020,30809852
REWM,2021,30809852
REWM,2022,30809852
REWM,2023,30821244
REWM,2024,30825258
REWM,2025,30814508
REWM,2026,30810938
RICL,2013,130613991
RICL,2014,130613991
RICL,2015,130613991
RICL,2016,130613991
RICL,2017,130613991
RICL,2018,130613991
RICL,2019,130613991
RICL,2020,130613991
RICL,2021,130613991
RICL,2022,130613991
RICL,2023,130613991
RICL,2024,130613991
RICL,2025,130613991
RICL,2026,130613991
RMPL,2013,9236473
RMPL,2014,9236473
RMPL,2015,9236473
RMPL,2016,9236473
RMPL,2017,9236473
RMPL,2018,9236473
RMPL,2019,9236473
RMPL,2020,9236473
RMPL,2021,9236473
RMPL,2022,9236473
RMPL,2023,9236372
RMPL,2024,9236403
RMPL,2025,9236397
RMPL,2026,9236400
RPL,2013,141555615
RPL,2014,141555615
RPL,2015,141555615
RPL,2016,141555615
RPL,2017,141555615
RPL,2018,141555615
RPL,2019,141555615
RPL,2020,141555615
RPL,2021,141555615
RPL,2022,141555615
RPL,2023,141828302
RPL,2024,141786577
RPL,2025,142464646
RPL,2026,141900000
RUBY,2013,52214400
RUBY,2014,52214400
RUBY,2015,52214400
RUBY,2016,52214400
RUBY,2017,52214400
RUBY,2018,52214400
RUBY,2019,52214400
RUBY,2020,52214400
RUBY,2021,52214400
RUBY,2022,52214400
RUBY,2023,52214400
RUBY,2024,52214400
RUBY,2025,52214400
RUBY,2026,52214400
RUPL,2013,34068500
RUPL,2014,34068500
RUPL,2015,34068500
RUPL,2016,34068500
RUPL,2017,34068500
RUPL,2018,34068500
RUPL,2019,34068500
RUPL,2020,34068500
RUPL,2021,34068500
RUPL,2022,34068500
RUPL,2023,34068500
RUPL,2024,34068500
RUPL,2025,34075663
RUPL,2026,34068500
SAIF,2013,26412900
SAIF,2014,26412900
SAIF,2015,26412900
SAIF,2016,26412900
SAIF,2017,26412900
SAIF,2018,26412900
SAIF,2019,26412900
SAIF,2020,26412900
SAIF,2021,26412900
SAIF,2022,26412900
SAIF,2023,26412900
SAIF,2024,26411704
SAIF,2025,26286364
SAIF,2026,26412900
SANE,2013,4467036
SANE,2014,4467036
SANE,2015,4467036
SANE,2016,4467036
SANE,2017,4467036
SANE,2018,4467036
SANE,2019,4467036
SANE,2020,4467036
SANE,2021,4467036
SANE,2022,4467036
SANE,2023,4467036
SANE,2024,4467036
SANE,2025,4467036
SANE,2026,4467036
SANSM,2013,11946000
SANSM,2014,11946000
SANSM,2015,11946000
SANSM,2016,11946000
SANSM,2017,11946000
SANSM,2018,11946000
SANSM,2019,11946000
SANSM,2020,11946000
SANSM,2021,11946000
SANSM,2022,11946000
SANSM,2023,12376923
SANSM,2024,11945672
SANSM,2025,11950251
SANSM,2026,11946000
SAPL,2013,9646212
SAPL,2014,9646212
SAPL,2015,9646212
SAPL,2016,9646212
SAPL,2017,9646212
SAPL,2018,9646212
SAPL,2019,9647103
SAPL,2020,9645286
SAPL,2021,9644970
SAPL,2022,9646212
SAPL,2023,9644800
SAPL,2024,9644800
SAPL,2025,9644800
SAPL,2026,9644800
SAPT,2013,21689757
SAPT,2014,21689757
SAPT,2015,21689757
SAPT,2016,21689757
SAPT,2017,21689757
SAPT,2018,21689757
SAPT,2019,21689757
SAPT,2020,21689757
SAPT,2021,21689757
SAPT,2022,21689757
SAPT,2023,21689555
SAPT,2024,21690089
SAPT,2025,21689542
SAPT,2026,21689791
SARC,2013,6000000
SARC,2014,6000000
SARC,2015,6000000
SARC,2016,6000000
SARC,2017,6000000
SARC,2018,6000000
SARC,2019,6000000
SARC,2020,6000000
SARC,2021,6000000
SARC,2022,6000000
SARC,2023,6000000
SARC,2024,6000000
SARC,2025,6000000
SARC,2026,6000000
SASML,2013,10425000
SASML,2014,10425000
SASML,2015,10425000
SASML,2016,10425000
SASML,2017,10425000
SASML,2018,10425000
SASML,2019,10425000
SASML,2020,10425000
SASML,2021,10425000
SASML,2022,10425000
SASML,2023,10425000
SASML,2024,10426389
SASML,2025,10422338
SASML,2026,10425000
SAZEW,2013,60430769
SAZEW,2014,60430769
SAZEW,2015,60430769
SAZEW,2016,60430769
SAZEW,2017,60430769
SAZEW,2018,60430769
SAZEW,2019,60430769
SAZEW,2020,60430769
SAZEW,2021,60430769
SAZEW,2022,60430769
SAZEW,2023,60454253
SAZEW,2024,60443880
SAZEW,2025,60446241
SAZEW,2026,60445961
SBL,2013,1008238648
SBL,2014,1008238648
SBL,2015,1008238648
SBL,2016,1008238648
SBL,2017,1008238648
SBL,2018,1008238648
SBL,2019,1008238648
SBL,2020,1008238648
SBL,2021,1008238648
SBL,2022,1008238648
SBL,2023,1004305691
SBL,2024,1013524638
SBL,2025,1010066667
SBL,2026,1008238648
SCBPL,2013,3868299220
SCBPL,2014,3868299220
SCBPL,2015,3868299220
SCBPL,2016,3868299220
SCBPL,2017,3868299220
SCBPL,2018,3868299220
SCBPL,2019,3868299220
SCBPL,2020,3868299220
SCBPL,2021,3868299220
SCBPL,2022,3868299220
SCBPL,2023,3871192643
SCBPL,2024,3871156639
SCBPL,2025,3873600808
SCBPL,2026,3871585021
SCL,2013,3900000
SCL,2014,3900000
SCL,2015,3900000
SCL,2016,3900000
SCL,2017,3900000
SCL,2018,3900000
SCL,2019,3900000
SCL,2020,3900000
SCL,2021,3900000
SCL,2022,3900000
SCL,2023,3900000
SCL,2024,3903736
SCL,2025,3900027
SCL,2026,3900000
SEARL,2013,588218590
SEARL,2014,588218590
SEARL,2015,588218590
SEARL,2016,588218590
SEARL,2017,588218590
SEARL,2018,588218590
SEARL,2019,588218590
SEARL,2020,588218590
SEARL,2021,588218590
SEARL,2022,588218590
SEARL,2023,390059142
SEARL,2024,402849333
SEARL,2025,510632941
SEARL,2026,588218590
SEL,2013,19092000
SEL,2014,19092000
SEL,2015,19092000
SEL,2016,19092000
SEL,2017,19092000
SEL,2018,19092000
SEL,2019,19092000
SEL,2020,19092000
SEL,2021,19092000
SEL,2022,19092000
SEL,2023,19092000
SEL,2024,19092000
SEL,2025,19092000
SEL,2026,19092000
SEPL,2013,59255985
SEPL,2014,59255985
SEPL,2015,59255985
SEPL,2016,59255985
SEPL,2017,59255985
SEPL,2018,59255985
SEPL,2019,59255985
SEPL,2020,59255985
SEPL,2021,59255985
SEPL,2022,59255985
SEPL,2023,59239437
SEPL,2024,59262898
SEPL,2025,59245451
SEPL,2026,59255985
SERF,2013,249871128
SERF,2014,249871128
SERF,2015,249871128
SERF,2016,249871128
SERF,2017,249871128
SERF,2018,249871128
SERF,2019,249871128
SERF,2020,249871128
SERF,2021,249871128
SERF,2022,249871128
SERF,2023,249871128
SERF,2024,249871128
SERF,2025,249871128
SERF,2026,249871128
SERT,2013,13787567
SERT,2014,13787567
SERT,2015,13787567
SERT,2016,13787567
SERT,2017,13787567
SERT,2018,13787567
SERT,2019,13787567
SERT,2020,13787567
SERT,2021,13787567
SERT,2022,13787567
SERT,2023,13787567
SERT,2024,13787567
SERT,2025,13787567
SERT,2026,13787567
SFAT,2013,4000000
SFAT,2014,4000000
SFAT,2015,4000000
SFAT,2016,4000000
SFAT,2017,4000000
SFAT,2018,4000000
SFAT,2019,4000000
SFAT,2020,4000000
SFAT,2021,4000000
SFAT,2022,4000000
SFAT,2023,4000000
SFAT,2024,4000000
SFAT,2025,4000000
SFAT,2026,4000000
SFL,2013,20672006
SFL,2014,20672006
SFL,2015,20672006
SFL,2016,20672006
SFL,2017,20672006
SFL,2018,20672006
SFL,2019,20672006
SFL,2020,20672006
SFL,2021,20672006
SFL,2022,20672006
SFL,2023,20671674
SFL,2024,20671888
SFL,2025,20671741
SFL,2026,24871228
SGF,2013,204825749
SGF,2014,204825749
SGF,2015,204825749
SGF,2016,204825749
SGF,2017,204825749
SGF,2018,204825749
SGF,2019,204825749
SGF,2020,204825749
SGF,2021,204825749
SGF,2022,204825749
SGF,2023,205496870
SGF,2024,205816946
SGF,2025,206294243
SGF,2026,206467605
SGPL,2013,17833200
SGPL,2014,17833200
SGPL,2015,17833200
SGPL,2016,17833200
SGPL,2017,17833200
SGPL,2018,17833200
SGPL,2019,17833200
SGPL,2020,17833200
SGPL,2021,17833200
SGPL,2022,17833200
SGPL,2023,17833200
SGPL,2024,17833200
SGPL,2025,18533333
SGPL,2026,17833200
SHCM,2013,17636800
SHCM,2014,17636800
SHCM,2015,17636800
SHCM,2016,17636800
SHCM,2017,17636800
SHCM,2018,17636800
SHCM,2019,17636800
SHCM,2020,17636800
SHCM,2021,17636800
SHCM,2022,17636800
SHCM,2023,17636800
SHCM,2024,17579365
SHCM,2025,17648211
SHCM,2026,17636800
SHDT,2013,22850000
SHDT,2014,22850000
SHDT,2015,22850000
SHDT,2016,22850000
SHDT,2017,22850000
SHDT,2018,22850000
SHDT,2019,22850000
SHDT,2020,22850000
SHDT,2021,22850000
SHDT,2022,22850000
SHDT,2023,16603316
SHDT,2024,16604722
SHDT,2025,16594170
SHDT,2026,22850000
SHEL,2013,204152422
SHEL,2014,204152422
SHEL,2015,204152422
SHEL,2016,204152422
SHEL,2017,204152422
SHEL,2018,204152422
SHEL,2019,204152422
SHEL,2020,204152422
SHEL,2021,204152422
SHEL,2022,204152422
SHEL,2023,214023153
SHEL,2024,213974627
SHEL,2025,214024662
SHEL,2026,214024662
SHEZ,2013,9663060
SHEZ,2014,9663060
SHEZ,2015,9663060
SHEZ,2016,9663060
SHEZ,2017,9663060
SHEZ,2018,9663060
SHEZ,2019,9663060
SHEZ,2020,9663060
SHEZ,2021,9663060
SHEZ,2022,9663060
SHEZ,2023,9663724
SHEZ,2024,9658586
SHEZ,2025,9665086
SHEZ,2026,9663060
SHFA,2013,63214383
SHFA,2014,63214383
SHFA,2015,63214383
SHFA,2016,63214383
SHFA,2017,63214383
SHFA,2018,63214383
SHFA,2019,63214383
SHFA,2020,63214383
SHFA,2021,63214383
SHFA,2022,63214383
SHFA,2023,63214383
SHFA,2024,63214383
SHFA,2025,63214383
SHFA,2026,63214383
SHJS,2013,11966667
SHJS,2014,11966667
SHJS,2015,11966667
SHJS,2016,11966667
SHJS,2017,11966667
SHJS,2018,11966667
SHJS,2019,11966667
SHJS,2020,11966667
SHJS,2021,11966667
SHJS,2022,11966667
SHJS,2023,12010427
SHJS,2024,11994403
SHJS,2025,12014338
SHJS,2026,12011200
SHNI,2013,59973034
SHNI,2014,59973034
SHNI,2015,59973034
SHNI,2016,59973034
SHNI,2017,59973034
SHNI,2018,59973034
SHNI,2019,59973034
SHNI,2020,59973034
SHNI,2021,59973034
SHNI,2022,59973034
SHNI,2023,59950515
SHNI,2024,80619024
SHNI,2025,80601058
SHNI,2026,104812500
SHSML,2013,21118728
SHSML,2014,21118728
SHSML,2015,21118728
SHSML,2016,21118728
SHSML,2017,21118728
SHSML,2018,21118728
SHSML,2019,21118728
SHSML,2020,21118728
SHSML,2021,21118728
SHSML,2022,21118728
SHSML,2023,21119019
SHSML,2024,21129032
SHSML,2025,21120649
SHSML,2026,21118663
SIBL,2013,59148593
SIBL,2014,59148593
SIBL,2015,59148593
SIBL,2016,59148593
SIBL,2017,59148593
SIBL,2018,59148593
SIBL,2019,59148593
SIBL,2020,59148593
SIBL,2021,59148593
SIBL,2022,59148593
SIBL,2023,59148593
SIBL,2024,59148593
SIBL,2025,59148593
SIBL,2026,59148593
SIEM,2013,8247037
SIEM,2014,8247037
SIEM,2015,8247037
SIEM,2016,8247037
SIEM,2017,8247037
SIEM,2018,8247037
SIEM,2019,8247037
SIEM,2020,8247037
SIEM,2021,8247037
SIEM,2022,8247037
SIEM,2023,8247137
SIEM,2024,8247061
SIEM,2025,8247121
SIEM,2026,8247037
SILK,2013,9081861237
SILK,2014,9081861237
SILK,2015,9081861237
SILK,2016,9081861237
SILK,2017,9081861237
SILK,2018,9081861237
SILK,2019,9081861237
SILK,2020,9081861237
SILK,2021,9081861237
SILK,2022,9081861237
SILK,2023,9081861237
SILK,2024,9081861237
SILK,2025,9081861237
SILK,2026,9081861237
SINDM,2013,45000000
SINDM,2014,45000000
SINDM,2015,45000000
SINDM,2016,45000000
SINDM,2017,45000000
SINDM,2018,45000000
SINDM,2019,45000000
SINDM,2020,45000000
SINDM,2021,45000000
SINDM,2022,45000000
SINDM,2023,45000000
SINDM,2024,45000000
SINDM,2025,45000000
SINDM,2026,45000000
SITC,2013,21426111
SITC,2014,21426111
SITC,2015,21426111
SITC,2016,21426111
SITC,2017,21426111
SITC,2018,21426111
SITC,2019,21426111
SITC,2020,21426111
SITC,2021,21426111
SITC,2022,21426111
SITC,2023,21431521
SITC,2024,21431479
SITC,2025,21429957
SITC,2026,21429407
SJTM,2013,21267800
SJTM,2014,21267800
SJTM,2015,21267800
SJTM,2016,21267800
SJTM,2017,21267800
SJTM,2018,21267800
SJTM,2019,21267800
SJTM,2020,21267800
SJTM,2021,21267800
SJTM,2022,21267800
SJTM,2023,21267800
SJTM,2024,21267800
SJTM,2025,21267800
SJTM,2026,21267800
SKRS,2013,44616000
SKRS,2014,44616000
SKRS,2015,44616000
SKRS,2016,44616000
SKRS,2017,44616000
SKRS,2018,44616000
SKRS,2019,44616000
SKRS,2020,44616000
SKRS,2021,44616000
SKRS,2022,44616000
SKRS,2023,44616000
SKRS,2024,44616000
SKRS,2025,44616000
SKRS,2026,44616000
SLCL,2013,36300000
SLCL,2014,36300000
SLCL,2015,36300000
SLCL,2016,36300000
SLCL,2017,36300000
SLCL,2018,36300000
SLCL,2019,36300000
SLCL,2020,36300000
SLCL,2021,36300000
SLCL,2022,36300000
SLCL,2023,36300000
SLCL,2024,36300000
SLCL,2025,36300000
SLCL,2026,36300000
SLL,2013,32000000
SLL,2014,32000000
SLL,2015,32000000
SLL,2016,32000000
SLL,2017,32000000
SLL,2018,32000000
SLL,2019,32000000
SLL,2020,32000000
SLL,2021,32000000
SLL,2022,32000000
SLL,2023,32000000
SLL,2024,32000000
SLL,2025,32000000
SLL,2026,32000000
SLYT,2013,8775000
SLYT,2014,8775000
SLYT,2015,8775000
SLYT,2016,8775000
SLYT,2017,8775000
SLYT,2018,8775000
SLYT,2019,8775000
SLYT,2020,8775000
SLYT,2021,8775000
SLYT,2022,8775000
SLYT,2023,8775000
SLYT,2024,8775000
SLYT,2025,8774396
SLYT,2026,8775000
SMBL,2013,6622220576
SMBL,2014,6622220576
SMBL,2015,6622220576
SMBL,2016,6622220576
SMBL,2017,6622220576
SMBL,2018,6622220576
SMBL,2019,6622220576
SMBL,2020,6622220576
SMBL,2021,6622220576
SMBL,2022,6622220576
SMBL,2023,6622220576
SMBL,2024,6622220576
SMBL,2025,6622220576
SMBL,2026,6622220576
SMCPL,2013,25000000
SMCPL,2014,25000000
SMCPL,2015,25000000
SMCPL,2016,25000000
SMCPL,2017,25000000
SMCPL,2018,25000000
SMCPL,2019,25000000
SMCPL,2020,25000000
SMCPL,2021,25000000
SMCPL,2022,25000000
SMCPL,2023,25000000
SMCPL,2024,25000000
SMCPL,2025,25000000
SMCPL,2026,25000000
SML,2013,125000000
SML,2014,125000000
SML,2015,125000000
SML,2016,125000000
SML,2017,125000000
SML,2018,125000000
SML,2019,125000000
SML,2020,125000000
SML,2021,125000000
SML,2022,125000000
SML,2023,125000000
SML,2024,125000000
SML,2025,125000000
SML,2026,125000000
SMTM,2013,11879111
SMTM,2014,11879111
SMTM,2015,11879111
SMTM,2016,11879111
SMTM,2017,11879111
SMTM,2018,11879111
SMTM,2019,11879111
SMTM,2020,11879111
SMTM,2021,26730792
SMTM,2022,11879111
SMTM,2023,11879111
SMTM,2024,11879111
SMTM,2025,11879111
SMTM,2026,11879111
SNAI,2013,19965000
SNAI,2014,19965000
SNAI,2015,19965000
SNAI,2016,19965000
SNAI,2017,19965000
SNAI,2018,19965000
SNAI,2019,19965000
SNAI,2020,19965000
SNAI,2021,19965000
SNAI,2022,19965000
SNAI,2023,19965000
SNAI,2024,19951633
SNAI,2025,19970072
SNAI,2026,19965000
SNBL,2013,1101311696
SNBL,2014,1101311696
SNBL,2015,1101311696
SNBL,2016,1101311696
SNBL,2017,1101311696
SNBL,2018,1101311696
SNBL,2019,1101311696
SNBL,2020,1101311696
SNBL,2021,1101311696
SNBL,2022,1101311696
SNBL,2023,1102624319
SNBL,2024,1103045607
SNBL,2025,1103567554
SNBL,2026,1102463503
SNGP,2013,634408262
SNGP,2014,634408262
SNGP,2015,634408262
SNGP,2016,634408262
SNGP,2017,634408262
SNGP,2018,634408262
SNGP,2019,634408262
SNGP,2020,634408262
SNGP,2021,634408262
SNGP,2022,634408262
SNGP,2023,634075870
SNGP,2024,634242647
SNGP,2025,634156758
SNGP,2026,634216665
SPEL,2013,199601852
SPEL,2014,199601852
SPEL,2015,199601852
SPEL,2016,199601852
SPEL,2017,199601852
SPEL,2018,199601852
SPEL,2019,199601852
SPEL,2020,199601852
SPEL,2021,199601852
SPEL,2022,199601852
SPEL,2023,198825101
SPEL,2024,190763988
SPEL,2025,189866970
SPEL,2026,199736016
SPL,2013,55100000
SPL,2014,55100000
SPL,2015,55100000
SPL,2016,55100000
SPL,2017,55100000
SPL,2018,55100000
SPL,2019,55100000
SPL,2020,55100000
SPL,2021,55100000
SPL,2022,55100000
SPL,2023,55100000
SPL,2024,55100000
SPL,2025,55100000
SPL,2026,55100000
SPLC,2013,44900000
SPLC,2014,44900000
SPLC,2015,44900000
SPLC,2016,44900000
SPLC,2017,44900000
SPLC,2018,44900000
SPLC,2019,44900000
SPLC,2020,44900000
SPLC,2021,44900000
SPLC,2022,44900000
SPLC,2023,45565625
SPLC,2024,45222785
SPLC,2025,45160500
SPLC,2026,45160500
SPWL,2013,386471779
SPWL,2014,386471779
SPWL,2015,386471779
SPWL,2016,386471779
SPWL,2017,386471779
SPWL,2018,386471779
SPWL,2019,386471779
SPWL,2020,386471779
SPWL,2021,386471779
SPWL,2022,386471779
SPWL,2023,386471779
SPWL,2024,386269109
SPWL,2025,386326437
SPWL,2026,386471779
SRVI,2013,47006233
SRVI,2014,47006233
SRVI,2015,47006233
SRVI,2016,47006233
SRVI,2017,47006233
SRVI,2018,47006233
SRVI,2019,47006233
SRVI,2020,47006233
SRVI,2021,47006233
SRVI,2022,47006233
SRVI,2023,46993557
SRVI,2024,47017536
SRVI,2025,46976124
SRVI,2026,46987500
SSGC,2013,880916309
SSGC,2014,880916309
SSGC,2015,880916309
SSGC,2016,880916309
SSGC,2017,880916309
SSGC,2018,880916309
SSGC,2019,880916309
SSGC,2020,880916309
SSGC,2021,880916309
SSGC,2022,880916309
SSGC,2023,880916309
SSGC,2024,881330670
SSGC,2025,881740328
SSGC,2026,880916309
SSML,2013,29840607
SSML,2014,29840607
SSML,2015,29840607
SSML,2016,29840607
SSML,2017,29840607
SSML,2018,29840607
SSML,2019,29840607
SSML,2020,29840607
SSML,2021,29840607
SSML,2022,29840607
SSML,2023,29840607
SSML,2024,29840607
SSML,2025,29873856
SSML,2026,29840607
SSOM,2013,5658400
SSOM,2014,5658400
SSOM,2015,5658400
SSOM,2016,5658400
SSOM,2017,5658400
SSOM,2018,5658400
SSOM,2019,5658400
SSOM,2020,5658400
SSOM,2021,5658400
SSOM,2022,5658400
SSOM,2023,5658040
SSOM,2024,5658677
SSOM,2025,5658907
SSOM,2026,5658400
STCL,2013,239320475
STCL,2014,239320475
STCL,2015,239320475
STCL,2016,239320475
STCL,2017,239320475
STCL,2018,239320475
STCL,2019,239320475
STCL,2020,239320475
STCL,2021,239320475
STCL,2022,239320475
STCL,2023,239097115
STCL,2024,235081250
STCL,2025,238929104
STCL,2026,239320475
STJT,2013,9660000
STJT,2014,9660000
STJT,2015,9660000
STJT,2016,9660000
STJT,2017,9660000
STJT,2018,9660000
STJT,2019,9660000
STJT,2020,9660000
STJT,2021,9660000
STJT,2022,9660000
STJT,2023,9660000
STJT,2024,9660000
STJT,2025,9660000
STJT,2026,9660000
STML,2013,8640000
STML,2014,8640000
STML,2015,8640000
STML,2016,8640000
STML,2017,8640000
STML,2018,8640000
STML,2019,8640000
STML,2020,8640000
STML,2021,8640000
STML,2022,8640000
STML,2023,8640000
STML,2024,8640000
STML,2025,8640188
STML,2026,8640000
STPL,2013,229278733
STPL,2014,229278733
STPL,2015,229278733
STPL,2016,229278733
STPL,2017,229278733
STPL,2018,229278733
STPL,2019,229278733
STPL,2020,229278733
STPL,2021,229278733
STPL,2022,229278733
STPL,2023,229278733
STPL,2024,228709091
STPL,2025,308300000
STPL,2026,229278733
SURC,2013,48809516
SURC,2014,48809516
SURC,2015,48809516
SURC,2016,48809516
SURC,2017,48809516
SURC,2018,48809516
SURC,2019,48809516
SURC,2020,48809516
SURC,2021,48809516
SURC,2022,48809516
SURC,2023,44371617
SURC,2024,48807856
SURC,2025,48808159
SURC,2026,48809516
SUTM,2013,20700260
SUTM,2014,20700260
SUTM,2015,20700260
SUTM,2016,20700260
SUTM,2017,20700260
SUTM,2018,20700260
SUTM,2019,20700260
SUTM,2020,20700260
SUTM,2021,20700260
SUTM,2022,20700260
SUTM,2023,20706259
SUTM,2024,20700234
SUTM,2025,20708919
SUTM,2026,20700000
SYS,2013,280741399
SYS,2014,280741399
SYS,2015,280741399
SYS,2016,280741399
SYS,2017,280741399
SYS,2018,280741399
SYS,2019,280741399
SYS,2020,280741399
SYS,2021,280741399
SYS,2022,280741399
SYS,2023,291028902
SYS,2024,1459498091
SYS,2025,1468683883
SYS,2026,1473404435
SZTM,2013,17971372
SZTM,2014,17971372
SZTM,2015,17971372
SZTM,2016,17971372
SZTM,2017,17971372
SZTM,2018,17971372
SZTM,2019,17971372
SZTM,2020,17971372
SZTM,2021,17971372
SZTM,2022,17971372
SZTM,2023,17971372
SZTM,2024,17974476
SZTM,2025,17977816
SZTM,2026,17971372
TATM,2013,55993614
TATM,2014,55993614
TATM,2015,55993614
TATM,2016,55993614
TATM,2017,55993614
TATM,2018,55993614
TATM,2019,55993614
TATM,2020,55993614
TATM,2021,55993614
TATM,2022,55993614
TATM,2023,55993614
TATM,2024,55993614
TATM,2025,55993614
TATM,2026,55993614
TCLTC,2013,41822250
TCLTC,2014,41822250
TCLTC,2015,41822250
TCLTC,2016,41822250
TCLTC,2017,41822250
TCLTC,2018,41822250
TCLTC,2019,41822250
TCLTC,2020,41822250
TCLTC,2021,41822250
TCLTC,2022,41822250
TCLTC,2023,41822250
TCLTC,2024,41822250
TCLTC,2025,41822250
TCLTC,2026,41822250
TELE,2013,338292045
TELE,2014,338292045
TELE,2015,338292045
TELE,2016,338292045
TELE,2017,338292045
TELE,2018,338292045
TELE,2019,338292045
TELE,2020,338292045
TELE,2021,338292045
TELE,2022,338292045
TELE,2023,340297500
TELE,2024,340276712
TELE,2025,345505263
TELE,2026,338625000
TGL,2013,172169189
TGL,2014,172169189
TGL,2015,172169189
TGL,2016,172169189
TGL,2017,172169189
TGL,2018,172169189
TGL,2019,172169189
TGL,2020,172169189
TGL,2021,172169189
TGL,2022,172169189
TGL,2023,172189405
TGL,2024,172155411
TGL,2025,172170306
TGL,2026,172167188
THALL,2013,81028702
THALL,2014,81028702
THALL,2015,81028702
THALL,2016,81028702
THALL,2017,81028702
THALL,2018,81028702
THALL,2019,81028702
THALL,2020,81028702
THALL,2021,81028702
THALL,2022,81028702
THALL,2023,81023829
THALL,2024,81036922
THALL,2025,81017580
THALL,2026,81029917
THCCL,2013,99411667
THCCL,2014,99411667
THCCL,2015,99411667
THCCL,2016,99411667
THCCL,2017,99411667
THCCL,2018,99411667
THCCL,2019,99411667
THCCL,2020,99411667
THCCL,2021,99411667
THCCL,2022,99411667
THCCL,2023,91572426
THCCL,2024,84708634
THCCL,2025,84711166
THCCL,2026,498590625
TICL,2013,15022941
TICL,2014,15022941
TICL,2015,15022941
TICL,2016,15022941
TICL,2017,15022941
TICL,2018,15022941
TICL,2019,15022941
TICL,2020,15022941
TICL,2021,15022941
TICL,2022,15022941
TICL,2023,15023053
TICL,2024,15024071
TICL,2025,15023531
TICL,2026,15023200
TOMCL,2013,134889508
TOMCL,2014,134889508
TOMCL,2015,134889508
TOMCL,2016,134889508
TOMCL,2017,134889508
TOMCL,2018,134889508
TOMCL,2019,134889508
TOMCL,2020,134889508
TOMCL,2021,134889508
TOMCL,2022,134889508
TOMCL,2023,148599588
TOMCL,2024,148469552
TOMCL,2025,155720290
TOMCL,2026,196340334
TOWL,2013,17000000
TOWL,2014,17000000
TOWL,2015,17000000
TOWL,2016,17000000
TOWL,2017,17000000
TOWL,2018,17000000
TOWL,2019,17000000
TOWL,2020,17000000
TOWL,2021,17000000
TOWL,2022,17000000
TOWL,2023,17000000
TOWL,2024,17000000
TOWL,2025,17000000
TOWL,2026,17000000
TPL,2013,267297763
TPL,2014,267297763
TPL,2015,267297763
TPL,2016,267297763
TPL,2017,267297763
TPL,2018,267297763
TPL,2019,267297763
TPL,2020,267297763
TPL,2021,267297763
TPL,2022,267297763
TPL,2023,267297763
TPL,2024,267297763
TPL,2025,267297763
TPL,2026,267297763
TPLI,2013,608800000
TPLI,2014,608800000
TPLI,2015,608800000
TPLI,2016,608800000
TPLI,2017,608800000
TPLI,2018,608800000
TPLI,2019,608800000
TPLI,2020,608800000
TPLI,2021,608800000
TPLI,2022,608800000
TPLI,2023,200537189
TPLI,2024,193727273
TPLI,2025,198650000
TPLI,2026,198644462
TPLP,2013,561086876
TPLP,2014,561086876
TPLP,2015,561086876
TPLP,2016,561086876
TPLP,2017,561086876
TPLP,2018,561086876
TPLP,2019,561086876
TPLP,2020,561086876
TPLP,2021,561086876
TPLP,2022,561086876
TPLP,2023,561086876
TPLP,2024,396832710
TPLP,2025,569448667
TPLP,2026,561086876
TPLT,2013,187263093
TPLT,2014,187263093
TPLT,2015,187263093
TPLT,2016,187263093
TPLT,2017,187263093
TPLT,2018,187263093
TPLT,2019,187263093
TPLT,2020,187263093
TPLT,2021,187263093
TPLT,2022,187263093
TPLT,2023,187263093
TPLT,2024,187728571
TPLT,2025,187533333
TPLT,2026,187263093
TREET,2013,371028814
TREET,2014,371028814
TREET,2015,371028814
TREET,2016,371028814
TREET,2017,371028814
TREET,2018,371028814
TREET,2019,371028814
TREET,2020,371028814
TREET,2021,371028814
TREET,2022,371028814
TREET,2023,176604508
TREET,2024,218775410
TREET,2025,370751773
TREET,2026,371028814
TRG,2013,545390665
TRG,2014,545390665
TRG,2015,545390665
TRG,2016,545390665
TRG,2017,545390665
TRG,2018,545390665
TRG,2019,545390665
TRG,2020,545390665
TRG,2021,545390665
TRG,2022,545390665
TRG,2023,545390665
TRG,2024,545390665
TRG,2025,545755911
TRG,2026,545390665
TRIBL,2013,119885111
TRIBL,2014,119885111
TRIBL,2015,119885111
TRIBL,2016,119885111
TRIBL,2017,119885111
TRIBL,2018,119885111
TRIBL,2019,119885111
TRIBL,2020,119885111
TRIBL,2021,119885111
TRIBL,2022,119885111
TRIBL,2023,119885111
TRIBL,2024,119885111
TRIBL,2025,119885111
TRIBL,2026,119885111
TRIPF,2013,38800000
TRIPF,2014,38800000
TRIPF,2015,38800000
TRIPF,2016,38800000
TRIPF,2017,38800000
TRIPF,2018,38800000
TRIPF,2019,38800000
TRIPF,2020,38800000
TRIPF,2021,38800000
TRIPF,2022,38800000
TRIPF,2023,38800000
TRIPF,2024,38791824
TRIPF,2025,38792314
TRIPF,2026,38800000
TRPOL,2013,56879201
TRPOL,2014,56879201
TRPOL,2015,56879201
TRPOL,2016,56879201
TRPOL,2017,21445455
TRPOL,2018,51866667
TRPOL,2019,56636559
TRPOL,2020,57448718
TRPOL,2021,56879201
TRPOL,2022,56879201
TRPOL,2023,56879201
TRPOL,2024,56879201
TRPOL,2025,56879201
TRPOL,2026,56879201
TRSM,2013,29800000
TRSM,2014,29800000
TRSM,2015,29800000
TRSM,2016,29800000
TRSM,2017,29800000
TRSM,2018,29800000
TRSM,2019,29800000
TRSM,2020,29800000
TRSM,2021,29800000
TRSM,2022,29800000
TRSM,2023,29800000
TRSM,2024,29800000
TRSM,2025,29800000
TRSM,2026,29800000
TSBL,2013,750000000
TSBL,2014,750000000
TSBL,2015,750000000
TSBL,2016,750000000
TSBL,2017,750000000
TSBL,2018,750000000
TSBL,2019,750000000
TSBL,2020,750000000
TSBL,2021,750000000
TSBL,2022,750000000
TSBL,2023,750000000
TSBL,2024,29998929
TSBL,2025,29950000
TSBL,2026,750000000
TSMF,2013,5000000
TSMF,2014,5000000
TSMF,2015,5000000
TSMF,2016,5000000
TSMF,2017,5000000
TSMF,2018,5000000
TSMF,2019,5000000
TSMF,2020,5000000
TSMF,2021,5000000
TSMF,2022,5000000
TSMF,2023,5000000
TSMF,2024,3982372
TSMF,2025,5530256
TSMF,2026,5000000
TSML,2013,117661818
TSML,2014,117661818
TSML,2015,117661818
TSML,2016,117661818
TSML,2017,117661818
TSML,2018,117661818
TSML,2019,117661818
TSML,2020,117661818
TSML,2021,117661818
TSML,2022,117661818
TSML,2023,117723635
TSML,2024,117681087
TSML,2025,117697512
TSML,2026,117706300
TSPL,2013,15000000
TSPL,2014,15000000
TSPL,2015,15000000
TSPL,2016,15000000
TSPL,2017,15000000
TSPL,2018,15000000
TSPL,2019,15000000
TSPL,2020,15000000
TSPL,2021,15000000
TSPL,2022,15000000
TSPL,2023,15000000
TSPL,2024,14957500
TSPL,2025,14870732
TSPL,2026,15000000
UBDL,2013,91800000
UBDL,2014,91800000
UBDL,2015,91800000
UBDL,2016,91800000
UBDL,2017,91800000
UBDL,2018,91800000
UBDL,2019,91800000
UBDL,2020,91800000
UBDL,2021,91800000
UBDL,2022,91800000
UBDL,2023,91800000
UBDL,2024,91800000
UBDL,2025,90650000
UBDL,2026,91800000
UBL,2013,1224232722
UBL,2014,1224232722
UBL,2015,1224232722
UBL,2016,1224232722
UBL,2017,1224232722
UBL,2018,1224232722
UBL,2019,1224232722
UBL,2020,1224232722
UBL,2021,1224232722
UBL,2022,1224232722
UBL,2023,1224226819
UBL,2024,2448389602
UBL,2025,2493840775
UBL,2026,2504247750
UCAPM,2013,23640000
UCAPM,2014,23640000
UCAPM,2015,23640000
UCAPM,2016,23640000
UCAPM,2017,23640000
UCAPM,2018,23640000
UCAPM,2019,23640000
UCAPM,2020,23640000
UCAPM,2021,23640000
UCAPM,2022,23640000
UCAPM,2023,23640000
UCAPM,2024,23640000
UCAPM,2025,23640000
UCAPM,2026,23640000
UDPL,2013,35271134
UDPL,2014,35271134
UDPL,2015,35271134
UDPL,2016,35271134
UDPL,2017,35271134
UDPL,2018,35271134
UDPL,2019,35271134
UDPL,2020,35271134
UDPL,2021,35271134
UDPL,2022,35271134
UDPL,2023,35271134
UDPL,2024,35260117
UDPL,2025,35273370
UDPL,2026,35271134
UNIC,2013,295422756
UNIC,2014,295422756
UNIC,2015,295422756
UNIC,2016,295422756
UNIC,2017,295422756
UNIC,2018,295422756
UNIC,2019,295422756
UNIC,2020,295422756
UNIC,2021,295422756
UNIC,2022,295422756
UNIC,2023,334029900
UNIC,2024,416210472
UNIC,2025,416082873
UNIC,2026,499320000
UNITY,2013,1194050000
UNITY,2014,1194050000
UNITY,2015,1194050000
UNITY,2016,1194050000
UNITY,2017,1194050000
UNITY,2018,1194050000
UNITY,2019,1194050000
UNITY,2020,1194050000
UNITY,2021,1194050000
UNITY,2022,1194050000
UNITY,2023,1194050000
UNITY,2024,1194050000
UNITY,2025,1194050000
UNITY,2026,1194050000
UPFL,2013,6369932
UPFL,2014,6369932
UPFL,2015,6369932
UPFL,2016,6369932
UPFL,2017,6369932
UPFL,2018,6369932
UPFL,2019,6369932
UPFL,2020,6369932
UPFL,2021,6369932
UPFL,2022,6369932
UPFL,2023,6369932
UPFL,2024,6369932
UPFL,2025,6369932
UPFL,2026,6369932
UVIC,2013,50000000
UVIC,2014,50000000
UVIC,2015,50000000
UVIC,2016,50000000
UVIC,2017,50000000
UVIC,2018,50000000
UVIC,2019,50000000
UVIC,2020,50000000
UVIC,2021,50000000
UVIC,2022,50000000
UVIC,2023,50000000
UVIC,2024,50000000
UVIC,2025,50250000
UVIC,2026,50000000
WAHN,2013,8998408
WAHN,2014,8998408
WAHN,2015,8998408
WAHN,2016,8998408
WAHN,2017,8998408
WAHN,2018,8998408
WAHN,2019,8998408
WAHN,2020,8998408
WAHN,2021,8998408
WAHN,2022,8998408
WAHN,2023,9000801
WAHN,2024,8999410
WAHN,2025,8999701
WAHN,2026,9000000
WAVES,2013,282298649
WAVES,2014,282298649
WAVES,2015,282298649
WAVES,2016,282298649
WAVES,2017,282298649
WAVES,2018,282298649
WAVES,2019,282298649
WAVES,2020,282298649
WAVES,2021,282298649
WAVES,2022,282298649
WAVES,2023,279596226
WAVES,2024,281050000
WAVES,2025,279617778
WAVES,2026,281406088
WTL,2013,4982289186
WTL,2014,4982289186
WTL,2015,4982289186
WTL,2016,4982289186
WTL,2017,4982289186
WTL,2018,4982289186
WTL,2019,4982289186
WTL,2020,4982289186
WTL,2021,4982289186
WTL,2022,4982289186
WTL,2023,4982289186
WTL,2024,4982289186
WTL,2025,4982289186
WTL,2026,4982289186
YOUW,2013,172352500
YOUW,2014,172352500
YOUW,2015,172352500
YOUW,2016,172352500
YOUW,2017,172352500
YOUW,2018,172352500
YOUW,2019,172352500
YOUW,2020,172352500
YOUW,2021,172352500
YOUW,2022,172352500
YOUW,2023,172352500
YOUW,2024,172352500
YOUW,2025,89516000
YOUW,2026,172352500
ZAHID,2013,191421415
ZAHID,2014,191421415
ZAHID,2015,191421415
ZAHID,2016,191421415
ZAHID,2017,191421415
ZAHID,2018,191421415
ZAHID,2019,191421415
ZAHID,2020,191421415
ZAHID,2021,191421415
ZAHID,2022,191421415
ZAHID,2023,191384069
ZAHID,2024,191286747
ZAHID,2025,191393214
ZAHID,2026,191421102
ZIL,2013,6119372
ZIL,2014,6119372
ZIL,2015,6119372
ZIL,2016,6119372
ZIL,2017,6119372
ZIL,2018,6119372
ZIL,2019,6119372
ZIL,2020,6119372
ZIL,2021,6119372
ZIL,2022,6119372
ZIL,2023,6122765
ZIL,2024,6126534
ZIL,2025,6125822
ZIL,2026,6122600
ZTL,2013,59340391
ZTL,2014,59340391
ZTL,2015,59340391
ZTL,2016,59340391
ZTL,2017,59340391
ZTL,2018,59340391
ZTL,2019,59340391
ZTL,2020,59340391
ZTL,2021,59340391
ZTL,2022,59340391
ZTL,2023,59489500
ZTL,2024,59290909
ZTL,2025,60633333
ZTL,2026,59428729
