symbol,year,field,our_normalized,external,ratio,level,source
SHJS,2022,Sales,6615125,6615125.0,1.000,EXACT,dps
BGL,2023,Sales,186006,186006.0,1.000,EXACT,dps
SRVI,2024,Sales,16636187,16636187.0,1.000,EXACT,dps
SRVI,2024,PAT,324411,324421.0,1.000,EXACT,dps
SRVI,2024,TA,22437441,114556952.0,0.196,WARN,sarmaaya
SRVI,2024,TL,13947260,87144760.0,0.160,WARN,sarmaaya
SRVI,2024,Eq,8490181,14764759.0,0.575,loose,sarmaaya
SRVI,2024,CA,6835796,61946327.0,0.110,WARN,sarmaaya
HMM,2020,PAT,28013.895,28014.0,1.000,EXACT,dps
JKSM,2022,PAT,3661520,3661520.0,1.000,EXACT,dps
TELE,2023,Sales,1767860,1767860.0,1.000,EXACT,dps
TELE,2023,PAT,136119,136119.0,1.000,EXACT,dps
KAPCO,2023,Sales,25435312,136599624.0,0.186,MISMATCH,dps
KAPCO,2023,PAT,3958757,3958757.0,1.000,EXACT,dps
HMB,2025,PAT,22584683.0,22584683.0,1.000,EXACT,dps
HMB,2025,TA,1658877631,1691682092.0,0.981,EXACT,sarmaaya
HMB,2025,TL,1531068147,1557508412.0,0.983,EXACT,sarmaaya
HMB,2025,Eq,127809484,128874964.0,0.992,EXACT,sarmaaya
HMB,2025,PAT,22584683.0,22663415.0,0.997,EXACT,sarmaaya
TRIPF,2024,Sales,29413004,29413004.0,1.000,EXACT,dps
TRIPF,2024,PAT,863506.0,863506.0,1.000,EXACT,dps
TRIPF,2024,TA,32263508,32651410.0,0.988,EXACT,sarmaaya
TRIPF,2024,TL,27084951,26891964.0,1.007,EXACT,sarmaaya
TRIPF,2024,Eq,5178557,5178557.0,1.000,EXACT,sarmaaya
TRIPF,2024,CA,12969883,12969883.0,1.000,EXACT,sarmaaya
MACFL,2024,Sales,5619408.233,5619408.0,1.000,EXACT,dps
MACFL,2024,PAT,257720.0,257720.0,1.000,EXACT,dps
MACFL,2024,TA,4805661.301,4913457.0,0.978,EXACT,sarmaaya
MACFL,2024,TL,2568690.03,2676485.0,0.960,EXACT,sarmaaya
MACFL,2024,Eq,2236971.271,2236971.0,1.000,EXACT,sarmaaya
MACFL,2024,CA,2536540.862,2536541.0,1.000,EXACT,sarmaaya
PCAL,2024,Sales,26167037,26167037.0,1.000,EXACT,dps
PCAL,2024,PAT,723651.0,723651.0,1.000,EXACT,dps
PCAL,2024,TA,31670607,31818372.0,0.995,EXACT,sarmaaya
PCAL,2024,TL,21990506,21650229.0,1.016,EXACT,sarmaaya
PCAL,2024,Eq,9680101,9680101.0,1.000,EXACT,sarmaaya
PCAL,2024,CA,14904079,14904079.0,1.000,EXACT,sarmaaya
MEHT,2022,Sales,40969325.542,40969326.0,1.000,EXACT,dps
MEHT,2022,PAT,3178195.303,3178195.0,1.000,EXACT,dps
ELSM,2023,PAT,419735.09,419735.0,1.000,EXACT,dps
HICL,2024,PAT,236852.0,236852.0,1.000,EXACT,dps
SAPT,2023,PAT,3291173.0,3291173.0,1.000,EXACT,dps
FIMM,2025,Sales,1247436.532,1247436.0,1.000,EXACT,dps
EPCL,2025,PAT,610340.0,610340.0,1.000,EXACT,dps
EPCL,2025,CA,344446462.0,55199224.0,6.240,WARN,sarmaaya
EPCL,2025,COGS,-73191386.0,73439406.0,0.997,EXACT,sarmaaya
EPCL,2025,PAT,610340.0,-3898186.0,-0.157,MISMATCH,sarmaaya
CLOV,2023,Sales,59412,59412.0,1.000,EXACT,dps
BWHL,2024,PAT,240665,240665.0,1.000,EXACT,dps
BWHL,2024,TA,2519021,2546406.0,0.989,EXACT,sarmaaya
BWHL,2024,TL,402171,429556.0,0.936,EXACT,sarmaaya
BWHL,2024,Eq,2116850,2116850.0,1.000,EXACT,sarmaaya
BWHL,2024,CA,1599677,1599677.0,1.000,EXACT,sarmaaya
TICL,2022,Sales,19800471.245,19800471.0,1.000,EXACT,dps
TICL,2022,PAT,1781870.927,1781871.0,1.000,EXACT,dps
AKBL,2022,PAT,14061595,14061595.0,1.000,EXACT,dps
KAPCO,2024,PAT,4313618,4313618.0,1.000,EXACT,dps
KAPCO,2024,TA,81551254,81551254.0,1.000,EXACT,sarmaaya
KAPCO,2024,CA,79333890,79333890.0,1.000,EXACT,sarmaaya
FPRM,2024,PAT,28542.477,28542.0,1.000,EXACT,dps
INDU,2025,Sales,215136582,215136582.0,1.000,EXACT,dps
INDU,2025,PAT,23009659,23009659.0,1.000,EXACT,dps
INDU,2025,TA,184774378.0,185882634.0,0.994,EXACT,sarmaaya
INDU,2025,TL,107821740.0,108929996.0,0.990,EXACT,sarmaaya
INDU,2025,CA,161238126.0,161238126.0,1.000,EXACT,sarmaaya
INDU,2025,Sales,215136582,215136582.0,1.000,EXACT,sarmaaya
INDU,2025,COGS,-183941195,185648964.0,0.991,EXACT,sarmaaya
INDU,2025,PAT,23009659,23009659.0,1.000,EXACT,sarmaaya
LOTCHEM,2025,Sales,80906921,80906921.0,1.000,EXACT,dps
LOTCHEM,2025,PAT,1118932,1118932.0,1.000,EXACT,dps
LOTCHEM,2025,TA,47802570,48165448.0,0.992,EXACT,sarmaaya
LOTCHEM,2025,CA,38734120,38734120.0,1.000,EXACT,sarmaaya
LOTCHEM,2025,Sales,80906921,80906921.0,1.000,EXACT,sarmaaya
LOTCHEM,2025,COGS,-77831190,77943653.0,0.999,EXACT,sarmaaya
LOTCHEM,2025,PAT,1118932,1118932.0,1.000,EXACT,sarmaaya
PPVC,2025,Sales,6735.135,6735.0,1.000,EXACT,dps
PPVC,2025,PAT,88714.0,88714.0,1.000,EXACT,dps
ADAMS,2025,Sales,10841042.745,10841043.0,1.000,EXACT,dps
ADAMS,2025,PAT,46133.837,46134.0,1.000,EXACT,dps
ADAMS,2025,TA,8531686.519,8657418.0,0.985,EXACT,sarmaaya
ADAMS,2025,TL,3434169.724,3559757.0,0.965,EXACT,sarmaaya
ADAMS,2025,Eq,5097516.795,5097517.0,1.000,EXACT,sarmaaya
ADAMS,2025,CA,1869816.562,1869817.0,1.000,EXACT,sarmaaya
ADAMS,2025,Sales,10841042.745,10841043.0,1.000,EXACT,sarmaaya
ADAMS,2025,COGS,-10127300.649,10149837.0,0.998,EXACT,sarmaaya
ADAMS,2025,PAT,46133.837,46134.0,1.000,EXACT,sarmaaya
IGIHL,2025,TA,18856461.0,148504704.0,0.127,WARN,sarmaaya
IGIHL,2025,TL,2136187.0,40583581.0,0.053,MISMATCH,sarmaaya
HUBC,2024,TA,157390026.0,452804419.0,0.348,WARN,sarmaaya
HUBC,2024,TL,83577245.0,242831941.0,0.344,WARN,sarmaaya
HUBC,2024,CA,88481020.0,171319381.0,0.516,loose,sarmaaya
SEPL,2023,Sales,5794593,5794593.0,1.000,EXACT,dps
SEPL,2023,PAT,967380,967380.0,1.000,EXACT,dps
NCPL,2024,Sales,15215087,15215087.0,1.000,EXACT,dps
NCPL,2024,PAT,3956563.0,3956563.0,1.000,EXACT,dps
NCPL,2024,TA,31986689,31986689.0,1.000,EXACT,sarmaaya
NCPL,2024,TL,2812320.0,2812320.0,1.000,EXACT,sarmaaya
NCPL,2024,Eq,29174369.0,29174369.0,1.000,EXACT,sarmaaya
NCPL,2024,CA,22866471,22866471.0,1.000,EXACT,sarmaaya
LOTCHEM,2022,Sales,100265555,100265555.0,1.000,EXACT,dps
LOTCHEM,2022,PAT,10118471,10118471.0,1.000,EXACT,dps
EFUL,2024,TA,259439229,259439229.0,1.000,EXACT,sarmaaya
EFUL,2024,TL,250246805,250246805.0,1.000,EXACT,sarmaaya
EFUL,2024,Eq,9192424,9192424.0,1.000,EXACT,sarmaaya
PSEL,2023,Sales,13262037,13262037.0,1.000,EXACT,dps
PSEL,2023,PAT,609159.0,609159.0,1.000,EXACT,dps
PSEL,2023,Eq,44939246,42589482.0,1.055,EXACT,sarmaaya
PSEL,2023,CA,15606574.0,15606574.0,1.000,EXACT,sarmaaya
CEPB,2023,Sales,47661248,47661248.0,1.000,EXACT,dps
CEPB,2023,PAT,2211921.0,2211921.0,1.000,EXACT,dps
IDYM,2025,Sales,66236197,66236197.0,1.000,EXACT,dps
IDYM,2025,PAT,475330,475330.0,1.000,EXACT,dps
IDYM,2025,TA,49159864,93829370.0,0.524,loose,sarmaaya
IDYM,2025,TL,24845329,60985230.0,0.407,loose,sarmaaya
IDYM,2025,Eq,24314535,32509722.0,0.748,loose,sarmaaya
IDYM,2025,CA,29454212,50615129.0,0.582,loose,sarmaaya
IDYM,2025,Sales,66236197,106653155.0,0.621,loose,sarmaaya
IDYM,2025,COGS,-62625354,99128203.0,0.632,loose,sarmaaya
IDYM,2025,PAT,475330,575347.0,0.826,tight,sarmaaya
GOC,2025,Sales,472315.817,472315.0,1.000,EXACT,dps
GOC,2025,PAT,25831.843,25832.0,1.000,EXACT,dps
GOC,2025,TA,769861.285,769861.0,1.000,EXACT,sarmaaya
GOC,2025,TL,92591.617,92592.0,1.000,EXACT,sarmaaya
GOC,2025,Eq,677269.668,677270.0,1.000,EXACT,sarmaaya
GOC,2025,CA,587428.326,587428.0,1.000,EXACT,sarmaaya
GOC,2025,Sales,472315.817,472316.0,1.000,EXACT,sarmaaya
GOC,2025,COGS,-309259.661,318796.0,0.970,EXACT,sarmaaya
GOC,2025,PAT,25831.843,25832.0,1.000,EXACT,sarmaaya
IMAGE,2024,PAT,285945.0,285945.0,1.000,EXACT,dps
ICI,2019,PAT,2304912,2304912.0,1.000,EXACT,dps
BGL,2024,Sales,161345,161345.0,1.000,EXACT,dps
BGL,2024,TA,4426333,4426333.0,1.000,EXACT,sarmaaya
BGL,2024,CA,868675,868675.0,1.000,EXACT,sarmaaya
FTMM,2025,Sales,3793472,3793472.0,1.000,EXACT,dps
FTMM,2025,PAT,117463,117463.0,1.000,EXACT,dps
IBFL,2025,CA,124904000.0,55395264.0,2.255,loose,sarmaaya
TREET,2025,Sales,12591060,12591060.0,1.000,EXACT,dps
TREET,2025,PAT,1045520,1045520.0,1.000,EXACT,dps
TREET,2025,Sales,12591060,26687607.0,0.472,loose,sarmaaya
TREET,2025,COGS,-7993997,19710058.0,0.406,loose,sarmaaya
TREET,2025,PAT,1045520,502971.0,2.079,loose,sarmaaya
WAVES,2022,PAT,208901.0,208901.0,1.000,EXACT,dps
TPLP,2024,TA,14048883.914,14808286.0,0.949,EXACT,sarmaaya
TPLP,2024,TL,4065512.822,5354496.0,0.759,tight,sarmaaya
TPLP,2024,Eq,9983371.092,9453790.0,1.056,EXACT,sarmaaya
TPLP,2024,CA,2419291.892,2229389.0,1.085,EXACT,sarmaaya
OGDC,2024,Sales,463697861,463697861.0,1.000,EXACT,dps
OGDC,2024,PAT,208977771,208975771.0,1.000,EXACT,dps
OGDC,2024,TA,1604254140,1604254140.0,1.000,EXACT,sarmaaya
OGDC,2024,TL,353757922.0,353757922.0,1.000,EXACT,sarmaaya
OGDC,2024,CA,1060489235,1060489235.0000001,1.000,EXACT,sarmaaya
WAVES,2023,PAT,148186,148186.0,1.000,EXACT,dps
BCL,2025,TA,796777.622,818564.0,0.973,EXACT,sarmaaya
BCL,2025,TL,475415.559,497202.0,0.956,EXACT,sarmaaya
BCL,2025,Eq,321362.063,321362.0,1.000,EXACT,sarmaaya
BCL,2025,CA,585096.607,585097.0,1.000,EXACT,sarmaaya
BCL,2025,COGS,-1555889.947,1555343.0,1.000,EXACT,sarmaaya
JGICL,2025,TA,65378379,47721232.0,1.370,loose,sarmaaya
TPL,2024,TA,6671273.685,30278257.0,0.220,WARN,sarmaaya
TPL,2024,TL,5866062.097,21724149.0,0.270,WARN,sarmaaya
TPL,2024,Eq,805211.588,2361001.0,0.341,WARN,sarmaaya
TPL,2024,CA,319512.397,13082617.0,0.024,MISMATCH,sarmaaya
TREET,2023,Sales,10173875,10173875.0,1.000,EXACT,dps
TREET,2023,PAT,861830.0,861830.0,1.000,EXACT,dps
APL,2023,Sales,487718441.0,473938329.0,1.029,EXACT,dps
APL,2023,PAT,12460790.0,12460790.0,1.000,EXACT,dps
HIRAT,2023,TA,3101699.269,3270514.0,0.948,EXACT,sarmaaya
HIRAT,2023,TL,3397856.006,4048171.0,0.839,tight,sarmaaya
HIRAT,2023,Eq,-296156.737,-777657.0,0.381,WARN,sarmaaya
HIRAT,2023,CA,94586.181,94586.0,1.000,EXACT,sarmaaya
SURC,2022,Sales,23500659,23500659.0,1.000,EXACT,dps
TPLI,2023,PAT,1127019.388,1127019.0,1.000,EXACT,dps
SPEL,2023,Sales,6430965.444,6430965.0,1.000,EXACT,dps
SPEL,2023,PAT,491097.54,491098.0,1.000,EXACT,dps
ILP,2024,Sales,156128865,156128865.0,1.000,EXACT,dps
ILP,2024,PAT,15771267,15771267.0,1.000,EXACT,dps
ILP,2024,TA,151674177,154639472.0,0.981,EXACT,sarmaaya
ILP,2024,TL,98141702,99060617.0,0.991,EXACT,sarmaaya
ILP,2024,Eq,53532475,54161464.0,0.988,EXACT,sarmaaya
ILP,2024,CA,81070712.0,83775294.0,0.968,EXACT,sarmaaya
KHYT,2024,Sales,18354.5,18355.0,1.000,EXACT,dps
DKL,2020,Sales,2571.125,1225.0,2.099,loose,dps
AABS,2022,Sales,10362184,10362184.0,1.000,EXACT,dps
AABS,2022,PAT,1913689,1913689.0,1.000,EXACT,dps
UDPL,2024,PAT,362474,362474.0,1.000,EXACT,dps
WAHN,2022,PAT,209122.716,209123.0,1.000,EXACT,dps
AMBL,2025,TA,20730270.642,20730271.0,1.000,EXACT,sarmaaya
AMBL,2025,TL,31239503.241,31239503.0,1.000,EXACT,sarmaaya
AMBL,2025,Eq,-10509232.599,-10509233.0,1.000,EXACT,sarmaaya
AMBL,2025,Sales,3152248.88,3493009.0,0.902,EXACT,sarmaaya
AMBL,2025,PAT,-1648078.423,-1648078.0,1.000,EXACT,sarmaaya
FABL,2022,PAT,9587413,11233168.0,0.853,tight,dps
PAKD,2022,PAT,231298.622,231299.0,1.000,EXACT,dps
KOHTM,2023,Sales,5952262,5952262.0,1.000,EXACT,dps
KOHTM,2023,PAT,85154,85154.0,1.000,EXACT,dps
NRSL,2025,Sales,9258813.518,9258814.0,1.000,EXACT,dps
NRSL,2025,PAT,249472.038,249472.0,1.000,EXACT,dps
NRSL,2025,TA,6775666.25,6875998.0,0.985,EXACT,sarmaaya
NRSL,2025,TL,3367917.751,3475136.0,0.969,EXACT,sarmaaya
NRSL,2025,Eq,3407748.499,3400862.0,1.002,EXACT,sarmaaya
NRSL,2025,CA,5507021.75,5507022.0,1.000,EXACT,sarmaaya
NRSL,2025,Sales,9258813.518,9258814.0,1.000,EXACT,sarmaaya
NRSL,2025,COGS,-8323574.726,8362858.0,0.995,EXACT,sarmaaya
NRSL,2025,PAT,249472.038,249472.0,1.000,EXACT,sarmaaya
AGIL,2024,Sales,5927227,5927227.0,1.000,EXACT,dps
AGIL,2024,PAT,304009.0,304009.0,1.000,EXACT,dps
AGIL,2024,TA,6380988,8904780.0,0.717,loose,sarmaaya
AGIL,2024,TL,2179782,3090537.0,0.705,loose,sarmaaya
AGIL,2024,Eq,4201206,5814243.0,0.723,loose,sarmaaya
AGIL,2024,CA,3251418,4426935.0,0.734,loose,sarmaaya
SSOM,2023,Sales,6230793.595,6230794.0,1.000,EXACT,dps
SSOM,2023,PAT,219928.0,219928.0,1.000,EXACT,dps
MFL,2022,Sales,12375920.766,12375921.0,1.000,EXACT,dps
ASTL,2023,Sales,45492724,45492724.0,1.000,EXACT,dps
KHYT,2025,Sales,20684,20684.0,1.000,EXACT,dps
NPL,2024,Sales,22505489,22505489.0,1.000,EXACT,dps
NPL,2024,PAT,4091029.0,4091029.0,1.000,EXACT,dps
NPL,2024,TA,37896805,37896805.0,1.000,EXACT,sarmaaya
NPL,2024,TL,5279881.0,5279881.0,1.000,EXACT,sarmaaya
NPL,2024,Eq,32616924.0,32616924.0,1.000,EXACT,sarmaaya
NPL,2024,CA,29608679,29608679.0,1.000,EXACT,sarmaaya
JSCL,2022,PAT,345243,345243.0,1.000,EXACT,dps
ALAC,2024,PAT,15123,15123.0,1.000,EXACT,dps
GATI,2024,Sales,34013581,34013581.0,1.000,EXACT,dps
GATI,2024,PAT,1827244.0,1827244.0,1.000,EXACT,dps
GATI,2024,TA,34588886.0,38782961.0,0.892,tight,sarmaaya
GATI,2024,CA,14828818.0,16059343.0,0.923,EXACT,sarmaaya
ALNRS,2023,Sales,13122460.0,13122460.0,1.000,EXACT,dps
ALNRS,2023,PAT,173319.0,173319.0,1.000,EXACT,dps
CSIL,2024,PAT,87158.719,87159.0,1.000,EXACT,dps
SINDM,2023,PAT,130410.86,130411.0,1.000,EXACT,dps
TRIPF,2023,Sales,24842373,24842373.0,1.000,EXACT,dps
UBL,2023,PAT,53180413,53180413.0,1.000,EXACT,dps
KML,2022,Sales,21452848.316,21452848.0,1.000,EXACT,dps
KOIL,2022,PAT,32964.865,32965.0,1.000,EXACT,dps
FFC,2023,Sales,159471951,159471951.0,1.000,EXACT,dps
FFC,2023,PAT,29673348,29673348.0,1.000,EXACT,dps
SPLC,2024,PAT,107177.536,107178.0,1.000,EXACT,dps
NESTLE,2022,Sales,162516255,162516255.0,1.000,EXACT,dps
NESTLE,2022,PAT,15049716,15049716.0,1.000,EXACT,dps
PSX,2023,PAT,219789,219789.0,1.000,EXACT,dps
AICL,2023,PAT,2716915,2262030.0,1.201,tight,dps
WAHN,2024,PAT,549413.947,549414.0,1.000,EXACT,dps
WAHN,2024,TA,2982681.246,3037956.0,0.982,EXACT,sarmaaya
WAHN,2024,TL,724289.437,779564.0,0.929,EXACT,sarmaaya
WAHN,2024,Eq,2258391.809,2258392.0,1.000,EXACT,sarmaaya
WAHN,2024,CA,2581285.275,2581285.0,1.000,EXACT,sarmaaya
BAFS,2023,Sales,4543139.222,4543139.0,1.000,EXACT,dps
SURC,2023,Sales,18860335,18860335.0,1.000,EXACT,dps
SURC,2023,PAT,2790531.0,2790531.0,1.000,EXACT,dps
PAKOXY,2025,Sales,13047286,13047286.0,1.000,EXACT,dps
PAKOXY,2025,TA,20595874,20728804.0,0.994,EXACT,sarmaaya
PAKOXY,2025,TL,8868788,8752950.0,1.013,EXACT,sarmaaya
PAKOXY,2025,Eq,11727086,11727086.0,1.000,EXACT,sarmaaya
PAKOXY,2025,CA,6265149,6265149.0,1.000,EXACT,sarmaaya
PAKOXY,2025,Sales,13047286,13047286.0,1.000,EXACT,sarmaaya
PAKOXY,2025,COGS,7807314,8057859.0,0.969,EXACT,sarmaaya
PAKOXY,2025,PAT,1669023,1669023.0,1.000,EXACT,sarmaaya
MEBL,2024,PAT,101507524,101507524.0,1.000,EXACT,dps
MEBL,2024,TA,3900411330,3910526539.0,0.997,EXACT,sarmaaya
MEBL,2024,TL,3653427038,3656896580.0,0.999,EXACT,sarmaaya
SEL,2024,Sales,916055,916056.0,1.000,EXACT,dps
SEL,2024,PAT,41991,41991.0,1.000,EXACT,dps
IML,2025,PAT,26663,26662.0,1.000,EXACT,dps
IML,2025,TA,12772502,12885406.0,0.991,EXACT,sarmaaya
IML,2025,TL,2389173,2502077.0,0.955,EXACT,sarmaaya
IML,2025,Eq,10383330,10383329.0,1.000,EXACT,sarmaaya
IML,2025,CA,3016727,3016727.0,1.000,EXACT,sarmaaya
IML,2025,Sales,319892,319892.0,1.000,EXACT,sarmaaya
IML,2025,PAT,26663,151368.0,0.176,WARN,sarmaaya
NICL,2025,PAT,2022683.881,2022684.0,1.000,EXACT,dps
NICL,2025,TA,33311141.513,34085996.0,0.977,EXACT,sarmaaya
NICL,2025,TL,23491145.027,23854034.0,0.985,EXACT,sarmaaya
NICL,2025,Eq,9819996.486,9819996.0,1.000,EXACT,sarmaaya
NICL,2025,CA,19435945.961,19368467.0,1.003,EXACT,sarmaaya
NICL,2025,COGS,-38565317.428,38703423.0,0.996,EXACT,sarmaaya
NICL,2025,PAT,2022683.881,2022684.0,1.000,EXACT,sarmaaya
SITC,2023,PAT,993351.451,993351.0,1.000,EXACT,dps
BPL,2025,Sales,1658578,1658578.0,1.000,EXACT,dps
PICT,2025,Sales,10000,10000.0,1.000,EXACT,dps
PICT,2025,PAT,649096.0,649096.0,1.000,EXACT,dps
PICT,2025,TA,3876093,3876093.0,1.000,EXACT,sarmaaya
PICT,2025,TL,2569469,2569469.0,1.000,EXACT,sarmaaya
PICT,2025,Eq,1306624,1306624.0,1.000,EXACT,sarmaaya
PICT,2025,CA,3876093,3876093.0,1.000,EXACT,sarmaaya
PICT,2025,Sales,10000,10000.0,1.000,EXACT,sarmaaya
PICT,2025,PAT,649096.0,-134023.0,-4.843,MISMATCH,sarmaaya
SHCM,2022,Sales,377849.67,377850.0,1.000,EXACT,dps
FCEPL,2025,PAT,2690648.0,2690648.0,1.000,EXACT,dps
FCEPL,2025,TA,37510638,38981644.0,0.962,EXACT,sarmaaya
FCEPL,2025,TL,20544187,22015193.0,0.933,EXACT,sarmaaya
FCEPL,2025,Eq,16966451,16966451.0,1.000,EXACT,sarmaaya
FCEPL,2025,CA,18463141,18463141.0,1.000,EXACT,sarmaaya
FCEPL,2025,COGS,-87058085.0,88135220.0,0.988,EXACT,sarmaaya
FCEPL,2025,PAT,2690648.0,2690648.0,1.000,EXACT,sarmaaya
PABC,2022,Sales,14152967.779,14152968.0,1.000,EXACT,dps
PABC,2022,PAT,2702612.317,2702612.0,1.000,EXACT,dps
PRET,2024,Sales,27075690.885,27075691.0,1.000,EXACT,dps
PRET,2024,TA,30539757.151,30539757.0,1.000,EXACT,sarmaaya
PRET,2024,TL,22048026.026,21176057.0,1.041,EXACT,sarmaaya
PRET,2024,Eq,8491731.125,8491731.0,1.000,EXACT,sarmaaya
PRET,2024,CA,15504350.328,15504350.0,1.000,EXACT,sarmaaya
BAFS,2024,TA,6218961.728,6218962.0,1.000,EXACT,sarmaaya
BAFS,2024,TL,3629481.464,6632181.0,0.547,loose,sarmaaya
BAFS,2024,Eq,2589480.264,-413220.0,-6.267,MISMATCH,sarmaaya
BAFS,2024,CA,2764591.904,2764592.0,1.000,EXACT,sarmaaya
SAZEW,2025,Sales,108694499.692,108694500.0,1.000,EXACT,dps
SAZEW,2025,TA,41736856.678,41899808.0,0.996,EXACT,sarmaaya
SAZEW,2025,TL,18029159.218,18192111.0,0.991,EXACT,sarmaaya
SAZEW,2025,Eq,23707697.46,23707697.0,1.000,EXACT,sarmaaya
SAZEW,2025,CA,33713714.124,33713714.0,1.000,EXACT,sarmaaya
SAZEW,2025,Sales,108694499.692,108694500.0,1.000,EXACT,sarmaaya
SAZEW,2025,COGS,-77052448.989,78546968.0,0.981,EXACT,sarmaaya
SSML,2022,Sales,4860040.224,4860004.0,1.000,EXACT,dps
MARI,2022,Sales,95134477,95134477.0,1.000,EXACT,dps
MARI,2022,PAT,33063011,33063011.0,1.000,EXACT,dps
TATM,2024,Sales,45823700.0,45823700.0,1.000,EXACT,dps
SRVI,2023,Sales,55744034,55744034.0,1.000,EXACT,dps
SRVI,2023,PAT,1342136,1342136.0,1.000,EXACT,dps
RPL,2024,TA,11863943.861,13146448.0,0.902,EXACT,sarmaaya
RPL,2024,TL,4191739.36,4363612.0,0.961,EXACT,sarmaaya
RPL,2024,Eq,7672204.501,8782836.0,0.874,tight,sarmaaya
RPL,2024,CA,5799993.828,4902210.0,1.183,tight,sarmaaya
SHCM,2025,Sales,509963.504,509963.0,1.000,EXACT,dps
SHCM,2025,PAT,93712.0,93712.0,1.000,EXACT,dps
ELSM,2025,TA,11216228.619,11502143.0,0.975,EXACT,sarmaaya
ELSM,2025,TL,6948096.456,7064569.0,0.984,EXACT,sarmaaya
ELSM,2025,Eq,4268132.163,4268132.0,1.000,EXACT,sarmaaya
ELSM,2025,CA,6414261.457,6414261.0,1.000,EXACT,sarmaaya
ELSM,2025,COGS,-14915173.293,14951535.0,0.998,EXACT,sarmaaya
RUPL,2024,Sales,10485055,10485055.0,1.000,EXACT,dps
RUPL,2024,TA,13296540.0,13296540.0,1.000,EXACT,sarmaaya
RUPL,2024,CA,4930333.0,4930333.0,1.000,EXACT,sarmaaya
MUREB,2025,Sales,28562599,28562599.0,1.000,EXACT,dps
MUREB,2025,PAT,3262052,3262051.0,1.000,EXACT,dps
MUREB,2025,TA,23293627,23293627.0,1.000,EXACT,sarmaaya
MUREB,2025,TL,6055946,6055946.0,1.000,EXACT,sarmaaya
MUREB,2025,Eq,17237681,17237681.0,1.000,EXACT,sarmaaya
MUREB,2025,CA,14240730,14240730.0,1.000,EXACT,sarmaaya
MUREB,2025,Sales,28562599,28562599.0,1.000,EXACT,sarmaaya
MUREB,2025,COGS,-21182224,21474101.0,0.986,EXACT,sarmaaya
MUREB,2025,PAT,3262052,3262052.0,1.000,EXACT,sarmaaya
JSCL,2024,PAT,397941,397141.0,1.002,EXACT,dps
AIRLINK,2024,Sales,56282418.797,56282419.0,1.000,EXACT,dps
AIRLINK,2024,TA,24136593.491,40573903.0,0.595,loose,sarmaaya
AIRLINK,2024,Eq,13555794.519,15069352.0,0.900,tight,sarmaaya
AIRLINK,2024,CA,15470664.259,30545329.0,0.506,loose,sarmaaya
PRET,2023,Sales,22828702.999,22828703.0,1.000,EXACT,dps
PRET,2023,PAT,4310377.0,4310377.0,1.000,EXACT,dps
TOWL,2022,Sales,10238086.187,10238086.0,1.000,EXACT,dps
CPAL,2019,PAT,20147.374,20147.0,1.000,EXACT,dps
UBL,2024,PAT,75155853,80527534.0,0.933,EXACT,dps
GVGL,2022,PAT,755872.364,755872.0,1.000,EXACT,dps
FFC,2022,Sales,109363817,109363817.0,1.000,EXACT,dps
FFC,2022,PAT,20049510,20049510.0,1.000,EXACT,dps
SYS,2022,PAT,6299836.945,6299837.0,1.000,EXACT,dps
HMB,2023,PAT,4720817,24383818.0,0.194,MISMATCH,dps
NPL,2023,Sales,2306964,23068964.0,0.100,MISMATCH,dps
NPL,2023,PAT,4091029,3322606.0,1.231,tight,dps
PIBTL,2025,PAT,1764987.0,1764987.0,1.000,EXACT,dps
PIBTL,2025,PAT,1764987.0,-257930.0,-6.843,MISMATCH,sarmaaya
TSBL,2025,PAT,19168.186,19168.0,1.000,EXACT,dps
ORM,2024,PAT,218370.877,218371.0,1.000,EXACT,dps
HSM,2018,Sales,2755736.878,2755737.0,1.000,EXACT,dps
PSO,2023,Sales,3391111978,3391111978.0,1.000,EXACT,dps
PSO,2023,PAT,5662145,5662145.0,1.000,EXACT,dps
TPLT,2025,TA,6014121.877,5762147.0,1.044,EXACT,sarmaaya
TPLT,2025,TL,3601772.055,4017301.0,0.897,tight,sarmaaya
TPLT,2025,Eq,2412349.822,1744846.0,1.383,loose,sarmaaya
TPLT,2025,CA,165.384,1610181.0,0.000,MISMATCH,sarmaaya
NICL,2024,TA,31286504.216,32146500.0,0.973,EXACT,sarmaaya
NICL,2024,TL,22929504.541,23228383.0,0.987,EXACT,sarmaaya
NICL,2024,Eq,8356999.675,8357000.0,1.000,EXACT,sarmaaya
NICL,2024,CA,17583060.947,17583061.0,1.000,EXACT,sarmaaya
WAVES,2024,Sales,331198.0,331198.0,1.000,EXACT,dps
WAVES,2024,PAT,61831.0,61831.0,1.000,EXACT,dps
SCL,2022,Sales,2662054.711,2662055.0,1.000,EXACT,dps
INKL,2023,Sales,611489.441,611489.0,1.000,EXACT,dps
INKL,2023,PAT,22073.905,22074.0,1.000,EXACT,dps
DSML,2023,PAT,228960.0,228960.0,1.000,EXACT,dps
MEHT,2024,Sales,66583767.005,66583767.0,1.000,EXACT,dps
MEHT,2024,CA,30478928.31,27072826.0,1.126,tight,sarmaaya
FATIMA,2024,Sales,238422133,238422133.0,1.000,EXACT,dps
FATIMA,2024,PAT,34983238,34983238.0,1.000,EXACT,dps
FATIMA,2024,TA,302831858,316959684.0,0.955,EXACT,sarmaaya
FATIMA,2024,CA,147314376,156261121.0,0.943,EXACT,sarmaaya
BIPL,2023,PAT,11045099,11045099.0,1.000,EXACT,dps
NBP,2022,PAT,2297141,30410300.0,0.076,MISMATCH,dps
JSCL,2023,PAT,290814,290814.0,1.000,EXACT,dps
GATM,2024,PAT,4727802,4727802.0,1.000,EXACT,dps
GATM,2024,CA,82664413.0,89875193.0,0.920,EXACT,sarmaaya
PAEL,2022,Sales,52386178.0,52386178.0,1.000,EXACT,dps
PAEL,2022,PAT,1067467,1067467.0,1.000,EXACT,dps
KCL,2023,Sales,977133.409,977133.0,1.000,EXACT,dps
ECOP,2022,Sales,5025212,5025212.0,1.000,EXACT,dps
ECOP,2022,PAT,100179,100179.0,1.000,EXACT,dps
TICL,2023,Sales,30807762.585,30807763.0,1.000,EXACT,dps
TICL,2023,PAT,1966067.129,1966067.0,1.000,EXACT,dps
CSIL,2022,PAT,26932.992,26933.0,1.000,EXACT,dps
RCML,2024,TA,13197522.0,15477371.0,0.853,tight,sarmaaya
RCML,2024,Eq,8170028.0,10256862.0,0.797,tight,sarmaaya
RCML,2024,CA,8251721.0,8476164.0,0.974,EXACT,sarmaaya
PREMA,2025,PAT,528149,528149.0,1.000,EXACT,dps
PREMA,2025,TA,8825157,9024662.0,0.978,EXACT,sarmaaya
PREMA,2025,TL,2719518,3349344.0,0.812,tight,sarmaaya
PREMA,2025,Eq,6105639,5658011.0,1.079,EXACT,sarmaaya
PREMA,2025,CA,2585623,2585623.0,1.000,EXACT,sarmaaya
PREMA,2025,PAT,528149,528149.0,1.000,EXACT,sarmaaya
MUREB,2024,Sales,23798244,23798244.0,1.000,EXACT,dps
MUREB,2024,PAT,2621355,2621355.0,1.000,EXACT,dps
MUREB,2024,TA,19829764,19829764.0,1.000,EXACT,sarmaaya
MUREB,2024,TL,4698507,4698507.0,1.000,EXACT,sarmaaya
MUREB,2024,Eq,15131257,15131257.0,1.000,EXACT,sarmaaya
MUREB,2024,CA,11220113,11220113.0,1.000,EXACT,sarmaaya
DAWH,2021,PAT,3980848,3980848.0,1.000,EXACT,dps
IMSL,2019,PAT,154893,154893.0,1.000,EXACT,dps
FASM,2024,Sales,45029600.571,45029601.0,1.000,EXACT,dps
CHAS,2025,Sales,24899377,24899377.0,1.000,EXACT,dps
CHAS,2025,PAT,1699139.0,1699139.0,1.000,EXACT,dps
CHAS,2025,TA,33918974,36446168.0,0.931,EXACT,sarmaaya
CHAS,2025,TL,23707039,26546963.0,0.893,tight,sarmaaya
CHAS,2025,Eq,10211935,9871408.0,1.034,EXACT,sarmaaya
CHAS,2025,CA,12918221,12926539.0,0.999,EXACT,sarmaaya
CHAS,2025,Sales,24899377,28535436.0,0.873,tight,sarmaaya
CHAS,2025,COGS,-23239598,27222703.0,0.854,tight,sarmaaya
CHAS,2025,PAT,1699139.0,-3566327.0,-0.476,MISMATCH,sarmaaya
AEL,2023,Sales,32149.504,32150.0,1.000,EXACT,dps
AEL,2023,PAT,2438.087,2438.0,1.000,EXACT,dps
GOC,2024,Sales,578667.0,578667.0,1.000,EXACT,dps
GOC,2024,PAT,98849.898,98850.0,1.000,EXACT,dps
GOC,2024,TA,754942.343,754942.0,1.000,EXACT,sarmaaya
GOC,2024,TL,88937.895,88938.0,1.000,EXACT,sarmaaya
GOC,2024,Eq,666004.448,666004.0,1.000,EXACT,sarmaaya
GOC,2024,CA,557948.181,557948.0,1.000,EXACT,sarmaaya
TATM,2023,Sales,34910638.0,34910638.0,1.000,EXACT,dps
DWSM,2025,Sales,1296929.074,1296929.0,1.000,EXACT,dps
DWSM,2025,TA,7941607.44,7941607.0,1.000,EXACT,sarmaaya
DWSM,2025,CA,924221.78,924222.0,1.000,EXACT,sarmaaya
DWSM,2025,Sales,1296929.074,1296929.0,1.000,EXACT,sarmaaya
DWSM,2025,COGS,-2291805.552,2303358.0,0.995,EXACT,sarmaaya
TPLP,2025,PAT,4270865.0,4270865.0,1.000,EXACT,dps
TPLP,2025,TA,12097036.778,12557221.0,0.963,EXACT,sarmaaya
TPLP,2025,TL,3401001.992,4926356.0,0.690,loose,sarmaaya
TPLP,2025,Eq,8696034.786,7633026.0,1.139,tight,sarmaaya
TPLP,2025,CA,1371139.644,1020038.0,1.344,tight,sarmaaya
TPLP,2025,PAT,4270865.0,-1920742.0,-2.224,MISMATCH,sarmaaya
SSOM,2022,Sales,10562344.9,10562345.0,1.000,EXACT,dps
JSBL,2025,TA,655636000.0,1415623704.0,0.463,loose,sarmaaya
NCL,2024,Sales,88879551.818,88879552.0,1.000,EXACT,dps
NCL,2024,TA,68803346.175,68697569.0,1.002,EXACT,sarmaaya
NCL,2024,TL,47403551.287,46887160.0,1.011,EXACT,sarmaaya
NCL,2024,Eq,21399794.888,21281909.0,1.006,EXACT,sarmaaya
NCL,2024,CA,44253560.27,44306850.0,0.999,EXACT,sarmaaya
BATA,2023,Sales,19262623,19262623.0,1.000,EXACT,dps
BATA,2023,PAT,916288,874288.0,1.048,EXACT,dps
MCB,2023,PAT,59631097,59631097.0,1.000,EXACT,dps
TOMCL,2022,Sales,4657774.417,4657774.0,1.000,EXACT,dps
TOMCL,2022,PAT,411412.853,411413.0,1.000,EXACT,dps
PIM,2025,PAT,25708.733,25709.0,1.000,EXACT,dps
ASTM,2025,Sales,2181698.425,2181698.0,1.000,EXACT,dps
ASTM,2025,PAT,19875.15,19875.0,1.000,EXACT,dps
NCL,2023,Sales,67629278.772,67629279.0,1.000,EXACT,dps
NESTLE,2023,Sales,200605005,200605005.0,1.000,EXACT,dps
NESTLE,2023,PAT,16492799,16492799.0,1.000,EXACT,dps
HASCOL,2023,Sales,162747628.0,162709607.0,1.000,EXACT,dps
ILP,2022,Sales,90894049,90894049.0,1.000,EXACT,dps
ILP,2022,PAT,12359496,12359496.0,1.000,EXACT,dps
BCML,2021,Sales,388102,388102.0,1.000,EXACT,dps
CCM,2022,Sales,7115273,7115273.0,1.000,EXACT,dps
CCM,2022,PAT,249004,249004.0,1.000,EXACT,dps
HUBC,2025,TA,91533187,414722187.0,0.221,WARN,sarmaaya
HUBC,2025,TL,15280631,170800282.0,0.089,MISMATCH,sarmaaya
HUBC,2025,Eq,76252556,219708081.0,0.347,WARN,sarmaaya
HUBC,2025,CA,81920760.0,92310390.0,0.887,tight,sarmaaya
SFL,2025,TA,83669457.0,126976886.0,0.659,loose,sarmaaya
SFL,2025,Eq,50614119.0,84697403.0,0.598,loose,sarmaaya
SFL,2025,CA,38545043.0,49911671.0,0.772,tight,sarmaaya
PSO,2025,Sales,3149389439,3149389439.0,1.000,EXACT,dps
PSO,2025,PAT,20911446,20911446.0,1.000,EXACT,dps
PSO,2025,TA,1019078036,1102383561.0,0.924,EXACT,sarmaaya
PSO,2025,TL,768786845,839348699.0,0.916,EXACT,sarmaaya
PSO,2025,Eq,250291191,256864203.0,0.974,EXACT,sarmaaya
PSO,2025,CA,937648203,999496146.0,0.938,EXACT,sarmaaya
PSO,2025,Sales,3149389439,3318783840.0,0.949,EXACT,sarmaaya
PSO,2025,COGS,-3052679352,3229539841.0,0.945,EXACT,sarmaaya
PSO,2025,PAT,20911446,16444491.000000002,1.272,tight,sarmaaya
BATA,2024,Sales,18332461,18332461.0,1.000,EXACT,dps
BATA,2024,PAT,850730,916288.0,0.928,EXACT,dps
BATA,2024,TA,14878242.0,15083593.0,0.986,EXACT,sarmaaya
BATA,2024,Eq,5546125.0,5546125.0,1.000,EXACT,sarmaaya
BATA,2024,CA,8749010.0,8728310.0,1.002,EXACT,sarmaaya
SSGC,2022,Sales,375559048,375559048.0,1.000,EXACT,dps
ZTL,2025,PAT,1819.084,1819.0,1.000,EXACT,dps
ZTL,2025,TA,6772988.738,6772989.0,1.000,EXACT,sarmaaya
ZTL,2025,TL,4242771.43,4241381.0,1.000,EXACT,sarmaaya
ZTL,2025,Eq,2530217.308,2530217.0,1.000,EXACT,sarmaaya
ZTL,2025,CA,3809455.125,3809455.0,1.000,EXACT,sarmaaya
ZTL,2025,Sales,8279470.879,8279471.0,1.000,EXACT,sarmaaya
ZTL,2025,COGS,-7464304.274,7490989.0,0.996,EXACT,sarmaaya
ZTL,2025,PAT,1819.084,1819.0,1.000,EXACT,sarmaaya
BWCL,2024,Sales,103922263,103922263.0,1.000,EXACT,dps
BWCL,2024,PAT,13768575,13768575.0,1.000,EXACT,dps
MFFL,2022,Sales,2489291.011,2489291.0,1.000,EXACT,dps
MLCF,2025,PAT,17036374,17036374.0,1.000,EXACT,dps
MLCF,2025,TA,119106271,119190962.0,0.999,EXACT,sarmaaya
MLCF,2025,Eq,71461592.0,70959782.0,1.007,EXACT,sarmaaya
MLCF,2025,CA,35752604,36654982.0,0.975,EXACT,sarmaaya
AGTL,2022,Sales,28201812,28201812.0,1.000,EXACT,dps
AGTL,2022,PAT,2156044,2156044.0,1.000,EXACT,dps
DWSM,2024,Sales,2483411.983,2483412.0,1.000,EXACT,dps
DWSM,2024,TA,9010628.943,9010629.0,1.000,EXACT,sarmaaya
DWSM,2024,TL,9672069.897,9672070.0,1.000,EXACT,sarmaaya
DWSM,2024,Eq,-661440.954,-661441.0,1.000,EXACT,sarmaaya
DWSM,2024,CA,1579832.613,1579833.0,1.000,EXACT,sarmaaya
BPL,2024,Sales,2377502,2377502.0,1.000,EXACT,dps
BPL,2024,PAT,26839.0,26839.0,1.000,EXACT,dps
SZTM,2025,Sales,11371016.35,11371016.0,1.000,EXACT,dps
EXIDE,2026,Sales,19636697,19636697.0,1.000,EXACT,dps
EXIDE,2026,PAT,431676,431676.0,1.000,EXACT,dps
MUGHAL,2022,PAT,5410959.141,5410959.0,1.000,EXACT,dps
WYETH,2018,Sales,1192352,1192352.0,1.000,EXACT,dps
SARC,2025,Sales,533859.533,533860.0,1.000,EXACT,dps
OGDC,2025,Sales,401177969,401177969.0,1.000,EXACT,dps
OGDC,2025,PAT,169903614,169903614.0,1.000,EXACT,dps
OGDC,2025,TA,1654606070,1654605970.0,1.000,EXACT,sarmaaya
OGDC,2025,TL,306368374.0,306369374.0,1.000,EXACT,sarmaaya
OGDC,2025,CA,1123383935,1123383935.0,1.000,EXACT,sarmaaya
OGDC,2025,Sales,401177969,401177969.0,1.000,EXACT,sarmaaya
OGDC,2025,PAT,169903614,169902514.0,1.000,EXACT,sarmaaya
BYCO,2021,Sales,142150298,142150298.0,1.000,EXACT,dps
BYCO,2021,PAT,3595840,3595840.0,1.000,EXACT,dps
MDTL,2025,Sales,152937.866,152938.0,1.000,EXACT,dps
MDTL,2025,PAT,17066.0,17066.0,1.000,EXACT,dps
MDTL,2025,Sales,152937.866,152938.0,1.000,EXACT,sarmaaya
MDTL,2025,COGS,-83982.784,88170.0,0.953,EXACT,sarmaaya
MDTL,2025,PAT,17066.0,-792.0,-21.548,MISMATCH,sarmaaya
JLICL,2024,PAT,100842716,2573880.0,39.179,MISMATCH,dps
JLICL,2024,TA,236764098.0,238889918.0,0.991,EXACT,sarmaaya
JLICL,2024,Eq,17333983.0,17333983.0,1.000,EXACT,sarmaaya
AHCL,2024,TA,38304031.598,65319478.0,0.586,loose,sarmaaya
AHCL,2024,TL,4234592.812,19905346.0,0.213,WARN,sarmaaya
AHCL,2024,Eq,34069438.786,43049829.0,0.791,tight,sarmaaya
AHCL,2024,CA,11666784.573,22519159.0,0.518,loose,sarmaaya
GATI,2023,Sales,27383780,27383780.0,1.000,EXACT,dps
AABS,2025,Sales,15611723,15611723.0,1.000,EXACT,dps
AABS,2025,PAT,1270362,1270362.0,1.000,EXACT,dps
AABS,2025,TA,13903797,14074994.0,0.988,EXACT,sarmaaya
AABS,2025,TL,5509295,5680492.0,0.970,EXACT,sarmaaya
AABS,2025,Eq,8394502,8394502.0,1.000,EXACT,sarmaaya
AABS,2025,CA,11931888,11931888.0,1.000,EXACT,sarmaaya
AABS,2025,Sales,15611723,15572297.0,1.003,EXACT,sarmaaya
AABS,2025,COGS,-12868671,13004509.0,0.990,EXACT,sarmaaya
AABS,2025,PAT,1270362,1270362.0,1.000,EXACT,sarmaaya
TOMCL,2023,Sales,6365238.225,6365238.0,1.000,EXACT,dps
TOMCL,2023,PAT,722194.425,722194.0,1.000,EXACT,dps
BNL,2023,PAT,131504.283,138959.0,0.946,EXACT,dps
UBDL,2024,Sales,1120839,1120839.0,1.000,EXACT,dps
BOK,2024,PAT,3615121,3615121.0,1.000,EXACT,dps
BOK,2024,TA,477563867,477563867.0,1.000,EXACT,sarmaaya
BOK,2024,TL,455664648,455664648.0,1.000,EXACT,sarmaaya
BOK,2024,Eq,21899219,21899219.0,1.000,EXACT,sarmaaya
ATLH,2025,Sales,203894438,203894438.0,1.000,EXACT,dps
ATLH,2025,PAT,15251615,15251615.0,1.000,EXACT,dps
ATLH,2025,Sales,203894438,273926855.0,0.744,loose,sarmaaya
ATLH,2025,COGS,-181714342,239016038.0,0.760,tight,sarmaaya
ATLH,2025,PAT,15251615,21120458.0,0.722,loose,sarmaaya
REDCO,2024,Sales,1470172.094,1470172.0,1.000,EXACT,dps
REDCO,2024,PAT,212079.892,212080.0,1.000,EXACT,dps
ASHT,2025,PAT,5994.049,5994.0,1.000,EXACT,dps
REWM,2024,Sales,41461459.104,41461459.0,1.000,EXACT,dps
CHAS,2024,Sales,32274657,32274657.0,1.000,EXACT,dps
CHAS,2024,PAT,43548.0,43548.0,1.000,EXACT,dps
CHAS,2024,TA,31644900,36615673.0,0.864,tight,sarmaaya
CHAS,2024,TL,18502662,23767586.0,0.778,tight,sarmaaya
CHAS,2024,Eq,13142238,12588202.0,1.044,EXACT,sarmaaya
CHAS,2024,CA,8136075,8768834.0,0.928,EXACT,sarmaaya
ACPL,2022,Sales,20479142,20479142.0,1.000,EXACT,dps
ACPL,2022,PAT,1121591,1121591.0,1.000,EXACT,dps
BPL,2023,Sales,3533606,3533606.0,1.000,EXACT,dps
MTIL,2021,PAT,93802.0,93802.0,1.000,EXACT,dps
786,2024,PAT,5658.848,5659.0,1.000,EXACT,dps
BAHL,2023,PAT,35319375,35319375.0,1.000,EXACT,dps
FTMM,2024,Sales,4148262,4148262.0,1.000,EXACT,dps
FTMM,2024,PAT,266389,271457.0,0.981,EXACT,dps
FTSM,2023,PAT,354.169,409.0,0.866,tight,dps
HTL,2025,Sales,33042904,33042903.0,1.000,EXACT,dps
HTL,2025,PAT,-318781,111404.0,-2.861,MISMATCH,dps
ARPL,2025,Sales,27406657,27406657.0,1.000,EXACT,dps
ARPL,2025,PAT,1176961,1176961.0,1.000,EXACT,dps
ARPL,2025,TA,15727740.0,16122932.0,0.975,EXACT,sarmaaya
ARPL,2025,TL,11317762.0,11712954.0,0.966,EXACT,sarmaaya
ARPL,2025,Eq,4409978.0,4409978.0,1.000,EXACT,sarmaaya
ARPL,2025,CA,13162455.0,13162455.0,1.000,EXACT,sarmaaya
ARPL,2025,Sales,27406657,27406657.0,1.000,EXACT,sarmaaya
ARPL,2025,COGS,-20799234,20990925.0,0.991,EXACT,sarmaaya
ARPL,2025,PAT,1176961,1176961.0,1.000,EXACT,sarmaaya
AKBL,2025,PAT,22860812,22803319.0,1.003,EXACT,dps
AKBL,2025,TA,2895001568,2897489834.0,0.999,EXACT,sarmaaya
AKBL,2025,TL,2743255459,2744782067.0,0.999,EXACT,sarmaaya
AKBL,2025,Eq,122410288,152116334.0,0.805,tight,sarmaaya
AKBL,2025,PAT,22860812,22860812.0,1.000,EXACT,sarmaaya
IGIHL,2024,PAT,1351826,1351826.0,1.000,EXACT,dps
IGIHL,2024,TA,16125857,129588330.0,0.124,WARN,sarmaaya
IGIHL,2024,TL,314204,31393838.0,0.010,MISMATCH,sarmaaya
IGIHL,2024,Eq,15811653,63724910.0,0.248,WARN,sarmaaya
PAKD,2024,PAT,192223.638,192224.0,1.000,EXACT,dps
POL,2024,Sales,65290432,65290432.0,1.000,EXACT,dps
POL,2024,PAT,39151511,39151511.0,1.000,EXACT,dps
POL,2024,TA,175888636,180990063.0,0.972,EXACT,sarmaaya
POL,2024,TL,93036662,94139915.0,0.988,EXACT,sarmaaya
POL,2024,Eq,82851974,86737318.0,0.955,EXACT,sarmaaya
POL,2024,CA,142650829,142962020.0,0.998,EXACT,sarmaaya
ORM,2022,PAT,170133.325,170133.0,1.000,EXACT,dps
SZTM,2024,Sales,11014646.483,11014646.0,1.000,EXACT,dps
STCL,2023,PAT,497322.0,497322.0,1.000,EXACT,dps
REWM,2023,Sales,32682288.169,32682288.0,1.000,EXACT,dps
GHNL,2022,Sales,5359062,5359062.0,1.000,EXACT,dps
GHNL,2022,PAT,101155,101155.0,1.000,EXACT,dps
DAWH,2022,PAT,3692274,3692274.0,1.000,EXACT,dps
SZTM,2023,Sales,8398630.158,8398630.0,1.000,EXACT,dps
EMCO,2023,Sales,3545524.014,3545524.0,1.000,EXACT,dps
KML,2025,Sales,27137277.935,27137277.0,1.000,EXACT,dps
KML,2025,TA,26484614.263,26484614.0,1.000,EXACT,sarmaaya
KML,2025,TL,16212184.232,16115155.0,1.006,EXACT,sarmaaya
KML,2025,Eq,10272430.031,10272430.0,1.000,EXACT,sarmaaya
KML,2025,CA,13342064.243,13344046.0,1.000,EXACT,sarmaaya
KML,2025,Sales,27137277.935,27137278.0,1.000,EXACT,sarmaaya
KML,2025,COGS,-23522570.995,23575007.0,0.998,EXACT,sarmaaya
GGGL,2024,Sales,2439728.325,2439728.0,1.000,EXACT,dps
GGGL,2024,TA,5218950.462,5218950.0,1.000,EXACT,sarmaaya
GGGL,2024,TL,2650489.483,2650489.0,1.000,EXACT,sarmaaya
GGGL,2024,Eq,2568460.979,2568461.0,1.000,EXACT,sarmaaya
GGGL,2024,CA,2662066.521,2662067.0,1.000,EXACT,sarmaaya
DAAG,2024,Sales,362311.518,362312.0,1.000,EXACT,dps
BHAT,2022,Sales,17252509.05,17252509.0,1.000,EXACT,dps
TSML,2024,Sales,38311576.293,38311576.0,1.000,EXACT,dps
TSML,2024,PAT,1082665.508,1082666.0,1.000,EXACT,dps
TSML,2024,TA,41558688.391,41558688.0,1.000,EXACT,sarmaaya
TSML,2024,TL,27846542.274,31481756.0,0.885,tight,sarmaaya
TSML,2024,Eq,13712146.117,10076932.0,1.361,loose,sarmaaya
TSML,2024,CA,26739547.604,26739548.0,1.000,EXACT,sarmaaya
FRCL,2022,Sales,3758162.019,3758162.0,1.000,EXACT,dps
TRSM,2025,PAT,18390.098,18390.0,1.000,EXACT,dps
GAIL,2020,Sales,70293.928,70294.0,1.000,EXACT,dps
TICL,2025,Sales,48226079.699,48226080.0,1.000,EXACT,dps
TICL,2025,PAT,2328497.218,2328497.0,1.000,EXACT,dps
TICL,2025,TA,18815987.032,18924947.0,0.994,EXACT,sarmaaya
TICL,2025,TL,6796333.584,6905293.0,0.984,EXACT,sarmaaya
TICL,2025,Eq,12019653.448,12019653.0,1.000,EXACT,sarmaaya
TICL,2025,CA,11361739.199,11361739.0,1.000,EXACT,sarmaaya
TICL,2025,Sales,48226079.699,48226080.0,1.000,EXACT,sarmaaya
TICL,2025,COGS,-42048016.033,42273601.0,0.995,EXACT,sarmaaya
TICL,2025,PAT,2328497.218,2328497.0,1.000,EXACT,sarmaaya
REDCO,2022,Sales,728594.157,728594.0,1.000,EXACT,dps
REDCO,2022,PAT,17488.745,17489.0,1.000,EXACT,dps
AGSML,2025,Sales,273713.57,273713.0,1.000,EXACT,dps
FPJM,2025,TA,1739891.791,1739892.0,1.000,EXACT,sarmaaya
FPJM,2025,TL,204495.205,2204495.0,0.093,MISMATCH,sarmaaya
FPJM,2025,Eq,1535396.586,-464603.0,-3.305,MISMATCH,sarmaaya
FPJM,2025,CA,765762.91,765763.0,1.000,EXACT,sarmaaya
FPJM,2025,Sales,251503.149,297211.0,0.846,tight,sarmaaya
FPJM,2025,PAT,-172918.281,-172918.0,1.000,EXACT,sarmaaya
DFSM,2024,Sales,446380.125,446380.0,1.000,EXACT,dps
HSM,2019,Sales,3715572.674,3715573.0,1.000,EXACT,dps
HSM,2019,PAT,35169.0,35169.0,1.000,EXACT,dps
REWM,2025,Sales,40219998.059,40219998.0,1.000,EXACT,dps
JVDC,2025,Sales,7361129,7361129.0,1.000,EXACT,dps
JVDC,2025,PAT,1564934,1564934.0,1.000,EXACT,dps
JVDC,2025,TA,41347275,43176986.0,0.958,EXACT,sarmaaya
JVDC,2025,TL,15965453,17665227.0,0.904,EXACT,sarmaaya
JVDC,2025,Eq,25381822,25428621.0,0.998,EXACT,sarmaaya
JVDC,2025,CA,20357662,22178952.0,0.918,EXACT,sarmaaya
JVDC,2025,Sales,7361129,7758345.0,0.949,EXACT,sarmaaya
JVDC,2025,COGS,-5079020,5595867.0,0.908,EXACT,sarmaaya
JVDC,2025,PAT,1564934,1636370.0,0.956,EXACT,sarmaaya
MEBL,2025,PAT,89041250,89041250.0,1.000,EXACT,dps
MEBL,2025,TA,4806560919,4819935193.0,0.997,EXACT,sarmaaya
MEBL,2025,TL,4527303796,4531737389.0,0.999,EXACT,sarmaaya
MEBL,2025,Eq,279257123,285675078.0,0.978,EXACT,sarmaaya
MEBL,2025,PAT,89041250,90717235.0,0.982,EXACT,sarmaaya
AEL,2022,Sales,2927.129,2927.0,1.000,EXACT,dps
IML,2024,PAT,78960,78961.0,1.000,EXACT,dps
IML,2024,TA,12785747,12977864.0,0.985,EXACT,sarmaaya
IML,2024,TL,2446638,2638755.0,0.927,EXACT,sarmaaya
IML,2024,Eq,10339109,10339109.0,1.000,EXACT,sarmaaya
IML,2024,CA,2980253,2980253.0,1.000,EXACT,sarmaaya
BNWM,2023,Sales,1038734,1038734.0,1.000,EXACT,dps
ISL,2023,Sales,76753334,76753334.0,1.000,EXACT,dps
ISL,2023,PAT,3518790,3518790.0,1.000,EXACT,dps
IMAGE,2023,Sales,2064482.506,2064483.0,1.000,EXACT,dps
IMAGE,2023,PAT,207801.429,207801.0,1.000,EXACT,dps
BWCL,2023,PAT,11891698,11891698.0,1.000,EXACT,dps
SML,2024,Sales,8831779,8831779.0,1.000,EXACT,dps
SML,2024,TA,17507832,27127542.0,0.645,loose,sarmaaya
SML,2024,TL,10755233,18785998.0,0.573,loose,sarmaaya
SML,2024,Eq,6752599,6729338.0,1.003,EXACT,sarmaaya
SML,2024,CA,1571692,5710015.0,0.275,WARN,sarmaaya
INKL,2024,Sales,850505.029,850505.0,1.000,EXACT,dps
INKL,2024,PAT,11043.54,11044.0,1.000,EXACT,dps
SSGC,2025,PAT,2689309,2689308.0,1.000,EXACT,dps
SSGC,2025,TA,1114507599,1121891828.0,0.993,EXACT,sarmaaya
SSGC,2025,TL,1106239150,1104131728.0,1.002,EXACT,sarmaaya
SSGC,2025,Eq,8268450,12147219.0,0.681,loose,sarmaaya
SSGC,2025,CA,872249543,877592178.0,0.994,EXACT,sarmaaya
SSGC,2025,PAT,2689309,3441252.0,0.781,tight,sarmaaya
KOHE,2022,Sales,14538310,14538310.0,1.000,EXACT,dps
KOHE,2022,PAT,1507380,1507380.0,1.000,EXACT,dps
CHBL,2025,Sales,2389566.598,2389566.0,1.000,EXACT,dps
TREET,2022,Sales,7423897,7423897.0,1.000,EXACT,dps
AGTL,2025,PAT,1300813,1300813.0,1.000,EXACT,dps
AGTL,2025,TA,18894282.0,18894282.0,1.000,EXACT,sarmaaya
AGTL,2025,TL,8359544.0,8359544.0,1.000,EXACT,sarmaaya
AGTL,2025,CA,30076521.0,15909761.0,1.890,loose,sarmaaya
AGTL,2025,PAT,1300813,1300813.0,1.000,EXACT,sarmaaya
POML,2024,Sales,8052443.576,8052444.0,1.000,EXACT,dps
POML,2024,PAT,67310.0,67310.0,1.000,EXACT,dps
SHDT,2024,Sales,7280768,7280768.0,1.000,EXACT,dps
SHDT,2024,PAT,98466,98466.0,1.000,EXACT,dps
JSBL,2024,TA,636107000.0,1359043128.0,0.468,loose,sarmaaya
SHEL,2021,Sales,282353611.0,249209984.0,1.133,tight,dps
JGICL,2023,PAT,2995617,2904414.0,1.031,EXACT,dps
FIBLM,2023,PAT,10007.19,10007.0,1.000,EXACT,dps
SURC,2025,Sales,27411458,27411458.0,1.000,EXACT,dps
SURC,2025,PAT,1118683,1118683.0,1.000,EXACT,dps
SURC,2025,TA,24294152,24342142.0,0.998,EXACT,sarmaaya
SURC,2025,TL,10748357,10391370.0,1.034,EXACT,sarmaaya
SURC,2025,Eq,13545795,13545795.0,1.000,EXACT,sarmaaya
SURC,2025,CA,13773544,13780210.0,1.000,EXACT,sarmaaya
SURC,2025,Sales,27411458,27411458.0,1.000,EXACT,sarmaaya
SURC,2025,COGS,-25124439,25266451.0,0.994,EXACT,sarmaaya
SURC,2025,PAT,1118683,1118683.0,1.000,EXACT,sarmaaya
BAFS,2025,TA,6505288.315,6505288.0,1.000,EXACT,sarmaaya
BAFS,2025,TL,1251431.153,4254131.0,0.294,WARN,sarmaaya
BAFS,2025,CA,1253065.33,1252759.0,1.000,EXACT,sarmaaya
BAFS,2025,COGS,-8611963.245,8671887.0,0.993,EXACT,sarmaaya
GATM,2025,PAT,4022774,4022774.0,1.000,EXACT,dps
GATM,2025,TA,151094849,170838412.0,0.884,tight,sarmaaya
GATM,2025,CA,96385833.0,109416994.0,0.881,tight,sarmaaya
GATM,2025,COGS,-138926298.0,155523454.0,0.893,tight,sarmaaya
GATM,2025,PAT,4022774,4454419.0,0.903,EXACT,sarmaaya
JUBS,2022,Sales,4960.168,4960.0,1.000,EXACT,dps
JUBS,2022,PAT,43985.026,43985.0,1.000,EXACT,dps
KOHC,2024,PAT,8893454.788,8893455.0,1.000,EXACT,dps
KOHC,2024,TA,58843295.197,58843295.0,1.000,EXACT,sarmaaya
KOHC,2024,CA,32294207.845,32294208.0,1.000,EXACT,sarmaaya
SSGC,2024,Sales,465869723,465869723.0,1.000,EXACT,dps
SSGC,2024,PAT,6839126,6839126.0,1.000,EXACT,dps
SSGC,2024,TA,1179186273,1184716204.0,0.995,EXACT,sarmaaya
SSGC,2024,TL,1173269067,1169906194.0,1.003,EXACT,sarmaaya
SSGC,2024,Eq,5917206,9050198.0,0.654,loose,sarmaaya
SSGC,2024,CA,961866254,965401498.0,0.996,EXACT,sarmaaya
NONS,2024,Sales,11326384,11326384.0,1.000,EXACT,dps
NONS,2024,PAT,419313.0,419313.0,1.000,EXACT,dps
NONS,2024,TA,9075972,9075972.0,1.000,EXACT,sarmaaya
NONS,2024,CA,5228569,5228569.0,1.000,EXACT,sarmaaya
DGKC,2024,Sales,66038689,66038689.0,1.000,EXACT,dps
DGKC,2024,PAT,542396,542396.0,1.000,EXACT,dps
DGKC,2024,TA,138385754,156646736.0,0.883,tight,sarmaaya
DGKC,2024,TL,62538216,76929429.0,0.813,tight,sarmaaya
DGKC,2024,Eq,75847538,76679958.0,0.989,EXACT,sarmaaya
DGKC,2024,CA,41770521,47487185.0,0.880,tight,sarmaaya
HRPL,2024,Sales,2340411.98,2340412.0,1.000,EXACT,dps
HRPL,2024,TA,1315637.955,1315638.0,1.000,EXACT,sarmaaya
HRPL,2024,TL,366224.351,366224.0,1.000,EXACT,sarmaaya
HRPL,2024,Eq,949413.604,949414.0,1.000,EXACT,sarmaaya
HRPL,2024,CA,763407.513,763408.0,1.000,EXACT,sarmaaya
CEPB,2024,PAT,904989.0,904989.0,1.000,EXACT,dps
CEPB,2024,TA,29536931.0,30288819.0,0.975,EXACT,sarmaaya
CEPB,2024,CA,18161144.0,17998628.0,1.009,EXACT,sarmaaya
PAKOXY,2023,Sales,8589000,8589000.0,1.000,EXACT,dps
DFSM,2022,Sales,694230.183,694230.0,1.000,EXACT,dps
IDRT,2025,Sales,5201690.138,5201690.0,1.000,EXACT,dps
IDRT,2025,PAT,432007.0,432007.0,1.000,EXACT,dps
EXIDE,2023,Sales,23402183,23402183.0,1.000,EXACT,dps
EXIDE,2023,PAT,754502,754562.0,1.000,EXACT,dps
DYNO,2025,PAT,867653.068,867653.0,1.000,EXACT,dps
DYNO,2025,TA,6314557.141,6316240.0,1.000,EXACT,sarmaaya
DYNO,2025,TL,1436025.128,1437708.0,0.999,EXACT,sarmaaya
DYNO,2025,Eq,4878532.013,4878532.0,1.000,EXACT,sarmaaya
DYNO,2025,CA,5223238.761,5223239.0,1.000,EXACT,sarmaaya
DYNO,2025,COGS,-10482382.373,10613962.0,0.988,EXACT,sarmaaya
DYNO,2025,PAT,867653.068,867653.0,1.000,EXACT,sarmaaya
PSYL,2022,Sales,12311249,12311249.0,1.000,EXACT,dps
PSYL,2022,PAT,986213,986213.0,1.000,EXACT,dps
ASTL,2024,TA,46839907,49263220.0,0.951,EXACT,sarmaaya
ASTL,2024,TL,32613906,35037218.0,0.931,EXACT,sarmaaya
ASTL,2024,Eq,14226001,14226002.0,1.000,EXACT,sarmaaya
ASTL,2024,CA,16182367,16182367.0,1.000,EXACT,sarmaaya
PMPK,2024,Sales,32340888,32340888.0,1.000,EXACT,dps
PMPK,2024,PAT,254749,254749.0,1.000,EXACT,dps
PMPK,2024,TA,31133355,31343300.0,0.993,EXACT,sarmaaya
PMPK,2024,TL,15196156,15406101.0,0.986,EXACT,sarmaaya
PMPK,2024,Eq,15937199,15937199.0,1.000,EXACT,sarmaaya
PMPK,2024,CA,23399135,23399135.0,1.000,EXACT,sarmaaya
PMPK,2024,Sales,32340888,32340888.0,1.000,EXACT,sarmaaya
PMPK,2024,COGS,29525233,29903551.0,0.987,EXACT,sarmaaya
PMPK,2024,PAT,254749,254749.0,1.000,EXACT,sarmaaya
TATM,2025,Sales,41239930,41239930.0,1.000,EXACT,dps
GGL,2023,Sales,140266,140266.0,1.000,EXACT,dps
GGL,2023,PAT,16323,16323.0,1.000,EXACT,dps
GVGL,2023,PAT,515328.683,515329.0,1.000,EXACT,dps
PAKMI,2022,PAT,1635.646,1636.0,1.000,EXACT,dps
MCBAH,2020,PAT,257669.113,257669.0,1.000,EXACT,dps
TRG,2025,PAT,3923985,3923985.0,1.000,EXACT,dps
TRG,2025,TA,46688562.0,46688600.0,1.000,EXACT,sarmaaya
TRG,2025,CA,32770.0,33018.0,0.992,EXACT,sarmaaya
FFC,2024,Sales,373536920,373536920.0,1.000,EXACT,dps
FFC,2024,PAT,64731439,64731439.0,1.000,EXACT,dps
FFC,2024,TA,416951722,573683408.0,0.727,loose,sarmaaya
FFC,2024,TL,285071605,328719421.0,0.867,tight,sarmaaya
FFC,2024,Eq,131880117,240968052.0,0.547,loose,sarmaaya
FFC,2024,CA,278511904,328723886.0,0.847,tight,sarmaaya
BUXL,2023,Sales,577076,577076.0,1.000,EXACT,dps
TRPOL,2017,Sales,200181.917,200182.0,1.000,EXACT,dps
TRPOL,2017,PAT,77847.285,77847.0,1.000,EXACT,dps
GWLC,2023,Sales,18315894,18315894.0,1.000,EXACT,dps
GWLC,2023,PAT,1232407,1232407.0,1.000,EXACT,dps
ABL,2024,PAT,8787405,43115904.0,0.204,MISMATCH,dps
SPEL,2022,Sales,6308360.779,6308361.0,1.000,EXACT,dps
SPEL,2022,PAT,538925.173,538925.0,1.000,EXACT,dps
AGL,2023,Sales,22172162.439,22172162.0,1.000,EXACT,dps
MTL,2024,Sales,91508626,91534501.0,1.000,EXACT,dps
MTL,2024,PAT,9916605,10224875.0,0.970,EXACT,dps
MTL,2024,TA,30360004,35467498.0,0.856,tight,sarmaaya
MTL,2024,CA,22517991,26686040.0,0.844,tight,sarmaaya
CENI,2025,PAT,2193850.0,549565.0,3.992,MISMATCH,dps
TSBL,2024,PAT,83997.343,83997.0,1.000,EXACT,dps
PSX,2024,PAT,1027803,1027803.0,1.000,EXACT,dps
PSX,2024,TA,14189077.0,14708683.0,0.965,EXACT,sarmaaya
PSX,2024,CA,3744344.0,3744129.0,1.000,EXACT,sarmaaya
MIRKS,2024,Sales,11969725,11969725.0,1.000,EXACT,dps
MIRKS,2024,PAT,203626.0,203626.0,1.000,EXACT,dps
MIRKS,2024,TA,13782896,14690347.0,0.938,EXACT,sarmaaya
MIRKS,2024,TL,11285663,12008291.0,0.940,EXACT,sarmaaya
MIRKS,2024,Eq,2497233,2497233.0,1.000,EXACT,sarmaaya
MIRKS,2024,CA,5497374,5497374.0,1.000,EXACT,sarmaaya
CFL,2022,Sales,8098145.39,8098145.0,1.000,EXACT,dps
PSO,2024,Sales,3571750306,3571750306.0,1.000,EXACT,dps
PSO,2024,PAT,15862552,15862552.0,1.000,EXACT,dps
PSO,2024,TA,974448226,1063519173.0,0.916,EXACT,sarmaaya
PSO,2024,TL,743139310,812386644.0,0.915,EXACT,sarmaaya
PSO,2024,Eq,231308916,242318090.0,0.955,EXACT,sarmaaya
PSO,2024,CA,906321779,978777113.0,0.926,EXACT,sarmaaya
PAEL,2024,Sales,53112906.0,53112906.0,1.000,EXACT,dps
PAEL,2024,TA,72539331,73145309.0,0.992,EXACT,sarmaaya
PAEL,2024,TL,28774366,29353307.0,0.980,EXACT,sarmaaya
PAEL,2024,Eq,43764965,43764965.0,1.000,EXACT,sarmaaya
PAEL,2024,CA,42304769,42304769.0,1.000,EXACT,sarmaaya
JKSM,2023,PAT,1820099,1820099.0,1.000,EXACT,dps
ATBA,2025,PAT,91205,91205.0,1.000,EXACT,dps
ATBA,2025,TA,18908846,18908846.0,1.000,EXACT,sarmaaya
ATBA,2025,TL,11007526,10994771.0,1.001,EXACT,sarmaaya
ATBA,2025,Eq,7901320,7901320.0,1.000,EXACT,sarmaaya
ATBA,2025,CA,13738930,13738930.0,1.000,EXACT,sarmaaya
ATBA,2025,COGS,-31240385,31368489.0,0.996,EXACT,sarmaaya
ATBA,2025,PAT,91205,91205.0,1.000,EXACT,sarmaaya
ICL,2024,Sales,24314588,24314588.0,1.000,EXACT,dps
ICL,2024,PAT,1385752,1385752.0,1.000,EXACT,dps
ICL,2024,TA,17266635,17406332.0,0.992,EXACT,sarmaaya
ICL,2024,TL,7979037,8091862.0,0.986,EXACT,sarmaaya
ICL,2024,Eq,9287598,9286944.0,1.000,EXACT,sarmaaya
ICL,2024,CA,7777655,7770274.0,1.001,EXACT,sarmaaya
AGL,2024,Sales,31306773.227,31306773.0,1.000,EXACT,dps
AGL,2024,PAT,1085792.0,1085792.0,1.000,EXACT,dps
AGL,2024,TA,85008015.759,91776492.0,0.926,EXACT,sarmaaya
AGL,2024,TL,75275876.059,82044352.0,0.918,EXACT,sarmaaya
AGL,2024,Eq,9732139.7,9732140.0,1.000,EXACT,sarmaaya
AGL,2024,CA,18225568.759,18225569.0,1.000,EXACT,sarmaaya
ABOT,2023,Sales,55475270,55475270.0,1.000,EXACT,dps
ABOT,2023,PAT,261777,261777.0,1.000,EXACT,dps
BERG,2025,Sales,8944694,8944694.0,1.000,EXACT,dps
BERG,2025,PAT,298523,298523.0,1.000,EXACT,dps
BERG,2025,TA,7929232,8024589.0,0.988,EXACT,sarmaaya
BERG,2025,TL,4248025,4307336.0,0.986,EXACT,sarmaaya
BERG,2025,Eq,3681207,3698639.0,0.995,EXACT,sarmaaya
BERG,2025,CA,5448237,5473218.0,0.995,EXACT,sarmaaya
BERG,2025,Sales,8944694,8944694.0,1.000,EXACT,sarmaaya
BERG,2025,COGS,-7090721,7174068.0,0.988,EXACT,sarmaaya
BERG,2025,PAT,298523,297289.0,1.004,EXACT,sarmaaya
BPBL,2019,Sales,2380.0,2380.0,1.000,EXACT,dps
BPBL,2019,PAT,-907.0,128.0,-7.086,MISMATCH,dps
ALAC,2025,PAT,125966,125966.0,1.000,EXACT,dps
INDU,2023,Sales,177710637,177710637.0,1.000,EXACT,dps
INDU,2023,PAT,9664429,9664429.0,1.000,EXACT,dps
ALTN,2025,PAT,5786902,5786902.0,1.000,EXACT,dps
ALTN,2025,TA,4476490.0,11064604.0,0.405,loose,sarmaaya
ALTN,2025,CA,947894.0,10725400.0,0.088,MISMATCH,sarmaaya
ALTN,2025,COGS,-96393,4208627.0,0.023,MISMATCH,sarmaaya
ALTN,2025,PAT,5786902,-4557349.0,-1.270,MISMATCH,sarmaaya
SCL,2025,Sales,2965832.976,2965832.0,1.000,EXACT,dps
SCL,2025,PAT,144964.0,144964.0,1.000,EXACT,dps
SCL,2025,TA,2244450.683,2355211.0,0.953,EXACT,sarmaaya
SCL,2025,TL,1110863.704,2036624.0,0.545,loose,sarmaaya
SCL,2025,CA,1016121.83,960623.0,1.058,EXACT,sarmaaya
SCL,2025,Sales,2965832.976,2965833.0,1.000,EXACT,sarmaaya
SCL,2025,COGS,-2268302.548,2271611.0,0.999,EXACT,sarmaaya
SCL,2025,PAT,144964.0,-12658.0,-11.452,MISMATCH,sarmaaya
JVDC,2022,Sales,4342710,4342710.0,1.000,EXACT,dps
JVDC,2022,PAT,1505145,1505145.0,1.000,EXACT,dps
CTM,2025,Sales,16888072,16888072.0,1.000,EXACT,dps
CTM,2025,PAT,824377.0,824377.0,1.000,EXACT,dps
CTM,2025,TA,26967867,29644820.0,0.910,EXACT,sarmaaya
CTM,2025,TL,21867894,24664847.0,0.887,tight,sarmaaya
CTM,2025,Eq,5099973,4979973.0,1.024,EXACT,sarmaaya
CTM,2025,CA,6602489,6602489.0,1.000,EXACT,sarmaaya
CTM,2025,Sales,16888072,16888072.0,1.000,EXACT,sarmaaya
CTM,2025,COGS,18221646,18237805.0,0.999,EXACT,sarmaaya
CTM,2025,PAT,824377.0,-2234018.0,-0.369,MISMATCH,sarmaaya
DLL,2025,Sales,2742145,63.0,43526.111,MISMATCH,dps
DLL,2025,PAT,17090471,17090471.0,1.000,EXACT,dps
DLL,2025,TA,28524357,44023613.0,0.648,loose,sarmaaya
DLL,2025,TL,3136891,7972729.0,0.393,WARN,sarmaaya
DLL,2025,Eq,25387466,33479540.0,0.758,tight,sarmaaya
DLL,2025,CA,7659230,14306111.0,0.535,loose,sarmaaya
DLL,2025,Sales,2742145,7133513.0,0.384,WARN,sarmaaya
DLL,2025,PAT,17090471,8563215.0,1.996,loose,sarmaaya
SCL,2024,Sales,3867121.389,3867121.0,1.000,EXACT,dps
SCL,2024,TA,2731302.371,2854422.0,0.957,EXACT,sarmaaya
SCL,2024,TL,2095057.87,2491198.0,0.841,tight,sarmaaya
SCL,2024,Eq,636244.501,331245.0,1.921,loose,sarmaaya
SCL,2024,CA,1155277.627,1155278.0,1.000,EXACT,sarmaaya
SHDT,2025,Sales,8002565,8002565.0,1.000,EXACT,dps
SHDT,2025,PAT,185025,185025.0,1.000,EXACT,dps
WTL,2023,Sales,2943549,2943549.0,1.000,EXACT,dps
CCM,2023,Sales,6386209,6386209.0,1.000,EXACT,dps
CCM,2023,PAT,114785,114785.0,1.000,EXACT,dps
NESTLE,2024,Sales,193205756,193205756.0,1.000,EXACT,dps
NESTLE,2024,PAT,14807971,14807971.0,1.000,EXACT,dps
NESTLE,2024,TA,83628867,88350125.0,0.947,EXACT,sarmaaya
NESTLE,2024,Eq,18583038,18583038.0,1.000,EXACT,sarmaaya
NESTLE,2024,CA,47823049,47823049.0,1.000,EXACT,sarmaaya
ZTL,2022,PAT,190458,182175.0,1.045,EXACT,dps
IBLHL,2022,Sales,3651125,3651125.0,1.000,EXACT,dps
IBLHL,2022,PAT,302859,302859.0,1.000,EXACT,dps
AVN,2025,TA,10144538,30333579.0,0.334,WARN,sarmaaya
AVN,2025,TL,7262598,14718437.0,0.493,loose,sarmaaya
AVN,2025,Eq,2881939,14922090.0,0.193,WARN,sarmaaya
AVN,2025,CA,10077054,22697833.0,0.444,loose,sarmaaya
SSOM,2024,Sales,4516347.175,4516347.0,1.000,EXACT,dps
SSOM,2024,PAT,134337.0,134337.0,1.000,EXACT,dps
FHAM,2024,TA,26409925.193,26455155.0,0.998,EXACT,sarmaaya
FHAM,2024,TL,21300994.496,21346224.0,0.998,EXACT,sarmaaya
FHAM,2024,Eq,5108930.697,5108931.0,1.000,EXACT,sarmaaya
FHAM,2024,CA,9792757.565,9792758.0,1.000,EXACT,sarmaaya
ADAMS,2022,Sales,5422523,5422523.0,1.000,EXACT,dps
ADAMS,2022,PAT,158390.0,158390.0,1.000,EXACT,dps
EFUG,2023,PAT,402276,3281611.0,0.123,MISMATCH,dps
SASML,2024,Sales,5766181.054,5766181.0,1.000,EXACT,dps
SASML,2024,PAT,373369.0,373369.0,1.000,EXACT,dps
MUGHAL,2025,Sales,102791772.465,89413926.0,1.150,tight,dps
MUGHAL,2025,PAT,965518.174,965518.0,1.000,EXACT,dps
MUGHAL,2025,TA,67692661.842,69089233.0,0.980,EXACT,sarmaaya
MUGHAL,2025,CA,41627720.106,42388140.0,0.982,EXACT,sarmaaya
MUGHAL,2025,Sales,102791772.465,88979468.0,1.155,tight,sarmaaya
MUGHAL,2025,PAT,965518.174,854214.0,1.130,tight,sarmaaya
SHFA,2023,PAT,1181406,1181406.0,1.000,EXACT,dps
LPGL,2024,Sales,3344534,3344534.0,1.000,EXACT,dps
BECO,2024,Sales,3098016.876,3098017.0,1.000,EXACT,dps
BECO,2024,PAT,190521.0,190521.0,1.000,EXACT,dps
AGL,2022,Sales,17296183.225,17296183.0,1.000,EXACT,dps
BATA,2022,Sales,17733994.0,17733994.0,1.000,EXACT,dps
KCL,2024,Sales,1348465.55,1348466.0,1.000,EXACT,dps
MCBAH,2021,PAT,376434.163,376434.0,1.000,EXACT,dps
FNBM,2024,PAT,34759.419,34759.0,1.000,EXACT,dps
BECO,2023,Sales,3752110.358,3752110.0,1.000,EXACT,dps
GHGL,2024,TA,49563468.711,49905918.0,0.993,EXACT,sarmaaya
GHGL,2024,TL,15611488.202,15953937.0,0.979,EXACT,sarmaaya
GHGL,2024,Eq,33951980.509,33951981.0,1.000,EXACT,sarmaaya
GHGL,2024,CA,28497433.496,28497433.0,1.000,EXACT,sarmaaya
FEROZ,2025,Sales,13857966.939,13857967.0,1.000,EXACT,dps
FEROZ,2025,PAT,528248.837,528243.0,1.000,EXACT,dps
FEROZ,2025,TA,24604947.452,25043718.0,0.982,EXACT,sarmaaya
FEROZ,2025,TL,12898290.511,10225476.0,1.261,tight,sarmaaya
FEROZ,2025,Eq,11706656.941,12375196.0,0.946,EXACT,sarmaaya
FEROZ,2025,CA,3486146.183,12898291.0,0.270,WARN,sarmaaya
FEROZ,2025,Sales,13857966.939,18856900.0,0.735,loose,sarmaaya
FEROZ,2025,COGS,-8138776.842,11228603.0,0.725,loose,sarmaaya
FEROZ,2025,PAT,528248.837,776541.0,0.680,loose,sarmaaya
LUCK,2025,Sales,124511744.0,124511744.0,1.000,EXACT,dps
LUCK,2025,PAT,33092162.0,33092162.0,1.000,EXACT,dps
LUCK,2025,TA,266748030,731148576.0,0.365,WARN,sarmaaya
LUCK,2025,TL,90837630,340459079.0,0.267,WARN,sarmaaya
LUCK,2025,Eq,175910400,347301028.0,0.507,loose,sarmaaya
LUCK,2025,CA,100547359,320554052.0,0.314,WARN,sarmaaya
LUCK,2025,Sales,124511744.0,449629947.0,0.277,WARN,sarmaaya
LUCK,2025,COGS,-81827060.0,329963662.0,0.248,WARN,sarmaaya
LUCK,2025,PAT,33092162.0,76956147.0,0.430,loose,sarmaaya
PTC,2024,PAT,4825843,4825843.0,1.000,EXACT,dps
UNIC,2024,TA,16053484.0,16053484.0,1.000,EXACT,sarmaaya
YOUW,2023,Sales,860825.402,860825.0,1.000,EXACT,dps
DWSM,2023,Sales,6206791.49,6206791.0,1.000,EXACT,dps
AKZO,2019,Sales,8492146,5611541.0,1.513,loose,dps
AKZO,2019,PAT,548893,548893.0,1.000,EXACT,dps
BTL,2025,PAT,921041.0,921041.0,1.000,EXACT,dps
BTL,2025,TA,25271189.935,25271190.0,1.000,EXACT,sarmaaya
BTL,2025,TL,17310761.377,17378412.0,0.996,EXACT,sarmaaya
BTL,2025,Eq,7960428.558,7857768.0,1.013,EXACT,sarmaaya
BTL,2025,CA,17380293.279,17380293.0,1.000,EXACT,sarmaaya
BTL,2025,COGS,-28238816.781,28261870.0,0.999,EXACT,sarmaaya
BTL,2025,PAT,921041.0,-96882.0,-9.507,MISMATCH,sarmaaya
WAHN,2023,PAT,449230.462,449230.0,1.000,EXACT,dps
ACPL,2024,Sales,28536528,28536528.0,1.000,EXACT,dps
ACPL,2024,PAT,3566522.0,3566522.0,1.000,EXACT,dps
ACPL,2024,TA,53174029,53174029.0,1.000,EXACT,sarmaaya
ACPL,2024,TL,31657386,30821136.0,1.027,EXACT,sarmaaya
ACPL,2024,Eq,21516643,21516643.0,1.000,EXACT,sarmaaya
ACPL,2024,CA,12108218,12108218.0,1.000,EXACT,sarmaaya
PABC,2023,Sales,19735901.647,19735902.0,1.000,EXACT,dps
PABC,2023,PAT,5017835.895,5017836.0,1.000,EXACT,dps
SUTM,2025,TA,20109075.279,20162636.0,0.997,EXACT,sarmaaya
SUTM,2025,TL,10957537.559,10901909.0,1.005,EXACT,sarmaaya
SUTM,2025,Eq,9151537.72,9200508.0,0.995,EXACT,sarmaaya
SUTM,2025,CA,11513259.942,11517490.0,1.000,EXACT,sarmaaya
SUTM,2025,COGS,-17754040.561,17813414.0,0.997,EXACT,sarmaaya
SITC,2022,PAT,655638.521,655639.0,1.000,EXACT,dps
PSYL,2024,Sales,13799512,13799512.0,1.000,EXACT,dps
PSYL,2024,PAT,347765,347765.0,1.000,EXACT,dps
PSYL,2024,TA,11160469,11369551.0,0.982,EXACT,sarmaaya
PSYL,2024,TL,6899951,7048053.0,0.979,EXACT,sarmaaya
PSYL,2024,Eq,4260518,4260518.0,1.000,EXACT,sarmaaya
PSYL,2024,CA,7028199,7028199.0,1.000,EXACT,sarmaaya
ANL,2023,Sales,31571122.964,31571123.0,1.000,EXACT,dps
ANL,2023,PAT,1470453.498,1470453.0,1.000,EXACT,dps
PRWM,2023,PAT,153128.824,153129.0,1.000,EXACT,dps
DINT,2022,Sales,31352709.025,31352709.0,1.000,EXACT,dps
TOMCL,2025,Sales,14006100.0,14006065.0,1.000,EXACT,dps
TOMCL,2025,Sales,14006100.0,14006065.0,1.000,EXACT,sarmaaya
TOMCL,2025,COGS,12724500.0,12733474.0,0.999,EXACT,sarmaaya
HAEL,2023,Sales,648203.941,648204.0,1.000,EXACT,dps
SARC,2022,Sales,412689.78,412690.0,1.000,EXACT,dps
AKZO,2016,Sales,5136961,5136961.0,1.000,EXACT,dps
AKZO,2016,PAT,490737,490737.0,1.000,EXACT,dps
BOP,2025,PAT,15937630,15937630.0,1.000,EXACT,dps
BOP,2025,TA,2951683767,2959832577.0,0.997,EXACT,sarmaaya
BOP,2025,TL,2847544343,2856511545.0,0.997,EXACT,sarmaaya
BOP,2025,Eq,104139424,102230643.0,1.019,EXACT,sarmaaya
BOP,2025,PAT,15937630,15393957.0,1.035,EXACT,sarmaaya
NCML,2023,Sales,4161.17,3795.0,1.096,EXACT,dps
ECOP,2024,Sales,6212186,6212186.0,1.000,EXACT,dps
ECOP,2024,PAT,128943,128943.0,1.000,EXACT,dps
ECOP,2024,TA,2961964,3218544.0,0.920,EXACT,sarmaaya
ECOP,2024,TL,1665416,1921907.0,0.867,tight,sarmaaya
ECOP,2024,Eq,1296548,1296548.0,1.000,EXACT,sarmaaya
ECOP,2024,CA,1429543,1429543.0,1.000,EXACT,sarmaaya
SAIF,2024,Sales,12248662,12248662.0,1.000,EXACT,dps
SAIF,2024,PAT,282077.0,282077.0,1.000,EXACT,dps
SAIF,2024,TA,14294335,15101824.0,0.947,EXACT,sarmaaya
SAIF,2024,CA,6322239,6322239.0,1.000,EXACT,sarmaaya
BCML,2018,Sales,1890012,1890012.0,1.000,EXACT,dps
CFL,2025,Sales,4330539.341,4330539.0,1.000,EXACT,dps
CFL,2025,PAT,375905.0,375905.0,1.000,EXACT,dps
CFL,2025,TA,6002158.155,6198466.0,0.968,EXACT,sarmaaya
CFL,2025,TL,2780596.175,2897331.0,0.960,EXACT,sarmaaya
CFL,2025,Eq,3221561.98,3221562.0,1.000,EXACT,sarmaaya
CFL,2025,CA,1615955.755,1615956.0,1.000,EXACT,sarmaaya
CFL,2025,Sales,4330539.341,4330539.0,1.000,EXACT,sarmaaya
CFL,2025,COGS,-4686951.633,4701447.0,0.997,EXACT,sarmaaya
CFL,2025,PAT,375905.0,-775712.0,-0.485,MISMATCH,sarmaaya
ADAMS,2023,Sales,5426394.318,5426394.0,1.000,EXACT,dps
ADAMS,2023,PAT,117517.0,117517.0,1.000,EXACT,dps
SGF,2024,Sales,17391854,17391854.0,1.000,EXACT,dps
SGF,2024,PAT,1105237,1105237.0,1.000,EXACT,dps
SGF,2024,TA,19204997,19443418.0,0.988,EXACT,sarmaaya
SGF,2024,TL,11994082,12242363.0,0.980,EXACT,sarmaaya
SGF,2024,Eq,7210915,7201055.0,1.001,EXACT,sarmaaya
SGF,2024,CA,12213561,12529013.0,0.975,EXACT,sarmaaya
EFERT,2025,Sales,237130786.0,193247740.0,1.227,tight,dps
EFERT,2025,PAT,22628044.0,23770535.0,0.952,EXACT,dps
EFERT,2025,TA,199166075,219409139.0,0.908,EXACT,sarmaaya
EFERT,2025,TL,154418837,174319267.0,0.886,tight,sarmaaya
EFERT,2025,Eq,44747238,44747238.0,1.000,EXACT,sarmaaya
EFERT,2025,CA,96084407,96084407.0,1.000,EXACT,sarmaaya
EFERT,2025,Sales,237130786.0,237130786.0,1.000,EXACT,sarmaaya
EFERT,2025,COGS,-164577790.0,167406559.0,0.983,EXACT,sarmaaya
EFERT,2025,PAT,22628044.0,22628044.0,1.000,EXACT,sarmaaya
QUICE,2024,Sales,903254.935,903255.0,1.000,EXACT,dps
PAEL,2023,Sales,38685112.0,38685112.0,1.000,EXACT,dps
PAEL,2023,PAT,1325089,1325089.0,1.000,EXACT,dps
BTL,2024,PAT,3206701.0,3206701.0,1.000,EXACT,dps
BTL,2024,TA,23032774.754,23032775.0,1.000,EXACT,sarmaaya
BTL,2024,TL,14950212.436,15003437.0,0.996,EXACT,sarmaaya
BTL,2024,Eq,8082562.318,7979902.0,1.013,EXACT,sarmaaya
BTL,2024,CA,15067200.593,15067201.0,1.000,EXACT,sarmaaya
AHL,2023,PAT,184672.102,184672.0,1.000,EXACT,dps
KHTC,2024,CA,9255371.934,9255372.0,1.000,EXACT,sarmaaya
ARM,2020,Sales,3431380.539,3299076.0,1.040,EXACT,dps
QUICE,2023,Sales,838449.449,838449.0,1.000,EXACT,dps
ADOS,2022,Sales,146198.787,146199.0,1.000,EXACT,dps
EPQL,2025,Sales,11888573.0,11888573.0,1.000,EXACT,dps
EPQL,2025,TL,4121951.0,4121951.0,1.000,EXACT,sarmaaya
EPQL,2025,Eq,11631293.0,11631293.0,1.000,EXACT,sarmaaya
EPQL,2025,Sales,11888573.0,11888573.0,1.000,EXACT,sarmaaya
HAL,2016,PAT,32842.879,32843.0,1.000,EXACT,dps
NCPL,2023,Sales,18220811,18220811.0,1.000,EXACT,dps
NCPL,2023,PAT,2503733.0,2503733.0,1.000,EXACT,dps
BCL,2024,TA,987944.468,1015270.0,0.973,EXACT,sarmaaya
BCL,2024,TL,652396.223,679722.0,0.960,EXACT,sarmaaya
BCL,2024,Eq,335548.245,335548.0,1.000,EXACT,sarmaaya
BCL,2024,CA,768392.383,768392.0,1.000,EXACT,sarmaaya
SAZEW,2023,Sales,18174296.868,18174297.0,1.000,EXACT,dps
SAZEW,2023,PAT,995076.624,995077.0,1.000,EXACT,dps
SEARL,2025,Sales,24773372,24773372.0,1.000,EXACT,dps
SEARL,2025,PAT,434038,434038.0,1.000,EXACT,dps
SEARL,2025,TA,44675620,49826340.0,0.897,tight,sarmaaya
SEARL,2025,TL,14435937,16933556.0,0.853,tight,sarmaaya
SEARL,2025,Eq,30239683,32089097.0,0.942,EXACT,sarmaaya
SEARL,2025,CA,23177939,25824766.0,0.898,tight,sarmaaya
SEARL,2025,Sales,24773372,28599834.0,0.866,tight,sarmaaya
SEARL,2025,COGS,-12185186,14688408.0,0.830,tight,sarmaaya
SEARL,2025,PAT,434038,789314.0,0.550,loose,sarmaaya
JDMT,2025,Sales,1523661.0,1523661.0,1.000,EXACT,dps
JDMT,2025,PAT,169836.0,169836.0,1.000,EXACT,dps
IMAGE,2025,Sales,3647663.966,3647663.0,1.000,EXACT,dps
IMAGE,2025,PAT,511493.281,511493.0,1.000,EXACT,dps
IMAGE,2025,CA,7127463.347,4502131.0,1.583,loose,sarmaaya
IMAGE,2025,Sales,3647663.966,4595031.0,0.794,tight,sarmaaya
IMAGE,2025,PAT,511493.281,759724.0,0.673,loose,sarmaaya
OLPL,2025,PAT,1225471.036,1225471.0,1.000,EXACT,dps
OLPL,2025,Sales,5892410.048,8409373.0,0.701,loose,sarmaaya
OLPL,2025,COGS,34171.805,582061.0,0.059,MISMATCH,sarmaaya
OLPL,2025,PAT,1225471.036,1320636.0,0.928,EXACT,sarmaaya
SIEM,2024,Sales,35166298,9697992.0,3.626,MISMATCH,dps
SIEM,2024,PAT,-2048087,970844.0,-2.110,MISMATCH,dps
SIEM,2024,TA,31497512,31500798.0,1.000,EXACT,sarmaaya
SIEM,2024,TL,26100699,26103985.0,1.000,EXACT,sarmaaya
SIEM,2024,Eq,5396813,5396813.0,1.000,EXACT,sarmaaya
CHCC,2025,PAT,8681356.0,8681356.0,1.000,EXACT,dps
CHCC,2025,TA,50553551.0,50553551.0,1.000,EXACT,sarmaaya
CHCC,2025,COGS,-23841181.0,24291728.0,0.981,EXACT,sarmaaya
CHCC,2025,PAT,8681356.0,8681356.0,1.000,EXACT,sarmaaya
NAGC,2024,PAT,77024.988,77025.0,1.000,EXACT,dps
NAGC,2024,TA,12730251.657,12730252.0,1.000,EXACT,sarmaaya
NAGC,2024,TL,8001882.834,8001883.0,1.000,EXACT,sarmaaya
NAGC,2024,Eq,4728368.823,4728369.0,1.000,EXACT,sarmaaya
NAGC,2024,CA,6751388.326,6751388.0,1.000,EXACT,sarmaaya
KOIL,2025,TA,1166244.253,1166445.0,1.000,EXACT,sarmaaya
KOIL,2025,TL,59296.65,413180.0,0.144,WARN,sarmaaya
KOIL,2025,Eq,1106947.603,753265.0,1.470,loose,sarmaaya
KOIL,2025,CA,216940.156,216940.0,1.000,EXACT,sarmaaya
JLICL,2022,PAT,2072051,2072050.0,1.000,EXACT,dps
MFL,2024,Sales,27695667.805,27695668.0,1.000,EXACT,dps
MFL,2024,TA,27539074.997,27570401.0,0.999,EXACT,sarmaaya
MFL,2024,TL,17551453.137,17502088.0,1.003,EXACT,sarmaaya
MFL,2024,Eq,9987621.86,10068312.0,0.992,EXACT,sarmaaya
MFL,2024,CA,15804287.662,15875574.0,0.996,EXACT,sarmaaya
PSX,2025,PAT,1520908,1520908.0,1.000,EXACT,dps
PSX,2025,TA,15000923.0,15482956.0,0.969,EXACT,sarmaaya
PSX,2025,CA,3822452.0,3822052.0,1.000,EXACT,sarmaaya
PSX,2025,Sales,2461436,2461436.0,1.000,EXACT,sarmaaya
PSX,2025,PAT,1520908,1520723.0,1.000,EXACT,sarmaaya
ADOS,2019,Sales,38068.978,38069.0,1.000,EXACT,dps
DWSM,2022,Sales,8454777.216,8454777.0,1.000,EXACT,dps
SGPL,2022,Sales,8317.868,8318.0,1.000,EXACT,dps
ZAHID,2022,Sales,27935802.0,27935802.0,1.000,EXACT,dps
ZAHID,2022,PAT,3977738.0,3977737.0,1.000,EXACT,dps
DADX,2023,Sales,1413449,1413449.0,1.000,EXACT,dps
FECTC,2023,PAT,286703.0,286703.0,1.000,EXACT,dps
NML,2022,Sales,115768065,115768065.0,1.000,EXACT,dps
NML,2022,PAT,10311674,10311674.0,1.000,EXACT,dps
FIMM,2023,Sales,1668528.532,1668529.0,1.000,EXACT,dps
GAIL,2018,Sales,192227.417,192037.0,1.001,EXACT,dps
SBL,2024,PAT,699332,699332.0,1.000,EXACT,dps
SBL,2024,TA,182485989,182546342.0,1.000,EXACT,sarmaaya
SBL,2024,TL,165260803,165321156.0,1.000,EXACT,sarmaaya
SBL,2024,Eq,17225186,17225186.0,1.000,EXACT,sarmaaya
TOWL,2024,Sales,12314921.073,12314921.0,1.000,EXACT,dps
HMM,2021,PAT,16259.245,16259.0,1.000,EXACT,dps
FNEL,2025,TA,1716315.987,1860214.0,0.923,EXACT,sarmaaya
FNEL,2025,TL,634374.642,778273.0,0.815,tight,sarmaaya
FNEL,2025,CA,346989.69,346990.0,1.000,EXACT,sarmaaya
JVDC,2023,Sales,16827214,16827214.0,1.000,EXACT,dps
JVDC,2023,PAT,6741951,6741951.0,1.000,EXACT,dps
CEPB,2025,Sales,37280573,37280573.0,1.000,EXACT,dps
CEPB,2025,PAT,523893.0,523893.0,1.000,EXACT,dps
CEPB,2025,TA,29901810,30914160.0,0.967,EXACT,sarmaaya
CEPB,2025,TL,16486413,17409563.0,0.947,EXACT,sarmaaya
CEPB,2025,Eq,13415397,13415397.0,1.000,EXACT,sarmaaya
CEPB,2025,CA,18928184,18928184.0,1.000,EXACT,sarmaaya
CEPB,2025,Sales,37280573,37280573.0,1.000,EXACT,sarmaaya
CEPB,2025,COGS,-34617073,34732559.0,0.997,EXACT,sarmaaya
CEPB,2025,PAT,523893.0,-345422.0,-1.517,MISMATCH,sarmaaya
UPFL,2023,Sales,34586732,34586732.0,1.000,EXACT,dps
UPFL,2023,PAT,9744030,9744030.0,1.000,EXACT,dps
NONS,2023,Sales,9280031,9280031.0,1.000,EXACT,dps
NONS,2023,PAT,419313,464007.0,0.904,EXACT,dps
JDMT,2022,Sales,7155722,7155722.0,1.000,EXACT,dps
GSKCH,2018,Sales,14875267.507,14875268.0,1.000,EXACT,dps
GSKCH,2018,PAT,1074551.943,1074553.0,1.000,EXACT,dps
PRWM,2022,PAT,349904.297,349904.0,1.000,EXACT,dps
PGLC,2022,PAT,146970.027,146979.0,1.000,EXACT,dps
DADX,2025,Sales,780943,780943.0,1.000,EXACT,dps
DADX,2025,TA,2873304,3235030.0,0.888,tight,sarmaaya
DADX,2025,TL,2438500,2800226.0,0.871,tight,sarmaaya
DADX,2025,Eq,434804,434804.0,1.000,EXACT,sarmaaya
DADX,2025,CA,530069,530069.0,1.000,EXACT,sarmaaya
DADX,2025,Sales,780943,780943.0,1.000,EXACT,sarmaaya
DADX,2025,COGS,-826617,854274.0,0.968,EXACT,sarmaaya
DADX,2025,PAT,-407047,-407047.0,1.000,EXACT,sarmaaya
ENGRO,2022,PAT,21196420.0,21196420.0,1.000,EXACT,dps
KEL,2021,Sales,325048549,325048549.0,1.000,EXACT,dps
KEL,2021,TA,835677422,200387209.0,4.170,WARN,sarmaaya
KEL,2021,TL,611725906,200387209.0,3.053,WARN,sarmaaya
KEL,2021,Eq,223951516,200387209.0,1.118,tight,sarmaaya
KEL,2021,CA,408024316,200387209.0,2.036,loose,sarmaaya
PHDL,2024,Sales,728524,728524.0,1.000,EXACT,dps
PHDL,2024,PAT,446877,446877.0,1.000,EXACT,dps
CCM,2025,Sales,5573501.0,5573501.0,1.000,EXACT,dps
CCM,2025,PAT,6489.0,6489.0,1.000,EXACT,dps
CCM,2025,TA,8410512,9089906.0,0.925,EXACT,sarmaaya
CCM,2025,TL,2143395,2294597.0,0.934,EXACT,sarmaaya
CCM,2025,Eq,6271117,6616495.0,0.948,EXACT,sarmaaya
CCM,2025,CA,2955889,3187926.0,0.927,EXACT,sarmaaya
CCM,2025,Sales,5573501.0,5982332.0,0.932,EXACT,sarmaaya
CCM,2025,COGS,-5141580.0,5551809.0,0.926,EXACT,sarmaaya
CCM,2025,PAT,6489.0,2171.0,2.989,WARN,sarmaaya
CYAN,2024,TA,2234384,2262869.0,0.987,EXACT,sarmaaya
CYAN,2024,TL,265962,294447.0,0.903,EXACT,sarmaaya
CYAN,2024,Eq,1968422,1968422.0,1.000,EXACT,sarmaaya
CYAN,2024,CA,1450671,1450671.0,1.000,EXACT,sarmaaya
SHDT,2022,Sales,5297444,5297444.0,1.000,EXACT,dps
ARM,2021,PAT,227521.0,227521.0,1.000,EXACT,dps
JSGCL,2022,PAT,76121.264,76121.0,1.000,EXACT,dps
GHGL,2025,TA,52436257.665,52726006.0,0.995,EXACT,sarmaaya
GHGL,2025,TL,13541644.033,13831392.0,0.979,EXACT,sarmaaya
GHGL,2025,Eq,38894613.632,38894614.0,1.000,EXACT,sarmaaya
GHGL,2025,CA,30501097.899,30501098.0,1.000,EXACT,sarmaaya
GHGL,2025,COGS,-33309083.408,33842868.0,0.984,EXACT,sarmaaya
MSOT,2025,Sales,59201769,59201769.0,1.000,EXACT,dps
MSOT,2025,PAT,131279,131279.0,1.000,EXACT,dps
MSOT,2025,TA,54310797,54563538.0,0.995,EXACT,sarmaaya
MSOT,2025,TL,37171466,39746936.0,0.935,EXACT,sarmaaya
MSOT,2025,Eq,17139331,14816602.0,1.157,tight,sarmaaya
MSOT,2025,CA,38403772,38403772.0,1.000,EXACT,sarmaaya
MSOT,2025,Sales,59201769,59201769.0,1.000,EXACT,sarmaaya
MSOT,2025,COGS,-50181120,50388720.0,0.996,EXACT,sarmaaya
MSOT,2025,PAT,131279,131279.0,1.000,EXACT,sarmaaya
LPGL,2025,Sales,1628612,1628612.0,1.000,EXACT,dps
MLCF,2023,Sales,62075259,62075259.0,1.000,EXACT,dps
MLCF,2023,PAT,4491669,4491670.0,1.000,EXACT,dps
MLCF,2024,Sales,66452348.0,66452348.0,1.000,EXACT,dps
MLCF,2024,PAT,5272527.0,5272527.0,1.000,EXACT,dps
SANSM,2024,Sales,5415294,5415294.0,1.000,EXACT,dps
SANSM,2024,PAT,104883.0,104883.0,1.000,EXACT,dps
SANSM,2024,TA,5308643,5511179.0,0.963,EXACT,sarmaaya
SANSM,2024,TL,3399719,3602255.0,0.944,EXACT,sarmaaya
SANSM,2024,Eq,1908924,1908924.0,1.000,EXACT,sarmaaya
SANSM,2024,CA,1882399,1882399.0,1.000,EXACT,sarmaaya
PAKMI,2019,PAT,514.0,514.0,1.000,EXACT,dps
ATRL,2022,Sales,261983815,261983815.0,1.000,EXACT,dps
SPWL,2025,PAT,336104.0,336104.0,1.000,EXACT,dps
SPWL,2025,TA,17138812.313,17138812.0,1.000,EXACT,sarmaaya
SPWL,2025,Eq,10410991.948,10410992.0,1.000,EXACT,sarmaaya
SPWL,2025,CA,6180041.213,6180041.0,1.000,EXACT,sarmaaya
SPWL,2025,COGS,-8924933.279,8957720.0,0.996,EXACT,sarmaaya
SPWL,2025,PAT,336104.0,-38448.0,-8.742,MISMATCH,sarmaaya
GADT,2023,Sales,57997240,57997240.0,1.000,EXACT,dps
GADT,2023,PAT,3291867,3291867.0,1.000,EXACT,dps
ARPL,2023,Sales,34900100.0,30012733.0,1.163,tight,dps
FZCM,2022,Sales,65406262,65406262.0,1.000,EXACT,dps
FZCM,2022,PAT,4610255,4610255.0,1.000,EXACT,dps
SNGP,2024,Sales,1532911219,1532911219.0,1.000,EXACT,dps
SNGP,2024,PAT,18976540,18976540.0,1.000,EXACT,dps
SNGP,2024,TA,1642407924,1679697445.0,0.978,EXACT,sarmaaya
SNGP,2024,Eq,64192818.0,64192818.0,1.000,EXACT,sarmaaya
SNGP,2024,CA,1323680958,1323680958.0,1.000,EXACT,sarmaaya
TPLI,2022,PAT,18263.547,18264.0,1.000,EXACT,dps
SAIF,2025,Sales,11593946,11593946.0,1.000,EXACT,dps
SAIF,2025,PAT,11566.0,11566.0,1.000,EXACT,dps
SAIF,2025,TA,14321175,15210411.0,0.942,EXACT,sarmaaya
SAIF,2025,TL,10573965,11459007.0,0.923,EXACT,sarmaaya
SAIF,2025,Eq,3747210,3747210.0,1.000,EXACT,sarmaaya
SAIF,2025,CA,6654355,6654355.0,1.000,EXACT,sarmaaya
SAIF,2025,Sales,11593946,11593946.0,1.000,EXACT,sarmaaya
SAIF,2025,COGS,-10360442,10369473.0,0.999,EXACT,sarmaaya
SAIF,2025,PAT,11566.0,-388321.0,-0.030,MISMATCH,sarmaaya
PTC,2023,PAT,9390543,9390543.0,1.000,EXACT,dps
AGL,2025,Sales,35880000,35880378.0,1.000,EXACT,dps
AGL,2025,PAT,2894835.434,2894835.0,1.000,EXACT,dps
AGL,2025,TA,92844000,99551593.0,0.933,EXACT,sarmaaya
AGL,2025,TL,73895000,80602131.0,0.917,EXACT,sarmaaya
AGL,2025,Eq,18949000,18949462.0,1.000,EXACT,sarmaaya
AGL,2025,CA,21582000,21582159.0,1.000,EXACT,sarmaaya
AGL,2025,Sales,35880000,35880379.0,1.000,EXACT,sarmaaya
AGL,2025,COGS,-29838000,30007269.0,0.994,EXACT,sarmaaya
AGL,2025,PAT,2894835.434,2894835.0,1.000,EXACT,sarmaaya
FFC,2025,Sales,432410443,432410443.0,1.000,EXACT,dps
FFC,2025,PAT,73564267,73564267.0,1.000,EXACT,dps
FFC,2025,TA,437485133,613298162.0,0.713,loose,sarmaaya
FFC,2025,TL,301901608,348444988.0,0.866,tight,sarmaaya
FFC,2025,Eq,135583525,259867266.0,0.522,loose,sarmaaya
FFC,2025,CA,275652281,327864310.0,0.841,tight,sarmaaya
FFC,2025,Sales,432410443,483807560.0,0.894,tight,sarmaaya
FFC,2025,COGS,-301799729,342179101.0,0.882,tight,sarmaaya
FFC,2025,PAT,73564267,83170819.0,0.884,tight,sarmaaya
DFSM,2025,Sales,219248.591,219249.0,1.000,EXACT,dps
IBFL,2024,CA,111818000.0,50158159.0,2.229,loose,sarmaaya
NAGC,2022,PAT,1812561.926,1812562.0,1.000,EXACT,dps
SGF,2025,Sales,19886480,19886480.0,1.000,EXACT,dps
SGF,2025,PAT,1935040,1935040.0,1.000,EXACT,dps
SGF,2025,TA,20679460,20939669.0,0.988,EXACT,sarmaaya
SGF,2025,TL,12284805.0,12548658.0,0.979,EXACT,sarmaaya
SGF,2025,Eq,8394655,8391011.0,1.000,EXACT,sarmaaya
SGF,2025,CA,10659681,10995345.0,0.969,EXACT,sarmaaya
SGF,2025,Sales,19886480,19935066.0,0.998,EXACT,sarmaaya
SGF,2025,COGS,-16428271,16061057.0,1.023,EXACT,sarmaaya
SGF,2025,PAT,1935040,1937230.0,0.999,EXACT,sarmaaya
BYCO,2018,Sales,166290362,166290362.0,1.000,EXACT,dps
NSRM,2024,TL,711542.752,719115.0,0.989,EXACT,sarmaaya
NSRM,2024,Eq,1470861.314,1470861.0,1.000,EXACT,sarmaaya
SERT,2022,Sales,1341765.0,1341765.0,1.000,EXACT,dps
PACE,2025,Sales,1166876,1166876.0,1.000,EXACT,dps
PACE,2025,PAT,526690.0,526690.0,1.000,EXACT,dps
PACE,2025,TA,7517672,16442206.999999998,0.457,loose,sarmaaya
PACE,2025,TL,8735924,11558141.0,0.756,tight,sarmaaya
PACE,2025,Eq,-1218252,780529.0,-1.561,MISMATCH,sarmaaya
PACE,2025,CA,2356556,5533805.0,0.426,loose,sarmaaya
PACE,2025,Sales,1166876,1601853.0,0.728,loose,sarmaaya
PACE,2025,COGS,-702372,1460968.0,0.481,loose,sarmaaya
PACE,2025,PAT,526690.0,-317773.0,-1.657,MISMATCH,sarmaaya
NICL,2023,PAT,1837650.319,1837650.0,1.000,EXACT,dps
FANM,2025,PAT,2413.07,2413.0,1.000,EXACT,dps
SFL,2023,Sales,46446990.548,46446991.0,1.000,EXACT,dps
SFL,2023,PAT,5120786.78,5120787.0,1.000,EXACT,dps
PKGP,2022,Sales,45833179,45833179.0,1.000,EXACT,dps
AIRLINK,2025,TA,38453351.018,63902520.0,0.602,loose,sarmaaya
AIRLINK,2025,TL,24009398.774,46658376.0,0.515,loose,sarmaaya
AIRLINK,2025,Eq,14443952.244,17244144.0,0.838,tight,sarmaaya
AIRLINK,2025,CA,28339065.887,50457439.0,0.562,loose,sarmaaya
BHAT,2024,Sales,33057244.654,33057245.0,1.000,EXACT,dps
BHAT,2024,TA,26664941.156,26664941.0,1.000,EXACT,sarmaaya
BHAT,2024,TL,15801827.474,15250496.0,1.036,EXACT,sarmaaya
BHAT,2024,Eq,10863113.682,10682495.0,1.017,EXACT,sarmaaya
BHAT,2024,CA,17548239.301,17548239.0,1.000,EXACT,sarmaaya
TRPOL,2019,Sales,386812.277,386812.0,1.000,EXACT,dps
TRPOL,2019,PAT,52671.854,52672.0,1.000,EXACT,dps
PINL,2024,TA,3005670,3005670.0,1.000,EXACT,sarmaaya
PINL,2024,TL,1743389,1806619.0,0.965,EXACT,sarmaaya
PINL,2024,Eq,1199051,1199051.0,1.000,EXACT,sarmaaya
NCPL,2025,Sales,5566149,5566149.0,1.000,EXACT,dps
NCPL,2025,PAT,4912312.0,4912312.0,1.000,EXACT,dps
NCPL,2025,TA,24332254,24332254.0,1.000,EXACT,sarmaaya
NCPL,2025,TL,1105234,1105234.0,1.000,EXACT,sarmaaya
NCPL,2025,Eq,23227020,23227020.0,1.000,EXACT,sarmaaya
NCPL,2025,CA,15744879,15744879.0,1.000,EXACT,sarmaaya
NCPL,2025,Sales,5566149,5566149.0,1.000,EXACT,sarmaaya
NCPL,2025,COGS,-3409627,3461293.0,0.985,EXACT,sarmaaya
NCPL,2025,PAT,4912312.0,-3375920.0,-1.455,MISMATCH,sarmaaya
PRL,2024,Sales,305539679,305539679.0,1.000,EXACT,dps
PRL,2024,PAT,1824967.0,1824967.0,1.000,EXACT,dps
PRL,2024,CA,77148576.0,77148576.0,1.000,EXACT,sarmaaya
ATRL,2024,Sales,382916673,382916673.0,1.000,EXACT,dps
ATRL,2024,PAT,25243861,25243861.0,1.000,EXACT,dps
ATRL,2024,TA,214088133,229840986.0,0.931,EXACT,sarmaaya
ATRL,2024,CA,136229582,136447455.0,0.998,EXACT,sarmaaya
LPL,2025,TA,11731576,11731576.0,1.000,EXACT,sarmaaya
LPL,2025,TL,189208,189208.0,1.000,EXACT,sarmaaya
LPL,2025,Eq,11542368,11542368.0,1.000,EXACT,sarmaaya
LPL,2025,CA,9843597,9843597.0,1.000,EXACT,sarmaaya
ANTM,2024,Sales,3460089,3460089.0,1.000,EXACT,dps
JSML,2022,Sales,5180431.166,5180431.0,1.000,EXACT,dps
JSML,2022,PAT,127721.139,127721.0,1.000,EXACT,dps
EMCO,2022,Sales,2586227.053,2586227.0,1.000,EXACT,dps
SINDM,2022,PAT,66313.222,66313.0,1.000,EXACT,dps
TGL,2025,TA,27822985.945,27908017.0,0.997,EXACT,sarmaaya
TGL,2025,TL,5403120.503,5488152.0,0.985,EXACT,sarmaaya
TGL,2025,Eq,22419865.442,22419865.0,1.000,EXACT,sarmaaya
TGL,2025,CA,13232575.306,13232575.0,1.000,EXACT,sarmaaya
TGL,2025,Sales,33561951.336,33561951.0,1.000,EXACT,sarmaaya
TGL,2025,COGS,-23147260.545,23635506.0,0.979,EXACT,sarmaaya
SINDM,2024,PAT,201330.52,201331.0,1.000,EXACT,dps
SIEM,2023,Sales,29351725,29351725.0,1.000,EXACT,dps
SIEM,2023,PAT,970844,1680849.0,0.578,loose,dps
COLG,2023,Sales,91459504,91459504.0,1.000,EXACT,dps
COLG,2023,PAT,10409994,10409994.0,1.000,EXACT,dps
ARUJ,2023,Sales,857996.198,857996.0,1.000,EXACT,dps
INKL,2025,Sales,1210573.713,1210573.0,1.000,EXACT,dps
INKL,2025,PAT,30858.562,30859.0,1.000,EXACT,dps
PMRS,2025,Sales,1981322,1981322.0,1.000,EXACT,dps
PMRS,2025,PAT,72984.0,72984.0,1.000,EXACT,dps
PMRS,2025,TA,5289618,41850405.0,0.126,WARN,sarmaaya
PMRS,2025,TL,4004209,30042505.0,0.133,WARN,sarmaaya
PMRS,2025,Eq,1285409,4374835.0,0.294,WARN,sarmaaya
PMRS,2025,CA,1718998,14012020.0,0.123,WARN,sarmaaya
PMRS,2025,Sales,1981322,29861424.0,0.066,MISMATCH,sarmaaya
PMRS,2025,COGS,1977691,28556702.0,0.069,MISMATCH,sarmaaya
PMRS,2025,PAT,72984.0,-2292905.0,-0.032,MISMATCH,sarmaaya
JSML,2023,Sales,6925893,6925893.0,1.000,EXACT,dps
JSML,2023,PAT,212233,212233.0,1.000,EXACT,dps
FFL,2023,Sales,19809035.759,19809036.0,1.000,EXACT,dps
FFL,2023,PAT,605111.661,605112.0,1.000,EXACT,dps
SURC,2024,Sales,29744290,29744290.0,1.000,EXACT,dps
SURC,2024,PAT,1006418,1006418.0,1.000,EXACT,dps
SURC,2024,TA,22846953,23067164.0,0.990,EXACT,sarmaaya
SURC,2024,TL,10711941,10385631.0,1.031,EXACT,sarmaaya
SURC,2024,Eq,12135012,12135012.0,1.000,EXACT,sarmaaya
SURC,2024,CA,12841778,12864243.0,0.998,EXACT,sarmaaya
HASCOL,2022,Sales,71166729.0,70973746.0,1.003,EXACT,dps
FEROZ,2024,Sales,12711714.096,12711714.0,1.000,EXACT,dps
FEROZ,2024,PAT,400054.277,400054.0,1.000,EXACT,dps
FEROZ,2024,TA,21749621.603,21906848.0,0.993,EXACT,sarmaaya
FEROZ,2024,TL,9929437.272,9609758.0,1.033,EXACT,sarmaaya
FEROZ,2024,Eq,11820184.331,11228307.0,1.053,EXACT,sarmaaya
FEROZ,2024,CA,9783204.433,9783204.0,1.000,EXACT,sarmaaya
NETSOL,2024,Sales,9280647,9280647.0,1.000,EXACT,dps
NETSOL,2024,PAT,1384159,1384159.0,1.000,EXACT,dps
NETSOL,2024,TA,14372236,13919353.0,1.033,EXACT,sarmaaya
NETSOL,2024,CA,1828951,12622674.0,0.145,WARN,sarmaaya
MUBT,2024,PAT,6621.0,6621.0,1.000,EXACT,dps
NONS,2022,Sales,11965974,11965974.0,1.000,EXACT,dps
MDTL,2024,Sales,67244.759,67245.0,1.000,EXACT,dps
MDTL,2024,TA,236667.538,236668.0,1.000,EXACT,sarmaaya
MDTL,2024,TL,1290632.469,1290632.0,1.000,EXACT,sarmaaya
MDTL,2024,Eq,-1053964.931,-1053965.0,1.000,EXACT,sarmaaya
MDTL,2024,CA,34179.523,34180.0,1.000,EXACT,sarmaaya
RMPL,2025,Sales,73362632,73362632.0,1.000,EXACT,dps
RMPL,2025,PAT,6534843,6534843.0,1.000,EXACT,dps
RMPL,2025,TA,59174129,59608039.0,0.993,EXACT,sarmaaya
RMPL,2025,TL,30008248,30375638.0,0.988,EXACT,sarmaaya
RMPL,2025,Eq,29165881,29165881.0,1.000,EXACT,sarmaaya
RMPL,2025,CA,47468624,47468624.0,1.000,EXACT,sarmaaya
RMPL,2025,Sales,73362632,73362632.0,1.000,EXACT,sarmaaya
RMPL,2025,COGS,-59551885,60207594.0,0.989,EXACT,sarmaaya
RMPL,2025,PAT,6534843,6534843.0,1.000,EXACT,sarmaaya
GFIL,2022,Sales,8633337.465,8633337.0,1.000,EXACT,dps
MFFL,2024,Sales,2642163.811,2642164.0,1.000,EXACT,dps
TELE,2024,Sales,2294683,2294683.0,1.000,EXACT,dps
TELE,2024,PAT,248402,248402.0,1.000,EXACT,dps
AWWAL,2020,PAT,102646.351,102646.0,1.000,EXACT,dps
AKGL,2024,Sales,1278485.442,1278485.0,1.000,EXACT,dps
AKGL,2024,PAT,27253.316,27253.0,1.000,EXACT,dps
FTSM,2024,PAT,1661753.0,354169.0,4.692,MISMATCH,dps
RUPL,2025,Sales,6162278,6162278.0,1.000,EXACT,dps
RUPL,2025,PAT,861092.0,861092.0,1.000,EXACT,dps
RUPL,2025,TA,12014783,12014783.0,1.000,EXACT,sarmaaya
RUPL,2025,TL,6117923,6117923.0,1.000,EXACT,sarmaaya
RUPL,2025,Eq,5896860,5896860.0,1.000,EXACT,sarmaaya
RUPL,2025,CA,2783572,2783572.0,1.000,EXACT,sarmaaya
RUPL,2025,Sales,6162278,6162278.0,1.000,EXACT,sarmaaya
RUPL,2025,COGS,7241472,7256641.0,0.998,EXACT,sarmaaya
RUPL,2025,PAT,861092.0,-1526382.0,-0.564,MISMATCH,sarmaaya
HSPI,2019,Sales,501103,501103.0,1.000,EXACT,dps
RMPL,2022,Sales,58757773,58755773.0,1.000,EXACT,dps
RMPL,2022,PAT,6179385,6179385.0,1.000,EXACT,dps
BWHL,2022,PAT,208238.0,208238.0,1.000,EXACT,dps
TRG,2024,TA,40582030,40582068.0,1.000,EXACT,sarmaaya
TRG,2024,TL,7296013,7296051.0,1.000,EXACT,sarmaaya
TRG,2024,Eq,33286017,33286017.0,1.000,EXACT,sarmaaya
TRG,2024,CA,36175,36175.0,1.000,EXACT,sarmaaya
BOK,2025,PAT,5815763,5815763.0,1.000,EXACT,dps
BOK,2025,TA,453299614,454488838.0,0.997,EXACT,sarmaaya
BOK,2025,TL,429622924,430812148.0,0.997,EXACT,sarmaaya
BOK,2025,Eq,23676690,23676690.0,1.000,EXACT,sarmaaya
BOK,2025,PAT,5815763,5815763.0,1.000,EXACT,sarmaaya
EFUL,2025,PAT,2442123,2442123.0,1.000,EXACT,dps
SALT,2020,PAT,234440.0,234440.0,1.000,EXACT,dps
PHDL,2025,TA,1417322,1417322.0,1.000,EXACT,sarmaaya
PHDL,2025,TL,24186,24186.0,1.000,EXACT,sarmaaya
PHDL,2025,Eq,1393136,1393136.0,1.000,EXACT,sarmaaya
PHDL,2025,CA,1416777,1416777.0,1.000,EXACT,sarmaaya
EFOODS,2017,PAT,379297.0,379297.0,1.000,EXACT,dps
AHL,2025,PAT,979261.988,979262.0,1.000,EXACT,dps
AHL,2025,TA,7177154.031,7203768.0,0.996,EXACT,sarmaaya
AHL,2025,TL,5251410.303,5255514.0,0.999,EXACT,sarmaaya
AHL,2025,Eq,1925743.728,1948254.0,0.988,EXACT,sarmaaya
AHL,2025,CA,6856268.77,6881475.0,0.996,EXACT,sarmaaya
AHL,2025,PAT,979261.988,981529.0,0.998,EXACT,sarmaaya
PIM,2024,PAT,24696.01,24696.0,1.000,EXACT,dps
PIAA,2022,Sales,172038132,172038132.0,1.000,EXACT,dps
CFL,2024,Sales,6499839.404,6499839.0,1.000,EXACT,dps
CFL,2024,TA,6803994.938,6994277.0,0.973,EXACT,sarmaaya
CFL,2024,CA,1905733.659,2359364.0,0.808,tight,sarmaaya
AWWAL,2021,PAT,41028.192,41028.0,1.000,EXACT,dps
SAIF,2023,Sales,11692412,11692412.0,1.000,EXACT,dps
HAEL,2024,Sales,521605.594,521606.0,1.000,EXACT,dps
HAEL,2024,PAT,18934.0,18934.0,1.000,EXACT,dps
DADX,2024,Sales,1119264,1119264.0,1.000,EXACT,dps
DADX,2024,TA,2774930,2832216.0,0.980,EXACT,sarmaaya
DADX,2024,TL,2263040,2320326.0,0.975,EXACT,sarmaaya
DADX,2024,Eq,511890,511890.0,1.000,EXACT,sarmaaya
DADX,2024,CA,716087,716087.0,1.000,EXACT,sarmaaya
ELCM,2024,Sales,960658.145,960658.0,1.000,EXACT,dps
ELCM,2024,PAT,820.0,820.0,1.000,EXACT,dps
ELCM,2024,TA,259290.797,259291.0,1.000,EXACT,sarmaaya
ELCM,2024,TL,174802.372,174802.0,1.000,EXACT,sarmaaya
ELCM,2024,Eq,84488.425,84488.0,1.000,EXACT,sarmaaya
ELCM,2024,CA,75427.175,75427.0,1.000,EXACT,sarmaaya
KOHC,2023,PAT,5820751.145,5820751.0,1.000,EXACT,dps
MEBL,2023,PAT,86023136,84475642.0,1.018,EXACT,dps
IDYM,2024,TA,43860421,83044561.0,0.528,loose,sarmaaya
IDYM,2024,TL,20011245,50627012.0,0.395,WARN,sarmaaya
IDYM,2024,Eq,23849176,31947595.0,0.747,loose,sarmaaya
IDYM,2024,CA,24221402,42531616.0,0.569,loose,sarmaaya
KOHE,2024,Sales,10009893,10009893.0,1.000,EXACT,dps
KOHE,2024,PAT,1600498,1600498.0,1.000,EXACT,dps
KOHE,2024,TA,7731752,7731752.0,1.000,EXACT,sarmaaya
KOHE,2024,CA,5346386,5346386.0,1.000,EXACT,sarmaaya
KTML,2025,Sales,59414125,59414125.0,1.000,EXACT,dps
KTML,2025,PAT,2749816,2749816.0,1.000,EXACT,dps
KTML,2025,TA,54564353,192046552.0,0.284,WARN,sarmaaya
KTML,2025,TL,22581981,85399019.0,0.264,WARN,sarmaaya
KTML,2025,Eq,31982372,74715041.0,0.428,loose,sarmaaya
KTML,2025,CA,18978912,90130449.0,0.211,WARN,sarmaaya
KTML,2025,Sales,59414125,127900399.0,0.465,loose,sarmaaya
KTML,2025,COGS,-49611747,93251535.0,0.532,loose,sarmaaya
KTML,2025,PAT,2749816,16478710.0,0.167,WARN,sarmaaya
THCCL,2025,Sales,7566414,7566414.0,1.000,EXACT,dps
THCCL,2025,PAT,2555583,2556583.0,1.000,EXACT,dps
THCCL,2025,TA,9515091,12688212.0,0.750,loose,sarmaaya
THCCL,2025,TL,2816640,4527846.0,0.622,loose,sarmaaya
THCCL,2025,Eq,6698451,7981753.0,0.839,tight,sarmaaya
THCCL,2025,CA,5145947,7339044.0,0.701,loose,sarmaaya
THCCL,2025,Sales,7566414,9443838.0,0.801,tight,sarmaaya
THCCL,2025,COGS,-5415712,6698612.0,0.808,tight,sarmaaya
THCCL,2025,PAT,2555583,2396086.0,1.067,EXACT,sarmaaya
BOP,2023,PAT,11339185,11339185.0,1.000,EXACT,dps
DFML,2025,Sales,1405314,1405314.0,1.000,EXACT,dps
DFML,2025,CA,2597002.0,2597664.0,1.000,EXACT,sarmaaya
DFML,2025,Sales,1405314,1405314.0,1.000,EXACT,sarmaaya
DFML,2025,COGS,-1706186,1714846.0,0.995,EXACT,sarmaaya
DFML,2025,PAT,-578443,-578443.0,1.000,EXACT,sarmaaya
RMPL,2024,Sales,69922596,69922596.0,1.000,EXACT,dps
RMPL,2024,PAT,7475113,7475113.0,1.000,EXACT,dps
FLYNG,2024,TA,25361291.229,25645273.0,0.989,EXACT,sarmaaya
FLYNG,2024,TL,13017727.667,13358746.0,0.974,EXACT,sarmaaya
FLYNG,2024,Eq,12343563.562,12286528.0,1.005,EXACT,sarmaaya
FLYNG,2024,CA,2153922.543,2153923.0,1.000,EXACT,sarmaaya
GFIL,2025,Sales,594031.456,594031.0,1.000,EXACT,dps
GFIL,2025,PAT,7624.0,7624.0,1.000,EXACT,dps
OTSU,2025,Sales,3779518,3779518.0,1.000,EXACT,dps
OTSU,2025,PAT,27677,27677.0,1.000,EXACT,dps
OTSU,2025,TA,2548485,2548485.0,1.000,EXACT,sarmaaya
OTSU,2025,TL,1852706,1852706.0,1.000,EXACT,sarmaaya
OTSU,2025,Eq,695779,695779.0,1.000,EXACT,sarmaaya
OTSU,2025,CA,1838425,1838425.0,1.000,EXACT,sarmaaya
OTSU,2025,Sales,3779518,3779518.0,1.000,EXACT,sarmaaya
OTSU,2025,COGS,-2916119,2946243.0,0.990,EXACT,sarmaaya
OTSU,2025,PAT,27677,27677.0,1.000,EXACT,sarmaaya
CRTM,2023,Sales,19891361.0,19891361.0,1.000,EXACT,dps
RMPL,2023,Sales,65466700,65466700.0,1.000,EXACT,dps
RMPL,2023,PAT,6912778,6912778.0,1.000,EXACT,dps
SHFA,2022,Sales,16197551.0,16197551.0,1.000,EXACT,dps
SHFA,2022,PAT,1162549,1162549.0,1.000,EXACT,dps
MCB,2025,PAT,58775408,54195134.0,1.085,EXACT,dps
MCB,2025,TA,3247056962,3578741706.0,0.907,EXACT,sarmaaya
MCB,2025,TL,2931315736,3241563045.0,0.904,EXACT,sarmaaya
MCB,2025,Eq,315741226,336410430.0,0.939,EXACT,sarmaaya
MCB,2025,PAT,58775408,58415056.0,1.006,EXACT,sarmaaya
CSIL,2023,PAT,68103.151,68103.0,1.000,EXACT,dps
PACE,2024,Sales,2056244,2056244.0,1.000,EXACT,dps
DAWH,2020,PAT,3727994,3727994.0,1.000,EXACT,dps
KHYT,2023,Sales,27103.5,27104.0,1.000,EXACT,dps
SSGC,2023,Sales,449501179,451479771.0,0.996,EXACT,dps
PSEL,2022,Sales,11988488.0,11988488.0,1.000,EXACT,dps
PSEL,2022,TA,66697.503,1709342.0,0.039,MISMATCH,sarmaaya
PSEL,2022,TL,22917.811,1709342.0,0.013,MISMATCH,sarmaaya
PSEL,2022,Eq,43779.692,1709342.0,0.026,MISMATCH,sarmaaya
PSEL,2022,CA,13711.86,1709342.0,0.008,MISMATCH,sarmaaya
SITC,2024,PAT,585507.646,585508.0,1.000,EXACT,dps
SITC,2024,TA,40510869.525,41046634.0,0.987,EXACT,sarmaaya
SITC,2024,TL,22446782.766,22837153.0,0.983,EXACT,sarmaaya
SITC,2024,Eq,18064086.759,18064087.0,1.000,EXACT,sarmaaya
SITC,2024,CA,13733615.609,13733616.0,1.000,EXACT,sarmaaya
PCAL,2022,Sales,21167659,21167659.0,1.000,EXACT,dps
SALT,2017,Sales,5284257.682,5284258.0,1.000,EXACT,dps
FHAM,2025,TA,34749383.669,34774779.0,0.999,EXACT,sarmaaya
FHAM,2025,TL,28965313.131,28990709.0,0.999,EXACT,sarmaaya
FHAM,2025,Eq,5784070.538,5784071.0,1.000,EXACT,sarmaaya
FHAM,2025,CA,13268439.211,13268439.0,1.000,EXACT,sarmaaya
MSOT,2023,Sales,60105873,60105873.0,1.000,EXACT,dps
MSOT,2023,PAT,2276040.0,2276040.0,1.000,EXACT,dps
FRSM,2025,TA,5978580.792,6997472.0,0.854,tight,sarmaaya
FRSM,2025,CA,1322179.35,1315948.0,1.005,EXACT,sarmaaya
FRSM,2025,COGS,-10912130.722,10947367.0,0.997,EXACT,sarmaaya
INIL,2023,Sales,26786770,26786770.0,1.000,EXACT,dps
INIL,2023,PAT,2272936,2272936.0,1.000,EXACT,dps
DOL,2023,Sales,6721346,6721346.0,1.000,EXACT,dps
DOL,2023,PAT,1400634,1400634.0,1.000,EXACT,dps
IDSM,2023,Sales,6859842,6859842.0,1.000,EXACT,dps
SFL,2024,TA,56275598.0,81654898.0,0.689,loose,sarmaaya
SFL,2024,Eq,34560084.0,48400748.0,0.714,loose,sarmaaya
SFL,2024,CA,29653645.0,46066385.0,0.644,loose,sarmaaya
HSPI,2021,Sales,113780.0,97243.0,1.170,tight,dps
ANTM,2022,Sales,2806815,2806815.0,1.000,EXACT,dps
PAKD,2023,PAT,289861.508,289862.0,1.000,EXACT,dps
PICT,2023,Sales,6392051,12024182.0,0.532,loose,dps
PICT,2023,PAT,2729440.0,2729440.0,1.000,EXACT,dps
PTL,2025,TA,24887139.998,24887140.0,1.000,EXACT,sarmaaya
PTL,2025,CA,24196244.566,11740926.0,2.061,loose,sarmaaya
DSIL,2024,PAT,28602.0,28602.0,1.000,EXACT,dps
ATIL,2023,PAT,1007167,1007167.0,1.000,EXACT,dps
NATF,2025,Sales,101306925,44587462.0,2.272,loose,dps
HSPI,2022,Sales,134317,134317.0,1.000,EXACT,dps
HSPI,2022,PAT,2205.0,2205.0,1.000,EXACT,dps
FIMM,2024,Sales,1260138.291,1260138.0,1.000,EXACT,dps
DGKC,2023,Sales,64983821,64983821.0,1.000,EXACT,dps
DGKC,2023,PAT,2972132.0,2972132.0,1.000,EXACT,dps
GADT,2024,Sales,72723982,72723982.0,1.000,EXACT,dps
GADT,2024,PAT,794548,794548.0,1.000,EXACT,dps
THCCL,2024,Sales,7521577,7521577.0,1.000,EXACT,dps
THCCL,2024,PAT,1501037,1501037.0,1.000,EXACT,dps
THCCL,2024,TA,7626581,9889439.0,0.771,tight,sarmaaya
THCCL,2024,TL,3417393,3795591.0,0.900,EXACT,sarmaaya
THCCL,2024,Eq,4209188,5272568.0,0.798,tight,sarmaaya
THCCL,2024,CA,5076455,5743497.0,0.884,tight,sarmaaya
DAAG,2022,Sales,202622.43,202622.0,1.000,EXACT,dps
HUSI,2024,Sales,362867.918,362868.0,1.000,EXACT,dps
HUSI,2024,PAT,30346.812,30347.0,1.000,EXACT,dps
BIFO,2025,PAT,389489.921,389490.0,1.000,EXACT,dps
BIFO,2025,CA,2144143.343,2144143.0,1.000,EXACT,sarmaaya
BIFO,2025,COGS,-1865125.936,1910188.0,0.976,EXACT,sarmaaya
BIFO,2025,PAT,389489.921,389490.0,1.000,EXACT,sarmaaya
PPVC,2022,Sales,12047.503,12048.0,1.000,EXACT,dps
TGL,2024,TA,28128182.17,28211328.0,0.997,EXACT,sarmaaya
TGL,2024,TL,9504554.932,9587701.0,0.991,EXACT,sarmaaya
TGL,2024,CA,12245826.804,12245827.0,1.000,EXACT,sarmaaya
ALNRS,2022,Sales,10546358,10546358.0,1.000,EXACT,dps
TRIPF,2025,PAT,979118.0,979118.0,1.000,EXACT,dps
TRIPF,2025,TA,33449700,33449699.999999996,1.000,EXACT,sarmaaya
TRIPF,2025,TL,28682593,28280001.0,1.014,EXACT,sarmaaya
TRIPF,2025,Eq,4767107,4767107.0,1.000,EXACT,sarmaaya
TRIPF,2025,CA,12896561,12896561.0,1.000,EXACT,sarmaaya
TRIPF,2025,PAT,979118.0,-366734.0,-2.670,MISMATCH,sarmaaya
BNL,2024,TA,4142143.796,4268808.0,0.970,EXACT,sarmaaya
BNL,2024,TL,2315951.542,2417012.0,0.958,EXACT,sarmaaya
BNL,2024,Eq,1826192.254,1826192.0,1.000,EXACT,sarmaaya
BNL,2024,CA,1382831.109,1382831.0,1.000,EXACT,sarmaaya
SEARL,2024,Sales,25827210,25827210.0,1.000,EXACT,dps
SEARL,2024,PAT,302137.0,302137.0,1.000,EXACT,dps
SEARL,2024,TA,50471882,64195879.0,0.786,tight,sarmaaya
SEARL,2024,TL,21376953,29750882.0,0.719,loose,sarmaaya
SEARL,2024,Eq,29094929,32531223.0,0.894,tight,sarmaaya
SEARL,2024,CA,18311549,20399487.0,0.898,tight,sarmaaya
MERIT,2023,Sales,6340623.574,6340624.0,1.000,EXACT,dps
STJT,2024,Sales,7953428.0,7953428.0,1.000,EXACT,dps
STJT,2024,TA,4450670.0,4450670.0,1.000,EXACT,sarmaaya
STJT,2024,TL,2658428.0,2658428.0,1.000,EXACT,sarmaaya
STJT,2024,Eq,1792242.0,1792242.0,1.000,EXACT,sarmaaya
STJT,2024,CA,2553833.0,2553833.0,1.000,EXACT,sarmaaya
PAKT,2022,Sales,94862238.0,94862238.0,1.000,EXACT,dps
PSMC,2020,Sales,76720132,76720132.0,1.000,EXACT,dps
TPLI,2025,PAT,47675.902,47676.0,1.000,EXACT,dps
TPLI,2025,TA,8828797.535,8117885.0,1.088,EXACT,sarmaaya
TPLI,2025,TL,6040269.566,5329357.0,1.133,tight,sarmaaya
TPLI,2025,Eq,2788527.969,2788528.0,1.000,EXACT,sarmaaya
DNCC,2025,Sales,6344182.808,6344183.0,1.000,EXACT,dps
DNCC,2025,PAT,20426.0,20426.0,1.000,EXACT,dps
MODAM,2023,PAT,66063.0,66063.0,1.000,EXACT,dps
ILP,2025,Sales,173381533,173381533.0,1.000,EXACT,dps
ILP,2025,PAT,5376599,5376599.0,1.000,EXACT,dps
ILP,2025,TA,176726656.0,187452574.0,0.943,EXACT,sarmaaya
ILP,2025,CA,92176874.0,95799693.0,0.962,EXACT,sarmaaya
ILP,2025,Sales,173381533,179405283.0,0.966,EXACT,sarmaaya
ILP,2025,COGS,-138210447,144205987.0,0.958,EXACT,sarmaaya
ILP,2025,PAT,5376599,5549797.0,0.969,EXACT,sarmaaya
SAPL,2021,Sales,15880932,15880932.0,1.000,EXACT,dps
SAPL,2021,PAT,905952,905952.0,1.000,EXACT,dps
EMCO,2025,Sales,3607041.808,3607041.0,1.000,EXACT,dps
PHDL,2023,Sales,559042,559042.0,1.000,EXACT,dps
PHDL,2023,PAT,44129,44129.0,1.000,EXACT,dps
PIOC,2024,Sales,35519271,35519271.0,1.000,EXACT,dps
PIOC,2024,PAT,5176168,5176168.0,1.000,EXACT,dps
HINO,2026,Sales,11001468,11001468.0,1.000,EXACT,dps
HINO,2026,PAT,541253.0,541253.0,1.000,EXACT,dps
PKGS,2023,PAT,2778031,2778031.0,1.000,EXACT,dps
BERG,2024,PAT,262863,262863.0,1.000,EXACT,dps
BERG,2024,TA,7149891,7228183.0,0.989,EXACT,sarmaaya
BERG,2024,TL,3707351,3742612.0,0.991,EXACT,sarmaaya
BERG,2024,Eq,3468047,3460298.0,1.002,EXACT,sarmaaya
BERG,2024,CA,4748363,4776061.0,0.994,EXACT,sarmaaya
NAGC,2023,PAT,589947.021,589947.0,1.000,EXACT,dps
PKGP,2025,Sales,925405,925405.0,1.000,EXACT,dps
PKGP,2025,TA,15682322,15682322.0,1.000,EXACT,sarmaaya
PKGP,2025,TL,358926.0,358926.0,1.000,EXACT,sarmaaya
PKGP,2025,Eq,15323396.0,15323396.0,1.000,EXACT,sarmaaya
PKGP,2025,CA,13697986,13697986.0,1.000,EXACT,sarmaaya
PKGP,2025,Sales,925405,925405.0,1.000,EXACT,sarmaaya
PKGP,2025,COGS,-527701,1345779.0,0.392,WARN,sarmaaya
NSRM,2025,PAT,83397.535,83398.0,1.000,EXACT,dps
NSRM,2025,TL,654473.265,666913.0,0.981,EXACT,sarmaaya
NSRM,2025,Eq,1554258.849,1554259.0,1.000,EXACT,sarmaaya
NSRM,2025,COGS,-2260889.661,2271335.0,0.995,EXACT,sarmaaya
NSRM,2025,PAT,83397.535,83398.0,1.000,EXACT,sarmaaya
PIBTL,2024,Sales,13852284,13852284.0,1.000,EXACT,dps
PIBTL,2024,TA,31463818,35878384.0,0.877,tight,sarmaaya
PIBTL,2024,TL,13642876,18057442.0,0.756,tight,sarmaaya
PIBTL,2024,Eq,17820942,17820942.0,1.000,EXACT,sarmaaya
PIBTL,2024,CA,6303189,6303189.0,1.000,EXACT,sarmaaya
GATI,2025,Sales,26328040,26328040.0,1.000,EXACT,dps
GATI,2025,PAT,205300.0,205300.0,1.000,EXACT,dps
GATI,2025,TA,34236877,37152132.0,0.922,EXACT,sarmaaya
GATI,2025,Eq,11372589,12848929.0,0.885,tight,sarmaaya
GATI,2025,CA,15104844,15834762.0,0.954,EXACT,sarmaaya
GATI,2025,Sales,26328040,26328040.0,1.000,EXACT,sarmaaya
GATI,2025,COGS,25442226,25535184.0,0.996,EXACT,sarmaaya
GATI,2025,PAT,205300.0,-2014681.0,-0.102,MISMATCH,sarmaaya
CHCC,2022,Sales,32085361,32085361.0,1.000,EXACT,dps
CHCC,2022,PAT,4455965,4455965.0,1.000,EXACT,dps
ISIL,2023,Sales,99733046.867,88905796.0,1.122,tight,dps
OGDC,2023,PAT,224617797,224617797.0,1.000,EXACT,dps
PMRS,2022,Sales,679216,679216.0,1.000,EXACT,dps
HMM,2022,PAT,18178.871,18179.0,1.000,EXACT,dps
BWHL,2025,Sales,2305239,2305239.0,1.000,EXACT,dps
BWHL,2025,PAT,315582,315582.0,1.000,EXACT,dps
BWHL,2025,Sales,2305239,2305239.0,1.000,EXACT,sarmaaya
BWHL,2025,COGS,-1738118,1773966.0,0.980,EXACT,sarmaaya
BWHL,2025,PAT,315582,315582.0,1.000,EXACT,sarmaaya
PSYL,2023,Sales,14425230,14425230.0,1.000,EXACT,dps
PSYL,2023,PAT,797680,797680.0,1.000,EXACT,dps
CLOV,2022,Sales,93272,93272.0,1.000,EXACT,dps
PRWM,2025,PAT,91122.541,91123.0,1.000,EXACT,dps
PRWM,2025,TA,7101403.66,7344412.0,0.967,EXACT,sarmaaya
PRWM,2025,TL,4687064.433,4930073.0,0.951,EXACT,sarmaaya
PRWM,2025,Eq,2414339.227,2414339.0,1.000,EXACT,sarmaaya
PRWM,2025,CA,3962020.676,3962021.0,1.000,EXACT,sarmaaya
PRWM,2025,COGS,-17004886.835,17039006.0,0.998,EXACT,sarmaaya
PRWM,2025,PAT,91122.541,91123.0,1.000,EXACT,sarmaaya
MERIT,2022,Sales,4181646.875,4181647.0,1.000,EXACT,dps
HICL,2025,PAT,118033.0,118033.0,1.000,EXACT,dps
PIOC,2023,Sales,36165267,36165267.0,1.000,EXACT,dps
PIOC,2023,PAT,2611106,2611106.0,1.000,EXACT,dps
GADT,2025,Sales,70979986,70979986.0,1.000,EXACT,dps
GADT,2025,PAT,2391904,2391904.0,1.000,EXACT,dps
GADT,2025,Sales,70979986,70979986.0,1.000,EXACT,sarmaaya
GADT,2025,COGS,-64653932,64814657.0,0.998,EXACT,sarmaaya
GADT,2025,PAT,2391904,2391904.0,1.000,EXACT,sarmaaya
AGIC,2022,PAT,346590,346589.0,1.000,EXACT,dps
SCL,2023,Sales,4357631.431,4357631.0,1.000,EXACT,dps
PAKD,2025,PAT,152945.186,152945.0,1.000,EXACT,dps
IDSM,2022,Sales,6095257,6095257.0,1.000,EXACT,dps
ANSM,2023,Sales,664347.327,664347.0,1.000,EXACT,dps
CLOV,2024,Sales,1812302,1812302.0,1.000,EXACT,dps
CLOV,2024,PAT,192326,192326.0,1.000,EXACT,dps
CLOV,2024,TA,328437,328437.0,1.000,EXACT,sarmaaya
CLOV,2024,Eq,278513,278513.0,1.000,EXACT,sarmaaya
CLOV,2024,CA,281883,281883.0,1.000,EXACT,sarmaaya
CPHL,2023,Sales,12396982,12396983.0,1.000,EXACT,dps
CPHL,2023,PAT,657984,657984.0,1.000,EXACT,dps
UNITY,2024,Sales,60488680,60488680.0,1.000,EXACT,dps
UNITY,2024,PAT,567458.0,567458.0,1.000,EXACT,dps
UNITY,2024,TA,80156710.0,88826474.0,0.902,EXACT,sarmaaya
UNITY,2024,CA,60612958.0,66531182.0,0.911,EXACT,sarmaaya
CSAP,2023,Sales,4515598,4515598.0,1.000,EXACT,dps
CSAP,2023,PAT,176857,176857.0,1.000,EXACT,dps
SHJS,2024,Sales,8821018,8821018.0,1.000,EXACT,dps
SHJS,2024,PAT,32145,32145.0,1.000,EXACT,dps
SHJS,2024,TA,8527142.0,8675711.0,0.983,EXACT,sarmaaya
SHJS,2024,CA,2587556.0,2587556.0,1.000,EXACT,sarmaaya
KCL,2022,Sales,818082.431,818082.0,1.000,EXACT,dps
FASM,2022,Sales,32074369.748,32074370.0,1.000,EXACT,dps
FPJM,2024,TA,1975578.056,1975578.0,1.000,EXACT,sarmaaya
FPJM,2024,TL,1767575.064,2267575.0,0.780,tight,sarmaaya
FPJM,2024,Eq,208002.992,-291997.0,-0.712,MISMATCH,sarmaaya
FPJM,2024,CA,993351.888,993352.0,1.000,EXACT,sarmaaya
NATF,2022,PAT,1965078,1965078.0,1.000,EXACT,dps
FATIMA,2025,Sales,170057696,170057696.0,1.000,EXACT,dps
FATIMA,2025,PAT,30468054,30468054.0,1.000,EXACT,dps
FATIMA,2025,TA,308087103,361440777.0,0.852,tight,sarmaaya
FATIMA,2025,CA,180452926,230249519.0,0.784,tight,sarmaaya
FATIMA,2025,Sales,170057696,276176566.0,0.616,loose,sarmaaya
FATIMA,2025,COGS,-98702737,186345898.0,0.530,loose,sarmaaya
FATIMA,2025,PAT,30468054,42059025.0,0.724,loose,sarmaaya
FPRM,2022,PAT,9956.777,9956.0,1.000,EXACT,dps
SARC,2024,Sales,503869.911,503870.0,1.000,EXACT,dps
PSMC,2022,Sales,202466737.0,202466737.0,1.000,EXACT,dps
SGF,2022,Sales,11753088,11753088.0,1.000,EXACT,dps
SGF,2022,PAT,342059,342059.0,1.000,EXACT,dps
HSPI,2020,Sales,341615,341615.0,1.000,EXACT,dps
JUBS,2025,Sales,12750.792,12750.0,1.000,EXACT,dps
JDMT,2023,Sales,6016527,6016527.0,1.000,EXACT,dps
MDTL,2023,Sales,110970.6,110971.0,1.000,EXACT,dps
PKGP,2024,Sales,11316380,11316380.0,1.000,EXACT,dps
PKGP,2024,PAT,5863299.0,5863299.0,1.000,EXACT,dps
PKGP,2024,TA,27349586,27349586.0,1.000,EXACT,sarmaaya
PKGP,2024,TL,754433.0,754433.0,1.000,EXACT,sarmaaya
PKGP,2024,Eq,26595153.0,26595153.0,1.000,EXACT,sarmaaya
PKGP,2024,CA,24310888,24310888.0,1.000,EXACT,sarmaaya
PACE,2022,Sales,1256326,1256326.0,1.000,EXACT,dps
SHCM,2023,Sales,349129.692,349130.0,1.000,EXACT,dps
ELSM,2024,PAT,152979.919,152980.0,1.000,EXACT,dps
ELSM,2024,TA,10267681.672,10481666.0,0.980,EXACT,sarmaaya
ELSM,2024,TL,6056349.754,6038106.0,1.003,EXACT,sarmaaya
ELSM,2024,Eq,4211331.918,4211332.0,1.000,EXACT,sarmaaya
ELSM,2024,CA,5416642.548,5416643.0,1.000,EXACT,sarmaaya
NRSL,2022,Sales,8271380.512,8271381.0,1.000,EXACT,dps
JATM,2022,Sales,1945515.349,1945515.0,1.000,EXACT,dps
AVN,2022,Sales,1864524,1864524.0,1.000,EXACT,dps
AVN,2022,PAT,1736812,1736812.0,1.000,EXACT,dps
CSIL,2025,PAT,20935.771,20936.0,1.000,EXACT,dps
ASTL,2025,Sales,16082614,16082614.0,1.000,EXACT,dps
ASTL,2025,PAT,1325515.0,1325515.0,1.000,EXACT,dps
ASTL,2025,TA,43356908,46912697.0,0.924,EXACT,sarmaaya
ASTL,2025,TL,32907340,36463129.0,0.902,EXACT,sarmaaya
ASTL,2025,Eq,10449568,10449568.0,1.000,EXACT,sarmaaya
ASTL,2025,CA,15092724,15092724.0,1.000,EXACT,sarmaaya
ASTL,2025,Sales,16082614,16082614.0,1.000,EXACT,sarmaaya
ASTL,2025,COGS,-16006608,16342417.0,0.979,EXACT,sarmaaya
ASTL,2025,PAT,1325515.0,-3811359.0,-0.348,MISMATCH,sarmaaya
FIBLM,2024,PAT,11454.824,10980.0,1.043,EXACT,dps
FIBLM,2024,TA,241816.477,241816.0,1.000,EXACT,sarmaaya
FIBLM,2024,TL,31156.533,31157.0,1.000,EXACT,sarmaaya
FIBLM,2024,Eq,210659.944,210660.0,1.000,EXACT,sarmaaya
FIBLM,2024,CA,182533.141,182533.0,1.000,EXACT,sarmaaya
AGTL,2023,Sales,34543545,34543545.0,1.000,EXACT,dps
AGTL,2023,PAT,2611772,2611772.0,1.000,EXACT,dps
SFAT,2015,Sales,613966.412,613966.0,1.000,EXACT,dps
FCIBL,2023,PAT,12994.212,12994.0,1.000,EXACT,dps
MTL,2023,Sales,44190843,44190843.0,1.000,EXACT,dps
MTL,2023,PAT,3377636,3377636.0,1.000,EXACT,dps
SAPL,2020,Sales,14107802,14107802.0,1.000,EXACT,dps
SAPL,2020,PAT,493067,493067.0,1.000,EXACT,dps
EFERT,2024,Sales,266676000,186708958.0,1.428,loose,dps
EFERT,2024,PAT,28260000,30206762.0,0.936,EXACT,dps
EFERT,2024,TA,162922131,189946495.0,0.858,tight,sarmaaya
EFERT,2024,TL,116323474,141973596.0,0.819,tight,sarmaaya
EFERT,2024,Eq,46628677,47458544.0,0.983,EXACT,sarmaaya
EFERT,2024,CA,71082054,77990958.0,0.911,EXACT,sarmaaya
HINO,2023,Sales,13185973,13185973.0,1.000,EXACT,dps
ELCM,2022,Sales,730212.562,730213.0,1.000,EXACT,dps
SAPL,2019,Sales,14500678,14500678.0,1.000,EXACT,dps
SAPL,2019,PAT,154836,154836.0,1.000,EXACT,dps
GHNI,2025,Sales,37462866.0,37462866.0,1.000,EXACT,dps
GHNI,2025,PAT,4583655.0,4583655.0,1.000,EXACT,dps
GHNI,2025,TA,29275270,29275270.0,1.000,EXACT,sarmaaya
GHNI,2025,TL,15723371.0,15723371.0,1.000,EXACT,sarmaaya
GHNI,2025,Eq,13551899.0,13551899.0,1.000,EXACT,sarmaaya
GHNI,2025,CA,22410802,22410802.0,1.000,EXACT,sarmaaya
GHNI,2025,Sales,37462866.0,37462866.0,1.000,EXACT,sarmaaya
GHNI,2025,COGS,-28372041.0,28774996.0,0.986,EXACT,sarmaaya
GHNI,2025,PAT,4583655.0,4583655.0,1.000,EXACT,sarmaaya
THALL,2022,Sales,37351493.0,37351493.0,1.000,EXACT,dps
THALL,2022,PAT,4257248.0,4257248.0,1.000,EXACT,dps
SHCM,2024,Sales,731306.818,731307.0,1.000,EXACT,dps
SHCM,2024,PAT,11075.0,11075.0,1.000,EXACT,dps
JVDC,2024,Sales,4214923,4214923.0,1.000,EXACT,dps
JVDC,2024,PAT,1703627,1703627.0,1.000,EXACT,dps
JVDC,2024,TA,40313731,41958241.0,0.961,EXACT,sarmaaya
JVDC,2024,TL,14974495,16590069.0,0.903,EXACT,sarmaaya
JVDC,2024,Eq,25339236,25314425.0,1.001,EXACT,sarmaaya
JVDC,2024,CA,22420870,24080556.0,0.931,EXACT,sarmaaya
PSEL,2024,TA,62162619,63390121.0,0.981,EXACT,sarmaaya
PSEL,2024,TL,16373622,19027004.0,0.861,tight,sarmaaya
PSEL,2024,Eq,45895064,44096912.0,1.041,EXACT,sarmaaya
PSEL,2024,CA,4741021,4741021.0,1.000,EXACT,sarmaaya
INKL,2022,Sales,670262.761,670263.0,1.000,EXACT,dps
INKL,2022,PAT,22084.733,22085.0,1.000,EXACT,dps
GHNI,2023,Sales,14542578,14542578.0,1.000,EXACT,dps
GHNI,2023,PAT,179424,179424.0,1.000,EXACT,dps
ATLH,2023,Sales,135485652,135485652.0,1.000,EXACT,dps
ATLH,2023,PAT,5004155,5004155.0,1.000,EXACT,dps
AHTM,2022,PAT,201322.025,201322.0,1.000,EXACT,dps
ZTL,2023,PAT,237958.441,237958.0,1.000,EXACT,dps
ANTM,2025,Sales,4492440,4492440.0,1.000,EXACT,dps
ANTM,2025,PAT,96498.0,96498.0,1.000,EXACT,dps
BAFL,2024,PAT,38318131,38318131.0,1.000,EXACT,dps
BAFL,2024,TA,3710206121,3717055697.0,0.998,EXACT,sarmaaya
BAFL,2024,TL,3532093711,3535669000.0,0.999,EXACT,sarmaaya
BAFL,2024,Eq,181386697,181364994.0,1.000,EXACT,sarmaaya
SNAI,2024,TA,2576387.845,3127097.0,0.824,tight,sarmaaya
SNAI,2024,TL,1902520.799,2355073.0,0.808,tight,sarmaaya
SNAI,2024,Eq,673867.046,666128.0,1.012,EXACT,sarmaaya
SNAI,2024,CA,1137475.546,1383388.0,0.822,tight,sarmaaya
DINT,2024,Sales,39608139.408,40154921.0,0.986,EXACT,dps
JDWS,2024,PAT,13009308.731,13009309.0,1.000,EXACT,dps
JDWS,2024,TA,70470021.047,87954961.0,0.801,tight,sarmaaya
JDWS,2024,CA,40873130.823,51015896.0,0.801,tight,sarmaaya
APL,2024,Sales,538095084.0,526316756.0,1.022,EXACT,dps
APL,2024,PAT,13821630.0,13821630.0,1.000,EXACT,dps
APL,2024,TA,105279116,109124873.0,0.965,EXACT,sarmaaya
APL,2024,CA,79677835,79677835.0,1.000,EXACT,sarmaaya
STML,2025,Sales,4104812,4104812.0,1.000,EXACT,dps
STML,2025,PAT,220152.0,220152.0,1.000,EXACT,dps
STML,2025,TA,2606094,2606094.0,1.000,EXACT,sarmaaya
STML,2025,TL,1826235,1826235.0,1.000,EXACT,sarmaaya
STML,2025,Eq,779859,779859.0,1.000,EXACT,sarmaaya
STML,2025,CA,1473075,1473075.0,1.000,EXACT,sarmaaya
STML,2025,Sales,4104812,4104812.0,1.000,EXACT,sarmaaya
STML,2025,COGS,-4012833,4023013.0,0.997,EXACT,sarmaaya
STML,2025,PAT,220152.0,-137194.0,-1.605,MISMATCH,sarmaaya
TPLT,2024,TA,6267282.859,5900396.0,1.062,EXACT,sarmaaya
TPLT,2024,TL,3760005.0,4590749.0,0.819,tight,sarmaaya
TPLT,2024,Eq,2507277.859,1825299.0,1.374,loose,sarmaaya
TPLT,2024,CA,2032437.625,2142004.0,0.949,EXACT,sarmaaya
LOADS,2024,TA,7223930.242,6741388.0,1.072,EXACT,sarmaaya
LOADS,2024,TL,3394543.104,4288459.0,0.792,tight,sarmaaya
LOADS,2024,Eq,3829387.138,3205933.0,1.194,tight,sarmaaya
LOADS,2024,CA,4985072.512,2905517.0,1.716,loose,sarmaaya
ECOP,2025,Sales,7183111,7183111.0,1.000,EXACT,dps
ECOP,2025,PAT,339840,339840.0,1.000,EXACT,dps
ECOP,2025,TA,3345720.0,3494955.0,0.957,EXACT,sarmaaya
ECOP,2025,CA,1453681.0,1453681.0,1.000,EXACT,sarmaaya
ECOP,2025,Sales,7183111,7183111.0,1.000,EXACT,sarmaaya
ECOP,2025,COGS,5979757,6027614.0,0.992,EXACT,sarmaaya
ECOP,2025,PAT,339840,339840.0,1.000,EXACT,sarmaaya
UBDL,2025,Sales,1176764,1176764.0,1.000,EXACT,dps
UBDL,2025,PAT,21756.0,21756.0,1.000,EXACT,dps
ISIL,2024,Sales,121489862.489,108887024.0,1.116,tight,dps
ISIL,2024,PAT,6132049.527,6132050.0,1.000,EXACT,dps
ISIL,2024,TA,90916664.206,104927582.0,0.866,tight,sarmaaya
ISIL,2024,TL,66707777.876,82266158.0,0.811,tight,sarmaaya
ISIL,2024,Eq,24208886.33,21767933.0,1.112,tight,sarmaaya
ISIL,2024,CA,48694560.998,55442230.0,0.878,tight,sarmaaya
PMI,2022,PAT,19522,20639.0,0.946,EXACT,dps
AHCL,2025,TA,66291797.015,77124283.0,0.860,tight,sarmaaya
AHCL,2025,TL,11398891.099,23908676.0,0.477,loose,sarmaaya
AHCL,2025,Eq,54892905.916,50415051.0,1.089,EXACT,sarmaaya
AHCL,2025,CA,4861811.1,18397842.0,0.264,WARN,sarmaaya
POML,2025,Sales,9242025.058,9242025.0,1.000,EXACT,dps
POML,2025,PAT,42998.0,42998.0,1.000,EXACT,dps
AGP,2024,Sales,25033043.0,18543808.0,1.350,tight,dps
AGP,2024,PAT,2960630.0,2083581.0,1.421,loose,dps
AGP,2024,TA,29349150.0,29395259.0,0.998,EXACT,sarmaaya
AGP,2024,TL,14780838.0,14826947.0,0.997,EXACT,sarmaaya
AGP,2024,Eq,14568312.0,13410780.0,1.086,EXACT,sarmaaya
AGP,2024,CA,7461699.0,7461039.0,1.000,EXACT,sarmaaya
UBDL,2022,Sales,2360090,3265824.0,0.723,loose,dps
AGTL,2024,PAT,3542275,3542275.0,1.000,EXACT,dps
AGTL,2024,TA,20391742.0,20391742.0,1.000,EXACT,sarmaaya
AGTL,2024,TL,11194829.0,11194829.0,1.000,EXACT,sarmaaya
AGTL,2024,CA,16543272.0,18006766.0,0.919,EXACT,sarmaaya
FCEPL,2022,Sales,73473687,73473687.0,1.000,EXACT,dps
FCEPL,2022,PAT,2465673,2465673.0,1.000,EXACT,dps
KHTC,2023,PAT,315449.0,315449.0,1.000,EXACT,dps
REDCO,2025,PAT,175631.436,175631.0,1.000,EXACT,dps
PABC,2025,Sales,23992408.324,23992408.0,1.000,EXACT,dps
PABC,2025,PAT,5216181.882,5216182.0,1.000,EXACT,dps
PABC,2025,TA,39438444.911,39438445.0,1.000,EXACT,sarmaaya
PABC,2025,TL,17482607.912,17482608.0,1.000,EXACT,sarmaaya
PABC,2025,Eq,21955836.999,21955837.0,1.000,EXACT,sarmaaya
PABC,2025,CA,30596497.283,30596497.0,1.000,EXACT,sarmaaya
PABC,2025,Sales,23992408.324,23992408.0,1.000,EXACT,sarmaaya
PABC,2025,COGS,-16157990.185,16459198.0,0.982,EXACT,sarmaaya
PABC,2025,PAT,5216181.882,5216182.0,1.000,EXACT,sarmaaya
BYCO,2020,Sales,173898930,173898930.0,1.000,EXACT,dps
BYCO,2020,PAT,5019830.0,5019830.0,1.000,EXACT,dps
FANM,2023,PAT,534.553,535.0,0.999,EXACT,dps
BAFL,2023,PAT,36456372,36456372.0,1.000,EXACT,dps
FANM,2022,PAT,2306.122,2306.0,1.000,EXACT,dps
ANTM,2023,Sales,1676679,1676679.0,1.000,EXACT,dps
NONS,2025,Sales,11744437,11744437.0,1.000,EXACT,dps
NONS,2025,PAT,670909,670909.0,1.000,EXACT,dps
NONS,2025,TA,8480591,8480590.0,1.000,EXACT,sarmaaya
NONS,2025,CA,3924105,3924104.0,1.000,EXACT,sarmaaya
NONS,2025,Sales,11744437,11744437.0,1.000,EXACT,sarmaaya
NONS,2025,COGS,-10273549,10353055.0,0.992,EXACT,sarmaaya
NONS,2025,PAT,670909,670909.0,1.000,EXACT,sarmaaya
GLAXO,2025,Sales,65900901,65900901.0,1.000,EXACT,dps
GLAXO,2025,PAT,10025315,10025315.0,1.000,EXACT,dps
GLAXO,2025,TA,50683502,51572274.0,0.983,EXACT,sarmaaya
GLAXO,2025,TL,17008869,17897641.0,0.950,EXACT,sarmaaya
GLAXO,2025,Eq,33674633,33674633.0,1.000,EXACT,sarmaaya
GLAXO,2025,CA,35156044,35156044.0,1.000,EXACT,sarmaaya
GLAXO,2025,Sales,65900901,65900901.0,1.000,EXACT,sarmaaya
GLAXO,2025,COGS,-41516641,42962541.0,0.966,EXACT,sarmaaya
GLAXO,2025,PAT,10025315,10025315.0,1.000,EXACT,sarmaaya
HASCOL,2025,Sales,177454326,177178976.0,1.002,EXACT,dps
HASCOL,2025,TA,39942166.0,39785815.0,1.004,EXACT,sarmaaya
HASCOL,2025,TL,133154559.0,132963178.00000001,1.001,EXACT,sarmaaya
HASCOL,2025,CA,12330250.0,12679102.0,0.972,EXACT,sarmaaya
HASCOL,2025,Sales,177454326,177462276.0,1.000,EXACT,sarmaaya
HASCOL,2025,COGS,-173878600,176173225.0,0.987,EXACT,sarmaaya
HASCOL,2025,PAT,-6700242,-6740401.0,0.994,EXACT,sarmaaya
SEL,2023,Sales,1067686.0,1067686.0,1.000,EXACT,dps
BECO,2025,Sales,7451485.486,7451485.0,1.000,EXACT,dps
HIRAT,2021,TA,3973223.352,180049.0,22.067,MISMATCH,sarmaaya
HIRAT,2021,TL,3345388.827,180049.0,18.580,MISMATCH,sarmaaya
HIRAT,2021,Eq,627839.525,180049.0,3.487,WARN,sarmaaya
HIRAT,2021,CA,702507.704,180049.0,3.902,WARN,sarmaaya
INIL,2022,Sales,37857863,37857863.0,1.000,EXACT,dps
INIL,2022,PAT,2155668,2155668.0,1.000,EXACT,dps
PMRS,2024,Sales,1404393,1404393.0,1.000,EXACT,dps
PMRS,2024,TA,4096468,39578394.0,0.104,WARN,sarmaaya
PMRS,2024,TL,2228499,24248634.0,0.092,MISMATCH,sarmaaya
PMRS,2024,Eq,1867969,7262653.0,0.257,WARN,sarmaaya
PMRS,2024,CA,499659,9170200.0,0.054,MISMATCH,sarmaaya
ARPAK,2022,Sales,10130,14491.0,0.699,loose,dps
BECO,2022,Sales,6310320.105,6310320.0,1.000,EXACT,dps
NAGC,2025,PAT,50416.692,50417.0,1.000,EXACT,dps
NAGC,2025,TA,14597792.646,14990230.0,0.974,EXACT,sarmaaya
NAGC,2025,TL,9838261.426,10230698.0,0.962,EXACT,sarmaaya
NAGC,2025,Eq,4759531.22,4759531.0,1.000,EXACT,sarmaaya
NAGC,2025,CA,9008689.948,9008690.0,1.000,EXACT,sarmaaya
NAGC,2025,COGS,-18248680.028,18284423.0,0.998,EXACT,sarmaaya
NAGC,2025,PAT,50416.692,50417.0,1.000,EXACT,sarmaaya
UNITY,2025,TA,83560500,95018091.0,0.879,tight,sarmaaya
UNITY,2025,TL,64472616,76862215.0,0.839,tight,sarmaaya
UNITY,2025,Eq,19087884,18033600.0,1.058,EXACT,sarmaaya
UNITY,2025,CA,65543716,76568315.0,0.856,tight,sarmaaya
UNITY,2025,COGS,-65974400.0,66318160.99999999,0.995,EXACT,sarmaaya
SHEZ,2024,TA,4209421,4209421.0,1.000,EXACT,sarmaaya
SHEZ,2024,TL,2801138,2801138.0,1.000,EXACT,sarmaaya
SHEZ,2024,Eq,1408283,1408283.0,1.000,EXACT,sarmaaya
SHEZ,2024,CA,2995314,2995314.0,1.000,EXACT,sarmaaya
BNWM,2022,Sales,969515,969515.0,1.000,EXACT,dps
SUTM,2024,TA,15415372.936,15421980.0,1.000,EXACT,sarmaaya
SUTM,2024,TL,7211946.209,7142679.0,1.010,EXACT,sarmaaya
SUTM,2024,Eq,8203426.727,8209037.0,0.999,EXACT,sarmaaya
SUTM,2024,CA,7547015.633,7549851.0,1.000,EXACT,sarmaaya
BAFL,2022,PAT,18206445,18206445.0,1.000,EXACT,dps
IBLHL,2023,Sales,4027874,4027874.0,1.000,EXACT,dps
IBLHL,2023,PAT,308963,308963.0,1.000,EXACT,dps
HTL,2023,Sales,15531692,15531692.0,1.000,EXACT,dps
JSIL,2023,PAT,310024.438,310024.0,1.000,EXACT,dps
EFOODS,2018,PAT,63783.0,63783.0,1.000,EXACT,dps
HUSI,2025,Sales,256095.269,256095.0,1.000,EXACT,dps
HUSI,2025,PAT,28296.103,28296.0,1.000,EXACT,dps
BAHL,2022,PAT,16570229,16570229.0,1.000,EXACT,dps
SHDT,2023,Sales,5962782,5962782.0,1.000,EXACT,dps
SHDT,2023,PAT,195255.0,195255.0,1.000,EXACT,dps
FRSM,2024,TA,8928740.273,9642137.0,0.926,EXACT,sarmaaya
FRSM,2024,TL,7520009.59,8131663.0,0.925,EXACT,sarmaaya
FRSM,2024,Eq,1408730.683,1408731.0,1.000,EXACT,sarmaaya
FRSM,2024,CA,4586657.702,4586658.0,1.000,EXACT,sarmaaya
KEL,2023,Sales,519472227,519471227.0,1.000,EXACT,dps
KEL,2023,TA,1024662373,1120375660.0,0.915,EXACT,sarmaaya
KEL,2023,TL,769507716,865379837.0,0.889,tight,sarmaaya
KEL,2023,Eq,255154657,254995823.0,1.001,EXACT,sarmaaya
KEL,2023,CA,411953652,412184593.0,0.999,EXACT,sarmaaya
PKGS,2024,PAT,1912340.0,1912340.0,1.000,EXACT,dps
IBLHL,2024,Sales,3603359,3603359.0,1.000,EXACT,dps
IBLHL,2024,TA,3326758.0,3326758.0,1.000,EXACT,sarmaaya
IBLHL,2024,CA,2737757.0,2714096.0,1.009,EXACT,sarmaaya
ATIL,2024,TA,18090049,17047851.0,1.061,EXACT,sarmaaya
ATIL,2024,TL,9922663,8880465.0,1.117,tight,sarmaaya
ATIL,2024,Eq,8167386,8164386.0,1.000,EXACT,sarmaaya
POML,2023,Sales,9844949.849,9844950.0,1.000,EXACT,dps
ASL,2022,Sales,64830418,64830418.0,1.000,EXACT,dps
SEARL,2022,Sales,17737282,17737282.0,1.000,EXACT,dps
MEHT,2025,Sales,57071382.737,57071382.0,1.000,EXACT,dps
MEHT,2025,CA,31610181.052,29812345.0,1.060,EXACT,sarmaaya
MEHT,2025,Sales,57071382.737,57071383.0,1.000,EXACT,sarmaaya
MEHT,2025,COGS,-49107864.833,49320119.0,0.996,EXACT,sarmaaya
ZIL,2022,Sales,4061842,4061842.0,1.000,EXACT,dps
ZIL,2022,PAT,23376,23376.0,1.000,EXACT,dps
RUPL,2023,Sales,11526866,11526866.0,1.000,EXACT,dps
FCIBL,2022,PAT,8189.45,8189.0,1.000,EXACT,dps
AKBL,2024,PAT,21256555,21022671.0,1.011,EXACT,dps
AKBL,2024,TA,2501381696,2501381696.0,1.000,EXACT,sarmaaya
AKBL,2024,TL,2378971408,2378971408.0,1.000,EXACT,sarmaaya
AKBL,2024,Eq,97695661,121940948.0,0.801,tight,sarmaaya
ARPL,2024,Sales,24773123,24773123.0,1.000,EXACT,dps
ARPL,2024,PAT,1244382.0,1244382.0,1.000,EXACT,dps
ARPL,2024,TA,14303230,14730508.0,0.971,EXACT,sarmaaya
ARPL,2024,TL,10525662,10952940.0,0.961,EXACT,sarmaaya
ARPL,2024,Eq,3777568,3777568.0,1.000,EXACT,sarmaaya
ARPL,2024,CA,11657170,11657170.0,1.000,EXACT,sarmaaya
ABOT,2024,Sales,68177197,68177197.0,1.000,EXACT,dps
ABOT,2024,PAT,5234233,5234233.0,1.000,EXACT,dps
ABOT,2024,TA,37651158,37963704.0,0.992,EXACT,sarmaaya
ABOT,2024,Eq,23724636.0,23724636.0,1.000,EXACT,sarmaaya
ABOT,2024,CA,23261662,23261662.0,1.000,EXACT,sarmaaya
MERIT,2024,Sales,6638477.368,6638477.0,1.000,EXACT,dps
MERIT,2024,TA,5327782.703,5327783.0,1.000,EXACT,sarmaaya
MERIT,2024,TL,2403870.141,2403870.0,1.000,EXACT,sarmaaya
MERIT,2024,Eq,2923912.562,2923913.0,1.000,EXACT,sarmaaya
MERIT,2024,CA,2253834.468,2253834.0,1.000,EXACT,sarmaaya
HINOON,2023,PAT,2403013.904,2403014.0,1.000,EXACT,dps
FCEPL,2024,PAT,2203128.0,2203128.0,1.000,EXACT,dps
FCEPL,2024,TA,41675271,43659945.0,0.955,EXACT,sarmaaya
FCEPL,2024,CA,23138444,23138444.0,1.000,EXACT,sarmaaya
AGIC,2024,PAT,655900.0,655900.0,1.000,EXACT,dps
ILTM,2018,Sales,6303217.062,6303217.0,1.000,EXACT,dps
ILTM,2018,PAT,12517.0,12517.0,1.000,EXACT,dps
KML,2024,TA,24868398.263,24868398.0,1.000,EXACT,sarmaaya
KML,2024,TL,14916355.584,14785953.0,1.009,EXACT,sarmaaya
KML,2024,Eq,9952042.679,9952043.0,1.000,EXACT,sarmaaya
KML,2024,CA,12970402.13,12970402.0,1.000,EXACT,sarmaaya
FABL,2023,PAT,20045939,20045939.0,1.000,EXACT,dps
KOHC,2025,PAT,11575154.071,11575154.0,1.000,EXACT,dps
KOHC,2025,TA,66794311.768,66794312.00000001,1.000,EXACT,sarmaaya
KOHC,2025,CA,38614792.494,38614792.0,1.000,EXACT,sarmaaya
KOHC,2025,COGS,-22814094.271,23536710.0,0.969,EXACT,sarmaaya
KOHC,2025,PAT,11575154.071,11575154.0,1.000,EXACT,sarmaaya
ITTEFAQ,2024,Sales,2271682.864,2271683.0,1.000,EXACT,dps
JOPP,2022,Sales,86580,86580.0,1.000,EXACT,dps
KOHE,2023,Sales,12583137,12583137.0,1.000,EXACT,dps
KOHE,2023,PAT,1573467,1573467.0,1.000,EXACT,dps
ARPL,2022,Sales,25154026,25154026.0,1.000,EXACT,dps
CHBL,2024,Sales,3342302.314,3342302.0,1.000,EXACT,dps
ADOS,2020,Sales,73893.573,73894.0,1.000,EXACT,dps
CFL,2023,Sales,6847571.401,6847571.0,1.000,EXACT,dps
COLG,2024,TA,56661966.0,56875936.0,0.996,EXACT,sarmaaya
COLG,2024,TL,21772056.0,21753012.0,1.001,EXACT,sarmaaya
COLG,2024,CA,47609617.0,47609617.0,1.000,EXACT,sarmaaya
SHEL,2022,Sales,412699059.0,412699059.0,1.000,EXACT,dps
SHEL,2022,PAT,4466855.0,4466855.0,1.000,EXACT,dps
SINDM,2025,PAT,180113.788,180114.0,1.000,EXACT,dps
GGGL,2023,Sales,2070887.334,2070887.0,1.000,EXACT,dps
SNGP,2022,Sales,1293677464,1293677464.0,1.000,EXACT,dps
SNGP,2022,PAT,10366231,10366231.0,1.000,EXACT,dps
PRWM,2024,PAT,86654.801,86655.0,1.000,EXACT,dps
PRWM,2024,TA,7191934.358,7455765.0,0.965,EXACT,sarmaaya
PRWM,2024,TL,4862806.392,5126637.0,0.949,EXACT,sarmaaya
PRWM,2024,Eq,2329127.966,2329128.0,1.000,EXACT,sarmaaya
PRWM,2024,CA,3995759.2,3995759.0,1.000,EXACT,sarmaaya
EPQL,2023,PAT,2511119.0,2511119.0,1.000,EXACT,dps
FFBL,2023,Sales,193063909,193063909.0,1.000,EXACT,dps
FFBL,2023,PAT,4402937,4402937.0,1.000,EXACT,dps
FFBL,2023,TA,145871787,198653928.0,0.734,loose,sarmaaya
FFBL,2023,CA,110704851,126875627.0,0.873,tight,sarmaaya
ANL,2025,Sales,40605013.232,40605013.0,1.000,EXACT,dps
ANL,2025,PAT,701802.854,701803.0,1.000,EXACT,dps
ANL,2025,TA,29223516.97,29439756.0,0.993,EXACT,sarmaaya
ANL,2025,TL,14419488.254,14635727.0,0.985,EXACT,sarmaaya
ANL,2025,Eq,14804028.716,14804029.0,1.000,EXACT,sarmaaya
ANL,2025,CA,16842878.878,16842879.0,1.000,EXACT,sarmaaya
ANL,2025,Sales,40605013.232,40605013.0,1.000,EXACT,sarmaaya
ANL,2025,COGS,-35625252.649,35815498.0,0.995,EXACT,sarmaaya
ANL,2025,PAT,701802.854,701803.0,1.000,EXACT,sarmaaya
NRSL,2023,Sales,9370907.642,9370908.0,1.000,EXACT,dps
MTL,2025,Sales,52108997,52108997.0,1.000,EXACT,dps
MTL,2025,PAT,6372928,6372928.0,1.000,EXACT,dps
MTL,2025,TA,32988591,35080695.0,0.940,EXACT,sarmaaya
MTL,2025,CA,24974383,26649650.0,0.937,EXACT,sarmaaya
MTL,2025,Sales,52108997,53347603.0,0.977,EXACT,sarmaaya
MTL,2025,COGS,-38241906,39496999.0,0.968,EXACT,sarmaaya
MTL,2025,PAT,6372928,6357985.0,1.002,EXACT,sarmaaya
AKDHL,2024,TA,32128.0,32128.0,1.000,EXACT,sarmaaya
AKDHL,2024,CA,16517.0,16517.0,1.000,EXACT,sarmaaya
GWLC,2025,Sales,19620351,19620351.0,1.000,EXACT,dps
GWLC,2025,PAT,2204744,2204744.0,1.000,EXACT,dps
GWLC,2025,TA,38680762.0,38759612.0,0.998,EXACT,sarmaaya
GWLC,2025,CA,9474420.0,9474420.0,1.000,EXACT,sarmaaya
GWLC,2025,Sales,19620351,19620351.0,1.000,EXACT,sarmaaya
GWLC,2025,COGS,-15034236,15259167.0,0.985,EXACT,sarmaaya
GWLC,2025,PAT,2204744,2204744.0,1.000,EXACT,sarmaaya
STJT,2025,Sales,6619681,6619681.0,1.000,EXACT,dps
STJT,2025,Sales,6619681,6623019.0,0.999,EXACT,sarmaaya
STJT,2025,COGS,-5971947,5989610.0,0.997,EXACT,sarmaaya
STJT,2025,PAT,110983,110983.0,1.000,EXACT,sarmaaya
DSML,2022,PAT,21112.0,21112.0,1.000,EXACT,dps
SML,2025,Sales,5515540,5515540.0,1.000,EXACT,dps
SML,2025,TA,19375236,26577681.0,0.729,loose,sarmaaya
SML,2025,TL,12047887,17616487.0,0.684,loose,sarmaaya
SML,2025,Eq,7327349,7259936.0,1.009,EXACT,sarmaaya
SML,2025,CA,1615836,4028704.0,0.401,loose,sarmaaya
SML,2025,Sales,5515540,13997780.0,0.394,WARN,sarmaaya
SML,2025,COGS,-7259249,15375884.0,0.472,loose,sarmaaya
SML,2025,PAT,-2592804,-2646333.0,0.980,EXACT,sarmaaya
ITTEFAQ,2025,Sales,2651935.301,2651935.0,1.000,EXACT,dps
ITTEFAQ,2025,PAT,147722.0,147722.0,1.000,EXACT,dps
FML,2023,PAT,8969458,8969458.0,1.000,EXACT,dps
BUXL,2025,Sales,587141.0,587141.0,1.000,EXACT,dps
BUXL,2025,TA,626373,626373.0,1.000,EXACT,sarmaaya
BUXL,2025,TL,443047,443047.0,1.000,EXACT,sarmaaya
BUXL,2025,Eq,183326,183326.0,1.000,EXACT,sarmaaya
BUXL,2025,CA,429589,429589.0,1.000,EXACT,sarmaaya
BUXL,2025,Sales,587141.0,587141.0,1.000,EXACT,sarmaaya
BUXL,2025,COGS,-475257,475749.0,0.999,EXACT,sarmaaya
FTMM,2023,Sales,3911423,3911423.0,1.000,EXACT,dps
SHEZ,2022,Sales,8169271,8169271.0,1.000,EXACT,dps
FEROZ,2022,Sales,7806414.315,7806414.0,1.000,EXACT,dps
FEROZ,2022,PAT,514148.873,514149.0,1.000,EXACT,dps
ICL,2022,Sales,15681372.0,15681372.0,1.000,EXACT,dps
ICL,2022,PAT,414539,414539.0,1.000,EXACT,dps
QUICE,2022,Sales,532238.8,532239.0,1.000,EXACT,dps
NRL,2025,PAT,9079013.0,9079013.0,1.000,EXACT,dps
NRL,2025,TA,149495621,149495621.0,1.000,EXACT,sarmaaya
NRL,2025,TL,99179240,99179240.0,1.000,EXACT,sarmaaya
NRL,2025,Eq,50316381,50316381.0,1.000,EXACT,sarmaaya
NRL,2025,CA,64954339,64954339.0,1.000,EXACT,sarmaaya
NRL,2025,COGS,-313897084.0,313898473.0,1.000,EXACT,sarmaaya
NRL,2025,PAT,9079013.0,-14866922.0,-0.611,MISMATCH,sarmaaya
BHAT,2023,Sales,18545108.053,18545108.0,1.000,EXACT,dps
MARI,2025,Sales,177097104,177097104.0,1.000,EXACT,dps
MARI,2025,PAT,65136416,65136416.0,1.000,EXACT,dps
MARI,2025,TA,422269783,425458133.0,0.993,EXACT,sarmaaya
MARI,2025,TL,150615728,151559334.0,0.994,EXACT,sarmaaya
MARI,2025,Eq,271654055,271886517.0,0.999,EXACT,sarmaaya
MARI,2025,CA,191023495,203091785.0,0.941,EXACT,sarmaaya
MARI,2025,Sales,177097104,177097104.0,1.000,EXACT,sarmaaya
MARI,2025,PAT,65136416,65368932.0,0.996,EXACT,sarmaaya
BAFL,2025,PAT,28337057,28337057.0,1.000,EXACT,dps
BAFL,2025,TA,3829927120,3835085168.0,0.999,EXACT,sarmaaya
BAFL,2025,TL,3632415064,3634874619.0,0.999,EXACT,sarmaaya
BAFL,2025,Eq,200210549,200210549.0,1.000,EXACT,sarmaaya
BAFL,2025,PAT,28337057,27875791.0,1.017,EXACT,sarmaaya
CHCC,2024,Sales,38433750.0,38433747.0,1.000,EXACT,dps
PMPK,2021,PAT,2306663.0,2306663.0,1.000,EXACT,dps
BUXL,2024,Sales,622985,622985.0,1.000,EXACT,dps
BUXL,2024,CA,316326.0,361458.0,0.875,tight,sarmaaya
JATM,2023,Sales,33685.7,33686.0,1.000,EXACT,dps
IGIHL,2022,PAT,911792,911792.0,1.000,EXACT,dps
ALNRS,2025,Sales,17916301.0,17916301.0,1.000,EXACT,dps
ALNRS,2025,PAT,107451,107451.0,1.000,EXACT,dps
ALNRS,2025,TA,16305079,16824379.0,0.969,EXACT,sarmaaya
ALNRS,2025,TL,9155136,9674436.0,0.946,EXACT,sarmaaya
ALNRS,2025,Eq,7149943,7149943.0,1.000,EXACT,sarmaaya
ALNRS,2025,CA,5223937,5223937.0,1.000,EXACT,sarmaaya
ALNRS,2025,Sales,17916301.0,17916301.0,1.000,EXACT,sarmaaya
ALNRS,2025,COGS,-15571391,15688955.0,0.993,EXACT,sarmaaya
ALNRS,2025,PAT,107451,107451.0,1.000,EXACT,sarmaaya
ADMM,2025,CA,13327769.0,13192808.0,1.010,EXACT,sarmaaya
ADMM,2025,COGS,-17288437.0,17367627.0,0.995,EXACT,sarmaaya
DIIL,2025,PAT,52907.0,52907.0,1.000,EXACT,dps
JSML,2025,Sales,10727499,10727499.0,1.000,EXACT,dps
JSML,2025,PAT,250012,250012.0,1.000,EXACT,dps
JSML,2025,CA,38301794.0,3866702.0,9.906,WARN,sarmaaya
JSML,2025,Sales,10727499,10727499.0,1.000,EXACT,sarmaaya
JSML,2025,COGS,-9245827,9277137.0,0.997,EXACT,sarmaaya
JSML,2025,PAT,250012,250012.0,1.000,EXACT,sarmaaya
AMBL,2024,TA,17445619.53,17445620.0,1.000,EXACT,sarmaaya
AMBL,2024,TL,26878324.016,26878324.0,1.000,EXACT,sarmaaya
AMBL,2024,Eq,-9432704.486,-9432704.0,1.000,EXACT,sarmaaya
PPP,2024,Sales,1927281.032,1927281.0,1.000,EXACT,dps
PPP,2024,PAT,155910.829,155911.0,1.000,EXACT,dps
PPP,2024,CA,825886.023,825886.0,1.000,EXACT,sarmaaya
RCML,2025,TA,18997743.0,27246717.0,0.697,loose,sarmaaya
RCML,2025,Eq,9379146.0,14727471.0,0.637,loose,sarmaaya
RCML,2025,CA,10914029.0,13227619.0,0.825,tight,sarmaaya
OML,2022,PAT,242661.817,242662.0,1.000,EXACT,dps
OGDC,2022,PAT,133783747,133783747.0,1.000,EXACT,dps
NCML,2024,Sales,7534.36,4161.0,1.811,loose,dps
BIFO,2023,PAT,607678.955,607679.0,1.000,EXACT,dps
CTM,2023,Sales,20852724.0,20852724.0,1.000,EXACT,dps
SASML,2022,Sales,3392097.376,3392097.0,1.000,EXACT,dps
BOK,2022,PAT,454864,454864.0,1.000,EXACT,dps
AVN,2024,Sales,3102844,3102844.0,1.000,EXACT,dps
AVN,2024,PAT,539096,539096.0,1.000,EXACT,dps
AVN,2024,TA,10936729,28162524.0,0.388,WARN,sarmaaya
AVN,2024,TL,3055355,13500971.0,0.226,WARN,sarmaaya
AVN,2024,Eq,7881374,13974945.0,0.564,loose,sarmaaya
AVN,2024,CA,4609265,20928143.0,0.220,WARN,sarmaaya
OTSU,2024,Sales,3163868,3163868.0,1.000,EXACT,dps
OTSU,2024,TA,2293889,2293889.0,1.000,EXACT,sarmaaya
OTSU,2024,TL,1618194,1618194.0,1.000,EXACT,sarmaaya
OTSU,2024,Eq,675695,675695.0,1.000,EXACT,sarmaaya
OTSU,2024,CA,1714994,1714994.0,1.000,EXACT,sarmaaya
BIPL,2024,PAT,11833541,11833541.0,1.000,EXACT,dps
BIPL,2024,TA,737834025,737884562.0,1.000,EXACT,sarmaaya
BIPL,2024,TL,689524749,689669594.0,1.000,EXACT,sarmaaya
BIPL,2024,Eq,48309276,48214968.0,1.002,EXACT,sarmaaya
UNITY,2022,Sales,82184552.553,82184553.0,1.000,EXACT,dps
MSOT,2024,Sales,58676926,58676926.0,1.000,EXACT,dps
MSOT,2024,PAT,2651189.0,2651189.0,1.000,EXACT,dps
MSOT,2024,TA,55151742,55151742.0,1.000,EXACT,sarmaaya
MSOT,2024,TL,38470129,40470129.0,0.951,EXACT,sarmaaya
MSOT,2024,Eq,16681613,14681613.0,1.136,tight,sarmaaya
MSOT,2024,CA,37750437,37750437.0,1.000,EXACT,sarmaaya
DOL,2022,Sales,4250493,4250493.0,1.000,EXACT,dps
DOL,2022,PAT,470877,470877.0,1.000,EXACT,dps
GGL,2024,Sales,170802,170802.0,1.000,EXACT,dps
GGL,2024,PAT,24326,24326.0,1.000,EXACT,dps
GGL,2024,TA,3938108.0,21522348.0,0.183,WARN,sarmaaya
GGL,2024,TL,126758.0,8579685.0,0.015,MISMATCH,sarmaaya
GGL,2024,CA,356897.0,7352657.0,0.049,MISMATCH,sarmaaya
LPGL,2023,Sales,2335021,2335021.0,1.000,EXACT,dps
ASTM,2024,Sales,1812689.595,1812690.0,1.000,EXACT,dps
ASTM,2024,PAT,32846.0,32846.0,1.000,EXACT,dps
MEBL,2022,PAT,45006610,45006610.0,1.000,EXACT,dps
EFUL,2022,PAT,53005.896,1692118.0,0.031,MISMATCH,dps
FFL,2025,PAT,1236052.29,1236052.0,1.000,EXACT,dps
FFL,2025,TA,20901308.142,23126561.0,0.904,EXACT,sarmaaya
FFL,2025,TL,10101482.421,12469467.0,0.810,tight,sarmaaya
FFL,2025,Eq,10799825.721,10657094.0,1.013,EXACT,sarmaaya
FFL,2025,CA,11325356.898,11175749.0,1.013,EXACT,sarmaaya
FFL,2025,COGS,-23862757.521,24134846.0,0.989,EXACT,sarmaaya
FFL,2025,PAT,1236052.29,1154059.0,1.071,EXACT,sarmaaya
HINO,2025,TA,10569090.0,11655631.0,0.907,EXACT,sarmaaya
FFBL,2022,Sales,159225963,159225963.0,1.000,EXACT,dps
FFBL,2022,PAT,2327934,2327934.0,1.000,EXACT,dps
AGP,2023,Sales,13857770.0,13857770.0,1.000,EXACT,dps
AGP,2023,PAT,1190186.0,1190186.0,1.000,EXACT,dps
BERG,2022,Sales,7073478,7105233.0,0.996,EXACT,dps
BERG,2022,PAT,201886,201886.0,1.000,EXACT,dps
BPBL,2016,Sales,2027.0,2027.0,1.000,EXACT,dps
SAPT,2025,Sales,93258687,93258687.0,1.000,EXACT,dps
SAPT,2025,PAT,3950967,3950967.0,1.000,EXACT,dps
SAPT,2025,TA,96375515,203358008.0,0.474,loose,sarmaaya
SAPT,2025,TL,104348878.589,105404940.0,0.990,EXACT,sarmaaya
SAPT,2025,Eq,42474020,75164531.0,0.565,loose,sarmaaya
SAPT,2025,CA,51569931,102778995.0,0.502,loose,sarmaaya
SAPT,2025,Sales,93258687,152379581.0,0.612,loose,sarmaaya
SAPT,2025,COGS,80524998,117427192.0,0.686,loose,sarmaaya
SAPT,2025,PAT,3950967,9442986.0,0.418,loose,sarmaaya
JATM,2024,Sales,129953.74,129954.0,1.000,EXACT,dps
JDWS,2025,PAT,6412738.673,6412739.0,1.000,EXACT,dps
JDWS,2025,TA,77893721.369,90084481.0,0.865,tight,sarmaaya
JDWS,2025,Eq,30650158.541,35569403.0,0.862,tight,sarmaaya
JDWS,2025,CA,32546254.098,37060885.0,0.878,tight,sarmaaya
JDWS,2025,COGS,-98763617.643,116882490.0,0.845,tight,sarmaaya
JDWS,2025,PAT,6412738.673,7799538.0,0.822,tight,sarmaaya
PAKRI,2023,PAT,3065248.117,3065248.0,1.000,EXACT,dps
SITC,2025,PAT,939274.553,939275.0,1.000,EXACT,dps
SITC,2025,TA,47508002.225,47911467.0,0.992,EXACT,sarmaaya
SITC,2025,Eq,18865716.456,18865716.0,1.000,EXACT,sarmaaya
SITC,2025,CA,13496372.146,13496372.0,1.000,EXACT,sarmaaya
SITC,2025,COGS,-26911254.339,27092526.0,0.993,EXACT,sarmaaya
SITC,2025,PAT,939274.553,939275.0,1.000,EXACT,sarmaaya
IDSM,2024,Sales,5559463,5559463.0,1.000,EXACT,dps
STCL,2025,Sales,13846058,13846058.0,1.000,EXACT,dps
STCL,2025,PAT,320165.0,320165.0,1.000,EXACT,dps
STCL,2025,TA,7942100,7990989.0,0.994,EXACT,sarmaaya
STCL,2025,TL,5293325,5342214.0,0.991,EXACT,sarmaaya
STCL,2025,Eq,2648775,2648775.0,1.000,EXACT,sarmaaya
STCL,2025,CA,4714029,4714029.0,1.000,EXACT,sarmaaya
STCL,2025,Sales,13846058,13846058.0,1.000,EXACT,sarmaaya
STCL,2025,COGS,-11097956,11240867.0,0.987,EXACT,sarmaaya
STCL,2025,PAT,320165.0,-192131.0,-1.666,MISMATCH,sarmaaya
BWCL,2025,TA,275490698,275490698.0,1.000,EXACT,sarmaaya
BWCL,2025,TL,147256965,145918127.0,1.009,EXACT,sarmaaya
BWCL,2025,Eq,128233733,128233733.0,1.000,EXACT,sarmaaya
BWCL,2025,CA,28933822,28933822.0,1.000,EXACT,sarmaaya
SERT,2025,Sales,1370515.0,1370514.0,1.000,EXACT,dps
KOHTM,2025,Sales,8253381,8253381.0,1.000,EXACT,dps
KOHTM,2025,PAT,280766,280766.0,1.000,EXACT,dps
KOHTM,2025,TA,10102274,10224199.0,0.988,EXACT,sarmaaya
KOHTM,2025,CA,3841470,3841470.0,1.000,EXACT,sarmaaya
KOHTM,2025,Sales,8253381,8253380.999999999,1.000,EXACT,sarmaaya
KOHTM,2025,COGS,-7049598,7078074.0,0.996,EXACT,sarmaaya
KOHTM,2025,PAT,280766,280766.0,1.000,EXACT,sarmaaya
ENGRO,2023,TA,802496277,802496277.0,1.000,EXACT,sarmaaya
ENGRO,2023,TL,579363645,577343458.0,1.003,EXACT,sarmaaya
ENGRO,2023,Eq,223132632,145205066.0,1.537,loose,sarmaaya
ENGRO,2023,CA,348155310,348155310.0,1.000,EXACT,sarmaaya
MQTM,2025,PAT,268512.0,268512.0,1.000,EXACT,dps
MQTM,2025,TA,9017497.835,9228637.0,0.977,EXACT,sarmaaya
MQTM,2025,CA,3540126.755,3540127.0,1.000,EXACT,sarmaaya
MQTM,2025,COGS,-8401794.208,8411619.0,0.999,EXACT,sarmaaya
MQTM,2025,PAT,268512.0,-827613.0,-0.324,MISMATCH,sarmaaya
GGL,2025,Sales,95652.0,95652.0,1.000,EXACT,dps
GGL,2025,TA,24879726,24891432.0,1.000,EXACT,sarmaaya
GGL,2025,TL,9756597,9766333.0,0.999,EXACT,sarmaaya
GGL,2025,Eq,15123129,7240576.0,2.089,loose,sarmaaya
GGL,2025,CA,8676516,8676516.0,1.000,EXACT,sarmaaya
GGL,2025,Sales,95652.0,10336896.0,0.009,MISMATCH,sarmaaya
GGL,2025,COGS,-6168186,6433673.0,0.959,EXACT,sarmaaya
GGGL,2025,Sales,2931917.693,2931917.0,1.000,EXACT,dps
GGGL,2025,TA,6206159.634,6206160.0,1.000,EXACT,sarmaaya
GGGL,2025,TL,3345977.761,3345978.0,1.000,EXACT,sarmaaya
GGGL,2025,Eq,2860181.873,2860182.0,1.000,EXACT,sarmaaya
GGGL,2025,CA,3085166.223,3085166.0,1.000,EXACT,sarmaaya
GGGL,2025,Sales,2931917.693,2931918.0,1.000,EXACT,sarmaaya
GGGL,2025,COGS,-2176455.149,2207617.0,0.986,EXACT,sarmaaya
FATIMA,2023,Sales,235423342,232754821.0,1.011,EXACT,dps
FATIMA,2023,PAT,23008416,22399399.0,1.027,EXACT,dps
EFUG,2025,PAT,5298504,5298504.0,1.000,EXACT,dps
EFUG,2025,TA,85626258,375265931.0,0.228,WARN,sarmaaya
EFUG,2025,TL,56869219,340440872.0,0.167,WARN,sarmaaya
EFUG,2025,Eq,28757039,28795374.0,0.999,EXACT,sarmaaya
JSGCL,2025,PAT,608567.696,608568.0,1.000,EXACT,dps
JSGCL,2025,TA,12005571.221,12052885.0,0.996,EXACT,sarmaaya
JSGCL,2025,TL,8414493.116,8461807.0,0.994,EXACT,sarmaaya
JSGCL,2025,Eq,3591078.105,3591078.0,1.000,EXACT,sarmaaya
JSGCL,2025,CA,10778493.029,10778493.0,1.000,EXACT,sarmaaya
JSGCL,2025,PAT,608567.696,608568.0,1.000,EXACT,sarmaaya
PRET,2025,Sales,29012414.811,29012414.0,1.000,EXACT,dps
PRET,2025,TA,29464123.094,29648755.0,0.994,EXACT,sarmaaya
PRET,2025,TL,20715779.257,20284970.0,1.021,EXACT,sarmaaya
PRET,2025,Eq,8748343.837,8748344.0,1.000,EXACT,sarmaaya
PRET,2025,CA,14869987.682,14869988.0,1.000,EXACT,sarmaaya
PRET,2025,Sales,29012414.811,29012415.0,1.000,EXACT,sarmaaya
PRET,2025,COGS,-25131382.554,25201417.0,0.997,EXACT,sarmaaya
REDCO,2023,Sales,870963.477,870963.0,1.000,EXACT,dps
REDCO,2023,PAT,77845.064,77845.0,1.000,EXACT,dps
TICL,2024,Sales,28611125.116,28611252.0,1.000,EXACT,dps
TICL,2024,PAT,1135970.471,1135970.0,1.000,EXACT,dps
TICL,2024,TA,27821090.947,27911714.0,0.997,EXACT,sarmaaya
TICL,2024,TL,18090234.139,18180857.0,0.995,EXACT,sarmaaya
TICL,2024,Eq,9730856.808,9730857.0,1.000,EXACT,sarmaaya
TICL,2024,CA,21668645.064,21668645.0,1.000,EXACT,sarmaaya
PIM,2022,PAT,6551.228,6551.0,1.000,EXACT,dps
UDPL,2025,PAT,903351,903351.0,1.000,EXACT,dps
DAAG,2025,Sales,353206.98,353207.0,1.000,EXACT,dps
FTMM,2022,Sales,7678361,7678361.0,1.000,EXACT,dps
MUGHAL,2023,Sales,67390171,67390171.0,1.000,EXACT,dps
MUGHAL,2023,PAT,3480485,3480485.0,1.000,EXACT,dps
ASTM,2022,Sales,2080169.476,2080169.0,1.000,EXACT,dps
FML,2025,PAT,99023,99023.0,1.000,EXACT,dps
FML,2025,PAT,99023,99023.0,1.000,EXACT,sarmaaya
OML,2025,Sales,132850.497,72629.0,1.829,loose,dps
OML,2025,PAT,145901.413,145901.0,1.000,EXACT,dps
PIM,2023,PAT,7974.566,7975.0,1.000,EXACT,dps
FFBL,2021,Sales,110452174,110452174.0,1.000,EXACT,dps
FFBL,2021,PAT,6390961,6390961.0,1.000,EXACT,dps
ABOT,2025,Sales,75397732,75397732.0,1.000,EXACT,dps
ABOT,2025,PAT,7966500,7966500.0,1.000,EXACT,dps
ABOT,2025,TA,46816196,47497333.0,0.986,EXACT,sarmaaya
ABOT,2025,TL,15190739,15871876.0,0.957,EXACT,sarmaaya
ABOT,2025,Eq,31625457,31625457.0,1.000,EXACT,sarmaaya
ABOT,2025,CA,30993316,30993316.0,1.000,EXACT,sarmaaya
ABOT,2025,Sales,75397732,75397732.0,1.000,EXACT,sarmaaya
ABOT,2025,COGS,-48945569,50131722.0,0.976,EXACT,sarmaaya
ABOT,2025,PAT,7966500,7966500.0,1.000,EXACT,sarmaaya
SHNI,2024,PAT,165269.371,165269.0,1.000,EXACT,dps
ICIBL,2023,PAT,89759.962,89760.0,1.000,EXACT,dps
PPVC,2024,Sales,8767.775,8768.0,1.000,EXACT,dps
LOTCHEM,2024,Sales,109299177,109299177.0,1.000,EXACT,dps
LOTCHEM,2024,TA,42040942,42598622.0,0.987,EXACT,sarmaaya
LOTCHEM,2024,CA,32945336,32945336.000000004,1.000,EXACT,sarmaaya
QUET,2023,Sales,3392968.326,3392968.0,1.000,EXACT,dps
JSGCL,2024,PAT,454555.657,454556.0,1.000,EXACT,dps
JSGCL,2024,TA,9283402.373,9310167.0,0.997,EXACT,sarmaaya
JSGCL,2024,TL,6338158.367,6364923.0,0.996,EXACT,sarmaaya
JSGCL,2024,Eq,2945244.006,2945244.0,1.000,EXACT,sarmaaya
JSGCL,2024,CA,8180571.189,8180571.0,1.000,EXACT,sarmaaya
LEUL,2025,Sales,12086.203,12086.0,1.000,EXACT,dps
LEUL,2025,PAT,322.0,322.0,1.000,EXACT,dps
WTL,2022,Sales,2301245,2301245.0,1.000,EXACT,dps
UNIC,2025,TA,21874894.0,21874894.0,1.000,EXACT,sarmaaya
POL,2022,Sales,58394092.0,51944902.0,1.124,tight,dps
POL,2022,PAT,25935113.0,25935113.0,1.000,EXACT,dps
KASBM,2022,PAT,6163.303,6163.0,1.000,EXACT,dps
PAKMI,2020,PAT,1844.703,1845.0,1.000,EXACT,dps
DMTM,2023,Sales,3866.66,3867.0,1.000,EXACT,dps
DCL,2024,Sales,22319082,22319082.0,1.000,EXACT,dps
DCL,2024,TA,48772185,48772185.0,1.000,EXACT,sarmaaya
DCL,2024,TL,21800507,21800507.0,1.000,EXACT,sarmaaya
DCL,2024,Eq,26971678,26971678.0,1.000,EXACT,sarmaaya
DCL,2024,CA,4922496,4922496.0,1.000,EXACT,sarmaaya
KCL,2025,Sales,584210.014,584210.0,1.000,EXACT,dps
HINO,2024,Sales,7622709,7622709.0,1.000,EXACT,dps
HINO,2024,PAT,16033.0,16033.0,1.000,EXACT,dps
HINO,2024,TA,9956823,10672639.0,0.933,EXACT,sarmaaya
HINO,2024,TL,4661118,5219296.0,0.893,tight,sarmaaya
HINO,2024,Eq,5295705,5453343.0,0.971,EXACT,sarmaaya
HINO,2024,CA,5929472,6759004.0,0.877,tight,sarmaaya
IDSM,2025,Sales,3583528,3583528.0,1.000,EXACT,dps
IDSM,2025,PAT,323033.0,323033.0,1.000,EXACT,dps
BATA,2025,Sales,17776670,17776670.0,1.000,EXACT,dps
BATA,2025,PAT,850730.0,850730.0,1.000,EXACT,dps
BATA,2025,TA,13585445.0,13723055.0,0.990,EXACT,sarmaaya
BATA,2025,Eq,3167870.0,3167870.0,1.000,EXACT,sarmaaya
BATA,2025,CA,6626512.0,6276340.0,1.056,EXACT,sarmaaya
BATA,2025,Sales,17776670,17776670.0,1.000,EXACT,sarmaaya
BATA,2025,COGS,-10756612,12283219.0,0.876,tight,sarmaaya
BATA,2025,PAT,850730.0,-2385054.0,-0.357,MISMATCH,sarmaaya
GATM,2022,Sales,100256957,100256957.0,1.000,EXACT,dps
GATM,2022,PAT,8861647,8861647.0,1.000,EXACT,dps
JUBS,2023,Sales,5337.933,5338.0,1.000,EXACT,dps
JUBS,2023,PAT,71613.926,71614.0,1.000,EXACT,dps
BAFS,2022,Sales,3938711.677,3938712.0,1.000,EXACT,dps
HICL,2022,PAT,111091.0,111091.0,1.000,EXACT,dps
FEROZ,2023,Sales,9893390.922,9893391.0,1.000,EXACT,dps
FEROZ,2023,PAT,189042.471,189042.0,1.000,EXACT,dps
GOC,2022,Sales,238127.624,238128.0,1.000,EXACT,dps
GOC,2022,PAT,97360.658,97361.0,1.000,EXACT,dps
AKDHL,2025,TA,45039,45039.0,1.000,EXACT,sarmaaya
AKDHL,2025,CA,16954,16954.0,1.000,EXACT,sarmaaya
HUSI,2023,Sales,160603.267,160603.0,1.000,EXACT,dps
HUSI,2023,PAT,21066.815,21067.0,1.000,EXACT,dps
GOC,2023,Sales,691435.578,691436.0,1.000,EXACT,dps
GOC,2023,PAT,153755.162,153755.0,1.000,EXACT,dps
BHAT,2025,Sales,32907546.738,32907546.0,1.000,EXACT,dps
BHAT,2025,TA,26925012.629,26925013.0,1.000,EXACT,sarmaaya
BHAT,2025,TL,15962857.152,15587267.0,1.024,EXACT,sarmaaya
BHAT,2025,Eq,10962155.477,10779037.0,1.017,EXACT,sarmaaya
BHAT,2025,CA,18002690.467,18002690.0,1.000,EXACT,sarmaaya
BHAT,2025,Sales,32907546.738,32907547.0,1.000,EXACT,sarmaaya
BHAT,2025,COGS,-30319406.416,30357635.0,0.999,EXACT,sarmaaya
WYETH,2020,Sales,932673,932673.0,1.000,EXACT,dps
WYETH,2020,PAT,23176.0,23176.0,1.000,EXACT,dps
TSPL,2025,TA,216610.008,216610.0,1.000,EXACT,sarmaaya
TSPL,2025,TL,42931.316,42931.0,1.000,EXACT,sarmaaya
TSPL,2025,Eq,173678.692,173679.0,1.000,EXACT,sarmaaya
TSPL,2025,CA,112769.738,112770.0,1.000,EXACT,sarmaaya
FCEPL,2023,PAT,1508786.0,1508786.0,1.000,EXACT,dps
TOWL,2025,Sales,12347001.878,12347001.0,1.000,EXACT,dps
STPL,2025,PAT,3083.0,3083.0,1.000,EXACT,dps
STPL,2025,TA,4451333.412,4451333.0,1.000,EXACT,sarmaaya
STPL,2025,CA,1109304.62,1109305.0,1.000,EXACT,sarmaaya
STPL,2025,COGS,-1801261.623,1817180.0,0.991,EXACT,sarmaaya
STPL,2025,PAT,3083.0,-255116.0,-0.012,MISMATCH,sarmaaya
FRCL,2025,Sales,4390409.0,4390409.0,1.000,EXACT,dps
FRCL,2025,PAT,147496.0,147496.0,1.000,EXACT,dps
OTSU,2022,Sales,2851733,2851733.0,1.000,EXACT,dps
FZCM,2024,Sales,97160875,97160875.0,1.000,EXACT,dps
ATBA,2023,PAT,2201242,2201242.0,1.000,EXACT,dps
GRYL,2024,PAT,7762.084,7762.0,1.000,EXACT,dps
MACFL,2023,Sales,5505462.439,5505462.0,1.000,EXACT,dps
MACFL,2023,PAT,379213.514,379214.0,1.000,EXACT,dps
QUICE,2025,Sales,1094764.441,1094764.0,1.000,EXACT,dps
DGKC,2025,Sales,71892837,71892837.0,1.000,EXACT,dps
DGKC,2025,PAT,8675059,8675059.0,1.000,EXACT,dps
DGKC,2025,TA,145924235,166471474.0,0.877,tight,sarmaaya
DGKC,2025,TL,51256757,66761077.99999999,0.768,tight,sarmaaya
DGKC,2025,Eq,94667478,96220012.0,0.984,EXACT,sarmaaya
DGKC,2025,CA,47908042,54103114.0,0.885,tight,sarmaaya
DGKC,2025,Sales,71892837,78633908.0,0.914,EXACT,sarmaaya
DGKC,2025,COGS,-53387166,59480038.0,0.898,tight,sarmaaya
DGKC,2025,PAT,8675059,9239142.0,0.939,EXACT,sarmaaya
BGL,2022,Sales,1346050,1346050.0,1.000,EXACT,dps
HAEL,2025,Sales,553561.763,553562.0,1.000,EXACT,dps
HAEL,2025,PAT,13857.875,13858.0,1.000,EXACT,dps
WAVES,2025,PAT,125828,125828.0,1.000,EXACT,dps
WAVES,2025,PAT,125828,436596.0,0.288,WARN,sarmaaya
GFIL,2023,Sales,4285864.399,4285864.0,1.000,EXACT,dps
TSPL,2024,Sales,5000.0,6080.0,0.822,tight,dps
TSPL,2024,PAT,5983.0,5983.0,1.000,EXACT,dps
TSPL,2024,TA,219243.325,219243.0,1.000,EXACT,sarmaaya
TSPL,2024,TL,33136.817,33137.0,1.000,EXACT,sarmaaya
TSPL,2024,Eq,186106.508,186107.0,1.000,EXACT,sarmaaya
TSPL,2024,CA,113006.646,113007.0,1.000,EXACT,sarmaaya
HTL,2022,Sales,17739037,17739037.0,1.000,EXACT,dps
FIMM,2022,Sales,1378792.562,1378793.0,1.000,EXACT,dps
EFOODS,2016,Sales,44346031,44346031.0,1.000,EXACT,dps
EFOODS,2016,PAT,2386712,2386712.0,1.000,EXACT,dps
BOK,2023,PAT,3481277,3481277.0,1.000,EXACT,dps
PHDL,2021,Sales,249724.0,249724.0,1.000,EXACT,dps
MRNS,2025,TA,7408307.596,7621088.0,0.972,EXACT,sarmaaya
MRNS,2025,TL,2640644.821,2797805.0,0.944,EXACT,sarmaaya
MRNS,2025,Eq,4767662.775,4767663.0,1.000,EXACT,sarmaaya
MRNS,2025,CA,3722627.178,3722627.0,1.000,EXACT,sarmaaya
MRNS,2025,COGS,-11563133.425,11687156.0,0.989,EXACT,sarmaaya
SANSM,2023,Sales,3922156,3922156.0,1.000,EXACT,dps
SANSM,2023,PAT,1609.0,1609.0,1.000,EXACT,dps
HINOON,2024,PAT,3253500.701,3253501.0,1.000,EXACT,dps
HINOON,2024,TA,16062291.695,17510400.0,0.917,EXACT,sarmaaya
HINOON,2024,Eq,11221165.701,11795130.0,0.951,EXACT,sarmaaya
HINOON,2024,CA,12379733.856,13177252.0,0.939,EXACT,sarmaaya
ITTEFAQ,2022,Sales,11225260.621,11225261.0,1.000,EXACT,dps
CPAL,2018,PAT,33793.675,33794.0,1.000,EXACT,dps
CLVL,2025,Sales,23695.298,23695.0,1.000,EXACT,dps
CLVL,2025,PAT,19105.0,19105.0,1.000,EXACT,dps
CLVL,2025,TA,1060315.534,2442541.0,0.434,loose,sarmaaya
CLVL,2025,TL,593138.014,1337802.0,0.443,loose,sarmaaya
CLVL,2025,Eq,467177.52,878927.0,0.532,loose,sarmaaya
CLVL,2025,CA,76092.198,846018.0,0.090,MISMATCH,sarmaaya
CLVL,2025,Sales,23695.298,680810.0,0.035,MISMATCH,sarmaaya
CLVL,2025,COGS,-6940.872,270049.0,0.026,MISMATCH,sarmaaya
CLVL,2025,PAT,19105.0,158540.0,0.121,WARN,sarmaaya
KHTC,2025,Sales,9890703.179,9890703.0,1.000,EXACT,dps
KHTC,2025,PAT,274648.054,274648.0,1.000,EXACT,dps
KHTC,2025,Sales,9890703.179,9772847.0,1.012,EXACT,sarmaaya
KHTC,2025,COGS,-8115882.823,8159791.0,0.995,EXACT,sarmaaya
KHTC,2025,PAT,274648.054,274648.0,1.000,EXACT,sarmaaya
KTML,2023,Sales,42046556,42046556.0,1.000,EXACT,dps
KTML,2023,PAT,2407262,2407262.0,1.000,EXACT,dps
FATIMA,2022,Sales,152231277,158797102.0,0.959,EXACT,dps
FATIMA,2022,PAT,14123939,14301979.0,0.988,EXACT,dps
CPPL,2025,TA,15623282.0,15869447.0,0.984,EXACT,sarmaaya
CPPL,2025,CA,-518816.0,6843089.0,-0.076,MISMATCH,sarmaaya
JDWS,2023,PAT,2166094.078,2166094.0,1.000,EXACT,dps
FZCM,2025,COGS,-82305647.102,82486725.0,0.998,EXACT,sarmaaya
KOHTM,2022,Sales,4930819,4930819.0,1.000,EXACT,dps
KOHTM,2022,PAT,292267,292267.0,1.000,EXACT,dps
POL,2025,Sales,62370222.0,57116575.0,1.092,EXACT,dps
POL,2025,PAT,24181657.0,24181657.0,1.000,EXACT,dps
POL,2025,TA,177003225,180943417.0,0.978,EXACT,sarmaaya
POL,2025,CA,149655051,149936602.0,0.998,EXACT,sarmaaya
POL,2025,Sales,62370222.0,58554896.0,1.065,EXACT,sarmaaya
POL,2025,PAT,24181657.0,22960162.0,1.053,EXACT,sarmaaya
ASL,2023,Sales,31102382,31102382.0,1.000,EXACT,dps
KOSM,2025,TA,3830061.428,3830061.0,1.000,EXACT,sarmaaya
KOSM,2025,TL,3624531.315,3624531.0,1.000,EXACT,sarmaaya
KOSM,2025,Eq,205530.112,205530.0,1.000,EXACT,sarmaaya
KOSM,2025,CA,470129.857,470130.0,1.000,EXACT,sarmaaya
KOSM,2025,PAT,-494210.669,-494211.0,1.000,EXACT,sarmaaya
PIAA,2020,Sales,94989391,94989391.0,1.000,EXACT,dps
MARI,2023,Sales,145769907,145769907.0,1.000,EXACT,dps
MARI,2023,PAT,56128711,56128711.0,1.000,EXACT,dps
KOSM,2024,TA,4250965.67,4250966.0,1.000,EXACT,sarmaaya
KOSM,2024,TL,3688206.41,3688206.0,1.000,EXACT,sarmaaya
KOSM,2024,Eq,562759.26,562759.0,1.000,EXACT,sarmaaya
KOSM,2024,CA,731462.054,731462.0,1.000,EXACT,sarmaaya
ATIL,2022,PAT,719314,719314.0,1.000,EXACT,dps
HABSM,2022,Sales,13006818,13006818.0,1.000,EXACT,dps
HABSM,2022,PAT,1289761,1289761.0,1.000,EXACT,dps
MEHT,2023,Sales,54627481.688,54627482.0,1.000,EXACT,dps
MEHT,2023,PAT,6903397.0,6903397.0,1.000,EXACT,dps
DFML,2024,Sales,11980.0,9953.0,1.204,tight,dps
DFML,2024,TA,3962624.0,3962624.0,1.000,EXACT,sarmaaya
DFML,2024,CA,2320862.0,2166648.0,1.071,EXACT,sarmaaya
TRPOL,2020,Sales,403176.99,403177.0,1.000,EXACT,dps
TRPOL,2020,PAT,22404.807,22405.0,1.000,EXACT,dps
GAMON,2025,TA,996860.538,1176905.0,0.847,tight,sarmaaya
GAMON,2025,Eq,785149.449,767712.0,1.023,EXACT,sarmaaya
GAMON,2025,CA,313948.785,317761.0,0.988,EXACT,sarmaaya
PPVC,2023,Sales,11251.064,11251.0,1.000,EXACT,dps
JLICL,2025,PAT,2495503,2495510.0,1.000,EXACT,dps
JLICL,2025,TA,265767512,268354727.0,0.990,EXACT,sarmaaya
JLICL,2025,TL,246934280,249521495.0,0.990,EXACT,sarmaaya
JLICL,2025,Eq,18833232,18833232.0,1.000,EXACT,sarmaaya
ORIXM,2021,PAT,152518.893,152519.0,1.000,EXACT,dps
CSAP,2024,Sales,10752196,9111611.0,1.180,tight,dps
CSAP,2024,PAT,1606503,1629412.0,0.986,EXACT,dps
MFL,2023,Sales,19985401.101,19985401.0,1.000,EXACT,dps
ASL,2024,Sales,42749652,42749652.0,1.000,EXACT,dps
ASL,2024,TA,40597158,40597158.0,1.000,EXACT,sarmaaya
ASL,2024,TL,24890180,28890180.0,0.862,tight,sarmaaya
ASL,2024,Eq,15706978,11706978.0,1.342,tight,sarmaaya
ASL,2024,CA,18469454.0,18209688.0,1.014,EXACT,sarmaaya
PAKRI,2025,PAT,30402164.0,3129096.0,9.716,MISMATCH,dps
PAKRI,2025,TA,1208555052.0,66193946.0,18.258,MISMATCH,sarmaaya
PAKRI,2025,TL,288840235.0,40331929.0,7.162,WARN,sarmaaya
SGF,2023,Sales,15061817,15061817.0,1.000,EXACT,dps
SGF,2023,PAT,1181607,1181607.0,1.000,EXACT,dps
STML,2022,Sales,8674940,8674940.0,1.000,EXACT,dps
ORIXM,2019,PAT,126056.628,126057.0,1.000,EXACT,dps
DINT,2025,Sales,40119000.0,40118920.0,1.000,EXACT,dps
DINT,2025,TA,34488337,34488337.0,1.000,EXACT,sarmaaya
DINT,2025,Sales,40119000.0,40118921.0,1.000,EXACT,sarmaaya
DINT,2025,COGS,-36377000.0,36390810.0,1.000,EXACT,sarmaaya
JSML,2024,Sales,7996000,7996452.0,1.000,EXACT,dps
JSML,2024,PAT,1880.0,1880.0,1.000,EXACT,dps
YOUW,2022,Sales,1244911.124,1244911.0,1.000,EXACT,dps
SPEL,2025,Eq,6109862,6109862.0,1.000,EXACT,sarmaaya
PGCL,2018,Sales,763546,763546.0,1.000,EXACT,dps
PGCL,2018,PAT,18750,18750.0,1.000,EXACT,dps
UPFL,2022,Sales,28309317,28309317.0,1.000,EXACT,dps
UPFL,2022,PAT,7952403,7952403.0,1.000,EXACT,dps
ZIL,2024,Sales,6364851,6364851.0,1.000,EXACT,dps
ZIL,2024,PAT,42947,42947.0,1.000,EXACT,dps
PMRS,2023,Sales,3045962,3045962.0,1.000,EXACT,dps
NRSL,2024,Sales,8584744,8584744.0,1.000,EXACT,dps
NRSL,2024,PAT,270375,270376.0,1.000,EXACT,dps
NRSL,2024,TA,6487311,6583625.0,0.985,EXACT,sarmaaya
NRSL,2024,TL,3189092,3292293.0,0.969,EXACT,sarmaaya
NRSL,2024,Eq,3298219,3291333.0,1.002,EXACT,sarmaaya
NRSL,2024,CA,4938214,4938214.0,1.000,EXACT,sarmaaya
SYS,2023,PAT,8559160.491,8559160.0,1.000,EXACT,dps
HRPL,2025,Sales,2136281.09,2136281.0,1.000,EXACT,dps
HRPL,2025,TA,1383579.459,1383579.0,1.000,EXACT,sarmaaya
HRPL,2025,TL,589877.85,589878.0,1.000,EXACT,sarmaaya
HRPL,2025,Eq,793701.609,793702.0,1.000,EXACT,sarmaaya
HRPL,2025,CA,788322.889,788323.0,1.000,EXACT,sarmaaya
HRPL,2025,Sales,2136281.09,2136281.0,1.000,EXACT,sarmaaya
HRPL,2025,COGS,-1966289.863,1985064.0,0.991,EXACT,sarmaaya
SZTM,2022,Sales,9382850.241,9382850.0,1.000,EXACT,dps
PRET,2022,Sales,19976813.131,19976813.0,1.000,EXACT,dps
ASTL,2022,Sales,58184282.0,58184282.0,1.000,EXACT,dps
MCB,2024,TA,2703339305,3009721756.0,0.898,tight,sarmaaya
MCB,2024,TL,2433079965,2722474512.0,0.894,tight,sarmaaya
MCB,2024,Eq,270259340,286745715.0,0.943,EXACT,sarmaaya
KTML,2024,Sales,58174952,58174952.0,1.000,EXACT,dps
KTML,2024,PAT,2199162,2199162.0,1.000,EXACT,dps
KTML,2024,TA,51853603,151328038.0,0.343,WARN,sarmaaya
KTML,2024,TL,22621047,69086834.0,0.327,WARN,sarmaaya
KTML,2024,Eq,29232556,57209523.0,0.511,loose,sarmaaya
KTML,2024,CA,17882569,60336524.0,0.296,WARN,sarmaaya
BAPL,2025,PAT,59388.0,59388.0,1.000,EXACT,dps
CCM,2024,PAT,76642.0,76642.0,1.000,EXACT,dps
CCM,2024,TA,8288588,8940371.0,0.927,EXACT,sarmaaya
CCM,2024,TL,2136180,2254591.0,0.947,EXACT,sarmaaya
CCM,2024,Eq,6152408,6504708.0,0.946,EXACT,sarmaaya
CCM,2024,CA,2361107,2521266.0,0.936,EXACT,sarmaaya
FASM,2023,Sales,37672807.61,37672808.0,1.000,EXACT,dps
PAKT,2024,Sales,121077803,121077803.0,1.000,EXACT,dps
PICT,2024,PAT,1800504.0,1800504.0,1.000,EXACT,dps
PICT,2024,TA,5068420,5068420.0,1.000,EXACT,sarmaaya
PICT,2024,TL,3627772,3627772.0,1.000,EXACT,sarmaaya
PICT,2024,Eq,1440648,1440648.0,1.000,EXACT,sarmaaya
PICT,2024,CA,5068420,5068420.0,1.000,EXACT,sarmaaya
CLOV,2025,Sales,3677864,3677864.0,1.000,EXACT,dps
CLOV,2025,PAT,253398,253398.0,1.000,EXACT,dps
CLOV,2025,TA,653632.0,653632.0,1.000,EXACT,sarmaaya
CLOV,2025,CA,534109.0,534109.0,1.000,EXACT,sarmaaya
CLOV,2025,Sales,3677864,3677864.0,1.000,EXACT,sarmaaya
CLOV,2025,COGS,-3262886,3278591.0,0.995,EXACT,sarmaaya
CLOV,2025,PAT,253398,253398.0,1.000,EXACT,sarmaaya
ISIL,2025,Sales,105193000,105192599.0,1.000,EXACT,dps
ISIL,2025,PAT,5749491.165,5749491.0,1.000,EXACT,dps
ISIL,2025,TA,102105000,114280317.0,0.893,tight,sarmaaya
ISIL,2025,TL,72681000,88095088.0,0.825,tight,sarmaaya
ISIL,2025,Eq,29424000,25485028.0,1.155,tight,sarmaaya
ISIL,2025,CA,55619000,61488713.0,0.905,EXACT,sarmaaya
ISIL,2025,Sales,105193000,122566193.0,0.858,tight,sarmaaya
ISIL,2025,COGS,-83359000,100075371.0,0.833,tight,sarmaaya
ISIL,2025,PAT,5749491.165,4206164.0,1.367,loose,sarmaaya
ACPL,2025,Sales,33309080,33309080.0,1.000,EXACT,dps
ACPL,2025,PAT,1731091,1731091.0,1.000,EXACT,dps
ACPL,2025,TA,50421714.0,50421714.0,1.000,EXACT,sarmaaya
ACPL,2025,TL,27920835.0,27319553.0,1.022,EXACT,sarmaaya
ACPL,2025,CA,16093796.0,12837686.0,1.254,tight,sarmaaya
ACPL,2025,Sales,33309080,33309080.0,1.000,EXACT,sarmaaya
ACPL,2025,COGS,-25336268,25562830.0,0.991,EXACT,sarmaaya
ACPL,2025,PAT,1731091,1731091.0,1.000,EXACT,sarmaaya
BNWM,2024,Sales,891268.0,891268.0,1.000,EXACT,dps
BNWM,2024,TA,3891262,3929149.0,0.990,EXACT,sarmaaya
BNWM,2024,TL,758219,796106.0,0.952,EXACT,sarmaaya
BNWM,2024,Eq,3133043,3133043.0,1.000,EXACT,sarmaaya
BNWM,2024,CA,1168196,1168196.0,1.000,EXACT,sarmaaya
EPCL,2024,Sales,75677747,75677747.0,1.000,EXACT,dps
EPCL,2024,PAT,9230660.0,9230660.0,1.000,EXACT,dps
EPCL,2024,TA,99071257,106638336.0,0.929,EXACT,sarmaaya
EPCL,2024,TL,70668432,78301835.0,0.903,EXACT,sarmaaya
EPCL,2024,Eq,28402825,27321579.0,1.040,EXACT,sarmaaya
EPCL,2024,CA,41579486,38917000.0,1.068,EXACT,sarmaaya
OTSU,2023,Sales,3035085,3035085.0,1.000,EXACT,dps
BIFO,2024,PAT,295027.465,295027.0,1.000,EXACT,dps
BIFO,2024,TA,3601270.83,3722648.0,0.967,EXACT,sarmaaya
BIFO,2024,TL,665157.559,786535.0,0.846,tight,sarmaaya
BIFO,2024,CA,1352677.162,1352677.0,1.000,EXACT,sarmaaya
NCL,2025,Sales,85427485.908,85427486.0,1.000,EXACT,dps
NCL,2025,PAT,789206.12,789206.0,1.000,EXACT,dps
NCL,2025,TA,76558155.658,76425686.0,1.002,EXACT,sarmaaya
NCL,2025,TL,54609273.679,54237957.0,1.007,EXACT,sarmaaya
NCL,2025,Eq,21948881.979,21793610.0,1.007,EXACT,sarmaaya
NCL,2025,CA,53029380.166,53055978.0,0.999,EXACT,sarmaaya
NCL,2025,Sales,85427485.908,85401081.0,1.000,EXACT,sarmaaya
NCL,2025,COGS,-76594174.417,76713734.0,0.998,EXACT,sarmaaya
NCL,2025,PAT,789206.12,751451.0,1.050,EXACT,sarmaaya
JKSM,2025,Sales,42837847.0,42837847.0,1.000,EXACT,dps
JKSM,2025,PAT,513861,513861.0,1.000,EXACT,dps
JKSM,2025,TA,32008776,32008776.0,1.000,EXACT,sarmaaya
JKSM,2025,TL,17965561.0,17810992.0,1.009,EXACT,sarmaaya
JKSM,2025,Eq,14043215.0,14043215.0,1.000,EXACT,sarmaaya
JKSM,2025,CA,19923633,19923633.0,1.000,EXACT,sarmaaya
JKSM,2025,Sales,42837847.0,42837847.0,1.000,EXACT,sarmaaya
JKSM,2025,COGS,-38189290.0,38381829.0,0.995,EXACT,sarmaaya
JKSM,2025,PAT,513861,513861.0,1.000,EXACT,sarmaaya
STJT,2022,Sales,7455486,7455486.0,1.000,EXACT,dps
ISL,2025,TA,50067519,50067519.0,1.000,EXACT,sarmaaya
ISL,2025,TL,24956897,24883649.0,1.003,EXACT,sarmaaya
ISL,2025,Eq,25110622,25110622.0,1.000,EXACT,sarmaaya
ISL,2025,CA,28461498,28461498.0,1.000,EXACT,sarmaaya
WTL,2024,Sales,5044440,5046440.0,1.000,EXACT,dps
WTL,2024,TA,14920302.0,17458705.0,0.855,tight,sarmaaya
WTL,2024,CA,11787587.0,3101144.0,3.801,WARN,sarmaaya
JKSM,2024,Sales,41816395,41816395.0,1.000,EXACT,dps
JKSM,2024,PAT,1006511,1006511.0,1.000,EXACT,dps
JKSM,2024,TA,30565011,30565011.0,1.000,EXACT,sarmaaya
JKSM,2024,TL,17070030,16817821.0,1.015,EXACT,sarmaaya
JKSM,2024,Eq,13494981,13494981.0,1.000,EXACT,sarmaaya
JKSM,2024,CA,19213952,19213952.0,1.000,EXACT,sarmaaya
HINOON,2025,PAT,4119312.634,4119313.0,1.000,EXACT,dps
HINOON,2025,TA,18413194.527,19717333.0,0.934,EXACT,sarmaaya
HINOON,2025,Eq,13170007.814,13752977.0,0.958,EXACT,sarmaaya
HINOON,2025,CA,13811353.225,14858395.0,0.930,EXACT,sarmaaya
HINOON,2025,COGS,-11662352.109,13038194.0,0.894,tight,sarmaaya
HINOON,2025,PAT,4119312.634,4128317.0,0.998,EXACT,sarmaaya
DGKC,2022,Sales,58043863,58043863.0,1.000,EXACT,dps
IML,2023,PAT,114071,114071.0,1.000,EXACT,dps
GLAXO,2022,Sales,41841585,41841585.0,1.000,EXACT,dps
GLAXO,2022,PAT,2462892,2462892.0,1.000,EXACT,dps
ITTEFAQ,2023,Sales,8284453.567,8284454.0,1.000,EXACT,dps
ADOS,2021,Sales,21820.97,21821.0,1.000,EXACT,dps
PREMA,2022,PAT,861141,861141.0,1.000,EXACT,dps
KHYT,2022,Sales,14591.5,14592.0,1.000,EXACT,dps
IGIL,2025,TA,43662256,43662256.0,1.000,EXACT,sarmaaya
IGIL,2025,TL,40963871,40963871.0,1.000,EXACT,sarmaaya
IGIL,2025,Eq,2698385,2698385.0,1.000,EXACT,sarmaaya
KPUS,2023,Sales,4487204,4487204.0,1.000,EXACT,dps
KPUS,2023,PAT,17358,17357.0,1.000,EXACT,dps
SASML,2023,Sales,5534665.598,5534666.0,1.000,EXACT,dps
SCBPL,2025,PAT,28780854,28780854.0,1.000,EXACT,dps
SCBPL,2025,TA,872871088,884285297.0,0.987,EXACT,sarmaaya
SCBPL,2025,TL,762409025,773823234.0,0.985,EXACT,sarmaaya
SCBPL,2025,Eq,110462063,110462063.0,1.000,EXACT,sarmaaya
SCBPL,2025,PAT,28780854,28780854.0,1.000,EXACT,sarmaaya
FASM,2025,Sales,46203552.79,46203553.0,1.000,EXACT,dps
FASM,2025,PAT,1488896.0,1488896.0,1.000,EXACT,dps
FASM,2025,Sales,46203552.79,46203553.0,1.000,EXACT,sarmaaya
FASM,2025,COGS,-42529746.167,42594458.0,0.998,EXACT,sarmaaya
FASM,2025,PAT,1488896.0,-269267.0,-5.529,MISMATCH,sarmaaya
GGGL,2022,Sales,1505037.216,1505037.0,1.000,EXACT,dps
ZAHID,2025,Sales,40608062.0,40608062.0,1.000,EXACT,dps
ZAHID,2025,Sales,40608062.0,40809025.0,0.995,EXACT,sarmaaya
EFERT,2023,Sales,229714692,161666127.0,1.421,loose,dps
EFERT,2023,PAT,26191102,25678418.0,1.020,EXACT,dps
HICL,2023,PAT,112781,112781.0,1.000,EXACT,dps
SALT,2018,Sales,5958498.617,5958499.0,1.000,EXACT,dps
ACPL,2023,Sales,25477355,25477355.0,1.000,EXACT,dps
ACPL,2023,PAT,1516062,1516062.0,1.000,EXACT,dps
MFL,2025,Sales,26654376.27,26654376.0,1.000,EXACT,dps
MFL,2025,TA,29962455.35,29988175.0,0.999,EXACT,sarmaaya
MFL,2025,TL,19559545.9,19501821.0,1.003,EXACT,sarmaaya
MFL,2025,Eq,10402909.45,10486354.0,0.992,EXACT,sarmaaya
MFL,2025,CA,18522341.796,18542714.0,0.999,EXACT,sarmaaya
MFL,2025,Sales,26654376.27,26670728.0,0.999,EXACT,sarmaaya
MFL,2025,COGS,-23308052.386,23444760.0,0.994,EXACT,sarmaaya
FCCL,2025,Sales,88956328,88956328.0,1.000,EXACT,dps
FCCL,2025,PAT,13326202,13326202.0,1.000,EXACT,dps
FCCL,2025,TA,160845191,160916615.0,1.000,EXACT,sarmaaya
FCCL,2025,TL,76572983,74996777.0,1.021,EXACT,sarmaaya
FCCL,2025,Eq,84272208,84272208.0,1.000,EXACT,sarmaaya
FCCL,2025,CA,40472565,40472565.0,1.000,EXACT,sarmaaya
FCCL,2025,Sales,88956328,88956328.0,1.000,EXACT,sarmaaya
FCCL,2025,COGS,-57384978,58888094.0,0.974,EXACT,sarmaaya
FCCL,2025,PAT,13326202,13326202.0,1.000,EXACT,sarmaaya
AGHA,2025,Sales,10674618,10674618.0,1.000,EXACT,dps
AGHA,2025,TA,55707652,60672161.0,0.918,EXACT,sarmaaya
AGHA,2025,TL,34780830,39745339.0,0.875,tight,sarmaaya
AGHA,2025,Eq,20926822,20926822.0,1.000,EXACT,sarmaaya
AGHA,2025,CA,10400466,10400466.0,1.000,EXACT,sarmaaya
AGHA,2025,Sales,10674618,10674618.0,1.000,EXACT,sarmaaya
AGHA,2025,COGS,-12652104,12751822.0,0.992,EXACT,sarmaaya
GWLC,2024,Sales,18165083,18165083.0,1.000,EXACT,dps
GWLC,2024,PAT,1742730,1742730.0,1.000,EXACT,dps
GWLC,2024,TA,37125657,37225482.0,0.997,EXACT,sarmaaya
GWLC,2024,TL,13074052,13173877.0,0.992,EXACT,sarmaaya
GWLC,2024,Eq,24051605,24051605.0,1.000,EXACT,sarmaaya
GWLC,2024,CA,8502135,8502135.0,1.000,EXACT,sarmaaya
KOHTM,2024,Sales,7964142,7964142.0,1.000,EXACT,dps
KOHTM,2024,PAT,214117,214117.0,1.000,EXACT,dps
KOHTM,2024,TA,8315163,8455197.0,0.983,EXACT,sarmaaya
KOHTM,2024,CA,3304590,3304590.0,1.000,EXACT,sarmaaya
ELSM,2022,PAT,1231300.289,1231300.0,1.000,EXACT,dps
ARM,2023,PAT,301383.735,301384.0,1.000,EXACT,dps
AGIC,2023,PAT,432518,432518.0,1.000,EXACT,dps
ATRL,2025,Sales,301329807,301329807.0,1.000,EXACT,dps
ATRL,2025,PAT,11972065,11972065.0,1.000,EXACT,dps
ATRL,2025,TA,208420268,220143508.0,0.947,EXACT,sarmaaya
ATRL,2025,CA,131868661,132154671.99999999,0.998,EXACT,sarmaaya
ATRL,2025,Sales,301329807,301519955.0,0.999,EXACT,sarmaaya
ATRL,2025,COGS,-291592115,292799289.0,0.996,EXACT,sarmaaya
ATRL,2025,PAT,11972065,6808896.0,1.758,loose,sarmaaya
BOP,2022,PAT,10834207,10834207.0,1.000,EXACT,dps
GATI,2022,Sales,23959654,23959654.0,1.000,EXACT,dps
SEPL,2024,Sales,7311732,7311732.0,1.000,EXACT,dps
SEPL,2024,PAT,1488684,1488684.0,1.000,EXACT,dps
STCL,2024,Sales,15581047,15581047.0,1.000,EXACT,dps
STCL,2024,PAT,37613.0,37613.0,1.000,EXACT,dps
STCL,2024,TA,8160696,8302584.999999999,0.983,EXACT,sarmaaya
STCL,2024,TL,5140300,5282189.0,0.973,EXACT,sarmaaya
STCL,2024,Eq,3020396,3020396.0,1.000,EXACT,sarmaaya
STCL,2024,CA,4818123,4818123.0,1.000,EXACT,sarmaaya
JDWS,2022,PAT,3950557.579,3950558.0,1.000,EXACT,dps
PACE,2023,Sales,241809,241809.0,1.000,EXACT,dps
LUCK,2023,Sales,95832147,95832147.0,1.000,EXACT,dps
LUCK,2023,PAT,13725814,13725814.0,1.000,EXACT,dps
PTC,2022,Sales,83443998,83443998.0,1.000,EXACT,dps
PTC,2022,PAT,9053384,9053384.0,1.000,EXACT,dps
KAPCO,2022,PAT,9893620,9893620.0,1.000,EXACT,dps
NICL,2022,PAT,1595630.354,1595630.0,1.000,EXACT,dps
SHEZ,2023,PAT,79919.0,79919.0,1.000,EXACT,dps
CHCC,2023,Sales,37386186,37386186.0,1.000,EXACT,dps
CHCC,2023,PAT,4403932,4403932.0,1.000,EXACT,dps
YOUW,2024,Sales,527640.07,527640.0,1.000,EXACT,dps
SCBPL,2023,PAT,42621831,42621831.0,1.000,EXACT,dps
MARI,2024,Sales,181828621,181828621.0,1.000,EXACT,dps
MARI,2024,PAT,77288111,77288111.0,1.000,EXACT,dps
MARI,2024,TA,346572243,346572250.0,1.000,EXACT,sarmaaya
MARI,2024,TL,121664523,121664584.0,1.000,EXACT,sarmaaya
MARI,2024,Eq,224907720,224907666.0,1.000,EXACT,sarmaaya
MARI,2024,CA,175836863,175832970.0,1.000,EXACT,sarmaaya
SRVI,2025,Sales,6687003,6687003.0,1.000,EXACT,dps
SRVI,2025,PAT,710279,710279.0,1.000,EXACT,dps
SRVI,2025,TA,22685497,138800225.0,0.163,WARN,sarmaaya
SRVI,2025,TL,14190295,96936362.0,0.146,WARN,sarmaaya
SRVI,2025,Eq,8495202,23204825.0,0.366,WARN,sarmaaya
SRVI,2025,CA,7194053,80664178.0,0.089,MISMATCH,sarmaaya
SRVI,2025,Sales,6687003,148449359.0,0.045,MISMATCH,sarmaaya
SRVI,2025,COGS,-6039576,115678919.0,0.052,MISMATCH,sarmaaya
SRVI,2025,PAT,710279,8270245.000000001,0.086,MISMATCH,sarmaaya
SSOM,2025,Sales,7828869.536,7828870.0,1.000,EXACT,dps
SSOM,2025,PAT,250632.661,250633.0,1.000,EXACT,dps
PSYL,2025,Sales,16872295,16872295.0,1.000,EXACT,dps
PSYL,2025,PAT,367452,367452.0,1.000,EXACT,dps
PSYL,2025,TA,11198512,11435188.0,0.979,EXACT,sarmaaya
PSYL,2025,TL,6570542,6765792.0,0.971,EXACT,sarmaaya
PSYL,2025,Eq,4627970,4627970.0,1.000,EXACT,sarmaaya
PSYL,2025,CA,6753279,6753279.0,1.000,EXACT,sarmaaya
PSYL,2025,Sales,16872295,16872295.0,1.000,EXACT,sarmaaya
PSYL,2025,COGS,-14896271,14959502.0,0.996,EXACT,sarmaaya
PSYL,2025,PAT,367452,367452.0,1.000,EXACT,sarmaaya
PKGS,2025,TA,80128251,273854414.0,0.293,WARN,sarmaaya
PKGS,2025,TL,23688083,187358245.0,0.126,WARN,sarmaaya
PKGS,2025,Eq,56440168,66636808.00000001,0.847,tight,sarmaaya
PKGS,2025,CA,4989255,99102078.0,0.050,MISMATCH,sarmaaya
BPBL,2017,Sales,2283.0,2283.0,1.000,EXACT,dps
ICI,2020,Sales,53598537,53598537.0,1.000,EXACT,dps
ICI,2020,PAT,3029003,3029004.0,1.000,EXACT,dps
GFIL,2024,Sales,4422588.766,4422589.0,1.000,EXACT,dps
CPAL,2017,PAT,21036.255,21036.0,1.000,EXACT,dps
THCCL,2022,Sales,4393830,4263894.0,1.030,EXACT,dps
THCCL,2022,PAT,119294.0,119294.0,1.000,EXACT,dps
HABSM,2023,Sales,19985028,19985028.0,1.000,EXACT,dps
HABSM,2023,PAT,2541478,2541478.0,1.000,EXACT,dps
WTL,2025,Sales,5991182,5991182.0,1.000,EXACT,dps
WTL,2025,TA,14418200,16909066.0,0.853,tight,sarmaaya
WTL,2025,TL,14789141,17316579.0,0.854,tight,sarmaaya
WTL,2025,Eq,-370941,-407513.0,0.910,EXACT,sarmaaya
WTL,2025,CA,3128759,3094211.0,1.011,EXACT,sarmaaya
WTL,2025,Sales,5991182,5991182.0,1.000,EXACT,sarmaaya
WTL,2025,COGS,-5415581,6061674.0,0.893,tight,sarmaaya
WTL,2025,PAT,-456019,-459293.0,0.993,EXACT,sarmaaya
ASTM,2023,Sales,354678.335,354678.0,1.000,EXACT,dps
FANM,2024,PAT,390.104,390.0,1.000,EXACT,dps
SEL,2022,Sales,482312.0,482312.0,1.000,EXACT,dps
SFAT,2014,Sales,731675,731675.0,1.000,EXACT,dps
EPQL,2024,TL,7252131.0,7252131.0,1.000,EXACT,sarmaaya
EPQL,2024,Eq,14194914.0,14194914.0,1.000,EXACT,sarmaaya
SEARL,2023,Sales,21641282,21641282.0,1.000,EXACT,dps
SEARL,2023,PAT,2090717.0,2090717.0,1.000,EXACT,dps
ENGRO,2020,PAT,16301478,16301478.0,1.000,EXACT,dps
PMPK,2022,PAT,2809746,2809746.0,1.000,EXACT,dps
ALNRS,2024,Sales,20736291.0,20736291.0,1.000,EXACT,dps
ALNRS,2024,PAT,295344.0,295344.0,1.000,EXACT,dps
ALNRS,2024,CA,6992590.0,6992590.0,1.000,EXACT,sarmaaya
FCIBL,2024,PAT,31696.288,31696.0,1.000,EXACT,dps
AKZO,2018,Sales,5812743,5812743.0,1.000,EXACT,dps
AKZO,2018,PAT,387179,387179.0,1.000,EXACT,dps
ISL,2024,Sales,69299633,69299633.0,1.000,EXACT,dps
ISL,2024,PAT,3654814,3654814.0,1.000,EXACT,dps
ISL,2024,TA,44689780,44689780.0,1.000,EXACT,sarmaaya
ISL,2024,TL,21492350,21394106.0,1.005,EXACT,sarmaaya
ISL,2024,Eq,23197430,23197430.0,1.000,EXACT,sarmaaya
ISL,2024,CA,24240532,24240532.0,1.000,EXACT,sarmaaya
PSX,2022,PAT,398713,398713.0,1.000,EXACT,dps
SHSML,2023,Sales,22884469.0,22884469.0,1.000,EXACT,dps
SHSML,2023,PAT,3827611,3827611.0,1.000,EXACT,dps
ATIL,2025,PAT,2076787,2076787.0,1.000,EXACT,dps
ATIL,2025,TA,24366313,23540242.0,1.035,EXACT,sarmaaya
ATIL,2025,TL,111875,12239109.0,0.009,MISMATCH,sarmaaya
EXIDE,2024,Sales,25667602,25667602.0,1.000,EXACT,dps
EXIDE,2024,PAT,1254623,1254623.0,1.000,EXACT,dps
EXIDE,2024,TA,14080406,16293512.0,0.864,tight,sarmaaya
EXIDE,2024,TL,7799753,9471453.0,0.824,tight,sarmaaya
EXIDE,2024,Eq,6280653,6822059.0,0.921,EXACT,sarmaaya
EXIDE,2024,CA,11960061,14057308.0,0.851,tight,sarmaaya
INDU,2022,Sales,275505778,275505778.0,1.000,EXACT,dps
INDU,2022,PAT,15801848,15801848.0,1.000,EXACT,dps
PKGI,2023,PAT,70456.536,70457.0,1.000,EXACT,dps
DOL,2025,Sales,5916317.0,5916317.0,1.000,EXACT,dps
DOL,2025,PAT,790159,790159.0,1.000,EXACT,dps
DOL,2025,TA,4570678,4699061.0,0.973,EXACT,sarmaaya
DOL,2025,TL,1300183,1316623.0,0.988,EXACT,sarmaaya
DOL,2025,Eq,3270495,3376220.0,0.969,EXACT,sarmaaya
DOL,2025,CA,2400359,2512945.0,0.955,EXACT,sarmaaya
DOL,2025,Sales,5916317.0,5998848.0,0.986,EXACT,sarmaaya
DOL,2025,COGS,-4211771.0,4278421.0,0.984,EXACT,sarmaaya
DOL,2025,PAT,790159,860162.0,0.919,EXACT,sarmaaya
FCCL,2022,Sales,54243118,54243118.0,1.000,EXACT,dps
FCCL,2022,PAT,7112540,7112540.0,1.000,EXACT,dps
BGL,2025,Sales,717833,717833.0,1.000,EXACT,dps
BGL,2025,TA,3905089.0,3905089.0,1.000,EXACT,sarmaaya
BGL,2025,CA,568068.0,568068.0,1.000,EXACT,sarmaaya
BGL,2025,Sales,717833,717833.0,1.000,EXACT,sarmaaya
BGL,2025,COGS,-1181622,1185646.0,0.997,EXACT,sarmaaya
BGL,2025,PAT,-713459,-713459.0,1.000,EXACT,sarmaaya
IBFL,2023,Sales,119761927.341,119761927.0,1.000,EXACT,dps
IBFL,2023,PAT,303503.346,303503.0,1.000,EXACT,dps
PAKRI,2024,TA,69079964.04,53527618.0,1.291,tight,sarmaaya
PAKRI,2024,Eq,22897977.738,22897978.0,1.000,EXACT,sarmaaya
RCML,2023,Sales,11048839.608,11048840.0,1.000,EXACT,dps
RCML,2023,PAT,839109.917,839110.0,1.000,EXACT,dps
NETSOL,2025,Sales,9018961,9018961.0,1.000,EXACT,dps
NETSOL,2025,PAT,1030927,1030927.0,1.000,EXACT,dps
NETSOL,2025,TA,14254526,14363900.0,0.992,EXACT,sarmaaya
NETSOL,2025,CA,12462806,12985140.0,0.960,EXACT,sarmaaya
NETSOL,2025,Sales,9018961,9905419.0,0.911,EXACT,sarmaaya
NETSOL,2025,COGS,-5434938,5630678.0,0.965,EXACT,sarmaaya
NETSOL,2025,PAT,1030927,1385265.0,0.744,loose,sarmaaya
YOUW,2025,Sales,639738.007,639738.0,1.000,EXACT,dps
YOUW,2025,PAT,22379.0,22379.0,1.000,EXACT,dps
SNAI,2025,TA,2880007.314,3036659.0,0.948,EXACT,sarmaaya
SNAI,2025,TL,2005430.445,2143934.0,0.935,EXACT,sarmaaya
SNAI,2025,Eq,874576.869,798326.0,1.096,EXACT,sarmaaya
SNAI,2025,CA,1688571.947,1724717.0,0.979,EXACT,sarmaaya
SNAI,2025,COGS,-1025773.913,3194044.0,0.321,WARN,sarmaaya
NATF,2024,Sales,37377245.0,37377245.0,1.000,EXACT,dps
NATF,2024,PAT,1268568,1268568.0,1.000,EXACT,dps
SYS,2024,PAT,6115297.176,6115297.0,1.000,EXACT,dps
SYS,2024,TA,43337263.433,57483518.0,0.754,tight,sarmaaya
SYS,2024,TL,10453726.703,18752853.0,0.557,loose,sarmaaya
SYS,2024,Eq,32883536.73,38728473.0,0.849,tight,sarmaaya
SYS,2024,CA,30356375.277,41588872.0,0.730,loose,sarmaaya
RAVT,2020,PAT,30197.01,30197.0,1.000,EXACT,dps
MRNS,2024,TA,7804259.558,7912258.0,0.986,EXACT,sarmaaya
MRNS,2024,TL,5023522.329,5056253.0,0.994,EXACT,sarmaaya
MRNS,2024,Eq,2780737.229,2780301.0,1.000,EXACT,sarmaaya
MRNS,2024,CA,4188425.124,4188502.9999999995,1.000,EXACT,sarmaaya
PINL,2025,TA,3354884,3354884.0,1.000,EXACT,sarmaaya
PINL,2025,TL,1600212,2061835.9999999998,0.776,tight,sarmaaya
PINL,2025,Eq,1293048,1293048.0,1.000,EXACT,sarmaaya
HABSM,2025,Sales,21731776,21731776.0,1.000,EXACT,dps
HABSM,2025,PAT,1555772,1555772.0,1.000,EXACT,dps
HABSM,2025,TA,23502416,23577416.0,0.997,EXACT,sarmaaya
HABSM,2025,TL,6058993,6133993.0,0.988,EXACT,sarmaaya
HABSM,2025,Eq,17443423,17443423.0,1.000,EXACT,sarmaaya
HABSM,2025,CA,14521056,14521056.0,1.000,EXACT,sarmaaya
HABSM,2025,Sales,21731776,21731776.0,1.000,EXACT,sarmaaya
HABSM,2025,COGS,-18762297,18960163.0,0.990,EXACT,sarmaaya
HABSM,2025,PAT,1555772,1555772.0,1.000,EXACT,sarmaaya
ICL,2023,Sales,24268283,24268283.0,1.000,EXACT,dps
ICL,2023,PAT,1826196,1826196.0,1.000,EXACT,dps
CRTM,2025,Sales,19003675,19003675.0,1.000,EXACT,dps
CRTM,2025,PAT,560814.0,560814.0,1.000,EXACT,dps
CRTM,2025,TA,26271460,26271460.0,1.000,EXACT,sarmaaya
CRTM,2025,TL,13534730.0,13787682.0,0.982,EXACT,sarmaaya
CRTM,2025,Eq,12736730.0,12483778.0,1.020,EXACT,sarmaaya
CRTM,2025,CA,10517766,10385266.0,1.013,EXACT,sarmaaya
CRTM,2025,Sales,19003675,18798863.0,1.011,EXACT,sarmaaya
CRTM,2025,COGS,-17299639,17326774.0,0.998,EXACT,sarmaaya
CRTM,2025,PAT,560814.0,-287431.0,-1.951,MISMATCH,sarmaaya
TRPOL,2018,Sales,322043.764,322044.0,1.000,EXACT,dps
TRPOL,2018,PAT,77800.009,77800.0,1.000,EXACT,dps
WYETH,2019,Sales,948237,948237.0,1.000,EXACT,dps
HUMNL,2023,Sales,6825586.346,6825586.0,1.000,EXACT,dps
HUMNL,2023,PAT,2149238.574,2149239.0,1.000,EXACT,dps
SANSM,2022,Sales,3872185,3872185.0,1.000,EXACT,dps
SARC,2023,Sales,366290.799,366291.0,1.000,EXACT,dps
KPUS,2025,Sales,11137024,11137024.0,1.000,EXACT,dps
KPUS,2025,PAT,61521,61521.0,1.000,EXACT,dps
KPUS,2025,TA,10678167,10977021.0,0.973,EXACT,sarmaaya
KPUS,2025,TL,5675505,7115016.0,0.798,tight,sarmaaya
KPUS,2025,Eq,5002662,3862005.0,1.295,tight,sarmaaya
KPUS,2025,CA,4210606,4210606.0,1.000,EXACT,sarmaaya
KPUS,2025,Sales,11137024,11137024.0,1.000,EXACT,sarmaaya
KPUS,2025,COGS,-9992436,10058765.0,0.993,EXACT,sarmaaya
KPUS,2025,PAT,61521,61521.0,1.000,EXACT,sarmaaya
ORM,2023,PAT,187501.548,187502.0,1.000,EXACT,dps
MSOT,2022,Sales,54146811,54146811.0,1.000,EXACT,dps
FECTC,2024,PAT,359967.0,359967.0,1.000,EXACT,dps
FECTC,2024,TA,7814350.0,7814350.0,1.000,EXACT,sarmaaya
FECTC,2024,CA,4336778.0,4336778.0,1.000,EXACT,sarmaaya
DFSM,2023,Sales,488343.69,488344.0,1.000,EXACT,dps
CHBL,2023,Sales,2127980.45,2127980.0,1.000,EXACT,dps
PAKRI,2022,PAT,30370650.0,2624829.0,11.571,MISMATCH,dps
ANL,2024,Sales,36738685.105,36517176.0,1.006,EXACT,dps
ANL,2024,PAT,675320.0,675320.0,1.000,EXACT,dps
ANL,2024,TA,28027777.649,28780198.0,0.974,EXACT,sarmaaya
ANL,2024,TL,14326328.972,15079149.0,0.950,EXACT,sarmaaya
ANL,2024,Eq,13701048.677,13701049.0,1.000,EXACT,sarmaaya
ANL,2024,CA,16971141.546,16971142.0,1.000,EXACT,sarmaaya
ARUJ,2024,Sales,358277.91,358278.0,1.000,EXACT,dps
FCIBL,2025,PAT,56265.452,56265.0,1.000,EXACT,dps
QUET,2025,Sales,1064980.446,1064980.0,1.000,EXACT,dps
QUET,2025,PAT,33443.0,33443.0,1.000,EXACT,dps
NETSOL,2022,Sales,6116637,6116638.0,1.000,EXACT,dps
NETSOL,2022,PAT,913211,913220.0,1.000,EXACT,dps
PRL,2025,TL,81337000.0,82606229.0,0.985,EXACT,sarmaaya
PRL,2025,Eq,26604000.0,26604224.0,1.000,EXACT,sarmaaya
PRL,2025,CA,72577000.0,72577202.0,1.000,EXACT,sarmaaya
PRL,2025,COGS,-82043141000.0,306857874.0,267.365,MISMATCH,sarmaaya
CPAL,2020,PAT,8667.287,8667.0,1.000,EXACT,dps
SAPL,2022,Sales,18559884,18559884.0,1.000,EXACT,dps
SAPL,2022,PAT,166783,166783.0,1.000,EXACT,dps
AICL,2022,PAT,2585013,2585013.0,1.000,EXACT,dps
PGCL,2016,Sales,486457,486457.0,1.000,EXACT,dps
ATRL,2023,Sales,369221549,369221549.0,1.000,EXACT,dps
ATRL,2023,PAT,29225232,29225232.0,1.000,EXACT,dps
TOMCL,2024,Sales,11797754.504,11797754.0,1.000,EXACT,dps
TOMCL,2024,PAT,497373.304,497373.0,1.000,EXACT,dps
TOMCL,2024,TA,6237544.557,6337813.0,0.984,EXACT,sarmaaya
TOMCL,2024,TL,1293322.383,1393590.0,0.928,EXACT,sarmaaya
TOMCL,2024,Eq,4944222.174,4944222.0,1.000,EXACT,sarmaaya
TOMCL,2024,CA,3148408.935,3148409.0,1.000,EXACT,sarmaaya
IBFL,2022,Sales,115581019.592,115581020.0,1.000,EXACT,dps
IBFL,2022,PAT,5310545.301,5310545.0,1.000,EXACT,dps
LOADS,2025,TA,7569544.003,6425616.0,1.178,tight,sarmaaya
LOADS,2025,TL,3252236.792,3896726.0,0.835,tight,sarmaaya
LOADS,2025,Eq,4317307.211,3463188.0,1.247,tight,sarmaaya
LOADS,2025,CA,5194504.121,2460111.0,2.111,loose,sarmaaya
HMB,2024,PAT,24673508.0,24673508.0,1.000,EXACT,dps
HMB,2024,TA,1500133780,1525584344.0,0.983,EXACT,sarmaaya
HMB,2024,TL,1385101965,1404544419.0,0.986,EXACT,sarmaaya
HMB,2024,Eq,115031815,116049612.0,0.991,EXACT,sarmaaya
DAAG,2023,Sales,214572.969,214573.0,1.000,EXACT,dps
LOTCHEM,2023,Sales,81619405,81619405.0,1.000,EXACT,dps
LOTCHEM,2023,PAT,5077654,5077654.0,1.000,EXACT,dps
ZIL,2023,Sales,5674322,5674322.0,1.000,EXACT,dps
ZIL,2023,PAT,247972,247972.0,1.000,EXACT,dps
AHTM,2023,PAT,92918.094,92918.0,1.000,EXACT,dps
FFBL,2020,Sales,83234360,83234360.0,1.000,EXACT,dps
PKGI,2025,PAT,28384.351,28384.0,1.000,EXACT,dps
JATM,2025,Sales,1430987.885,1430988.0,1.000,EXACT,dps
JATM,2025,PAT,45958.0,45958.0,1.000,EXACT,dps
PGCL,2015,Sales,684144,684144.0,1.000,EXACT,dps
SAPT,2024,Sales,82399261,82399262.0,1.000,EXACT,dps
SAPT,2024,PAT,5173736,5173737.0,1.000,EXACT,dps
SAPT,2024,TA,83015927,185169978.0,0.448,loose,sarmaaya
SAPT,2024,TL,46099074,101274376.0,0.455,loose,sarmaaya
SAPT,2024,Eq,36916853,63487076.0,0.581,loose,sarmaaya
SAPT,2024,CA,41256362,87160618.0,0.473,loose,sarmaaya
CLVL,2024,TA,13337756.0,1428834.0,9.335,WARN,sarmaaya
CLVL,2024,TL,14262237.0,772563.0,18.461,MISMATCH,sarmaaya
MODAM,2022,PAT,33786.0,33786.0,1.000,EXACT,dps
HINOON,2022,PAT,2417172.341,2417172.0,1.000,EXACT,dps
SHFA,2024,Sales,23563840,23563840.0,1.000,EXACT,dps
SHFA,2024,PAT,1362074,1362074.0,1.000,EXACT,dps
SHFA,2024,TA,18286652,21562512.0,0.848,tight,sarmaaya
SHFA,2024,TL,6370636,6580595.0,0.968,EXACT,sarmaaya
SHFA,2024,Eq,11916016,12511026.0,0.952,EXACT,sarmaaya
SHFA,2024,CA,5512769,6143407.0,0.897,tight,sarmaaya
GHNL,2020,Sales,1663080,1663080.0,1.000,EXACT,dps
RUPL,2022,Sales,11229275,11229275.0,1.000,EXACT,dps
STPL,2024,TA,4438521.234,4438521.0,1.000,EXACT,sarmaaya
STPL,2024,TL,3275943.693,3275944.0,1.000,EXACT,sarmaaya
STPL,2024,Eq,1162577.541,1162578.0,1.000,EXACT,sarmaaya
STPL,2024,CA,1059897.694,1059898.0,1.000,EXACT,sarmaaya
AGHA,2024,TA,59987317.0,63217868.0,0.949,EXACT,sarmaaya
AGHA,2024,CA,27646922.0,13988016.0,1.976,loose,sarmaaya
FLYNG,2022,Sales,5336125.254,5336125.0,1.000,EXACT,dps
FLYNG,2022,PAT,926097.752,926098.0,1.000,EXACT,dps
PIOC,2025,Sales,33308611,33308611.0,1.000,EXACT,dps
PIOC,2025,PAT,4876097,4876097.0,1.000,EXACT,dps
PIOC,2025,TA,86366859,86899217.0,0.994,EXACT,sarmaaya
PIOC,2025,CA,11486405,11486405.0,1.000,EXACT,sarmaaya
MODAM,2021,PAT,33785.837,18607.0,1.816,loose,dps
AGIL,2025,Sales,7762170,7762170.0,1.000,EXACT,dps
AGIL,2025,PAT,98975,98975.0,1.000,EXACT,dps
AGIL,2025,TA,7096134,9981999.0,0.711,loose,sarmaaya
AGIL,2025,TL,2795953,3929432.0,0.712,loose,sarmaaya
AGIL,2025,Eq,4300181,6052567.0,0.710,loose,sarmaaya
AGIL,2025,CA,4031164,5805097.0,0.694,loose,sarmaaya
AGIL,2025,Sales,7762170,11863435.0,0.654,loose,sarmaaya
AGIL,2025,COGS,7404776,10690214.0,0.693,loose,sarmaaya
AGIL,2025,PAT,98975,238324.0,0.415,loose,sarmaaya
GHNL,2019,Sales,2373750,2373750.0,1.000,EXACT,dps
SNBL,2023,PAT,2011014,6075460.0,0.331,MISMATCH,dps
SHSML,2025,Sales,23465318.0,23465318.0,1.000,EXACT,dps
SHSML,2025,PAT,911356,911356.0,1.000,EXACT,dps
SHSML,2025,TA,22821300,23047781.0,0.990,EXACT,sarmaaya
SHSML,2025,TL,10484388,10710869.0,0.979,EXACT,sarmaaya
SHSML,2025,Eq,12336912,12336912.0,1.000,EXACT,sarmaaya
SHSML,2025,CA,12463825,12463825.0,1.000,EXACT,sarmaaya
SHSML,2025,Sales,23465318.0,23516658.0,0.998,EXACT,sarmaaya
SHSML,2025,COGS,-20987553.0,21167454.0,0.992,EXACT,sarmaaya
SHSML,2025,PAT,911356,911356.0,1.000,EXACT,sarmaaya
KSBP,2022,Sales,4965061.227,4965061.0,1.000,EXACT,dps
KSBP,2022,PAT,43342.002,43342.0,1.000,EXACT,dps
JSIL,2025,PAT,483283.935,483284.0,1.000,EXACT,dps
JSIL,2025,TA,3360891.945,3360892.0,1.000,EXACT,sarmaaya
JSIL,2025,TL,766021.936,766022.0,1.000,EXACT,sarmaaya
JSIL,2025,Eq,2594870.009,2594870.0,1.000,EXACT,sarmaaya
JSIL,2025,CA,972920.461,972920.0,1.000,EXACT,sarmaaya
JSIL,2025,PAT,483283.935,483284.0,1.000,EXACT,sarmaaya
GHNI,2022,Sales,24265107.0,24265107.0,1.000,EXACT,dps
GHNI,2022,PAT,728500,728500.0,1.000,EXACT,dps
NESTLE,2025,Sales,199069166,199069166.0,1.000,EXACT,dps
NESTLE,2025,PAT,17243921,17243921.0,1.000,EXACT,dps
NESTLE,2025,TA,93893396,98396943.0,0.954,EXACT,sarmaaya
NESTLE,2025,CA,55897826,55897826.0,1.000,EXACT,sarmaaya
NESTLE,2025,Sales,199069166,199069166.0,1.000,EXACT,sarmaaya
NESTLE,2025,COGS,-126812049,129457324.0,0.980,EXACT,sarmaaya
NESTLE,2025,PAT,17243921,17243921.0,1.000,EXACT,sarmaaya
NRL,2023,Sales,352596887,298805449.0,1.180,tight,dps
KEL,2022,Sales,518777106,518777106.0,1.000,EXACT,dps
KEL,2022,PAT,11998182.0,11998182.0,1.000,EXACT,dps
KEL,2022,TA,1060128079,200387209.0,5.290,WARN,sarmaaya
KEL,2022,TL,809956361,200387209.0,4.042,WARN,sarmaaya
KEL,2022,Eq,250171718,200387209.0,1.248,tight,sarmaaya
KEL,2022,CA,550813128,200387209.0,2.749,WARN,sarmaaya
FRCL,2023,Sales,4115403.0,4115403.0,1.000,EXACT,dps
FRCL,2024,Sales,3419349.654,3419350.0,1.000,EXACT,dps
FRCL,2024,PAT,38504.0,38504.0,1.000,EXACT,dps
MTL,2022,Sales,53374415,53374415.0,1.000,EXACT,dps
MTL,2022,PAT,5426626,5407006.0,1.004,EXACT,dps
ZAHID,2023,Sales,32317373.0,32317373.0,1.000,EXACT,dps
ZAHID,2023,PAT,1213375.0,1213375.0,1.000,EXACT,dps
UVIC,2025,PAT,40200,40200.0,1.000,EXACT,dps
NML,2025,Sales,178167146,178167146.0,1.000,EXACT,dps
NML,2025,PAT,6013519,6013519.0,1.000,EXACT,dps
NML,2025,TA,264767950,302853706.0,0.874,tight,sarmaaya
NML,2025,TL,120168276.0,132594456.0,0.906,EXACT,sarmaaya
NML,2025,Eq,144599674.0,156533699.0,0.924,EXACT,sarmaaya
NML,2025,CA,104234957,134344949.0,0.776,tight,sarmaaya
NML,2025,Sales,178167146,206602480.0,0.862,tight,sarmaaya
NML,2025,COGS,-158142523,176660560.0,0.895,tight,sarmaaya
NML,2025,PAT,6013519,5104291.0,1.178,tight,sarmaaya
QUET,2024,Sales,888780.269,888780.0,1.000,EXACT,dps
PRL,2023,Sales,261860404,261860404.0,1.000,EXACT,dps
PRL,2023,PAT,12573450.0,12573450.0,1.000,EXACT,dps
TELE,2022,Sales,1496743,1496743.0,1.000,EXACT,dps
TELE,2022,PAT,297697,297697.0,1.000,EXACT,dps
PTC,2025,PAT,1382254,1382254.0,1.000,EXACT,dps
PTC,2025,PAT,1382254,-9746117.0,-0.142,MISMATCH,sarmaaya
BPL,2022,Sales,4494627,4494627.0,1.000,EXACT,dps
MUREB,2022,Sales,15234318,15234318.0,1.000,EXACT,dps
MUREB,2022,PAT,1294108,1294108.0,1.000,EXACT,dps
ICIBL,2024,PAT,124619.468,124619.0,1.000,EXACT,dps
KSTM,2025,PAT,329.0,329.0,1.000,EXACT,dps
ISL,2022,Sales,91423698,91423698.0,1.000,EXACT,dps
ISL,2022,PAT,5412190,5412190.0,1.000,EXACT,dps
MFFL,2023,Sales,2724930.89,2724931.0,1.000,EXACT,dps
SRVI,2022,Sales,42599481,42599481.0,1.000,EXACT,dps
SRVI,2022,PAT,354427,354427.0,1.000,EXACT,dps
INIL,2024,Sales,29203140,29203140.0,1.000,EXACT,dps
INIL,2024,PAT,1473131.0,1473131.0,1.000,EXACT,dps
INIL,2024,TA,31637654,74667031.0,0.424,loose,sarmaaya
INIL,2024,TL,13209980,34676239.0,0.381,WARN,sarmaaya
INIL,2024,Eq,18427674,29732344.0,0.620,loose,sarmaaya
INIL,2024,CA,15977235,40073749.0,0.399,WARN,sarmaaya
SHJS,2025,TA,8393371,8393371.0,1.000,EXACT,sarmaaya
SHJS,2025,TL,5050081,5200081.0,0.971,EXACT,sarmaaya
SHJS,2025,Eq,3343290,3193290.0,1.047,EXACT,sarmaaya
SHJS,2025,CA,1758293,1758293.0,1.000,EXACT,sarmaaya
KOHC,2022,PAT,5024280.26,5024280.0,1.000,EXACT,dps
ELCM,2023,Sales,801296.425,801296.0,1.000,EXACT,dps
ELCM,2023,PAT,5456.0,5456.0,1.000,EXACT,dps
JDMT,2024,Sales,5884712.0,5884712.0,1.000,EXACT,dps
SERT,2023,Sales,1051603,1051603.0,1.000,EXACT,dps
JGICL,2024,PAT,3521818,3521818.0,1.000,EXACT,dps
JGICL,2024,TA,50368247,36202633.0,1.391,loose,sarmaaya
JGICL,2024,TL,31560098,17394484.0,1.814,loose,sarmaaya
JGICL,2024,Eq,18808149,18808149.0,1.000,EXACT,sarmaaya
AGP,2025,Sales,19995000,20545689.0,0.973,EXACT,dps
AGP,2025,PAT,2360314,2360314.0,1.000,EXACT,dps
AGP,2025,TA,20439196,32065823.0,0.637,loose,sarmaaya
AGP,2025,TL,7681932,14947502.0,0.514,loose,sarmaaya
AGP,2025,Eq,12917388,15465958.0,0.835,tight,sarmaaya
AGP,2025,CA,8764827,8869683.0,0.988,EXACT,sarmaaya
AGP,2025,Sales,19995000,28889765.0,0.692,loose,sarmaaya
AGP,2025,COGS,-10836274,12115911.0,0.894,tight,sarmaaya
AGP,2025,PAT,2360314,3735178.0,0.632,loose,sarmaaya
HTL,2024,Sales,24016482,24016482.0,1.000,EXACT,dps
HTL,2024,PAT,111404,737922.0,0.151,MISMATCH,dps
FLYNG,2023,Sales,4243526.759,4243527.0,1.000,EXACT,dps
FLYNG,2023,PAT,271245.678,271246.0,1.000,EXACT,dps
LPL,2023,Sales,19471572,37611016.0,0.518,loose,dps
LPL,2023,PAT,2707373.0,2707373.0,1.000,EXACT,dps
APL,2022,Sales,398383517.0,370074929.0,1.076,EXACT,dps
APL,2022,PAT,18536343.0,18536343.0,1.000,EXACT,dps
DYNO,2024,PAT,1191509.001,1191509.0,1.000,EXACT,dps
DYNO,2024,TA,5553036.049,5567545.0,0.997,EXACT,sarmaaya
DYNO,2024,TL,1259070.822,1273580.0,0.989,EXACT,sarmaaya
DYNO,2024,Eq,4293965.227,4293965.0,1.000,EXACT,sarmaaya
DYNO,2024,CA,45.438,4543828.0,0.000,MISMATCH,sarmaaya
FECTC,2025,PAT,608692.0,608692.0,1.000,EXACT,dps
FECTC,2025,TA,7966921,7966921.0,1.000,EXACT,sarmaaya
FECTC,2025,TL,3417504,3347874.0,1.021,EXACT,sarmaaya
FECTC,2025,Eq,4549417,4549417.0,1.000,EXACT,sarmaaya
FECTC,2025,CA,4472800,4472800.0,1.000,EXACT,sarmaaya
FECTC,2025,COGS,-9263606.0,9297144.0,0.996,EXACT,sarmaaya
FECTC,2025,PAT,608692.0,608692.0,1.000,EXACT,sarmaaya
SYS,2025,PAT,8019013.845,8019014.0,1.000,EXACT,dps
SYS,2025,TA,52040557.875,75568084.0,0.689,loose,sarmaaya
SYS,2025,CA,35396560.938,56525526.0,0.626,loose,sarmaaya
SYS,2025,COGS,-32390603.463,58199606.0,0.557,loose,sarmaaya
SYS,2025,PAT,8019013.845,11041078.0,0.726,loose,sarmaaya
ANL,2022,Sales,33768785.938,33768786.0,1.000,EXACT,dps
ANL,2022,PAT,693051.0,693051.0,1.000,EXACT,dps
ANSM,2024,Sales,716921.057,716921.0,1.000,EXACT,dps
DOL,2024,Sales,5738033,5694089.0,1.008,EXACT,dps
DOL,2024,PAT,507014,471039.0,1.076,EXACT,dps
SEPL,2025,Sales,7870700,7870700.0,1.000,EXACT,dps
SEPL,2025,PAT,1523793,1523793.0,1.000,EXACT,dps
SEPL,2025,TA,11349885,11377604.0,0.998,EXACT,sarmaaya
SEPL,2025,TL,2348737,2376456.0,0.988,EXACT,sarmaaya
SEPL,2025,Eq,9001148,9001148.0,1.000,EXACT,sarmaaya
SEPL,2025,CA,5529675,5529675.0,1.000,EXACT,sarmaaya
DLL,2024,PAT,3039968,3039968.0,1.000,EXACT,dps
DLL,2024,TA,7849129,36952908.0,0.212,WARN,sarmaaya
DLL,2024,TL,727482,10220953.0,0.071,MISMATCH,sarmaaya
DLL,2024,Eq,7121647,23630783.0,0.301,WARN,sarmaaya
DLL,2024,CA,5174270,11555393.0,0.448,loose,sarmaaya
PPL,2025,PAT,92027450,92027450.0,1.000,EXACT,dps
PPL,2025,TA,927146471.0,929393611.0,0.998,EXACT,sarmaaya
PPL,2025,TL,221311161.0,224370128.0,0.986,EXACT,sarmaaya
PPL,2025,PAT,92027450,89949341.0,1.023,EXACT,sarmaaya
AHL,2022,PAT,826551.794,826552.0,1.000,EXACT,dps
TPL,2025,TA,8297223.517,27714825.0,0.299,WARN,sarmaaya
TPL,2025,CA,401826.896,11476589.0,0.035,MISMATCH,sarmaaya
SAZEW,2022,Sales,10048117.887,10048118.0,1.000,EXACT,dps
SAZEW,2022,PAT,117839.528,117840.0,1.000,EXACT,dps
SANSM,2025,Sales,6739085,6739085.0,1.000,EXACT,dps
SANSM,2025,PAT,142686,142686.0,1.000,EXACT,dps
SANSM,2025,TA,6019954,6242237.0,0.964,EXACT,sarmaaya
SANSM,2025,TL,2896971,3119254.0,0.929,EXACT,sarmaaya
SANSM,2025,Eq,3122983,3122983.0,1.000,EXACT,sarmaaya
SANSM,2025,CA,994729,994729.0,1.000,EXACT,sarmaaya
SANSM,2025,Sales,6739085,6736404.0,1.000,EXACT,sarmaaya
SANSM,2025,COGS,-6099346,6122275.0,0.996,EXACT,sarmaaya
SANSM,2025,PAT,142686,142686.0,1.000,EXACT,sarmaaya
PAKT,2023,Sales,109932868,109932868.0,1.000,EXACT,dps
PAKT,2023,PAT,28959663,28959663.0,1.000,EXACT,dps
GAMON,2024,PAT,7547.0,7547.0,1.000,EXACT,dps
GAMON,2024,TA,1066905.334,1222420.0,0.873,tight,sarmaaya
GAMON,2024,TL,219155.696,317173.0,0.691,loose,sarmaaya
GAMON,2024,Eq,847749.638,827152.0,1.025,EXACT,sarmaaya
GAMON,2024,CA,241042.855,251842.0,0.957,EXACT,sarmaaya
TPLI,2024,PAT,71627.782,21310.0,3.361,MISMATCH,dps
TPLI,2024,TA,7939001.028,7452106.0,1.065,EXACT,sarmaaya
TPLI,2024,TL,5188437.891,4701543.0,1.104,tight,sarmaaya
TPLI,2024,Eq,2750563.137,2750563.0,1.000,EXACT,sarmaaya
ATLH,2024,Sales,159292229,159292229.0,1.000,EXACT,dps
ATLH,2024,PAT,9708045,9708045.0,1.000,EXACT,dps
ATLH,2024,TA,75943753,87341629.0,0.870,tight,sarmaaya
ATLH,2024,TL,47176184,50979091.0,0.925,EXACT,sarmaaya
ATLH,2024,Eq,28767569,36362538.0,0.791,tight,sarmaaya
ATLH,2024,CA,62991413,74124100.0,0.850,tight,sarmaaya
AICL,2025,PAT,5132718,5132718.0,1.000,EXACT,dps
AICL,2025,TA,134307059.0,243646335.0,0.551,loose,sarmaaya
AICL,2025,Eq,48814868.0,50820417.0,0.961,EXACT,sarmaaya
IGIL,2024,PAT,278902,278902.0,1.000,EXACT,dps
KML,2023,Sales,28208445.061,28208445.0,1.000,EXACT,dps
KML,2023,PAT,928373.0,928373.0,1.000,EXACT,dps
SHFA,2025,Sales,27967661,27967661.0,1.000,EXACT,dps
SHFA,2025,PAT,2328980,2328980.0,1.000,EXACT,dps
SHFA,2025,TA,21430982,25295414.0,0.847,tight,sarmaaya
SHFA,2025,TL,7124363,7398329.0,0.963,EXACT,sarmaaya
SHFA,2025,Eq,14306619,14930019.0,0.958,EXACT,sarmaaya
SHFA,2025,CA,7517261,8167325.0,0.920,EXACT,sarmaaya
SHFA,2025,Sales,27967661,27967661.0,1.000,EXACT,sarmaaya
SHFA,2025,COGS,-23737514,22447359.0,1.057,EXACT,sarmaaya
SHFA,2025,PAT,2328980,2257919.0,1.031,EXACT,sarmaaya
ARUJ,2025,Sales,191.8,192.0,0.999,EXACT,dps
DCL,2025,CA,4220952.0,3611471.0,1.169,tight,sarmaaya
DCL,2025,COGS,-19866927,19901074.0,0.998,EXACT,sarmaaya
DCL,2025,PAT,-967788,-967788.0,1.000,EXACT,sarmaaya
DINT,2023,Sales,32313734.893,32313735.0,1.000,EXACT,dps
KSBP,2023,Sales,5755039.81,5755039.0,1.000,EXACT,dps
KSBP,2023,PAT,842.996,843.0,1.000,EXACT,dps
BCML,2020,Sales,1548962,1548962.0,1.000,EXACT,dps
AHTM,2024,TA,3903419.375,3998092.0,0.976,EXACT,sarmaaya
AHTM,2024,Eq,1834097.614,1834098.0,1.000,EXACT,sarmaaya
AHTM,2024,CA,2184675.727,2184676.0,1.000,EXACT,sarmaaya
SHJS,2023,Sales,9476053,9476053.0,1.000,EXACT,dps
SHJS,2023,PAT,405472,405472.0,1.000,EXACT,dps
AABS,2023,Sales,14569235,14569235.0,1.000,EXACT,dps
AABS,2023,PAT,3684617,3684617.0,1.000,EXACT,dps
ADMM,2024,TA,22833808,22833808.0,1.000,EXACT,sarmaaya
ADMM,2024,TL,14734562,14734562.0,1.000,EXACT,sarmaaya
ADMM,2024,Eq,8099246,8099246.0,1.000,EXACT,sarmaaya
ADMM,2024,CA,10962287,10962287.0,1.000,EXACT,sarmaaya
NETSOL,2023,Sales,7670180.883,7670181.0,1.000,EXACT,dps
NETSOL,2023,PAT,1285234.155,1285234.0,1.000,EXACT,dps
FIBLM,2025,PAT,26839.142,26839.0,1.000,EXACT,dps
FIBLM,2025,Sales,54449.557,49889.0,1.091,EXACT,sarmaaya
FIBLM,2025,PAT,26839.142,26839.0,1.000,EXACT,sarmaaya
GLAXO,2024,Sales,61187501,61187501.0,1.000,EXACT,dps
GLAXO,2024,PAT,6536047,6536047.0,1.000,EXACT,dps
GLAXO,2024,TA,45055459,45723649.0,0.985,EXACT,sarmaaya
GLAXO,2024,TL,16778918,17447108.0,0.962,EXACT,sarmaaya
GLAXO,2024,Eq,28276541,28276541.0,1.000,EXACT,sarmaaya
GLAXO,2024,CA,30698464,30698464.0,1.000,EXACT,sarmaaya
FML,2024,PAT,572341,572341.0,1.000,EXACT,dps
FML,2024,TA,80883929,80883929.0,1.000,EXACT,sarmaaya
FML,2024,TL,47226789,46807231.0,1.009,EXACT,sarmaaya
FML,2024,Eq,33657140,33657140.0,1.000,EXACT,sarmaaya
FML,2024,CA,44101662,44101662.0,1.000,EXACT,sarmaaya
IDYM,2022,Sales,49461116,49461116.0,1.000,EXACT,dps
IDYM,2022,PAT,7687322,7687322.0,1.000,EXACT,dps
GVGL,2024,PAT,897996.801,897997.0,1.000,EXACT,dps
GVGL,2024,TA,5704300.77,5704301.0,1.000,EXACT,sarmaaya
GVGL,2024,TL,1923659.134,1923659.0,1.000,EXACT,sarmaaya
GVGL,2024,Eq,3780641.636,3780642.0,1.000,EXACT,sarmaaya
GVGL,2024,CA,2695986.691,2695987.0,1.000,EXACT,sarmaaya
HAL,2018,PAT,68881.98,68882.0,1.000,EXACT,dps
SHNI,2022,PAT,53376.37,53376.0,1.000,EXACT,dps
SHNI,2023,PAT,116304.322,116304.0,1.000,EXACT,dps
PCAL,2025,Sales,29088373,29088373.0,1.000,EXACT,dps
PCAL,2025,PAT,208858.0,208858.0,1.000,EXACT,dps
PCAL,2025,TA,37553849,38058161.0,0.987,EXACT,sarmaaya
PCAL,2025,TL,28071868,28163833.0,0.997,EXACT,sarmaaya
PCAL,2025,Eq,9481981,9481981.0,1.000,EXACT,sarmaaya
PCAL,2025,CA,21577558,21577558.0,1.000,EXACT,sarmaaya
PCAL,2025,Sales,29088373,29088373.0,1.000,EXACT,sarmaaya
PCAL,2025,COGS,-26062253,26118666.0,0.998,EXACT,sarmaaya
PCAL,2025,PAT,208858.0,-280601.0,-0.744,MISMATCH,sarmaaya
CENI,2023,PAT,496869,496869.0,1.000,EXACT,dps
GHNI,2024,Sales,14666195,14666195.0,1.000,EXACT,dps
GHNI,2024,PAT,781412,781412.0,1.000,EXACT,dps
GHNI,2024,TA,18057049,18057049.0,1.000,EXACT,sarmaaya
GHNI,2024,TL,9072797,9072797.0,1.000,EXACT,sarmaaya
GHNI,2024,Eq,8984252,8984252.0,1.000,EXACT,sarmaaya
GHNI,2024,CA,11970084,11970084.0,1.000,EXACT,sarmaaya
SNBL,2022,PAT,1883243,1883243.0,1.000,EXACT,dps
AABS,2024,Sales,16507771,16507771.0,1.000,EXACT,dps
AABS,2024,PAT,1550682,1550682.0,1.000,EXACT,dps
AABS,2024,TA,12145945,12385322.0,0.981,EXACT,sarmaaya
AABS,2024,TL,4144713,4384090.0,0.945,EXACT,sarmaaya
AABS,2024,Eq,8001232,8001232.0,1.000,EXACT,sarmaaya
AABS,2024,CA,10510985,10510985.0,1.000,EXACT,sarmaaya
ANSM,2025,Sales,1672291.125,1672291.0,1.000,EXACT,dps
CSAP,2025,Sales,6380650,6346278.0,1.005,EXACT,dps
CSAP,2025,PAT,1343279,1343279.0,1.000,EXACT,dps
CSAP,2025,TA,15919776,16325844.0,0.975,EXACT,sarmaaya
CSAP,2025,TL,7168009.0,7918512.0,0.905,EXACT,sarmaaya
CSAP,2025,CA,11233719,12167108.0,0.923,EXACT,sarmaaya
PPP,2022,Sales,1234186.382,1234186.0,1.000,EXACT,dps
PPP,2022,PAT,61743.628,61744.0,1.000,EXACT,dps
HUSI,2022,Sales,221851.273,221851.0,1.000,EXACT,dps
HUSI,2022,PAT,59995.519,59996.0,1.000,EXACT,dps
NCL,2022,Sales,61988039.043,61988039.0,1.000,EXACT,dps
LPGL,2022,Sales,1012393,1012393.0,1.000,EXACT,dps
IML,2022,PAT,73430,73430.0,1.000,EXACT,dps
SMTM,2021,PAT,91152.0,91152.0,1.000,EXACT,dps
GWLC,2022,Sales,16193788,16193788.0,1.000,EXACT,dps
GWLC,2022,PAT,1354723,1354723.0,1.000,EXACT,dps
GVGL,2025,PAT,1084640.385,1084640.0,1.000,EXACT,dps
GVGL,2025,TA,6570420.576,6570421.0,1.000,EXACT,sarmaaya
GVGL,2025,TL,2154965.08,2154965.0,1.000,EXACT,sarmaaya
GVGL,2025,Eq,4415455.496,4415455.0,1.000,EXACT,sarmaaya
GVGL,2025,CA,3265069.135,3265069.0,1.000,EXACT,sarmaaya
GVGL,2025,COGS,-3738046.051,3854358.0,0.970,EXACT,sarmaaya
GVGL,2025,PAT,1084640.385,1084640.0,1.000,EXACT,sarmaaya
MERIT,2025,TA,5016741.651,5016742.0,1.000,EXACT,sarmaaya
MERIT,2025,TL,2744676.318,2744676.0,1.000,EXACT,sarmaaya
MERIT,2025,Eq,2272065.333,2272065.0,1.000,EXACT,sarmaaya
MERIT,2025,CA,2022589.454,2516930.0,0.804,tight,sarmaaya
MERIT,2025,COGS,-5309665.888,5316741.0,0.999,EXACT,sarmaaya
MERIT,2025,PAT,-599667.526,-599668.0,1.000,EXACT,sarmaaya
ICI,2021,PAT,5959446,5959446.0,1.000,EXACT,dps
HAL,2017,PAT,38651.085,38652.0,1.000,EXACT,dps
HASCOL,2024,Sales,145875707.0,143805510.0,1.014,EXACT,dps
HASCOL,2024,TA,63161008,63161008.0,1.000,EXACT,sarmaaya
HASCOL,2024,TL,149577458,149577458.0,1.000,EXACT,sarmaaya
HASCOL,2024,Eq,-86416450,-86416450.0,1.000,EXACT,sarmaaya
HASCOL,2024,CA,34226713,34226713.0,1.000,EXACT,sarmaaya
ARUJ,2022,Sales,1298732.954,1298733.0,1.000,EXACT,dps
CHAS,2022,Sales,17094813,17094813.0,1.000,EXACT,dps
SHSML,2022,Sales,17806813,17806813.0,1.000,EXACT,dps
SHSML,2022,PAT,1650851,1650851.0,1.000,EXACT,dps
KSBP,2025,CA,9360573.943,7976206.0,1.174,tight,sarmaaya
KSBP,2025,COGS,-5016598.89,5057316.0,0.992,EXACT,sarmaaya
TOWL,2023,Sales,11086916.406,11086916.0,1.000,EXACT,dps
CEPB,2022,Sales,39000247,39000247.0,1.000,EXACT,dps
CPPL,2024,Sales,13820153,13820153.0,1.000,EXACT,dps
CPPL,2024,PAT,885892,885892.0,1.000,EXACT,dps
CPPL,2024,TA,13792914.0,13917556.0,0.991,EXACT,sarmaaya
CPPL,2024,CA,6860158.0,6257824.0,1.096,EXACT,sarmaaya
PIAA,2019,Sales,147500129,147500129.0,1.000,EXACT,dps
SCBPL,2024,PAT,46066764,46066764.0,1.000,EXACT,dps
SCBPL,2024,TA,1057292060.0,1068193128.0,0.990,EXACT,sarmaaya
SAZEW,2024,Sales,57642468.564,57642469.0,1.000,EXACT,dps
SAZEW,2024,TA,29226022.904,29314465.0,0.997,EXACT,sarmaaya
SAZEW,2024,TL,19121936.217,19210378.0,0.995,EXACT,sarmaaya
SAZEW,2024,Eq,10104086.687,10104087.0,1.000,EXACT,sarmaaya
SAZEW,2024,CA,24617142.867,24617143.0,1.000,EXACT,sarmaaya
SHEZ,2025,TA,4197734,4197734.0,1.000,EXACT,sarmaaya
SHEZ,2025,TL,2623076,2623076.0,1.000,EXACT,sarmaaya
SHEZ,2025,Eq,1574658,1574658.0,1.000,EXACT,sarmaaya
SHEZ,2025,CA,3048082,3048082.0,1.000,EXACT,sarmaaya
CTM,2022,Sales,30817244.0,30817244.0,1.000,EXACT,dps
PAEL,2025,Sales,63523506,63523506.0,1.000,EXACT,dps
PAEL,2025,TA,87405304,88305801.0,0.990,EXACT,sarmaaya
PAEL,2025,TL,37969022,38843834.0,0.977,EXACT,sarmaaya
PAEL,2025,Eq,49436282,49436282.0,1.000,EXACT,sarmaaya
PAEL,2025,CA,53894971,53894971.0,1.000,EXACT,sarmaaya
PAEL,2025,Sales,63523506,63523506.0,1.000,EXACT,sarmaaya
PAEL,2025,COGS,-46384719,46618497.0,0.995,EXACT,sarmaaya
GHNL,2021,Sales,3225727,3225727.0,1.000,EXACT,dps
GHNL,2021,PAT,130752,130752.0,1.000,EXACT,dps
REWM,2022,Sales,30703658.589,30703659.0,1.000,EXACT,dps
REWM,2022,PAT,2639479.848,2639480.0,1.000,EXACT,dps
COLG,2025,Sales,116000701,116000701.0,1.000,EXACT,dps
COLG,2025,PAT,18397273,18397273.0,1.000,EXACT,dps
COLG,2025,TA,56820747,57092307.0,0.995,EXACT,sarmaaya
COLG,2025,TL,19604229,19697910.0,0.995,EXACT,sarmaaya
COLG,2025,Eq,37216518,37216518.0,1.000,EXACT,sarmaaya
COLG,2025,CA,46813272,46813272.0,1.000,EXACT,sarmaaya
COLG,2025,Sales,116000701,116000701.0,1.000,EXACT,sarmaaya
COLG,2025,COGS,-75279791,76901699.0,0.979,EXACT,sarmaaya
COLG,2025,PAT,18397273,18397273.0,1.000,EXACT,sarmaaya
JSIL,2024,PAT,448923.028,448923.0,1.000,EXACT,dps
JSIL,2024,TA,3581216.702,3581217.0,1.000,EXACT,sarmaaya
JSIL,2024,TL,1469630.628,1469631.0,1.000,EXACT,sarmaaya
JSIL,2024,Eq,2111586.074,2111586.0,1.000,EXACT,sarmaaya
JSIL,2024,CA,570784.148,570784.0,1.000,EXACT,sarmaaya
CENI,2022,PAT,313354,313354.0,1.000,EXACT,dps
INDU,2024,PAT,15072426,15072426.0,1.000,EXACT,dps
INDU,2024,CA,116891587.0,119419799.0,0.979,EXACT,sarmaaya
SCBPL,2022,PAT,19844375,19844375.0,1.000,EXACT,dps
MCB,2022,PAT,32740935,32740935.0,1.000,EXACT,dps
PREMA,2023,Sales,4899692,4899692.0,1.000,EXACT,dps
PREMA,2023,PAT,1247782,1247782.0,1.000,EXACT,dps
UPFL,2025,Sales,40572673,40572673.0,1.000,EXACT,dps
UPFL,2025,PAT,5946360,5946360.0,1.000,EXACT,dps
UPFL,2025,TA,18570346,18687344.0,0.994,EXACT,sarmaaya
UPFL,2025,TL,12202857,12136433.0,1.005,EXACT,sarmaaya
UPFL,2025,Eq,6367489,6367489.0,1.000,EXACT,sarmaaya
UPFL,2025,CA,9137345,9137345.0,1.000,EXACT,sarmaaya
UPFL,2025,Sales,40572673,40572673.0,1.000,EXACT,sarmaaya
UPFL,2025,COGS,-24895231,25195457.0,0.988,EXACT,sarmaaya
UPFL,2025,PAT,5946360,5946360.0,1.000,EXACT,sarmaaya
PHDL,2022,Sales,464551,464551.0,1.000,EXACT,dps
PHDL,2022,PAT,47817,47817.0,1.000,EXACT,dps
FNEL,2024,TA,1854067.531,1994253.0,0.930,EXACT,sarmaaya
FNEL,2024,TL,708409.201,848594.0,0.835,tight,sarmaaya
FNEL,2024,Eq,1145658.33,1145658.0,1.000,EXACT,sarmaaya
FNEL,2024,CA,624404.653,624405.0,1.000,EXACT,sarmaaya
ASHT,2024,PAT,19042.0,19042.0,1.000,EXACT,dps
BOP,2024,PAT,13375362,13375362.0,1.000,EXACT,dps
BOP,2024,TA,2379979210,2385320469.0,0.998,EXACT,sarmaaya
BOP,2024,TL,2287448065,2293205077.0,0.997,EXACT,sarmaaya
BOP,2024,Eq,92531145,91161080.0,1.015,EXACT,sarmaaya
OLPL,2024,TA,31953884.788,39329892.0,0.812,tight,sarmaaya
OLPL,2024,TL,21483347.946,27909762.0,0.770,tight,sarmaaya
OLPL,2024,Eq,10470536.842,10412976.0,1.006,EXACT,sarmaaya
OLPL,2024,CA,15508517.308,17997212.0,0.862,tight,sarmaaya
FCCL,2024,Sales,80026226,80026226.0,1.000,EXACT,dps
FCCL,2024,PAT,8223116,8223116.0,1.000,EXACT,dps
FCCL,2024,TA,147636299,150747560.0,0.979,EXACT,sarmaaya
FCCL,2024,TL,74237446,75183748.0,0.987,EXACT,sarmaaya
FCCL,2024,Eq,73398853,73398853.0,1.000,EXACT,sarmaaya
FCCL,2024,CA,25784071,25784071.0,1.000,EXACT,sarmaaya
PIAA,2021,Sales,86185394,86185394.0,1.000,EXACT,dps
BAHL,2025,PAT,30637408,30637408.0,1.000,EXACT,dps
BAHL,2025,TA,3303763897,3337268096.0,0.990,EXACT,sarmaaya
BAHL,2025,TL,3132495546,3160916091.0,0.991,EXACT,sarmaaya
BAHL,2025,Eq,171268351,176158856.0,0.972,EXACT,sarmaaya
BAHL,2025,PAT,30637408,32442552.0,0.944,EXACT,sarmaaya
BPBL,2018,Sales,1943.0,1943.0,1.000,EXACT,dps
BPBL,2018,PAT,-181.0,232.0,-0.780,MISMATCH,dps
MIRKS,2023,Sales,7779469,7779469.0,1.000,EXACT,dps
AHL,2024,PAT,-4607.0,611947.0,-0.008,MISMATCH,dps
AHL,2024,TA,5679897.459,5704007.0,0.996,EXACT,sarmaaya
AHL,2024,TL,4406715.719,4410582.0,0.999,EXACT,sarmaaya
AHL,2024,Eq,1273181.74,1293425.0,0.984,EXACT,sarmaaya
AHL,2024,CA,5395129.382,5421554.0,0.995,EXACT,sarmaaya
SIEM,2022,Sales,21484209,21484209.0,1.000,EXACT,dps
PPL,2023,Sales,286480252,286480252.0,1.000,EXACT,dps
QUET,2022,Sales,5027978.589,5027979.0,1.000,EXACT,dps
PKGP,2023,Sales,20836512,20836512.0,1.000,EXACT,dps
PKGP,2023,PAT,3136234.0,3136234.0,1.000,EXACT,dps
CTM,2024,Sales,16764028.0,16764028.0,1.000,EXACT,dps
CTM,2024,TA,28947236,31630063.0,0.915,EXACT,sarmaaya
CTM,2024,CA,8377195,8377195.0,1.000,EXACT,sarmaaya
NML,2024,Sales,160256555,160256555.0,1.000,EXACT,dps
NML,2024,PAT,6368853,6368853.0,1.000,EXACT,dps
NML,2024,TA,216839445,275651185.0,0.787,tight,sarmaaya
NML,2024,TL,102029432,117772378.0,0.866,tight,sarmaaya
NML,2024,Eq,114810013,141869200.0,0.809,tight,sarmaaya
NML,2024,CA,88749761,127306224.0,0.697,loose,sarmaaya
LPL,2024,Sales,14239415,19471572.0,0.731,loose,dps
LPL,2024,PAT,4577767.0,4577767.0,1.000,EXACT,dps
LPL,2024,TA,15079956.0,15079956.0,1.000,EXACT,sarmaaya
LPL,2024,TL,248381,248381.0,1.000,EXACT,sarmaaya
LPL,2024,Eq,14831575,14831575.0,1.000,EXACT,sarmaaya
LPL,2024,CA,22361767.0,12091256.0,1.849,loose,sarmaaya
PCAL,2023,Sales,21652953,21652953.0,1.000,EXACT,dps
PCAL,2023,PAT,827726.0,827726.0,1.000,EXACT,dps
MQTM,2024,TA,9166545.377,9376798.0,0.978,EXACT,sarmaaya
MQTM,2024,TL,6699190.437,6946033.0,0.964,EXACT,sarmaaya
MQTM,2024,Eq,2389476.125,2372775.0,1.007,EXACT,sarmaaya
MQTM,2024,CA,3921404.046,3843525.0,1.020,EXACT,sarmaaya
POML,2022,Sales,8837676.009,8837676.0,1.000,EXACT,dps
PTL,2022,Sales,20460232.842,20460233.0,1.000,EXACT,dps
PTL,2022,PAT,420305.168,420305.0,1.000,EXACT,dps
ICIBL,2022,PAT,95273.511,95274.0,1.000,EXACT,dps
KSBP,2024,TA,7331069.115,7331069.0,1.000,EXACT,sarmaaya
KSBP,2024,Eq,3973302.423,3973302.0,1.000,EXACT,sarmaaya
KSBP,2024,CA,6211101.941,6211102.0,1.000,EXACT,sarmaaya
AGP,2022,Sales,10262015,10262015.0,1.000,EXACT,dps
AGP,2022,PAT,1428034,1428034.0,1.000,EXACT,dps
EFUG,2022,PAT,2005722,2005722.0,1.000,EXACT,dps
BIPL,2025,PAT,35683981,6002782.0,5.945,MISMATCH,dps
BIPL,2025,TA,771342878,774722470.0,0.996,EXACT,sarmaaya
BIPL,2025,TL,722728970,726200977.0,0.995,EXACT,sarmaaya
BIPL,2025,Eq,48309276,48521493.0,0.996,EXACT,sarmaaya
BIPL,2025,PAT,35683981,6004675.0,5.943,WARN,sarmaaya
LUCK,2022,Sales,81093525,81093525.0,1.000,EXACT,dps
LUCK,2022,PAT,15298618,15298618.0,1.000,EXACT,dps
PGCL,2017,Sales,620394,620394.0,1.000,EXACT,dps
DADX,2022,Sales,1696847,1696847.0,1.000,EXACT,dps
HMM,2019,PAT,11094.811,11095.0,1.000,EXACT,dps
AICL,2024,TA,109124371.0,197554815.0,0.552,loose,sarmaaya
AICL,2024,Eq,40625238.0,42029201.0,0.967,EXACT,sarmaaya
GHGL,2022,Sales,30827262.098,30827262.0,1.000,EXACT,dps
GHGL,2022,PAT,6044859.288,6044859.0,1.000,EXACT,dps
ZIL,2025,Sales,6845132,6845132.0,1.000,EXACT,dps
ZIL,2025,PAT,50293,50293.0,1.000,EXACT,dps
SGPL,2025,Sales,6145.86,6145.0,1.000,EXACT,dps
SGPL,2025,PAT,1668.0,1668.0,1.000,EXACT,dps
DAWH,2023,PAT,10349773,10349773.0,1.000,EXACT,dps
IGIHL,2023,PAT,1317609.0,1317609.0,1.000,EXACT,dps
SHSML,2024,Sales,25737193.0,25737193.0,1.000,EXACT,dps
SHSML,2024,PAT,52400,52400.0,1.000,EXACT,dps
SHSML,2024,TA,21835496,22413653.0,0.974,EXACT,sarmaaya
SHSML,2024,TL,10114999,10693156.0,0.946,EXACT,sarmaaya
SHSML,2024,Eq,11720497,11720497.0,1.000,EXACT,sarmaaya
SHSML,2024,CA,11058974,11058974.0,1.000,EXACT,sarmaaya
CRTM,2022,Sales,20331457,20331457.0,1.000,EXACT,dps
SPEL,2024,TL,2181012,2115476.0,1.031,EXACT,sarmaaya
SPEL,2024,Eq,5122389,5122389.0,1.000,EXACT,sarmaaya
SPEL,2024,CA,3098682,3098682.0,1.000,EXACT,sarmaaya
SUTM,2022,Sales,9757681.828,9757682.0,1.000,EXACT,dps
SUTM,2022,PAT,1909806.203,1909806.0,1.000,EXACT,dps
PABC,2024,Sales,23067766.232,23067766.0,1.000,EXACT,dps
PABC,2024,PAT,6104198.055,6104198.0,1.000,EXACT,dps
PABC,2024,TA,31704530.164,31704530.0,1.000,EXACT,sarmaaya
PABC,2024,CA,24245759.964,24245760.0,1.000,EXACT,sarmaaya
IBLHL,2025,Sales,4322471,4322471.0,1.000,EXACT,dps
IBLHL,2025,PAT,208371,208371.0,1.000,EXACT,dps
IBLHL,2025,TA,4009968,4009968.0,1.000,EXACT,sarmaaya
IBLHL,2025,TL,1686918,1686918.0,1.000,EXACT,sarmaaya
IBLHL,2025,Eq,2323050,2323050.0,1.000,EXACT,sarmaaya
IBLHL,2025,CA,3368392,3368392.0,1.000,EXACT,sarmaaya
IBLHL,2025,Sales,4322471,4322471.0,1.000,EXACT,sarmaaya
IBLHL,2025,COGS,-2875495,2883698.0,0.997,EXACT,sarmaaya
IBLHL,2025,PAT,208371,208371.0,1.000,EXACT,sarmaaya
CHAS,2023,Sales,26375717,26375717.0,1.000,EXACT,dps
CYAN,2023,PAT,324604,324604.0,1.000,EXACT,dps
CYAN,2023,TA,1644712,1678061.0,0.980,EXACT,sarmaaya
CYAN,2023,TL,105648,138997.0,0.760,tight,sarmaaya
CYAN,2023,Eq,1539064,1539064.0,1.000,EXACT,sarmaaya
CYAN,2023,CA,935444,935444.0,1.000,EXACT,sarmaaya
GLPL,2023,Sales,3024531,3024531.0,1.000,EXACT,dps
BIFO,2022,PAT,247729.187,247729.0,1.000,EXACT,dps
ALTN,2024,PAT,4336312,4336312.0,1.000,EXACT,dps
ALTN,2024,TA,3887009.0,32170634.0,0.121,WARN,sarmaaya
ALTN,2024,Eq,3749288.0,16594307.0,0.226,WARN,sarmaaya
ALTN,2024,CA,329670.0,21679881.0,0.015,MISMATCH,sarmaaya
HUMNL,2022,Sales,6018969.888,6018970.0,1.000,EXACT,dps
HUMNL,2022,PAT,1363905.013,1363905.0,1.000,EXACT,dps
FZCM,2023,Sales,77696979.894,77696980.0,1.000,EXACT,dps
FZCM,2023,PAT,586094.719,586095.0,1.000,EXACT,dps
SIEM,2025,Sales,8854548,8854548.0,1.000,EXACT,dps
SIEM,2025,PAT,829413,829413.0,1.000,EXACT,dps
SIEM,2025,TA,14203212,14284673.0,0.994,EXACT,sarmaaya
SIEM,2025,TL,8017019,8098480.0,0.990,EXACT,sarmaaya
SIEM,2025,Eq,6186193,6186193.0,1.000,EXACT,sarmaaya
SIEM,2025,CA,12589534,12589534.0,1.000,EXACT,sarmaaya
SIEM,2025,Sales,8854548,8854548.0,1.000,EXACT,sarmaaya
SIEM,2025,COGS,-7443083,7290145.0,1.021,EXACT,sarmaaya
SIEM,2025,PAT,829413,105326.0,7.875,WARN,sarmaaya
THALL,2024,Sales,26550600,26550600.0,1.000,EXACT,dps
THALL,2024,PAT,2190428,2190428.0,1.000,EXACT,dps
THALL,2024,TA,71981740,72987115.0,0.986,EXACT,sarmaaya
THALL,2024,Eq,52962121,45690789.0,1.159,tight,sarmaaya
THALL,2024,CA,31299799,31299799.0,1.000,EXACT,sarmaaya
KAPCO,2025,Sales,1563320,1563320.0,1.000,EXACT,dps
KAPCO,2025,PAT,2536065,2536065.0,1.000,EXACT,dps
KAPCO,2025,TA,65253378,65253378.0,1.000,EXACT,sarmaaya
KAPCO,2025,CA,61401429,61401429.0,1.000,EXACT,sarmaaya
KAPCO,2025,Sales,1563320,1563320.0,1.000,EXACT,sarmaaya
KAPCO,2025,COGS,-2001477,2174198.0,0.921,EXACT,sarmaaya
KAPCO,2025,PAT,2536065,2536065.0,1.000,EXACT,sarmaaya
KOHE,2025,Sales,4328811,4328811.0,1.000,EXACT,dps
KOHE,2025,PAT,724351,724351.0,1.000,EXACT,dps
KOHE,2025,TA,5385610,5385047.0,1.000,EXACT,sarmaaya
KOHE,2025,CA,2850216,2850653.0,1.000,EXACT,sarmaaya
KOHE,2025,Sales,4328811,4328811.0,1.000,EXACT,sarmaaya
KOHE,2025,COGS,-2983165,2980761.0,1.001,EXACT,sarmaaya
KOHE,2025,PAT,724351,723860.0,1.001,EXACT,sarmaaya
TSML,2022,Sales,32299965.782,32299966.0,1.000,EXACT,dps
TSML,2022,PAT,517711.537,517712.0,1.000,EXACT,dps
BNL,2025,TA,4729355.34,4949503.0,0.956,EXACT,sarmaaya
BNL,2025,TL,2081909.771,2281176.0,0.913,EXACT,sarmaaya
BNL,2025,Eq,2647445.569,2647446.0,1.000,EXACT,sarmaaya
BNL,2025,CA,1421208.851,1421209.0,1.000,EXACT,sarmaaya
BNL,2025,COGS,-5445332.378,5489656.0,0.992,EXACT,sarmaaya
NPL,2022,Sales,23684340,23684340.0,1.000,EXACT,dps
ZTL,2024,PAT,45653.646,45654.0,1.000,EXACT,dps
ZTL,2024,TA,5700113.259,5700113.0,1.000,EXACT,sarmaaya
ZTL,2024,TL,3125204.558,3123141.0,1.001,EXACT,sarmaaya
ZTL,2024,Eq,2574908.701,2574909.0,1.000,EXACT,sarmaaya
ZTL,2024,CA,2848990.921,2848991.0,1.000,EXACT,sarmaaya
PREMA,2024,PAT,353233,353233.0,1.000,EXACT,dps
PREMA,2024,TA,7605903,8047182.0,0.945,EXACT,sarmaaya
PREMA,2024,TL,2431419,2889333.0,0.842,tight,sarmaaya
PREMA,2024,Eq,5174484,5131856.0,1.008,EXACT,sarmaaya
PREMA,2024,CA,1605657,1605657.0,1.000,EXACT,sarmaaya
ABOT,2022,Sales,49257722,49257722.0,1.000,EXACT,dps
ABOT,2022,PAT,3004186,3004186.0,1.000,EXACT,dps
PTL,2024,PAT,465785.132,465785.0,1.000,EXACT,dps
PTL,2024,TA,23637521.253,23637521.0,1.000,EXACT,sarmaaya
PTL,2024,TL,16214984.421,16089367.0,1.008,EXACT,sarmaaya
PTL,2024,Eq,7422536.832,7422537.0,1.000,EXACT,sarmaaya
PTL,2024,CA,11297726.2,11297726.0,1.000,EXACT,sarmaaya
UPFL,2024,Sales,33712049,33712049.0,1.000,EXACT,dps
UPFL,2024,PAT,6974631,6974631.0,1.000,EXACT,dps
UPFL,2024,TA,27988333,28099134.0,0.996,EXACT,sarmaaya
UPFL,2024,TL,14607910,14477149.0,1.009,EXACT,sarmaaya
UPFL,2024,Eq,13380423,13380423.0,1.000,EXACT,sarmaaya
UPFL,2024,CA,18561796,18561796.0,1.000,EXACT,sarmaaya
WYETH,2021,Sales,1000898,1000898.0,1.000,EXACT,dps
SEL,2025,Sales,176069,176070.0,1.000,EXACT,dps
SEL,2025,PAT,167137,167137.0,1.000,EXACT,dps
EMCO,2024,Sales,4192404.621,4192405.0,1.000,EXACT,dps
MACFL,2025,PAT,85284.0,85284.0,1.000,EXACT,dps
MACFL,2025,TA,5268977.671,5434646.0,0.970,EXACT,sarmaaya
MACFL,2025,PAT,85284.0,85284.0,1.000,EXACT,sarmaaya
ILTM,2019,PAT,460074.0,460074.0,1.000,EXACT,dps
HAL,2019,PAT,123249.04,123249.0,1.000,EXACT,dps
TSMF,2025,PAT,21981.423,21568.0,1.019,EXACT,dps
ARPAK,2024,Sales,21865.856,21866.0,1.000,EXACT,dps
BUXL,2022,Sales,516473,516473.0,1.000,EXACT,dps
AHTM,2025,TA,4455886.473,4561894.0,0.977,EXACT,sarmaaya
AHTM,2025,TL,2063178.551,2231686.0,0.924,EXACT,sarmaaya
AHTM,2025,CA,2049692.842,2049693.0000000002,1.000,EXACT,sarmaaya
AHTM,2025,COGS,-5196675.007,5219516.0,0.996,EXACT,sarmaaya
OML,2023,Sales,104625.584,55402.0,1.888,loose,dps
OML,2023,PAT,17604.501,17605.0,1.000,EXACT,dps
ELCM,2025,Sales,996623.852,996623.0,1.000,EXACT,dps
ELCM,2025,PAT,10592.023,10592.0,1.000,EXACT,dps
ELCM,2025,TA,276533.287,276533.0,1.000,EXACT,sarmaaya
ELCM,2025,TL,183857.588,183858.0,1.000,EXACT,sarmaaya
ELCM,2025,Eq,92675.699,92676.0,1.000,EXACT,sarmaaya
ELCM,2025,CA,95788.423,95788.0,1.000,EXACT,sarmaaya
ELCM,2025,Sales,996623.852,996624.0,1.000,EXACT,sarmaaya
ELCM,2025,COGS,954986.185,957432.0,0.997,EXACT,sarmaaya
ELCM,2025,PAT,10592.023,10592.0,1.000,EXACT,sarmaaya
ATLH,2026,Sales,273926855,273926855.0,1.000,EXACT,dps
ATLH,2026,PAT,21120458,21120458.0,1.000,EXACT,dps
BERG,2023,Sales,7341615,7341165.0,1.000,EXACT,dps
BERG,2023,PAT,240061,240061.0,1.000,EXACT,dps
SGPL,2023,Sales,3348.238,3348.0,1.000,EXACT,dps
LUCK,2024,Sales,115324942,115324942.0,1.000,EXACT,dps
LUCK,2024,PAT,28106539,28106539.0,1.000,EXACT,dps
LUCK,2024,TA,234018090,661041931.0,0.354,WARN,sarmaaya
LUCK,2024,TL,86256813,346997774.0,0.249,WARN,sarmaaya
LUCK,2024,Eq,147761277,273625520.0,0.540,loose,sarmaaya
LUCK,2024,CA,68452084,275132977.0,0.249,WARN,sarmaaya
KOHP,2022,Sales,17453.205,17453.0,1.000,EXACT,dps
AKBL,2023,PAT,21434659,21434659.0,1.000,EXACT,dps
THCCL,2023,Sales,5527127,5410132.0,1.022,EXACT,dps
THCCL,2023,PAT,249077.0,249077.0,1.000,EXACT,dps
NML,2023,Sales,141756469,141756469.0,1.000,EXACT,dps
NML,2023,PAT,12166022,12166022.0,1.000,EXACT,dps
HIRAT,2024,TA,2947977.405,3128480.0,0.942,EXACT,sarmaaya
HIRAT,2024,TL,3525394.026,4187397.0,0.842,tight,sarmaaya
HIRAT,2024,Eq,-577416.621,-1058917.0,0.545,loose,sarmaaya
HIRAT,2024,CA,66107.01,66107.0,1.000,EXACT,sarmaaya
HIRAT,2024,COGS,-240603.805,243124.0,0.990,EXACT,sarmaaya
HIRAT,2024,PAT,-281259.884,-281260.0,1.000,EXACT,sarmaaya
PPL,2024,Sales,288797413,288797413.0,1.000,EXACT,dps
PPL,2024,PAT,114309077,114309077.0,1.000,EXACT,dps
PPL,2024,TA,907447876,913040581.0,0.994,EXACT,sarmaaya
PPL,2024,TL,267874492,272308725.0,0.984,EXACT,sarmaaya
PPL,2024,Eq,639573384,640731856.0,0.998,EXACT,sarmaaya
PPL,2024,CA,705399797.0,710879547.0,0.992,EXACT,sarmaaya
HABSM,2024,Sales,20624090,20624090.0,1.000,EXACT,dps
HABSM,2024,PAT,1960473,1960473.0,1.000,EXACT,dps
HABSM,2024,TA,19989922,20064922.0,0.996,EXACT,sarmaaya
HABSM,2024,Eq,13173094,13173094.0,1.000,EXACT,sarmaaya
HABSM,2024,CA,14320942,14320942.0,1.000,EXACT,sarmaaya
SJTM,2018,Sales,793087.0,793087.0,1.000,EXACT,dps
ICIBL,2025,PAT,126742.058,126742.0,1.000,EXACT,dps
PKGI,2024,PAT,31803.549,31804.0,1.000,EXACT,dps
MUGHAL,2024,Sales,105554327.171,92382600.0,1.143,tight,dps
MUGHAL,2024,PAT,1999888.711,1999889.0,1.000,EXACT,dps
MUGHAL,2024,TA,69077171.486,70184197.0,0.984,EXACT,sarmaaya
MUGHAL,2024,TL,42941680.876,43818999.0,0.980,EXACT,sarmaaya
MUGHAL,2024,Eq,26135490.61,26030503.0,1.004,EXACT,sarmaaya
MUGHAL,2024,CA,46223585.32,46104353.0,1.003,EXACT,sarmaaya
UBDL,2023,Sales,1348030,1348030.0,1.000,EXACT,dps
IDYM,2023,Sales,49318539,49318539.0,1.000,EXACT,dps
IDYM,2023,PAT,707952,707952.0,1.000,EXACT,dps
EXIDE,2025,Sales,23895008,23895008.0,1.000,EXACT,dps
EXIDE,2025,PAT,614436,614436.0,1.000,EXACT,dps
EXIDE,2025,TA,16293489,14121469.0,1.154,tight,sarmaaya
EXIDE,2025,TL,9470253,6640275.0,1.426,loose,sarmaaya
EXIDE,2025,Eq,6823236,7481194.0,0.912,EXACT,sarmaaya
EXIDE,2025,CA,14057285,11597926.0,1.212,tight,sarmaaya
EXIDE,2025,Sales,23895008,19636697.0,1.217,tight,sarmaaya
EXIDE,2025,COGS,-20025649,16963319.0,1.181,tight,sarmaaya
EXIDE,2025,PAT,614436,431552.0,1.424,loose,sarmaaya
GATM,2023,Sales,111967612,111967612.0,1.000,EXACT,dps
GATM,2023,PAT,3986019,3986019.0,1.000,EXACT,dps
ADAMS,2024,Sales,8055242.392,8055242.0,1.000,EXACT,dps
ADAMS,2024,PAT,73085.0,73085.0,1.000,EXACT,dps
ADAMS,2024,TA,10543512.258,10645176.0,0.990,EXACT,sarmaaya
ADAMS,2024,TL,5286016.982,5386842.0,0.981,EXACT,sarmaaya
ADAMS,2024,Eq,5257495.276,5257495.0,1.000,EXACT,sarmaaya
ADAMS,2024,CA,4090272.269,4090272.0,1.000,EXACT,sarmaaya
TSML,2025,Sales,40480075.526,40480076.0,1.000,EXACT,dps
TSML,2025,TA,40356301.823,40356302.0,1.000,EXACT,sarmaaya
TSML,2025,TL,25875007.059,29510221.0,0.877,tight,sarmaaya
TSML,2025,Eq,14481294.764,10846081.0,1.335,tight,sarmaaya
TSML,2025,CA,26030727.915,26030728.0,1.000,EXACT,sarmaaya
TSML,2025,Sales,40480075.526,40480076.0,1.000,EXACT,sarmaaya
TSML,2025,COGS,-34452686.878,34536229.0,0.998,EXACT,sarmaaya
FCCL,2023,Sales,68069282,68069282.0,1.000,EXACT,dps
FCCL,2023,PAT,7439681,7439681.0,1.000,EXACT,dps
ATBA,2024,PAT,1343649,1343649.0,1.000,EXACT,dps
ATBA,2024,TA,23318274,23318274.0,1.000,EXACT,sarmaaya
ATBA,2024,TL,14799107,14781484.0,1.001,EXACT,sarmaaya
ATBA,2024,Eq,8519167,8519167.0,1.000,EXACT,sarmaaya
ATBA,2024,CA,18164738,18164738.0,1.000,EXACT,sarmaaya
GLPL,2025,Sales,1719851,1719851.0,1.000,EXACT,dps
GLPL,2025,PAT,101203.0,101203.0,1.000,EXACT,dps
GLPL,2025,TA,1598830,1598830.0,1.000,EXACT,sarmaaya
GLPL,2025,TL,501994,501994.0,1.000,EXACT,sarmaaya
GLPL,2025,Eq,1096836,1096836.0,1.000,EXACT,sarmaaya
GLPL,2025,CA,1442316,1442316.0,1.000,EXACT,sarmaaya
GLPL,2025,Sales,1719851,1719851.0,1.000,EXACT,sarmaaya
GLPL,2025,COGS,-1379477,1379477.0,1.000,EXACT,sarmaaya
GLPL,2025,PAT,101203.0,-25950.0,-3.900,MISMATCH,sarmaaya
BIPL,2022,PAT,4439635,4439635.0,1.000,EXACT,dps
ASL,2025,Sales,33751703,33751703.0,1.000,EXACT,dps
ASL,2025,PAT,1146113.0,1146113.0,1.000,EXACT,dps
ASL,2025,TA,38756457,38756457.0,1.000,EXACT,sarmaaya
ASL,2025,TL,18140344,28421442.0,0.638,loose,sarmaaya
ASL,2025,Eq,20616113,10335015.0,1.995,loose,sarmaaya
ASL,2025,CA,15651022,15651022.0,1.000,EXACT,sarmaaya
ASL,2025,Sales,33751703,33751703.0,1.000,EXACT,sarmaaya
ASL,2025,COGS,-32084444,32139253.0,0.998,EXACT,sarmaaya
ASL,2025,PAT,1146113.0,-1351854.0,-0.848,MISMATCH,sarmaaya
PRL,2022,Sales,191316055,191316055.0,1.000,EXACT,dps
THALL,2025,Sales,29611916,29611916.0,1.000,EXACT,dps
THALL,2025,PAT,2557725,2557725.0,1.000,EXACT,dps
THALL,2025,TA,45350253.0,82257142.0,0.551,loose,sarmaaya
THALL,2025,CA,25522052.0,34393426.0,0.742,loose,sarmaaya
THALL,2025,Sales,29611916,33127413.999999996,0.894,tight,sarmaaya
THALL,2025,COGS,-26581090,30099669.0,0.883,tight,sarmaaya
THALL,2025,PAT,2557725,7255552.0,0.353,WARN,sarmaaya
PPP,2023,Sales,1745900.81,1745901.0,1.000,EXACT,dps
PPP,2023,PAT,89032.44,89032.0,1.000,EXACT,dps
BNWM,2025,Sales,968556.0,968556.0,1.000,EXACT,dps
BNWM,2025,PAT,306214.0,306214.0,1.000,EXACT,dps
BNWM,2025,TA,3851127,3882067.0,0.992,EXACT,sarmaaya
BNWM,2025,TL,816651,847591.0,0.963,EXACT,sarmaaya
BNWM,2025,Eq,3034476,3034476.0,1.000,EXACT,sarmaaya
BNWM,2025,CA,1258155,1258155.0,1.000,EXACT,sarmaaya
BNWM,2025,Sales,968556.0,968556.0,1.000,EXACT,sarmaaya
BNWM,2025,COGS,696335,712866.0,0.977,EXACT,sarmaaya
BNWM,2025,PAT,306214.0,-98425.0,-3.111,MISMATCH,sarmaaya
NCPL,2022,Sales,25415977,25415977.0,1.000,EXACT,dps
OML,2024,Sales,121884.73,73327.0,1.662,loose,dps
OML,2024,PAT,19726.995,19727.0,1.000,EXACT,dps
INIL,2025,Sales,25096000,25096323.0,1.000,EXACT,dps
INIL,2025,PAT,1104324,1104324.0,1.000,EXACT,dps
INIL,2025,TA,29919000,77791632.0,0.385,WARN,sarmaaya
INIL,2025,TL,10260000,35071953.0,0.293,WARN,sarmaaya
INIL,2025,Eq,19659000,31660407.0,0.621,loose,sarmaaya
INIL,2025,CA,13502000,41220825.0,0.328,WARN,sarmaaya
INIL,2025,Sales,25096000,85899663.0,0.292,WARN,sarmaaya
INIL,2025,COGS,-21949000,79886886.0,0.275,WARN,sarmaaya
INIL,2025,PAT,1104324,898978.0,1.228,tight,sarmaaya
BWHL,2023,PAT,136406,136406.0,1.000,EXACT,dps
THALL,2023,Sales,31925003.0,31925003.0,1.000,EXACT,dps
THALL,2023,PAT,2750759.0,2750759.0,1.000,EXACT,dps
ZAHID,2024,Sales,37741817,37741817.0,1.000,EXACT,dps
ZAHID,2024,PAT,635072.0,635072.0,1.000,EXACT,dps
KOIL,2024,TA,1087074.461,1087074.0,1.000,EXACT,sarmaaya
KOIL,2024,TL,55496.111,409179.0,0.136,WARN,sarmaaya
KOIL,2024,Eq,1031578.35,677896.0,1.522,loose,sarmaaya
KOIL,2024,CA,163303.113,163303.0,1.000,EXACT,sarmaaya
BCML,2019,Sales,2218285.0,2218285.0,1.000,EXACT,dps
STJT,2023,Sales,8085182,8085182.0,1.000,EXACT,dps
NBP,2023,PAT,3529477,51840462.0,0.068,MISMATCH,dps
BAHL,2024,PAT,39862187,39862187.0,1.000,EXACT,dps
BAHL,2024,TA,3320035205,3339443579.0,0.994,EXACT,sarmaaya
BAHL,2024,TL,3168046585,3184239977.0,0.995,EXACT,sarmaaya
BAHL,2024,Eq,151988620,155048079.0,0.980,EXACT,sarmaaya
NPL,2025,Sales,7057714,7057714.0,1.000,EXACT,dps
NPL,2025,PAT,5389574.0,5389574.0,1.000,EXACT,dps
NPL,2025,TA,29150366,29150366.0,1.000,EXACT,sarmaaya
NPL,2025,TL,1175198,1175198.0,1.000,EXACT,sarmaaya
NPL,2025,Eq,27975168,27975168.0,1.000,EXACT,sarmaaya
NPL,2025,CA,21522327,21522327.0,1.000,EXACT,sarmaaya
NPL,2025,Sales,7057714,7057714.0,1.000,EXACT,sarmaaya
NPL,2025,COGS,-4399559,4475724.0,0.983,EXACT,sarmaaya
NPL,2025,PAT,5389574.0,-746782.0,-7.217,MISMATCH,sarmaaya
SERT,2024,Sales,1341318.0,1341318.0,1.000,EXACT,dps
CENI,2024,PAT,584672.307,584672.0,1.000,EXACT,dps
PPP,2025,Sales,1733597.216,1733597.0,1.000,EXACT,dps
PPP,2025,PAT,122421.542,122422.0,1.000,EXACT,dps
PPP,2025,TA,2244504.063,2253927.0,0.996,EXACT,sarmaaya
PPP,2025,TL,493754.808,501014.0,0.986,EXACT,sarmaaya
PPP,2025,Eq,1750749.255,1750749.0,1.000,EXACT,sarmaaya
PPP,2025,CA,870778.836,870779.0,1.000,EXACT,sarmaaya
PPP,2025,Sales,1733597.216,1733597.0,1.000,EXACT,sarmaaya
PPP,2025,COGS,-1434637.714,1450510.0,0.989,EXACT,sarmaaya
PPP,2025,PAT,122421.542,122422.0,1.000,EXACT,sarmaaya
PSO,2022,Sales,2451580833,2451580833.0,1.000,EXACT,dps
PSO,2022,PAT,86222528,86222528.0,1.000,EXACT,dps
UNITY,2023,Sales,90158188,90158188.0,1.000,EXACT,dps
UNITY,2023,PAT,2436418.0,2436418.0,1.000,EXACT,dps
FDIBL,2023,PAT,15038.847,15039.0,1.000,EXACT,dps
WAHN,2025,PAT,481933.976,481934.0,1.000,EXACT,dps
WAHN,2025,TA,3840687.8,3918557.0,0.980,EXACT,sarmaaya
WAHN,2025,TL,1186375.273,1264244.0,0.938,EXACT,sarmaaya
WAHN,2025,Eq,2654312.527,2654313.0,1.000,EXACT,sarmaaya
WAHN,2025,CA,3268709.158,3268709.0,1.000,EXACT,sarmaaya
WAHN,2025,COGS,-4242120.068,4280843.0,0.991,EXACT,sarmaaya
WAHN,2025,PAT,481933.976,481934.0,1.000,EXACT,sarmaaya
MTIL,2020,PAT,43488.0,43488.0,1.000,EXACT,dps
SNGP,2025,Sales,1408551237,1408551237.0,1.000,EXACT,dps
SNGP,2025,PAT,14591947,14591947.0,1.000,EXACT,dps
SNGP,2025,TA,1681646028,1731324832.0,0.971,EXACT,sarmaaya
SNGP,2025,Eq,70646110.0,70646110.0,1.000,EXACT,sarmaaya
SNGP,2025,CA,1310821057,1310821057.0,1.000,EXACT,sarmaaya
SNGP,2025,Sales,1408551237,1408551237.0,1.000,EXACT,sarmaaya
SNGP,2025,COGS,1328067638,1330321528.0,0.998,EXACT,sarmaaya
SNGP,2025,PAT,14591947,14591947.0,1.000,EXACT,sarmaaya
HUMNL,2024,Sales,8307666.13,8307666.0,1.000,EXACT,dps
HUMNL,2024,PAT,2610591.757,2610592.0,1.000,EXACT,dps
HUMNL,2024,TA,10996532.065,12768610.0,0.861,tight,sarmaaya
HUMNL,2024,TL,1140075.928,2437064.0,0.468,loose,sarmaaya
HUMNL,2024,Eq,9856456.137,10420224.0,0.946,EXACT,sarmaaya
HUMNL,2024,CA,8279151.77,9925554.0,0.834,tight,sarmaaya
APL,2025,Sales,482429343.0,474097307.0,1.018,EXACT,dps
APL,2025,PAT,10392588.0,10392588.0,1.000,EXACT,dps
APL,2025,TA,122302709,122302709.0,1.000,EXACT,sarmaaya
APL,2025,CA,95177778,95177778.0,1.000,EXACT,sarmaaya
APL,2025,Sales,482429343.0,474097307.0,1.018,EXACT,sarmaaya
APL,2025,PAT,10392588.0,10392588.0,1.000,EXACT,sarmaaya
CRTM,2024,Sales,23755882,23755882.0,1.000,EXACT,dps
CRTM,2024,PAT,1347099.0,1347099.0,1.000,EXACT,dps
CRTM,2024,TA,23889442,24437177.0,0.978,EXACT,sarmaaya
CRTM,2024,TL,12495860,13296547.0,0.940,EXACT,sarmaaya
CRTM,2024,Eq,11393582,11140630.0,1.023,EXACT,sarmaaya
CRTM,2024,CA,9113045,8980545.0,1.015,EXACT,sarmaaya
STML,2023,Sales,3309014,3309014.0,1.000,EXACT,dps
POL,2023,Sales,65983520.0,60952282.0,1.083,EXACT,dps
POL,2023,PAT,36452582.0,36452582.0,1.000,EXACT,dps
786,2025,PAT,35418.029,35418.0,1.000,EXACT,dps
DCL,2023,Sales,20199555,20199555.0,1.000,EXACT,dps
ATBA,2022,PAT,689437,689437.0,1.000,EXACT,dps
HAEL,2022,Sales,549650.906,549651.0,1.000,EXACT,dps
SPWL,2024,PAT,1950659.0,1950659.0,1.000,EXACT,dps
SPWL,2024,TA,20907209.87,20907210.0,1.000,EXACT,sarmaaya
SPWL,2024,TL,9676111.75,9676112.0,1.000,EXACT,sarmaaya
SPWL,2024,Eq,11231098.12,11231098.0,1.000,EXACT,sarmaaya
SPWL,2024,CA,9845177.469,9845177.0,1.000,EXACT,sarmaaya
AGIC,2025,PAT,694672.0,694672.0,1.000,EXACT,dps
GAIL,2019,Sales,148992.292,148992.0,1.000,EXACT,dps
EFUG,2024,PAT,3711128,3711128.0,1.000,EXACT,dps
EFUG,2024,TA,72398872,323898937.0,0.224,WARN,sarmaaya
EFUG,2024,TL,46961030,292947238.0,0.160,WARN,sarmaaya
EFUG,2024,Eq,25437842,25272905.0,1.007,EXACT,sarmaaya
HMB,2022,PAT,2604686,14260723.0,0.183,MISMATCH,dps
GSKCH,2019,PAT,1257518.81,1257519.0,1.000,EXACT,dps
PSEL,2021,Sales,6940821.0,6940821.0,1.000,EXACT,dps
PSEL,2021,TA,55029.344,1709342.0,0.032,MISMATCH,sarmaaya
PSEL,2021,TL,20519.568,1709342.0,0.012,MISMATCH,sarmaaya
PSEL,2021,Eq,34509.776,1709342.0,0.020,MISMATCH,sarmaaya
PSEL,2021,CA,12873.422,1709342.0,0.008,MISMATCH,sarmaaya
ECOP,2023,Sales,5689493,5689493.0,1.000,EXACT,dps
ECOP,2023,PAT,40143,40143.0,1.000,EXACT,dps
ICI,2022,PAT,6248587,6248587.0,1.000,EXACT,dps
FFL,2024,PAT,717136.816,717137.0,1.000,EXACT,dps
FFL,2024,TA,18562872.108,18652434.0,0.995,EXACT,sarmaaya
FFL,2024,CA,9272748.036,9094269.0,1.020,EXACT,sarmaaya
KPUS,2024,Sales,11363646,11363646.0,1.000,EXACT,dps
KPUS,2024,PAT,59833,59833.0,1.000,EXACT,dps
KPUS,2024,TA,8789341,9051576.0,0.971,EXACT,sarmaaya
KPUS,2024,TL,4724405,6127297.0,0.771,tight,sarmaaya
KPUS,2024,Eq,4064936,2924279.0,1.390,loose,sarmaaya
KPUS,2024,CA,3838428,3838428.0,1.000,EXACT,sarmaaya
STML,2024,Sales,6916185,6916185.0,1.000,EXACT,dps
STML,2024,TA,2547470,2547470.0,1.000,EXACT,sarmaaya
STML,2024,TL,1616152,1616152.0,1.000,EXACT,sarmaaya
STML,2024,Eq,931318,931318.0,1.000,EXACT,sarmaaya
STML,2024,CA,1689548,1689548.0,1.000,EXACT,sarmaaya
