symbol,year,TA,TL,Eq,CA,CL,Sales,COGS,GP,PAT,Cash,Inv,PPE,dividends,dividends_paid,cfo,units,unit_factor,field_factors,pages,flags,status
786,2013,182129.605,4220.206,177909.399,40110.218,4220.206,,,,,19288.515,,,,,,thousands,0.001,,"{""sfp"": [18, 17, 19], ""pl"": [], ""cfs"": []}",,ok
786,2014,213841.693,10512.341,203329.352,44520.414,10512.341,,,,,3325.781,,,,,,thousands,0.001,,"{""sfp"": [19, 18, 20], ""pl"": [], ""cfs"": []}",,ok
786,2015,254626.475,17221.934,237404.54,52165.648,17221.934,,,,,1929.499,,,,,,thousands,0.001,,"{""sfp"": [18, 17, 19], ""pl"": [], ""cfs"": []}",,ok
786,2016,231653.368,21126.918,210526.45,57676.906,21126.918,,,,,1740.633,,,,,,thousands,0.001,,"{""sfp"": [28, 27, 29], ""pl"": [], ""cfs"": []}",,ok
786,2017,287198.782,16312.331,270886.451,36026.235,16312.331,,,,,12335.666,,,,,,thousands,0.001,,"{""sfp"": [26, 25, 27], ""pl"": [], ""cfs"": []}",,ok
786,2018,264066.217,18619.043,245447.174,26895.503,18619.043,,,,,3313.649,,,998.742,,,thousands,0.001,,"{""sfp"": [29, 28, 30], ""pl"": [], ""cfs"": []}",L5,review
786,2019,219068.22,18683.623,200384.597,29739.475,18683.623,,,,,4539.92,,,,,,thousands,0.001,,"{""sfp"": [31, 30, 32], ""pl"": [], ""cfs"": []}",,ok
786,2020,227878.541,19175.715,208702.826,53034.581,19175.715,17210.247,,,2824.729,12042.37,,3621.242,0.0,,-8957.387,thousands,0.001,,"{""sfp"": [36], ""pl"": [37], ""cfs"": [39]}",,ok
786,2021,248876.361,,,52732.155,18746.277,,,,,,,,,,,thousands,0.001,,"{""sfp"": [35, 34, 36], ""pl"": [], ""cfs"": []}",,ok
786,2022,251871.003,20948.631,230922.372,250125.729,20948.631,,,,,5065.871,,,998.742,,,thousands,0.001,,"{""sfp"": [28, 27, 29], ""pl"": [], ""cfs"": []}",,ok
786,2023,260548.502,,,259137.192,19531.06,,,,,1488.537,,,,,,thousands,0.001,,"{""sfp"": [31, 30, 32], ""pl"": [], ""cfs"": []}",,ok
786,2024,260515.343,24173.777,236341.566,257401.183,24173.777,,,,5658.848,489.215,,,,,,thousands,0.001,,"{""sfp"": [34, 33, 35], ""pl"": [], ""cfs"": []}",L5,review
786,2025,299263.512,27503.917,271759.595,284719.357,27503.917,,,,35418.029,,,,,,,thousands,0.001,,"{""sfp"": [32, 31, 33], ""pl"": [], ""cfs"": []}",,ok
AABS,2013,4210282.0,2155256.0,,1975386.0,2155256.0,5823931,-5021685,802246,287545,178979.0,990359.0,,,-68745,831528,thousands,1.0,,"{""sfp"": [21, 20, 22], ""pl"": [22, 21, 23], ""cfs"": [24, 23, 25]}",L4,review
AABS,2014,4397221,2170983,2226238,2259113,2108121,5520740,4739773,780967,298153,17394,1435926,1912669,173623,-86174,366724,thousands,1.0,,"{""sfp"": [22], ""pl"": [23], ""cfs"": [25]}",,ok
AABS,2015,,,,,,,,,494935,,,,,,,thousands,1.0,,"{""sfp"": [21], ""pl"": [23], ""cfs"": []}",,ok
AABS,2016,3312931,977823,2335108,1416134,903707,5793851,5030190,763661,457883,58365,707135,1683380,329884,-441564,899014,thousands,1.0,,"{""sfp"": [24], ""pl"": [25], ""cfs"": [27]}",,ok
AABS,2017,5171144,2662786,2508358,2863187,2559698,5327415,4816150,511265,142976,23583,1962675,1586688,173623,-154933,-1565881,thousands,1.0,,"{""sfp"": [25], ""pl"": [26], ""cfs"": [28]}",,ok
AABS,2018,5606577,2012603,3593974,3426588,1902859,7494077,-5420785,2073292,1293780,112007,1905094,,,,,thousands,1.0,,"{""sfp"": [31], ""pl"": [32], ""cfs"": []}",L5,review
AABS,2019,6412617.0,,,4594512.0,3093325.0,7164862,-5399707,1765155,1111978,124131.0,1346695.0,,,-1201378,1282544,thousands,1.0,,"{""sfp"": [31, 30, 32], ""pl"": [32, 31, 33], ""cfs"": [35, 34, 36]}",,ok
AABS,2020,6489242,3094592,3394650,4608593,2916423,8153544,-6048271,2105273,1244347,535692,1069294,,,-1205863,2610396,thousands,1.0,,"{""sfp"": [33, 32, 34], ""pl"": [34, 33, 35], ""cfs"": [37, 36, 38]}",,ok
AABS,2021,7188527,3817999,3370528,5456308,3759819,7378402,-6196389,1182013,751929,60773,2323584,,,-689280,-1428161,thousands,1.0,,"{""sfp"": [35, 34, 36], ""pl"": [36, 35, 37], ""cfs"": [39, 38, 40]}",,ok
AABS,2022,9371012,4765359,4605653,7741486,4745320.0,10362184,-8023252,2338932,1913689,63552.0,3101107.0,,,-603554,307288,thousands,1.0,,"{""sfp"": [38, 37, 39], ""pl"": [39, 38, 40], ""cfs"": [42, 41, 43]}",,ok
AABS,2023,12445606,5522782,6922824,10855945,5387001,14569235,-9594352,4974883,3684617,67929,3836955,,,-1374689,2485724,thousands,1.0,,"{""sfp"": [40, 39, 41], ""pl"": [41, 40, 42], ""cfs"": [44, 43, 45]}",,ok
AABS,2024,12145945,4144713,8001232,10510985,4080515,16507771,-12896144,3611627,1550682,74877,5019124,,,-537077,-845766,thousands,1.0,,"{""sfp"": [43, 42, 44], ""pl"": [44, 43, 45], ""cfs"": [47, 46, 48]}",L5;L2,review
AABS,2025,13903797,5509295,8394502,11931888,5319796,15611723,-12868671,2743052,1270362,1347627,2375453,,,-1069728,8186804,thousands,1.0,,"{""sfp"": [41, 40, 42], ""pl"": [42, 41, 43], ""cfs"": [45, 44, 46]}",,ok
ABL,2014,,,,,,,,,,,,,,,60752,thousands,1.0,,"{""sfp"": [65, 154, 161], ""pl"": [66, 155, 164], ""cfs"": [68, 156]}",,ok
ABL,2015,,902409.0,89256.0,,,,,,15120.0,,,,,,,thousands,1.0,,"{""sfp"": [69], ""pl"": [70, 71], ""cfs"": [72]}",,ok
ABL,2018,27304506,24959509,2344997,,,1257179,,,655849,2111510,,,,,,thousands,1.0,,"{""sfp"": [110, 185, 200], ""pl"": [111, 186, 201], ""cfs"": [113, 112, 114, 203]}",,ok
ABL,2019,1350598909,1243294076,107304833,,,,,,,101763469,,,,,,thousands,1.0,,"{""sfp"": [116, 172, 210, 211], ""pl"": [117, 211, 210], ""cfs"": [119, 118, 120, 213]}",L3,ok
ABL,2020,1590458015,1458897908,131560107,,,,,,,135628398,,,,,,thousands,1.0,,"{""sfp"": [136, 190, 191, 192, 193], ""pl"": [137], ""cfs"": [139]}",,ok
ABL,2022,2250972858,2123161450,127811408,,,,,,,91352894,,,,,,thousands,1.0,,"{""sfp"": [182, 209, 235, 238, 239, 240, 266, 280], ""pl"": [183, 209, 281, 235, 238, 239, 240, 284], ""cfs"": [186]}",,ok
ABL,2024,,,,,,11834684,,,8787405,,,,,,,thousands,1.0,,"{""sfp"": [107, 140, 161], ""pl"": [107, 141, 153], ""cfs"": [109]}",,ok
ABOT,2013,11168004,2420739,8747265,7898590,2217177,17217258,10595612,6621646,2528849,3897051,2762690,3183735,293701,-683572,2483858,thousands,1.0,,"{""sfp"": [40], ""pl"": [41], ""cfs"": [42]}",,ok
ABOT,2014,13765595.0,2893995.0,10871600.0,10319128.0,2670042.0,19692354.0,,7550142.0,2816312.0,6381381,2823007.0,,-682607,-682607,3331081,thousands,1.0,,"{""sfp"": [97, 99], ""pl"": [108], ""cfs"": [80, 122]}",L2.5;L2.5;L2.5,review
ABOT,2015,16488275,3539028,12949247,12380092,3319884,21170446,12943213,8227233,3586736,8320913,2908690,,,-1444148,4062034,thousands,1.0,,"{""sfp"": [99, 98, 100], ""pl"": [101, 100, 102], ""cfs"": [103, 102, 104]}",,ok
ABOT,2016,17645184,3051944.0,14593240.0,13122151,2848467.0,23387915,14020416,9367499,4021792,7944429,3575927,,,-2931033,3119545,thousands,1.0,,"{""sfp"": [103, 102, 104], ""pl"": [105, 104, 106], ""cfs"": [107, 106, 108]}",,ok
ABOT,2017,19236259,4880424.0,14355835.0,13743937,4654527.0,26088233,15999247,10088986,4205232,8571721,3475745,,,-3904925,5764509,thousands,1.0,,"{""sfp"": [107, 106, 108], ""pl"": [109, 108, 110], ""cfs"": [111, 110, 112]}",,ok
ABOT,2018,20281257,7046246.0,13235011.0,12998131,6617122.0,29719279,19944014,9775265,2694333,5678136,4428893,,,-3882930,2937218,thousands,1.0,,"{""sfp"": [119, 118, 120], ""pl"": [121, 120, 122], ""cfs"": [123, 122, 124]}",,ok
ABOT,2019,20752680,7380287,13372393,12337862,6842951,30155875,21628135,8527740,1299885,2757519,6049215,,,-996386,-160128,thousands,1.0,,"{""sfp"": [135, 134, 136], ""pl"": [137, 136, 138], ""cfs"": [139, 138, 140]}",L2.5;L2.5,review
ABOT,2020,24915744,9325492.0,15590252.0,15701737,6833822.0,35283377,23061526,12221851,4535249,7488881,4981489,,,2201291,8147958,thousands,1.0,,"{""sfp"": [137, 136, 138, 139], ""pl"": [139, 138, 140], ""cfs"": [141, 140, 142, 112]}",,ok
ABOT,2021,28567747,11213109,17354638,18432447,9343382,42569856,26494583,16075273,5967057,819347,6721491,,,-4397642,7823060,thousands,1.0,,"{""sfp"": [141, 140, 142, 143], ""pl"": [143, 142, 144], ""cfs"": [145, 144, 146, 114]}",,ok
ABOT,2022,33919795,16813766.0,17106029.0,21828890,14607276.0,49257722,34731760,14525962,3004186,7966029,8515228,,,-1016082,3796911,thousands,1.0,,"{""sfp"": [179, 178, 180], ""pl"": [181, 180, 182], ""cfs"": [183, 182, 184, 162]}",,ok
ABOT,2023,36693445,18456099,18237346,23199218,16835213,55475270,43626803,11848467,261777,4541712,12826865,,,-1374413,-62304,thousands,1.0,,"{""sfp"": [129, 128, 130], ""pl"": [131, 130, 132], ""cfs"": [133, 132, 134, 115]}",,ok
ABOT,2024,37651158,,23724636.0,23261662,11660211.0,68177197,-48439489,19737708,5234233,6182349,10694515,,,-1030464,4674063,thousands,1.0,,"{""sfp"": [103, 102, 104], ""pl"": [105, 104, 106], ""cfs"": [107, 106, 108, 91]}",,ok
ABOT,2025,46816196,15190739,31625457,30993316,13376154,75397732,-48945569,26452163,7966500,13337551,12447838,,,-971563,10740307,thousands,1.0,,"{""sfp"": [105, 104, 106], ""pl"": [107, 106, 108], ""cfs"": [109, 108, 110]}",,ok
ACPL,2013,10705596,2758945,7946651,4630800,1674350,11507706,-7972732,3534974,2136085,389014,564899,,,,,thousands,1.0,,"{""sfp"": [51, 50, 52], ""pl"": [52, 51, 53], ""cfs"": [53, 52, 54]}",,ok
ACPL,2014,11926002,3479949,8446053,5719758,2223867,12547251,-8843288,3703963,2014065,467835,523402,,,,,thousands,1.0,,"{""sfp"": [51, 50, 52], ""pl"": [52, 51, 53], ""cfs"": [53, 52, 54]}",,ok
ACPL,2015,12234538,3299404,8935134,6131635,2225734,13086120,-8689940,4396180,2205651,858698,763715,,,,,thousands,1.0,,"{""sfp"": [59, 58, 60], ""pl"": [60, 59, 61], ""cfs"": [61, 60, 62]}",,ok
ACPL,2016,14426400,3979557,10446843,7196874,2740679,13918340,-8331840,5586500,2890023,581318,599753,,,,,thousands,1.0,,"{""sfp"": [67, 66, 68], ""pl"": [68, 67, 69], ""cfs"": []}",L5,review
ACPL,2017,20709380,8761745,11947635,3171362,5953512,14735172,-8842960,5892212,3034057,121847,456601,16660338,1546054,-1430045,2566142,thousands,1.0,,"{""sfp"": [66], ""pl"": [67], ""cfs"": [68]}",,ok
ACPL,2018,26406054,11533419,14872635,6728950,7698033,16884411,-11697583,5186828,4399784,324936,3649066,17962931,,-1544647,1987487,thousands,1.0,,"{""sfp"": [78], ""pl"": [79], ""cfs"": [81]}",,ok
ACPL,2019,27316604,11217145,16099459,7646946,8403569,20780934,-15978032,4802902,2073201,302586,3395522,,,-914996,1403483,thousands,1.0,,"{""sfp"": [67, 66, 68], ""pl"": [68, 67, 69], ""cfs"": [70, 69, 71]}",,ok
ACPL,2020,27422444,10869788,16552656,8169634,9146307,18500574,-14251503,4249071,1107491,785559,3465940,17255963,,,,thousands,1.0,,"{""sfp"": [73, 72, 74, 133], ""pl"": [74, 73, 75], ""cfs"": []}",,ok
ACPL,2021,32656963,15456421,17200542,11148292,11158990,21244562,-16601998,4642564,1107352,591414,3642496,,,-480737,3140108,thousands,1.0,,"{""sfp"": [77, 76, 78, 121], ""pl"": [78, 77, 79, 122], ""cfs"": [80, 79, 81, 124]}",,ok
ACPL,2022,39244281,21752743,17491538,10479354,11379910,20479142,-16776783,3702359,1121591,924798,5404313,,,-823814,1035661,thousands,1.0,,"{""sfp"": [77, 76, 78, 125], ""pl"": [78, 77, 79, 126], ""cfs"": [80, 79, 81, 128]}",L5,review
ACPL,2023,43667268,24698754,18968514,10565670,14226488,25477355,-19803310,5674045,1516062,1015016,3815145,,,-206287,4881075,thousands,1.0,,"{""sfp"": [85, 84, 86], ""pl"": [86, 85, 87], ""cfs"": [88, 87, 89]}",L5,review
ACPL,2024,53174029,31657386,21516643,12108218,20216579,28536528,-23242515.0,5294013.0,3566522.0,954821,6552573,,,-1167403,-1854594,thousands,1.0,,"{""sfp"": [79, 78, 80], ""pl"": [80, 79, 81], ""cfs"": [82, 81, 83]}",L5;L5,review
ACPL,2025,50421714.0,27920835.0,,16093796.0,17221714.0,33309080,-25336268,7972812,1731091,1388582.0,7652895.0,,,-549322,-394093,thousands,1.0,,"{""sfp"": [77, 76, 78], ""pl"": [78, 77, 79], ""cfs"": [80, 79, 81]}",,ok
ADAMS,2013,3577389.528,2893042.375,684347.153,2168867.057,2045033.775,,,,84284.533,66925.706,1788783.932,1408055.187,,-12626.097,-411626.625,thousands,0.001,,"{""sfp"": [16, 17], ""pl"": [18], ""cfs"": [19]}",,ok
ADAMS,2014,3457298.947,2299926.143,1157372.804,1925292.514,1911588.683,3174410.211,-3005957.329,168452.882,30377.42,100411.514,1278925.726,1531781.049,,-13956.117,-115926.257,thousands,0.001,,"{""sfp"": [14, 30], ""pl"": [15, 16, 36], ""cfs"": [17, 18]}",,ok
ADAMS,2015,2551804.95,1456093.084,1095711.866,1068371.082,1177109.994,2451996.557,2588099.968,-136103.411,-70500.029,70381.344,591936.327,1483401.468,,,615718.356,thousands,0.001,,"{""sfp"": [9, 34], ""pl"": [26, 27, 28, 35, 36], ""cfs"": [37, 38]}",,ok
ADAMS,2016,2287716.741,1069005.428,1218711.313,756492.274,892509.407,3261246.962,-2948835.097,312411.865,124459.437,40453.287,82055.819,1531192.067,,,455742.665,thousands,0.001,,"{""sfp"": [14, 30], ""pl"": [15, 16], ""cfs"": [17, 18]}",L2,ok
ADAMS,2017,4063898.954,2910740.101,1153158.853,2483040.895,2684567.848,1849979.187,-1787402.927,62576.26,-2988.34,75856.27,129060.805,1580825.659,,,,thousands,0.001,,"{""sfp"": [8, 7, 9], ""pl"": [], ""cfs"": []}",,ok
ADAMS,2018,3700987.123,2575709.596,1125277.527,1886327.557,2171178.942,3762793.904,-3658075.471,104718.433,-30738.65,28661.326,1244944.64,1814627.166,,,348954.042,thousands,0.001,,"{""sfp"": [24, 40, 44], ""pl"": [10, 25, 26, 51], ""cfs"": [27]}",L2,ok
ADAMS,2019,6495309.588,3102687.799,3392621.789,1379853.536,2105312.259,2314623.158,-2295798.406,18824.752,-214691.988,70088.017,928868.777,5115423.652,,,,thousands,0.001,,"{""sfp"": [23, 22, 24], ""pl"": [], ""cfs"": []}",,ok
ADAMS,2020,5856721.734,,,957324.688,1229502.769,,-2846000.169,707990.838,,100036.414,,,,,,thousands,0.001,,"{""sfp"": [26, 25, 27], ""pl"": [], ""cfs"": []}",,ok
ADAMS,2021,6077552.99,,,1232562.662,1299494.209,,-2470296.287,410301.913,195674.295,191784.566,,,,,,thousands,0.001,,"{""sfp"": [26, 25, 27], ""pl"": [], ""cfs"": []}",,ok
ADAMS,2022,6852140,2974373,3877767,1796882,1967132,5422523,-4743906,678617,158390.0,64817,1191001,4966579,,33517,185840,thousands,1.0,,"{""sfp"": [12], ""pl"": [13, 14], ""cfs"": [16]}",,ok
ADAMS,2023,8811342.008,3327740.395,5483601.613,2272819.931,2032017.367,5426394.318,-4785332.133,641062.185,117517.0,35231.198,1827839.307,6532712.172,,-68120.688,252650.239,thousands,0.001,,"{""sfp"": [16, 23, 24], ""pl"": [17, 35, 36, 37], ""cfs"": [20]}",,ok
ADAMS,2024,10543512.258,5286016.982,5257495.276,4090272.269,3918962.656,8055242.392,-7130102.302,925140.09,73085.0,53025.872,3249144.346,6418184.008,,-59612.796,-1731276.825,thousands,0.001,,"{""sfp"": [10], ""pl"": [11, 12], ""cfs"": [14]}",,ok
ADAMS,2025,8531686.519,3434169.724,5097516.795,1869816.562,1723646.207,10841042.745,-10127300.649,713742.096,46133.837,26807.24,801926.516,6651978.276,,-25479.484,2066459.645,thousands,0.001,,"{""sfp"": [9, 31], ""pl"": [10, 11, 42, 43, 44], ""cfs"": [13]}",,ok
ADMM,2014,7623904,2821122,4802782,3260042,2695349,6467591,-5318461,1149130,852497,,1096838,4354435,,-83892,575843,thousands,1.0,,"{""sfp"": [23, 37, 38, 44], ""pl"": [24, 25, 47], ""cfs"": [26]}",,ok
ADMM,2015,7586987,2130334,5456653,2883781,1887718,6998644,-5820302,1178342,743546,27385,1032582,4694984,,-83880,1305987,thousands,1.0,,"{""sfp"": [25, 40, 41], ""pl"": [26, 27, 48, 50, 51], ""cfs"": [28]}",,ok
ADMM,2017,9470497,3711592,5758905,4000305,2898085,,-6166863.0,739663.0,,63232,1361115,,,,,thousands,1.0,,"{""sfp"": [32, 31, 33], ""pl"": [], ""cfs"": []}",,ok
ADMM,2018,10099541,,6100145,4781427,3162182,,-7448166.0,791820.0,,86896,1717868,5304706,,,,thousands,1.0,,"{""sfp"": [38, 37, 39], ""pl"": [], ""cfs"": []}",,ok
ADMM,2019,,,,7040204.0,4743021.0,,-6879080.0,888100.0,,1196961.0,2445741.0,,,,,thousands,1.0,,"{""sfp"": [38, 37, 39], ""pl"": [], ""cfs"": []}",,ok
ADMM,2020,14679528,8067818,6611620,8582068,6099011,,-7314029.0,626542.0,,884428,321958,,,,,thousands,1.0,,"{""sfp"": [44, 43, 45], ""pl"": [], ""cfs"": []}",L5,review
ADMM,2021,,,,9769005.0,7957706.0,,-8701443.0,1111733.0,,370701.0,5100011.0,,,,,thousands,1.0,,"{""sfp"": [50, 49, 51], ""pl"": [], ""cfs"": []}",,ok
ADMM,2022,20080000,12840251,7239749,10403440,8903481,,-15081277.0,1271630.0,,629129.0,5106292.0,,,,,thousands,1.0,,"{""sfp"": [46, 45, 47], ""pl"": [], ""cfs"": []}",,ok
ADMM,2023,22893798,14800487,8093311,11089621,9577369,,-14153038.0,2919697.0,,1173574,5469336,,,,,thousands,1.0,,"{""sfp"": [48, 47, 49], ""pl"": [], ""cfs"": []}",,ok
ADMM,2024,22833808,14734562,8099246,10962287,11619897,,-18370061.0,2440325.0,,692466,5245029,,,,,thousands,1.0,,"{""sfp"": [51, 50, 52], ""pl"": [], ""cfs"": []}",L5,review
ADMM,2025,,,,13327769.0,14309401.0,,-17288437.0,1118644.0,,595922.0,7312730.0,,,,,thousands,1.0,,"{""sfp"": [51, 50, 52], ""pl"": [], ""cfs"": []}",,ok
ADOS,2013,877807.558,603359.157,274448.401,824414.263,598237.496,1061079.414,787999.069,273080.345,98331.345,298688.675,6058.337,45460.664,,,150015.114,thousands,0.001,,"{""sfp"": [17, 24], ""pl"": [18], ""cfs"": [20]}",,ok
ADOS,2014,796485.123,532927.747,263557.376,732654.655,526896.527,724179.272,-600376.162,123803.11,6582.543,232119.221,379691.302,4549.489,,-18369.542,-50847.363,thousands,0.001,,"{""sfp"": [18], ""pl"": [19, 20], ""cfs"": [22]}",,ok
ADOS,2015,659039.228,391519.957,267519.271,611023.349,384967.433,,,105078.851,4068.202,92640.971,66335.924,,,,,thousands,0.001,,"{""sfp"": [16, 15, 17], ""pl"": [], ""cfs"": []}",,ok
ADOS,2016,475921.56,235394.044,240527.516,398194.022,228437.493,613951.665,-518784.358,95167.307,5706.814,48677.491,66770.116,70906.597,,-32913.0,20103.931,thousands,0.001,,"{""sfp"": [17], ""pl"": [18], ""cfs"": [21]}",,ok
ADOS,2017,436168.108,228275.824,207892.284,351641.844,223180.062,427290.524,-334995.3,92295.224,-32357.445,22119.421,58305.499,60541.561,,,-28646.834,thousands,0.001,,"{""sfp"": [8, 20], ""pl"": [21, 22], ""cfs"": [24]}",,ok
ADOS,2018,292153.428,177414.214,114739.214,236462.109,171501.084,107962.144,-94149.393,13812.751,-91983.625,12560.051,55481.7,54786.722,,,-6238.836,thousands,0.001,,"{""sfp"": [9, 26], ""pl"": [27, 28], ""cfs"": [29]}",,ok
ADOS,2019,280028.822,233342.445,46686.377,231427.237,227019.497,38068.978,-37754.419,314.559,-68562.908,1561.811,75310.663,46026.125,,,-8951.822,thousands,0.001,,"{""sfp"": [30], ""pl"": [31, 32], ""cfs"": [33]}",,ok
ADOS,2020,264980.487,245597.162,19383.325,209397.332,227273.503,73893.573,-63730.121,10163.452,-28223.97,1697.333,57294.108,39327.195,,,259.762,thousands,0.001,,"{""sfp"": [15, 19, 35], ""pl"": [21, 36, 37], ""cfs"": [38]}",,ok
ADOS,2021,196305.072,194871.019,1434.053,155309.661,180341.105,21820.97,-27700.571,-5879.601,-17281.393,1637.342,57092.244,29253.911,,,3338.333,thousands,0.001,,"{""sfp"": [35, 51], ""pl"": [36, 37], ""cfs"": [39]}",L3,ok
ADOS,2022,231447.61,122287.402,109160.208,205837.669,116664.632,146198.787,-157999.937,-11801.15,109684.181,57712.313,,19118.292,,,-139920.311,thousands,0.001,,"{""sfp"": [34], ""pl"": [19, 35, 36, 44], ""cfs"": [38]}",L3,ok
AEL,2013,163459.732,36683.874,126775.858,46306.807,34254.582,152998.088,-164085.267,-11087.179,-14583.578,824.343,10230.455,117142.375,,,-9654902,thousands,0.001,,"{""sfp"": [13], ""pl"": [14, 15, 31], ""cfs"": [16]}",,ok
AEL,2014,165200.9,36748.922,128451.978,35637.782,35184.42,54445.177,-73822.476,-19377.299,-30617.278,885.475,12310.381,129563.118,,,-3200935,thousands,0.001,,"{""sfp"": [11], ""pl"": [12, 13, 30], ""cfs"": [14]}",,ok
AEL,2015,196141.059,74552.697,121588.362,56275.418,72139.677,119381.13,-122903.894,-3522.764,-6025.509,1190.955,24198.301,139865.641,,,16961500,thousands,0.001,,"{""sfp"": [13], ""pl"": [14, 15], ""cfs"": [16]}",,ok
AEL,2016,199775.204,55540.185,144235.019,47762.076,52651.332,235990.952,-226219.709,9771.243,11304.548,1883.507,12086.899,152013.128,,,5272714,thousands,0.001,,"{""sfp"": [13], ""pl"": [14, 15, 30], ""cfs"": [16, 31]}",,ok
AEL,2017,207127.853,51933.947,155193.906,51085.832,48539.895,241919.51,-228534.165,13385.345,11212.657,776.178,8024.045,156031.471,,,1094524,thousands,0.001,,"{""sfp"": [20], ""pl"": [21, 22], ""cfs"": [23]}",L2,ok
AEL,2018,193694.747,54382.278,139312.469,37166.371,50544.583,227473.076,-242277.425,-14804.349,-19146.112,1181.259,12107.316,156517.826,,,,thousands,0.001,,"{""sfp"": [21, 20, 22], ""pl"": [], ""cfs"": []}",L5;L2,review
AEL,2019,190315.082,66058.518,124256.564,35772.116,60617.753,6252.057,-17436.713,-11184.656,-15683.529,327.911,11203.567,154532.416,,,,thousands,0.001,,"{""sfp"": [22, 21, 23], ""pl"": [], ""cfs"": []}",L3;L2,ok
AEL,2020,174727.833,77477.043,97250.79,31271.563,69841.763,0.0,-16321.535,-16321.535,-25859.211,520.653,11203.567,143445.72,,,,thousands,0.001,,"{""sfp"": [30, 29, 31], ""pl"": [], ""cfs"": []}",L2,ok
AEL,2021,161735.915,85279.807,76456.108,14948.359,77442.929,2927.129,-23889.354,-20962.225,-40356.942,938.388,22.843,146777.006,,,,thousands,0.001,,"{""sfp"": [31, 30, 32], ""pl"": [], ""cfs"": []}",,ok
AEL,2023,66972.21,907.377,66064.833,66922.784,901.509,32149.504,-28540.103,3609.401,2438.087,62651.761,0.0,49.426,,,,thousands,0.001,,"{""sfp"": [], ""pl"": [], ""cfs"": []}",L3,ok
AGHA,2021,35410715,21599931,13810784,17781649,13888862,,-15355724,4502519,2035997,833205,9505307,,,,761440,thousands,1.0,,"{""sfp"": [119, 118, 120], ""pl"": [120, 119, 121], ""cfs"": [122, 121, 123]}",,ok
AGHA,2022,41477286,25811732,15665554,21802217,19241193,,-20157658,5490289,1854770,215063,12299705,,,,-1803774,thousands,1.0,,"{""sfp"": [113, 112, 114], ""pl"": [114, 113, 115], ""cfs"": [116, 115, 117]}",,ok
AGHA,2023,,,,,,,21769233.0,,904896.0,,,,,,,thousands,1.0,,"{""sfp"": [58], ""pl"": [58, 57, 59], ""cfs"": [59, 58, 60]}",,ok
AGHA,2024,59987317.0,,,27646922.0,54032522.0,,,,,239134.0,3545206.0,,,,,thousands,1.0,,"{""sfp"": [58, 57, 59], ""pl"": [58, 57, 59], ""cfs"": [59, 58, 60]}",,ok
AGHA,2025,55707652,34780830,20926822,10400466,30669464,10674618,-12652104,,,,,,,,,thousands,1.0,,"{""sfp"": [53], ""pl"": [53], ""cfs"": [54, 53, 55]}",,ok
AGIC,2014,2497948.431,1718413.332,779535.099,2448627.445,,,,,125959.037,133968.902,,49320.986,,,28954.695,thousands,0.001,,"{""sfp"": [22, 29, 37, 38, 74, 78], ""pl"": [30, 39, 44, 45], ""cfs"": [40, 41]}",,ok
AGIC,2015,2841701,1863604,975777,1360156,,,,,104032,115264,,99524,,,120099,thousands,1.0,,"{""sfp"": [47, 48, 49], ""pl"": [56], ""cfs"": [50, 51]}",L2,ok
AGIC,2016,3726578.0,2316946,1385172,,,,,,236805.0,,,,,,,thousands,1.0,,"{""sfp"": [57, 56, 58, 125], ""pl"": [59, 58, 60, 127], ""cfs"": [60, 59, 61, 128, 129]}",,ok
AGIC,2018,4854565,,,,,,,,295767.0,147175,,,,,,thousands,,,"{""sfp"": [35, 109], ""pl"": [37, 36, 38], ""cfs"": [38, 37, 39, 110, 111]}",,ok
AGIC,2020,5868254,3686321,2181933,,,1860234,992058,,395158,231797,,382719,-177809,,206117,thousands,1.0,,,L2,ok
AGIC,2024,8429010,5256820,3172190,,,3403927,,,655900.0,430664,,,,,,thousands,1.0,,"{""sfp"": [76, 75, 77, 153, 154, 231, 233], ""pl"": [77, 76, 78, 155, 223], ""cfs"": [78, 77, 79, 156, 157, 234, 235]}",L2,ok
AGIC,2025,11697481,7402175,4295306,,,,,,694672.0,824247,,,,,,thousands,1.0,,"{""sfp"": [80, 79, 81, 157, 158, 237, 239], ""pl"": [81, 80, 82, 159, 222], ""cfs"": [82, 81, 83, 160, 161, 240, 241]}",,ok
AGIL,2014,3100947,291330,2809617,1493000,230275,3158800,-2647581,510937,308238,135344,442487,573393,,-156461,615687,thousands,1.0,,"{""sfp"": [29, 57, 59], ""pl"": [18, 43, 58], ""cfs"": [32, 60]}",,ok
AGIL,2015,3545185,394507,3150678,1894513,339730,4923276,-3934624,988652,485061,232213,699597,616118,,-142446,208890,thousands,1.0,,"{""sfp"": [29], ""pl"": [25, 30, 31], ""cfs"": [32]}",,ok
AGIL,2017,4697482,625319,4072163,3078484,533006,,-5697055.0,1418241.0,745629,349541,1087399,,,-249150,644675,thousands,1.0,,"{""sfp"": [2, 1, 3], ""pl"": [3, 2, 4], ""cfs"": [5, 4, 6]}",,ok
AGIL,2018,4350025.0,,,2524299.0,462267.0,6112980,-4997062,1115918,520407,230264.0,964242.0,,,,,thousands,1.0,,"{""sfp"": [49, 48, 50, 81], ""pl"": [50, 49, 51], ""cfs"": []}",,ok
AGIL,2019,4668978.0,,,2725083.0,520314.0,7122487,-6043822,1078665,603012,135948.0,1085156.0,,,,,thousands,1.0,,"{""sfp"": [49, 48, 50, 85], ""pl"": [50, 49, 51], ""cfs"": []}",,ok
AGIL,2020,4682375,770975,3911400,2515891,762263,3768756,-3598810,169946,-29798,70615,1385313,923248,,199624,309951,thousands,1.0,,"{""sfp"": [55], ""pl"": [56, 57], ""cfs"": [59]}",,ok
AGIL,2021,5408945.0,,,3371767.0,1005642.0,6969981,-6033433,936548,651398,165517.0,1056905.0,,,-170530,177549,thousands,1.0,,"{""sfp"": [59, 58, 60, 98], ""pl"": [60, 59, 61, 101], ""cfs"": [63, 62, 64, 97]}",,ok
AGIL,2022,6695539,2174332,4521207,,2109740.0,,,,304009,,,,172800,-171999,-333263,thousands,1.0,,"{""sfp"": [29, 28, 30, 49], ""pl"": [29, 28, 30, 49], ""cfs"": [31, 30, 32]}",,ok
AGIL,2023,,,,,2248959.0,,,,,,,,,,2018201,thousands,1.0,,"{""sfp"": [34, 33, 35], ""pl"": [34, 33, 35], ""cfs"": [58, 57, 59]}",,ok
AGIL,2024,6380988,2179782,4201206,3251418,1868259,5927227,-5719402,207825,304009.0,131038,1518452,,,,50176,thousands,1.0,,"{""sfp"": [53, 52, 54], ""pl"": [54, 53, 55], ""cfs"": [57, 56, 58]}",,ok
AGIL,2025,7096134,2795953,4300181,4031164,2558624,7762170,7404776,357394,98975,39785,2158766,,,,,thousands,1.0,,"{""sfp"": [40, 39, 41], ""pl"": [40, 39, 41], ""cfs"": [42, 41, 43]}",L5;L5,review
AGL,2014,49646470.016,39734683.534,9911786.482,4028041.556,24133577.77,2794627.675,-3882892.983,-1088265.308,-4303974.35,428754.421,348727.103,42967113.632,,,-353547090,thousands,0.001,,"{""sfp"": [17, 27, 32, 33, 48, 68], ""pl"": [34, 59], ""cfs"": [36]}",,ok
AGL,2015,48984232.641,42084293.341,6899939.3,4426809.756,30123250.816,3542570.27,-4252903.869,-710333.599,-3490217.353,483287.466,630947.812,41896367.476,,,135452468,thousands,0.001,,"{""sfp"": [25, 29, 30, 66, 67], ""pl"": [31, 69], ""cfs"": [33, 73]}",,ok
AGL,2017,47088681.193,47161242.967,-72561.774,4678308.268,40533935.59,3551518.706,-4781882.062,-1230363.356,-4308414.92,197675.177,386158.732,39773629.288,,,,thousands,0.001,,"{""sfp"": [35, 34, 36], ""pl"": [], ""cfs"": []}",L3;L2,ok
AGL,2018,46209441.515,,,4989660.677,45988959.989,4533316.414,-4841635.211,-308318.797,-3343673.076,326555.713,293320.595,,,,,thousands,0.001,,"{""sfp"": [41, 40, 42], ""pl"": [], ""cfs"": []}",,ok
AGL,2019,69135918.719,58399826.34,10736092.379,6465950.584,45387759.351,12174418.992,-10643275.951,,-652776.856,562498.956,787565.071,,,,,thousands,0.001,,"{""sfp"": [38, 37, 39], ""pl"": [], ""cfs"": []}",,ok
AGL,2020,67176553.699,60735889.768,6440663.931,6002523.11,48510161.439,5699723.002,-6872441.922,-1172718.92,-4296900.455,795338.651,456581.089,58535893.173,,,,thousands,0.001,,"{""sfp"": [38, 37, 39], ""pl"": [], ""cfs"": []}",,ok
AGL,2021,67216573.663,63460781.229,3755792.434,7611147.354,52273464.344,10100923.848,-9691405.911,,-2681237.69,1083835.283,362453.998,,,,,thousands,0.001,,"{""sfp"": [40, 39, 41], ""pl"": [], ""cfs"": []}",,ok
AGL,2022,81470498.981,69486319.114,11984179.867,8905564.417,56465902.034,17296183.225,-15174621.258,,-2953326.22,529052.926,1063281.066,,,,,thousands,0.001,,"{""sfp"": [42, 41, 43], ""pl"": [], ""cfs"": []}",L5,review
AGL,2023,84727537.599,71654.968,,14636372.047,57289535.599,22172162.439,-17773662.239,,,520430.413,1185544.326,,,,,thousands,0.001,,"{""sfp"": [154, 153, 155], ""pl"": [], ""cfs"": []}",,ok
AGL,2024,85008015.759,75275876.059,9732139.7,18225568.759,41415685.366,31306773.227,-25040969.778,6265803.449,1085792.0,423027.333,4398932.477,66694254.492,,,1328716.811,thousands,0.001,,,,ok
AGP,2018,8963390.11,2595764.726,,1868176.072,1344612.978,,-2341405.914,,,24423.219,797016.723,,,,,thousands,0.001,,"{""sfp"": [51, 50, 52], ""pl"": [], ""cfs"": []}",,ok
AGP,2019,9601620,2138721,7462899,2216487,1350736,6253239,-2594117,,1446388,117154.0,,,,-380087,1507220,thousands,1.0,,"{""sfp"": [75, 74, 76], ""pl"": [75, 74, 76], ""cfs"": [69]}",L5;L5,review
AGP,2020,10190666.0,1980340.0,8210326.0,2575451.0,1508118.0,6946355.0,-3085723.0,3860632.0,1587427.0,369780.0,1184441.0,2203001.0,,,,thousands,1.0,,"{""sfp"": [75, 74, 76], ""pl"": [75, 74, 76], ""cfs"": [68]}",,ok
AGP,2022,12829078,2605793,10222285,3651073,2432848,10262015,-5039401,5272614,1428034,149647,1875333,3015016,,-699891,734901,thousands,1.0,,"{""sfp"": [103], ""pl"": [104, 105], ""cfs"": [107]}",,ok
AGP,2023,17098365.0,6232888.0,10863471.0,5092591.0,3941825.0,13857770.0,-7715386.0,6142384.0,1190186.0,122783.0,2525624.0,3484485.0,,-659942,1712341,thousands,1.0,,"{""sfp"": [], ""pl"": [], ""cfs"": [109]}",,ok
AGP,2024,29349150.0,14780838.0,14568312.0,7461699.0,11923035.0,25033043.0,-10482268.0,14551375.0,2960630.0,650728.0,4114397.0,4288790.0,,-899835,2183015,thousands,1.0,,"{""sfp"": [], ""pl"": [], ""cfs"": [113]}",,ok
AGSML,2015,3180016.708,,,464544.211,2440282.812,1763890.388,2250359.965,-486469.577,-515794.666,10172.929,351867.278,2714146.332,,,1311072.741,thousands,0.001,,"{""sfp"": [19], ""pl"": [20], ""cfs"": [22]}",,ok
AGSML,2017,,,,,,298565.682,401309.634,-102743.952,54983.527,,,,,,61683.254,thousands,0.001,,"{""sfp"": [19], ""pl"": [20], ""cfs"": [22]}",,ok
AGSML,2018,,,,321762.36,3013829.174,118723.068,363033.35,-244310.282,,4769.532,,,,,,thousands,0.001,,"{""sfp"": [21, 20, 22], ""pl"": [], ""cfs"": []}",,ok
AGSML,2019,4064750.277,3487899.09,576851.887,329753.761,3162514.389,153110.0,,,,5073.665,202181.486,,,,,thousands,0.001,,"{""sfp"": [23, 22, 24], ""pl"": [], ""cfs"": []}",L5;L5,review
AGSML,2020,3826062.137,3458029.35,368032.787,281580.995,3220047.648,58427.35,260827.144,-202399.794,-209298.087,1520.831,150911.486,3542654.977,,,-2032.334,thousands,0.001,,"{""sfp"": [27], ""pl"": [28], ""cfs"": [30]}",,ok
AGSML,2021,3654659.951,3508454.336,146205.615,290774.239,3032482.352,,-200934.146,-200934.146,-222152.349,984.152,150911.486,3362059.547,,,-58125.552,thousands,0.001,,"{""sfp"": [27, 31], ""pl"": [28], ""cfs"": [30]}",,ok
AGSML,2022,3490079.584,3663400.254,-173320.67,296904.631,3118421.384,,195.595,-195.595,-319.537,3069.151,150911.486,3191348.788,,,-55548.794,thousands,0.001,,"{""sfp"": [28], ""pl"": [18, 29], ""cfs"": [31]}",L3,ok
AGSML,2023,3542582.852,3998955.322,-456372.47,150380.664,2874112.92,,,,,3344.71,194.4,3392202.188,,,127919.889,thousands,0.001,,"{""sfp"": [29, 30], ""pl"": [], ""cfs"": [32]}",L3,ok
AGSML,2024,3331556.203,3977099.175,-645542.972,92418.974,2786580.213,,220528.678,-220528.678,-191533.374,1292.593,,3239137.229,,,-103343.958,thousands,0.001,,"{""sfp"": [35, 42], ""pl"": [16, 36], ""cfs"": [39]}",L3,ok
AGSML,2025,3295598.334,4251827.817,-956229.483,85936.08,3037002.613,273713.57,-522251.625,-248538.055,-310716.185,4488.343,3885.126,3209662.254,,,24173.326,thousands,0.001,,"{""sfp"": [11, 30, 43], ""pl"": [31], ""cfs"": [34]}",L3,ok
AGTL,2013,7666154.0,1303433.0,,,1537894.0,14936034.0,,2948515.0,1371490.0,,1082871.0,,,,,thousands,1.0,,"{""sfp"": [36, 35, 37], ""pl"": [36, 35, 37], ""cfs"": []}",,ok
AGTL,2014,9988692,1437197,8551495,9477010,1437197,8780685,-6512542,2268143,1574744,3924709,2160349,466751,,-1219754,1078632,thousands,1.0,,"{""sfp"": [104], ""pl"": [105, 106], ""cfs"": [107]}",,ok
AGTL,2015,6404667,616087,5788580,5789546,549079,9636109,-7136631,2499478,1592283,2330238,2115034,,,-4321698,619833,thousands,1.0,,"{""sfp"": [109, 108, 110], ""pl"": [110, 109, 111], ""cfs"": [112, 111, 113]}",,ok
AGTL,2016,4644316.0,1284847.0,,4084429.0,1202327.0,12098828.0,-8750087.0,3348741.0,1926884.0,1316770.0,1408886.0,,,,,thousands,1.0,,"{""sfp"": [94, 93, 95], ""pl"": [114, 116], ""cfs"": [117]}",,ok
AGTL,2017,5881331.0,3755515.0,,5165311.0,3715742.0,18871448,-13611710,5259738,3123120,1340511.0,2283945.0,,,-3803822,3827376,thousands,1.0,,"{""sfp"": [96, 95, 97], ""pl"": [97, 96, 98], ""cfs"": [99, 98, 100, 66]}",,ok
AGTL,2018,6785457.0,5416060.0,,5951977.0,5299961.0,19372522,-14707038,4665484,2452514,293910.0,3507588.0,,,-3713121,-1155682,thousands,1.0,,"{""sfp"": [134, 133, 135], ""pl"": [135, 134, 136], ""cfs"": [137, 136, 138, 107]}",,ok
AGTL,2019,5475383.0,4571666.0,,4315175.0,4442078.0,13992388,-11447672,2544716,977652,189093.0,2786893.0,,,-1393589,1936798,thousands,1.0,,"{""sfp"": [137, 136, 138], ""pl"": [138, 137, 139], ""cfs"": [140, 139, 141, 109]}",,ok
AGTL,2020,5183444.0,2895322.0,,3973022.0,2849239.0,11935172,-9164670,2770502,1349657,230518.0,2004517.0,,,,2123646,thousands,1.0,,"{""sfp"": [139, 138, 140], ""pl"": [140, 139, 141], ""cfs"": [142, 141, 143, 117]}",,ok
AGTL,2021,9490115,5516848,3973267,8275942,7056570.0,20578906,-15857678,4721228,2957862,1998122.0,2875085.0,,,-1240189,4630496,thousands,1.0,,"{""sfp"": [137, 136, 138], ""pl"": [138, 137, 139], ""cfs"": [140, 139, 141, 115]}",,ok
AGTL,2022,12280729,9148644,3132085,10827170,8990546,28201812,-23239535,4962277,2156044,727990,5263574,1331267,,-537687,-4270631,thousands,1.0,,"{""sfp"": [58, 65, 138, 142], ""pl"": [107, 116, 139, 140], ""cfs"": [117, 118, 121, 141]}",L2,ok
AGTL,2023,14229633,8449408,5780225,12442536,8299836,34543545,-28120477,6423068,2611772,,6084499.0,,,,,thousands,1.0,,"{""sfp"": [87, 86, 88], ""pl"": [87, 86, 88], ""cfs"": [88, 87, 89]}",L5;L5,review
AGTL,2024,20391742.0,11194829.0,,16543272.0,11002538.0,,,,3542275,,5764333.0,,,,-530813,thousands,1.0,,"{""sfp"": [99, 98, 100], ""pl"": [99, 98, 100], ""cfs"": [100, 99, 101, 85]}",,ok
AGTL,2025,18894282.0,8359544.0,,30076521.0,,,,5164884.0,1300813,1448824.0,5903075.0,,,,3783043,thousands,1.0,,"{""sfp"": [107], ""pl"": [105, 104, 106], ""cfs"": [95, 112]}",,ok
AHCL,2013,29970124.49,,24684531.615,2777403.236,2375147.768,2033021.478,,,1365744.929,97200.299,,39593.712,,-825000.0,1981718.037,thousands,0.001,,"{""sfp"": [93, 97, 105, 106, 112], ""pl"": [107, 108], ""cfs"": [87, 109]}",L2,ok
AHCL,2014,33510678.279,7760098.839,25750579.44,3381286.696,3117824.924,,,,,23103.533,,,,,,thousands,0.001,,"{""sfp"": [93, 92, 94, 145], ""pl"": [], ""cfs"": []}",,ok
AHCL,2015,39596881.212,10151949.517,29444931.695,5758238.296,5773125.402,,,,4438753.272,2025281.649,,,,,,thousands,0.001,,"{""sfp"": [89, 88, 90, 143], ""pl"": [], ""cfs"": []}",,ok
AHCL,2016,36764442.758,,,6261883.152,4929691.908,,,,,25033.51,,,,,,thousands,0.001,,"{""sfp"": [101, 100, 102, 155], ""pl"": [], ""cfs"": []}",,ok
AHCL,2017,37735009.679,,30469478.512,7574486.162,4374718.616,,,,,38879.66,,,,,,thousands,0.001,,"{""sfp"": [105, 104, 106, 153], ""pl"": [], ""cfs"": []}",,ok
AHCL,2018,39258276.693,,,11470614.01,6676443.246,,,,820988.305,44484.031,,,,,,thousands,0.001,,"{""sfp"": [112, 111, 113, 164], ""pl"": [], ""cfs"": []}",L5,review
AHCL,2019,26708568.58,,,10114253.749,6960796.88,,,,,426594.984,,,,,,thousands,0.001,,"{""sfp"": [83, 82, 84, 135], ""pl"": [], ""cfs"": []}",,ok
AHCL,2020,18978026.12,,,3453259.41,759124.828,,,,-569875.093,35243.437,,,,,,thousands,0.001,,"{""sfp"": [93, 92, 94, 149], ""pl"": [], ""cfs"": []}",,ok
AHCL,2021,22764012.281,,,6243043.088,1168342.101,,,,,296132.153,,,,,,thousands,0.001,,"{""sfp"": [89, 88, 90, 139], ""pl"": [], ""cfs"": []}",,ok
AHCL,2022,26063819.841,2230100.645,23833719.196,6729566.102,2097371.749,,,,,41034.791,,,,,,thousands,0.001,,"{""sfp"": [92, 91, 93, 142], ""pl"": [], ""cfs"": []}",,ok
AHCL,2023,23814057.751,3344883.756,20469173.995,5821919.762,2813727.728,,,,,40348.417,,,,,,thousands,0.001,,"{""sfp"": [86, 85, 87, 140], ""pl"": [], ""cfs"": []}",,ok
AHCL,2024,38304031.598,4234592.812,34069438.786,11666784.573,2899113.584,,,,,45975.441,,,,,,thousands,0.001,,"{""sfp"": [92, 91, 93], ""pl"": [], ""cfs"": []}",,ok
AHCL,2025,66291797.015,11398891.099,54892905.916,4861811.1,2648028.02,,,,,102976.469,,,,,,thousands,0.001,,"{""sfp"": [96, 95, 97, 160], ""pl"": [], ""cfs"": []}",L5,review
AHL,2013,3616899.486,2273483.688,1343415.798,2997102.919,1973315.182,,,,382469.463,,,,,,,thousands,0.001,,"{""sfp"": [39, 38, 40], ""pl"": [], ""cfs"": []}",L2.5;L2.5;L2.5;L5,review
AHL,2014,4770940.062,2758879.962,2012060.1,4146704.31,2756644.049,414789.175,,,818644.302,168992.512,,56143.981,,-150000.0,-901991.0,thousands,0.001,,"{""sfp"": [39, 74, 76], ""pl"": [40, 41, 65], ""cfs"": [31, 42]}",,ok
AHL,2015,4034683.369,,,4179524.108,1351994.943,,,,928534.952,,,,,,,thousands,0.001,,"{""sfp"": [47, 46, 48], ""pl"": [], ""cfs"": []}",L2.5,review
AHL,2016,5563341.902,2857817.599,2705524.303,4723318.459,2855939.358,,,,409496.751,306240.1,,,,,,thousands,0.001,,"{""sfp"": [39, 38, 40], ""pl"": [], ""cfs"": []}",L2.5,review
AHL,2017,5692984.008,,,5081402.719,2491453.777,,,,880535.448,832793.413,,,,,,thousands,0.001,,"{""sfp"": [47, 46, 48], ""pl"": [], ""cfs"": []}",,ok
AHL,2018,5473367.385,2286051.538,3187315.847,3877950.857,2286051.538,,,,536256.096,686765.082,,,,,,thousands,0.001,,"{""sfp"": [64, 63, 65], ""pl"": [], ""cfs"": []}",L2.5;L2.5,review
AHL,2019,5642456.863,,,3711785.971,2726235.642,,,,,627456.271,,,,,,thousands,0.001,,"{""sfp"": [70, 69, 71, 120], ""pl"": [], ""cfs"": []}",L2.5,review
AHL,2020,6932609.041,,3301963.8,10122048.232,3272216.06,,,,,814097.234,,,,,,thousands,0.001,,"{""sfp"": [59, 58, 60], ""pl"": [59], ""cfs"": []}",,ok
AHL,2021,8471502.159,3486196.533,4995383.37,6249943.33,3472593.374,1511596.548,,,2084005.193,2674098.47,,76101.492,,-147407.295,3100524.051,thousands,0.001,,"{""sfp"": [42, 56, 61, 109, 114, 115, 126], ""pl"": [62, 63, 72, 116], ""cfs"": [65, 119]}",,ok
AHL,2022,8985828.345,3784208.161,5201620.184,7119224.91,3753820.153,,,,826551.794,1068332.992,,,,,,thousands,0.001,,"{""sfp"": [49, 48, 50, 109], ""pl"": [], ""cfs"": []}",L2.5,review
AHL,2023,7785230.947,2790978.661,4994252.286,5635929.581,2720910.775,,,,184672.102,987078.274,,,,,,thousands,0.001,,"{""sfp"": [63, 62, 64, 125], ""pl"": [], ""cfs"": []}",L2.5;L2.5;L2.5;L2.5;L5,review
AHL,2024,5679897.459,4406715.719,1273181.74,5395129.382,4446701.905,,,,-4607.0,3192161.622,,,,,,thousands,0.001,,"{""sfp"": [67, 66, 68, 125], ""pl"": [], ""cfs"": []}",L5,review
AHL,2025,7177154.031,5251410.303,1925743.728,6856268.77,5225857.85,,,,979261.988,3728716.369,,,,,,thousands,0.001,,"{""sfp"": [107, 106, 108, 167], ""pl"": [], ""cfs"": []}",L5,review
AHTM,2014,3634274.556,,1935.288,1100.794,1100.711,3977310.044,-3604974.803,372335.241,96096.122,5474.903,586406.095,2494.3,,-21295.034,-75801.88,thousands,0.001,,"{""sfp"": [8, 13, 29], ""pl"": [14, 15, 37], ""cfs"": [16, 39, 40]}",,ok
AHTM,2018,4314902.179,2391910.552,,1496593.809,1714740.515,5179001.252,-4866580.38,312420.872,,19477.569,869769.472,,,,,thousands,0.001,,"{""sfp"": [28, 27, 29], ""pl"": [], ""cfs"": []}",L3,ok
AHTM,2019,4759426.913,2813490.029,,1843524.862,2099913.203,7273993.808,-6814257.276,459736.532,,16765.243,1108560.342,,,,,thousands,0.001,,"{""sfp"": [28, 27, 29], ""pl"": [], ""cfs"": []}",,ok
AHTM,2020,4584443.456,2654780.662,,1955162.439,1953741.732,7351414.537,-6812417.885,538996.652,,12342.71,1098590.926,,,,,thousands,0.001,,"{""sfp"": [30, 29, 31], ""pl"": [], ""cfs"": []}",,ok
AHTM,2021,2777076.038,1392888.882,,1387314.312,1019338.141,3816376.706,-3509587.221,306789.485,,4442.391,838600.546,,,,,thousands,0.001,,"{""sfp"": [29, 28, 30, 36], ""pl"": [], ""cfs"": []}",,ok
AHTM,2022,3555288.699,,,1851898.816,1457429.162,,-5207001.049,338459.408,201322.025,1850.882,,,,,,thousands,0.001,,"{""sfp"": [28, 27, 29], ""pl"": [], ""cfs"": []}",,ok
AHTM,2023,3343078.799,1543288.363,1799790.436,1694766.02,1199104.119,,-3957514.542,369580.157,92918.094,17174.375,1115879.467,1636465.404,,,,thousands,0.001,,"{""sfp"": [25, 24, 26], ""pl"": [], ""cfs"": []}",,ok
AHTM,2024,3903419.375,,1834097.614,2184675.727,1707384.533,,-4771685.138,,,8570.843,1257467.39,1705004.326,,,,thousands,0.001,,"{""sfp"": [25, 24, 26], ""pl"": [], ""cfs"": []}",,ok
AHTM,2025,4455886.473,2063178.551,,2049692.842,1472186.896,,-5196675.007,,,22535.912,,,,,,thousands,0.001,,"{""sfp"": [25, 24, 26], ""pl"": [], ""cfs"": []}",,ok
AICL,2013,27201986.0,14155439.0,13046547.0,,,2635007,,,,,,,,-430850,-336674,thousands,1.0,,"{""sfp"": [43, 42, 44, 109], ""pl"": [45, 44, 46, 47, 111], ""cfs"": [50, 49, 51, 52, 53, 54, 55, 113, 114]}",,ok
AICL,2014,28832011,14727767,14104244,,,1505917,,,1879098.0,,,,,-755172,3611548,thousands,1.0,,"{""sfp"": [45, 44, 46, 111], ""pl"": [47, 46, 48, 49, 113], ""cfs"": [115, 114, 116, 52, 54, 56]}",,ok
AICL,2015,32255979.0,16609410,15646569,,,5546232,,,2554810.0,,,,,-1070623,838188,thousands,1.0,,"{""sfp"": [56, 55, 57, 130], ""pl"": [58, 57, 59, 60, 132], ""cfs"": [62, 61, 63, 64, 65, 66, 134, 135]}",,ok
AICL,2016,38579911.0,,,,,,,,3492944.0,83855,,,,-1035824,222446,thousands,1.0,,"{""sfp"": [60, 59, 61, 129, 228], ""pl"": [62, 61, 63, 230], ""cfs"": [66, 65, 67, 133, 134]}",,ok
AICL,2017,42287139.0,,,,,5092726,,,1221228.0,,,,,-1382755,1149004,thousands,1.0,,"{""sfp"": [61, 60, 62, 135, 237], ""pl"": [63, 62, 64, 65, 137, 239], ""cfs"": [67, 66, 68, 69, 70, 71, 138, 241, 242]}",,ok
AICL,2018,47845094.0,,19663358.0,,,,,,1239000.0,2211444.0,,,,-684864,1892177,thousands,1.0,,"{""sfp"": [65, 64, 66, 189, 270, 272], ""pl"": [66, 65, 67, 68, 192, 245], ""cfs"": [70, 69, 71, 72, 73, 74, 75, 193, 247]}",,ok
AICL,2019,1616879,1158714,458165,,,15433989,,,1812975,526553,,,,-870521,-93353,thousands,1.0,,"{""sfp"": [64, 63, 65, 134, 242], ""pl"": [65, 64, 66, 135, 243], ""cfs"": [67, 66, 68, 137, 138, 245, 246]}",L5;L5;L5;L3;L2,review
AICL,2020,49520149.0,,22234859.0,,,,,,,1312044.0,,,,-926576,6394019,thousands,1.0,,"{""sfp"": [146, 145, 147, 324], ""pl"": [], ""cfs"": [219, 218, 220, 328]}",L3,ok
AICL,2021,61640583.0,,25389764.0,,,,,,,2174053.0,,,,-967626,8032594,thousands,1.0,,"{""sfp"": [164, 163, 165, 236, 347], ""pl"": [], ""cfs"": [239, 238, 240, 167, 168, 368]}",,ok
AICL,2022,73765899,48461987,24918939,,,16980105,13356688,,2585013,5192695.0,,,,,,thousands,1.0,,"{""sfp"": [186, 185, 187, 260, 262, 367, 371], ""pl"": [188, 187, 189], ""cfs"": [371, 370, 372]}",,ok
AICL,2023,90127752.0,,30620069.0,,,,,,2716915,5252776.0,,,,,,thousands,1.0,,"{""sfp"": [186, 185, 187, 255, 363], ""pl"": [257], ""cfs"": [367, 366, 368, 259]}",,ok
AICL,2024,109124371.0,,40625238.0,,,,,,,,,,,-1537104,9081058,thousands,1.0,,"{""sfp"": [219, 218, 220], ""pl"": [], ""cfs"": [295, 294, 296, 408]}",,ok
AICL,2025,134307059.0,,48814868.0,,,,,,5132718,5888736.0,,,,-1276492,7579625,thousands,1.0,,"{""sfp"": [242, 241, 243, 328], ""pl"": [244, 243, 245], ""cfs"": [327, 326, 328]}",,ok
AIRLINK,2021,15748414.982,9269259.534,6479155.448,14476498.392,8452654.448,47372802.392,-42571010.193,4801792.199,1505004.481,832153.312,3533673.866,1253900.236,,,,thousands,0.001,,"{""sfp"": [69, 100], ""pl"": [101, 102, 104], ""cfs"": []}",,ok
AIRLINK,2022,,,,,,,,4771848.004,,,,,,,,thousands,0.001,,"{""sfp"": [], ""pl"": [], ""cfs"": []}",,ok
AIRLINK,2023,19887080.147,7609939.273,12277140.874,13629240.467,6956667.365,,-19223219.622,2280685.74,894537.773,546558.296,3087267.709,,,,,thousands,0.001,,"{""sfp"": [101, 100, 102], ""pl"": [], ""cfs"": []}",,ok
AIRLINK,2024,24136593.491,,13555794.519,15470664.259,10174391.044,56282418.797,-50449172.309,5833246.488,3059341.877,1219456.144,2837017.237,441776.053,,-1154760.696,1212264.93,thousands,0.001,,"{""sfp"": [113], ""pl"": [114, 115, 116, 210], ""cfs"": [117]}",,ok
AIRLINK,2025,38453351.018,24009398.774,14443952.244,28339065.887,23390101.837,,,,,3907827.965,6933365.217,1717852.344,,,,thousands,0.001,,"{""sfp"": [121, 120, 122, 175], ""pl"": [], ""cfs"": []}",,ok
AKBL,2015,,,,,,,,,4067126.0,,,,,,,thousands,,,"{""sfp"": [4, 18, 22], ""pl"": [19], ""cfs"": []}",,ok
AKBL,2017,353056000.0,333367000.0,,,,,,,5128297000.0,,,,,-3112786000.0,26130753000.0,thousands,1000.0,,"{""sfp"": [41, 119, 128], ""pl"": [42, 129, 127], ""cfs"": [44, 43, 45, 130]}",,ok
AKBL,2018,706532042,673023135,33508907,,,24231551,,,4431278,,,,,-12203,-43591408,thousands,1.0,,"{""sfp"": [38, 65, 71, 78, 85, 86, 87, 88, 89, 115, 117, 121, 128, 180, 188, 190], ""pl"": [39, 40, 129, 158, 162], ""cfs"": [42, 41, 43, 132]}",L5;L5;L2,review
AKBL,2019,706666079,673617718,33600361,,,29539997,,,7017022,53281047,,,,-1248867,69138318,thousands,1.0,,"{""sfp"": [48, 142, 178, 194, 198], ""pl"": [49, 143, 144, 196], ""cfs"": [52, 51, 53, 146]}",L5;L5;L5;L2,review
AKBL,2020,992517062,937970712,54546350,,,39956618,,,10800375,81371333,,,,-1871397,147085265,thousands,1.0,,"{""sfp"": [54, 88, 96, 105, 106, 107, 108, 109, 115, 118, 119, 120, 150, 214], ""pl"": [55, 56, 151, 216], ""cfs"": [58, 57, 59, 154]}",L5;L5,review
AKBL,2021,1259144000.0,,,,,41779371000.0,,,9701386000.0,,,,,-3733683000.0,192333784000.0,thousands,1000.0,,"{""sfp"": [56, 154, 155], ""pl"": [57, 156], ""cfs"": [60, 59, 61, 158]}",L5;L3,review
AKBL,2022,1526134.0,,,,,51581558,,,14061595,,,,,,141516437,thousands,1.0,,"{""sfp"": [68, 172, 173], ""pl"": [69, 174, 176], ""cfs"": [72, 71, 73, 214]}",L5;L3;L2,review
AKBL,2023,2124006.0,,,,,72358907,,,21434659,,,,,,515097172,thousands,1.0,,"{""sfp"": [72, 130, 179, 180, 182, 200, 218], ""pl"": [73, 74, 238, 178, 236], ""cfs"": [76, 75, 77, 240]}",L5,review
AKBL,2024,2501381696,2378971408,97695661,,,,,,21256555,174848644,,,,-3586808,281502500,thousands,1.0,,"{""sfp"": [184, 185, 256], ""pl"": [186], ""cfs"": [72, 71, 73, 188]}",L5;L5;L3;L2,review
AKDCL,2014,39811.214,4594.603,35216.611,36711.704,4572.441,4935.17,,,1337.967,3733.681,,2881.51,,-1410171,37015175,thousands,0.001,,"{""sfp"": [18, 21], ""pl"": [19], ""cfs"": [20]}",,ok
AKDCL,2015,41172.339,4680.461,36491.878,38443.526,4680.461,9000.009,,,1375.158,72.079,,2501.668,,-495022,-3194291,thousands,0.001,,"{""sfp"": [16, 19], ""pl"": [17], ""cfs"": [18]}",,ok
AKDCL,2017,46261.0,5225.385,41035.615,44178.208,4927.923,3500.0,,,798.801,1605.313,,1964.792,,,,thousands,0.001,,"{""sfp"": [14, 13, 15], ""pl"": [], ""cfs"": []}",L2,ok
AKDCL,2018,43375.219,3876.309,39498.91,41531.961,3692.934,4000.0,,,1202.232,5335.327,,1725.258,,,,thousands,0.001,,"{""sfp"": [20, 19, 21], ""pl"": [], ""cfs"": []}",L2,ok
AKDCL,2019,39523.099,5478.809,34044.29,11002.126,5219.578,4500.0,,,-3247.264,1396.302,,1576.033,,,,thousands,0.001,,"{""sfp"": [15, 14, 16], ""pl"": [], ""cfs"": []}",L5;L2,review
AKDCL,2020,29991.649,4900.166,25091.483,7739.248,4900.166,2500.0,,,-2868.347,161.236,,1391.921,,,,thousands,0.001,,"{""sfp"": [21, 20, 22], ""pl"": [], ""cfs"": []}",,ok
AKDHL,2021,44615.99,,32042.588,3887.21,10617.537,,,,-9855.056,,,,,,,thousands,0.001,,"{""sfp"": [14, 13, 15], ""pl"": [], ""cfs"": []}",,ok
AKDHL,2022,27139.243,14352.349,12601.472,5399.449,14352.349,,,,-2817.133,178.768,,,2476.962,,,thousands,0.001,,"{""sfp"": [13, 12, 14], ""pl"": [], ""cfs"": []}",,ok
AKDHL,2023,16918.744,9029.1,7889.644,5038.863,8859.222,1200.0,,,-4961.829,368.953,,969.881,,,-3209.815,thousands,0.001,,"{""sfp"": [45], ""pl"": [46], ""cfs"": [48]}",,ok
AKDHL,2024,32128.0,,,16517.0,,,,,,,,,,,,thousands,1.0,,"{""sfp"": [35, 34, 36], ""pl"": [], ""cfs"": []}",,ok
AKDHL,2025,45039,,,16954,,,,,,,,,,,,thousands,1.0,,"{""sfp"": [15, 14, 16], ""pl"": [], ""cfs"": []}",,ok
AKGL,2014,449441.594,267133.466,182308.128,346991.478,260332.299,513361.411,-476673.851,36687.56,-26270.652,6616.487,142804.48,89061.521,,,-32067.076,thousands,0.001,,"{""sfp"": [12, 13], ""pl"": [14, 28, 30], ""cfs"": [16]}",,ok
AKGL,2015,519570.578,341106.767,178463.811,420379.787,282525.91,400291.928,345132.102,55159.826,-3699.334,1466.998,197192.004,82076.501,,,-1677.491,thousands,0.001,,"{""sfp"": [12], ""pl"": [13, 14], ""cfs"": [15]}",,ok
AKGL,2017,418963.537,225755.122,193208.415,328382.329,188396.889,366692.651,-320662.62,46030.031,8101.568,2889.378,158502.062,79207.584,,,25658.096,thousands,0.001,,"{""sfp"": [18], ""pl"": [19, 20], ""cfs"": [21]}",,ok
AKGL,2018,484036.544,282419.515,201617.029,408828.345,247124.435,370231.633,-314213.543,56018.09,7497.393,2781.299,,,,,-135134.606,thousands,0.001,,"{""sfp"": [25], ""pl"": [26], ""cfs"": [27]}",,ok
AKGL,2019,513981.723,,221974.308,378305.201,279248.034,574519.446,-488378.284,86141.162,19394.788,3130.415,198861.532,132334.174,,,138950.869,thousands,0.001,,"{""sfp"": [30], ""pl"": [31, 44, 45], ""cfs"": [32, 50]}",,ok
AKGL,2020,485855.693,,230122.769,345494.039,239830.46,437357.519,-367019.988,70337.531,7998.498,5275.64,204980.63,138843.726,,,78795.906,thousands,0.001,,"{""sfp"": [30, 47], ""pl"": [31, 48], ""cfs"": [32, 54]}",,ok
AKGL,2021,573491.394,321876.352,251615.042,416134.524,283910.537,802746.762,-687076.768,115669.994,22807.211,20072.53,291109.349,157356.869,,-67.246,-59580.523,thousands,0.001,,"{""sfp"": [34, 47], ""pl"": [35], ""cfs"": [36]}",,ok
AKGL,2022,2745.008,971.421,1770.587,524.873,306.44,,,,,104.016,298.573,1750.556,,,,thousands,0.001,,"{""sfp"": [41, 42, 44, 62, 64, 65], ""pl"": [], ""cfs"": []}",L3,ok
AKGL,2023,49791.709,44838.061,,,,,,,,,,,,,10.756,thousands,0.001,,"{""sfp"": [24, 43, 44], ""pl"": [], ""cfs"": [45]}",L3,ok
AKGL,2024,681490.082,359104.892,322385.19,504241.922,325061.208,1278485.442,-1112664.739,165820.703,27253.316,42234.842,339230.985,177248.16,,,,thousands,0.001,,"{""sfp"": [44], ""pl"": [29, 45, 46], ""cfs"": []}",L3,ok
AKGL,2025,799489.621,,342086.171,642821.845,429666.395,,,,,32106.299,411554.165,156667.775,,,-116498.668,thousands,0.001,,"{""sfp"": [43, 44], ""pl"": [], ""cfs"": [45]}",,ok
AKZO,2014,3973367,1379106,2594261,2435053,1334879,4901791,-3129630,1772161,458856,1479922,359589,,,-765907,821713,thousands,1.0,,"{""sfp"": [39, 38, 40], ""pl"": [41, 40, 42], ""cfs"": [44, 43, 45]}",,ok
AKZO,2015,4215833,1335021,2880812,2678313,1286581,4927235,-2909340,2017895,539311,1770771,361481,1219293,,-232093,509397,thousands,1.0,,"{""sfp"": [38, 39, 87], ""pl"": [40, 41], ""cfs"": [43]}",,ok
AKZO,2016,5086936,1527715,3559221,3018666,1470505,5136961,-2954886,2182075,490737,1927584,468549,1840208,,-301722,516115,thousands,1.0,,"{""sfp"": [37, 38], ""pl"": [39, 40], ""cfs"": [42]}",,ok
AKZO,2018,5711194,,,3492191,1789599.0,5812743,-3810004,2002739,387179,1895127,668883,,,-321162,200240,thousands,1.0,,"{""sfp"": [7, 6, 8], ""pl"": [9, 8, 10], ""cfs"": [12, 11, 13]}",,ok
ALAC,2013,,341531649,211469981,,,17537435,,,4984017,,,,,,27362209,thousands,,,"{""sfp"": [35], ""pl"": [37, 38], ""cfs"": [39]}",L2,ok
ALAC,2014,232684250.0,2191819.0,230492431,,,,,,29047450.0,,,,,,,thousands,,,"{""sfp"": [35, 34, 36], ""pl"": [], ""cfs"": []}",,review
ALAC,2015,,,,,,11706836,,,-160214,,,,,,-29729574,thousands,,,"{""sfp"": [31, 33, 34], ""pl"": [35, 36], ""cfs"": [37]}",,ok
ALAC,2016,476271.86,286430.805,189841.055,,,16814.529,,,-4916.732,,,,,,-109937.992,thousands,0.001,,"{""sfp"": [33, 39], ""pl"": [35, 36], ""cfs"": [37]}",L3,ok
ALAC,2018,843373,297489,545884,,,43849,,,58472,73881,,,,,-118998,thousands,1.0,,"{""sfp"": [47], ""pl"": [48], ""cfs"": [49]}",,ok
ALAC,2019,769908,485861,284047,,,219535,82127,,-262880,112844,,40806,,,-193514,thousands,1.0,,"{""sfp"": [53], ""pl"": [54], ""cfs"": [55]}",L3,ok
ALAC,2020,1050172,599303,450869,17692,,281371,17636,,350140,86503,,30467,,,-185626,thousands,1.0,,"{""sfp"": [68, 103, 104, 105], ""pl"": [69, 102, 106, 107, 111, 112], ""cfs"": [70]}",,ok
ALAC,2021,1155388,846719,308669,,,600421,,,-242440,143773,,19367,,,-50861,thousands,1.0,,"{""sfp"": [69, 73], ""pl"": [70], ""cfs"": [71]}",,ok
ALAC,2022,1624060,1264736,359324,,,1077752,,,-275971,254525,,20636,,,-31667,thousands,1.0,,"{""sfp"": [68], ""pl"": [69], ""cfs"": [71]}",,ok
ALAC,2023,2099002,1702233,396769,,,1254184,,,-165240,280005,,13840,,,-42896,thousands,1.0,,"{""sfp"": [54], ""pl"": [55], ""cfs"": [57]}",,ok
ALAC,2024,2949764,2440334,509430,,,1693129,,,15123,244906,,17144,,,369278,thousands,1.0,,"{""sfp"": [52], ""pl"": [53], ""cfs"": [55]}",,ok
ALAC,2025,4312267,3688742,623525,,,2888411,,,125966,330772,,24655,,,869610,thousands,1.0,,"{""sfp"": [51, 55], ""pl"": [56], ""cfs"": [58]}",,ok
ALNRS,2014,6565114,4100828,2464286,2560809,2236586,7699097,-6850190,848907,31333,148509,1794897,3706951,,,288157,thousands,1.0,,"{""sfp"": [16], ""pl"": [17, 18], ""cfs"": [19]}",,ok
ALNRS,2015,7149369,4527300,2622069,3239951,2758206,6966274,-5938537,1027737,166319,98173,2495964,3639629,,20474,121409,thousands,1.0,,"{""sfp"": [16], ""pl"": [17, 18], ""cfs"": [19]}",,ok
ALNRS,2016,7002828,4266182,2736646,2616873,2044518,8103145,-7139365,963780,170080,136892,1968261,4110945,,,,thousands,1.0,,"{""sfp"": [25], ""pl"": [19], ""cfs"": []}",,ok
ALNRS,2018,9441595,6439929,3001666,4067654,3981330,9080899.0,-9733468,-652569,-120834,92508,2219497,,,,51901,thousands,1.0,,"{""sfp"": [31, 30, 32], ""pl"": [32, 31, 33], ""cfs"": [35, 34, 36]}",,ok
ALNRS,2019,9253729,6122523,3131206,3784054,3524797.0,9340031.0,-8172919,1167112,189334,93221.0,,,,-30219,22184,thousands,1.0,,"{""sfp"": [23, 22, 24], ""pl"": [24, 23, 25], ""cfs"": [27, 26, 28]}",,ok
ALNRS,2020,8706610,5434421,3272189,3025264,2228047,10906700.0,-9214432,1692268,202463,387058,,,,-60669,536179,thousands,1.0,,"{""sfp"": [26, 25, 27], ""pl"": [27, 26, 28], ""cfs"": [30, 29, 31]}",,ok
ALNRS,2021,,,,3511694.0,3066384.0,10791880.0,-9087207,1704673,210890,231482.0,,,,-60694,496169,thousands,1.0,,"{""sfp"": [23, 22, 24], ""pl"": [24, 23, 25], ""cfs"": [27, 26, 28]}",,ok
ALNRS,2022,11285578,7824106,3461472,5416253,5068907,10546358,-9034810,1511548,173319,253552,3351333,4913855,-101288,,116532,thousands,1.0,,,,ok
ALNRS,2023,18113424,10429460,7683964,6260685,6736926,13122460.0,-11022278.0,2100182.0,173319.0,179359,4254523,,,-100489,626871,thousands,1.0,,"{""sfp"": [25, 24, 26], ""pl"": [26, 25, 27], ""cfs"": [29, 28, 30]}",,ok
ALNRS,2024,,,,6992590.0,7326427.0,20736291.0,-17301610,3434681,295344.0,503455.0,,,,-182790,-2010967,thousands,1.0,,"{""sfp"": [25, 24, 26], ""pl"": [26, 25, 27], ""cfs"": [29, 28, 30]}",,ok
ALNRS,2025,16305079,9155136,7149943,5223937,5311218,17916301.0,-15571391,2344910,107451,452121.0,,,,,2202742,thousands,1.0,,"{""sfp"": [24, 23, 25], ""pl"": [25, 24, 26], ""cfs"": [28, 27, 29]}",,ok
ALTN,2014,5759119,1533160,4225959,1659330,822449,1756949,1459092,297857,1868193,227329,52735,895241,,-362594,-14126,thousands,1.0,,"{""sfp"": [13, 14], ""pl"": [15, 16], ""cfs"": [17]}",,ok
ALTN,2015,5278699,,4325137,1228523,603823,1435404,-1263377,172027,115077,269103,51406,839812,,362785,208257,thousands,1.0,,"{""sfp"": [14, 15], ""pl"": [16, 17], ""cfs"": [18]}",,ok
ALTN,2016,585090,,,1851930,1272499.0,1605936,-1396051,209885,1097312,51756,,,,,-16372,thousands,1.0,,"{""sfp"": [14, 13, 15], ""pl"": [16, 15, 17], ""cfs"": [19, 18, 20]}",L3,ok
ALTN,2018,5088896,334800,4754096,1182726,330422,1621194,-1558269,62925,1452642,,76735,701204,,-2906421,-142038,thousands,1.0,,"{""sfp"": [29, 30], ""pl"": [31, 32], ""cfs"": [34]}",,ok
ALTN,2019,4874063,309792,4564271,1103645,304685,474160,-501829,-27669,954822,249627,39800,,,-955310,215434,thousands,1.0,,"{""sfp"": [30, 29, 31, 76, 132], ""pl"": [32, 31, 33, 85], ""cfs"": [35, 34, 36, 97]}",L5,review
ALTN,2020,4317833,117038,4200795,606910,111685,116802,-167863,-51061,1689621,10325,38797,505198,,-2239782,237604,thousands,1.0,,"{""sfp"": [29, 28, 30, 102, 139], ""pl"": [31, 30, 32, 81], ""cfs"": [34, 33, 35, 84]}",,ok
ALTN,2021,4170710,,,519458,105349.0,204104,-247449,-43345,-84315,70249,37746,,,,117868,thousands,1.0,,"{""sfp"": [31, 30, 32, 83, 136, 140, 141, 143], ""pl"": [33, 32, 34, 86], ""cfs"": [36, 35, 37, 107]}",,ok
ALTN,2022,4216135,206220,4009915,620840,198786,,,-102227.0,,21864,,,,-6719259,78152,thousands,1.0,,"{""sfp"": [33, 32, 34, 88], ""pl"": [35, 34, 36, 85], ""cfs"": [38, 37, 39, 106]}",,ok
ALTN,2023,3980293,43236,3937057,406767,35423.0,17457.0,,-65546.0,,,,,,,10217,thousands,1.0,,"{""sfp"": [32, 31, 33, 79, 141], ""pl"": [33, 32, 34, 80, 141], ""cfs"": [36, 35, 37, 83, 141]}",,ok
ALTN,2024,3887009.0,,3749288.0,329670.0,129342.0,,-93364,-93364,4336312,,,,,-4434925,-79646,thousands,1.0,,"{""sfp"": [31, 30, 32, 77, 134], ""pl"": [32, 31, 33, 80], ""cfs"": [35, 34, 36, 97]}",,ok
ALTN,2025,4476490.0,,,947894.0,598245.0,,-96393,-96393,5786902,,,,,-5186907,-156455,thousands,1.0,,"{""sfp"": [34, 33, 35, 79, 136], ""pl"": [35, 34, 36, 80], ""cfs"": [38, 37, 39, 83]}",,ok
AMBL,2013,1313382.73,796341.381,517041.349,,,72439.231,,,-53321.392,62801.414,,81355.35,,,24158.38,thousands,0.001,,"{""sfp"": [37], ""pl"": [38, 39], ""cfs"": [40]}",,ok
AMBL,2014,1758954.506,1216345.656,542608.85,,,174386.305,,,6147.859,58432.09,,93725.598,,,-84399.064,thousands,0.001,,"{""sfp"": [31, 37], ""pl"": [38, 39], ""cfs"": [40]}",,ok
AMBL,2015,5670478.82,4615455.88,1055022.94,,,447154.9,-187445.668,259709.232,29215.689,237836.612,,351136.431,,,1189849.91,thousands,0.001,,"{""sfp"": [47, 48], ""pl"": [49, 50], ""cfs"": [51]}",,ok
AMBL,2016,13554003.018,12846803.58,707199.438,,,,,,-735523.56,1028052.212,,821089.654,,,3593022.863,thousands,0.001,,"{""sfp"": [50], ""pl"": [51, 52], ""cfs"": [53]}",,ok
AMBL,2017,13983590.224,12963177.221,1020413.003,,,1120297.079,,,-79510.907,1202269.848,,881490.545,,,-271021.534,thousands,0.001,,"{""sfp"": [24, 44], ""pl"": [45], ""cfs"": [47]}",,ok
AMBL,2018,17623046.929,16149300.841,1473746.088,,,1696148.336,,,53261.451,1585617.708,,857383.1,,,,thousands,0.001,,"{""sfp"": [47], ""pl"": [48, 49, 50], ""cfs"": []}",,ok
AMBL,2019,20543253.526,18668926.535,1874326.991,,,1887082.833,,,53525.058,1342224.336,,927788.157,,,2235026.06,thousands,0.001,,"{""sfp"": [51], ""pl"": [52, 53], ""cfs"": [54]}",,ok
AMBL,2020,28831387.482,26572139.525,2259247.957,,,2135774.119,,,-20648.801,2394744.268,,985452.512,,,5626824.995,thousands,0.001,,"{""sfp"": [49], ""pl"": [50, 51], ""cfs"": [52]}",,ok
AMBL,2021,23776718.556,23334339.95,442378.606,,,-474043.018,,,-1930971.344,1586619.423,,976219.982,,,-6348474.187,thousands,0.001,,"{""sfp"": [48], ""pl"": [49, 50], ""cfs"": [52]}",L3,ok
AMBL,2022,19587476.542,23634461.839,-4046985.297,,,665804.918,,,-4489363.903,1720318.818,,905888.333,,,-498356.16,thousands,0.001,,"{""sfp"": [48], ""pl"": [49, 50], ""cfs"": [51]}",L3,ok
AMBL,2023,17019602.61,23660404.665,-6640802.055,,,,,,-3593816.761,2003589.45,,809093.371,,,-1519913.352,thousands,0.001,,"{""sfp"": [29, 30], ""pl"": [31], ""cfs"": [33]}",L3,ok
AMBL,2024,17445619.53,26878324.016,-9432704.486,,,2808827.545,,,-3099992.152,1645885.474,,557130.528,,,-320502.693,thousands,0.001,,"{""sfp"": [27, 30], ""pl"": [28, 29], ""cfs"": [31]}",L3,ok
AMBL,2025,20730270.642,31239503.241,-10509232.599,,,3152248.88,,,-1648078.423,1292690.277,,486844.712,,,733396.105,thousands,0.001,,"{""sfp"": [37], ""pl"": [38, 39], ""cfs"": [41]}",L3,ok
AMTEX,2014,13460563.338,,,8724630.02,,2812437.021,3920739.449,-1108302.428,-1966633.77,151281.283,2790660.569,4699965.45,,,-66746.861,thousands,0.001,,"{""sfp"": [20, 22, 23], ""pl"": [24, 25], ""cfs"": [26, 27]}",,ok
AMTEX,2017,4782507.896,12873488.249,-8090980.353,1960968.585,10404540.58,842865.636,1335487.192,-492621.556,,143771.493,885981.055,1750599.973,,,,thousands,0.001,,"{""sfp"": [32, 31, 33], ""pl"": [], ""cfs"": []}",L3,ok
AMTEX,2018,4782507.896,12873488.249,-8090980.353,1960968.585,10404540.58,842865.636,1335487.192,-492621.556,,143771.493,885981.055,,,,,thousands,0.001,,"{""sfp"": [32, 31, 33], ""pl"": [], ""cfs"": []}",L2.5;L3,review
AMTEX,2019,4377868.539,12730823.903,-8352955.364,1601866.767,10748015.349,,,-161046.425,,162688.117,,,,,,thousands,0.001,,"{""sfp"": [30, 29, 31], ""pl"": [], ""cfs"": []}",L2.5;L3,review
AMTEX,2020,3724161.755,12774285.517,-9050123.762,1275193.467,11120356.01,,,-241148.36,,174851.83,538829.362,,,,,thousands,0.001,,"{""sfp"": [33, 32, 34], ""pl"": [], ""cfs"": []}",L2.5;L3,review
AMTEX,2021,3576906.288,12774977.285,-9198070.997,1356749.943,11215819.05,,,,,149640.033,489990.439,,,,,thousands,0.001,,"{""sfp"": [34, 33, 35], ""pl"": [], ""cfs"": []}",L2.5;L5;L3,review
AMTEX,2022,3661173.46,12754057.469,-9092884.009,1218916.495,11035021.898,,,217115.339,,82722.503,465483.553,,,,,thousands,0.001,,"{""sfp"": [35, 34, 36], ""pl"": [], ""cfs"": []}",L2.5;L3,review
AMTEX,2023,3310020.306,11943546.826,-8633526.52,1083743.03,10479457.461,,,124928.848,,112088.168,261847.909,,,,,thousands,0.001,,"{""sfp"": [38, 37, 39], ""pl"": [], ""cfs"": []}",L2.5;L3,review
AMTEX,2024,3684605.734,12228797.776,-8544192.042,1420340.612,9561630.177,,,434387.57,,,,,,,,thousands,0.001,,"{""sfp"": [34, 33, 35], ""pl"": [], ""cfs"": []}",L2.5;L3;L2,review
AMTEX,2025,3540084.19,12124900.721,-8584816.531,1636954.361,9173947.445,,,133009.032,,92005.217,619410.945,,,,,thousands,0.001,,"{""sfp"": [38, 37, 39], ""pl"": [], ""cfs"": []}",L2.5;L3,review
ANL,2014,20782992.789,16827600.7,3955392.089,5545151.463,11514295.59,13301847.243,-12339516.394,962330.849,-2125555.933,22759.809,1546298.008,13537283.593,,,177973.971,thousands,0.001,,"{""sfp"": [24], ""pl"": [25, 26], ""cfs"": [27]}",,ok
ANL,2015,18518543.299,17789824.87,728718.429,5108152.557,14361741.504,10701888.196,-9638729.32,1063158.876,-2934238.979,133324.247,1940504.163,13097752.858,,,-82352.897,thousands,0.001,,"{""sfp"": [18, 21], ""pl"": [22, 23], ""cfs"": [24]}",L3,ok
ANL,2016,,,,,,13176284.444,-11677125.552,1499158.892,-814146.969,,,,,,223749.175,thousands,0.001,,"{""sfp"": [26], ""pl"": [27, 28], ""cfs"": [29]}",,ok
ANL,2017,,,,5268016.825,17619955.685,12802374.277,-10916714.003,1885660.274,-133565.289,159221.839,1859013.514,,,,,thousands,0.001,,"{""sfp"": [34, 33, 35], ""pl"": [], ""cfs"": []}",,ok
ANL,2018,19867180.777,19438445.95,428734.827,6382832.336,18706606.636,15971672.335,-13391359.653,2580312.682,,142395.327,2468069.912,,,,,thousands,0.001,,"{""sfp"": [43, 42, 44], ""pl"": [], ""cfs"": []}",,ok
ANL,2019,,,,,,,,,305312.291,,,,,,,thousands,0.001,,"{""sfp"": [], ""pl"": [], ""cfs"": []}",,ok
ANL,2020,22981326.174,21861354.055,1119972.119,9497578.645,21471032.07,16909299.38,-14446980.92,2462318.46,,787189.396,3190805.924,,,,,thousands,0.001,,"{""sfp"": [44, 43, 45], ""pl"": [], ""cfs"": []}",L5,review
ANL,2021,22628100.47,14633423.441,7994677.029,11080867.05,4386560.793,22070230.674,-18881633.863,3188596.811,,898799.651,4599739.102,,,,,thousands,0.001,,"{""sfp"": [48, 47, 49], ""pl"": [], ""cfs"": []}",L5;L3,review
ANL,2022,,,,16354513.873,8421971.199,33768785.938,-29110611.926,4658174.012,693051.0,893953.552,5402722.777,,,,,thousands,0.001,,"{""sfp"": [55, 54, 56], ""pl"": [], ""cfs"": []}",,ok
ANL,2023,25990435.155,12665605.68,13324829.475,15739139.487,7806615.824,31571122.964,-26483815.875,5087307.089,1470453.498,958543.603,4904462.814,10164750.644,,,,thousands,0.001,,"{""sfp"": [57, 60, 62, 98], ""pl"": [58, 59, 91], ""cfs"": []}",,ok
ANL,2024,28027777.649,14326328.972,13701048.677,16971141.546,8665004.393,36738685.105,-31933557.06,4805128.045,675320.0,910552.389,7566679.744,10969445.216,,-9413.535,1243687.039,thousands,0.001,,"{""sfp"": [60], ""pl"": [11, 61], ""cfs"": [63]}",,ok
ANL,2025,29223516.97,14419488.254,14804028.716,16842878.878,8940502.765,40605013.232,-35625252.649,4979760.583,701802.854,1252026.862,5667465.821,12093040.142,,,2419003.3,thousands,0.001,,"{""sfp"": [64], ""pl"": [65, 102], ""cfs"": [67, 106]}",,ok
ANSM,2014,,,,,,1481835.741,-1233346.574,248489.167,-232062.359,,,,,,-516550.452,thousands,0.001,,"{""sfp"": [18], ""pl"": [19, 20], ""cfs"": [21]}",,ok
ANSM,2015,5772636.193,4458411.271,1314224.922,2278512.905,2602597.409,1865650.369,-1556020.974,309629.395,293182.273,11538.691,1051848.812,3339049.465,,,53467.454,thousands,0.001,,"{""sfp"": [18], ""pl"": [19, 20], ""cfs"": [21]}",L2,ok
ANSM,2016,,,,3723970.317,2101770.576,1730162.045,-1353915.8,376246.245,21533.455,12789.959,1861481.568,,,,,thousands,0.001,,"{""sfp"": [19, 18, 20], ""pl"": [], ""cfs"": []}",,ok
ANSM,2018,9532306.345,,2765760.037,4903165.3,3111581.401,1677305.78,-1229078.164,448227.616,-203078.492,252795.292,2656547.199,4412089.947,,,77495.45,thousands,0.001,,"{""sfp"": [41], ""pl"": [42, 43], ""cfs"": [44]}",,ok
ANSM,2019,,,,4483502.3,3536383.314,438113.837,-375028.655,63085.182,-694412.422,328502.556,2632120.064,,,,,thousands,0.001,,"{""sfp"": [32, 31, 33], ""pl"": [], ""cfs"": []}",,ok
ANSM,2020,,,,4495992.501,4648505.089,175563.971,-118566.097,56997.874,-437468.945,328329.52,2709616.617,,,,,thousands,0.001,,"{""sfp"": [32, 31, 33], ""pl"": [], ""cfs"": []}",,ok
ANSM,2021,8985403.297,7611798.075,1373605.221,4721293.675,5789000.248,405166.58,-275236.383,129930.197,-256560.976,360598.616,2794699.295,,,,,thousands,0.001,,"{""sfp"": [31, 30, 32], ""pl"": [], ""cfs"": []}",,ok
ANSM,2022,9240652.295,8158809.654,1081842.641,5025590.855,6997888.046,,,,,388293.321,3111622.443,4213673.133,,,,thousands,0.001,,"{""sfp"": [30], ""pl"": [], ""cfs"": []}",,ok
ANSM,2023,,,,5165979.218,8245792.111,664347.327,-470795.178,193552.149,-703236.18,20216.227,,,,,,thousands,0.001,,"{""sfp"": [34, 33, 35], ""pl"": [], ""cfs"": []}",,ok
ANSM,2024,,,,5497530.066,9545816.923,716921.057,-503675.664,213245.393,-858963.495,4629.646,,,,,,thousands,0.001,,"{""sfp"": [34, 33, 35], ""pl"": [], ""cfs"": []}",,ok
ANSM,2025,14626136.513,11954669.325,2671467.188,5493418.553,10490058.183,1672291.125,-1390927.295,281363.83,-1443670.237,30404.535,,,,,,thousands,0.001,,"{""sfp"": [40, 39, 41], ""pl"": [], ""cfs"": []}",,ok
ANTM,2019,1605821,832216,773605,657727,740677,1885310,-1747080,138230,19020,50052,423233,828706,,,-74073,thousands,1.0,,"{""sfp"": [30], ""pl"": [31, 32], ""cfs"": [34]}",,ok
ANTM,2020,,,,,,1315177,-1305398,,-80327,,,,,,82330,thousands,1.0,,"{""sfp"": [31], ""pl"": [32, 33], ""cfs"": [35]}",,ok
ANTM,2021,,,,,,2096653,-1771691,324962,119495,,,,,,130947,thousands,1.0,,"{""sfp"": [33], ""pl"": [34, 35], ""cfs"": [37]}",,ok
ANTM,2022,,,,,,2806815,-2615112,191703,96498,,,,,,-100706,thousands,1.0,,"{""sfp"": [32], ""pl"": [33], ""cfs"": [36]}",,ok
ANTM,2023,,,,,,1676679,-1760996,-84317,-195735,,,,,,17824,thousands,1.0,,"{""sfp"": [14, 35], ""pl"": [15, 36, 37, 57, 58], ""cfs"": [39]}",,ok
ANTM,2024,,,,,,3460089,-3391953,68136,-110376,,,,,,114674,thousands,1.0,,"{""sfp"": [36], ""pl"": [37, 38], ""cfs"": [40]}",,ok
ANTM,2025,1958218,1247221,710997,1089743,448255,4492440,-4440080,52360,96498.0,706691,402045,100000,,,-121636,thousands,1.0,,"{""sfp"": [37], ""pl"": [38], ""cfs"": [41]}",,ok
APL,2013,30097519,,,27356666,15591191.0,191181800.0,,5176801.0,3906534.0,9970317,5156298,,,,,thousands,1.0,,"{""sfp"": [57, 56, 58], ""pl"": [], ""cfs"": []}",,ok
APL,2014,34085864,,,31248819,19704460.0,240567960.0,,5942294.0,4326764.0,7650452,6787904,,,,,thousands,1.0,,"{""sfp"": [75, 74, 76], ""pl"": [], ""cfs"": []}",,ok
APL,2015,29911654,,,26123577,15935346.0,205715461.0,,4926509.0,3286384.0,4865814,5572867,,,,,thousands,1.0,,"{""sfp"": [85, 84, 86], ""pl"": [], ""cfs"": []}",,ok
APL,2016,30525305,,,26001840,15581980.0,144108307.0,,5749061.0,3828585.0,9162282,4836653,,,,,thousands,1.0,,"{""sfp"": [87, 86, 88], ""pl"": [], ""cfs"": []}",,ok
APL,2017,38367131,22072640,16294491,32500125,21339059,138660665,131325344,7335321,5299168,10933386,7234415,4339301,,-3312880,4948276,thousands,1.0,,"{""sfp"": [104, 105], ""pl"": [100, 106], ""cfs"": [108]}",L2,ok
APL,2018,46131326,27713664,18417662,38148564,26802124,216359813.0,,9743294.0,5656349.0,4198160,12460539,,,,,thousands,1.0,,"{""sfp"": [115, 114, 116], ""pl"": [], ""cfs"": []}",,ok
APL,2019,46402712,,,37102945,26873437.0,256661187.0,,8221167.0,3960606.0,2920168,12865862,,,,,thousands,1.0,,"{""sfp"": [145, 144, 146], ""pl"": [], ""cfs"": []}",,ok
APL,2020,51238332,,,35654693,27908728.0,235732129.0,,3637890.0,1008294.0,3482386,9464503,,,,,thousands,1.0,,"{""sfp"": [141, 140, 142], ""pl"": [], ""cfs"": []}",,ok
APL,2021,61897885,39176951,22720934,44210980,31795455,221333864.0,,9981941.0,4919632.0,9831007,16121539,,,,,thousands,1.0,,"{""sfp"": [143, 142, 144], ""pl"": [], ""cfs"": []}",,ok
APL,2022,96351045,59031890,37319155,78375032,51685732.0,398383517.0,,41003092.0,18536343.0,3852232,51662152,,,,,thousands,1.0,,"{""sfp"": [141, 140, 142], ""pl"": [], ""cfs"": []}",,ok
APL,2023,107954265,,,87219524,49050563.0,487718441.0,,26070668.0,12460790.0,4640756,30169689,,,,,thousands,1.0,,"{""sfp"": [143, 142, 144], ""pl"": [], ""cfs"": []}",,ok
APL,2024,105279116,,,79677835,36292432.0,538095084.0,,22042471.0,13821630.0,2568995,35492045,,,,,thousands,1.0,,"{""sfp"": [161, 160, 162], ""pl"": [], ""cfs"": []}",,ok
APL,2025,122302709,,,95177778,48228014.0,482429343.0,,18829179.0,10392588.0,3356250,42258454,,,,,thousands,1.0,,"{""sfp"": [175, 174, 176], ""pl"": [], ""cfs"": []}",,ok
ARM,2014,5356636.902,2237942.276,3118694.626,476507.255,1255520.717,,-1669589.435,872621.716,651455.379,,,4709886.928,,,,thousands,0.001,,"{""sfp"": [], ""pl"": [], ""cfs"": []}",,ok
ARM,2017,8360952.668,3702361.449,4658591.219,1666889.287,1533371.8,3116267.315,-2277014.65,839252.665,457859.046,307439.392,,104982.296,,-176092.541,831305.371,thousands,0.001,,"{""sfp"": [63], ""pl"": [64], ""cfs"": [66]}",,ok
ARM,2018,9036482.241,3885945.672,5150536.569,2100261.545,1704394.948,3696144.922,,937778.285,395123.758,91230.84,,131283.995,,-263250.0,787431.879,thousands,0.001,,"{""sfp"": [64], ""pl"": [65, 66], ""cfs"": [67]}",,ok
ARM,2019,,,,,,3821667,,,382854,,,,,,,thousands,1.0,,"{""sfp"": [], ""pl"": [46, 45, 47], ""cfs"": []}",,ok
ARM,2020,8634282.606,3282564.187,5351718.419,2253685.342,1584489.814,3431380.539,2562176.109,869204.43,227520.913,92916.094,,207010.534,,-220042.351,958689.77,thousands,0.001,,"{""sfp"": [68], ""pl"": [69, 70], ""cfs"": [71]}",L5,review
ARM,2021,8318952.741,2653269.824,5665682.917,2215169.255,1666282.02,,,854072.818,227521.0,117119.86,,,,,,thousands,0.001,,"{""sfp"": [68, 67, 69], ""pl"": [], ""cfs"": []}",,ok
ARM,2022,8306790.692,3370363.91,4936426.782,2169361.403,1744059.123,,,1240456.985,,290423.919,,,,,,thousands,0.001,,"{""sfp"": [68, 67, 69], ""pl"": [], ""cfs"": []}",,ok
ARM,2023,8584431.358,3346256.692,5238174.666,2190486.457,1581130.958,,,1475784.925,301383.735,152833.955,,,,,,thousands,0.001,,"{""sfp"": [64, 63, 65], ""pl"": [], ""cfs"": []}",L5,review
ARPAK,2013,238133.0,,,,,,,,,,,,,,,thousands,1.0,,"{""sfp"": [], ""pl"": [], ""cfs"": []}",,ok
ARPAK,2014,244965.34,3013.868,241951.462,62712.681,2835.211,13168.593,,,623.857,116.208,,4636.406,,,-8504.314,thousands,0.001,,"{""sfp"": [21], ""pl"": [22, 23], ""cfs"": [24]}",,ok
ARPAK,2015,254731.562,3320.364,251411.198,66353.852,3141.675,,,,6086.467,64441.217,,4583.595,10691.0,,,thousands,0.001,,"{""sfp"": [38, 37, 39], ""pl"": [], ""cfs"": []}",L2,ok
ARPAK,2016,313504.189,4222.457,309281.732,75208.776,4032.498,,,,12227.366,1213.369,,4629.474,,,,thousands,0.001,,"{""sfp"": [39, 40], ""pl"": [39, 40], ""cfs"": []}",,ok
ARPAK,2017,306560.054,5910.953,300649.101,48344.609,5727.457,,,,-18304.472,2845.405,,4606.503,,,,thousands,0.001,,"{""sfp"": [41, 42], ""pl"": [41, 42], ""cfs"": []}",,ok
ARPAK,2019,591404.415,6662.696,584741.719,56340.151,6470.752,0.0,,,11329.938,2489.291,,4695.657,,,,thousands,0.001,,"{""sfp"": [51, 52], ""pl"": [51, 52], ""cfs"": []}",L3,ok
ARPAK,2021,304059.765,4540.915,299518.85,28015.196,4393.842,,,,-123990.885,693.423,,4492.186,,,,thousands,0.001,,"{""sfp"": [46], ""pl"": [46], ""cfs"": []}",L3,ok
ARPAK,2022,688744,,683478,37486,,10130,,,,,,,,,,thousands,1.0,,"{""sfp"": [45, 46], ""pl"": [46], ""cfs"": []}",,ok
ARPAK,2023,400388.723,11946.406,388442.317,51878.872,11729.236,,,,-76304.367,8319.166,,101.785,,,,thousands,0.001,,"{""sfp"": [47, 48], ""pl"": [47, 48], ""cfs"": []}",,ok
ARPAK,2024,352079.493,12763.036,339316.457,69424.782,11808.058,21865.856,,,-249559.572,2475.931,,78.381,,,,thousands,0.001,,"{""sfp"": [29], ""pl"": [21], ""cfs"": [23]}",,ok
ARPL,2014,6728644,2550398,4178246,5679159,2505445,6872277,4945833,1926444,1053408,406769,1566557,,,,,thousands,1.0,,"{""sfp"": [33, 32, 34], ""pl"": [34, 33, 35], ""cfs"": [35, 34, 36]}",L5;L5;L2,review
ARPL,2015,8078561,3635319,4443242,5741078,3520725,8475323,6061251,2414072,1053303,316085,1380984,,,,,thousands,1.0,,"{""sfp"": [33, 32, 34, 74], ""pl"": [34, 33, 35, 75], ""cfs"": [35, 34, 36, 77]}",L5;L5;L2,review
ARPL,2016,8683829,3296417,5387412,6857347,2944727,11350227,7680189,3670038,1720031,337515,1641480,,,,,thousands,1.0,,"{""sfp"": [44, 43, 45], ""pl"": [45, 44, 46], ""cfs"": [46, 45, 47]}",L5;L2,review
ARPL,2017,9750894,4733248,5017646,7995376,4484116,12242715,8377749,3864966,1621473,587885,2107644,,,,,thousands,1.0,,"{""sfp"": [48, 47, 49], ""pl"": [49, 48, 50], ""cfs"": [50, 49, 51]}",L5,review
ARPL,2018,10961028,6155816,4805212,8999754,5922126,14290089,10345387,3944652,1338276,532105,2634326,1952689,,,,thousands,1.0,,"{""sfp"": [58, 60, 64, 100], ""pl"": [59], ""cfs"": []}",,ok
ARPL,2019,11462791,6345354,5117437,9541052,6132012,17353050,12006899,5346151,1722380,598957,3056054,1914464,,-1364194,1216261,thousands,1.0,,"{""sfp"": [60], ""pl"": [61], ""cfs"": [62]}",,ok
ARPL,2020,9797122,5293262,4503860,7798704,4552577,15038941,10834222,4204719,1169266,269235,3089893,1976820,,,,thousands,1.0,,"{""sfp"": [84, 86], ""pl"": [85], ""cfs"": []}",,ok
ARPL,2021,11710344,5862753,5847591,9752958,5590269,19872237,-13692930,6179307,2303366,1267870,2652654,1865030,,-1018975,3643530,thousands,1.0,,"{""sfp"": [108], ""pl"": [109, 113], ""cfs"": [110]}",L2,ok
ARPL,2022,12395505,8623696,3771809,10428314,8333629,25154026,17933557,7220469,1885066,96031,3985984,,,-3907223,2122614,thousands,1.0,,"{""sfp"": [126, 125, 127], ""pl"": [127, 126, 128], ""cfs"": [129, 128, 130]}",L5;L5;L2,review
ARPL,2023,20446377.0,,,18475145.0,15814699.0,34900100.0,-22544957.0,,,315376.0,6756099.0,,,-168126,-1682760,thousands,1.0,,"{""sfp"": [142, 141, 143], ""pl"": [143, 142, 144], ""cfs"": [145, 144, 146]}",,ok
ARPL,2024,14303230,10525662,3777568,11657170,10065048,24773123,-20271622,4501501,1244382.0,159529,4709255,2338149,,-682358,1452817,thousands,1.0,,"{""sfp"": [167, 166, 168], ""pl"": [168, 167, 169], ""cfs"": [170, 169, 171]}",L2,ok
ARPL,2025,15727740.0,11317762.0,4409978.0,13162455.0,10745364.0,27406657,-20799234,6607423,1176961,985207.0,4511178.0,,,-677207,2497547,thousands,1.0,,"{""sfp"": [213, 212, 214], ""pl"": [214, 213, 215], ""cfs"": [216, 215, 217]}",L5,review
ARUJ,2014,511469.368,358148.102,153321.266,314035.872,278988.516,545923.658,469198.144,76725.514,30290.005,16438.809,148237.461,197433.496,,,-21938.253,thousands,0.001,,"{""sfp"": [15], ""pl"": [16, 17], ""cfs"": [18, 19]}",,ok
ARUJ,2015,688157.723,475647.467,212510.256,472181.494,386995.49,905884.377,787975.189,117909.188,31831.989,28468.357,185737.794,214353.308,,-15379.25,-11391.459,thousands,0.001,,"{""sfp"": [15], ""pl"": [16], ""cfs"": [18]}",,ok
ARUJ,2016,780375.497,526443.962,253931.535,558523.178,439848.375,,,140242.994,,18351.361,242066.848,,,,,thousands,0.001,,"{""sfp"": [15, 14, 16], ""pl"": [], ""cfs"": []}",,ok
ARUJ,2018,1217874.868,,,,,,,109278.921,6570.286,17974.695,,,,,,thousands,0.001,,"{""sfp"": [15], ""pl"": [], ""cfs"": []}",,ok
ARUJ,2019,1328872.074,,,862540.98,878545.761,,,114289.776,13124.928,9947.606,,,,,,thousands,0.001,,"{""sfp"": [19, 18, 20], ""pl"": [], ""cfs"": []}",,ok
ARUJ,2020,1248384.941,,,802155.539,806209.424,,,,10507.364,21580.478,,,,,,thousands,0.001,,"{""sfp"": [12, 11, 13], ""pl"": [12], ""cfs"": []}",,ok
ARUJ,2021,1252024.325,846790.674,405233.651,792098.666,771802.55,1391626.358,1250507.329,141119.029,13329.587,21347.757,251827.225,,,,,thousands,0.001,,"{""sfp"": [12, 11, 13], ""pl"": [12], ""cfs"": []}",,ok
ARUJ,2022,1385774.95,998829.487,386945.463,944121.326,915454.221,1298732.954,,,,14950.238,415615.399,,,,,thousands,0.001,,"{""sfp"": [21, 20, 22], ""pl"": [], ""cfs"": []}",,ok
ARUJ,2023,,,,807850.847,908906.407,857996.198,,,-139543.515,8887.383,,,,,,thousands,0.001,,"{""sfp"": [22, 21, 23], ""pl"": [], ""cfs"": []}",,ok
ARUJ,2024,983229.752,,,597571.49,1000573.424,358277.91,606475.218,-248197.308,-336811.163,1848.582,,,,,,thousands,0.001,,"{""sfp"": [22, 21, 23], ""pl"": [], ""cfs"": []}",,ok
ARUJ,2025,931006.893,,,577618.17,988070.166,191.8,25617.058,-25425.258,-40416.033,1770.828,,,,,,thousands,0.001,,"{""sfp"": [22, 21, 23], ""pl"": [], ""cfs"": []}",L3,ok
ASHT,2014,915887.444,31143.896,884743.548,168258.425,15954.47,518405.327,420934.18,97471.147,41587.525,18655.262,45327.12,743124.237,,,178133.265,thousands,0.001,,"{""sfp"": [18], ""pl"": [19, 20], ""cfs"": [21, 22]}",,ok
ASHT,2015,,,,,,384694.564,346308.388,38386.176,5646.311,,,,,,24221.805,thousands,0.001,,"{""sfp"": [18], ""pl"": [19, 20], ""cfs"": [21, 22]}",,ok
ASHT,2016,,,,,,299054.81,266410.281,32644.529,3120.057,,,,,,,thousands,0.001,,"{""sfp"": [18, 21], ""pl"": [19, 20], ""cfs"": [22]}",,ok
ASHT,2017,,,,,,285394.889,249665.433,35729.456,3627.742,,,,,,25785.149,thousands,0.001,,"{""sfp"": [18], ""pl"": [19, 20], ""cfs"": [21, 22]}",,ok
ASHT,2018,,,,,,286601.858,269631.627,16970.231,-15748.342,,,,,,41026.593,thousands,0.001,,"{""sfp"": [22], ""pl"": [23, 24], ""cfs"": [25, 26]}",,ok
ASHT,2019,1175753.339,87274.598,1088478.64,196882.134,30751.517,321850.337,279427.661,42222.676,3454.118,4754.61,3864.967,974361.422,,,31634.603,thousands,0.001,,"{""sfp"": [27], ""pl"": [28, 29], ""cfs"": [30, 31]}",,ok
ASHT,2020,1202897.886,224292.784,978605.102,230153.992,34389.225,387085.364,334906.629,52178.735,15094.733,43843.633,3864.987,968234.112,,,,thousands,0.001,,"{""sfp"": [26], ""pl"": [27, 28, 29], ""cfs"": [30]}",,ok
ASHT,2021,1226020.56,236650.72,989369.84,258006.809,33631.814,453352.098,399060.101,54291.997,11137.342,71727.26,2289.447,963503.969,,,69062.938,thousands,0.001,,"{""sfp"": [25], ""pl"": [26, 27], ""cfs"": [28, 29]}",,ok
ASHT,2022,1269146.84,261501.405,1007645.435,329483.302,49255.985,507739.885,443531.426,64208.459,19042.134,63025.482,,936153.756,,,66711.112,thousands,0.001,,"{""sfp"": [25], ""pl"": [26, 27], ""cfs"": [28, 29]}",,ok
ASHT,2023,,,,,,335983.552,421114.578,-85131.026,-79878.073,,,,,,-21887.068,thousands,0.001,,"{""sfp"": [25], ""pl"": [26, 27], ""cfs"": [29, 30]}",,ok
ASHT,2024,1264228.787,276564.582,987664.205,243234.617,66253.503,456650.695,493044.41,-36393.715,19042.0,17988.034,,1016484.388,,,-80430.817,thousands,0.001,,"{""sfp"": [26], ""pl"": [27, 28], ""cfs"": [30, 31]}",,ok
ASHT,2025,1275978.35,277476.436,998501.914,272017.416,54513.72,454188.824,411553.145,42635.679,5994.049,21719.19,,999451.152,,,24773.45,thousands,0.001,,"{""sfp"": [26], ""pl"": [27, 28], ""cfs"": [30, 31]}",,ok
ASL,2013,14351000.0,12099000.0,,,,,,,,,,,,,,thousands,1000.0,,"{""sfp"": [56, 55, 57], ""pl"": [56, 55, 57], ""cfs"": []}",,ok
ASL,2014,,,,5291431.0,8242848.0,9259027,-9200260,,-346667.0,59845.0,3347294.0,,,,-650749,thousands,1.0,,"{""sfp"": [72, 71, 73], ""pl"": [73, 72, 74], ""cfs"": [74, 73, 75, 98]}",,ok
ASL,2015,15336862.0,12526114.0,,4167463.0,6900513.0,9491748,-9451422,40326,-1210822,132273.0,2433460.0,,,,,thousands,1.0,,"{""sfp"": [73, 72, 74], ""pl"": [74, 73, 75], ""cfs"": [75, 74, 76]}",,ok
ASL,2016,15352275,12696932,2655343,4468463,7341528,9634297,-8654034,980263,-154891,44716,2813517,,,,,thousands,1.0,,"{""sfp"": [69, 68, 70], ""pl"": [70, 69, 71], ""cfs"": [71, 70, 72]}",,ok
ASL,2017,18183865.0,11483392.0,,6225023.0,6405855.0,14075876,-11988484,2087392,1020149,861392.0,3715962.0,,,,,thousands,1.0,,"{""sfp"": [79, 78, 80], ""pl"": [80, 79, 81], ""cfs"": [81, 80, 82]}",,ok
ASL,2018,20425788,11934682,8491106,6059527,7001146,18903907,-15589753,3314154,1283982,45565,4312261,,,,,thousands,1.0,,"{""sfp"": [131, 130, 132], ""pl"": [132, 131, 133], ""cfs"": [133, 132, 134, 108]}",,ok
ASL,2019,32730909.0,23984081.0,8746828.0,11164196.0,16711096.0,20230797.0,-18552531.0,1678266.0,253698.0,208648.0,6919983.0,20133384.0,,,-3833365,thousands,1.0,,"{""sfp"": [142], ""pl"": [143], ""cfs"": [123, 154]}",,ok
ASL,2020,34509399,26411962,8097437,13283055,16944,29776828,-27410644,2366184,-616573,182561.0,7916499.0,,,,,thousands,1.0,,"{""sfp"": [147, 146, 148], ""pl"": [148, 147, 149], ""cfs"": [149, 148, 150]}",L5,review
ASL,2021,36523517,22056933,14466584,16572232,15783340,55116371,-43931004,11185367,6368448,238060,12088077,,,,6350175,thousands,1.0,,"{""sfp"": [145, 144, 146], ""pl"": [146, 145, 147], ""cfs"": [148, 147, 149, 128]}",L2.5;L5,review
ASL,2022,46804817,32769264,14035553,26769284,27669343,64830418,-59316732,5513686,1146113,207994,16607460,,,-1475124,-4903244,thousands,1.0,,"{""sfp"": [153, 152, 154], ""pl"": [154, 153, 155], ""cfs"": [156, 155, 157]}",,ok
ASL,2023,38046164,22354449,15691715,15781335,18615885,31102382,-29088829,2013553,-3215653,1147153,9167210,19645720,,,2218311,thousands,1.0,,"{""sfp"": [152, 151, 153], ""pl"": [153, 152, 154], ""cfs"": [155, 154, 156, 132]}",,ok
ASL,2024,40597158,24890180,15706978,18469454.0,23948709.0,42749652,-38919010,3830642,-132470,217072.0,9870972.0,,,-65046,-2666186,thousands,1.0,,"{""sfp"": [174, 173, 175], ""pl"": [175, 174, 176], ""cfs"": [177, 176, 178, 152]}",L2,ok
ASL,2025,38756457,18140344,20616113,15651022,17727964,33751703,-32084444,1667259,1146113.0,452292,8101472,,,,-1668511,thousands,1.0,,"{""sfp"": [91], ""pl"": [91], ""cfs"": [92, 115]}",L5;L5,review
ASTL,2013,11800011.156,7194521.645,4605489.511,3803114.376,4556638.764,10621857.713,-9459635.559,1162222.154,107691.686,77465.117,2053547.359,7778648.365,,,-76062.175,thousands,0.001,,"{""sfp"": [2], ""pl"": [3, 4], ""cfs"": [5]}",,ok
ASTL,2014,11126417.683,,,3411457.864,3307604.451,11962146.367,-10589658.509,1372487.858,252401.055,63469.83,1565429.744,7566310.105,,,1727234.464,thousands,0.001,,"{""sfp"": [7], ""pl"": [8, 9], ""cfs"": [10]}",,ok
ASTL,2015,12262301.888,6391146.126,5871155.762,4588626.309,4235988.643,14413661.405,-11899456.593,2514204.812,1011183.731,79722.352,2274851.694,7504204.035,,,1089254.295,thousands,0.001,,"{""sfp"": [10, 12], ""pl"": [13, 14], ""cfs"": [15]}",,ok
ASTL,2016,16765432.674,6075230.227,10690202.447,8150398.742,4339113.809,12400191.349,-9608236.222,2791955.127,1278749.028,81124.43,4410123.514,8441597.274,,,-1001384.336,thousands,0.001,,"{""sfp"": [67, 73], ""pl"": [68, 69], ""cfs"": [70]}",,ok
ASTL,2017,18209063.919,7063311.535,11145752.384,5790896.107,5129403.081,13283811.229,-10815624.056,2468187.173,1074052.704,69558.113,3404198.598,12253098.525,,-592249425,,thousands,0.001,,"{""sfp"": [51, 50, 52], ""pl"": [51], ""cfs"": []}",,ok
ASTL,2018,26642859.381,,,11235428.619,10412644.944,15500542.721,-12742134.429,2758408.292,,131073.813,7459068.1,,,-592.686,-2218.722,thousands,0.001,,"{""sfp"": [117, 116, 118], ""pl"": [], ""cfs"": [112]}",,ok
ASTL,2019,29610775.291,,,24920423.416,,,,,,147038.804,,,,-649.956,749.109,thousands,0.001,,"{""sfp"": [63, 62, 64], ""pl"": [], ""cfs"": [59]}",,ok
ASTL,2020,35469446,24356260,11113186,17571523,18015094,26532144.0,-24556406.0,1975738.0,,509361,8040331,,,,-1934951,thousands,1.0,,"{""sfp"": [141, 140, 142], ""pl"": [143], ""cfs"": [145, 144, 146]}",,ok
ASTL,2021,,,,15933598.0,16488541.0,39218453.0,-34676315,4542138,1368259,378573.0,5992162.0,,,,2440273,thousands,1.0,,"{""sfp"": [134, 133, 135], ""pl"": [135, 134, 136], ""cfs"": [138, 137, 139, 126]}",,ok
ASTL,2022,43550477,28295771,15254706,21665662,21724960,58184282.0,-51692795,6491487,1325515,356869.0,11017657.0,,,,-2199305,thousands,1.0,,"{""sfp"": [129, 128, 130], ""pl"": [130, 129, 131], ""cfs"": [133, 132, 134, 122]}",L5,review
ASTL,2023,40171730,25609489,14562241,17557896,19773209,45492724,-39530560,5962164,-678443,271913,7097218,22263497,,,7040227,thousands,1.0,,"{""sfp"": [131], ""pl"": [132, 133], ""cfs"": [135]}",L2,ok
ASTL,2024,46839907,32613906,14226001,16182367,27241284.0,,-36374311,2401426,-6106723,195444.0,7162016.0,,,,-4212088,thousands,1.0,,"{""sfp"": [121, 120, 122], ""pl"": [122, 121, 123], ""cfs"": [125, 124, 126, 113]}",L5,review
ASTL,2025,43356908,32907340,10449568,15092724,28973139,16082614,-16006608,76006,1325515.0,3905295,4011727,27253432,,,2664482,thousands,1.0,,"{""sfp"": [125, 128, 131], ""pl"": [126, 127], ""cfs"": [129]}",,ok
ASTM,2014,746799.666,,,358600.738,235351.895,1314143.237,1226685.538,87457.699,28647.271,194556.03,91991.046,366961.037,,,43564.293,thousands,0.001,,"{""sfp"": [18], ""pl"": [19, 20], ""cfs"": [21]}",,ok
ASTM,2015,720747.541,,,357597.655,649528.294,1129413.986,1128873.347,540.639,-17598.093,183897.187,66505.345,352103.702,,,,thousands,0.001,,"{""sfp"": [19], ""pl"": [20], ""cfs"": []}",,ok
ASTM,2017,875625.358,776405.158,99220.2,353990.306,663819.342,1214020.348,1152197.274,61823.074,29326.264,102152.147,138461.667,510216.896,,,49925.894,thousands,0.001,,"{""sfp"": [15, 28], ""pl"": [16, 17, 34, 35], ""cfs"": [18]}",,ok
ASTM,2018,910870.107,773036.087,137834.02,406423.67,662474.344,1433634.897,1346088.953,87545.934,41736.409,120898.354,170833.538,489408.281,,,23116.297,thousands,0.001,,"{""sfp"": [20], ""pl"": [21, 22], ""cfs"": [23]}",,ok
ASTM,2019,966614.531,775183.41,191431.121,484858.403,668504.509,,,,56168.567,141701.947,168649.353,466717.372,,,15471.834,thousands,0.001,,"{""sfp"": [22], ""pl"": [24], ""cfs"": [25]}",,ok
ASTM,2020,1104254.025,830524.067,273729.958,557260.932,711506.332,1471670.352,1425469.625,46200.727,18644.807,217631.187,138079.285,531954.937,,,65830.868,thousands,0.001,,"{""sfp"": [23, 27], ""pl"": [24, 25], ""cfs"": [26]}",,ok
ASTM,2021,1212689.567,858076.942,354612.625,690861.168,744778.271,1726224.177,-1601373.671,124850.506,76262.707,413808.044,141513.069,506790.243,,,188287.231,thousands,0.001,,"{""sfp"": [24], ""pl"": [25], ""cfs"": [27]}",,ok
ASTM,2022,1245872.168,859749.534,386122.634,669843.587,761520.908,2080169.476,-2010728.399,69441.077,32846.265,120999.235,394055.837,553467.786,,,-234080.346,thousands,0.001,,"{""sfp"": [24], ""pl"": [25], ""cfs"": [27]}",,ok
ASTM,2023,1158417.653,803597.986,354819.667,507058.872,722335.574,354678.335,385944.815,-31266.48,-29508.907,202517.759,198328.421,628797.986,,,158842.356,thousands,0.001,,"{""sfp"": [24], ""pl"": [25, 26], ""cfs"": [28]}",L3,ok
ASTM,2024,1087622.809,757924.9,329697.909,437819.182,712203.955,1812689.595,-1835965.811,-23276.216,32846.0,148778.968,133618.943,615846.832,,,-57384.624,thousands,0.001,,"{""sfp"": [27, 34, 36], ""pl"": [28, 29], ""cfs"": [31]}",L3,ok
ASTM,2025,1263706.756,819317.94,444388.816,498171.938,736329.62,2181698.425,-2091440.055,90258.37,19875.15,256105.503,120334.695,731040.806,,,,thousands,0.001,,"{""sfp"": [26], ""pl"": [27, 28, 47, 48, 51], ""cfs"": []}",,ok
ATBA,2016,6706037,2233859,4472178,4012613,1951620,14019507,-11272034,2747473,1270827,45257,1889810,2672742,-204629,,1600463,thousands,1.0,,,,ok
ATBA,2017,8297219,2618373,5678846,5119645,2283573,,,,,14873,1706859,,,,,thousands,1.0,,"{""sfp"": [100, 99, 101], ""pl"": [], ""cfs"": []}",,ok
ATBA,2018,10136253,4481562,5654691,6521834,4157721,18332861.0,-16330483,2002378,590594,381180,2689010,,,-600068,-1458876,thousands,1.0,,"{""sfp"": [120, 119, 121], ""pl"": [121, 120, 122], ""cfs"": [122, 121, 123]}",L5,review
ATBA,2019,8211918,2930909.0,5281009.0,4265230,2614984.0,12773113.0,-12506602,266511,,423649,1760092,,,-170870,437193,thousands,1.0,,"{""sfp"": [114, 113, 115], ""pl"": [115, 114, 116], ""cfs"": [117, 116, 118]}",,ok
ATBA,2020,7840106,2885302,4954804,3679988,1662393,12546152.0,-11667365.0,878787.0,-326205,45507,1999313,,,,519380,thousands,1.0,,"{""sfp"": [118, 117, 119], ""pl"": [119, 118, 120], ""cfs"": [121, 120, 122]}",,ok
ATBA,2021,9879683,4270598.0,5609085.0,5901072,3405104.0,19955087.0,-17673951,2281136,895974,189113,3912393,,,-203385,-452660,thousands,1.0,,"{""sfp"": [126, 125, 127], ""pl"": [127, 126, 128], ""cfs"": [129, 128, 130]}",,ok
ATBA,2022,10797864,4603981,6193883,6416974,3721396,25029244.0,-22308266,2720978,689437,222325,4621550,,,-81646,1777558,thousands,1.0,,"{""sfp"": [126, 125, 127], ""pl"": [127, 126, 128], ""cfs"": [129, 128, 130]}",,ok
ATBA,2023,19910315,12657978,7252337,15283330,11023945,41855868.0,-35403444,6452424,2201242,819782,10324114,,,-950741,-2159674,thousands,1.0,,"{""sfp"": [116, 115, 117], ""pl"": [117, 116, 118], ""cfs"": [119, 118, 120]}",,ok
ATBA,2024,23318274,14799107,8519167,18164738,13255941,41470592.0,-35535871,5934721,1343649,1191592,11909129,,,-567019,-2856774,thousands,1.0,,"{""sfp"": [130, 129, 131], ""pl"": [131, 130, 132], ""cfs"": [133, 132, 134]}",L5,review
ATBA,2025,18908846,11007526,7901320,13738930,8925417,,-31240385,3960896,91205,1028210,7742569,,,-697518,5377078,thousands,1.0,,"{""sfp"": [142, 141, 143], ""pl"": [143, 142, 144], ""cfs"": [145, 144, 146]}",L5;L5,review
ATIL,2013,3014736.0,1576705,1438031,,,,,,455973.0,,,,,-205885,100698,thousands,1.0,,"{""sfp"": [51, 50, 52], ""pl"": [], ""cfs"": [56, 55, 57]}",,ok
ATIL,2014,3344019,1676517.0,,3292167,,,,,544968.0,,,,,-309593,592054,thousands,1.0,,"{""sfp"": [59, 58, 60], ""pl"": [], ""cfs"": [64, 63, 65]}",,ok
ATIL,2015,3797014,1951115,1845899,3740783,,,,,601157.0,,,,,-409125,299951,thousands,1.0,,"{""sfp"": [59, 58, 60], ""pl"": [], ""cfs"": [64, 63, 65]}",,ok
ATIL,2016,126870,2209995.0,,124200,,,,,618174.0,43585,,,,-409614,300395,thousands,1.0,,"{""sfp"": [73, 72, 74, 119, 120], ""pl"": [], ""cfs"": [77, 76, 78, 79, 124]}",L5;L3;L2,review
ATIL,2017,4204207.0,1928423,2249463,,,,,,,,,,,-447653,364302,thousands,1.0,,"{""sfp"": [73, 72, 74, 134, 140], ""pl"": [], ""cfs"": [78, 77, 79, 124]}",L3,ok
ATIL,2018,,,,,,,,,,196952,,,,-448815,725505,thousands,1.0,,"{""sfp"": [160, 161, 162], ""pl"": [], ""cfs"": [86, 85, 87]}",,ok
ATIL,2019,7034120,3293571,3706740,,,,,,623256,,,,,-481428,534734,thousands,1.0,,"{""sfp"": [85, 140, 141, 168, 169, 170], ""pl"": [86, 87, 142, 127, 128], ""cfs"": [88, 87, 89, 143]}",,ok
ATIL,2020,9661745,4840112,4775227,,,,,,645427,,,,,-531433,635396,thousands,1.0,,"{""sfp"": [85, 141, 159, 160], ""pl"": [86, 87, 170, 144], ""cfs"": [89, 90, 145]}",,ok
ATIL,2021,9317796,5070556,4176463,,,243243,,,835376,974543,,,,-788407,1060583,thousands,1.0,,"{""sfp"": [92, 150, 169, 177], ""pl"": [93, 94, 151], ""cfs"": [96, 154, 97, 155]}",,ok
ATIL,2022,9550256,5965064,3585192,,,,,,719314,,,,,-607149,828678,thousands,1.0,,"{""sfp"": [83, 141, 160, 161], ""pl"": [85], ""cfs"": [87, 145, 88, 146]}",,ok
ATIL,2023,13280831,8509890,4770941,,,,,,1007167,1544843,,,,-559312,589704,thousands,1.0,,"{""sfp"": [110, 164], ""pl"": [112, 166], ""cfs"": [114, 115]}",,ok
ATIL,2024,18090049,9922663,8167386,,,,,,,1531222,,,,-807078,247806,thousands,1.0,,"{""sfp"": [110], ""pl"": [111], ""cfs"": [114, 115]}",,ok
ATIL,2025,24366313,111875,,,,356462,,,2076787,,,,,-1245172,-225983,thousands,1.0,,"{""sfp"": [124], ""pl"": [125, 126, 179, 180], ""cfs"": [128, 129, 183]}",,ok
ATLH,2013,12014438.0,,,7553157.0,4587303.0,42325242.0,-38646049.0,3679193.0,,,,,,,,thousands,1.0,,"{""sfp"": [48], ""pl"": [], ""cfs"": []}",,ok
ATLH,2014,14365190,6451877,7913313,9600106,5622277,44478713.0,-40253929.0,4224784.0,2001560.0,2843738,2042602,,,,,thousands,1.0,,"{""sfp"": [45, 44, 46], ""pl"": [], ""cfs"": []}",,ok
ATLH,2015,15781673.0,,9238545.0,10529880.0,5769734.0,45772177,-41098571,4673606,2350891,,,,,-1026399,2808104,thousands,1.0,,"{""sfp"": [45], ""pl"": [34, 33, 35], ""cfs"": [46, 45, 47]}",,ok
ATLH,2016,20368962.0,,11002123.0,14257411.0,8585470.0,55022415,-49376506,5645909,3001799,,,,,,,thousands,1.0,,"{""sfp"": [52, 53], ""pl"": [41, 40, 42], ""cfs"": [53, 52, 54]}",,ok
ATLH,2017,25642750,12385217,13257533,18341005,11485806,64534021,-57754987,6779034,3752479,7053784,2123831,,,-1493095,6435417,thousands,1.0,,"{""sfp"": [55], ""pl"": [56], ""cfs"": [57, 56, 58]}",,ok
ATLH,2019,31954916,16589152,15365764,22464513,15592719,82412548,-75856677,6555871,3208659,7480159,5069836,,,,,thousands,1.0,,"{""sfp"": [123, 122, 124], ""pl"": [124, 123, 125], ""cfs"": [125, 124, 126]}",,ok
ATLH,2020,31059504,14479096,16580408,20510952,13323154,84775972,-78660040.0,6115932.0,3078400,6308616,4888616,,,-1832235,2313045,thousands,1.0,,"{""sfp"": [128, 127, 129], ""pl"": [129, 128, 130], ""cfs"": [131, 130, 132]}",,review
ATLH,2021,43030488,24399961,18630527,32750520,23118807,93156958,-86277404,6879554,3594798,14288180,4026612.0,,,-1543732,14444377,thousands,1.0,,"{""sfp"": [118, 117, 119, 121, 131, 136, 141, 142, 144, 146, 158], ""pl"": [119, 118, 120], ""cfs"": [121, 120, 122]}",,ok
ATLH,2022,47422696,26395058,21027638,36693186,2522562,131930193,-122064276,9865917,5585165,,6541711.0,,,-3145404,6171564,thousands,1.0,,"{""sfp"": [124, 123, 125, 141, 146, 149, 150, 155, 162], ""pl"": [125, 124, 126], ""cfs"": [127, 126, 128]}",L5,review
ATLH,2023,,,,57594111.0,46105708.0,135485652,-125813871,9671781,5004155,,8005452.0,,,-2085992,22438316,thousands,1.0,,"{""sfp"": [134, 133, 135, 159], ""pl"": [135, 134, 136], ""cfs"": [137, 136, 138]}",,ok
ATLH,2024,75943753,47176184,28767569,62991413,45345661.0,159292229,-147065100,12227129,9708045,,9621651.0,,,-4092090,8361519,thousands,1.0,,"{""sfp"": [138, 137, 139], ""pl"": [139, 138, 140], ""cfs"": [141, 140, 142]}",,ok
ATLH,2025,,,,,,203894438,-181714342,22180096,15251615,,,,,-8388044,16298014,thousands,1.0,,"{""sfp"": [185], ""pl"": [186], ""cfs"": [175, 174, 176, 188]}",,ok
ATLH,2026,105515041,59000935,46514106,91174003.0,56346412.0,273926855,-237682305,36244550,21120458,,11695941.0,,,-10861266,21613214,thousands,1.0,,"{""sfp"": [205, 204, 206], ""pl"": [206, 205, 207], ""cfs"": [208, 207, 209, 195]}",,ok
ATRL,2013,64634802,,,41265653,,163300532,-160271234,3029298,3915656,11004968,11744810,,,-723561,74156,thousands,1.0,,"{""sfp"": [81, 80, 82, 135], ""pl"": [83, 82, 84, 119], ""cfs"": [85, 84, 86, 121]}",,ok
ATRL,2014,67500308,36342273,31158035,37122361,35861581,175067853,-174930908,136945,2543401,11266916,11555708,,,-212764,1438580,thousands,1.0,,"{""sfp"": [85, 84, 86, 157], ""pl"": [87, 86, 88, 160], ""cfs"": [89, 88, 90, 170]}",,ok
ATRL,2015,80503413,47677265,32826148,35170288,36568272,128905431,-128352371,553060,1814257,10694590,6574133,,,,498194,thousands,1.0,,"{""sfp"": [83, 82, 84, 131], ""pl"": [85, 84, 86, 133], ""cfs"": [87, 86, 88, 158]}",,ok
ATRL,2016,75619190,,,26713706,27815945.0,66564924,-67466755,-901831,816350,9683198,6707642,,,-426465,-2727695,thousands,1.0,,"{""sfp"": [93, 92, 94, 143], ""pl"": [95, 94, 96, 145], ""cfs"": [97, 96, 98, 172]}",L5;L2,review
ATRL,2017,91206900,51826083,39380817,42056561,34153917,139515951.0,-97078919.0,,5413664,21630109,5712344,,,-425225,7156808,thousands,1.0,,"{""sfp"": [95, 94, 96, 143], ""pl"": [97, 96, 98, 145], ""cfs"": [99, 98, 100, 147]}",,ok
ATRL,2018,101106041,,,53255100,49144865.0,129596565,-130675227,-1078662,578978,21954514,9788997,,,,,thousands,1.0,,"{""sfp"": [105, 104, 106, 161], ""pl"": [107, 106, 108, 185], ""cfs"": [191]}",L5;L2,review
ATRL,2019,103849654,70191560,33658094,54888328,62210138,176754542,-180815670,-4061128,-5385239,16583594,10018655,,,,2304925,thousands,1.0,,"{""sfp"": [105, 104, 106], ""pl"": [107, 106, 108], ""cfs"": [110, 109, 111]}",L5;L5;L2,review
ATRL,2020,97987194,,,35434815,48563168.0,119819440,124999908,-5180468,-2824926,8122982,7163855,,,,-6137047,thousands,1.0,,"{""sfp"": [103, 102, 104, 161], ""pl"": [105, 104, 106, 163, 164], ""cfs"": [108, 107, 109, 166]}",L5;L2,review
ATRL,2021,103294573,,,42108109,55963719.0,127730407,-130298894,-2568487,-2145056,12051280,9378907,,,,1558657,thousands,1.0,,"{""sfp"": [106, 105, 107], ""pl"": [108, 107, 109], ""cfs"": [111, 110, 112]}",L5;L2,review
ATRL,2022,132905977,,,78791516,78874260.0,261983815,243305567,18678248,,24753652,17742708,,,,15257097,thousands,1.0,,"{""sfp"": [125, 124, 126, 223], ""pl"": [127, 126, 128, 234, 238], ""cfs"": [130, 129, 131]}",L5;L2,review
ATRL,2023,176760462,,,97837184,71835479.0,369221549,-324172876,45048673,29225232,15126032,20608420,,,-559855,4933783,thousands,1.0,,"{""sfp"": [129, 128, 130, 158], ""pl"": [131, 130, 132, 191, 193], ""cfs"": [134, 133, 135, 194]}",L5;L2,review
ATRL,2024,214088133,,,136229582,80888061.0,382916673,-354126203,28790470,25243861,33747089,21304144,,,-2099197,27205303,thousands,1.0,,"{""sfp"": [139, 138, 140, 168], ""pl"": [141, 140, 142, 203, 205], ""cfs"": [144, 143, 145, 206]}",L5;L2,review
ATRL,2025,208420268,,,131868661,64752737.0,301329807,-291592115,9737692,11972065,39542305,13150429,,,-1862811,7173551,thousands,1.0,,"{""sfp"": [159, 158, 160], ""pl"": [161, 160, 162], ""cfs"": [164, 163, 165, 228]}",L5,review
AVN,2014,,,,,,,,,427210979,,,,,-201324250,-73337679,thousands,1.0,,"{""sfp"": [], ""pl"": [94, 102], ""cfs"": [95]}",,ok
AVN,2015,2714355,714438,1999917,2000107,659661,836456,-494823,341633,280938,44076,55454,225280,,-236801,93197,thousands,1.0,,"{""sfp"": [2], ""pl"": [3], ""cfs"": [6]}",,ok
AVN,2016,3284896,1092901,2191995,2453692,983818,,,,,115818,101234,,,-98260,-19531,thousands,1.0,,"{""sfp"": [60, 79], ""pl"": [], ""cfs"": [62, 81]}",L5;L5;L5;L2,review
AVN,2017,3423187,,,2657120,819063.0,1260594,-779006,481588,462108,54846,47953,,,-145847,167965,thousands,1.0,,"{""sfp"": [127, 126, 128, 169], ""pl"": [129, 128, 130], ""cfs"": [131, 130, 132, 202]}",,ok
AVN,2018,3694721,,,2867565,783799.0,1296965,-825027,471938.0,577761,17391,48871,,,,,thousands,1.0,,"{""sfp"": [81, 80, 82, 185], ""pl"": [83, 82, 84], ""cfs"": []}",,ok
AVN,2019,4733681,1185957,3547724,1418792,1157231,1340450,-800983,539467,653870,17675,52733,,,-29405,-28047,thousands,1.0,,"{""sfp"": [97, 96, 98, 166], ""pl"": [99, 98, 100, 198], ""cfs"": [102, 101, 103]}",,ok
AVN,2020,6665399,,,2007776,1265078.0,1547153,-982823,564330,673839,66438,39984,,,-252004,245009,thousands,1.0,,"{""sfp"": [88, 87, 89, 145], ""pl"": [90, 89, 91, 184], ""cfs"": [93, 92, 94]}",,ok
AVN,2021,6922333,1700221,5222112,2581097,1634172,1835213,-1234494,600719,1021110,111387,54663,,,-82525,47419,thousands,1.0,,"{""sfp"": [91, 90, 92, 151], ""pl"": [93, 92, 94, 153], ""cfs"": [96, 95, 97]}",,ok
AVN,2022,9551710,2590806,6960904,3937579,2478099,1864524,-1305701,558823,1736812,82469,37577,,,-216446,223589,thousands,1.0,,"{""sfp"": [103, 102, 104, 163], ""pl"": [105, 104, 106, 166], ""cfs"": [108, 107, 109, 206]}",,ok
AVN,2024,10936729,3055355,7881374,4609265,2955782,3102844,-2095921,1006923,539096,19351,100907,758086,-758183,,662589,thousands,1.0,,,,ok
AVN,2025,10144538,7262598,2881939,10077054,7152423,,,,,,,,,,,thousands,1.0,,"{""sfp"": [14, 239], ""pl"": [], ""cfs"": []}",,ok
AWWAL,2016,1043051.075,14608.204,1028442.871,974281.202,14608.204,,,,28442.871,933524.819,,13.542,,,-66460181,thousands,0.001,,"{""sfp"": [], ""pl"": [2], ""cfs"": [22]}",L2,ok
AWWAL,2017,1183940.788,23800.051,1160140.737,606250.723,23800.051,0.208,,,154397.866,252808.456,,3107.755,,-22700000,-654052695,thousands,0.001,,"{""sfp"": [], ""pl"": [23], ""cfs"": [24]}",,ok
AWWAL,2018,1283093.217,61718.764,1221374.453,769076.799,61718.764,263.315,,,183733.716,298.946,,2571.493,,,64886267,thousands,0.001,,"{""sfp"": [53], ""pl"": [54], ""cfs"": [55]}",L3,ok
AWWAL,2020,1243691.234,44193.11,1199498.124,912919.957,36912.343,,,,102646.351,,,459.463,,,184773326,thousands,0.001,,"{""sfp"": [], ""pl"": [25], ""cfs"": [30]}",L2,ok
AWWAL,2021,1196402.142,28872.311,1167529.831,995764.182,28872.311,,,,41028.192,,,184.519,,,,thousands,0.001,,"{""sfp"": [], ""pl"": [66], ""cfs"": []}",,ok
BAFL,2013,275686.0,,,,,,,,,,,,,-2733934,45112298,thousands,1.0,,"{""sfp"": [67, 106, 151], ""pl"": [68, 107, 220], ""cfs"": [70, 69, 71]}",,ok
BAFL,2014,743128.293,,,,,,,,5640.851,,,,,-2737.015,51245.191,thousands,0.001,,"{""sfp"": [60, 109, 119], ""pl"": [61, 119], ""cfs"": [63, 62, 64]}",,ok
BAFL,2015,902608.0,,,,,35201805,,,7522810,,,,,-3165079,103242608,thousands,1.0,,"{""sfp"": [90, 187, 195], ""pl"": [91, 196, 188], ""cfs"": [93, 92, 94, 197]}",L5,review
BAFL,2017,991027423,924197042,66830381,,,,,,8613804,70381480,,,,,32032383,thousands,1.0,,"{""sfp"": [232, 276, 284, 285, 305, 307], ""pl"": [233, 234, 308, 285, 313], ""cfs"": [123, 122, 124, 235, 286, 297]}",L5;L3,review
BAFL,2018,147094131,134774554,12319577,,,41791413,,,10625220,,,,,-4000915,-142469511,thousands,1.0,,"{""sfp"": [130, 138, 169, 222, 223, 241], ""pl"": [131, 132, 170, 246, 237], ""cfs"": [134, 133, 135, 270]}",L3;L2,ok
BAFL,2019,1064672000.0,,,,,55924407000.0,,,13031807000.0,,,,,-6207063000.0,81072747000.0,thousands,1000.0,,"{""sfp"": [294, 341, 342], ""pl"": [307, 308], ""cfs"": [310]}",L5;L3;L2,review
BAFL,2020,1847241437,1756224118,91017319,,,57499436,,,10474910,105582496,,,,-7066355,204045683,thousands,1.0,,"{""sfp"": [24, 73, 75, 76, 77, 78, 86, 89, 170, 171], ""pl"": [25, 26, 170, 171], ""cfs"": [28, 27, 29]}",L5;L5;L3;L2,review
BAFL,2021,1734321000.0,,,,,,,,14217000.0,,,,,,,thousands,1000.0,,"{""sfp"": [], ""pl"": [], ""cfs"": []}",,ok
BAFL,2022,2253197.0,,,,,99125584,,,18206445,,,,,-3382063,470461445,thousands,1.0,,"{""sfp"": [351, 452, 453], ""pl"": [352, 353, 440, 454], ""cfs"": [355, 456]}",L5;L3,review
BAFL,2023,2253196728,2153182105,,,,,,,36456372,,,,,-7274936,756022330,thousands,1.0,,"{""sfp"": [95, 148, 149, 153, 208, 209, 246, 256, 262, 267, 268, 269, 270, 271, 272, 279, 283, 284, 285, 286, 288], ""pl"": [96, 97, 210, 208], ""cfs"": [212, 123]}",L3;L2,ok
BAFL,2024,3710206121,3532093711,181386697,,,171231922,,,38318131,227823979,,,,-23207789,-75011237,thousands,1.0,,"{""sfp"": [397, 505, 506], ""pl"": [398, 507], ""cfs"": [401, 402, 509]}",L5;L5,review
BAFL,2025,3829927120,3632415064,200210549,,,183363006,,,28337057,247582147,,,,-15717497,,thousands,1.0,,"{""sfp"": [429, 463, 539, 584, 606, 607, 608, 609, 612], ""pl"": [430, 540, 586, 606, 607, 608, 609], ""cfs"": [433, 434, 543, 544]}",L5;L5,review
BAFS,2014,3000757.459,2574562.36,426195.099,917497.076,1706450.655,1754597.141,1487835.681,266761.46,8716.88,4258.798,604235.643,2082672.808,,,-627309.134,thousands,0.001,,"{""sfp"": [15], ""pl"": [16, 17], ""cfs"": [18]}",,ok
BAFS,2015,2634735.008,2399125.945,235609.063,596368.755,,1638078.692,1596207.684,41871.008,-198714.171,,,,,,299104.047,thousands,0.001,,"{""sfp"": [18], ""pl"": [19, 20], ""cfs"": [21]}",,ok
BAFS,2016,3284923.768,2628609.016,656314.752,808352.71,1780773.398,1264121.314,1124993.001,139128.313,12485.081,1694.973,381077.616,2475983.483,,,-183278.869,thousands,0.001,,"{""sfp"": [21], ""pl"": [22, 23], ""cfs"": [24]}",,ok
BAFS,2018,3302134,2972378,329755,805554,2084145,1381820,-1545649,-163828,-374066,2220,51731,2378527,,,193487,thousands,1.0,,"{""sfp"": [34], ""pl"": [35, 36], ""cfs"": [37]}",,ok
BAFS,2019,3119430.372,,,348169.087,926424.56,121607.382,-478699.099,-357091.717,-682625.093,26379.048,,,,,,thousands,0.001,,"{""sfp"": [33, 32, 34], ""pl"": [], ""cfs"": []}",L3,ok
BAFS,2020,3728567.793,,,897652.82,1100007.324,1783548.117,-1754710.139,,-286079.042,356447.809,,,,,,thousands,0.001,,"{""sfp"": [31, 30, 32], ""pl"": [], ""cfs"": []}",L3,ok
BAFS,2021,3480553.231,1687111.161,1793442.07,536.023,1003207.005,3864161.244,-3613466.224,250695.02,,26945.258,,,,,,thousands,0.001,,"{""sfp"": [38, 37, 39], ""pl"": [], ""cfs"": []}",L5,review
BAFS,2022,4722747.188,,,1251424.836,1202357.132,3938711.677,-3990958.561,,,225531.346,,,,,,thousands,0.001,,"{""sfp"": [38, 37, 39], ""pl"": [], ""cfs"": []}",,ok
BAFS,2023,4917801.235,2056004.031,2861797.204,1403363.832,1211887.143,4543139.222,-3992396.801,550742.421,90697.263,116810.909,726722.121,3513912.003,,,,thousands,0.001,,"{""sfp"": [52, 51, 53], ""pl"": [], ""cfs"": []}",,ok
BAFS,2024,6218961.728,3629481.464,2589480.264,2764591.904,3248033.494,,-5580519.459,259802.463,,83789.198,1942632.882,,,,,thousands,0.001,,"{""sfp"": [54, 53, 55], ""pl"": [], ""cfs"": []}",,ok
BAFS,2025,6505288.315,1251431.153,,1253065.33,999900.997,,-8611963.245,1634205.008,,457264.048,,,,,,thousands,0.001,,"{""sfp"": [50, 49, 51], ""pl"": [], ""cfs"": []}",,ok
BAHL,2013,461021913.0,435440679.0,25581234.0,,,,,,,,,,,,,thousands,1.0,,"{""sfp"": [3, 66, 67, 70], ""pl"": [89, 88, 90, 4], ""cfs"": [7]}",,ok
BAHL,2014,578918829.0,546290478.0,32628351.0,,,,,,,,,,,,,thousands,1.0,,"{""sfp"": [53, 60, 88, 89], ""pl"": [97, 96, 98, 55, 57], ""cfs"": []}",,ok
BAHL,2015,639712468.0,601855810.0,37856658.0,,,,,,7404912,,,,,-3290430,31609953,thousands,1.0,,"{""sfp"": [20], ""pl"": [106, 105, 107, 21, 22], ""cfs"": [23]}",,ok
BAHL,2016,751395816.0,708882072.0,42513744.0,,,,,,8119229,,,,,-3829195,64275607,thousands,1.0,,"{""sfp"": [17, 104, 121, 159, 206, 207], ""pl"": [18, 19, 122, 107], ""cfs"": [123, 122, 124, 20]}",,ok
BAHL,2017,919051595.0,873175713.0,45875882.0,,,,,,8649570,,,,,-3842714,85378183,thousands,1.0,,"{""sfp"": [18, 111, 171, 223], ""pl"": [19, 20, 222, 130, 172], ""cfs"": [21, 131]}",,ok
BAHL,2018,1048726360,998731310,49995050,,,38010978,,,8417656,74432815,,,,-3256294,-36256163,thousands,1.0,,"{""sfp"": [26, 44, 134, 135, 171, 172, 202, 207], ""pl"": [27, 28, 109, 136, 218, 188, 189, 190, 191, 192], ""cfs"": [30, 29, 31, 138]}",,ok
BAHL,2019,1060489100,1010937420,49551680,,,68000794,,,2551373,123365134,,,,-2767686,217848254,thousands,1.0,,"{""sfp"": [46, 45, 47, 99, 109, 154, 212, 213, 214, 215, 216, 219, 220, 225, 226, 227], ""pl"": [47, 46, 48, 99, 124, 155, 196, 200, 241], ""cfs"": [157, 156, 158]}",,ok
BAHL,2020,1535107200,1454663485,80443715,,,67892826,,,17811536,125617371,,,,-3841582,190835323,thousands,1.0,,"{""sfp"": [39, 123, 145, 206, 207, 208, 211, 212, 217, 218, 219], ""pl"": [40, 41, 146, 147, 232, 192, 204], ""cfs"": [43, 42, 44, 149, 205]}",,ok
BAHL,2021,1534419141,1454562765,79856376,,,69635732,,,18702299,125598462,,,,-4930117,85081173,thousands,1.0,,"{""sfp"": [40, 98, 99, 151], ""pl"": [41, 42, 152, 150], ""cfs"": [44, 43, 45, 154]}",,ok
BAHL,2022,2594440175,2504020890,95748606,,,12360332,,,16570229,125403364,,,,-7693475,334875530,thousands,1.0,,"{""sfp"": [41, 58, 150, 151, 189, 198, 210, 211, 212, 215], ""pl"": [42, 43, 126, 152, 200, 207, 226], ""cfs"": [45, 44, 46, 154]}",L3,ok
BAHL,2023,4020466350,3892739652,127726698,,,,,,35319375,148478945,,,,-17493572,394736270,thousands,1.0,,"{""sfp"": [39, 147, 148, 184, 185, 194, 196, 203, 204, 205, 206, 207, 208, 211, 212, 217, 218], ""pl"": [40, 41, 149, 151], ""cfs"": [43, 42, 44, 174]}",L2,ok
BAHL,2024,3320035205,3168046585,151988620,,,181732014,,,39862187,201532248,,,,-17009566,504700753,thousands,1.0,,"{""sfp"": [42, 41, 43, 145], ""pl"": [43, 42, 44], ""cfs"": [47, 46, 48]}",,ok
BAHL,2025,3303763897,3132495546,171268351,,,462003386,,,30637408,189466913,,,,-18662664,107355174,thousands,1.0,,"{""sfp"": [44, 43, 45, 184, 209, 239, 243, 247, 248, 249, 250], ""pl"": [45, 44, 46, 143, 175, 176, 239, 243, 247, 248, 249, 250, 277], ""cfs"": [49, 48, 50, 180]}",,ok
BAPL,2014,202377.747,,,20993.362,62487.097,123790.995,-125700.15,,,501.661,1846.789,,,,,thousands,0.001,,"{""sfp"": [20, 19, 21], ""pl"": [], ""cfs"": []}",L5,review
BAPL,2016,191268.465,,,17818.416,63748.676,94437.668,-89324.88,5112.788,-17664.942,600.259,896.412,,,,,thousands,0.001,,"{""sfp"": [22, 21, 23], ""pl"": [], ""cfs"": []}",,ok
BAPL,2018,196944.25,,,16223.33,,89088.321,-84695.888,4392.433,-16461.23,311.062,1295.325,177559.562,,,-3360.35,thousands,0.001,,"{""sfp"": [30, 31], ""pl"": [32, 33], ""cfs"": [34]}",,ok
BAPL,2019,174259.812,136363.461,37896.352,10527.663,85143.518,51909.593,-51526.899,382.694,-14467.052,600.865,325.896,160730.656,,,-6474.561,thousands,0.001,,"{""sfp"": [30, 31, 35], ""pl"": [32], ""cfs"": [34]}",,ok
BAPL,2020,159423.269,144200.916,15222.352,8930.087,94137.253,12795.636,-16145.085,-3349.449,-87187.112,45.413,50.179,,,,,thousands,0.001,,"{""sfp"": [31, 30, 32], ""pl"": [], ""cfs"": []}",,ok
BAPL,2021,135498.056,,,133274.043,112991.433,,,,,74.177,,,,,,thousands,0.001,,"{""sfp"": [28, 27, 29], ""pl"": [], ""cfs"": []}",,ok
BAPL,2022,,,,267008.826,104213.071,,,,-9054.473,241.109,,,,,,thousands,0.001,,"{""sfp"": [29, 28, 30], ""pl"": [], ""cfs"": []}",,ok
BAPL,2023,94080.813,46663.045,47417.768,93267.707,46663.045,,,,,83990.373,,,,,,thousands,0.001,,"{""sfp"": [28, 27, 29], ""pl"": [], ""cfs"": []}",L5;L5,review
BAPL,2024,31312.44,6517.965,24794.475,30580.645,6517.965,,,,,21394.906,,,,,,thousands,0.001,,"{""sfp"": [26, 25, 27], ""pl"": [], ""cfs"": []}",L5,review
BAPL,2025,3184835.799,,,3185548.688,5506.432,,,,59388.0,2201.915,,,,,,thousands,0.001,,"{""sfp"": [30, 29, 31], ""pl"": [], ""cfs"": []}",L3,ok
BATA,2013,6389270,1888623,4500647,5206538,1746343,12774438.0,7780325,4994113,1232422,439939,2368302,,,,,thousands,1.0,,"{""sfp"": [39, 38, 40], ""pl"": [40, 39, 41], ""cfs"": [41, 40, 42]}",,ok
BATA,2014,7391089.0,,,5909365.0,1977612.0,13767156.0,8388033,5379123,1339412,383689.0,,,,,,thousands,1.0,,"{""sfp"": [39, 38, 40], ""pl"": [40, 39, 41], ""cfs"": [41, 40, 42]}",,ok
BATA,2015,8239266,2188074,6051192,6684071,2025534,14781520.0,8776323,6005197,1445500,455334,2967199,,,,,thousands,1.0,,"{""sfp"": [39, 38, 40], ""pl"": [40, 39, 41], ""cfs"": [41, 40, 42]}",,ok
BATA,2016,9084556,2421962,6662594,7585132,2264332,15082171.0,8888245,6193926,1442016,556941,2901903,,,,,thousands,1.0,,"{""sfp"": [42, 41, 43], ""pl"": [43, 42, 44], ""cfs"": [44, 43, 45]}",,ok
BATA,2017,9524326,2397602,7126724,7930147,2235773,15496810.0,8875974,6620836,1524466,610138,,,,,,thousands,1.0,,"{""sfp"": [45, 44, 46], ""pl"": [46, 45, 47], ""cfs"": [47, 46, 48]}",,ok
BATA,2018,10693121,3201794,7491327,8970446,3051863,16795231.0,-9269358.0,7525873.0,1501409.0,1545032,3970853,,,-1127850,1870151,thousands,1.0,,"{""sfp"": [49, 48, 50], ""pl"": [50, 49, 51], ""cfs"": [52, 51, 53]}",L5,review
BATA,2019,15878369,84337,,9259117.0,4325698.0,17424894.0,-9554950,7869944,1088862,1273248.0,,,,-1127190,2072225,thousands,1.0,,"{""sfp"": [49, 48, 50], ""pl"": [50, 49, 51], ""cfs"": [52, 51, 53]}",,ok
BATA,2020,14005481.0,,,7602616.0,3883189.0,11710771.0,-7339804,4370967,,549740.0,,,,-453786,2999834,thousands,1.0,,"{""sfp"": [49, 48, 50], ""pl"": [50, 49, 51], ""cfs"": [52, 51, 53]}",,ok
BATA,2021,15602503,9443082,6159421,9505254,5806866,13983497.0,-7508107,6475390,546089,2108570,3978771,,,-181614,1927821,thousands,1.0,,"{""sfp"": [49, 48, 50], ""pl"": [50, 49, 51], ""cfs"": [52, 51, 53]}",,ok
BATA,2022,16342563.0,,,10032408.0,7022929.0,17733994.0,-9144994,8589000,874288,2085946.0,,,,-979700,1840386,thousands,1.0,,"{""sfp"": [57, 56, 58], ""pl"": [58, 57, 59], ""cfs"": [60, 59, 61]}",,ok
BATA,2023,16549152.0,,5682024.0,10100366.0,7939403.0,19262623,-10116127,9146496,916288,1570298.0,,,,-1163218,3153394,thousands,1.0,,"{""sfp"": [59, 58, 60], ""pl"": [60, 59, 61], ""cfs"": [62, 61, 63]}",,ok
BATA,2024,14878242.0,,5546125.0,8749010.0,6556747.0,18332461,-9318309,9014152,850730,544344.0,,,,-919680,-128246,thousands,1.0,,"{""sfp"": [68, 67, 69], ""pl"": [69, 68, 70], ""cfs"": [71, 70, 72]}",,ok
BATA,2025,13585445.0,,3167870.0,6626512.0,7392702.0,17776670,-10756612,7020058,850730.0,983747.0,3994064.0,,,,2460297,thousands,1.0,,"{""sfp"": [88, 87, 89], ""pl"": [89, 88, 90], ""cfs"": [91, 90, 92]}",,ok
BCL,2013,1344396.027,,,1105246.961,724460.51,,-1585028.676,160945.42,22884.339,11336.742,312183.715,,,,,thousands,0.001,,"{""sfp"": [44, 43, 45], ""pl"": [], ""cfs"": []}",,ok
BCL,2014,1029661,589350,440311,761620,563652,1111227,-1133183,-21956,-105526,,391174,,,,46340,thousands,1.0,,"{""sfp"": [46, 45, 47], ""pl"": [47, 46, 48], ""cfs"": [49, 48, 50]}",L5,review
BCL,2015,1203672.484,727067.375,476605.109,948798.909,687216.639,1695718.102,-1506267.955,,,8890.582,489320.254,,,,,thousands,0.001,,"{""sfp"": [44, 43, 45], ""pl"": [], ""cfs"": []}",,ok
BCL,2016,925007.039,472345.624,452661.415,658260.391,387392.441,1333475.781,-1192599.912,140875.869,25869.803,12952.661,280698.434,,,,,thousands,0.001,,"{""sfp"": [61, 60, 62], ""pl"": [], ""cfs"": []}",,ok
BCL,2017,895116.288,320968.245,574148.043,641460.537,234113.288,1744098.049,-1497470.471,246627.578,97775.985,9554.186,290062.182,,,,,thousands,0.001,,"{""sfp"": [62, 61, 63], ""pl"": [], ""cfs"": []}",,ok
BCL,2018,1056897.591,417379.566,,772744.934,332973.488,2299931.172,-1971729.326,328201.846,133401.916,20681.061,510819.006,,,,,thousands,0.001,,"{""sfp"": [62, 61, 63], ""pl"": [], ""cfs"": []}",,ok
BCL,2019,1182266.418,800464.88,,808413.927,745230.635,,-1663413.135,,,12821.986,307234.973,,,,,thousands,0.001,,"{""sfp"": [66, 65, 67], ""pl"": [], ""cfs"": []}",,ok
BCL,2020,933114.448,838721.898,94392.55,56102.053,722948.655,,-1420700.485,-88132.365,-271688.324,6408.17,172157.921,,,,,thousands,0.001,,"{""sfp"": [66, 65, 67], ""pl"": [], ""cfs"": []}",L5,review
BCL,2021,1011590.668,804068.03,207522.638,668320.572,740459.771,,-2115499.302,,,58747.791,359077.415,,,,,thousands,0.001,,"{""sfp"": [67, 66, 68], ""pl"": [], ""cfs"": []}",,ok
BCL,2022,1147946.728,919259.3,228687.428,820121.515,890404.634,,-2534972.9,215207.913,15321.366,81668.301,436446.901,,,,,thousands,0.001,,"{""sfp"": [67, 66, 68], ""pl"": [], ""cfs"": []}",,ok
BCL,2023,929521.492,729574.255,199947.237,641121.353,701011.915,,-1957962.301,206945.684,,30029.049,313746.345,,,,,thousands,0.001,,"{""sfp"": [67, 66, 68], ""pl"": [], ""cfs"": []}",L5,review
BCL,2024,987944.468,652396.223,335548.245,768392.383,563469.23,,-2809936.212,580238.788,,43495.992,415505.286,,,,,thousands,0.001,,"{""sfp"": [65, 64, 66], ""pl"": [], ""cfs"": []}",,ok
BCL,2025,796777.622,475415.559,321362.063,585096.607,445477.442,,-1555889.947,156751.92,,29520.607,243038.159,,,,,thousands,0.001,,"{""sfp"": [72, 71, 73], ""pl"": [], ""cfs"": []}",,ok
BCML,2014,,,,,,1927396,1693683,,,,,,,,,thousands,1.0,,"{""sfp"": [], ""pl"": [42, 43], ""cfs"": []}",,ok
BCML,2015,1833788,621945,1211843,407179,346710,1757969,1764254,,-85587,,309812,1350262,,,251176,thousands,1.0,,"{""sfp"": [16], ""pl"": [17], ""cfs"": [18]}",,ok
BCML,2017,2323528.0,967412.0,,723017.0,771525.0,1649638,1594540,55098,-29601,,614915.0,,,,,thousands,1.0,,"{""sfp"": [21, 20, 22], ""pl"": [22, 21, 23], ""cfs"": [23, 22, 24]}",,ok
BCML,2018,2637714,1268963,1368751,815533,1037531,1890012,1923534,-33522,-138936,,672394,1584212,,,-54102,thousands,1.0,,"{""sfp"": [33, 39], ""pl"": [34], ""cfs"": [35]}",L2,ok
BCML,2019,3007647,1686136,1321511,1063252,1407826,2218285.0,2096805,121480,-39018,,885385,,,,,thousands,1.0,,"{""sfp"": [35, 34, 36], ""pl"": [36, 35, 37], ""cfs"": [37, 36, 38]}",,ok
BCML,2020,2449359,1460539,988820,532353,1203320,1548962,1667023,-118061,-387598,,430898,1681485,,,437490,thousands,1.0,,"{""sfp"": [39], ""pl"": [40], ""cfs"": [41]}",,ok
BCML,2021,1839403,1220564,618839,339476,1088032,388102,523068,-134966,-272144,25562,,1248822,,,154854,thousands,1.0,,"{""sfp"": [34], ""pl"": [35], ""cfs"": [37]}",,ok
BECO,2021,4605924,9193083,-4587159,4605924,9193083,230770190,-226741864,4028326,2323391,1374715,,,,,-120976868,thousands,1.0,,"{""sfp"": [26], ""pl"": [27, 28], ""cfs"": [30]}",L3,ok
BECO,2022,4548262.79,1187123.21,3361139.58,1483934.165,1187123.21,6310320.105,6014357.2,295962.905,190521.239,35332.519,458151.183,3014759.336,,,-113632.295,thousands,0.001,,"{""sfp"": [39], ""pl"": [40, 41], ""cfs"": [43]}",L3,ok
BECO,2023,,,,,,3752110.358,-3772137.44,-20027.082,-204125.431,,,,,,,thousands,0.001,,"{""sfp"": [], ""pl"": [], ""cfs"": []}",,ok
BECO,2024,7168597.339,4083550.244,3085047.095,3405276.371,4083550.244,3098016.876,-2874655.97,,190521.0,18632.81,2137555.97,,,,,thousands,0.001,,"{""sfp"": [37, 36, 38], ""pl"": [], ""cfs"": []}",,ok
BECO,2025,7665732.839,44.399,,4021511.045,4305751.279,7451485.486,-7065229.733,386255.753,,15358.322,2033470.745,,,,,thousands,0.001,,"{""sfp"": [62, 61, 63], ""pl"": [], ""cfs"": []}",L5,review
BERG,2013,3038430,2389521,648909,2186828,2273246,4167303,3238930,928373,60018,217345,875915,,,,-18842,thousands,1.0,,"{""sfp"": [35, 34, 36], ""pl"": [36, 35, 37], ""cfs"": [38, 37, 39]}",,ok
BERG,2014,,,,,,4500893,3411771,1089122,97508,261464,,,,,-51689,thousands,1.0,,"{""sfp"": [45, 103, 135, 137, 150, 151, 153, 154], ""pl"": [46, 104, 118], ""cfs"": [48, 47, 49, 106]}",,ok
BERG,2015,3547483,2361145,1186338,2358023,2241926,4301830,-3146498,1155332,109153,191738,717550,,,,292801,thousands,1.0,,"{""sfp"": [51, 112], ""pl"": [52, 113], ""cfs"": [54, 53, 55, 115]}",,ok
BERG,2016,,,,,,5081749,-3534578,1547171,184777,,,,,-29424,393488,thousands,1.0,,"{""sfp"": [60, 126], ""pl"": [61, 151], ""cfs"": [63, 62, 64, 155]}",,ok
BERG,2017,4188979,2761334,1427645,2817178,2503094,5122570,-3632609,1489961,202111,44356,1018236,,,-137750,60597,thousands,1.0,,"{""sfp"": [61, 60, 62, 129], ""pl"": [62, 61, 63], ""cfs"": [64, 63, 65, 132]}",,ok
BERG,2018,4270644,2750983,1519661,2819267,2529426,5453221,-4148718,1304503,102105,21420,1015911,,,,,thousands,1.0,,"{""sfp"": [76, 75, 77, 188], ""pl"": [77, 76, 78], ""cfs"": []}",,ok
BERG,2019,4346981,2766712,1580269,2978925,2523028,5120444,-4004021,1116423,100825,76625,917368,,,,,thousands,1.0,,"{""sfp"": [76, 75, 77, 150], ""pl"": [77, 76, 78], ""cfs"": []}",,ok
BERG,2020,4554960,2499937,2055022,2757500,2227916,4177951,-3301617,876334,74307,40635,1085933,1638058,,,,thousands,1.0,,"{""sfp"": [13, 18], ""pl"": [14, 15], ""cfs"": []}",,ok
BERG,2021,5011615,2786242,2225373,3224445,2557000,5602160,-4485600,1116560,195221,44476,1225895,1634795,,-19596,427980,thousands,1.0,,"{""sfp"": [5], ""pl"": [6], ""cfs"": [8]}",,ok
BERG,2022,,,2345712.0,4175338.0,3251631.0,7073478,-5851468,1222010,201886,223671.0,,1628161.0,,-82564,-46577,thousands,1.0,,"{""sfp"": [34, 33, 35, 148], ""pl"": [35, 34, 36], ""cfs"": [37, 36, 38]}",,ok
BERG,2023,6612759.0,3416956.0,,4167970.0,2718337.0,7341615,-5858052,1483113,240061,47078.0,,2306831.0,,-75559,569867,thousands,1.0,,"{""sfp"": [69, 68, 70, 147], ""pl"": [70, 69, 71, 148], ""cfs"": [72, 71, 73, 150]}",L2,ok
BERG,2024,7149891,3707351,3468047,4748363,3083496,,-6822625.0,1721282.0,262863,66172,1396960,,,,-35226,thousands,1.0,,"{""sfp"": [67, 66, 68, 149, 222, 224], ""pl"": [68, 67, 69, 207], ""cfs"": [71, 70, 72, 151]}",L5;L5,review
BERG,2025,7929232,4248025,3681207,5448237,3768370,8944694,-7090721,1853973,298523,295706,1540911,,,-97145,101497,thousands,1.0,,"{""sfp"": [73, 72, 74, 155], ""pl"": [74, 73, 75, 156], ""cfs"": [77, 76, 78, 159]}",,ok
BFMOD,2013,128506.544,,,128506.544,131206.544,,,,1995.425,3813.078,,,,,,thousands,0.001,,"{""sfp"": [], ""pl"": [], ""cfs"": []}",,ok
BFMOD,2014,136538.27,,,136538.27,140322.182,,,,4436.882,46427.873,,,,,,thousands,0.001,,"{""sfp"": [], ""pl"": [], ""cfs"": []}",,ok
BFMOD,2015,151722.498,,,151722.498,151722.498,,,,9116.126,24152.746,,,,,,thousands,0.001,,"{""sfp"": [], ""pl"": [], ""cfs"": []}",,ok
BFMOD,2016,157758.779,,,200788.779,157758.779,,,,10224.767,29155.953,,,,,,thousands,0.001,,"{""sfp"": [], ""pl"": [], ""cfs"": []}",,ok
BFMOD,2017,158951.662,,,195531.662,158951.663,,,,15880.026,6900.266,,,,,,thousands,0.001,,"{""sfp"": [], ""pl"": [], ""cfs"": []}",,ok
BFMOD,2018,140777.612,,,140777.612,140777.612,,,,3717.282,24943.033,,,,,,thousands,0.001,,"{""sfp"": [], ""pl"": [], ""cfs"": []}",,ok
BFMOD,2019,126315.076,,,136422.166,126315.076,,,,1781.53,12875.792,,,,,,thousands,0.001,,"{""sfp"": [], ""pl"": [], ""cfs"": []}",,ok
BFMOD,2020,131404.105,4873.465,126530.64,28290.432,4873.465,10866.537,,,2656.552,24738.062,,27.023,,,7780.355,thousands,0.001,,"{""sfp"": [12, 15], ""pl"": [16, 17], ""cfs"": [18]}",,ok
BFMOD,2021,148957.143,,,7563.597,148957.143,,,,5506.09,2551.491,,,,,,thousands,0.001,,"{""sfp"": [], ""pl"": [], ""cfs"": []}",,ok
BFMOD,2022,124130.594,,,9342.72,124900.723,,,,,2485.415,,,,,,thousands,0.001,,"{""sfp"": [], ""pl"": [], ""cfs"": []}",,ok
BFMOD,2023,113710.002,,,66165.767,113710.021,,,,-5999.11,1573.03,,,,,,thousands,0.001,,"{""sfp"": [], ""pl"": [], ""cfs"": []}",,ok
BFMOD,2024,145590.838,,,76287.418,145590.836,,,,,11553.945,,,,,,thousands,0.001,,"{""sfp"": [], ""pl"": [], ""cfs"": []}",,ok
BFMOD,2025,145590.838,,,76287.418,145590.836,,,,,11553.945,,,,,,thousands,0.001,,"{""sfp"": [], ""pl"": [], ""cfs"": []}",L3,ok
BGL,2014,2105353,,,648460,1468158,2203968,2433151,-229183,-568533,49276,140467,1456893,,,-122898,thousands,1.0,,"{""sfp"": [18], ""pl"": [19, 20], ""cfs"": [21]}",,ok
BGL,2015,1999166,4417329,-2418163,548844,1637102,1605793,1747667,-141874,-459487,10715,65003,1450322,,,-83682,thousands,1.0,,"{""sfp"": [5, 16, 17], ""pl"": [6, 18], ""cfs"": [8, 20]}",L3,ok
BGL,2017,2355996,2169173,186823,879843,1664255,674149.0,939381.0,-265232.0,-491751,192593,163374,,,,,thousands,1.0,,"{""sfp"": [30, 29, 31], ""pl"": [32], ""cfs"": [33, 32, 34]}",,ok
BGL,2018,2787201.0,,,650762.0,1256396.0,475518,-676103,-200585,-284034,,,,,,,thousands,1.0,,"{""sfp"": [33, 32, 34], ""pl"": [34, 33, 35], ""cfs"": [37, 36, 38]}",,ok
BGL,2019,3144800.0,,,1029331.0,1686257.0,1121781,-1225689,-103908,-135623,,,,,,,thousands,1.0,,"{""sfp"": [33, 32, 34], ""pl"": [34, 33, 35], ""cfs"": [37, 36, 38]}",,ok
BGL,2020,2749635.0,,,716321.0,1594735.0,1494183.0,-1538632.0,-44449.0,-464205,145484.0,,,,,,thousands,1.0,,"{""sfp"": [33, 32, 34], ""pl"": [34, 33, 35], ""cfs"": [37, 36, 38]}",,ok
BGL,2021,3117599.0,,,390279.0,1502990.0,1252220,-1134721,117499,25457,47382.0,,,,,188442,thousands,1.0,,"{""sfp"": [33, 32, 34], ""pl"": [34, 33, 35], ""cfs"": [37, 36, 38]}",,ok
BGL,2022,3061089.0,,,572954.0,1802394.0,1346050,-1516629,-170579,-269442,,,,,,,thousands,1.0,,"{""sfp"": [37, 36, 38], ""pl"": [38, 37, 39], ""cfs"": [41, 40, 42]}",,ok
BGL,2023,2535732.0,,,323550.0,1621861.0,186006,-379696,-193690,-135055,,,,,,,thousands,1.0,,"{""sfp"": [36, 35, 37], ""pl"": [37, 36, 38], ""cfs"": [40, 39, 41]}",L3,ok
BGL,2024,4426333,,,868675,2474640,161345,-448027,-286682,-508722,215322,,,,,-247256,thousands,1.0,,"{""sfp"": [43, 42, 44], ""pl"": [44, 43, 45], ""cfs"": [47, 46, 48]}",,ok
BGL,2025,3905089.0,,,568068.0,2209355.0,717833,-1181622,-463789,-713459,28092.0,,,,,-781025,thousands,1.0,,"{""sfp"": [40, 39, 41], ""pl"": [41, 40, 42], ""cfs"": [44, 43, 45]}",,ok
BHAT,2013,4405622.676,,,2822475.889,1303307.032,6997416.846,5904141.881,1093274.965,586996.349,53183.616,2127754.269,,,,,thousands,0.001,,"{""sfp"": [16, 15, 17], ""pl"": [], ""cfs"": []}",,ok
BHAT,2014,5317291.01,,,3039511.414,1252150.507,8060771.943,7094889.744,965882.199,408263.002,30434.591,2164138.832,,,,,thousands,0.001,,"{""sfp"": [15, 14, 16], ""pl"": [], ""cfs"": []}",,ok
BHAT,2015,4721450.026,1294423.652,3427026.374,2597797.889,497896.695,7350098.065,6708564.222,641533.843,,177071.027,1511681.396,,,,,thousands,0.001,,"{""sfp"": [14, 13, 15], ""pl"": [53], ""cfs"": []}",L5,review
BHAT,2016,4705215.472,,,2720643.471,493104.83,6637411.409,5953046.999,684364.41,,65285.675,1742764.49,,,,,thousands,0.001,,"{""sfp"": [14, 13, 15], ""pl"": [], ""cfs"": []}",,ok
BHAT,2017,5895145.725,,,3784088.423,1301102.267,6837254.892,6082970.918,754283.974,,39785.959,2713408.274,,,,,thousands,0.001,,"{""sfp"": [16, 15, 17], ""pl"": [], ""cfs"": []}",,ok
BHAT,2018,645592.824,,,3790734.6,1089455.868,8073845.411,7205449.439,868395.972,,68266.023,2347207.583,,,,,thousands,0.001,,"{""sfp"": [20, 19, 21], ""pl"": [], ""cfs"": []}",L5;L3;L2,review
BHAT,2019,8405927.87,,,5183986.15,1897523.411,9347772.864,8054100.783,,,143722.461,3569018.484,,,,,thousands,0.001,,"{""sfp"": [22, 21, 23], ""pl"": [], ""cfs"": []}",L3,ok
BHAT,2020,8788870.309,,,5733760.595,2256904.54,8923611.447,8100058.95,,,114394.432,3956409.702,,,,,thousands,0.001,,"{""sfp"": [23, 22, 24], ""pl"": [], ""cfs"": []}",,ok
BHAT,2021,,,,,,12158113.068,9426415.558,2731697.51,1850706.203,,,,,-54.063,3274465.088,thousands,0.001,,"{""sfp"": [], ""pl"": [33], ""cfs"": [36]}",,ok
BHAT,2022,,,,,,17252509.05,13178129.028,4074380.022,,,,,,,,thousands,0.001,,"{""sfp"": [34, 33, 35], ""pl"": [], ""cfs"": []}",,ok
BHAT,2023,26223693.726,15488208.027,,,,18545108.053,15554879.715,2990228.338,,,,,,,,thousands,0.001,,"{""sfp"": [34, 33, 35], ""pl"": [], ""cfs"": []}",,ok
BHAT,2024,26664941.156,15801827.474,10863113.682,17548239.301,11427657.85,33057244.654,-30023432.811,3033811.843,,736372.277,11747332.888,,,,,thousands,0.001,,"{""sfp"": [41, 40, 42], ""pl"": [], ""cfs"": []}",,ok
BHAT,2025,26925012.629,15962857.152,10962155.477,18002690.467,12002814.597,32907546.738,-30319406.416,2588140.322,,171836.812,12016094.917,,,,,thousands,0.001,,"{""sfp"": [42, 41, 43], ""pl"": [], ""cfs"": []}",,ok
BIFO,2013,910861.969,344819.099,566042.87,651361.948,302749.974,1284690.774,-827242.174,457448.6,286261.265,16432.63,135643.593,257352.267,,,,thousands,0.001,,"{""sfp"": [16, 15, 17], ""pl"": [], ""cfs"": []}",L2,ok
BIFO,2014,1038582.983,404236.232,634346.751,753242.826,371532.521,1264579.133,-727123.298,537455.835,318641.161,13463.914,161265.019,283729.557,,,,thousands,0.001,,"{""sfp"": [19, 18, 20], ""pl"": [], ""cfs"": []}",L2,ok
BIFO,2015,1373317.619,457206.036,916111.583,815368.043,428960.747,1401982.1,-780523.845,621458.255,392541.62,34401.396,125944.075,556370.976,,,,thousands,0.001,,"{""sfp"": [19, 18, 20], ""pl"": [], ""cfs"": []}",L2,ok
BIFO,2016,1469694.857,545148.228,924546.629,901170.778,507826.01,1447883.189,-772383.456,675499.733,398435.046,29908.284,171452.185,534102.175,,,,thousands,0.001,,"{""sfp"": [19, 18, 20], ""pl"": [], ""cfs"": []}",L2,ok
BIFO,2017,1424805.473,511288.996,913516.477,854241.195,477156.517,1199632.223,-641340.658,558291.565,320578.624,28432.88,142752.225,536943.456,,,,thousands,0.001,,"{""sfp"": [28, 27, 29], ""pl"": [], ""cfs"": []}",L2,ok
BIFO,2018,1608835.442,645745.996,963089.446,1044979.997,615751.797,1678537.097,-841706.262,836830.835,532610.367,25630.333,180984.146,531030.305,,,,thousands,0.001,,"{""sfp"": [34, 33, 35], ""pl"": [], ""cfs"": []}",,ok
BIFO,2019,2272281.421,867041.717,1405239.704,1193880.653,811823.037,,,,359892.004,40534.57,319847.583,1046351.416,,,,thousands,0.001,,"{""sfp"": [37, 36, 38], ""pl"": [], ""cfs"": []}",,ok
BIFO,2020,2252505.247,774736.021,1477769.226,1163410.372,697254.769,1586550.076,-1022846.086,563703.99,245870.647,43269.28,383602.284,1057817.867,,,,thousands,0.001,,"{""sfp"": [32, 31, 33], ""pl"": [], ""cfs"": []}",,ok
BIFO,2021,,,1544246,,,,,,,,,1205020,,,,thousands,1.0,,"{""sfp"": [22, 21, 23], ""pl"": [22, 21, 23], ""cfs"": []}",,ok
BIFO,2022,3653.501,,,1593672.292,1593672.292,,-1086118.585,581981.002,247729.187,71855.534,542924.259,,,,,thousands,0.001,,"{""sfp"": [33, 32, 34], ""pl"": [], ""cfs"": []}",,ok
BIFO,2023,,,,1812484.41,1771973.467,,-1529135.366,1183962.723,607678.955,65061.864,701685.072,,,,,thousands,0.001,,"{""sfp"": [35, 34, 36], ""pl"": [], ""cfs"": []}",,ok
BIFO,2024,3601270.83,665157.559,,1352677.162,1398783.512,,-1389584.113,1015497.482,295027.465,85126.346,664272.833,,,,,thousands,0.001,,"{""sfp"": [35, 34, 36], ""pl"": [], ""cfs"": []}",,ok
BIFO,2025,,,,2144143.343,1097274.155,,-1865125.936,1036960.575,389489.921,81067.993,823271.446,,,,,thousands,0.001,,"{""sfp"": [35, 34, 36], ""pl"": [], ""cfs"": []}",,ok
BILF,2013,,1055244.994,293936.854,290650.105,313164.492,1823174.371,-1688216.858,134957.513,,6689.882,185.158,,,,,thousands,0.001,,"{""sfp"": [12, 11, 13], ""pl"": [], ""cfs"": []}",L5;L5,review
BILF,2014,,,,,,2042478.025,-1936368.752,106109.273,,9087.624,,,,,,thousands,0.001,,"{""sfp"": [12, 11, 13], ""pl"": [], ""cfs"": []}",,ok
BILF,2015,,,,,,1638363.952,-1708276.608,,-126493.208,5843.916,,,,,,thousands,0.001,,"{""sfp"": [12, 11, 13], ""pl"": [], ""cfs"": []}",,ok
BILF,2016,,,,,,1067924.088,-1222800.142,-154876.054,-152123.035,411.768,,,,,,thousands,0.001,,"{""sfp"": [13, 12, 14], ""pl"": [], ""cfs"": []}",,ok
BILF,2017,,,,,408745.567,,,,,,,,,,,thousands,0.001,,"{""sfp"": [12, 11, 13], ""pl"": [], ""cfs"": []}",,ok
BILF,2018,,,,,,,,,,369.276,,,,,,thousands,0.001,,"{""sfp"": [23, 22, 24], ""pl"": [], ""cfs"": []}",,ok
BILF,2019,,,,,,,,,-8681.685,,,,,,3925.117,thousands,0.001,,"{""sfp"": [22], ""pl"": [23], ""cfs"": [26]}",,ok
BILF,2020,,,,,,,,,-29953.473,,,,,,7846.883,thousands,0.001,,"{""sfp"": [28], ""pl"": [29], ""cfs"": [32]}",,ok
BILF,2021,1066529.761,964012.613,102517.148,83773.384,860675.435,,,,-5296.089,622.54,57872.747,373410.73,,,4180.335,thousands,0.001,,"{""sfp"": [26], ""pl"": [27], ""cfs"": [30]}",,ok
BILF,2022,1060710.73,1013751.552,46959.178,82698.967,1006190.542,,,,-55557.97,445.25,57872.747,354570.907,,,7712.711,thousands,0.001,,"{""sfp"": [26], ""pl"": [27], ""cfs"": [30]}",,ok
BILF,2023,,,23492.708,,,,,,-23466.47,,,,,,-54.72,thousands,0.001,,"{""sfp"": [26, 29], ""pl"": [27, 28], ""cfs"": [30]}",,ok
BILF,2024,1020930.011,1017617.591,3312.42,82576.247,1010056.581,,,,-20180.288,440.53,57872.747,319718.383,,,-754.537,thousands,0.001,,"{""sfp"": [32], ""pl"": [33, 34], ""cfs"": [36]}",L3,ok
BIPL,2013,86856.0,80613.0,,,,,,,,,,,,,3107131,thousands,1.0,,"{""sfp"": [], ""pl"": [28], ""cfs"": [52]}",,ok
BIPL,2014,101984.0,95117.0,,,,,,,,,,,,,809455,thousands,1.0,,"{""sfp"": [], ""pl"": [14], ""cfs"": [61]}",,ok
BIPL,2018,215743256,201228441,14514815,,,,,,212664,14292752,,,,,190873,thousands,1.0,,"{""sfp"": [70, 186], ""pl"": [71, 72, 187], ""cfs"": [74, 73, 75, 190]}",L5;L5,review
BIPL,2019,283096494,263400162,19696332,,,12423575,,,1087338,14640163,,,,,17027070,thousands,1.0,,"{""sfp"": [97, 208, 209, 261, 264], ""pl"": [98, 99, 210, 285], ""cfs"": [101, 100, 102, 212]}",L5;L5,review
BIPL,2020,336297298,316402125,19895173,,,,,,,22034025,,,,,60388670,thousands,1.0,,"{""sfp"": [110, 111, 112, 114, 213, 285], ""pl"": [147, 214, 159, 172, 174], ""cfs"": [217, 177, 178, 179, 181]}",,ok
BIPL,2021,408390174,385878972,22511202,,,,,,,24552347,,,,,26330721,thousands,1.0,,"{""sfp"": [107, 204, 207, 276], ""pl"": [108, 239], ""cfs"": [111, 110, 112, 240]}",,ok
BIPL,2022,487239112,460788711,26450401,,,,,,4439635,39972702,,14189370,,,70942572,thousands,1.0,,"{""sfp"": [116, 210], ""pl"": [118], ""cfs"": [120, 119, 121, 214]}",,ok
BIPL,2023,654865896,618400000.0,36465918,,,92756237,52752505,40183732,11045099,41287071,,16139569,,-2847335,141688927,thousands,1.0,,"{""sfp"": [107, 172, 173, 174, 175, 204, 269, 271, 272], ""pl"": [34, 108, 207, 269, 271, 272], ""cfs"": [111, 110, 112, 237]}",L5;L5,ok
BIPL,2024,737834025,689524749,48309276,,,,,,11833541,41093952,,,,-2939378,37004436,thousands,1.0,,"{""sfp"": [101, 166, 171, 175, 177, 178, 208], ""pl"": [102, 103, 209, 211], ""cfs"": [105, 104, 106, 220]}",L5;L5;L5,review
BIPL,2025,771342878,722728970,48309276,,,74233332,,,35683981,71821007,,,,-3032645,29828669,thousands,1.0,,"{""sfp"": [103, 179, 209, 210, 288, 289], ""pl"": [104, 210, 178, 288, 289], ""cfs"": [107, 106, 108, 211]}",L3,ok
BIPLS,2016,2377337,1296637,1080758,1552186,1146579,243633,,,19115,644614,,28165,,,115601,thousands,1.0,,"{""sfp"": [36, 49, 52, 58, 68, 81], ""pl"": [37, 54, 55, 69, 70], ""cfs"": [38, 66]}",,ok
BIPLS,2018,1825951,951686,874265,1203967,801686,,,,,546138,,,,,,thousands,1.0,,"{""sfp"": [42, 41, 43, 78], ""pl"": [43, 42, 44, 79], ""cfs"": [44, 43, 45, 101]}",,ok
BIPLS,2019,1895960,1142565,753395,1385195,982676,213466,,,-11941,238825,,,,,,thousands,1.0,,"{""sfp"": [37, 36, 38, 100], ""pl"": [38, 37, 39, 23, 101], ""cfs"": [39, 38, 40, 102]}",L2.5;L5;L5,review
BIPLS,2020,2680713.0,,,2264113.0,,,,,,909207.0,,,,,,thousands,1.0,,"{""sfp"": [37, 36, 38, 69], ""pl"": [38, 37, 39, 70], ""cfs"": [39, 38, 40, 71]}",,ok
BIPLS,2021,2108374.0,,,1755494.0,1026085.0,,,,,865752.0,,,,,,thousands,1.0,,"{""sfp"": [40, 39, 41, 72], ""pl"": [41, 40, 42, 73], ""cfs"": [42, 41, 43, 74]}",L2.5,review
BNL,2018,2369210.139,952461.481,1416748.658,558517.109,537089.601,,,,138164.115,5023.651,241751.18,,,,,thousands,0.001,,"{""sfp"": [24, 23, 25], ""pl"": [], ""cfs"": []}",L5;L5,review
BNL,2019,,,,15364.897,508453.095,,,,112375.308,,,,,,,thousands,0.001,,"{""sfp"": [], ""pl"": [], ""cfs"": []}",,ok
BNL,2020,2676874.461,,,1191304.148,849194.061,,,,,,,,,,,thousands,0.001,,"{""sfp"": [], ""pl"": [], ""cfs"": []}",,ok
BNL,2021,3421541.571,1649339.235,1772202.335,922969.969,78.362,,-2627641.418,942403.835,177952.713,28788.91,362986.413,,,,,thousands,0.001,,"{""sfp"": [23, 22, 24], ""pl"": [], ""cfs"": []}",L5,review
BNL,2022,3798338.049,,1903883.323,1142089.378,1122945.69,,-3478245.931,990656.666,138958.781,1445.986,489166.59,2353853.14,,,,thousands,0.001,,"{""sfp"": [27, 26, 28], ""pl"": [], ""cfs"": []}",,ok
BNL,2023,4060635.376,,,1365310.417,1445699.955,,-4326891.34,1359731.299,131504.283,6416.211,590163.027,,,,,thousands,0.001,,"{""sfp"": [28, 27, 29], ""pl"": [], ""cfs"": []}",,ok
BNL,2024,4142143.796,2315951.542,1826192.254,1382831.109,1732337.677,,-5585396.742,1423871.032,,895.66,445329.325,,,,,thousands,0.001,,"{""sfp"": [28, 27, 29], ""pl"": [], ""cfs"": []}",,ok
BNL,2025,4729355.34,2081909.771,2647445.569,1421208.851,1453303.983,,-5445332.378,1935015.38,,35221.55,486695.791,,,,,thousands,0.001,,"{""sfp"": [44, 43, 45], ""pl"": [], ""cfs"": []}",,ok
BNWM,2014,1918192,453055,1465137,689877,218006,788882,562529,226353,131640,,416380,862146,,,119922,thousands,1.0,,"{""sfp"": [21], ""pl"": [22], ""cfs"": [23]}",,ok
BNWM,2015,2009406,475928,1533478,779446,238919,796977,548634,248343,62897,,472266,862246,,,101237,thousands,1.0,,"{""sfp"": [20], ""pl"": [21], ""cfs"": [16, 22]}",,ok
BNWM,2018,3332366.0,650639.0,,1121266.0,514118.0,838619,565785,272834,51303,,619289.0,,,,,thousands,1.0,,"{""sfp"": [34, 33, 35], ""pl"": [35, 34, 36], ""cfs"": [36, 35, 37]}",L2.5,review
BNWM,2019,3007647,1686136,1321511,1063252,1407826,684911.0,517942,166969,-17083,,533053.0,,,-20390,-69708,thousands,1.0,,"{""sfp"": [34, 33, 35, 51, 52], ""pl"": [35, 34, 36], ""cfs"": [37, 36, 38]}",L2.5;L2.5;L5;L5;L5;L5,review
BNWM,2020,3438770,678177,2760593,1061079,554679,328713,220703,108010,-108647,,676110,1278910,,,18814,thousands,1.0,,"{""sfp"": [26, 28], ""pl"": [27], ""cfs"": [29]}",,ok
BNWM,2021,3475700,648849,2826851,1063102,519019,699135,509252,189883,95722,15933,699441,1256023,,,105763,thousands,1.0,,"{""sfp"": [35], ""pl"": [36], ""cfs"": [38]}",,ok
BNWM,2022,3600449,707242,2893207,1152127,547006,969515,731147,238368,-662395,31011,670592,1252019,,,66373,thousands,1.0,,"{""sfp"": [41], ""pl"": [42], ""cfs"": [44]}",,ok
BNWM,2023,3641903,798272,2843631,1231653,583776,1038734,771901,266833,-343161,55186,647293,1574146,,,67741,thousands,1.0,,"{""sfp"": [41, 43], ""pl"": [42], ""cfs"": [44]}",,ok
BNWM,2024,3891262,758219,3133043,1168196,554968,891268.0,659266,232002,306214,,815116,,,,,thousands,1.0,,"{""sfp"": [45, 44, 46], ""pl"": [46, 45, 47], ""cfs"": []}",,ok
BNWM,2025,3851127,816651,3034476,1258155,591284,968556.0,696335,272221,306214.0,,995099,,,,,thousands,1.0,,"{""sfp"": [50, 49, 51], ""pl"": [51, 50, 52], ""cfs"": []}",,ok
BOK,2013,108170.0,,,,,,,,,,,,,,,thousands,1.0,,"{""sfp"": [], ""pl"": [], ""cfs"": []}",,ok
BOK,2014,38811.0,,,,,,,,,,,,,,,thousands,1.0,,"{""sfp"": [52, 120], ""pl"": [53], ""cfs"": [56, 55, 57]}",,ok
BOK,2015,50794.0,,,,,5646803,,,,,,,,-992566,24578335,thousands,1.0,,"{""sfp"": [65, 136], ""pl"": [66], ""cfs"": [69, 68, 70]}",,ok
BOK,2016,,,,,,,,,,,,,,-1240534,55468753,thousands,1.0,,"{""sfp"": [58, 126], ""pl"": [59, 127], ""cfs"": [62, 61, 63]}",,ok
BOK,2017,,,,,,,,,,,,,,-1488860,-3663312,thousands,1.0,,"{""sfp"": [60, 131], ""pl"": [61, 132], ""cfs"": [64, 63, 65]}",,ok
BOK,2018,223095.0,,,,,,,,466099.0,,,,,-1500928,-36733783,thousands,1.0,,"{""sfp"": [37], ""pl"": [38, 37, 39], ""cfs"": [41, 40, 42]}",,ok
BOK,2019,306305.0,,,,,6029987,,,1306039,,,,,,55553621,thousands,1.0,,"{""sfp"": [38], ""pl"": [39, 38, 40], ""cfs"": [42, 41, 43]}",,ok
BOK,2020,288300.0,,,,,9639542,,,2151783,,,,,-500213,-31725542,thousands,1.0,,"{""sfp"": [29], ""pl"": [30, 31], ""cfs"": [33, 32, 34]}",L5,review
BOK,2021,358606.0,,,,,7812067,,,1103627,,,,,-1464743,78723634,thousands,1.0,,"{""sfp"": [33], ""pl"": [34], ""cfs"": [37, 36, 38]}",L5,review
BOK,2022,,,,,,8533252,,,454864,,,,,,-15404042,thousands,1.0,,"{""sfp"": [37], ""pl"": [38, 39], ""cfs"": [41, 40, 42]}",L5,review
BOK,2023,,,,,,16001583,,,3481277,,,,,,,thousands,1.0,,"{""sfp"": [41], ""pl"": [42, 43], ""cfs"": []}",,ok
BOK,2024,477563867,455664648,21899219,,,18269988,,,3615121,23993,,,,-1639510,58107854,thousands,1.0,,"{""sfp"": [41], ""pl"": [42, 43], ""cfs"": [45, 44, 46]}",L5;L5,review
BOK,2025,453299614,429622924,23676690,,,23126168,,,5815763,25398116,,,,-3668646,407883,thousands,1.0,,"{""sfp"": [41], ""pl"": [42, 43], ""cfs"": [45, 44, 46]}",L5;L5,review
BOP,2018,714379592,676659301,37875744,,,,,,,49427572,,,,,,thousands,1.0,,"{""sfp"": [99, 114, 115, 116, 118, 120, 127, 128, 129, 130, 131, 132, 231, 232, 233, 234], ""pl"": [67, 164, 182, 282], ""cfs"": [69, 68, 70, 165, 183, 281]}",,ok
BOP,2019,,,,,,30696403,,,8248529,,,,,-1982769,178737578,thousands,1.0,,"{""sfp"": [117, 118, 119, 121, 123, 130, 131, 132, 133, 134], ""pl"": [68, 150, 171, 254], ""cfs"": [71, 70, 72, 151, 178]}",L5,review
BOP,2020,,,,,,,,,,,,,,-1982769,,thousands,1.0,,"{""sfp"": [179, 180, 181, 275, 309], ""pl"": [117, 310], ""cfs"": [120, 121]}",,ok
BOP,2022,,,,,,41334580,,,10834207,,,,,,-135981946,thousands,1.0,,"{""sfp"": [203, 316, 319], ""pl"": [204, 298, 315], ""cfs"": [207, 208, 320, 344]}",L2,ok
BOP,2023,2356151854,2291099841,65052013,,,,,,11339185,78017550,,,,,,thousands,1.0,,"{""sfp"": [255, 256, 257, 273, 274, 275, 276, 277, 294, 295, 313, 340, 355, 374, 375, 376, 391, 392, 393, 394, 395, 412], ""pl"": [195, 294, 295, 413], ""cfs"": [295, 294, 296]}",L5;L2,review
BOP,2024,2379979210,2287448065,92531145,,,70845948,,,13375362,100773480,,,,-3271569,,thousands,1.0,,"{""sfp"": [185, 312, 313, 419], ""pl"": [186, 296, 316, 420], ""cfs"": [189, 188, 190, 297, 317]}",L5;L2,review
BOP,2025,2951683767,2847544343,104139424,,,100967949,,,15937630,111746522,,,,-9160394,,thousands,1.0,,"{""sfp"": [186, 409, 410], ""pl"": [187, 410], ""cfs"": [190, 189, 191, 411]}",L5,review
BPBL,2013,11374.0,18795.0,-7421.0,8144.0,795.0,3521.0,,,1925.0,3805.0,3058.0,3105.0,,,,thousands,1.0,,"{""sfp"": [15], ""pl"": [16], ""cfs"": [18, 17, 19]}",L3,ok
BPBL,2014,12480.0,19026.0,-6546.0,9492.0,1026.0,4041.0,,,875.0,5915.0,2501.0,2863.0,,,,thousands,1.0,,"{""sfp"": [14], ""pl"": [15], ""cfs"": [17]}",L3,ok
BPBL,2015,11998.0,18696.0,-6698.0,9229.0,696.0,1802.0,,,-152.0,5642.0,2501.0,2644.0,,,,thousands,1.0,,"{""sfp"": [14], ""pl"": [15], ""cfs"": [17]}",L3,ok
BPBL,2016,12320.0,18786.0,-6466.0,9748.0,786.0,2027.0,,,232.0,5961.0,2501.0,2447.0,,,,thousands,1.0,,"{""sfp"": [13], ""pl"": [14], ""cfs"": [16]}",L3,ok
BPBL,2017,12541.0,18879.0,-6338.0,10146.0,879.0,2283.0,,,128.0,6359.0,2501.0,2270.0,,,,thousands,1.0,,"{""sfp"": [14, 19], ""pl"": [15], ""cfs"": [17]}",L3,ok
BPBL,2018,6903.0,13422.0,-6519.0,4668.0,1422.0,1943.0,,,-181.0,1400.0,1951.0,2110.0,,,,thousands,1.0,,"{""sfp"": [19, 18, 20], ""pl"": [20, 19, 21], ""cfs"": [22, 21, 23]}",L3,ok
BPBL,2019,6535.0,13961.0,-7426.0,4445.0,13961.0,2380.0,,,-907.0,1387.0,1951.0,1965.0,,,,thousands,1.0,,"{""sfp"": [18, 17, 19], ""pl"": [19, 18, 20], ""cfs"": [21, 20, 22]}",L3,ok
BPBL,2021,105702.081,10770.676,94931.405,105702.081,10770.676,,,,,105299.671,,,,,,thousands,0.001,,"{""sfp"": [10, 9, 11], ""pl"": [], ""cfs"": []}",,ok
BPL,2014,825945,,401543,479211,154626,2467544,2319702,147842,28282,317826,11707,200957,,-37242,186022,thousands,1.0,,"{""sfp"": [41], ""pl"": [42], ""cfs"": [43]}",,ok
BPL,2015,1641151,828776,812375,443387,289790,2391891,-2063874,328017,96206,234771,41489,760352,,-44016,174932,thousands,1.0,,"{""sfp"": [37, 43], ""pl"": [38], ""cfs"": [40]}",,ok
BPL,2017,1643693,865374,778319,301658.0,501755.0,1826825,-1617005,209820,29033,111924.0,50755.0,,,,187794,thousands,1.0,,"{""sfp"": [41, 40, 42, 80], ""pl"": [42, 41, 43, 81], ""cfs"": [44, 43, 45, 83]}",,ok
BPL,2018,1750238,977817,772421,402295,600786,2926076,-2693563,232513,19715,110922,95341,,,,68580,thousands,1.0,,"{""sfp"": [51, 50, 52, 97], ""pl"": [98], ""cfs"": [54, 53, 55, 100]}",L5,review
BPL,2019,1731847,912403,819444,437872,523824,3249870,-3034515,215355,25857,173732,75422,,66181,,93135,thousands,1.0,,"{""sfp"": [55, 54, 56, 107, 108], ""pl"": [56, 55, 57, 110], ""cfs"": [58, 57, 59]}",,ok
BPL,2020,1749450,1060294,689156,420223,628523,2582454,2448638,133816,-109829,265197,43901,,,,153889,thousands,1.0,,"{""sfp"": [61, 60, 62, 125], ""pl"": [62, 61, 63], ""cfs"": [64, 63, 65, 129]}",,ok
BPL,2021,1664543,1087976,576567,524134,621404,2591297,-2557808,33489,-119754,92822,19134,,,,-144436,thousands,1.0,,"{""sfp"": [63, 62, 64, 137], ""pl"": [64, 63, 65, 138], ""cfs"": [67, 66, 68, 141]}",,ok
BPL,2022,1696427,1086975,609452,539735,478217,4494627,4328477,166150,26839,96296.0,44925.0,,,,-107251,thousands,1.0,,"{""sfp"": [62, 61, 63, 134], ""pl"": [63, 62, 64, 135], ""cfs"": [66, 65, 67, 138]}",L5,review
BPL,2023,1514973,971393,543580,385177.0,426658.0,3533606,-3382538,151068,-66415,20853.0,26348.0,,,,86008,thousands,1.0,,"{""sfp"": [135, 134, 136], ""pl"": [136, 135, 137], ""cfs"": [139, 138, 140]}",,ok
BPL,2024,1475463,1005539,469924,306239,435397,2377502,-2239558,137944,26839.0,,,816745,,,23651,thousands,1.0,,"{""sfp"": [49, 63, 67, 77, 91, 128], ""pl"": [64, 65, 129, 130], ""cfs"": [66, 131]}",L2,ok
BPL,2025,1301631.0,,,334889.0,572301.0,1658578,-1575471,83107.0,,34965.0,18150.0,,,,,thousands,1.0,,"{""sfp"": [62, 61, 63, 165], ""pl"": [63, 62, 64, 166], ""cfs"": [65, 64, 66, 172]}",,ok
BTL,2013,4149521.741,1728300.278,2421221.463,2147818.933,1144986.462,5765769.907,4952738.039,813031.868,394614.471,36978.537,1570261.938,,,,,thousands,0.001,,"{""sfp"": [16, 15, 17], ""pl"": [], ""cfs"": []}",,ok
BTL,2014,5466062.719,2847037.357,2619025.362,2217504.65,1404996.692,7379595.796,6605290.312,774305.484,233536.46,59251.067,1485039.828,,,,,thousands,0.001,,"{""sfp"": [14, 13, 15], ""pl"": [], ""cfs"": []}",,ok
BTL,2015,4960871.757,2282031.08,2678840.677,1877665.444,1038509.989,7623285.484,6973055.429,650230.055,82000.63,57187.026,1186679.255,,,,,thousands,0.001,,"{""sfp"": [14, 13, 15], ""pl"": [], ""cfs"": []}",,ok
BTL,2016,6120375.062,3361324.389,2759050.673,2593541.75,1765146.036,6846744.492,6325609.015,521135.477,94938.52,65240.024,1592564.953,,,,,thousands,0.001,,"{""sfp"": [14, 13, 15], ""pl"": [], ""cfs"": []}",,ok
BTL,2017,7081674.882,4108396.321,2973278.561,3169630.082,,8064238.429,7268794.921,795443.508,245796.5,35442.494,1821519.639,,,,,thousands,0.001,,"{""sfp"": [16, 15, 17], ""pl"": [], ""cfs"": []}",,ok
BTL,2018,9305318.352,6053513.704,3251804.648,5695621.913,3980545.71,10257434.039,9185919.277,1071514.762,368475.194,,,,,,,thousands,0.001,,"{""sfp"": [18, 17, 19], ""pl"": [], ""cfs"": []}",,ok
BTL,2019,9128551.667,5373462.905,3755088.762,5333097.823,3185410.101,12346174.829,-10733443.352,,,302171.995,3245348.436,,,,,thousands,0.001,,"{""sfp"": [21, 20, 22], ""pl"": [], ""cfs"": []}",,ok
BTL,2020,10762029.08,6872481.848,3889547.232,6936293.526,4271425.776,12359645.877,-11111877.733,,,202877.965,5021697.279,,,,,thousands,0.001,,"{""sfp"": [22, 21, 23], ""pl"": [], ""cfs"": []}",,ok
BTL,2021,10020729.137,3996023.866,6024705.271,6117459.185,1327122.157,,-12120589.534,3309977.846,2145301.176,493118.022,4005037.124,,,,,thousands,0.001,,"{""sfp"": [32, 31, 33], ""pl"": [], ""cfs"": []}",,ok
BTL,2022,17325525.656,8308974.473,9016551.183,1117371.557,4336730.462,,-16976189.058,5054579.759,3206701.054,2578010.074,5537502.379,,,,,thousands,0.001,,"{""sfp"": [32, 31, 33], ""pl"": [], ""cfs"": []}",L5,review
BTL,2023,27269973.203,17625001.196,9644972.007,18905535.557,11925204.72,,-21584363.517,2572222.807,750824.252,481627.186,13817307.187,,,,,thousands,0.001,,"{""sfp"": [34, 33, 35], ""pl"": [], ""cfs"": []}",,ok
BTL,2024,23032774.754,14950212.436,8082562.318,15067200.593,10888891.288,,-30599709.962,1222063.293,3206701.0,945862.986,8896618.958,,,,,thousands,0.001,,"{""sfp"": [42, 41, 43], ""pl"": [], ""cfs"": []}",L5;L2,review
BTL,2025,25271189.935,17310761.377,7960428.558,17380293.279,13763873.694,,-28238816.781,2194284.199,921041.0,,,,,,,thousands,0.001,,"{""sfp"": [40, 39, 41], ""pl"": [], ""cfs"": []}",,ok
BUXL,2013,98259,91832,,90231,91832,142246.0,-117781.0,24465.0,,,28631,,,,,thousands,1.0,,"{""sfp"": [12, 11, 13], ""pl"": [], ""cfs"": []}",L5,review
BUXL,2014,179027,111477,,110074,111477,150028,-124400,25628,,10154,35810,,,,,thousands,1.0,,"{""sfp"": [10, 9, 11], ""pl"": [11, 10, 12], ""cfs"": [13, 12, 14]}",,ok
BUXL,2015,171443,101827,,102420,101827,169766,-138341,31425,,12221,20988,,,,,thousands,1.0,,"{""sfp"": [19, 18, 20], ""pl"": [20, 19, 21], ""cfs"": [22, 21, 23]}",,ok
BUXL,2017,215815,132588,83227,147513,132588,269224,-204528,64696,,18192,32254.0,,,,,thousands,1.0,,"{""sfp"": [17, 16, 18], ""pl"": [18, 17, 19], ""cfs"": [20, 19, 21]}",L5;L3,review
BUXL,2018,320526,172776,147751,180551,172776,314298,-266145,48153,,,61146,131608,,,,thousands,1.0,,"{""sfp"": [28], ""pl"": [29, 30], ""cfs"": [31]}",,ok
BUXL,2019,,,,,,256670.0,-225710,30960,-15695,18284.0,63546.0,,,,,thousands,1.0,,"{""sfp"": [25, 24, 26], ""pl"": [26, 25, 27], ""cfs"": [29, 28, 30]}",,ok
BUXL,2020,324622,192516,132106,181911,191131,275216,-222117,53099,52,10859,72243,131554,,,8521,thousands,1.0,,"{""sfp"": [32], ""pl"": [33, 34], ""cfs"": [36]}",,ok
BUXL,2021,399877,265006,134871,256458,263960,354573.0,-296629,57944,,20034.0,100908.0,,,,,thousands,1.0,,"{""sfp"": [24, 23, 25], ""pl"": [25, 24, 26], ""cfs"": [26, 25, 27]}",,ok
BUXL,2022,454986,315903,139083,305132,314594,516473,-448792,67681,,29717,99878,133284,,,45206,thousands,1.0,,"{""sfp"": [12], ""pl"": [13], ""cfs"": [15]}",,ok
BUXL,2023,490313,309931,180382,299032,308954,577076,487576,89500,,43261,81599,171457,,,17798,thousands,1.0,,"{""sfp"": [15], ""pl"": [16], ""cfs"": [18]}",,ok
BUXL,2024,,,,316326.0,324256.0,622985,-515662,107323,,,,,,,-34888,thousands,1.0,,"{""sfp"": [], ""pl"": [16], ""cfs"": [18]}",,ok
BUXL,2025,626373,443047,183326,429589,443047,587141.0,-475257,111884,,47175,82201,,,,,thousands,1.0,,"{""sfp"": [30, 29, 31], ""pl"": [31, 30, 32], ""cfs"": [33, 32, 34]}",,ok
BWCL,2014,41376503,12801807,28574696,8231088,7446036,,,,,216262,1932612,24224368,,3618991,9413263,thousands,1.0,,"{""sfp"": [33, 34, 35], ""pl"": [], ""cfs"": [37]}",,ok
BWCL,2015,62239808,36827632,25412176,9308628,10163789,30509548,17955055,12554493,8667925,2368745,1768488,24658980,,-5220226,11211774,thousands,1.0,,"{""sfp"": [32, 33, 53, 76, 77], ""pl"": [34, 35, 78], ""cfs"": [36, 80]}",,ok
BWCL,2017,81765122,33995867,47769255,15533975,13525729,51623476,-29090753,22532723,13292640,208441,3490716,44732200,,-6856907,13684366,thousands,1.0,,"{""sfp"": [34, 35, 38], ""pl"": [36, 37], ""cfs"": [39]}",,ok
BWCL,2018,94970640,41660768,53309872,19302686,26552069,52883667,33928169,18955498,13157706,290264,4358080,,,-7137509,12039108,thousands,1.0,,"{""sfp"": [42, 41, 43], ""pl"": [44, 43, 45], ""cfs"": [47, 46, 48]}",,ok
BWCL,2019,92982311,35376393,57605918,15053645,24734012,53601512,37556552,16044960,10097285,462912,2689443,,,-6458274,15806570,thousands,1.0,,"{""sfp"": [34, 33, 35], ""pl"": [36, 35, 37], ""cfs"": [39, 38, 40]}",,ok
BWCL,2020,94806495,40153295,54653200,17234410,18675251,37128726,-36011992,1116734,49252,347691,2291473,,,-3763844,-1960914,thousands,1.0,,"{""sfp"": [38, 37, 39], ""pl"": [40, 39, 41], ""cfs"": [43, 42, 44]}",L5,review
BWCL,2021,98898338,38775804,60122534,21710204,15344303,,-40260925,16603399,11577724,710424,3762448,,,,,thousands,1.0,,"{""sfp"": [20, 19, 21], ""pl"": [21, 20, 22], ""cfs"": [22, 21, 23]}",,ok
BWCL,2022,133444093,72686187,60757906,25690357,35501681.0,,-49377451.0,22993080.0,10239086,1185554,4437506,,,-8273476,13471546,thousands,1.0,,"{""sfp"": [37, 36, 38], ""pl"": [39, 38, 40], ""cfs"": [42, 41, 43]}",,ok
BWCL,2023,17513676,113294060.0,,35874695,46234834.0,,-60425675.0,27316137.0,11891698,1186388,7307109,,,-14619261,10299421,thousands,1.0,,"{""sfp"": [40, 39, 41], ""pl"": [42, 41, 43], ""cfs"": [45, 44, 46]}",L5;L3,review
BWCL,2024,167909448,104849470,63059978,26827335,38295972,103922263,-71695037,32227226,13768575,1561072,5647036,,,-13901930,24398847,thousands,1.0,,"{""sfp"": [32, 31, 33], ""pl"": [34, 33, 35], ""cfs"": [37, 36, 38]}",L5;L3,review
BWCL,2025,275490698,147256965,128233733,28933822,55584381,,-70480291.0,,,1187558,7113113,,,-16381761,25453540,thousands,1.0,,"{""sfp"": [32, 31, 33], ""pl"": [34, 33, 35], ""cfs"": [37, 36, 38]}",,ok
BWHL,2013,1137747,177578,960169,776074,134656,1164513,-1024528,139985,55859,34713,502672,,,-19806,116907,thousands,1.0,,"{""sfp"": [27, 26, 28], ""pl"": [28, 27, 29], ""cfs"": [30, 29, 31]}",L5,review
BWHL,2014,1154340,143143,1011197,794155,91337,1148425,-948811,199614,68504,28905,498712,,,-19725,152887,thousands,1.0,,"{""sfp"": [26, 25, 27], ""pl"": [27, 26, 28], ""cfs"": [29, 28, 30]}",L5,review
BWHL,2015,1194244,117031,1077213,876483,96164,,-1170149.0,208183.0,95936,255013,452579,,,-29757,141456,thousands,1.0,,"{""sfp"": [28, 27, 29], ""pl"": [29, 28, 30], ""cfs"": [31, 30, 32]}",L5;L5,review
BWHL,2016,1338582,,,354064,209047.0,,,373347.0,153272.0,44051,468685,,,-39680,201467,thousands,1.0,,"{""sfp"": [15, 14, 16], ""pl"": [21, 20, 22], ""cfs"": [37, 36, 38]}",L5,review
BWHL,2017,1459680.0,,,1083073.0,190477.0,1533650,,298905,126342,,518874.0,,,,,thousands,1.0,,"{""sfp"": [48], ""pl"": [21, 20, 22], ""cfs"": [48, 47, 49]}",,ok
BWHL,2018,,,,,,1882640,,269964.0,87789.0,,,,,,,thousands,1.0,,"{""sfp"": [], ""pl"": [25, 24, 26], ""cfs"": []}",,ok
BWHL,2019,1473550,185531,1288019,1015947,144282,1587558,-1341776,245782,71512,44994,525105,449581,,-38438,164481,thousands,1.0,,"{""sfp"": [55], ""pl"": [56], ""cfs"": [58]}",,ok
BWHL,2020,1508659.0,,,1086124.0,151580.0,912820,-795406,117144,18920,,413575.0,,,,,thousands,1.0,,"{""sfp"": [14, 13, 15], ""pl"": [15, 14, 16], ""cfs"": []}",,ok
BWHL,2021,2275759,354863,1920896,1311824,284467,1574822,-1331759,243063,100686,19320,343671,950050,,,,thousands,1.0,,"{""sfp"": [10, 12, 14, 49, 52], ""pl"": [13, 15, 50], ""cfs"": []}",,ok
BWHL,2022,,,,,,,,611652.0,208238.0,,,,,,,thousands,1.0,,"{""sfp"": [], ""pl"": [], ""cfs"": []}",,ok
BWHL,2023,2357633,301662,2055971,1394905,255294,,-1349925,325932,136406,18772,649130,,,-122246,,thousands,1.0,,"{""sfp"": [46, 45, 47], ""pl"": [47, 46, 48], ""cfs"": [49, 48, 50]}",L5,review
BWHL,2024,2519021,402171,2116850,1599677,366289,,-1705948,468533,240665,,555749.0,,,-178510,259235,thousands,1.0,,"{""sfp"": [51, 50, 52], ""pl"": [52, 51, 53], ""cfs"": [55, 54, 56]}",,ok
BWHL,2025,,,,,,2305239,-1738118,567121,315582,,,,,-118798,45738,thousands,1.0,,"{""sfp"": [], ""pl"": [47], ""cfs"": [50, 49, 51]}",,ok
BYCO,2014,,,,38589.0,37786.0,,,,,,,,,,,thousands,1.0,,"{""sfp"": [], ""pl"": [], ""cfs"": []}",,ok
BYCO,2015,55452014,50263735,5188279,19065604,36891959.0,94807329.0,-89940833.0,4866496.0,,687576.0,4859615.0,,,,,thousands,1.0,,"{""sfp"": [22, 21, 23, 63], ""pl"": [], ""cfs"": []}",L5,review
BYCO,2016,55893749,49338320,6555429,20641925,39178551,79433874,-73419493,6014381,1367498,233383,7331755,,,,,thousands,1.0,,"{""sfp"": [22, 21, 23, 63], ""pl"": [23, 22, 24], ""cfs"": [25, 24, 26, 66]}",,ok
BYCO,2017,113856070,87920325,25935745,20799792,56565543,88572580,-83956677,4615903,2122237,249577,12582849,,,,,thousands,1.0,,"{""sfp"": [24, 23, 25, 64], ""pl"": [25, 24, 26], ""cfs"": [27, 26, 28, 67]}",,ok
BYCO,2018,129748100,99526332,30221768,40373979,72702495,166290362,-157140541,9149821,5019830,641404,,,,,,thousands,1.0,,"{""sfp"": [16, 15, 17, 44], ""pl"": [16, 15, 17, 44], ""cfs"": [17, 16, 18, 45]}",,ok
BYCO,2019,130142717,101924489,28218228,41894941,75454481,,,,,1135249,29260294,69137561,,,,thousands,1.0,,"{""sfp"": [33, 32, 34, 105, 106, 109, 110, 111, 112, 113, 114, 115, 116], ""pl"": [33, 32, 34], ""cfs"": [37, 36, 38]}",,ok
BYCO,2020,126016153,99815337,26200816,36312737,71521412,173898930,-171002486,2896444,5019830.0,2319220,22878892,,,,,thousands,1.0,,"{""sfp"": [18, 17, 19], ""pl"": [18, 17, 19], ""cfs"": [20, 19, 21]}",,ok
BYCO,2021,137998099,108152079,29846020,47747223,78630699.0,142150298,-134042023,8108275,3595840,2249958.0,33584673.0,,,,9249784,thousands,1.0,,"{""sfp"": [33, 32, 34, 81], ""pl"": [34, 33, 35, 82, 83], ""cfs"": [37, 36, 38, 85]}",,ok
CCM,2013,3938320,838107,3100213,1097923,803818,3816579,-3334328,482251,255979,136163,389160,2758469,-26342,,135687,thousands,1.0,,,L2,ok
CCM,2014,3935942,796617,3139325,1008150,739980,4958623,-4589610,369013,96900,119929,413869,,,,54115,thousands,1.0,,"{""sfp"": [20, 19, 21, 78], ""pl"": [22, 21, 23], ""cfs"": [24, 23, 25, 70]}",L5;L2,review
CCM,2015,3903480,761783,3141697,818189,702783,3832247,-3608210,224037,-21454,16628,395340,,,-38429,54357,thousands,1.0,,"{""sfp"": [22, 21, 23, 84], ""pl"": [24, 23, 25, 85], ""cfs"": [26, 25, 27]}",,ok
CCM,2016,4559444,901668,3657776,828542,834869,3453569,-3325337,128232,-22355,32334,385883,3495625,,,-15170,thousands,1.0,,"{""sfp"": [27, 28, 52, 76, 77], ""pl"": [29, 30, 55, 57, 58, 78, 79], ""cfs"": [31, 59, 80]}",,ok
CCM,2017,5130327,1189157,3941170,1062656,888573,3984008,-3856798,127210,28837,41477,269885,3776111,,,18494,thousands,1.0,,"{""sfp"": [32, 33, 60, 80, 81, 98], ""pl"": [34, 35, 62, 82, 83], ""cfs"": [36, 84]}",,ok
CCM,2018,5388309,1609449,3778860,1222654,1350605,6094091,-5850287,243804,,105917,378794,3885036,,,117734,thousands,1.0,,"{""sfp"": [37, 38], ""pl"": [39, 40], ""cfs"": [42]}",,ok
CCM,2019,6524641,1856985,4667656,1311347,1625125,7393034,-7104456,288578,-91561,50275,474606,,,,-124908,thousands,1.0,,"{""sfp"": [40, 39, 41, 100, 130, 145], ""pl"": [42, 41, 43, 102, 130], ""cfs"": [45, 44, 46, 105, 145]}",,ok
CCM,2020,6829463,2132507,4699956,1573366,1810033,5517184,-5151826,365358,41548,41668,540181,,,,-121447,thousands,1.0,,"{""sfp"": [38, 37, 39, 97], ""pl"": [40, 39, 41, 99], ""cfs"": [43, 42, 44, 102]}",,ok
CCM,2021,6690554,1666925,5023629,1426580,1313982,5405943,-4680320,725623,321584,142717,488087,,,,547633,thousands,1.0,,"{""sfp"": [39, 38, 40, 104, 153, 154], ""pl"": [41, 40, 42, 106], ""cfs"": [44, 43, 45, 109, 154]}",,ok
CCM,2022,7381539,2007553,5373986,2011595,1735895,7115273,-6388941,726332,249004,43637,657889,,,,-232909,thousands,1.0,,"{""sfp"": [40, 39, 41, 126, 138, 150, 152, 158], ""pl"": [42, 41, 43], ""cfs"": [45, 44, 46]}",,ok
CCM,2023,8211031,2108946,6102085,2235311,1956067,6386209,-5918058,468151,114785,49638,636156,,,-16788,225734,thousands,1.0,,"{""sfp"": [40, 39, 41, 124, 133, 149], ""pl"": [42, 41, 43, 125, 133], ""cfs"": [45, 44, 46]}",,ok
CCM,2024,8288588,2136180,6152408,2361107,1948299,,476954.0,-62668.0,76642.0,20429,556583,,,,-105308,thousands,1.0,,"{""sfp"": [40, 39, 41, 103, 135, 151, 157, 158], ""pl"": [42, 41, 43, 105, 132, 157], ""cfs"": [45, 44, 46, 108, 157]}",L5;L5;L2,review
CCM,2025,8410512,2143395,6271117,2955889,2000417,5573501.0,-5141580.0,431921.0,6489.0,15481,647141,,,,-244345,thousands,1.0,,"{""sfp"": [39, 38, 40, 151, 157, 158], ""pl"": [41, 40, 42], ""cfs"": [44, 43, 45, 151]}",L5;L5,review
CENI,2013,1738929.073,627323.072,,,,,,,,,,,,,,thousands,0.001,,"{""sfp"": [45, 44, 46], ""pl"": [], ""cfs"": []}",,ok
CENI,2014,1876722.425,691411.546,1185310.879,483152.1,,,,,142371.499,245204.916,,,,,,thousands,0.001,,"{""sfp"": [47, 46, 48], ""pl"": [], ""cfs"": []}",,ok
CENI,2015,2660358.47,906467.979,1753890.491,,,,,,638312.753,,,,,,,thousands,0.001,,"{""sfp"": [47, 46, 48], ""pl"": [], ""cfs"": []}",,ok
CENI,2016,2660683.195,951366.848,,,,,,,185867.163,,,,,,,thousands,0.001,,"{""sfp"": [57, 56, 58], ""pl"": [], ""cfs"": []}",,ok
CENI,2017,2772776.682,1005061.643,,,,,,,140006.276,,,,,,,thousands,0.001,,"{""sfp"": [63, 62, 64], ""pl"": [], ""cfs"": []}",,ok
CENI,2018,,,,,,687548,,,71327,,,,,,,thousands,1.0,,"{""sfp"": [], ""pl"": [28, 27, 29], ""cfs"": []}",,ok
CENI,2019,,,,,,884057,,,162371,,,,,,,thousands,1.0,,"{""sfp"": [], ""pl"": [26, 25, 27], ""cfs"": []}",,ok
CENI,2020,,1836698.0,,,,1052473,,,242602,,,,,,,thousands,1.0,,"{""sfp"": [], ""pl"": [24, 23, 25], ""cfs"": []}",L5,review
CENI,2021,,2049066.0,,,8395438.0,,,,,,,,,,,thousands,1.0,,"{""sfp"": [14, 13, 15], ""pl"": [14, 13, 15], ""cfs"": []}",,ok
CENI,2022,1585500.0,2264976.0,,,,1463237,,,313354,,,,,,,thousands,1.0,,"{""sfp"": [], ""pl"": [28, 27, 29], ""cfs"": []}",,ok
CENI,2023,2249131.0,,,,,1881188,,,496869,,,,,,,thousands,1.0,,"{""sfp"": [], ""pl"": [28, 27, 29], ""cfs"": []}",,ok
CENI,2024,,,,,,1359542.674,-678274.049,,584672.307,72414.868,,,,-248019.864,-127563.21,thousands,0.001,,"{""sfp"": [21, 152, 169], ""pl"": [78, 135, 136], ""cfs"": [80, 138]}",,ok
CENI,2025,,,,,,,,,2193850.0,,,,,,,thousands,1.0,,"{""sfp"": [], ""pl"": [], ""cfs"": []}",,ok
CEPB,2013,13275091.0,,,4399660.0,2736160.0,14235621.0,-11689775.0,2545846.0,928166,77161.0,2015766.0,,,-419524,1678263,thousands,1.0,,"{""sfp"": [46], ""pl"": [46, 45, 47], ""cfs"": [48, 47, 49]}",,ok
CEPB,2014,13178937,7434247,5744690,4830280,3425754,14667669,-12646230,2021439,629849,68975,2563413,,,-236992,1033571,thousands,1.0,,"{""sfp"": [45, 44, 46], ""pl"": [46, 45, 47], ""cfs"": [48, 47, 49]}",,ok
CEPB,2015,14107628,8588882,5518746,4681692,3861145,13186182,-12308379,877803,-205398,120987,1982334,,,,961494,thousands,1.0,,"{""sfp"": [47, 46, 48], ""pl"": [48, 47, 49], ""cfs"": [50, 49, 51]}",L2.5,review
CEPB,2016,14980749,9130183,5850566,4887897,4556883,13389130,-12121851,1267279,322391,217494,1731864,,,,1535687,thousands,1.0,,"{""sfp"": [69, 68, 70], ""pl"": [70, 69, 71], ""cfs"": [72, 71, 73]}",,ok
CEPB,2017,15437480,9724455,5713025,5704281,5802461,15401157.0,-13609628.0,1791529.0,602216,226476,1963091,,,,,thousands,1.0,,"{""sfp"": [73, 72, 74], ""pl"": [75], ""cfs"": []}",L2.5,review
CEPB,2018,17304000.0,,,,,22191000.0,,,,,,,,,,thousands,1000.0,,"{""sfp"": [], ""pl"": [], ""cfs"": []}",,ok
CEPB,2019,18453742,12264808,6188934,9058422,7544628,22240624,-19578326,2662298,884154,351700,3484174.0,,,-932798,,thousands,1.0,,"{""sfp"": [91, 90, 92], ""pl"": [92, 91, 93], ""cfs"": [94, 93, 95]}",L2.5,review
CEPB,2020,18596995,11014721,7582274,9276441,7326171,24344956,-20408583,3936373.0,1521772,237166,3727784,,,-146978,2895153,thousands,1.0,,"{""sfp"": [75, 74, 76], ""pl"": [76, 75, 77], ""cfs"": [78, 77, 79]}",L2.5,review
CEPB,2021,21407555,11085640,10321915,11443113,7152255,28659905,-22964541,5695364,2959661,492503,5188539,,,-220528,3060226,thousands,1.0,,"{""sfp"": [85, 84, 86], ""pl"": [86, 85, 87], ""cfs"": [88, 87, 89]}",L2.5;L5,review
CEPB,2022,28795956,16569494,12226462,17545935,13193075.0,39000247,-34027277,4972970,2211921,759729.0,8400202.0,,,-264487,-1881845,thousands,1.0,,"{""sfp"": [93, 92, 94], ""pl"": [94, 93, 95], ""cfs"": [96, 95, 97]}",L2.5,review
CEPB,2023,29896203,16784236,13111967,18133829,10582450,47661248,-43219678,4441570,2211921.0,800991,8755430,,,,1226263,thousands,1.0,,"{""sfp"": [111, 110, 112], ""pl"": [112, 111, 113], ""cfs"": [114, 113, 115]}",L2.5;L2,review
CEPB,2024,29536931.0,,,18161144.0,11125456.0,,,4065829.0,904989.0,788493.0,6857445.0,,,,1932010,thousands,1.0,,"{""sfp"": [112], ""pl"": [113], ""cfs"": [114, 113, 115, 38]}",,ok
CEPB,2025,29901810,16486413,13415397,18928184,13475196,37280573,-34617073,2663500,523893.0,865791,6523944,,,,-475970,thousands,1.0,,"{""sfp"": [100, 99, 101], ""pl"": [101, 100, 102], ""cfs"": [103, 102, 104]}",,ok
CFL,2014,1747347.506,849947.656,897399.85,873111.846,532481.773,3524062.023,-3097094.499,426967.524,175698.628,141018.354,166893.81,,,,,thousands,0.001,,"{""sfp"": [14, 13, 15], ""pl"": [], ""cfs"": []}",L5,review
CFL,2015,2169490.899,1245036.987,924453.912,959473.694,643117.877,3113640.693,-2847729.211,265911.482,44530.837,8272.494,151757.057,,,,,thousands,0.001,,"{""sfp"": [14, 13, 15], ""pl"": [], ""cfs"": []}",L5;L2,review
CFL,2016,2345597.53,1410388.155,935209.375,1079631.77,838581.419,3501765.456,-3317253.287,184512.169,30179.255,183988.955,239201.212,,,,,thousands,0.001,,"{""sfp"": [15, 14, 16], ""pl"": [], ""cfs"": []}",,ok
CFL,2017,2678336.858,1623237.639,1055099.219,1423212.999,1096423.305,3887436.716,-3711106.98,176329.736,25069.626,69421.095,382608.424,,,,,thousands,0.001,,"{""sfp"": [15, 14, 16], ""pl"": [], ""cfs"": []}",,ok
CFL,2018,4873464.695,1805287.126,3068059.569,1712461.451,1415648.999,4439239.208,-4155531.171,283708.037,67929.477,104475.891,563098.872,,,,,thousands,0.001,,"{""sfp"": [23, 22, 24], ""pl"": [], ""cfs"": []}",L2.5,review
CFL,2019,5150476.597,1999996.126,3150480.471,2006090.259,1662218.227,,,,,132762.45,651679.222,1392445.602,,,148977.624,thousands,0.001,,"{""sfp"": [23], ""pl"": [], ""cfs"": [26]}",,ok
CFL,2020,5654531.666,,,3179857.723,348141.685,5023570.129,-4624193.242,399376.887,108769.211,152371.268,780383.651,,,,,thousands,0.001,,"{""sfp"": [22, 21, 23], ""pl"": [], ""cfs"": []}",,ok
CFL,2021,5453011.523,1729163.398,3723848.125,2307888.352,1299076.293,6091013.443,-5246900.68,844112.763,454239.259,221423.239,349327.257,,,,,thousands,0.001,,"{""sfp"": [22, 21, 23], ""pl"": [], ""cfs"": []}",,ok
CFL,2022,6659019.463,,4339256.233,3490642.297,2013171.719,8098145.39,-6886499.102,1211646.288,654722.56,247809.755,742731.116,1267631.946,,-18009.572,-75695.21,thousands,0.001,,"{""sfp"": [22], ""pl"": [23, 24], ""cfs"": [25]}",,ok
CFL,2023,7688149.868,2977813.083,4710336.785,3202389.827,2344807.011,6847571.401,-6818363.352,29208.049,375905.247,204350.417,687933.993,1911375.536,,,182995.91,thousands,0.001,,"{""sfp"": [22, 27], ""pl"": [23, 24], ""cfs"": [25]}",,ok
CFL,2024,6803994.938,,,1905733.659,2330812.747,6499839.404,-6749160.113,,,62513.872,698249.075,,,,,thousands,0.001,,"{""sfp"": [22, 21, 23], ""pl"": [], ""cfs"": []}",L2.5;L2.5,review
CFL,2025,6002158.155,2780596.175,3221561.98,1615955.755,220.49,4330539.341,-4686951.633,-356412.292,375905.0,41943.574,304352.186,,,,,thousands,0.001,,"{""sfp"": [23, 22, 24], ""pl"": [], ""cfs"": []}",L5;L5,review
CHAS,2014,9303424,6880287,2423137,2930576,3858615,5831752,-5725768,105984,-128619,122290,1703189,6368487,,,129181,thousands,1.0,,"{""sfp"": [24], ""pl"": [25], ""cfs"": [26]}",,ok
CHAS,2015,10265039,7643634,2621405,3495029,4752652,7559896,-7102310,457586,174097,79943,2044696,6764869,,,340770,thousands,1.0,,"{""sfp"": [25], ""pl"": [26], ""cfs"": [27]}",,ok
CHAS,2016,10072321.0,5996962.0,,1898319.0,2626452.0,11206209,-10100778,1105431,297450,,571183.0,,,,,thousands,1.0,,"{""sfp"": [24, 23, 25], ""pl"": [25, 24, 26], ""cfs"": [26, 25, 27]}",,ok
CHAS,2018,13815725,8010243,5805482,4170076,5184694,10275004,9004826,1270178,193623,188782,2242638,,,-42210,232349,thousands,1.0,,"{""sfp"": [40, 39, 41, 110], ""pl"": [41, 40, 42, 123], ""cfs"": [43, 42, 44, 125]}",L5;L2,review
CHAS,2019,13526341,7204882,6321459,4187304,4532166,12420711,-10183656,2237055,578648,203931,1724824,,,-42340,2028182,thousands,1.0,,"{""sfp"": [38, 37, 39, 92], ""pl"": [39, 38, 40, 93], ""cfs"": [41, 40, 42, 95]}",L5;L2,review
CHAS,2020,14889960,7199436,7690524,4387455.0,4043189.0,15929690,-13040438,2889252,746115,281856.0,1241999.0,,,-141609,2642898,thousands,1.0,,"{""sfp"": [38, 37, 39, 103], ""pl"": [39, 38, 40, 124], ""cfs"": [42, 41, 43, 125]}",L5;L2,review
CHAS,2021,16973448,7961613,9011835,4136107,4290732,16037086,13912324,2124762,310381,281463,1354545,,12353,-141646,2139339,thousands,1.0,,"{""sfp"": [36, 35, 37], ""pl"": [37, 36, 38], ""cfs"": [40, 39, 41]}",L5;L2,review
CHAS,2022,24903577,13787624,11115953,5918070,6782628,17094813,-14228117,2866696,43548,,3379869.0,,,-801658,729128,thousands,1.0,,"{""sfp"": [18, 17, 19, 65, 66], ""pl"": [19], ""cfs"": [20, 19, 21]}",L5;L5;L2,review
CHAS,2023,31577766,17039670,14538096,9988217,9936728,26375717,-20188453,6187264,1699139,811313,5177676,,14572,,3918673,thousands,1.0,,"{""sfp"": [46, 45, 47, 111], ""pl"": [47, 46, 48, 140], ""cfs"": [50, 49, 51, 142]}",L5,review
CHAS,2024,31644900,18502662,13142238,8136075,11153633,32274657,-30054086,2220571,43548.0,898783,3988480,21545185,,-142353,1532863,thousands,1.0,,"{""sfp"": [13], ""pl"": [14, 15], ""cfs"": [16]}",,ok
CHAS,2025,33918974,23707039,10211935,12918221,18590317,24899377,-23239598,1659779,1699139.0,793636,7103687,,15172,,-1124115,thousands,1.0,,"{""sfp"": [47, 117], ""pl"": [48, 118], ""cfs"": [51, 50, 52, 121]}",,ok
CHBL,2014,14487041.128,,,3428352.095,11070260.312,2265551.424,-2515062.152,-249510.728,-399288.53,38100.566,615928.703,11046052.265,,,71999.619,thousands,0.001,,"{""sfp"": [16, 17], ""pl"": [18, 19], ""cfs"": [20, 21]}",,ok
CHBL,2015,13798837.884,,,2733734.636,10846588.024,2213846.121,-2575659.197,-361813.076,-479385.251,27300.94,445370.174,11052466.48,,,-24343.744,thousands,0.001,,"{""sfp"": [14, 16, 17], ""pl"": [18], ""cfs"": [20, 21]}",,ok
CHBL,2016,13467684.512,,,2606132.205,10587882.498,2007632.402,-2259157.207,,,24231.624,334657.862,,,,,thousands,0.001,,"{""sfp"": [21, 20, 22], ""pl"": [], ""cfs"": []}",,ok
CHBL,2019,11087663.123,,,184934.605,10839087.639,360869.643,-430828.397,-69958.754,,17565.397,230.0,,,,,thousands,0.001,,"{""sfp"": [24, 23, 25], ""pl"": [], ""cfs"": []}",,ok
CHBL,2020,10983526.285,,,181469.051,11282710.923,,,,,12917.307,230.0,,,,,thousands,0.001,,"{""sfp"": [16, 15, 17], ""pl"": [], ""cfs"": []}",,ok
CHBL,2021,10864863.757,,,158963.823,9241258.469,,,,,34341.523,230.0,,,,,thousands,0.001,,"{""sfp"": [18, 17, 19], ""pl"": [], ""cfs"": []}",L2.5,review
CHBL,2022,10900333.709,,,563293.216,6435593.31,,,,,77396.188,77600.081,,,,,thousands,0.001,,"{""sfp"": [27, 26, 28], ""pl"": [], ""cfs"": []}",L2.5;L5,review
CHBL,2023,11125489.371,,,889733.984,70982.482,2127980.45,2113837.884,,,72439.992,208919.421,,,,,thousands,0.001,,"{""sfp"": [27, 26, 28], ""pl"": [], ""cfs"": []}",L2.5;L5,review
CHBL,2024,10918698.037,,,1336666.261,1815055.983,3342302.314,3331432.766,10869.548,,81416.688,252453.19,,,,,thousands,0.001,,"{""sfp"": [26, 25, 27], ""pl"": [], ""cfs"": []}",L2.5;L5,review
CHBL,2025,10270170.548,,,842930.874,2192593.773,2389566.598,2469840.519,,,56704.004,174841.332,,,,,thousands,0.001,,"{""sfp"": [28, 27, 29], ""pl"": [], ""cfs"": []}",L2.5,review
CHCC,2013,5064501.0,,,1533642.0,982308.0,6294376,-4107727,2186649,1224214,25548.0,433768.0,,,-277102,1928964,thousands,1.0,,"{""sfp"": [38, 37, 39], ""pl"": [39, 38, 40], ""cfs"": [41, 40, 42]}",,ok
CHCC,2014,6430968,1566700,4864268,2905175,881141,,,,,17116,369872,,26908,-233516,1757030,thousands,1.0,,"{""sfp"": [92, 91, 93], ""pl"": [123, 122, 124], ""cfs"": [95]}",,ok
CHCC,2015,9463836.0,,,2269098.0,826861.0,6565416,-4581871,1983545,1288164,18354.0,463456.0,,,-206643,1670947,thousands,1.0,,"{""sfp"": [98, 97, 99], ""pl"": [99, 98, 100], ""cfs"": [101, 100, 102]}",,ok
CHCC,2016,15461972,6321784,9140188,2004822,1810761,7079368,-4445307,2634061,1405192,23002.0,304530.0,,,-694097,2306111,thousands,1.0,,"{""sfp"": [105, 104, 106], ""pl"": [106, 105, 107], ""cfs"": [108, 107, 109]}",L5,review
CHCC,2017,18806750,8345043,10461707,4568768,2571488,9645399,-6432281,3213118,1956562,45814.0,843820.0,,,-565313,204492,thousands,1.0,,"{""sfp"": [104, 103, 105], ""pl"": [105, 104, 106], ""cfs"": [107, 106, 108, 90]}",,ok
CHCC,2018,30519561,19345813,11173748,6281822,3652506,14388349,-11249153,3139196,2132119,47052,753638,23805845,,,,thousands,1.0,,"{""sfp"": [137, 142, 145], ""pl"": [143], ""cfs"": []}",,ok
CHCC,2020,32921845,22868287,10053558,6684679,5888431,,-16703668.0,,,36558,962470,,,,,thousands,1.0,,"{""sfp"": [177, 176, 178], ""pl"": [], ""cfs"": []}",,ok
CHCC,2021,,,,,,25206811,-18478508,6728303,3205056,,,,,-194323,6886130,thousands,1.0,,"{""sfp"": [121], ""pl"": [126, 128, 130, 133], ""cfs"": [123, 131, 132]}",,ok
CHCC,2022,38604886,21288564,17316322,10465318,9847247,32085361,-23134576,8950785,4455965,1126474,926075,,,-244854,6106235,thousands,1.0,,"{""sfp"": [211, 210, 212], ""pl"": [212, 211, 213], ""cfs"": [214, 213, 215, 162]}",,ok
CHCC,2023,39302286.0,,,9864993.0,8169362.0,37386186,-27249373.0,10136813.0,4403932,160113.0,2279774.0,,,-858178,9878823,thousands,1.0,,"{""sfp"": [215, 214, 216], ""pl"": [216, 215, 217], ""cfs"": [218, 217, 219]}",,ok
CHCC,2024,,,,,,38433750.0,26593360.0,11840390.0,,,,,,,,thousands,1.0,,"{""sfp"": [], ""pl"": [122], ""cfs"": []}",,ok
CHCC,2025,50553551.0,,,,8769219.0,,-23841181.0,,8681356.0,672667.0,1655211.0,,,-1051803,11911000,thousands,1.0,,"{""sfp"": [134, 143], ""pl"": [135, 150], ""cfs"": [102, 103, 140]}",,ok
CLOV,2014,849614608,7417854,842196754,849045760,7417854,41539424,-28172048,13367376,44720495,3697153,25353203,528382,,-56413696,-7389740,thousands,1.0,,"{""sfp"": [16], ""pl"": [17, 18], ""cfs"": [19]}",,ok
CLOV,2015,740159566,5342292,734817274,740013468,5342292,30352452,-22721659,7630793,21067263,3808470,10605011,112298,,-127011807,-2593546,thousands,1.0,,"{""sfp"": [17, 21, 25], ""pl"": [22], ""cfs"": [24]}",,ok
CLOV,2017,308067,110143,197924,307549,110143,157241,-125658,31583,23655,78795,,,,,,thousands,1.0,,"{""sfp"": [26, 25, 27], ""pl"": [27, 26, 28], ""cfs"": []}",,ok
CLOV,2018,308067,110143,197924,307549,110143,,-125658.0,31583.0,23655,78795,,,,,,thousands,1.0,,"{""sfp"": [26, 25, 27], ""pl"": [27, 26, 28], ""cfs"": []}",L5;L3,review
CLOV,2019,1140726,,1027223,548594,100612,1243965,-789311,454654,252353,43315,77824,26912,,-27814,10252,thousands,1.0,,"{""sfp"": [33], ""pl"": [34, 35], ""cfs"": [37]}",L3,ok
CLOV,2020,967314,95166,872148,534497,85248,394428,-309444,84984,-155218,50869,335526,22139,,-717,-36382,thousands,1.0,,"{""sfp"": [34], ""pl"": [35, 36], ""cfs"": [38]}",,ok
CLOV,2021,305805,38656,267149,283139,38656,374437,-398503,-24066,-604999,,142021,,,,,thousands,1.0,,"{""sfp"": [37, 36, 38], ""pl"": [38, 37, 39], ""cfs"": [41, 40, 42]}",,ok
CLOV,2022,196354.0,,,182498.0,38918.0,93272,-84566,,-109713,,92925.0,,,,,thousands,1.0,,"{""sfp"": [37, 36, 38], ""pl"": [38, 37, 39], ""cfs"": [41, 40, 42]}",,ok
CLOV,2023,122481,,86187,112873,36294,59412,-67602,,-71249,,23017,,,,,thousands,1.0,,"{""sfp"": [12, 16, 22, 46], ""pl"": [23, 49], ""cfs"": [48]}",,ok
CLOV,2024,328437,,278513,281883,49924,1812302,-1564036,248266,192326,,57948,,,,,thousands,1.0,,"{""sfp"": [36], ""pl"": [37], ""cfs"": [40]}",L3,ok
CLOV,2025,653632.0,,,534109.0,121721.0,3677864,-3262886,414978,253398,40052.0,288100.0,,,,68019,thousands,1.0,,"{""sfp"": [44, 43, 45], ""pl"": [45, 44, 46], ""cfs"": [48, 47, 49]}",,ok
CLVL,2022,183376.361,5347.78,178028.581,32098.991,5137.78,,-4927.788,3372.212,-8084.541,,,41378.81,,,-9822276,thousands,0.001,,"{""sfp"": [], ""pl"": [], ""cfs"": [15]}",,ok
CLVL,2023,,,536836.272,,,,,,,5209.91,,,,,,thousands,0.001,,"{""sfp"": [19], ""pl"": [], ""cfs"": []}",,ok
CLVL,2024,13337756.0,14262237.0,,,,,,,,,,,,,,thousands,1.0,,"{""sfp"": [], ""pl"": [], ""cfs"": []}",,ok
CLVL,2025,1060315.534,593138.014,467177.52,76092.198,106971.014,23695.298,-6940.872,16754.426,19105.0,699.024,,19198.635,,,41995.486,thousands,0.001,,"{""sfp"": [23, 29], ""pl"": [30, 31], ""cfs"": [33]}",L3,ok
COLG,2013,9203241,2571823,6631418,5986094,2067693,,-14594894.0,5672546.0,1589150.0,1051925,2787322,,,-508023,2063509,thousands,1.0,,"{""sfp"": [21, 20, 22], ""pl"": [22, 21, 23], ""cfs"": [24, 23, 25]}",,ok
COLG,2014,10207885,2462651,7745234,7026946,1979991,23226086,-16645655,6580431,1693253,853956,2473246,,,-609660,1838453,thousands,1.0,,"{""sfp"": [22, 21, 23], ""pl"": [23, 22, 24], ""cfs"": [25, 24, 26]}",,ok
COLG,2015,11543697,2490081,9053616,8566704,2079424,,-16631197.0,7678965.0,2222168,936419,2607106,,,-814548,1929174,thousands,1.0,,"{""sfp"": [25, 24, 26], ""pl"": [26, 25, 27], ""cfs"": [28, 27, 29]}",,ok
COLG,2016,13707428,3030061,10677367,10882809,2712794,25817969,-16502405,9315564,2818889,1122602,2827048,,,-1197439,3719173,thousands,1.0,,"{""sfp"": [33, 32, 34], ""pl"": [34, 33, 35], ""cfs"": [36, 35, 37]}",,ok
COLG,2017,14950424,3196498,11753926,12133883,2928701,29336725,-18344900,10991825.0,3256422,989140,3107762,,,-2154359,3313511,thousands,1.0,,"{""sfp"": [35, 34, 36], ""pl"": [36, 35, 37], ""cfs"": [38, 37, 39]}",,review
COLG,2019,18995435,4127190,14868245,14751657,3786065,36961042,-26490454,10470588,3510803,1214300,4974814,,,-1899123,2815337,thousands,1.0,,"{""sfp"": [41, 40, 42], ""pl"": [42, 41, 43], ""cfs"": [44, 43, 45]}",,ok
COLG,2020,22508614,5257433,17251181,17337687,4401425,43530322,30912914,,,2339835,6173696,,,-2446194,4570686,thousands,1.0,,"{""sfp"": [43, 42, 44], ""pl"": [44, 43, 45], ""cfs"": [46, 45, 47]}",,ok
COLG,2021,28138659.0,8126033.0,,22280977.0,6711793.0,,-35715642.0,14847380.0,5676749.0,2121764.0,,,,-2929211,7691814,thousands,1.0,,"{""sfp"": [41, 40, 42], ""pl"": [42, 41, 43], ""cfs"": [44, 43, 45]}",,ok
COLG,2022,33005165,10456923,22548242,25279273,8609153,62330226,46288481,16041745,5871580,2901308,13067927,,,-3298697,1913685,thousands,1.0,,"{""sfp"": [34, 33, 35], ""pl"": [35, 34, 36], ""cfs"": [37, 36, 38]}",,ok
COLG,2023,47446554,23129706,,39504996.0,21251694.0,91459504,-65360062,26099442,10409994,5492509.0,,,,-5751530,16929909,thousands,1.0,,"{""sfp"": [42, 41, 43], ""pl"": [43, 42, 44], ""cfs"": [45, 44, 46]}",,ok
COLG,2024,56661966.0,21772056.0,,47609617.0,22781616.0,,-76338286.0,36892491.0,,5030961.0,,,,-9470073,16537416,thousands,1.0,,"{""sfp"": [50, 49, 51], ""pl"": [51, 50, 52], ""cfs"": [53, 52, 54]}",,ok
COLG,2025,56820747,19604229,37216518,46813272,17981310,116000701,-75279791,40720910,18397273,4857989,17247130,,,-16121738,13989999,thousands,1.0,,"{""sfp"": [31, 30, 32], ""pl"": [32, 31, 33], ""cfs"": [34, 33, 35]}",L5,review
CPAL,2014,188847.432,54692.236,134155.196,77273.665,32763.143,34828.355,,,13130.285,543.556,,89785.472,,,-7640.487,thousands,0.001,,"{""sfp"": [15], ""pl"": [16, 17], ""cfs"": [18]}",,ok
CPAL,2015,212576.404,64426.733,148149.671,99259.306,39244.751,35389.869,,,13994.475,247.679,,86541.467,,,2465.558,thousands,0.001,,"{""sfp"": [14, 16, 20], ""pl"": [17, 18], ""cfs"": [19]}",,ok
CPAL,2016,265754.873,,,271098.734,97721.53,,,,19883.672,264.101,,,,,,thousands,0.001,,"{""sfp"": [], ""pl"": [], ""cfs"": []}",,ok
CPAL,2017,353887.513,,,353887.521,172151.707,,,,21036.255,734.834,,,,,,thousands,0.001,,"{""sfp"": [], ""pl"": [], ""cfs"": []}",,ok
CPAL,2018,,,,,,,,,33793.675,,,,,,,thousands,0.001,,"{""sfp"": [], ""pl"": [], ""cfs"": []}",,ok
CPAL,2019,,,,,,,,,20147.374,,,,,,,thousands,0.001,,"{""sfp"": [], ""pl"": [], ""cfs"": []}",,ok
CPAL,2020,,,,,,,,,8667.287,,,,,,,thousands,0.001,,"{""sfp"": [], ""pl"": [], ""cfs"": []}",,ok
CPHL,2021,6499162.737,,,,,5795403.997,,780474.326,,,,,,,,thousands,0.001,,"{""sfp"": [], ""pl"": [], ""cfs"": []}",,ok
CPHL,2022,8081377.56,3395508.014,4685869.546,5550925.051,2992654.248,,,,,27481.255,1691637.034,2244062.582,,,,thousands,0.001,,"{""sfp"": [38], ""pl"": [], ""cfs"": []}",,ok
CPHL,2023,9984164,4611091,5373073,6583703,4453017,12396982,-10889869,1507112,657984,54608,2608983,3051888,,,-328997,thousands,1.0,,"{""sfp"": [44], ""pl"": [45], ""cfs"": [48, 49]}",,ok
CPHL,2024,11402428.642,5769299.2,5633129.442,7575420.014,5562589.047,,,,,87899.93,3203374.3,3399650.337,,,,thousands,0.001,,"{""sfp"": [41], ""pl"": [], ""cfs"": []}",,ok
CPHL,2025,18439450.481,7571871.8,10867578.681,9471567.612,7305243.814,,,,,603552.814,3929701.53,8687898.852,,,,thousands,0.001,,"{""sfp"": [42], ""pl"": [], ""cfs"": []}",,ok
CPPL,2014,3806716,2421474,1385242,2295302,1641474,,,,,18491,1105924,,,,,thousands,1.0,,"{""sfp"": [100, 99, 101], ""pl"": [125, 124, 126], ""cfs"": []}",,ok
CPPL,2015,3942289,1743324,2198965,2176458,926596,6223832,-4916581,1307251,651411,10484.0,896013.0,,,-109614,1207327,thousands,1.0,,"{""sfp"": [93, 92, 94, 95], ""pl"": [94, 93, 95], ""cfs"": [96, 95, 97, 77]}",,ok
CPPL,2016,4684714,1368423,3316291,2510213,927448,6888605,-5306538,1582067,918239,17515,1342482,1649727,,-225297,1314053,thousands,1.0,,"{""sfp"": [48], ""pl"": [49], ""cfs"": [51]}",,ok
CPPL,2017,5566394.0,,,2863159.0,775432.0,6443932,-5187454,1256478,702049,15428.0,1494637.0,,,-279645,375353,thousands,1.0,,"{""sfp"": [103, 102, 104], ""pl"": [104, 103, 105], ""cfs"": [106, 105, 107, 87]}",,ok
CPPL,2018,,,,,,7000000,,,,,,,,-271795,,thousands,1.0,,"{""sfp"": [63], ""pl"": [126], ""cfs"": [117, 127, 128, 129]}",,ok
CPPL,2019,11351443,6885205,4466238,6022692,3851719,8093407,-6692758,1400649,562873,13139,3128554,,,-383380,-776483,thousands,1.0,,"{""sfp"": [156, 155, 157], ""pl"": [157, 156, 158], ""cfs"": [159, 158, 160, 124]}",,ok
CPPL,2020,11160731.0,6386327,4774404,5580221,3511290,,-8262464.0,1173729.0,,15022,2622464,5096317,,95967,,thousands,1.0,,"{""sfp"": [166, 165, 167], ""pl"": [], ""cfs"": [130]}",,ok
CPPL,2021,,,,,,,,,,,,,,,1499702,thousands,1.0,,"{""sfp"": [128], ""pl"": [129, 132], ""cfs"": [120, 130, 131]}",,ok
CPPL,2022,14921657,8666100,6255557,8860273,5908590,,-11187790.0,2314729.0,,29125.0,4661360.0,,,,,thousands,1.0,,"{""sfp"": [217, 216, 218], ""pl"": [], ""cfs"": []}",,ok
CPPL,2023,16433795.0,,,9793257.0,5806986.0,,-13277189.0,3277073.0,,37279.0,5457707.0,,,,,thousands,1.0,,"{""sfp"": [236, 235, 237], ""pl"": [], ""cfs"": []}",,ok
CPPL,2024,13792914.0,,,6860158.0,2335960.0,13820153,-12358782,1461371,885892,92322.0,2946914.0,,,-147476,3954211,thousands,1.0,,"{""sfp"": [221, 220, 222], ""pl"": [222, 221, 223], ""cfs"": [224, 223, 225, 177]}",,ok
CPPL,2025,15623282.0,,,-518816.0,3511970.0,,,7228269.0,,,-98738.0,,,-220439,815432,thousands,1.0,,"{""sfp"": [115, 114, 116], ""pl"": [115, 114, 116], ""cfs"": [116, 115, 117, 93]}",,ok
CRTM,2014,11977971,6613749,5364222,4943555,6490790.0,12411497,11036060,1375437,235017,,1489590,,,,433977,thousands,1.0,,"{""sfp"": [34, 33, 35], ""pl"": [36, 35, 37], ""cfs"": [38, 37, 39]}",,ok
CRTM,2015,12454858,6714492,5740366,5426924,6571198,11834775,10321726,1513049,221694,,1337524,4139630,,-58937,103741,thousands,1.0,,"{""sfp"": [43, 44], ""pl"": [45, 46], ""cfs"": [47]}",,ok
CRTM,2017,17614086,9243757,8370329,7398443,8398686,11314259,-10214002,1100257,,,2588958,6328138,,,-311912,thousands,1.0,,"{""sfp"": [42, 43, 45], ""pl"": [44, 50], ""cfs"": [47]}",,ok
CRTM,2018,17614086,9243757,8370329,7398443,8398686,11314259,-10214002,1100257,,,2588958,6328138,,,-311912,thousands,1.0,,"{""sfp"": [29, 42, 43], ""pl"": [44, 45], ""cfs"": [47]}",L3,ok
CRTM,2019,17370803,9464068,7906735,6712671,8343855,13946144,-12308973,1637171,238589,,2284668,,,,864284,thousands,1.0,,"{""sfp"": [42, 41, 43], ""pl"": [44, 43, 45], ""cfs"": [47, 46, 48]}",,ok
CRTM,2020,18794868,10155164,8639704,7541103,9034951,13264005,-11714594,1549411,33599,38985,3186554,,,-46203,256872,thousands,1.0,,"{""sfp"": [42, 41, 43], ""pl"": [44, 43, 45], ""cfs"": [47, 46, 48]}",,ok
CRTM,2021,20264471,10389925,9874546,9051337,9379445,17817252,-15363861,2453391,515650,337930,3711478,,,,97873,thousands,1.0,,"{""sfp"": [48, 47, 49], ""pl"": [50, 49, 51], ""cfs"": [53, 52, 54]}",,ok
CRTM,2022,22300622,11465901,10834721,10670131,10472610,20331457,-16790308,3541149,1347099,145601,4609502,,,,-60469,thousands,1.0,,"{""sfp"": [48, 47, 49], ""pl"": [50, 49, 51], ""cfs"": [53, 52, 54]}",,ok
CRTM,2023,25494074.0,12997086,12496988,11309039.0,11839648,19891361.0,-17226096.0,2665265.0,560814,181395.0,4952860.0,,,-98519,998628,thousands,1.0,,"{""sfp"": [48, 47, 49], ""pl"": [50, 49, 51], ""cfs"": [53, 52, 54]}",,ok
CRTM,2024,23889442,12495860,11393582,9113045,11546239,23755882,-22394980,1360902,1347099.0,205919,3793213,,,-98241,659103,thousands,1.0,,"{""sfp"": [56, 55, 57], ""pl"": [58, 57, 59], ""cfs"": [61, 60, 62]}",L2,ok
CRTM,2025,26271460,13534730.0,12736730.0,10517766,12913088.0,19003675,-17299639,1704036,560814.0,214244,4931643,,,,-857377,thousands,1.0,,"{""sfp"": [56, 55, 57], ""pl"": [58, 57, 59], ""cfs"": [61, 60, 62]}",,ok
CSAP,2013,4808941,908712,3900229,1992692,872849,5001667,4350877,650790,815740,65220,662419,,,-167437,-81402,thousands,1.0,,"{""sfp"": [73, 72, 74, 143], ""pl"": [75, 74, 76, 145], ""cfs"": [77, 76, 78, 147]}",L2,ok
CSAP,2014,4733001,725822,4007179,1482398,651811,4031570,3801268,230302,360188,107246,407199,,,-157816,567993,thousands,1.0,,"{""sfp"": [77, 76, 78, 151], ""pl"": [79, 78, 80, 153], ""cfs"": [81, 80, 82, 155]}",L5,review
CSAP,2015,5392703,1341960,4050743,1478746,1055403,2101564,2069070,32494,106422,42551,453108,,,-138000,162195,thousands,1.0,,"{""sfp"": [79, 78, 80, 153], ""pl"": [81, 80, 82, 155], ""cfs"": [83, 82, 84, 157]}",,ok
CSAP,2016,9484203,,,4527148,3127645.0,7412035,5269059,2142976,967136,62902,2266787,,,-149298,-1820072,thousands,1.0,,"{""sfp"": [77, 76, 78, 157], ""pl"": [79, 78, 80, 159], ""cfs"": [81, 80, 82, 161]}",,ok
CSAP,2017,12179588,,,6829595,4733466.0,10208644,8349794,1858850,1012435,28471,2686682,,,-389172,172041,thousands,1.0,,"{""sfp"": [85, 84, 86], ""pl"": [87, 86, 88], ""cfs"": [89, 88, 90]}",,ok
CSAP,2018,,,,,,,,,751750.0,,1542650.0,,,-368863,1505075,thousands,1.0,,"{""sfp"": [70, 69, 71, 129], ""pl"": [71, 70, 72, 120], ""cfs"": [71, 120]}",,ok
CSAP,2020,,,7008264,,,,,,,29620,,,,,,thousands,1.0,,"{""sfp"": [113, 207, 269, 273, 274, 275, 284], ""pl"": [], ""cfs"": []}",L5;L2,review
CSAP,2022,8445136,2346725,6098411,,2155336,,,,,,,,,,,thousands,1.0,,"{""sfp"": [123, 251], ""pl"": [], ""cfs"": []}",,ok
CSAP,2023,9948280,3828848,6119432,3923225,3058049,4515598,3739705,775893,176857,30266,1268967,,,,,thousands,1.0,,"{""sfp"": [211, 210, 212, 287, 340, 362], ""pl"": [213, 212, 214], ""cfs"": [214, 213, 215, 303]}",L5;L2,review
CSAP,2025,15919776,7168009.0,,11233719,6874650.0,6380650,4856212,1524438,1343279,74586,2983801,,,,,thousands,1.0,,"{""sfp"": [209, 208, 210, 303], ""pl"": [211, 210, 212], ""cfs"": []}",L5,review
CSIL,2013,164822.712,76074.326,88748.386,153719.766,,55767.352,,,1466.683,1586.058,,11102.946,,,-61789.991,thousands,0.001,,"{""sfp"": [18, 19], ""pl"": [20, 21], ""cfs"": [23, 24]}",,ok
CSIL,2014,574842.556,222449.338,352393.218,,,,,,-35830.168,,,,,,-62733.794,thousands,0.001,,"{""sfp"": [30, 31], ""pl"": [32, 33, 39, 40], ""cfs"": [35, 36]}",,ok
CSIL,2015,,328145.397,,,,,,,,,,,,,,thousands,0.001,,"{""sfp"": [20, 19, 21], ""pl"": [], ""cfs"": []}",,ok
CSIL,2016,,344781.621,,,,,,,,,,,,,,thousands,0.001,,"{""sfp"": [29, 28, 30, 71], ""pl"": [], ""cfs"": []}",,ok
CSIL,2017,,253385.183,,,,,,,73166.684,,,,,,,thousands,0.001,,"{""sfp"": [42, 41, 43, 95], ""pl"": [], ""cfs"": []}",L2.5,review
CSIL,2018,1179593.086,252435.821,927157.265,,,,,,,73138.809,,,,,,thousands,0.001,,"{""sfp"": [39, 38, 40], ""pl"": [], ""cfs"": []}",L2.5,review
CSIL,2019,1254771.351,280659.351,974112.0,,,,,,,73886.978,,,,,,thousands,0.001,,"{""sfp"": [36, 35, 37, 92], ""pl"": [], ""cfs"": []}",L2.5,review
CSIL,2020,1333074.411,303772.408,1029298.003,,,,,,54581.782,10064.959,,,,,,thousands,0.001,,"{""sfp"": [35, 34, 36, 98], ""pl"": [], ""cfs"": []}",L2.5;L2.5,review
CSIL,2021,1404565.958,325963.504,1078602.454,,,,,,46844.136,13868.324,,,,,,thousands,0.001,,"{""sfp"": [35, 34, 36, 97], ""pl"": [], ""cfs"": []}",L2.5;L2.5,review
CSIL,2022,1467091.466,357673.592,1109417.874,,,,,,26932.992,5606.296,,,,,,thousands,0.001,,"{""sfp"": [36, 35, 37, 93], ""pl"": [], ""cfs"": []}",L2.5;L2.5,review
CSIL,2023,1588442.027,404787.602,1183654.425,,,,,,68103.151,4440.657,,,,,,thousands,0.001,,"{""sfp"": [36, 35, 37, 93], ""pl"": [], ""cfs"": []}",L2.5;L2.5,review
CSIL,2024,1522523.739,253360.654,1269163.085,,,,,,87158.719,26720.305,,,,,,thousands,0.001,,"{""sfp"": [40, 39, 41, 81], ""pl"": [], ""cfs"": []}",L2.5,review
CSIL,2025,1638373.959,300693.009,1337680.95,,,,,,20935.771,2686.386,,,,,,thousands,0.001,,"{""sfp"": [43, 42, 44, 86], ""pl"": [], ""cfs"": []}",,ok
CTM,2014,4627476,,1809586,1101349,2249628,5298805,5048675,250130,-126615,54702,179045,3374303,,,540203,thousands,1.0,,"{""sfp"": [12, 13], ""pl"": [14], ""cfs"": [15]}",,ok
CTM,2015,27492901.0,18825464.0,8667437.0,6973226.0,8638920.0,15957105.0,-15232795.0,724310.0,-896757.0,58271.0,5238387.0,19790959.0,,,1050879,thousands,1.0,,"{""sfp"": [], ""pl"": [23], ""cfs"": [24]}",L3,ok
CTM,2017,27044401,,,7132158,8832416.0,13545840.0,12543265.0,1002575.0,,40283,5155709,,,,,thousands,1.0,,"{""sfp"": [20, 19, 21], ""pl"": [], ""cfs"": []}",L2.5,review
CTM,2018,27321000.0,,,7850804000.0,9241726000.0,16595202000.0,15336601000.0,1258601000.0,40194000.0,38412000.0,5415334000.0,,,,,thousands,1000.0,,"{""sfp"": [26, 25, 27], ""pl"": [], ""cfs"": []}",L3,ok
CTM,2019,27173263,,,7838945,5474844.0,23123399.0,21395836.0,1727563.0,1435785.0,37287,4705937,,,,,thousands,1.0,,"{""sfp"": [26, 25, 27], ""pl"": [], ""cfs"": []}",L3,ok
CTM,2020,27401614,18002934,9398680,8103837,5518961,17700292.0,16754434.0,945858.0,,47952,4608933,,,,,thousands,1.0,,"{""sfp"": [26, 25, 27, 70], ""pl"": [], ""cfs"": []}",,ok
CTM,2021,28236223,18362076,9874147,8127216,6197309,25468528.0,23239505.0,2229023.0,,54796,4798585,,,,,thousands,1.0,,"{""sfp"": [26, 25, 27, 70], ""pl"": [], ""cfs"": []}",,ok
CTM,2022,30099122,,,9494732,7880745.0,30817244.0,27933246.0,2883998.0,,21053,4736428,,,,,thousands,1.0,,"{""sfp"": [26, 25, 27, 70], ""pl"": [], ""cfs"": []}",,ok
CTM,2023,29767887,,,9273083,8347585.0,20852724.0,21456188.0,,,90916,4460113,,,,,thousands,1.0,,"{""sfp"": [28, 27, 29, 72], ""pl"": [], ""cfs"": []}",,ok
CTM,2024,28947236,,,8377195,10661786.0,16764028.0,19150617.0,,,87878,4203953,,,,,thousands,1.0,,"{""sfp"": [26, 25, 27], ""pl"": [], ""cfs"": []}",,ok
CTM,2025,26967867,21867894,5099973,6602489,11502421,16888072,18221646,-1333574,824377.0,46741,2919461,18152911,,,338025,thousands,1.0,,"{""sfp"": [26, 27], ""pl"": [28, 29], ""cfs"": [30]}",,ok
CWSM,2014,1749660.56,,,599529.709,,2720953.201,-2492198.739,228754.462,52258.769,9553.688,294934.404,1121979.763,,-1820.631,194749.003,thousands,0.001,,"{""sfp"": [10, 11], ""pl"": [12, 13], ""cfs"": [14]}",,ok
CWSM,2015,1750809.726,,,606550.117,,2112614.812,-2077809.676,34805.136,-139431.154,3940.793,342924.309,1126705.782,,-312.053,62063.285,thousands,0.001,,"{""sfp"": [10, 11], ""pl"": [12, 13], ""cfs"": [14]}",,ok
CWSM,2016,1482004.844,,,422671.936,,1057846.192,-1288444.925,-230598.733,-334736.174,1740.763,133050.685,1043624.762,,,-97772.288,thousands,0.001,,"{""sfp"": [13, 14], ""pl"": [15, 16], ""cfs"": [17]}",,ok
CWSM,2018,1030.616,,,,,201244.58,-239768.759,-38524.179,-93260.624,,,,,,-20013.9,thousands,0.001,,"{""sfp"": [38], ""pl"": [39, 40], ""cfs"": [41]}",,ok
CWSM,2020,868900.052,871593.92,-2693.868,38560.381,871593.92,146548.532,-178973.803,-32425.271,-50473.496,41.73,,801787.161,,,-1196.094,thousands,0.001,,"{""sfp"": [25], ""pl"": [26, 27], ""cfs"": [28]}",L3,ok
CWSM,2021,821994.982,873263.734,-51268.752,37923.057,873263.734,,-45784.257,-45784.257,-48574.884,48.296,,755519.415,,,-51589.374,thousands,0.001,,"{""sfp"": [26], ""pl"": [27, 28], ""cfs"": [29]}",L3,ok
CWSM,2024,2124743.399,780233.688,1344509.71,28600.491,780233.688,,-122669.591,-122669.591,-121745.872,28600.491,,2065055.398,,,,thousands,0.001,,"{""sfp"": [19], ""pl"": [20], ""cfs"": []}",,ok
CWSM,2025,2012270.871,785488.228,1226782.643,28244.726,785488.228,,111887.464,-111887.464,-117727.067,47.507,,1952938.636,,,-1048.158,thousands,0.001,,"{""sfp"": [20], ""pl"": [21, 22], ""cfs"": [23]}",,ok
CYAN,2013,5507511,196219,5311292,5476569,160471,,,,1176049,17835,,,,-471561,-491672,thousands,1.0,,"{""sfp"": [103, 102, 104], ""pl"": [104, 103, 105], ""cfs"": [107, 106, 108]}",,ok
CYAN,2014,4886548,296035,4590513,4851953,270487,,,,898787,21844,,,,-1747414,-1692674,thousands,1.0,,"{""sfp"": [103, 102, 104], ""pl"": [104, 103, 105], ""cfs"": [107, 106, 108]}",,ok
CYAN,2015,3032369,517232,2515137,3002534,463697,,,,335035,159891,,,,-2482409,-2520881,thousands,1.0,,"{""sfp"": [113, 112, 114], ""pl"": [114, 113, 115], ""cfs"": [117, 116, 118]}",,ok
CYAN,2016,3659044,486441,3172603,3632542,462110,,,,711233,159891.0,,,,-378220,-505975,thousands,1.0,,"{""sfp"": [117, 116, 118], ""pl"": [118, 117, 119], ""cfs"": [121, 120, 122]}",L5,review
CYAN,2017,2546226.0,,,-424808.0,448557.0,,,,,,,,,-148246,-173198,thousands,1.0,,"{""sfp"": [56, 55, 57], ""pl"": [56, 55, 57], ""cfs"": [58, 57, 59]}",,ok
CYAN,2018,2264085.0,,,2167909.0,414674.0,,,,-218086,,,,,-144641,-278840,thousands,1.0,,"{""sfp"": [119, 118, 120], ""pl"": [120, 119, 121], ""cfs"": [123, 122, 124]}",,ok
CYAN,2019,2521702,405372,2116330,2349512,378871,,,,97942,,,,,,-27459,thousands,1.0,,"{""sfp"": [119, 118, 120], ""pl"": [120, 119, 121], ""cfs"": [122, 121, 123]}",,ok
CYAN,2020,3004370.0,,,2927172.0,515661.0,,,,,,,,,,,thousands,1.0,,"{""sfp"": [62, 61, 63], ""pl"": [62, 61, 63], ""cfs"": [63, 62, 64]}",,ok
CYAN,2021,2730302,847064,1883238,,1606681.0,,,,,,,,,,,thousands,1.0,,"{""sfp"": [64, 63, 65], ""pl"": [64, 63, 65], ""cfs"": [65, 64, 66]}",,ok
CYAN,2022,1574789,343271,1231518,858781,343172,,,,,,,,,,,thousands,1.0,,"{""sfp"": [20, 19, 21], ""pl"": [20, 19, 21], ""cfs"": [21, 20, 22]}",L5;L5,review
CYAN,2023,1644712,105648,1539064,935444,105530,,,,324604,,,,,,247054,thousands,1.0,,"{""sfp"": [42, 41, 43], ""pl"": [43, 42, 44], ""cfs"": [45, 44, 46]}",L5,review
CYAN,2024,2234384,265962,1968422,1450671,157785,,,,,26504,,,,-245256,267638,thousands,1.0,,"{""sfp"": [39, 38, 40], ""pl"": [40, 39, 41], ""cfs"": [42, 41, 43]}",,ok
DAAG,2014,123340.004,,,58904.725,,66028.119,54850.083,11178.037,3479.795,7141.622,19485.429,64435.279,,,13092.598,thousands,0.001,,"{""sfp"": [11, 15, 16, 21], ""pl"": [12, 17], ""cfs"": [18]}",,ok
DAAG,2015,118214.456,,24052.315,58914.238,41795.242,71368.446,60186.814,11181.632,1879.412,3564.737,17256.54,59300.218,,,1901.079,thousands,0.001,,"{""sfp"": [10, 14, 15, 19], ""pl"": [11, 16, 17], ""cfs"": [18]}",,ok
DAAG,2017,,,,,,,95118.324,,,,,,,,,thousands,0.001,,"{""sfp"": [14, 13, 15], ""pl"": [], ""cfs"": []}",,ok
DAAG,2018,,,,,,,103292.839,,,,,,,,,thousands,0.001,,"{""sfp"": [20, 19, 21], ""pl"": [], ""cfs"": []}",,ok
DAAG,2019,,,,,,,117717.725,,,,,,,,,thousands,0.001,,"{""sfp"": [20, 19, 21], ""pl"": [], ""cfs"": []}",,ok
DAAG,2020,,,,,,,113685.088,,5838.362,,,,,,,thousands,0.001,,"{""sfp"": [23, 22, 24], ""pl"": [], ""cfs"": []}",,ok
DAAG,2021,,,,,,,152557.821,,8043.264,,,,,,,thousands,0.001,,"{""sfp"": [23, 22, 24], ""pl"": [], ""cfs"": []}",,ok
DAAG,2022,,,,,,202622.43,154743.159,,2667.202,,,,,,,thousands,0.001,,"{""sfp"": [23, 22, 24], ""pl"": [], ""cfs"": []}",,ok
DAAG,2023,,,,,,214572.969,163007.081,,16820.339,,,,,,,thousands,0.001,,"{""sfp"": [23, 22, 24], ""pl"": [], ""cfs"": []}",,ok
DAAG,2024,512085.099,,222053.418,394250.105,259381.949,362311.518,-269133.546,93177.972,7487.606,9050.343,274963.053,117129.144,,,-84718.408,thousands,0.001,,"{""sfp"": [33, 34, 36], ""pl"": [35], ""cfs"": [38]}",,ok
DAAG,2025,604694.028,,,393241.352,,353206.98,-297877.929,55329.051,-24694.996,7751.052,206708.106,210746.826,,,-14821.822,thousands,0.001,,"{""sfp"": [33, 34, 39], ""pl"": [35], ""cfs"": [38]}",,ok
DADX,2014,2648662,1757188,891474,952769,1519932,1915705,-1762605,153100,-189334,,556245,,,,156899,thousands,1.0,,"{""sfp"": [26, 25, 27], ""pl"": [27, 26, 28], ""cfs"": [29, 28, 30]}",L5,review
DADX,2015,2954393,1691009,1263384,982810,1530689,2163119,-1782094,381025,,13339,518289,,,,109747,thousands,1.0,,"{""sfp"": [26, 25, 27], ""pl"": [27, 26, 28], ""cfs"": [29, 28, 30]}",,ok
DADX,2016,2954393,1691009,1263384,982810,1530689,2163119,-1782094,381025,,13339,518289,,,,109747,thousands,1.0,,"{""sfp"": [26, 25, 27], ""pl"": [27, 26, 28], ""cfs"": [29, 28, 30]}",L3,ok
DADX,2017,3185380,1905152,1280228,1271611,1811896,2391591,-1964982,426609,16844,36668,714275,1788130,,,48631,thousands,1.0,,"{""sfp"": [32], ""pl"": [33], ""cfs"": [35]}",,ok
DADX,2018,3330519.0,,,1453623.0,2089288.0,2921715,-2462941,458774,,23935.0,815537.0,,,,12217,thousands,1.0,,"{""sfp"": [38, 37, 39], ""pl"": [39, 38, 40], ""cfs"": [41, 40, 42]}",,ok
DADX,2019,,,,1120327.0,4283126.0,,,,,,654276.0,,,,,thousands,1.0,,"{""sfp"": [46, 45, 47], ""pl"": [], ""cfs"": []}",,ok
DADX,2020,3406799.0,,,1633595.0,2341817.0,2374110.0,-2139045.0,235065.0,,25010.0,597668.0,,,,194787,thousands,1.0,,"{""sfp"": [41], ""pl"": [42], ""cfs"": [43, 42, 44]}",,ok
DADX,2021,3119316,2235475,884041,1397675,2178562,2444539,-2133666,310873,-39009,32701,460667,,,,210220,thousands,1.0,,"{""sfp"": [41, 40, 42], ""pl"": [42, 41, 43], ""cfs"": [44, 43, 45]}",,ok
DADX,2022,2906557.0,,,1894599.0,2104418.0,1696847,-1449027.0,247820.0,,60450.0,386121.0,,,,-216423,thousands,1.0,,"{""sfp"": [58, 57, 59], ""pl"": [59, 58, 60], ""cfs"": [61, 60, 62]}",,ok
DADX,2023,2970516,2108223,862293,829645,2101451,1413449,-1271588,141861,-420029,56200,198998,,,,242082,thousands,1.0,,"{""sfp"": [60, 59, 61], ""pl"": [61, 60, 62], ""cfs"": [63, 62, 64]}",L5;L5,review
DADX,2024,2774930,2263040,511890,716087,2259165.0,1119264,-1062590.0,,,49098.0,192153.0,,,,,thousands,1.0,,"{""sfp"": [52, 51, 53], ""pl"": [53, 52, 54], ""cfs"": []}",L5,review
DADX,2025,2873304,2438500,434804,530069,2437004,780943,-826617,-45674,-407047,23017,175353,405275,,,,thousands,1.0,,"{""sfp"": [34], ""pl"": [35], ""cfs"": []}",,ok
DAWH,2013,20602905,1124044,19478861,20602905,818724,,,,429285,13727,,,,-480025,-306907,thousands,1.0,,"{""sfp"": [63, 62, 64, 100, 119, 120, 133, 134, 136, 137, 149, 150, 151], ""pl"": [64, 63, 65, 103], ""cfs"": [67, 66, 68, 104]}",L5,review
DAWH,2014,20858166,1000350,19857816,210354,757342,,,,860106.0,10253,,,,-479887,-727931,thousands,1.0,,"{""sfp"": [85, 84, 86, 141], ""pl"": [86, 85, 87, 153], ""cfs"": [89, 88, 90]}",,ok
DAWH,2015,38871555,5076300,33795255,1164490,1186570,,,,20194376,1008059,,,,-6231826,-1737294,thousands,1.0,,"{""sfp"": [69, 68, 70, 141], ""pl"": [70, 69, 71, 142, 143], ""cfs"": [73, 72, 74, 145]}",L5,review
DAWH,2016,37950413,7111557,30838856,346627,3984508,,,,5470241,286288,,,,-8374993,-2093233,thousands,1.0,,"{""sfp"": [75, 74, 76], ""pl"": [76, 75, 77], ""cfs"": [79, 78, 80]}",,ok
DAWH,2017,39600886.0,,,14481311.0,2455779.0,,,,3852352,229064.0,,,,-1931756,-1799520,thousands,1.0,,"{""sfp"": [57, 56, 58], ""pl"": [58, 57, 59], ""cfs"": [61, 60, 62]}",,ok
DAWH,2018,3601713,510648,3091065,170627,510648,,,,477208.0,19788,47380,31494,,,,thousands,1.0,,"{""sfp"": [36, 35, 37, 38, 39, 40, 41, 42, 43, 73], ""pl"": [36, 35, 37], ""cfs"": []}",L3,ok
DAWH,2019,42257680,10653957,31603723,17392754,3235484,,,7549823,4821697,337103,,91073,,,,thousands,1.0,,"{""sfp"": [69, 68, 70], ""pl"": [70, 69, 71], ""cfs"": []}",L3,ok
DAWH,2020,39171730,8169319,31002411,15668140,8055329,,,5945929,3727994,1398636,,,,,,thousands,1.0,,"{""sfp"": [40, 39, 41], ""pl"": [40, 39, 41], ""cfs"": [42, 41, 43]}",L5,review
DAWH,2021,37614373,7206436,,14137429.0,14483900.0,,,5018176,3980848,,,,,-4623359,-1105320,thousands,1.0,,"{""sfp"": [72, 71, 73], ""pl"": [73, 72, 74], ""cfs"": [76, 75, 77]}",,ok
DAWH,2022,34931100,8046346,26884754,10724537,8012322,,,5969746,3692274,,,,,,,thousands,1.0,,"{""sfp"": [33, 32, 34, 58, 59], ""pl"": [34, 59], ""cfs"": [35, 34, 36, 60]}",,ok
DAWH,2023,32123522,3550356,28573166,8696492,3323893,1319479.0,,14558997,10349773,33123,53600703.0,,,-8143032,14673052,thousands,1.0,,"{""sfp"": [22, 21, 23, 24, 25, 41, 43, 66, 67, 87, 99], ""pl"": [22, 21, 23, 24, 25, 41, 43, 66, 99], ""cfs"": [43, 42, 44]}",L5;L5;L5;L5;L5,review
DCL,2014,23369521,13596628,9772893,2611346,5699795,9963458,-8834554,1128904,437442,149722,653149,20653656,,,439763,thousands,1.0,,"{""sfp"": [20, 24], ""pl"": [21], ""cfs"": [23]}",,ok
DCL,2015,24638612,12993857,11644755,3236793,5340423,11245246,-9656597,1588649,709668,328880,765142,21291521,,,434680,thousands,1.0,,"{""sfp"": [20], ""pl"": [21], ""cfs"": [23]}",,ok
DCL,2017,30267464,13889572,16377892,3125579,5362287,12856279,-10322230,2534049,1305791,122722,697138,27017233,,,,thousands,1.0,,"{""sfp"": [24, 45, 51, 52], ""pl"": [25, 26, 56, 57, 58], ""cfs"": []}",,ok
DCL,2018,30247170,12981362,17265808,3310800,5296081,13473483,-11355978,2117505,902242,98485,828195,26791269,,,1642451,thousands,1.0,,"{""sfp"": [27], ""pl"": [28, 29], ""cfs"": [30, 31]}",,ok
DCL,2019,29895176,,17017112,2889561,5127910,12054025,-10826727,1227298,-275304,71018,471698,26865212,,,1282923,thousands,1.0,,"{""sfp"": [27, 57, 59], ""pl"": [28, 29, 67, 69], ""cfs"": [30, 31]}",,ok
DCL,2020,37332839,15731024,21601816,2455785,6201962,5832951,-6349360,-516409,-1324445,90542,115844,34740048,,,464450,thousands,1.0,,"{""sfp"": [27], ""pl"": [28, 29], ""cfs"": [30, 31]}",,ok
DCL,2021,,,,2743124.0,,,-5900233,359682,-666438,61734.0,,,,,54819,thousands,1.0,,"{""sfp"": [27, 26, 28], ""pl"": [28, 27, 29], ""cfs"": [30, 29, 31]}",,ok
DCL,2022,,,,4564958.0,,,-15293538,1224761,-703032,157927.0,,,,,240196,thousands,1.0,,"{""sfp"": [27, 26, 28], ""pl"": [28, 27, 29], ""cfs"": [30, 29, 31]}",,ok
DCL,2023,49544242,22062852,27481390,4331179,7526964,20199555,-19752669,446886,-586306,84956,746746,44605397,,,1194743,thousands,1.0,,"{""sfp"": [27], ""pl"": [28, 29], ""cfs"": [30, 31]}",,ok
DCL,2024,48772185,21800507,26971678,4922496,7827502,22319082,-21925149,393933,-509712,159266,841176,43714896,,,319911,thousands,1.0,,"{""sfp"": [28], ""pl"": [29], ""cfs"": [31, 32]}",,ok
DCL,2025,,,,4220952.0,,,-19866927,1546467,-967788,161630.0,,,,,1013712,thousands,1.0,,"{""sfp"": [34, 33, 35], ""pl"": [35, 34, 36], ""cfs"": [37, 36, 38]}",,ok
DEL,2013,182916.871,21828.082,161088.789,123463.791,21828.082,,,,,,,,,,,thousands,0.001,,"{""sfp"": [18, 17, 19], ""pl"": [], ""cfs"": []}",,ok
DEL,2014,216794.729,41037.963,175756.766,161576.802,41037.963,,,,10930.329,3102.023,,,,,,thousands,0.001,,"{""sfp"": [18, 17, 19], ""pl"": [], ""cfs"": []}",L2.5,review
DEL,2015,258749.308,,,168231.221,,,,,46619.136,6119.78,,,,,,thousands,0.001,,"{""sfp"": [17, 16, 18], ""pl"": [], ""cfs"": []}",,ok
DEL,2016,240300.861,16751.776,223549.085,156356.67,16751.776,,,,1004.873,12506.263,,,,,,thousands,0.001,,"{""sfp"": [29, 28, 30], ""pl"": [], ""cfs"": []}",,ok
DEL,2017,294089.3,36846.876,257242.424,177086.635,36821.876,,,,10969.92,12195.915,,,,,,thousands,0.001,,"{""sfp"": [22, 21, 23], ""pl"": [], ""cfs"": []}",,ok
DEL,2018,303795.45,50265.966,253529.484,201411.102,50240.966,,,,8343.753,18883.066,,,,,,thousands,0.001,,"{""sfp"": [29, 28, 30], ""pl"": [], ""cfs"": []}",,ok
DEL,2019,237045.163,13004.693,224040.47,152737.865,12979.693,,,,479.56,2822.842,,,,,,thousands,0.001,,"{""sfp"": [28, 27, 29], ""pl"": [], ""cfs"": []}",,ok
DEL,2020,245969.236,,227914.908,168222.035,18029.328,,,,8104.069,2655.06,,,,,,thousands,0.001,,"{""sfp"": [29, 28, 30], ""pl"": [], ""cfs"": []}",,ok
DEL,2021,349786.765,56812.239,293064.526,292659.958,56787.239,,,,41533.967,13575.366,,,,,,thousands,0.001,,"{""sfp"": [31, 30, 32], ""pl"": [], ""cfs"": []}",,ok
DEL,2022,372657.361,,,312623.815,91026.473,,,,9602.557,7286.509,,,,,,thousands,0.001,,"{""sfp"": [32, 31, 33], ""pl"": [], ""cfs"": []}",,ok
DEL,2023,353743.104,103523.104,250220.0,300473.314,102163.087,,,,,9098.148,,,230.336,,,thousands,0.001,,"{""sfp"": [30, 29, 31], ""pl"": [], ""cfs"": []}",,ok
DEL,2024,475568.021,184392.645,291175.376,429285.279,183673.416,,,,,18523.967,,,,,,thousands,0.001,,"{""sfp"": [35, 34, 36], ""pl"": [], ""cfs"": []}",,ok
DEL,2025,794069.979,,,755993.142,423451.218,,,,50569.618,,,,,,,thousands,0.001,,"{""sfp"": [38, 37, 39], ""pl"": [], ""cfs"": []}",,ok
DFML,2014,3397924,,-2251860,2033337,5628537,986779,1041766,-54987,-105209,129990,143390,1328587,,,169154,thousands,1.0,,"{""sfp"": [18], ""pl"": [19], ""cfs"": [21]}",L3,ok
DFML,2015,3491227,,-2219707,2213983,5689707,54161,186907,-132746,-159009,122202,89065,1241244,,,-11724,thousands,1.0,,"{""sfp"": [18, 22], ""pl"": [19, 20], ""cfs"": [21]}",L3,ok
DFML,2017,3524715,5563610,-2038895,1260263.0,5580969.0,84517,235972,-151455,-13212,123680.0,63574.0,,,,,thousands,1.0,,"{""sfp"": [21, 20, 22], ""pl"": [22, 21, 23], ""cfs"": [24, 23, 25]}",L5;L3;L2,review
DFML,2018,3607124.0,,,1286706.0,5694520.0,52656,191537,,,128234.0,48553.0,,,,,thousands,1.0,,"{""sfp"": [27, 26, 28], ""pl"": [28, 27, 29], ""cfs"": []}",L5;L2,review
DFML,2019,3424902,5777533,-2352631,1210839,5760602.0,,203854.0,,,125267.0,46992.0,,,,,thousands,1.0,,"{""sfp"": [29, 28, 30], ""pl"": [30, 29, 31], ""cfs"": []}",L3,ok
DFML,2020,3184146.0,,,1212638.0,5812368.0,,102440.0,,,125606.0,35320.0,,,,,thousands,1.0,,"{""sfp"": [26, 25, 27], ""pl"": [27, 26, 28], ""cfs"": []}",,ok
DFML,2021,3024707.0,,,1206230.0,5842180.0,,82535,-80987,-189252,125143.0,17193.0,,,,,thousands,1.0,,"{""sfp"": [25, 24, 26], ""pl"": [26, 25, 27], ""cfs"": []}",,ok
DFML,2022,2891500,,,1216058,5886804,,83273,-83129,-176830,128715,14856,765959,,,,thousands,1.0,,"{""sfp"": [25, 24, 26], ""pl"": [26, 25, 27], ""cfs"": []}",,ok
DFML,2023,2879313.0,,,1303332.0,6105422.0,,-141428.0,-141248.0,,138710.0,22972.0,,,,,thousands,1.0,,"{""sfp"": [25, 24, 26], ""pl"": [26, 25, 27], ""cfs"": []}",,ok
DFML,2024,3962624.0,,,2320862.0,7641480.0,11980.0,-292833,-282880,-457847,144862.0,889279.0,,,,,thousands,1.0,,"{""sfp"": [25, 24, 26], ""pl"": [26, 25, 27], ""cfs"": []}",,ok
DFML,2025,,,,2597002.0,8522798.0,1405314,-1706186,-300872,-578443,214064.0,1006861.0,,,,,thousands,1.0,,"{""sfp"": [25, 24, 26], ""pl"": [26, 25, 27], ""cfs"": []}",L3,ok
DFSM,2014,2448755.262,1147804.478,1300950.784,826838.18,473839.826,1636369.861,-1554485.872,81883.989,-53965.712,13067.64,182655.863,1595169.837,,,199265.0,thousands,0.001,,"{""sfp"": [19], ""pl"": [20, 21], ""cfs"": [22]}",,ok
DFSM,2015,2324610.985,1002594.315,1322016.669,786567.177,483617.817,1208179.412,-1172567.341,35612.071,21065.885,1960.477,155068.13,1511296.562,,,62513.934,thousands,0.001,,"{""sfp"": [16, 21], ""pl"": [17], ""cfs"": [19]}",,ok
DFSM,2017,2983721.359,1474996.804,1508724.555,825028.08,1054713.132,952277.991,-1072352.948,-120074.957,-251012.743,17280.074,185838.526,2136981.934,,,-27260.606,thousands,0.001,,"{""sfp"": [13, 17, 21], ""pl"": [18, 19], ""cfs"": [20]}",,ok
DFSM,2018,2545763.355,,1139734.642,432652.181,1004203.349,769189.123,-1016271.881,-247082.758,-377120.023,7910.277,28188.863,2089034.129,,,,thousands,0.001,,"{""sfp"": [14, 19], ""pl"": [20, 21, 22], ""cfs"": []}",,ok
DFSM,2019,2312616.177,1375766.952,936849.225,297930.008,978876.815,482918.465,-593035.262,-110116.797,-210213.273,3483.173,361.003,1984914.824,,,92659.329,thousands,0.001,,"{""sfp"": [20, 25], ""pl"": [21, 22], ""cfs"": [23]}",,ok
DFSM,2020,2182556.131,1442634.163,739921.968,267439.243,1259455.665,431984.1,-531195.423,-99211.323,-197868.617,3682.51,361.003,1830389.532,,,41537.307,thousands,0.001,,"{""sfp"": [20], ""pl"": [21, 22], ""cfs"": [23]}",,ok
DFSM,2021,3610450.698,,2002677.205,252908.924,1274972.35,602428.29,-627213.998,-24785.708,-112600.791,44049.557,361.003,3319315.029,,,61660.886,thousands,0.001,,"{""sfp"": [20], ""pl"": [21, 22], ""cfs"": [23]}",,ok
DFSM,2022,3437882.525,1629031.279,1808851.246,202744.015,1305462.016,694230.183,-811333.168,-117102.985,-192990.996,10238.291,,3196911.765,,,5405.884,thousands,0.001,,"{""sfp"": [15, 20], ""pl"": [21], ""cfs"": [23]}",,ok
DFSM,2023,3221209.103,1696890.075,1524319.028,132023.001,1400422.729,488343.69,-716320.054,-227976.364,-286600.892,2799.314,28155.525,3050959.357,,,12366.867,thousands,0.001,,"{""sfp"": [20], ""pl"": [21, 22], ""cfs"": [23]}",,ok
DFSM,2024,3214195.51,2067468.464,1146727.046,184207.134,1796864.242,446380.125,-887457.918,-441077.793,-383058.895,15666.199,15516.54,2991200.86,,,109746.89,thousands,0.001,,"{""sfp"": [20], ""pl"": [21, 22, 25], ""cfs"": [23]}",,ok
DFSM,2025,12153670.593,2422564.692,9731105.901,13035.629,1799697.449,219248.591,-458929.085,-239680.494,-213301.576,4990.375,15516.54,11975049.448,,,-81225.788,thousands,0.001,,"{""sfp"": [20], ""pl"": [21], ""cfs"": [23]}",L3,ok
DGKC,2013,63526719,,,25983994,9309606.0,24915924,-15589917,9326007,5502169,468881,1661721,,,-657179,6519982,thousands,1.0,,"{""sfp"": [34, 33, 35, 91, 110, 128, 133, 138, 139, 140, 141, 142, 143], ""pl"": [36, 35, 37, 93], ""cfs"": [38, 37, 39, 107]}",,ok
DGKC,2014,73282069,11765368,61516535,32068626,5940563.0,26542509,-17284941,9257568,5965498,1309026,1348742,,,-1314357,8724257,thousands,1.0,,"{""sfp"": [65, 64, 66, 127], ""pl"": [67, 66, 68, 129], ""cfs"": [69, 68, 70, 131]}",L2.5,review
DGKC,2015,74391443,,,31426342,6598378.0,26104611,-16649411,9455200,7624680,257723,1188376,,,-1533417,9954056,thousands,1.0,,"{""sfp"": [101, 100, 102, 156], ""pl"": [103, 102, 104, 167], ""cfs"": [105, 104, 106, 169]}",,ok
DGKC,2016,83418265,,,30835521,10056634.0,29703758.0,-17035566.0,12668192.0,8789672,7009844,766633,,,-2190596,11119972,thousands,1.0,,"{""sfp"": [107, 106, 108, 173], ""pl"": [110], ""cfs"": [111, 110, 112, 177]}",,ok
DGKC,2017,108371319,,,27300684,14849803.0,30136165.0,-18291600.0,11844565.0,7975341,421880,1162914,,,-2628715,5877328,thousands,1.0,,"{""sfp"": [100, 99, 101, 166, 189, 190, 192, 193, 209, 220, 229, 230, 232, 234], ""pl"": [103, 169], ""cfs"": [104, 103, 105, 170]}",,ok
DGKC,2018,,,,29077644.0,22601249.0,30668428.0,-21928207.0,8740221.0,8837608,469104.0,1377596.0,,,-3279879,8910698,thousands,1.0,,"{""sfp"": [97, 151], ""pl"": [98, 165], ""cfs"": [99, 98, 100]}",,ok
DGKC,2019,125941425,,,33623260,34247052.0,40516525,-35154086,5362439,1609759,488918,3714058,,,-1856922,-1530631,thousands,1.0,,"{""sfp"": [94, 93, 95, 173], ""pl"": [96, 95, 97, 192], ""cfs"": [99, 98, 100]}",,ok
DGKC,2020,27281347,60654652,,34097120.0,37624257.0,38033124.0,-36447218.0,1585906.0,,687991,4352995.0,,,,,thousands,1.0,,"{""sfp"": [106, 180, 249], ""pl"": [199, 108], ""cfs"": [108, 107, 109]}",L5;L2,review
DGKC,2021,137894697,60147772,,36851264,40295520.0,45107690,-37035798,8071892,3721273,806373,2728589,,,,6161190,thousands,1.0,,"{""sfp"": [109, 108, 110, 201, 207, 208, 210, 211, 245, 248, 250], ""pl"": [111, 110, 112], ""cfs"": [114, 113, 115, 184]}",L3,ok
DGKC,2022,141590854,68947142,72643712,,47370341,58043863,-47615551,10428312,2972132,,,,,-437124,-3932479,thousands,1.0,,"{""sfp"": [128, 200], ""pl"": [130, 202], ""cfs"": [132, 204]}",L2,ok
DGKC,2023,134713254,,64192277.0,39026666,48675790.0,64983821,-55428046,9555775,2972132.0,674972,8873170,,,-437927,6504234,thousands,1.0,,"{""sfp"": [154, 153, 155, 245], ""pl"": [156, 155, 157], ""cfs"": [158, 157, 159]}",,ok
DGKC,2024,138385754,62538216,75847538,41770521,32225717,66038689,-55510429,10528260,542396,732168,7693067,79877839,,,6029545,thousands,1.0,,,,ok
DGKC,2025,145924235,51256757,94667478,47908042,25910920,71892837,-53387166,18505671,8675059,568832,8188678,,,,10034132,thousands,1.0,,"{""sfp"": [153, 152, 154], ""pl"": [155, 154, 156], ""cfs"": [157, 156, 158]}",L5,review
DIIL,2014,828668.455,247229.635,581438.82,,230406.102,487163.916,413534.704,73629.212,-44819.925,,,,,,-96528.604,thousands,0.001,,"{""sfp"": [13, 14, 18, 19], ""pl"": [15, 16], ""cfs"": [17]}",,ok
DIIL,2015,1114637.096,,,701399.57,419885.15,637193.78,,,,7230.049,309394.772,,,,,thousands,0.001,,"{""sfp"": [13, 12, 14], ""pl"": [], ""cfs"": []}",,ok
DIIL,2016,919906.11,,,630130.65,189525.528,774114.245,,,,8191.746,276919.582,,,,,thousands,0.001,,"{""sfp"": [13, 12, 14], ""pl"": [], ""cfs"": []}",,ok
DIIL,2017,731190.044,,,459502.343,630706.553,940883.814,-937462.593,3421.221,,6124.935,97797.095,,,,,thousands,0.001,,"{""sfp"": [13, 12, 14], ""pl"": [], ""cfs"": []}",,ok
DIIL,2018,424026.466,204242.841,219783.625,,,96742.285,-93895.78,2846.505,18044.441,4006.996,8415.705,186822.186,,,,thousands,0.001,,"{""sfp"": [23, 26, 30], ""pl"": [24, 25], ""cfs"": [27]}",L3;L2,ok
DIIL,2019,386031.249,205856.772,,,,,,,,701.212,,,,,,thousands,0.001,,"{""sfp"": [50], ""pl"": [], ""cfs"": []}",,ok
DIIL,2020,401492.985,208735.233,,,,,,,,2531.672,,,,,,thousands,0.001,,"{""sfp"": [52], ""pl"": [], ""cfs"": []}",,ok
DIIL,2021,640923.24,405666.691,235256.549,320569.878,187618.381,163264.335,-146577.964,16686.371,33514.954,3556.206,163706.0,168822.355,,,-29907.377,thousands,0.001,,"{""sfp"": [21], ""pl"": [22, 23], ""cfs"": [25]}",,ok
DIIL,2022,870394.826,,,567649.591,372732.235,1785557.455,-1609563.468,175993.987,52907.254,1720.412,,,,,,thousands,0.001,,"{""sfp"": [], ""pl"": [21], ""cfs"": [24]}",L3,ok
DIIL,2023,493198.728,,,380642.488,99562.368,,,,,1776.054,,,,,,thousands,0.001,,"{""sfp"": [41], ""pl"": [], ""cfs"": []}",,ok
DIIL,2024,527905.68,,246687.076,210007.623,102117.098,,,,-24233.345,2915.479,,,,,,thousands,0.001,,"{""sfp"": [53], ""pl"": [], ""cfs"": []}",,ok
DIIL,2025,480384.836,,,210435.71,81892.013,,,,52907.0,2337.883,,,,,,thousands,0.001,,"{""sfp"": [], ""pl"": [], ""cfs"": []}",,ok
DINT,2014,,,,,-1132825.569,10211073.667,-9536724.443,674349.224,,,,,,-156145.54,655218.902,thousands,0.001,,"{""sfp"": [50, 52, 58], ""pl"": [53], ""cfs"": [55]}",,ok
DINT,2015,5578748.141,3857116.73,1721631.411,2849314.206,2884630.171,8552540.73,-8117225.89,435314.84,-193369.695,36719.88,1166745.814,2611546.743,,-112.989,-205995.364,thousands,0.001,,"{""sfp"": [50, 51, 52], ""pl"": [53, 54], ""cfs"": [55]}",,ok
DINT,2017,7322125.076,5664156.617,1657968.459,4410750.297,468120.182,7421.792,6944.651,477.141,-63296.651,,,,,-28098.468,-387.956,thousands,0.001,,"{""sfp"": [50, 52, 85], ""pl"": [29, 53, 54, 76, 77, 78], ""cfs"": [34, 55]}",,ok
DINT,2018,8951539.378,7150728.189,1800811.189,5393380.095,5023205.078,9479186.625,-8671900.216,807289.409,144887.55,36825.82,3124499.774,3542913.022,,,,thousands,0.001,,"{""sfp"": [6], ""pl"": [7, 8, 9], ""cfs"": []}",L3,ok
DINT,2019,10536975.649,8373919.773,2163055.876,6531953.079,5980227.982,11560481.838,10243242.326,1317239.512,362448.142,24315.539,3466157.383,3987275.619,,,-762702.22,thousands,0.001,,"{""sfp"": [5, 9], ""pl"": [6, 7], ""cfs"": [8]}",,ok
DINT,2020,,,,,,12482831.245,-11189621.786,1293209.459,36635.553,,,,,,,thousands,0.001,,"{""sfp"": [6], ""pl"": [7, 8, 9], ""cfs"": []}",,ok
DINT,2021,17607594.749,12931107.436,4676487.313,8406964.944,6616489.758,17641434.612,-14528487.446,3112947.166,1562920.986,124780.159,4126582.122,9183099.754,,-55.299,1791677.149,thousands,0.001,,"{""sfp"": [64], ""pl"": [65, 66], ""cfs"": [67]}",,ok
DINT,2022,28110695.103,19997431.528,8113263.575,18111342.572,14044674.624,31352709.025,-25382352.88,5970356.145,3443296.328,195705.117,10185800.211,,5587.76,,,thousands,0.001,,"{""sfp"": [64, 63, 65], ""pl"": [], ""cfs"": []}",L5,review
DINT,2023,37991974.201,27452249.007,10539725.194,21694084.477,20108827.407,32313734.893,-29211516.967,3102217.926,,118771.905,,,,,,thousands,0.001,,"{""sfp"": [67, 66, 68], ""pl"": [32], ""cfs"": [40]}",L5,review
DINT,2024,,,,,,39608139.408,-37291351.718,2316787.689,-2768498.426,,,,,,1863474.567,thousands,0.001,,"{""sfp"": [67], ""pl"": [68, 69], ""cfs"": [70]}",L2,ok
DINT,2025,34488337,,,,,40119000.0,-36377000.0,,,,,,,,,thousands,1.0,"{'Sales': 1000.0, 'COGS': 1000.0}","{""sfp"": [40, 39, 41], ""pl"": [], ""cfs"": [41]}",,ok
DKL,2015,,,,,,,,,41413.116,,,,,,,thousands,0.001,,"{""sfp"": [], ""pl"": [], ""cfs"": []}",,ok
DKL,2018,71166.165,,31030.738,,,,,,-2928.205,29.31,,130.281,,,616.637,thousands,0.001,,"{""sfp"": [38, 41], ""pl"": [39], ""cfs"": [42]}",,ok
DKL,2019,71146.014,,,853.242,12140.974,,,,,55.51,,,,,,thousands,0.001,,"{""sfp"": [35, 34, 36], ""pl"": [], ""cfs"": []}",,ok
DKL,2020,56545.034,33238.891,23506.143,3496.691,4348.744,2571.125,,2571.125,-6808.777,355.875,,48.343,,,591.557,thousands,0.001,,"{""sfp"": [33], ""pl"": [34, 35], ""cfs"": [37]}",,ok
DKL,2021,56159.2,,21096.434,3126.213,6372.619,,,,-2409.709,123.021,,32.987,,,,thousands,0.001,,"{""sfp"": [43], ""pl"": [44, 45, 47], ""cfs"": []}",,ok
DKTM,2014,1238884.971,829504.486,409380.485,576168.513,596812.295,1244956.571,-1227671.937,17284.634,-64687.75,4133.643,179484.656,595856.096,,,30308.685,thousands,0.001,,"{""sfp"": [19], ""pl"": [20, 21], ""cfs"": [22]}",,ok
DKTM,2015,1149906.901,813405.152,336501.748,497581.613,647371.736,716613.254,-800993.423,-84380.169,-100238.452,1756.756,194959.424,543589.85,,,12998.483,thousands,0.001,,"{""sfp"": [18, 22], ""pl"": [19], ""cfs"": [21]}",,ok
DKTM,2017,885438.137,870986.617,14451.52,124728.763,657474.804,,-93676.471,,-185045.157,1524.698,69530.284,757818.299,,,,thousands,0.001,,"{""sfp"": [19, 18, 20], ""pl"": [], ""cfs"": []}",,ok
DKTM,2018,,,,124730.781,,,-93676.471,,-185045.157,1524.698,69530.284,,,,,thousands,0.001,,"{""sfp"": [19, 18, 20], ""pl"": [], ""cfs"": []}",,ok
DKTM,2019,9233827.0,20856161.0,,,,,,,,,,,,,,thousands,0.001,,"{""sfp"": [], ""pl"": [], ""cfs"": []}",,ok
DKTM,2020,8143557.0,20903039.0,,,,,,,,,,,,,,thousands,0.001,,"{""sfp"": [], ""pl"": [], ""cfs"": []}",,ok
DKTM,2021,,,,,,,-61213.549,-61213.549,-45875.331,,,,,,831.764,thousands,0.001,,"{""sfp"": [20], ""pl"": [21, 22], ""cfs"": [23]}",L5,review
DKTM,2022,833991.761,738805.282,95186.479,36207.714,679573.153,65280.976,-107871.27,-42590.294,-56573.774,6199.258,,797784.047,,,6240.647,thousands,0.001,,"{""sfp"": [20, 25], ""pl"": [21, 22], ""cfs"": [23]}",,ok
DKTM,2023,782167.241,741504.353,40662.888,18068.568,691736.079,,-49146.118,-49146.118,-54523.591,791.482,5863.062,764098.673,,,-5401.455,thousands,0.001,,"{""sfp"": [23, 27], ""pl"": [24, 25], ""cfs"": [26]}",,ok
DKTM,2024,,,,,,,-32563.868,-32563.868,-49127.855,,,,,,-6169.658,thousands,0.001,,"{""sfp"": [19, 23], ""pl"": [24, 25], ""cfs"": [26]}",,ok
DLL,2013,1252553,398774,853779,552095,389355,134318,-115804,18514,-340166,20256,261306,,,,,thousands,1.0,,"{""sfp"": [39, 38, 40], ""pl"": [40, 39, 41], ""cfs"": [42, 41, 43]}",L5,review
DLL,2014,,,,692536.0,345802.0,129199,-102148,27051,-88857,20303.0,,,,,,thousands,1.0,,"{""sfp"": [39, 38, 40, 84], ""pl"": [40, 39, 41, 85], ""cfs"": [42, 41, 43, 87]}",,ok
DLL,2015,2396397,354698,2041699,1221637,348364,175765,-143007,32758,1282119,510644,210307,,,,,thousands,1.0,,"{""sfp"": [48, 47, 49, 109, 117, 131, 133], ""pl"": [49, 48, 50], ""cfs"": [51, 50, 52]}",L5;L5;L5;L2,review
DLL,2016,3454398,593274,2861124,755245,593274,,-152080.0,,1156519.0,300330,86558,,,,,thousands,1.0,,"{""sfp"": [58, 57, 59], ""pl"": [], ""cfs"": []}",L5,review
DLL,2017,3405275,699478,2705797,298412,699478,,-76784.0,,164288.0,10239.0,,,,,,thousands,1.0,,"{""sfp"": [56, 55, 57, 104], ""pl"": [], ""cfs"": []}",L5,review
DLL,2018,3601713.0,,,214762.0,510648.0,,,,477208.0,19788.0,,,,,,thousands,1.0,,"{""sfp"": [60, 59, 61, 128], ""pl"": [], ""cfs"": []}",,ok
DLL,2019,4213518.0,,,684471.0,706448.0,,,,1098904.0,,,,,,,thousands,1.0,,"{""sfp"": [54, 53, 55, 126], ""pl"": [], ""cfs"": []}",,ok
DLL,2020,4603602.0,,3760464.0,1078509.0,840383.0,,,,,29713.0,,,,,,thousands,1.0,,"{""sfp"": [66, 65, 67, 128], ""pl"": [], ""cfs"": []}",,ok
DLL,2021,4739821,812348,3927473,1251855,807651,,,,,48303,14262,,,,,thousands,1.0,,"{""sfp"": [72, 71, 73, 130], ""pl"": [], ""cfs"": []}",,ok
DLL,2022,3560038,216439,3343599,1166200,211680,,,,,64951,,,,,,thousands,1.0,,"{""sfp"": [79, 78, 80], ""pl"": [], ""cfs"": []}",L2.5;L5;L5,review
DLL,2023,,,,5011292.0,557263.0,,,,,143741.0,,,,,,thousands,1.0,,"{""sfp"": [51, 50, 52, 109], ""pl"": [], ""cfs"": []}",,ok
DLL,2024,7849129,727482,7121647,5174270,714259,,,,3039968,151453,,,,,,thousands,1.0,,"{""sfp"": [40, 39, 41, 108], ""pl"": [41, 40, 42], ""cfs"": []}",L5,review
DLL,2025,28524357,3136891,25387466,7659230,1009427,2742145,,,17090471,520915,,,,,,thousands,1.0,,"{""sfp"": [72, 71, 73, 163], ""pl"": [73, 72, 74], ""cfs"": []}",L2.5;L2.5;L2.5;L2.5,review
DMTM,2014,1329367.932,803386.442,525981.49,673482.147,383930.786,1571344.675,-1483134.627,88210.048,-23957.101,8420.541,151591.948,614125.963,,,66287.169,thousands,0.001,,"{""sfp"": [19], ""pl"": [20, 21], ""cfs"": [22]}",,ok
DMTM,2015,1083850.199,602413.928,481436.271,436923.797,285938.882,959399.67,-1026119.156,-66719.486,-86939.349,6258.204,86535.853,567130.31,,,128741.86,thousands,0.001,,"{""sfp"": [18], ""pl"": [19], ""cfs"": [21]}",,ok
DMTM,2017,,,,,,14010.476,-113537.535,-99527.059,-156403.555,,,,,,-52719.919,thousands,0.001,,"{""sfp"": [18], ""pl"": [19, 20], ""cfs"": [21]}",,ok
DMTM,2018,10023571.0,20188204.0,,,,,,,-149444.307,,,,,,,thousands,0.001,,"{""sfp"": [], ""pl"": [], ""cfs"": []}",,ok
DMTM,2019,9233827.0,20856161.0,,,,,,,-104764.42,,,,,,,thousands,0.001,,"{""sfp"": [], ""pl"": [], ""cfs"": []}",,ok
DMTM,2020,,,,136375.666,591604.678,,-59881.045,,,3452.986,37638.566,,,,,thousands,0.001,,"{""sfp"": [19, 18, 20], ""pl"": [], ""cfs"": []}",,ok
DMTM,2021,,,,,,,45399.941,,,,,,,,,thousands,0.001,,"{""sfp"": [], ""pl"": [], ""cfs"": []}",,ok
DMTM,2022,,,,69274.167,566303.185,,-76857.523,,,3698.711,7704.79,,,,,thousands,0.001,,"{""sfp"": [18, 17, 19], ""pl"": [], ""cfs"": []}",,ok
DMTM,2023,858990.043,620378.477,238611.566,44513.708,590353.329,3866.66,-47612.017,-43745.357,-35810.379,3546.331,,813659.473,,,71.532,thousands,0.001,,"{""sfp"": [23], ""pl"": [24, 25], ""cfs"": [26]}",,ok
DMTM,2024,,,,37418.98,584287.324,,-31281.972,,,6640.632,,,,,,thousands,0.001,,"{""sfp"": [21, 20, 22], ""pl"": [], ""cfs"": []}",,ok
DMTX,2014,837446.382,335235.274,502211.108,24887.811,199023.12,428822.118,-406944.124,,,134.458,3875.196,,,,,thousands,0.001,,"{""sfp"": [19, 18, 20], ""pl"": [], ""cfs"": []}",L2,ok
DMTX,2017,693975.816,150259.27,543716.546,26918.991,120209.497,,,,-2775.47,89.687,,,,,,thousands,0.001,,"{""sfp"": [31, 30, 32], ""pl"": [], ""cfs"": []}",L5,review
DMTX,2018,665524.734,139323.011,526201.723,24714.244,119704.728,,,,-15862.746,51.109,,,,,,thousands,0.001,,"{""sfp"": [36, 35, 37], ""pl"": [], ""cfs"": []}",L5,review
DMTX,2019,656439.403,137593.735,518845.668,25669.838,128891.819,,,,-7524.441,822.625,,,,,,thousands,0.001,,"{""sfp"": [36, 35, 37], ""pl"": [], ""cfs"": []}",L5,review
DMTX,2021,640336.606,115492.384,524844.222,48904.243,108586.018,,,,,11920.634,,,,,,thousands,0.001,,"{""sfp"": [35, 34, 36], ""pl"": [], ""cfs"": []}",L5;L5,review
DMTX,2022,791054.188,128552.404,662501.784,29456.694,124964.902,,,,,4253.329,,,,,,thousands,0.001,,"{""sfp"": [35, 34, 36], ""pl"": [], ""cfs"": []}",,ok
DMTX,2023,783213.629,135026.448,648187.181,24031.701,130546.585,,,,,262.952,,,,,,thousands,0.001,,"{""sfp"": [33, 32, 34], ""pl"": [], ""cfs"": []}",,ok
DMTX,2024,786318.726,123488.278,662830.448,114541.541,118356.285,,,,,2239.103,,,,,,thousands,0.001,,"{""sfp"": [35, 34, 36], ""pl"": [], ""cfs"": []}",,ok
DNCC,2014,2867790.905,,-2224813.69,834254.947,3721588.169,1068197.617,1416478.467,-348280.85,-526633.125,40462.788,216117.193,2022858.443,,,,thousands,0.001,,"{""sfp"": [13, 14, 15, 18], ""pl"": [16, 17], ""cfs"": []}",L3,ok
DNCC,2015,2758646.885,5020433.826,-2261786.941,789721.612,4057238.791,2138894.941,2426241.483,-287346.542,-497257.685,21101.708,84998.141,1958250.558,,,-239541.781,thousands,0.001,,"{""sfp"": [14, 15], ""pl"": [16], ""cfs"": [18]}",L3,ok
DNCC,2016,4490173.45,,,910577.16,4309960.337,2346936.848,2359393.646,-12456.798,-280252.502,45542.509,27216.037,,,,,thousands,0.001,,"{""sfp"": [14, 13, 15], ""pl"": [], ""cfs"": []}",,ok
DNCC,2018,5256012.196,7299702.49,-2043690.294,765872.623,5237795.779,1306529.257,-1782703.753,-476174.496,-751456.105,13490.053,214407.859,,,,,thousands,0.001,,"{""sfp"": [18, 17, 19], ""pl"": [], ""cfs"": []}",L5;L3,review
DNCC,2019,5269271.656,,,875392.889,3309032.415,1593516.615,-1937197.269,-343680.654,,48910.151,220018.479,,,,,thousands,0.001,,"{""sfp"": [20, 19, 21], ""pl"": [], ""cfs"": []}",L5,review
DNCC,2020,4906148.748,,,569759.085,1160376.932,296105.6,-489593.137,-193487.537,,6763.828,119153.645,,,,,thousands,0.001,,"{""sfp"": [20, 19, 21], ""pl"": [], ""cfs"": []}",L3,ok
DNCC,2021,4743289.365,,,415911.734,1047393.304,,,,-77742.651,21118.339,89992.553,,,,,thousands,0.001,,"{""sfp"": [20, 19, 21], ""pl"": [], ""cfs"": []}",L5,review
DNCC,2022,5423456.142,,,375543.644,739485.397,,,,-326549.925,68554.981,7575.898,,,,,thousands,0.001,,"{""sfp"": [20, 19, 21], ""pl"": [], ""cfs"": []}",,ok
DNCC,2023,9459144.596,,,443695.484,1586744.62,,,,-367435.662,11269.848,5041.311,,,,,thousands,0.001,,"{""sfp"": [20, 19, 21], ""pl"": [], ""cfs"": []}",,ok
DNCC,2024,13523902.748,,,1211040.823,3238815.367,,,,,21724.232,273555.694,,,,,thousands,0.001,,"{""sfp"": [20, 19, 21], ""pl"": [], ""cfs"": []}",,ok
DNCC,2025,14120893.896,,,2121952.793,,6344182.808,-5751513.824,592668.984,20426.0,170598.715,233471.728,11998941.103,,,-98193.368,thousands,0.001,,"{""sfp"": [20, 21], ""pl"": [22, 23], ""cfs"": [24]}",,ok
DOL,2015,2653847,2276434,377413,638323,397300,1409082,-1140866,268216,-118849,75479,103551,1771052,,,145449,thousands,1.0,,"{""sfp"": [15, 16], ""pl"": [17, 18], ""cfs"": [19]}",,ok
DOL,2017,2160371,442922,1717449,535482,442922,1961005,-1454383,506622,204925,21760,47803,,,,216696,thousands,1.0,,"{""sfp"": [14], ""pl"": [15], ""cfs"": [16, 15, 17]}",,ok
DOL,2018,,,,,,,,,,,,,,-263990,448808,thousands,1.0,,"{""sfp"": [12], ""pl"": [13], ""cfs"": [14, 13, 15]}",,ok
DOL,2019,2248187,1464628,783559,716916,45374,2704957,-1874206,830751,394269,,,,,-284052,609280,thousands,1.0,,"{""sfp"": [13], ""pl"": [14], ""cfs"": [15, 14, 16]}",,ok
DOL,2020,2836685,901370,1935315,760606,472065,2641615,-1780357,861258,414423,,183058,,,,668691,thousands,1.0,,"{""sfp"": [27, 26, 28], ""pl"": [30, 29, 31], ""cfs"": [32, 31, 33]}",,ok
DOL,2021,3892671,,,1415414,638608.0,2804903,-2191962,612941,278703,57306,154557,,,-150195,542039,thousands,1.0,,"{""sfp"": [31, 30, 32], ""pl"": [33, 32, 34], ""cfs"": [36, 35, 37]}",,ok
DOL,2022,3905019,,,1358769,1013139.0,4250493,-3148688,1101805,470877,106171,248816,,,-174016,1055874,thousands,1.0,,"{""sfp"": [31, 30, 32], ""pl"": [33, 32, 34], ""cfs"": [36, 35, 37]}",L5,review
DOL,2023,5035830,1976347,3059483,2684795,1667003,6721346,-3964917,2756429,1400634,248357,717177,2293287,,-694186,1871235,thousands,1.0,,"{""sfp"": [33, 32, 34, 89], ""pl"": [35, 34, 36, 92], ""cfs"": [38, 37, 39, 124]}",,ok
DOL,2024,,,,,,5738033,,1154113,507014,,,,,,,thousands,1.0,,"{""sfp"": [], ""pl"": [3, 2, 4], ""cfs"": []}",,ok
DOL,2025,4570678,1300183,3270495,2400359,1096214,5916317.0,-4211771.0,1704546.0,790159,192261,653599,,,-692401,1598903,thousands,1.0,,"{""sfp"": [35, 34, 36, 85], ""pl"": [37, 36, 38, 87], ""cfs"": [40, 39, 41, 90]}",L5,review
DSIL,2014,703489.23,,,114164.666,,1130585.28,-1117780.808,12804.472,-48390.838,2716.723,27355.669,436192.675,,,34946.101,thousands,0.001,,"{""sfp"": [15, 16], ""pl"": [17, 18], ""cfs"": [19]}",,ok
DSIL,2015,585335.366,641357.273,-56021.907,85981.512,506624.153,820090.456,-867695.343,-47604.887,167886.238,1302.91,18192.527,398938.588,,,18159.435,thousands,0.001,,"{""sfp"": [14, 15], ""pl"": [16, 18], ""cfs"": [17]}",L3;L2,ok
DSIL,2018,687750.716,490202.242,197548.474,104292.967,372843.664,717846.175,-733450.702,-15604.527,,2339.408,54110.39,,,,,thousands,0.001,,"{""sfp"": [16, 15, 17], ""pl"": [], ""cfs"": []}",,ok
DSIL,2019,513848.769,297395.174,216453.595,36944.24,292148.868,581734.778,-612634.156,-30899.378,-81531.163,1805.017,9316.183,,,,,thousands,0.001,,"{""sfp"": [16, 15, 17], ""pl"": [], ""cfs"": []}",L5,review
DSIL,2020,462977.532,279974.472,183003.06,20624.72,166447.339,117732.604,-115417.102,,-33482.807,733.806,13092.866,,,,,thousands,0.001,,"{""sfp"": [16, 15, 17], ""pl"": [], ""cfs"": []}",L5;L5,review
DSIL,2021,478793.695,305549.508,173244.187,18498.504,190955.403,,-128717.193,5252.465,-9679.239,,,,,,,thousands,0.001,,"{""sfp"": [15, 14, 16], ""pl"": [], ""cfs"": []}",,ok
DSIL,2022,356034.717,154356.976,201677.741,166870.898,153768.186,,-34458.893,-18518.093,28601.897,130381.154,2867.199,,,,,thousands,0.001,,"{""sfp"": [16, 15, 17], ""pl"": [], ""cfs"": []}",L5,review
DSIL,2023,298101.499,110853.772,187247.727,128236.741,110853.772,,-22119.683,,-14425.913,79557.214,12253.255,,,,,thousands,0.001,,"{""sfp"": [17, 16, 18], ""pl"": [], ""cfs"": []}",,ok
DSIL,2024,291565.444,107773.992,183791.451,121451.936,107773.992,,-21265.312,7900.597,28602.0,69222.792,,,,,,thousands,0.001,,"{""sfp"": [17, 16, 18], ""pl"": [], ""cfs"": []}",,ok
DSIL,2025,284683.228,95645.803,189037.424,110623.543,95645.804,,-3892.616,,,,,,,,,thousands,0.001,,"{""sfp"": [17, 16, 18], ""pl"": [], ""cfs"": []}",,ok
DSL,2014,2048194.678,,572695.312,6853.544,1474913.192,,,,-12976.875,373.956,,,,,,thousands,0.001,,"{""sfp"": [16, 15, 17], ""pl"": [], ""cfs"": []}",L2,ok
DSL,2015,2050306.181,1842701.492,207604.689,5333.306,928502.193,,,,-98084.538,66.999,,,,,,thousands,0.001,,"{""sfp"": [], ""pl"": [], ""cfs"": []}",,ok
DSL,2017,3164322.913,1954477.46,1209845.453,787368.788,161465.319,,,,-81490.295,781199.806,,,,,,thousands,0.001,,"{""sfp"": [30, 29, 31], ""pl"": [], ""cfs"": []}",,ok
DSL,2018,3134245.461,2027495.415,1106750.046,470046.149,234066.154,,,,-103176.072,31491.873,256501.97,,,,,thousands,0.001,,"{""sfp"": [48, 47, 49], ""pl"": [], ""cfs"": []}",,ok
DSL,2019,2783201.234,1990674.169,792527.065,144302.754,268539.978,576657.96,-684937.619,,-313309.036,1887.215,47535.87,,,,,thousands,0.001,,"{""sfp"": [38, 37, 39], ""pl"": [], ""cfs"": []}",,ok
DSL,2020,2692009.689,2140588.988,551420.701,76019.471,483819.764,11270.03,-60985.653,-49715.623,-241106.364,903.29,31708.408,,,,,thousands,0.001,,"{""sfp"": [40, 39, 41], ""pl"": [], ""cfs"": []}",L5;L3,review
DSL,2021,2645909.334,2269490.506,376418.828,50390.678,701595.741,7053.96,-61375.236,-54321.276,-175001.873,93.497,4781.225,2554663.806,,,-65217.844,thousands,0.001,,"{""sfp"": [29, 35], ""pl"": [30], ""cfs"": [32]}",,ok
DSL,2022,2615934.369,2374356.842,241577.527,38261.939,921838.776,,,,,117.743,,2537149.985,,,-50162.245,thousands,0.001,,"{""sfp"": [34, 35], ""pl"": [], ""cfs"": [37]}",,ok
DSL,2023,2604841.192,2575830.89,29010.302,42834.681,1285506.347,,45646.282,-45646.282,-212567.225,129.114,,2521484.066,,,-51792.698,thousands,0.001,,"{""sfp"": [42], ""pl"": [43], ""cfs"": [45]}",L3,ok
DSL,2025,,,,,,,-38608.041,,,,,,,,,thousands,0.001,,"{""sfp"": [], ""pl"": [], ""cfs"": []}",,ok
DSML,2014,898673.614,664137.317,234536.297,104806.815,553444.665,1363715.008,1483815.417,-120100.409,-110228.525,7092.851,30600.045,792217.341,,,34463.826,thousands,0.001,,"{""sfp"": [18], ""pl"": [19], ""cfs"": [20]}",,ok
DSML,2015,798826.969,630182.166,168644.803,73594.368,578442.199,32585.974,114345.172,-81759.197,-65891.493,589.367,10.189,723583.143,,,-11458.023,thousands,0.001,,"{""sfp"": [16, 19], ""pl"": [20], ""cfs"": [21]}",L3,ok
DSML,2016,,,,,,,57088.92,-57088.92,-62026.931,,,,,,-30.0,thousands,0.001,,"{""sfp"": [18], ""pl"": [19], ""cfs"": [20]}",,ok
DSML,2018,,,,,,,39647.449,-39647.449,-73920.33,,,,,,-35865.653,thousands,0.001,,"{""sfp"": [23], ""pl"": [24], ""cfs"": [25]}",,ok
DSML,2019,-118.264,516.444,,396.764,516.444,,,,,,,,,,,thousands,0.001,,"{""sfp"": [], ""pl"": [], ""cfs"": []}",,ok
DSML,2020,-15.591,518.863,,39.315,518.863,,,,,,,,,,,thousands,0.001,,"{""sfp"": [], ""pl"": [], ""cfs"": []}",,ok
DSML,2021,371551.946,509121.168,-137569.222,28234.592,494811.538,,,,253189.034,1692.778,,,,,-5189.78,thousands,0.001,,"{""sfp"": [28, 56], ""pl"": [27, 57, 58], ""cfs"": [60]}",L3,ok
DSML,2022,,,97376.067,131316.989,34097.447,,,,21112.0,142.55,,129.5,,,-154126.727,thousands,0.001,,"{""sfp"": [12], ""pl"": [9, 13, 14], ""cfs"": [16]}",,ok
DSML,2023,62448.134,11914.111,50534.023,62287.059,11914.111,,,,228960.0,70.993,,134.05,,,,thousands,0.001,,"{""sfp"": [39, 43], ""pl"": [40, 41], ""cfs"": []}",,ok
DWSM,2014,,,,,,5575225.261,-5572417.008,2808.253,-109768.348,,,,,,143064.481,thousands,0.001,,"{""sfp"": [14, 18], ""pl"": [19, 20], ""cfs"": [21]}",,ok
DWSM,2015,,,,,,4442366.162,-4469252.369,-26886.207,-454130.884,,,,,,225666.288,thousands,0.001,,"{""sfp"": [16], ""pl"": [17, 18], ""cfs"": [19]}",,ok
DWSM,2016,5723908.077,4528126.001,1195782.076,1892796.449,2579656.299,2567628.356,-3170515.838,,,12462.276,242821.045,3831111.628,,,,thousands,0.001,,"{""sfp"": [17, 16, 18], ""pl"": [], ""cfs"": []}",,ok
DWSM,2018,7673516.561,,,2205784.484,5171718.302,4738180.041,-5002555.537,,,90587.518,1467636.506,,,,,thousands,0.001,,"{""sfp"": [19, 18, 20], ""pl"": [], ""cfs"": []}",,ok
DWSM,2019,6179328.638,,,1058694.527,4422849.208,5707989.323,-5760834.843,,,48348.292,273052.732,,,,,thousands,0.001,,"{""sfp"": [21, 20, 22], ""pl"": [], ""cfs"": []}",,ok
DWSM,2020,6792920.232,,,2007517.491,6252900.969,3824784.973,-4465760.781,,,33329.24,1033517.67,,,,,thousands,0.001,,"{""sfp"": [20, 19, 21], ""pl"": [], ""cfs"": []}",,ok
DWSM,2021,8783671.263,,,1917538.735,6653331.382,5958696.037,-6497210.661,,,60224.879,1336762.811,,,,,thousands,0.001,,"{""sfp"": [21, 20, 22], ""pl"": [], ""cfs"": []}",,ok
DWSM,2022,8558166.952,,,2255976.229,7277085.626,8454777.216,-8594621.181,,,83400.988,1249948.355,,,,,thousands,0.001,,"{""sfp"": [21, 20, 22], ""pl"": [], ""cfs"": []}",,ok
DWSM,2023,8579774.171,,,2567698.286,8154758.011,6206791.49,-6291569.903,,,33925.579,1532142.678,,,,,thousands,0.001,,"{""sfp"": [22, 21, 23], ""pl"": [], ""cfs"": []}",,ok
DWSM,2024,9010628.943,9672069.897,-661440.954,1579832.613,7525793.903,2483411.983,-2937021.378,,,28127.543,709818.109,,,,,thousands,0.001,,"{""sfp"": [20, 19, 21], ""pl"": [], ""cfs"": []}",L3,ok
DWSM,2025,7941607.44,,,924221.78,7154718.494,1296929.074,-2291805.552,,,15561.036,362804.886,,,,,thousands,0.001,,"{""sfp"": [21, 20, 22], ""pl"": [], ""cfs"": []}",,ok
DWTM,2014,5000824.001,4735006.782,265817.219,2903573.136,1723806.734,3414366.635,3387383.884,26982.751,-274911.312,14829.409,1494281.7,1827262.42,,,699324.557,thousands,0.001,,"{""sfp"": [17], ""pl"": [18, 19], ""cfs"": [20]}",,ok
DWTM,2015,4654021.777,4501823.958,152197.819,2553761.457,2053485.581,,,,,33277.725,1378330.034,1816271.875,,,-65483.902,thousands,0.001,,"{""sfp"": [19], ""pl"": [], ""cfs"": [20]}",,ok
DWTM,2017,,,,,,85443.194,-414575.029,-329131.835,-737657.054,,,,,,-61481.204,thousands,0.001,,"{""sfp"": [18], ""pl"": [19, 20], ""cfs"": [21]}",,ok
DWTM,2018,29335.699,,,1116491.009,4491118.785,,-193454.015,-193454.015,-601985.439,8474.273,,,,,,thousands,0.001,,"{""sfp"": [19, 18, 20], ""pl"": [], ""cfs"": []}",,ok
DWTM,2019,,,,630488.785,4778347.61,,-569733.861,-437261.468,-874171.672,7199.455,,,,,,thousands,0.001,,"{""sfp"": [18, 17, 19], ""pl"": [], ""cfs"": []}",,ok
DWTM,2020,,,,479865.47,5119727.501,,-152473.011,-152473.011,-606777.528,5068.481,,,,,,thousands,0.001,,"{""sfp"": [18, 17, 19], ""pl"": [], ""cfs"": []}",,ok
DWTM,2021,1671465.06,5577825.319,-3906360.259,262567.163,5288316.89,,-191117.219,,,10144.166,,,,,,thousands,0.001,,"{""sfp"": [19, 18, 20], ""pl"": [], ""cfs"": []}",L3,ok
DWTM,2022,,,,3988519.222,5332633.502,323046.585,-345668.683,,,6863.473,,,,,,thousands,0.001,,"{""sfp"": [18, 17, 19], ""pl"": [], ""cfs"": []}",,ok
DWTM,2023,,,,22548.004,5647088.707,,-188705.727,,,3313.815,,,,,,thousands,0.001,,"{""sfp"": [18, 17, 19], ""pl"": [], ""cfs"": []}",,ok
DWTM,2024,3341109.763,6080400.897,,6226.852,5638798.464,,-149322.241,,,3088.279,,,,,,thousands,0.001,,"{""sfp"": [19, 18, 20], ""pl"": [], ""cfs"": []}",,ok
DWTM,2025,,,,6286.258,5895032.344,,-131321.267,,,3513.037,,,,,,thousands,0.001,,"{""sfp"": [18, 17, 19], ""pl"": [], ""cfs"": []}",,ok
DYNO,2014,1411894.344,655754.221,756140.123,1016702.04,425563.32,2703246.183,-2345263.688,357982.495,124820.868,91721.105,469840.248,389029.858,,-46774.121,-72358.439,thousands,0.001,,"{""sfp"": [18], ""pl"": [19, 20], ""cfs"": [21]}",,ok
DYNO,2015,1294972.03,457834.031,837137.999,972582.237,302270.444,2387735.723,-2035706.732,352028.991,104588.392,86971.118,373206.577,312524.788,,-23590.516,243342.518,thousands,0.001,,"{""sfp"": [16], ""pl"": [17, 18], ""cfs"": [19]}",,ok
DYNO,2017,1292327.625,237227.299,1055100.326,1016021.048,237227.299,2497540.206,-2033170.897,464369.309,176977.729,141831.532,355071.437,251969.827,,-47181.333,147807.595,thousands,0.001,,"{""sfp"": [29], ""pl"": [30, 31], ""cfs"": [32]}",,ok
DYNO,2018,2275142.087,1000644.8,1274497.287,1726127.489,631603.72,3858317.868,-3170642.435,687675.433,294886.613,128411.554,699510.73,541303.407,,-74626.095,-283923.825,thousands,0.001,,"{""sfp"": [26], ""pl"": [27, 28], ""cfs"": [29]}",,ok
DYNO,2019,2360672.297,,1378727.77,1850750.216,722974.91,5140297.779,-4441153.923,698875.856,226901.474,101772.036,683109.925,490398.547,,-121103.156,228771.665,thousands,0.001,,"{""sfp"": [28], ""pl"": [29, 30], ""cfs"": [31]}",,ok
DYNO,2020,2345880,,1584896,,,,,,,,,,,,,thousands,1.0,,"{""sfp"": [19, 18, 20], ""pl"": [], ""cfs"": []}",,ok
DYNO,2021,3407590.037,1025629.176,2381960.861,2744235.74,902131.507,6827203.543,-5191320.199,1635883.344,938608.56,499303.6,1189667.787,640433.747,,,,thousands,0.001,,"{""sfp"": [23, 22, 24], ""pl"": [], ""cfs"": []}",L2.5;L5,review
DYNO,2022,3906234.486,997131.525,2909102.961,3043043.042,922519.193,,-7925208.567,1611116.365,,232671.547,1369639.453,,,,,thousands,0.001,,"{""sfp"": [23, 22, 24], ""pl"": [], ""cfs"": []}",,ok
DYNO,2023,4556321.099,1123597.339,,3660447.753,1078721.137,,-9186652.936,1893784.939,,795809.475,1093316.33,,,,,thousands,0.001,,"{""sfp"": [23, 22, 24], ""pl"": [], ""cfs"": []}",,ok
DYNO,2024,5553036.049,1259070.822,4293965.227,45.438,1259443.522,,-9898505.029,2861390.595,1191509.001,340599.555,1817709.274,,,,,thousands,0.001,,"{""sfp"": [26, 25, 27], ""pl"": [], ""cfs"": []}",L5,review
DYNO,2025,6314557.141,1436025.128,4878532.013,5223238.761,1453960.081,,-10482382.373,2251902.791,867653.068,956465.9,1820503.72,,,,,thousands,0.001,,"{""sfp"": [24, 23, 25], ""pl"": [], ""cfs"": []}",,ok
ECOP,2014,1660848,1256174,404674,579853,898818,2229897,-1832874,397023,57567,53737,170913,1074293,,,155842,thousands,1.0,,"{""sfp"": [16, 21], ""pl"": [22, 23], ""cfs"": [25]}",,ok
ECOP,2015,1680596,1244720,435876,618038,658370,1847868,-1562629,285239,26475,38118,202785,1055461,,,-39884,thousands,1.0,,"{""sfp"": [19], ""pl"": [20, 21], ""cfs"": [23]}",,ok
ECOP,2017,1706256,935007,771249,690979,519246,2205360,-1848006.0,357354.0,105861,22942,246650,,,,234016,thousands,1.0,,"{""sfp"": [36, 35, 37], ""pl"": [37, 36, 38], ""cfs"": [40, 39, 41]}",,review
ECOP,2018,2425656.0,,,1035833.0,949295.0,3312401,-2904311,408090,127041,79733.0,,,,-27880,51395,thousands,1.0,,"{""sfp"": [44, 43, 45], ""pl"": [45, 44, 46], ""cfs"": [48, 47, 49]}",,ok
ECOP,2019,2566328,1658906,907422,1102483,1100615,4074873,-3689056,385817,74811,35513,324830,,,-28932,71980,thousands,1.0,,"{""sfp"": [27, 26, 28], ""pl"": [28, 27, 29], ""cfs"": [31, 30, 32]}",L5,review
ECOP,2020,2155490,1350861,804629,729134,825500,3053947,-2905983,147964,-103700,20278,297598,,,-17148,439442,thousands,1.0,,"{""sfp"": [31, 30, 32], ""pl"": [32, 31, 33], ""cfs"": [35, 34, 36]}",,ok
ECOP,2021,2141785,1291716,850069,787402,986226,3100689,-2798092,302597,46114,28697,442389,,,,,thousands,1.0,,"{""sfp"": [27, 26, 28], ""pl"": [28, 27, 29], ""cfs"": [31, 30, 32]}",,ok
ECOP,2022,2501897,1470844,1031053,1060720,1299294,5025212,-4615520,409692,100179,25715,384593,,,,,thousands,1.0,,"{""sfp"": [54, 53, 55], ""pl"": [55, 54, 56], ""cfs"": [58, 57, 59, 84]}",,ok
ECOP,2023,2976282,1800961,1175321,1410539,1661530,5689493,-5107449,582044,40143,84328,505528,,,,,thousands,1.0,,"{""sfp"": [55, 54, 56], ""pl"": [56, 55, 57], ""cfs"": [59, 58, 60]}",L5,review
ECOP,2024,2961964,1665416,1296548,1429543,1556333,6212186,5436922,775264,128943,110185,504403,1514771,,,292146,thousands,1.0,,"{""sfp"": [55, 58], ""pl"": [56, 57], ""cfs"": [59]}",,ok
ECOP,2025,3345720.0,,,1453681.0,1268877.0,7183111,5979757,1203354,339840,103241.0,473965.0,,,-69820,773520,thousands,1.0,,"{""sfp"": [56, 55, 57], ""pl"": [57, 56, 58], ""cfs"": [60, 59, 61]}",,ok
EFERT,2013,109928787,84859555,25069232,30365756,22673345,50128936,-28007905,22121031,5497105,4458391,1381665,79315218,,,32530008,thousands,1.0,,"{""sfp"": [48], ""pl"": [49, 68], ""cfs"": [73]}",L2,ok
EFERT,2014,111472.0,,,46676.8,36556.0,,,,,,,,,,,thousands,1.0,,"{""sfp"": [], ""pl"": [], ""cfs"": []}",L3,ok
EFERT,2015,,,,,,,,,11027129.0,,,,,,,thousands,1.0,,"{""sfp"": [], ""pl"": [], ""cfs"": []}",,ok
EFERT,2016,102803512,61155128,41648384,28064003,24056849,69537253.0,-52098086.0,17439167.0,9283453.0,84426,6799015,,,,,thousands,1.0,,"{""sfp"": [104, 103, 105], ""pl"": [], ""cfs"": []}",L5,review
EFERT,2017,111816249,69346538,42469711,38283045,36934184,,,,11155622.0,1795929,7636214,,,,,thousands,1.0,,"{""sfp"": [43, 42, 44], ""pl"": [], ""cfs"": []}",L5,review
EFERT,2018,117721049,72197894,45523155,44886678,39128581,109196586.0,-73880139.0,35316447.0,17413518.0,729836,11538309,,,,,thousands,1.0,,"{""sfp"": [66, 65, 67, 99], ""pl"": [], ""cfs"": []}",L5,review
EFERT,2019,127046811,83767351,43279460,55887591,49135424,121354758.0,-81814870.0,39539888.0,16871223.0,3409674,3568895,,,,,thousands,1.0,,"{""sfp"": [82, 81, 83, 115], ""pl"": [], ""cfs"": []}",L5;L5,review
EFERT,2020,120819000,,35737000,50027000,49107000,105846000,-67597000,38249000,16133000,,,55346000,,-4543743,57351000,thousands,1.0,,"{""sfp"": [106, 107, 108, 109], ""pl"": [103, 105, 110, 111, 112], ""cfs"": [113, 120]}",,ok
EFERT,2021,,,,,,1592380168,-893398078,698982090,21093757,,,,,-53704683,14811092,thousands,1.0,,"{""sfp"": [145], ""pl"": [146], ""cfs"": [147]}",L3,ok
EFERT,2022,138755184,,,54277359,,,,,,2710215,6426637,77879622,,,41291071,thousands,1.0,,"{""sfp"": [138], ""pl"": [], ""cfs"": [130, 163, 164]}",,ok
EFERT,2025,199166075,154418837,44747238,96084407,124595780,237130786.0,-164577790.0,,22628044.0,8042747,25691512,,,,,thousands,1.0,,"{""sfp"": [159, 158, 160, 195], ""pl"": [], ""cfs"": []}",L5;L5,review
EFGH,2013,1476443471,408807992,1067635479,1390899868,408807992,,,,230027213.0,22850437,,,,,,thousands,,,"{""sfp"": [19, 18, 20], ""pl"": [], ""cfs"": []}",,ok
EFGH,2018,977139048,797095259,180043789,909479762,422095259,,,,-45634187.0,86637010,,,,,,thousands,,,"{""sfp"": [28, 27, 29], ""pl"": [], ""cfs"": []}",,ok
EFGH,2019,761759195.0,,,696963141.0,256188501.0,,,,,96753415.0,,,,,,thousands,,,"{""sfp"": [28, 27, 29], ""pl"": [], ""cfs"": []}",,ok
EFGH,2020,862135226,,,797510371.0,351152278.0,,,,,183833593.0,,,,,,thousands,,,"{""sfp"": [26, 25, 27], ""pl"": [], ""cfs"": []}",,ok
EFGH,2021,1316694856.0,,,1254049987.0,394018190.0,,,,28886516.0,161062880.0,,,,,,thousands,,,"{""sfp"": [26, 25, 27], ""pl"": [], ""cfs"": []}",,ok
EFGH,2022,1188534407.0,,,1136929116.0,193558394.0,,,,,102558998.0,,,,,,thousands,,,"{""sfp"": [26, 25, 27], ""pl"": [], ""cfs"": []}",,ok
EFGH,2023,744624356.0,,,674377565.0,246792402.0,,,,-107453088.0,110790107.0,,,,,,thousands,,,"{""sfp"": [26, 25, 27], ""pl"": [], ""cfs"": []}",,ok
EFOODS,2013,24045553,,10715210,8012194,4655356,,,,,557266,3083583,14504771,,,,thousands,1.0,,"{""sfp"": [66, 69], ""pl"": [], ""cfs"": []}",,ok
EFOODS,2014,,,,,,,,,888831.0,,,,,,,thousands,1.0,,"{""sfp"": [], ""pl"": [], ""cfs"": []}",,ok
EFOODS,2015,26285386,11372585,14912801,11055032,7359740,,,,,289049,3071379,,,,,thousands,1.0,,"{""sfp"": [45, 44, 46], ""pl"": [], ""cfs"": []}",L2.5,review
EFOODS,2016,24713772,,17150519,10467356,5457429,44346031,-34307066,10038965,2386712,702944,3763898,13120693,,,,thousands,1.0,,"{""sfp"": [36, 39], ""pl"": [37], ""cfs"": []}",,ok
EFOODS,2017,22218330,12497306,9721024,8531721,7088648,,,,379297.0,,,,,,,thousands,1.0,,"{""sfp"": [32, 31, 33], ""pl"": [], ""cfs"": []}",,ok
EFOODS,2018,,,,,,,-27285392.0,,63783.0,,,,,,,thousands,1.0,,"{""sfp"": [53, 52, 54], ""pl"": [], ""cfs"": []}",,ok
EFUG,2013,,,,,,,,,1392232,,,,,-611972,1219271,thousands,1.0,,"{""sfp"": [], ""pl"": [67, 68], ""cfs"": [70, 69, 71]}",,ok
EFUG,2014,,,,,,,,,1829051,,,,,-642566,-214213,thousands,1.0,,"{""sfp"": [], ""pl"": [73, 74], ""cfs"": [76, 75, 77]}",,ok
EFUG,2015,,,,,,,,,,,,,,-1249791,1342009,thousands,1.0,,"{""sfp"": [], ""pl"": [], ""cfs"": [84, 83, 85]}",,ok
EFUG,2016,,,,,,,,,,,,,,-1289412,826235,thousands,1.0,,"{""sfp"": [], ""pl"": [101, 153], ""cfs"": [104, 103, 105, 156]}",,ok
EFUG,2017,,,,,,7614558,,,2343819,,,,,,,thousands,1.0,,"{""sfp"": [54, 89, 93], ""pl"": [55, 82], ""cfs"": [56, 55, 57, 81]}",,ok
EFUG,2018,2812253,2312181,,,,,,,,290075,,,,,,thousands,1.0,,"{""sfp"": [125], ""pl"": [125, 126], ""cfs"": [61, 60, 62, 126]}",,ok
EFUG,2019,,,,,,,,,3369398,,,,,,,thousands,1.0,,"{""sfp"": [64, 96, 111], ""pl"": [64, 96], ""cfs"": [65, 64, 66, 99]}",,ok
EFUG,2020,4371530,3237717,1133813,,,1653182,,,,,,,,-1961988,1401732,thousands,1.0,,"{""sfp"": [65, 129, 146], ""pl"": [65, 129], ""cfs"": [66, 65, 67, 130]}",,ok
EFUG,2022,56619488,37059674,19559814,,,10293238,,,2005722,6193736,,,,-1933549,3081564,thousands,1.0,,"{""sfp"": [126, 218, 256], ""pl"": [127, 221, 257, 258], ""cfs"": [129, 128, 130, 243, 259]}",,ok
EFUG,2023,67505051,45957750,21547301,,,,,,402276,2286861,,,,-1968733,936666,thousands,1.0,,"{""sfp"": [129, 187, 255], ""pl"": [130, 188, 256, 257], ""cfs"": [132, 131, 133, 189, 258]}",,ok
EFUG,2024,72398872,46961030,25437842,,,14552144,,,3711128,1717797,,,,-1958592,675547,thousands,1.0,,"{""sfp"": [215, 299, 409], ""pl"": [216, 300, 410], ""cfs"": [218, 217, 219, 301]}",,ok
EFUG,2025,85626258,56869219,28757039,,,,,,5298504,,,,,,,thousands,1.0,,"{""sfp"": [136, 177], ""pl"": [136, 135, 137, 177], ""cfs"": [137, 136, 138, 177]}",,ok
EFUL,2013,,,,,,,,,,,,,,-490000,5765564,thousands,,,"{""sfp"": [75, 90], ""pl"": [77], ""cfs"": [79, 78, 80]}",,ok
EFUL,2014,67228482,,,,,28011423,,,950901,,,,,,,thousands,1.0,,"{""sfp"": [39, 40], ""pl"": [41], ""cfs"": [41, 40, 42]}",,ok
EFUL,2015,91265379,87855636,3409743,,,31033830,,,1475470,14406587,,1667694,,,,thousands,1.0,,,,ok
EFUL,2016,,,,,,,,,1870000000,,,,,,,thousands,,,"{""sfp"": [44, 45, 65], ""pl"": [33, 32, 34], ""cfs"": [45, 44, 46]}",,ok
EFUL,2017,110237998,,4340648,,,,,,,18496913,,2208842,,,,thousands,1.0,,"{""sfp"": [41, 68, 69, 73], ""pl"": [53], ""cfs"": [60]}",,ok
EFUL,2018,116764611,110737015,6027596,,,,,,1581333,4786362,,2431627,,-1500000,7835807,thousands,1.0,,"{""sfp"": [54], ""pl"": [55, 56], ""cfs"": [58]}",,ok
EFUL,2019,129289639,123881699,5907940,,,31141634,,,1549264,5713548,,2883687,,-1575000,7711193,thousands,1.0,,"{""sfp"": [39], ""pl"": [40, 41], ""cfs"": [43]}",,ok
EFUL,2020,,,,,,,,,,,,,,-1500000,5819758,thousands,,,"{""sfp"": [46, 45, 47], ""pl"": [60, 59, 61], ""cfs"": [117, 116, 118, 174]}",,ok
EFUL,2021,163179955,157001576,6178379,,,,,,,4608125,,,,-1500000,1677620,thousands,1.0,,"{""sfp"": [112, 153, 169, 185, 186], ""pl"": [113, 161], ""cfs"": [115, 114, 116, 170]}",,ok
EFUL,2022,178513.568,172165.018,6348.55,,,38471.291,,,53005.896,4558.867,,,,-1500.0,1287.541,thousands,0.001,,"{""sfp"": [112, 163], ""pl"": [113, 167], ""cfs"": [115, 114, 116, 168]}",L3,ok
EFUL,2023,210203902,203254559,6949343,,,,,,,5054792,,,,-1500000,-7059738,thousands,1.0,,"{""sfp"": [113, 161], ""pl"": [114, 162], ""cfs"": [116, 115, 117, 173]}",L3,ok
EFUL,2024,259439229,250246805,9192424,,,39408405,,,,5669618,,2941307,,-1522500,-14358218,thousands,1.0,,"{""sfp"": [31], ""pl"": [32], ""cfs"": [34]}",,ok
EFUL,2025,,,,,,,,,2442123,,,,,,,thousands,1.0,,"{""sfp"": [], ""pl"": [107, 106, 108], ""cfs"": []}",,ok
ELCM,2013,,,,,,255845.239,252044.326,3800.913,2814.173,,7454.677,,,,4874.578,thousands,0.001,,"{""sfp"": [15, 31], ""pl"": [16, 17, 38], ""cfs"": [19]}",,ok
ELCM,2014,119937.687,103749.501,16188.186,17887.76,10974.549,301384.062,291408.115,9975.947,2691.088,3410.024,9924.483,100281.359,,,2046.481,thousands,0.001,,"{""sfp"": [13], ""pl"": [14, 15], ""cfs"": [17]}",,ok
ELCM,2015,,,,,,288865.082,282287.879,6517.203,-126.034,,,,,,572.448,thousands,0.001,,"{""sfp"": [14], ""pl"": [15, 16], ""cfs"": [17]}",,ok
ELCM,2016,121665.858,108679.43,12986.428,25171.495,92618.996,283618.449,279076.694,4541.755,-4026.736,5118.329,10395.545,94371.045,,,734.557,thousands,0.001,,"{""sfp"": [17], ""pl"": [18, 19], ""cfs"": [20]}",,ok
ELCM,2017,120851.148,112219.056,8632.092,27278.616,94260.651,320825.272,318489.957,2335.315,-4339.074,8234.895,9794.278,93572.532,,,2436.706,thousands,0.001,,"{""sfp"": [16, 21], ""pl"": [17, 18], ""cfs"": [19]}",,ok
ELCM,2018,169776.874,115594.93,54181.944,33872.243,92055.774,395284.245,383657.867,11626.378,3939.17,9694.345,17931.79,133020.393,,,,thousands,0.001,,"{""sfp"": [23], ""pl"": [24, 25], ""cfs"": []}",L3,ok
ELCM,2019,170805.973,115769.877,55036.096,38053.231,93949.275,503030.973,489140.48,13890.493,716.445,18152.507,13474.254,129465.424,,,11717.742,thousands,0.001,,"{""sfp"": [23], ""pl"": [24, 25], ""cfs"": [26]}",,ok
ELCM,2020,180234.717,,60755.603,51271.174,96112.077,436156.028,415323.038,20832.99,6404.213,30519.406,12896.84,125430.225,,-630.494,15343.393,thousands,0.001,,"{""sfp"": [23], ""pl"": [24, 25], ""cfs"": [27]}",,ok
ELCM,2021,176827.62,111530.261,65297.359,46552.121,86178.863,508765.674,487867.403,20898.271,5314.069,14485.515,25683.867,126598.189,,,,thousands,0.001,,"{""sfp"": [22, 23], ""pl"": [24, 25, 27], ""cfs"": []}",,ok
ELCM,2022,224159.35,,104355.186,58410.082,89134.221,730212.562,702808.532,27404.03,5456.266,8369.818,17896.451,160857.458,,,-4552.672,thousands,0.001,,"{""sfp"": [22], ""pl"": [23, 24], ""cfs"": [26]}",,ok
ELCM,2023,238686.206,135741.107,102945.099,75242.862,100269.505,801296.425,775084.337,26212.088,5456.0,12861.216,29202.712,158144.784,,,1198.148,thousands,0.001,,"{""sfp"": [23], ""pl"": [24, 25], ""cfs"": [27]}",,ok
ELCM,2024,259290.797,174802.372,84488.425,75427.175,138518.817,960658.145,-957924.139,2734.006,820.0,13835.204,33181.882,918.81,,,4100.913,thousands,0.001,,"{""sfp"": [25], ""pl"": [26, 27], ""cfs"": [29]}",,ok
ELCM,2025,276533.287,183857.588,92675.699,95788.423,145221.993,996623.852,954986.185,41637.667,10592.023,10159.419,38739.116,174896.304,,,-6475.022,thousands,0.001,,"{""sfp"": [25], ""pl"": [26, 27], ""cfs"": [29]}",,ok
ELSM,2014,2356955.269,958907.31,1398047.959,1338341.84,506375.067,5709483.886,-5156963.634,552520.252,255902.796,133268.673,759315.503,,,,,thousands,0.001,,"{""sfp"": [28, 27, 29], ""pl"": [], ""cfs"": []}",,ok
ELSM,2015,2377522.179,992835.261,1384686.918,1350263.173,502913.143,4588787.945,-4296796.234,291991.711,54298.728,148674.604,668865.762,,,,,thousands,0.001,,"{""sfp"": [28, 27, 29], ""pl"": [], ""cfs"": []}",,ok
ELSM,2016,2870295.628,1451813.929,1418481.699,1649628.054,793161.667,4227909.98,-3982624.034,245285.946,71164.545,176195.561,738170.879,,,,,thousands,0.001,,"{""sfp"": [35, 34, 36], ""pl"": [], ""cfs"": []}",,ok
ELSM,2017,6253850.317,4704579.936,1549270.381,3602215.69,,5563118.648,-5156473.55,406645.098,130514.596,,1821067.965,,,,,thousands,0.001,,"{""sfp"": [40, 39, 41], ""pl"": [], ""cfs"": []}",,ok
ELSM,2018,6253850317,4704579936,1549270381.0,3602215690,,5563118648.0,-5156473550.0,406645098.0,130514596.0,16953009,1821067965,,,,,thousands,1.0,,"{""sfp"": [40, 39, 41], ""pl"": [], ""cfs"": []}",L3,review
ELSM,2019,5593261.423,3958827.921,1634433.502,3023397.41,2156167.171,6346641.819,-5705887.62,640754.199,204768.519,128542.3,1510387.815,,,,,thousands,0.001,,"{""sfp"": [40, 39, 41], ""pl"": [], ""cfs"": []}",L3,ok
ELSM,2020,5377419.624,3622888.584,1755131.04,2916996.77,1538731.659,6152929.463,-5395256.861,757672.602,225879.281,25998.792,1743157.595,,,,,thousands,0.001,,"{""sfp"": [44, 43, 45], ""pl"": [], ""cfs"": []}",,ok
ELSM,2021,6189405.178,3637334.653,2552070.525,3346558.641,1108224.377,,-6316372.037,1399136.831,813596.998,35712.851,1455151.596,,,,,thousands,0.001,,"{""sfp"": [36, 35, 37], ""pl"": [], ""cfs"": []}",,ok
ELSM,2022,9379474.329,5640544.382,3738929.947,5297879.953,1926596.851,,-8724546.753,2148878.446,1231300.289,51265.55,3052656.146,,,,,thousands,0.001,,"{""sfp"": [34, 33, 35], ""pl"": [], ""cfs"": []}",L5,review
ELSM,2023,10600746.973,6580159.467,4020587.506,5239831.378,1923560.839,,-11182168.469,1042049.163,419735.09,145321.727,3027293.503,,,,,thousands,0.001,,"{""sfp"": [36, 35, 37], ""pl"": [], ""cfs"": []}",,ok
ELSM,2024,10267681.672,6056349.754,4211331.918,5416642.548,2015551.671,,-14463574.11,1047131.145,152979.919,113509.476,1936694.44,,,,,thousands,0.001,,"{""sfp"": [36, 35, 37], ""pl"": [], ""cfs"": []}",,ok
ELSM,2025,11216228.619,6948096.456,4268132.163,6414261.457,3072222.26,,-14915173.293,970916.06,,406420.285,2889492.253,,,,,thousands,0.001,,"{""sfp"": [44, 43, 45], ""pl"": [], ""cfs"": []}",,ok
EMCO,2015,2202349.119,,,1015980.441,1268294.333,782866.717,-680083.656,102783.061,,6699.21,,,,,,thousands,0.001,,"{""sfp"": [16, 15, 17], ""pl"": [], ""cfs"": []}",,ok
EMCO,2016,2275200.293,1507489.59,767710.703,921679.884,1142863.766,1058446.517,-868715.938,189730.579,,8856.068,,,,,,thousands,0.001,,"{""sfp"": [16, 15, 17], ""pl"": [], ""cfs"": []}",,ok
EMCO,2017,,,,1020822.573,1029352.341,1006698.23,-781724.935,224973.295,,2559.086,,,,,,thousands,0.001,,"{""sfp"": [20, 19, 21], ""pl"": [], ""cfs"": []}",,ok
EMCO,2018,,,,1163328.823,936021.233,1159292.636,-991034.781,168257.855,,10135.269,,,,,,thousands,0.001,,"{""sfp"": [25, 24, 26], ""pl"": [], ""cfs"": []}",,ok
EMCO,2019,,,,1224385.594,996891.854,1385892.713,-1038364.381,347528.332,,5273.337,,,,,,thousands,0.001,,"{""sfp"": [23, 22, 24], ""pl"": [], ""cfs"": []}",,ok
EMCO,2020,,,,1301735.553,928158.112,1598032.861,-1218460.167,379572.694,,43949.957,,,,,,thousands,0.001,,"{""sfp"": [29, 28, 30], ""pl"": [], ""cfs"": []}",,ok
EMCO,2021,,,,1466967.605,1080085.408,2035456.797,-1549957.546,485499.251,,40625.857,,,,,,thousands,0.001,,"{""sfp"": [27, 26, 28], ""pl"": [], ""cfs"": []}",,ok
EMCO,2022,4244310.093,,,1723594.498,1130288.934,2586227.053,-1975028.743,611198.31,,15709.101,,,,,,thousands,0.001,,"{""sfp"": [28, 27, 29], ""pl"": [], ""cfs"": []}",,ok
EMCO,2023,5338661.735,,,2407304.586,1527851.136,3545524.014,-2581172.211,964351.803,,18397.251,,,,,,thousands,0.001,,"{""sfp"": [34, 33, 35], ""pl"": [], ""cfs"": []}",,ok
EMCO,2024,5768991.956,,,2712802.561,1823223.639,4192404.621,-3068698.361,1123706.26,,10079.931,,,,,,thousands,0.001,,"{""sfp"": [32, 31, 33], ""pl"": [], ""cfs"": []}",,ok
EMCO,2025,6093675.655,,,2720759.619,1871312.279,3607041.808,-2986556.249,620485.559,,43991.884,,,,,,thousands,0.001,,"{""sfp"": [37, 36, 38], ""pl"": [], ""cfs"": []}",,ok
ENGRO,2013,206907,,56203,,,155360,,,,,,,,,-14137,thousands,1.0,,"{""sfp"": [], ""pl"": [5], ""cfs"": [100]}",,ok
ENGRO,2014,217087,,68025,,,175958,,,,,,,,,,thousands,1.0,,"{""sfp"": [], ""pl"": [6], ""cfs"": []}",,ok
ENGRO,2015,,,,,,,,,,,,,,-7831184,-193958,thousands,1.0,,"{""sfp"": [], ""pl"": [5], ""cfs"": [56]}",,ok
ENGRO,2016,,,,,,,,,,,,,,-14042146,-1133580,thousands,1.0,,"{""sfp"": [], ""pl"": [4], ""cfs"": [53]}",,ok
ENGRO,2017,88680417,5297582,83382635,66993485,5262123,,,,,810916,,484128,,-12009012,-4221016,thousands,1.0,,"{""sfp"": [42, 46], ""pl"": [], ""cfs"": [48]}",,ok
ENGRO,2018,92575972,7472808,85103164,67300802,7422193,171568238,-120459766,51108472,23631733,1609160,17228278,514837,,-10955386,-3896829,thousands,1.0,,"{""sfp"": [43, 69, 74, 89], ""pl"": [70], ""cfs"": [45]}",,ok
ENGRO,2019,,,,,,,,,,,,,23615.0,,,thousands,1.0,,"{""sfp"": [], ""pl"": [], ""cfs"": []}",,ok
ENGRO,2020,96985690,9984789,87000901,69166372,9595956,15000145,,,16301478,697064,,571384,,-14427020,-1886114,thousands,1.0,,"{""sfp"": [58], ""pl"": [58], ""cfs"": [59]}",,ok
ENGRO,2021,,,,,,,,,,,,,,-113007801,48505000,thousands,1.0,,"{""sfp"": [65], ""pl"": [], ""cfs"": [60, 66]}",,ok
ENGRO,2022,,,,,,82059583.0,,,21196420.0,,,,,,,thousands,1.0,,"{""sfp"": [], ""pl"": [], ""cfs"": []}",,ok
ENGRO,2023,802496277,579363645,223132632,348155310,325388267,122522000,326853053,,,67095680,33736767,339278737,,-42414434,-4964317,thousands,1.0,,"{""sfp"": [45, 106, 121, 140, 165], ""pl"": [50, 51, 103, 173, 174, 175], ""cfs"": [110, 124]}",,ok
EPCL,2013,25240178,18306368,6933810,7499741,10667882,24591905.0,-19681106.0,4910799.0,717167.0,860335,3250590,,,,,thousands,1.0,,"{""sfp"": [85, 84, 86], ""pl"": [], ""cfs"": []}",,ok
EPCL,2014,,,,,,23819272,21998345,,-1016139,,3897503,,,,1158036,thousands,1.0,,"{""sfp"": [113, 120, 178], ""pl"": [94, 123, 171], ""cfs"": [96, 129, 176]}",,ok
EPCL,2015,24242158,18939127,5303031,6878288,13659133,22263742.0,-19490499.0,2773243.0,-648857.0,154779,2941206,,,,,thousands,1.0,,"{""sfp"": [58, 57, 59, 106], ""pl"": [], ""cfs"": []}",,ok
EPCL,2016,24460569,18492232,5968337,7892049,9742232,22854024,-18919015,3935009,654788,371616,3024268,16008366,,,3101202,thousands,1.0,,,,ok
EPCL,2017,24315163,16594778,7720385,8062419,7844778,27730736.0,-21665326.0,6065410.0,2049134.0,679881.0,3681162.0,,,,,thousands,1.0,,"{""sfp"": [120, 119, 121, 168], ""pl"": [], ""cfs"": []}",L5,review
EPCL,2018,35970305,19226719,16743586,16331304,11336573,,,,,,,,,,,thousands,1.0,,"{""sfp"": [68, 67, 69, 95], ""pl"": [], ""cfs"": []}",,ok
EPCL,2019,57466446.0,,,,,,,,,777823.0,,,,,,thousands,1.0,,"{""sfp"": [78, 77, 79], ""pl"": [78], ""cfs"": []}",L2.5,review
EPCL,2020,69031112,42960215,26070897,24121778,15364687,35331398,-24382129,10949269,5712245,940920,6194509,,,,,thousands,1.0,,"{""sfp"": [97, 96, 98, 126], ""pl"": [97, 126], ""cfs"": []}",L2.5;L5,review
EPCL,2021,77821603,47862514,29959089,32722020,24085644,70019594,-45984328,24035266,15102611,1916986,12590666,,,,,thousands,1.0,,"{""sfp"": [106, 105, 107, 136], ""pl"": [106, 136], ""cfs"": []}",L2.5,review
EPCL,2022,85400580,58278865,27121715,36425409,32674293.0,,,,,,,,,,,thousands,1.0,,"{""sfp"": [104, 103, 105, 136], ""pl"": [104, 136], ""cfs"": []}",L2.5,review
EPCL,2023,88123027,59219619,28902408,34692837,33717004,,,,,3985495,16620634,44794643,,-7930739,6554590,thousands,1.0,,"{""sfp"": [143], ""pl"": [143], ""cfs"": [144]}",,ok
EPCL,2024,99071257,70668432,28402825,41579486,40329882,75677747,-69107918,6569829,9230660.0,3341190,13420730,,,,,thousands,1.0,,"{""sfp"": [168, 167, 169, 128], ""pl"": [128, 168], ""cfs"": []}",L5;L2,review
EPCL,2025,,,,344446462.0,,,-73191386.0,4825382.0,610340.0,4507275.0,11140627.0,,,,,thousands,1.0,,"{""sfp"": [139, 138, 140, 181], ""pl"": [], ""cfs"": []}",,ok
EPQL,2014,19028630,12519311,6509319,4699320,4805793,12041151,-9338838,2702313,2020821,,383460,14217020,,,,thousands,1.0,,"{""sfp"": [30], ""pl"": [31], ""cfs"": []}",,ok
EPQL,2015,19551619,12062849,7488770,5352214,5667971,13353543,-10888779,2464764,1797488,,382085,14078859,,,,thousands,1.0,,"{""sfp"": [30, 35], ""pl"": [36], ""cfs"": []}",,ok
EPQL,2016,20092057,11637405,8454652,6444694,7026758,11451782,-9209292,2242490,1787688,,843008,13524720,,,,thousands,1.0,,"{""sfp"": [34], ""pl"": [35], ""cfs"": []}",,ok
EPQL,2017,21290562,11477805,9812757,8002572,8658490,,,,,,881182,,,,,thousands,1.0,,"{""sfp"": [38, 37, 39], ""pl"": [], ""cfs"": []}",L5,review
EPQL,2018,24173605,12640830,11532775,10335850,11882262,,,,2627613.0,12740,895149,,,,,thousands,1.0,,"{""sfp"": [38, 37, 39], ""pl"": [], ""cfs"": []}",L5,review
EPQL,2019,27541251,13578068,13963183,14135887,13578068,,,,3402682.0,,863183,,,-486631,4234290,thousands,1.0,,"{""sfp"": [66, 65, 67], ""pl"": [], ""cfs"": [45]}",L5,review
EPQL,2020,,9873568.0,15636726.0,853335.0,,,,,2079170.0,,853335.0,,,,,thousands,1.0,,"{""sfp"": [66, 65, 67], ""pl"": [], ""cfs"": []}",,ok
EPQL,2021,,11266830.0,,,11266830.0,,,,,,544469.0,,,,,thousands,1.0,,"{""sfp"": [70, 69, 71], ""pl"": [70], ""cfs"": []}",,ok
EPQL,2022,,,,,,,,,,,,,,-4533403,4281665,thousands,1.0,,"{""sfp"": [], ""pl"": [], ""cfs"": [54, 53, 55]}",,ok
EPQL,2023,23077478,8594871,14482607,12268815,8594872.0,,,10808663.0,2511119.0,,,,,,,thousands,1.0,,"{""sfp"": [79, 78, 80], ""pl"": [79], ""cfs"": []}",L5,review
EPQL,2024,,7252131.0,14194914.0,,7252131.0,,,,,,959965.0,,,-2428843,3266333,thousands,1.0,,"{""sfp"": [79, 78, 80], ""pl"": [], ""cfs"": [55]}",,ok
EPQL,2025,,4121951.0,11631293.0,,4121951.0,11888573.0,,,,,976370.0,,,-3400213,6887364,thousands,1.0,,"{""sfp"": [86, 85, 87], ""pl"": [], ""cfs"": [59]}",,ok
ESBL,2013,,,,1464716.956,1287391.169,,,,,36080.966,,,,,,thousands,0.001,,"{""sfp"": [21, 20, 22, 69], ""pl"": [], ""cfs"": []}",,ok
ESBL,2014,1749628.751,1498996.546,250632.205,1298298.395,1104230.463,,,,-45977.876,53225.197,,,,,,thousands,0.001,,"{""sfp"": [69, 68, 70], ""pl"": [], ""cfs"": []}",,ok
ESBL,2015,1631971.804,1142571.851,489399.953,884614.47,852455.528,,,,,5489.402,,,,,,thousands,0.001,,"{""sfp"": [20, 19, 21, 69], ""pl"": [], ""cfs"": []}",L5,review
ESBL,2016,1262630.076,879911.298,382718.778,553497.995,599375.481,,,,,4010.051,,,,,,thousands,0.001,,"{""sfp"": [21, 20, 22, 73], ""pl"": [], ""cfs"": []}",,ok
ESBL,2017,996817.25,733834.595,,404281.521,615652.941,,,,,8143.505,,,,,,thousands,0.001,,"{""sfp"": [21, 20, 22, 73], ""pl"": [], ""cfs"": []}",,ok
ESBL,2018,1519939.531,1419940.172,99999.359,1221107.978,650940.172,,,,,756000.407,,,,,,thousands,0.001,,"{""sfp"": [31, 30, 32], ""pl"": [], ""cfs"": []}",L5,review
ESBL,2019,1435024.41,1385321.627,49702.783,933528.699,651853.717,,,,-50296.451,578486.018,,,,,,thousands,0.001,,"{""sfp"": [29, 28, 30], ""pl"": [], ""cfs"": []}",,ok
ESBL,2020,1376345.438,456680.577,919664.861,709709.503,600965.042,,,,-29909.747,286662.222,,,,,,thousands,0.001,,"{""sfp"": [40, 39, 41], ""pl"": [], ""cfs"": []}",L3,ok
ESBL,2021,1056581.768,217086.355,839495.413,464560.228,151359.597,,,,,38278.106,,,,,,thousands,0.001,,"{""sfp"": [36, 35, 37], ""pl"": [], ""cfs"": []}",L5,review
ESBL,2022,839890.913,196634.919,643255.994,379964.496,136170.942,,,,,116323.821,,,,,,thousands,0.001,,"{""sfp"": [36, 35, 37], ""pl"": [], ""cfs"": []}",,ok
ESBL,2023,766453.04,171826.143,594626.897,378851.61,117508.668,,,,,46944.371,,,,,,thousands,0.001,,"{""sfp"": [33, 32, 34], ""pl"": [], ""cfs"": []}",,ok
ESBL,2024,726056.258,155068.644,570987.614,384362.898,119769.852,,,,,124969.042,,,,,,thousands,0.001,,"{""sfp"": [35, 34, 36], ""pl"": [], ""cfs"": []}",,ok
ESBL,2025,660798.364,158214.352,502584.012,314947.722,130992.255,,,,,23839.925,,,,,,thousands,0.001,,"{""sfp"": [37, 36, 38], ""pl"": [], ""cfs"": []}",,ok
EXIDE,2014,6069410.0,3367992.0,2701418.0,4792792.0,3302413.0,11593822.0,-10160746.0,1433076.0,401092.0,1266552.0,2355195.0,1249709.0,,-42346,-580544,thousands,1.0,,"{""sfp"": [41, 71], ""pl"": [43], ""cfs"": [45]}",,ok
EXIDE,2015,7438741.0,4346216.0,3092525.0,6090894.0,4299173.0,13138079.0,-11131069.0,2007010.0,447685.0,1673231.0,2396343.0,1313152.0,,,,thousands,1.0,,"{""sfp"": [70, 69, 71], ""pl"": [], ""cfs"": []}",L5,review
EXIDE,2016,7781844,4205073,3576771,6388521,4197872,11788316,-9613108,2175208,424616,399357,2770081,1355372,,-57487,-657246,thousands,1.0,,"{""sfp"": [33], ""pl"": [35], ""cfs"": [37]}",L2,ok
EXIDE,2017,9375549.0,5144996.0,4230553.0,7897218.0,5141899.0,12909940.0,-10342279.0,2567661.0,739256.0,1017896.0,3866881.0,1442525.0,,-77545,379347,thousands,1.0,,"{""sfp"": [41], ""pl"": [43], ""cfs"": [45]}",L5,review
EXIDE,2019,,4775193.0,,7000564.0,4693510.0,9506579,-8534355,972224,-504511,149083.0,2176433.0,,,,,thousands,1.0,,"{""sfp"": [42, 41, 43, 100], ""pl"": [43, 42, 44, 101, 102], ""cfs"": [46, 45, 47, 104]}",,ok
EXIDE,2020,8371101,4567426,3803675,6435812,4345532,8722283,-7995164,727119,-558852,140253,1881076,,,,,thousands,1.0,,"{""sfp"": [42, 41, 43, 103], ""pl"": [43, 42, 44, 104], ""cfs"": [45, 44, 46, 106]}",L5;L5,review
EXIDE,2021,7664445,3855573,3808872,6343628,3656149,11715572,-10547821,1167751,,94226,2748574,1271461,,,139162,thousands,1.0,,"{""sfp"": [41], ""pl"": [42], ""cfs"": [44]}",,ok
EXIDE,2022,,,,7159949000.0,13007380000.0,,-12716889000.0,1645710000.0,28863000.0,,,,,,,thousands,1000.0,,"{""sfp"": [41, 40, 42, 86], ""pl"": [42, 41, 43, 87], ""cfs"": [44, 89]}",,ok
EXIDE,2023,10185563,5086381,5100250,8094157,4916787,23402183,-20039365,3362818,754502,1621191,4596428,,,-57161,2860326,thousands,1.0,,"{""sfp"": [86, 85, 87, 41], ""pl"": [87, 86, 88, 42], ""cfs"": [89, 88, 90, 44]}",L5,review
EXIDE,2024,14080406,7799753,6280653,11960061,7637514,25667602,-20815921,4851681,1254623,603177,5821262,,,-75832,-1439816,thousands,1.0,,"{""sfp"": [39, 38, 40, 82], ""pl"": [40, 39, 41, 83], ""cfs"": [42, 41, 43, 85]}",,ok
EXIDE,2025,16293489,9470253,6823236,14057285,9309355,23895008,-20025649,3869359,614436,1155572,7117129,,,-77766,-1752218,thousands,1.0,,"{""sfp"": [40, 39, 41, 96], ""pl"": [41, 40, 42], ""cfs"": [43, 42, 44]}",,ok
EXIDE,2026,14121371,6638876,7482495,11597828,6488706,19636697,-16902855,2733842,431676,18448,5535103,2462226,,-75950,,thousands,1.0,,"{""sfp"": [41], ""pl"": [42], ""cfs"": [44]}",,ok
FABL,2013,355280.0,,,,,,,,,,,,,,,thousands,1.0,,"{""sfp"": [52, 54, 117, 118], ""pl"": [52, 118], ""cfs"": [54, 53, 55]}",,ok
FABL,2015,430072860,399720387,,,,,,,,,,,,,55375256,thousands,1.0,,"{""sfp"": [42, 51, 55, 56, 61, 68, 70, 72, 73, 76, 77, 79, 84, 95], ""pl"": [42], ""cfs"": [44, 43, 45]}",L2,ok
FABL,2016,212972872,33799510,179173362,116829794,,132025384.0,,,4301772,,,,,-1191597,-4856009,thousands,1.0,,"{""sfp"": [50, 49, 51, 76, 184], ""pl"": [77, 78, 186], ""cfs"": [80, 79, 81]}",L2.5,review
FABL,2018,108044.0,,37885.0,54611.0,,,,,4837183,,,,,,43249000,thousands,1.0,,"{""sfp"": [224, 223, 225, 96, 97, 146, 154, 157, 182, 186, 292, 297], ""pl"": [231, 230, 232, 98, 145, 169, 204, 292, 297], ""cfs"": [206, 103]}",,ok
FABL,2022,1024196693,966815365,57381328,,,84181410,,,9587413,53620528,,,,,,thousands,1.0,,"{""sfp"": [271, 391], ""pl"": [271, 391], ""cfs"": []}",L2,ok
FABL,2023,1371284914,1280359651,90925263,,,83142025,,,20045939,,,,,4465414,151657223,thousands,1.0,,"{""sfp"": [203, 311], ""pl"": [204, 312], ""cfs"": [207, 206, 208, 315]}",L5,review
FABL,2024,,,,,,,,,,,,,,-16474344,138370380,thousands,1.0,,"{""sfp"": [], ""pl"": [], ""cfs"": [356, 355, 357, 238]}",,ok
FANM,2013,359482.019,35928.869,323553.15,269693.965,20569.009,34575.465,,,10996.069,29308.11,107001.599,6230.788,,,-66189.73,thousands,0.001,,"{""sfp"": [21], ""pl"": [22], ""cfs"": [25]}",,ok
FANM,2014,376086.84,42689.781,333397.059,259597.258,20598.586,42077.702,,,21398.938,22150.478,124325.994,4243.876,,,47757.379,thousands,0.001,,"{""sfp"": [21], ""pl"": [22], ""cfs"": [27]}",,ok
FANM,2015,359033.792,53495.567,305538.225,203968.25,23339.785,,,,,42319.17,,,,,,thousands,0.001,,"{""sfp"": [], ""pl"": [], ""cfs"": []}",,ok
FANM,2016,356938.445,64711.662,292226.783,107330.939,33337.677,,,,,24206.892,,,,,,thousands,0.001,,"{""sfp"": [], ""pl"": [], ""cfs"": []}",,ok
FANM,2017,351460.973,58925.611,292535.362,125963.522,24949.121,,,,,11482.75,,,,,,thousands,0.001,,"{""sfp"": [], ""pl"": [], ""cfs"": []}",,ok
FANM,2018,11411.674,8741.814,,,,,,,,,,,,,,thousands,0.001,,"{""sfp"": [], ""pl"": [], ""cfs"": []}",L3,ok
FANM,2019,288958.907,44319.408,244639.499,163224.369,32239.069,1932.472,,,-14116.685,33848.731,53984.6,4598.418,,,2647.161,thousands,0.001,,"{""sfp"": [22, 25], ""pl"": [26], ""cfs"": [29]}",L3;L2,ok
FANM,2020,269305.854,21183.401,248122.453,189226.567,13273.864,,,,-196.563,9174.848,,3626.533,,,57717.151,thousands,0.001,,"{""sfp"": [20, 24, 25], ""pl"": [], ""cfs"": [28]}",,ok
FANM,2021,272060.584,19887.711,252172.873,168680.143,12380.853,,,,,59001.144,,,,,,thousands,0.001,,"{""sfp"": [24, 23, 25], ""pl"": [], ""cfs"": []}",L5,review
FANM,2022,269653.53,17691.4,,271104.844,9075.769,,,,2306.122,95036.459,,,,,,thousands,0.001,,"{""sfp"": [23, 22, 24], ""pl"": [], ""cfs"": []}",,ok
FANM,2023,265264.751,11538.382,,265264.809,6684.836,,,,534.553,23150.626,,,,,,thousands,0.001,,"{""sfp"": [25, 24, 26], ""pl"": [], ""cfs"": []}",,ok
FANM,2024,269116.819,13184.499,255932.32,225813.747,6648.323,,,,390.104,92712.516,78661.336,,,,,thousands,0.001,,"{""sfp"": [30, 29, 31], ""pl"": [], ""cfs"": []}",L5,review
FANM,2025,275015.163,16727.457,,276462.784,9296.743,,,,2413.07,133917.532,,,,,,thousands,0.001,,"{""sfp"": [37, 36, 38], ""pl"": [], ""cfs"": []}",,ok
FASM,2013,5090568.732,,3011294.191,2856422.242,1443741.362,8488787.464,7202119.017,1286668.447,798231.919,83427.078,2089299.296,,,,,thousands,0.001,,"{""sfp"": [14, 13, 15], ""pl"": [], ""cfs"": []}",,ok
FASM,2014,5838416.604,2285473.507,3552943.097,2801336.689,1127597.339,9780480.114,8501884.762,1278595.352,597259.666,53654.391,2176379.677,,,,,thousands,0.001,,"{""sfp"": [13, 12, 14], ""pl"": [], ""cfs"": []}",,ok
FASM,2015,5437177.632,,,2465021.893,1236079.037,9281026.639,8473950.152,807076.487,,77213.026,1703046.951,,,,,thousands,0.001,,"{""sfp"": [14, 13, 15], ""pl"": [], ""cfs"": []}",,ok
FASM,2016,7005540.426,3215238.141,,3290312.35,1640896.637,9281954.56,8605975.27,675979.29,,53766.633,1998879.799,,,,,thousands,0.001,,"{""sfp"": [14, 13, 15], ""pl"": [], ""cfs"": []}",,ok
FASM,2017,7327008.306,,,3269373.83,1263541.674,10563662.932,9516681.424,1046981.508,,110714.973,2010274.29,,,,,thousands,0.001,,"{""sfp"": [14, 13, 15], ""pl"": [], ""cfs"": []}",,ok
FASM,2018,8365724.748,,,4245853.246,1496651.103,11842981.031,10534518.803,1308462.228,,125186.375,2403295.127,,,,,thousands,0.001,,"{""sfp"": [20, 19, 21], ""pl"": [], ""cfs"": []}",,ok
FASM,2019,10182356.64,,,5925994.776,,14028566.145,12144528.218,,,165946.11,4005267.653,,,,,thousands,0.001,,"{""sfp"": [23, 22, 24], ""pl"": [], ""cfs"": []}",L5,review
FASM,2020,16143535.804,,,8499266.109,5006663.113,14895550.333,13485266.98,,,235040.39,6128002.911,,,,,thousands,0.001,,"{""sfp"": [23, 22, 24], ""pl"": [62], ""cfs"": []}",,ok
FASM,2021,,,,,,17065185.921,14576409.796,2488776.125,2359331.954,,,,,-45.956,2401904.966,thousands,0.001,,"{""sfp"": [], ""pl"": [33], ""cfs"": [36]}",,ok
FASM,2022,,,,,,32074369.748,25701983.801,6372385.947,,,,,,,,thousands,0.001,,"{""sfp"": [33, 32, 34], ""pl"": [], ""cfs"": []}",,ok
FASM,2023,34696952.888,20878726.624,13818226.264,22785546.454,14872231.57,37672807.61,33110576.747,4562230.863,,579854.395,153273.631,,,,,thousands,0.001,,"{""sfp"": [34, 33, 35], ""pl"": [], ""cfs"": []}",,ok
FASM,2024,,,,,,45029600.571,-42288491.572,2741108.999,,,,,,,,thousands,0.001,,"{""sfp"": [42, 41, 43], ""pl"": [], ""cfs"": []}",,ok
FASM,2025,,,,,,46203552.79,-42529746.167,3673806.623,1488896.0,,,,,,,thousands,0.001,,"{""sfp"": [41, 40, 42], ""pl"": [76], ""cfs"": []}",,ok
FATIMA,2013,79289945,46530987,32758958,11563764,15274721,33495889,-13712677,19783212,8022185,238294,2702076,,,,,thousands,1.0,,"{""sfp"": [65, 64, 66], ""pl"": [67, 66, 68], ""cfs"": [70, 69, 71]}",,ok
FATIMA,2014,83120963,46363939,36757024,14168624,14607747,36169191,-14708355,21460836,9257796,948807,2681206,,,-5245825,15000340,thousands,1.0,,"{""sfp"": [79, 78, 80], ""pl"": [81, 80, 82], ""cfs"": [84, 83, 85]}",,ok
FATIMA,2015,94789153,,,19532610,25947599.0,29733352,-12611251,17122011,9253611,295203,7002664,,,-5770092,6035837,thousands,1.0,,"{""sfp"": [77, 76, 78, 134], ""pl"": [79, 78, 80, 124], ""cfs"": [82, 81, 83]}",,ok
FATIMA,2016,110597118,63223102,47374016,32270573,31187789,33764644,-15779727,17984917,9782143,11099884,6242649,,,-2620484,18774786,thousands,1.0,,"{""sfp"": [83, 82, 84, 150], ""pl"": [85, 84, 86, 152], ""cfs"": [88, 87, 89, 172]}",,ok
FATIMA,2017,99336477,,,20956707,19005355.0,37611818,-17275276,20336542,10576013,809945,3813626,,,-4199594,16753992,thousands,1.0,,"{""sfp"": [77, 76, 78, 141], ""pl"": [79, 78, 80, 143], ""cfs"": [82, 81, 83]}",,ok
FATIMA,2018,109951006,,,27116402,24945294.0,45963819,-19482553,26481266,13272392,537654,5028170,,,-4680724,15708214,thousands,1.0,,"{""sfp"": [89, 88, 90, 141], ""pl"": [91, 90, 92], ""cfs"": [94, 93, 95]}",,ok
FATIMA,2019,155116305,77108007,78008298,44538915,50571921,74964214,-47065331,27898883,12069682,514739,11517910,,,-3553882,6878849,thousands,1.0,,"{""sfp"": [83, 82, 84], ""pl"": [85, 84, 86], ""cfs"": [88, 87, 89]}",,ok
FATIMA,2020,157556890,,,42556629,41151177.0,71267316,-42472530,28794786,13274691,555762,13530945,,,-4349097,16558641,thousands,1.0,,"{""sfp"": [89, 88, 90], ""pl"": [91, 90, 92], ""cfs"": [94, 93, 95]}",,ok
FATIMA,2021,184893349,,,71773401,54323207.0,112488420,-69403976,43084444,18474266,7343201,18331781,,,-3507038,26298824,thousands,1.0,,"{""sfp"": [85, 84, 86, 147], ""pl"": [87, 86, 88], ""cfs"": [90, 89, 91]}",L5,review
FATIMA,2022,222505517,115594549,106910968,102790018,82059118.0,152231277,-100288585,51942692,14123939,2610617,32487798,,,-9087386,8915540,thousands,1.0,,"{""sfp"": [93, 92, 94, 157], ""pl"": [95, 94, 96], ""cfs"": [160, 159, 161]}",,ok
FATIMA,2023,233878497,114492867,119385630,109006768,76586357,235423342,-161240415,74182927,23008416,7337620,33377002,,,-11015660,54824207,thousands,1.0,,"{""sfp"": [91, 90, 92], ""pl"": [93, 92, 94], ""cfs"": [172, 171, 173]}",,ok
FATIMA,2024,302831858,,,147314376,91192100.0,238422133,-150919315,87502818,34983238,9086664,53169508,,,-11535186,8219550,thousands,1.0,,"{""sfp"": [115, 114, 116, 187], ""pl"": [117, 116, 118], ""cfs"": [120, 119, 121]}",,ok
FATIMA,2025,308087103,,,180452926,130441248.0,170057696,-98702737,71354959,30468054,2677673,35432363,,,-16255437,36501646,thousands,1.0,,"{""sfp"": [195, 194, 196, 330], ""pl"": [197, 196, 198], ""cfs"": [200, 199, 201]}",,ok
FCCL,2014,29381332,13593145,15788187,5188357,4482506,17532277,-11448142,6084135,2625994,842983,1409107,23881426,,-2865398,5853907,thousands,1.0,,"{""sfp"": [24, 25], ""pl"": [26, 27], ""cfs"": [28]}",,ok
FCCL,2015,30528290,13109306,17418984,6413596,4730377,18642358,-11615261,7027097,4116165,2296603,888536,23880553,,2547068,7424827,thousands,1.0,,"{""sfp"": [23, 24], ""pl"": [25, 26], ""cfs"": [27]}",,ok
FCCL,2017,27752219,8071094,19681125,5661675,2668539,20423356,-15985679,4437677,2613211,517837,1071970,,,-1376612,2230215,thousands,1.0,,"{""sfp"": [30, 29, 31], ""pl"": [32, 31, 33], ""cfs"": [34, 33, 35]}",L5,review
FCCL,2018,29049446,,20488940,6338432,4258822,21160878,-16046291,5114587,3429464,531759,1244805,22624413,,,,thousands,1.0,,"{""sfp"": [38, 39], ""pl"": [40, 41, 42], ""cfs"": []}",,ok
FCCL,2019,28965182,,,5675651,3751829.0,20798082,-15474771,5323311,2824298,402847,944022,,,-2482490,5557926,thousands,1.0,,"{""sfp"": [105, 104, 106], ""pl"": [107, 106, 108], ""cfs"": [109, 108, 110]}",,ok
FCCL,2020,29377145,9572825,19804320,7152550,5182458,17231709,-16582605,649104,-59381,561174,1187752,,,-1038557,1013426,thousands,1.0,,"{""sfp"": [98, 97, 99], ""pl"": [100, 99, 101], ""cfs"": [102, 101, 103]}",,ok
FCCL,2021,,,,,,24271285,-18206880,6084405,3471351,,,,,,5739087,thousands,1.0,,"{""sfp"": [141], ""pl"": [132, 137, 142, 143], ""cfs"": [131]}",,ok
FCCL,2022,113698077.0,,,28216812.0,26721253.0,54243118,-39843851,14399267,7112540,2306633.0,,,,,7567564,thousands,1.0,,"{""sfp"": [187], ""pl"": [187, 186, 188], ""cfs"": [153]}",,ok
FCCL,2023,138828497,74012760,65175737,23134499,28846855,68069282,-47650809,20418473,7439681,970457,7112327,,,,16200329,thousands,1.0,,"{""sfp"": [207, 206, 208], ""pl"": [209, 208, 210], ""cfs"": [211, 210, 212, 171]}",L5,review
FCCL,2024,147636299,74237446,73398853,25784071,26865467,80026226,-54345821,25680405,8223116,2932984,7495705,,,,21684607,thousands,1.0,,"{""sfp"": [189, 188, 190], ""pl"": [191, 190, 192], ""cfs"": [193, 192, 194, 176]}",L5,review
FCCL,2025,160845191,76572983,84272208,40472565,30637497,88956328,-57384978,31571350,13326202,2665338,9337617,,,-2447311,24313208,thousands,1.0,,"{""sfp"": [243, 242, 244], ""pl"": [245, 244, 246], ""cfs"": [247, 246, 248, 232]}",,ok
FCEPL,2019,23566097,15181432,8384665,10590554,11567680,,,,,,3717730.0,,,,,thousands,1.0,,"{""sfp"": [41, 40, 42], ""pl"": [], ""cfs"": []}",,ok
FCEPL,2020,23297926,14750282,8547644,10283540,9710607,,,,,570462,3538892,,,,,thousands,1.0,,"{""sfp"": [48, 47, 49], ""pl"": [], ""cfs"": []}",L5,review
FCEPL,2021,27138112,16810868,10327244,30540850.0,,,,,1804078.0,,,,,,,thousands,1.0,,"{""sfp"": [56, 55, 57], ""pl"": [], ""cfs"": []}",,ok
FCEPL,2022,34746611,22056940,12689671,21832496,20827652,73473687,-61365299,12108388,2465673,1824554,7566388,9857619,,,6223135,thousands,1.0,,"{""sfp"": [53], ""pl"": [54, 68, 69], ""cfs"": [55]}",,ok
FCEPL,2023,41886802,27710782,14176020,26006202,26876931,,-85826661.0,14408742.0,1508786.0,2078478,10182994,,,,,thousands,1.0,,"{""sfp"": [118, 117, 119], ""pl"": [], ""cfs"": []}",,ok
FCEPL,2024,41675271,,,23138444,24528833.0,,-90023807.0,17027643.0,2203128.0,2745744,9361738,,,,,thousands,1.0,,"{""sfp"": [73, 72, 74], ""pl"": [], ""cfs"": []}",,ok
FCEPL,2025,37510638,20544187,16966451,18463141,17893811,,-87058085.0,17394353.0,2690648.0,1205438,9885899,13180788,,,,thousands,1.0,,"{""sfp"": [87, 86, 88], ""pl"": [], ""cfs"": []}",,ok
FCIBL,2013,837335.61,197097.019,640238.591,420402.513,117097.019,,,,-6331.317,5634.049,,,,,,thousands,0.001,,"{""sfp"": [15, 14, 16], ""pl"": [], ""cfs"": []}",L5,review
FCIBL,2014,737553.611,,,182851.58,398575.53,,,,,381.619,,,,,,thousands,0.001,,"{""sfp"": [16, 15, 17], ""pl"": [], ""cfs"": []}",L5,review
FCIBL,2015,692618.075,30214.122,,360288.334,26288.422,,,,23016.077,8879.7,,,,,,thousands,0.001,,"{""sfp"": [19, 18, 20], ""pl"": [], ""cfs"": []}",,ok
FCIBL,2016,1012248.058,305816.667,,801905.623,111098.901,,,,43864.414,16275.509,,,,,,thousands,0.001,,"{""sfp"": [19, 18, 20], ""pl"": [], ""cfs"": []}",,ok
FCIBL,2017,1155308.199,439381.117,,882614.124,245740.282,,,,7132.098,219306.001,,,,,,thousands,0.001,,"{""sfp"": [22, 21, 23], ""pl"": [], ""cfs"": []}",,ok
FCIBL,2018,1327363.032,605112.881,,855966.815,477349.062,,,,9189.624,209076.4,,,,,,thousands,0.001,,"{""sfp"": [26, 25, 27], ""pl"": [], ""cfs"": []}",,ok
FCIBL,2019,1385300.808,666708.311,718592.497,751509.922,600374.134,,,,9517.299,36263.045,,,,,,thousands,0.001,,"{""sfp"": [25, 24, 26], ""pl"": [], ""cfs"": []}",,ok
FCIBL,2020,1667185.556,928395.129,738790.427,333671.893,852626.408,,,,28703.439,27606.009,,,,,,thousands,0.001,,"{""sfp"": [25, 24, 26], ""pl"": [], ""cfs"": []}",,ok
FCIBL,2021,2272038.35,1522087.455,,1546185.603,1506767.553,,,,20534.961,138951.392,,,,,,thousands,0.001,,"{""sfp"": [23, 22, 24], ""pl"": [], ""cfs"": []}",,ok
FCIBL,2022,2052274.166,1330436.354,721837.812,1337879.033,1321868.792,,,,8189.45,75656.521,,,7348.477,,,thousands,0.001,,"{""sfp"": [23, 22, 24], ""pl"": [], ""cfs"": []}",,ok
FCIBL,2023,1851310.171,1127397.45,723912.721,422818.611,1105434.692,,,,12994.212,122123.799,,,7344.542,,,thousands,0.001,,"{""sfp"": [25, 24, 26], ""pl"": [], ""cfs"": []}",,ok
FCIBL,2024,3955937.836,3169070.514,786867.322,731039.631,3150994.158,,,,31696.288,139854.859,,,,,,thousands,0.001,,"{""sfp"": [25, 24, 26], ""pl"": [], ""cfs"": []}",,ok
FCIBL,2025,4113817.334,3238348.729,875468.604,740366.134,3231786.16,,,,56265.452,254841.007,,,,,,thousands,0.001,,"{""sfp"": [27, 26, 28], ""pl"": [], ""cfs"": []}",,ok
FDIBL,2013,1143747.138,916592.26,227154.878,524120.658,835085.48,,,,,67003.068,,,,,,thousands,0.001,,"{""sfp"": [19, 18, 20], ""pl"": [], ""cfs"": []}",L5,review
FDIBL,2014,1002891.381,947291.076,55600.305,573665.029,948648.936,,,,,25979.252,,,,,,thousands,0.001,,"{""sfp"": [21, 20, 22], ""pl"": [], ""cfs"": []}",,ok
FDIBL,2015,,,,481636.975,872313.044,,,,,49162.028,,,,,,thousands,0.001,,"{""sfp"": [18, 17, 19], ""pl"": [], ""cfs"": []}",,ok
FDIBL,2016,1343659.804,667596.772,676063.032,393082.741,667596.772,,,,500269.039,6101.941,,,,,,thousands,0.001,,"{""sfp"": [18, 17, 19], ""pl"": [], ""cfs"": []}",,ok
FDIBL,2017,1058608.008,649154.876,,441293.337,523414.876,,,,,4084.279,,,,,,thousands,0.001,,"{""sfp"": [23, 22, 24], ""pl"": [], ""cfs"": []}",,ok
FDIBL,2018,1030607.263,532628.037,497979.226,397437.439,463488.037,,,,,90515.101,,,,,,thousands,0.001,,"{""sfp"": [32, 31, 33], ""pl"": [], ""cfs"": []}",L5,review
FDIBL,2019,995640.96,498074.42,497566.54,387661.914,393020.197,,,,2080.528,74342.978,,,,,,thousands,0.001,,"{""sfp"": [30, 29, 31], ""pl"": [], ""cfs"": []}",,ok
FDIBL,2020,941743.457,466570.05,475173.407,386651.819,395401.209,,,,,1039.883,,,,,,thousands,0.001,,"{""sfp"": [31, 30, 32], ""pl"": [], ""cfs"": []}",,ok
FDIBL,2021,907338.272,393213.098,514125.174,364488.315,356671.863,,,,,1088.577,,,,,,thousands,0.001,,"{""sfp"": [33, 32, 34], ""pl"": [], ""cfs"": []}",,ok
FDIBL,2022,892858.048,362579.119,530278.929,379407.405,345346.394,,,,,345.564,,,,,,thousands,0.001,,"{""sfp"": [38, 37, 39], ""pl"": [], ""cfs"": []}",L5,review
FDIBL,2023,913786.905,333521.125,580265.781,380848.243,333511.096,,,,15038.847,10872.569,,,,,,thousands,0.001,,"{""sfp"": [33, 32, 34], ""pl"": [], ""cfs"": []}",,ok
FECM,2014,196113.178,57958.065,,88871.942,22442.233,,,,9074.433,52219.076,,,,,,thousands,0.001,,"{""sfp"": [], ""pl"": [], ""cfs"": []}",,ok
FECM,2015,203341.472,61155.402,142186.07,99516.141,27500.205,58553.808,,,8583.194,13414.329,,1839.568,,-6237.0,-38910.608,thousands,0.001,,"{""sfp"": [10], ""pl"": [11], ""cfs"": [13]}",L2,ok
FECM,2016,664444.267,,,299525.464,35585.134,,,,9092.541,,,,,,,thousands,0.001,,"{""sfp"": [], ""pl"": [], ""cfs"": []}",,ok
FECM,2018,190820.312,62875.048,,48934.595,15935.831,,,,,14238.575,,,,,,thousands,0.001,,"{""sfp"": [], ""pl"": [], ""cfs"": []}",,ok
FECM,2019,182269.267,69021.772,,36661.545,16443.511,,,,,6623.24,,,,,,thousands,0.001,,"{""sfp"": [], ""pl"": [], ""cfs"": []}",,ok
FECM,2020,181096.905,74192.155,,46385.199,17452.769,,,,-5272.211,19171.19,,,,,,thousands,0.001,,"{""sfp"": [], ""pl"": [], ""cfs"": []}",,ok
FECM,2021,185816.21,72427.79,,67346.987,28060.733,,,,,15573.952,,,,,,thousands,0.001,,"{""sfp"": [], ""pl"": [], ""cfs"": []}",,ok
FECM,2022,167968.862,68684.936,,56833.184,25862.171,,,,,15851.128,,,,,,thousands,0.001,,"{""sfp"": [], ""pl"": [], ""cfs"": []}",,ok
FECM,2023,162897.534,70356.24,,39061.256,15737.792,,,,-7061.026,2398.266,,,,,,thousands,0.001,,"{""sfp"": [], ""pl"": [], ""cfs"": []}",,ok
FECM,2024,201338.517,79308.187,,47523.584,15420.156,,,,,6103.477,,,,,,thousands,0.001,,"{""sfp"": [], ""pl"": [], ""cfs"": []}",,ok
FECM,2025,232346.578,95654.869,,47607.017,27478.455,,,,,8268.717,,,,,,thousands,0.001,,"{""sfp"": [], ""pl"": [], ""cfs"": []}",,ok
FECTC,2013,3359022,1449968,1909054,,1206989,4588064,-3333514,1254550,583150,,,,,-58020,727826,thousands,1.0,,"{""sfp"": [20], ""pl"": [22], ""cfs"": [24]}",,ok
FECTC,2015,4253123,1331898,2921225,,815068,4779145,3313796,1465349,617470,,,,,-97453,693960,thousands,1.0,,"{""sfp"": [22, 24], ""pl"": [8, 7, 9], ""cfs"": [26, 25, 27]}",,ok
FECTC,2016,,,,,,5031622,3408172,1623450,813825,,,,,-446279,1053964,thousands,1.0,,"{""sfp"": [22], ""pl"": [24], ""cfs"": [26, 25, 27]}",,ok
FECTC,2017,4819637.0,,,2969812.0,,,-3573968.0,,760693,457368,1277174.0,,,-164066,,thousands,1.0,,"{""sfp"": [12, 11, 13], ""pl"": [12, 11, 13], ""cfs"": [13, 12, 14]}",,ok
FECTC,2018,5229648.0,,,3383777.0,662864.0,,-3875479.0,1027305.0,441738.0,472804.0,1329041.0,,,,,thousands,1.0,,"{""sfp"": [27, 26, 28], ""pl"": [], ""cfs"": []}",,ok
FECTC,2019,5066563.0,,,2781387.0,344782.0,,-4146193,594303,88975,164355.0,1258191.0,,,-116063,,thousands,1.0,,"{""sfp"": [28, 27, 29], ""pl"": [29, 28, 30], ""cfs"": [31, 30, 32]}",,ok
FECTC,2020,4833806,1325795,3508011,2688363,1169863,,-4179341,-715437,-770071,117691,1276269,,,-25021,-735513,thousands,1.0,,"{""sfp"": [27, 26, 28], ""pl"": [28, 27, 29], ""cfs"": [30, 29, 31]}",,ok
FECTC,2021,6033007.0,,,3297031.0,1888814.0,,-4673876.0,,-67287.0,85259.0,1622680.0,,,,,thousands,1.0,,"{""sfp"": [28, 27, 29], ""pl"": [], ""cfs"": []}",,ok
FECTC,2022,6950254,3199480,3750774,3424013,1896252,,-5900946.0,873621.0,,141244,1294183,,,,835314,thousands,1.0,,"{""sfp"": [36, 35, 37], ""pl"": [37, 36, 38], ""cfs"": [40, 39, 41, 24]}",L2.5,review
FECTC,2023,7326479.0,,,4004826.0,2680157.0,,-8369763,312420,286703.0,198665.0,1800895.0,,,,-194635,thousands,1.0,,"{""sfp"": [38, 37, 39], ""pl"": [39, 38, 40], ""cfs"": [42, 41, 43, 27]}",L2.5,review
FECTC,2024,7814350.0,,,4336778.0,3071998.0,,-9478553.0,1429565.0,359967.0,281247.0,1999639.0,,,,,thousands,1.0,,"{""sfp"": [38, 37, 39], ""pl"": [46], ""cfs"": []}",,ok
FECTC,2025,7966921,3417504,4549417,4472800,2531869.0,,-9263606.0,1833318.0,608692.0,252206.0,2089158.0,,,,,thousands,1.0,,"{""sfp"": [53, 52, 54], ""pl"": [], ""cfs"": []}",,ok
FEM,2013,665514.668,38006.392,627508.276,290411.283,35914.371,16621.402,,,28628.877,49575.019,291348.176,19233.655,,-79.644,-19437.608,thousands,0.001,,"{""sfp"": [17, 18, 56, 57], ""pl"": [19, 58], ""cfs"": [21, 60, 61]}",,ok
FEM,2014,686344.562,,,321447.548,37823.469,,,,24696.242,,,,,,,thousands,0.001,,"{""sfp"": [], ""pl"": [], ""cfs"": []}",,ok
FEM,2015,685603.409,,,319557.81,51993.753,,,,11398.836,,,,,,,thousands,0.001,,"{""sfp"": [], ""pl"": [], ""cfs"": []}",,ok
FEM,2016,664444.267,,,299525.464,35585.134,,,,9092.541,,,,,,,thousands,0.001,,"{""sfp"": [], ""pl"": [], ""cfs"": []}",,ok
FEM,2017,751138.926,,,329835.905,91390.781,,,,42513.195,,,,,,,thousands,0.001,,"{""sfp"": [], ""pl"": [], ""cfs"": []}",,ok
FEM,2018,659895.078,,,254703.909,41724.514,,,,,,,,,,,thousands,0.001,,"{""sfp"": [], ""pl"": [], ""cfs"": []}",,ok
FEM,2019,636455.835,,,230070.607,37694.342,,,,,,,,,,,thousands,0.001,,"{""sfp"": [], ""pl"": [], ""cfs"": []}",,ok
FEM,2020,636690.711,,,454.876,39090.816,,,,,,,,,,,thousands,0.001,,"{""sfp"": [], ""pl"": [], ""cfs"": []}",,ok
FEM,2021,2776095.357,,,1265398.305,971729.339,,,,,124032.127,254040.783,,,,,thousands,0.001,,"{""sfp"": [57, 56, 58], ""pl"": [], ""cfs"": []}",,ok
FEM,2022,2968793.131,,,1595823.757,820521.874,,,,203595.907,102139.941,577914.926,,,,,thousands,0.001,,"{""sfp"": [59, 58, 60], ""pl"": [], ""cfs"": []}",,ok
FEM,2023,578845.529,48348.857,530496.672,162126.367,41368.53,,,,,11122.553,,,,,,thousands,0.001,,"{""sfp"": [15, 14, 16, 56], ""pl"": [], ""cfs"": []}",L3,ok
FEM,2024,619663.515,57959.75,561703.765,194004.028,50589.63,,,,,16545.521,,,,,,thousands,0.001,,"{""sfp"": [20, 19, 21, 70], ""pl"": [], ""cfs"": []}",L2,ok
FEM,2025,2109904.569,967365.844,1142538.725,554269.928,854542.528,,,,,26418.646,42633.23,,,,,thousands,0.001,,"{""sfp"": [74, 73, 75], ""pl"": [], ""cfs"": []}",,ok
FEROZ,2014,3153033.903,,,1785755.764,391825.313,2534928.325,-1231294.748,1303633.577,417528.234,104120.993,646619.797,1136181.457,,-289882.69,504594.084,thousands,0.001,,"{""sfp"": [29, 30], ""pl"": [31, 32], ""cfs"": [33]}",L4;L4;L4;L4;L4,review
FEROZ,2015,4389037.386,1314688.373,3074349.013,2855596.419,1274551.128,4433552.219,-2417655.623,2015896.596,748590.707,453966.229,1216591.555,1287233.593,,-382632.215,973059.593,thousands,0.001,,"{""sfp"": [26, 27], ""pl"": [28, 29], ""cfs"": [31]}",L4|L4|L4|L4,review
FEROZ,2017,5777444.573,,,2920785.57,767251.06,,-2534669.504,1776772.214,393664.71,135317.177,1547839.685,,,,,thousands,0.001,,"{""sfp"": [35, 34, 36, 79], ""pl"": [], ""cfs"": []}",L4;L4;L4;L4,review
FEROZ,2018,5964906.853,1137966.087,4826940.766,3008809.69,972205.604,4459323.228,-2889668.475,1569654.753,95405.804,197179.29,1219853.92,,,,,thousands,0.001,,"{""sfp"": [45, 44, 46, 109], ""pl"": [], ""cfs"": []}",L4;L4;L4;L4;L4,review
FEROZ,2019,6202846.877,,,3159607.149,1183343.629,5180803.582,-3134954.617,2045848.965,251045.682,183447.782,1170925.851,,,,,thousands,0.001,,"{""sfp"": [43, 42, 44, 111], ""pl"": [], ""cfs"": []}",L4;L4;L4;L4;L4,review
FEROZ,2020,7524602.251,1904759.898,5619842.353,3870693.481,1527517.47,5394043.009,-3176088.959,2217954.05,395655.081,99297.818,1833184.796,3308834.762,,-118939.327,115630.074,thousands,0.001,,"{""sfp"": [43, 44], ""pl"": [45, 46], ""cfs"": [48]}",L4;L4;L4;L4;L4;L5;L5;L5;L5;L5;L5,review
FEROZ,2021,,,,,,7033621.586,-4146678.936,2886942.65,725235.258,,,,,-117663.938,1258710.785,thousands,0.001,,"{""sfp"": [54, 116, 142], ""pl"": [55, 56, 92, 117, 118], ""cfs"": [58, 120]}",L5;L5;L5,review
FEROZ,2022,,2212263.574,6304182.995,,,7806414.315,-4288798.744,3517615.571,514148.873,8990.388,,,,-350598.023,81288.023,thousands,0.001,,"{""sfp"": [50, 59, 62, 108, 121, 148, 158, 166], ""pl"": [60, 98, 99, 122, 123, 160, 161, 162], ""cfs"": [63, 102, 125]}",L5;L5;L5,review
FEROZ,2023,,,,,,9893390.922,-6071103.751,3822287.171,189042.471,,,,,-175481.44,-200324.937,thousands,0.001,,"{""sfp"": [57, 118, 142, 145], ""pl"": [58, 59, 94, 95, 96, 119, 120], ""cfs"": [61, 122]}",L5;L5;L5,review
FEROZ,2024,21749621.603,9929437.272,11820184.331,9783204.433,6084929.369,12711714.096,-7769628.444,4942085.652,400054.277,551064.343,4781368.229,11838402.182,,-825.344,-1187453.207,thousands,0.001,,"{""sfp"": [66, 100, 130, 135, 157, 172, 173, 182], ""pl"": [67, 68, 103, 105, 107, 131, 132], ""cfs"": [70, 78, 134, 181]}",L5;L5;L5;L5;L5;L5,review
FEROZ,2025,24604947.452,12898290.511,11706656.941,3486146.183,6652113.81,13857966.939,-8138776.842,5719190.097,528248.837,1661082.001,253008.621,434690.52,,-127798.418,1153928.894,thousands,0.001,,"{""sfp"": [64, 67, 93, 110, 135, 149, 178], ""pl"": [84, 85, 150, 151, 195], ""cfs"": [87, 131, 153, 200]}",L5;L5;L5;L5;L5;L5,review
FFBL,2013,37162123,23373749,13788374,14159838,19329233,54551618,-39942664,14512504,5613011,2477533,1129257,,,-4475942,9939754,thousands,1.0,,"{""sfp"": [71, 70, 72], ""pl"": [73, 72, 74], ""cfs"": [75, 74, 76]}",,ok
FFBL,2014,46248831,33177194,13071637,21836727,19900389,49445256,-38353303,11091953,4016326,5044669,1557296,,,-3752313,8506611,thousands,1.0,,"{""sfp"": [69, 68, 70], ""pl"": [71, 70, 72], ""cfs"": [73, 72, 74]}",,ok
FFBL,2015,59407356,,,29307989,,52182072,-44967864,7214208,4061587,8940288,4549432,,,-2960416,-6071916,thousands,1.0,,"{""sfp"": [87, 86, 88, 133], ""pl"": [89, 88, 90, 135], ""cfs"": [91, 90, 92, 137]}",,ok
FFBL,2016,63794501,51037443,12757058,32291744,33010694,45011359,-43792387,1218972,1338308,5823175,2427140,,,,,thousands,1.0,,"{""sfp"": [71, 70, 72, 123], ""pl"": [73, 72, 74, 125], ""cfs"": [75, 74, 76, 127]}",,ok
FFBL,2018,80363984,,13897456,43470998,49434278,61510528,-53327113,8183415,1436532,3689589,5654660,,,-702113,-6548944,thousands,1.0,,"{""sfp"": [83, 82, 84, 135], ""pl"": [85, 84, 86, 137], ""cfs"": [88, 87, 89, 140]}",,ok
FFBL,2019,91166569,84332608,6833961,51331879,68962290,66839286,-60954649,5884637,-5920745,5294341,14756054,,,-932830,-16843437,thousands,1.0,,"{""sfp"": [115, 114, 116, 185], ""pl"": [117, 116, 118, 187], ""cfs"": [120, 119, 121, 190]}",,ok
FFBL,2020,90968452,,,49157097,47053661.0,83234360,-70655385.0,12578975.0,,25048432,2861568,,,,25386365,thousands,1.0,,"{""sfp"": [133, 132, 134, 203], ""pl"": [135, 134, 136, 205], ""cfs"": [138, 137, 139, 208]}",L5,review
FFBL,2021,115209592,94778846,20430746,75406819,69083210,110452174,-88300535.0,22151639.0,6390961,36129979,8388200,,,,22299639,thousands,1.0,,"{""sfp"": [149, 148, 150, 217], ""pl"": [151, 150, 152, 219], ""cfs"": [154, 153, 155, 222]}",L5,review
FFBL,2022,149862745,,,110351493,104190115.0,159225963,-133357409,25868554,2327934,22705197,39236011,,,,-34064237,thousands,1.0,,"{""sfp"": [161, 160, 162, 231], ""pl"": [163, 162, 164], ""cfs"": [166, 165, 167, 236]}",,ok
FFBL,2023,145871787,,,110704851,103081019.0,193063909,-159954316,33109593,4402937,39964014,13786594,,,,45749057,thousands,1.0,,"{""sfp"": [173, 172, 174, 241], ""pl"": [175, 174, 176, 243], ""cfs"": [178, 177, 179, 246]}",,ok
FFC,2013,67829070,42677807,25151263,26327696,34319438,74480611,39948572,34532039,20134548,1361651,301957,,,-20677553,25270142,thousands,1.0,,"{""sfp"": [115, 114, 116, 165, 212], ""pl"": [117, 116, 118, 163, 213], ""cfs"": [119, 118, 120, 169]}",,ok
FFC,2014,86561662,60892131,25669531,35883228,53818103,81240187,50136749,31103438,18170760,1173767,981750,,,-17582658,29089548,thousands,1.0,,"{""sfp"": [85, 84, 86, 151], ""pl"": [87, 86, 88, 153, 172], ""cfs"": [89, 88, 90, 154]}",,ok
FFC,2015,80129889,52818424,27311465,27214693,32325501,84831024,55949370,28881654,16765869,2739314,5100020,,,-15443056,-23025777,thousands,1.0,,"{""sfp"": [95, 94, 96], ""pl"": [97, 96, 98, 187], ""cfs"": [99, 98, 100]}",,ok
FFC,2016,90709084,,28211295,37286733,41032611,72876687,54827041,18049646,11781993,2525888,4237327,,,-11109510,6974291,thousands,1.0,,"{""sfp"": [109, 108, 110, 159], ""pl"": [111, 110, 112, 161], ""cfs"": [113, 112, 114, 163]}",,ok
FFC,2017,108630868,,,55884786,59009809.0,90714114,72620911,18093203,10711315,1712725,395113,,,-8557834,34758825,thousands,1.0,,"{""sfp"": [123, 122, 124, 189], ""pl"": [125, 124, 126, 191], ""cfs"": [127, 126, 128, 193]}",,ok
FFC,2018,146489534,,,95354604,99944692.0,105964471,77985886,27978585,14438585,3817997,12931714,,,-9912803,22865943,thousands,1.0,,"{""sfp"": [201, 200, 202, 285], ""pl"": [203, 202, 204, 287], ""cfs"": [205, 204, 206, 289]}",,ok
FFC,2019,153389860,117823159,35566701,97300561,106875854.0,105783413,75046062,30737351,17110490,5695029,6795374,,,-14664464,24936601,thousands,1.0,,"{""sfp"": [205, 204, 206, 299], ""pl"": [207, 206, 208, 302], ""cfs"": [209, 208, 210]}",,ok
FFC,2020,172948758,130413087,42535671,111901597,81670893,97654753,-66071461,31583292,20819459,1153475,319989,,,-14131868,39544217,thousands,1.0,,"{""sfp"": [233, 232, 234, 335], ""pl"": [235, 234, 236], ""cfs"": [237, 236, 238]}",,ok
FFC,2021,201006765,153492471,47514294,126269525,112168992,108650890,-69771813,38879077,21896141,1189578,1048397,,,-16853077,22020808,thousands,1.0,,"{""sfp"": [237, 236, 238, 359], ""pl"": [239, 238, 240], ""cfs"": [241, 240, 242]}",,ok
FFC,2022,240122007,189287046.0,,155824731,161802469.0,109363817,-69317471,40046346,20049510,1519971,19487801,,,-17333823,1576027,thousands,1.0,,"{""sfp"": [245, 244, 246, 355], ""pl"": [247, 246, 248], ""cfs"": [249, 248, 250]}",,ok
FFC,2023,223280688,161428178.0,,130123132,139216512.0,159471951,-95219741,64252210,29673348,858347,2067922,,,-18460152,60878158,thousands,1.0,,"{""sfp"": [243, 242, 244, 268], ""pl"": [245, 244, 246], ""cfs"": [247, 246, 248]}",,ok
FFC,2024,416951722,285071605,131880117,278511904,243704752,373536920,-246364351,127172569,64731439,12392044,23744157,,,-24927681,94546093,thousands,1.0,,"{""sfp"": [269, 268, 270, 397], ""pl"": [271, 270, 272], ""cfs"": [273, 272, 274]}",,ok
FFC,2025,437485133,301901608,135583525,275652281,240695198,432410443,-301799729,130610714,73564267,8343408,38229377,,,-70255954,36971083,thousands,1.0,,"{""sfp"": [307, 306, 308, 427], ""pl"": [309, 308, 310, 430], ""cfs"": [311, 310, 312]}",,ok
FFL,2013,1376343.636,,,728576.684,932793.603,2926229.224,2634441.378,291787.846,,80390.49,73860.0,,1014.646,,,thousands,0.001,,"{""sfp"": [21, 20, 22], ""pl"": [], ""cfs"": []}",,ok
FFL,2014,1419499.303,,42005.988,838281.874,962240.173,2194025.058,-1989779.487,204245.571,-142055.845,218123.804,62365.0,576927.727,,-40.043,-56339.762,thousands,0.001,,"{""sfp"": [19, 20, 25], ""pl"": [21, 22], ""cfs"": [23, 24]}",,ok
FFL,2015,1583236.958,,,541827.106,1245131.477,1866018.73,-1712492.339,153526.391,-349762.667,141056.606,67306.005,1037778.37,,,-201729.738,thousands,0.001,,"{""sfp"": [24, 25], ""pl"": [26, 27], ""cfs"": [28, 29]}",,ok
FFL,2016,7680651.081,,,2108972.985,,3370506.772,-3265001.11,105505.662,-966919.814,333539.919,684805.793,4937750.901,,,-1573453.804,thousands,0.001,,"{""sfp"": [35, 36], ""pl"": [37], ""cfs"": [40, 41]}",,ok
FFL,2018,13556177.92,,2142475.752,3971394.488,6846594.789,8094123.091,-7711019.879,383103.212,-2849238.602,98221.298,1380400.512,7953143.603,,,-2539892.166,thousands,0.001,,"{""sfp"": [40, 41, 46], ""pl"": [42, 43], ""cfs"": [45]}",,ok
FFL,2019,12152806.324,15830592.408,-3677786.084,4000770.448,12790068.499,5744872.328,-6423699.048,-678826.72,-5788937.474,114134.399,1443222.934,8106036.19,,,-1960936.006,thousands,0.001,,"{""sfp"": [44, 45, 46], ""pl"": [47, 48], ""cfs"": [50]}",L3,ok
FFL,2020,11733185.948,,-3989008.502,4156133.843,9340500.487,7373162.067,-7310900.013,62262.054,-3058111.505,888888.229,543982.813,7550092.84,,,-321558.544,thousands,0.001,,"{""sfp"": [45, 46, 49], ""pl"": [47], ""cfs"": [50]}",L3,ok
FFL,2021,14164743.799,,3525519.238,5651302.369,4446631.404,8586396.344,7665360.235,921036.109,-1252942.258,1873907.189,707587.224,8505263.061,,,,thousands,0.001,,"{""sfp"": [40, 44, 45, 49], ""pl"": [46, 47], ""cfs"": []}",,ok
FFL,2022,14216280.73,10168831.918,4047448.812,6062115.761,4601872.118,,,,,1145482.229,1239691.594,8138696.996,,,,thousands,0.001,,"{""sfp"": [33, 34], ""pl"": [], ""cfs"": []}",,ok
FFL,2023,,,,,,19809035.759,-16826717.108,2982318.651,605111.661,,,,,,,thousands,0.001,,"{""sfp"": [43, 44], ""pl"": [45], ""cfs"": []}",,ok
FFL,2024,18562872.108,,,9272748.036,8767960.114,,-19681000.8,3720679.485,717136.816,30409.703,,,,,,thousands,0.001,,"{""sfp"": [65, 64, 66, 149], ""pl"": [], ""cfs"": []}",L5,review
FFL,2025,20901308.142,10101482.421,10799825.721,11325356.898,9770123.456,,-23862757.521,5015861.277,1236052.29,1869298.159,2444520.293,,,,,thousands,0.001,,"{""sfp"": [55, 54, 56, 139], ""pl"": [], ""cfs"": []}",L5,review
FFLM,2014,375801.348,26956.927,348844.421,111099.228,19301.273,26953.202,,,3764.656,10169.776,,227469.114,,-312.542,-21326.326,thousands,0.001,,"{""sfp"": [15], ""pl"": [16, 17], ""cfs"": [18]}",,ok
FFLM,2015,367183.441,25572.934,341610.507,110973.595,20041.091,11571.398,,,-7301.081,399.712,,226206.814,,-28.813,-9702.259,thousands,0.001,,"{""sfp"": [14, 16], ""pl"": [15], ""cfs"": [17]}",,ok
FFLM,2018,399034.083,42011.755,357022.328,93514.598,23057.953,50533.823,,,33361.595,10040.527,,224480.051,,-21.404,36252.317,thousands,0.001,,"{""sfp"": [19], ""pl"": [20, 21], ""cfs"": [22]}",L5,review
FFLM,2019,,,,,,27.293,,,,,,,,,,thousands,0.001,,"{""sfp"": [], ""pl"": [6, 5, 7], ""cfs"": []}",L3,ok
FFLM,2020,377988.629,41638.369,336350.26,88909.934,21575.321,24401.717,,,-4653.001,1426.007,,224322.571,,-78.276,21037.309,thousands,0.001,,"{""sfp"": [19], ""pl"": [20, 21], ""cfs"": [22]}",L5;L3,review
FFLM,2021,374390.679,40947.591,333443.088,99081.807,23201.631,24025.849,,,-2907.172,640.804,,226550.035,,,-723.305,thousands,0.001,,"{""sfp"": [14, 19], ""pl"": [20, 21], ""cfs"": [22]}",L5,review
FFLM,2022,365447.637,38219.909,327227.728,96555.21,29809.336,23706.155,,,-6215.36,49.098,,224227.384,,,-2628.209,thousands,0.001,,"{""sfp"": [19], ""pl"": [20, 21], ""cfs"": [22]}",L5,review
FFLM,2023,357480.888,32657.681,324823.207,101524.254,27954.381,19729.015,,,-2404.521,177.089,,224134.473,,,,thousands,0.001,,"{""sfp"": [19], ""pl"": [20, 21, 22], ""cfs"": []}",L5,review
FFLM,2025,335439.621,37811.425,297628.196,94317.68,37687.884,,,,,,,,,,,thousands,0.001,,"{""sfp"": [20, 19, 21], ""pl"": [], ""cfs"": []}",,ok
FHAM,2013,4719286.707,1666426.723,3052859.984,1404851.777,1401488.276,,,,992389.585,130639.915,,,,,,thousands,0.001,,"{""sfp"": [73, 72, 74], ""pl"": [], ""cfs"": []}",L2.5,review
FHAM,2014,5392994.749,,3208619.366,1893900.029,1894270.8,,,,285443.429,371131.886,,,,,,thousands,0.001,,"{""sfp"": [96, 95, 97], ""pl"": [], ""cfs"": []}",,ok
FHAM,2015,6393290.656,3136435.335,3256855.321,2281279.117,2793134.849,,,,306500.341,487512.972,,,,,,thousands,0.001,,"{""sfp"": [22, 21, 23], ""pl"": [], ""cfs"": []}",,ok
FHAM,2016,7160749.78,3844694.507,3316055.273,2608529.0,3540633.267,,,,298302.894,248143.222,,,,,,thousands,0.001,,"{""sfp"": [46, 45, 47], ""pl"": [], ""cfs"": []}",,ok
FHAM,2018,10279256.656,6719120.428,3560136.228,3994811.176,6305882.799,,,,289560.557,320868.504,,,,,,thousands,0.001,,"{""sfp"": [114, 113, 115], ""pl"": [], ""cfs"": []}",L2.5;L2.5;L2.5,review
FHAM,2019,11124024.23,7487422.088,3636602.142,3849499.022,7185647.765,,,,,506.247,,,,,,thousands,0.001,,"{""sfp"": [114, 113, 115], ""pl"": [], ""cfs"": []}",L5;L2,review
FHAM,2020,9913057.271,,,3839710.56,6262198.802,,,,316683.071,168609.75,,,,,,thousands,0.001,,"{""sfp"": [119, 118, 120], ""pl"": [], ""cfs"": []}",L2.5;L2.5,review
FHAM,2021,12122533.71,8294187.067,3828346.643,4987874.957,8153140.004,,,,,216102.298,,,,,,thousands,0.001,,"{""sfp"": [117, 116, 118], ""pl"": [], ""cfs"": []}",L2.5;L2.5,review
FHAM,2022,17162817.848,13185802.656,3977015.192,5719597.311,13151197.813,,,,,137042.312,,,,,,thousands,0.001,,"{""sfp"": [162, 161, 163], ""pl"": [], ""cfs"": []}",L2.5;L2.5,review
FHAM,2023,20539856.09,,,8301428.422,15940069.573,,,,,188108.417,,,,,,thousands,0.001,,"{""sfp"": [177, 176, 178], ""pl"": [], ""cfs"": []}",L2.5,review
FHAM,2024,26409925.193,21300994.496,5108930.697,9792757.565,21284870.38,,,,,265576.058,,,,,,thousands,0.001,,"{""sfp"": [194, 193, 195], ""pl"": [], ""cfs"": []}",L2.5;L2.5,review
FHAM,2025,34749383.669,28965313.131,5784070.538,13268439.211,28949444.054,,,,,815309.565,,88484.327,,,,thousands,0.001,,"{""sfp"": [214, 213, 215], ""pl"": [], ""cfs"": []}",,ok
FIBLM,2013,219984.629,46305.208,173679.421,105156.652,44364.69,12850.088,,,9289.143,3519.831,,2436.257,,,32352.919,thousands,0.001,,"{""sfp"": [13, 17], ""pl"": [14, 15], ""cfs"": [16]}",,ok
FIBLM,2014,223709.656,,,,,18613.829,,,9266.994,,,,,-4601.345,29767.574,thousands,0.001,,"{""sfp"": [22], ""pl"": [23, 24], ""cfs"": [25]}",,ok
FIBLM,2015,,,,,,35771.994,,,5328.323,,,,,-8086.429,26150.013,thousands,0.001,,"{""sfp"": [10, 17], ""pl"": [11, 18, 19], ""cfs"": [20]}",,ok
FIBLM,2016,224264.986,45432.834,178832.152,102964.817,35385.799,33902.134,,,9839.731,20702.418,,780.032,,2966.461,38750.465,thousands,0.001,,"{""sfp"": [20], ""pl"": [21, 22], ""cfs"": [23]}",L5;L5;L5;L5;L5,review
FIBLM,2017,228350.483,45485.749,182864.734,74678.558,35721.569,47399.92,,,10007.68,13917.457,,44853.731,,,,thousands,0.001,,"{""sfp"": [21], ""pl"": [22, 23, 24], ""cfs"": []}",,ok
FIBLM,2018,224222.032,34942.625,189279.407,104645.761,24787.075,34643.301,,,43.043,23503.774,,42982.288,,-6099.114,27685.905,thousands,0.001,,"{""sfp"": [24], ""pl"": [17, 25, 26], ""cfs"": [27]}",,ok
FIBLM,2019,229733.939,38768.178,190965.761,99655.673,10480.524,36674.914,,,4708.18,32047.734,,3348.799,,,18990.785,thousands,0.001,,"{""sfp"": [25], ""pl"": [26, 27], ""cfs"": [28]}",,ok
FIBLM,2020,229059.455,36735.932,192325.523,92351.722,33063.932,27324.233,,,4002.844,44158.744,,,,189.696,10071.194,thousands,0.001,,"{""sfp"": [26], ""pl"": [27, 28], ""cfs"": [29]}",,ok
FIBLM,2021,212069.48,18283.458,193786.022,117430.958,18244.378,24258.583,,,2917.77,52113.573,,1454.397,,-2669.315,9120.049,thousands,0.001,,"{""sfp"": [23], ""pl"": [24, 25], ""cfs"": [26]}",,ok
FIBLM,2022,208322.247,18320.56,190001.687,105834.212,14966.68,28769.215,,,-1967.1,13599.668,,792.809,,-49.307,-43865.267,thousands,0.001,,"{""sfp"": [23, 28], ""pl"": [24, 25], ""cfs"": [26]}",,ok
FIBLM,2023,222814.39,24021.934,198792.456,131410.923,21585.802,24312.195,,,10007.19,82104.089,,238.699,,,63036.363,thousands,0.001,,"{""sfp"": [25], ""pl"": [26, 27], ""cfs"": [28]}",,ok
FIBLM,2024,241816.477,31156.533,210659.944,182533.141,30534.733,52099.777,,,11454.824,106248.945,,79.162,,,18645.985,thousands,0.001,,"{""sfp"": [26], ""pl"": [27], ""cfs"": [28]}",L5;L5;L5;L5;L5,review
FIBLM,2025,,,,,,54449.557,,,26839.142,,,,,,,thousands,0.001,,"{""sfp"": [27], ""pl"": [28, 31], ""cfs"": []}",,ok
FIMM,2014,273544.875,,117475.303,266131.951,140707.824,624104.524,543741.224,80363.3,16515.637,19768.4,164742.951,6989.826,,-28907.117,26567.564,thousands,0.001,,"{""sfp"": [10], ""pl"": [11], ""cfs"": [12, 13]}",,ok
FIMM,2015,292243.219,162615.066,129628.153,285263.814,146238.525,730550.779,624519.118,106031.661,27152.85,9969.276,162806.656,6703.667,,-14827.753,9219.527,thousands,0.001,,"{""sfp"": [9], ""pl"": [10, 25], ""cfs"": [11, 12]}",,ok
FIMM,2016,339942.376,,140172.645,325366.958,180339.947,827864.387,-699196.004,128668.383,42017.092,61300.889,129909.802,12497.055,,-26118.858,79069.5,thousands,0.001,,"{""sfp"": [13], ""pl"": [14], ""cfs"": [15, 16]}",,ok
FIMM,2017,370778.598,233306.567,137472.031,357050.405,212043.453,734216.345,-615605.086,118611.259,33299.386,7427.068,258027.759,,,,,thousands,0.001,,"{""sfp"": [13, 12, 14], ""pl"": [], ""cfs"": []}",,ok
FIMM,2018,415089.462,280228.65,134860.812,402120.673,255191.865,897589.842,-753652.187,143937.655,30550.766,14070.366,265573.803,11644.71,,-28419.195,-48400.048,thousands,0.001,,"{""sfp"": [13], ""pl"": [14], ""cfs"": [15, 16]}",,ok
FIMM,2019,341228.937,202065.402,139163.535,331110.421,171868.769,705649.411,-572871.795,132777.616,25310.117,11346.95,212679.008,,,,,thousands,0.001,,"{""sfp"": [13, 12, 14], ""pl"": [], ""cfs"": []}",L5,review
FIMM,2020,365005.377,203746.655,161258.722,358107.199,166173.322,555117.368,-428749.272,126368.096,35114.555,18970.744,215103.436,6413.376,,,,thousands,0.001,,"{""sfp"": [12, 16], ""pl"": [9, 17, 18], ""cfs"": []}",,ok
FIMM,2021,598860.811,396478.647,202382.164,593510.546,358078.763,1080003.051,-864358.663,215644.388,64185.317,11718.112,304552.995,4687.975,,,,thousands,0.001,,"{""sfp"": [15, 18], ""pl"": [16, 17], ""cfs"": []}",,ok
FIMM,2022,888908.444,,183737.07,879231.909,690401.561,1378792.562,-1196785.688,182006.874,24368.736,5020.22,648475.057,8061.008,,-44731.556,-18872.722,thousands,0.001,,"{""sfp"": [18], ""pl"": [19], ""cfs"": [20]}",,ok
FIMM,2023,783160.551,618621.137,164539.414,767157.113,610478.535,1668528.532,-1501742.584,166785.948,-2697.656,52255.98,378194.924,14006.74,,-16012.404,58669.708,thousands,0.001,,"{""sfp"": [17], ""pl"": [18], ""cfs"": [19]}",,ok
FIMM,2024,539691.62,,221857.962,526488.053,317020.713,1260138.291,-992077.282,268061.009,72318.548,6419.338,312073.335,11727.765,,-14790.699,-31569.851,thousands,0.001,,"{""sfp"": [21], ""pl"": [22], ""cfs"": [23, 24]}",,ok
FIMM,2025,678837.462,406533.413,272304.049,662426.981,398239.98,1247436.532,-957518.457,289918.075,95446.087,2550.461,450669.478,15072.279,,,,thousands,0.001,,"{""sfp"": [21, 22], ""pl"": [23, 25], ""cfs"": []}",,ok
FLYNG,2014,6012342.527,2699342.718,3312999.809,736287.613,1502531.941,2064569.791,-1958591.535,105978.256,100358.339,3633.07,360094.547,5234261.754,,,376336.593,thousands,0.001,,"{""sfp"": [15], ""pl"": [16], ""cfs"": [18]}",,ok
FLYNG,2015,6101534.104,2671441.811,3430092.293,895760.306,1805745.25,2222797.816,-2103185.113,119612.703,117134.811,24331.42,396878.718,,,,,thousands,0.001,,"{""sfp"": [19, 18, 20], ""pl"": [], ""cfs"": []}",,ok
FLYNG,2016,6319573.183,2743722.455,,1018604.825,1790446.398,2475777.927,-2309063.45,166714.477,145696.468,46349.157,,,,,,thousands,0.001,,"{""sfp"": [19, 18, 20], ""pl"": [], ""cfs"": []}",,ok
FLYNG,2017,7228904.794,3491722.251,,1573418.169,1821319.033,2470224.763,-2266867.959,203356.804,161255.848,15099.725,,,,,,thousands,0.001,,"{""sfp"": [19, 18, 20], ""pl"": [], ""cfs"": []}",,ok
FLYNG,2018,9761534.518,5842804.316,,3090355.949,2663864.615,2910361.399,-2653476.436,256884.963,181507.789,114882.063,316862.42,6639761.686,,,,thousands,0.001,,"{""sfp"": [31, 30, 32], ""pl"": [], ""cfs"": []}",L2,ok
FLYNG,2020,16323155.087,8167092.21,8156062.877,3003401.243,3800659.166,1079508.134,-1541891.726,-462383.592,-530719.92,23392.925,1307317.011,13286873.693,,,-1035066.374,thousands,0.001,,"{""sfp"": [26], ""pl"": [27], ""cfs"": [28]}",L2,ok
FLYNG,2021,18279676.635,9308160.357,8971516.278,2361118.699,4202291.052,4379653.073,-2902791.827,,,204934.03,,,,,,thousands,0.001,,"{""sfp"": [72, 71, 73], ""pl"": [], ""cfs"": []}",,ok
FLYNG,2022,20242008.521,8222202.867,12019805.654,1780958.751,4497958.294,5336125.254,4464034.65,872090.604,926097.752,75313.744,609824.449,18428169.619,,,,thousands,0.001,,"{""sfp"": [70], ""pl"": [71, 73], ""cfs"": []}",,ok
FLYNG,2023,22970334.901,10678812.923,12291521.978,1762099.027,5318054.709,4243526.759,-3666530.289,576996.47,271245.678,62346.586,778965.317,21175355.723,,,1767078.829,thousands,0.001,,"{""sfp"": [76], ""pl"": [77], ""cfs"": [79]}",,ok
FLYNG,2024,25361291.229,13017727.667,12343563.562,2153922.543,7934021.981,,,,,136294.792,1215420.461,23174488.535,,,2232724.205,thousands,0.001,,"{""sfp"": [76, 79, 80], ""pl"": [], ""cfs"": [82]}",,ok
FML,2013,,,,,,,,,,,,,,-200059,130484,thousands,1.0,,"{""sfp"": [], ""pl"": [1], ""cfs"": [22]}",,ok
FML,2014,,,,,,,,,,,,,,-404010,2706627,thousands,1.0,,"{""sfp"": [], ""pl"": [1], ""cfs"": [21]}",,ok
FML,2015,12704750,2691455,10013295,6918264,2308207,17533227,-13622707,3910520,2325626,287909,2382563,5775615,,-452943,2803240,thousands,1.0,,"{""sfp"": [18, 23], ""pl"": [19, 20], ""cfs"": [21]}",,ok
FML,2016,,,,,,19664897,-14089214,5575683,3810083,,,,,-1055161,3238651,thousands,1.0,,"{""sfp"": [23], ""pl"": [24], ""cfs"": [26]}",,ok
FML,2017,,,,,,935465,,,2489532,,,,,,,thousands,1.0,,"{""sfp"": [5, 35], ""pl"": [6, 39], ""cfs"": [7, 40]}",L3,ok
FML,2018,,,,,,21775447,-16950428,4825019,2752097,,,,,-1092427,2162795,thousands,1.0,,"{""sfp"": [31, 68], ""pl"": [32, 69], ""cfs"": [34, 33, 35]}",L3,ok
FML,2019,33967336,13863887,20103449,20304069,11728847,29243547,-21605821,7637726,5989810,3267698,6411087,13458882,,-2053066,3330390,thousands,1.0,,"{""sfp"": [144], ""pl"": [145, 146], ""cfs"": [147]}",,ok
FML,2020,43096657,21949599,21147058,25455725,16560004,31205677,-23698998,7506679,2937221,2247990,8269628,,,-1921651,3675597,thousands,1.0,,"{""sfp"": [63, 62, 64], ""pl"": [63, 62, 64], ""cfs"": [52]}",L5,review
FML,2021,51866928.0,,,,19557969.0,,,,,,,,,,,thousands,1.0,,"{""sfp"": [69, 68, 70], ""pl"": [69, 68, 70], ""cfs"": [70, 69, 71]}",,ok
FML,2022,62291319.0,,,,22023745.0,,,,,,9896667.0,,,,,thousands,1.0,,"{""sfp"": [74, 73, 75], ""pl"": [74, 73, 75], ""cfs"": [75, 74, 76]}",,ok
FML,2023,76912511.0,,,42874895.0,29170216.0,57171941,-44082622,13089319,8969458,1336630.0,15449584.0,,,-1980887,4122055,thousands,1.0,,"{""sfp"": [157, 156, 158], ""pl"": [158, 157, 159], ""cfs"": [161, 160, 162, 134]}",,ok
FML,2024,80883929,47226789,33657140,44101662,38888368,69757601,-57925400,11832201,572341,1054766,16698257,,,-3546513,3157286,thousands,1.0,,"{""sfp"": [155, 154, 156], ""pl"": [156, 155, 157], ""cfs"": [159, 158, 160, 132]}",,ok
FML,2025,,,,,43918019.0,,,,99023,308346.0,21268341.0,,,,-1131556,thousands,1.0,,"{""sfp"": [85, 84, 86], ""pl"": [85, 84, 86], ""cfs"": [87, 86, 88]}",,ok
FNBM,2014,1700559.796,1436868.472,263701.324,627177.575,905248.135,558123.884,,,-34212.077,42800.533,,803.386,,-244.239,722269.053,thousands,0.001,,"{""sfp"": [14], ""pl"": [15, 16], ""cfs"": [17]}",,ok
FNBM,2015,1248349.011,1106823.757,141525.254,403307.356,855122.095,,,,-122176.07,89487.848,,367.358,,,421677.081,thousands,0.001,,"{""sfp"": [14, 15], ""pl"": [16], ""cfs"": [17]}",,ok
FNBM,2017,508478.472,492145.402,,246152.239,429546.074,,,,-71359.682,,,,,,,thousands,0.001,,"{""sfp"": [], ""pl"": [], ""cfs"": []}",,ok
FNBM,2018,356066.321,347921.839,,219842.152,345368.284,,,,,51653.789,,,,,,thousands,0.001,,"{""sfp"": [], ""pl"": [], ""cfs"": []}",,ok
FNBM,2019,303068.11,325178.224,,213043.455,322053.628,,,,,11329.223,,,,,,thousands,0.001,,"{""sfp"": [], ""pl"": [], ""cfs"": []}",,ok
FNBM,2020,238951.705,302112.757,,199287.636,302112.757,,,,,22655.332,,,,,,thousands,0.001,,"{""sfp"": [], ""pl"": [], ""cfs"": []}",,ok
FNBM,2021,239158.238,301253.397,,206066.062,303540.919,,,,,12975.175,,,,,,thousands,0.001,,"{""sfp"": [], ""pl"": [], ""cfs"": []}",,ok
FNBM,2024,402506.342,-423351.338,,350546.666,423351.359,,,,34759.419,9710.25,,,,,,thousands,0.001,,"{""sfp"": [], ""pl"": [], ""cfs"": []}",,ok
FNBM,2025,425422.326,-450950.807,,381050.511,450950.828,,,,,9483.517,,,,,,thousands,0.001,,"{""sfp"": [], ""pl"": [], ""cfs"": []}",,ok
FNEL,2014,,,,589446.0,1501144.0,,,,,,,,,,,thousands,,,"{""sfp"": [10, 9, 11], ""pl"": [], ""cfs"": []}",,ok
FNEL,2015,1173174,1108529,64645,579102,518940,24672555,,,242885777,56483,,145625,,,-35114438,thousands,1.0,,"{""sfp"": [12, 17, 19], ""pl"": [18], ""cfs"": [21]}",,ok
FNEL,2017,1393728595.0,1203037437.0,,856668858.0,297100341.0,,,,,122349992.0,,,,,,thousands,,,"{""sfp"": [], ""pl"": [31], ""cfs"": []}",,ok
FNEL,2018,1074671586.0,695710656.0,,567545420.0,320755087.0,,,,,260197163.0,,,,-1971793,35796738,thousands,,,"{""sfp"": [], ""pl"": [34], ""cfs"": [36]}",,ok
FNEL,2019,1562364999.0,677979053.0,,502532332.0,271805867.0,,,,,180703715.0,,,,,-54991248,thousands,,,"{""sfp"": [], ""pl"": [34], ""cfs"": [36]}",,ok
FNEL,2021,1990656271.0,809816234.0,,1222578426.0,361362755.0,,,,,230777747.0,,,,-125875,57770945,thousands,,,"{""sfp"": [], ""pl"": [39], ""cfs"": [41]}",,ok
FNEL,2022,1935433647,659831588,1275602059,556489335,275951454,58302044,,,114820383,223177151,,37264260,,,-64202848,thousands,,,"{""sfp"": [42, 43], ""pl"": [44], ""cfs"": [47]}",,ok
FNEL,2024,1854067.531,708409.201,1145658.33,624404.653,328304.924,33916.592,,,-51472.661,274337.92,,35423.755,,,-59950.229,thousands,0.001,,"{""sfp"": [42], ""pl"": [43, 44], ""cfs"": [46]}",,ok
FNEL,2025,1716315.987,634374.642,,346989.69,245694.324,,,,,9226.231,,,,,,thousands,0.001,,"{""sfp"": [], ""pl"": [], ""cfs"": []}",,ok
FPJM,2014,1324416.523,1231685.917,92730.606,866160.255,222600.267,297534.974,,,74296.458,64165.836,,351329.549,,,261583.391,thousands,0.001,,"{""sfp"": [20, 24], ""pl"": [21, 23], ""cfs"": [22]}",,ok
FPJM,2015,,,,,,353205.25,,,94531.424,,,,,-15788.946,265554.959,thousands,0.001,,"{""sfp"": [20], ""pl"": [21, 23], ""cfs"": [22]}",,ok
FPJM,2017,1873819.457,1682169.566,191649.891,1081452.586,574487.37,,,,27884.873,41752.816,,,,,,thousands,0.001,,"{""sfp"": [26, 25, 27, 76], ""pl"": [], ""cfs"": []}",,ok
FPJM,2018,1992859.506,1789465.549,203393.957,1164898.018,574940.567,,,,28754.066,47169.012,,,,,,thousands,0.001,,"{""sfp"": [28, 27, 29, 80], ""pl"": [], ""cfs"": []}",,ok
FPJM,2019,2129596.044,1936986.921,192609.123,1229634.512,661134.762,,,,,43024.878,,,,,,thousands,0.001,,"{""sfp"": [32, 31, 33], ""pl"": [], ""cfs"": []}",,ok
FPJM,2020,2083973.625,1946675.393,137298.232,1192619.266,1232390.069,,,,,25102.916,,,,,,thousands,0.001,,"{""sfp"": [31, 30, 32, 84], ""pl"": [], ""cfs"": []}",,ok
FPJM,2021,,,,256222.387,13.685,,,,,25102.916,,,,,,thousands,0.001,,"{""sfp"": [36, 35, 37], ""pl"": [43], ""cfs"": []}",,ok
FPJM,2022,2070499.332,2066814.97,3684.362,1173718.411,2048155.508,,,,,62435.184,,,,,,thousands,0.001,,"{""sfp"": [80, 79, 81], ""pl"": [], ""cfs"": []}",,ok
FPJM,2023,2189747.56,,378119.156,1454649.256,309335.245,331319.35,,,-111561.518,233544.957,,4066.485,,,56738.399,thousands,0.001,,"{""sfp"": [40], ""pl"": [41], ""cfs"": [43]}",L3,ok
FPJM,2024,1975578.056,1767575.064,208002.992,993351.888,264816.92,,,,,23080.1,,,,,,thousands,0.001,,"{""sfp"": [40, 39, 41], ""pl"": [], ""cfs"": []}",L2.5,review
FPJM,2025,1739891.791,204495.205,1535396.586,765762.91,177675.243,251503.149,,,-172918.281,81460.724,,3188.45,,,-82848.58,thousands,0.001,,"{""sfp"": [34], ""pl"": [35], ""cfs"": [37]}",L3,ok
FPRM,2013,327409.552,146528.109,180881.444,183177.41,45950.958,,,,13777.029,41631.483,,,,,,thousands,0.001,,"{""sfp"": [14, 13, 15], ""pl"": [], ""cfs"": []}",,ok
FPRM,2014,326361.847,146869.822,179492.026,189276.083,67067.393,55202.754,,,12387.61,41631.483,1546.792,60188.077,,-7577.106,5059.633,thousands,0.001,,"{""sfp"": [16, 33], ""pl"": [17, 18, 35], ""cfs"": [19]}",L2,ok
FPRM,2015,439851.508,233436.683,206414.825,264254.931,88724.801,,,,10153.667,51480.921,,,,,,thousands,0.001,,"{""sfp"": [16, 15, 17], ""pl"": [], ""cfs"": []}",,ok
FPRM,2016,504540.915,294677.925,209862.99,373088.207,89490.384,134494.332,115096.519,,13040.109,45581.132,4344.792,34152.161,,-8697.139,-75614.039,thousands,0.001,,"{""sfp"": [9, 16, 25], ""pl"": [17, 18, 36], ""cfs"": [19]}",,ok
FPRM,2017,465859.778,253252.834,212606.944,348040.978,66711.658,202191.071,,,7180.218,54065.723,,24617.224,,-9321.107,33084.651,thousands,0.001,,"{""sfp"": [16], ""pl"": [17, 18], ""cfs"": [19]}",L2,ok
FPRM,2018,227236.032,108390.167,,141753.393,92633.029,,,,18097.587,,,,,,,thousands,0.001,,"{""sfp"": [], ""pl"": [], ""cfs"": []}",,ok
FPRM,2019,466944.098,251369.936,215574.162,320058.362,115966.875,219160.249,-191480.304,27679.945,12085.098,20002.719,1771.015,18753.478,,-7642.661,-3759.032,thousands,0.001,,"{""sfp"": [19, 20, 24], ""pl"": [21, 22], ""cfs"": [23]}",,ok
FPRM,2020,447274.823,238991.697,208283.126,349137.811,107858.491,185688.035,163510.062,22177.973,6497.384,75552.255,6793.783,17349.264,,-10990.526,76384.128,thousands,0.001,,"{""sfp"": [21], ""pl"": [22, 23], ""cfs"": [24]}",,ok
FPRM,2021,458275.227,247114.968,211160.259,364902.298,126082.536,108353.461,,,7703.08,95126.239,,17196.015,,-12898.205,35820.357,thousands,0.001,,"{""sfp"": [22], ""pl"": [23, 24], ""cfs"": [25]}",,ok
FPRM,2022,466475.5,251563.254,214912.246,363713.823,99165.78,306785.852,280198.87,26586.982,9956.777,78990.927,8680.32,12293.712,,4800.535,6796.285,thousands,0.001,,"{""sfp"": [17], ""pl"": [18, 19], ""cfs"": [20]}",,ok
FPRM,2024,474914.367,224919.519,249994.848,416963.077,95806.885,105151.647,,,28542.477,47115.806,24102.663,13102.42,,,,thousands,0.001,,"{""sfp"": [25], ""pl"": [26, 27, 28], ""cfs"": []}",,ok
FPRM,2025,509281.272,235388.223,273893.049,466202.665,100150.235,,,,,18210.311,12475.079,23281.703,,-109.445,1402.345,thousands,0.001,,"{""sfp"": [28, 33], ""pl"": [], ""cfs"": [30]}",,ok
FRCL,2014,812106.602,340260.016,471846.586,108697.952,233116.176,278787.784,310023.227,-31235.443,55160.984,7785.78,41768.081,701895.2,,,17942.659,thousands,0.001,,,,ok
FRCL,2015,1016670.186,374398.488,642271.698,188587.831,224429.629,371697.299,341448.055,30249.244,18174.735,1352.457,83846.683,826568.905,,,-45903.036,thousands,0.001,,"{""sfp"": [18], ""pl"": [19, 20], ""cfs"": [22]}",,ok
FRCL,2019,1934586.347,807522.054,1127064.293,344563.166,371241.761,781834.83,-764919.649,16915.181,,1499.912,173719.049,,,,,thousands,0.001,,"{""sfp"": [26, 25, 27], ""pl"": [], ""cfs"": []}",,ok
FRCL,2020,2027913.698,,,489397.264,488025.103,1115223.677,-1002502.032,112721.645,,59248.231,,,,,,thousands,0.001,,"{""sfp"": [27, 26, 28], ""pl"": [], ""cfs"": []}",,ok
FRCL,2021,3091707.516,1409695.615,1682011.901,561945.404,710447.962,2828952.434,-2556869.397,272083.037,100692.208,43950.002,173356.475,,3189.224,,,thousands,0.001,,"{""sfp"": [41, 40, 42], ""pl"": [], ""cfs"": []}",L5,review
FRCL,2022,4043364.612,2287808.781,1755555.831,704935.947,1469724.874,3758162.019,3516785.182,241376.837,38504.431,35876.208,298.13,2776401.412,,,942079.417,thousands,0.001,,"{""sfp"": [33, 39], ""pl"": [40, 41], ""cfs"": [43]}",,ok
FRCL,2023,841385000.0,288533000.0,,477396000.0,288533000.0,4115403.0,,,-38697000.0,,,,,,,thousands,1000.0,,"{""sfp"": [10, 9, 11], ""pl"": [10, 9, 11], ""cfs"": []}",L3,ok
FRCL,2024,4367886.99,,1775029.629,1124269.724,1651262.51,3419349.654,-3346762.618,72587.036,38504.0,73148.026,492897.078,2645028.257,,,416975.225,thousands,0.001,,"{""sfp"": [36], ""pl"": [37, 38], ""cfs"": [40]}",L3,ok
FRCL,2025,754525,36725,,403084,36725,4390409.0,,211661,147496.0,,,,,,,thousands,1.0,,"{""sfp"": [11, 10, 12], ""pl"": [11, 10, 12], ""cfs"": []}",L3,ok
FRSM,2014,2870456.249,1566374.329,1304081.92,1272149.528,1123313.563,4555257.069,-4250179.642,305077.427,158171.37,19588.873,822353.667,1032835.239,,-17862.111,148644.177,thousands,0.001,,"{""sfp"": [59], ""pl"": [60, 61], ""cfs"": [63]}",,ok
FRSM,2015,4594874,3049429,1545445,2676338,2523991,2938402,-2615166,323236,309766,,,,,-68769126,-102272967,thousands,1.0,,"{""sfp"": [60, 86], ""pl"": [61, 63, 80, 81], ""cfs"": [83]}",,ok
FRSM,2016,3898000.124,1993667.53,1904332.594,1592115.22,1337251.445,6484885.643,-5844854.32,640031.323,482663.315,443897.567,677017.828,,,,,thousands,0.001,,"{""sfp"": [77, 76, 78], ""pl"": [], ""cfs"": []}",L5,review
FRSM,2018,5773658.944,3736158.151,2037500.793,2852010.869,3023429.613,,-5742988.354,,,94907.701,1295298.83,,,,,thousands,0.001,,"{""sfp"": [81, 80, 82], ""pl"": [], ""cfs"": []}",,ok
FRSM,2019,5636897.579,3316767.152,2320130.427,2467791.051,2660440.695,4619071.612,-4336087.35,282984.262,380445.109,395616.672,1070394.211,1874593.502,,,,thousands,0.001,,"{""sfp"": [], ""pl"": [], ""cfs"": []}",,ok
FRSM,2020,4563154.975,,,1526364.443,1916239.979,,-5482886.163,268543.586,,160261.98,,,,,,thousands,0.001,,"{""sfp"": [79, 78, 80], ""pl"": [], ""cfs"": []}",,ok
FRSM,2021,5699282.473,3943880.765,1755401.708,2416022.019,2766482.772,,-4819903.446,40381.26,,138827.049,1046274.285,2184228.749,,,,thousands,0.001,,"{""sfp"": [61, 60, 62], ""pl"": [], ""cfs"": []}",,ok
FRSM,2022,7277425.502,5496707.942,1780717.56,3279881.429,4230320.306,,-6194843.688,476922.642,,132674.392,2008432.12,,,,,thousands,0.001,,"{""sfp"": [71, 70, 72], ""pl"": [], ""cfs"": []}",,ok
FRSM,2023,7813815.415,4812789.7,3001025.715,2959452.344,3743655.193,,,,,105178.894,1693997.261,2987763.424,,,,thousands,0.001,,"{""sfp"": [71], ""pl"": [], ""cfs"": []}",,ok
FRSM,2024,8928740.273,7520009.59,1408730.683,4586657.702,6773372.951,,,,,97330.221,3063789.15,3051983.067,,,,thousands,0.001,,"{""sfp"": [68], ""pl"": [], ""cfs"": []}",,ok
FRSM,2025,5978580.792,,,1322179.35,3264349.828,,-10912130.722,1054958.58,,137270.147,,,,,,thousands,0.001,,"{""sfp"": [106, 105, 107], ""pl"": [], ""cfs"": []}",,ok
FTMM,2018,12280093.0,,,3748695.0,8170774.0,2720463,-2660226,60237,-296292,589898.0,,,,-117042,-1433428,thousands,1.0,,"{""sfp"": [32, 31, 33], ""pl"": [33, 32, 34], ""cfs"": [35, 34, 36]}",L2,ok
FTMM,2019,13175694.0,,,4481876.0,11180006.0,4569400,-5521841,-952441,-2391792,99596.0,,,,,-2929040,thousands,1.0,,"{""sfp"": [36, 35, 37], ""pl"": [37, 36, 38], ""cfs"": [39, 38, 40]}",,ok
FTMM,2020,11551426,12557803,-1006377,3011539,12494020,4477787,-5314707,-836920,-3049219,169137,1216573,8418377,,,-852422,thousands,1.0,,"{""sfp"": [34, 38], ""pl"": [35, 36], ""cfs"": [37]}",L3;L2,ok
FTMM,2021,11999821,7086421,4913400,3291556,6660016,6094863,-6185007,-90144,-617470,111200,1136376,,,,-506447,thousands,1.0,,"{""sfp"": [33, 32, 34], ""pl"": [34, 33, 35], ""cfs"": [36, 35, 37]}",,ok
FTMM,2022,11579148,7207487,4371661,3126218,6874178,7678361,-7393642,284719,-541738,237036,1164970,,,,-1056974,thousands,1.0,,"{""sfp"": [30, 29, 31], ""pl"": [31, 30, 32], ""cfs"": [33, 32, 34]}",,ok
FTMM,2023,3705756,711907,2993849,2991001,624323,3911423,-3608206,303217,-126388,65313,414991,,,,-983750,thousands,1.0,,"{""sfp"": [31, 30, 32], ""pl"": [32, 31, 33], ""cfs"": [34, 33, 35]}",L5;L5;L2,review
FTMM,2024,3948163,606428,3341735,3107077,535476,4148262,-3786682,361580,266389,,,,,,,thousands,1.0,,"{""sfp"": [32], ""pl"": [33], ""cfs"": [35]}",L5;L5;L5;L5;L5;L5;L2,review
FTMM,2025,3693803,703208,2990595,3412990,703208,3793472,-3449552,343920,117463,469382,366098,,,,268108,thousands,1.0,,"{""sfp"": [34], ""pl"": [35], ""cfs"": [37]}",L5;L5;L5;L5;L5;L5,review
FTSM,2018,212581.192,,208824.993,21487.549,11354.987,18000.0,,,2319.532,230.685,,1321.95,,,-1347.114,thousands,0.001,,"{""sfp"": [15, 16, 21], ""pl"": [17, 19], ""cfs"": [18]}",,ok
FTSM,2019,193093.679,,180115.551,36146.024,15081.238,19943.25,,,-20424.594,6509.83,,59977.862,,-2116.31,-12974.206,thousands,0.001,,"{""sfp"": [9, 15, 16], ""pl"": [17, 19], ""cfs"": [18]}",,ok
FTSM,2020,194181.238,13705.542,180475.696,50858.387,13370.542,26755.135,,,2274.266,1542.701,,54186.052,,,-7177.035,thousands,0.001,,"{""sfp"": [15, 16], ""pl"": [17, 19], ""cfs"": [18]}",,ok
FTSM,2021,211246.005,,,80838.453,17353.117,,,,13489.55,44922.038,,,,,,thousands,0.001,,"{""sfp"": [14, 13, 15], ""pl"": [], ""cfs"": []}",,ok
FTSM,2022,208275.365,,,81439.277,27491.819,,,,408.731,2350.999,,,,,,thousands,0.001,,"{""sfp"": [], ""pl"": [], ""cfs"": []}",,ok
FTSM,2023,559131.399,,,90298.634,24658.339,,,,354.169,7163.72,,,,,,thousands,0.001,{'PAT': 0.001},"{""sfp"": [], ""pl"": [], ""cfs"": []}",L2,ok
FTSM,2024,565306682.0,119505208.0,,71074957.0,96333411.0,34826750.0,,,1661753.0,1609357.0,,,,,,thousands,1.0,,"{""sfp"": [], ""pl"": [], ""cfs"": []}",L3,ok
FTSM,2025,586596073.0,144180337.0,,7610674.0,158445774.0,,,,,2993562.0,,,,,,thousands,1.0,,"{""sfp"": [], ""pl"": [], ""cfs"": []}",,ok
FUDLM,2014,828748.122,250857.349,577890.773,224868.075,86002.722,17951.506,-31983.67,-14032.164,68441.282,122877.035,10396.336,464269.014,,-52413852,85715162,thousands,0.001,,"{""sfp"": [16], ""pl"": [17], ""cfs"": [19, 20]}",,ok
FUDLM,2015,867458.323,236728.346,630729.977,239200.28,90401.302,22645.205,-45157.894,-22512.689,149740.72,93391.827,18952.325,392090.538,,-79159767,7253810,thousands,0.001,,"{""sfp"": [16, 20], ""pl"": [21, 22], ""cfs"": [23, 24]}",,ok
FUDLM,2017,857182.288,136394.234,720788.053,203309.339,117173.378,145421.249,-100463.528,44957.721,32529.712,91589.475,26438.004,310930.722,,,,thousands,0.001,,"{""sfp"": [20, 19, 21], ""pl"": [], ""cfs"": []}",L2,ok
FUDLM,2018,696439.298,108237.099,588202.199,207015.75,97926.623,157790.868,-115804.231,41986.637,-7232.079,55860.22,42598.618,249293.269,,,,thousands,0.001,,"{""sfp"": [20, 19, 21], ""pl"": [], ""cfs"": []}",L2,ok
FUDLM,2019,493557.515,53482.481,440075.035,79777.432,42389.457,,,,-54089.932,34816.921,0.0,125390.748,,,,thousands,0.001,,"{""sfp"": [22, 21, 23], ""pl"": [], ""cfs"": []}",L2,ok
FUDLM,2020,532542.57,50037.114,482505.455,96634.33,42978.594,,,,-2800.625,67000.659,0.0,103237.878,,,,thousands,0.001,,"{""sfp"": [23, 22, 24], ""pl"": [], ""cfs"": []}",L2,ok
FUDLM,2021,795971.855,181540.336,614431.519,344666.725,181540.336,,,,29649.784,109771.934,,25222.491,,,,thousands,0.001,,"{""sfp"": [22, 21, 23], ""pl"": [], ""cfs"": []}",L2,ok
FUDLM,2022,607995.864,55288.816,552707.048,379339.072,55288.816,,,,75923.623,37227.011,,26412.551,,,,thousands,0.001,,"{""sfp"": [24, 23, 25], ""pl"": [], ""cfs"": []}",L2,ok
FUDLM,2023,537330.545,47200.51,490130.036,376248.342,47200.51,,,,-2291.188,59583.194,,29681.466,,,,thousands,0.001,,"{""sfp"": [24, 23, 25], ""pl"": [], ""cfs"": []}",,ok
FZCM,2014,27349115.55,16474487.192,10874628.358,10962206.361,8701528.349,23780218.493,-21360209.825,2420008.668,877861.513,346251.152,5362875.978,13534368.091,,,-1709818.065,thousands,0.001,,"{""sfp"": [24, 25, 138, 143, 161, 170, 184], ""pl"": [26, 27, 164, 166], ""cfs"": [28]}",,ok
FZCM,2015,32705203.185,,,11029240.624,9279819.494,25418990.017,-23009982.011,2409008.006,510512.851,169824.779,4446033.548,17465989.537,,-116362.474,997533.114,thousands,0.001,,"{""sfp"": [25, 26, 43, 50, 75, 188], ""pl"": [27, 28, 84, 174], ""cfs"": [29]}",,ok
FZCM,2017,36200534.438,,,13516113.137,11363840.73,26554951.059,-24772648.614,,,116327.278,6420465.744,,,,,thousands,0.001,,"{""sfp"": [37, 36, 38, 109], ""pl"": [], ""cfs"": []}",,ok
FZCM,2018,43124157.41,23108680.407,,15389258.253,12484697.501,31288368.918,-28263749.232,,,67957.579,8124450.558,,,,,thousands,0.001,,"{""sfp"": [44, 43, 45], ""pl"": [], ""cfs"": []}",,ok
FZCM,2019,49671476.357,,,19622011.98,15798540.946,36341096.535,-31998617.257,,,160566.5,10942040.12,,,,,thousands,0.001,,"{""sfp"": [48, 47, 49], ""pl"": [], ""cfs"": []}",,ok
FZCM,2020,51664848.402,,20842155.71,19743548.212,13900730.893,34416031.375,-30314620.441,4101410.934,400717.725,249601.189,,,,-313591.658,3581110.856,thousands,0.001,,"{""sfp"": [64, 65, 67, 106, 111], ""pl"": [66, 122, 123, 125, 127], ""cfs"": [70, 164]}",,ok
FZCM,2021,67124105.615,32426822.356,34697283.259,22754410.084,14709690.632,52132242.65,-44127252.925,8004989.725,5431756.709,155859.643,15470402.276,38416208.361,,,,thousands,0.001,,"{""sfp"": [], ""pl"": [], ""cfs"": []}",,ok
FZCM,2022,87542902424,,40529294748,38460741742,26614675503,65406262,54238314,11167948,4610255,386199525,26812955712,41518303559,,-297732736,-3447238252,thousands,1.0,,"{""sfp"": [42, 43, 77], ""pl"": [21, 44, 45, 47, 112], ""cfs"": [48]}",L3,ok
FZCM,2023,,,,,,77696979.894,-67610876.404,10086103.49,586094.719,,,,,-298662.571,-1711410.648,thousands,0.001,,"{""sfp"": [40], ""pl"": [41, 42], ""cfs"": [45]}",,ok
FZCM,2024,,,,,,97160875,,,,,,,,,,thousands,1.0,,"{""sfp"": [], ""pl"": [18, 17, 19], ""cfs"": []}",,ok
FZCM,2025,,,,,,,-82305647.102,,,,,,,,,thousands,0.001,,"{""sfp"": [], ""pl"": [], ""cfs"": []}",,ok
GADT,2013,13763802,7595918,6167884,7002605,7049549,18673753,-16406487,2267266,1134825,480240,4149820,,,,,thousands,1.0,,"{""sfp"": [37, 36, 38], ""pl"": [38, 37, 39], ""cfs"": [39, 38, 40]}",,ok
GADT,2014,16105422,9605845,6499577,8717727,8910484,20066084,-18133918,1932166,580799,331879,5699647,,,-291370,-578231,thousands,1.0,,"{""sfp"": [63, 62, 64], ""pl"": [64, 63, 65], ""cfs"": [66, 65, 67]}",,ok
GADT,2015,20548845.0,,,10496486.0,12734414.0,23003447,-21873625,1129822,-392334,506553.0,4895445.0,,,-113032,1503863,thousands,1.0,,"{""sfp"": [73, 72, 74], ""pl"": [74, 73, 75], ""cfs"": [76, 75, 77]}",,ok
GADT,2016,,,,,,21269477,-20543285,726192,-273845,,5148415.0,,,,,thousands,1.0,,"{""sfp"": [43, 42, 44], ""pl"": [44, 43, 45], ""cfs"": [45, 44, 46]}",,ok
GADT,2017,,,,,,23248578,-21910916.0,1337662,806986,,,,,,,thousands,1.0,,"{""sfp"": [41, 40, 42], ""pl"": [42, 41, 43], ""cfs"": [43, 42, 44]}",,review
GADT,2018,,,,,,1084938.0,,,,,,,,,-622796,thousands,1.0,,"{""sfp"": [], ""pl"": [], ""cfs"": [47, 46, 48]}",L3,ok
GADT,2019,,,,,,,,,,,,,,-244803,986064,thousands,1.0,,"{""sfp"": [102, 110], ""pl"": [50, 49, 51], ""cfs"": [56, 55, 57]}",,ok
GADT,2020,30833350,21748992,9084358,17258436,16783097,28986781,-2674549,,45499.0,86120,12914426,,,-236534,-1883820,thousands,1.0,,"{""sfp"": [75, 74, 76], ""pl"": [76, 75, 77], ""cfs"": [57]}",L5,review
GADT,2021,31226196,18616121,12610075,17131011,13070918,41009841,-36034261,4975580,3534101,143166.0,10877270.0,,,,,thousands,1.0,,"{""sfp"": [79, 78, 80], ""pl"": [80, 79, 81], ""cfs"": []}",L5;L5,review
GADT,2022,40823108,22819959,18003149,25126484,17047768,54828147,-46486910,,,159841,18381382,,26392,,,thousands,1.0,,"{""sfp"": [92, 91, 93], ""pl"": [93, 92, 94], ""cfs"": []}",L5;L5,review
GADT,2023,59239224,38548022,20691202,31668602,26512147,57997240,-51829395,6167845,3291867,265177,23408079,,,,,thousands,1.0,,"{""sfp"": [98, 97, 99], ""pl"": [99, 98, 100], ""cfs"": []}",L5;L5,review
GADT,2024,,,,,,72723982,-67706538,5017444,794548,,,22937175,,,,thousands,1.0,,"{""sfp"": [102, 106, 112, 119], ""pl"": [99], ""cfs"": []}",,ok
GADT,2025,,,,,,70979986,-64653932,6326054,2391904,,,,,,,thousands,1.0,,"{""sfp"": [], ""pl"": [93], ""cfs"": []}",,ok
GAIL,2014,423174.651,364612.312,58562.339,359909.816,364612.312,124376.978,116850.937,7526.041,-4043.796,10046.889,87521.496,38254.831,,,1047.544,thousands,0.001,,"{""sfp"": [12], ""pl"": [13, 14], ""cfs"": [15]}",,ok
GAIL,2015,586716.665,219385.942,367330.723,375545.419,219385.942,126664.437,-148293.57,-21629.133,8768.384,4049.564,103107.226,35961.902,,,,thousands,0.001,,"{""sfp"": [13, 16], ""pl"": [14, 15], ""cfs"": []}",L3,ok
GAIL,2017,,,,,,,,,,2055.272,,,,,,thousands,0.001,,"{""sfp"": [], ""pl"": [], ""cfs"": []}",,ok
GAIL,2018,344616.891,263384.293,81232.598,295001.803,263384.293,192227.417,-189865.952,2361.465,-7953.19,3012.603,74343.659,49016.388,,,111934.809,thousands,0.001,,"{""sfp"": [16], ""pl"": [17, 18], ""cfs"": [19]}",,ok
GAIL,2019,291037.799,233292.77,57745.029,244912.776,193792.77,148992.292,-168259.371,-19267.079,-23747.489,2891.719,52233.052,45526.323,,,-440.804,thousands,0.001,,"{""sfp"": [14], ""pl"": [15, 16], ""cfs"": [17]}",,ok
GAIL,2020,233391.665,224830.639,,,,70293.928,-88193.462,,,5193.02,,,,,,thousands,0.001,,"{""sfp"": [15, 14, 16], ""pl"": [], ""cfs"": []}",,ok
GAMON,2014,664940.931,239511.975,425428.956,353255.085,221104.883,320762.027,276355.202,44406.825,3103.456,27171.141,,311685.846,,,,thousands,0.001,,"{""sfp"": [25, 28, 56], ""pl"": [26, 27], ""cfs"": []}",,ok
GAMON,2015,660056.166,230174.657,429881.509,332196.304,212380.195,344643.336,321420.613,23222.723,4108.826,17516.43,49682.029,327859.862,,,-9951.711,thousands,0.001,,"{""sfp"": [23], ""pl"": [24, 25], ""cfs"": [26]}",,ok
GAMON,2016,711575.077,,,336531.845,228696.762,,,,21434.048,38358.351,,,,,,thousands,0.001,,"{""sfp"": [24, 23, 25], ""pl"": [], ""cfs"": []}",,ok
GAMON,2018,796729.603,226824.522,569905.081,309593.763,207753.713,,,,,4150.577,29735.381,,1442.23,,,thousands,0.001,,"{""sfp"": [37, 36, 38], ""pl"": [], ""cfs"": []}",L5,review
GAMON,2019,990407.681,257787.521,732620.16,328029.199,230342.32,201388.164,-179381.701,22006.463,40404.474,1885.836,28580.718,266279.731,,,-2380.34,thousands,0.001,,"{""sfp"": [41], ""pl"": [42, 43], ""cfs"": [44]}",,ok
GAMON,2020,1093719.664,,,356703.982,287205.263,,,,,1204.501,,,,,,thousands,0.001,,"{""sfp"": [42, 41, 43], ""pl"": [], ""cfs"": []}",,ok
GAMON,2021,1056726.6,264371.618,792354.982,292190.226,225018.439,,,,,5643.697,,,,,,thousands,0.001,,"{""sfp"": [41, 40, 42], ""pl"": [], ""cfs"": []}",,ok
GAMON,2022,1047959.021,,,267700.212,225071.61,,,,,1206.292,,,,,,thousands,0.001,,"{""sfp"": [42, 41, 43, 88], ""pl"": [], ""cfs"": []}",,ok
GAMON,2023,1036602.39,,,253919.14,195367.761,,,,,2120.883,,,,,,thousands,0.001,,"{""sfp"": [48, 47, 49, 95], ""pl"": [], ""cfs"": []}",,ok
GAMON,2024,1066905.334,219155.696,847749.638,241042.855,212753.106,,,,7547.0,3101.414,,,,,,thousands,0.001,,"{""sfp"": [42, 41, 43, 90], ""pl"": [], ""cfs"": []}",,ok
GAMON,2025,996860.538,,785149.449,313948.785,197468.24,,,,,1946.26,,,,,,thousands,0.001,,"{""sfp"": [40, 39, 41, 87], ""pl"": [], ""cfs"": []}",,ok
GASF,2014,1756501,89804,1666697,,,,,,,53271,,,,,,thousands,1.0,,"{""sfp"": [19, 18, 20], ""pl"": [], ""cfs"": []}",,ok
GASF,2015,1858589,113783,1744806,,,634899,,,564823,107418,,,,,,thousands,1.0,,"{""sfp"": [20, 23, 38], ""pl"": [21], ""cfs"": []}",,ok
GASF,2016,1830244,115929,1714315,,,213844,,,159632,72279,,,,-188272,153133,thousands,1.0,,"{""sfp"": [19], ""pl"": [20, 21], ""cfs"": [23]}",,ok
GATI,2014,6791804,3014948,3776856,4394362,2614420,11763699,11183064,580635,145756,103971,2315281,1797791,,-248225,14516,thousands,1.0,,"{""sfp"": [34, 115], ""pl"": [35, 36, 106], ""cfs"": [37]}",,ok
GATI,2015,,,,,,10275281,,,-269065,,,,,,,thousands,1.0,,"{""sfp"": [69, 108], ""pl"": [70, 107], ""cfs"": [72, 106]}",,ok
GATI,2017,7543783,4172245,3371538,4921715,3655306,12325651.0,12063707.0,,,32501,2196552,,,-15973,-615541,thousands,1.0,,"{""sfp"": [34, 33, 35], ""pl"": [35, 34, 36], ""cfs"": [37, 36, 38]}",,ok
GATI,2018,7502407,3229038,4273369,5059281,2891778,13006437,11759047,1247390.0,,47399.0,,,,-76450,1583779,thousands,1.0,,"{""sfp"": [47, 46, 48, 153], ""pl"": [48, 47, 49], ""cfs"": [50, 49, 51]}",,ok
GATI,2019,8750043.0,,,5784987.0,2946343.0,17707325.0,16051671.0,1655654.0,,70317.0,,,,-752544,202900,thousands,1.0,,"{""sfp"": [45, 44, 46, 109], ""pl"": [46, 45, 47, 110], ""cfs"": [49, 48, 50, 113]}",,ok
GATI,2020,10285279.0,,,5816172.0,3362395.0,12938377.0,11993325.0,945052.0,,64157.0,,,,-1049872,-185075,thousands,1.0,,"{""sfp"": [54, 53, 55, 124], ""pl"": [55, 54, 56, 127], ""cfs"": [58, 57, 59, 149]}",,ok
GATI,2021,14860320.0,,,8272998.0,5562385.0,16557561,14690786,1866775,1065724,103257.0,,,112875,,-777456,thousands,1.0,,"{""sfp"": [51, 50, 52, 112], ""pl"": [52, 51, 53, 113], ""cfs"": [55, 54, 56, 116]}",L2.5,review
GATI,2022,23671263,15899822,7771441,13366480,9407985,23959654,20783268,3176386,1827244,132735,6318100,,,,-404935,thousands,1.0,,"{""sfp"": [56, 55, 57, 164], ""pl"": [57, 56, 58, 165], ""cfs"": [60, 59, 61]}",,ok
GATI,2023,37576814,29716747,7860067,19999229,19864692,27383780,25930150,1453630,205300,336613,11386739,,1072313,-94618,-134434,thousands,1.0,,"{""sfp"": [59, 58, 60, 138], ""pl"": [60, 59, 61, 166], ""cfs"": [63, 62, 64, 168]}",,ok
GATI,2024,34588886.0,,,14828818.0,11346019.0,34013581,31926722,2086859,1827244.0,297008.0,,,,-12836,1216864,thousands,1.0,,"{""sfp"": [55, 54, 56, 188], ""pl"": [56, 55, 57, 191], ""cfs"": [59, 58, 60, 192]}",,ok
GATI,2025,34236877,,11372589,15104844,13938826,26328040,25442226,885814,205300.0,119941,7313274,18448334,,,-1515584,thousands,1.0,,"{""sfp"": [33, 67, 81], ""pl"": [68, 69], ""cfs"": [71]}",,ok
GATM,2013,24277207,,,15895904,15005632.0,33012724,27036675,5976049,1234798,114954,11914365,,,,,thousands,1.0,,"{""sfp"": [49, 48, 50, 154, 155], ""pl"": [51, 50, 52], ""cfs"": []}",,ok
GATM,2014,24943347,17773875,7169472,15728300.0,14971853,,,,,,,,,,,thousands,1.0,,"{""sfp"": [64, 124], ""pl"": [], ""cfs"": []}",,ok
GATM,2015,32169263,,,19869536,,32274556,24968291,7306265,1141430,307777,13854292,12050465,,-789492,-2085122,thousands,1.0,,"{""sfp"": [90, 96], ""pl"": [91], ""cfs"": [27, 93, 94]}",,ok
GATM,2016,32169263,23451024,8718239,19869536,18475363,32274556,24968291,7306265,1141430,307777,13854292,12050465,,-789492,-2085122,thousands,1.0,,"{""sfp"": [90, 91], ""pl"": [92, 93], ""cfs"": [94, 95]}",L3,ok
GATM,2017,6754168,30411040,,,,,,,,519077,,,,,,thousands,1.0,,"{""sfp"": [178, 237, 279, 280], ""pl"": [], ""cfs"": []}",,ok
GATM,2018,,,,,,,,,,519077,,,,,,thousands,1.0,,"{""sfp"": [237, 257, 279, 280], ""pl"": [], ""cfs"": []}",,ok
GATM,2019,54452207,39118994,15333213,34921711,30104046,57287837,45305673,11982164,3609220,491984,21369532,18994305,,-884374,160090,thousands,1.0,,"{""sfp"": [51], ""pl"": [52], ""cfs"": [53]}",,ok
GATM,2020,,,,,,54416000,,,,,,,,,,thousands,1.0,,"{""sfp"": [], ""pl"": [19], ""cfs"": []}",,ok
GATM,2021,,,,,,,,,,673958,,,,,,thousands,1.0,,"{""sfp"": [64, 67, 83, 107, 110, 126, 128], ""pl"": [], ""cfs"": []}",L2,ok
GATM,2022,114642801,,,64555998,56185077.0,100256957,82889287,17367670,8861647,1790621,33361826,,,-287289,3511624,thousands,1.0,,"{""sfp"": [108, 107, 109], ""pl"": [110, 109, 111], ""cfs"": [112, 111, 113]}",,ok
GATM,2023,,,,,,111967612,-95288630,16678982,3986019,,,,,,16269026,thousands,1.0,,"{""sfp"": [67, 123, 127], ""pl"": [68, 112, 113], ""cfs"": [69, 68, 70, 111]}",,ok
GATM,2024,,,,82664413.0,76544984.0,,,,4727802,,49014078.0,,,,,thousands,1.0,,"{""sfp"": [54, 53, 55], ""pl"": [54, 53, 55], ""cfs"": []}",,ok
GATM,2025,151094849,,,96385833.0,85582639.0,,-138926298.0,,4022774,,60911875.0,,,,,thousands,1.0,,"{""sfp"": [55, 54, 56, 100], ""pl"": [55, 54, 56], ""cfs"": []}",,ok
GFIL,2013,,,,3359.602,1792.268,,,,,,,,,,,thousands,0.001,,"{""sfp"": [], ""pl"": [], ""cfs"": []}",,ok
GFIL,2014,,,,3906.118,2218.399,,,,,,,,,,,thousands,0.001,,"{""sfp"": [], ""pl"": [], ""cfs"": []}",,ok
GFIL,2015,,,,3319.826,1854.574,,,,,,,,,,,thousands,0.001,,"{""sfp"": [], ""pl"": [], ""cfs"": []}",,ok
GFIL,2016,,,,2665.896,1508.956,4819931.739,,,,,,,,,,thousands,0.001,,"{""sfp"": [], ""pl"": [], ""cfs"": []}",,ok
GFIL,2017,,,,2684.077,1344.014,4255.717,,,,,,,,,,thousands,0.001,,"{""sfp"": [], ""pl"": [], ""cfs"": []}",L3,ok
GFIL,2018,,,,1172988.89,3806.511,,,,,30450.406,,,,,,thousands,0.001,,"{""sfp"": [16, 15, 17], ""pl"": [16], ""cfs"": []}",,ok
GFIL,2019,,,,,,,5033.977,384.809,,,,,,,,thousands,0.001,,"{""sfp"": [10, 9, 11], ""pl"": [10, 9, 11], ""cfs"": []}",,ok
GFIL,2020,2976359.864,1840690.785,1135669.079,1641787.614,1543660.172,4703859.321,4566155.085,137704.236,-223594.541,8591.309,990237.892,1321560.556,,,42816.834,thousands,0.001,,"{""sfp"": [32], ""pl"": [33, 34], ""cfs"": [35]}",,ok
GFIL,2021,2823938.753,1373736.287,1450202.466,1505434.398,1203999.383,6340313.774,5790439.214,549874.56,196556.05,18532.458,698179.575,1233010.281,,,361653.486,thousands,0.001,,"{""sfp"": [33], ""pl"": [34, 35], ""cfs"": [36]}",,ok
GFIL,2022,3455011.931,1801663.035,1653348.896,2157934.085,1735437.457,8633337.465,8247787.341,385550.124,7624.283,5314.451,1049716.571,1249993.307,,,-263951.414,thousands,0.001,,"{""sfp"": [34, 38], ""pl"": [35], ""cfs"": [37]}",,ok
GFIL,2023,2618221.875,943605.473,1674616.402,1414331.782,931474.867,4285864.399,4421446.759,-135582.36,-451258.696,6085.925,633399.506,1190878.399,,-113.178,-14099.949,thousands,0.001,,"{""sfp"": [36, 39], ""pl"": [37, 38], ""cfs"": [40]}",L2,ok
GFIL,2024,4975985.17,,4485344.353,786286.685,490.469,4422588.766,-4831465.986,-408877.22,-666311.839,10205.148,,,,,,thousands,0.001,,"{""sfp"": [34, 33, 35], ""pl"": [], ""cfs"": []}",L5,review
GFIL,2025,4645723.978,,4590572.954,464847.839,92192.252,594031.456,-883087.656,-289056.2,7624.0,9713.951,,,,,,thousands,0.001,,"{""sfp"": [36, 35, 37], ""pl"": [], ""cfs"": []}",L3,ok
GGGL,2014,5952.758,,205.928,5952.758,236.83,,,,-47.937,122.49,,,,,-367.929,thousands,0.001,,"{""sfp"": [18], ""pl"": [19, 20], ""cfs"": [22]}",,ok
GGGL,2015,1231112.029,740544.645,490567.384,124602.674,141673.885,,,,1475.041,6813.728,14119.916,1078046.249,,,-15841.427,thousands,0.001,,"{""sfp"": [40], ""pl"": [41, 42], ""cfs"": [44]}",L3,ok
GGGL,2017,2182182.705,1013895.741,1168266.964,738147.677,697786.52,330008.178,-317104.089,12904.089,-115925.32,68123.956,322545.365,1417453.106,,,-327436.897,thousands,0.001,,"{""sfp"": [46, 51], ""pl"": [47, 49, 85], ""cfs"": [48, 67]}",,ok
GGGL,2018,2476106.099,1041269.648,1434836.451,906456.147,816355.44,496002.081,-486735.696,,-122930.513,72679.861,416361.684,,,,,thousands,0.001,,"{""sfp"": [36, 35, 37], ""pl"": [], ""cfs"": []}",,ok
GGGL,2019,2452740.238,1133550.747,1319189.491,897043.097,871387.391,792024.27,739850.786,52173.484,-147598.784,60349.591,264374.474,1531018.169,,,-70530.142,thousands,0.001,,"{""sfp"": [45, 48], ""pl"": [46, 47], ""cfs"": [49]}",,ok
GGGL,2020,2434810.903,1062444.442,1372366.461,915764.749,774447.164,1297084.516,-1009798.462,,,64426.67,277070.763,,,,,thousands,0.001,,"{""sfp"": [43, 42, 44], ""pl"": [], ""cfs"": []}",,ok
GGGL,2021,3144906.118,,2271595.757,1332949.768,563360.663,1645391.486,-973949.985,,,166616.831,,,,,,thousands,0.001,,"{""sfp"": [50, 49, 51], ""pl"": [], ""cfs"": []}",,ok
GGGL,2022,4086813.227,1765047.951,2321765.276,1452403.701,1277429.416,1505037.216,-1085068.403,,,49989.877,514609.758,,,,,thousands,0.001,,"{""sfp"": [55, 54, 56], ""pl"": [], ""cfs"": []}",,ok
GGGL,2023,4703914.662,2280271.721,2423642.941,2139475.841,1852923.869,2070887.334,-1530236.224,,,132077.349,844969.855,,,,,thousands,0.001,,"{""sfp"": [47, 46, 48], ""pl"": [], ""cfs"": []}",,ok
GGGL,2024,5218950.462,2650489.483,2568460.979,2662066.521,2292070.554,2439728.325,-1889830.087,,,93259.723,1085959.141,,,,,thousands,0.001,,"{""sfp"": [48, 47, 49], ""pl"": [], ""cfs"": []}",,ok
GGGL,2025,6206159.634,3345977.761,2860181.873,3085166.223,2796795.667,2931917.693,-2176455.149,,,170215.104,,,,,,thousands,0.001,,"{""sfp"": [49, 48, 50], ""pl"": [], ""cfs"": []}",L5,review
GGL,2013,2547890,1620586,927304,898157,462651,1217455,826848,390607,151906,242824,13752,1569934,,-34115,-282401,thousands,1.0,,"{""sfp"": [50], ""pl"": [51, 52], ""cfs"": [54]}",,ok
GGL,2014,,,,,,1347426,1020109,327317,73138,,,,,,,thousands,1.0,,"{""sfp"": [], ""pl"": [23], ""cfs"": []}",,ok
GGL,2015,3643043,2528670,1114373,963017,821671,1720131,-1150207,569924,158496,226739,36206,2566672,,-19110,20103,thousands,1.0,,"{""sfp"": [63, 67], ""pl"": [68, 69], ""cfs"": [71]}",,ok
GGL,2016,4901823,2188410,2713413,2070629,1534421,1766743,-1191108,575635,161981,1089641,26282,2529455,,-98944,299270,thousands,1.0,,"{""sfp"": [48], ""pl"": [49, 50], ""cfs"": [52]}",,ok
GGL,2017,4964995,1977179,2987816,3589934,655173,1804472,1235838,568634,137103,234156,37740,2939108,,,-73860,thousands,1.0,,"{""sfp"": [47, 54, 103], ""pl"": [48, 49, 71, 72, 111], ""cfs"": [51, 73, 112, 113]}",L2,ok
GGL,2018,5327177,2588706,2738471,1606976,1426491,2048597,-1409899,638698,157705,173762,94343,,,,,thousands,1.0,,"{""sfp"": [39, 38, 40, 91, 112, 118, 120, 122, 123], ""pl"": [40, 39, 41, 124, 125], ""cfs"": [43, 42, 44]}",L5,review
GGL,2019,2781310,,2779507,1606976,,,,,,173762,94343,3044313,,,,thousands,1.0,,"{""sfp"": [40, 46], ""pl"": [41, 42], ""cfs"": [44]}",,ok
GGL,2020,2782822.0,,,,,10050,-10050,,,,,,,,,thousands,1.0,,"{""sfp"": [42, 41, 43, 71], ""pl"": [43, 42, 44], ""cfs"": [46, 45, 47, 74]}",L2.5;L2.5;L2,review
GGL,2021,3776466,16241,3760225,295255,16241,,,,-31745,,98115.0,,,,,thousands,1.0,,"{""sfp"": [46, 45, 47, 71], ""pl"": [47, 46, 48, 72], ""cfs"": [49, 48, 50, 74]}",,ok
GGL,2023,3802685,15661,3787024,221474,15661,140266,-117045,23221,16323,17856,86087,,,,,thousands,1.0,,"{""sfp"": [44, 43, 45, 68], ""pl"": [45, 44, 46, 69], ""cfs"": [47, 46, 48, 72]}",L5;L5;L2,review
GGL,2024,3938108.0,126758.0,,356897.0,126758.0,170802,-157445,13357,24326,21095.0,97068.0,,,,,thousands,1.0,,"{""sfp"": [46, 45, 47, 75], ""pl"": [47, 46, 48, 76], ""cfs"": [49, 48, 50, 79]}",L5;L2,review
GGL,2025,24879726,9756597,15123129,8676516,6140658,95652.0,-6168186,,,941596,1402559,,,,,thousands,1.0,,"{""sfp"": [86, 85, 87], ""pl"": [87, 86, 88], ""cfs"": [90, 89, 91]}",L5;L3,review
GHGL,2015,,,,,,11260189.883,-8024067.984,3236121.899,1586758.278,,,,,-245620.858,3125342.893,thousands,0.001,,"{""sfp"": [34], ""pl"": [35], ""cfs"": [38]}",,ok
GHGL,2018,,,,,,,,,,,,,,-1780332.921,3911715.907,thousands,0.001,,"{""sfp"": [], ""pl"": [28], ""cfs"": [44]}",,ok
GHGL,2019,22815137.162,,15576209.686,9227859.516,5880523.758,17248127.446,-12869809.062,4378318.384,3143519.736,725982.64,3704064.023,12220358.482,,-2254097.433,2001523.582,thousands,0.001,,"{""sfp"": [38], ""pl"": [39], ""cfs"": [42]}",L5;L5;L5,review
GHGL,2020,,,,11.106,,,,,,,,,,,,thousands,0.001,,"{""sfp"": [], ""pl"": [], ""cfs"": []}",,ok
GHGL,2021,26561704.339,9462051.75,17099652.589,9884624.328,7365367.935,21470563.224,-16618986.147,4851577.077,3215650.834,3043589.062,2685888.455,15237210.076,,-6210604.564,9680529.922,thousands,0.001,,"{""sfp"": [39], ""pl"": [40, 41], ""cfs"": [43]}",L5;L5;L5,review
GHGL,2022,,,,,,30827262.098,-21811719.265,9015542.833,6044859.288,,,,,-2937516.703,4088848.964,thousands,0.001,,"{""sfp"": [39], ""pl"": [40, 41], ""cfs"": [43, 44]}",,ok
GHGL,2023,43.141,,,,,,,,,,,,,,,thousands,0.001,,"{""sfp"": [], ""pl"": [], ""cfs"": []}",,ok
GHGL,2024,49563468.711,15611488.202,33951980.509,28497433.496,13272299.48,,-34656983.072,13133471.474,,1591609.097,16127175.339,,,,,thousands,0.001,,"{""sfp"": [40, 39, 41], ""pl"": [], ""cfs"": []}",L3,ok
GHGL,2025,52436257.665,13541644.033,38894613.632,30501097.899,11357777.96,,-33309083.408,12473959.333,,3766863.005,13543458.777,,22996.518,,,thousands,0.001,,"{""sfp"": [42, 41, 43], ""pl"": [], ""cfs"": []}",,ok
GHNI,2013,4136320.0,,,2335346.0,2076963.0,2812958,-2328334,484624,127736,1174247,1355715.0,,,,,thousands,1.0,,"{""sfp"": [19, 20], ""pl"": [19, 18, 20], ""cfs"": [20, 19, 21]}",L5;L2,review
GHNI,2014,3719025.0,,,1927344.0,1666008.0,2466127,-2165431,300696,24068,34597.0,1055872.0,,,,,thousands,1.0,,"{""sfp"": [18, 17, 19], ""pl"": [19, 18, 20], ""cfs"": [20, 19, 21]}",,ok
GHNI,2015,3347427.0,,,1577926.0,1009402.0,3293329,-2603405,689924,223790,135710.0,612623.0,,,,,thousands,1.0,,"{""sfp"": [20, 19, 21], ""pl"": [21, 20, 22], ""cfs"": [22, 21, 23]}",,ok
GHNI,2016,5160199.0,2051646.0,,3114021.0,1925950.0,5825579.0,-4278941.0,,,585735.0,1623753.0,,,,,thousands,1.0,,"{""sfp"": [42, 41, 43], ""pl"": [], ""cfs"": []}",,ok
GHNI,2017,8594804.0,4904636.0,,6446030.0,4839458.0,10740631,-8537668,2202963,796013,805135.0,3779300.0,,,,,thousands,1.0,,"{""sfp"": [51, 50, 52], ""pl"": [52, 51, 53], ""cfs"": [53, 52, 54]}",,ok
GHNI,2018,12034209,7310080,4724129,9463476,7184529,16800000,,,,497261,6888220,2463605,,,,thousands,1.0,,"{""sfp"": [21, 35], ""pl"": [37], ""cfs"": []}",,ok
GHNI,2019,15922702,11274318.0,4648384.0,12949157,11189769.0,13909913.0,-12308321,1601592,59948,500441,10359425,,,-300324,-2138425,thousands,1.0,,"{""sfp"": [78, 77, 79, 125, 126], ""pl"": [79, 78, 80, 127], ""cfs"": [81, 80, 82, 129]}",,ok
GHNI,2020,18929454,13854795,5074659,14357634,13751331,11788254.0,-11095490,692764,,340906,7547063,,78959,,-302435,thousands,1.0,,"{""sfp"": [67, 66, 68, 110, 111], ""pl"": [68, 67, 69, 112], ""cfs"": [70, 69, 71, 114]}",,ok
GHNI,2021,14904538,9229587,5674951,10368105,9058691,14999493,-12924428,2075065,604213,731461,6431131,,,,3919646,thousands,1.0,,"{""sfp"": [69, 68, 70, 127, 136], ""pl"": [70, 69, 71, 137], ""cfs"": [72, 71, 73]}",,ok
GHNI,2022,17633921,11245031.0,6388890.0,13237213,11109586.0,24265107.0,-21307454.0,2957653.0,728500,682250,7297387,,,,-1384139,thousands,1.0,,"{""sfp"": [79, 78, 80, 126, 127], ""pl"": [80, 79, 81, 128], ""cfs"": [82, 81, 83, 130]}",,ok
GHNI,2023,16495195,8273060,8222135,10428634,8091905,14542578,-12241703,2300875,179424,395629,5391447,,,,916319,thousands,1.0,,"{""sfp"": [78, 77, 79], ""pl"": [79, 78, 80], ""cfs"": [81, 80, 82]}",,ok
GHNI,2024,18057049,9072797,8984252,11970084,8914059,14666195,-11796909,2869286,781412,2322447,5807572,,78959,,3808929,thousands,1.0,,"{""sfp"": [78, 77, 79], ""pl"": [79, 78, 80], ""cfs"": [81, 80, 82]}",,ok
GHNI,2025,29275270,15723371.0,13551899.0,22410802,16930714.0,37462866.0,-28372041.0,9090825.0,4583655.0,1217156,7755490,,,,,thousands,1.0,,"{""sfp"": [116, 115, 117], ""pl"": [], ""cfs"": []}",,ok
GHNL,2013,2547105,872785,1674320,791940,771929,1852238,-1626373,225865,38385,52528,295470,1326108,,,344712,thousands,1.0,,"{""sfp"": [17], ""pl"": [18], ""cfs"": [19]}",,ok
GHNL,2014,3434954,1556366,1878588,1505273,1280915,2619910,-2148821,471089,173930,148618,692474,1764038,,,12882,thousands,1.0,,"{""sfp"": [13, 16], ""pl"": [14], ""cfs"": [15]}",,ok
GHNL,2015,3571264,1248858,2322406,1606151,813314,5445392,-4314378,1131014,508867,328915,623847,1749285,,-88834,673133,thousands,1.0,,"{""sfp"": [12, 15], ""pl"": [16], ""cfs"": [17]}",L2,ok
GHNL,2016,4081090,1462210,2618880,1480807,1139845,5005148,-3912947,1092201,546263,375408,604689,,,,,thousands,1.0,,"{""sfp"": [25, 24, 26, 75], ""pl"": [26, 25, 27, 76], ""cfs"": [27, 26, 28, 77]}",L5;L5;L2,review
GHNL,2018,5825353,1157472,4667881.0,2892052.0,835713.0,2218734,-1785430,433304,1037521,,738323.0,,,,,thousands,1.0,,"{""sfp"": [49, 48, 50], ""pl"": [50, 49, 51], ""cfs"": [51, 50, 52]}",,ok
GHNL,2019,7097988,1014023,6083965,2285843,606333,2373750,-2053661,320089,,150109,1069654,,,,-1049130,thousands,1.0,,"{""sfp"": [36, 35, 37, 96], ""pl"": [37, 36, 38, 97], ""cfs"": [39, 38, 40, 99]}",L5,review
GHNL,2020,6901852,1023212.0,,1980518,554526.0,1663080,-1658058,,-206623,311091,902496,,,-122949,-99590,thousands,1.0,,"{""sfp"": [44, 43, 45, 105, 106], ""pl"": [45, 44, 46, 107], ""cfs"": [47, 46, 48, 109]}",L5,review
GHNL,2021,7300478,1292862.0,6007616.0,2427627,858049.0,3225727,-2879812,345915,130752,1029202,687788,,,,602384,thousands,1.0,,"{""sfp"": [35, 34, 36], ""pl"": [36, 35, 37], ""cfs"": [38, 37, 39]}",,ok
GHNL,2022,13198123,7101502,6096621,6721229,5735517,5359062,-4946808,412254,101155,2119985,2731376,,,,2261185,thousands,1.0,,"{""sfp"": [43, 42, 44, 117, 123, 124, 125, 126, 136], ""pl"": [44, 43, 45], ""cfs"": [46, 45, 47]}",,ok
GLAXO,2013,17938810,6589497,11349313,10922720,5726508,25230878,-19007165,6223713,1062263,1872999,6271405,,,,,thousands,1.0,,"{""sfp"": [61, 60, 62], ""pl"": [62, 61, 63], ""cfs"": [63, 62, 64]}",,ok
GLAXO,2014,19100878,7155775,11945103,11378061,6180168,27882887,-20537116,7345771,1687071,2060444,6308061,,,,,thousands,1.0,,"{""sfp"": [69, 68, 70], ""pl"": [70, 69, 71], ""cfs"": [71, 70, 72]}",,ok
GLAXO,2015,20120182,7049971,13070211,10266081,5442700,23821926.0,-17397755.0,6424171.0,,2946612,4707918,,,-1805288,3043971,thousands,1.0,,"{""sfp"": [75, 74, 76], ""pl"": [76, 75, 77], ""cfs"": [77, 76, 78, 66]}",L5;L5,review
GLAXO,2016,21165107,7622322,13542785,11452229,6831225,27563533,-20099062,7464471,2762185,3515638,5548083,8318434,,1196529,4255524,thousands,1.0,,"{""sfp"": [75, 74, 76], ""pl"": [76, 75, 77], ""cfs"": [77, 76, 78, 66]}",,ok
GLAXO,2017,21873932,8412075,13461857,11701900,7581158,32773770.0,-24095384.0,8678386.0,,1818900,6082218,,,,,thousands,1.0,,"{""sfp"": [87, 86, 88], ""pl"": [88, 87, 89], ""cfs"": []}",L5,review
GLAXO,2018,22176347,6756897,15419450,12074025,5770211,34006840,-25593240,8413600,3257951,3185011,5944050,,,-1256854,3001028,thousands,1.0,,"{""sfp"": [92, 91, 93], ""pl"": [93, 92, 94], ""cfs"": [95, 94, 96, 79]}",L5;L5,review
GLAXO,2019,23219102.0,7081706.0,,12572080.0,6164765.0,36581749,-28870246,7711503,3041123,2347033.0,6070253.0,,,-2219716,2565902,thousands,1.0,,"{""sfp"": [99, 98, 100], ""pl"": [100, 99, 101], ""cfs"": [102, 101, 103, 88]}",,ok
GLAXO,2020,26071996,8593732,17478264,14967419,7402365,35090112,-27555732,7534380,3375240,5604548,5743505,,,-1891561,6294855,thousands,1.0,,"{""sfp"": [118, 117, 119], ""pl"": [119, 118, 120], ""cfs"": [121, 120, 122, 106]}",,ok
GLAXO,2021,30455311,9468646,20986665,18969163,833041,36660772,-26923923,9736849,,7085344.0,6505401.0,,,-2061811,4987106,thousands,1.0,,"{""sfp"": [148, 147, 149], ""pl"": [149, 148, 150], ""cfs"": [151, 150, 152]}",L5,review
GLAXO,2022,35541907,14488800,21053107,23503252,12908571,41841585,-34559889,7281696,2462892,4754525,9545315,,,-375031,-3161166,thousands,1.0,,"{""sfp"": [158, 157, 159], ""pl"": [159, 158, 160], ""cfs"": [161, 160, 162]}",L5,review
GLAXO,2023,,,21675841,,,,,,,3037824,,,,,,thousands,1.0,,"{""sfp"": [51], ""pl"": [51], ""cfs"": [52]}",L2,ok
GLAXO,2024,45055459,16778918,28276541,30698464,14932619,61187501,-45799654,15387847,6536047,6513447,11190173,,,,5057633,thousands,1.0,,"{""sfp"": [97, 96, 98], ""pl"": [98, 97, 99], ""cfs"": [100, 99, 101, 86]}",,ok
GLAXO,2025,50683502,17008869,33674633,35156044,15133866,65900901,-41516641,24384260,10025315,8592146,12774424,,,-4741910,8663814,thousands,1.0,,"{""sfp"": [97, 96, 98], ""pl"": [98, 97, 99], ""cfs"": [100, 99, 101, 86]}",,ok
GLPL,2013,1217937,538202,679735,1217499,536655,1769225,-1143145,626080,253413,149071,450545,,,,199906,thousands,1.0,,"{""sfp"": [14, 18], ""pl"": [15, 16], ""cfs"": [17]}",,ok
GLPL,2014,1384770,,719861,1384154,661088,2060302,-1600903,459399,57711,176559,596236,,,,,thousands,1.0,,"{""sfp"": [15, 18], ""pl"": [16], ""cfs"": []}",,ok
GLPL,2015,1598047,759948,838099,1597431,755588,2079790,-1551442,528348,116597,166576,650445,,,,,thousands,1.0,,"{""sfp"": [15], ""pl"": [16, 17, 18], ""cfs"": []}",,ok
GLPL,2016,1066052,,716585,1065436,343387,1902154,-1482919,419235,-29323,13920,565767,,,-82841,-337658,thousands,1.0,,"{""sfp"": [16, 20], ""pl"": [17, 18], ""cfs"": [19]}",,ok
GLPL,2017,1431833,,521946,1431217,900721,1834575,-1506003,328572,-193462,13864,582269,,,,-103500,thousands,1.0,,"{""sfp"": [18], ""pl"": [3, 19], ""cfs"": [21]}",,ok
GLPL,2018,,,,,,1828717,-1233559,595158,,,,,,-12858,-235824,thousands,1.0,,"{""sfp"": [25], ""pl"": [8, 26, 27], ""cfs"": [28, 27, 29]}",,ok
GLPL,2019,,,,,,1962721,-1310766,651955,164393,,,,,,,thousands,1.0,,"{""sfp"": [25], ""pl"": [7, 26], ""cfs"": []}",,ok
GLPL,2020,1462583.0,,,1429724.0,634217.0,1971294,1313194,658100,222124,,511860.0,,,-57811,-64582,thousands,1.0,,"{""sfp"": [26], ""pl"": [6], ""cfs"": [27, 26, 28]}",,ok
GLPL,2021,,,,,,2162727,-1725063,437664,38383,,,,,,,thousands,1.0,,"{""sfp"": [25, 27], ""pl"": [6], ""cfs"": [27, 26, 28]}",,ok
GLPL,2022,,,,,,,,,,,,,,,-650039,thousands,1.0,,"{""sfp"": [9, 8, 10], ""pl"": [9, 8, 10], ""cfs"": [27, 26, 28]}",,ok
GLPL,2023,3094529,2082576,1011953,2924117,2057419,3024531,-1434536,1589995,113899,1482955,1035163,,,-12229,773722,thousands,1.0,,"{""sfp"": [24], ""pl"": [6, 25], ""cfs"": [27, 26, 28]}",,ok
GLPL,2024,,,,,,,,,,,,,,,-1516521,thousands,1.0,,"{""sfp"": [25], ""pl"": [9, 8, 10], ""cfs"": [27, 26, 28]}",,ok
GLPL,2025,1598830,501994,1096836,1442316,471624,1719851,-1379477,340374,101203.0,96230,599677,134958,,,,thousands,1.0,,"{""sfp"": [24], ""pl"": [6, 25], ""cfs"": [27, 26, 28]}",,ok
GOC,2014,239348.75,41813.012,197535.738,168329.949,41813.012,229163.188,-161980.239,67182.949,13275.315,10355.411,101278.533,42093.546,,,,thousands,0.001,,"{""sfp"": [17, 18], ""pl"": [14, 19, 20], ""cfs"": []}",,ok
GOC,2017,295753.246,41967.22,253786.026,221078.684,41967.22,214442.066,-150304.237,64137.829,11826.78,24006.835,119893.6,,,,,thousands,0.001,,"{""sfp"": [28, 27, 29], ""pl"": [], ""cfs"": []}",,ok
GOC,2018,326875.116,51664.639,275210.477,241790.351,51664.639,239095.341,-157763.537,81331.804,26299.679,58260.424,126212.32,,,,,thousands,0.001,,"{""sfp"": [26, 25, 27], ""pl"": [], ""cfs"": []}",,ok
GOC,2019,382809.697,43503.31,339306.387,289268.907,43503.31,305077.473,-192917.523,112159.95,71531.377,39028.535,142849.388,,,,,thousands,0.001,,"{""sfp"": [26, 25, 27], ""pl"": [], ""cfs"": []}",,ok
GOC,2020,397910.434,54401.888,343508.546,292586.18,54401.888,256996.458,-171261.184,85735.274,18879.446,47819.533,139420.186,,,,,thousands,0.001,,"{""sfp"": [26, 25, 27], ""pl"": [], ""cfs"": []}",,ok
GOC,2021,382001.293,40030.475,341970.818,273150.297,40030.475,204577.818,-142317.583,62260.235,5724.405,49698.35,137356.988,,,,,thousands,0.001,,"{""sfp"": [26, 25, 27], ""pl"": [], ""cfs"": []}",,ok
GOC,2022,486248.841,46993.295,439255.546,385576.525,46993.295,238127.624,-156985.669,81141.955,97360.658,99110.784,234637.022,,1078.502,,,thousands,0.001,,"{""sfp"": [26, 25, 27], ""pl"": [], ""cfs"": []}",,ok
GOC,2023,643351.657,58068.422,585283.235,459171.963,58068.422,691435.578,-437666.356,253769.222,153755.162,24959.459,201522.894,,,,,thousands,0.001,,"{""sfp"": [28, 27, 29], ""pl"": [], ""cfs"": []}",,ok
GOC,2024,754942.343,88937.895,666004.448,557948.181,88937.895,578667.0,-364393.482,214273.518,98849.898,60585.088,220944.277,,,,,thousands,0.001,,"{""sfp"": [26, 25, 27], ""pl"": [], ""cfs"": []}",,ok
GOC,2025,769861.285,92591.617,677269.668,587428.326,92591.617,472315.817,-309259.661,163056.156,25831.843,91476.675,292128.044,,,,,thousands,0.001,,"{""sfp"": [28, 27, 29], ""pl"": [], ""cfs"": []}",,ok
GRYL,2014,223852.83,148692.842,75139.988,,,10245.467,,,-1075.26,1859.224,,2110.811,,,-744.986,thousands,0.001,,"{""sfp"": [12], ""pl"": [13, 14], ""cfs"": [15]}",,ok
GRYL,2015,234461.397,159212.945,75248.452,,,10986.173,,,101.771,11466.6,,1755.965,,,-3307.815,thousands,0.001,,"{""sfp"": [12], ""pl"": [13, 14], ""cfs"": [15]}",,ok
GRYL,2017,268485,,73768,,,,,,-904136.0,,,,,,,thousands,1.0,,"{""sfp"": [13, 12, 14], ""pl"": [], ""cfs"": []}",L5;L2,review
GRYL,2018,272086,,,,,,,,,,,,,,,thousands,1.0,,"{""sfp"": [11, 10, 12], ""pl"": [], ""cfs"": []}",L5;L2,review
GRYL,2019,292494,,67467,,,,,,,,,,,,,thousands,1.0,,"{""sfp"": [11, 10, 12], ""pl"": [], ""cfs"": []}",L5;L2,review
GRYL,2020,297544,,63743,,,,,,-3870652.0,,,,,,,thousands,1.0,,"{""sfp"": [11, 10, 12], ""pl"": [], ""cfs"": []}",L5;L2,review
GRYL,2021,323491,,62099,,,,,,,,,,,,,thousands,1.0,,"{""sfp"": [11, 10, 12], ""pl"": [], ""cfs"": []}",L5;L2,review
GRYL,2022,318848,,57935,,,,,,,,,,,,,thousands,1.0,,"{""sfp"": [11, 10, 12], ""pl"": [], ""cfs"": []}",L5;L2,review
GRYL,2023,286101,,63102,,,,,,,,,,,,,thousands,1.0,,"{""sfp"": [13, 12, 14], ""pl"": [], ""cfs"": []}",L5,review
GRYL,2024,292.494,,,,,,,,7762.084,,,,,,,thousands,0.001,,"{""sfp"": [], ""pl"": [], ""cfs"": []}",L3,ok
GRYL,2025,297.544,,,,,,,,,,,,,,,thousands,0.001,,"{""sfp"": [], ""pl"": [], ""cfs"": []}",,ok
GSKCH,2018,7954256.696,4119271.559,3834985.137,5166053.806,3991930.853,14875267.507,-10535195.394,4340072.113,1074551.943,707442.531,2231361.076,2649778.094,,-77903.044,-414972.971,thousands,0.001,,"{""sfp"": [84, 89], ""pl"": [85, 90], ""cfs"": [87]}",,ok
GSKCH,2019,8982623.811,4482019.876,4500603.935,5922968.338,4295390.048,,-11330677.07,4986067.479,1257518.81,643240.843,2769124.471,,,,,thousands,0.001,,"{""sfp"": [121, 120, 122], ""pl"": [], ""cfs"": []}",,ok
GSKCH,2020,10973970.681,5810042.202,5163928.479,7335653.671,6333867.885,,-14518243.501,,,,2902221.833,,,,,thousands,0.001,,"{""sfp"": [142, 141, 143], ""pl"": [], ""cfs"": []}",,ok
GSKCH,2021,13866160,7150988,6715172,10013921,6856642,,-17548075.0,6615075.0,,2454867,3916050,,1915564,-79406,1594199,thousands,1.0,,"{""sfp"": [161, 160, 162], ""pl"": [162, 161, 163], ""cfs"": [164, 163, 165]}",,ok
GVGL,2014,533910.971,,332079.471,314372.869,184691.604,630922.951,-563553.711,67369.24,24045.199,34952.081,63732.113,214905.058,,-9384.94,-45744.631,thousands,0.001,,"{""sfp"": [17], ""pl"": [18], ""cfs"": [19]}",,ok
GVGL,2015,709750.079,335989.065,373761.014,353271.154,319073.459,670192.009,-597566.961,72625.048,21006.543,21102.957,79489.141,351845.881,,,59331.502,thousands,0.001,,"{""sfp"": [16], ""pl"": [17], ""cfs"": [18]}",,ok
GVGL,2017,955875.066,450960.42,504914.646,548418.721,440468.311,826784.638,-765568.191,61216.447,20304.272,41818.546,131954.582,,,,,thousands,0.001,,"{""sfp"": [14, 13, 15], ""pl"": [], ""cfs"": []}",,ok
GVGL,2018,,,,451159.466,379470.789,,-886584.003,302710.436,169885.308,104012.224,,,,,,thousands,0.001,,"{""sfp"": [18, 17, 19], ""pl"": [], ""cfs"": []}",,ok
GVGL,2019,,,,713599.726,387059.87,,-886584.003,,350126.548,67253.862,,,,,,thousands,0.001,,"{""sfp"": [16, 15, 17], ""pl"": [], ""cfs"": []}",,ok
GVGL,2020,1314218.467,,,819773.25,335708.929,,-1166242.806,473351.94,230177.483,161502.146,,,,,,thousands,0.001,,"{""sfp"": [17, 16, 18], ""pl"": [], ""cfs"": []}",,ok
GVGL,2021,2555351.761,580644.999,1974706.762,1278157.941,580644.999,,-1666746.597,891197.891,589543.768,550710.002,223617.289,,,,,thousands,0.001,,"{""sfp"": [17, 16, 18], ""pl"": [], ""cfs"": []}",,ok
GVGL,2022,3120398.043,1034232.607,2086165.436,1289577.924,1034232.607,,-2135160.16,1276210.284,755872.364,71654.182,484293.453,,5424.483,,,thousands,0.001,,"{""sfp"": [17, 16, 18], ""pl"": [], ""cfs"": []}",,ok
GVGL,2023,4273971.952,1827137.117,2446834.835,1982908.564,1749179.092,,-2494388.062,1332455.512,515328.683,12906.072,946742.867,,,,,thousands,0.001,,"{""sfp"": [17, 16, 18], ""pl"": [], ""cfs"": []}",,ok
GVGL,2024,5704300.77,1923659.134,3780641.636,2695986.691,1731777.917,,-3224093.596,1749421.705,897996.801,221675.509,,,,,,thousands,0.001,,"{""sfp"": [17, 16, 18], ""pl"": [], ""cfs"": []}",L5,review
GVGL,2025,6570420.576,2154965.08,4415455.496,3265069.135,1976048.918,,-3738046.051,2180837.395,1084640.385,60540.748,,,,,,thousands,0.001,,"{""sfp"": [17, 16, 18], ""pl"": [], ""cfs"": []}",L5,review
GWLC,2014,15179894,,,1929682,3877147,8547263,-6197024,2350239,848598,32964,887682,13159141,,,1827204,thousands,1.0,,"{""sfp"": [33, 37], ""pl"": [38], ""cfs"": [39]}",,ok
GWLC,2015,15883604,8401881,7481723,2070404,4283740,9601246,6632635,2968611,1283869,178699,624954,13722670,,,2237310,thousands,1.0,,"{""sfp"": [49], ""pl"": [50, 51], ""cfs"": [52]}",,ok
GWLC,2017,21615065,10234020,11381045,2847464,4282706,11222789,-7368843,3853946,2283696,103632,624850,,,,,thousands,1.0,,"{""sfp"": [46, 45, 47], ""pl"": [47, 46, 48], ""cfs"": []}",L5,review
GWLC,2018,22843005.0,,,3611975.0,5532591.0,11484392,-8771957,2712435,1509654,107869.0,,,,938924,2490330,thousands,1.0,,"{""sfp"": [56, 55, 57], ""pl"": [57, 56, 58], ""cfs"": [59, 58, 60]}",,ok
GWLC,2019,23262396,10780950,12481446,4947128,4501227,11355918,-8715542,2640376,736412,431760,2429536,,,-502687,1327101,thousands,1.0,,"{""sfp"": [68, 67, 69], ""pl"": [69, 68, 70], ""cfs"": [72, 71, 73]}",,ok
GWLC,2020,25510082,11004418,14506114,5157726,4661613,8714089,-8627816,86273,131317,431400,2267543,,,-167951,1152999,thousands,1.0,,"{""sfp"": [65, 64, 66], ""pl"": [66, 65, 67], ""cfs"": [69, 68, 70]}",,ok
GWLC,2021,26653801,10896509,15757292,6938061,5207233,12106985,-8930275,3176710,1551383,1295034,3076787,,,,,thousands,1.0,,"{""sfp"": [61, 60, 62], ""pl"": [62, 61, 63], ""cfs"": []}",,ok
GWLC,2022,26199090,9351466,16847624,7268866,4112302,16193788,-12406118,3787670,1354723,,4561373.0,,,,,thousands,1.0,,"{""sfp"": [63, 62, 64], ""pl"": [64, 63, 65], ""cfs"": [93]}",,ok
GWLC,2023,35035059,12726184,22308875,6616810,4113129,18315894,-14522554,3793340,1232407,747082,3884128,,,,,thousands,1.0,,"{""sfp"": [72, 71, 73], ""pl"": [73, 72, 74], ""cfs"": []}",,ok
GWLC,2024,37125657,13074052,24051605,8502135,3737339,18165083,-14390313,3774770,1742730,391386,5592128,28548270,,,,thousands,1.0,,"{""sfp"": [70, 69, 71], ""pl"": [71, 70, 72], ""cfs"": []}",,ok
GWLC,2025,38680762.0,,,9474420.0,3705629.0,19620351,-15034236,4586115,2204744,,5879777.0,,,,,thousands,1.0,,"{""sfp"": [59, 58, 60], ""pl"": [60, 59, 61], ""cfs"": [85]}",,ok
HABSM,2013,5884486,1251719,4632767,3926616,1176719,8812069,7607698,1204371,777558,331639,698845,,,-368504,1123623,thousands,1.0,,"{""sfp"": [20, 19, 21], ""pl"": [21, 20, 22], ""cfs"": [24, 23, 25]}",,ok
HABSM,2014,6980891,1531639,5449252,4167349,1441639,9050916,7983079,1067837,797091,2198559,956881,1353601,,-368170,414854,thousands,1.0,,"{""sfp"": [19, 41, 42], ""pl"": [20, 21, 46, 47, 49, 51], ""cfs"": [23]}",,ok
HABSM,2015,7870576,2010354,5860222,4609485,1908354,8197388,7222293,975095,815230,296863,719141,1542980,,-368344,1506409,thousands,1.0,,"{""sfp"": [19, 22], ""pl"": [20, 21, 45, 47, 48], ""cfs"": [23]}",,ok
HABSM,2016,,,,,,,,,,3575276,401847,,,,1520208,thousands,1.0,,"{""sfp"": [39, 41], ""pl"": [], ""cfs"": [52]}",,ok
HABSM,2017,9142561,,6983237,4021497,2060824,7134930,6544790,590140,557319,924306,1673612,2707501,,-404010,-1683215,thousands,1.0,,"{""sfp"": [67], ""pl"": [68, 69], ""cfs"": [71]}",,ok
HABSM,2018,10460111,2356141,8103970,4857577,2270141,7758520,6484368,1274152,901276,766875,2764095,2645188,,,,thousands,1.0,,"{""sfp"": [27], ""pl"": [28, 29, 31], ""cfs"": []}",,ok
HABSM,2019,10749005.0,,,5959710.0,2604312.0,9873134,-8381862,1491272,1202276,2464584.0,1840405.0,,,-398278,2249765,thousands,1.0,,"{""sfp"": [25, 24, 26, 90], ""pl"": [26, 25, 27, 121], ""cfs"": [29, 28, 30]}",,ok
HABSM,2020,11106205.0,,,5904354.0,2440295.0,10138211,-9038874,1099337,694295,4071821.0,876021.0,,,-407605,2322868,thousands,1.0,,"{""sfp"": [25, 24, 26, 84], ""pl"": [26, 25, 27, 81], ""cfs"": [29, 28, 30, 92]}",,ok
HABSM,2021,,,,,,,,,,,,,,-401494,227728,thousands,1.0,,"{""sfp"": [], ""pl"": [], ""cfs"": [29, 28, 30]}",,ok
HABSM,2022,,,,,,13006818,-10796106,2210712,1289761,,,,,-442569,-439833,thousands,1.0,,"{""sfp"": [26, 90, 97, 102, 105, 125, 126, 127, 128], ""pl"": [27, 83], ""cfs"": [30, 29, 31, 86]}",,ok
HABSM,2023,17709059,6393653,11315406,13487612,6141721,19985028,-16044162,3940866,2541478,1274264,3957133,,195425,-434737,3269051,thousands,1.0,,"{""sfp"": [30], ""pl"": [31, 32], ""cfs"": [34, 33, 35]}",,ok
HABSM,2024,19989922,,13173094,14320942,6477530,20624090,-18111404,2512686,1960473,1101319,5389802,2092699,,823335,46540,thousands,1.0,,"{""sfp"": [24], ""pl"": [25, 26], ""cfs"": [28, 27, 29]}",,ok
HABSM,2025,23502416,6058993,17443423,14521056,5465193,21731776,-18762297,2969479,1555772,2557066,2057067,,427920,-654169,2989686,thousands,1.0,,"{""sfp"": [28], ""pl"": [29], ""cfs"": [32, 31, 33]}",,ok
HAEL,2014,317359.036,,6764.727,184570.727,,287226.825,-248669.051,38557.774,-16910.915,2799.236,94318.86,122987.051,,,-952.074,thousands,0.001,,"{""sfp"": [18, 19, 23], ""pl"": [20], ""cfs"": [22]}",,ok
HAEL,2015,324013.01,,,191274.431,176477.752,232992.322,-196845.924,36146.398,-11960.973,2706.173,87839.567,107117.076,,,-16465.809,thousands,0.001,,"{""sfp"": [18, 19], ""pl"": [20, 21], ""cfs"": [22]}",,ok
HAEL,2017,337389.794,,24362.945,196111.684,164776.075,231100.822,-189479.714,,,3273.831,93135.308,,,,,thousands,0.001,,"{""sfp"": [22, 21, 23], ""pl"": [], ""cfs"": []}",,ok
HAEL,2018,327553.012,,110174.959,191227.176,151025.102,314091.422,-258776.608,55314.814,,2817.97,85530.435,,,,,thousands,0.001,,"{""sfp"": [23, 22, 24], ""pl"": [], ""cfs"": []}",,ok
HAEL,2019,392849.484,,168544.273,202438.384,154498.937,385706.915,-315348.906,,,2714.596,83957.696,,,,,thousands,0.001,,"{""sfp"": [23, 22, 24], ""pl"": [], ""cfs"": []}",,ok
HAEL,2021,420407.298,,,237559.495,175211.257,389822.084,-305984.333,,,2390.254,85221.42,,,,,thousands,0.001,,"{""sfp"": [25, 24, 26], ""pl"": [], ""cfs"": []}",,ok
HAEL,2022,547993.378,,,246723.435,189854.689,549650.906,-449275.507,,,10727.193,84328.729,,,,,thousands,0.001,,"{""sfp"": [25, 24, 26], ""pl"": [], ""cfs"": []}",,ok
HAEL,2023,551084.063,221267.089,329816.974,255996.348,179677.829,648203.941,-509079.858,,,2351.3,89409.049,,,,,thousands,0.001,,"{""sfp"": [33, 32, 34], ""pl"": [], ""cfs"": []}",,ok
HAEL,2024,560367.257,,,265240.692,,521605.594,-448185.895,73419.699,18934.0,3954.719,95157.019,273577.293,,,,thousands,0.001,,"{""sfp"": [25, 33, 34, 35], ""pl"": [36, 37, 75], ""cfs"": []}",,ok
HAEL,2025,691955.718,272773.969,419181.749,369481.669,231058.498,553561.763,-442811.065,110750.698,13857.875,3090.932,116480.916,299437.896,,,-55805.141,thousands,0.001,,"{""sfp"": [33, 34, 35, 48], ""pl"": [18, 36, 37], ""cfs"": [39, 40]}",,ok
HAFL,2014,399733.742,75825.012,323908.73,6578.379,10307.495,9217.842,,,18905.174,5039.611,,3036.633,,-2145.113,4401.892,thousands,0.001,,"{""sfp"": [10, 11], ""pl"": [12], ""cfs"": [14]}",,ok
HAFL,2015,416587.001,77992.081,338594.919,9240.96,12716.045,12251.476,,,16515.389,3013.058,,4253.855,,-1397.16,1208.637,thousands,0.001,,"{""sfp"": [11, 15], ""pl"": [12, 13], ""cfs"": [14]}",,ok
HAFL,2017,454156.545,11721.967,442434.578,8512.689,11425.093,,,,19987.36,4010.74,,,,,,thousands,0.001,,"{""sfp"": [13, 12, 14], ""pl"": [], ""cfs"": []}",,ok
HAFL,2018,467163.531,,,9925.422,11600.616,,,,16952.634,5023.403,,,,,,thousands,0.001,,"{""sfp"": [15, 14, 16], ""pl"": [], ""cfs"": []}",,ok
HAFL,2019,488989.617,,,10589.897,11549.888,,,,24183.699,4658.985,,,,,,thousands,0.001,,"{""sfp"": [15, 14, 16], ""pl"": [], ""cfs"": []}",,ok
HAFL,2020,506023.575,,,15038.02,9693.692,,,,,,,,,,,thousands,0.001,,"{""sfp"": [16, 15, 17], ""pl"": [], ""cfs"": []}",,ok
HAFL,2021,538983.999,12049.89,526934.109,33988.87,11689.417,,,,,5989.752,,,,,,thousands,0.001,,"{""sfp"": [18, 17, 19], ""pl"": [], ""cfs"": []}",,ok
HAFL,2022,554388.241,,,24720.964,17284.057,,,,,,,,,,,thousands,0.001,,"{""sfp"": [18, 17, 19], ""pl"": [], ""cfs"": []}",,ok
HAFL,2023,573086.019,,,23286.934,14858.054,,,,,,,,,,,thousands,0.001,,"{""sfp"": [18, 17, 19], ""pl"": [], ""cfs"": []}",,ok
HAFL,2024,605312.847,,,37988.643,14495.649,,,,,,,,,,,thousands,0.001,,"{""sfp"": [22, 21, 23], ""pl"": [], ""cfs"": []}",,ok
HAFL,2025,657287.258,,,66280.129,16425.228,,,,,,,,,,,thousands,0.001,,"{""sfp"": [22, 21, 23], ""pl"": [], ""cfs"": []}",,ok
HAL,2013,904700.32,124.701,,558771.709,83691.134,1195722.439,856822.201,338900.238,141956.399,129037.503,176988.107,342685.61,,-160000.0,216039.804,thousands,0.001,,"{""sfp"": [7, 14, 15], ""pl"": [16], ""cfs"": [17]}",L2,ok
HAL,2014,907515.688,111.907,,553053.357,75190.084,1353714.005,1009722.799,343991.206,154846.418,260585.206,172567.086,351384.33,,-140000.0,307971.618,thousands,0.001,,"{""sfp"": [14, 15, 48, 49, 51], ""pl"": [16, 50], ""cfs"": [17]}",,ok
HAL,2015,948726.148,112127.81,836598.338,618279.906,77128.749,,-848727.563,266770.458,122192.734,81443.942,193789.452,,,,,thousands,0.001,,"{""sfp"": [17, 16, 18, 47], ""pl"": [], ""cfs"": []}",,ok
HAL,2016,884371.588,134991.688,749379.9,571147.233,127113.603,,-881495.248,159554.886,32842.879,111682.159,139938.866,,,,,thousands,0.001,,"{""sfp"": [14, 13, 15], ""pl"": [], ""cfs"": []}",,ok
HAL,2017,935636.998,187606.013,748030.985,634598.064,184676.101,,-965630.437,172580.484,38651.085,34396.418,213748.336,,,,,thousands,0.001,,"{""sfp"": [14, 13, 15], ""pl"": [], ""cfs"": []}",,ok
HAL,2018,,,,668183.604,296357.265,,-1222416.65,207745.145,68881.98,125325.687,226705.852,,,,,thousands,0.001,,"{""sfp"": [17, 16, 18], ""pl"": [], ""cfs"": []}",,ok
HAL,2019,1164791.882,324629.877,840162.005,739360.023,324629.877,,-1258186.741,304513.595,123249.04,150159.737,250739.777,,15406.881,,,thousands,0.001,,"{""sfp"": [17, 16, 18], ""pl"": [], ""cfs"": []}",,ok
HASCOL,2014,15617158,12517795,3099363,10974980,12058676,84913812,-82877017,2036795,640057,1760933,3473704,3290784,,-289920,474230,thousands,1.0,,"{""sfp"": [41], ""pl"": [42], ""cfs"": [44]}",,ok
HASCOL,2015,26619082,20833450,5785632,17915595,20171147,76856768,74017815,2838953,1133237,4071547,8470018,6277928,-150849,,4363659,thousands,1.0,,,,ok
HASCOL,2018,73932738,61447748,12484990,49485355,56874605,234444131,-224167482,10276649.0,207143,8799447.0,22615303.0,,,-758958,-7819420,thousands,1.0,,"{""sfp"": [51, 50, 52, 116], ""pl"": [52, 51, 53, 117], ""cfs"": [55, 54, 56, 119]}",L5;L2,review
HASCOL,2019,87474651,96388379,-8913728,48757423,92160684,154874855,156725893,-1851038,-25873829,13586382.0,19219871.0,,,,-3817060,thousands,1.0,,"{""sfp"": [57, 56, 58, 131], ""pl"": [58, 57, 59, 132, 133], ""cfs"": [61, 60, 62, 135]}",L5;L3;L2,review
HASCOL,2020,61419392,107944764,-46525372,20842735,78375448,113917633,-115296600,-1378967,-25023422,3079606,11435266,23272207,,,-17264420,thousands,1.0,,"{""sfp"": [74, 73, 75, 147], ""pl"": [75, 74, 76, 148, 149], ""cfs"": [78, 77, 79, 151]}",L3;L2,ok
HASCOL,2021,47280494.0,94586100.0,,15270445.0,78571358.0,71366378.0,-61153982.0,,-7592131.0,997748.0,10255676.0,,,,,thousands,1.0,,"{""sfp"": [77, 76, 78], ""pl"": [78, 77, 79], ""cfs"": [171, 170, 172]}",,ok
HASCOL,2022,43708049.0,104887059.0,,14132149.0,90785374.0,71166729.0,-67928083.0,,-14439536.0,771689.0,8178013.0,,,,,thousands,1.0,,"{""sfp"": [79, 78, 80], ""pl"": [80, 79, 81], ""cfs"": [83, 82, 84]}",,ok
HASCOL,2024,63161008,149577458,-86416450,34226713,139201478,145875707.0,-142388459.0,,-11631684.0,638653,27143335,,,,,thousands,1.0,,"{""sfp"": [177, 176, 178, 77], ""pl"": [], ""cfs"": []}",L3,ok
HASCOL,2025,39942166.0,133154559.0,,12330250.0,121369630.0,177454326,-173878600,3575726,-6700242,573877.0,6922095.0,,,,4329749,thousands,1.0,,"{""sfp"": [95, 94, 96, 185], ""pl"": [96, 95, 97, 186], ""cfs"": [189]}",,ok
HBL,2014,487765.0,,,,,,,,316666.0,,,,,,,thousands,,,"{""sfp"": [36, 118, 142, 143, 150, 155, 156, 159, 163, 164, 165, 206], ""pl"": [37, 36, 38, 119], ""cfs"": [40, 39, 41, 122]}",,ok
HBL,2015,528894.0,,,,,,,,,,,,,,,thousands,,,"{""sfp"": [44, 122, 148, 180, 183], ""pl"": [239, 238, 240, 45, 125, 164], ""cfs"": [48, 147, 181, 182]}",,ok
HBL,2016,14206492.0,10557128.0,,,,,,,,114661.0,,,,,,thousands,,,"{""sfp"": [60, 129], ""pl"": [130, 129, 131, 61], ""cfs"": [171, 170, 172, 64]}",L3,ok
HBL,2017,2684101699.0,2495286205.0,,,,,,,,,,,,,,thousands,,,"{""sfp"": [70, 99, 100, 105, 111, 118, 119, 120, 121, 135, 137, 138, 143, 185, 222, 228, 252, 253], ""pl"": [71, 72, 186, 253, 215], ""cfs"": [74, 187]}",L3,ok
HBL,2018,1733067.0,1721716.0,,,,,,,,238874.0,,,,,,thousands,,,"{""sfp"": [79, 198, 269, 275], ""pl"": [80, 199, 256], ""cfs"": [83, 200]}",L3,ok
HBL,2020,1625739.0,1625739.0,,,,,,,,,,,,,,thousands,,,"{""sfp"": [74, 203], ""pl"": [75, 204], ""cfs"": [207, 206, 208, 78]}",,ok
HICL,2013,2237670,1212635,1025035,992067,,,,,243981.0,59533,,,,,,thousands,1.0,,"{""sfp"": [11, 10, 12], ""pl"": [], ""cfs"": []}",,ok
HICL,2014,,1690952.0,,,,,,,260008.0,,,,,,,thousands,1.0,,"{""sfp"": [11, 10, 12], ""pl"": [], ""cfs"": []}",,ok
HICL,2015,,1608657.0,,,,,,,226867.0,,,,,,,thousands,1.0,,"{""sfp"": [11, 10, 12], ""pl"": [], ""cfs"": []}",,ok
HICL,2016,2759878,1660230,1099648,1716553,,,,,,,,,,,,thousands,1.0,,"{""sfp"": [14, 13, 15], ""pl"": [15], ""cfs"": []}",L2,ok
HICL,2017,3276059.0,1840432.0,1435627.0,,,555977,,,109956,166460.0,,,,,,thousands,1.0,,"{""sfp"": [], ""pl"": [15], ""cfs"": []}",,ok
HICL,2019,,2391486,,,,,,,70087.0,,,,,,,thousands,1.0,,"{""sfp"": [72, 112], ""pl"": [], ""cfs"": []}",,ok
HICL,2020,,,,,,738670,-309353,,61663,,,,,,,thousands,1.0,,"{""sfp"": [], ""pl"": [21], ""cfs"": []}",,ok
HICL,2021,4193752.0,2938678.0,1255074.0,,,,,,107024.0,88566.0,,,,,,thousands,1.0,,"{""sfp"": [], ""pl"": [19], ""cfs"": []}",,ok
HICL,2022,4543639,3375337,1168302,,,,,,111091.0,306241,,,,,,thousands,1.0,,"{""sfp"": [15, 14, 16, 70], ""pl"": [16, 15, 17], ""cfs"": [17, 16, 18, 83]}",L5,review
HICL,2023,5494060.0,3990607.0,1503453.0,,,1505708,-981588,,112781,471369.0,,114021.0,,-76034,-576065,thousands,1.0,,"{""sfp"": [], ""pl"": [20], ""cfs"": [22]}",,ok
HICL,2024,6484713.0,4429293.0,2055420.0,,,1492356,-944360,,236852.0,250601.0,,,,-75345,-193971,thousands,1.0,,"{""sfp"": [], ""pl"": [21], ""cfs"": [23]}",,ok
HICL,2025,7769556.0,5401560.0,2367996.0,,,,,,118033.0,42138.0,,,,-120713,-153049,thousands,1.0,,"{""sfp"": [], ""pl"": [24], ""cfs"": [26]}",,ok
HINO,2013,5060978,2496024,2564954,3321870,2382377,7528140,-6720619,807521,27083,173347,2161904,1714507,,-19130,712147,thousands,1.0,,"{""sfp"": [63], ""pl"": [64], ""cfs"": [65]}",,ok
HINO,2014,7536424.0,4151755.0,3384669.0,5543356.0,3995942.0,,-7876925.0,1331495.0,623939.0,,,1964836.0,,-20226,1992599,thousands,1.0,,"{""sfp"": [38, 43, 48, 49, 54], ""pl"": [38], ""cfs"": [39, 38, 40]}",,ok
HINO,2015,8221736,4235661,3986075,6181541,4054270,12636288,-10662904,1973384,1073224,2665997,1814191,,,,,thousands,1.0,,"{""sfp"": [73, 72, 74], ""pl"": [74, 73, 75], ""cfs"": [75, 74, 76]}",,ok
HINO,2016,9664326,5376029,4288297,7436013,5134308,18086850,-15324774,2762076,1113375,3664707,2769839,,,,,thousands,1.0,,"{""sfp"": [83, 82, 84], ""pl"": [84, 83, 85], ""cfs"": [85, 84, 86]}",,ok
HINO,2017,10062735.0,5295097.0,,7188418.0,5013905.0,22477498,-20011397,2466101,1119901,2872070.0,3259661.0,,,,,thousands,1.0,,"{""sfp"": [90, 89, 91], ""pl"": [91, 90, 92], ""cfs"": [92, 91, 93]}",,ok
HINO,2019,14290680.0,,,,,19130840.0,18017530.0,,,,,,,-1037774000.0,-10259459000.0,thousands,1000.0,,"{""sfp"": [41], ""pl"": [41], ""cfs"": [42, 41, 43]}",,ok
HINO,2021,7752204,3434595,4317609,4118170,3112450,9132180,-8444807,687373,-288294,396379,2083760,3546025,,,1643769,thousands,1.0,,"{""sfp"": [33], ""pl"": [34], ""cfs"": [36]}",L5;L5;L5;L5,review
HINO,2022,10307718,5342056,4965662,6424776,5172846,12530886,-11321335,1209551,417130,2972370,1815805,,,,2848542,thousands,1.0,,"{""sfp"": [32, 31, 33], ""pl"": [33, 32, 34], ""cfs"": [35, 34, 36]}",,ok
HINO,2023,9138618,3983908,5154710,5121697,3749290,13185973,-12059366,1126607,16033,349285,2043552,,,,-2484837,thousands,1.0,,"{""sfp"": [32, 31, 33], ""pl"": [33, 32, 34], ""cfs"": [35, 34, 36]}",,ok
HINO,2024,9956823,4661118,5295705,5929472,4430762,7622709,-6714820,907889,16033.0,165755,4145840,,,,-2451745,thousands,1.0,,"{""sfp"": [30, 29, 31], ""pl"": [31, 30, 32], ""cfs"": [33, 32, 34]}",,ok
HINO,2025,10569090.0,,,,,,,,,,,,,,,thousands,1000.0,,"{""sfp"": [33], ""pl"": [34], ""cfs"": [36]}",,ok
HINO,2026,11566590,5501508,6065082,8064370,5317836,11001468,-8955060.0,2046408.0,541253.0,252345,5491120,,,,,thousands,1.0,,"{""sfp"": [33, 32, 34], ""pl"": [34, 33, 35], ""cfs"": [36, 35, 37]}",L5,review
HINOON,2013,1582338.873,,,738343.88,301877.47,3007924.648,1777264.097,1230660.551,155535.205,49533.292,557766.682,,,,,thousands,0.001,,"{""sfp"": [41, 40, 42], ""pl"": [], ""cfs"": []}",,ok
HINOON,2014,1944993.607,,,1120376.504,498245.608,3696092.459,2040858.289,1655234.17,271908.303,335324.473,634792.103,,,,,thousands,0.001,,"{""sfp"": [41, 40, 42], ""pl"": [], ""cfs"": []}",,ok
HINOON,2015,2290486.195,,,1391757.15,523048.179,4403995.318,-2311679.32,2092315.998,444021.406,352794.973,860324.204,,,,,thousands,0.001,,"{""sfp"": [47, 46, 48, 99], ""pl"": [], ""cfs"": []}",,ok
HINOON,2016,,,,,,,-2692735.362,,534975.667,,,,,,,thousands,0.001,,"{""sfp"": [44, 43, 45, 74], ""pl"": [], ""cfs"": []}",,ok
HINOON,2017,3362121.597,946169.977,2415951.62,2193452.667,522981.148,,3125337.924,,,,,,,,,thousands,0.001,,"{""sfp"": [26, 25, 27, 56], ""pl"": [], ""cfs"": []}",,ok
HINOON,2018,3771069.375,900619.671,2870449.704,2551664.207,437898.881,7503100.506,4002668.618,3500431.888,725891.203,779975.543,1352928.094,976068.012,,-275442.666,433184.229,thousands,0.001,,"{""sfp"": [26], ""pl"": [27], ""cfs"": [28]}",,ok
HINOON,2019,4628571.024,1187009.449,3441561.575,3239590.724,680523.189,,,,971012.825,858895.44,1790210.793,,,,,thousands,0.001,,"{""sfp"": [29, 28, 30], ""pl"": [], ""cfs"": []}",,ok
HINOON,2020,6430396.411,1944197.66,4486198.751,4675710.76,1087625.548,,,,1420735.731,823197.491,2106010.576,,,,,thousands,0.001,,"{""sfp"": [3, 2, 4, 37], ""pl"": [], ""cfs"": []}",L2,ok
HINOON,2021,8040073.297,2277450.655,5762622.642,6202886.24,1600805.709,,-6585186.71,6415593.43,1808033.162,812049.186,2315936.343,,,,,thousands,0.001,,"{""sfp"": [61, 60, 62, 137], ""pl"": [], ""cfs"": []}",,ok
HINOON,2022,10640100.951,3194864.503,7445236.448,8230171.348,2439743.892,,-7785853.279,8030083.719,2417172.341,432615.208,3835094.512,,,,,thousands,0.001,,"{""sfp"": [73, 72, 74, 155], ""pl"": [], ""cfs"": []}",,ok
HINOON,2023,14025831.252,4429131.948,9596699.304,10197146.562,2874893.333,,-10169790.282,9254464.319,2403013.904,204337.732,4713751.445,,,,,thousands,0.001,,"{""sfp"": [79, 78, 80, 165], ""pl"": [], ""cfs"": []}",L5,review
HINOON,2024,16062291.695,,11221165.701,12379733.856,3951686.381,,-11265537.055,11929614.967,3253500.701,1459206.965,4135824.753,,,,,thousands,0.001,,"{""sfp"": [82, 81, 83, 164], ""pl"": [], ""cfs"": []}",,ok
HINOON,2025,18413194.527,,13170007.814,13811353.225,5260335.83,,-11662352.109,14126889.417,4119312.634,468796.488,5088463.951,,,,,thousands,0.001,,"{""sfp"": [174, 173, 175, 262], ""pl"": [], ""cfs"": []}",,ok
HIRAT,2014,4515040.396,2686963.386,1828077.01,2046423.171,2300419.114,4775198.997,-4328582.09,446616.907,133020.839,15933.539,1509707.315,1948545.364,,-19.549,71515.181,thousands,0.001,,"{""sfp"": [18, 19, 22], ""pl"": [20], ""cfs"": [21]}",,ok
HIRAT,2015,5021279.455,3102564.837,1918714.618,2340096.685,2428841.327,4061800.366,-3587519.397,474280.969,92343.116,21368.329,1714457.816,2083750.163,,-11.934,41447.563,thousands,0.001,,"{""sfp"": [17, 18], ""pl"": [19], ""cfs"": [20]}",,ok
HIRAT,2017,5967464.918,,,2627405.111,,3361274.854,-3106262.019,,,6211.703,2017328.533,,,,,thousands,0.001,,"{""sfp"": [21, 20, 22], ""pl"": [], ""cfs"": []}",,ok
HIRAT,2018,5434613.844,3486754.214,1947859.63,2257622.767,2280328.82,2171756.666,-2325425.936,,,68271.81,1725675.247,,,,,thousands,0.001,,"{""sfp"": [24, 23, 25], ""pl"": [], ""cfs"": []}",,ok
HIRAT,2019,3713199.22,3810638.174,-97438.954,1164764.008,,2645989.119,-3707501.122,-1061512.003,-2015842.109,8316.676,251674.899,,,,,thousands,0.001,,"{""sfp"": [28, 27, 29], ""pl"": [], ""cfs"": []}",L3,ok
HIRAT,2020,3221974.576,3152992.978,68981.598,815828.097,1776007.121,,-1529789.245,-66415.295,-303788.571,9616.009,288798.084,,,,,thousands,0.001,,"{""sfp"": [28, 27, 29], ""pl"": [], ""cfs"": []}",,ok
HIRAT,2021,3973223.352,3345388.827,627839.525,702507.704,1779566.516,,-1607207.368,-134193.115,,7840.526,402628.302,,,,,thousands,0.001,,"{""sfp"": [27, 26, 28], ""pl"": [], ""cfs"": []}",L3,ok
HIRAT,2023,3101699.269,3397856.006,-296156.737,94586.181,1439354.086,,-197076.016,-154876.016,-366245.08,5902.993,,,,,,thousands,0.001,,"{""sfp"": [32, 31, 33], ""pl"": [], ""cfs"": []}",L2.5;L5;L3,review
HIRAT,2024,2947977.405,3525394.026,-577416.621,66107.01,1591728.634,,-240603.805,-167787.436,-281259.884,62.152,,,,,,thousands,0.001,,"{""sfp"": [32, 31, 33], ""pl"": [], ""cfs"": []}",L2.5;L3,review
HMB,2018,,,,,,,,,6160584000.0,,,,,-3129047000.0,-31608724000.0,thousands,1000.0,,"{""sfp"": [29, 126, 147], ""pl"": [8, 7, 9, 103], ""cfs"": [33, 32, 34, 122]}",,ok
HMB,2019,,,,,,1978576000.0,,,1672039000.0,,,,,-2093622000.0,125003870000.0,thousands,1000.0,,"{""sfp"": [41, 98, 99, 134], ""pl"": [48, 116, 77], ""cfs"": [45, 44, 46, 138]}",L5,review
HMB,2020,1488128421,1426790670,61337751,,,,,,12008196.0,56967722,,,,-4692544,117168103,thousands,1.0,,"{""sfp"": [38, 134, 171, 184, 186, 187], ""pl"": [116], ""cfs"": [42, 41, 43, 138]}",,ok
HMB,2022,1701277089,1634387826,66889263,,,6433356,,,2604686,86590008,,,,-4233724,59387136,thousands,1.0,,"{""sfp"": [42, 142, 146, 201, 202], ""pl"": [128, 232], ""cfs"": [46, 45, 47, 172]}",L5,review
HMB,2023,2293473112,2195283905,98189207,,,14255805,,,4720817,112737010,,,,-9678226,246551797,thousands,1.0,,"{""sfp"": [45, 147, 200, 202, 203, 211], ""pl"": [128], ""cfs"": [49, 48, 50, 173]}",L5,review
HMB,2024,1500133780,1385101965,115031815,,,17260691,,,24673508.0,86815817,,,,,,thousands,1.0,,"{""sfp"": [49, 93, 102, 172, 211], ""pl"": [152, 54], ""cfs"": [54, 53, 55]}",,ok
HMB,2025,1658877631,1531068147,127809484,,,,,,22584683.0,88751233,,,,-12571187,85925928,thousands,1.0,,"{""sfp"": [51, 168], ""pl"": [147], ""cfs"": [56, 55, 57, 202]}",,ok
HMM,2018,304989.677,977.6,304012.077,90626.305,977.6,,,,4012.077,33525.457,,4806.683,,,,thousands,0.001,,"{""sfp"": [25, 24, 26], ""pl"": [], ""cfs"": []}",L2,ok
HMM,2019,319418.302,7311.414,312106.888,147069.328,7311.414,,,,11094.811,32275.791,,4341.742,,,,thousands,0.001,,"{""sfp"": [28, 27, 29], ""pl"": [], ""cfs"": []}",L2,ok
HMM,2020,345917.24,14046.457,331870.783,206823.334,14046.457,,,,28013.895,34522.609,,3323.134,,,,thousands,0.001,,"{""sfp"": [33, 32, 34], ""pl"": [], ""cfs"": []}",L2,ok
HMM,2021,349678.977,22548.949,327130.028,178137.228,22548.949,,,,16259.245,10879.709,,2251.81,,,,thousands,0.001,,"{""sfp"": [29, 28, 30], ""pl"": [], ""cfs"": []}",L2,ok
HMM,2022,370564.046,37255.147,333308.899,167243.8,37255.147,,,,18178.871,74337.47,,1125.555,,,,thousands,0.001,,"{""sfp"": [32, 31, 33], ""pl"": [], ""cfs"": []}",L5,review
HRPL,2020,,,,861690.588,399699.898,,-1321455.852,377610.854,174518.789,74503.789,245961.411,,,,,thousands,0.001,,"{""sfp"": [17, 16, 18], ""pl"": [], ""cfs"": []}",,ok
HRPL,2021,1474652.826,509948.798,964690.028,833076.219,433490.041,,-1348613.817,423645.486,250018.234,133562.359,227257.878,,,,,thousands,0.001,,"{""sfp"": [17, 16, 18], ""pl"": [], ""cfs"": []}",,ok
HRPL,2022,1405527.907,,928783.376,780241.362,437029.95,,-1476733.396,442923.98,84084.348,108829.391,249215.844,,,,,thousands,0.001,,"{""sfp"": [17, 16, 18], ""pl"": [], ""cfs"": []}",,ok
HRPL,2023,1560044.978,458197.708,1101847.27,968323.93,454735.646,,-1907903.116,626112.714,,191015.449,341446.247,,35732.712,,,thousands,0.001,,"{""sfp"": [17, 16, 18], ""pl"": [], ""cfs"": []}",,ok
HRPL,2024,1315637.955,366224.351,949413.604,763407.513,366224.351,2340411.98,-2150019.672,190392.308,,100732.383,419045.739,,25090.613,,,thousands,0.001,,"{""sfp"": [18, 17, 19], ""pl"": [], ""cfs"": []}",L5,review
HRPL,2025,1383579.459,589877.85,793701.609,788322.889,546634.236,2136281.09,-1966289.863,169991.227,,10933.122,456946.103,,,,,thousands,0.001,,"{""sfp"": [21, 20, 22], ""pl"": [], ""cfs"": []}",,ok
HSM,2013,2183839.756,1611260.408,570079.348,1002334.72,1538575.497,2234951.394,-2210826.627,24124.767,,13390.467,666453.039,,,,,thousands,0.001,,"{""sfp"": [16, 15, 17], ""pl"": [], ""cfs"": []}",L5;L2,review
HSM,2014,3149633.137,1721565.048,1428068.089,545496.605,1411530.597,2694800.903,-2749750.765,,-294645.485,106465.698,106541.62,,,,,thousands,0.001,,"{""sfp"": [18, 17, 19], ""pl"": [], ""cfs"": []}",L5;L2,review
HSM,2015,3337782.65,2013368.397,1324421.253,702169.731,1724210.692,1995710.327,-2203630.719,-207920.392,-418341.521,102706.499,321.669,,,,,thousands,0.001,,"{""sfp"": [20, 19, 21], ""pl"": [], ""cfs"": []}",L5;L5,review
HSM,2016,3139120.766,,,513731.382,1296019.448,3144146.871,-2898595.674,,,16206.146,180513.382,,,,,thousands,0.001,,"{""sfp"": [21, 20, 22], ""pl"": [], ""cfs"": []}",,ok
HSM,2017,3624892.679,,,626366.635,1030590.28,3856538.629,-3371219.029,485319.6,201590.081,60098.13,233027.645,,,,,thousands,0.001,,"{""sfp"": [55, 54, 56], ""pl"": [], ""cfs"": []}",,ok
HSM,2018,,,,,,2755736.878,-2492066.008,263670.87,32772.552,,,,,,,thousands,0.001,,"{""sfp"": [25, 44], ""pl"": [45], ""cfs"": []}",,ok
HSM,2019,,,,,,3715572.674,-3475490.206,240082.468,35169.0,,,,,,1069837.942,thousands,0.001,,"{""sfp"": [44, 49], ""pl"": [45], ""cfs"": [46]}",,ok
HSM,2020,6891961.355,,,2366836.393,2950762.531,,-2660365.273,294264.64,,41756.584,,,,,,thousands,0.001,,"{""sfp"": [69, 68, 70], ""pl"": [], ""cfs"": []}",,ok
HSM,2021,7135472.961,4137972.555,2997500.406,2086666.066,3177416.432,,-5672475.117,476047.697,,112766.27,1326487.488,,,,,thousands,0.001,,"{""sfp"": [72, 71, 73], ""pl"": [], ""cfs"": []}",,ok
HSPI,2013,7290269,,1169757,1131462,933953,2182211,-2129008,53203,-35075,215216,489369,6143804,,-45410,-116611,thousands,1.0,,"{""sfp"": [28, 27, 29, 41], ""pl"": [29, 28, 30, 15], ""cfs"": [31, 30, 32]}",,ok
HSPI,2014,7249537.0,,1242711.0,1278618.0,1155183.0,1518120,-1486901,31219,-36348,88962.0,901521.0,,,,-58946,thousands,1.0,,"{""sfp"": [28, 27, 29], ""pl"": [29, 28, 30], ""cfs"": [31, 30, 32]}",,ok
HSPI,2018,7043956,1987703,5056253,1592481,803966,854804,-727554,127250,67874,40951,1211228,,,,130865,thousands,1.0,,"{""sfp"": [38, 37, 39], ""pl"": [39, 38, 40], ""cfs"": [41, 40, 42]}",L5,review
HSPI,2019,7072147,2017708,5054439,1742808,842406,501103,-368540,132563,,10428,1470640,,,,80965,thousands,1.0,,"{""sfp"": [37, 36, 38], ""pl"": [38, 37, 39], ""cfs"": [40, 39, 41]}",L5,review
HSPI,2020,7652832,2070276,5582556,1762168,815987,341615,268158,73457,,,1582744,,,,,thousands,1.0,,"{""sfp"": [39, 38, 40, 59], ""pl"": [40, 39, 41, 73], ""cfs"": [42, 41, 43]}",L2,ok
HSPI,2021,7722244,,,,,113780.0,,,-105825.0,,,,,,,thousands,1.0,,"{""sfp"": [], ""pl"": [4], ""cfs"": []}",,ok
HSPI,2022,7726869,2384257,5342612,1926860,751418,134317,-237416,-103099,2205.0,12448,1694864,,,,-141954,thousands,1.0,,"{""sfp"": [34, 33, 35], ""pl"": [35, 34, 36], ""cfs"": [38, 37, 39]}",,ok
HSPI,2023,7673217.0,,,,,157151.0,,,,,,,,,,thousands,1.0,,"{""sfp"": [], ""pl"": [], ""cfs"": []}",,ok
HTL,2019,6115967.112,2889182.633,3226784.479,3158701.325,2859735.961,,,,,158925.453,801994.295,,,,,thousands,0.001,,"{""sfp"": [137, 187], ""pl"": [], ""cfs"": []}",L5;L5;L5;L5;L5;L5;L5;L2,review
HTL,2020,4993217.592,1835552.089,3157665.503,1601230.578,1582861.94,463.233,-397.79,65.443,,124177.67,447435.239,,,,,thousands,0.001,,"{""sfp"": [135, 189], ""pl"": [123], ""cfs"": []}",L5;L5;L5;L5;L5;L5;L5;L2,review
HTL,2021,5071378.0,1838424.0,3232954.0,1662739.0,1584409.0,1838895.0,-1443123.0,395772.0,75287.0,138367.0,546250.0,,,,,thousands,1.0,,"{""sfp"": [130, 129, 131], ""pl"": [130, 129, 131], ""cfs"": []}",L3,ok
HTL,2022,9137441272,4994894516,4142546756,4516218023,4436064158,17739037,-15019145,2719892,737922,657141796,2868897798,,,-483148,-280087,thousands,1.0,,"{""sfp"": [149, 215], ""pl"": [138, 137, 139], ""cfs"": [136]}",L5;L5;L5;L5;L5;L5;L5;L5;L5;L5;L3;L2,review
HTL,2024,9010419557,5072058876,3938360681,4026989874,4559425464,24016482,-22571816,1444666,111404,352417143,1789235831,,,,-703817,thousands,1.0,,"{""sfp"": [178, 197, 267], ""pl"": [185, 184, 186], ""cfs"": [183]}",L5;L5;L5;L5;L5;L5;L5;L3;L2,review
HTL,2025,8058637,4393558.0,3687791,3103223,3963179,33042904,-31003865,2039039,-318781,145890,731023,,,,,thousands,1.0,,"{""sfp"": [166, 183, 261], ""pl"": [173, 172, 174], ""cfs"": []}",L5;L5;L5;L5;L5;L5;L3,review
HUBC,2013,99313489,66680023,32633466,51053827,43128887,165861776,-149543719,16318057,9387880,17068953,4247498,,,-7506069,41443401,thousands,1.0,,"{""sfp"": [75, 74, 76, 129], ""pl"": [73, 127], ""cfs"": [130, 129, 131, 76]}",,ok
HUBC,2014,135431825,,31044762,89438751,84353203,161806794,,11736614,6549179,2676177,2388435,,,-8080478,-13962546,thousands,1.0,,"{""sfp"": [83, 82, 84, 125], ""pl"": [81, 123], ""cfs"": [126, 125, 127, 84]}",,ok
HUBC,2015,125949075,94314174,31634901,82190915,75895232,131483801,-117093140,14390661,9853136,483767,3469528,,,-9239418,13462938,thousands,1.0,,"{""sfp"": [87, 86, 88, 129], ""pl"": [85, 127], ""cfs"": [130, 129, 131, 88]}",,ok
HUBC,2016,134005611,106426950,27578661,91477290,89125741,,,,,3280071,2563327,,,,,thousands,1.0,,"{""sfp"": [99, 98, 100], ""pl"": [], ""cfs"": [151, 150, 152]}",,ok
HUBC,2017,,,19485543.0,,,,,2462703.0,,,2786346.0,,,,,thousands,1.0,,"{""sfp"": [51, 50, 52], ""pl"": [53, 52, 54], ""cfs"": [78, 77, 79]}",,ok
HUBC,2018,136617459,116790320,19827139,100461613,104128287,,,,,426885,5687922,,,-8979582,,thousands,1.0,,"{""sfp"": [97, 96, 98], ""pl"": [], ""cfs"": []}",,ok
HUBC,2019,153727792,121464471,32263321,91631356,99537719,,,,,7312080,4575810,,,,,thousands,1.0,,"{""sfp"": [103, 102, 104, 197], ""pl"": [], ""cfs"": []}",,ok
HUBC,2020,164521293.0,,,95778614.0,87541343.0,,,,,511446.0,6318866.0,,,,,thousands,1.0,,"{""sfp"": [99, 98, 100, 82, 168], ""pl"": [103, 102, 104], ""cfs"": []}",,ok
HUBC,2021,160007288.0,,,92427328.0,74398801.0,54639435,,32870717,34830336,300744.0,2805876.0,,,,,thousands,1.0,,"{""sfp"": [101, 100, 102, 164], ""pl"": [162, 161, 163], ""cfs"": []}",,ok
HUBC,2022,154008487.0,,,103704396.0,70546040.0,,,,,388464.0,,,,,,thousands,1.0,,"{""sfp"": [45, 66, 91], ""pl"": [43, 52], ""cfs"": [45]}",,ok
HUBC,2023,151822511.0,,,78377586.0,75398515.0,,,,,1027440.0,2253157.0,,,-31129039,31637953,thousands,1.0,,"{""sfp"": [100, 99, 101, 82, 164], ""pl"": [], ""cfs"": [86]}",,ok
HUBC,2024,157390026.0,83577245.0,,88481020.0,73685550.0,,,,,2355983.0,2263240.0,,,-22593093,14739597,thousands,1.0,,"{""sfp"": [172, 171, 173, 286], ""pl"": [], ""cfs"": [158]}",,ok
HUBC,2025,91533187,15280631,76252556,81920760.0,20204315.0,,,,,876269.0,300781.0,,,-17480463,38384310,thousands,1.0,,"{""sfp"": [210, 209, 211, 285], ""pl"": [], ""cfs"": [198]}",,ok
HUMNL,2013,1772072.824,,1456330.609,1289733.879,314170.766,2291450.649,-1295622.12,995828.529,387797.193,155726.559,893.927,228844.288,,-48489.687,350270.88,thousands,0.001,,"{""sfp"": [35], ""pl"": [36, 37], ""cfs"": [38]}",,ok
HUMNL,2014,1954939.922,558624.337,1396315.585,1361504.026,555890.044,2870350.21,-1488594.616,1381755.594,591734.976,106516.721,5956.137,21.267,,,,thousands,0.001,,"{""sfp"": [52], ""pl"": [43, 53], ""cfs"": []}",,ok
HUMNL,2015,2789219.279,1118152.743,1671066.536,1869416.639,1078213.537,3721047.096,-1875818.568,1845228.528,747250.951,13860.087,4479.119,258798.586,,-471593.912,167016.676,thousands,0.001,,"{""sfp"": [34], ""pl"": [35, 36], ""cfs"": [37]}",,ok
HUMNL,2016,3272224.388,,,2163250.968,1202530.349,3942824.46,,,,12260.41,2225.966,,,,,thousands,0.001,,"{""sfp"": [56, 55, 57, 84], ""pl"": [], ""cfs"": []}",,ok
HUMNL,2017,3598461.776,540451.336,3058010.44,2678530.318,528382.386,4643648.317,,1933613.515,1015382.978,374219.488,2314.986,,,,,thousands,0.001,,"{""sfp"": [67, 66, 68, 99], ""pl"": [], ""cfs"": []}",L5,review
HUMNL,2018,5492217.613,1799213.685,3693003.928,3237293.747,692144.33,4609478.886,3031025.825,1578453.061,729493.488,165743.041,18196.684,1541442.429,,-94294.841,852765.276,thousands,0.001,,"{""sfp"": [70, 75], ""pl"": [71], ""cfs"": [73]}",,ok
HUMNL,2019,5692875.229,,3157120.835,3475248.386,1545845.696,3979099.138,-3688464.04,290635.098,-535883.093,152042.869,19532.155,1494444.226,,,-20412.02,thousands,0.001,,"{""sfp"": [62], ""pl"": [63, 64], ""cfs"": [66]}",,ok
HUMNL,2020,4921082.975,1872008.867,3049074.108,2647801.058,930468.225,3679468.088,-2895211.649,784256.439,-113238.491,141629.483,16984.145,1365363.429,,,-156287.916,thousands,0.001,,"{""sfp"": [57, 62], ""pl"": [58, 59], ""cfs"": [61]}",,ok
HUMNL,2021,5415927.684,1352456.891,4063470.793,3438588.427,1011323.392,4327326.066,2704779.754,1622546.312,1014396.685,355827.585,16660.901,1263816.621,,,616583.554,thousands,0.001,,"{""sfp"": [56, 59], ""pl"": [57, 58], ""cfs"": [60]}",,ok
HUMNL,2022,6804405.6,1707779.794,5096625.806,4843940.836,1556977.875,6018969.888,3554717.927,2464251.961,1363905.013,833498.56,16627.261,1205184.777,,-328450.231,1819332.966,thousands,0.001,,"{""sfp"": [56], ""pl"": [57, 58], ""cfs"": [60]}",,ok
HUMNL,2023,8259004.222,1013139.842,7245864.38,5956124.17,926655.306,6825586.346,3666798.63,3158787.716,2149238.574,447796.769,16715.587,1402053.549,,-925.077,-239021.265,thousands,0.001,,"{""sfp"": [70], ""pl"": [71, 72], ""cfs"": [74]}",,ok
HUMNL,2024,10996532.065,1140075.928,9856456.137,8279151.77,990583.511,8307666.13,4125172.913,4182493.217,2610591.757,748140.168,24505.623,1464494.655,,-720.973,755854.652,thousands,0.001,,"{""sfp"": [62, 66], ""pl"": [67], ""cfs"": [70]}",,ok
HUSI,2014,3149633.137,1721565.048,1428068.089,545496.605,1411530.597,2694800.903,-2749750.765,-54949.862,-294645.485,106465.698,106541.62,2558087.353,,,,thousands,0.001,,"{""sfp"": [18, 19], ""pl"": [20], ""cfs"": []}",,ok
HUSI,2018,418539,,-950034,112612,1357507,74371,-123530,-49159,-66607,,,241053,,,176451,thousands,1.0,,"{""sfp"": [15, 20], ""pl"": [21], ""cfs"": [23]}",L3,ok
HUSI,2019,380014,1324581,-944567,80902,1324581,63832,-14028,49804,,,,290649,,,,thousands,1.0,,"{""sfp"": [21], ""pl"": [22, 24, 29], ""cfs"": []}",L3,ok
HUSI,2020,392902,1335006,-942104,108889,1335006,108339,-22382,85957,,,,279711,,,23665,thousands,1.0,,"{""sfp"": [20], ""pl"": [21], ""cfs"": [23]}",L3,ok
HUSI,2021,388370.273,948403.02,-560032.747,114085.655,948403.02,149683.713,-58950.161,90733.552,382071.859,28123.648,,270184.704,,,25503.658,thousands,0.001,,"{""sfp"": [19], ""pl"": [20], ""cfs"": [22]}",L3,ok
HUSI,2022,376924.708,876961.936,-500037.228,99142.791,876961.936,221851.273,-90065.719,131785.554,59995.519,14907.59,,275978.348,,,2491.032,thousands,0.001,,"{""sfp"": [21], ""pl"": [22], ""cfs"": [24]}",L3,ok
HUSI,2023,,,,,,160603.267,-65871.294,94731.973,21066.815,,,,,,,thousands,0.001,,"{""sfp"": [16, 19], ""pl"": [20], ""cfs"": []}",,ok
HUSI,2024,788854.667,865250.813,-76396.146,69225.373,745487.129,362867.918,-235703.191,127164.727,30346.812,13964.545,,717697.071,,,,thousands,0.001,,"{""sfp"": [22, 24, 27], ""pl"": [23, 25], ""cfs"": []}",L3,ok
HUSI,2025,792064.25,840164.293,-48100.043,100527.698,726388.793,256095.269,-133717.515,122377.754,28296.103,19074.646,,689549.434,,,9247.937,thousands,0.001,,"{""sfp"": [22, 24], ""pl"": [23], ""cfs"": [25]}",L3,ok
HWQS,2014,4718863.082,,-759736.506,1134070.747,,2173224.775,-2582133.634,-408908.859,-625106.084,10606.211,574075.966,3570545.215,,,,thousands,0.001,,"{""sfp"": [19, 20, 23, 24, 29], ""pl"": [21], ""cfs"": []}",L3,ok
HWQS,2015,4232219.038,,,523454.454,1426735.883,1380222.141,-1986998.475,-606776.334,-779823.652,5657.64,3867.211,3695512.964,,,-220351.788,thousands,0.001,,"{""sfp"": [18, 19], ""pl"": [20, 21], ""cfs"": [22]}",,ok
HWQS,2016,,,,,,879.366,,,,,,,,,,thousands,0.001,,"{""sfp"": [], ""pl"": [8, 7, 9], ""cfs"": []}",L3,ok
HWQS,2018,,,,,,250772.728,-590988.226,,-488901.772,,,,,,,thousands,0.001,,"{""sfp"": [], ""pl"": [1], ""cfs"": [3]}",,ok
HWQS,2019,,,,,,,-187476.137,-187476.137,-336996.7,,,,,,-1005.148,thousands,0.001,,"{""sfp"": [28], ""pl"": [29], ""cfs"": [31]}",,ok
HWQS,2020,,,,,,,,-168.405,-362.123,,,,,,,thousands,0.001,,"{""sfp"": [], ""pl"": [10, 9, 11], ""cfs"": []}",L2,ok
HWQS,2021,3083947.265,,-1593470.651,106831.849,4112937.704,,-160043.178,,-308816.916,1729.522,,,,,,thousands,0.001,,"{""sfp"": [41, 40, 42], ""pl"": [], ""cfs"": []}",L3,ok
HWQS,2022,,,,101852.559,3884732.366,,-150781.542,,-184954.578,2435.324,,,,,,thousands,0.001,,"{""sfp"": [38, 37, 39], ""pl"": [], ""cfs"": []}",,ok
HWQS,2023,6260008.108,5493829.485,766178.623,107408.876,4067035.99,,-305039.59,-305039.59,-466344.822,1971.835,,6152109.232,,,-111679.535,thousands,0.001,,"{""sfp"": [39], ""pl"": [40], ""cfs"": [43]}",,ok
HWQS,2024,6086512.557,5583925.183,502586.874,110416.923,4100738.278,,-348552.182,-348552.182,-296846.127,8632.885,,5863625.134,,,-105454.713,thousands,0.001,,"{""sfp"": [28], ""pl"": [29], ""cfs"": [32]}",,ok
HWQS,2025,5851340.658,5569285.639,282055.019,162465.655,4133655.818,,-300282.852,-300282.852,-245105.056,2659.936,,5590405.003,,,-30812.559,thousands,0.001,,"{""sfp"": [22], ""pl"": [23], ""cfs"": [26]}",,ok
IBFL,2013,49235233.136,23180587.754,26054645.382,12743717.121,9498806.366,38839262.069,-36114076.614,2725185.455,5534166.564,204836.749,8511617.752,,,,,thousands,0.001,,"{""sfp"": [27, 26, 28], ""pl"": [], ""cfs"": []}",L2.5;L2.5;L2.5;L5,review
IBFL,2014,47977357.421,21453646.08,26523711.341,11809353.005,7691244.36,47972161.921,-46642839.014,1329322.907,874242.296,85681.651,6047562.589,,,,,thousands,0.001,,"{""sfp"": [27, 26, 28], ""pl"": [], ""cfs"": []}",L2.5;L2.5;L2.5;L5,review
IBFL,2015,,,,12781864.654,52604899.52,37273570.267,-36435923.026,837647.241,802788.086,163844.103,,,,,,thousands,0.001,,"{""sfp"": [27, 26, 28], ""pl"": [], ""cfs"": []}",L2.5;L2.5,review
IBFL,2016,,,,12478831.844,56937271.745,34709815.423,-33729899.919,979915.504,1535276.881,103129.306,,,,,,thousands,0.001,,"{""sfp"": [25, 24, 26], ""pl"": [], ""cfs"": []}",L2.5;L2.5,review
IBFL,2017,52280715.671,15034763.062,37245952.609,23671172.826,8897165.803,39910714.612,-37485488.926,2425225.686,8479629.552,98214.371,7392524.194,,,,,thousands,0.001,,"{""sfp"": [27, 26, 28], ""pl"": [], ""cfs"": []}",L2.5;L2.5;L2.5;L5,review
IBFL,2018,47008485.7,8051931.564,38956554.136,17735390.375,5371898.722,53886574.437,-49390634.39,4495940.047,2106689.848,46497.145,9158928.763,29189002.69,,-309349.678,4864088.191,thousands,0.001,,"{""sfp"": [29, 37], ""pl"": [30, 31], ""cfs"": [32]}",,ok
IBFL,2019,,,39473846.228,21454164.745,9506067.251,66237950.336,62393124.367,3844825.969,998492.509,36844.31,,31975941.772,,-302756.595,2443285.619,thousands,0.001,,"{""sfp"": [29], ""pl"": [30, 31], ""cfs"": [32]}",,ok
IBFL,2020,59587801.348,21722637.639,37865163.709,19977297.772,9416292.046,47078366.164,-45127105.766,1951260.398,-1295481.941,18079.674,9703186.774,39477948.266,,-308659.674,245637.729,thousands,0.001,,"{""sfp"": [29, 36], ""pl"": [30, 31], ""cfs"": [32]}",L2,ok
IBFL,2021,,,,31479749.197,89237091.423,48959895.702,-39192837.264,9767058.438,,107223.586,,,,,,thousands,0.001,,"{""sfp"": [29, 28, 30], ""pl"": [], ""cfs"": []}",,ok
IBFL,2022,83076924.99,28626491.435,54450433.555,44203756.408,18580288.839,115581019.592,-102078452.705,13502566.887,5310545.301,114023.145,26125707.178,38574670.166,,,,thousands,0.001,,"{""sfp"": [], ""pl"": [], ""cfs"": []}",,ok
IBFL,2023,88997565.155,34347768.556,54649796.599,49313840.773,21711856.925,119761927.341,-110794024.776,8967902.565,303503.346,150231.832,24813367.015,39404007.785,,,,thousands,0.001,,"{""sfp"": [], ""pl"": [], ""cfs"": []}",,ok
IBFL,2024,,,,111818000.0,61660000.0,,,,,,,,,,,thousands,1000.0,,"{""sfp"": [], ""pl"": [], ""cfs"": []}",,ok
IBFL,2025,,,,124904000.0,69509000.0,,,,,,,,,,,thousands,1000.0,,"{""sfp"": [], ""pl"": [], ""cfs"": []}",,ok
IBLHL,2015,861669,197342,664327,629823,197342,931981.0,-575209.0,356772.0,165637,16836,205081,,,-23000,185767,thousands,1.0,,"{""sfp"": [35, 34, 36], ""pl"": [36, 35, 37], ""cfs"": [38, 37, 39]}",,ok
IBLHL,2016,1178881,245960,932921,903013,245960,1156421,-772230,384191,178894,18187,263383,,,-59800,96068,thousands,1.0,,"{""sfp"": [46, 45, 47], ""pl"": [47, 46, 48], ""cfs"": [49, 48, 50]}",,ok
IBLHL,2017,1317120,228538,1088582,1021501,228538,1189799,-791899,397900,198418,16104,22294,,,,,thousands,1.0,,"{""sfp"": [43, 42, 44], ""pl"": [44, 43, 45], ""cfs"": [45, 44, 46]}",L5,review
IBLHL,2018,1399918.0,,,1021589.0,211167.0,1358297,-929777,428520,149340,27722.0,222452.0,,,,,thousands,1.0,,"{""sfp"": [53, 52, 54], ""pl"": [54, 53, 55], ""cfs"": [55, 54, 56]}",,ok
IBLHL,2019,1888766,632726,1256040,1525168,632726,1584972,-1141046,443926,121376,30894,506983,,,,,thousands,1.0,,"{""sfp"": [55, 54, 56], ""pl"": [56, 55, 57], ""cfs"": [57, 56, 58]}",L5,review
IBLHL,2020,2252024,830042,1421982,1862520,830042,2664604,-1853341,811263,220030,20148,654527,,,,,thousands,1.0,,"{""sfp"": [59, 58, 60], ""pl"": [60, 59, 61], ""cfs"": [61, 60, 62]}",L5,review
IBLHL,2021,2446691.0,,,1840710.0,812380.0,3003909,-1981413,1022496,300488,91561.0,708379.0,,,-103443,69974,thousands,1.0,,"{""sfp"": [58, 57, 59], ""pl"": [59, 58, 60], ""cfs"": [61, 60, 62]}",,ok
IBLHL,2022,2929510.0,,,2358017.0,1059364.0,3651125,-2394888,1256237,302859,104122.0,973471.0,,,-51633,56851,thousands,1.0,,"{""sfp"": [67, 66, 68], ""pl"": [68, 67, 69], ""cfs"": [70, 69, 71]}",,ok
IBLHL,2023,3553727,1446603,2107124,2962139,1443475,4027874,-2687427,1340447,308963,95823.0,1191225.0,,,-62132,27167,thousands,1.0,,"{""sfp"": [65, 64, 66], ""pl"": [66, 65, 67], ""cfs"": [68, 67, 69]}",,ok
IBLHL,2024,3326758.0,,,2737757.0,1212079.0,3603359,-2651543,951816,,375594.0,905328.0,,,,567999,thousands,1.0,,"{""sfp"": [67, 66, 68], ""pl"": [68, 67, 69], ""cfs"": [70, 69, 71]}",,ok
IBLHL,2025,4009968,1686918,2323050,3368392,1670237.0,4322471,-2875495,1446976,208371,208938.0,1270130.0,,,,-259666,thousands,1.0,,"{""sfp"": [67, 66, 68], ""pl"": [68, 67, 69], ""cfs"": [70, 69, 71]}",,ok
ICI,2014,22937418,,11237427.0,10436804,7574254.0,,-33581636.0,4651841.0,1702216,852095,4582632,,,-366726,,thousands,1.0,,"{""sfp"": [129, 128, 130, 182, 183], ""pl"": [130, 129, 131, 184], ""cfs"": [132, 131, 133, 186]}",,ok
ICI,2015,26669783,13376245,13293538,10826739,10613713,37515328,31725574,5789754,2125708,119612,4921766,,,-817123,3748417,thousands,1.0,,"{""sfp"": [122, 121, 123, 177, 178, 198, 204, 210, 212, 214, 216, 220], ""pl"": [123, 122, 124], ""cfs"": [125, 124, 126, 181]}",L2,ok
ICI,2017,36155861,,16183900.0,13159697,12984767.0,41363695,-33598220,7765475,3296091,141748,5746647,,,-1560184,4824855,thousands,1.0,,"{""sfp"": [168, 167, 169, 225, 226], ""pl"": [169, 168, 170, 227], ""cfs"": [171, 170, 172, 229]}",,ok
ICI,2018,43148129,,18081434.0,17266192,14818685.0,,-40607969,8499611,3059704,218843,8737564,,,-1653651,-1401590,thousands,1.0,,"{""sfp"": [180, 179, 181], ""pl"": [181, 180, 182], ""cfs"": [183, 182, 184]}",,ok
ICI,2019,44222667,,19207043.0,18575241,16366077.0,,-48877125,9451724,2304912,237374,9841165,,,-1196529,4528566,thousands,1.0,,"{""sfp"": [178, 177, 179, 251, 252], ""pl"": [179, 178, 180, 253], ""cfs"": [182, 181, 183, 254]}",,ok
ICI,2020,42123386,21360331,20763055,16858214,13253246,53598537,-43136319,10462218,3029003,246383,9327845,19521939,-1436762,,7547855,thousands,1.0,,,L2,ok
ICI,2021,43803565,,23879208.0,18163231,14635597.0,,-48269723,14348243,5959446,233978,11286373,,,-2298014,9067160,thousands,1.0,,"{""sfp"": [192, 191, 193, 298, 314], ""pl"": [193, 192, 194], ""cfs"": [196, 195, 197, 270]}",,ok
ICI,2022,59940822,,26391122.0,26388088,26169508.0,,-68353133,1819045,6248587,352922,16668932,,,-3678148,2877176,thousands,1.0,,"{""sfp"": [186, 185, 187, 260, 280], ""pl"": [187, 186, 188], ""cfs"": [190, 189, 191, 286]}",L5,review
ICIBL,2013,1400814.572,,,863284.342,1103647.223,,,,351808.565,11450.823,,,,,,thousands,0.001,,"{""sfp"": [20, 19, 21], ""pl"": [], ""cfs"": []}",,ok
ICIBL,2014,1326905.095,1144929.071,181976.024,757825.997,883655.448,,,,98724.584,10932.682,,,,,,thousands,0.001,,"{""sfp"": [21, 20, 22], ""pl"": [], ""cfs"": []}",,ok
ICIBL,2015,1212833.163,,,667003.595,838701.501,,,,6155.362,2026.931,,,,,,thousands,0.001,,"{""sfp"": [20, 19, 21], ""pl"": [], ""cfs"": []}",,ok
ICIBL,2016,1118100.105,,,587107.144,721273.711,,,,40257.655,3219.403,,,,,,thousands,0.001,,"{""sfp"": [20, 19, 21], ""pl"": [], ""cfs"": []}",,ok
ICIBL,2017,1070796.943,,,518150.079,473154.768,,,,,14714.485,,,,,,thousands,0.001,,"{""sfp"": [20, 19, 21], ""pl"": [], ""cfs"": []}",,ok
ICIBL,2018,1039311.123,,,514170.529,614908.32,,,,,,,,,,,thousands,0.001,,"{""sfp"": [24, 23, 25], ""pl"": [], ""cfs"": []}",L5,review
ICIBL,2019,950098.225,693823.464,256274.761,536436.02,495143.582,,,,,24745.878,,,,,,thousands,0.001,,"{""sfp"": [28, 27, 29], ""pl"": [], ""cfs"": []}",L5;L5,review
ICIBL,2020,968390.363,,291450.074,547518.613,466550.717,,,,,10949.517,,,,,,thousands,0.001,,"{""sfp"": [26, 25, 27], ""pl"": [], ""cfs"": []}",,ok
ICIBL,2021,942410.556,,,463520.905,423172.38,,,,83857.849,9676.974,,,,,,thousands,0.001,,"{""sfp"": [28, 27, 29], ""pl"": [], ""cfs"": []}",,ok
ICIBL,2022,1057432.123,584432.786,472999.337,482879.81,413400.528,,,,95273.511,,,,,,,thousands,0.001,,"{""sfp"": [26, 25, 27], ""pl"": [], ""cfs"": []}",,ok
ICIBL,2023,1088295.259,,,537612.328,391947.015,,,,89759.962,,,,,,,thousands,0.001,,"{""sfp"": [26, 25, 27], ""pl"": [], ""cfs"": []}",,ok
ICIBL,2024,1298594.162,598094.567,700499.595,758507.179,412000.605,,,,124619.468,47288.304,,,,,,thousands,0.001,,"{""sfp"": [30, 29, 31], ""pl"": [], ""cfs"": []}",,ok
ICIBL,2025,1567878.764,,,653587.171,435470.427,,,,126742.058,,,,,,,thousands,0.001,,"{""sfp"": [29, 28, 30], ""pl"": [], ""cfs"": []}",,ok
ICL,2014,4701324,2399903,2301421,1704334,1490650,4103853,-3290826,813027,200376,145024,283871,2856728,,-36611,-137324,thousands,1.0,,"{""sfp"": [22], ""pl"": [23, 24], ""cfs"": [25]}",,ok
ICL,2015,5351302,2978265,2373037,1437172,2045134,4045537,-3622599,422938,84487,119390,171440,3756179,,-49946,653956,thousands,1.0,,"{""sfp"": [22], ""pl"": [23], ""cfs"": [25]}",,ok
ICL,2017,6596215,3379913,3216302,1420411.0,2435521.0,4990137,-4170427,819710,233347,108012.0,,,,-97161,719264,thousands,1.0,,"{""sfp"": [29, 28, 30], ""pl"": [30, 29, 31], ""cfs"": [32, 31, 33]}",,ok
ICL,2018,7739612,4030037,3709575,2031494,3006938,5742792.0,-4779809,962983,415487,94074,266083,,,-99968,961407,thousands,1.0,,"{""sfp"": [34, 33, 35], ""pl"": [35, 34, 36], ""cfs"": [37, 36, 38]}",,ok
ICL,2019,9476353,5472668,4003685,2914723,3460784,6644377.0,-5265491,1378886,405051,109892,788704,,,-84456,626754,thousands,1.0,,"{""sfp"": [31, 30, 32], ""pl"": [32, 31, 33], ""cfs"": [34, 33, 35]}",,ok
ICL,2020,9140556,5086752,4053804,2968161,2507780.0,8856601.0,,,,,,,,,,thousands,1.0,,"{""sfp"": [21, 20, 22], ""pl"": [21, 20, 22], ""cfs"": [22, 21, 23]}",,ok
ICL,2021,10546625,5672231,4874394,4041724,3875442,11123793.0,-9238284,1885509,656767,338635,1121263,,,-249817,836554,thousands,1.0,,"{""sfp"": [41, 40, 42, 103, 134, 135, 137, 148, 149, 153, 156], ""pl"": [42, 41, 43, 104], ""cfs"": [44, 43, 45, 106]}",,ok
ICL,2022,12865061.0,,,5706353.0,5774596.0,15681372.0,-13616595,2064777,414539,194542.0,,,,-102995,228053,thousands,1.0,,"{""sfp"": [38, 37, 39, 131], ""pl"": [39, 38, 40, 133], ""cfs"": [41, 40, 42, 146]}",,ok
ICL,2023,14690990,7987223,6703767,6827563,6214666.0,24268283,-19274504,4993779,1826196,923733.0,,,,-298296,2893045,thousands,1.0,,"{""sfp"": [40, 39, 41, 91], ""pl"": [41, 40, 42, 101], ""cfs"": [43, 42, 44, 102]}",L5,review
ICL,2024,17266635,7979037,9287598,7777655,6569718,24314588,-19503215,4811373,1385752,287556,2274309,,,-323080,-122108,thousands,1.0,,"{""sfp"": [43, 42, 44, 137], ""pl"": [44, 43, 45], ""cfs"": [46, 45, 47]}",L5,review
ICL,2025,,,,,8547522.0,,,4991084.0,,,,,,,,thousands,1.0,,"{""sfp"": [23, 22, 24, 67], ""pl"": [23, 22, 24, 67], ""cfs"": [24, 23, 25, 67]}",,ok
IDRT,2015,2748421.513,,,1265991.587,,2306871.955,-2114097.785,192774.17,487.498,9642.394,668568.133,1455823.917,,-4411.896,-101133.841,thousands,0.001,,"{""sfp"": [11, 12], ""pl"": [6, 13], ""cfs"": [14]}",,ok
IDRT,2017,3127972.369,,,1612516.946,1344126.371,2215268.509,-1984882.334,230386.175,,16073.688,683468.913,,,,,thousands,0.001,,"{""sfp"": [12, 11, 13], ""pl"": [], ""cfs"": []}",,ok
IDRT,2018,3747869.685,2257612.22,1490259.065,2185230.385,1931543.63,2881059.482,-2643744.807,237314.675,78404.674,2421.886,1105258.039,1538521.763,,-8806.697,-546304.813,thousands,0.001,,"{""sfp"": [19], ""pl"": [20], ""cfs"": [21]}",,ok
IDRT,2019,4073832.57,2418960.082,1654872.489,2316076.406,1946388.918,3471595.641,-3076553.332,395042.309,32313.509,21322.858,1182882.722,,,,,thousands,0.001,,"{""sfp"": [20, 19, 21], ""pl"": [], ""cfs"": []}",,ok
IDRT,2020,4291324.47,2693835.681,1597488.789,2601962.163,2279862.073,3239256.236,-2956416.446,282839.79,,18400.305,1538057.914,,,,,thousands,0.001,,"{""sfp"": [20, 19, 21], ""pl"": [], ""cfs"": []}",,ok
IDRT,2021,4230139.658,2143526.115,2086613.543,2181204.721,1656652.991,4002482.731,-3468653.953,533828.778,,8370.748,1090119.992,,,,,thousands,0.001,,"{""sfp"": [21, 20, 22], ""pl"": [], ""cfs"": []}",,ok
IDRT,2022,4869042.301,2351709.586,2517332.715,2531663.748,1801638.338,,-4367630.755,798540.399,432006.855,5875.276,1207120.704,,,,,thousands,0.001,,"{""sfp"": [21, 20, 22, 75], ""pl"": [], ""cfs"": []}",,ok
IDRT,2023,6108238.362,3540667.389,2567570.973,2727024.81,2458004.609,,,,,5952.513,1461817.305,3378314.871,,-149.531,-85944.599,thousands,0.001,,"{""sfp"": [24, 25], ""pl"": [], ""cfs"": [26]}",,ok
IDRT,2024,7038893.961,4535187.131,2503706.83,3657980.276,3784013.088,,-5831174.287,618586.248,-194388.916,8607.548,1928979.12,,,,,thousands,0.001,,"{""sfp"": [24, 23, 25, 99], ""pl"": [], ""cfs"": []}",,ok
IDRT,2025,7634532.797,5483643.24,2150889.557,4343545.073,4644667.123,5201690.138,-4883403.274,318286.864,432007.0,88970.607,1983572.957,3287274.093,,,-93308.641,thousands,0.001,,"{""sfp"": [24, 27], ""pl"": [25, 26], ""cfs"": [28]}",,ok
IDSM,2014,,,,,,2282646,2125895,156751,,,,,,,14579,thousands,1.0,,"{""sfp"": [13], ""pl"": [14, 15], ""cfs"": [16]}",,ok
IDSM,2015,1068150,797623,270527,445661,459719,2368403,-2268785,99618,-35087,24676,229141,619812,,,,thousands,1.0,,"{""sfp"": [13], ""pl"": [14], ""cfs"": [16]}",,ok
IDSM,2017,1650902,1244674,406228,567733,710435,2202691,-2111282,91409,-117338,8666,307780,1080988,,,54040,thousands,1.0,,"{""sfp"": [27], ""pl"": [28, 29], ""cfs"": [31]}",,ok
IDSM,2018,1800488,1295310,505178,707269,888029,2718918,-2450575,268343,,,323286,,,,54040,thousands,1.0,,"{""sfp"": [26, 32], ""pl"": [27, 28], ""cfs"": [30]}",,ok
IDSM,2019,2062685,1513480,549205,1152624,360856,3512935,-3106728,406207,59115,35100,,1095451,,,43718,thousands,1.0,,"{""sfp"": [29, 31], ""pl"": [30], ""cfs"": [33]}",,ok
IDSM,2020,,,,,,3923725,-3371776,551949,106947,,,,,-11330,244988,thousands,1.0,,"{""sfp"": [32], ""pl"": [33, 34], ""cfs"": [36]}",,ok
IDSM,2021,,,,,,4793145,-4002325,790820,202304,,,,,-12684,146906,thousands,1.0,,"{""sfp"": [38], ""pl"": [39, 40], ""cfs"": [42]}",,ok
IDSM,2022,,,,,,6095257,-4995548,1099709,323033,,,,,-17155,522922,thousands,1.0,,"{""sfp"": [37], ""pl"": [38, 39], ""cfs"": [41]}",,ok
IDSM,2023,3678845,2015943,1662902,2600564,1459323,6859842,-6668837,191005,-554070,318872,947375,1662377,,-19216,-459846,thousands,1.0,,"{""sfp"": [36], ""pl"": [37, 38], ""cfs"": [40]}",,ok
IDSM,2024,3280783,2674258,606525,1469253,2587709,5559463,-5351493,207970,-322240,96362,685338,1704424,,,-58002,thousands,1.0,,"{""sfp"": [37], ""pl"": [38, 39], ""cfs"": [41]}",,ok
IDSM,2025,2558070,2374950,183120,976991,2354703,3583528,-3501445,82083,323033.0,41724,283211,1572160,,,-71950,thousands,1.0,,"{""sfp"": [34], ""pl"": [35, 36], ""cfs"": [38]}",,ok
IDYM,2014,16124298,6799044,9325254,6343867,4803750,18616732,-16563738,2052994,1187803,44303,3911410,6186646,,-298019,349560,thousands,1.0,,"{""sfp"": [20], ""pl"": [21, 22], ""cfs"": [24]}",,ok
IDYM,2015,15667103,6336238,9330865,5637231,4935072,20285043,-18680119,1604924,276346,53641,3580278,6335837,,-270842,1567529,thousands,1.0,,"{""sfp"": [20], ""pl"": [21, 22], ""cfs"": [23]}",L2,ok
IDYM,2016,16782496,7364461,9418035,6599848,5886128,18103777,-16974823,1128954,91871,583745,3599444,,,,662621,thousands,1.0,,"{""sfp"": [20, 61], ""pl"": [21, 62], ""cfs"": [23, 64]}",L5;L5;L2,review
IDYM,2018,,,,,,30630286.0,-27616835.0,3013451.0,1781697.0,,,,,-230204,-308896,thousands,1.0,,"{""sfp"": [28, 106, 140], ""pl"": [107], ""cfs"": [32, 108]}",,ok
IDYM,2019,,,15544391,,,24926286,-22224455,2701831,1724254,,,,,-288515,735569,thousands,1.0,,"{""sfp"": [28, 101, 127, 128, 129, 130], ""pl"": [29, 28, 30, 102], ""cfs"": [32, 31, 33, 103]}",,ok
IDYM,2020,21850638,9383138,12467500,11300876,6916829,27076622,-24845634,2230628,957865,116432,6636909,6383628,-796165,,1894196,thousands,1.0,,,,ok
IDYM,2021,,,,,,,,,,,,,,,6514859,thousands,1.0,,"{""sfp"": [], ""pl"": [], ""cfs"": [156]}",,ok
IDYM,2022,38358374.0,,,22026240.0,9606258.0,49461116,-39100655,10360461,7687322,309882.0,11159676.0,,,-270732,3627684,thousands,1.0,,"{""sfp"": [28, 27, 29, 110], ""pl"": [29, 28, 30, 93], ""cfs"": [31, 30, 32, 94]}",,ok
IDYM,2023,45461504.0,,,26274353.0,14751150.0,49318539,-45639211,3679328,707952,287564.0,14180099.0,,,-93168,,thousands,1.0,,"{""sfp"": [30, 29, 31, 94], ""pl"": [31, 30, 32, 95], ""cfs"": [33, 32, 34, 98]}",,ok
IDYM,2024,43860421,20011245,23849176,24221402,13934891,,,,,184874.0,11164028.0,,,-16626,4122706,thousands,1.0,,"{""sfp"": [28, 27, 29, 95], ""pl"": [], ""cfs"": [31, 30, 32]}",,ok
IDYM,2025,49159864,24845329,24314535,29454212,19701137,66236197,-62625354,3610843,475330,87183,13040698,,,,-3890487,thousands,1.0,,"{""sfp"": [28, 27, 29], ""pl"": [29, 28, 30], ""cfs"": [32, 31, 33]}",,ok
IGIHL,2018,15186697,1880892,13305805,304040,980892,,,,,,,,,-1841472,-141518,thousands,1.0,,"{""sfp"": [54, 53, 55], ""pl"": [55, 54, 56], ""cfs"": [58, 57, 59]}",,ok
IGIHL,2019,,2317764.0,13774006.0,600104.0,1717764.0,,,,896729.0,,,,,-432176,-63563,thousands,1.0,,"{""sfp"": [24, 23, 25], ""pl"": [24, 23, 25], ""cfs"": [26, 25, 27]}",,ok
IGIHL,2020,16327633,2036000,14291633,456583,1736000.0,,,,,,,,,-427607,-42724,thousands,1.0,,"{""sfp"": [55, 54, 56], ""pl"": [], ""cfs"": [59, 58, 60]}",,ok
IGIHL,2021,16274543.0,1892934.0,14381609.0,864426.0,1892934.0,,,,1090176.0,,,,,-1001263,-84994,thousands,1.0,,"{""sfp"": [28, 27, 29, 48], ""pl"": [28, 27, 29, 48, 49], ""cfs"": [30, 29, 31, 50]}",,ok
IGIHL,2022,,1530219.0,14511595.0,,1830219.0,,,,911792,,,,,-780638,18748,thousands,1.0,,"{""sfp"": [27, 26, 28, 49], ""pl"": [27, 26, 28, 49, 50], ""cfs"": [29, 28, 30, 73]}",,ok
IGIHL,2023,16179259,888211,15291048,335593,888211,1597019,,,1317609.0,,,,,-603584,-263758,thousands,1.0,,"{""sfp"": [31, 30, 32, 76], ""pl"": [31, 30, 32, 76, 79], ""cfs"": [33, 32, 34, 101]}",,ok
IGIHL,2024,16125857,314204,15811653,314058,314204,,,,1351826,52527,,,,-851548,-182608,thousands,1.0,,"{""sfp"": [28, 27, 29, 59], ""pl"": [28, 27, 29, 59], ""cfs"": [30, 29, 31, 69]}",L5,review
IGIHL,2025,18856461.0,2136187.0,,,2136187.0,,,,,,,,,-928232,-189074,thousands,1.0,,"{""sfp"": [35, 34, 36, 79], ""pl"": [35, 34, 36, 80], ""cfs"": [37, 36, 38]}",,ok
IGIL,2013,874228.0,,,,,,,,73852,,,,,,,thousands,1.0,,"{""sfp"": [31, 32], ""pl"": [35], ""cfs"": [35, 34, 36]}",,ok
IGIL,2014,836402.0,10900.0,825502,,,,,,55352,,,,,,,thousands,1.0,,"{""sfp"": [51, 50, 52], ""pl"": [53, 52, 54], ""cfs"": [56, 55, 57]}",,review
IGIL,2015,946531.0,56630.0,,,,,,,76599,,,,,,,thousands,1.0,,"{""sfp"": [48, 49], ""pl"": [49, 48, 50], ""cfs"": [52, 51, 53]}",,ok
IGIL,2016,956249.0,97458.0,,,,,,,94890,,,,,-49980,-848250,thousands,1.0,,"{""sfp"": [53, 52, 54], ""pl"": [55, 54, 56], ""cfs"": [58, 57, 59]}",,ok
IGIL,2017,19999844,102849.0,,17502187,,,,,67906,745957,,,,,,thousands,1.0,,"{""sfp"": [69, 70], ""pl"": [70, 69, 71], ""cfs"": [73, 72, 74]}",L5;L3,review
IGIL,2018,18650377,17296523,1353854,,,,,,,768762,,,,-59212,-1990349,thousands,1.0,,"{""sfp"": [73], ""pl"": [74], ""cfs"": [76, 75, 77]}",,ok
IGIL,2019,,,,,,,,,,,,,,,-1607511,thousands,1.0,,"{""sfp"": [33, 42, 63], ""pl"": [38, 37, 39], ""cfs"": [35, 53]}",,ok
IGIL,2020,,,,,,,,,,1464863,,,,,,thousands,1.0,,"{""sfp"": [35, 50], ""pl"": [35, 53], ""cfs"": [35, 34, 36]}",,ok
IGIL,2021,,,,,,,,,,,,,,,-887032,thousands,1.0,,"{""sfp"": [34, 69], ""pl"": [34, 69], ""cfs"": [36, 35, 37, 69]}",,ok
IGIL,2022,,,,,,,,,,98014,,,,,-2112544,thousands,1.0,,"{""sfp"": [33, 64, 66, 68, 71], ""pl"": [33, 64], ""cfs"": [35, 34, 36, 71]}",,ok
IGIL,2023,26688033,24741558,1946475,,,,,,,342469,,172297,,,,thousands,1.0,,"{""sfp"": [32, 66, 67], ""pl"": [32, 34, 67], ""cfs"": [66, 65, 67]}",,ok
IGIL,2024,,,,,,,,,278902,,,,,,,thousands,1.0,,"{""sfp"": [14, 13, 15], ""pl"": [14, 13, 15], ""cfs"": [36, 35, 37]}",,ok
IGIL,2025,43662256,40963871,2698385,,,,,,,1526265,,277810,,,,thousands,1.0,,"{""sfp"": [37, 74], ""pl"": [37, 74], ""cfs"": [39, 38, 40, 69]}",,ok
ILP,2019,,,,,56481628.0,37478321,-25523607,11954714,5194767,,,,,-1434588,,thousands,1.0,,"{""sfp"": [58, 57, 59, 112], ""pl"": [59, 58, 60], ""cfs"": [62, 61, 63, 116]}",,ok
ILP,2020,45367329,28087637,17279692,20445736,17983667,36302794,-28439076,7863718,1796403,150787,8810625,,,-2526526,2602454,thousands,1.0,,"{""sfp"": [145, 144, 146, 253], ""pl"": [146, 145, 147], ""cfs"": [103]}",,ok
ILP,2021,60694839.0,,,34087036.0,27997279.0,54962265,-40749985,14212280,6291571,374442.0,,,,,,thousands,1.0,,"{""sfp"": [95, 94, 96], ""pl"": [96, 95, 97], ""cfs"": []}",,ok
ILP,2022,96315530,66375260,29940270,61091110,46836517,90894049,-64827880,26066169,12359496,117119,23142048,,,,,thousands,1.0,,"{""sfp"": [44, 43, 45], ""pl"": [44], ""cfs"": []}",,ok
ILP,2023,125244720.0,,,,58127352.0,,,,,1544502.0,,,,,,thousands,1.0,,"{""sfp"": [45, 44, 46], ""pl"": [45, 44, 46], ""cfs"": []}",,ok
ILP,2024,151674177,98141702,53532475,81070712.0,70969576.0,156128865,-112584682,43544183,15771267,370386.0,,,,,,thousands,1.0,,"{""sfp"": [89, 88, 90], ""pl"": [90, 89, 91], ""cfs"": []}",,ok
ILP,2025,176726656.0,,,92176874.0,78419359.0,173381533,-138210447,35171086,5376599,357519.0,,,,,,thousands,1.0,,"{""sfp"": [91, 90, 92, 157], ""pl"": [92, 91, 93], ""cfs"": []}",,ok
ILTM,2013,2099099.822,,,984269.947,261329.495,2218984.081,-1725208.183,493775.898,367361.533,85227.42,350373.84,,,,,thousands,0.001,,"{""sfp"": [24, 23, 25], ""pl"": [], ""cfs"": []}",,ok
ILTM,2014,2149190.909,,,947146.488,298810.082,1948956.467,-1686061.795,262894.672,102402.999,64323.167,563587.871,,,,,thousands,0.001,,"{""sfp"": [23, 22, 24], ""pl"": [], ""cfs"": []}",,ok
ILTM,2015,5890970.791,4160242.645,1730728.146,1828801.494,1382871.895,1998352.51,-1892072.341,106280.169,,152327.102,1198741.874,,,,,thousands,0.001,,"{""sfp"": [26, 25, 27], ""pl"": [], ""cfs"": []}",,ok
ILTM,2016,7454367.156,5043174.192,2411192.964,3015471.123,2665436.74,6303217.062,-5386092.785,917124.277,460073.431,18.425,1831840.804,,,,,thousands,0.001,,"{""sfp"": [33, 32, 34], ""pl"": [], ""cfs"": []}",L5,review
ILTM,2018,7454367.156,,,3015471.123,2665436.74,6303217.062,-5386092.785,917124.277,12517.0,18425.466,1831840.804,,,,,thousands,0.001,,"{""sfp"": [33, 32, 34], ""pl"": [], ""cfs"": []}",L2,ok
ILTM,2019,9890138.575,,,3652396.754,3534532.092,,-6545638.425,1011605.048,460074.0,21118.86,2229104.66,,,,,thousands,0.001,,"{""sfp"": [87, 86, 88], ""pl"": [], ""cfs"": []}",,ok
ILTM,2020,8509128.727,,,3097579.962,3029599.304,,-6056331.751,,,84140.255,2013961.47,,,,,thousands,0.001,,"{""sfp"": [83, 82, 84], ""pl"": [], ""cfs"": []}",,ok
IMAGE,2021,2070759.234,,,1213197.401,555352.151,1001848.809,559804.885,442043.924,115099.318,11486.922,834709.097,,,,,thousands,0.001,,"{""sfp"": [28, 27, 29], ""pl"": [], ""cfs"": []}",L5,review
IMAGE,2022,,,,,,,35365.872,,,,,,,,,thousands,0.001,,"{""sfp"": [], ""pl"": [], ""cfs"": []}",,ok
IMAGE,2023,3453575.632,1008755.797,2444819.835,2007637.252,674189.319,2064482.506,1216350.926,848131.58,207801.429,16370.832,1612961.279,1399589.12,,,,thousands,0.001,,"{""sfp"": [44, 43, 45, 85], ""pl"": [], ""cfs"": []}",,ok
IMAGE,2024,,,,,,,,,285945.0,,,,,-193339.245,-51612.276,thousands,0.001,,"{""sfp"": [], ""pl"": [57], ""cfs"": [49]}",,ok
IMAGE,2025,,,,7127463.347,1451239.148,3647663.966,,,511493.281,89889.62,,,,,,thousands,0.001,,"{""sfp"": [31, 30, 32], ""pl"": [31], ""cfs"": []}",,ok
IML,2020,,,,,,,,367897,163775,,,,,,152105,thousands,1.0,,"{""sfp"": [15], ""pl"": [16], ""cfs"": [18, 17, 19]}",,ok
IML,2021,12463255,2393522,10069733,3402344,559563,,,233129,74430,2779923,,,,,126265,thousands,1.0,,"{""sfp"": [15], ""pl"": [16], ""cfs"": [18, 17, 19]}",,ok
IML,2022,12549914,2403106,10146808,,,,,207063,73430,,,,,,,thousands,1.0,,"{""sfp"": [15], ""pl"": [16], ""cfs"": [18, 17, 19]}",,ok
IML,2023,12681925,2421046,10260879,3297608,582170,,,358064,114071,1132361,864564,,,,,thousands,1.0,,"{""sfp"": [19], ""pl"": [20], ""cfs"": [22, 21, 23]}",L2,ok
IML,2024,12785747,2446638,10339109,2980253,594621,381530,,381530,78960,195019,904493,,,,,thousands,1.0,,"{""sfp"": [19], ""pl"": [20], ""cfs"": [22]}",L5;L5,review
IML,2025,12772502,2389173,10383330,3016727,469767,319892,,319892,26663,191829,778098,,,,194361,thousands,1.0,,"{""sfp"": [22, 21, 23], ""pl"": [23, 22, 24], ""cfs"": [26, 25, 27]}",L5,review
IMSL,2015,4466951,,1309887,1028284,2465653,1071053,-1160485,-89432,-499699,,328748,3286843,,,,thousands,1.0,,"{""sfp"": [12, 13, 16, 17], ""pl"": [14, 15], ""cfs"": []}",L2,ok
IMSL,2016,16168901,14828953,1339948,,,344713,-326964,17749,-302269,,,,,,,thousands,1.0,,"{""sfp"": [14, 13, 15], ""pl"": [16, 15, 17], ""cfs"": [17, 16, 18]}",,ok
IMSL,2018,12506139,2831747,9674392,3739392,1002122,,,,-562502,,,,,,-64206,thousands,1.0,,"{""sfp"": [27], ""pl"": [28], ""cfs"": [30, 29, 31]}",,ok
IMSL,2019,12304455,2475260,9829285,3546560,643965,,,,154893,2963905,246648,18171,,,-261150,thousands,1.0,,,,ok
INDU,2013,25105392,7412684,17692708,22187601,7412684,63829075,57972038,5857037,3357545,4195302,7883309,,,-2645871,148658,thousands,1.0,,"{""sfp"": [67, 66, 68], ""pl"": [68, 67, 69], ""cfs"": [70, 69, 71]}",,ok
INDU,2014,26110635,6194983,19915652,20038312,5976034,57063622,51270040,5793582,,6857084.0,,,,,,thousands,1.0,,"{""sfp"": [36, 35, 37], ""pl"": [36, 35, 37], ""cfs"": [37, 36, 38]}",L5,review
INDU,2015,50399449,26363929,24035520,40225150,26363929,96516322,82272092,14244230,9110251,24865388,6150448,,,-4889130,,thousands,1.0,,"{""sfp"": [41, 40, 42], ""pl"": [41, 40, 42], ""cfs"": [42, 41, 43]}",L5,review
INDU,2016,57536994,29907385,27629609,47380549,29907385,108758668,91027369,17731299,11454940,2737569,7785245,,,-7894662,11412770,thousands,1.0,,"{""sfp"": [63, 62, 64], ""pl"": [64, 63, 65], ""cfs"": [66, 65, 67]}",,ok
INDU,2017,63879723,32682761,31196962,57441499,32678828,112271656,92449955,19821701,13001265,3221120,9317883,,,-9391010,12610888,thousands,1.0,,"{""sfp"": [71, 70, 72], ""pl"": [72, 71, 73], ""cfs"": [74, 73, 75]}",,ok
INDU,2018,81927064.0,,,74543128.0,45160011.0,140207524,-115830771,24376753,15771860,2200772.0,11150736.0,,,-10142419,22128829,thousands,1.0,,"{""sfp"": [105, 104, 106], ""pl"": [106, 105, 107], ""cfs"": [108, 107, 109]}",,ok
INDU,2019,64783062.0,,,50857994.0,24178833.0,,,,40045309.0,,,,,,,thousands,1.0,,"{""sfp"": [42, 41, 43], ""pl"": [42], ""cfs"": []}",,ok
INDU,2020,80278564,39109173,41169391,63617222,38626048,,,,41169391.0,,15932791.0,,,,,thousands,1.0,,"{""sfp"": [50, 49, 51], ""pl"": [50, 49, 51], ""cfs"": [51, 50, 52]}",,ok
INDU,2021,133905816,85704351,48201465,114711565,84958918,179161727,-162508017,16653710,12828592,2039797.0,22288961.0,,,-5843096,47821129,thousands,1.0,,"{""sfp"": [103, 102, 104], ""pl"": [104, 103, 105], ""cfs"": [106, 105, 107]}",,ok
INDU,2022,213965354.0,,,190131590.0,159677137.0,275505778,-257101297,18404481,15801848,6793784.0,26454435.0,,,-8886025,68234433,thousands,1.0,,"{""sfp"": [114, 113, 115], ""pl"": [115, 114, 116], ""cfs"": [117, 116, 118]}",,ok
INDU,2023,122764311,62694399,60069912,98180149,62140701,177710637,-169779467,7931170,9664429,6262571,28733390,24375442,,-1380666,-103594050,thousands,1.0,,"{""sfp"": [146, 233], ""pl"": [147, 148], ""cfs"": [149]}",,ok
INDU,2024,,,,116891587.0,78380394.0,,,19382302.0,15072426,7240410.0,,,,-11169936,,thousands,1.0,,"{""sfp"": [96, 95, 97], ""pl"": [96, 95, 97], ""cfs"": [97, 96, 98]}",,ok
INDU,2025,184774378.0,107821740.0,,161238126.0,107641026.0,215136582,-183941195,31195387,23009659,5397774.0,21766847.0,,,-13109327,41237421,thousands,1.0,,"{""sfp"": [273, 272, 274], ""pl"": [274, 273, 275], ""cfs"": [276, 275, 277]}",,ok
INIL,2013,14565853,8583394,5982459,8500041,7865758,17729744.0,-15665121.0,2064623.0,558143,,5415270,,,-358839,1206557,thousands,1.0,,"{""sfp"": [51, 50, 52, 99], ""pl"": [52, 51, 53, 100], ""cfs"": [54, 53, 55, 102]}",L5;L2,review
INIL,2014,16246569,10242421,6004148,10133460,9674411,16341306,-14239770,2101536,502840,72261,6671260,,,-416950,1545552,thousands,1.0,,"{""sfp"": [63, 62, 64, 111, 118, 119, 127, 132, 146, 147, 150, 151, 153, 154, 157], ""pl"": [64, 63, 65, 113], ""cfs"": [66, 65, 67]}",L2,ok
INIL,2015,13137803,6794550,6343253,6752030,6336599,17673799,15795133,1878666,730540,24673,3653153,,,-418441,2255214,thousands,1.0,,"{""sfp"": [63, 62, 64, 113], ""pl"": [64, 63, 65, 114, 115], ""cfs"": [66, 65, 67, 116]}",L5;L2,review
INIL,2016,13976681,6670177,7306504,6323377,5338027,14820526,-12360461.0,2460065.0,786016,15822,4058092,,,-416978,1843233,thousands,1.0,,"{""sfp"": [62, 61, 63, 114], ""pl"": [63, 62, 64, 115], ""cfs"": [65, 64, 66, 117]}",L5;L2,review
INIL,2017,18516278,10657457,7858821,10618504,9163781,16706963,-13866593,2840370,1842411,,8164856,,,-1012606,-2102443,thousands,1.0,,"{""sfp"": [111, 110, 112, 163], ""pl"": [112, 111, 113, 164], ""cfs"": [114, 113, 115, 165]}",L5,review
INIL,2018,22465050,13570667,,13634149.0,11270253.0,25001283.0,-21696355.0,3304928.0,1581739,261865.0,9004552.0,,,-704798,-1404048,thousands,1.0,,"{""sfp"": [114, 113, 115, 163], ""pl"": [115, 114, 116, 180, 181, 182], ""cfs"": [117, 116, 118]}",L5,review
INIL,2019,25327171,15378227,9948944,14882540,13222097.0,,,,,250700.0,10857730.0,,,,,thousands,1.0,,"{""sfp"": [64, 63, 65], ""pl"": [64, 63, 65], ""cfs"": [65, 64, 66]}",L5,review
INIL,2020,23139516,14193987,8945529,12757660,12222545,18964215,-17592908,1371307,-694205,299469.0,8405807.0,,,-359049,267930,thousands,1.0,,"{""sfp"": [133, 132, 134], ""pl"": [134, 133, 135], ""cfs"": [136, 135, 137]}",,ok
INIL,2021,28791460.0,17292937.0,,17657398.0,14877422.0,28940096,-24966647,3973449,2314562,73489.0,11923524.0,,,-467180,-2084477,thousands,1.0,,"{""sfp"": [141, 140, 142, 213], ""pl"": [142, 141, 143, 214, 237, 276], ""cfs"": [145, 144, 146, 131, 215]}",,ok
INIL,2022,36295563,21701348,14594215,22934821,19834706,37857863,-33189267,4668596,2155668,113580,13577794,,,-1116889,-2347123,thousands,1.0,,"{""sfp"": [185, 184, 186, 313], ""pl"": [186, 185, 187], ""cfs"": [174]}",,ok
INIL,2023,33956327,18707057,15249270,20645465,14420271,26786770,-23364930,3421840,2272936,212471.0,14105808.0,,,-1510488,3358626,thousands,1.0,,"{""sfp"": [189, 188, 190, 275], ""pl"": [190, 189, 191], ""cfs"": [180]}",,ok
INIL,2024,31637654,13209980,18427674,15977235,9829922,29203140,-25364362,3838778,1473131.0,384717,9897354,,,-532402,3153865,thousands,1.0,,"{""sfp"": [277, 276, 278, 367, 375, 382, 384, 385, 387, 406, 407, 413], ""pl"": [278, 277, 279, 374, 375], ""cfs"": [281, 280, 282, 270, 407, 413]}",,ok
INIL,2025,29919000,10260000,19659000,13502000,9470307,25096000,-21949000,3147121,1104324,802581,7933437,12961000,,-462328,3543845,thousands,1.0,,"{""sfp"": [86, 236, 241, 247, 259, 281, 288, 289, 318, 329], ""pl"": [217, 225, 237, 248, 252, 260, 261, 313, 319, 330], ""cfs"": [238, 243, 263, 320]}",,ok
INKL,2017,235439.359,100311.202,135128.154,175052.385,100311.202,169496.672,-173163.942,-3667.67,2152.031,336.491,20563.258,23704.246,,-6211.76,14770.862,thousands,0.001,,"{""sfp"": [21], ""pl"": [22, 23], ""cfs"": [25]}",,ok
INKL,2018,229951.285,,134473.105,179711.478,95478.179,393230.773,334420.004,58810.769,13404.982,18230.723,50619.309,25728.306,,-6211.76,-54067.345,thousands,0.001,,"{""sfp"": [26], ""pl"": [27, 28], ""cfs"": [30]}",,ok
INKL,2019,279041.635,157532.004,121509.631,226381.759,155483.1,451098.767,418999.17,32105.797,10237.662,21607.985,120400.006,32134.519,,-6630.158,-42954.714,thousands,0.001,,"{""sfp"": [27], ""pl"": [28, 29], ""cfs"": [31]}",,ok
INKL,2020,312027.536,188239.038,123788.498,258997.261,186587.173,537457.423,-486169.711,51287.652,7735.646,885.322,160126.086,35942.893,,-4620.091,-119.116,thousands,0.001,,"{""sfp"": [29], ""pl"": [30], ""cfs"": [31, 33]}",,ok
INKL,2021,,,,,,488090.15,-447727.269,40362.881,-50.123,,,,,-4750.196,36224.026,thousands,0.001,,"{""sfp"": [29], ""pl"": [30], ""cfs"": [33]}",,ok
INKL,2022,416058.364,272144.672,143913.692,229016.692,271502.384,670262.761,610521.595,59741.166,22084.733,5481.51,126572.714,53236.051,,,-51158.458,thousands,0.001,,"{""sfp"": [29, 32], ""pl"": [30], ""cfs"": [33]}",,ok
INKL,2023,,,,,,611489.441,530783.728,80705.713,22073.905,,,,,-7097.071,151714.948,thousands,0.001,,"{""sfp"": [19], ""pl"": [20], ""cfs"": [23]}",,ok
INKL,2024,482608.807,,167311.861,378707.753,315296.946,850505.029,-769107.246,81397.783,11043.54,3272.247,243547.294,73514.794,,-9350.971,7319.28,thousands,0.001,,"{""sfp"": [33], ""pl"": [34, 38], ""cfs"": [37]}",,ok
INKL,2025,,,,,,1210573.713,1104217.547,106356.166,30858.562,,,,,-7042.441,-205389.46,thousands,0.001,,"{""sfp"": [25], ""pl"": [26], ""cfs"": [29]}",,ok
ISIL,2013,9663509.96,6864027.678,2799482.282,5476861.187,4714043.948,10177476.104,-8202594.875,1974881.229,358118.126,29397.123,4667565.495,2919481.009,,-671.428,890952.864,thousands,0.001,,"{""sfp"": [20, 21], ""pl"": [22, 23], ""cfs"": [24]}",L2,ok
ISIL,2015,14275967.685,10300805.217,3975162.468,6677851.919,6230022.428,12241529.938,-9765721.666,2475808.272,639566.465,29092.389,5196389.762,4372072.916,,-783.732,1496124.634,thousands,0.001,,"{""sfp"": [36, 37], ""pl"": [38, 39], ""cfs"": [40]}",L2,ok
ISIL,2016,20603574.77,14604689.915,5998884.855,8296453.144,8407435.652,20004.048,,109455.538,1001866.892,60140.043,5749920.212,,,,,thousands,0.001,,"{""sfp"": [51, 50, 52], ""pl"": [], ""cfs"": []}",L2.5;L5;L5;L5;L5;L3,review
ISIL,2017,36594013.145,,,22238728.124,,,,,,7883443.103,4863525.905,10396249.287,,,,thousands,0.001,,"{""sfp"": [24], ""pl"": [], ""cfs"": []}",L2,ok
ISIL,2018,23072448.67,15852417.358,7220031.312,8518022.88,8385035.686,23906218.023,-18544995.038,5361222.985,1412191.491,51160.091,4969540.62,,,,,thousands,0.001,,"{""sfp"": [69, 68, 70, 125], ""pl"": [], ""cfs"": []}",L2.5;L2.5,review
ISIL,2021,40989980.862,29715244.218,11274736.644,14771622.139,14513805.397,37307759.872,30113980.222,7193779.65,1776665.309,143565.665,7570435.262,20797301.134,,-198813.008,2194501.751,thousands,0.001,,"{""sfp"": [93, 94, 99], ""pl"": [95, 96], ""cfs"": [98]}",,ok
ISIL,2023,73055597.734,55339862.477,17715733.257,35437630.507,29673447.476,99733046.867,-70473695.459,,,1530218.047,15884922.017,,,,,thousands,0.001,,"{""sfp"": [124, 123, 125, 178], ""pl"": [], ""cfs"": []}",L2.5;L2.5,review
ISIL,2025,102105000,72681000,29424000,55619000,44411000,105193000,-83359000,21834000,5749491.165,592185730,16969000,32217000,,-662832107,5624569996,thousands,1.0,{'PAT': 0.001},"{""sfp"": [187, 198, 243, 244, 245, 306, 307, 343], ""pl"": [129, 146, 188, 190, 191, 197, 246, 247, 308, 309, 349, 351, 352], ""cfs"": [189, 202, 249, 311]}",,ok
ISL,2013,,,,4850461.0,6083206.0,17602670,-15999250,1603420,363464,13694.0,2616040.0,,,,,thousands,1.0,,"{""sfp"": [37, 36, 38], ""pl"": [38, 37, 39], ""cfs"": [40, 39, 41]}",,ok
ISL,2014,,,,,,21283105,19029616,2253489,2990077,,,,,-83520,2380851,thousands,1.0,,"{""sfp"": [49], ""pl"": [50, 51], ""cfs"": [52]}",L2,ok
ISL,2015,19074775.0,,,6742081.0,7412137.0,17938077,-16452775,1485302,201780,37731.0,4437944.0,,,-434609,1498302,thousands,1.0,,"{""sfp"": [53, 52, 54], ""pl"": [54, 53, 55], ""cfs"": [56, 55, 57]}",,ok
ISL,2016,20984128.0,,,8364006.0,8961285.0,20499054,-17585833,2913221,1178964,37615.0,5314131.0,,,,2871600,thousands,1.0,,"{""sfp"": [58, 57, 59], ""pl"": [59, 58, 60], ""cfs"": [61, 60, 62]}",,ok
ISL,2017,26371095,17816848,8554247,12727641,12715577,33732622.0,-27826505.0,5906117.0,3044022,53228,9537846,,,,,thousands,1.0,,"{""sfp"": [89, 88, 90], ""pl"": [91], ""cfs"": []}",L2.5,review
ISL,2018,35592589.0,23767581.0,,17327314.0,15286462.0,47620719,-40047664,7573055,4364958,99822.0,14132742.0,,,-1350865,293548,thousands,1.0,,"{""sfp"": [84, 83, 85], ""pl"": [85, 84, 86], ""cfs"": [87, 86, 88]}",,ok
ISL,2019,39762042,26883772,12878270,20517948,19690864,55061879,-45612837,9449052,2664373,402812,14487099,18362302,,,3706339,thousands,1.0,,,L2,ok
ISL,2020,42861212.0,30135397.0,,22172184.0,23558056.0,48081937,-43869080,4212857,494851,106196.0,15132206.0,,,-652905,1968216,thousands,1.0,,"{""sfp"": [107, 106, 108], ""pl"": [108, 107, 109], ""cfs"": [110, 109, 111, 100]}",,ok
ISL,2021,41719543.0,22831903.0,,23560045.0,16357142.0,69796240,-56304367,13491877,7466331,292511.0,17081369.0,,,-1304635,8043275,thousands,1.0,,"{""sfp"": [130, 129, 131], ""pl"": [131, 130, 132], ""cfs"": [134, 133, 135, 123]}",,ok
ISL,2022,55905056,34308967,21596089,34914760,29213103,91423698,-79042389.0,12381309.0,5412190,896462,30196653,,10301,-3913497,-3453241,thousands,1.0,,"{""sfp"": [125, 124, 126], ""pl"": [126, 125, 127], ""cfs"": [129, 128, 130, 118]}",,ok
ISL,2023,42391582.0,20707702.0,,21733505.0,17406612.0,76753334,-66145658,10607676,3518790,1765136.0,17261712.0,,,-3262777,22361723,thousands,1.0,,"{""sfp"": [129, 128, 130], ""pl"": [130, 129, 131], ""cfs"": [133, 132, 134, 122]}",,ok
ISL,2024,44689780,21492350,23197430,24240532,18733013,69299633,-60726441,8573192,3654814,2708102.0,18259002.0,,,-2177515,4978716,thousands,1.0,,"{""sfp"": [132, 131, 133], ""pl"": [133, 132, 134], ""cfs"": [136, 135, 137, 125]}",L5,review
ISL,2025,50067519,24956897,25110622,28461498,22314184,,,,,3436737,21803321,,,,,thousands,1.0,,"{""sfp"": [132, 131, 133], ""pl"": [], ""cfs"": []}",L5;L5,review
ITTEFAQ,2013,4110086.223,2456671.054,1653415.169,2356072.352,19.903,3138386.973,2852758.382,285628.591,56238.12,,,,,,347817.821,thousands,0.001,,"{""sfp"": [1], ""pl"": [2], ""cfs"": [4]}",,ok
ITTEFAQ,2014,,,,,,4110125.936,3749261.333,360864.603,87108.115,,,,,,,thousands,0.001,,"{""sfp"": [1], ""pl"": [2, 4], ""cfs"": []}",,ok
ITTEFAQ,2015,,,,,,3842093.617,3490450.175,351643.442,114690.88,,,,,,-411690.076,thousands,0.001,,"{""sfp"": [1], ""pl"": [2, 3], ""cfs"": [5, 6]}",,ok
ITTEFAQ,2016,,,,,,3917451.919,3561943.062,355508.857,88334.813,,,,,,442309.111,thousands,0.001,,"{""sfp"": [1], ""pl"": [2], ""cfs"": [5, 6]}",,ok
ITTEFAQ,2017,5142699.421,1978414.417,3164285.004,3788077.411,1601169.666,4442102.678,-4070358.212,371744.466,140861.268,1110810.033,1434997.235,1332684.239,,,110252.97,thousands,0.001,,"{""sfp"": [2], ""pl"": [3], ""cfs"": [6, 7]}",,ok
ITTEFAQ,2018,,,3240056.48,,,6197999.269,-5578257.662,619741.607,269820.583,,,,,,-286597.678,thousands,0.001,,"{""sfp"": [58, 61], ""pl"": [59, 60], ""cfs"": [62]}",,ok
ITTEFAQ,2019,6422255.132,2323323.637,4098931.495,4699771.664,1842751.55,6809786.461,6170255.565,639530.896,198190.844,136050.186,2331035.674,1703511.242,,-50020.737,68844.787,thousands,0.001,,"{""sfp"": [62, 63], ""pl"": [64, 65], ""cfs"": [66]}",L5;L5;L5;L5;L5;L5;L5;L5,review
ITTEFAQ,2021,7455057.988,3013699.786,4441358.202,5385490.253,2455861.182,6200915.07,5554967.132,645947.938,266761.003,34000.404,2418538.554,1980221.679,,-5556.626,51249.903,thousands,0.001,,"{""sfp"": [57, 58], ""pl"": [59], ""cfs"": [62]}",L5;L5;L5;L5;L5;L5;L5;L5;L3,review
ITTEFAQ,2022,9520110.808,,,7532243.474,4240085.087,11225260.621,10716240.783,509019.838,234051.01,816768.215,3354382.051,,,,,thousands,0.001,,"{""sfp"": [57, 56, 58], ""pl"": [], ""cfs"": []}",,ok
ITTEFAQ,2023,7277223.473,,4573054.57,5324603.326,2224106.744,8284453.567,8142063.667,142389.9,-94456.476,20868.768,1457816.071,1875591.119,,-3219.92,-599526.06,thousands,0.001,,"{""sfp"": [62, 63, 66], ""pl"": [64], ""cfs"": [67]}",,ok
ITTEFAQ,2024,,,,,,2271682.864,2906905.654,,,,,,,,,thousands,0.001,,"{""sfp"": [], ""pl"": [], ""cfs"": []}",,ok
ITTEFAQ,2025,5366779.706,1871244.841,3495534.865,3066406.987,1403657.578,2651935.301,3111191.914,-459256.613,147722.0,59134.428,869291.666,2280346.493,,-373.72,81139.934,thousands,0.001,,"{""sfp"": [57, 58, 61], ""pl"": [59], ""cfs"": [62]}",,ok
JATM,2014,576903.598,429462.998,147440.6,134940.65,181119.562,747136.933,806572.113,-59435.18,-43042.175,2215.049,89917.61,424791.022,,,11160.164,thousands,0.001,,"{""sfp"": [17], ""pl"": [18, 19], ""cfs"": [20]}",,ok
JATM,2015,535758.171,415733.273,120024.898,77418.591,358993.724,584670.34,620892.796,-36222.456,-27436.13,3101.501,45945.645,441533.7,,,64940.452,thousands,0.001,,"{""sfp"": [17], ""pl"": [18, 19], ""cfs"": [21]}",,ok
JATM,2017,,,,,,602288.354,607033.081,,,,,,,,,thousands,0.001,,"{""sfp"": [], ""pl"": [30], ""cfs"": []}",,ok
JATM,2018,533286.906,286033.898,247253.008,117506.738,219244.28,1141797.358,-1116069.214,25728.144,30946.469,3012.176,90766.858,398352.788,,,13337.169,thousands,0.001,,"{""sfp"": [21], ""pl"": [22], ""cfs"": [25]}",,ok
JATM,2019,587130.596,,254448.112,186324.217,264697.221,1098229.082,-1075125.472,23103.61,-42.409,42755.0,74365.382,383178.999,,,38493.85,thousands,0.001,,"{""sfp"": [26], ""pl"": [27], ""cfs"": [30]}",,ok
JATM,2020,518534.517,257261.48,261273.037,134692.699,190479.146,932148.606,-914969.118,17179.488,7548.038,55492.837,48698.252,366414.438,,,,thousands,0.001,,"{""sfp"": [21, 25], ""pl"": [22, 23], ""cfs"": []}",,ok
JATM,2021,822410.148,353436.919,468973.229,243526.496,249169.46,1522471.467,1399117.267,123354.2,90061.401,106090.2,106797.692,557005.19,,,98631.254,thousands,0.001,,"{""sfp"": [21], ""pl"": [22, 23], ""cfs"": [25]}",,ok
JATM,2022,906134.477,391534.001,514600.476,287968.802,282389.6,1945515.349,1852066.858,93448.491,45958.371,219671.541,40408.496,586019.925,,,178430.815,thousands,0.001,,"{""sfp"": [21, 23, 30], ""pl"": [22], ""cfs"": [25]}",,ok
JATM,2023,822725.62,342726.206,479999.414,212653.285,236421.09,33685.7,95622.908,-61937.208,-33571.445,163476.064,13162.644,577926.585,,,-38007.361,thousands,0.001,,"{""sfp"": [20, 27], ""pl"": [21], ""cfs"": [23]}",L3,ok
JATM,2024,736321.166,319601.073,416720.093,147779.665,227417.409,129953.74,185360.608,-55406.868,-60831.172,52079.958,51121.781,556395.751,,,-103986.868,thousands,0.001,,"{""sfp"": [22], ""pl"": [23, 24], ""cfs"": [25]}",,ok
JATM,2025,1251661.858,,644842.129,377281.631,460909.125,1430987.885,1494319.011,-63331.126,45958.0,86214.169,175835.805,842134.477,,,-3228.334,thousands,0.001,,"{""sfp"": [22], ""pl"": [23, 24], ""cfs"": [26]}",L3,ok
JDMT,2013,3346165,1163447,2182718,913681,823469,2714679,2247284,467395,234581,13420,688101,,,,,thousands,1.0,,"{""sfp"": [21, 20, 22], ""pl"": [22, 21, 23], ""cfs"": [23, 22, 24]}",,ok
JDMT,2014,3576849,1266764,2310085,1068227,867418,2983385,2554361,429024,180597,67082,771782,,,,,thousands,1.0,,"{""sfp"": [20, 19, 21], ""pl"": [21, 20, 22], ""cfs"": [22, 21, 23]}",,ok
JDMT,2015,3487615.0,1177869.0,,1030104.0,817318.0,2542780,2344655,198125,16271,84723.0,658518.0,,,,,thousands,1.0,,"{""sfp"": [20, 19, 21], ""pl"": [21, 20, 22], ""cfs"": [22, 21, 23]}",,ok
JDMT,2016,4179031,1041375,3137656,869769,607450,2497962,2339861,158101,12894,22038,524175,3129440,,,135457,thousands,1.0,,"{""sfp"": [25], ""pl"": [26], ""cfs"": [27]}",,ok
JDMT,2017,4650061.0,1516995.0,,1285455.0,1120964.0,2515643,2398262,117381,,16999.0,896961.0,,,,,thousands,1.0,,"{""sfp"": [25, 24, 26], ""pl"": [26, 25, 27], ""cfs"": [27, 26, 28]}",,ok
JDMT,2018,5087678,1768113,3319565,1542192,1506888,2782025.0,2623993,158032,-74398,12170,1187384,,,,,thousands,1.0,,"{""sfp"": [36, 35, 37], ""pl"": [37, 36, 38], ""cfs"": [38, 37, 39]}",,ok
JDMT,2019,4682062,1435309,3246753,1244097,1204244,3379664.0,3114893,264771,,,1000589,,,,,thousands,1.0,,"{""sfp"": [35, 34, 36], ""pl"": [36, 35, 37], ""cfs"": [38, 37, 39]}",L5,review
JDMT,2020,5052315,1756976,3295339,1633393,1497225,2754564,2495305,259259,-93647,11160,1406119,3174164,,,-170154,thousands,1.0,,"{""sfp"": [40], ""pl"": [41], ""cfs"": [43]}",,ok
JDMT,2021,5275592,1765477,3510115,1604525,1385856,5610298,4835246,775052,273104,18886,1351899,3554156,,,910370,thousands,1.0,,"{""sfp"": [36], ""pl"": [37], ""cfs"": [39]}",,ok
JDMT,2022,10039725,3418056,6621669,2281606,2425686,7155722,6556943,598779,169836,17169,1822914,7674209,,,,thousands,1.0,,"{""sfp"": [48, 53], ""pl"": [49, 51], ""cfs"": []}",,ok
JDMT,2023,,,,,,6016527,5669629,,,,,,,,,thousands,1.0,,"{""sfp"": [17, 18, 20, 22, 72], ""pl"": [23, 71, 79, 80, 81], ""cfs"": []}",,ok
JDMT,2024,8873741,2837707,6036034,1590603.0,2355814.0,5884712.0,5909283,-24571,-467584,12372.0,1293722.0,,,,659407,thousands,1.0,,"{""sfp"": [45, 44, 46], ""pl"": [46, 45, 47], ""cfs"": [48, 47, 49]}",,ok
JDMT,2025,7390160,2108941,5281219,425614,1423659,1523661.0,2009496,-485835,169836.0,,125167,,,,20545,thousands,1.0,,"{""sfp"": [50, 49, 51], ""pl"": [51, 50, 52], ""cfs"": [53, 52, 54]}",L5,review
JDWS,2020,41092882.461,,,17222045.757,18154482.653,,-44867940.832,7402474.288,1398516.646,128579.174,3985441.491,,,,,thousands,0.001,,"{""sfp"": [57, 56, 58, 147], ""pl"": [], ""cfs"": []}",,ok
JDWS,2021,35545675.867,21098129.398,14447546.469,11692910.331,10731862.898,,-46664715.787,10135575.775,4878296.218,247319.679,1880461.902,19670791.623,,,,thousands,0.001,,"{""sfp"": [61, 60, 62, 155], ""pl"": [], ""cfs"": []}",,ok
JDWS,2023,51900617.813,,15991378.867,27677318.44,33618499.073,,-62032103.826,10311002.07,2166094.078,158591.08,15822918.641,,,,,thousands,0.001,,"{""sfp"": [59, 58, 60, 161], ""pl"": [], ""cfs"": []}",,ok
JDWS,2024,70470021.047,,,40873130.823,33055772.428,,-90899289.582,25150575.731,13009308.731,684540.559,21577807.317,,,,,thousands,0.001,,"{""sfp"": [61, 60, 62, 169], ""pl"": [], ""cfs"": []}",,ok
JDWS,2025,77893721.369,,30650158.541,32546254.098,29451453.338,,-98763617.643,15968823.973,6412738.673,437509.311,12625314.658,,,,,thousands,0.001,,"{""sfp"": [63, 62, 64, 175], ""pl"": [], ""cfs"": []}",L5,review
JGICL,2013,12811952,8052157,4759795,12672546,,3525777,,,1045315,1010385,,139406,,-349388,465149,thousands,1.0,,"{""sfp"": [59, 60, 65], ""pl"": [61, 62], ""cfs"": [63, 64]}",,ok
JGICL,2014,13538781.0,8115904,5422877,,,3644630,,,1079119,,,,,,,thousands,1.0,,"{""sfp"": [67, 66, 68], ""pl"": [69, 68, 70], ""cfs"": []}",,ok
JGICL,2015,15187869,9251115,5906404,,,415080,,,1352650,,,,,,,thousands,1.0,,"{""sfp"": [104, 160], ""pl"": [106, 107, 162], ""cfs"": [108, 107, 109, 176]}",L3,ok
JGICL,2016,,10727100,6599857,,,,,,1179431,,,,,,,thousands,1.0,,"{""sfp"": [119, 171, 173, 186, 196], ""pl"": [121, 122, 173], ""cfs"": [123, 122, 124, 173]}",,ok
JGICL,2017,,,,,,,,,,,,,,-538942,-373650,thousands,1.0,,"{""sfp"": [], ""pl"": [22, 21, 23], ""cfs"": [64, 63, 65]}",,ok
JGICL,2018,21313152,,,,,,,,,1669039,,,,-705595,422174,thousands,1.0,,"{""sfp"": [147, 213], ""pl"": [149], ""cfs"": [151, 150, 152]}",,ok
JGICL,2019,22088924,,,,,,,,,1148951,,,,-708857,417293,thousands,1.0,,"{""sfp"": [151, 213], ""pl"": [153, 215], ""cfs"": [155, 154, 156, 217]}",,ok
JGICL,2020,,,,,,,,,,,,,,-531538,-87619,thousands,1.0,,"{""sfp"": [], ""pl"": [], ""cfs"": [159, 158, 160]}",,ok
JGICL,2021,,,,,,,,,,,,,,-674041,773412,thousands,1.0,,"{""sfp"": [], ""pl"": [], ""cfs"": [169, 168, 170, 231]}",,ok
JGICL,2022,,,,,,,,,,,,,,-772376,1281718,thousands,1.0,,"{""sfp"": [], ""pl"": [], ""cfs"": [211, 210, 212, 272, 273]}",,ok
JGICL,2023,37234539,,,,,7088147,4224740,,2995617,2656284,,,,-771600,-13906,thousands,1.0,,"{""sfp"": [209, 273], ""pl"": [211, 275, 276], ""cfs"": [213, 212, 214, 278, 279]}",L5;L5,review
JGICL,2024,50368247,31560098,18808149,,,7340623,-6519996,820627,3521818,2004494,,173301,-963763,,-610641,thousands,1.0,,,,ok
JGICL,2025,65378379,,,,,,,,,2610687,,,,-1105842,185237,thousands,1.0,,"{""sfp"": [255, 325, 327], ""pl"": [257, 312], ""cfs"": [261, 260, 262, 330, 331]}",,ok
JKSM,2013,5462892,2454645,3008247,2630237,1764128,8918973,-7476268,1442705,599355,59014,1592021,,,,,thousands,1.0,,"{""sfp"": [25, 24, 26], ""pl"": [27, 26, 28], ""cfs"": []}",L2.5;L2,review
JKSM,2014,5669409,2370873,3298536,2864314,1772708,9734861,-8765635,969226,293262,27296,1652837,,,,285417,thousands,1.0,,"{""sfp"": [25, 24, 26], ""pl"": [27, 26, 28], ""cfs"": [29, 28, 30]}",L2,ok
JKSM,2015,5332253,2026574,3305679,2593535,1766472,8813412,-8022363,791049,70405,69625,1486168,,,-60903,716386,thousands,1.0,,"{""sfp"": [25, 24, 26], ""pl"": [27, 26, 28], ""cfs"": [29, 28, 30]}",L2,ok
JKSM,2016,5659795,2627697,3032098,2904699,2115632.0,8289147,-7638258,650889,75746,68237,1756108,,,,-113065,thousands,1.0,,"{""sfp"": [25, 24, 26], ""pl"": [27, 26, 28], ""cfs"": [29, 28, 30]}",L2,ok
JKSM,2018,7593824,3979316,3614508,4023195,2878444,9901857,-8855192,1046665,337928,28035,2461185,,,-36554,-17843,thousands,1.0,,"{""sfp"": [33, 32, 34], ""pl"": [35, 34, 36], ""cfs"": [37, 36, 38]}",,ok
JKSM,2019,9495493,,,5148004,3703011.0,13687117,-11772908,1914209,716350,73747,3746854,,,-73002,396078,thousands,1.0,,"{""sfp"": [36, 37], ""pl"": [37, 36, 38], ""cfs"": [39, 38, 40]}",,ok
JKSM,2020,11251715,,,6672985,4458020.0,14827225,-12328596,2498629,1141972,91555,4805601,,,-146090,37206,thousands,1.0,,"{""sfp"": [36, 35, 37], ""pl"": [37, 36, 38], ""cfs"": [39, 38, 40]}",,ok
JKSM,2021,13471058,,,7969380,4896913.0,17402936,-14070969,3331967,1811680,117680,5809836,,,-73017,924958,thousands,1.0,,"{""sfp"": [36, 35, 37], ""pl"": [37, 36, 38], ""cfs"": [39, 38, 40]}",,ok
JKSM,2022,19217512,8344506.0,10873006.0,11993362,6597201.0,,-21171839.0,6160703.0,3661520,137357,6911108,,,-153405,2680369,thousands,1.0,,"{""sfp"": [40, 41], ""pl"": [42], ""cfs"": [44, 43, 45]}",,ok
JKSM,2023,27513582,15025112.0,12488470.0,15750817,11601958.0,,-31342388.0,4786291.0,1820099,372236,8489011,,,,,thousands,1.0,,"{""sfp"": [40, 41], ""pl"": [42, 44], ""cfs"": [44, 43, 45]}",,ok
JKSM,2024,30565011,17070030,13494981,19213952,14038696,41816395,-36174349,5642046,1006511,618656,10674019,,,,-525747,thousands,1.0,,"{""sfp"": [41, 40, 42], ""pl"": [43, 42, 44], ""cfs"": [46, 45, 47]}",,ok
JKSM,2025,32008776,17965561.0,14043215.0,19923633,14644669.0,42837847.0,-38189290.0,4648557.0,513861,472879,11107260,,,,1700635,thousands,1.0,,"{""sfp"": [40, 41], ""pl"": [42], ""cfs"": [44, 43, 45]}",,ok
JLICL,2013,34290600.0,,,,,176935,,,,,,,,,,thousands,1.0,,"{""sfp"": [], ""pl"": [30], ""cfs"": []}",,ok
JLICL,2014,49613503.0,,,,,,,,,,,,,,,thousands,1.0,,"{""sfp"": [], ""pl"": [24], ""cfs"": []}",,ok
JLICL,2015,69223934,,,2276111,3108006.0,,,,1621560,,,,,-716321,,thousands,1.0,,"{""sfp"": [46, 47, 48, 49, 50, 117, 118, 119], ""pl"": [51, 53], ""cfs"": [54, 55, 83]}",,ok
JLICL,2016,102040961.0,,,,,,,,,,,,,-969228,18136828,thousands,1.0,,"{""sfp"": [24, 23, 25], ""pl"": [24, 23, 25], ""cfs"": [60, 59, 61]}",,ok
JLICL,2017,120476493.0,,,,,,,,,,,,,-1062247,22103906,thousands,1.0,,"{""sfp"": [92, 93, 185, 186], ""pl"": [29, 28, 30], ""cfs"": [96, 126]}",,ok
JLICL,2018,139626014,129284345,10341669,,,,,,,5673359,,,,-1380492,22499257,thousands,1.0,,"{""sfp"": [105, 106, 175, 176], ""pl"": [107], ""cfs"": [109, 108, 110]}",,ok
JLICL,2019,173360523,161954962,11405561,,,,,,2224227,4094997,,,,-1380813,13027353,thousands,1.0,,"{""sfp"": [91, 149, 150], ""pl"": [92, 91, 93], ""cfs"": [94, 93, 95]}",,ok
JLICL,2020,190422123,177549917,12872206,,,45207696,,,57137348,1332393,,,,-1312718,6807490,thousands,1.0,,"{""sfp"": [72, 71, 73, 193], ""pl"": [110, 109, 111, 194], ""cfs"": [112, 111, 113, 196]}",,ok
JLICL,2021,190551924,177483292,13068632,,,,,,1793107,1050650,,,,-1283421,-1322586,thousands,1.0,,"{""sfp"": [111, 110, 112, 237], ""pl"": [152, 151, 153, 238], ""cfs"": [154, 153, 155, 240]}",,ok
JLICL,2022,187852632,173911175,13941457,,,,,,2072051,4169423,,,,-748954,-6226642,thousands,1.0,,"{""sfp"": [168, 214, 226, 254], ""pl"": [169, 168, 170, 255], ""cfs"": [171, 170, 172, 257]}",,ok
JLICL,2024,236764098.0,,17333983.0,,,46562970,,,100842716,,,,,-1890886,-22149820,thousands,1.0,,"{""sfp"": [149, 148, 150, 254, 255, 284], ""pl"": [194, 193, 195, 285], ""cfs"": [196, 195, 197, 299]}",,ok
JLICL,2025,265767512,246934280,18833232,,,,,,2495503,1806377,,,,-1462534,-10383855,thousands,1.0,,"{""sfp"": [213, 265, 276, 305, 327], ""pl"": [214, 213, 215, 306, 307], ""cfs"": [216, 215, 217, 308]}",,ok
JOPP,2014,344887,,,142317,144602,103813,-93075,10738,-33156,,65091,201630,,,,thousands,1.0,,"{""sfp"": [16, 82], ""pl"": [18, 19, 83, 84], ""cfs"": [20, 85]}",,ok
JOPP,2015,275799,222248,53551,82039,129727,,,,,,45324,192820,,,,thousands,1.0,,"{""sfp"": [15, 83, 85, 111], ""pl"": [75, 76, 112], ""cfs"": [77, 114]}",,ok
JOPP,2017,216143.0,,,46279.0,177828.0,22924,-59469,-36545,-70503,,13788.0,,,,,thousands,1.0,,"{""sfp"": [27, 26, 28, 70, 99, 119, 139], ""pl"": [28, 27, 29, 78, 101, 121], ""cfs"": [30, 29, 31, 81, 111, 130]}",L2.5,review
JOPP,2018,519734,329893,189841,32823,195348,,-24645,-18333,-48660,,,,,,-20799,thousands,1.0,,"{""sfp"": [77, 76, 78, 115, 135, 155], ""pl"": [78, 77, 79, 116, 136, 156], ""cfs"": [80, 79, 81, 118, 138, 158]}",L5,review
JOPP,2019,494137.0,,,502727.0,329481.0,,-10504,,-35452,,,,,,-12093,thousands,1.0,,"{""sfp"": [27, 113], ""pl"": [27, 26, 28], ""cfs"": [29, 28, 30]}",,ok
JOPP,2020,,,,,,,,,-50523,,,,,,,thousands,1.0,,"{""sfp"": [], ""pl"": [24], ""cfs"": [23, 25]}",,ok
JOPP,2021,514464,416715,97749,13924,410350,,,,-14503,,,500223,,,15743,thousands,1.0,,"{""sfp"": [22, 27], ""pl"": [23], ""cfs"": [25]}",,ok
JOPP,2022,495568,363902,131666,27098,358972,86580,-59129,27451,33666,,,,,,41741,thousands,1.0,,"{""sfp"": [27, 26, 28], ""pl"": [28, 27, 29], ""cfs"": [30, 29, 31]}",,ok
JOPP,2023,770720,383004,387716,27487,376606,,,,,,,,,,,thousands,1.0,,"{""sfp"": [33, 32, 34], ""pl"": [34, 33, 35], ""cfs"": [36, 35, 37]}",L5,review
JSBL,2013,112770.0,,,,,,,,,,,,,,,thousands,,,"{""sfp"": [], ""pl"": [], ""cfs"": []}",,ok
JSBL,2014,53921.0,,,,,5625423,,,1060039,,,,,,,thousands,,,"{""sfp"": [51, 131], ""pl"": [52, 132], ""cfs"": [55, 54, 56, 135]}",,ok
JSBL,2015,220806686,,,,,,,,,11160169,,,,,,thousands,,,"{""sfp"": [136, 209], ""pl"": [40, 41, 137, 138], ""cfs"": [43, 42, 44, 140]}",L3,ok
JSBL,2018,456754.0,,,,,,,,,,,,,,,thousands,,,"{""sfp"": [31, 94, 95], ""pl"": [32, 33], ""cfs"": [35, 34, 36]}",,ok
JSBL,2020,532168.0,511576.0,20592.0,,,,,,,,,,,,,thousands,1.0,,"{""sfp"": [58, 149, 217, 230, 231, 232, 233, 239], ""pl"": [59, 150, 225], ""cfs"": [62, 61, 63, 153]}",,ok
JSBL,2021,584289.0,562265.0,22024.0,,,,,,,,,,,,,thousands,1.0,,"{""sfp"": [62, 99, 117, 118, 126, 127, 151, 154, 215, 224, 225, 226, 227, 228], ""pl"": [63, 179, 109], ""cfs"": [66, 65, 67, 182]}",,ok
JSBL,2022,616715.0,,,,,,,,,,,,,,69948143,thousands,1.0,,"{""sfp"": [256], ""pl"": [257], ""cfs"": [72, 71, 73, 260]}",,ok
JSBL,2023,589432.0,,,,,,,,,,,,,,,thousands,1.0,,"{""sfp"": [164, 217, 225, 280], ""pl"": [165, 281], ""cfs"": [168, 167, 169, 284]}",,ok
JSBL,2024,636107000.0,,,,,,,,,,,,,,,thousands,1000.0,,"{""sfp"": [60, 158], ""pl"": [61, 159], ""cfs"": [64, 63, 65, 162]}",L3,ok
JSBL,2025,655636000.0,,,,,,,,,,,,,,,thousands,1000.0,,"{""sfp"": [60, 184], ""pl"": [61, 185], ""cfs"": [64, 63, 65, 188]}",,ok
JSCL,2013,,,,2783813.0,170166.0,,,,,,,,,,,thousands,1.0,,"{""sfp"": [], ""pl"": [], ""cfs"": []}",,ok
JSCL,2014,22920569,1456668,21463901,587851,562892,531083,,,188377,135281,,,,,-53515,thousands,1.0,,"{""sfp"": [38, 37, 39, 88], ""pl"": [39, 38, 40, 89], ""cfs"": [42, 41, 43, 92]}",,ok
JSCL,2015,27021719,1719871,25301848,4684381,762782,,,,2830974,2000658.0,,,,,175086,thousands,1.0,,"{""sfp"": [42, 41, 43, 97], ""pl"": [43, 42, 44, 100], ""cfs"": [46, 45, 47]}",,ok
JSCL,2016,32563342,2508812,30054530,5233188,692367,946225,,,622041,730182,,,,,-1821657,thousands,1.0,,"{""sfp"": [47, 46, 48, 95], ""pl"": [48, 47, 49, 96], ""cfs"": [51, 50, 52, 97]}",,ok
JSCL,2017,31414651,3894243,27520408,4714043,1011922,1532838,,,365554,1427482.0,,,,,-853940,thousands,1.0,,"{""sfp"": [44, 43, 45, 93], ""pl"": [45, 44, 46, 94, 96], ""cfs"": [48, 47, 49]}",,ok
JSCL,2018,28715405,4920894,23794511,3518954,1568149,1245647,,,206865,296059,,,,,-1865392,thousands,1.0,,"{""sfp"": [58, 57, 59, 108], ""pl"": [59, 58, 60, 109], ""cfs"": [62, 61, 63, 110]}",,ok
JSCL,2019,,,,3601468.0,1547818.0,1220281,,,359810,232440.0,,,,,,thousands,1.0,,"{""sfp"": [58, 57, 59, 117], ""pl"": [59, 58, 60, 118, 120], ""cfs"": [62, 61, 63]}",,ok
JSCL,2020,,,,7125664.0,996254.0,,,,1205007.0,179730.0,,,,,,thousands,1.0,,"{""sfp"": [62, 61, 63, 113], ""pl"": [], ""cfs"": []}",,ok
JSCL,2021,,,,9311332.0,533134.0,1507123,,,786380,912159.0,,,,,,thousands,1.0,,"{""sfp"": [159, 158, 160], ""pl"": [160, 159, 161], ""cfs"": [163, 162, 164]}",,ok
JSCL,2022,32473596.0,,,7245794.0,1426487.0,,,,345243,137607.0,,,,,,thousands,1.0,,"{""sfp"": [173, 172, 174, 241], ""pl"": [175, 243, 295], ""cfs"": [159]}",,ok
JSCL,2023,32522037,1417313,31104724,3202067,671590,,,,290814,85573.0,,,,-656634,1537022,thousands,1.0,,"{""sfp"": [197, 196, 198, 259], ""pl"": [198, 197, 199, 260, 261], ""cfs"": [201, 200, 202, 184, 263]}",L5,review
JSCL,2024,,,,,,,,,397941,123584,,,,,,thousands,1.0,,"{""sfp"": [112], ""pl"": [111], ""cfs"": []}",,ok
JSCL,2025,,,,,2986512.0,,,,,,,,,,,thousands,1.0,,"{""sfp"": [161, 168], ""pl"": [168, 161], ""cfs"": [169, 155]}",,ok
JSGCL,2013,2924086.0,,,2723511.0,388232.0,,,,150196.0,,,,,,,thousands,1.0,,"{""sfp"": [35, 34, 36], ""pl"": [35, 34, 36], ""cfs"": []}",,ok
JSGCL,2014,3427368.0,,,3211588.0,801107.0,,,,282566684,,,,,,,thousands,1.0,,"{""sfp"": [23, 22, 24], ""pl"": [24, 23, 25], ""cfs"": []}",,ok
JSGCL,2015,3532592.719,647255.52,2885337.199,3309412.167,647255.52,494793.986,,,251296.414,1480125.758,,59901.526,,-181.859,-114512.279,thousands,0.001,,"{""sfp"": [51], ""pl"": [52], ""cfs"": [54]}",,ok
JSGCL,2016,4458216.829,1902713.878,2555502.959,4197471.626,1902713.878,463957.794,,,171035.496,1047751.383,,65654.048,,,166142.235,thousands,0.001,,"{""sfp"": [40], ""pl"": [41, 42], ""cfs"": [43]}",,ok
JSGCL,2017,3762454.257,1161037.703,2601416.554,3479765.861,3762454.257,,,,85529.703,1678529.935,,,,,,thousands,0.001,,"{""sfp"": [48, 47, 49], ""pl"": [], ""cfs"": []}",L5,review
JSGCL,2018,4840046.992,2231646.217,2608400.775,4314907.431,2231646.217,478163.009,,,25637.137,1571601.448,,216757.123,-69.499,,612966.286,thousands,0.001,,,,ok
JSGCL,2019,4091854.504,,,3274942.21,1630847.672,,,,47248.393,1203057.736,,,,,,thousands,0.001,,"{""sfp"": [48, 47, 49], ""pl"": [], ""cfs"": []}",,ok
JSGCL,2020,,5390730.895,2446438.622,,2888538.17,,,,,,,,,,798326.889,thousands,0.001,,"{""sfp"": [91], ""pl"": [], ""cfs"": [83]}",L5,review
JSGCL,2021,,,,,,,,,410525620.0,,,,,,,thousands,,,"{""sfp"": [], ""pl"": [], ""cfs"": []}",,ok
JSGCL,2022,,,,318612.604,4309361.263,,,,76121.264,,,,,,,thousands,0.001,,"{""sfp"": [], ""pl"": [], ""cfs"": []}",,ok
JSGCL,2024,9283402.373,6338158.367,2945244.006,8180571.189,6071655.284,,,,454555.657,2919864.737,,,,,,thousands,0.001,,"{""sfp"": [130, 129, 131], ""pl"": [], ""cfs"": []}",,ok
JSGCL,2025,12005571.221,8414493.116,3591078.105,10778493.029,7866158.643,,,,608567.696,3225591.38,,,,,,thousands,0.001,,"{""sfp"": [49, 48, 50], ""pl"": [], ""cfs"": []}",L5;L5,review
JSIL,2014,2915525.765,272003.231,2643522.534,2500762.222,177847.979,869190.167,,,649475.213,13178.36,,374524.68,,-3940.191,7598.689,thousands,0.001,,"{""sfp"": [26], ""pl"": [27, 28], ""cfs"": [29]}",,ok
JSIL,2015,2586123.56,278373.77,,2186126.018,200006.241,406011.726,,,174272.54,12743.292,,359859.663,,-27.16,-43580.484,thousands,0.001,,"{""sfp"": [25, 27], ""pl"": [26], ""cfs"": [28]}",,ok
JSIL,2018,2435726.101,285049.025,2150677.076,1892394.702,250414.392,,,,41728.15,23014.578,,,,,,thousands,0.001,,"{""sfp"": [47, 46, 48, 99], ""pl"": [], ""cfs"": []}",,ok
JSIL,2019,2915525.765,278373.77,,2186126.018,451746.974,,,,,12743.292,,,,,,thousands,0.001,,"{""sfp"": [88, 150], ""pl"": [76], ""cfs"": []}",,ok
JSIL,2020,2305289.164,530302.379,1774986.785,1854113.189,193269.219,,,,,9433.434,,,,,,thousands,0.001,,"{""sfp"": [98, 154], ""pl"": [], ""cfs"": []}",L5;L5;L5;L5;L5,review
JSIL,2021,1984861.318,480413.662,,1631264.918,245227.987,,,,-300075.584,26145.28,,,,,,thousands,0.001,,"{""sfp"": [63, 62, 64], ""pl"": [], ""cfs"": []}",,ok
JSIL,2022,1771783.515,416386.572,1355396.943,1487241.674,202652.001,,,,,12288.813,,275654.014,,-23.235,-194004.33,thousands,0.001,,"{""sfp"": [46], ""pl"": [], ""cfs"": [48]}",,ok
JSIL,2023,,,,,,,,,310024.438,,,,,-49.522,-5981.969,thousands,0.001,,"{""sfp"": [99, 137], ""pl"": [95, 132], ""cfs"": [97]}",,ok
JSIL,2024,3581216.702,1469630.628,2111586.074,570784.148,1314702.403,,,,448923.028,42309.808,,,,,,thousands,0.001,,"{""sfp"": [66, 65, 67], ""pl"": [], ""cfs"": []}",,ok
JSIL,2025,3360891.945,766021.936,2594870.009,972920.461,570449.438,,,,483283.935,12702.667,,,,,,thousands,0.001,,"{""sfp"": [63, 62, 64], ""pl"": [], ""cfs"": []}",L5;L5,review
JSML,2013,,,21027.23,728596.336,1022588.899,1143758.43,1485980.606,,,4902.422,,,,,,thousands,0.001,,"{""sfp"": [], ""pl"": [], ""cfs"": []}",,ok
JSML,2014,,,1070541.974,,,1379043.093,1196613.437,,,,,,,,,thousands,0.001,,"{""sfp"": [], ""pl"": [], ""cfs"": []}",L3,ok
JSML,2015,2750235.194,1096862.348,1653372.846,551976.859,485282.359,1455104.935,1349775.097,105329.838,5120.654,34262.761,59087.929,2197804.524,,,-50175.258,thousands,0.001,,"{""sfp"": [19], ""pl"": [20], ""cfs"": [21]}",,ok
JSML,2016,3228164.009,579712.353,2648451.656,441667.148,214364.397,2096363.202,1888218.218,208144.984,105997.346,19538.233,30432.46,2786100.91,,,41991.415,thousands,0.001,,"{""sfp"": [51], ""pl"": [52, 53], ""cfs"": [55]}",,ok
JSML,2017,,,2568043.6,,,2581.987,2281.868,300.119,31.856,,,,,-10719.513,-113982.533,thousands,0.001,,"{""sfp"": [57, 61], ""pl"": [22, 58, 59], ""cfs"": [60]}",L3,ok
JSML,2018,4689433.322,1944450.336,2744982.986,1448769.928,1433904.992,2195039.714,2149333.504,45706.21,5115.757,46519.316,753446.441,3239613.198,,-24485.458,-781407.017,thousands,0.001,,"{""sfp"": [26], ""pl"": [27], ""cfs"": [29]}",L3,ok
JSML,2019,4361090.86,1461156.726,2899934.134,1084691.095,1080799.835,3441483.202,-2787754.072,653729.13,182717.113,58854.832,390002.409,3273754.214,,,,thousands,0.001,,"{""sfp"": [], ""pl"": [], ""cfs"": []}",,ok
JSML,2020,5876364.922,1180082.458,4696282.464,748309.979,677845.415,3502836.509,2898771.289,604065.22,213328.747,223833.689,193621.434,5125094.78,,-34128.469,597801.104,thousands,0.001,,"{""sfp"": [23], ""pl"": [24], ""cfs"": [26, 27]}",,ok
JSML,2021,5732531.679,970357.596,4762174.083,607256.721,584398.225,4924089.175,4345577.879,578511.296,101751.072,68442.035,93460.919,5122358.505,,-34128.453,126805.284,thousands,0.001,,"{""sfp"": [28], ""pl"": [29], ""cfs"": [31, 32]}",,ok
JSML,2022,11800566.184,3279293.087,8521273.097,2283066.41,2220249.898,5180431.166,-4351867.39,828563.776,127721.139,32445.703,1573365.053,9514621.651,,-34128453,-611580044,thousands,0.001,,"{""sfp"": [42, 43], ""pl"": [], ""cfs"": [45, 46]}",,ok
JSML,2023,12236942832,3372015043,8864928269,2418903556,2352071427,6925893,5851908,1073985,212233,80517758,1524695100,9814896493,,-34128453,608024626,thousands,1.0,,"{""sfp"": [141, 155], ""pl"": [62, 126, 129, 135, 142], ""cfs"": [144, 145]}",L3,ok
JSML,2024,,,,,,7996000,6987000,1009306,1880.0,,,,,-34128453,-992834152,thousands,1.0,,"{""sfp"": [26], ""pl"": [45, 48, 75, 76, 99], ""cfs"": [101, 102]}",L2,ok
JSML,2025,,,,38301794.0,53657628.0,10727499,-9245827,1481673,250012,,,,,,455571399,thousands,1.0,,"{""sfp"": [], ""pl"": [], ""cfs"": [71, 70, 72]}",,ok
JUBS,2014,914168.469,378088.235,536080.234,270736.856,252648.149,332942.054,,-28634.17,-37910.786,2340.781,1249.856,,,,,thousands,0.001,,"{""sfp"": [13, 12, 14], ""pl"": [], ""cfs"": []}",L5,review
JUBS,2015,924132.962,327681.267,596451.695,242809.991,200835.175,14876.824,29513.498,-14636.674,-40361.827,1105.138,,582288.844,,,-27927.065,thousands,0.001,,"{""sfp"": [15, 16, 17], ""pl"": [18], ""cfs"": [20]}",L3,ok
JUBS,2017,783461,166497,616964,137781,151136,24032,-7517,16514,115352,2283,,61501,,,-94959,thousands,1.0,,"{""sfp"": [27, 28], ""pl"": [29, 30], ""cfs"": [32]}",,ok
JUBS,2018,797655.887,149687.695,647968.192,133066.368,23820.112,37150.238,-12936.439,24213.799,32863.731,5269.057,,,,,,thousands,0.001,,"{""sfp"": [27, 26, 28], ""pl"": [], ""cfs"": []}",L5,review
JUBS,2019,818194.593,,677189.429,121416.634,250495.118,23682.252,-9306.829,14375.423,28890.8,5777.264,801.63,,,,,thousands,0.001,,"{""sfp"": [30, 29, 31], ""pl"": [], ""cfs"": []}",L5,review
JUBS,2020,842773.029,175329.197,667443.832,139341.611,162977.126,7335.721,-6267.807,1067.914,,1605.693,,,,,,thousands,0.001,,"{""sfp"": [42, 41, 43], ""pl"": [], ""cfs"": []}",,ok
JUBS,2021,864219.957,190909.602,673310.355,145026.128,176409.769,2861.821,-3337.746,-475.925,,9926.505,,,,,,thousands,0.001,,"{""sfp"": [43, 42, 44], ""pl"": [], ""cfs"": []}",L5,review
JUBS,2022,915016.715,191635.773,723380.942,139616.052,177031.604,4960.168,-2882.732,2077.436,43985.026,1701.125,,,,,,thousands,0.001,,"{""sfp"": [44, 43, 45], ""pl"": [], ""cfs"": []}",,ok
JUBS,2023,993788.526,191497.2,802291.326,144755.379,178549.961,5337.933,-3321.54,2016.393,71613.926,5061.052,,,,,,thousands,0.001,,"{""sfp"": [47, 46, 48], ""pl"": [], ""cfs"": []}",,ok
JUBS,2024,1198215.446,197654.436,1005610.01,153444.452,184558.475,,-7501.044,3439.016,,1243.226,,,,,,thousands,0.001,,"{""sfp"": [48, 47, 49], ""pl"": [], ""cfs"": []}",L5,review
JUBS,2025,1344871.61,187691.433,1157180.177,168226.719,174518.946,12750.792,-7393.937,,,4123.876,,,577.482,,,thousands,0.001,,"{""sfp"": [48, 47, 49], ""pl"": [], ""cfs"": []}",,ok
JVDC,2014,,,527188,,,1876433,-566320,1310113,842277,,,,,,221763,thousands,1.0,,"{""sfp"": [32, 37], ""pl"": [33, 34], ""cfs"": [35, 36]}",,ok
JVDC,2015,14124202,5379102,8745100,11909078,4405769,1260588,-424149,836439,800521,112854,,1546410,,,-169939,thousands,1.0,,"{""sfp"": [42], ""pl"": [43, 44], ""cfs"": [45, 46]}",L3,ok
JVDC,2017,14443481,4214005,10229476,12414366,3009086,2467969,-595735,1872234,1095373,25402,,,,,495578,thousands,1.0,,"{""sfp"": [55, 54, 56], ""pl"": [56, 55, 57], ""cfs"": [58, 57, 59]}",,ok
JVDC,2018,20840488,7005216,13835272,18984539,6114775,2479158,-1099368,1379790,703713,106428,,,,-444856,-4160135,thousands,1.0,,"{""sfp"": [57, 56, 58], ""pl"": [58, 57, 59], ""cfs"": [60, 59, 61]}",L2.5,review
JVDC,2019,25283074,8000661,17284413,19858206.0,4402555.0,1899014,-772949,1126065,579880,56751.0,,,,-187114,-1248892,thousands,1.0,,"{""sfp"": [43, 42, 44], ""pl"": [44, 43, 45], ""cfs"": [47, 46, 48]}",,ok
JVDC,2020,26154969,8631559,17523410,19624147,4985006,1643274,-708637,934637,236700,59908,,,,,,thousands,1.0,,"{""sfp"": [51, 50, 52, 99], ""pl"": [52, 51, 53, 100], ""cfs"": []}",,ok
JVDC,2021,27998944,10146678,17852266,21119339,5190937,1047286,-264909,782377,331240,152696,,,,,,thousands,1.0,,"{""sfp"": [89, 88, 90, 157], ""pl"": [90, 89, 91, 158], ""cfs"": [93, 92, 94]}",,ok
JVDC,2022,33260645,13905745,19354900,24089168,6268673,4342710,-1927437,2415273,1505145,1645816,,,,,,thousands,1.0,,"{""sfp"": [89, 88, 90, 155], ""pl"": [90, 89, 91, 156], ""cfs"": [93, 92, 94, 160]}",,ok
JVDC,2023,42883146,16961467,25921679,29002931,10217432,16827214,-7793730,9033484,6741951,82314,,,,-1521148,,thousands,1.0,,"{""sfp"": [85, 84, 86, 155], ""pl"": [86, 85, 87, 156], ""cfs"": [89, 88, 90, 159, 160]}",L5,review
JVDC,2024,40313731,14974495,25339236,22420870,10610269.0,4214923,-1707918,2507005,1703627,228031.0,,,,-2281848,,thousands,1.0,,"{""sfp"": [91, 90, 92, 163], ""pl"": [92, 91, 93, 164], ""cfs"": [95, 94, 96, 167, 168]}",L2,ok
JVDC,2025,41347275,15965453,25381822,20357662,11395920,7361129,-5079020,2282109,1564934,46053,,,,-1506088,4551399,thousands,1.0,,"{""sfp"": [105, 104, 106, 176], ""pl"": [106, 105, 107, 177], ""cfs"": [109, 108, 110, 180]}",,ok
KAPCO,2014,95352006,,,79357779,63427193.0,113206047,-101001998,12204049,7729844,3330435,4128021,,,-6336946,-19395504,thousands,1.0,,"{""sfp"": [20, 19, 21], ""pl"": [22, 21, 23], ""cfs"": [24, 23, 25]}",,ok
KAPCO,2015,96262094,66533485,29728609,81368577,62473325,101480570,-86334572,15145998,9798709,675312,3539023,,,-6579057,9974881,thousands,1.0,,"{""sfp"": [19, 18, 20], ""pl"": [21, 20, 22], ""cfs"": [23, 22, 24]}",,ok
KAPCO,2016,92209743,,,79453972,58312342.0,64178389,-50770461,13407928,9071051,597650,3134827,,,-8041159,130989,thousands,1.0,,"{""sfp"": [42, 41, 43], ""pl"": [44, 43, 45], ""cfs"": [46, 45, 47]}",,ok
KAPCO,2017,116000581,,,104953096,81294665.0,81846981,-67666625,14180356,9447049,629718,5914402,,,,,thousands,1.0,,"{""sfp"": [16, 15, 17], ""pl"": [18, 17, 19], ""cfs"": []}",,ok
KAPCO,2018,138445988,,,129783054,100604528.0,91915894,-78536832,13379062,10617085,684955,6717597,,,-7928387,4684184,thousands,1.0,,"{""sfp"": [67, 66, 68], ""pl"": [69, 68, 70], ""cfs"": [71, 70, 72]}",,ok
KAPCO,2019,139267046,,41161147,132511811,96318569,84830617,-70625377,14205240,13111540,1349922,9466456,6337095,,,,thousands,1.0,,"{""sfp"": [69, 68, 70], ""pl"": [71, 70, 72], ""cfs"": []}",,ok
KAPCO,2020,134523179,,,130377912,66297509.0,71543299,-50065134,21478165,23613193,835246,2700672,,,,,thousands,1.0,,"{""sfp"": [65, 64, 66, 95, 107, 108, 111], ""pl"": [67, 66, 68], ""cfs"": []}",,ok
KAPCO,2021,152233596,,,148712682,73169691.0,50349026,45098016,5251010,10229424,1283523,5921887,,,,,thousands,1.0,,"{""sfp"": [69, 68, 70], ""pl"": [71, 70, 72], ""cfs"": []}",L5;L2,review
KAPCO,2022,136761363,,,133776976,70684531.0,136599624,128067519,8532105,9893620,1018182,6235956,,,,,thousands,1.0,,"{""sfp"": [65, 64, 66], ""pl"": [67, 66, 68], ""cfs"": []}",L5,review
KAPCO,2023,101848161,,,98895654,39296423.0,25435312,-26004159,-568847,3958757,1919781,11566471,,,,,thousands,1.0,,"{""sfp"": [67, 66, 68], ""pl"": [69, 68, 70], ""cfs"": []}",L3,ok
KAPCO,2024,81551254,,,79333890,18164279.0,,,,4313618,2784292,9836471,,,,,thousands,1.0,,"{""sfp"": [61, 60, 62], ""pl"": [63, 62, 64], ""cfs"": []}",,ok
KAPCO,2025,65253378,,,61401429,17809830.0,1563320,-2001477,-438157,2536065,1367410,7709492,,,,,thousands,1.0,,"{""sfp"": [61, 60, 62], ""pl"": [63, 62, 64], ""cfs"": []}",L5,review
KASBM,2015,982728.158,597493.977,385234.181,680456.278,345045.668,173556.905,,,11154.76,145845.016,,14319.938,,,220384212,thousands,0.001,,"{""sfp"": [14], ""pl"": [15, 16], ""cfs"": [17]}",,ok
KASBM,2019,270583.511,29875.427,240708.083,236436.209,23005.572,,,,-34239.54,51147.044,,5699.672,,,,thousands,0.001,,"{""sfp"": [], ""pl"": [], ""cfs"": []}",L2,ok
KASBM,2020,154406.951,16007.329,138399.622,141819.677,12237.309,,,,-102920.867,71872.499,,1545.071,,,33292181,thousands,0.001,,"{""sfp"": [], ""pl"": [18], ""cfs"": [20]}",,ok
KASBM,2022,233290.123,82154.16,151135.963,78255.348,72358.839,,,,6163.303,10336.507,,0.0,,,,thousands,0.001,,"{""sfp"": [], ""pl"": [], ""cfs"": []}",,ok
KCL,2014,872376.314,490795.627,381580.687,229569.693,214342.681,1278612.267,-1185781.344,92830.923,16823.459,18332.948,98414.11,641899.583,,,,thousands,0.001,,"{""sfp"": [15, 16], ""pl"": [17, 18, 19], ""cfs"": []}",,ok
KCL,2015,13452,759915,-746463,13452,759915,,,,2163810,13452,,,,,2288810,thousands,1.0,,"{""sfp"": [8, 11], ""pl"": [9], ""cfs"": [10]}",L3,ok
KCL,2017,1409829.388,1121616.07,,525560.745,464994.373,860670.027,-838541.136,22128.891,-74821.788,3227.59,274884.94,,,,,thousands,0.001,,"{""sfp"": [19, 18, 20], ""pl"": [], ""cfs"": []}",,ok
KCL,2018,1241621.533,938427.529,303194.004,433440.138,373679.373,1210390.766,-1073959.929,136430.837,,4591.034,290087.617,,,,,thousands,0.001,,"{""sfp"": [25, 24, 26], ""pl"": [], ""cfs"": []}",,ok
KCL,2019,1596970.888,971426.086,625544.802,450838.391,401967.499,1439294.244,-1251817.584,187476.66,28877.94,5819.737,307036.047,,,,,thousands,0.001,,"{""sfp"": [27, 26, 28], ""pl"": [], ""cfs"": []}",,ok
KCL,2020,1706519.528,1126878.607,579640.921,634439.896,453024.306,927013.022,-993756.184,,,15807.906,427205.721,,,,,thousands,0.001,,"{""sfp"": [31, 30, 32], ""pl"": [], ""cfs"": []}",,ok
KCL,2021,1982586.74,1182209.802,,786995.239,622956.139,1126645.068,-1090903.543,,,15240.576,,,,,,thousands,0.001,,"{""sfp"": [28, 27, 29], ""pl"": [], ""cfs"": []}",,ok
KCL,2022,1778439.966,1235517.258,,735913.387,477185.749,818082.431,-1016124.94,,,4761.561,618481.474,,,,,thousands,0.001,,"{""sfp"": [27, 26, 28], ""pl"": [], ""cfs"": []}",,ok
KCL,2023,1870718.448,350023.47,,877288.768,371022.689,977133.409,-1338780.229,-361646.82,-474962.526,43733.323,,,,,,thousands,0.001,,"{""sfp"": [32, 31, 33], ""pl"": [], ""cfs"": []}",,ok
KCL,2024,2120904.048,821386.944,,784331.836,787543.88,1348465.55,-1767249.944,-418784.394,-432087.816,11484.767,,,,,,thousands,0.001,,"{""sfp"": [33, 32, 34], ""pl"": [], ""cfs"": []}",,ok
KCL,2025,1492959.424,587772.752,905186.672,238716.814,587772.752,584210.014,-1116066.734,-531856.72,-728226.45,23501.814,132222.53,1187916.387,,,-196246.926,thousands,0.001,,"{""sfp"": [34], ""pl"": [35, 36], ""cfs"": [38]}",,ok
KEL,2014,,,,,,194708000,162290000,32418000,,,,,,,,thousands,1.0,,"{""sfp"": [], ""pl"": [163], ""cfs"": []}",,ok
KEL,2016,,,,,,189628604,-131452278,58176326,32757629,,,,,,41097000,thousands,1.0,,"{""sfp"": [40], ""pl"": [41], ""cfs"": [39, 42]}",,ok
KEL,2017,395943429,211627113,184316316,157961974,157804765,,,39525135.0,,2077916,,,,,,thousands,1.0,,"{""sfp"": [67, 66, 68], ""pl"": [68, 67, 69], ""cfs"": [69, 68, 70]}",L5;L5,review
KEL,2018,473697799.0,266404761.0,,198965089.0,205954250.0,217126507,-172210644,44915863,12311830,1132674.0,,,,,19334825,thousands,1.0,,"{""sfp"": [80, 79, 81], ""pl"": [81, 80, 82], ""cfs"": [84, 83, 85]}",,ok
KEL,2019,598864833,384375371,214489462,268959875,295348405,289119070,-238412961,50706109,17273617,2664841,,,,,,thousands,1.0,,"{""sfp"": [78, 77, 79], ""pl"": [79, 78, 80], ""cfs"": [82, 81, 83]}",L5,review
KEL,2020,703413934,492755563,210658371,339044608,379466289,288807383,-244914079,43893304,-2959211,3088813,,,,,22647916,thousands,1.0,,"{""sfp"": [109, 108, 110], ""pl"": [110, 109, 111], ""cfs"": [113, 112, 114, 102]}",,ok
KEL,2021,835677422,611725906,223951516,408024316,505930076,325048549,-265853959,59194590.0,11998182,2370891,16082872,,,,42259425,thousands,1.0,,"{""sfp"": [113, 112, 114], ""pl"": [114, 113, 115], ""cfs"": [117, 116, 118, 98]}",,ok
KEL,2022,1060128079,809956361,250171718,550813128,608019140,518777106,-446361505,72415601,11998182.0,2846132,17060592,,,,-26856762,thousands,1.0,,"{""sfp"": [105, 104, 106, 181], ""pl"": [106, 105, 107], ""cfs"": [109, 108, 110, 96, 185]}",,ok
KEL,2023,1024662373,769507716,255154657,411953652,515108374,519472227,-466659212,52812015.0,,7094025,18691097,,,,,thousands,1.0,,"{""sfp"": [54, 53, 55, 131], ""pl"": [55, 54, 56], ""cfs"": []}",L5,review
KHTC,2014,849982.841,235922.344,614060.497,471581.897,189899.589,890002.499,-651266.517,238735.982,142278.936,26687.155,313714.91,375701.793,,-4218.095,107399.204,thousands,0.001,,"{""sfp"": [26, 27], ""pl"": [28, 29], ""cfs"": [30]}",,ok
KHTC,2015,1111113.203,415927.206,695185.997,735235.136,354264.331,882717.081,-684044.65,198672.431,101427.02,51194.701,459523.166,371666.076,,-204.0,-38056.03,thousands,0.001,,"{""sfp"": [26, 27, 31], ""pl"": [28], ""cfs"": [30]}",,ok
KHTC,2017,1721588.114,,,1063932.613,366050.005,,-633375.911,393884.785,189934.231,82946.732,528336.344,,,,,thousands,0.001,,"{""sfp"": [47, 46, 48], ""pl"": [], ""cfs"": []}",L5,review
KHTC,2018,1934578.626,,1343908.695,1255411.76,427201.243,,-630840.503,494862.626,199864.956,77042.866,743022.089,,,,,thousands,0.001,,"{""sfp"": [65, 64, 66], ""pl"": [], ""cfs"": []}",L5,review
KHTC,2019,1866565.497,,1262992.577,1244915.69,472262.075,1070173.339,-892617.715,177555.624,,277921.285,604935.796,,,,,thousands,0.001,,"{""sfp"": [65, 64, 66], ""pl"": [], ""cfs"": []}",L5,review
KHTC,2020,2602330.679,,1298472.273,1778784.901,1180828.371,1828703.29,-1510666.257,318037.033,,81581.195,730487.456,,,,,thousands,0.001,,"{""sfp"": [71, 70, 72], ""pl"": [], ""cfs"": []}",,ok
KHTC,2021,3411433.628,,,2026890.359,2082538.49,1216036.389,-1051687.762,164348.627,,558292.78,999308.866,,,,,thousands,0.001,,"{""sfp"": [49, 48, 50], ""pl"": [], ""cfs"": []}",L5,review
KHTC,2022,5650456.869,,1764249.324,3611976.323,3676649.515,,-1662443.302,802265.829,,679358.847,1869976.979,,,,,thousands,0.001,,"{""sfp"": [81, 80, 82], ""pl"": [], ""cfs"": []}",,ok
KHTC,2023,7719817.154,3925876.9,3793940.254,4968923.545,3732123.697,,-4662752.405,2771795.482,315449.0,1086478.184,1706636.284,,,,,thousands,0.001,,"{""sfp"": [95, 94, 96], ""pl"": [], ""cfs"": []}",,ok
KHTC,2024,,,,9255371.934,9127964.625,,-2957784.962,155975.106,,944685.195,,,,,,thousands,0.001,,"{""sfp"": [11, 10, 12], ""pl"": [], ""cfs"": []}",,ok
KHTC,2025,,,,,,9890703.179,-8115882.823,1774820.356,274648.054,,,,,-10.711,398326.159,thousands,0.001,,"{""sfp"": [7], ""pl"": [13, 14], ""cfs"": [16]}",,ok
KHYT,2014,477359.761,230150.717,247209.044,3317.66,40582.514,,,,2789.888,51.333,,473953.118,,,,thousands,0.001,,"{""sfp"": [16], ""pl"": [17], ""cfs"": [18]}",,ok
KHYT,2015,464126.511,224602.295,239524.216,3321.993,40622.514,0.0,0.0,0.0,2338.716,55.666,,460715.535,,,,thousands,0.001,,"{""sfp"": [16], ""pl"": [17], ""cfs"": [18]}",,ok
KHYT,2017,441977.92,109010.975,332966.945,3344.839,41467.651,0.0,0.0,0.0,-6138.32,275.644,2208.948,438544.098,,,-697948,thousands,0.001,,"{""sfp"": [16], ""pl"": [17], ""cfs"": [18]}",,ok
KHYT,2019,1007622.392,100843.694,906878.698,8256.238,26234.534,3516.0,-2420.072,1095.928,-3546.475,44.094,6594.19,999277.171,,,201310,thousands,0.001,,"{""sfp"": [18], ""pl"": [19, 20], ""cfs"": [21]}",,ok
KHYT,2020,995151.787,90293.196,904858.591,8988.626,47423.82,8061.6,6644.116,1417.484,-2125.107,206.59,7200.0,986074.178,,,1052.496,thousands,0.001,,"{""sfp"": [17], ""pl"": [18, 19], ""cfs"": [20]}",,ok
KHYT,2021,982962.867,67964.657,914998.21,8901.128,28207.489,9617.7,,1779.432,,54.372,,,,,,thousands,0.001,,"{""sfp"": [19, 18, 20], ""pl"": [], ""cfs"": []}",,ok
KHYT,2022,974345.05,51302.975,923042.075,11382.367,10626.4,14591.5,10815.538,3775.962,-5297.452,2006.927,8128.44,962873.7,,,3052.555,thousands,0.001,,"{""sfp"": [30], ""pl"": [31], ""cfs"": [33]}",,ok
KHYT,2023,966340.711,47183.207,919157.504,13428.927,9587.12,27103.5,,7677.466,,11621.222,,,,,,thousands,0.001,,"{""sfp"": [27, 26, 28], ""pl"": [], ""cfs"": []}",,ok
KHYT,2024,1309841.517,53040.426,1256801.091,15996.169,7122.876,18354.5,,5044.668,,13840.42,638.51,,,,,thousands,0.001,,"{""sfp"": [29, 28, 30], ""pl"": [], ""cfs"": []}",L5,review
KHYT,2025,1300711,49760,1250951,19683,6033,20684,14709,5974,-5825,17050,707,1280757,,,4327,thousands,1.0,,"{""sfp"": [30], ""pl"": [31, 32], ""cfs"": [34]}",,ok
KML,2013,5860064.788,4553171.845,1306892.943,2402673.093,1804023.472,8451770.781,-7073457.332,1378313.449,1008666.682,129221.124,614534.124,,,,,thousands,0.001,,"{""sfp"": [25, 24, 26], ""pl"": [], ""cfs"": []}",L2,ok
KML,2014,5987082.684,4443100.03,1543982.654,2444826.823,2047454.417,7772431.497,-6727262.092,1045169.405,201887.645,155474.401,698231.702,,,,,thousands,0.001,,"{""sfp"": [26, 25, 27, 80], ""pl"": [], ""cfs"": []}",L2,ok
KML,2015,6276660.034,4293170.393,1983489.641,2325650.187,2206791.807,7906020.841,-6607203.773,1298817.068,122977.092,112292.072,729676.914,,,,,thousands,0.001,,"{""sfp"": [30, 29, 31, 84], ""pl"": [], ""cfs"": []}",L5;L2,review
KML,2016,6352915.227,4404115.972,1948799.255,2591571.317,3474229.612,8551091.835,-7158065.284,1393026.551,118832.376,53903.002,806079.356,,,,,thousands,0.001,,"{""sfp"": [36, 35, 37, 96], ""pl"": [], ""cfs"": []}",L2,ok
KML,2017,6538169.398,4456467.088,2081702.31,2842388.115,3648209.144,10656444.857,-9211160.073,1445284.784,134015.281,69365.752,909069.104,,,,,thousands,0.001,,"{""sfp"": [42, 41, 43], ""pl"": [], ""cfs"": []}",,ok
KML,2018,8864934.169,5757980.385,3106953.784,3833242.656,4783818.224,10855746.857,-9552735.408,1303011.449,239056.287,94990.23,1153505.319,,,,,thousands,0.001,,"{""sfp"": [44, 43, 45], ""pl"": [], ""cfs"": []}",,ok
KML,2019,10868072.367,7117182.404,3750889.963,5903784.488,6288329.975,13952176.31,-11938614.112,2013562.198,728751.187,426876.902,1815530.274,,,,,thousands,0.001,,"{""sfp"": [45, 44, 46], ""pl"": [], ""cfs"": []}",,ok
KML,2020,10292382.025,6333217.987,3959164.038,5195415.962,5504756.663,11997808.169,-10131060.131,1866748.038,365212.747,765949.39,1949785.864,,,,,thousands,0.001,,"{""sfp"": [46, 45, 47], ""pl"": [], ""cfs"": []}",L5,review
KML,2021,13573345.591,8471796.748,5101548.843,6439637.836,7148805.921,13241029.839,-11521196.034,1719833.805,267783.027,659841.293,2915133.657,,,,,thousands,0.001,,"{""sfp"": [64, 63, 65], ""pl"": [], ""cfs"": []}",,ok
KML,2022,16875761.007,10872140.507,6003620.5,8824184.287,9327529.221,21452848.316,-18006175.246,3446673.07,928372.854,606150.63,405222.277,,,,,thousands,0.001,,"{""sfp"": [63, 62, 64], ""pl"": [], ""cfs"": []}",L5,review
KML,2023,22648857.226,14759396.956,7889460.27,13462502.633,12833338.884,28208445.061,-22341281.371,5867163.69,928373.0,438713.618,5545414.912,,,,,thousands,0.001,,"{""sfp"": [67, 66, 68], ""pl"": [], ""cfs"": []}",,ok
KML,2024,24868398.263,14916355.584,9952042.679,12970402.13,12824376.579,,-25608307.363,4245934.862,,473500.537,5372384.556,,,,,thousands,0.001,,"{""sfp"": [39, 38, 40], ""pl"": [], ""cfs"": []}",,ok
KML,2025,26484614.263,16212184.232,10272430.031,13342064.243,13992686.962,27137277.935,-23522570.995,3614706.94,,815725.638,5308117.799,,,,,thousands,0.001,,"{""sfp"": [85, 84, 86], ""pl"": [], ""cfs"": []}",,ok
KOHC,2013,10794590.138,4753542.143,6041047.995,4126165.581,2294226.957,11297213.012,6936346.069,4360866.943,2632632.555,624157.914,737325.759,,,,,thousands,0.001,,"{""sfp"": [25, 24, 26], ""pl"": [], ""cfs"": []}",,ok
KOHC,2014,14151457.441,,,6989749.555,3695536.547,12765670.059,-7958970.205,4806699.854,3154826.513,1855340.409,469501.35,,,,,thousands,0.001,,"{""sfp"": [29, 28, 30], ""pl"": [], ""cfs"": []}",,ok
KOHC,2015,17061468.553,,,8433637.305,4122870.356,12472196.679,-7657275.186,4814921.493,3322268.201,2924448.881,355137.623,,,,,thousands,0.001,,"{""sfp"": [29, 28, 30], ""pl"": [], ""cfs"": []}",,ok
KOHC,2016,19345142.418,,,9218376.205,4000126.65,14019842.677,-7523277.833,6496564.844,4408075.46,473634.909,628906.348,,,,,thousands,0.001,,"{""sfp"": [33, 32, 34], ""pl"": [], ""cfs"": []}",,ok
KOHC,2017,20192190.779,,,8928774.011,2783703.073,13540304.6,-7712936.683,5827367.917,3544814.85,495658.567,949142.281,,,,,thousands,0.001,,"{""sfp"": [32, 31, 33], ""pl"": [], ""cfs"": []}",L5,review
KOHC,2018,23316333.103,,,10407061.87,3957501.063,13438843.026,-9085616.172,4353226.854,2979994.793,824427.69,658728.524,,,,,thousands,0.001,,"{""sfp"": [38, 37, 39], ""pl"": [], ""cfs"": []}",,ok
KOHC,2019,31314869.378,11642230.514,19672638.864,5606262.354,5523904.984,,-11439567.516,4206081.196,2468655.89,433886.023,709231.912,,,,,thousands,0.001,,"{""sfp"": [43, 42, 44], ""pl"": [], ""cfs"": []}",L5,review
KOHC,2020,31877099.332,,,5358055.804,6455599.707,,-11324560.852,,,891606.087,1016024.223,,,,,thousands,0.001,,"{""sfp"": [45, 44, 46], ""pl"": [], ""cfs"": []}",,ok
KOHC,2021,36086921.437,,,9848798.714,7572243.94,,-18092026.933,,,1197729.351,1112776.266,,,,,thousands,0.001,,"{""sfp"": [43, 42, 44], ""pl"": [], ""cfs"": []}",,ok
KOHC,2022,43350667.844,16104447.613,27246220.231,17775831.447,9487990.679,,-23065180.67,9811768.509,5024280.26,480765.632,1456156.782,,,,,thousands,0.001,,"{""sfp"": [51, 50, 52], ""pl"": [], ""cfs"": []}",L5,review
KOHC,2023,49530075.545,16920030.573,32610044.972,22913376.649,9912471.411,,-28488941.331,10432694.019,5820751.145,933537.193,2942861.554,,,,,thousands,0.001,,"{""sfp"": [51, 50, 52], ""pl"": [], ""cfs"": []}",,ok
KOHC,2024,58843295.197,,,32294207.845,11095636.231,,-27391276.477,11256491.495,8893454.788,1102649.172,1793742.44,,,,,thousands,0.001,,"{""sfp"": [57, 56, 58], ""pl"": [], ""cfs"": []}",,ok
KOHC,2025,66794311.768,,,38614792.494,11661701.111,,-22814094.271,14721606.101,11575154.071,1450702.723,2513556.552,,,,,thousands,0.001,,"{""sfp"": [67, 66, 68], ""pl"": [], ""cfs"": []}",,ok
KOHE,2013,7965367,605881,7359486,3988281,577224,12348309,-10960843,1387466,864454,585775,294106,3956137,,-1017361,3874338,thousands,1.0,,"{""sfp"": [15, 16, 20, 24], ""pl"": [17], ""cfs"": [19]}",,ok
KOHE,2014,10180942,,,5856887,3490374.0,14958166,-13379179,1578987.0,1068564,221693,295464,,,-1903777,-995114,thousands,1.0,,"{""sfp"": [15, 14, 16], ""pl"": [17, 16, 18], ""cfs"": [19, 18, 20]}",,ok
KOHE,2015,8960808,,,4818886,2593739.0,11661064,-10292710,1368354,842476,142235,237548,,,-1016299,2044188,thousands,1.0,,"{""sfp"": [16, 15, 17], ""pl"": [18, 17, 19], ""cfs"": [20, 19, 21]}",,ok
KOHE,2016,8789172,2697491,6091681,4880224,2697491,7283936,-6174928,1109008,695216,33615,158854,3893564,,-930614,843384,thousands,1.0,,"{""sfp"": [23, 24], ""pl"": [25, 26], ""cfs"": [27]}",,ok
KOHE,2017,9875411,,6056909,6194471,3818502,8223861,-6988329,1235532,804167,144919,234340,,,-847940,,thousands,1.0,,"{""sfp"": [25, 24, 26], ""pl"": [27, 26, 28], ""cfs"": [29, 28, 30]}",,ok
KOHE,2018,11525935,5520472,6005463,8022394,5520472.0,8282641,-7019967,1262674,729898,154573,381717,,,,,thousands,1.0,,"{""sfp"": [27, 26, 28], ""pl"": [29, 28, 30], ""cfs"": []}",,ok
KOHE,2019,11523787,,,7974127,5653163.0,7504738,-5946315,1558423,551477,75627,190045,,,,,thousands,1.0,,"{""sfp"": [27, 26, 28], ""pl"": [29, 28, 30], ""cfs"": []}",,ok
KOHE,2020,12376081,,,9156796,5833490.0,7548782,-5391882,2156900,1036658,302408,48965,,,,,thousands,1.0,,"{""sfp"": [25, 24, 26], ""pl"": [27, 26, 28], ""cfs"": []}",,ok
KOHE,2021,10212941,,,7367352,4194087.0,6752330,-4983277,1769053,1199421,1792370,756453,,,,,thousands,1.0,,"{""sfp"": [31, 30, 32], ""pl"": [33, 32, 34], ""cfs"": [34, 33, 35]}",,ok
KOHE,2022,9610407,,,6916673,4702345.0,14538310,-12562948,1975362,1507380,820508,915860,,,,,thousands,1.0,,"{""sfp"": [27, 26, 28], ""pl"": [29, 28, 30], ""cfs"": [30, 29, 31]}",,ok
KOHE,2023,7134569,,,4768597,1779554.0,12583137,-10194769,2388368,1573467,221017,984130,,,,,thousands,1.0,,"{""sfp"": [31, 30, 32], ""pl"": [33, 32, 34], ""cfs"": [34, 33, 35]}",,ok
KOHE,2024,7731752,,,5346386,3205324.0,10009893,-7711987,2297906,1600498,966792,569415,,,-2470845,2210572,thousands,1.0,,"{""sfp"": [33, 32, 34], ""pl"": [35, 34, 36], ""cfs"": [37, 36, 38]}",,ok
KOHE,2025,5385610,,,2850216,1321028.0,4328811,-2983165,1345646,724351,76563,366053,,,-1185454,2253467,thousands,1.0,,"{""sfp"": [30, 29, 31, 84], ""pl"": [32, 31, 33, 86], ""cfs"": [34, 33, 35, 88]}",,ok
KOHP,2014,2700.25,,,61428.64,15871.61,,,,,699.729,18188.01,,,,,thousands,0.001,,"{""sfp"": [14, 13, 15], ""pl"": [], ""cfs"": []}",,ok
KOHP,2015,,,,102427.039,4567.342,,,,,47693.515,,,,,,thousands,0.001,,"{""sfp"": [15, 14, 16], ""pl"": [], ""cfs"": []}",,ok
KOHP,2017,184226.133,4446.975,179779.158,65724.938,3442.142,16074.568,-14130.565,1944.003,-6042.17,901.825,,112977.887,,,-7065.147,thousands,0.001,,"{""sfp"": [17], ""pl"": [18], ""cfs"": [20]}",,ok
KOHP,2018,164261.396,3601.803,160659.593,52298.493,2405.558,6740.513,-22413.062,-15672.549,-19051.017,2810.985,1691.3,106991.926,,,-1425.064,thousands,0.001,,"{""sfp"": [19], ""pl"": [20], ""cfs"": [22]}",,ok
KOHP,2019,149486.673,3078.385,146408.288,43804.368,1634.481,15430.234,-16915.374,-1485.14,-14161.458,1963.375,,101208.427,,,-2699.01,thousands,0.001,,"{""sfp"": [4, 5], ""pl"": [6, 7], ""cfs"": [9]}",L2,ok
KOHP,2020,136992.052,2978.616,134013.436,38665.423,1263.701,16605.362,-15896.603,,-12369.02,1218.633,,,,,,thousands,0.001,,"{""sfp"": [20, 19, 21], ""pl"": [], ""cfs"": []}",,ok
KOHP,2021,133247.466,1390.628,131856.838,40221.457,1390.628,,,2274.976,-2156.598,2102.203,,,,,,thousands,0.001,,"{""sfp"": [20, 19, 21], ""pl"": [], ""cfs"": []}",,ok
KOHP,2022,129878.363,1259.607,128618.756,42014.32,1259.607,17453.205,-14728.993,2724.212,-3238.082,4525.315,1150.0,84602.586,,,2939.836,thousands,0.001,,"{""sfp"": [17, 18], ""pl"": [19, 20], ""cfs"": [22]}",,ok
KOHP,2023,129722.949,2804.19,126918.759,47195.803,2804.19,,,,-1699.997,6494.301,950.077,,,,,thousands,0.001,,"{""sfp"": [28, 27, 29], ""pl"": [], ""cfs"": []}",,ok
KOHP,2024,114903.971,3713.358,111190.613,37699.934,3713.358,,,,-15728.146,9647.019,899.995,,,,,thousands,0.001,,"{""sfp"": [25, 24, 26], ""pl"": [], ""cfs"": []}",,ok
KOHP,2025,124343.575,2234.387,122109.188,42696.997,2234.387,,,2477.889,,13198.444,,,,,,thousands,0.001,,"{""sfp"": [28, 27, 29], ""pl"": [], ""cfs"": []}",,ok
KOHTM,2014,1807108,1132708,674400,743761,704490,2298760,-2038424,260336,73509,,432863,,,,,thousands,1.0,,"{""sfp"": [15, 14, 16], ""pl"": [17, 16, 18], ""cfs"": [18, 17, 19]}",,ok
KOHTM,2015,1660550,995727,664823,536160,502640,2405277,-2195772,209505,20851,,188954,,,,,thousands,1.0,,"{""sfp"": [15, 14, 16], ""pl"": [17, 16, 18], ""cfs"": [18, 17, 19]}",,ok
KOHTM,2016,1973597,1166515,807082,634603,617748,2227640,-2095509,132131,-19427,12880,304908,,,,,thousands,1.0,,"{""sfp"": [19, 18, 20], ""pl"": [21, 20, 22], ""cfs"": [22, 21, 23]}",,ok
KOHTM,2017,2136445,1295730,840715,860097,917020,2229999,-2049883,180116,34932,,414162,,,,,thousands,1.0,,"{""sfp"": [21, 20, 22], ""pl"": [23, 22, 24], ""cfs"": [24, 23, 25]}",,ok
KOHTM,2018,2455945,,,976398,,2243619,-2028660,214959,10471,,482571,,,-20665,15702,thousands,1.0,,"{""sfp"": [35, 36], ""pl"": [37], ""cfs"": [38, 37, 39]}",,ok
KOHTM,2019,3514185,1806290,,1159022,,2966457,-2656307,310150,66965,,668237,,,-15570,192479,thousands,1.0,,"{""sfp"": [37, 38], ""pl"": [39], ""cfs"": [40, 39, 41]}",,ok
KOHTM,2020,3612119,1960824,1651295,1128655,1175900,2590719,-2377665,213054,-65228,12997,398667,,,-23435,223882,thousands,1.0,,"{""sfp"": [24, 25], ""pl"": [26], ""cfs"": [27, 26, 28]}",,ok
KOHTM,2021,4232107,,,1299791,,3620143,-2875433,744710,312170,,714281,,,,575427,thousands,1.0,,"{""sfp"": [47, 48], ""pl"": [49], ""cfs"": [50, 49, 51]}",,ok
KOHTM,2022,7292827,,,2290390,,4930819,-4073459,857360,292267,,1156684,,,-20734,-61656,thousands,1.0,,"{""sfp"": [47, 48], ""pl"": [49], ""cfs"": [50, 49, 51]}",,ok
KOHTM,2023,7798614,,,2726057,,5952262,-5105136,847126,85154,14273,1233760,,,,113506,thousands,1.0,,"{""sfp"": [49, 50], ""pl"": [51], ""cfs"": [52, 51, 53]}",,ok
KOHTM,2024,8315163,,,3304590,,7964142,-6744623,1219519,214117,,1360565,,,,783146,thousands,1.0,,"{""sfp"": [63, 64], ""pl"": [65], ""cfs"": [66, 65, 67]}",,ok
KOHTM,2025,10102274,,,3841470,,8253381,-7049598,1203783,280766,10160,1569751,,,-41454,325988,thousands,1.0,,"{""sfp"": [53, 54], ""pl"": [55], ""cfs"": [56, 55, 57]}",L5,review
KOIL,2014,763131.246,,-353912.18,12671.454,54001.591,33400.709,,,,6059.269,,,,,,thousands,0.001,,"{""sfp"": [14, 13, 15], ""pl"": [], ""cfs"": []}",L3,ok
KOIL,2015,752215.171,,-346882.606,13258.802,447833.7,26684.12,,,,2666.454,,,,,,thousands,0.001,,"{""sfp"": [15, 14, 16], ""pl"": [], ""cfs"": []}",L3,ok
KOIL,2016,806879.084,,,17509.138,427361.794,29572.664,,,72534.863,2268.714,,3961.134,,,-397.74,thousands,0.001,,"{""sfp"": [16], ""pl"": [17, 18], ""cfs"": [19]}",,ok
KOIL,2017,803267.932,,,14599.817,411801.514,32822.453,,,11949.128,1746.555,,,,,,thousands,0.001,,"{""sfp"": [17, 16, 18], ""pl"": [], ""cfs"": []}",,ok
KOIL,2018,834894.646,409356.224,425538.422,19045.382,409356.224,37243.638,,,34074.77,5389.403,,3122.553,,,9440.046,thousands,0.001,,"{""sfp"": [19], ""pl"": [20], ""cfs"": [22]}",,ok
KOIL,2019,858310.293,404997.229,453310.064,41174.239,404611.721,47715.429,,,27794.858,25319.933,,2777.933,,,19930.53,thousands,0.001,,"{""sfp"": [4, 5], ""pl"": [6, 7], ""cfs"": [8]}",,ok
KOIL,2020,953436.001,412479.365,540956.636,79140.188,411815.008,56425.575,,,87611.707,59559.972,,,,,,thousands,0.001,,"{""sfp"": [20, 19, 21], ""pl"": [], ""cfs"": []}",,ok
KOIL,2021,976984.532,60402.021,916582.511,84076.903,413099.961,,,,44617.442,67212.771,,,,,,thousands,0.001,,"{""sfp"": [20, 19, 21], ""pl"": [], ""cfs"": []}",,ok
KOIL,2022,1011881.87,62354.495,949527.375,115494.592,60757.611,68075.548,,,32964.865,93506.211,,3092.368,,-73.318,27557.553,thousands,0.001,,"{""sfp"": [17, 18, 26], ""pl"": [19, 20], ""cfs"": [22]}",,ok
KOIL,2023,1039469.437,46560.898,992908.539,122339.453,44046.027,,,,,96847.306,,,,,,thousands,0.001,,"{""sfp"": [28, 27, 29], ""pl"": [], ""cfs"": []}",,ok
KOIL,2024,1087074.461,55496.111,1031578.35,163303.113,51924.738,,,,,17370.868,,,,,,thousands,0.001,,"{""sfp"": [25, 24, 26], ""pl"": [], ""cfs"": []}",,ok
KOIL,2025,1166244.253,59296.65,1106947.603,216940.156,54369.755,,,,,17686.376,,,,,,thousands,0.001,,"{""sfp"": [26, 25, 27], ""pl"": [], ""cfs"": []}",,ok
KOSM,2014,,4381508.661,1138020.366,,2288975.876,6822993.716,6075561.314,747432.402,120952.672,,,,,,38311.171,thousands,0.001,,"{""sfp"": [20, 25], ""pl"": [22, 23], ""cfs"": [24]}",,ok
KOSM,2015,4070547.733,,,1953183.048,,6051526.305,-5719868.766,331657.539,-289683.492,10724.341,1345357.207,2085557.422,,,3224.316,thousands,0.001,,"{""sfp"": [20, 21], ""pl"": [22, 23], ""cfs"": [24]}",,ok
KOSM,2017,3018021.074,,-106474.412,1157290.151,2570507.812,3070193.676,-3235487.288,,,4137.212,781325.173,1821121.203,,,,thousands,0.001,,"{""sfp"": [25, 24, 26], ""pl"": [], ""cfs"": []}",L3,ok
KOSM,2018,3018021.074,,,1157290.151,2570507.811,3070193.676,-3235487.288,,,4137.212,781325.173,,,,,thousands,0.001,,"{""sfp"": [25, 24, 26], ""pl"": [], ""cfs"": []}",L5;L3,review
KOSM,2019,2899859.631,,,1121794.557,2842358.268,4260538.818,-4258906.073,,,4298.576,798871.215,,,,,thousands,0.001,,"{""sfp"": [25, 24, 26], ""pl"": [], ""cfs"": []}",,ok
KOSM,2020,2824856.05,,,1133273.546,2994446.735,1662982.36,-1797827.934,,,9813.594,916048.119,,,,,thousands,0.001,,"{""sfp"": [25, 24, 26], ""pl"": [], ""cfs"": []}",,ok
KOSM,2021,2618028.99,,,979245.596,,2807075.051,-3020461.453,-213386.403,-369335.888,2476.109,798335.748,1594114.68,,,-51080.606,thousands,0.001,,"{""sfp"": [32, 33], ""pl"": [34], ""cfs"": [37]}",,ok
KOSM,2022,3031830.674,,,1475011.315,,2630587.061,-2899652.108,-269065.048,-433908.135,1699.518,1018002.853,1512275.386,,,-393729.692,thousands,0.001,,"{""sfp"": [41, 42], ""pl"": [43], ""cfs"": [46]}",,ok
KOSM,2024,4250965.67,3688206.41,562759.26,731462.054,3101244.604,,,,-374652.406,731462.054,587518.736,3475084.383,,,-232571.903,thousands,0.001,,"{""sfp"": [41, 42], ""pl"": [43], ""cfs"": [46]}",,ok
KOSM,2025,3830061.428,3624531.315,205530.112,470129.857,2900875.024,,,,-494210.669,911.653,325206.598,3349172.308,,,,thousands,0.001,,"{""sfp"": [40], ""pl"": [41, 42, 44], ""cfs"": []}",,ok
KPUS,2013,2217819.414,,,733204.308,1410275.991,2316597.219,2576200.31,-259603.091,-333117.567,119438.447,,,,,,thousands,0.001,,"{""sfp"": [17, 16, 18], ""pl"": [], ""cfs"": []}",,ok
KPUS,2014,2143765.995,2377627.79,-233861.795,648106.695,1143018.815,4247770.854,3924514.933,323255.921,28579.584,21204.892,269294.124,1495397.412,,,-98737.945,thousands,0.001,,"{""sfp"": [17, 34], ""pl"": [18, 19, 42], ""cfs"": [20]}",L3,ok
KPUS,2015,2331059,2190272,140787,816687,1084357,3492708,-3025393,467315,90936,59978,389016,1514110,,,345587,thousands,1.0,,"{""sfp"": [16, 19, 39], ""pl"": [17, 18, 50, 51], ""cfs"": [53]}",,ok
KPUS,2016,1887076,1711572,175504,449420,613273,4146495,-3819753,326742,56770,25102.0,,,,,,thousands,1.0,,"{""sfp"": [37, 36, 38], ""pl"": [38, 37, 39], ""cfs"": []}",L5,review
KPUS,2017,3660375.0,,,2055137.0,2430347.0,2933810,-2739274,193906,-93492,37048.0,,,,,,thousands,1.0,,"{""sfp"": [36, 35, 37], ""pl"": [37, 36, 38], ""cfs"": [38, 37, 39]}",,ok
KPUS,2018,,,,,,4237317,4195459,,,,,,,,,thousands,1.0,,"{""sfp"": [11], ""pl"": [17, 18, 19], ""cfs"": []}",,ok
KPUS,2019,3734109,3508109,226000,2112912,2403287,4237317,-4195459,41858,22300,23908,1174143,1608012,,,496805,thousands,1.0,,"{""sfp"": [5, 8], ""pl"": [6], ""cfs"": [7]}",L3,ok
KPUS,2021,5206239,,1563080,1941504,2408380,4589427,-3890843,698584,82537,92724,940159,3255511,,,-179354,thousands,1.0,,"{""sfp"": [40], ""pl"": [41], ""cfs"": [43]}",,ok
KPUS,2023,8748174,4743071,4005103,3680870,3425449,4487204,-3690304,796900,17358,28300,2249478,,,,-373181,thousands,1.0,,"{""sfp"": [43, 42, 44], ""pl"": [44, 43, 45], ""cfs"": [46, 45, 47]}",,ok
KPUS,2024,8789341,4724405,4064936,3838428,3537874,11363646,-10191532,1172114,59833,82246,2204746,,,,,thousands,1.0,,"{""sfp"": [50, 49, 51], ""pl"": [51, 50, 52], ""cfs"": []}",,ok
KPUS,2025,10678167,5675505,5002662,4210606,3957420,11137024,-9992436,1144588,61521,218769,1608514,,,,,thousands,1.0,,"{""sfp"": [49, 48, 50], ""pl"": [50, 49, 51], ""cfs"": []}",L5,review
KSBP,2014,2907387.23,1805872.531,1101514.699,2530628.363,1726679.709,3152062.067,-2454451.19,697610.877,186989.262,366032.932,488229.102,354760.894,,-52391.662,103678.435,thousands,0.001,,"{""sfp"": [55, 56], ""pl"": [57], ""cfs"": [59]}",,ok
KSBP,2015,3381270.676,2071020.689,1310249.987,2948287.281,1987292.273,4007243.891,-3099652.33,907591.561,277365.555,182504.052,713590.226,406778.96,,-65395.46,142453.989,thousands,0.001,,"{""sfp"": [54, 55], ""pl"": [56, 57], ""cfs"": [58]}",,ok
KSBP,2016,3634650.713,,,3131467.295,1903730.882,4950602.343,-3902840.729,1047761.614,377696.438,259331.092,821106.124,,,,,thousands,0.001,,"{""sfp"": [54, 53, 55], ""pl"": [], ""cfs"": []}",,ok
KSBP,2018,5121670.063,,,3777560.393,2786334.68,,-4285375.823,667539.489,,171441.736,955486.26,,,,,thousands,0.001,,"{""sfp"": [62, 61, 63], ""pl"": [], ""cfs"": []}",,ok
KSBP,2019,4940662.983,,,3674410.71,2709189.423,3755531.542,-3021988.465,733543.077,87880.352,182604.239,794014.705,,,,,thousands,0.001,,"{""sfp"": [62, 61, 63], ""pl"": [], ""cfs"": []}",,ok
KSBP,2021,5877882.393,,1986568.579,4833302.233,3814541.347,4334458.621,-3740097.978,594360.643,27290.471,259527.224,1444509.579,925374.021,,-6572.864,-413139.839,thousands,0.001,,"{""sfp"": [63, 64], ""pl"": [65], ""cfs"": [67]}",,ok
KSBP,2022,5743335.242,,,4679642.386,3906424.329,4965061.227,-4190312.616,774748.611,43342.002,205496.181,1194264.99,,,,,thousands,0.001,,"{""sfp"": [63, 62, 64], ""pl"": [], ""cfs"": []}",L5,review
KSBP,2023,6247674.687,,,5025941.735,4145196.627,5755039.81,-4581410.682,1173629.128,842.996,158488.519,1378430.004,,,,123905.269,thousands,0.001,,"{""sfp"": [64, 63, 65], ""pl"": [66], ""cfs"": [68]}",,ok
KSBP,2024,7331069.115,,3973302.423,6211101.941,32508.074,,-4593836.616,,,524573.545,2010987.258,,,,,thousands,0.001,,"{""sfp"": [63, 62, 64], ""pl"": [], ""cfs"": []}",L5,review
KSBP,2025,,,,9360573.943,5054705.56,,-5016598.89,,,394626.135,3654763.836,,,,,thousands,0.001,,"{""sfp"": [64, 63, 65], ""pl"": [31], ""cfs"": []}",L5,review
KSTM,2013,,,,167682.215,230309.483,1084470.36,1088158.855,-3688.495,-30891.847,6049.713,,,,,,thousands,0.001,,"{""sfp"": [14, 13, 15], ""pl"": [], ""cfs"": []}",,ok
KSTM,2014,451471.862,444199.206,7272.026,135902.609,214505.969,278099.719,324800.314,-46700.595,-62547.916,1183.837,42578.038,297915.526,,,-29839.195,thousands,0.001,,"{""sfp"": [14], ""pl"": [15], ""cfs"": [16]}",,ok
KSTM,2015,412448.07,455418.028,-42969.958,120550.069,208599.427,,,,-54066.136,1042.639,,,,,,thousands,0.001,,"{""sfp"": [14, 13, 15], ""pl"": [], ""cfs"": []}",L3,ok
KSTM,2016,534682.644,490799.929,43882.715,85601.447,198656.279,17436.863,24802.728,-7365.865,-49946.975,812.797,6787.8,431429.47,,,12486.681,thousands,0.001,,"{""sfp"": [14], ""pl"": [15], ""cfs"": [16]}",L2,ok
KSTM,2017,496255.394,511010.149,-14754.755,83261.017,211775.197,105225.979,-145575.734,-40349.755,-61640.048,1873.804,3236.446,395342.65,,,,thousands,0.001,,"{""sfp"": [14, 13, 15], ""pl"": [], ""cfs"": []}",L3;L2,ok
KSTM,2018,394647.76,482470.366,-87822.606,14158.703,222837.286,0.0,0.0,0.0,-75775.942,683.824,0.0,362837.33,,,,thousands,0.001,,"{""sfp"": [17, 16, 18], ""pl"": [], ""cfs"": []}",L3,ok
KSTM,2019,364109.0,,,,,,,,,,,,,,,thousands,1.0,,"{""sfp"": [], ""pl"": [], ""cfs"": []}",,ok
KSTM,2020,337609.906,,,12780.683,222459.653,,,,,126.088,,,,,,thousands,0.001,,"{""sfp"": [32, 31, 33], ""pl"": [], ""cfs"": []}",,ok
KSTM,2021,408632.32,,,9120.105,182446.78,,,,,595.789,,,,,,thousands,0.001,,"{""sfp"": [31, 30, 32], ""pl"": [], ""cfs"": []}",,ok
KSTM,2022,375130.367,,,4701.562,137579.381,,,,408.869,501.519,,,,,,thousands,0.001,,"{""sfp"": [29, 28, 30], ""pl"": [], ""cfs"": []}",L2.5,review
KSTM,2023,348379.689,,,4081.768,185001.245,,,,329.292,501.519,,,,,,thousands,0.001,,"{""sfp"": [29, 28, 30], ""pl"": [], ""cfs"": []}",L2.5,review
KSTM,2024,324307.001,382228.679,-57921.678,3589.689,187195.679,,,,,,,,,,,thousands,0.001,,"{""sfp"": [22, 21, 23], ""pl"": [], ""cfs"": []}",L2.5;L3,review
KSTM,2025,,,,3596.713,186620.397,,,,329.0,16.463,,,,,,thousands,0.001,,"{""sfp"": [20, 19, 21], ""pl"": [], ""cfs"": []}",,ok
KTML,2013,15320597,6647503,8673094,4339574,6257996,14250439,-12116187,2134252,484532,320852,1768203,5959112,,,612206,thousands,1.0,,,L2,ok
KTML,2014,16121708,6278962,9842746,5359518,5868566,15302242,-13395079,1907163,1169652,100937,1888177,,,,228105,thousands,1.0,,"{""sfp"": [89, 88, 90, 165], ""pl"": [91, 90, 92, 170], ""cfs"": [93, 92, 94, 77, 171]}",L2,ok
KTML,2015,17613600,5929547,11684053,5338022,5185753.0,15862743.0,-13132754.0,2729989.0,2086833,114815,1987603,,,-244281,1310771,thousands,1.0,,"{""sfp"": [98, 97, 99, 154], ""pl"": [100, 99, 101, 156], ""cfs"": [102, 101, 103, 82, 177]}",L2,ok
KTML,2016,19155717,6196044,12959673,6006888,4990909,16088302,-13048866,3039436,2132215,229012,2203655,,,-977607,993042,thousands,1.0,,"{""sfp"": [96, 95, 97, 227], ""pl"": [98, 97, 99], ""cfs"": [100, 99, 101]}",L2,ok
KTML,2017,20744842,6822046,13922796,5297408,5046039,17404708,14823393,2581315,2351779,154935,2009579,,,-1404787,1171639,thousands,1.0,,"{""sfp"": [98, 97, 99, 199, 201, 239, 243, 244], ""pl"": [100, 99, 101, 200], ""cfs"": [102, 101, 103, 82, 253]}",,ok
KTML,2018,24871956,9051330.0,15820626.0,6716065,7200654.0,17833540,-15355788,2477752,1664322,161905,2574838,,,-792003,394884,thousands,1.0,,"{""sfp"": [122, 121, 123, 214], ""pl"": [124, 123, 125, 223], ""cfs"": [126, 125, 127, 99]}",,ok
KTML,2019,25546578.0,8579763.0,16966815.0,7034046.0,6450732.0,47118185,-37195802,9922383,4376325,216366.0,3814347.0,,,-595765,2493699,thousands,1.0,,"{""sfp"": [131, 199, 270, 273], ""pl"": [201, 134], ""cfs"": [107, 204, 153]}",L2.5;L5;L5;L5;L5;L2,review
KTML,2020,32703766,14732676,17971090,10079836,11321125,21844810,-17854630,3990180,1528043,186613,5362714,,,-517583,-390215,thousands,1.0,,"{""sfp"": [144, 143, 145, 212, 281, 282, 285], ""pl"": [146, 145, 147, 214], ""cfs"": [149, 148, 150, 122, 217, 285]}",,ok
KTML,2021,34134255,13976698,20157557,10471920,10093041,29955525,-23822897,6132628,2756329,249886,3972858,,,-597769,2898473,thousands,1.0,,"{""sfp"": [172, 171, 173, 318, 328], ""pl"": [174, 173, 175], ""cfs"": [177, 176, 178, 142, 328]}",,ok
KTML,2022,39922514,15622826,24299688,13824764,10441312,39558284,-29389027,10169257,4740723,309629,5967667,,,-596550,3416411,thousands,1.0,,"{""sfp"": [210, 209, 211, 284, 367, 368, 371], ""pl"": [212, 211, 213, 287], ""cfs"": [215, 214, 216, 178, 305]}",,ok
KTML,2023,47886218,21491421,26394797,17527606,13566572,42046556,-34566123,7480433,2407262,643475,8863674,,,,1843041,thousands,1.0,,"{""sfp"": [220, 219, 221, 296, 384], ""pl"": [222, 221, 223, 299], ""cfs"": [225, 224, 226, 190, 317]}",,ok
KTML,2024,51853603,22621047,29232556,17882569,15036294,58174952,-48887621,9287331,2199162,219051,6882432,,,,3867830,thousands,1.0,,"{""sfp"": [224, 223, 225, 310], ""pl"": [226, 225, 227], ""cfs"": [229, 228, 230, 194]}",L5,review
KTML,2025,54564353,22581981,31982372,18978912,15828420,59414125,-49611747,9802378,2749816,263734,8544374,,,,2955932,thousands,1.0,,"{""sfp"": [224, 223, 225, 354, 384], ""pl"": [226, 225, 227], ""cfs"": [229, 228, 230, 197, 387]}",,ok
LEUL,2014,80754.31,52873.58,27880.73,62521.982,51735.409,165196.18,139560.686,25635.494,5443.226,705.174,50607.141,18232.328,,,603.742,thousands,0.001,,"{""sfp"": [13], ""pl"": [14, 15], ""cfs"": [16]}",,ok
LEUL,2015,91512.323,,35251.989,73513.281,53665.685,114147.074,-89998.719,24148.354,8695.063,658.818,58805.167,17999.042,,,-5859.473,thousands,0.001,,"{""sfp"": [16], ""pl"": [17, 18], ""cfs"": [19]}",,ok
LEUL,2017,132146.684,,59123.829,114279.386,69853.665,133215.713,-101861.314,31354.399,13300.421,2522.986,101096.159,17867.298,,-436.389,210.302,thousands,0.001,,"{""sfp"": [27, 28], ""pl"": [29, 30], ""cfs"": [31]}",,ok
LEUL,2018,,,,,,,,,45231.949,,,,,,,thousands,0.001,,"{""sfp"": [], ""pl"": [], ""cfs"": []}",,ok
LEUL,2019,109820.084,12878.633,96941.45,106159.019,9857.889,48015.064,-45789.378,2225.686,-8539.488,2022.712,76360.706,3661.065,,,,thousands,0.001,,"{""sfp"": [34], ""pl"": [35, 36, 37], ""cfs"": []}",,ok
LEUL,2020,102362.775,5901.992,96460.783,98962.077,4122.03,27423.826,-25675.599,1748.227,-860.237,1599.723,85830.72,3400.698,,,1031.515,thousands,0.001,,"{""sfp"": [27], ""pl"": [28, 29], ""cfs"": [30]}",,ok
LEUL,2021,47532.244,,,44401.053,10155.798,,-16953.247,,-58679.652,1825.288,34967.953,,,,,thousands,0.001,,"{""sfp"": [32, 31, 33], ""pl"": [], ""cfs"": []}",,ok
LEUL,2022,43037.096,,,40111.751,18393.836,,-20964.295,,-14479.208,4104.144,20678.494,,,,,thousands,0.001,,"{""sfp"": [29, 28, 30], ""pl"": [], ""cfs"": []}",,ok
LEUL,2023,44175.777,,,49126.72,27286.766,,-25651.257,,-3288.263,2754.248,33920.53,,,,,thousands,0.001,,"{""sfp"": [30, 29, 31], ""pl"": [], ""cfs"": []}",,ok
LEUL,2024,28465.209,,,25890.393,7741.069,,-21248.657,,,1415.232,17840.117,,,,,thousands,0.001,,"{""sfp"": [34, 33, 35], ""pl"": [], ""cfs"": []}",,ok
LEUL,2025,21930.59,,15868.791,19504.646,5368.688,12086.203,-10886.246,1199.957,322.0,1921.582,10342.437,3425.944,,,561.35,thousands,0.001,,"{""sfp"": [29], ""pl"": [30, 31], ""cfs"": [32]}",,ok
LMSM,2013,240981.74,205624.868,35654.417,709.733,297.545,,,,-1172.203,110.065,,240544.552,,,-1228.733,thousands,0.001,,"{""sfp"": [12], ""pl"": [13], ""cfs"": [14]}",,ok
LMSM,2014,241941.541,210550.771,31390.771,120.012,263.52,,,,-17478.978,81.324,,241796.529,,,-4988669,thousands,0.001,,"{""sfp"": [7, 16], ""pl"": [17], ""cfs"": [19]}",,ok
LMSM,2015,241615,,30252,,,,,,,,,,,,,thousands,1.0,,"{""sfp"": [8, 7, 9], ""pl"": [8, 7, 9], ""cfs"": []}",,ok
LMSM,2016,218398,,70472,,,,,,-34265,,,,,,,thousands,1.0,,"{""sfp"": [7, 6, 8], ""pl"": [7, 6, 8], ""cfs"": []}",,ok
LMSM,2017,212936.945,166289.182,46647.763,54.488,452.551,0.0,-22437.221,-22437.221,-37615.197,15.8,,212857.457,,,-5080687,thousands,0.001,,"{""sfp"": [11, 14, 18], ""pl"": [15], ""cfs"": [17]}",,ok
LMSM,2018,176792.671,239101.57,-62308.898,,,,-1916.52,-1916.52,-56526.395,16.375,,176751.296,,,-4840.961,thousands,0.001,,"{""sfp"": [17], ""pl"": [18], ""cfs"": [20]}",L3,ok
LMSM,2019,192322.18,244271.874,-51949.694,30.784,419.894,0.0,-91.64,-91.64,-2042.38,30.784,,192266.396,,,-1826131,thousands,0.001,,"{""sfp"": [16], ""pl"": [17], ""cfs"": [19]}",L3,ok
LMSM,2020,174447.995,252159.715,-77711.72,55.882,227005.245,0.0,0.0,0.0,-16925.025,55.882,,174367.113,,,-1888085,thousands,0.001,,"{""sfp"": [21], ""pl"": [22, 23], ""cfs"": [24]}",L3,ok
LMSM,2021,159575.34,,-95999.74,,233736.481,,,,-14633.645,48.722,,159101.618,,,-6792.635,thousands,0.001,,"{""sfp"": [23], ""pl"": [24, 25], ""cfs"": [26]}",L3,ok
LMSM,2022,144597.863,,-110290.451,144597.863,236270.854,,,,-14290.711,26.928,,144545.935,,,-2260.388,thousands,0.001,,"{""sfp"": [22, 29], ""pl"": [23, 24], ""cfs"": [26]}",L3,ok
LMSM,2023,131497.806,254115.594,-122617.788,26.983,238397.159,,,,-12327.337,26.983,,131445.823,,,-2266.39,thousands,0.001,,"{""sfp"": [23, 28], ""pl"": [24], ""cfs"": [27]}",L3,ok
LMSM,2024,119718.727,253514.629,-133795.902,38.0,240405.317,,,,-11178.114,38.0,,119655.727,,,-878.217,thousands,0.001,,"{""sfp"": [24], ""pl"": [25], ""cfs"": [28]}",L3,ok
LOADS,2017,3854619.436,,,2403811.793,357229.192,,-3857544.318,547582.185,306427.299,343121.346,1181967.494,,,,,thousands,0.001,,"{""sfp"": [24, 23, 25, 77], ""pl"": [], ""cfs"": []}",,ok
LOADS,2018,5588850.296,1937507.708,3651342.588,3284245.953,1841168.447,4889663.855,-4369075.348,520588.507,161556.78,535897.253,1662758.743,,,,,thousands,0.001,,"{""sfp"": [39, 38, 40, 107], ""pl"": [107], ""cfs"": []}",,ok
LOADS,2019,5438840.967,,,3522116.834,2980849.525,5709735.175,-5190618.409,519116.766,41228.554,3079.537,1404712.679,,,,,thousands,0.001,,"{""sfp"": [43, 42, 44, 117], ""pl"": [], ""cfs"": []}",L2.5,review
LOADS,2020,5744714.452,2983085.809,2761628.643,3810123.953,2568974.103,,-2580607.87,198022.767,,32010.964,1381183.851,,,,,thousands,0.001,,"{""sfp"": [45, 44, 46, 103], ""pl"": [], ""cfs"": []}",L2.5;L2.5,review
LOADS,2021,7016417.744,,,4836087.202,2631763.586,,-4319960.129,,,10733.698,1387034.758,,,,,thousands,0.001,,"{""sfp"": [40, 39, 41, 100], ""pl"": [], ""cfs"": []}",L2.5,review
LOADS,2022,8240666.296,3940817.004,4299849.292,6347902.02,3638007.314,,-6981076.054,810879.255,267167.057,11719.932,1618931.498,,,,,thousands,0.001,,"{""sfp"": [39, 38, 40, 98], ""pl"": [], ""cfs"": []}",L2.5;L2.5,review
LOADS,2023,6487462.152,3517096.607,2970365.545,4702948.134,3235615.4,,-3760959.084,732875.287,,14594.247,1054302.685,,,,,thousands,0.001,,"{""sfp"": [36, 35, 37, 92], ""pl"": [55], ""cfs"": []}",L2.5;L2.5;L5,review
LOADS,2024,7223930.242,3394543.104,3829387.138,4985072.512,3276788.617,,-3611841.683,,,55453.025,967692.659,,,,,thousands,0.001,,"{""sfp"": [36, 35, 37, 90], ""pl"": [55], ""cfs"": []}",L2.5;L2.5;L5,review
LOADS,2025,7569544.003,3252236.792,4317307.211,5194504.121,3187364.553,,,,,13665.108,799237.882,,,,,thousands,0.001,,"{""sfp"": [39, 38, 40, 91], ""pl"": [], ""cfs"": []}",L2.5;L2.5,review
LOTCHEM,2013,20043156,8465897,11577259,10462034,7631018,57069684.0,-57780354.0,-710670.0,-546102,2426739,2973270,,,,1952099,thousands,1.0,,"{""sfp"": [103, 102, 104, 152, 153], ""pl"": [104, 103, 105], ""cfs"": [106, 105, 107]}",L5,review
LOTCHEM,2014,16893183,6187665,10705518,8469515,6133125,,,,,1025890,2784277,,,,,thousands,1.0,,"{""sfp"": [98, 97, 99], ""pl"": [], ""cfs"": []}",,ok
LOTCHEM,2015,17247076,,,9601349,,7890331.0,,,-747650,1789081,3168280,,,,917870,thousands,1.0,,"{""sfp"": [104], ""pl"": [106, 107], ""cfs"": [108, 107, 109]}",,ok
LOTCHEM,2016,,,,,,8111320.0,,,,,,,,,1764196,thousands,1.0,,"{""sfp"": [], ""pl"": [], ""cfs"": [109, 108, 110]}",,ok
LOTCHEM,2017,20541037,,,13152180,,37034324,-35836664,1197660,412296,5043188,3361974,,,,2877501,thousands,1.0,,"{""sfp"": [105], ""pl"": [107, 108], ""cfs"": [109, 108, 110]}",L5,review
LOTCHEM,2018,21274130,,,15570196,,57400241,-50018605,7381636,4431100,4220756,5238450,,,-850523,236958,thousands,1.0,,"{""sfp"": [105], ""pl"": [107, 108], ""cfs"": [110, 109, 111]}",L2,ok
LOTCHEM,2019,27526193,,,22005809,,60539754,-52663659,7876095,5542330,8057563,4482468,,,-3972163,11758613,thousands,1.0,,"{""sfp"": [97], ""pl"": [99], ""cfs"": [102, 101, 103]}",L5;L2,review
LOTCHEM,2020,31496133,,,24151885,,38964851,-36322627,2642224,2125105,35588,4298785,,,,5186139,thousands,1.0,,"{""sfp"": [93], ""pl"": [95], ""cfs"": [98, 97, 99]}",L5;L5;L2,review
LOTCHEM,2021,36473172,,,28154282,,67164965,-59583590,7581375,1639001.0,46323,5848592,,,-3396645,6171941,thousands,1.0,,"{""sfp"": [89], ""pl"": [91], ""cfs"": [94, 93, 95]}",L5;L5;L2,review
LOTCHEM,2022,43333065,,,34184333,,100265555,-82441344,17824211,10118471,4397066,8529047,,,-1499054,4403981,thousands,1.0,,"{""sfp"": [91], ""pl"": [93], ""cfs"": [96, 95, 97]}",L5;L5;L5,review
LOTCHEM,2023,43575743,21563784,22011959,35073231,20460022,81619405,-71374835,10244570,5077654,1262827,13362175,,,-6039387,-4485722,thousands,1.0,,"{""sfp"": [92, 91, 93], ""pl"": [94, 93, 95], ""cfs"": [97, 96, 98]}",L2,ok
LOTCHEM,2024,42040942,,,32945336,,109299177,-104112680,5186497,,8833047,6746190,,,-6812670,13513983,thousands,1.0,,"{""sfp"": [81], ""pl"": [83], ""cfs"": [86, 85, 87]}",L5;L5;L2,review
LOTCHEM,2025,47802570,,,38734120,,80906921,-77831190,3075731,1118932,6828351,9091174,,,,-281680,thousands,1.0,,"{""sfp"": [81], ""pl"": [83], ""cfs"": [86, 85, 87]}",L5;L5;L5,review
LPGL,2014,482257,232241,250016,192196,232241,484921,484417,,-52956,,129367,278743,,,30274,thousands,1.0,,"{""sfp"": [21], ""pl"": [22, 23], ""cfs"": [24]}",,ok
LPGL,2015,519059,283445,235614,228686,283445,691778,623171,68607,-14402,,159707,290236,,,,thousands,1.0,,"{""sfp"": [21], ""pl"": [22, 23], ""cfs"": [24]}",,ok
LPGL,2016,652850,299708,353142,244936,298852,727664,649181,78483,,,194638,407654,,,,thousands,1.0,,"{""sfp"": [29], ""pl"": [30, 31, 32], ""cfs"": []}",,ok
LPGL,2017,661874,311741,350133,260533,311237,692372,616359,76013,,,179041,401081,,,-39874,thousands,1.0,,"{""sfp"": [31, 60], ""pl"": [32, 33], ""cfs"": [34, 54]}",,ok
LPGL,2018,715769,,346177,301339,368549,752297,74286,678011,,,197264,414175,,,12617,thousands,1.0,,"{""sfp"": [36, 41], ""pl"": [42, 43], ""cfs"": [45]}",,ok
LPGL,2019,860191,454129,406062,372756,453265,779659,684898,94761,,,200206,487180,,,-18361,thousands,1.0,,"{""sfp"": [42], ""pl"": [43, 44], ""cfs"": [46]}",,ok
LPGL,2020,994892,586902,407990,492682,573479,660888,559040,101848,,,114368,501955,,,-25012,thousands,1.0,,"{""sfp"": [41], ""pl"": [42], ""cfs"": [45]}",,ok
LPGL,2021,1145211,732217,412994,622637,708839,941515,836630,104885,,,431120,520775,,,48624,thousands,1.0,,"{""sfp"": [40], ""pl"": [41, 42], ""cfs"": [44]}",,ok
LPGL,2022,1611306,878144,733162,858445,865744,1012393,867460,144933,,,650226,749756,,,-42487,thousands,1.0,,"{""sfp"": [39], ""pl"": [40, 41], ""cfs"": [43]}",,ok
LPGL,2023,1839350,1039515,799835,1075084,1839350,2335021,1965458,369563,66673,,815020,761161,,,-43618,thousands,1.0,,"{""sfp"": [39, 43, 49, 50], ""pl"": [44], ""cfs"": [47]}",,ok
LPGL,2024,,,,1113628.0,968096.0,3344534,2926641,417893,81519,,993277.0,,,,,thousands,1.0,,"{""sfp"": [41, 40, 42], ""pl"": [42, 41, 43], ""cfs"": [45, 44, 46]}",,ok
LPGL,2025,2192505,1080274,1112231,1211377,1074094,1628612,1355295,273317,15822,10437,906470,979567,,,,thousands,1.0,,"{""sfp"": [42], ""pl"": [43], ""cfs"": [46]}",,ok
LPL,2013,,10266357,12084083,,10246135,,,,,,,,,,,thousands,1.0,,"{""sfp"": [42, 41, 43], ""pl"": [44, 43, 45], ""cfs"": [45, 44, 46]}",,ok
LPL,2014,23623260,11324923,12293337,12522547,9493110,30916857,-29037489,1879368,792741,632348,,,,,,thousands,1.0,,"{""sfp"": [38, 37, 39], ""pl"": [40, 39, 41], ""cfs"": [41, 40, 42]}",,ok
LPL,2015,21486627,9100564,12386063,11172980,7742120,22078537,-20039190,2039347,849863,681102,,,,,,thousands,1.0,,"{""sfp"": [40, 39, 41], ""pl"": [42, 41, 43], ""cfs"": [43, 42, 44]}",,ok
LPL,2016,23817802,11199172,12618630,13884049,10396527,15366041,-13510090,1855951,994697,501747,,,,,,thousands,1.0,,"{""sfp"": [48, 47, 49], ""pl"": [50, 49, 51], ""cfs"": [51, 50, 52]}",,ok
LPL,2017,23673428,10869125,12804303,14580099,10600422,18313076,-16508376,1804700,972340,501747.0,,,,,,thousands,1.0,,"{""sfp"": [46, 45, 47], ""pl"": [48, 47, 49], ""cfs"": [49, 48, 50]}",L5,review
LPL,2018,27144682,13971965,13172717,18007231,13965667,16809658,-14918104,1891554,747472,,,,,,,thousands,1.0,,"{""sfp"": [59, 58, 60], ""pl"": [61, 60, 62], ""cfs"": [62, 61, 63]}",,ok
LPL,2019,29557003,14729664,14827339,21569716,14708529,12840474,-8711954,4128520,2043780,153340.0,,,,,,thousands,1.0,,"{""sfp"": [64, 63, 65], ""pl"": [66, 65, 67], ""cfs"": [67, 66, 68]}",L5,review
LPL,2020,29858989,12334643,17524346,22982335,12261901,12402237,-7378149,5024088,3551394,128937,,,,-850862,3488569,thousands,1.0,,"{""sfp"": [70, 69, 71], ""pl"": [72, 71, 73], ""cfs"": [74, 73, 75]}",,ok
LPL,2021,17728471.0,2154781,15573690,12026276.0,2128244,18653788,-18562969,90819,,19969.0,,,,-1139358,10405632,thousands,1.0,,"{""sfp"": [59, 58, 60], ""pl"": [61, 60, 62], ""cfs"": [63, 62, 64]}",L2.5;L2.5,review
LPL,2022,22971469,5251137,17720332,18235909,5225930,37611016,-34125274,3485742,2707373,,,4718642,,-571597,-2792154,thousands,1.0,,"{""sfp"": [54, 55, 89, 103], ""pl"": [56, 92, 93], ""cfs"": [58, 94]}",,ok
LPL,2023,22039921,6200457,15839464,1804364,6161133,19471572,-13870716,5600856,2707373.0,412939,,,,-6452172,7286001,thousands,1.0,,"{""sfp"": [56, 55, 57], ""pl"": [58, 57, 59], ""cfs"": [60, 59, 61]}",L5;L2,review
LPL,2024,15079956.0,248381,14831575,22361767.0,229558,14239415,-10691409,3548006,4577767.0,686673.0,,,,-1518688,15162771,thousands,1.0,,"{""sfp"": [41, 40, 42, 43], ""pl"": [43, 42, 44], ""cfs"": [45, 44, 46]}",L5,review
LPL,2025,11731576,189208,11542368,9843597,177136,,,,,21072.0,,,,,405300,thousands,1.0,,"{""sfp"": [52, 51, 53], ""pl"": [54, 53, 55], ""cfs"": [56, 55, 57]}",L5;L5,review
LUCK,2013,,,,,,,,,,,,,,-1925165,12239113,thousands,1.0,,"{""sfp"": [8], ""pl"": [], ""cfs"": [58]}",,ok
LUCK,2014,59797916.0,,,19996041.0,4484250.0,43083169,-24393064.0,18690105.0,11344403.0,8519082.0,1638984.0,,,,,thousands,1.0,,"{""sfp"": [95, 94, 96, 133, 156], ""pl"": [96, 95, 97, 134], ""cfs"": [97, 96, 98, 135]}",L4;L4;L4;L4;L4;L5;L2,review
LUCK,2015,73085865,13827095,59258770,27017949,7430703,44761307,-24578219,20183088,12431598,16444622,1580745,,,,,thousands,1.0,,"{""sfp"": [93, 92, 94], ""pl"": [94, 93, 95], ""cfs"": [95, 94, 96]}",L4;L4;L4;L4;L4;L5;L5;L2,review
LUCK,2016,85922406,16599568,69322838,39407717,9630824,45222089,-23421515,21800574,12944185,26805582,1588469,,,,,thousands,1.0,,"{""sfp"": [95, 94, 96, 184], ""pl"": [96, 95, 97, 186], ""cfs"": [97, 96, 98]}",L4;L4;L4;L4;L4;L5;L2,review
LUCK,2017,97337365,17552384,79784981,46367925,10343627,45687043,-24388760,21298283,13692249,33738377.0,2509273.0,,,,,thousands,1.0,,"{""sfp"": [93, 92, 94, 149, 159, 161, 177], ""pl"": [94, 93, 95, 151], ""cfs"": [95, 94, 96, 153]}",L4;L4;L4;L4;L4;L5;L2,review
LUCK,2018,108999117.0,,,42955677.0,15237262.0,47541724,-30589363,16952361,12197090,27435361.0,2796658.0,,,,,thousands,1.0,,"{""sfp"": [127, 126, 128], ""pl"": [128, 127, 129], ""cfs"": []}",L4;L4;L4;L4;L4;L5;L2,review
LUCK,2019,125089214.0,,,33378799.0,23578050.0,48021399,34037568,13983831,10490229,15657246.0,4253020.0,,,,,thousands,1.0,,"{""sfp"": [173, 172, 174, 249], ""pl"": [174, 173, 175], ""cfs"": []}",L4;L4;L4;L4;L4;L5;L2,review
LUCK,2020,135868474,36684613,99183861,28467833,28955352,41870796,-35794031,6076765,3343933,7816606,2915552,60154650,,,,thousands,1.0,,"{""sfp"": [200, 199, 201, 245], ""pl"": [201, 200, 202, 246], ""cfs"": []}",L4|L4;L2,review
LUCK,2021,156368062.0,,,40676368.0,30404646.0,62940805,-43984873,18955932,14070189,2825424.0,3105037.0,,,,,thousands,1.0,,"{""sfp"": [190, 189, 191, 252], ""pl"": [191, 190, 192], ""cfs"": []}",L5;L2,review
LUCK,2022,184962368,56422044,128540324,140146677,30361358,81093525,-58541684,22551841,15298618,3871078,7171364,82301050,,,,thousands,1.0,,"{""sfp"": [225, 224, 226, 283], ""pl"": [226, 225, 227], ""cfs"": []}",L2,ok
LUCK,2023,213079067,75712741,137366326,59576642,46180879,95832147,-69771469,26060678,13725814,4116181,6048507,,,,,thousands,1.0,,"{""sfp"": [233, 232, 234, 292], ""pl"": [234, 233, 235], ""cfs"": []}",L5;L2,review
LUCK,2024,234018090,86256813,147761277,68452084,54188473,115324942,76520370,38804572,28106539,2567176,8505426,,,,,thousands,1.0,,"{""sfp"": [237, 236, 238, 298], ""pl"": [238, 237, 239], ""cfs"": []}",L5,review
LUCK,2025,266748030,90837630,175910400,100547359,5864138,124511744.0,-81827060.0,42684684.0,33092162.0,2790323.0,4774577.0,,,,,thousands,1.0,,"{""sfp"": [239, 238, 240, 300], ""pl"": [364], ""cfs"": []}",L5,review
MACFL,2014,1282450.86,835862.711,446588.149,459610.413,540407.088,1195122.436,-1077139.093,117983.343,-24351.572,11336.312,248667.073,760901.866,,2694.593,68701.417,thousands,0.001,,"{""sfp"": [41], ""pl"": [42, 43], ""cfs"": [44]}",,ok
MACFL,2015,1373346.478,865856.151,507490.327,537326.144,485194.709,1342753.084,-1095950.647,246802.437,61823.341,14632.523,244044.01,828644.006,,,102017.52,thousands,0.001,,"{""sfp"": [39], ""pl"": [25, 40, 41], ""cfs"": [42]}",,ok
MACFL,2017,1560790.819,967312.91,593477.909,741461.399,799079.118,1515691.745,-1263002.642,252689.103,78271.565,5562.05,443967.763,808213.675,,,,thousands,0.001,,"{""sfp"": [46], ""pl"": [47], ""cfs"": []}",L5,review
MACFL,2018,2232221.015,1327117.947,905103.068,1043934.04,1177400.669,,-1902336.855,222822.388,54848.558,33835.307,491245.84,,,,,thousands,0.001,,"{""sfp"": [61, 60, 62], ""pl"": [], ""cfs"": []}",L5,review
MACFL,2019,2496159544.0,1843520701.0,652638844.0,1073282055.0,1396578305.0,,,,,,,1415678086.0,,,,thousands,0.001,,"{""sfp"": [53, 59, 60, 67], ""pl"": [], ""cfs"": []}",L3;L2,ok
MACFL,2020,2973952.445,1762125.064,1211827.081,1024794.484,1340899.057,,-2107605.178,57348.678,-62855.098,18194.2,328537.63,,,,,thousands,0.001,,"{""sfp"": [63, 62, 64], ""pl"": [], ""cfs"": []}",L3,ok
MACFL,2021,,,,2493441.54,1220808.148,3025322.805,,,,15687.101,608560.16,,,,,thousands,0.001,,"{""sfp"": [35, 34, 36], ""pl"": [35], ""cfs"": []}",,ok
MACFL,2022,4046829.217,,,2078322.205,2212556.635,,,,,,,1948072.161,,,346294.426,thousands,0.001,,"{""sfp"": [38], ""pl"": [], ""cfs"": [44]}",,ok
MACFL,2023,4617984.415,,,2719918.944,2141618.67,5505462.439,-4194009.701,1311452.738,379213.514,267862.572,1165508.058,,,,,thousands,0.001,,"{""sfp"": [48, 47, 49], ""pl"": [], ""cfs"": []}",,ok
MACFL,2024,4805661.301,2568690.03,2236971.271,2536540.862,2211627.952,5619408.233,-4693065.958,926342.275,257720.0,146593.352,1131640.06,,,,,thousands,0.001,,"{""sfp"": [109, 108, 110], ""pl"": [109], ""cfs"": []}",L5;L2,review
MACFL,2025,5268977.671,,,,2202918.294,,,,85284.0,,1235718.099,,,,,thousands,0.001,,"{""sfp"": [113, 112, 114], ""pl"": [113], ""cfs"": []}",,ok
MARI,2013,34192438,,,20472285,15274318.0,11777767,,,2421076,6508559,,,,-338736,5374004,thousands,1.0,,"{""sfp"": [75, 74, 76], ""pl"": [77], ""cfs"": [79, 78, 80]}",,ok
MARI,2014,59463027,,,40628932,37997053.0,14877969,,,3943303,5307263,,,,-345802,6096578,thousands,1.0,,"{""sfp"": [83, 82, 84, 101], ""pl"": [85, 86], ""cfs"": [87, 86, 88]}",L2,ok
MARI,2015,,,,41870090.0,39801986.0,,,,1805851.0,,,,,-92626,6609010,thousands,1.0,,"{""sfp"": [45], ""pl"": [46], ""cfs"": [47, 46, 48]}",,ok
MARI,2016,59559647,42593724,16965923,32727282,35017149,,,,1468942.0,626154,,,,-895051,12638329,thousands,1.0,,"{""sfp"": [58], ""pl"": [59], ""cfs"": [60, 59, 61]}",,ok
MARI,2017,93594967,68057297,25537670,65303768,56400758,26025546.0,,,,,,,,-557916,7120289,thousands,1.0,,"{""sfp"": [63], ""pl"": [64], ""cfs"": [65, 71]}",,ok
MARI,2018,,,,115547849.0,96021626.0,40676368.0,,,15374340.0,7268908.0,,,,-623547,20225239,thousands,1.0,,"{""sfp"": [100, 104], ""pl"": [97], ""cfs"": [79, 78, 80]}",,ok
MARI,2019,,,,,,59448007,,,24327088,,,,,751503,20436053,thousands,1.0,,"{""sfp"": [87], ""pl"": [88], ""cfs"": [55, 54, 56, 89]}",L5;L5;L2,review
MARI,2020,282077303,188928197,93149106,239912114,178586058,17848.85,,,,,,,,,,thousands,1.0,,"{""sfp"": [92], ""pl"": [93], ""cfs"": [94, 93, 95]}",L3,ok
MARI,2021,,,,,,73018271,,,31444909,,,,,-8996521,30137247,thousands,1.0,,"{""sfp"": [95], ""pl"": [96], ""cfs"": [97, 96, 98]}",L5;L3,review
MARI,2022,185140025,54281258,130858767,85950046,38012839,95134477,,,33063011,,,,,-18129026,49400044,thousands,1.0,,"{""sfp"": [95], ""pl"": [96], ""cfs"": [97]}",L5;L2,review
MARI,2023,254596797,86170457,168426340,123795261,62635182,145769907,,,56128711,31703638,,,,-19992535,56195343,thousands,1.0,,"{""sfp"": [207, 206, 208], ""pl"": [209, 208, 210], ""cfs"": [212, 211, 213]}",L5,review
MARI,2024,346572243,121664523,224907720,175836863,62946382,181828621,,,77288111,52210069,,,,,,thousands,1.0,,"{""sfp"": [139, 138, 140, 170], ""pl"": [140, 139, 141, 171], ""cfs"": [141, 140, 142, 172]}",,ok
MARI,2025,422269783,150615728,271654055,191023495,67908692,177097104,,,65136416,38699211,,,,,,thousands,1.0,,"{""sfp"": [143, 142, 144, 176], ""pl"": [144, 143, 145, 177], ""cfs"": [145, 144, 146, 178]}",,ok
MCB,2013,,,,,,1120157000.0,655873000.0,464284000.0,21950141000.0,,,,,-12673334000.0,69725490000.0,thousands,1000.0,,"{""sfp"": [116, 197, 220], ""pl"": [117, 198, 221], ""cfs"": [119, 199, 222]}",,ok
MCB,2014,934631484,804527422,130104062,,,77268988,33756685,43512303,24324756,46753804,,31192588,,-15175107,53343418,thousands,1.0,,"{""sfp"": [134], ""pl"": [135, 136], ""cfs"": [137]}",L3,ok
MCB,2015,1020980021,878803401,142176620,,,1362188,,,366766,,,,,,,thousands,1.0,,"{""sfp"": [214, 263, 292], ""pl"": [215, 271], ""cfs"": [216, 280]}",L3,ok
MCB,2016,1051813681,910187056,145960070,,,59335147,23260457,36074690,21890896,189957,,32752672,,-17760058,21592869,thousands,1.0,,"{""sfp"": [154, 173, 249, 283, 292, 334], ""pl"": [155, 174, 250, 336], ""cfs"": [157, 337, 251]}",L3,ok
MCB,2017,1373430450,1216887369,156543081,,,,,,22458901,,,,,-17201874,121117843,thousands,1.0,,"{""sfp"": [164, 267, 311, 325, 355], ""pl"": [165, 166, 268, 356], ""cfs"": [167, 269]}",L2,ok
MCB,2018,1585210007,1433887128,163322879,,,,,,,49001673.0,,,,,,thousands,1.0,,"{""sfp"": [48, 47, 49], ""pl"": [53, 52, 54], ""cfs"": []}",L5;L5,review
MCB,2019,,,,,,76295167,,,23976839,,,,,-18838387,48192341,thousands,,,"{""sfp"": [197, 265, 266, 309, 396], ""pl"": [198, 199, 310, 397], ""cfs"": [201, 313]}",,ok
MCB,2020,,,,,,,,,,,,,,-11750637,285808110,thousands,,,"{""sfp"": [215, 260, 325, 412], ""pl"": [216, 326, 413, 270], ""cfs"": [219, 329]}",,ok
MCB,2021,1970468448,1796061040,174407408,,,84060638,,,30811047,164131719,,57327871,,-34036857,110719196,thousands,1.0,,"{""sfp"": [236, 344, 431], ""pl"": [237, 345, 432], ""cfs"": [240, 348]}",,ok
MCB,2022,,,,,,111769136,,,32740935,,,,,-21807509,-68036386,thousands,1.0,,"{""sfp"": [260, 334, 335, 374], ""pl"": [261, 375, 336], ""cfs"": [264, 378]}",,ok
MCB,2023,,,,,,180616647,,,59631097,,,,,-32308059,378129194,thousands,1.0,,"{""sfp"": [293, 409], ""pl"": [294, 410], ""cfs"": [297, 413]}",,ok
MCB,2024,2703339305,2433079965,270259340,,,186526748,,,,168507615,,,,-42335753,-88209116,thousands,1.0,,"{""sfp"": [308, 439], ""pl"": [309, 442], ""cfs"": [312]}",,ok
MCB,2025,3247056962,2931315736,315741226,,,,,,58775408,190083526,,,,-42299881,810607413,thousands,1.0,,"{""sfp"": [329, 459], ""pl"": [461], ""cfs"": [333, 463]}",,ok
MCBAH,2013,1411536.548,138507.619,1263201.779,714171.624,97417.388,,,,,4794.987,,,,,,thousands,0.001,,"{""sfp"": [18, 17, 19], ""pl"": [], ""cfs"": []}",,review
MCBAH,2014,1607734.001,253887.995,1342095.83,859471.225,205956.185,,,,,10554.36,,,,,,thousands,0.001,,"{""sfp"": [18, 17, 19], ""pl"": [], ""cfs"": []}",,ok
MCBAH,2015,2019331.578,514292.719,1493857.836,1211528.128,460442.28,,,,,15912.374,,,,,,thousands,0.001,,"{""sfp"": [18, 17, 19], ""pl"": [], ""cfs"": []}",,ok
MCBAH,2016,2173870.897,624642.11,1549228.787,1374123.138,577404.209,,,,,41867.164,,,,,,thousands,0.001,,"{""sfp"": [31, 30, 32], ""pl"": [], ""cfs"": []}",,ok
MCBAH,2017,2269940.004,690402.567,1579537.437,1316474.772,641389.581,,,,,18692.497,,,,,,thousands,0.001,,"{""sfp"": [37, 36, 38], ""pl"": [], ""cfs"": []}",,ok
MCBAH,2018,2248727.899,681191.767,1567536.132,1294049.28,681191.767,,,,,19491.053,,,,,,thousands,0.001,,"{""sfp"": [44, 43, 45], ""pl"": [], ""cfs"": []}",L5,review
MCBAH,2019,2044323.31,582096.997,1462226.313,1158569.157,539754.315,,,,24235.396,23165.617,,,,,,thousands,0.001,,"{""sfp"": [50, 49, 51], ""pl"": [], ""cfs"": []}",,ok
MCBAH,2020,2265572.401,714876.975,1550695.426,1317909.797,625453.704,,,,257669.113,19814.591,,,4586.0,,,thousands,0.001,,"{""sfp"": [49, 48, 50], ""pl"": [], ""cfs"": []}",,ok
MCBAH,2021,2375510.961,772381.372,1603129.589,1358967.61,687203.283,,,,376434.163,43929.106,,,,,,thousands,0.001,,"{""sfp"": [49, 48, 50], ""pl"": [], ""cfs"": []}",,ok
MCBAH,2022,2232851.172,798359.938,1434491.234,1208673.054,699479.906,,,,,51523.257,,,,,,thousands,0.001,,"{""sfp"": [47, 46, 48], ""pl"": [], ""cfs"": []}",,ok
MDTL,2014,909020.754,715544.043,193476.711,178064.026,523204.245,310049.444,-374305.795,-64256.351,-565231.713,1051.966,1629.547,717353.139,,,-23043.058,thousands,0.001,,"{""sfp"": [23], ""pl"": [24], ""cfs"": [27]}",,ok
MDTL,2015,778582.776,799458.622,-20875.846,161739.676,559733.534,325619.043,-405691.606,-80072.563,-216515.422,2844.312,1572.719,608174.155,,,-40730.026,thousands,0.001,,"{""sfp"": [24], ""pl"": [25, 26], ""cfs"": [27]}",L3,ok
MDTL,2017,,,,153976.86,597864.684,,,,,2686.663,,,,,,thousands,0.001,,"{""sfp"": [65, 64, 66], ""pl"": [], ""cfs"": []}",,ok
MDTL,2018,,,,124014.274,663095.804,,,39236.98,-229271.579,710.626,,,,,,thousands,0.001,,"{""sfp"": [0, 1], ""pl"": [], ""cfs"": []}",,ok
MDTL,2019,326192.118,1067792.62,-741600.502,50448.918,776576.393,177165.827,-208936.364,-31770.537,-244506.124,588.218,54.433,267951.455,,,-26812.075,thousands,0.001,,"{""sfp"": [1], ""pl"": [2], ""cfs"": [4]}",L3,ok
MDTL,2020,281892.721,1126724.357,-844831.636,55765.345,842075.069,,,,-110019.052,3469.448,,,,,,thousands,0.001,,"{""sfp"": [51, 50, 52], ""pl"": [], ""cfs"": []}",L3,ok
MDTL,2021,338162.501,1296411.761,-958249.26,43133.565,782357.926,,,4483.495,-114476.289,5665.791,,,,,,thousands,0.001,,"{""sfp"": [32, 31, 33], ""pl"": [], ""cfs"": []}",L3,ok
MDTL,2022,417996.336,,,56185.117,826441.456,,,42391.354,,4174.491,,,,,,thousands,0.001,,"{""sfp"": [45, 44, 46, 94], ""pl"": [], ""cfs"": []}",L2.5,review
MDTL,2023,267338.076,1318843.654,-1051505.578,36264.612,901978.348,110970.6,-109347.909,1622.691,-110540.094,1455.977,,130947.184,,,-22818.514,thousands,0.001,,"{""sfp"": [46], ""pl"": [47, 48], ""cfs"": [49]}",L3,ok
MDTL,2024,236667.538,1290632.469,-1053964.931,34179.523,815580.57,67244.759,-86871.351,-19626.592,-3073.847,829.87,,105752.916,,,-11376.107,thousands,0.001,,"{""sfp"": [40], ""pl"": [41], ""cfs"": [44]}",L3,ok
MDTL,2025,,,,,,152937.866,-83982.784,68955.082,17066.0,,,,,,7955.783,thousands,0.001,,"{""sfp"": [44, 51], ""pl"": [45, 46], ""cfs"": [48]}",,ok
MEBL,2016,,,,,,,,,,,,,,-3006982,-7740738,thousands,1.0,,"{""sfp"": [132, 217, 277, 278], ""pl"": [133, 219], ""cfs"": [135, 134, 136, 225]}",,ok
MEBL,2018,,,,,,35630013,,,8962200,,,,,,,thousands,1.0,,"{""sfp"": [142, 146, 221, 222], ""pl"": [143, 144, 223], ""cfs"": [225, 168]}",,ok
MEBL,2019,,,,,,55859567,,,15232074,,,,,-6080617,136080972,thousands,1.0,,"{""sfp"": [212, 218, 294], ""pl"": [213, 295], ""cfs"": [216, 296]}",,ok
MEBL,2020,,,,,,,,,22165606,,,,,-8226110,272867150,thousands,1.0,,"{""sfp"": [151, 236], ""pl"": [153, 238], ""cfs"": [155, 240]}",,ok
MEBL,2021,,,,,,83812909,,,28355157,,,,,-9515742,234566825,thousands,1.0,,"{""sfp"": [144, 194, 195, 227], ""pl"": [145, 228], ""cfs"": [148, 147, 149, 229]}",,ok
MEBL,2022,,,,,,140806814,,,45006610,,,,,-7908045,638082992,thousands,1.0,,"{""sfp"": [152, 239, 240, 309], ""pl"": [153, 154, 242], ""cfs"": [156, 155, 157, 267]}",,ok
MEBL,2023,,,,,,,,,86023136,,,,,-29819429,436179102,thousands,1.0,,"{""sfp"": [163, 236, 254, 323], ""pl"": [164, 255, 313, 314], ""cfs"": [167, 166, 168, 257]}",,ok
MEBL,2024,3900411330,3653427038,,,,315917305,,,101507524,,,,,-52818741,361233307,thousands,1.0,,"{""sfp"": [157, 261, 262, 338, 340], ""pl"": [158, 263, 264, 337, 340], ""cfs"": [161, 160, 162, 265]}",,ok
MEBL,2025,4806560919,4527303796,279257123,,,285104330,,,89041250,330542818,,,,-50331189,881296049,thousands,1.0,,"{""sfp"": [160, 303], ""pl"": [161, 316], ""cfs"": [164, 163, 165]}",,ok
MEHT,2013,9184669.898,5057946.184,4126723.714,5041572.077,3799073.615,14225506.412,12289367.34,1936139.072,668925.394,13845.947,3646587.131,,,,,thousands,0.001,,"{""sfp"": [21, 20, 22], ""pl"": [], ""cfs"": []}",,ok
MEHT,2014,9122070.53,4673646.975,4448423.555,4862318.668,3518138.289,15475222.284,-14115777.722,1359444.562,471699.841,8772.845,2667620.149,,,,,thousands,0.001,,"{""sfp"": [21, 20, 22], ""pl"": [], ""cfs"": []}",,ok
MEHT,2015,11488306.002,6818759.842,4669546.16,7085081.599,5784623.85,13759434.489,-12814320.855,945113.634,371122.605,15137.192,3402944.706,,,,,thousands,0.001,,"{""sfp"": [20, 19, 21], ""pl"": [], ""cfs"": []}",,ok
MEHT,2016,10696088.15,6230414.472,4465672.678,6529268.732,5524965.109,13663708.498,-12566324.425,1097384.073,,24977.265,2542956.536,,,,,thousands,0.001,,"{""sfp"": [21, 20, 22], ""pl"": [], ""cfs"": []}",,ok
MEHT,2017,14368840.516,9585962.144,4782878.372,9669730.435,8724478.23,,-14742034.093,,,13360.633,3336305.119,,,,,thousands,0.001,,"{""sfp"": [23, 22, 24], ""pl"": [], ""cfs"": []}",,ok
MEHT,2018,18205487.872,13501092.992,4704394.88,11219297.514,11448744.423,,-16873902.818,,224621.031,32362.744,4223178.259,,2346.862,,,thousands,0.001,,"{""sfp"": [29, 28, 30], ""pl"": [], ""cfs"": []}",,ok
MEHT,2019,25266245.562,16701737.683,8564507.879,12426349.216,13351862.06,24386739.696,-21812853.828,2573885.868,831116.504,24598.057,7593497.763,,2472.353,,,thousands,0.001,,"{""sfp"": [29, 28, 30], ""pl"": [], ""cfs"": []}",,ok
MEHT,2020,25447918.491,16865439.274,8582479.217,12667080.248,11263711.644,24465188.294,-22351654.94,2113533.354,71633.065,45045.826,7059216.934,,2438.53,,,thousands,0.001,,"{""sfp"": [32, 31, 33], ""pl"": [], ""cfs"": []}",,ok
MEHT,2021,26824761.426,16886795.046,9937966.38,12492091.999,10.652,27934497.779,-24121441.821,3813055.958,1340603.337,97604.558,,,,,,thousands,0.001,,"{""sfp"": [34, 33, 35], ""pl"": [], ""cfs"": []}",L5,review
MEHT,2022,39793110.994,27142021.311,12651089.683,20679595.52,18596826.736,40969325.542,-33538191.582,7431133.96,3178195.303,46905.744,11638417.199,,3051.775,,,thousands,0.001,,"{""sfp"": [38, 37, 39], ""pl"": [], ""cfs"": []}",,ok
MEHT,2023,51370944.91,37616276.42,13754668.49,27956175.931,27937213.264,54627481.688,-46919000.225,7708481.463,6903397.0,34613.661,17736240.32,,3699.84,,,thousands,0.001,,"{""sfp"": [42, 41, 43], ""pl"": [], ""cfs"": []}",,ok
MEHT,2024,,,,30478928.31,28425809.725,66583767.005,-56855235.797,9728531.208,,31957.577,,,,,,thousands,0.001,,"{""sfp"": [43, 42, 44], ""pl"": [], ""cfs"": []}",,ok
MEHT,2025,,,,31610181.052,29179206.567,57071382.737,-49107864.833,7963517.904,,98405.057,,,,,,thousands,0.001,,"{""sfp"": [40, 39, 41], ""pl"": [], ""cfs"": []}",,ok
MERIT,2013,1280626.892,,,620501.07,569591.778,1389258.616,-1323784.049,65474.567,-88428.473,922.499,302099.815,,,,,thousands,0.001,,"{""sfp"": [18, 17, 19], ""pl"": [], ""cfs"": []}",,ok
MERIT,2014,1538498.736,1029062.052,509436.684,815516.643,577021.052,1884959.826,-1724548.57,160411.256,-11206.245,7961.584,333200.649,657329.485,,,-182625.878,thousands,0.001,,"{""sfp"": [28, 32], ""pl"": [29, 30], ""cfs"": [31]}",,ok
MERIT,2015,1690524.164,1168080.13,522444.034,928365.855,554955.13,2023248.518,-1850912.809,172335.709,,46436.787,263543.357,,,,,thousands,0.001,,"{""sfp"": [30, 29, 31], ""pl"": [], ""cfs"": []}",,ok
MERIT,2016,2409300.821,1828039.413,581261.408,934175.51,1059407.533,1606868.47,-1478122.599,128745.871,3167.263,1435.846,297712.309,,,,,thousands,0.001,,"{""sfp"": [25, 24, 26], ""pl"": [], ""cfs"": []}",,ok
MERIT,2017,3045773.402,,,1099501.042,1138642.376,1801452.074,-1617464.47,183987.604,32676.77,2050.678,326353.452,,,,,thousands,0.001,,"{""sfp"": [32, 31, 33], ""pl"": [], ""cfs"": []}",,ok
MERIT,2018,3766076.295,2769976.518,996099.777,1426462.701,1602604.473,2449541.047,-2258441.623,191099.424,,7787.946,384901.376,,,,,thousands,0.001,,"{""sfp"": [36, 35, 37], ""pl"": [], ""cfs"": []}",,ok
MERIT,2019,4623198.822,,,1470189.652,2162509.376,2859838.021,-2854538.973,5299.048,,4140.242,547387.193,,,,,thousands,0.001,,"{""sfp"": [34, 33, 35], ""pl"": [], ""cfs"": []}",,ok
MERIT,2020,4713487.565,,,1643657.549,1692788.945,2158386.265,-2357088.614,,,9335.125,520444.211,,,,,thousands,0.001,,"{""sfp"": [34, 33, 35], ""pl"": [], ""cfs"": []}",,ok
MERIT,2021,4975731.395,4426415.014,549316.381,1765082.951,2018131.473,2902559.086,-2944958.201,-42399.115,,3539.259,537334.83,,,,,thousands,0.001,,"{""sfp"": [103, 102, 104], ""pl"": [], ""cfs"": []}",L5,review
MERIT,2022,5539153.142,3693638.957,1845514.185,2313492.803,2052143.266,4181646.875,-3928729.81,,,6846.936,700740.532,,,,,thousands,0.001,,"{""sfp"": [75, 74, 76], ""pl"": [], ""cfs"": []}",,ok
MERIT,2023,7122703.005,4200475.147,2922227.858,2679293.611,2632723.392,6340623.574,-5849026.445,,-136601.943,5646.512,763974.549,,,,,thousands,0.001,,"{""sfp"": [66, 65, 67], ""pl"": [], ""cfs"": []}",,ok
MERIT,2024,5327782.703,2403870.141,2923912.562,2253834.468,2071023.922,6638477.368,-6180364.067,458113.301,-186362.422,21309.718,452569.12,,,,,thousands,0.001,,"{""sfp"": [70, 69, 71], ""pl"": [], ""cfs"": []}",L5,review
MERIT,2025,5016741.651,2744676.318,2272065.333,2022589.454,2361059.499,,-5309665.888,,-599667.526,2657.049,545652.0,,,,,thousands,0.001,,"{""sfp"": [90, 89, 91], ""pl"": [], ""cfs"": []}",L5,review
MFFL,2014,1401577.12,822663.856,578913.264,703215.559,516297.466,1945126.43,-1423776.984,521349.446,107464.622,34314.031,405756.555,684798.311,,-47196.454,-21762.552,thousands,0.001,,"{""sfp"": [36, 37], ""pl"": [38, 39], ""cfs"": [40]}",,ok
MFFL,2015,1368017.363,,572587.064,658671.901,531043.392,1696332.638,-1292628.532,403704.106,27069.91,13216.209,313067.277,696321.121,,-40188.716,56578.297,thousands,0.001,,"{""sfp"": [36, 37], ""pl"": [38, 39], ""cfs"": [40]}",,ok
MFFL,2016,1415000.146,874078.641,540921.505,733751.811,725058.292,1679461.946,-1286380.012,393081.934,,19686.493,376429.996,,,,,thousands,0.001,,"{""sfp"": [40, 39, 41], ""pl"": [], ""cfs"": []}",,ok
MFFL,2018,1493308.822,12840.094,,797014.958,1164279.672,1628007.964,-1375118.88,252889.084,-292619.064,13111.08,461616.862,,,,,thousands,0.001,,"{""sfp"": [34, 33, 35], ""pl"": [], ""cfs"": []}",,ok
MFFL,2019,1343493.757,,,704701.66,1104259.444,1987552.095,,434413.096,-80005.513,18787.336,277274.045,,,,,thousands,0.001,,"{""sfp"": [42, 41, 43], ""pl"": [], ""cfs"": []}",,ok
MFFL,2020,1380619.277,1306309.5,74309.777,766271.109,1172079.04,2112492.576,-1670069.764,442422.812,-55445.435,35392.236,335418.696,,,,,thousands,0.001,,"{""sfp"": [52, 51, 53], ""pl"": [], ""cfs"": []}",,ok
MFFL,2021,1708656.553,,,1013993.62,745854.656,2210619.831,-1721279.887,489339.944,,12626.979,407053.602,,,,,thousands,0.001,,"{""sfp"": [48, 47, 49], ""pl"": [], ""cfs"": []}",,ok
MFFL,2022,1641902.921,,,944132.018,1303224.906,2489291.011,-2295470.632,193820.379,,21624.4,430965.294,,,,,thousands,0.001,,"{""sfp"": [42, 41, 43], ""pl"": [], ""cfs"": []}",,ok
MFFL,2023,1620534.247,,,964213.828,1350854.645,2724930.89,,648116.206,,21312.106,,,,,,thousands,0.001,,"{""sfp"": [44, 43, 45], ""pl"": [], ""cfs"": []}",,ok
MFFL,2024,1711647.475,,,1104969.195,967122.709,2642163.811,-1852996.86,789166.951,,58294.718,,,,,,thousands,0.001,,"{""sfp"": [45, 44, 46], ""pl"": [], ""cfs"": []}",,ok
MFL,2018,9048412.94,4919745.9,4128667.04,6835.696,4499637.241,6869392.098,-5862040.117,1007351.981,308292.955,,,,,,,thousands,0.001,,"{""sfp"": [48, 47, 49], ""pl"": [], ""cfs"": []}",L5,review
MFL,2019,9574964.173,5067989.874,,6830363.896,4610961.775,,,914509.738,413836.287,78380.942,,,,,,thousands,0.001,,"{""sfp"": [], ""pl"": [], ""cfs"": []}",,ok
MFL,2020,13836283.386,7068235.685,6768047.701,8670146.539,6342857.352,,-10273971.964,1015989.929,151928.178,298290.025,6642523.35,,,,,thousands,0.001,,"{""sfp"": [24, 23, 25], ""pl"": [], ""cfs"": []}",,ok
MFL,2021,13853197.038,7202078.553,6651118.485,8701828.176,6360069.473,10556620.789,-9909427.766,647193.023,,104960.484,,,,,,thousands,0.001,,"{""sfp"": [43, 103], ""pl"": [], ""cfs"": []}",,ok
MFL,2022,17080802.025,10022421.883,7058380.142,10196123.844,8012673.871,12375920.766,-11056103.781,1319816.985,422415.968,303566.417,7662053.984,6569614.069,,,-398064.16,thousands,0.001,,"{""sfp"": [39, 40], ""pl"": [41], ""cfs"": [43, 44]}",,ok
MFL,2023,21046906.638,13562760.687,7484145.951,12978763.862,11316783.519,19985401.101,-17532145.553,2453255.548,,,,,,,,thousands,0.001,,"{""sfp"": [45, 105], ""pl"": [], ""cfs"": []}",,ok
MFL,2024,27539074.997,17551453.137,9987621.86,15804287.662,14922746.822,27695667.805,-24524645.802,3171022.003,,357418.696,,,,,,thousands,0.001,,"{""sfp"": [44, 110], ""pl"": [], ""cfs"": []}",,ok
MFL,2025,29962455.35,19559545.9,10402909.45,18522341.796,17343612.038,26654376.27,-23308052.386,3346323.884,,353441.973,,,,,,thousands,0.001,,"{""sfp"": [66, 119], ""pl"": [], ""cfs"": []}",,ok
MIRKS,2013,2503537,1332880,1170657,716212,596924,3454478,-3224179,230299,141178,11494,108687,1278312,,,110000,thousands,1.0,,"{""sfp"": [42], ""pl"": [43, 44], ""cfs"": [45]}",L2,ok
MIRKS,2014,3234651.0,,,1060759.0,1019325.0,3330536,-3074914,255622,82184,20339.0,274256.0,,,,155756,thousands,1.0,,"{""sfp"": [54, 53, 55], ""pl"": [55, 54, 56], ""cfs"": [57, 56, 58]}",,ok
MIRKS,2015,4236508.0,,,1889474.0,1217943.0,3061737,-2736332,325405,103940,56156.0,387049.0,,,,47568,thousands,1.0,,"{""sfp"": [66, 65, 67], ""pl"": [67, 66, 68], ""cfs"": [69, 68, 70]}",,ok
MIRKS,2016,5262464,2321811,2940653,2472894,146546,3762892,-3434737,328155,150069,21033.0,218560.0,,,-72180,374186,thousands,1.0,,"{""sfp"": [61, 60, 62], ""pl"": [62, 61, 63], ""cfs"": [64, 63, 65]}",L5,review
MIRKS,2017,7380855,4872887,2507968,4131912,3648113,2802150,-2849191,-47041,-270044,22623,2029952,,,,,thousands,1.0,,"{""sfp"": [62, 61, 63, 102], ""pl"": [63, 62, 64, 103], ""cfs"": [65, 64, 66, 105]}",,ok
MIRKS,2018,6505183,4254878,2250305,3040132,2914100,4170397,-3788510,381887,73244,18311,1074451,,,,,thousands,1.0,,"{""sfp"": [123, 122, 124, 156], ""pl"": [124, 123, 125, 157], ""cfs"": [126, 125, 127, 168]}",,ok
MIRKS,2019,5800571,3816666,1983905,1827130,2547469,3728986,-3121032,607954,307188,42395,976972,,,-17390,882099,thousands,1.0,,"{""sfp"": [149, 148, 150, 195], ""pl"": [150, 149, 151, 196], ""cfs"": [152, 151, 153, 120, 197]}",,ok
MIRKS,2020,,,,,,,,,,,,,,,603979,thousands,1.0,,"{""sfp"": [], ""pl"": [114, 116], ""cfs"": [111, 117, 118]}",,ok
MIRKS,2021,7743795.0,,,2435931.0,2779786.0,,-3578666.0,282776.0,,35344.0,984208.0,,,,,thousands,1.0,,"{""sfp"": [155, 156], ""pl"": [156, 157], ""cfs"": [111, 163]}",,ok
MIRKS,2022,,,,,,,,,203626,,,,,,-142814,thousands,1.0,,"{""sfp"": [159, 160], ""pl"": [161], ""cfs"": [109, 162, 163, 128]}",,ok
MIRKS,2023,13823945,9731932,4092013,4587255,6670830,7779469,-6416207,1363262,839316,34879,2407741,,,,-745891,thousands,1.0,,"{""sfp"": [175, 174, 176], ""pl"": [176, 175, 177], ""cfs"": [178, 177, 179]}",,ok
MIRKS,2024,13782896,11285663,2497233,5497374,7984232,11969725,-11149846,819879,203626.0,55069,2180809,,,,,thousands,1.0,,"{""sfp"": [208, 207, 209], ""pl"": [209, 208, 210], ""cfs"": [211, 210, 212]}",,ok
MLCF,2013,,,,,,,,,,,,,,-179253,5042545,thousands,1.0,,"{""sfp"": [], ""pl"": [], ""cfs"": [68, 67, 69]}",,ok
MLCF,2014,31911305,,,7145445,7132572.0,18968547,-12445562,6522985,2830174,206844,1151460,,,,5951030,thousands,1.0,,"{""sfp"": [97, 96, 98, 131, 154, 156, 161], ""pl"": [99, 98, 100], ""cfs"": [101, 100, 102, 80]}",,ok
MLCF,2015,31221317,,,7439205,8144461.0,20720054,-13224431,7495623,3454295,244400,1206573,,,524391,6571743,thousands,1.0,,"{""sfp"": [110, 109, 111], ""pl"": [112, 111, 113], ""cfs"": [114, 113, 115, 89]}",,ok
MLCF,2016,32021696,,,8477707,7077708.0,23432696,-13410564,10022132,4884585,394474,872820,,,-1283026,7971930,thousands,1.0,,"{""sfp"": [104, 103, 105], ""pl"": [106, 105, 107], ""cfs"": [108, 107, 109]}",,ok
MLCF,2017,38816773,15108712,23708061,10411631,7764031,23992079,-14509777,9482302,4777081,413958,1301235,,,-2315788,5623810,thousands,1.0,,"{""sfp"": [128, 127, 129, 204], ""pl"": [130, 129, 131, 206], ""cfs"": [132, 131, 133, 105, 208]}",,ok
MLCF,2018,58728528,,,12731681,12585464.0,25699113,-18183189,7515924,3632201,632662,1193506,,,-1804561,5771492,thousands,1.0,,"{""sfp"": [145, 144, 146, 217], ""pl"": [147, 146, 148, 219], ""cfs"": [149, 148, 150, 122, 221]}",,ok
MLCF,2019,65957775,,,14206878,14164518.0,26005944,-21088864,4917080,1465299,494398,1739014,,,-663880,6280960,thousands,1.0,,"{""sfp"": [147, 146, 148, 225], ""pl"": [149, 148, 150, 227], ""cfs"": [151, 150, 152, 126, 229]}",,ok
MLCF,2020,66009771,,,16607191,15313775.0,29117734,-29845269,-727535,-4843265,1046267,1779404,,,-289361,-937724,thousands,1.0,,"{""sfp"": [153, 152, 154, 235], ""pl"": [155, 154, 156, 237], ""cfs"": [157, 156, 158, 130, 239]}",,ok
MLCF,2021,66239278,28696737,37542541,16923416,11449448.0,35640181,-28135419,7504762,6254109,490329,2150183,,,-19919,6551967,thousands,1.0,,"{""sfp"": [161, 160, 162], ""pl"": [163, 162, 164], ""cfs"": [165, 164, 166]}",,ok
MLCF,2022,82214210,,,20321989,16193391.0,48519622.0,-36244156.0,12275466.0,3626340,793576,2695621,,,,8334083,thousands,1.0,,"{""sfp"": [182, 181, 183, 270], ""pl"": [185, 273], ""cfs"": [186, 185, 187, 159, 274]}",,ok
MLCF,2023,,,,,,62075259,-45651503,16423756,4491669,,,,,,20143665,thousands,1.0,,"{""sfp"": [], ""pl"": [98, 142], ""cfs"": [99, 98, 100, 86, 143]}",,ok
MLCF,2024,99365682,46749774,52615908,26867837,18597800,66452348.0,-45488064.0,20964284.0,5272527.0,1133412,3256553,,,,,thousands,1.0,,"{""sfp"": [188, 187, 189, 358], ""pl"": [338], ""cfs"": []}",,ok
MLCF,2025,119106271,,71461592.0,35752604,23330491.0,,-45195630.0,23746816.0,17036374,1615481,4442989,,,,19316637,thousands,1.0,,"{""sfp"": [200, 199, 201, 324], ""pl"": [203], ""cfs"": [179]}",,ok
MODAM,2013,239313.619,60019.577,179294.042,84787.301,32235.39,100243.463,,,3092.751,8756.698,7594.541,115459.805,,,,thousands,0.001,,"{""sfp"": [12, 18], ""pl"": [13, 14], ""cfs"": []}",L5;L5;L5;L5;L5,review
MODAM,2014,205944.546,52001.912,153942.634,86515.632,34439.392,17473.833,,,-24721.532,29820.913,1261.598,77405.085,,,-5137.699,thousands,0.001,,"{""sfp"": [12, 15], ""pl"": [13], ""cfs"": [14]}",L5;L5;L5;L5;L5;L3,review
MODAM,2015,205711.953,46945.246,158766.707,49966.592,34777.221,30182.568,,,4701.92,12284.683,964.102,73560.861,,,40153.524,thousands,0.001,,"{""sfp"": [8, 12], ""pl"": [13], ""cfs"": [14]}",L5;L5;L5;L5;L5,review
MODAM,2016,219339.358,59798.383,159540.975,44831.806,33157.966,54388.838,43924.459,10464.379,4680.662,5935.865,726.341,72333.205,,,38025.985,thousands,0.001,,"{""sfp"": [16], ""pl"": [17], ""cfs"": [18]}",L5;L5;L5;L5;L5,review
MODAM,2017,196283.707,33906.159,162377.548,66401.793,26317.559,55272.366,,,6521.56,19591.033,1037.446,71434.852,,-3419.969,26590.279,thousands,0.001,,"{""sfp"": [17], ""pl"": [18], ""cfs"": [19]}",L5;L5;L5;L5;L5,review
MODAM,2018,195609.973,27131.311,168478.662,101047.999,26896.514,,,,,47176.421,2545.969,70261.483,,,29193.969,thousands,0.001,,"{""sfp"": [18, 22], ""pl"": [23], ""cfs"": [24]}",L5;L5;L5;L5;L5,review
MODAM,2019,261085.852,27786.174,233299.678,103785.738,27686.174,34891.447,,,7964.683,49182.224,2864.17,69334.215,,-8725.442,13409.062,thousands,0.001,,"{""sfp"": [21], ""pl"": [22], ""cfs"": [23]}",L5;L5;L5;L5;L5,review
MODAM,2020,272315.552,23555.883,248759.669,123008.079,23455.883,24861.687,6343.862,18517.825,18607.024,64479.573,1569.368,68794.659,,-2778.018,8402.227,thousands,0.001,,"{""sfp"": [23], ""pl"": [24], ""cfs"": [25]}",L5;L5;L5;L5;L5,review
MODAM,2022,1326814.801,199259.746,1127555.055,402013.255,199155.152,44053.261,,,33786.0,19778.001,,2384.468,,,,thousands,0.001,,"{""sfp"": [32], ""pl"": [33, 35], ""cfs"": []}",,ok
MODAM,2023,1467962.839,352731.276,1115231.563,203832.784,304011.708,11671.876,,,66063.0,17578.812,,4405.622,,,94177.482,thousands,0.001,,"{""sfp"": [34], ""pl"": [35, 36], ""cfs"": [37]}",,ok
MQTM,2013,,,,,412599.571,554.284,,493376.536,,,,,,,,thousands,0.001,,"{""sfp"": [], ""pl"": [], ""cfs"": []}",,ok
MQTM,2014,2575909.651,1272625.345,1303284.306,779414.549,772681.545,4928430.523,-4593306.322,335124.201,35991.595,21089.48,336884.211,,,,,thousands,0.001,,"{""sfp"": [17, 16, 18], ""pl"": [], ""cfs"": []}",L2.5;L3,review
MQTM,2015,2923970.014,1680244.098,1243725.916,1144603.808,1268927.127,4014689.127,-3778856.644,235832.483,,48435.632,573037.193,,,,,thousands,0.001,,"{""sfp"": [17, 16, 18], ""pl"": [], ""cfs"": []}",L2.5;L5,review
MQTM,2016,3160975.825,1974881.749,1186094.076,1305025.471,1504117.787,4280589.829,-4053312.592,227277.237,-60367.736,17845.776,787451.069,,,,,thousands,0.001,,"{""sfp"": [18, 17, 19], ""pl"": [], ""cfs"": []}",L2.5,review
MQTM,2017,3106830.466,1870987.21,1235843.256,1261142.05,1459117.649,4863138.768,-4531257.768,331881.0,,32176.107,674239.168,,,,,thousands,0.001,,"{""sfp"": [22, 21, 23], ""pl"": [], ""cfs"": []}",L2.5,review
MQTM,2018,3432096.636,2139761.242,1292335.394,1626487.075,1798651.804,5598969.124,-5200444.719,398524.405,54706.187,72989.814,606947.043,1799940.622,,,,thousands,0.001,,"{""sfp"": [26, 25, 27], ""pl"": [], ""cfs"": []}",,ok
MQTM,2019,4786114.227,,,2043682.394,2292102.546,6234762.289,-5717727.994,517034.295,72836.506,20709.594,,,,,,thousands,0.001,,"{""sfp"": [27, 26, 28], ""pl"": [], ""cfs"": []}",,ok
MQTM,2020,5235884.83,3341063.309,1894821.521,2439974.031,2601951.471,,-5221667.067,620022.492,26391.757,35504.251,1381199.453,,,,,thousands,0.001,,"{""sfp"": [29, 28, 30], ""pl"": [], ""cfs"": []}",,ok
MQTM,2021,5476686.339,3365670.492,2111015.847,2014656.025,2184018.733,,-6630773.45,720967.377,156270.98,6143.735,,,,,,thousands,0.001,,"{""sfp"": [28, 27, 29], ""pl"": [], ""cfs"": []}",L2.5;L2.5,review
MQTM,2022,8010322.016,5127042.41,2883279.606,3603987.132,3727375.688,,-9232415.06,1148653.217,268512.249,29520.661,1464491.019,,,,,thousands,0.001,,"{""sfp"": [26, 25, 27], ""pl"": [], ""cfs"": []}",L2.5;L2.5,review
MQTM,2023,8501667.587,5872790.261,2628877.326,4029240.507,4632887.885,,-9032053.19,805083.744,,37211.751,1644631.956,,,,,thousands,0.001,,"{""sfp"": [26, 25, 27], ""pl"": [], ""cfs"": []}",L2.5;L2.5,review
MQTM,2024,9166545.377,6699190.437,2389476.125,3921404.046,5445231.18,,-9934081.62,379646.619,-698417.085,7488.368,1838369.038,,,,,thousands,0.001,,"{""sfp"": [27, 26, 28], ""pl"": [], ""cfs"": []}",L2.5;L2.5;L5,review
MQTM,2025,9017497.835,,,3540126.755,5203870.332,,-8401794.208,58205.663,268512.0,4171.522,,,,,,thousands,0.001,,"{""sfp"": [30, 29, 31], ""pl"": [], ""cfs"": []}",L2.5,review
MRNS,2014,3414282.396,1762034.946,1652247.45,1269954.114,1030837.529,6498217.061,-5866915.294,631301.767,269106.909,33192.734,459926.47,1584876.678,,-63694.948,408197.461,thousands,0.001,,"{""sfp"": [35, 37, 63], ""pl"": [33, 34, 36, 64, 65], ""cfs"": [66]}",,ok
MRNS,2015,3414282.396,1762034.946,1652247.45,1269954.114,1030837.529,6498217.061,-5866915.294,631301.767,269106.909,33192.734,459926.47,1584876.678,,-63694.948,408197.461,thousands,0.001,,"{""sfp"": [63], ""pl"": [64, 65], ""cfs"": [66]}",L3;L2,ok
MRNS,2016,4516738.096,2193322.641,,,1541237.07,,,,,34438.332,412035.787,,,,,thousands,0.001,,"{""sfp"": [46, 45, 47], ""pl"": [46], ""cfs"": []}",,ok
MRNS,2018,6834397.964,,,3474975.061,3049393.637,,-4201109.587,589680.271,,15954.187,1167157.42,,,,,thousands,0.001,,"{""sfp"": [95, 94, 96, 142], ""pl"": [], ""cfs"": []}",,ok
MRNS,2019,6963449.324,4548552.474,2414896.85,3409528.894,3410.036,,-4491460.81,,,672983.635,1060595.943,,,,,thousands,0.001,,"{""sfp"": [95, 94, 96, 143], ""pl"": [], ""cfs"": []}",L5,review
MRNS,2020,5200722.651,2593215.821,2607506.83,1692560.835,1111141.331,,-5960056.278,464619.317,,10140.845,60781.473,,,,,thousands,0.001,,"{""sfp"": [93, 92, 94, 145], ""pl"": [], ""cfs"": []}",,ok
MRNS,2021,5892781.112,3396953.983,2495827.129,2211108.897,2118641.43,,-5426675.32,636863.019,,10848.736,561564.239,,,,,thousands,0.001,,"{""sfp"": [83, 82, 84, 143], ""pl"": [], ""cfs"": []}",,ok
MRNS,2022,6595892.584,3846241.631,2749650.953,2721409.121,2966794.352,,-6090620.461,807406.473,,33265.542,1553309.866,,,,,thousands,0.001,,"{""sfp"": [91, 90, 92, 143], ""pl"": [], ""cfs"": []}",L5,review
MRNS,2023,6603490.128,2724040.066,3879450.062,2332685.657,1456324.591,,,,,46795.976,592614.705,,,,,thousands,0.001,,"{""sfp"": [87, 137], ""pl"": [], ""cfs"": []}",L5;L5;L5;L5;L5,review
MRNS,2024,7804259.558,5023522.329,2780737.229,4188425.124,3978359.117,,,,,88406.886,2599018.609,,,,,thousands,0.001,,"{""sfp"": [91, 131], ""pl"": [], ""cfs"": []}",L5;L5;L5;L5;L5,review
MRNS,2025,7408307.596,2640644.821,4767662.775,3722627.178,1616653.858,,-11563133.425,2010154.863,,35600.986,367939.062,,,,,thousands,0.001,,"{""sfp"": [81, 80, 82], ""pl"": [], ""cfs"": []}",,ok
MSCL,2018,849062,,742096,267624,71779,55287,-86858,-31571,-16912,,65248,572004,,,58633,thousands,1.0,,"{""sfp"": [18, 23], ""pl"": [24], ""cfs"": [26]}",,ok
MSCL,2019,804907,81435,723472,196587,48438,28229,-61017,-32788,-18624,,14202,605111,,,40046,thousands,1.0,,"{""sfp"": [21, 22], ""pl"": [23], ""cfs"": [25]}",,ok
MSCL,2020,786924,,706756,191004,49124,27399,-46253,-18854,-16717,,26262,592299,,,-19769,thousands,1.0,,"{""sfp"": [23], ""pl"": [24], ""cfs"": [26]}",,ok
MSCL,2021,1021878,,930968,222450,56948,92671,-81167,11504,,,54151,795889,,,-15164,thousands,1.0,,"{""sfp"": [23], ""pl"": [24], ""cfs"": [26]}",,ok
MSCL,2022,924452,73364,851088,138969,41555,,,,,,52665,782010,,,,thousands,1.0,,"{""sfp"": [12], ""pl"": [], ""cfs"": [14]}",,ok
MSCL,2023,929964,,838088,158978,62112,,,,,,60057,767621,,,,thousands,1.0,,"{""sfp"": [11], ""pl"": [], ""cfs"": []}",,ok
MSCL,2024,890061,75315,814746,120683,47494,122475,-139688,-17213,-23342,,48792,766044,,,,thousands,1.0,,"{""sfp"": [26], ""pl"": [27], ""cfs"": [29]}",,ok
MSCL,2025,,,,,,100747,-112430,-11683,-12423,,,,,,16582,thousands,1.0,,"{""sfp"": [22, 21, 23], ""pl"": [23, 22, 24], ""cfs"": [25, 24, 26]}",,ok
MSOT,2018,32220998,21885124,10335874,22143737,16503387,,,,1113048,620380,5810871,10028337,,-143215,-1289806,thousands,1.0,,"{""sfp"": [22, 23, 24], ""pl"": [25], ""cfs"": [27]}",,ok
MSOT,2019,37134451,25636712,11497739,25419677,20545271,34211379,-30417532,3793847,1332408,380463,7746252,11162527,,-104344,-382110,thousands,1.0,,"{""sfp"": [22, 23], ""pl"": [24, 25], ""cfs"": [27]}",,ok
MSOT,2020,36997109,28186944,8810165,22957738,19757352,28668642,-27302890,1365752,-4120279,1173014,8125166,13612031,,-103187,-526685,thousands,1.0,,"{""sfp"": [32, 33, 35, 36], ""pl"": [25, 34, 74], ""cfs"": [37]}",,ok
MSOT,2021,40407405,29502124,10905281,26508541,23311810,37089359,-31782449,5306910,640535,530931,11283501,13589405,,-54116,-165817,thousands,1.0,,"{""sfp"": [36, 37], ""pl"": [38, 39], ""cfs"": [41]}",,ok
MSOT,2022,48452937,34955963,13496974,34206792,29509928,54146811,-47605201,6541610,2276040,708885,13251629,13997802,,-76896,-37709,thousands,1.0,,"{""sfp"": [40, 41, 44], ""pl"": [42, 43, 71], ""cfs"": [45, 73]}",,ok
MSOT,2023,55241210,38025740,17215470,39746144,33936021,60105873,-52017778,8088095,2276040.0,1013991,12703259,15343727,,-34037,487983,thousands,1.0,,"{""sfp"": [91, 92, 95], ""pl"": [93, 94], ""cfs"": [96]}",,ok
MSOT,2024,55151742,38470129,16681613,37750437,34706101,58676926,-49151388,9525538,2651189.0,257688,16037907,17246533,,-50023,2005556,thousands,1.0,,"{""sfp"": [52, 53], ""pl"": [54, 55], ""cfs"": [57]}",,ok
MSOT,2025,54310797,37171466,17139331,38403772,32422375,59201769,-50181120,9020649,131279,667348,14976626,15744392,,-66645,-1516693,thousands,1.0,,"{""sfp"": [54, 55], ""pl"": [56, 57], ""cfs"": [59]}",,ok
MTIL,2014,486052.087,,,22696.273,,139867.786,131146.815,8720.971,-51662.76,1684.471,,427961.288,,,24591.752,thousands,0.001,,"{""sfp"": [17, 18], ""pl"": [19, 20], ""cfs"": [21]}",,ok
MTIL,2015,454345.114,,,30912.845,,,,,-30631.454,1891.694,637.325,316061.88,,,37582.762,thousands,0.001,,"{""sfp"": [17, 18], ""pl"": [19, 20], ""cfs"": [21]}",,ok
MTIL,2017,,,,,,,,,60.403,,,,,,,thousands,0.001,,"{""sfp"": [], ""pl"": [5, 4, 6], ""cfs"": [13]}",,ok
MTIL,2018,,,,,,,,,43.488,,,,,,,thousands,0.001,,"{""sfp"": [], ""pl"": [7, 6, 8], ""cfs"": []}",,ok
MTIL,2019,,,,,,2116.25,-1963.248,,93801.764,,,,,,,thousands,0.001,,"{""sfp"": [11], ""pl"": [6, 12], ""cfs"": []}",,ok
MTIL,2020,,,,,,,,,43488.0,,,,,,,thousands,0.001,,"{""sfp"": [12], ""pl"": [13], ""cfs"": []}",,ok
MTIL,2021,41961.205,28268.084,13693.121,28408.645,3268.084,,,,93802.0,11542.505,,,,,,thousands,0.001,,"{""sfp"": [12], ""pl"": [13], ""cfs"": [14]}",,ok
MTL,2013,10125402,5361562,4763840,8732156,5331414,22698651,18688384,4010267,2138646,2087580,2601698,,,-2509415,1990541,thousands,1.0,,"{""sfp"": [57, 56, 58, 126], ""pl"": [59, 58, 60, 134], ""cfs"": [61, 60, 62, 135]}",,ok
MTL,2014,7018100,,,5421289,2500805.0,16589996,13613305,2976691,1481864,1118174,2433690,,,-1847699,365624,thousands,1.0,,"{""sfp"": [71, 70, 72, 113], ""pl"": [73, 72, 74, 115], ""cfs"": [75, 74, 76, 117]}",,ok
MTL,2015,7709225,2997782,4711443,6239303,2976973,22937917,18541448,4396469,2382421,1082170,2429982,,,-1958284,2294250,thousands,1.0,,"{""sfp"": [57, 56, 58, 105], ""pl"": [59, 58, 60, 107], ""cfs"": [61, 60, 62, 109]}",,ok
MTL,2016,9651322,,,8320644,5408881.0,16913832,13577972,3335860,1750298,2562252,2545484,,,-2067524,3505150,thousands,1.0,,"{""sfp"": [77, 76, 78, 131, 173], ""pl"": [79, 78, 80, 136, 166], ""cfs"": [81, 80, 82, 146]}",,ok
MTL,2017,17130609,,5749853,15622341,11350121,30013921,22916592,7097329,4257533,2061003,3646581,,,-2918213,7900148,thousands,1.0,,"{""sfp"": [62, 61, 63, 151], ""pl"": [64, 63, 65, 152], ""cfs"": [66, 65, 67, 153]}",,ok
MTL,2018,16571365,,,14876359,10822231.0,38517147,30082372,8434775,5334362,520140,4157062,,,-5252986,3655560,thousands,1.0,,"{""sfp"": [73, 72, 74, 147], ""pl"": [75, 74, 76], ""cfs"": [77, 76, 78]}",,ok
MTL,2019,10574184,,,7964021,5728286.0,31144057,25197690,5946367,3638045,851988,3148589,,,,,thousands,1.0,,"{""sfp"": [89, 88, 90, 157], ""pl"": [91, 90, 92], ""cfs"": []}",L5,review
MTL,2020,13694678,8058695,5635983,,7575921,22942275,18696679,4245596,2150548,,,,,,,thousands,1.0,,"{""sfp"": [99, 167], ""pl"": [101], ""cfs"": []}",,ok
MTL,2021,24806249,,,17481439,14543064.0,43953778,34682684,9271094,5780927,849602,5372584,,,,,thousands,1.0,,"{""sfp"": [116, 115, 117], ""pl"": [118, 117, 119], ""cfs"": []}",L5,review
MTL,2022,20066325,12999063,7067262,,,53374415,43176940,10197475,5426626,,,,,,,thousands,1.0,,"{""sfp"": [103, 198], ""pl"": [105], ""cfs"": []}",,ok
MTL,2023,25692934,17975282,7717652,17766037,15685887.0,44190843,-35348453,8842390,3377636,1006725,9803885,,,,,thousands,1.0,,"{""sfp"": [103, 102, 104, 183], ""pl"": [105, 104, 106, 194], ""cfs"": []}",,ok
MTL,2024,30360004,,,22517991,18712967.0,91508626,-70855759,20652867,9916605,1368368,13827561,,,,,thousands,1.0,,"{""sfp"": [111, 110, 112, 198], ""pl"": [113, 112, 114], ""cfs"": []}",,ok
MTL,2025,32988591,,,24974383,24345707.0,52108997,-38241906,13867091,6372928,1565748,12836160,,,,,thousands,1.0,,"{""sfp"": [107, 106, 108], ""pl"": [109, 108, 110], ""cfs"": []}",,ok
MUBT,2014,41851.136,74791.266,-32940.13,12100.021,63192.328,,1046.082,-1046.082,-1487.521,43.153,,28796.707,,,,thousands,0.001,,"{""sfp"": [15], ""pl"": [16, 17], ""cfs"": [18]}",L3,ok
MUBT,2015,40992.801,,-41221.007,12291.962,62799.662,,,,-465.669,85.592,,27746.431,,,43.333,thousands,0.001,,"{""sfp"": [14], ""pl"": [15, 16], ""cfs"": [17]}",L3,ok
MUBT,2017,161424.979,,,12092.227,61547.971,,,,-1568.654,,,,,,,thousands,0.001,,"{""sfp"": [], ""pl"": [], ""cfs"": []}",,ok
MUBT,2018,157913.974,,83210.327,11385.158,33839.082,,,,-4241.589,82.989,,145114.408,,,-140.371,thousands,0.001,,"{""sfp"": [13], ""pl"": [14, 15], ""cfs"": [16]}",,ok
MUBT,2019,,,,,,,,,-712.004,,,,,,,thousands,0.001,,"{""sfp"": [], ""pl"": [], ""cfs"": []}",,ok
MUBT,2020,154.956,72.072,82.883,14.086,29.735,,,,0.183,0.828,,139.099,,,0.812,thousands,0.001,,"{""sfp"": [20], ""pl"": [21, 22], ""cfs"": [23]}",,ok
MUBT,2021,271366.665,51659.831,219706.834,2883.308,8373.525,,,,6620.568,750.068,,133939.949,,,-378.155,thousands,0.001,,"{""sfp"": [19], ""pl"": [20, 21], ""cfs"": [22]}",L3,ok
MUBT,2022,,,,,,,,,-804.697,,,,,,,thousands,0.001,,"{""sfp"": [19], ""pl"": [20, 21, 22], ""cfs"": []}",,ok
MUBT,2023,273867.091,52892.444,220974.647,3491.116,7815.56,,,,-1514.083,1360.435,,134426.067,,,218.828,thousands,0.001,,"{""sfp"": [19], ""pl"": [20, 21], ""cfs"": [22]}",,ok
MUBT,2024,274345.933,55033.375,219312.558,4621.271,6887.662,,,,6621.0,358.266,,134026.254,,,-4202.169,thousands,0.001,,"{""sfp"": [20], ""pl"": [21], ""cfs"": [23]}",,ok
MUBT,2025,275153.036,55596.403,219556.633,5271.628,6336.728,,,,-1616.792,1197.623,,134064.0,,,-710.643,thousands,0.001,,"{""sfp"": [21], ""pl"": [7, 22, 23], ""cfs"": [25]}",,ok
MUGHAL,2015,11469629.471,7828385.073,3641544.398,8163677.374,6811926.938,12241271.852,10957165.765,1284106.092,721361.469,450323.976,4812364.304,3285942.164,,,1715956.797,thousands,0.001,,"{""sfp"": [73], ""pl"": [74], ""cfs"": [76]}",,ok
MUGHAL,2017,16023726.703,9386628.416,6637098.287,11748962.54,8743575.879,,,1941830.902,990759.915,2033228.213,5381802.193,,,,,thousands,0.001,,"{""sfp"": [93, 92, 94], ""pl"": [], ""cfs"": []}",,ok
MUGHAL,2018,17474756.52,10008423.765,7466332.755,11130324.119,8440179.837,,,2794411.639,1290214.932,,,,,,,thousands,0.001,,"{""sfp"": [98, 97, 99], ""pl"": [], ""cfs"": []}",,ok
MUGHAL,2019,22641009.135,15137075.324,,14013181.27,11355818.606,,,3188993.589,1372931.179,,,,,,,thousands,0.001,,"{""sfp"": [113, 112, 114], ""pl"": [], ""cfs"": []}",,ok
MUGHAL,2020,25606107.478,17448533.902,8157573.576,15640301.696,14009074.266,,-24687542.736,2617448.587,592872.065,,,9918014.133,,,,thousands,0.001,,"{""sfp"": [113, 112, 114], ""pl"": [], ""cfs"": []}",L2,ok
MUGHAL,2021,41799806.276,25294946.697,16504859.579,25940781.797,18889957.745,,-38280467.988,6691368.162,3429149.696,,,15799442.92,,,,thousands,0.001,,"{""sfp"": [93, 92, 94], ""pl"": [], ""cfs"": []}",,ok
MUGHAL,2022,53085459.743,32238381.504,20847078.239,36552897.34,25251327.353,,,10127887.579,5410959.141,5175634.586,22962971.0,,,,,thousands,0.001,,"{""sfp"": [83, 82, 84], ""pl"": [], ""cfs"": []}",,ok
MUGHAL,2023,59831987478,34459551532,25372435946,40021096797,26592116736,67390171,57719143,9671028,3480485,28851,,,,,,thousands,1.0,,"{""sfp"": [83, 82, 84], ""pl"": [63, 64], ""cfs"": []}",L5;L5;L3;L2,review
MUGHAL,2024,69077171.486,42941680.876,26135490.61,46223585.32,37623106.566,105554327.171,,7717627.24,1999888.711,3568109.063,26075368.171,,,,,thousands,0.001,,"{""sfp"": [80, 79, 81, 155], ""pl"": [], ""cfs"": []}",L3,ok
MUGHAL,2025,67692661.842,,,41627720.106,31346711.747,102791772.465,,8137973.298,965518.174,,,,,,,thousands,0.001,,"{""sfp"": [82, 81, 83, 153], ""pl"": [], ""cfs"": []}",,ok
MUREB,2013,,,,,,5919092,1549142,4369950,718038,,,,,-94078,770058,thousands,1.0,,"{""sfp"": [30], ""pl"": [31, 32], ""cfs"": [33]}",,ok
MUREB,2014,,,,,,,,,,,,,,-105805,1039004,thousands,1.0,,"{""sfp"": [30], ""pl"": [31], ""cfs"": [33]}",,ok
MUREB,2016,,,,,,6657314,4413950,2243364,1150811,,,,,-126298,530973,thousands,1.0,,"{""sfp"": [17, 37], ""pl"": [18, 38, 39], ""cfs"": [40]}",,ok
MUREB,2018,10906036,1438902,9467134,4935767,1027701,8861869,5992619,2869250,1296361,1998714,1343755,4846221,,-737432,1558961,thousands,1.0,,"{""sfp"": [45], ""pl"": [46, 47], ""cfs"": [49]}",,ok
MUREB,2019,11752069,1726110,10025959,5276929,1157429,9983292,-7236021,2747271,1222938,1694152,1568204,2765636,,-693927,745327,thousands,1.0,,"{""sfp"": [47], ""pl"": [48, 49], ""cfs"": [52]}",,ok
MUREB,2020,,,,,,5906359,4289443,1616916,279200,,,,,,,thousands,1.0,,"{""sfp"": [28, 51], ""pl"": [29, 52, 53, 56], ""cfs"": []}",,ok
MUREB,2021,14042657,2536421,11506236,6624140,1721733,11687289,-8710319,2976970,1291472,2197788,1937621,6355066,,-713451,1539578,thousands,1.0,,"{""sfp"": [51], ""pl"": [52], ""cfs"": [56]}",,ok
MUREB,2022,15099953,7255523,7844430,2504587,31818,15234318,-11694003,3540315,1294108,125027,295986,2917169,,-948151,1268418,thousands,1.0,,"{""sfp"": [54], ""pl"": [55], ""cfs"": [59]}",,ok
MUREB,2024,19829764,4698507,15131257,11220113,3825812,23798244,-18211524,5586720,2621355,3740406,4108565,7284219,,-819340,3060874,thousands,1.0,,"{""sfp"": [61], ""pl"": [62, 63], ""cfs"": [66]}",,ok
MUREB,2025,23293627,6055946,17237681,14240730,4887929,28562599,-21182224,7380375,3262052,4596228,3961221,276636,,-1126334,4508902,thousands,1.0,,"{""sfp"": [10, 60], ""pl"": [61, 62], ""cfs"": [65]}",,ok
NAGC,2013,2883654.084,1040841.466,1842812.618,1778966.907,554739.823,4569161.442,-4002305.639,566855.803,253832.932,4419.042,638772.492,,,,,thousands,0.001,,"{""sfp"": [28, 27, 29], ""pl"": [], ""cfs"": []}",,ok
NAGC,2014,2768307.622,898091.027,1870216.595,1436633.153,415608.531,4208113.516,-3818880.52,389232.996,133688.757,89612.936,478506.703,,,,,thousands,0.001,,"{""sfp"": [28, 27, 29], ""pl"": [], ""cfs"": []}",,ok
NAGC,2015,3057405.403,1339670.832,1717734.571,1601731.613,634924.929,4267868.825,-4116388.155,151480.67,,186671.5,724010.229,,,,,thousands,0.001,,"{""sfp"": [36, 35, 37], ""pl"": [], ""cfs"": []}",,ok
NAGC,2016,3657194.114,1900985.39,1756208.724,2087525.843,1023956.626,5242033.35,-4888738.9,353294.45,,21870.624,715961.623,,,,,thousands,0.001,,"{""sfp"": [34, 33, 35], ""pl"": [], ""cfs"": []}",,ok
NAGC,2017,4931736.484,3064862.856,1866873.628,3477499.056,2302234.905,,-5364407.671,514146.58,158202.496,522089.194,1233516.051,,,,,thousands,0.001,,"{""sfp"": [38, 37, 39], ""pl"": [], ""cfs"": []}",,ok
NAGC,2018,4931736.484,3064862.856,1866873.628,3477499.056,2302234.905,,-5364407.671,514146.58,158202.496,522089.194,1233516.051,,,,,thousands,0.001,,"{""sfp"": [38, 37, 39], ""pl"": [], ""cfs"": []}",L3,ok
NAGC,2019,5816796.485,3792883.426,2023913.059,3761557.063,2654984.904,6932309.534,-6099883.365,832426.169,308619.662,153195.545,1199645.565,,,,,thousands,0.001,,"{""sfp"": [40, 39, 41], ""pl"": [], ""cfs"": []}",,ok
NAGC,2020,6924312.807,5043817.781,1880495.026,3950959.731,2722251.428,7070172.001,-6476350.86,593821.141,7629.376,43331.82,2562080.674,,,,,thousands,0.001,,"{""sfp"": [42, 41, 43], ""pl"": [], ""cfs"": []}",,ok
NAGC,2021,6389585.46,3821188.64,2568396.82,3623049.759,1553457.29,,-5765306.696,1419327.9,743498.254,196886.31,1304889.314,,,,,thousands,0.001,,"{""sfp"": [40, 39, 41], ""pl"": [], ""cfs"": []}",,ok
NAGC,2022,10172038.421,5864537.396,4307501.025,5928398.855,2472449.407,,-8727910.541,2507668.159,1812561.926,76074.875,2984868.23,,,,,thousands,0.001,,"{""sfp"": [36, 35, 37], ""pl"": [], ""cfs"": []}",,ok
NAGC,2023,12587753.073,7921713.722,4667039.351,6361218.193,3007872.576,,-11479120.128,1339637.59,589947.021,237195.795,3506232.808,,,,,thousands,0.001,,"{""sfp"": [38, 37, 39], ""pl"": [], ""cfs"": []}",,ok
NAGC,2024,12730251.657,8001882.834,4728368.823,6751388.326,2963476.463,,-18834290.751,1613829.486,77024.988,125918.422,2345519.612,,,,,thousands,0.001,,"{""sfp"": [38, 37, 39], ""pl"": [], ""cfs"": []}",,ok
NAGC,2025,14597792.646,9838261.426,4759531.22,9008689.948,5239329.105,,-18248680.028,1609201.158,50416.692,107056.558,4643518.733,,,,,thousands,0.001,,"{""sfp"": [42, 41, 43], ""pl"": [], ""cfs"": []}",,ok
NATF,2014,4982449,2774531,2207918,3652481,2629876,9725258,,,708492.0,,,,,,,thousands,1.0,,"{""sfp"": [38, 37, 39, 56], ""pl"": [38, 37, 39, 56], ""cfs"": [39, 38, 40, 57]}",L5,review
NATF,2015,5595913,2804465,2791448,4003621,2691556,11715640,-7558786,4156854,,37041.0,,,,-412814,1413738,thousands,1.0,,"{""sfp"": [37, 55], ""pl"": [37, 55], ""cfs"": [56, 55, 57, 38]}",,ok
NATF,2016,6575253,,2483772,4454221,3996913,,,,,56979,3250374,1997039,,-1031839,436851000,thousands,1.0,,"{""sfp"": [39, 38, 40, 57], ""pl"": [39, 38, 40, 57], ""cfs"": [40, 39, 41, 34, 58]}",,ok
NATF,2017,7918609,4738920,3179689,4718695,4449639,14801551,-9910969,,,90288.0,,,,,,thousands,1.0,,"{""sfp"": [57, 56, 58], ""pl"": [57, 56, 58], ""cfs"": [58, 57, 59]}",L5,review
NATF,2018,8807929,5149636,3658293,4499479,4990260,16178301,-10614639,5563662,946606,229728,3072291,,,-432477,1310528,thousands,1.0,,"{""sfp"": [66, 65, 67], ""pl"": [66, 65, 67], ""cfs"": [89, 88, 90]}",,ok
NATF,2020,11672714,6749057,4923657,6681263,552878,,,,,586827.0,,,,-530852000,2991538000,thousands,1.0,,"{""sfp"": [73, 72, 74, 97], ""pl"": [73, 72, 74, 97], ""cfs"": [74, 73, 75, 66, 98]}",L5,review
NATF,2021,,,,,,,,,1285192,,,,,,,thousands,1.0,,"{""sfp"": [75], ""pl"": [76], ""cfs"": [77]}",,ok
NATF,2022,18860863.0,,,,11847726.0,,,,1965078,712989.0,6628926.0,,,,,thousands,1.0,,"{""sfp"": [91, 90, 92], ""pl"": [91, 90, 92], ""cfs"": [83]}",,ok
NATF,2023,25156377,17631773,7524604,15140644,14186339,,,10015733.0,,1191325.0,9769284.0,,,,,thousands,1.0,,"{""sfp"": [105, 104, 106, 147], ""pl"": [105, 104, 106, 147], ""cfs"": []}",L5,review
NATF,2024,27146770.0,,,,13018717.0,37377245.0,,,1268568,4358974.0,,,930194,-1310299000,,thousands,1.0,,"{""sfp"": [72, 71, 73, 105], ""pl"": [72, 71, 73, 105], ""cfs"": [64]}",,ok
NATF,2025,45487881.0,,16022233.0,,73864738.0,101306925,69441480,,,,,,,,,thousands,1.0,,"{""sfp"": [71, 99, 119], ""pl"": [63, 62, 64, 85, 104], ""cfs"": [61]}",,ok
NBP,2013,1364341.0,,,,,,,,,,,,,,,thousands,1.0,,"{""sfp"": [58, 134, 161], ""pl"": [59, 135, 162], ""cfs"": [61, 60, 62, 135]}",,ok
NBP,2014,1543054.0,,,,,,,,,,,,,,,thousands,1.0,,"{""sfp"": [102, 212], ""pl"": [103, 213], ""cfs"": [105, 104, 106, 215]}",,ok
NBP,2017,,,,,,,,,,,,,,,495827,thousands,1.0,,"{""sfp"": [113, 185, 216], ""pl"": [114, 186, 217], ""cfs"": [116, 115, 117, 186, 219]}",,ok
NBP,2021,3846684469,3560481904,286202565,,,,,,,296414126,,,,,,thousands,1.0,,"{""sfp"": [74, 77, 92, 93, 94, 95, 96, 97, 100, 104, 109, 110, 111, 112], ""pl"": [69], ""cfs"": []}",,ok
NBP,2022,5251765894,4941465662,310300232,,,12661168,,,2297141,249849435,,,,,,thousands,1.0,,"{""sfp"": [45, 157, 158, 233, 234, 235, 236, 265], ""pl"": [46, 47, 159, 233, 234, 235, 236, 265], ""cfs"": [49, 48, 50, 161]}",,ok
NBP,2023,140160540,130300279,9860261,,,21584554,,,3529477,10248305,,,,,,thousands,1.0,,"{""sfp"": [49, 171, 172, 284], ""pl"": [50, 157, 284, 175], ""cfs"": [53, 52, 54, 221]}",L3,ok
NCL,2014,25940961.678,17523365.751,8417595.927,14548838.17,12801084.338,22799758.141,21419144.718,1380613.423,761296.535,18238.675,7017095.839,9382006.14,,-361661.873,-2457484.717,thousands,0.001,,"{""sfp"": [20, 21], ""pl"": [22, 23], ""cfs"": [24]}",,ok
NCL,2015,26959843.804,16990217.767,9969626.037,14794557.397,14084317.04,23780454.796,-21823679.749,1956775.047,800420.015,969467.798,6018822.041,9041707.018,,,,thousands,0.001,,"{""sfp"": [24, 25], ""pl"": [26, 27], ""cfs"": []}",,ok
NCL,2017,34622602.8,22614628.017,12007974.783,18707295.106,18311946.417,29815994.272,-26916200.873,2899793.399,1621331.852,44549.361,8650119.999,,,,,thousands,0.001,,"{""sfp"": [27, 26, 28], ""pl"": [], ""cfs"": []}",,ok
NCL,2018,39393598.586,25683149.235,13710449.351,24808457.474,20926882.785,35560396.444,-31289052.624,4271343.82,2363083.847,76444.854,10447356.778,,,,,thousands,0.001,,"{""sfp"": [31, 30, 32], ""pl"": [], ""cfs"": []}",,ok
NCL,2019,43507943.454,28169505.012,15338438.442,29043474.633,24512068.712,39337640.505,-34450127.944,4887512.561,3167591.54,17728.377,15721247.262,,,,,thousands,0.001,,"{""sfp"": [35, 34, 36, 99], ""pl"": [], ""cfs"": []}",L2.5,review
NCL,2020,47750603.577,34113205.302,13637398.275,29157859.585,28036167.953,35666860.338,-31462473.755,4204386.583,265369.38,47467.302,19988076.994,,,,,thousands,0.001,,"{""sfp"": [37, 36, 38, 103], ""pl"": [], ""cfs"": []}",L2.5,review
NCL,2021,51770042.062,32773906.031,18996136.031,32502032.256,26105172.061,49283753.375,-40314606.582,8969146.793,5598856.785,272634.954,18214419.656,,,,,thousands,0.001,,"{""sfp"": [39, 38, 40, 113], ""pl"": [], ""cfs"": []}",L2.5,review
NCL,2022,59435634.1,34892248.685,24543385.415,34326118.986,20562842.011,61988039.043,-49013867.586,12974171.457,7468201.616,209007.048,21177210.052,,,,,thousands,0.001,,"{""sfp"": [39, 38, 40, 119], ""pl"": [], ""cfs"": []}",L2.5;L5,review
NCL,2023,69845761.198,49137637.807,20708123.391,45502505.995,35853316.447,67629278.772,-61040219.028,6589059.744,,279033.28,23554034.198,,,,,thousands,0.001,,"{""sfp"": [39, 38, 40, 121], ""pl"": [], ""cfs"": []}",L5,review
NCL,2024,68803346.175,47403551.287,21399794.888,44253560.27,36604223.225,88879551.818,-77970295.496,10909256.322,,60950.788,24524834.646,,,,,thousands,0.001,,"{""sfp"": [39, 38, 40, 121], ""pl"": [], ""cfs"": []}",,ok
NCL,2025,76558155.658,54609273.679,21948881.979,53029380.166,46158758.217,85427485.908,-76594174.417,8833311.491,789206.12,102109.427,30715194.059,,,,,thousands,0.001,,"{""sfp"": [41, 40, 42, 123], ""pl"": [], ""cfs"": []}",,ok
NCML,2014,68534.208,314026.353,-245492.145,17309.511,177971.53,,0.0,0.0,-3426.449,0.0,,568.571,,,-111114,thousands,0.001,,"{""sfp"": [17, 21], ""pl"": [18, 19], ""cfs"": [20]}",L3,ok
NCML,2015,233766.261,318979.102,-85212.841,,,,,,-5038.91,153.256,,,,,-3271.332,thousands,0.001,,,L3,ok
NCML,2016,225188.0,,,,114131.0,,,,,,,,,,,thousands,1.0,,"{""sfp"": [6, 5, 7], ""pl"": [6, 5, 7], ""cfs"": []}",,ok
NCML,2018,206064.904,,-11422.481,21484.647,113293.428,,,,,4126.956,,,,,,thousands,0.001,,"{""sfp"": [21, 20, 22], ""pl"": [], ""cfs"": []}",L3,ok
NCML,2019,396498.0,,,,216936.0,,,,,,,,,,,thousands,1.0,,"{""sfp"": [6, 5, 7], ""pl"": [6, 5, 7], ""cfs"": []}",,ok
NCML,2020,388447.0,,,,208994.0,,,,,,,,,,,thousands,1.0,,"{""sfp"": [6, 5, 7], ""pl"": [], ""cfs"": []}",,ok
NCML,2021,381574.593,,,44224.617,207739.353,12677.304,,,,29107.636,,,,,,thousands,0.001,,"{""sfp"": [22, 21, 23], ""pl"": [], ""cfs"": []}",,ok
NCML,2022,420455,212470,,,207985.0,,,,,,,,,,,thousands,1.0,,"{""sfp"": [6, 5, 7], ""pl"": [], ""cfs"": []}",,ok
NCML,2024,354265.53,,,24868.057,210866.263,7534.36,13190.389,-5656.029,-15998.583,10375.414,,,,,,thousands,0.001,,"{""sfp"": [27, 26, 28], ""pl"": [28], ""cfs"": [29]}",,ok
NCML,2025,289431.0,,,,139199.0,,,,,,,,,,,thousands,1.0,,"{""sfp"": [], ""pl"": [], ""cfs"": []}",,ok
NCPL,2013,22630507.599,15360756.117,7269751.482,7857827.423,3523761.066,,-20097829.557,,2737491.941,270038.323,419779.447,,,,,thousands,0.001,,"{""sfp"": [17, 16, 18], ""pl"": [], ""cfs"": []}",L5,review
NCPL,2014,27398460.655,,7048061.418,13281512.794,9746248.462,27629641.999,-22694593.827,4935048.172,2900758.908,1043318.671,431070.568,14116423.362,,-2568450.252,-786746.835,thousands,0.001,,"{""sfp"": [16, 20, 21], ""pl"": [22, 23], ""cfs"": [25]}",,ok
NCPL,2015,24247148.9,,,10848740.783,7692158.146,22574562.189,-17448989.231,5125572.958,3090313.123,2134.66,920453.343,,,,,thousands,0.001,,"{""sfp"": [23, 22, 24], ""pl"": [], ""cfs"": []}",L2.5;L2.5,review
NCPL,2016,21680893.62,,,8856598.585,6880931.846,13853806.315,-9660066.973,4193739.342,2756242.265,2308.005,524883.404,,,,,thousands,0.001,,"{""sfp"": [29, 28, 30], ""pl"": [], ""cfs"": []}",L2.5;L2.5,review
NCPL,2017,23813655,,,11808694,9051469.0,16147843,-11827672,4320171,2999751,115560,846831,,,-1743385,1563865,thousands,1.0,,"{""sfp"": [31, 30, 32], ""pl"": [33, 32, 34], ""cfs"": [35, 34, 36]}",L2.5;L2.5,review
NCPL,2018,26406082,14176756,12229326,15014916,10849987,16594018,-11954459,4639559,3406385,98237,1337183,,,,,thousands,1.0,,"{""sfp"": [31, 30, 32], ""pl"": [33, 32, 34], ""cfs"": []}",L5,review
NCPL,2019,29570763,,,18072999,14494418.0,15021084,-9945451,5075633,34165,146416,1076755,,,-1285714,1653591,thousands,1.0,,"{""sfp"": [31, 30, 32], ""pl"": [33, 32, 34], ""cfs"": [35, 34, 36]}",L5,review
NCPL,2020,30950706,11984766,18965940,20376070,11254499,13022871,-6267119,6755752,4605770,,153368,10567872,,-299614,3067682,thousands,1.0,,"{""sfp"": [36, 37], ""pl"": [38], ""cfs"": [41]}",,ok
NCPL,2021,33095473,11620243,21475230,23236819,11602952,11643446,-7873192,3770154,2509290,297833,868726,,,,1610960,thousands,1.0,,"{""sfp"": [33, 32, 34], ""pl"": [35, 34, 36], ""cfs"": [38, 37, 39]}",L2.5;L2.5,review
NCPL,2022,36082588,12103625,23978963,26620503,12103625,25415977,-21858305,3557672,2503733,21034,2254688,,,,7768612,thousands,1.0,,"{""sfp"": [33, 32, 34], ""pl"": [35, 34, 36], ""cfs"": [38, 37, 39]}",L2.5;L2.5,review
NCPL,2023,27787219,3525162,24262057,18308049.0,3525162,18220811,-13162851,5057960,2503733.0,,808922.0,,,-3655501,7488574,thousands,1.0,,"{""sfp"": [33, 32, 34], ""pl"": [35, 34, 36], ""cfs"": [38, 37, 39]}",L2.5;L2.5;L2,review
NCPL,2024,31986689,2812320.0,29174369.0,22866471,2812320.0,15215087,-10327050,4888037,3956563.0,1716254,2298214,,,,3971386,thousands,1.0,,"{""sfp"": [33, 32, 34], ""pl"": [35, 34, 36], ""cfs"": [38, 37, 39]}",L2.5;L2.5,review
NCPL,2025,24332254,1105234,23227020,15744879,1105234,5566149,-3409627,2156522,4912312.0,125669,917655,,,-2557283,8371532,thousands,1.0,,"{""sfp"": [36, 35, 37], ""pl"": [38, 37, 39], ""cfs"": [41, 40, 42]}",L2.5;L2.5,review
NESTLE,2013,52289521,,,17936483,21900989.0,86226869,-62066072,24160797,5866763,720065,7925132,,,-5439789,9037209,thousands,1.0,,"{""sfp"": [117, 116, 118], ""pl"": [119, 118, 120], ""cfs"": [121, 120, 122]}",,ok
NESTLE,2015,49267464,36629702,12637762,18029598,25143112,102985916,-68859344,34126572,8760930,253267,9474681,,,-8619505,16609732,thousands,1.0,,"{""sfp"": [3, 2, 4], ""pl"": [5, 4, 6], ""cfs"": [7, 6, 8]}",L5,review
NESTLE,2016,50781770,41969718,8812052,19567821,330273,112392654,-72609392,39783262,11846973,353167,11207230,,,-15628724,21761386,thousands,1.0,,"{""sfp"": [3, 2, 4], ""pl"": [5, 4, 6], ""cfs"": [7, 6, 8]}",L5,review
NESTLE,2017,58345619,,,25124489,40265695.0,122214698,-77458749,44755949,14641782,1333984,15358288,,,-18587733,16000698,thousands,1.0,,"{""sfp"": [3, 2, 4], ""pl"": [5, 4, 6], ""cfs"": [7, 6, 8]}",,ok
NESTLE,2018,66641242,,,32658174,49123050.0,124614785,-83242655,41372130,11544582,745694,19711784,,,-12023750,13248617,thousands,1.0,,"{""sfp"": [73, 72, 74], ""pl"": [75, 74, 76], ""cfs"": [78, 77, 79]}",,ok
NESTLE,2019,65273408,,,31252326,53195067.0,115962473,-82613501,33348972,7354467,318753,18876441,,,-7845479,10078310,thousands,1.0,,"{""sfp"": [67, 66, 68], ""pl"": [69, 68, 70], ""cfs"": [72, 71, 73]}",,ok
NESTLE,2020,60906365,,4190442,27950007,40148686,118781274,-84016549,34764725,8884595,789055,16252021,28679851,,7884667,21868147,thousands,1.0,,"{""sfp"": [67, 66, 68], ""pl"": [69, 68, 70], ""cfs"": [72, 71, 73]}",,ok
NESTLE,2021,65403898,,,33943190,43267470.0,133295472,-92803347,40492125,12768101,743920,18600718,,,-9598316,12812073,thousands,1.0,,"{""sfp"": [67, 66, 68], ""pl"": [69, 68, 70], ""cfs"": [72, 71, 73]}",,ok
NESTLE,2022,83651751,77881505,5770246,51443500,66613100,162516255,-112886474,49629781,15049716,542508,27094551,,,-10926697,16361566,thousands,1.0,,"{""sfp"": [67, 66, 68], ""pl"": [69, 68, 70], ""cfs"": [72, 71, 73]}",,ok
NESTLE,2023,97889911,,,63830144,74668349.0,200605005,-129845135,70759870,16492799,1099714,33438484,,,-10716100,18245738,thousands,1.0,,"{""sfp"": [67, 66, 68], ""pl"": [69, 68, 70], ""cfs"": [72, 71, 73]}",,ok
NESTLE,2024,83628867,,18583038,47823049,57160390,193205756,-123681762,69523994,14807971,2322401,26549290,29407234,,-14544017,31594092,thousands,1.0,,"{""sfp"": [67, 66, 68], ""pl"": [69, 68, 70], ""cfs"": [72, 71, 73]}",,ok
NESTLE,2025,93893396,,,55897826,66809964.0,199069166,-126812049,72257117,17243921,3908396,24818457,,,-14996152,34928978,thousands,1.0,,"{""sfp"": [63, 62, 64], ""pl"": [65, 64, 66], ""cfs"": [68, 67, 69]}",L5,review
NETSOL,2013,7068462,,,2285125,750329.0,2632779,-1087478,1545301,1159608,305571,,,,,1340289,thousands,1.0,,"{""sfp"": [50, 49, 51, 126, 127], ""pl"": [51, 50, 52, 95], ""cfs"": [53, 52, 54, 124]}",,ok
NETSOL,2014,6574398,1107665,5466733,1017718,851085,1831525,-1840372,,-618518,339858,,,,-78821,1366619,thousands,1.0,,"{""sfp"": [52, 51, 53, 95, 96], ""pl"": [53, 52, 54, 97], ""cfs"": [55, 54, 56, 99]}",,ok
NETSOL,2015,6407572,,,1468193,1104815.0,2700191,-2167105,533086,-187025,447595,,,,,226099,thousands,1.0,,"{""sfp"": [52, 51, 53, 91, 93], ""pl"": [53, 52, 54, 121], ""cfs"": [55, 54, 56, 123]}",,ok
NETSOL,2016,6606193,1269777,5336416,2173136,1230283,3215811,-2282076,933735,52022,108473,,,,,-957684,thousands,1.0,,"{""sfp"": [58, 57, 59, 130, 132], ""pl"": [59, 58, 60, 133], ""cfs"": [61, 60, 62, 99]}",,ok
NETSOL,2017,7381600,1689087,5692513,3462681,1666436,3925697,-2685337,1240360,320296,874942,,,,-39437,86095,thousands,1.0,,"{""sfp"": [54, 53, 55, 95, 120], ""pl"": [55, 54, 56, 92], ""cfs"": [57, 56, 58, 93]}",,ok
NETSOL,2018,8630309,1944359,6685950,5053592,1904733,4284800,-2346162,1938638,1065970,2123337,,,,-129695,1522082,thousands,1.0,,"{""sfp"": [54, 53, 55, 121, 131], ""pl"": [55, 54, 56, 103], ""cfs"": [57, 56, 58, 101]}",,ok
NETSOL,2019,9009859,,,5807256,2064712.0,5381196,-3290450,2090746,1243484,1951746,,,,-223073,-223799,thousands,1.0,,"{""sfp"": [61, 60, 62, 115, 116, 124, 127, 146, 157, 160, 161], ""pl"": [62, 61, 63, 117], ""cfs"": [64, 63, 65, 119]}",,ok
NETSOL,2020,9079110,,,6374023,1994188.0,4708374,-3142330,1566044,244844,2081859,,,,-249836,-688471,thousands,1.0,,"{""sfp"": [79, 78, 80, 165, 169], ""pl"": [80, 79, 81, 157], ""cfs"": [82, 81, 83, 132]}",,ok
NETSOL,2021,9581305,,,2438965,2379462.0,4947559,-3147147,1800412,191587,3758821,,,,,1608440,thousands,1.0,,"{""sfp"": [75, 74, 76, 101, 109], ""pl"": [76, 75, 77, 111], ""cfs"": [78, 77, 79, 124]}",L5,review
NETSOL,2022,10601793,2774766,7827027,8616739,2682233,6116637,-4011648,2104989,913211,3785711,,,,,317100,thousands,1.0,,"{""sfp"": [83, 82, 84, 132, 133], ""pl"": [84, 83, 85, 134], ""cfs"": [86, 85, 87, 136]}",,ok
NETSOL,2023,12800342.28,,,1611267.251,3565635.937,7670180.883,-5408016.998,2262163.885,1285234.155,2631170.928,,1514208.964,,-110.774,-1055250.536,thousands,0.001,,"{""sfp"": [112, 113], ""pl"": [114, 115], ""cfs"": [116]}",,ok
NETSOL,2024,14372236,,,1828951,3804866.0,9280647,-5116773,4163874,1384159,4647055,,,,,2373722,thousands,1.0,,"{""sfp"": [93, 92, 94, 148, 151], ""pl"": [94, 93, 95, 172], ""cfs"": [96, 95, 97]}",L5,review
NETSOL,2025,14254526,,,12462806,3317457.0,9018961,-5434938,3584023,1030927,3696726,,,,-262797,-931116,thousands,1.0,,"{""sfp"": [88, 87, 89], ""pl"": [89, 88, 90], ""cfs"": [91, 90, 92]}",,ok
NEXT,2014,,,,174328.394,103170.4,,,,,3008.584,,,,,,thousands,0.001,,"{""sfp"": [13, 12, 14], ""pl"": [], ""cfs"": []}",,ok
NEXT,2016,658591.33,496500.964,162090.366,562004.716,404289.33,163555.175,,,-16146.043,339385.362,,14189.876,,,162785.297,thousands,0.001,,"{""sfp"": [15, 19], ""pl"": [16, 17], ""cfs"": [18]}",,ok
NEXT,2017,1143923.973,653738.267,490185.706,1053183.68,653738.267,353702.249,,,102961.037,269670.057,,16365.032,,,-316044.107,thousands,0.001,,"{""sfp"": [15, 18], ""pl"": [19, 20], ""cfs"": [21]}",,ok
NEXT,2018,697302.153,286957.646,410344.507,635536.132,286957.646,241116.691,,,-25335.688,128983.853,,14376.109,,-41450.023,-27830.194,thousands,0.001,,"{""sfp"": [19], ""pl"": [20, 21], ""cfs"": [22]}",,ok
NEXT,2019,825922.748,430867.436,395055.312,735762.979,430867.436,174309.134,,,5306.556,245002.26,,61848.864,,-9184.635,-33969.051,thousands,0.001,,"{""sfp"": [21, 25], ""pl"": [22, 23], ""cfs"": [24]}",,ok
NEXT,2020,784099.783,377122.634,406977.149,659265.173,344508.569,195817.68,,,17794.313,168718.288,,53730.404,,-2061.667,-68902.734,thousands,0.001,,"{""sfp"": [22, 27], ""pl"": [23, 24], ""cfs"": [25]}",,ok
NEXT,2021,1199501.119,705019.553,494481.566,1044110.808,673697.96,368169.747,,,81998.328,332701.076,,78028.115,,,234471.871,thousands,0.001,,"{""sfp"": [23], ""pl"": [24, 25], ""cfs"": [26]}",,ok
NEXT,2022,1150546.84,625286.559,525260.281,965155.721,602490.527,417289.673,,,30778.715,221673.403,,60860.329,,-50.619,-50823.479,thousands,0.001,,"{""sfp"": [22, 28], ""pl"": [29], ""cfs"": [31]}",,ok
NEXT,2023,816817.86,388771.238,428046.622,603053.911,363371.527,119203.246,,,-97213.659,87340.767,,37255.427,,,29067.753,thousands,0.001,,"{""sfp"": [26], ""pl"": [27], ""cfs"": [29]}",,ok
NEXT,2024,865922.753,,,595020.234,418067.027,,,,,225754.169,,,,,,thousands,0.001,,"{""sfp"": [32, 31, 33], ""pl"": [], ""cfs"": []}",,ok
NEXT,2025,1113154.183,,,777455.882,649065.763,,,,,424873.737,,,,,,thousands,0.001,,"{""sfp"": [37, 36, 38], ""pl"": [], ""cfs"": []}",,ok
NICL,2014,2622750.542,,,1039708.986,846191.422,3331794.08,-2818865.839,512928.241,194634.847,62186.925,517668.865,,,,,thousands,0.001,,"{""sfp"": [22, 21, 23], ""pl"": [], ""cfs"": []}",,ok
NICL,2016,4029141.648,,,1966457.946,1783592.573,5011268.584,-4039193.383,972075.201,440683.657,61676.75,637995.522,,,,,thousands,0.001,,"{""sfp"": [24, 23, 25, 58], ""pl"": [], ""cfs"": []}",L2.5;L2.5,review
NICL,2018,7588383.208,,,4726091.705,4274448.657,12154312.383,-10541804.264,1612508.119,695535.127,6445.965,2258597.477,,,,,thousands,0.001,,"{""sfp"": [26, 25, 27, 64], ""pl"": [], ""cfs"": []}",L2.5;L2.5;L2.5,review
NICL,2019,8514028.265,5479143.755,3034884.51,5075880.079,4565843.165,,-12820522.822,2029598.669,810096.972,30758.652,,,,,,thousands,0.001,,"{""sfp"": [26, 25, 27, 66], ""pl"": [], ""cfs"": []}",L2.5;L2.5,review
NICL,2020,10848594.059,7225270.016,3623324.043,6769459.722,5844709.066,,-14626318.244,2546261.637,926477.265,101722.729,3601156.962,3826271.636,,,,thousands,0.001,,"{""sfp"": [28, 27, 29, 68], ""pl"": [], ""cfs"": []}",,ok
NICL,2021,16268986.203,11344959.803,4924026.4,10468380.552,9132253.158,,-19542754.705,3550988.922,1694429.292,58429.352,5950815.96,,,,,thousands,0.001,,"{""sfp"": [28, 27, 29, 70], ""pl"": [], ""cfs"": []}",L2.5;L2.5,review
NICL,2022,30128449.637,23951157.627,6178742.01,17535061.335,16943991.471,,-29495243.747,4290404.034,1595630.354,260276.347,7823007.102,,,,,thousands,0.001,,"{""sfp"": [27, 26, 28, 69], ""pl"": [], ""cfs"": []}",L2.5;L2.5,review
NICL,2023,31421656.814,,,17280091.521,16443835.416,,-37412329.076,6413211.716,1837650.319,215624.955,8217932.687,,,,,thousands,0.001,,"{""sfp"": [27, 26, 28, 71], ""pl"": [], ""cfs"": []}",L2.5;L2.5,review
NICL,2024,31286504.216,22929504.541,8356999.675,17583060.947,16849987.675,,-35747348.048,6178008.826,,303170.209,8985998.685,,,,,thousands,0.001,,"{""sfp"": [29, 28, 30], ""pl"": [], ""cfs"": []}",L2.5,review
NICL,2025,33311141.513,23491145.027,9819996.486,19435945.961,18534740.07,,-38565317.428,6690172.231,2022683.881,184011.08,8417523.319,,,,,thousands,0.001,,"{""sfp"": [33, 32, 34], ""pl"": [], ""cfs"": []}",L2.5;L2.5,review
NML,2013,80635594,21717559,58917035,26937153,18068412,52426030,-43381545,9044485,5846853,1128862,10945439,,,-1226663,491795,thousands,1.0,,"{""sfp"": [49, 48, 50, 120], ""pl"": [51, 50, 52, 148], ""cfs"": [53, 52, 54, 152]}",,ok
NML,2014,97048577,28459401,68589176,28774992,21553219,54444091,-46580317,7863774,5512552,2802316,12752495,,,-1400445,4887376,thousands,1.0,,"{""sfp"": [71, 70, 72, 123], ""pl"": [73, 72, 74, 125], ""cfs"": [75, 74, 76, 45, 127]}",,ok
NML,2015,101140000,24997177,76142823,24190444,19167495.0,51177577,-45153439,6024138,3911925,52219,10350193,,,-1400449,5298151,thousands,1.0,,"{""sfp"": [71, 70, 72], ""pl"": [73, 72, 74], ""cfs"": [75, 74, 76]}",,ok
NML,2016,106599219,24444064,82155155,25850830,19553041,47999179,41734871,6264308,4923038,2115168,9933736,,,-1573781,4704482,thousands,1.0,,"{""sfp"": [49, 48, 50, 107], ""pl"": [51, 50, 52, 109], ""cfs"": [53, 52, 54, 116]}",,ok
NML,2017,118725911,29963115,88762796,30193783,23934194,49247657,-43867819,5379838,4262342,43945,12722712,,,-1749545,-1378557,thousands,1.0,,"{""sfp"": [39, 38, 40, 109], ""pl"": [41, 40, 42, 111], ""cfs"": [43, 42, 44, 168]}",,ok
NML,2018,102736033,27022888,75713145,29042685,21260216,53729124,-48178678,5550446,4097127,104827,12243652,,,-1751524,2153808,thousands,1.0,,"{""sfp"": [50, 49, 51, 130], ""pl"": [52, 51, 53, 133], ""cfs"": [55, 54, 56, 175]}",,ok
NML,2019,100545392,33930122,66615270,35797260,28454755,63499029,-55842428,7656601,5859048,576625,17008459,,,-1658839,905102,thousands,1.0,,"{""sfp"": [64, 63, 65, 148], ""pl"": [66, 65, 67, 151], ""cfs"": [69, 68, 70, 221]}",L5,review
NML,2020,110660914,39233054,71427860,40523527,29707601,60904096,-53627970,7276126,3506284,128241,20753543,,,-1408809,1560005,thousands,1.0,,"{""sfp"": [46, 45, 47, 126], ""pl"": [48, 47, 49, 128], ""cfs"": [51, 50, 52, 131]}",,ok
NML,2021,131112374,45364595,85747779,45460218,32730688,71431010,-62113155,9317855,5922470,5272345,17972691,,,-1399378,5722435,thousands,1.0,,"{""sfp"": [45, 44, 46, 131], ""pl"": [47, 46, 48, 133], ""cfs"": [50, 49, 51, 136]}",,ok
NML,2022,137534577,58333634,79200943,61003334,43858463,115768065,-98432494,17335571,10311674,91727,31826616,,,-1402088,-10669883,thousands,1.0,,"{""sfp"": [52, 51, 53], ""pl"": [54, 53, 55], ""cfs"": [57, 56, 58]}",,ok
NML,2023,170285710,80521591.0,89764119.0,85467889,66817530.0,141756469,-120677627,21078842,12166022,2410566,34801627,,,-1400080,1438490,thousands,1.0,,"{""sfp"": [50, 49, 51, 138, 223], ""pl"": [52, 51, 53, 140], ""cfs"": [55, 54, 56, 143]}",,ok
NML,2024,216839445,102029432,114810013,88749761,73094426,160256555,-142933202,17323353,6368853,2722355,37447381,,,-1749957,-10957446,thousands,1.0,,"{""sfp"": [50, 49, 51, 144], ""pl"": [52, 51, 53, 147], ""cfs"": [55, 54, 56, 207]}",,ok
NML,2025,264767950,120168276.0,144599674.0,104234957,84166889.0,178167146,-158142523,20024623,6013519,886185,51611063,,,-1051202,-13516478,thousands,1.0,,"{""sfp"": [43, 42, 44, 166], ""pl"": [45, 44, 46, 236], ""cfs"": [48, 47, 49, 242]}",,ok
NONS,2014,1790805,1270320,520485,762781,1126478,3252536,-3101236,151300,-110993,24086,512852,1001871,,,-33301,thousands,1.0,,"{""sfp"": [16, 17], ""pl"": [18], ""cfs"": [19]}",,ok
NONS,2015,1553327,1126571,426756,607642,1032169,3027256,-2902182,125074,-115580,71765,356230,935428,,,496450,thousands,1.0,,"{""sfp"": [19, 20], ""pl"": [21], ""cfs"": [22]}",,ok
NONS,2016,1553327,1126571,,,,,,,,,,,,,,thousands,1.0,,"{""sfp"": [52, 51, 53], ""pl"": [], ""cfs"": []}",L3,ok
NONS,2018,,,,,,6273476,-5562171,711305,210785,,,,,-56065,374683,thousands,1.0,,"{""sfp"": [19], ""pl"": [21], ""cfs"": [22]}",,ok
NONS,2019,4211454,,,2719124,,,,,,58606,1147288,,,-42116,676016,thousands,1.0,,"{""sfp"": [21, 22], ""pl"": [], ""cfs"": [24]}",,ok
NONS,2020,4273391,,,2738872,,6138166,-5178147,960019,256060,51526,1006162,,,-48692,792484,thousands,1.0,,"{""sfp"": [21, 22], ""pl"": [23], ""cfs"": [24]}",L5;L5;L5,review
NONS,2021,4425653,,,2809726,,9189680,-8183388,1006292,254120,224923,1405972,,,57590,714010,thousands,1.0,,"{""sfp"": [23, 24], ""pl"": [25], ""cfs"": [26, 25, 27]}",,ok
NONS,2022,4584747,2851803,1732944,2778584,2778293,11965974,-10406680,1559294,464007,110534,1160752,1799082,,,,thousands,1.0,,"{""sfp"": [26, 27], ""pl"": [28, 29, 56, 67], ""cfs"": []}",L2,ok
NONS,2023,6174635,,,4100932,,9280031,-7383505,1896526,419313,109877,2535667,,,-65185,1222178,thousands,1.0,,"{""sfp"": [21, 22], ""pl"": [23], ""cfs"": [24]}",L5;L5,review
NONS,2024,9075972,,,5228569,,11326384,-10197494,1128890,419313.0,71225,3161743,,,-65096,-698887,thousands,1.0,,"{""sfp"": [37, 38], ""pl"": [39], ""cfs"": [40, 39, 41]}",,ok
NONS,2025,8480591,,,3924105,,11744437,-10273549,1470888,670909,59048,2189206,,,,2507093,thousands,1.0,,"{""sfp"": [43, 44], ""pl"": [45], ""cfs"": [46, 45, 47]}",,ok
NPL,2013,25508703.912,16300268.578,9208435.334,11517851.873,5493636.508,25055257.303,-20031221.647,5024035.656,2739467.33,3947173.857,718694.96,,,,,thousands,0.001,,"{""sfp"": [28, 27, 29], ""pl"": [], ""cfs"": []}",,ok
NPL,2014,26522567.811,,,13263345.598,6484467.185,27479285.915,-22822609.015,4656676.9,2917329.966,1039426.126,968978.262,,,,,thousands,0.001,,"{""sfp"": [30, 29, 31], ""pl"": [], ""cfs"": []}",,ok
NPL,2015,23029700,,,10708578,3040281.0,22313634,-17622108,4691526,3116709,103481,1268908,,,-2148703,4510346,thousands,1.0,,"{""sfp"": [34, 33, 35], ""pl"": [36, 35, 37], ""cfs"": [39, 38, 40]}",,ok
NPL,2016,21074631,,,9415126,2898022.0,13896036,-10008691,3887345,2851065,673994,702678,,,-2212534,5332338,thousands,1.0,,"{""sfp"": [36, 35, 37, 38], ""pl"": [38, 37, 39], ""cfs"": [41, 40, 42]}",,ok
NPL,2017,23263195,,,11871898,4272673.0,15041692,-11175473,3866219,2886429,162201,975559,,,-1238772,1134611,thousands,1.0,,"{""sfp"": [36, 35, 37], ""pl"": [38, 37, 39], ""cfs"": [41, 40, 42]}",,ok
NPL,2018,26907725,,,16248399,7466119.0,16929085,-12702691,4226394,3211416,140305,1569339,,,-707643,-82904,thousands,1.0,,"{""sfp"": [49, 48, 50], ""pl"": [51, 50, 52], ""cfs"": [54, 53, 55]}",,ok
NPL,2019,29086376,,,19079786,9323019.0,15581918,-10584021,4997897,3769549,20776,1719399,,,-1057097,1330677,thousands,1.0,,"{""sfp"": [41, 40, 42, 97], ""pl"": [43, 42, 44, 99], ""cfs"": [45, 44, 46, 137]}",,ok
NPL,2020,29324022,,,19928993,5571430.0,11738487,-5318630,6419857,4942595,,170349,,,-357450,5073890,thousands,1.0,,"{""sfp"": [46, 45, 47], ""pl"": [48, 47, 49], ""cfs"": [50, 49, 51]}",,ok
NPL,2021,30786057,,,21958021,4738890.0,11432571,-7989362,3443209,2681134,402591,649107,,,-353692,1928787,thousands,1.0,,"{""sfp"": [53, 52, 54, 158], ""pl"": [55, 54, 56, 159], ""cfs"": [57, 56, 58, 160]}",,ok
NPL,2022,33370290,,,24865351,5276730.0,23684340,-19809291,3875049,3322606,507128,4172155,,,-1237046,6722297,thousands,1.0,,"{""sfp"": [48, 47, 49], ""pl"": [50, 49, 51], ""cfs"": [53, 52, 54]}",,ok
NPL,2024,37896805,5279881.0,32616924.0,29608679,5279881.0,22505489,-17365234,5140255,4091029.0,6296539,2558609,,,-2651640,4941432,thousands,1.0,,"{""sfp"": [53, 52, 54], ""pl"": [55, 54, 56], ""cfs"": [58, 57, 59]}",L3,ok
NPL,2025,29150366,1175198,27975168,21522327,1175198,7057714,-4399559,2658155,5389574.0,113057,810657,,,-3892202,12336995,thousands,1.0,,"{""sfp"": [46, 45, 47], ""pl"": [48, 47, 49], ""cfs"": [51, 50, 52]}",,ok
NRL,2014,52776152,26182513,,47465200.0,25801646.0,207403258,-204343524,3059734,961875,8804865.0,23856560.0,,,-1194855,-3315056,thousands,1.0,,"{""sfp"": [54, 53, 55], ""pl"": [55, 54, 56], ""cfs"": [57, 56, 58]}",L5;L2,review
NRL,2015,48062650.0,17928943.0,,39901373.0,17162924.0,148456509,-141610755,6845754,3708980,17272944.0,13585660.0,,,,,thousands,1.0,,"{""sfp"": [60, 83, 85], ""pl"": [58, 57, 59], ""cfs"": [60, 59, 61]}",L5;L2,review
NRL,2017,61385945.0,18046065.0,,22751593.0,17780776.0,107447444,97647936,9799508,8045781,2769491.0,10931017.0,,,-1589001,6401154,thousands,1.0,,"{""sfp"": [58], ""pl"": [58, 57, 59], ""cfs"": [60, 59, 61]}",L5;L2,review
NRL,2018,65814271.0,22562734.0,,27547962.0,22206011.0,136984940,133172931,3812009,1770684,541837.0,12627661.0,,,-1789503,1178195,thousands,1.0,,"{""sfp"": [61, 60, 62], ""pl"": [62, 61, 63], ""cfs"": [64, 63, 65]}",L5,review
NRL,2019,,,,37489.0,42001.0,,,,,,,,,-794649,-20877716,thousands,1.0,,"{""sfp"": [43, 42, 44], ""pl"": [57, 58], ""cfs"": [60, 59, 61]}",,ok
NRL,2020,,,,21346,67140.78,,,,,,,,,,9680120,thousands,1.0,,"{""sfp"": [45, 44, 46], ""pl"": [59, 60], ""cfs"": [62, 61, 63]}",,ok
NRL,2021,75681516,44094129,31587387,36192216,42919804,,-135700345.0,,,607327,21403625,,,,-2738746,thousands,1.0,,"{""sfp"": [58, 57, 59], ""pl"": [59, 58, 60], ""cfs"": [62, 61, 63]}",,ok
NRL,2022,,,,,,,-228080832.0,,,618419.0,,,,,,thousands,1.0,,"{""sfp"": [45, 46, 59], ""pl"": [60, 62], ""cfs"": [62, 61, 63]}",,ok
NRL,2024,,,,,,,-316609825.0,,,,,,,,-13940532,thousands,1.0,,"{""sfp"": [61], ""pl"": [61, 60, 62], ""cfs"": [64, 63, 65]}",,ok
NRL,2025,149495621,99179240,50316381,64954339,87060369,,-313897084.0,-6234231.0,9079013.0,,,,,,-6207121,thousands,1.0,,"{""sfp"": [69, 68, 70], ""pl"": [70, 69, 71], ""cfs"": [73, 72, 74]}",,ok
NRSL,2013,1534134.865,1152202.155,381932.71,904656.79,846599.17,2402440.493,-2186079.779,216360.714,-42101.377,11437.764,343559.463,534998.469,,,,thousands,0.001,,"{""sfp"": [28, 27, 29], ""pl"": [], ""cfs"": []}",,ok
NRSL,2015,1289010.481,1048090.99,240919.491,774337.699,896603.535,1806427.261,-1654638.619,151788.642,-82366.916,1947.185,310962.253,486101.762,,,,thousands,0.001,,"{""sfp"": [15, 14, 16], ""pl"": [], ""cfs"": []}",,ok
NRSL,2017,2106349.457,,,1580627.759,1166143.188,2668804.664,-2371467.054,297337.61,,16135.788,,,,,,thousands,0.001,,"{""sfp"": [20, 19, 21], ""pl"": [], ""cfs"": []}",L2.5;L2.5,review
NRSL,2018,2778427.654,,,2260327.81,1747417.305,3580118.885,-3250464.221,329654.664,,39169.881,,,,,,thousands,0.001,,"{""sfp"": [22, 21, 23], ""pl"": [], ""cfs"": []}",L2.5;L2.5,review
NRSL,2019,3052347.436,,,2515142.002,1870166.294,4887142.248,-4383297.157,503845.091,,23771.859,,,,,,thousands,0.001,,"{""sfp"": [22, 21, 23], ""pl"": [], ""cfs"": []}",L2.5;L2.5,review
NRSL,2020,3529190.713,,,2578758.979,1758224.878,4499104.712,-3993379.722,505724.99,,14452.592,,,,,,thousands,0.001,,"{""sfp"": [22, 21, 23], ""pl"": [], ""cfs"": []}",L2.5;L2.5,review
NRSL,2021,4303331.96,2233565.6,2069766.36,3175173.163,2031649.388,6277703.001,-5483668.485,794034.516,,27757.998,1468164.573,,,,,thousands,0.001,,"{""sfp"": [22, 21, 23], ""pl"": [], ""cfs"": []}",L2.5;L2.5,review
NRSL,2022,5963417.444,,,4744826.366,3271306.187,8271380.512,-7196560.15,1074820.362,,24648.927,2291377.678,,,,,thousands,0.001,,"{""sfp"": [25, 24, 26], ""pl"": [], ""cfs"": []}",L2.5;L2.5,review
NRSL,2023,5725020.283,,,4154076.301,2343734.043,9370907.642,-8163332.358,1207575.284,,134023.262,1616419.011,,,,,thousands,0.001,,"{""sfp"": [22, 21, 23], ""pl"": [], ""cfs"": []}",L2.5;L2.5,review
NRSL,2024,6487311,3189092,3298219,4938214,2979801,8584744,-7419530,1165213,270375,78471,2473142,1229864,,,-838231,thousands,1.0,,"{""sfp"": [23, 24], ""pl"": [25], ""cfs"": [28]}",,ok
NRSL,2025,6775666.25,3367917.751,3407748.499,5507021.75,3235464.356,9258813.518,-8323574.726,935238.792,249472.038,152344.594,2441885.716,1180732.246,,-140347.879,-100022.964,thousands,0.001,,"{""sfp"": [21, 26], ""pl"": [27, 28], ""cfs"": [30]}",L5;L5;L5;L5;L5;L5;L5,review
NSRM,2013,,,30078.866,,,522512.061,482722.01,39790.051,7831.66,,,,,,17134.141,thousands,0.001,,"{""sfp"": [7, 13, 18], ""pl"": [14, 15], ""cfs"": [16, 17]}",,ok
NSRM,2014,,,,,,588619.243,,,8980.538,,,,,,,thousands,0.001,,"{""sfp"": [], ""pl"": [], ""cfs"": []}",,ok
NSRM,2015,,,,,,671950.183,,,13024.443,,,,,,,thousands,0.001,,"{""sfp"": [], ""pl"": [], ""cfs"": []}",,ok
NSRM,2016,,,,,,709705.001,,,34599.55,,,,,,,thousands,0.001,,"{""sfp"": [], ""pl"": [], ""cfs"": []}",,ok
NSRM,2017,,,,,,,,67252.322,16372.696,,,,,,,thousands,0.001,,"{""sfp"": [], ""pl"": [], ""cfs"": []}",,ok
NSRM,2018,,,830308.523,,,,,77754.057,,,,,,,,thousands,0.001,,"{""sfp"": [], ""pl"": [], ""cfs"": []}",,ok
NSRM,2019,,,773058.793,,,,,71055.219,,,,,,,,thousands,0.001,,"{""sfp"": [], ""pl"": [], ""cfs"": []}",,ok
NSRM,2020,,,806401.672,,,,643686.034,,,20228.557,,,,,,thousands,0.001,,"{""sfp"": [], ""pl"": [], ""cfs"": []}",,ok
NSRM,2021,,,851489.045,,,,743470.453,,,9265.37,,,,,,thousands,0.001,,"{""sfp"": [], ""pl"": [], ""cfs"": []}",,ok
NSRM,2022,1384492.701,518752.186,865740.515,518696.294,494996.294,,,111683.928,14251.47,,,,,,,thousands,0.001,,"{""sfp"": [17, 16, 18], ""pl"": [], ""cfs"": []}",,ok
NSRM,2023,,601321.876,1404557.779,,,,,53487.008,,,,,,,,thousands,0.001,,"{""sfp"": [17, 16, 18], ""pl"": [], ""cfs"": []}",,ok
NSRM,2024,,711542.752,1470861.314,,,,-1998598.802,155605.067,,,,,,,,thousands,0.001,,"{""sfp"": [17, 16, 18], ""pl"": [], ""cfs"": []}",,ok
NSRM,2025,,654473.265,1554258.849,,,,-2260889.661,190500.999,83397.535,,534.996,,,,,thousands,0.001,,"{""sfp"": [17, 16, 18], ""pl"": [], ""cfs"": []}",,ok
OGDC,2013,414011041,,,134329533,38740991.0,,,157665947.0,90776709,2709875,263204,,,-33921898,185684663,thousands,1.0,,"{""sfp"": [67, 66, 68], ""pl"": [69, 68, 70], ""cfs"": [71, 70, 72]}",L4,review
OGDC,2014,496232680,,,194160127,50283632.0,257014254,-80941450,176072804.0,123914550,2852160,420626,,,-27222326,50389863,thousands,1.0,,"{""sfp"": [61, 60, 62], ""pl"": [63, 62, 64], ""cfs"": [65, 64, 66]}",L4,review
OGDC,2015,553793319,,,219778551,61901977.0,210624908.0,,131966911.0,87249032,13002748,317476,,,-37950811,74012510,thousands,1.0,,"{""sfp"": [71, 70, 72], ""pl"": [73, 72, 74], ""cfs"": [75, 74, 76]}",,ok
OGDC,2016,589565539,,,254800670,58969148.0,162866578,,87889539,59970802,7903766,291904,,,-23759105,55852363,thousands,1.0,,"{""sfp"": [75, 74, 76, 112, 123], ""pl"": [77, 76, 78], ""cfs"": [79, 78, 80]}",,ok
OGDC,2017,627287973,114303636,512984337,342460219,53610444,171829364.0,,95004186.0,63803402,4159073,376390,,,-24006545,47767019,thousands,1.0,,"{""sfp"": [73, 72, 74], ""pl"": [75, 74, 76], ""cfs"": [77, 76, 78]}",,ok
OGDC,2018,666477197,115920775,550556422,405857905,55194887,205335000.0,,121479743.0,78736295,3670480.0,,,,-36809433,50135913,thousands,1.0,,"{""sfp"": [99, 98, 100], ""pl"": [101, 100, 102], ""cfs"": [104, 103, 105]}",,ok
OGDC,2019,766597190,141231942,625365248,509785826,72643471.0,261481188,,167061563,118385788,20569709,446645,,,-42633457,72175235,thousands,1.0,,"{""sfp"": [107, 106, 108], ""pl"": [109, 108, 110], ""cfs"": [112, 111, 113]}",,ok
OGDC,2020,861463645,172605638,688858007,556768817,94346842,,,,,16842305,472505,,,-26428401,22546538,thousands,1.0,,"{""sfp"": [57], ""pl"": [58], ""cfs"": [59, 58, 60]}",,ok
OGDC,2021,955993814,186349769,769644045,650669655,101679608,239103553,,139746216,91534424,7444044,,,,-30423780,40303544,thousands,1.0,,"{""sfp"": [57], ""pl"": [58], ""cfs"": [59, 58, 60]}",,ok
OGDC,2022,1129983053,254590487.0,,778537626,139065523.0,,,216915624.0,133783747,31631051,560679,,,-24575158,72364346,thousands,1.0,,"{""sfp"": [117, 116, 118], ""pl"": [119, 118, 120], ""cfs"": [122, 121, 123]}",L2.5;L2.5,review
OGDC,2023,1424065294,341167417,1082897877,959117636,160964008.0,,,269726636.0,224617797,25765707,1349347,,,-31983963,27817162,thousands,1.0,,"{""sfp"": [165, 164, 166], ""pl"": [167, 166, 168], ""cfs"": [171, 170, 172]}",,ok
OGDC,2024,1604254140,353757922.0,,1060489235,180856102.0,463697861,,283312971.0,208977771,141030201,1263052,,,,,thousands,1.0,,"{""sfp"": [145, 144, 146], ""pl"": [147, 146, 148], ""cfs"": []}",,ok
OGDC,2025,1654606070,306368374.0,,1123383935,125278122.0,401177969,,23160793,169903614,52813573,942938,,,,,thousands,1.0,,"{""sfp"": [159, 158, 160, 265, 316, 317], ""pl"": [161, 160, 162], ""cfs"": []}",L5,review
OLPL,2013,23094070.483,20398700.257,2695370.226,1087265.712,7643650.723,,,,337482.378,230606.639,,,,,,thousands,0.001,,"{""sfp"": [54, 53, 55], ""pl"": [], ""cfs"": []}",L2.5;L2.5;L5,review
OLPL,2014,24448714.147,21384784.897,3063929.25,10868985.372,9179493.862,,,,516113.261,100483.822,,,,,,thousands,0.001,,"{""sfp"": [50, 49, 51], ""pl"": [], ""cfs"": []}",L2.5;L2.5,review
OLPL,2015,28317647.402,24768618.066,3549029.336,12111291.831,8982544.41,,,,670903.539,173286.352,,,,,,thousands,0.001,,"{""sfp"": [54, 53, 55], ""pl"": [], ""cfs"": []}",L2.5;L2.5,review
OLPL,2016,35313440.159,31142623.642,4170816.517,15883858.585,12255135.4,,,,742175.65,333494.394,,,,,,thousands,0.001,,"{""sfp"": [82, 81, 83, 150], ""pl"": [], ""cfs"": []}",L2.5,review
OLPL,2017,34576560.552,,,15721701.603,12970107.472,,,,,341884.442,,,,,,thousands,0.001,,"{""sfp"": [84, 83, 85, 152], ""pl"": [], ""cfs"": []}",L2.5,review
OLPL,2018,,,,,,,,,,499815.713,,,,,,thousands,0.001,,"{""sfp"": [], ""pl"": [], ""cfs"": []}",,ok
OLPL,2019,25990803.909,,,12766079.162,8191379.008,,,,,174313.423,,,,,,thousands,0.001,,"{""sfp"": [59, 58, 60, 135], ""pl"": [], ""cfs"": []}",,ok
OLPL,2020,22998803.79,,,11232529.713,6752456.707,,,,,207910.897,,,,,,thousands,0.001,,"{""sfp"": [57, 56, 58, 141], ""pl"": [], ""cfs"": []}",,ok
OLPL,2021,24786307.719,16260801.958,8525503.761,11450609.821,8242665.646,3278346.071,85743.406,,914810.534,213293.662,,1356243.443,,-373638.821,-810854.947,thousands,0.001,,"{""sfp"": [61], ""pl"": [62, 63], ""cfs"": [64]}",,ok
OLPL,2022,29729654.028,20815472.788,8914181.24,129337.663,8605567.866,,,,,870337.328,,,,,,thousands,0.001,,"{""sfp"": [65, 64, 66, 139], ""pl"": [], ""cfs"": []}",L5,review
OLPL,2023,31953239.258,,,15623118.983,11530065.05,,,,,145389.228,,,,,,thousands,0.001,,"{""sfp"": [71, 70, 72, 159], ""pl"": [], ""cfs"": []}",,ok
OLPL,2024,31953884.788,21483347.946,10470536.842,15508517.308,13245191.177,,,,,404210.109,,,,,,thousands,0.001,,"{""sfp"": [69, 68, 70, 159], ""pl"": [], ""cfs"": []}",,ok
OLPL,2025,,,,,,5892410.048,34171.805,,1225471.036,,,,,,,thousands,0.001,,"{""sfp"": [65], ""pl"": [66, 67, 68], ""cfs"": []}",,ok
OML,2018,839936.313,484482.122,355454.191,3395.182,343248.457,33994.174,35684.515,-1690.341,130425.492,6033.725,11936.23,71250.023,,,86310.026,thousands,0.001,,"{""sfp"": [26, 29], ""pl"": [27], ""cfs"": [30]}",,ok
OML,2019,804342.977,1193623.12,-389280.144,79067.335,704067.442,80897.566,-35405.338,45492.228,52000.581,6785.524,,60896.723,,,30092.194,thousands,0.001,,"{""sfp"": [27], ""pl"": [28], ""cfs"": [31]}",L3,ok
OML,2020,779811.548,772970.275,6841.272,76591.338,276511.82,91506.9,-40412.009,51094.891,71133.584,6999.724,,54099.836,,,34957.023,thousands,0.001,,"{""sfp"": [26], ""pl"": [27, 28], ""cfs"": [30]}",,ok
OML,2021,814746.404,799950.573,14795.831,136234.369,570586.23,,,,7794.031,8997.696,4435.969,43294.35,,,34795.94,thousands,0.001,,"{""sfp"": [25, 30], ""pl"": [26, 27], ""cfs"": [29]}",L5;L5;L5;L5,review
OML,2022,713792.546,471711.074,242081.472,81285.433,287142.406,,,,242661.817,7953.063,,9603.848,,,,thousands,0.001,,"{""sfp"": [26], ""pl"": [27, 28, 30], ""cfs"": []}",L5;L5;L5;L5;L3,review
OML,2023,720510.119,550181.346,170328.773,78955.376,405658.63,104625.584,-49223.399,55402.185,17604.501,10489.433,,8157.596,,,,thousands,0.001,,"{""sfp"": [25], ""pl"": [26, 27, 29], ""cfs"": []}",,ok
OML,2024,709863.376,671355.426,38507.95,73938.803,669734.978,121884.73,48557.641,73327.089,19726.995,10413.297,,7017.659,,,45279.249,thousands,0.001,,"{""sfp"": [25], ""pl"": [26, 27], ""cfs"": [29]}",L5;L5;L5;L5,review
OML,2025,703080.539,433813.296,269267.243,75071.406,431070.565,132850.497,-60221.015,72629.482,145901.413,2070.353,,4555.759,,,26297.399,thousands,0.001,,"{""sfp"": [25], ""pl"": [26, 27], ""cfs"": [29]}",L5;L5;L5;L5;L3,review
ORIXM,2013,,,1002568.0,,,,,,,,,,,,,thousands,1.0,,"{""sfp"": [], ""pl"": [21], ""cfs"": [24]}",,ok
ORIXM,2014,,,1093505.0,,,,,,,,,,,,446587971,thousands,1.0,,"{""sfp"": [], ""pl"": [19], ""cfs"": [22]}",,ok
ORIXM,2015,,,1152825,,,,,,,,,,,,877630731,thousands,1.0,,"{""sfp"": [8, 7, 9], ""pl"": [19], ""cfs"": [22]}",,ok
ORIXM,2016,,,1176182,,,,,,,,,,,,,thousands,1.0,,"{""sfp"": [6, 58], ""pl"": [], ""cfs"": []}",,ok
ORIXM,2017,11231.9,,,,,,,,,,,,,,,thousands,1.0,,"{""sfp"": [], ""pl"": [53], ""cfs"": [56]}",,ok
ORIXM,2018,11426.0,,1147880,,,,,,,,,,,,,thousands,1.0,,"{""sfp"": [22], ""pl"": [], ""cfs"": []}",,ok
ORIXM,2019,6966013.121,5805536.675,1160475.446,1789621.276,4206664.577,2026748.328,,,126056.628,432292.749,,8477.133,,,157870.706,thousands,0.001,,"{""sfp"": [105], ""pl"": [106], ""cfs"": [107]}",L3;L2,ok
ORIXM,2020,13067.53,,,,,,,,,,,,,,,thousands,,,"{""sfp"": [], ""pl"": [], ""cfs"": []}",L3,ok
ORIXM,2021,6750292.681,5591620.58,1158672.101,2503515.888,3902033.376,1682389.672,1354106.275,328283.397,152518.893,769029.312,,4246.065,,-114164.235,271057.913,thousands,0.001,,"{""sfp"": [98, 99, 108, 133], ""pl"": [100, 101, 109], ""cfs"": [102, 110]}",L3,ok
ORM,2018,1462235.243,640734.182,821501.061,293407.281,229484.182,,,140364.264,,46122.049,,,,,,thousands,0.001,,"{""sfp"": [23, 22, 24], ""pl"": [], ""cfs"": []}",,ok
ORM,2019,1607388.098,734902.06,872486.038,394583.762,443652.06,1274761.399,1025661.5,249099.899,102734.977,38865.706,26632.841,1195745.908,,-51646.739,230971.455,thousands,0.001,,"{""sfp"": [27, 31], ""pl"": [28, 29], ""cfs"": [30]}",,ok
ORM,2020,1677154.841,849364.249,827790.592,474057.29,383961.733,1161060.128,944378.579,216681.549,30304.554,18842.724,51813.705,1198399.551,,-74989.498,200465.391,thousands,0.001,,"{""sfp"": [27], ""pl"": [28, 29], ""cfs"": [30]}",,ok
ORM,2021,2075188.325,1104569.54,970618.785,620491.649,653742.194,1351445.596,1013796.311,337649.285,156465.242,166203.981,,1449522.991,,-13489.275,409614.988,thousands,0.001,,"{""sfp"": [28], ""pl"": [29, 30], ""cfs"": [31]}",,ok
ORM,2022,2051697.902,985945.792,1065752.11,643054.536,767825.269,1688793.652,1252229.583,436564.069,170133.325,74536.906,86072.705,1403888.865,,-75099.693,414659.286,thousands,0.001,,"{""sfp"": [30], ""pl"": [31, 32], ""cfs"": [33]}",,ok
ORM,2023,2184414.58,931160.922,1253253.658,788947.455,464165.396,1761802.24,1273175.946,488626.294,187501.548,246423.197,,1305252.475,,,126181.051,thousands,0.001,,"{""sfp"": [28], ""pl"": [29, 30], ""cfs"": [31]}",,ok
ORM,2024,2331524.322,934899.787,1396624.535,922527.254,591296.066,,,577776.486,218370.877,256426.656,154052.819,,,,,thousands,0.001,,"{""sfp"": [33, 32, 34], ""pl"": [], ""cfs"": []}",,ok
ORM,2025,2656716.783,1136101.745,1520615.038,1062618.318,669235.371,,,,,194414.711,,,,,,thousands,0.001,,"{""sfp"": [37, 36, 38], ""pl"": [], ""cfs"": []}",,ok
OTSU,2014,1584548,,290110,782840,1077772,1077670,-1077055,,-199744,,476290,715754,,,-161960,thousands,1.0,,"{""sfp"": [15, 31], ""pl"": [16, 37, 38], ""cfs"": [18]}",,ok
OTSU,2015,1562659,1420745,141914,807170,1312412,1452196,-1291086,161110,-146165,,487680,631259,,,-136604,thousands,1.0,,"{""sfp"": [17], ""pl"": [18], ""cfs"": [20]}",,ok
OTSU,2017,1455442,1317578,137864,852478,1317578,1829624,-1329751,499873,109751,17901,432101,467443,,,361968,thousands,1.0,,"{""sfp"": [24], ""pl"": [25], ""cfs"": [27]}",,ok
OTSU,2018,1583800,1380988,202812,1068788,1380988,1869013,-1299217,569796,65306,18445,553508,,,,72399,thousands,1.0,,"{""sfp"": [29, 28, 30], ""pl"": [30, 29, 31], ""cfs"": [32, 31, 33]}",,ok
OTSU,2019,1530644,1507189,23455,1006057,1507189,1884753,-1488573,396180,-175348,10975,574810,,,,-55334,thousands,1.0,,"{""sfp"": [34, 33, 35], ""pl"": [35, 34, 36], ""cfs"": [38, 37, 39]}",L3,ok
OTSU,2020,1680281,1563494,116787,1159771,1563494,2226989,-1627818,599171,91066,,680918.0,,,,218574,thousands,1.0,,"{""sfp"": [34, 33, 35], ""pl"": [35, 34, 36], ""cfs"": [38, 37, 39]}",,ok
OTSU,2021,1485431,984454,500977,1070228,952244,2546276,-1701192,845084,386331,44504,582233,297002,,,,thousands,1.0,,"{""sfp"": [34, 37], ""pl"": [35, 36], ""cfs"": []}",,ok
OTSU,2022,1845908,1132914,712994,1481901,1129822,2851733,-1925157,926576,231797,53211,928446,270910,,-19747,22630,thousands,1.0,,"{""sfp"": [34], ""pl"": [35, 36], ""cfs"": [37]}",,ok
OTSU,2023,2288964,1591441,697523,1747638,1584649,3035085,-2391174,643911,,,1083988,413491,,-17974,-129086,thousands,1.0,,"{""sfp"": [34], ""pl"": [35, 36], ""cfs"": [38]}",,ok
OTSU,2024,2293889,1618194,675695,1714994,1605363,3163868,-2586884,576984,,187036,959205,439945,,-17960,317903,thousands,1.0,,"{""sfp"": [34], ""pl"": [35], ""cfs"": [37]}",,ok
OTSU,2025,2548485,1852706,695779,1838425,1852706,3779518,-2916119,863399,27677,114207,1039093,614178,,,345435,thousands,1.0,,"{""sfp"": [34], ""pl"": [35], ""cfs"": [38]}",,ok
PABC,2021,12167386.55,,,5490144.577,4261249.803,7229918.269,-4664900.317,2565017.952,1576586.669,242400.997,2252530.303,,,,,thousands,0.001,,"{""sfp"": [23, 22, 24], ""pl"": [], ""cfs"": []}",,ok
PABC,2022,15357582.073,,,8293437.96,4898467.688,14152967.779,-9424880.459,4728087.32,2702612.317,840067.567,4098263.652,,,,,thousands,0.001,,"{""sfp"": [45, 44, 46], ""pl"": [], ""cfs"": []}",,ok
PABC,2023,21457470.83,10822013.768,10635457.062,13769972.111,8633132.942,19735901.647,-12090782.766,7645118.881,5017835.895,1979364.101,5913343.547,,,,,thousands,0.001,,"{""sfp"": [43, 42, 44], ""pl"": [], ""cfs"": []}",,ok
PABC,2024,31704530.164,,,24245759.964,12393734.858,23067766.232,-14640075.327,8427690.905,6104198.055,3008138.001,4536517.4,,,,,thousands,0.001,,"{""sfp"": [43, 42, 44], ""pl"": [], ""cfs"": []}",,ok
PABC,2025,39438444.911,17482607.912,21955836.999,30596497.283,14957004.826,23992408.324,-16157990.185,7834418.139,5216181.882,2554560.864,5631112.363,,,,,thousands,0.001,,"{""sfp"": [43, 42, 44], ""pl"": [], ""cfs"": []}",,ok
PACE,2014,7562366,5331723,2230643,2727497,5297069,362621,-268725,93896,-189638,,1968645,592660,,,116330,thousands,1.0,,"{""sfp"": [17, 18], ""pl"": [19], ""cfs"": [21]}",,ok
PACE,2015,7755618,5830342,1925276,3003054,5794747,413204,-407893,,-306880,,2184422,459578,,,,thousands,1.0,,"{""sfp"": [20, 21, 74, 75], ""pl"": [22, 76], ""cfs"": [24, 78]}",,ok
PACE,2018,6702020,4789274,1912746,3717944,4690363,737452,-764122,-26670,-537062,31988,1978489,,,,,thousands,1.0,,"{""sfp"": [0], ""pl"": [2], ""cfs"": [3, 2, 4]}",,ok
PACE,2019,6878657,5892209,986448,3872993,5796495,440345,346475,93870,-929252,165393,2790226,468464,,,180344,thousands,1.0,,"{""sfp"": [1], ""pl"": [2, 3], ""cfs"": [5]}",,ok
PACE,2020,6982842,6385361,597481,3768379,6202855,244124,-177674,66450,-397879,23125,2821179,,,,,thousands,1.0,,"{""sfp"": [50, 115], ""pl"": [51, 116], ""cfs"": [119, 118, 120, 54]}",,ok
PACE,2021,6913152,6359190,553962,3903396,6177787,214024,-75761,138263,-46322,20243,2997281,,,,,thousands,1.0,,"{""sfp"": [38], ""pl"": [39, 40], ""cfs"": [42]}",L2,ok
PACE,2022,6853088,6865537,-12449,3153188,6667937,1256326,-903253,353073,-618439,22433,2312160,,,,,thousands,1.0,,"{""sfp"": [73, 123], ""pl"": [74, 124], ""cfs"": [77, 76, 78, 129]}",L5;L5;L5;L5;L3,review
PACE,2023,,,,,,241809,-118789,123020,,,,,,,,thousands,1.0,,"{""sfp"": [], ""pl"": [26, 25, 27], ""cfs"": []}",L3,ok
PACE,2024,,,,,,2056244,-346475.0,,,,,,,,,thousands,1.0,,"{""sfp"": [], ""pl"": [31, 30, 32], ""cfs"": []}",L5;L3,review
PACE,2025,7517672,8735924,-1218252,2356556,8456165,1166876,-702372,464504,526690.0,18871,1541852,585595,,,-11974,thousands,1.0,,"{""sfp"": [48], ""pl"": [49, 50], ""cfs"": [52]}",L3,ok
PAEL,2013,27142716,15984990,11157726,11847722,7782462,16469178,-12414101,4055077.0,607327.0,277804,3883379,,,,87902,thousands,1.0,,"{""sfp"": [44, 43, 45, 102, 103], ""pl"": [46, 45, 47, 104], ""cfs"": [47, 46, 48, 105]}",L5;L2,review
PAEL,2015,36149276,16153500,19995776,19430662,7721639,,-17688038.0,7434229.0,2880021,577687,6181986,,,,,thousands,1.0,,"{""sfp"": [46, 45, 47, 72], ""pl"": [47, 46, 48, 80], ""cfs"": [91, 48]}",L2,ok
PAEL,2016,40326884,14815652,25511232,22259357,7844634,34123972.0,-18550387.0,,,552210,7845800,,,,,thousands,1.0,,"{""sfp"": [116, 115, 117, 172], ""pl"": [118, 117, 119, 173], ""cfs"": [119, 118, 120, 190]}",L2,ok
PAEL,2019,42829476,19821923,23007553,19218041,14882960,22349749,-19021046,3328703,177842,379733,7789297,22939060,,-3598,3733055,thousands,1.0,,"{""sfp"": [26, 27], ""pl"": [28, 29], ""cfs"": [31]}",,ok
PAEL,2020,54793343,23078621.0,31714722.0,29286312,,28799018.0,22397517,6401501.0,223849,552278,9499264,,,,466254,thousands,1.0,,"{""sfp"": [25, 24, 26], ""pl"": [27, 26, 28], ""cfs"": [30, 29, 31]}",L5,review
PAEL,2021,59813165,24786350,35026815,34204957,15067038,42887364.0,-33819712,9067652,1591076,579397,10464973,,,,-456668,thousands,1.0,,"{""sfp"": [23, 22, 24], ""pl"": [25, 24, 26], ""cfs"": [28, 27, 29]}",,review
PAEL,2022,67414630,28456731,38957899,40041577,21420440,52386178.0,-42084692.0,10301486.0,1067467,796081,13825440,,,,-2809404,thousands,1.0,,"{""sfp"": [36, 35, 37], ""pl"": [38, 37, 39], ""cfs"": [41, 40, 42]}",,ok
PAEL,2023,66357865.0,24932654,41425211,36610098,18159962,38685112.0,-27581482.0,11103630.0,1325089,784116,11687276,,,,8986546,thousands,1.0,,"{""sfp"": [32, 31, 33], ""pl"": [34, 33, 35], ""cfs"": [37, 36, 38]}",L5,review
PAEL,2024,72539331,28774366,43764965,42304769,18812786,53112906.0,-38970306.0,14142600.0,,1093599,12978544,,,,232351,thousands,1.0,,"{""sfp"": [32, 31, 33], ""pl"": [34, 33, 35], ""cfs"": [37, 36, 38]}",,ok
PAEL,2025,87405304,37969022,49436282,53894971,28792211,63523506,-46384719,17138787,,1141001,20777888,,,,-2414695,thousands,1.0,,"{""sfp"": [45, 44, 46], ""pl"": [47, 46, 48], ""cfs"": [50, 49, 51]}",,ok
PAKD,2013,1221907.643,462310.678,759596.965,903438.595,424660.217,771645.037,,253749.858,96046.822,59723.665,,,,,,thousands,0.001,,"{""sfp"": [17, 16, 18], ""pl"": [], ""cfs"": []}",,ok
PAKD,2016,1101902.993,291631.171,810271.822,853773.51,249618.92,654603.204,,160342.35,37096.359,76125.161,,,,,,thousands,0.001,,"{""sfp"": [35, 34, 36], ""pl"": [], ""cfs"": []}",,ok
PAKD,2017,1108086.345,303897.131,804189.214,868006.856,262162.527,660279.069,,137340.198,34629.251,96221.47,,,,,,thousands,0.001,,"{""sfp"": [37, 36, 38], ""pl"": [], ""cfs"": []}",L2,ok
PAKD,2018,1156194.316,,,907436.062,319529.513,798063.305,,148992.913,18965.075,83931.02,,,,,,thousands,0.001,,"{""sfp"": [42, 41, 43], ""pl"": [], ""cfs"": []}",,ok
PAKD,2019,1272842.099,467754.366,805087.733,1006150.747,414725.83,933876.238,,218219.685,88462.281,205936.957,,,,,,thousands,0.001,,"{""sfp"": [42, 41, 43], ""pl"": [], ""cfs"": []}",L5,review
PAKD,2021,1341622.927,504311.283,,1102275.661,427096.857,,,181938.224,15367.369,114791.166,,,,,,thousands,0.001,,"{""sfp"": [51, 50, 52], ""pl"": [], ""cfs"": []}",,ok
PAKD,2022,1895701.718,822827.809,1072873.909,1596880.594,695314.435,,,148495.508,231298.622,251098.371,,,,,,thousands,0.001,,"{""sfp"": [50, 49, 51], ""pl"": [], ""cfs"": []}",L5,review
PAKD,2023,2053200.057,,,1746389.018,653193.353,,,288854.289,289861.508,352530.697,,,,,,thousands,0.001,,"{""sfp"": [50, 49, 51], ""pl"": [], ""cfs"": []}",,ok
PAKD,2024,1981074.738,,,1694552.736,504231.142,,-1280552.216,404842.104,192223.638,787232.411,,,,,,thousands,0.001,,"{""sfp"": [68, 67, 69], ""pl"": [], ""cfs"": []}",,ok
PAKD,2025,2104268.816,612011.149,1492257.667,1799063.514,500310.477,,-1480576.26,375481.905,152945.186,511198.571,484.857,,,,,thousands,0.001,,"{""sfp"": [55, 54, 56], ""pl"": [], ""cfs"": []}",,ok
PAKMI,2014,82413.271,8083.813,74329.458,72325.905,8083.813,0.006,,,2529.254,0.031,,106.164,,-1249712,-12541148,thousands,0.001,,"{""sfp"": [18], ""pl"": [19], ""cfs"": [20, 21]}",,ok
PAKMI,2015,66693.324,5955.159,60738.165,61108.127,5955.159,0.007,,,1556.55,0.049,,72.901,,-192677,3863262,thousands,0.001,,"{""sfp"": [18], ""pl"": [19], ""cfs"": [20, 21]}",,ok
PAKMI,2017,70059.942,7578.833,62481.109,43092.244,5963.833,,,,2670.534,0.016,,4145.415,,,,thousands,0.001,,"{""sfp"": [], ""pl"": [], ""cfs"": []}",,ok
PAKMI,2018,75476.932,12914.503,62562.429,40509.25,6725.503,0.01,,,2213.12,0.016,,21272.925,,-1678015,20914256,thousands,0.001,,"{""sfp"": [20], ""pl"": [21], ""cfs"": [23]}",,ok
PAKMI,2019,72.64,,,,,,,,514.0,19.004,,,,,,thousands,0.001,,"{""sfp"": [], ""pl"": [], ""cfs"": []}",L3,ok
PAKMI,2020,72987.631,9821.917,,72987.639,10518.793,10910.775,,,1844.703,42267.091,,,,,,thousands,0.001,,"{""sfp"": [], ""pl"": [21], ""cfs"": [22]}",L5;L3,review
PAKMI,2022,126200.911,62511.146,63689.765,75592.202,60448.646,0.0,,,1635.646,,,5946.195,,,,thousands,0.001,,"{""sfp"": [], ""pl"": [3], ""cfs"": []}",,ok
PAKOXY,2014,4597815.0,,,,1616945.0,3925036,3214664,710372,126887,307612.0,,,,,,thousands,1.0,,"{""sfp"": [29, 28, 30], ""pl"": [29, 28, 30], ""cfs"": [30, 29, 31]}",,ok
PAKOXY,2015,4657485,2937965,1719520,1464469,1351172,,,,140854,94026,299169,,,,,thousands,1.0,,"{""sfp"": [30, 29, 31], ""pl"": [30, 29, 31], ""cfs"": [31, 30, 32]}",L5;L5,review
PAKOXY,2016,4937602.0,,,1725269.0,2291000.0,3954638,-3058644,895994,216886,110092.0,354576.0,,,,,thousands,1.0,,"{""sfp"": [65], ""pl"": [62, 63], ""cfs"": [80]}",,ok
PAKOXY,2017,5087282,3119920,1967362,2056656,2306546,,,,,434239,264728,,,,,thousands,1.0,,"{""sfp"": [66, 65, 67], ""pl"": [], ""cfs"": []}",,ok
PAKOXY,2018,6697238,2798258,3898980,2035484,2295628,4860059,-3750528,1109531,398695,144780,406146,4558190,,-257079,310873,thousands,1.0,,"{""sfp"": [73, 76], ""pl"": [71], ""cfs"": [74]}",,ok
PAKOXY,2019,7063069.0,,,2487070.0,2683481.0,4666590,-3600834,1065756,300585,42452,604481.0,,,,,thousands,1.0,,"{""sfp"": [70, 99], ""pl"": [67, 68, 98], ""cfs"": [74]}",L5;L2,review
PAKOXY,2020,7389177.0,,,2791787.0,2283202.0,5545137,-4441568,1103569,346281,219839.0,653012.0,,,,,thousands,1.0,,"{""sfp"": [82], ""pl"": [79, 80], ""cfs"": [99]}",L2,ok
PAKOXY,2021,9806949,4813753,4993196,3787639,2990205,7005454,-5645005,1360449.0,451104,429755,1041152,,,,430114,thousands,1.0,,"{""sfp"": [71, 70, 72], ""pl"": [72, 71, 73], ""cfs"": [74, 73, 75]}",L5,review
PAKOXY,2022,17430919.0,,,5242769.0,4926749.0,,,,420050,546935.0,1316935.0,,,,,thousands,1.0,,"{""sfp"": [70], ""pl"": [67, 68], ""cfs"": [86]}",,ok
PAKOXY,2023,18651582,10012933,8638649,5001645,5154110,8589000,-7028370,1560630,144738,406822,1029826,13538765,,,359722,thousands,1.0,,"{""sfp"": [66], ""pl"": [64], ""cfs"": [67]}",,ok
PAKOXY,2025,20595874,8868788,11727086,6265149,4971384,13047286,7807314,5239972,1669023,1300642,804126,14197192,,,3696355,thousands,1.0,,"{""sfp"": [119], ""pl"": [117, 118], ""cfs"": [120]}",,ok
PAKRI,2013,,9734461.559,,,,,,,1321148.078,,,,,-736547.489,353439.949,thousands,0.001,,"{""sfp"": [36, 37], ""pl"": [39], ""cfs"": [40, 41]}",,ok
PAKRI,2014,17621342.566,10633930.189,6987412.377,,,,,,1244015.843,,,,,,,thousands,0.001,,"{""sfp"": [40, 39, 41], ""pl"": [], ""cfs"": []}",L2.5,review
PAKRI,2015,17388550.049,10450024.663,6938525.386,7639105.181,,,,,1376697.009,,,,,,,thousands,0.001,,"{""sfp"": [42, 41, 43], ""pl"": [], ""cfs"": []}",L2.5,review
PAKRI,2016,19907365.763,12503905.179,,,,,,,974263.198,,,,,,,thousands,0.001,,"{""sfp"": [58, 57, 59], ""pl"": [], ""cfs"": []}",,ok
PAKRI,2017,21392541.316,13589217.473,,,,,,,2219264.26,,,,,,,thousands,0.001,,"{""sfp"": [46, 45, 47], ""pl"": [], ""cfs"": []}",,ok
PAKRI,2018,24830870.816,14958914.139,9871489.377,,,,,,1235287.019,2602483.789,,,,,,thousands,0.001,,"{""sfp"": [65, 64, 66, 137], ""pl"": [], ""cfs"": []}",,ok
PAKRI,2019,35835966.003,26007168.328,9828796.765,,,,,,1484282.533,815678.747,,,,,,thousands,0.001,,"{""sfp"": [66, 65, 67], ""pl"": [], ""cfs"": []}",,ok
PAKRI,2020,35765014.25,25523470.055,10241544.195,,,1941534.891,,,1391439.231,1570505.178,,57228.369,,-552065.337,1435998.83,thousands,0.001,,"{""sfp"": [78], ""pl"": [79, 80], ""cfs"": [82, 83]}",,ok
PAKRI,2021,46805551.289,33733356.673,13072194.616,,,3598455.941,,,2589586.463,1140841.359,,429090.184,,-699251.502,155439.967,thousands,0.001,,"{""sfp"": [51], ""pl"": [52, 53], ""cfs"": [55, 56]}",L2,ok
PAKRI,2022,539612841,152707799,386905042,,,,,,30370650.0,3030890557,,,,,,thousands,1.0,,"{""sfp"": [168, 167, 169, 77], ""pl"": [], ""cfs"": []}",L3,ok
PAKRI,2023,,,,,,275846.335,-263110.958,,3065248.117,,,,,-671615.827,2518010.796,thousands,0.001,,"{""sfp"": [106, 127, 155, 156], ""pl"": [17, 74, 75, 128, 129, 130, 135, 136, 157], ""cfs"": [77, 78, 158]}",,ok
PAKRI,2024,69079964.04,,22897977.738,40116359.706,,,,,,,,,,,,thousands,0.001,,"{""sfp"": [], ""pl"": [], ""cfs"": []}",,ok
PAKRI,2025,1208555052.0,288840235.0,,,,,,,30402164.0,,,,,,,thousands,1.0,,"{""sfp"": [185, 184, 186], ""pl"": [], ""cfs"": []}",L2.5;L3,review
PAKT,2013,,,,4739867.0,137513928.91,,,,,,,,,-1850235,2372958,thousands,1.0,,"{""sfp"": [42, 105], ""pl"": [], ""cfs"": [43, 42, 44, 106]}",,ok
PAKT,2014,,,,6242528.0,139997378.83,,13442066.0,,,,,,,-2259822,6375471,thousands,1.0,,"{""sfp"": [], ""pl"": [], ""cfs"": [47, 46, 48]}",,ok
PAKT,2015,,,,6515716.0,158338040.62,,,,,,,,,,,thousands,1.0,,"{""sfp"": [97], ""pl"": [], ""cfs"": [97, 96, 98]}",,ok
PAKT,2016,,,,16729487.0,369114718.55,,,,,,,,,-8153675,10485239,thousands,1.0,,"{""sfp"": [], ""pl"": [], ""cfs"": [58, 57, 59]}",,ok
PAKT,2017,,,,23465833.0,331354752.47,,,,,,,,,-5179246,12279668,thousands,1.0,,"{""sfp"": [], ""pl"": [], ""cfs"": [98, 97, 99]}",,ok
PAKT,2018,,,,,,,,,,,,,,-9436117,12809618,thousands,1.0,,"{""sfp"": [], ""pl"": [], ""cfs"": [117, 116, 118]}",,ok
PAKT,2019,40435614,22144759,18290855,27901242,,,,,,,,,,-12400182,8564292,thousands,1.0,,"{""sfp"": [98], ""pl"": [96], ""cfs"": [100, 99, 101]}",,ok
PAKT,2021,,,,,,,,,,,,,,-15861094,18972550,thousands,1.0,,"{""sfp"": [], ""pl"": [], ""cfs"": [85, 84, 86]}",,ok
PAKT,2022,,,,,,94862238.0,,,,,,,,-11506890,24916844,thousands,1.0,,"{""sfp"": [69], ""pl"": [67], ""cfs"": [71, 70, 72]}",,ok
PAKT,2023,,,,23065905.0,86518169.0,109932868,-50453836,59479032,28959663,17938895.0,46672301.0,,,-5427019,16091309,thousands,1.0,,"{""sfp"": [64, 63, 65, 124], ""pl"": [62], ""cfs"": [66]}",,ok
PAKT,2024,,,,,,121077803,-61264603,59813200,,,,,,-39906018,19860004,thousands,1.0,,"{""sfp"": [76, 152], ""pl"": [74, 150], ""cfs"": [78, 77, 79, 154]}",,ok
PAKT,2025,,,,,,,,,,,,,,-38257937,32349566,thousands,1.0,,"{""sfp"": [77], ""pl"": [75], ""cfs"": [79, 78, 80]}",,ok
PASL,2014,,,,,,184.547,,,497814.912,,,,,,-1914.024,thousands,0.001,,"{""sfp"": [14], ""pl"": [15], ""cfs"": [17]}",,ok
PASL,2015,,,,,,9792.657,,,-15665.635,,,,,,-2579.762,thousands,0.001,,"{""sfp"": [14], ""pl"": [15], ""cfs"": [17]}",L3,ok
PASL,2016,425414.913,,,,,,,,,,,,,,,thousands,0.001,,"{""sfp"": [], ""pl"": [], ""cfs"": []}",,ok
PASL,2018,112832.467,,,,,,,,,,,,,,,thousands,0.001,,"{""sfp"": [], ""pl"": [], ""cfs"": []}",,ok
PASL,2019,91969.141,,,,,,,,,,,,,,,thousands,0.001,,"{""sfp"": [], ""pl"": [], ""cfs"": []}",,ok
PASL,2020,89931.353,,,,,,,,,,,,,,,thousands,0.001,,"{""sfp"": [], ""pl"": [], ""cfs"": []}",,ok
PASL,2021,,,-552514.586,10389.573,-1291385.401,,,,,,,,,,,thousands,0.001,,"{""sfp"": [17, 16, 18], ""pl"": [], ""cfs"": []}",L3,ok
PASL,2022,,,-560840.31,11023.417,-1293542.723,,,,,,,,,,,thousands,0.001,,"{""sfp"": [17, 16, 18], ""pl"": [], ""cfs"": []}",L3,ok
PASL,2023,,,-563436.073,11310.098,-1289317.977,,,,,,,,,,,thousands,0.001,,"{""sfp"": [17, 16, 18], ""pl"": [], ""cfs"": []}",L3,ok
PASL,2024,,,-562277.518,3950.554,-1293056.469,,,,,,,,,,,thousands,0.001,,"{""sfp"": [19, 18, 20], ""pl"": [], ""cfs"": []}",L3,ok
PASL,2025,,,-554193.44,4333.559,-1296487.238,,,,8084.078,,,,,,,thousands,0.001,,"{""sfp"": [17, 16, 18], ""pl"": [], ""cfs"": []}",L3,ok
PCAL,2013,3592066,1353712,2238354,2163835,1205257,6164555,-5457538,707017,176982,11371,1011004,1401668,,-91176,114493,thousands,1.0,,"{""sfp"": [76, 77, 85], ""pl"": [78, 79], ""cfs"": [80]}",L2,ok
PCAL,2014,4364249,1902034,2462215,2772666,1764408,6599512,-5722636,876876,222314,31078,1324291,,,-112208,-63370,thousands,1.0,,"{""sfp"": [80, 79, 81], ""pl"": [82, 81, 83], ""cfs"": [84, 83, 85]}",,ok
PCAL,2015,4166432,1643217,2523215,2521283,1494065,6956670,-6087480,869190,189297,10506,1262471,,,-126745,465057,thousands,1.0,,"{""sfp"": [83, 82, 84], ""pl"": [85, 84, 86], ""cfs"": [87, 86, 88]}",,ok
PCAL,2016,5075526,2094640,2980886,2926580,1734332,6849559,5766671,1082888,264280,54738,1547242,2090035,,-83696,490254,thousands,1.0,,"{""sfp"": [63, 64], ""pl"": [65, 66], ""cfs"": [67, 99]}",,ok
PCAL,2017,5789727,2678169,3111558,3537579,2357145,8083511,-6815996,1267515,478456,52470,1914835,,,-340490,109999,thousands,1.0,,"{""sfp"": [103, 102, 104], ""pl"": [104, 103, 105], ""cfs"": [106, 105, 107]}",,ok
PCAL,2018,,,,,,,,,,,,,,-146998,-325088,thousands,1.0,,"{""sfp"": [], ""pl"": [], ""cfs"": [56, 57, 62]}",,ok
PCAL,2019,8431554,3553763,4877791,4970613,2708640,9704311,-8558638,1145673,126233,87942,2203201,3379023,,-175575,-287282,thousands,1.0,,"{""sfp"": [122], ""pl"": [123], ""cfs"": [125]}",,ok
PCAL,2020,8417195,3647037,4770158,4195014,2852285,9086125,-8225834,860291,-91786,85140,1902397,,,-36039,1104992,thousands,1.0,,"{""sfp"": [121, 120, 122], ""pl"": [122, 121, 123], ""cfs"": [124, 123, 125]}",,ok
PCAL,2021,11031915,5683217,5348698,6054108,4843381,13145051,-11618566,1526485,553647,107644,2503864,,,,-179943,thousands,1.0,,"{""sfp"": [127, 126, 128], ""pl"": [128, 127, 129], ""cfs"": [130, 129, 131]}",,ok
PCAL,2022,19493257,10486971,9006286,8739166,9255301,21167659,-18416849,2750810,827726,255816,3863451,,,-368817,165044,thousands,1.0,,"{""sfp"": [125, 124, 126], ""pl"": [126, 125, 127], ""cfs"": [128, 127, 129]}",,ok
PCAL,2023,23394625,13900559,9494066,8831439,8419144,21652953,-18469291,3183662,827726.0,161341,3761223,,,-228196,999920,thousands,1.0,,"{""sfp"": [134, 133, 135], ""pl"": [135, 134, 136], ""cfs"": [137, 136, 138]}",,ok
PCAL,2024,31670607,21990506,9680101,14904079,14239803,26167037,-22803640,3363397,723651.0,236057,5100736,,,,-2417284,thousands,1.0,,"{""sfp"": [147, 146, 148], ""pl"": [148, 147, 149], ""cfs"": [150, 149, 151]}",,ok
PCAL,2025,37553849,28071868,9481981,21577558,20873849,29088373,-26062253,3026120,208858.0,376971,7525045,,,,-2333116,thousands,1.0,,"{""sfp"": [137, 136, 138], ""pl"": [138, 137, 139], ""cfs"": [140, 139, 141]}",,ok
PECO,2013,9585520,2126032,7459488,605845,225527,385771,-464930,-79159,-83107,71333,191326,8663363,,,20860,thousands,1.0,,"{""sfp"": [19, 20], ""pl"": [21, 22], ""cfs"": [23]}",,ok
PECO,2014,9636910,,,689779,407809.0,219559,-277684,-58125,-68953,,322338,,,,-54132,thousands,1.0,,"{""sfp"": [19, 18, 20], ""pl"": [21, 20, 22], ""cfs"": [23, 22, 24]}",,ok
PECO,2015,9955287,,,1050561,579392.0,923261,-781391,141870,45272,22500,411431,,,,,thousands,1.0,,"{""sfp"": [19, 18, 20], ""pl"": [21, 20, 22], ""cfs"": [23, 22, 24]}",,ok
PECO,2016,,,,2188907.0,,2329076,-1856634,472442,219486,,,,,,,thousands,1.0,,"{""sfp"": [11, 10, 12], ""pl"": [12, 11, 13], ""cfs"": [13, 12, 14]}",,ok
PECO,2017,16451240,2719144,13732096,1577975,783437,1353172,-1187003,166169,66739,36903,446910,14555168,,,73166,thousands,1.0,,"{""sfp"": [24, 25, 52, 54, 56], ""pl"": [26, 27, 57, 58, 59], ""cfs"": [61]}",,ok
PECO,2018,15968449,,13667998,1091553,425812,1424449,-1399407,25042,-69956,38108.0,347621.0,,,,,thousands,1.0,,"{""sfp"": [18, 17, 19], ""pl"": [19, 18, 20], ""cfs"": [20, 19, 21]}",L5;L5,review
PECO,2019,15731764,2530724,13201040,861535,556979,249636,-487638,-238002,-466957,44777,432141,14552109,,,64451,thousands,1.0,,"{""sfp"": [44], ""pl"": [46], ""cfs"": [50]}",L3,ok
PECO,2020,15554817,2569261,12985556,722511,601641,259599,-479503,-219904,-215484,31372,362931,14514213,,,,thousands,1.0,,"{""sfp"": [45], ""pl"": [47], ""cfs"": [50]}",,ok
PECO,2021,15383385,2708350,12675035,587289,746656,183301,-366638,-183337,-310519,44582,248241,14478027,,,,thousands,1.0,,"{""sfp"": [45], ""pl"": [47], ""cfs"": [50]}",,ok
PECO,2022,15103092,2670088,12433004,341007,714347,137932,-321313,-183381,-242031,47034,58373,14444040,,,,thousands,1.0,,"{""sfp"": [43], ""pl"": [45], ""cfs"": [49]}",,ok
PECO,2023,15029186,2643652,12385534,299093,697182,30085,-65859,-35774,-47470,27729,40893,14412071,,,-19304,thousands,1.0,,"{""sfp"": [49], ""pl"": [51], ""cfs"": [55]}",L2,ok
PECO,2024,39671802,,,270293,2536658.0,23332.0,-43522,-20190,-75302,,40893,,,,,thousands,1.0,,"{""sfp"": [49, 48, 50], ""pl"": [50, 49, 51], ""cfs"": [54, 53, 55]}",L5,review
PECO,2025,39615736,,,242328,2549412.0,26695.0,-54310,-27615,-63807,,18485,,,,,thousands,1.0,,"{""sfp"": [45, 44, 46], ""pl"": [46, 45, 47], ""cfs"": [50, 49, 51]}",L5,review
PGCL,2013,679738,188671,491067,537952,188027,1317205,-1158199,159006,76441,,209761,,,-42486,22473,thousands,1.0,,"{""sfp"": [35, 34, 36], ""pl"": [36, 35, 37], ""cfs"": [38, 37, 39]}",L5,review
PGCL,2014,680933,136812,544121,538617,133206,1187576,-1004685,182891,77521,13189,380721,,,,,thousands,1.0,,"{""sfp"": [19, 18, 20], ""pl"": [20, 19, 21], ""cfs"": [22, 21, 23]}",,ok
PGCL,2015,501136,58348,442788,371902,55500,684144,-697845,-13701,-75471,17822,142348,,,-21243,70335,thousands,1.0,,"{""sfp"": [15, 14, 16], ""pl"": [16, 15, 17], ""cfs"": [18, 17, 19]}",,ok
PGCL,2016,438737,90003,348734,325884,87880,486457,-519780,-33323,-94951,43861,111899,,,,,thousands,1.0,,"{""sfp"": [19, 18, 20], ""pl"": [20, 19, 21], ""cfs"": [22, 21, 23]}",,ok
PGCL,2017,525962,206830,319132,420669,205038,620394,-575352,45042,-28816,33456,89782,,,,,thousands,1.0,,"{""sfp"": [21, 20, 22], ""pl"": [22, 21, 23], ""cfs"": [24, 23, 25]}",,ok
PGCL,2018,593682.0,,,499599.0,250655.0,763546,-672437,91109,18750,13416.0,284924.0,,,,,thousands,1.0,,"{""sfp"": [35, 34, 36], ""pl"": [36, 35, 37], ""cfs"": [37, 36, 38]}",,ok
PGLC,2016,1851174.569,1222579.112,628595.457,574645.884,565355.917,151671.36,,,40714.397,44296.138,,207896.308,,,10718.792,thousands,0.001,,"{""sfp"": [36], ""pl"": [37], ""cfs"": [39]}",,ok
PGLC,2017,2151261.337,1475304.247,675957.09,617256.206,719861.425,172211.411,,,47072.209,63565.215,,54951.22,-12684.9,,-123263.695,thousands,0.001,,,,ok
PGLC,2018,2548817.395,1821781.582,727035.813,845442.863,834988.649,200380.195,,,69368.392,15608.026,,39112.572,,-19027.35,-182134.378,thousands,0.001,,"{""sfp"": [43], ""pl"": [44, 45], ""cfs"": [46]}",,ok
PGLC,2019,2661792.137,1903146.569,,825116.433,616591.491,,,,64378.14,16410.061,,,,,,thousands,0.001,,"{""sfp"": [], ""pl"": [], ""cfs"": []}",,ok
PGLC,2020,2727331.125,1977716.806,749614.319,1096398.937,715322.655,265444.647,182106.113,83338.534,10894.248,114805.586,,7630.654,-19027.35,,200131.05,thousands,0.001,,,,ok
PGLC,2021,2420738.405,1651862.383,768876.022,821730.101,635606.198,206094.628,,,24566.337,35972.488,,4256.389,,,,thousands,0.001,,"{""sfp"": [31, 37], ""pl"": [38, 39, 40], ""cfs"": []}",,ok
PGLC,2022,2901884.331,2014041.944,887842.387,710711.035,683909.099,255230.917,,,146970.027,26040.004,,3505.151,,-3446.79,-65613.208,thousands,0.001,,"{""sfp"": [42], ""pl"": [43, 44], ""cfs"": [45]}",,ok
PGLC,2023,2528848.579,1699314.897,829533.682,1172866.298,682676.911,,,,,205090.46,,2637.826,,-112088.019,387179.661,thousands,0.001,,"{""sfp"": [39, 43, 44, 47], ""pl"": [], ""cfs"": [46]}",,ok
PGLC,2024,1950519.208,1040162.696,910356.512,961317.678,338035.96,,,,,354856.487,,,,,,thousands,0.001,,"{""sfp"": [46, 45, 47], ""pl"": [], ""cfs"": []}",,ok
PGLC,2025,1446326.14,655364.34,790961.8,672538.919,243951.946,,,,,281105.376,,,,,,thousands,0.001,,"{""sfp"": [50, 49, 51], ""pl"": [], ""cfs"": []}",,ok
PHDL,2014,4539933,347626,4192307,211712,95117,568620,280050,288570,92044,105491,,4324538,,-140455,121876,thousands,1.0,,"{""sfp"": [21, 22], ""pl"": [16, 23, 24], ""cfs"": [25]}",,ok
PHDL,2015,4494504,,,201406,76738,681889,-319470,362419,140560,93896,,4287788,,-138361,129316,thousands,1.0,,"{""sfp"": [21, 22], ""pl"": [17, 23, 24], ""cfs"": [25]}",,ok
PHDL,2017,5017650,,4641120,110957,153123,416798,191410,225388,-16967,46615,,4900613,,-90000,20247,thousands,1.0,,"{""sfp"": [23, 22, 24], ""pl"": [25, 24, 26], ""cfs"": [27, 26, 28]}",,ok
PHDL,2018,5017650,376530,4641120,110957,153123,416798,-191410,225388,-16967,46615,,4900613,,-90000,20247,thousands,1.0,,"{""sfp"": [23, 22, 24], ""pl"": [25, 24, 26], ""cfs"": [27, 26, 28]}",L3,ok
PHDL,2019,9739072,,,95498,99924.0,,,252219.0,28013,35978,,,,-17648,94489,thousands,1.0,,"{""sfp"": [23, 22, 24], ""pl"": [25, 24, 26], ""cfs"": [28, 27, 29]}",,ok
PHDL,2020,9720183,,,106197,95859.0,,,117847.0,,48031,,,,,38674,thousands,1.0,,"{""sfp"": [23, 22, 24], ""pl"": [25, 24, 26], ""cfs"": [28, 27, 29]}",,ok
PHDL,2021,9674169,350992,9323177,,,249724.0,,,,,,,,,-20594,thousands,1.0,,"{""sfp"": [25], ""pl"": [27], ""cfs"": [30, 29, 31]}",,ok
PHDL,2022,,,,,,464551,246190,218361,47817,,,,,-44130,96502,thousands,1.0,,"{""sfp"": [25], ""pl"": [26], ""cfs"": [28, 27, 29]}",,ok
PHDL,2023,,,,,,559042,315738,243304,44129,,,,,-43732,122796,thousands,1.0,,"{""sfp"": [25], ""pl"": [26], ""cfs"": [28, 27, 29]}",,ok
PHDL,2024,,,,,,728524,377341,351183,446877,,,,,-223531,102359,thousands,1.0,,"{""sfp"": [25], ""pl"": [26], ""cfs"": [28, 27, 29]}",,ok
PHDL,2025,1417322,24186,1393136,1416777,24186,78266,56234,22032,42076,1059207,,,,-13045149,-776308,thousands,1.0,,"{""sfp"": [8, 15], ""pl"": [9], ""cfs"": [11]}",L3,ok
PIAA,2014,151616660,295497939,-143881279,24733527,216451936,99519057,-101433788,-1914731,-32222472,1685124,3410626,84035983,,,-3254660,thousands,1.0,,"{""sfp"": [33, 39, 40], ""pl"": [41], ""cfs"": [43]}",L3,ok
PIAA,2017,111823774,403295406,-291471632,32067872,244231290,90843729,107777374,-16933645,-47670712,4193701,3092587,66828518,,,-18053728,thousands,1.0,,"{""sfp"": [44, 49, 50], ""pl"": [51, 52], ""cfs"": [53]}",L3,ok
PIAA,2018,126410424,483164055,-356763631,34945653,288589905,103490460,-123222918,-19732458,-67327605,1734448,3981893,78026605,,,-24035455,thousands,1.0,,"{""sfp"": [52, 53], ""pl"": [54, 55], ""cfs"": [56]}",L3,ok
PIAA,2019,154709232.0,577967289,-423258057,52917036.0,325290199,147500129,-139677942,7822187,-55451831,6857322.0,,,,,4135067,thousands,1.0,,"{""sfp"": [60, 59, 61, 139, 140], ""pl"": [61, 60, 62, 141], ""cfs"": [63, 62, 64, 143]}",L2.5;L3,review
PIAA,2020,140993225,589760038,-448766813,42491498,322252878,94989391,-92528351,2461040,-34642811,5739761,2948964,90629224,,,-5019234,thousands,1.0,,"{""sfp"": [54, 55], ""pl"": [56, 57], ""cfs"": [58]}",L3,ok
PIAA,2021,146366033,643829638,-497463605,45093507,313715044,86185394,-94648142,-8462748,-50101491,12496332,2915991,91030118,,,-2785041,thousands,1.0,,"{""sfp"": [59, 60], ""pl"": [61], ""cfs"": [63]}",L3,ok
PIAA,2022,154974414,,-587673889,49366097,380593624,172038132,-176171038,-4132906,-88008417,9408610,,92699437,,,-1200157,thousands,1.0,,"{""sfp"": [59, 60], ""pl"": [61, 62], ""cfs"": [63]}",L3,ok
PIBTL,2014,6590887,,6565783,2526345,16826,,,,-16868,2525719,,3521594,,,-634614,thousands,1.0,,"{""sfp"": [74], ""pl"": [75, 76], ""cfs"": [77]}",,ok
PIBTL,2015,7827532,206319,7621213,1411245,46990,,,,81381,1410123,,5846214,,,,thousands,1.0,,"{""sfp"": [64], ""pl"": [65, 67], ""cfs"": []}",,ok
PIBTL,2017,28525938.0,,,,1139084.0,,,,26858,1994203.0,,,,,,thousands,1.0,,"{""sfp"": [31, 30, 32], ""pl"": [31, 30, 32], ""cfs"": [32, 31, 33]}",,ok
PIBTL,2018,29158197,16835821,12322376,1404317,4359661,1960607,-2777388,-816781,-2634570,232070,,26679521,,,-418424,thousands,1.0,,"{""sfp"": [23], ""pl"": [24, 25], ""cfs"": [26]}",,ok
PIBTL,2019,29876728,16965466,12911262,2694782,3406898,8004395,-5747427,2256968,-2377102,430686,,,,,,thousands,1.0,,"{""sfp"": [65, 64, 66], ""pl"": [66, 65, 67], ""cfs"": [67, 66, 68]}",L5,review
PIBTL,2020,29667538,15672853,13994685,3413538,3263228,9459196,-6409714,3049482,1144285,432956,458025,,,,,thousands,1.0,,"{""sfp"": [71, 70, 72], ""pl"": [72, 71, 73], ""cfs"": [73, 72, 74]}",L5,review
PIBTL,2021,37865949,15476159,22389790,4164677,3294803,10853552,-7487832,3365720,1858849,499590,,,,,,thousands,1.0,,"{""sfp"": [69, 68, 70], ""pl"": [70, 69, 71], ""cfs"": [71, 70, 72]}",L5,review
PIBTL,2022,,,,,2688504.0,,,32368474.0,,419260.0,,,,,,thousands,1.0,,"{""sfp"": [37, 36, 38], ""pl"": [37, 36, 38], ""cfs"": [38, 37, 39]}",,ok
PIBTL,2024,31463818,13642876,17820942,6303189,6072838,13852284,-9319107,4533177.0,1650809,392641.0,,,,,,thousands,1.0,,"{""sfp"": [36, 35, 37], ""pl"": [36, 35, 37], ""cfs"": [37, 36, 38]}",L5;L5,review
PIBTL,2025,,,,,9441422.0,,,20964652.0,1764987.0,469403.0,,,,,,thousands,1.0,,"{""sfp"": [39, 38, 40], ""pl"": [39, 38, 40], ""cfs"": [40, 39, 41]}",,ok
PICT,2013,7676380.0,,,2965567.0,2902978.0,,,4012570.0,2250781.0,2015717.0,,,,,,thousands,1.0,,"{""sfp"": [33, 32, 34], ""pl"": [], ""cfs"": []}",,ok
PICT,2014,6156844,3572948,2583896,1988841,1898228,7921660.0,,3507192.0,2086307.0,724044,,,,,,thousands,1.0,,"{""sfp"": [31, 30, 32], ""pl"": [], ""cfs"": []}",,ok
PICT,2015,5567364,2873680,2693684,1854839,1940066,8828244.0,,4285155.0,2456581.0,816352,359944,,,,,thousands,1.0,,"{""sfp"": [23, 22, 24], ""pl"": [], ""cfs"": []}",L5,review
PICT,2016,4640390.0,,,5389442.0,1999352.0,,,4627477.0,2748623.0,462705.0,,,,,,thousands,1.0,,"{""sfp"": [16, 15, 17], ""pl"": [16], ""cfs"": []}",,ok
PICT,2017,4178208,1837751,2340457,1205165,1452166,,,4545969.0,2797878.0,162854,509258,,45790,,,thousands,1.0,,"{""sfp"": [27, 26, 28], ""pl"": [], ""cfs"": []}",L5,review
PICT,2018,,,,3116118.0,1608297.0,,,2609964.0,2134925.0,425339.0,,,,,,thousands,1.0,,"{""sfp"": [24, 23, 25], ""pl"": [24], ""cfs"": []}",,ok
PICT,2019,4596320,1752590,2843730,2406814,1607391,,,,,1315635,,,,,,thousands,1.0,,"{""sfp"": [16, 15, 17], ""pl"": [], ""cfs"": []}",,ok
PICT,2020,4832220.0,,,,2318461.0,,,,2672519.0,,,,,,,thousands,1.0,,"{""sfp"": [21, 20, 22], ""pl"": [21], ""cfs"": []}",,ok
PICT,2021,,,,10958059.0,4051311.0,,,1359358.0,3389662.0,4132425.0,,,,,,thousands,1.0,,"{""sfp"": [22, 21, 23], ""pl"": [22], ""cfs"": []}",,ok
PICT,2022,8309703.0,,,7642821.0,6072742.0,,,,2729440.0,6061976.0,,,,,,thousands,1.0,,"{""sfp"": [19, 18, 20], ""pl"": [], ""cfs"": []}",,ok
PICT,2023,6203518,4418672,1784846,6203518,4418672,6392051,-3933855,2458196,2729440.0,5182634,,,,-2910917,665171,thousands,1.0,,"{""sfp"": [30], ""pl"": [31, 32, 36], ""cfs"": [34]}",,ok
PICT,2024,5068420,3627772,1440648,5068420,3627772,,,,1800504.0,4918836,,,,-1835536,492121,thousands,1.0,,"{""sfp"": [31], ""pl"": [32, 33], ""cfs"": [35]}",L5;L5;L5;L5;L5,review
PICT,2025,3876093,2569469,1306624,3876093,2569469,10000,,,649096.0,1488616,,,,-705189,-1294483,thousands,1.0,,"{""sfp"": [31], ""pl"": [32, 33], ""cfs"": [35]}",,ok
PIL,2013,925748,697143,228605,,,322505,,,,,,,,,,thousands,1.0,,"{""sfp"": [20, 19, 21], ""pl"": [22, 21, 23], ""cfs"": [25, 24, 26]}",,ok
PIL,2014,952704.0,853146.0,,,,292698,,,-130962,,,,,,,thousands,1.0,,"{""sfp"": [20, 19, 21], ""pl"": [22, 21, 23], ""cfs"": [25, 24, 26]}",,ok
PIL,2015,617751,548040,69711,512065,,,,,,30412,,,,,,thousands,1.0,,"{""sfp"": [22, 21, 23, 24], ""pl"": [27], ""cfs"": [27, 26, 28]}",,ok
PIL,2016,335902,297691.0,,283012,,76310,,,-24881,,,,,,,thousands,1.0,,"{""sfp"": [30, 29, 31], ""pl"": [32, 31, 33], ""cfs"": [35, 34, 36]}",,ok
PIL,2017,68604,72624,,67907,,44643,,,-42231,,,,,,,thousands,1.0,,"{""sfp"": [29, 30], ""pl"": [31, 32], ""cfs"": [34]}",,ok
PIL,2018,67011,82830,-15819,,,,,,-11799,,,,,,,thousands,1.0,,"{""sfp"": [29], ""pl"": [30], ""cfs"": [33, 32, 34]}",L3,ok
PIL,2019,70818,88812,-17994,,,,,,,,,,,,,thousands,1.0,,"{""sfp"": [26], ""pl"": [27], ""cfs"": [30, 29, 31]}",L3,ok
PIL,2020,75601,93607,-18006,,,,,,,,,,,,,thousands,1.0,,"{""sfp"": [26], ""pl"": [27], ""cfs"": [30, 29, 31]}",L3,ok
PIL,2021,79225,97663,-18438,,,,,,,,,,,,,thousands,1.0,,"{""sfp"": [27], ""pl"": [28], ""cfs"": [31, 30, 32]}",L3,ok
PIL,2022,83167,102677,-19510,,,,,,,,,,,,,thousands,1.0,,"{""sfp"": [27], ""pl"": [29, 28, 30], ""cfs"": [29]}",L3,ok
PIL,2023,92973,108919,-15946,,,,,,,,,,,,,thousands,1.0,,"{""sfp"": [27], ""pl"": [28], ""cfs"": [30, 29, 31]}",L3,ok
PIL,2024,105307,116281,-10974,,,,,,,,,,,,,thousands,1.0,,"{""sfp"": [27], ""pl"": [28], ""cfs"": [30, 29, 31]}",L3,ok
PIL,2025,111118,140276,-29158,,,,,,,,,,,,,thousands,1.0,,"{""sfp"": [27], ""pl"": [28], ""cfs"": [30, 29, 31]}",L3,ok
PIM,2014,,,,236344.919,,,,,,4583.277,,,,,,thousands,0.001,,"{""sfp"": [], ""pl"": [], ""cfs"": []}",,ok
PIM,2015,,,,97275.681,4639.258,,,,2319.629,,,,,,,thousands,0.001,,"{""sfp"": [], ""pl"": [], ""cfs"": []}",,ok
PIM,2016,140652.801,66639.594,,-41478.446,,,,,,3035.351,,,,,,thousands,0.001,,"{""sfp"": [], ""pl"": [], ""cfs"": []}",,ok
PIM,2017,158805.469,80211.397,,-33792.644,44133.436,,,,,6458.656,,,,,,thousands,0.001,,"{""sfp"": [], ""pl"": [], ""cfs"": []}",,ok
PIM,2018,,,,,,,,,2627.577,,,,,,,thousands,0.001,,"{""sfp"": [], ""pl"": [], ""cfs"": []}",,ok
PIM,2019,,,,,,25066.909,,,4839.1,,,,,,,thousands,0.001,,"{""sfp"": [], ""pl"": [20], ""cfs"": []}",,ok
PIM,2020,131956.639,43832.709,88123.93,37202.82,39979.571,,,,5543.182,4536.119,,,,,,thousands,0.001,,"{""sfp"": [25, 24, 26], ""pl"": [], ""cfs"": []}",,ok
PIM,2021,129502.705,37823.816,91678.889,70548.883,33737.786,39984.156,,,7589.959,7948.5,,22640.123,,-3726.962,28711.063,thousands,0.001,,"{""sfp"": [24], ""pl"": [25], ""cfs"": [27]}",,ok
PIM,2022,152086.435,19503.918,132582.517,87521.527,12850.908,,,,6551.228,2579.156,,,,,,thousands,0.001,,"{""sfp"": [23, 22, 24], ""pl"": [], ""cfs"": []}",,ok
PIM,2023,168629.0,33313.517,135315.483,102537.627,25382.153,,,,7974.566,8412.36,,,,,,thousands,0.001,,"{""sfp"": [22, 21, 23], ""pl"": [], ""cfs"": []}",,ok
PIM,2024,232653.757,19022.065,213631.692,134990.341,13153.445,,,,24696.01,54080.582,,,,,,thousands,0.001,,"{""sfp"": [24, 23, 25], ""pl"": [], ""cfs"": []}",L5,review
PIM,2025,238082.778,18742.353,219340.425,113762.05,14613.072,,,,25708.733,3933.087,,,,,,thousands,0.001,,"{""sfp"": [28, 27, 29], ""pl"": [], ""cfs"": []}",L5,review
PINL,2013,3554297,,,,,652924,,,-166799,108938,,,,-54949,-238006,thousands,1.0,,"{""sfp"": [18, 17, 19], ""pl"": [20, 19, 21], ""cfs"": [22, 21, 23]}",,ok
PINL,2014,3429982,,,,,,,,34647,150993,,,,-55148,-68802,thousands,1.0,,"{""sfp"": [18, 17, 19], ""pl"": [20, 19, 21], ""cfs"": [22, 21, 23]}",,ok
PINL,2015,3685412.0,,,,,,,,110616,,,,,-29261,-148135,thousands,1.0,,"{""sfp"": [53, 52, 54, 111], ""pl"": [55, 54, 56, 112], ""cfs"": [57, 56, 58, 109]}",,ok
PINL,2016,242464,,,,,64746,,,,27906,,,,-36367,-84077,thousands,1.0,,"{""sfp"": [34, 33, 35, 96, 97], ""pl"": [36, 35, 37, 98], ""cfs"": [38, 37, 39, 106, 107]}",L5;L3,review
PINL,2017,3501615,,1133709,,,517834,,,-112437,149275,,263464,,,-200298,thousands,1.0,,"{""sfp"": [41, 42], ""pl"": [43, 44, 51], ""cfs"": [45, 46]}",L3;L2,ok
PINL,2018,2989203.0,,1175134.0,,,,,,,,,,,,,thousands,1.0,,"{""sfp"": [14, 13, 15], ""pl"": [], ""cfs"": []}",,ok
PINL,2019,2957300.0,,1157023.0,,,,,,,,,,,,,thousands,1.0,,"{""sfp"": [], ""pl"": [15, 14, 16], ""cfs"": []}",,ok
PINL,2020,3249280.0,,1336909.0,,,,,,-117112.0,,,,,,,thousands,1.0,,"{""sfp"": [122], ""pl"": [], ""cfs"": [44, 148]}",,ok
PINL,2021,3479358.0,,1332383.0,,,,,,,,,,,,,thousands,1.0,,"{""sfp"": [], ""pl"": [30], ""cfs"": []}",,ok
PINL,2022,2843926.0,,855413.0,,,,,,,,,,,,,thousands,1.0,,"{""sfp"": [90], ""pl"": [31, 30, 32, 91], ""cfs"": [35, 95]}",,ok
PINL,2023,2615861.0,,947396.0,,,,,,,,,,,,,thousands,1.0,,"{""sfp"": [34, 100], ""pl"": [35, 101], ""cfs"": [39, 104]}",,ok
PIOC,2013,11602157.0,,,3701769.0,3473487.0,,,,1535142.0,1464792.0,,,,,,thousands,1.0,,"{""sfp"": [35, 34, 36], ""pl"": [], ""cfs"": []}",,ok
PIOC,2014,11877069.0,,,4332034.0,3479226.0,8024777,5435809,2589968,1768859,890404.0,,,,-1065169,2267285,thousands,1.0,,"{""sfp"": [47, 46, 48], ""pl"": [48, 47, 49], ""cfs"": [50, 49, 51]}",,ok
PIOC,2016,14767699,4097533,10670166,4267511,1752218,9366533,5361331,4005202,2518778,660479,181319,,,-1474614,3149408,thousands,1.0,,"{""sfp"": [41, 40, 42], ""pl"": [42, 41, 43], ""cfs"": [44, 43, 45]}",L5;L5,review
PIOC,2017,17760168,5512636,12247532,5407922,1721114,10630994,6202685,4428309,2917545,309019,235743,,,-1327012,1751132,thousands,1.0,,"{""sfp"": [49, 48, 50], ""pl"": [50, 49, 51], ""cfs"": [52, 51, 53]}",,ok
PIOC,2018,29111368,15482409,13628959,6070883,4450628,10121320,-7310647,2810673,1644020,493261,470397,,,-742094,1775380,thousands,1.0,,"{""sfp"": [47, 46, 48], ""pl"": [48, 47, 49], ""cfs"": [50, 49, 51]}",L5,review
PIOC,2019,42277411,28956068,13321343,6030044,9687595,9733653,-7598967,2134686.0,790377,210924,325812,,,-927911,3284900,thousands,1.0,,"{""sfp"": [50, 49, 51], ""pl"": [51, 50, 52], ""cfs"": [53, 52, 54]}",,review
PIOC,2020,49034517,35906291.0,,7326129,14361281.0,6286951,-6390045,-103094,-209622,366214,418089,,,,524516,thousands,1.0,,"{""sfp"": [48, 47, 49], ""pl"": [49, 48, 50], ""cfs"": [51, 50, 52]}",,ok
PIOC,2021,51480899,36381609.0,,8382541,16982610.0,21817605,-17699660,,,337437,658882,,,,4415050,thousands,1.0,,"{""sfp"": [46, 45, 47], ""pl"": [47, 46, 48], ""cfs"": [49, 48, 50]}",L5,review
PIOC,2022,71988022.0,42216681.0,,8581008.0,17422823.0,31879207,-24676095,7203112,1050270,588896.0,533590.0,,,,8191008,thousands,1.0,,"{""sfp"": [112, 111, 113], ""pl"": [113, 112, 114], ""cfs"": [115, 114, 116, 104]}",,ok
PIOC,2023,87155367.0,,,9397725.0,19227993.0,36165267,-26755883,9409384,2611106,343596.0,1631574.0,,,,9199576,thousands,1.0,,"{""sfp"": [119, 118, 120], ""pl"": [120, 119, 121], ""cfs"": [123, 122, 124]}",,ok
PIOC,2024,85077942,,,8103218,14717173.0,35519271,-23756014,11763257,5176168,414631,1403519,,,-1121735,12627643,thousands,1.0,,"{""sfp"": [122, 121, 123], ""pl"": [123, 122, 124], ""cfs"": [126, 125, 127]}",,ok
PIOC,2025,86366859,,,11486405,13260638.0,33308611,-22865087,10443524,4876097,554696,1487404,,,-3390344,10690883,thousands,1.0,,"{""sfp"": [120, 119, 121], ""pl"": [121, 120, 122], ""cfs"": [124, 123, 125]}",,ok
PKGI,2014,893520.167,311805.839,581714.328,,37779.47,224003.996,,,44842.077,,,,,,97064.113,thousands,0.001,,"{""sfp"": [40, 42, 43, 52], ""pl"": [44, 50, 51], ""cfs"": [46, 47]}",,ok
PKGI,2015,,327015.934,638767.7,,,264591.427,,,66639.518,,,,,,-143942.281,thousands,0.001,,"{""sfp"": [46, 47, 49], ""pl"": [48, 54, 55], ""cfs"": [50, 51]}",,ok
PKGI,2016,949283.523,297999.102,641971.91,827541.194,,,,,,162288.518,,121742.329,,-29579.229,133758.702,thousands,0.001,,"{""sfp"": [48, 49, 51], ""pl"": [56], ""cfs"": [52, 53]}",L5;L5;L2,review
PKGI,2017,918177.659,300319.786,609916.904,,,,,,40241.149,28750.68,,,,,,thousands,0.001,,"{""sfp"": [24, 23, 25], ""pl"": [], ""cfs"": []}",,ok
PKGI,2019,549389.105,72398.541,476990.564,,,,,,-19530.262,6378.619,,,,,,thousands,0.001,,"{""sfp"": [22, 21, 23], ""pl"": [], ""cfs"": []}",,ok
PKGI,2020,507519.651,72807.823,434717.828,,,,-2871.596,-22513.365,-41791.049,2907.551,,95778.364,,,-13877.244,thousands,0.001,,"{""sfp"": [28], ""pl"": [29], ""cfs"": [30]}",,ok
PKGI,2021,507997.602,,447254.475,,,,,,,7777.52,,,,,,thousands,0.001,,"{""sfp"": [], ""pl"": [], ""cfs"": []}",,ok
PKGI,2022,478416.532,,419442.793,,,,,,,523.207,,,,,,thousands,0.001,,"{""sfp"": [], ""pl"": [], ""cfs"": []}",,ok
PKGI,2023,585699.177,15861.027,569838.15,,,,,,70456.536,463.652,,164924.451,,,-18047.224,thousands,0.001,,"{""sfp"": [4], ""pl"": [5], ""cfs"": [7]}",,ok
PKGP,2013,21311785,6957684,14354101,13108105,6957684,,,,,260599,,,,,,thousands,1.0,,"{""sfp"": [48, 47, 49], ""pl"": [50, 49, 51], ""cfs"": [51, 50, 52]}",,ok
PKGP,2014,20957271,6549182,14408089,12491663,6549182,34922901,-33607721,1315180,612110,1494987,,,,,,thousands,1.0,,"{""sfp"": [39, 38, 40], ""pl"": [41, 40, 42], ""cfs"": [42, 41, 43]}",,ok
PKGP,2016,25118761,10084384,15034377,15747801,9304190,16044135,-14728099,1316036,516890,591078,,,,,,thousands,1.0,,"{""sfp"": [46, 45, 47], ""pl"": [48, 47, 49], ""cfs"": [49, 48, 50]}",,ok
PKGP,2017,26861956,11257766,15604190,18336319,10923397,19754785.0,-17771748.0,1983037.0,1313977.0,61689,,,,,,thousands,1.0,,"{""sfp"": [46, 45, 47], ""pl"": [48, 47, 49], ""cfs"": [49, 48, 50]}",,ok
PKGP,2018,28811980,12118300,16693680,21101212,12088951,16218296,-13792637,2425659,1485141,,,,,-370687,-1062930,thousands,1.0,,"{""sfp"": [61, 60, 62], ""pl"": [63, 62, 64], ""cfs"": [65, 64, 66]}",,ok
PKGP,2019,31455054.0,12400992,19054062,24623019.0,12380051,12185385,-7618200,4567185,2911041,151975.0,,,,-559178,698157,thousands,1.0,,"{""sfp"": [64, 63, 65], ""pl"": [66, 65, 67], ""cfs"": [68, 67, 69]}",L5,review
PKGP,2020,29485274,6850871,22634403,23527432,6800928,10645671,-5078317,5567354,4411282,23360,,,,-830773,5555966,thousands,1.0,,"{""sfp"": [64, 63, 65], ""pl"": [66, 65, 67], ""cfs"": [68, 67, 69]}",,ok
PKGP,2021,25630914,3066527,22564387,20338833,3064260,19900766,-18236639,1664127,1049344,6970962,,,,-1120314,13966633,thousands,1.0,,"{""sfp"": [57, 56, 58], ""pl"": [59, 58, 60], ""cfs"": [61, 60, 62]}",L2.5;L2.5,review
PKGP,2022,26506357,1356928.0,25149429.0,21985512,1402297.0,45833179,-42359309,3473870,3136234,,,,,-558290,-7579889,thousands,1.0,,"{""sfp"": [52, 51, 53], ""pl"": [54, 53, 55], ""cfs"": [56, 55, 57]}",L5,review
PKGP,2023,29473168,4785489,24687679,25575347,4782719,20836512,-15149438,5687074,3136234.0,2134689,,,,-6226297,11626414,thousands,1.0,,"{""sfp"": [52, 51, 53], ""pl"": [54, 53, 55], ""cfs"": [56, 55, 57]}",L2,ok
PKGP,2024,27349586,754433.0,26595153.0,24310888,4504344.0,11316380,-5964562,5351818,5863299.0,10000,,,,-2580898,2913105,thousands,1.0,,"{""sfp"": [39, 38, 40], ""pl"": [41, 40, 42], ""cfs"": [43, 42, 44]}",L5;L2,review
PKGP,2025,15682322,358926.0,15323396.0,13697986,369428.0,925405,-527701,397704,,26420,,,,-737843,15009173,thousands,1.0,,"{""sfp"": [48, 47, 49], ""pl"": [50, 49, 51], ""cfs"": [52, 51, 53]}",L5;L3,review
PKGS,2013,53269302,,,8359417,11000495.0,14887857.0,-12892590.0,1995267.0,,235874,2064901,,,-378218,488287,thousands,1.0,,"{""sfp"": [63, 62, 64, 65, 78, 82, 83, 84, 85, 90, 92, 109, 114, 115, 117, 123], ""pl"": [67, 125], ""cfs"": [68, 67, 69, 128]}",L5,review
PKGS,2014,59854255,,,8548335,5156878.0,15087350,12872825,2214525,2536304,252492,2230500,,,-671684,101763,thousands,1.0,,"{""sfp"": [65, 64, 66, 127], ""pl"": [67, 66, 68], ""cfs"": [70, 69, 71, 130]}",L5,review
PKGS,2015,56935500,9149127,47786373,7918103,4904172,16024977,12663569,3361408,3295416,101740,1780177,,,-782731,1645562,thousands,1.0,,"{""sfp"": [67, 66, 68, 129, 153, 155, 156, 157, 159, 170, 172, 185, 191, 196, 197, 198], ""pl"": [69, 68, 70, 131], ""cfs"": [72, 71, 73, 134]}",,ok
PKGS,2016,62147841,,,7702646,5025409.0,16839320,-13221323,3617997,5595729,90612,1768706,,,-1335268,469231,thousands,1.0,,"{""sfp"": [59, 58, 60, 119], ""pl"": [61, 60, 62, 121], ""cfs"": [64, 63, 65, 124]}",L5,review
PKGS,2017,73888833,8223071,65665762,8380063,4928658,18105302,14369523,3735779,6216298,182207,1954668,,,-2221580,291447,thousands,1.0,,"{""sfp"": [71, 70, 72, 129, 207, 208, 210, 211, 212, 215, 216, 218], ""pl"": [73, 72, 74, 139, 140], ""cfs"": [76, 75, 77, 142]}",,ok
PKGS,2018,68175855,,,10116420,9492388.0,20699488,-17419213,3280275,2736105,62516,3124998,,,-2658674,-677372,thousands,1.0,,"{""sfp"": [75, 74, 76], ""pl"": [77, 76, 78], ""cfs"": [80, 79, 81]}",,ok
PKGS,2019,104911077,45010369,59900708,,25264158,22915765,18542940,4372825,1346303,,11031511,,,-1347518,2815851,thousands,1.0,,"{""sfp"": [76, 170, 200, 201, 205, 207, 208, 209, 210, 212, 213, 229, 251, 255, 256, 270], ""pl"": [77, 171], ""cfs"": [174, 173, 175, 80, 268]}",,ok
PKGS,2020,101859907,44083226,57776680,5718136.0,23679215,12830208,-9940900,2889308,2819524,,4891004.0,,,-1073007,868163,thousands,1.0,,"{""sfp"": [49, 126, 153, 157, 159, 161, 163, 164, 187, 199, 203, 206, 207, 213, 218], ""pl"": [50, 127], ""cfs"": [130, 129, 131, 53, 207]}",L5;L5,review
PKGS,2021,53140174,4981694,48158480,4564723,1744245,4195733,,4195733,4122125,368165,4891004,187388,-2033175,,4989050,thousands,1.0,,,L2,ok
PKGS,2022,172489283,105779861,66709422,,,,,,,1008150,,,,,,thousands,1.0,,"{""sfp"": [134, 133, 135, 122, 126, 131, 137, 138, 141, 142, 143], ""pl"": [111, 112, 113, 110], ""cfs"": []}",,ok
PKGS,2023,234820161,138432489,96387672,,77163765,6393305,,,2778031,,,,,-2499937,3928018,thousands,1.0,,"{""sfp"": [120, 192, 298, 300], ""pl"": [122, 121, 123, 194, 299], ""cfs"": [125, 124, 126, 197, 301]}",L5,review
PKGS,2024,,,,,,176761284,-142694047,34067237,1912340.0,,,,,3615038,3139498,thousands,1.0,,"{""sfp"": [140, 139, 141, 94, 143, 144], ""pl"": [95, 108, 113, 114, 115, 116, 126, 136, 112], ""cfs"": [96]}",L3,ok
PKGS,2025,80128251,23688083,56440168,4989255,3627207,,,,,232515,,738009,,,,thousands,1.0,,"{""sfp"": [55, 93], ""pl"": [56, 55, 57], ""cfs"": [57, 56, 58, 94]}",L5;L5;L5,review
PMI,2014,484562.476,61573.925,422988.551,326186.026,57554.575,64437.402,,,-72282.528,180144.619,,38204.179,,-17487.351,-1634.973,thousands,0.001,,"{""sfp"": [19], ""pl"": [20], ""cfs"": [22, 23]}",,ok
PMI,2015,,,,,,55897116,,,27166405,,,,,-398299,55287229,thousands,,,"{""sfp"": [17], ""pl"": [18], ""cfs"": [19, 20]}",L3,ok
PMI,2017,514958.679,62799.45,,273587.159,51522.047,,,,15178.505,95327.554,,,,,,thousands,0.001,,"{""sfp"": [], ""pl"": [], ""cfs"": []}",,ok
PMI,2018,494702.908,73505.378,421197.53,215298.7,52950.944,59985.538,,,-19563.515,45039.248,,83238.064,,-9549.703,-2918.768,thousands,0.001,,"{""sfp"": [20], ""pl"": [21, 22], ""cfs"": [23]}",,ok
PMI,2019,493403.0,,,,,,,,,,,,,,,thousands,1.0,,"{""sfp"": [], ""pl"": [], ""cfs"": []}",,ok
PMI,2020,477339.77,59186.142,,489031.926,58866.142,,,,,248179.611,,,,,137944.793,thousands,0.001,,"{""sfp"": [], ""pl"": [19], ""cfs"": [20]}",,ok
PMI,2022,,,,,,61650,,,19522,,,,,,,thousands,1.0,,"{""sfp"": [4], ""pl"": [4], ""cfs"": []}",,ok
PMI,2024,,,751774,,,,,,,,,,,,,thousands,1.0,,"{""sfp"": [7], ""pl"": [7], ""cfs"": []}",,ok
PMPK,2014,18507565,14518715,3988850,10526677,14518715,13763743,9852699,3911044,-1482455,36763,7960101,7393065,,,-1061609,thousands,1.0,,"{""sfp"": [19, 62, 64], ""pl"": [20, 63], ""cfs"": [22, 65]}",,ok
PMPK,2015,19307621,16658294,2649327,10284423,16658294,14416905,9561847,4855058,-1315008,74610,8468495,8025683.0,,,-474350,thousands,1.0,,"{""sfp"": [18, 17, 19, 72], ""pl"": [19, 18, 20], ""cfs"": [21, 20, 22]}",L2.5;L5,review
PMPK,2016,18027011,4436975,13590036,8708755,4436975,14213338,8192406,6020932,,108093,7273187,8487261,,,3190908,thousands,1.0,,"{""sfp"": [19, 18, 20], ""pl"": [20, 19, 21], ""cfs"": [22, 21, 23]}",L2.5;L3,review
PMPK,2017,16401851,3500575,12901276,7858482,3500575,13966525,8888275,5078250,191008,256100,6204581,7798935,,-911420,2934997,thousands,1.0,,"{""sfp"": [23], ""pl"": [24], ""cfs"": [26]}",,ok
PMPK,2018,18158152,5547506,12610646,10099815,5547506,16199912,10175924,6023988,543151,2965229,5800812,7323760,,,,thousands,1.0,,"{""sfp"": [25, 24, 26, 76], ""pl"": [26, 25, 27], ""cfs"": []}",L2.5,review
PMPK,2019,16357821,5706938,10650883,8791207,5503772,13334498,9144670,4189828,,330283,6141376,5632379,,,,thousands,1.0,,"{""sfp"": [25, 24, 26, 79], ""pl"": [26, 25, 27], ""cfs"": []}",L2.5,review
PMPK,2020,19203960,8130461,11073499,12023850,7805039,16596036,10138881,6457155,,5383334,4866357,5622808,,,,thousands,1.0,,"{""sfp"": [25, 24, 26, 79], ""pl"": [26, 25, 27], ""cfs"": []}",L2.5,review
PMPK,2021,21426276,8054804,13371472,15117517,7920662,,99754,7483152.0,2306663.0,7991843.0,,,,,,thousands,1.0,,"{""sfp"": [32, 31, 33, 61], ""pl"": [32, 31, 33, 61], ""cfs"": [62]}",L2.5,review
PMPK,2022,26675675,11440951,15234724,20018288,11189806,,10943558,8894983,2809746,7302365,8689766,5443070,,,,thousands,1.0,,"{""sfp"": [41, 40, 42], ""pl"": [41, 40, 42], ""cfs"": [42, 41, 43]}",L2.5;L5;L5,review
PMPK,2024,31133355,15196156,15937199,23399135,15012,32340888,29525233,2815655,254749,4529492.0,,,,,-1837727,thousands,1.0,,"{""sfp"": [23, 22, 24, 81], ""pl"": [24, 23, 25], ""cfs"": [26, 25, 27]}",L5,review
PMRS,2016,206701,9167,197534,87437,526642.0,1470677,1614636,-143959,-149793,41478,172212.0,94121,,-70463,3246563,thousands,1.0,,"{""sfp"": [26, 25, 27, 88, 141, 175, 197, 198, 199, 200], ""pl"": [27, 26, 28, 89, 142, 176], ""cfs"": [28, 27, 29, 90, 143, 196]}",L5;L5;L5,review
PMRS,2018,2190236,1197420,992816,790651,1180276,1262508,1329872,-67364,-195735,51720,371602,921214,,,-13870,thousands,1.0,,"{""sfp"": [38, 37, 39, 89, 117, 118], ""pl"": [39, 38, 40, 90], ""cfs"": [41, 40, 42, 92]}",L5,review
PMRS,2019,1924249,930785,993464,659157,899011,1072460,931724,140736,,53274,420358,942937,,,,thousands,1.0,,"{""sfp"": [38, 37, 39, 89], ""pl"": [39, 38, 40, 90], ""cfs"": [40, 39, 41, 92]}",L5;L5,review
PMRS,2020,2030464,706023,1324411,429988,513084,938404,942163,,-48749,52563,187760,1403441,,,,thousands,1.0,,"{""sfp"": [38, 37, 39, 94, 167], ""pl"": [39, 38, 40, 95, 158], ""cfs"": [40, 39, 41, 97]}",,ok
PMRS,2021,1975697,855123,1120574,505197,432298,548875,761851,-212976,-202250,52773,133605,1278751,,,,thousands,1.0,,"{""sfp"": [35, 34, 36, 88, 157], ""pl"": [36, 35, 37, 90], ""cfs"": [37, 36, 38, 121]}",L5;L5,review
PMRS,2022,2625754,1608258,1017496,1268817,1495814.0,679216,699161,-19945,-98412,,760503.0,1160797.0,,,,thousands,1.0,,"{""sfp"": [36, 35, 37, 88], ""pl"": [37, 36, 38, 89], ""cfs"": [38, 37, 39, 91]}",,ok
PMRS,2023,3249961,1210204,2039757,643907,249508,3045962,2688096,357866,72984,120095,134622,2409696,,,,thousands,1.0,,"{""sfp"": [38, 37, 39, 94], ""pl"": [39, 38, 40, 128], ""cfs"": [40, 39, 41, 129]}",L5,review
PMRS,2024,4096468,2228499,1867969,499659,1244614,1404393,2141415,-737022,-173111,62217,240950,3405361,,-68755,-319953,thousands,1.0,,"{""sfp"": [38], ""pl"": [39], ""cfs"": [40]}",,ok
PMRS,2025,5289618,4004209,1285409,1718998,2789529,1981322,1977691,,72984.0,83920,890709.0,3379176.0,,,,thousands,1.0,,"{""sfp"": [43, 42, 44, 93, 94, 172], ""pl"": [42, 173, 97], ""cfs"": [44, 130]}",,ok
POL,2013,53638921,20690718,32948203,16612532,7938495,30954539.0,,16261723.0,10828354.0,7249032,151345,7801187,,,,thousands,1.0,,"{""sfp"": [83, 82, 84, 131], ""pl"": [], ""cfs"": []}",L5,review
POL,2014,57869313,,,21098466,,37857154.0,,19009975.0,12887394.0,10826321,264170,9306101,,,,thousands,1.0,,"{""sfp"": [83, 82, 84, 129], ""pl"": [], ""cfs"": []}",,ok
POL,2015,55444320,,,20244898,,30881116.0,,16267219.0,8458875.0,10613993,147929,10488713,,,,thousands,1.0,,"{""sfp"": [87, 86, 88, 135], ""pl"": [], ""cfs"": []}",,ok
POL,2016,55717256,25563525,30153731,20175700,9095768,24848218.0,,11242798.0,7233815.0,10763801,375521,10421400,,,,thousands,1.0,,"{""sfp"": [93, 92, 94, 143], ""pl"": [], ""cfs"": []}",,ok
POL,2017,57651581,26153653,31497928,22900340,10307293,29871439.0,,14071676.0,9678506.0,14181528,221893,9854534,,,,thousands,1.0,,"{""sfp"": [105, 104, 106, 157], ""pl"": [], ""cfs"": []}",,ok
POL,2018,70166783,,,35936668,,34988129.0,,17135711.0,11383934.0,21532841,292981,9405451,,,,thousands,1.0,,"{""sfp"": [36, 35, 37, 93], ""pl"": [], ""cfs"": []}",,ok
POL,2019,81489825,43418828,38070997,52242772,25516672,47505549.0,,25409952.0,16871707.0,35761440,297331,8498830,,,,thousands,1.0,,"{""sfp"": [36, 35, 37, 104], ""pl"": [], ""cfs"": []}",,ok
POL,2020,91595925,,,59282069,,41840700.0,,22368306.0,16375850.0,36680607,399205,7542399,,,,thousands,1.0,,"{""sfp"": [53, 52, 54, 123], ""pl"": [], ""cfs"": []}",,ok
POL,2021,94343753,,,63825826,,39481675.0,,21633111.0,13382255.0,47572206,277531,6680280,,,,thousands,1.0,,"{""sfp"": [54, 53, 55, 118], ""pl"": [], ""cfs"": []}",L5,review
POL,2022,118053932,,,88477269,,58394092.0,,33947493.0,25935113.0,67722676,384649,6702511,,,,thousands,1.0,,"{""sfp"": [57, 56, 58, 117], ""pl"": [], ""cfs"": []}",,ok
POL,2023,159038638,,,133898008,,65983520.0,,41736854.0,36452582.0,70295781,577479,5902792,,,,thousands,1.0,,"{""sfp"": [51, 50, 52, 115], ""pl"": [], ""cfs"": []}",,ok
POL,2024,175888636,93036662,82851974,142650829,55845963,65290432,-19896662,45393770,39151511,68861722,576418,5833669,,-33568931,32443099,thousands,1.0,,"{""sfp"": [48], ""pl"": [49, 50], ""cfs"": [52]}",L2,ok
POL,2025,177003225,,,149655051,,62370222.0,,39979592.0,24181657.0,70571968,553563,7805054,,,,thousands,1.0,,"{""sfp"": [138, 137, 139, 208], ""pl"": [], ""cfs"": []}",,ok
POML,2014,,,,,,4772826.452,4270101.513,502724.939,83533.865,,,,,-18336.328,11624.405,thousands,0.001,,"{""sfp"": [23], ""pl"": [24, 25], ""cfs"": [26]}",,ok
POML,2015,1554464.478,796759.952,757704.526,1157568.762,733263.525,4251242.055,3579754.576,671487.479,189213.861,138908.456,268726.889,383981.17,,-31560.731,118141.047,thousands,0.001,,"{""sfp"": [27, 28, 40], ""pl"": [30, 31, 33, 34], ""cfs"": [36, 37]}",,ok
POML,2017,2051033.439,,,,,4441220.968,3746166.916,695054.052,143777.07,49957.631,,,,,,thousands,0.001,,"{""sfp"": [32, 33, 57], ""pl"": [34, 35, 36, 37, 39], ""cfs"": [38]}",,ok
POML,2018,2046328.48,886682.196,1159646.284,1375489.892,793643.904,4950808.026,4211145.251,739662.775,69155.642,34019.993,332410.002,641196.364,,49638.782,28838.385,thousands,0.001,,"{""sfp"": [33, 38], ""pl"": [34, 35], ""cfs"": [36]}",,ok
POML,2019,2198619.258,956126.339,1242492.919,1481133.521,856306.6,5504226.272,4696000.066,808226.206,107377.82,21040.393,329388.854,607267.326,,-23905.483,37929.781,thousands,0.001,,"{""sfp"": [42, 43, 46], ""pl"": [44, 45, 47], ""cfs"": [48, 49]}",,ok
POML,2020,,,,,,5268462.35,4479364.833,789097.517,84178.161,,,,,-21913.42,-38000.971,thousands,0.001,,"{""sfp"": [36], ""pl"": [37], ""cfs"": [39]}",,ok
POML,2021,,,,,,398.184,,,-19901.612,,,,,-69.474,16767.578,thousands,0.001,,"{""sfp"": [35, 38], ""pl"": [39, 40], ""cfs"": [41]}",L3,ok
POML,2022,4671834.3,1902665.299,2769169.001,2468031.725,1704967.536,8837676.009,8021272.625,816403.384,67309.215,63595.725,832322.595,2124245.065,,-5078.16,-102146.468,thousands,0.001,,"{""sfp"": [61, 63], ""pl"": [65, 67, 69, 71], ""cfs"": [73, 75]}",L3,ok
POML,2023,4488802.9,1684777.58,2804025.32,2268006.19,1488658.538,9844949.849,8923619.822,921330.027,42998.01,71372.46,768261.975,2085221.101,,-9962.362,-177987.245,thousands,0.001,,"{""sfp"": [18, 46, 55, 64, 71], ""pl"": [26, 47, 48], ""cfs"": [49]}",,ok
POML,2024,4338006.644,1715848.737,2622157.907,2022154.5,1535814.722,8052443.576,-7112424.564,940019.012,67310.0,81012.746,415049.729,2157547.067,,-11052.166,19996.458,thousands,0.001,,"{""sfp"": [51, 52], ""pl"": [53, 54, 56], ""cfs"": [57, 58]}",,ok
POML,2025,4808000.826,2230837.26,2577163.566,2348538.085,2041720.942,9242025.058,8356948.334,885076.724,42998.0,100501.754,259348.655,2235219.598,,,,thousands,0.001,,"{""sfp"": [73], ""pl"": [74, 75, 76], ""cfs"": []}",,ok
PPL,2013,,,,87406879.0,36672897.0,102356656,,,41951196,6184285.0,,70078912.0,,-16759625,67142033,thousands,1.0,,"{""sfp"": [95, 94, 96, 156], ""pl"": [96, 95, 97], ""cfs"": [98, 97, 99]}",L2.5,review
PPL,2014,236343043,54425685,181917358,82748678,21741181,119811358,47117642,72693716,51417378,2275912.0,,82636347.0,,-18895657,31833104,thousands,1.0,,"{""sfp"": [101, 100, 102, 146], ""pl"": [102, 101, 103, 153, 155], ""cfs"": [104, 103, 105, 156]}",L2.5,review
PPL,2015,247675823,55718607,191957216,97688842,22987873,104376626,54271791,,34253451,1266827,,93773934,,-23621505,32848812,thousands,1.0,,"{""sfp"": [97, 96, 98, 153], ""pl"": [98, 97, 99], ""cfs"": [100, 99, 101, 154]}",L2.5;L5;L2,review
PPL,2016,272462321,79813384,192648937,91604072,31795252,80151211.0,,,17242019,3273024,4140258,127920186,,-12307735,52422138,thousands,1.0,,"{""sfp"": [145, 144, 146, 218], ""pl"": [146, 145, 147, 219], ""cfs"": [148, 147, 149, 220]}",L2.5;L5,review
PPL,2017,324283576,108214699,216068877,155450715,53781787,116986307,,64481918,35678643,6080890,4337207,139294643,,-12701027,42222456,thousands,1.0,,"{""sfp"": [121, 120, 122, 186], ""pl"": [122, 121, 123, 187], ""cfs"": [124, 123, 125, 188]}",L2.5,review
PPL,2018,367320768.0,126928797.0,,174989820.0,64093809.0,126209613.0,,74215403.0,45687636,7714754.0,,154703102.0,,,,thousands,1.0,,"{""sfp"": [152, 151, 153], ""pl"": [153, 152, 154], ""cfs"": []}",,ok
PPL,2019,,159681814.0,,,94937660.0,,,,61632364,,,159842053.0,,-2988036,,thousands,1.0,,"{""sfp"": [86, 85, 87], ""pl"": [86, 85, 87], ""cfs"": []}",,ok
PPL,2020,,197303897.0,,,130292573.0,,,,50256270,5159749.0,,158658675.0,4537602,,,thousands,1.0,,"{""sfp"": [75, 74, 76, 112], ""pl"": [75, 74, 76, 112], ""cfs"": []}",L2.5,review
PPL,2021,,146355568.0,,382035201.0,86533681.0,,,146794837.0,52431400,4242627.0,,146583654.0,,,,thousands,1.0,,"{""sfp"": [90, 89, 91, 132, 163], ""pl"": [90, 89, 91, 132], ""cfs"": []}",L2.5,review
PPL,2022,,,,,41774.0,,,,,,,,,,,thousands,1.0,,"{""sfp"": [], ""pl"": [], ""cfs"": []}",,ok
PPL,2023,790111166,249363806,540747360,594748644,177758459,286480252,,,,6106013.0,,135859892.0,,,,thousands,1.0,,"{""sfp"": [100, 99, 101, 145], ""pl"": [100, 99, 101, 145], ""cfs"": []}",L5,review
PPL,2024,907447876,267874492,639573384,705399797.0,197668466.0,288797413,,189381161,114309077,7073544.0,,134019969.0,,,,thousands,1.0,,"{""sfp"": [85, 84, 86, 135, 139, 143, 144, 147], ""pl"": [86, 85, 87], ""cfs"": []}",,ok
PPL,2025,927146471.0,221311161.0,,,144868047.0,,,230640470.0,92027450,6199269.0,,,20373961,,,thousands,1.0,,"{""sfp"": [106, 105, 107, 160], ""pl"": [106, 105, 107, 160], ""cfs"": []}",L2.5;L5,review
PPP,2013,522455.971,,,213190.938,,501239.17,404503.002,96736.168,38795.283,29724.398,81736.791,308739.943,,-8826.222,53058.297,thousands,0.001,,"{""sfp"": [22, 23, 46], ""pl"": [24, 25, 47], ""cfs"": [26]}",,ok
PPP,2014,637770.478,,,242063.87,60667.939,504312.854,394236.31,110076.544,48239.39,13826.551,93159.334,395181.518,,-15596.066,49428.384,thousands,0.001,,"{""sfp"": [21, 22, 37], ""pl"": [23, 49], ""cfs"": [25, 50]}",,ok
PPP,2015,723766.241,182512.2,541254.041,267768.478,79074.847,576333.215,459421.923,116911.292,57318.454,8322.286,102899.617,455469.923,,-19315.951,15553.608,thousands,0.001,,"{""sfp"": [24, 25], ""pl"": [26], ""cfs"": [28]}",,ok
PPP,2016,723186.26,162826.576,560359.684,306225.497,81101.676,613672.467,488329.974,125342.493,38365.686,38833.698,117498.197,416287.709,,-21194.655,76873.456,thousands,0.001,,"{""sfp"": [26], ""pl"": [27, 28], ""cfs"": [29]}",,ok
PPP,2017,843795.168,243348.084,600447.084,333044.392,109809.079,659935.217,-535264.235,124670.982,60447.114,10175.411,131056.625,509842.544,,-16008.318,57677.964,thousands,0.001,,"{""sfp"": [27, 33, 47], ""pl"": [28, 29, 48, 51], ""cfs"": [30, 52]}",,ok
PPP,2018,870670.004,236401.071,634268.933,375782.571,128055.261,788228.8,-658509.45,129719.35,50067.602,5510.348,155678.985,493973.561,,-26651.577,27046.72,thousands,0.001,,"{""sfp"": [32], ""pl"": [33, 34], ""cfs"": [36]}",,ok
PPP,2019,1234180.796,286922.879,947257.917,449907.932,202635.071,875439.005,-776168.009,99270.996,17974.766,5711.972,171695.959,783358.992,,-14441.237,9963.02,thousands,0.001,,"{""sfp"": [34], ""pl"": [35, 36], ""cfs"": [38]}",,ok
PPP,2020,1376352.142,421302.146,955049.996,551132.669,343256.825,913309.572,-816398.294,96911.278,15570.364,4410.201,229815.701,824265.465,,,,thousands,0.001,,"{""sfp"": [36, 41, 43], ""pl"": [37, 38, 40], ""cfs"": []}",,ok
PPP,2021,1397161.502,398132.881,999028.621,592972.199,270552.934,1092961.922,-932149.037,160812.885,70565.192,4729.141,262468.3,802714.13,,-25054.957,-7492.587,thousands,0.001,,"{""sfp"": [32, 34], ""pl"": [35, 36], ""cfs"": [38]}",,ok
PPP,2022,1600646.334,584088.429,1016557.905,705869.763,397741.664,1234186.382,-1045029.69,189156.692,61743.628,6414.564,298736.588,893264.648,,-42403.014,41756.95,thousands,0.001,,"{""sfp"": [29, 34], ""pl"": [35, 36], ""cfs"": [38]}",,ok
PPP,2023,1757357.215,649882.935,1107474.28,891815.936,488317.068,1745900.81,-1454583.434,291317.376,89032.44,5151.351,401935.917,864080.606,,,,thousands,0.001,,"{""sfp"": [34, 33, 35], ""pl"": [], ""cfs"": []}",,ok
PPP,2024,,,,825886.023,335994.923,1927281.032,-1536015.693,391265.339,155910.829,7125.72,355983.019,1313671.838,,,,thousands,0.001,,"{""sfp"": [36, 35, 37], ""pl"": [], ""cfs"": []}",,ok
PPP,2025,2244504.063,493754.808,1750749.255,870778.836,338383.066,1733597.216,-1434637.714,298959.502,122421.542,5613.309,387930.94,1371735.655,,-31638.832,171991.298,thousands,0.001,,"{""sfp"": [28, 29, 35], ""pl"": [36, 37], ""cfs"": [39]}",,ok
PPVC,2013,186627.605,282734.095,-96106.489,7343.534,262517.434,3373.32,-20571.736,-17198.416,-11687.417,4004.127,1020.855,179225.571,,,-10327944,thousands,0.001,,"{""sfp"": [15, 21], ""pl"": [16], ""cfs"": [17]}",L3,ok
PPVC,2014,170791,290742,-120311,1337,270401,9514,-27275,-17761,-24224,110,734,166959,,,-13317,thousands,1.0,,"{""sfp"": [14], ""pl"": [15], ""cfs"": [16]}",L3,ok
PPVC,2015,59581.74,206126.198,-146544.458,1780.774,205942.094,7740.037,-24895.413,-17155.376,-26213.337,105.629,680.107,56210.951,,,,thousands,0.001,,"{""sfp"": [12, 13], ""pl"": [14], ""cfs"": [15]}",L3,ok
PPVC,2016,149326.993,320585.352,-171258.359,3064.396,320396.826,7030.681,-23844.188,-16813.507,-24713.9,1057.872,918.85,146183.597,,,-7376.967,thousands,0.001,,"{""sfp"": [21], ""pl"": [22], ""cfs"": [23]}",L3,ok
PPVC,2017,,,-318866.0,,,7612.233,-24185.1,-16572.867,-22599.313,,,,,,,thousands,0.001,,"{""sfp"": [19, 23], ""pl"": [20, 21], ""cfs"": []}",L3,ok
PPVC,2018,,,,,,7562.962,-23669.883,-16106.921,-18050.241,,,,,,-12045.171,thousands,0.001,,"{""sfp"": [21], ""pl"": [22], ""cfs"": [23]}",,ok
PPVC,2019,187037.779,359310.472,-172272.693,5926.094,359310.472,8887.797,-24966.477,-16078.68,-17479.053,58.51,785.2,180989.185,,,-14809.254,thousands,0.001,,"{""sfp"": [19, 22], ""pl"": [23, 24], ""cfs"": [25]}",L3,ok
PPVC,2020,179631.007,367662.767,-188031.761,4683.102,367662.767,5514.801,-21552.89,-16038.089,-15759.067,32.337,730.572,174805.405,,,-21461.035,thousands,0.001,,"{""sfp"": [25], ""pl"": [26, 27], ""cfs"": [28]}",L3,ok
PPVC,2021,176658.267,376248.834,-199590.567,6956.964,376248.834,9639.669,-24435.783,-14796.114,-11558.807,175.035,849.003,169254.773,,,-24805.45,thousands,0.001,,"{""sfp"": [30], ""pl"": [31, 32], ""cfs"": [33]}",L3,ok
PPVC,2022,173186.85,383058.255,-209871.405,8425.927,383058.255,12047.503,-26604.987,-14557.484,-10280.838,230.459,829.089,164270.68,,,-27340.61,thousands,0.001,,"{""sfp"": [29], ""pl"": [30, 31], ""cfs"": [33]}",L3,ok
PPVC,2023,274551.76,295107.96,-20556.201,13618.287,295107.96,11251.064,-30961.898,-19710.834,88714.219,74.889,1587.302,260395.096,,,-32048.575,thousands,0.001,,"{""sfp"": [28, 33], ""pl"": [29, 30], ""cfs"": [32]}",L3,ok
PPVC,2024,269028.825,294407.954,-25379.129,14820.39,294407.954,8767.775,-32899.436,-24131.661,-4822.928,31.414,1773.295,253392.59,,,-32090.232,thousands,0.001,,"{""sfp"": [32], ""pl"": [33, 34], ""cfs"": [35]}",L3,ok
PPVC,2025,262710.301,295267.443,-32557.148,14906.035,295267.443,6735.135,-33967.752,-27232.617,88714.0,59.382,1039.133,247096.098,,,-37685.111,thousands,0.001,,"{""sfp"": [30], ""pl"": [31, 32], ""cfs"": [34]}",L3,ok
PREMA,2018,,,,,,1909398.923,1358974.281,550424.642,177680.359,,,,,,85109.728,thousands,0.001,,"{""sfp"": [42], ""pl"": [43, 44], ""cfs"": [32, 46]}",L2,ok
PREMA,2019,2933530.386,529510.995,2404019.391,697620.936,384935.915,1513288.448,,,270100.072,274086.603,137669.642,1045282.153,,,,thousands,0.001,,"{""sfp"": [47, 46, 48], ""pl"": [], ""cfs"": []}",,ok
PREMA,2020,3246318.056,841351.16,2404966.896,584712.523,642422.131,1811537.025,,,54884.617,73240.178,188231.48,1007330.33,,,,thousands,0.001,,"{""sfp"": [42, 41, 43], ""pl"": [], ""cfs"": []}",,ok
PREMA,2021,3939622.986,1279272.017,2660350.969,748610.297,761891.645,,,,262269.635,114232.014,343239.717,1389142.377,,,,thousands,0.001,,"{""sfp"": [42, 41, 43], ""pl"": [], ""cfs"": []}",,ok
PREMA,2022,5435892,1920580,3515312,975904,1161287,,,,861141,27496,403912,1616138,,,,thousands,1.0,,"{""sfp"": [44, 43, 45], ""pl"": [46, 45, 47], ""cfs"": [49, 48, 50]}",,ok
PREMA,2023,7289753,2486664.0,4803089.0,1303823,1692425.0,4899692,,,1247782,107295,412329,1664658,,,155515,thousands,1.0,,"{""sfp"": [46, 45, 47], ""pl"": [48, 47, 49], ""cfs"": [51, 50, 52]}",,ok
PREMA,2024,7605903,2431419,5174484,1605657,1757680,,,,353233,236526,381560,1630403,,,316818,thousands,1.0,,"{""sfp"": [44, 43, 45], ""pl"": [46, 45, 47], ""cfs"": [49, 48, 50]}",,ok
PREMA,2025,8825157,2719518,6105639,2585623,2084099,,,,528149,165196,813713,1686080,,,,thousands,1.0,,"{""sfp"": [44, 43, 45], ""pl"": [46, 45, 47], ""cfs"": [49, 48, 50]}",,ok
PRET,2014,4654050.379,3437622.178,1216428.201,4654050.379,2685432.808,7212829.001,-6526784.604,686044.397,66858.935,13774.943,1434905.802,1841388.819,,-77037.5,115248.817,thousands,0.001,,"{""sfp"": [19], ""pl"": [20, 23], ""cfs"": [21, 22]}",,ok
PRET,2015,3535683.964,2166053.848,1369630.116,1723460.356,1432339.851,6030823.143,-5506409.041,524414.102,162707.118,9465.038,946659.818,1810719.508,,-21570.5,1351316.648,thousands,0.001,,"{""sfp"": [18], ""pl"": [19, 22], ""cfs"": [20, 21]}",L2,ok
PRET,2016,3910615.188,2455039.443,1455575.745,1766316.494,1563596.685,4814022.32,-4394521.992,419500.328,138263.598,14464.392,882351.985,2142794.594,,,,thousands,0.001,,"{""sfp"": [], ""pl"": [], ""cfs"": []}",,ok
PRET,2019,7865695,5736794,2128901,4550825,3888638,8492199,-7288305,1203894,461655,12839,2500820,3312870,,,-697247,thousands,1.0,,"{""sfp"": [51], ""pl"": [52], ""cfs"": [55]}",,ok
PRET,2020,9555186,7504856,2050330,5345257,4827264,8771413,-7546976,1224370,181451,35708,3193302,4207779,,-137956,-54359,thousands,1.0,,"{""sfp"": [51], ""pl"": [52], ""cfs"": [55]}",,ok
PRET,2021,13256319,9883747,3372572,6446389,4596957,11484466,-9030179,2454286,1386258,93950,3665535,6791611,,-49045,988801,thousands,1.0,,"{""sfp"": [49], ""pl"": [50, 51], ""cfs"": [53]}",L2,ok
PRET,2022,20942454.236,12634406.599,8308047.637,10911928.436,6692355.096,19976813.131,-14394726.682,5582086.449,4310377.38,286160.873,5689599.588,10011202.51,,,,thousands,0.001,,"{""sfp"": [], ""pl"": [], ""cfs"": []}",,ok
PRET,2023,28019228.513,18866560.813,9152667.7,15799340.249,11642496.472,22828702.999,-18889278.788,3939424.211,4310377.0,712197.857,8973795.538,12170206.485,,,,thousands,0.001,,"{""sfp"": [70, 69, 71], ""pl"": [], ""cfs"": []}",,ok
PRET,2024,30539757.151,22048026.026,8491731.125,15504350.328,13093874.219,27075690.885,-23336143.317,3739547.568,,463588.885,6419117.631,15031159.104,,,,thousands,0.001,,"{""sfp"": [76, 75, 77], ""pl"": [], ""cfs"": []}",,ok
PRET,2025,29464123.094,20715779.257,8748343.837,14869987.682,12940852.287,29012414.811,-25131382.554,3881032.257,,190022.898,,14559207.565,,,,thousands,0.001,,"{""sfp"": [71, 70, 72], ""pl"": [], ""cfs"": []}",,ok
PRL,2014,28838891,28270154,568737,21287658,28187797,142144452,-142852397,-707945,-863913,2287864,9673473,7407267,,-75688,3443477,thousands,1.0,,"{""sfp"": [48], ""pl"": [49], ""cfs"": [50]}",,ok
PRL,2015,30752973,28968238,,18060850,26829775,91174700,-91851724,-677024,-1181662,2814526,5516120,12118199,,-27121,-56391,thousands,1.0,,"{""sfp"": [60], ""pl"": [61], ""cfs"": [62]}",,ok
PRL,2017,,,,14411.0,,69928562,-67418422,2510140,1060278,,,,,-90423,4353480,thousands,1.0,,"{""sfp"": [64], ""pl"": [65], ""cfs"": [66, 65, 67]}",L5;L5,review
PRL,2018,,,,16946590.0,21398690.0,92229260,-91184232,1045028,503789,575214.0,7830028.0,13444154.0,,,-455690,thousands,1.0,,"{""sfp"": [75, 74, 76], ""pl"": [76, 75, 77], ""cfs"": [78, 77, 79]}",,ok
PRL,2019,42880622,39371381,3509241,23796272,34690987,115740971,-118915466,-3174495,-5821123,253889.0,9447424.0,18975232.0,,,-8888691,thousands,1.0,,"{""sfp"": [69, 68, 70], ""pl"": [70, 69, 71], ""cfs"": [72, 71, 73]}",,ok
PRL,2020,35452348,35627201,-174853,13959688.0,30799362.0,90524260,-94892607,-4368347,-7590726,2189707.0,7964392.0,21208088.0,,,3305784,thousands,1.0,,"{""sfp"": [71, 70, 72], ""pl"": [72, 71, 73], ""cfs"": [74, 73, 75]}",L3,ok
PRL,2021,40994020,38947022,2046998,20320752,38122408,92084090,-88843085,3241005,937156,72680,10415407,20414353,,,,thousands,1.0,,"{""sfp"": [70, 69, 71], ""pl"": [71, 70, 72], ""cfs"": [72, 71, 73]}",,ok
PRL,2022,,,,61810884.0,66337719.0,191316055,-171043647,20272408,12573450,23538605.0,24056915.0,28981489.0,,,25101250,thousands,1.0,,"{""sfp"": [119], ""pl"": [119, 118, 120], ""cfs"": [104, 136]}",,ok
PRL,2023,105471931,80114663,25357268,76645664,77345091,261860404,-254559762,7300642,12573450.0,11670607,35460884,28449521,,,,thousands,1.0,,"{""sfp"": [123, 122, 124], ""pl"": [124, 123, 125], ""cfs"": [126, 125, 127, 108]}",,ok
PRL,2024,,,,77148576.0,75261979.0,305539679,-290446434,15093245,1824967.0,6927227.0,30520187.0,30548548.0,,,,thousands,1.0,,"{""sfp"": [115], ""pl"": [115, 114, 116], ""cfs"": [101, 114, 155]}",,ok
PRL,2025,,81337000.0,26604000.0,72577000.0,68501000.0,,-82043141000.0,,,,,,,-1255876000.0,-3640075000.0,thousands,1000.0,,"{""sfp"": [54], ""pl"": [54], ""cfs"": [55, 54, 56, 48]}",,ok
PRWM,2014,2299075.293,1335996.314,963078.979,887721.875,632790.177,6346900.609,-5866420.201,480480.408,182197.111,31039.252,387735.353,1396314.418,,,,thousands,0.001,,"{""sfp"": [34, 33, 35], ""pl"": [], ""cfs"": []}",L2,ok
PRWM,2016,2940708.521,1983771.127,956937.394,1177678.924,762426.762,5211429.433,-4851776.074,359653.359,39972.082,118097.021,297162.407,1749990.597,,,,thousands,0.001,,"{""sfp"": [36, 35, 37], ""pl"": [], ""cfs"": []}",L2,ok
PRWM,2017,4298635.022,3330459.044,968175.978,2025288.453,1607140.556,5820163.201,-5516984.658,303178.543,56197.546,15253.278,385948.672,2258307.569,,,,thousands,0.001,,"{""sfp"": [36, 35, 37], ""pl"": [], ""cfs"": []}",,ok
PRWM,2018,4259666.982,3258590.37,1001076.612,2011686.319,1666520.991,6212431.041,-5856879.507,355551.534,54696.637,167712.508,358371.438,2212521.284,,,,thousands,0.001,,"{""sfp"": [41, 40, 42], ""pl"": [], ""cfs"": []}",,ok
PRWM,2019,4462998.563,3308410.168,1154588.395,2222611.544,1786965.721,7112276.334,-6405492.704,706783.63,210034.441,114251.072,520264.696,2194488.854,,,,thousands,0.001,,"{""sfp"": [40, 39, 41], ""pl"": [], ""cfs"": []}",,ok
PRWM,2020,3889566.478,2709118.245,1180448.233,1780575.074,1040697.521,6018541.231,-5488984.35,529556.881,154755.294,13227.156,518606.568,2092871.933,,,,thousands,0.001,,"{""sfp"": [42, 41, 43], ""pl"": [], ""cfs"": []}",,ok
PRWM,2021,4541728.986,2795050.553,1746678.433,2227551.28,952016.529,,-6981440.529,1169126.66,641576.754,61366.802,956620.251,2299138.706,,,,thousands,0.001,,"{""sfp"": [40, 39, 41], ""pl"": [], ""cfs"": []}",,ok
PRWM,2022,6227148.111,4211228.845,2015919.266,3698510.43,2283075.59,,-11764972.855,1095645.968,349904.297,24796.822,1827168.351,2513598.681,,,,thousands,0.001,,"{""sfp"": [36, 35, 37], ""pl"": [], ""cfs"": []}",,ok
PRWM,2023,6970090.69,4936554.983,2033535.707,3609753.873,2475338.095,,-13562190.709,1092517.275,153128.824,91624.037,1604376.705,3345297.817,,,,thousands,0.001,,"{""sfp"": [38, 37, 39], ""pl"": [], ""cfs"": []}",,ok
PRWM,2024,7191934.358,4862806.392,2329127.966,3995759.2,2899149.568,,-17563521.917,1182106.069,86654.801,173967.113,1772229.542,3181136.158,,,,thousands,0.001,,"{""sfp"": [38, 37, 39], ""pl"": [], ""cfs"": []}",,ok
PRWM,2025,7101403.66,4687064.433,2414339.227,3962020.676,2914584.226,,-17004886.835,1186197.404,91122.541,224636.187,1775626.08,3093794.061,,,,thousands,0.001,,"{""sfp"": [42, 41, 43], ""pl"": [], ""cfs"": []}",,ok
PSEL,2013,27749493.0,2636987.0,25112506.0,2799116.0,1802071.0,6801170.0,-3853039.0,2948131.0,887136.0,107123.0,80533.0,22987048.0,,,920364,thousands,1.0,,"{""sfp"": [45, 44, 46, 91], ""pl"": [47, 46, 48, 93], ""cfs"": [49, 48, 50, 95]}",,ok
PSEL,2014,29457050.0,3177863.0,26279187.0,3543120.0,2179916.0,7609885.0,-4251249.0,3358636.0,1403369.0,161550.0,87021.0,24328755.0,,,1465055,thousands,1.0,,"{""sfp"": [41, 40, 42, 99], ""pl"": [43, 42, 44, 100], ""cfs"": [45, 44, 46, 101]}",,ok
PSEL,2015,34340695.0,3075554.0,31265141.0,3875610.0,1745354.0,7922016.0,-4288554.0,3633462.0,1051871.0,,,28897404.0,,,1024401,thousands,1.0,,"{""sfp"": [49, 101], ""pl"": [51, 103], ""cfs"": [53, 52, 54, 105]}",L2,ok
PSEL,2016,36634127,5078947,31555180,2706451,2188274,9151060,-4772155,4378905,625205,379130,96189,31647432,,-320176,2013492,thousands,1.0,,"{""sfp"": [45, 44, 46, 107], ""pl"": [47, 46, 48, 109, 110], ""cfs"": [49, 48, 50, 111]}",L5;L5;L2,review
PSEL,2017,42323197,10218740,32104457,6463350,2592749.0,9811986,-5427241,4384745,1145837,270658,83160,32898795,,5150000,1594698,thousands,1.0,,"{""sfp"": [43, 42, 44, 95], ""pl"": [45, 44, 46, 97, 98], ""cfs"": [47, 46, 48, 99]}",L5;L2,review
PSEL,2018,50539553,14699171,35840382,7967174.0,4104239,10527251,-5647370,4879881,495556,1314092.0,279917.0,40039622.0,,,,thousands,1.0,,"{""sfp"": [46, 122], ""pl"": [48, 123], ""cfs"": []}",L5;L5,review
PSEL,2019,54056149,19151177,34904972,6964185,6316153,10138274,-6068276,4069998,-863398,345450.0,313655.0,40605493.0,,-17682,-1585351,thousands,1.0,,"{""sfp"": [45, 89, 127], ""pl"": [47, 125], ""cfs"": [129, 128, 130, 49]}",L5;L5;L2,review
PSEL,2020,55509170,20583875,34925295,9214572.0,10042704,8129718,-5438898,2690820,-1744014,446776.0,291930.0,43871165.0,,,452257,thousands,1.0,,"{""sfp"": [45, 127], ""pl"": [47], ""cfs"": [129, 128, 130, 49]}",L5;L5;L5;L2,review
PSEL,2023,,,44939246,15606574.0,16983028,13262037,-8235348,5026689,609159.0,387029.0,520654.0,46576613.0,,,97051,thousands,1.0,,"{""sfp"": [49, 127], ""pl"": [51, 130], ""cfs"": [54]}",L5;L5;L3,review
PSEL,2024,62162619,16373622,45895064,4741021,14671023,,,5883675.0,,510709,546474,54730960,,,1288998,thousands,1.0,,"{""sfp"": [129, 128, 130, 51], ""pl"": [53, 132], ""cfs"": [134, 133, 135, 56]}",L5,review
PSMC,2013,23811277,6166119,17645158,18372365,6166119,51061333,-47818820,3242513,1849357,1964359,10726457,4892675,,-204683,2063857,thousands,1.0,,"{""sfp"": [52, 51, 53], ""pl"": [53, 52, 54], ""cfs"": [55, 54, 56]}",L5;L5,review
PSMC,2014,28354159,,,23107573,9117477.0,53664947,-49481248,4183699,1921894,1841384,14976001,4790506,,-327297,983845,thousands,1.0,,"{""sfp"": [58, 57, 59], ""pl"": [59, 58, 60], ""cfs"": [61, 60, 62]}",,ok
PSMC,2015,37451987,,24679238,32515406,12772749,84548757,-73061309,11487448,5842671,15006007,13084447,4510789,,-410017,13535491,thousands,1.0,,"{""sfp"": [60, 59, 61], ""pl"": [61, 60, 62], ""cfs"": [63, 62, 64]}",,ok
PSMC,2016,37851965,,26216907,30518243,11635058,76516040,-69167463,7348577,2772635,8548293,16288608,6722057,,-1229722,-3041252,thousands,1.0,,"{""sfp"": [60, 59, 61], ""pl"": [61, 60, 62], ""cfs"": [63, 62, 64]}",,ok
PSMC,2017,50910467,,29549716,41006087,21360751,101811611,-92159038,9652573,3825821,9189552,23946058,8800002,,-453100,4199509,thousands,1.0,,"{""sfp"": [64, 63, 65], ""pl"": [65, 64, 66], ""cfs"": [67, 66, 68]}",,ok
PSMC,2018,61509849,,29232865,43681834,32276984,119853898,-112809033,7044865,1298108,1516163,29397056,15654827,,,,thousands,1.0,,"{""sfp"": [40], ""pl"": [41, 42], ""cfs"": []}",,ok
PSMC,2019,,,,,,116548013,-114563486,1984527,-2920485,,,,,,,thousands,1.0,,"{""sfp"": [41], ""pl"": [42], ""cfs"": [43, 42, 44]}",,ok
PSMC,2020,66704365,42354915,24349450,45717833,41983981,76720132,-73418619,3301513,-1589486,17818607,18054537,13038601,,,34888257,thousands,1.0,,"{""sfp"": [38], ""pl"": [39], ""cfs"": [40, 39, 41]}",,ok
PSMC,2021,91989970,,,,60669906.0,,-151911517,8170738,,23271041.0,26225464.0,,,,,thousands,1.0,,"{""sfp"": [36, 35, 37], ""pl"": [37, 36, 38], ""cfs"": [38, 37, 39]}",,ok
PSMC,2022,110084368,,,85657216,86674529.0,202466737.0,190782337,11684400,-6336922,3703619,33031769,14877495,,-161104,-29776205,thousands,1.0,,"{""sfp"": [68, 67, 69], ""pl"": [69, 68, 70], ""cfs"": [72, 71, 73]}",,ok
PSO,2014,372151029,293529872,78621157,313514125,288346263,1187639316,1150815228,36824088,21818135,20606509,86297218,5854769,,,,thousands,1.0,,"{""sfp"": [88], ""pl"": [89, 92], ""cfs"": []}",,ok
PSO,2015,341307233,,82310296,275748711,250676173,913094377,889515267,23579110,6936364,2311884,58492301,6333296,,-1964555,-29574067,thousands,1.0,,"{""sfp"": [115, 117, 118, 129], ""pl"": [112, 113, 114, 130, 131, 178], ""cfs"": [133, 182]}",,ok
PSO,2017,392442964,,,,281503729.0,878146786.0,,,18225625,4131036.0,,,,-2950706,-27964644,thousands,1.0,,"{""sfp"": [57, 56, 58], ""pl"": [57, 56, 58], ""cfs"": [59, 58, 60]}",,ok
PSO,2018,402562332.0,,,829580449.0,286944833.0,,,,15461257.0,4636643.0,,,,-6448576000,2580556000,thousands,1.0,,"{""sfp"": [63, 62, 64], ""pl"": [63, 62, 64], ""cfs"": [51]}",,ok
PSO,2019,417079525.0,,,768657074.0,290371129.0,,,,,4593141.0,,,,-5407902,-9231735,thousands,1.0,,"{""sfp"": [70, 69, 71, 111], ""pl"": [70, 69, 71, 111], ""cfs"": [72, 71, 73, 58]}",,ok
PSO,2020,341718126,228657125,113061001,292904404,216993362,1108357723,-1096130521,12227202,-6465552,3908652,57214768,999356,,-2444232,48259521,thousands,1.0,,"{""sfp"": [140, 139, 141, 223], ""pl"": [141, 140, 142, 224], ""cfs"": [144, 143, 145, 116, 227]}",L5;L2,review
PSO,2021,379259564,239281362,139978202,327962163,227042600,1204247375.0,,54609051.0,,2901619,79028704,14156554,,-2199214,17766124,thousands,1.0,,"{""sfp"": [142, 141, 143, 224], ""pl"": [143, 142, 144, 225], ""cfs"": [146, 145, 147, 119, 228]}",,ok
PSO,2022,899545321,683805220,215649101,845830116,667257607,2451580833,-2290585612,160995221,86222528,13919215,341757891.0,15689125.0,,-4719432,-80973693,thousands,1.0,,"{""sfp"": [142, 141, 143, 227], ""pl"": [143, 142, 144], ""cfs"": [146, 145, 147, 231]}",,ok
PSO,2023,983396111,766836204,216559907,923349433,748345342,3391111978,-3316265223,74846755,5662145,28954358,292626142,18640560,,-4612011,-241281914,thousands,1.0,,"{""sfp"": [135, 134, 136, 217], ""pl"": [136, 135, 137], ""cfs"": [139, 138, 140, 113, 221]}",,ok
PSO,2024,974448226,743139310,231308916,906321779,725138552,3571750306,-3474459806,97290500,15862552,10725374,288983146,22113904,,3461478,13707293,thousands,1.0,,"{""sfp"": [155, 154, 156, 231], ""pl"": [156, 155, 157], ""cfs"": [159, 158, 160, 235]}",,ok
PSO,2025,1019078036,768786845,250291191,937648203,745047204,3149389439,-3052679352,96710087,20911446,53997293,250909180,24570679,,-4610408,149047195,thousands,1.0,,"{""sfp"": [197, 196, 198, 283], ""pl"": [198, 197, 199], ""cfs"": [201, 200, 202]}",,ok
PSX,2018,,,,,,,,,64229,,,,,,,thousands,1.0,,"{""sfp"": [64], ""pl"": [64], ""cfs"": [65]}",,ok
PSX,2019,10619351.0,,,7450907.0,1426949.0,922608,,,88184,243585.0,,257275.0,,,-245701,thousands,1.0,,"{""sfp"": [116, 115, 117], ""pl"": [117, 116, 118], ""cfs"": [119, 118, 120]}",,ok
PSX,2020,11635194.0,,,7496740.0,1933000.0,982925,,,194230,523893.0,,352351.0,,,,thousands,1.0,,"{""sfp"": [120, 119, 121], ""pl"": [121, 120, 122], ""cfs"": [123, 122, 124]}",,ok
PSX,2021,11993732.0,,,7793750.0,2008070.0,1464610,,,696376,462756.0,,4261876.0,,,363834,thousands,1.0,,"{""sfp"": [120, 119, 121], ""pl"": [121, 120, 122], ""cfs"": [123, 122, 124]}",,ok
PSX,2022,12648867.0,,,3257115.0,1612811.0,1453721,,,398713,278624.0,,4495825.0,,-156648,121109,thousands,1.0,,"{""sfp"": [123, 122, 124], ""pl"": [124, 123, 125], ""cfs"": [126, 125, 127]}",,ok
PSX,2023,13036282.0,,,3506046.0,2035606.0,1464537,,,219789,357280.0,,4344561.0,,,26629,thousands,1.0,,"{""sfp"": [152, 151, 153], ""pl"": [153, 152, 154], ""cfs"": [155, 154, 156]}",,ok
PSX,2024,14189077.0,,,3744344.0,2241060.0,2116620,,,1027803,198220.0,,4284524.0,,,,thousands,1.0,,"{""sfp"": [139, 138, 140], ""pl"": [141, 140, 142], ""cfs"": [142, 141, 143]}",,ok
PSX,2025,15000923.0,,,3822452.0,2294999.0,2461436,,,1520908,464595.0,,4167016.0,,-783964,756555,thousands,1.0,,"{""sfp"": [142, 141, 143, 155, 193], ""pl"": [143, 142, 144, 194], ""cfs"": [145, 144, 146, 196, 197]}",,ok
PSYL,2014,3347822,,,2215516,1844449.0,4777295,-4428594,348701,49773,10668,937031,1130534,,,-59716,thousands,1.0,,"{""sfp"": [13, 12, 14], ""pl"": [15, 14, 16], ""cfs"": [17, 16, 18]}",,ok
PSYL,2016,3873587,,,2160372,2144460.0,1661248.0,-1206571.0,454677.0,,,948173,1711444,,,253761,thousands,1.0,,"{""sfp"": [21, 20, 22], ""pl"": [23, 22, 24], ""cfs"": [25, 24, 26]}",,ok
PSYL,2017,4895848,3673937,1221911,3329118,3370571,2911967,-2642741,269226,38658,11826,1899392,1537731,,-20526,355009,thousands,1.0,,"{""sfp"": [25, 26, 30], ""pl"": [27], ""cfs"": [29]}",,ok
PSYL,2018,6059701,,,3746232,,,,,116957,64258,2250892,2195300,,-22412,870641,thousands,1.0,,"{""sfp"": [33, 34], ""pl"": [36], ""cfs"": [37, 36, 38]}",L2,ok
PSYL,2019,5933818,,1196014,248454,4580844,7024935.0,-6353221.0,671714.0,,3570531.0,951465.0,,,-12624,-187913,thousands,1.0,,"{""sfp"": [33, 32, 34], ""pl"": [35], ""cfs"": [37, 36, 38]}",,ok
PSYL,2020,5099815,3497562,1602253,2975972,3178140,6587155.0,-6126504.0,460651.0,-99043,17993.0,1148874.0,2062270.0,,,416209,thousands,1.0,,"{""sfp"": [28, 27, 29], ""pl"": [30], ""cfs"": [32, 31, 33]}",L5,review
PSYL,2021,5704770,3359891,2344879,3281666,2832414,7250594,-5798751,1451843,748366,14167,1670712,2209018,,,1012599,thousands,1.0,,"{""sfp"": [33, 32, 34], ""pl"": [34, 33, 35], ""cfs"": [37, 36, 38]}",,ok
PSYL,2022,8560244,5445511,3114733,5398393.0,4408953.0,12311249,-9987556,2323693,986213,54060.0,2594456.0,3285530.0,,-208982,988979,thousands,1.0,,"{""sfp"": [32, 31, 33], ""pl"": [33, 32, 34], ""cfs"": [36, 35, 37]}",,ok
PSYL,2023,9607984,5697423,3910561,4955726,4570938,14425230,-11847036,2578194,797680,,3200803,3225828,,,1508271,thousands,1.0,,"{""sfp"": [33, 32, 34], ""pl"": [34, 33, 35], ""cfs"": [37, 36, 38]}",,ok
PSYL,2024,11160469,6899951,4260518,7028199,6286199,13799512,-11725396,2074166,347765,,3335639,2925706,,,,thousands,1.0,,"{""sfp"": [34, 33, 35], ""pl"": [35, 34, 36], ""cfs"": [38, 37, 39]}",L5,review
PSYL,2025,11198512,6570542,4627970,6753279,5827524,16872295,-14896271,1976024,367452,27625,2973788,3418755,,,2197957,thousands,1.0,,"{""sfp"": [34, 33, 35, 81], ""pl"": [35, 34, 36], ""cfs"": [38, 37, 39]}",,ok
PTC,2013,,,,,,81061355,-53073952,27987403,12696133,,,,,,,thousands,1.0,,"{""sfp"": [46], ""pl"": [48], ""cfs"": [50, 49, 51, 108]}",,ok
PTC,2014,179573660,87430069,92143591,69625377,44345349,81512598,-55682723,25829875,5207494,,,,,-9652673,14380820,thousands,1.0,,"{""sfp"": [58], ""pl"": [59], ""cfs"": [60, 59, 61]}",,ok
PTC,2015,180377774,94159414,86218360,72592129,46814183,75751975,-53783589,21968386,8759595,2210148,2940425,94912046,,-13078357,24884038,thousands,1.0,,"{""sfp"": [62, 63], ""pl"": [64, 65], ""cfs"": [66]}",,ok
PTC,2016,,,,,,,,,1622847,,,,,,,thousands,1.0,,"{""sfp"": [], ""pl"": [90], ""cfs"": []}",,ok
PTC,2017,,,,,,,,,4342242,,,,,,,thousands,1.0,,"{""sfp"": [], ""pl"": [126], ""cfs"": []}",,ok
PTC,2018,,,,,,,,,,,,,,,16684684,thousands,1.0,,"{""sfp"": [], ""pl"": [], ""cfs"": [63, 62, 64]}",,ok
PTC,2019,,,,174759986.0,,71548302,-54569330,16978972,6347235,708816,,,,,,thousands,1.0,,"{""sfp"": [39, 43, 47, 48, 49, 59, 62, 68, 73, 80, 87, 88, 94, 96, 98], ""pl"": [39, 38, 40, 43, 47, 48, 49, 59, 62, 68, 73, 80, 87, 88, 94, 96, 98], ""cfs"": [39, 43, 47, 48, 49, 59, 62, 68, 73, 80, 87, 88, 94, 96, 98]}",L5,review
PTC,2020,,,,,,71804463,-56807437,14997026,,,,,,,,thousands,1.0,,"{""sfp"": [], ""pl"": [42, 90], ""cfs"": []}",,ok
PTC,2021,,,,,,76853090,-60320343,16532747,6873977,,,,,,,thousands,1.0,,"{""sfp"": [], ""pl"": [42, 76], ""cfs"": []}",,ok
PTC,2022,,,,,,83443998,-65111315,18232683,9053384,,,,,,,thousands,1.0,,"{""sfp"": [], ""pl"": [40, 72], ""cfs"": []}",,ok
PTC,2023,,,,,,,,,9390543,,,,,,,thousands,1.0,,"{""sfp"": [257], ""pl"": [92, 166, 258], ""cfs"": []}",,ok
PTC,2024,,,,,,,,,4825843,,,,,,,thousands,1.0,,"{""sfp"": [282], ""pl"": [112, 192, 283], ""cfs"": []}",,ok
PTC,2025,,,,,,,,,1382254,,,,,,,thousands,1.0,,"{""sfp"": [], ""pl"": [124, 206], ""cfs"": []}",,ok
PTL,2021,14270133.175,7693342.339,6576790.836,8285286.983,5402940.774,16202066.691,-13731305.474,2470761.217,,806059.464,3234587.665,5816577.447,,,,thousands,0.001,,"{""sfp"": [85, 84, 86], ""pl"": [], ""cfs"": []}",,ok
PTL,2022,19395661.688,,6855786.422,10279209.543,9451963.989,20460232.842,-18216668.961,2243563.881,420305.168,714370.353,4340368.037,8977076.235,,-279603.205,-416046.039,thousands,0.001,,"{""sfp"": [86], ""pl"": [87], ""cfs"": [89, 90]}",,ok
PTL,2023,,,,41475932.905,,,-18333096.684,3107953.395,,,,,,,,thousands,0.001,,"{""sfp"": [61, 60, 62], ""pl"": [], ""cfs"": []}",,ok
PTL,2024,23637521.253,16214984.421,7422536.832,11297726.2,12780631.016,,-25221361.18,4301825.432,465785.132,471841.94,5839060.139,12219031.083,,,,thousands,0.001,,"{""sfp"": [133, 132, 134], ""pl"": [], ""cfs"": []}",,ok
PTL,2025,24887139.998,,,24196244.566,,,,,,,,13054317.011,,,,thousands,0.001,,"{""sfp"": [75, 74, 76], ""pl"": [75], ""cfs"": []}",,ok
QUET,2014,10167984.665,6990619.199,3177365.466,5128633.231,5532753.943,12301405.336,11064701.431,1236703.905,70698.591,46136.058,3769952.643,5008146.385,,-19154.45,-183811.224,thousands,0.001,,"{""sfp"": [16], ""pl"": [17, 18], ""cfs"": [19]}",,ok
QUET,2015,11139238.06,7457404.453,3681833.607,5068859.388,5853355.289,10175475.651,-9562201.718,613273.933,-392014.167,81225.888,3896970.646,6038998.248,,-85.896,126398.935,thousands,0.001,,"{""sfp"": [17], ""pl"": [18], ""cfs"": [20]}",,ok
QUET,2016,,,,,,5280152.958,-6439717.661,-1159564.703,-1715435.12,,,,,-417.828,429798.887,thousands,0.001,,"{""sfp"": [21], ""pl"": [22, 23], ""cfs"": [25]}",,ok
QUET,2017,7560762.163,6850885.272,709876.891,1986597.77,4964363.98,5280635.128,-6292162.522,-1011527.394,-1430150.4,59396.74,1117749.453,5503696.678,,,95131.453,thousands,0.001,,"{""sfp"": [23], ""pl"": [24, 25], ""cfs"": [26]}",,ok
QUET,2018,,,,,,3795455.727,-4279300.044,-483844.317,-569033.92,,,,,,50805.908,thousands,0.001,,"{""sfp"": [34], ""pl"": [35], ""cfs"": [37]}",,ok
QUET,2019,7534672.843,6706834.034,827838.809,1549574.699,6203620.735,4248480.336,-4514119.935,-265639.599,-368903.845,61332.016,494495.833,5948633.149,,,13831.766,thousands,0.001,,"{""sfp"": [31], ""pl"": [32], ""cfs"": [34]}",,ok
QUET,2020,8162311.637,8061612.516,100699.121,2406239.822,7568694.565,3616534.871,-4198854.696,-582319.825,-714069.666,81810.653,1352090.247,5720860.458,,,80744.104,thousands,0.001,,"{""sfp"": [30], ""pl"": [31], ""cfs"": [33]}",L3,ok
QUET,2021,,,,,,4982223.81,-5151704.691,-169480.881,-368304.24,,,,,,106896.09,thousands,0.001,,"{""sfp"": [30], ""pl"": [31], ""cfs"": [33]}",,ok
QUET,2022,,,,,,5027978.589,-4849927.783,178050.806,33443.47,,,,,,31460.271,thousands,0.001,,"{""sfp"": [31], ""pl"": [32], ""cfs"": [34]}",,ok
QUET,2023,15010777.429,11023336.544,3987440.885,4518235.924,10417079.36,3392968.326,-4371024.01,-978055.685,-985068.241,13235.499,2947751.349,10440680.485,,,31771.348,thousands,0.001,,"{""sfp"": [31], ""pl"": [32], ""cfs"": [34]}",,ok
QUET,2024,14848707.943,11578606.334,3270101.609,4531678.29,10964374.353,888780.269,-1534686.686,,,5779.998,2909414.624,10256360.22,,,,thousands,0.001,,"{""sfp"": [32, 31, 33], ""pl"": [], ""cfs"": []}",,ok
QUET,2025,14177474.912,12551332.477,1626424.433,4265328.392,12029863.43,1064980.446,-2272791.81,-1207811.364,33443.0,8354.836,2563064.391,9848683.087,,,-6530.501,thousands,0.001,,"{""sfp"": [33, 36, 37], ""pl"": [34, 35], ""cfs"": [13]}",,ok
QUICE,2016,,,655072.949,362757.206,45323.808,231402.12,-151872.019,79530.101,,4206.575,159607.16,,,,,thousands,0.001,,"{""sfp"": [13, 12, 14], ""pl"": [], ""cfs"": []}",,ok
QUICE,2019,742792,180473,562318,387360,119270,116775,-105320,11454,-37375,10685,329273,353612,,,-81888,thousands,1.0,,"{""sfp"": [27], ""pl"": [28, 29], ""cfs"": [31]}",,ok
QUICE,2020,736508.867,,523769.785,377950.857,162241.748,186688.206,-173755.022,12933.184,-39444.068,7190.668,324622.739,3566.888,,,,thousands,0.001,,"{""sfp"": [26, 25, 27], ""pl"": [], ""cfs"": []}",L5;L2,review
QUICE,2021,,,506340.23,423294.18,220925.991,237675.355,-217527.446,20147.909,-29372.265,2092.425,327499.477,356009.994,,,,thousands,0.001,,"{""sfp"": [24, 23, 25], ""pl"": [], ""cfs"": []}",,ok
QUICE,2022,1141269.838,658494.663,482775.175,789338.268,506654.07,532238.8,-474085.793,58153.007,-24040.137,10805.222,560624.975,349996.28,,,,thousands,0.001,,"{""sfp"": [24, 28], ""pl"": [25, 26], ""cfs"": []}",,ok
QUICE,2023,1405582.601,934243.74,471338.861,1081074.212,778612.272,838449.449,-714566.051,123883.398,-12329.721,3143.018,843106.802,322573.099,,,,thousands,0.001,,"{""sfp"": [26, 25, 27], ""pl"": [], ""cfs"": []}",L2.5,review
QUICE,2024,1274188.152,827474.349,446713.803,938990.23,670589.782,903254.935,-777258.658,125996.277,-27144.988,2115.761,666424.912,328594.122,,,,thousands,0.001,,"{""sfp"": [34, 33, 35], ""pl"": [], ""cfs"": []}",,ok
QUICE,2025,1703552.608,1248459.922,455092.686,982972.583,972327.636,1094764.441,-907765.672,186998.769,-11730.559,2225.266,683268.262,713976.225,,,,thousands,0.001,,"{""sfp"": [40, 39, 41], ""pl"": [], ""cfs"": []}",,ok
RAVT,2014,279567.531,272143.222,7424.309,,,,,,-44960.209,163.152,4756.507,271711.662,,,-26936.419,thousands,0.001,,"{""sfp"": [14], ""pl"": [15, 16], ""cfs"": [17]}",,ok
RAVT,2015,309457.88,368048.771,-58590.891,,,258033.108,-346762.292,-88729.184,-66688.874,3728.719,29113.046,252835.516,,,-20690.425,thousands,0.001,,"{""sfp"": [15, 22], ""pl"": [16, 17], ""cfs"": [18]}",L3,ok
RAVT,2017,201106.932,381464.048,-180357.116,5853.361,364622.346,,,,-34779.944,1545.458,,,,,,thousands,0.001,,"{""sfp"": [22, 21, 23], ""pl"": [], ""cfs"": []}",L3,ok
RAVT,2018,201106.932,381464.048,-180357.116,200840.592,36.462,,,,-34779.944,,,,,,,thousands,0.001,,"{""sfp"": [22, 21, 23], ""pl"": [], ""cfs"": []}",L5;L3,review
RAVT,2019,,234899.352,-77849.78,,,,,,,,,,,,,thousands,0.001,,"{""sfp"": [21, 20, 22], ""pl"": [], ""cfs"": []}",L3,ok
RAVT,2020,,,,,,,,,30197.01,,,,,,-2894.727,thousands,0.001,,"{""sfp"": [26, 27], ""pl"": [28, 29], ""cfs"": [31]}",,ok
RCML,2013,3281305.424,1644961.222,1636344.202,1632123.364,1508516.285,3853607.717,3216440.612,637167.105,308874.539,11360.581,1080605.587,1201243.703,,,,thousands,0.001,,"{""sfp"": [12, 11, 13], ""pl"": [], ""cfs"": []}",L2.5;L2.5;L2.5,review
RCML,2014,4203199.419,,,2175228.067,2266956.937,4243954.943,3826669.18,,,19937.567,1462768.437,1436170.103,,,,thousands,0.001,,"{""sfp"": [14, 13, 15], ""pl"": [], ""cfs"": []}",L2.5;L2.5,review
RCML,2015,3730857.24,1813780.382,1917076.858,1610502.871,1708487.31,4007149.572,-3583661.769,,,7679.271,853124.362,1483821.749,,,,thousands,0.001,,"{""sfp"": [14, 13, 15], ""pl"": [], ""cfs"": []}",L2.5;L2.5,review
RCML,2016,3546416.292,1583174.073,1963242.219,1406053.777,1393935.786,3221146.642,-2886731.329,,,21304.064,709275.26,1465532.289,,,,thousands,0.001,,"{""sfp"": [15, 14, 16], ""pl"": [], ""cfs"": []}",L5,review
RCML,2017,3683875.711,1528623.812,2155251.899,1529155.658,1308473.365,3570713.354,-3180441.767,,,22711.121,824793.139,1410953.664,,,,thousands,0.001,,"{""sfp"": [18, 17, 19], ""pl"": [], ""cfs"": []}",L2.5;L2.5,review
RCML,2018,3951352.627,2078980.069,1872372.558,2392530.231,1800315.474,4398017.387,-3764560.147,,,7780.802,1242826.867,1460765.061,,,,thousands,0.001,,"{""sfp"": [28, 27, 29, 76], ""pl"": [], ""cfs"": []}",,ok
RCML,2019,,,,3264448.638,2584975.645,5379009.395,-4562087.208,,,6403.28,1989294.36,1987544.1,,,,thousands,0.001,,"{""sfp"": [25, 24, 26, 74], ""pl"": [], ""cfs"": []}",,ok
RCML,2020,6413530.773,4053647.507,2359883.266,4264333.101,3137366.218,5986720.08,-5058822.223,,,6270.961,2699519.145,2051143.337,,,,thousands,0.001,,"{""sfp"": [27, 26, 28, 81], ""pl"": [], ""cfs"": []}",,ok
RCML,2021,6718828.895,3148160.303,3570668.592,4454910.345,2071272.688,7681902.021,-5923177.432,1758724.589,1199513.538,8756.563,2837241.214,2161161.215,,,,thousands,0.001,,"{""sfp"": [51, 50, 52, 105], ""pl"": [], ""cfs"": []}",,ok
RCML,2022,10945951.0,,6287039.0,7604865.0,2912567.0,,,,,,,,,,,thousands,1.0,,"{""sfp"": [], ""pl"": [], ""cfs"": []}",,ok
RCML,2023,13383671.773,6349939.846,7033731.927,9265268.651,4567225.957,11048839.608,-9343384.1,1705455.508,839109.917,197752.154,6203133.931,3591288.186,,,,thousands,0.001,,"{""sfp"": [55, 54, 56, 105], ""pl"": [], ""cfs"": []}",,ok
RCML,2024,13197522.0,,8170028.0,8251721.0,3448540.0,,,,,,,,,,,thousands,1.0,,"{""sfp"": [], ""pl"": [], ""cfs"": []}",,ok
RCML,2025,18997743.0,,9379146.0,10914029.0,7639439.0,,,,,,,,,,,thousands,1.0,,"{""sfp"": [], ""pl"": [], ""cfs"": []}",,ok
REDCO,2014,1599822.479,947902.484,651919.995,612399.899,272215.458,2211316.146,2141950.869,69365.277,5417.449,17955.129,283262.813,982386.0,,,78024.053,thousands,0.001,,"{""sfp"": [18], ""pl"": [19, 20], ""cfs"": [22]}",,ok
REDCO,2015,1686115.297,1049890.111,636225.186,568817.86,966413.187,1677975.255,1637681.29,40293.965,-19571.425,9588.401,279962.302,1112301.877,,,55807.538,thousands,0.001,,"{""sfp"": [17, 19], ""pl"": [18], ""cfs"": [21]}",,ok
REDCO,2016,1690753.78,,,604344.047,1088448.286,1742091.665,1756846.668,,-82472.192,3258.827,,1081182.819,,,,thousands,0.001,,"{""sfp"": [17, 16, 18], ""pl"": [], ""cfs"": []}",,ok
REDCO,2018,1018236.923,1042245.25,-24008.327,201258.303,1036681.338,441264.37,634120.007,-192855.637,-520426.618,695.291,1073.376,811080.931,,,56115.933,thousands,0.001,,"{""sfp"": [20], ""pl"": [21], ""cfs"": [24]}",L3,ok
REDCO,2019,1064884.043,1087613.848,-22729.805,275743.479,1082581.208,251366.857,206022.796,,,43507.956,10061.647,783254.94,,,,thousands,0.001,,"{""sfp"": [20, 19, 21], ""pl"": [], ""cfs"": []}",L5;L3,review
REDCO,2020,1268372.107,1195435.236,72936.871,312470.031,1171446.094,355475.707,304036.613,,,33403.224,56750.802,950027.697,,,,thousands,0.001,,"{""sfp"": [21, 20, 22], ""pl"": [], ""cfs"": []}",,ok
REDCO,2021,1749684.925,1534240.247,215444.678,331753.459,1514321.433,495470.474,458666.91,36803.564,55441.464,15212.435,47947.572,1407864.872,,,,thousands,0.001,,"{""sfp"": [26, 25, 27], ""pl"": [], ""cfs"": []}",,ok
REDCO,2022,2161571.507,1934946.43,226625.077,435984.179,1900172.243,728594.157,662747.166,65846.991,17488.745,5929.108,,1715528.914,,,,thousands,0.001,,"{""sfp"": [23, 22, 24], ""pl"": [], ""cfs"": []}",,ok
REDCO,2023,3181949.711,2886955.46,303994.251,1418840.511,2849958.07,870963.477,821183.461,49780.016,77845.064,48542.883,182690.355,1751048.321,,,,thousands,0.001,,"{""sfp"": [25, 24, 26], ""pl"": [], ""cfs"": []}",,ok
REDCO,2024,3799400.549,2796543.699,1002856.85,1220838.07,2686601.281,1470172.094,-1364711.274,105460.82,212079.892,136820.685,55548.215,25588.129,,,,thousands,0.001,,"{""sfp"": [29, 28, 30], ""pl"": [], ""cfs"": []}",L5;L2,review
REDCO,2025,4095326.395,2926106.065,1169220.33,1239983.4,2787024.476,,-1541342.838,259152.594,175631.436,198565.321,74878.144,2834792.536,,,,thousands,0.001,,"{""sfp"": [30, 29, 31], ""pl"": [], ""cfs"": []}",,ok
REWM,2014,9689511.393,6794303.291,2895208.102,4720229.01,4989468.109,11412197.431,-10290412.092,1121785.339,219114.717,115085.145,2383599.123,4588944.264,,-61621.874,197004.932,thousands,0.001,,"{""sfp"": [32, 33], ""pl"": [34], ""cfs"": [36]}",,ok
REWM,2015,10136945.179,,,3862175.494,,10878061.963,-10036195.878,841866.085,-97918.743,70806.977,1576370.718,5377184.256,,-24393.499,931040.69,thousands,0.001,,"{""sfp"": [36, 37, 39], ""pl"": [38], ""cfs"": [40]}",,ok
REWM,2017,11221487.761,8362083.322,2859404.439,4915133.623,6413559.537,11341733.661,-10357639.42,984094.241,,96630.056,3009200.849,5371085.822,,,,thousands,0.001,,"{""sfp"": [43, 42, 44], ""pl"": [], ""cfs"": []}",,ok
REWM,2018,13266908.658,9865116.312,3401792.346,6704889.815,8383582.479,13913860.865,-12568217.349,1345645.316,310579.076,79087.04,3222131.101,5633486.076,,-35061.739,-568184.226,thousands,0.001,,"{""sfp"": [52], ""pl"": [53, 54], ""cfs"": [56]}",,ok
REWM,2019,16810085.108,12919500.703,3890584.405,9725315.871,10842558.329,16605159.289,-14822654.291,1782504.998,502804.757,113072.872,5944941.975,6227003.43,,,,thousands,0.001,,"{""sfp"": [53, 52, 54], ""pl"": [], ""cfs"": []}",,ok
REWM,2020,15821272.292,11944358.923,3876913.369,9225813.851,8958401.587,17275165.522,-15214365.525,2060799.997,61270.023,42971.521,4669117.626,6393392.438,,,,thousands,0.001,,"{""sfp"": [63, 62, 64], ""pl"": [], ""cfs"": []}",,ok
REWM,2021,19312396.329,13242815.062,6069581.267,11154586.507,10018864.931,24030099.723,-20520174.684,,,96013.034,5050741.82,7994969.936,,,,thousands,0.001,,"{""sfp"": [71, 70, 72], ""pl"": [], ""cfs"": []}",,ok
REWM,2022,27756876.862,18596344.914,9160531.948,15048209.666,14697890.766,30703658.589,-25262980.051,,2639479.848,134208.005,7788805.939,10687018.041,,,,thousands,0.001,,"{""sfp"": [73, 72, 74], ""pl"": [], ""cfs"": []}",,ok
REWM,2023,,,,18049685.119,20219127.647,32682288.169,-29066405.753,3615882.416,,557668.336,10162916.84,16710351.38,,,,thousands,0.001,,"{""sfp"": [69, 68, 70], ""pl"": [], ""cfs"": []}",,ok
REWM,2024,34864189.283,24779376.437,10084812.846,16097248.885,19598173.334,41461459.104,-36619452.579,,,624009.956,7652562.761,16514096.378,,,,thousands,0.001,,"{""sfp"": [73, 72, 74], ""pl"": [], ""cfs"": []}",,ok
REWM,2025,,,,19684710.19,20946078.688,40219998.059,-35516684.215,,,734653.817,,17653238.036,,,,thousands,0.001,,"{""sfp"": [75, 74, 76], ""pl"": [], ""cfs"": []}",,ok
RICL,2014,1595943.982,870724.984,725218.998,,,,,,90139.824,,,,,,,thousands,0.001,,"{""sfp"": [34, 33, 35], ""pl"": [], ""cfs"": []}",,ok
RICL,2015,1766561.392,,,,,,,,80988.637,,,,,,,thousands,0.001,,"{""sfp"": [47, 46, 48], ""pl"": [], ""cfs"": []}",,ok
RICL,2016,1811477.81,,,,,,,,100689.861,,,,,,,thousands,0.001,,"{""sfp"": [54, 53, 55], ""pl"": [], ""cfs"": []}",,ok
RICL,2017,1783449.387,,,777128.165,,,,,,186934.149,,81020.496,,,,thousands,0.001,,"{""sfp"": [52, 51, 53], ""pl"": [], ""cfs"": []}",L5,review
RICL,2018,1658653.524,802728.742,855924.782,,,348240.93,147168.784,,48997.127,144372.805,,92880.92,,-50.588,-44425.266,thousands,0.001,,"{""sfp"": [60], ""pl"": [61], ""cfs"": [64, 65]}",,ok
RICL,2019,1595486.382,661957.153,933529.229,,,,,,71211.47,131227.604,,83029.726,,,,thousands,0.001,,"{""sfp"": [58, 57, 59], ""pl"": [], ""cfs"": []}",,ok
RICL,2020,1713973.8,716339.403,997634.397,,,,,,68495.429,111310.34,,70210.045,,,,thousands,0.001,,"{""sfp"": [62, 61, 63], ""pl"": [], ""cfs"": []}",,ok
RICL,2021,1847695.707,799634.278,1048061.429,,,,,,53010.445,93709.12,,73397.593,,,,thousands,0.001,,"{""sfp"": [62, 61, 63], ""pl"": [], ""cfs"": []}",,ok
RICL,2022,1888864.379,828599.014,1060265.365,,,,,,44109.137,101815.197,,72739.091,,,,thousands,0.001,,"{""sfp"": [64, 63, 65, 118], ""pl"": [], ""cfs"": []}",L2,ok
RICL,2023,2312516.627,1090095.339,1222421.288,,,,,,171897.646,108555.276,,87159.556,,,,thousands,0.001,,"{""sfp"": [62, 61, 63, 116], ""pl"": [], ""cfs"": []}",L2,ok
RICL,2024,2945020.252,1372588.882,1572431.37,,,,,,301852.735,102206.082,,104759.877,,,,thousands,0.001,,"{""sfp"": [69, 68, 70, 121], ""pl"": [], ""cfs"": []}",L2,ok
RICL,2025,3814053.793,1730820.493,2083233.3,3293318.377,468444.369,,,,464921.306,138408.15,,145205.715,,,,thousands,0.001,,"{""sfp"": [70, 69, 71, 126], ""pl"": [], ""cfs"": []}",,ok
RMPL,2014,12898083,3216635,9681448,7721077,2541580,25196599,-20539625,4656974,2516766,,,,,-1246203,4936957,thousands,1.0,,"{""sfp"": [46, 90], ""pl"": [91, 92], ""cfs"": [93]}",,ok
RMPL,2015,14606233.0,,,8193977.0,2287557.0,24618077,-19163936,5454141,3275165,,,,,-1291579,2648037,thousands,1.0,,"{""sfp"": [92], ""pl"": [93], ""cfs"": [95]}",,ok
RMPL,2016,16424702.0,,,9367040.0,2422796.0,,,,,,,,,-2671639,4560404,thousands,1.0,,"{""sfp"": [100], ""pl"": [102], ""cfs"": [80, 79, 81]}",,ok
RMPL,2018,,,,,,29564160,-21374866,8189294,4771705,,,,,-4829487,6154895,thousands,1.0,,"{""sfp"": [35], ""pl"": [36], ""cfs"": [38]}",,ok
RMPL,2019,,,,,,35260665,-26007013,9253652,5641325,,,-313550.0,,-3941033,5062877,thousands,1.0,,"{""sfp"": [34], ""pl"": [35], ""cfs"": [37]}",,ok
RMPL,2020,,,,,,35873330,-26091010,9782320,6094231,,,-348769.0,,-3715351,7217533,thousands,1.0,,"{""sfp"": [38], ""pl"": [39], ""cfs"": [41, 40, 42]}",L5;L5,review
RMPL,2021,,,,,,42609634,-32291293,10318341,6257323,,,-516400.0,,-6459856,1496977,thousands,1.0,,"{""sfp"": [67], ""pl"": [68], ""cfs"": [70, 69, 71]}",L2,ok
RMPL,2022,,,,,,58757773,-46922243,11833530,6179385,,,-881764.0,,-2032887,768550,thousands,1.0,,"{""sfp"": [35], ""pl"": [36], ""cfs"": [38, 37, 39]}",L5;L5;L2,review
RMPL,2023,,,,,,65466700,-51475296,13991404,6912778,,,-2430755.0,,-3393020,8640752,thousands,1.0,,"{""sfp"": [34], ""pl"": [35], ""cfs"": [37, 36, 38]}",L5;L5;L2,review
RMPL,2024,,,,,,69922596,-55292529,14630067,7475113,,,-1915199.0,,-5111133,8261968,thousands,1.0,,"{""sfp"": [35], ""pl"": [36], ""cfs"": [38, 37, 39]}",L5;L5,review
RMPL,2025,59174129,30008248,29165881,47468624,28085043,73362632,-59551885,13810747,6534843,4137800,29173798,11577542,,-3969665,4329498,thousands,1.0,,"{""sfp"": [22, 36], ""pl"": [37, 38], ""cfs"": [25, 40]}",,ok
RPL,2016,5135102.432,2704516.356,2430586.076,1951213.72,1617378.561,3621881.861,-3107313.485,514568.376,261733.013,136953.332,445186.665,2919838.826,,,77552.164,thousands,0.001,,"{""sfp"": [3], ""pl"": [4], ""cfs"": [5]}",,ok
RPL,2017,8398427.28,,,4558990.712,1942744.681,4098007.176,-3545165.032,552842.144,239628.704,2034190.71,575197.025,3579989.493,,,,thousands,0.001,,"{""sfp"": [45, 44, 46, 95], ""pl"": [], ""cfs"": []}",,ok
RPL,2018,8392186.418,3249505.424,5142680.994,4548780.253,2709849.12,4031387.574,-3723230.134,308157.44,,1749293.398,631651.871,3625358.017,,,,thousands,0.001,,"{""sfp"": [70, 69, 71, 135], ""pl"": [], ""cfs"": []}",L2,ok
RPL,2019,9365971.543,3613044.29,5752927.253,4107681.253,2872293.458,5397123.941,-5091493.751,,-43915.909,1138675.457,709586.567,5107417.885,,,,thousands,0.001,,"{""sfp"": [78, 77, 79], ""pl"": [], ""cfs"": []}",,ok
RPL,2020,8862185.971,2999911.192,5862274.779,3991557.608,2305459.734,5232970.624,-4686045.061,546925.563,,328562.905,708935.191,4524161.13,,,,thousands,0.001,,"{""sfp"": [71, 70, 72, 126], ""pl"": [], ""cfs"": []}",,ok
RPL,2021,,,,,,,,,,,,,,-140711.474,353692.962,thousands,0.001,,"{""sfp"": [], ""pl"": [], ""cfs"": [42]}",,ok
RPL,2022,11425624.723,4180205.055,7245419.668,5343634.61,3289412.652,,7110112.286,,,505249.511,1350850.86,5368016.668,,,,thousands,0.001,,"{""sfp"": [83, 82, 84, 53], ""pl"": [83], ""cfs"": []}",L2.5;L5,review
RPL,2023,,4351310.121,7315039.134,,3362164.997,,-8972173.863,,,190406.713,,,,,,thousands,0.001,,"{""sfp"": [64, 63, 65], ""pl"": [64], ""cfs"": []}",,ok
RPL,2024,11863943.861,4191739.36,7672204.501,5799993.828,2895425.942,,,,,,1196541.348,5794394.825,,,,thousands,0.001,,"{""sfp"": [60, 59, 61], ""pl"": [], ""cfs"": []}",,ok
RUBY,2014,1736483.862,,,644691.839,,927881.198,-1073673.066,-145791.867,-161100.301,1879.115,437477.014,1086328.323,,,-130331.083,thousands,0.001,,"{""sfp"": [14, 15], ""pl"": [16], ""cfs"": [17]}",,ok
RUBY,2015,1653580.958,,,609920.394,371509.79,508026.159,-673626.319,-165600.16,-189827.696,2375.756,406109.152,1037950.919,,,-137127.23,thousands,0.001,,"{""sfp"": [9, 14, 15], ""pl"": [16], ""cfs"": [17]}",,ok
RUBY,2017,1477558.501,,,567587.833,484563.245,,-511561.396,-111205.336,-138458.963,1754.436,384738.058,902017.774,,,,thousands,0.001,,"{""sfp"": [16, 15, 17], ""pl"": [], ""cfs"": []}",,ok
RUBY,2018,1368844.25,,,494650.97,658605.47,,-414947.67,-89938.199,-5717.216,1339.905,333342.716,868457.835,,,,thousands,0.001,,"{""sfp"": [19, 18, 20], ""pl"": [], ""cfs"": []}",,ok
RUBY,2019,1158408.175,653890.221,504517.954,253740.576,471554.38,719481.132,821113.406,-101632.274,-109795.033,680.281,6382.808,900269.654,,,-43841.263,thousands,0.001,,"{""sfp"": [21, 24, 26], ""pl"": [22, 25], ""cfs"": [23]}",L2,ok
RUBY,2020,1034175.225,349175.033,685000.192,140911.245,276298.88,275027.255,-392426.885,-117399.63,,482.593,48190.932,888729.335,,,,thousands,0.001,,"{""sfp"": [22, 21, 23], ""pl"": [], ""cfs"": []}",,ok
RUBY,2021,1017555.848,345417.861,672137.987,153927.494,273455.695,,-262684.466,-77822.466,,768.989,83692.691,859088.709,,,,thousands,0.001,,"{""sfp"": [22, 21, 23], ""pl"": [], ""cfs"": []}",,ok
RUBY,2022,990611.821,311773.985,678837.836,157622.511,211743.902,,-27924.492,-27924.492,,9676.755,82788.853,831685.365,,,,thousands,0.001,,"{""sfp"": [23, 22, 24], ""pl"": [], ""cfs"": []}",L5;L2,review
RUBY,2023,965419.521,251822.579,,155950.659,135374.338,,-109328.917,-97030.357,,638.678,,931131.964,,,,thousands,0.001,,"{""sfp"": [24, 23, 25], ""pl"": [], ""cfs"": []}",,ok
RUBY,2024,930275.892,225387.227,,26178.128,145138.294,,,,,116.756,,,,,,thousands,0.001,,"{""sfp"": [25, 24, 26], ""pl"": [], ""cfs"": []}",,ok
RUBY,2025,904792.729,218311.497,686481.232,29136.904,170987.778,,,,,158.207,,,,,,thousands,0.001,,"{""sfp"": [25, 24, 26], ""pl"": [], ""cfs"": []}",,ok
RUPL,2014,4055053,2592264,1462789,2420290,2075711,5952659.0,-6219222.0,-266563.0,-403284,132923,894259,1630402,,,-353115,thousands,1.0,,"{""sfp"": [25, 24, 26], ""pl"": [26, 25, 27], ""cfs"": [28, 27, 29]}",,review
RUPL,2015,4288400,2922123,1366277,2229181,2263206,4841940,-4982459,-140519,-384447,19568,724138,1729858,,,154937,thousands,1.0,,"{""sfp"": [24], ""pl"": [25, 26], ""cfs"": [27]}",,ok
RUPL,2017,5728971,3391897,2337074,2353222,2799721,5025401,-4887698,137703,-120083,62920,725481,2971353,,,-157657,thousands,1.0,,"{""sfp"": [36], ""pl"": [37], ""cfs"": [39]}",,ok
RUPL,2018,5895744,3494117,2401627,2252399,2939533,6044111,-5680917,363194,64553,14482.0,824593.0,3201449.0,,,,thousands,1.0,,"{""sfp"": [45, 44, 46], ""pl"": [46, 45, 47], ""cfs"": [48, 47, 49]}",,ok
RUPL,2019,6014595,3595297,2419298,2252188,3055610,9053741,-8562629,491112,54975,32388,873093,3295511,,-33670,906402,thousands,1.0,,"{""sfp"": [53, 52, 54], ""pl"": [54, 53, 55], ""cfs"": [56, 55, 57]}",,ok
RUPL,2020,6764547,4331945,2432602,3110413,3797067,5914249,-5520731,393518,33510,310633,1042770,3082353,,-33822,-955936,thousands,1.0,,"{""sfp"": [53, 52, 54], ""pl"": [54, 53, 55], ""cfs"": [56, 55, 57]}",L5,review
RUPL,2021,6501553,3615682,2885871,2805337,3183831,7554429,-6710396,844033,453212,29739,1365309,3089935,,,989276,thousands,1.0,,"{""sfp"": [55, 54, 56], ""pl"": [56, 55, 57], ""cfs"": [58, 57, 59]}",L5,review
RUPL,2022,11524069,3726489,7797580,3755348,3507833,11229275,10035836,1193439,861092,94680.0,,6910027.0,,,,thousands,1.0,,"{""sfp"": [53, 52, 54], ""pl"": [54, 53, 55], ""cfs"": []}",L5;L5,review
RUPL,2023,12104324,4667670,7436654,3954602,4399817,11526866,11331350,195516,-184828,35767,2078450,7016059,,,,thousands,1.0,,"{""sfp"": [53, 52, 54], ""pl"": [54, 53, 55], ""cfs"": []}",,ok
RUPL,2024,13296540.0,,,4930333.0,6370039.0,10485055,10461685,23370,-822505,260598.0,,7121367.0,,,-1080134,thousands,1.0,,"{""sfp"": [64, 63, 65], ""pl"": [65, 64, 66], ""cfs"": [68, 67, 69]}",,ok
RUPL,2025,12014783,6117923,5896860,2783572,3668271,6162278,7241472,-1079194,861092.0,138422,752577,7776268,,,,thousands,1.0,,"{""sfp"": [59, 58, 60], ""pl"": [60, 59, 61], ""cfs"": []}",,ok
SAIF,2014,6365276,4560311,1804965,2860884,2973973,7925862,-6979424,946438,158333,,1485532,131355.0,,,,thousands,1.0,,"{""sfp"": [17, 16, 18], ""pl"": [19, 18, 20], ""cfs"": [20, 19, 21]}",,ok
SAIF,2015,6842209,5158931,1683278,3125792,3550537,,,,,35814,1581043,3521737,,-66032,356734,thousands,1.0,,"{""sfp"": [6, 7, 8, 9], ""pl"": [], ""cfs"": [10]}",L2,ok
SAIF,2016,8028702,,,3398906,4013600.0,6697773,-6075785,621988,-49132,37264,1765510,4604928,,,,thousands,1.0,,"{""sfp"": [24, 23, 25], ""pl"": [26, 25, 27], ""cfs"": [27, 26, 28]}",L5,review
SAIF,2017,8638863,6365810,2273053,4117924,4699275,7586301,-6823288,763013,22945,27019,2029069,4485732,,,,thousands,1.0,,"{""sfp"": [33, 34], ""pl"": [35], ""cfs"": [36, 35, 37]}",,ok
SAIF,2018,,,,,,,,,,,,,,-25997,872082,thousands,1.0,,"{""sfp"": [], ""pl"": [], ""cfs"": [47, 46, 48]}",,ok
SAIF,2019,10002748,,,4561245,,8975842,-7938029,1037813,830319,30110,2340074,5400232,,-19443,389495,thousands,1.0,,"{""sfp"": [43, 44], ""pl"": [45], ""cfs"": [47, 46, 48]}",,ok
SAIF,2020,11886994,,,5283087,,7651433,-7014015,637418,-671610,40567,2517269,6552480,,,,thousands,1.0,,"{""sfp"": [19, 20], ""pl"": [21, 22], ""cfs"": []}",,ok
SAIF,2021,11906244,8236132,3670112,5415518,5994101,10646677,-8750026,1891651,526877,44278,2308744,6433338,,,1250998,thousands,1.0,,"{""sfp"": [43, 44], ""pl"": [45], ""cfs"": [47, 46, 48]}",,ok
SAIF,2022,13871349,,,,,,,,,,,,,,534744,thousands,1.0,,"{""sfp"": [30, 29, 31], ""pl"": [], ""cfs"": [49, 48, 50]}",,ok
SAIF,2023,13460811,,,5081785,,11692412,-11229995,462417,-1133861,16195,2793847,8305579,,,1335350,thousands,1.0,,"{""sfp"": [43, 44], ""pl"": [45, 46], ""cfs"": [47, 46, 48]}",,ok
SAIF,2024,14294335,,,6322239,,12248662,-10455383,1793279,282077.0,20723,3675635,7923952,,,843804,thousands,1.0,,"{""sfp"": [45, 46], ""pl"": [47], ""cfs"": [50, 49, 51]}",,ok
SAIF,2025,14321175,10573965,3747210,6654355,8765188,11593946,-10360442,1233504,11566.0,,2912842,7595727,,,1023318,thousands,1.0,,"{""sfp"": [49, 50], ""pl"": [51], ""cfs"": [54, 53, 55]}",,ok
SALT,2013,3901454.201,,,1538820.607,1039180.543,3925774.31,-3243405.331,682368.979,359892.649,53038.015,1049399.719,2356478.239,,,,thousands,0.001,,"{""sfp"": [24, 23, 25], ""pl"": [], ""cfs"": []}",L5,review
SALT,2014,3847908.495,1657202.709,2190705.786,1320928.875,1064408.863,4612763.633,-4216656.553,396107.08,34822.036,36297.774,849720.208,2520998.933,,,,thousands,0.001,,"{""sfp"": [26, 25, 27], ""pl"": [], ""cfs"": []}",,ok
SALT,2015,5062159.573,2525618.711,2536540.862,1698030.658,1736002.296,4448355.699,-4179355.526,269000.173,,41137.964,956770.678,3359643.727,,,,thousands,0.001,,"{""sfp"": [26, 25, 27], ""pl"": [], ""cfs"": []}",,ok
SALT,2016,4974357.927,2826825.296,2147532.631,1516315.696,1955210.978,4975582.877,-4957342.852,18240.025,-384224.374,45962.676,730729.126,3454697.47,,,,thousands,0.001,,"{""sfp"": [28, 27, 29], ""pl"": [], ""cfs"": []}",,ok
SALT,2017,5626565.453,,,2236467.579,2775394.166,5284257.682,-4892328.698,391928.984,,17411.562,1375917.453,3388008.241,,,,thousands,0.001,,"{""sfp"": [28, 27, 29], ""pl"": [], ""cfs"": []}",,ok
SALT,2018,6397850.692,3138180.381,,2174614.539,2596249.994,5958498.617,-5285316.364,673182.253,234440.017,9716.04,1111076.97,4220702.992,,,,thousands,0.001,,"{""sfp"": [33, 32, 34], ""pl"": [], ""cfs"": []}",,ok
SALT,2019,8472089.786,,,3122605.938,3740766.017,,-6263343.896,507285.053,,6962.725,2211910.712,5330656.869,,,,thousands,0.001,,"{""sfp"": [87, 86, 88], ""pl"": [], ""cfs"": []}",,ok
SALT,2020,8106803.661,4078884.71,4027918.951,2669298.274,3285498.01,,-5769924.269,528528.416,234440.0,9046.798,1719749.607,5432755.324,,,,thousands,0.001,,"{""sfp"": [83, 82, 84], ""pl"": [], ""cfs"": []}",,ok
SANE,2014,1222940.155,,,427173.316,,1447051.095,-1425997.233,21053.862,-47524.281,1830.92,276790.585,788647.359,,,15895.104,thousands,0.001,,"{""sfp"": [14, 15], ""pl"": [16], ""cfs"": [17]}",,ok
SANE,2015,1195181.914,,,360920.961,,1266758.386,-1387439.706,-120681.32,-125470.768,1791.855,209701.247,827231.473,,,,thousands,0.001,,"{""sfp"": [13, 15, 16], ""pl"": [17, 18], ""cfs"": []}",,ok
SANE,2017,1153436.364,860873.331,292563.033,550708.087,683488.925,1660317.705,-1620325.288,39992.417,-27584.76,8283.975,233838.716,505354.011,,-29976.774,41891.089,thousands,0.001,,"{""sfp"": [21, 28], ""pl"": [22], ""cfs"": [24]}",,ok
SANE,2019,871344.663,,-319703.222,160286.155,998953.93,,,,-32203.772,252.511,90012.572,694591.448,,,,thousands,0.001,,"{""sfp"": [16, 17], ""pl"": [18], ""cfs"": [19]}",L3,ok
SANE,2020,840907.149,,-350448.636,160286.155,1000091.801,,,,-30745.414,252.511,90012.572,664153.934,,,-207.9,thousands,0.001,,"{""sfp"": [16, 17], ""pl"": [18], ""cfs"": [19]}",L3,ok
SANE,2021,812044.456,1191663.684,-379619.229,160286.155,1000399.701,,,,-29170.593,252.511,90012.572,635291.241,,,,thousands,0.001,,"{""sfp"": [19, 20, 21], ""pl"": [22, 23], ""cfs"": []}",L3,ok
SANE,2022,784670.933,,-407432.752,160286.155,1000839.701,,,,-27813.523,252.511,90012.572,607917.718,,,,thousands,0.001,,"{""sfp"": [15, 20, 21, 22, 24], ""pl"": [23], ""cfs"": []}",L3,ok
SANE,2023,758706.225,,,160286.155,938121.501,,,,-26494.508,252.511,90012.572,581953.01,,,,thousands,0.001,,"{""sfp"": [20, 19, 21], ""pl"": [], ""cfs"": []}",,ok
SANE,2024,734074.844,,-458923.641,160286.155,935386.501,,,,-24996.381,252.511,90012.572,557321.629,,,,thousands,0.001,,"{""sfp"": [20, 19, 21], ""pl"": [], ""cfs"": []}",L3,ok
SANE,2025,710705.788,,,160286.155,936256.726,,,,-23639.281,252.511,90012.572,533952.573,,,,thousands,0.001,,"{""sfp"": [20, 19, 21], ""pl"": [], ""cfs"": []}",,ok
SANSM,2013,1236578,735012,501566,461593,449759,2771454,2622882,148572,,21717,302300,729685,,,457180,thousands,1.0,,"{""sfp"": [15, 14, 16], ""pl"": [16, 15, 17], ""cfs"": [18, 17, 19]}",L5;L5,review
SANSM,2014,1826456,1028308,798148,670133,684296,3196951,2983202,213749,,,442118.0,1146348.0,,,,thousands,1.0,,"{""sfp"": [22, 21, 23], ""pl"": [23, 22, 24], ""cfs"": [25, 24, 26]}",,ok
SANSM,2015,1900503,1039868,860635,688656,610879,2869164,2612077,257087,57400,,560944.0,1166639.0,,,,thousands,1.0,,"{""sfp"": [22, 21, 23], ""pl"": [23, 22, 24], ""cfs"": [25, 24, 26]}",,ok
SANSM,2016,2424907,1561470,863437,915207,1003871,2832657,2681075,151582,13953,123255,606067,1464904,,-23892,,thousands,1.0,,"{""sfp"": [40, 39, 41], ""pl"": [41, 40, 42], ""cfs"": [43, 42, 44]}",L5,review
SANSM,2017,3087385,2518220,569165,1302916,1876172,2583232,2653892,-70660,-287104,19721,1095532,1745496,,,-566933,thousands,1.0,,"{""sfp"": [54, 53, 55], ""pl"": [55, 54, 56], ""cfs"": [57, 56, 58]}",,ok
SANSM,2018,4068853.0,,,1135449.0,1899396.0,3405535,3307015,98520,19426,,790044.0,2909416.0,,,,thousands,1.0,,"{""sfp"": [66, 65, 67], ""pl"": [67, 66, 68], ""cfs"": [69, 68, 70]}",,ok
SANSM,2019,3640773,2416919,1223854,815755,1751333,2770439,2638661,131778,-98855,37662,604493,2807695,,,,thousands,1.0,,"{""sfp"": [68, 67, 69], ""pl"": [69, 68, 70], ""cfs"": [71, 70, 72]}",L5,review
SANSM,2020,3339985,2231877,1108108,606939,1475757,2938182,2782021,156161,-118755,69424,249959,2712815,,,,thousands,1.0,,"{""sfp"": [81, 80, 82], ""pl"": [82, 81, 83], ""cfs"": [85, 84, 86]}",,ok
SANSM,2021,3856459,2775614,1080845,1220197,2177765,2855344,2827140,28204,-29826,54818,778811,2615681,,,,thousands,1.0,,"{""sfp"": [100, 99, 101], ""pl"": [101, 100, 102], ""cfs"": [104, 103, 105]}",,ok
SANSM,2022,5334740,3369665,1965075,1622488,2519220.0,3872185,3511544,360641,,50901.0,1263429.0,3707666.0,,,,thousands,1.0,,"{""sfp"": [100, 99, 101], ""pl"": [101, 100, 102], ""cfs"": [104, 103, 105]}",,ok
SANSM,2023,5021593.0,,,1468147.0,2195681.0,3922156,3402414,519742,1609.0,119531.0,977463.0,3552387.0,,,,thousands,1.0,,"{""sfp"": [102, 101, 103], ""pl"": [103, 102, 104], ""cfs"": [106, 105, 107]}",,ok
SANSM,2024,5308643,3399719,1908924,1882399,2410882,5415294,5075967,339327,104883.0,50457,1497402,3425535,,,,thousands,1.0,,"{""sfp"": [140, 139, 141], ""pl"": [141, 140, 142], ""cfs"": [144, 143, 145]}",,ok
SANSM,2025,6019954,2896971,3122983,994729,1328983,6739085,-6099346,639739,142686,107040,493410,5020685,,,,thousands,1.0,,"{""sfp"": [158, 157, 159], ""pl"": [159, 158, 160], ""cfs"": [162, 161, 163]}",,ok
SAPL,2013,6532955,4306342,2226613,4676088,3669841,8791590,-6113665,2677925,309825,21925,2451046,1845108,,-120007,-351726,thousands,1.0,,"{""sfp"": [107, 106, 108], ""pl"": [108, 107, 109], ""cfs"": [110, 109, 111]}",L5,review
SAPL,2014,7832747,5440600,2392147,5802198,4808324,9949460,-7415178,2534282,,,3758056,2018562,,,,thousands,1.0,,"{""sfp"": [55, 54, 56], ""pl"": [55, 54, 56], ""cfs"": []}",L5,review
SAPL,2015,7407170,4997144,2410026,5372603,4399129,10785879,-7979762,2806117,66477,25484,2851317,2013546,,-67189,792056,thousands,1.0,,"{""sfp"": [46, 45, 47, 67], ""pl"": [47, 46, 48], ""cfs"": [49, 48, 50]}",,ok
SAPL,2016,6818752,3406412,3412340,4931595,2849736,11890235,-7869106,4021129,1018922,50440,2644100,1866455.0,,-28844,1909686,thousands,1.0,,"{""sfp"": [79, 78, 80], ""pl"": [80, 79, 81], ""cfs"": [82, 81, 83]}",L5,review
SAPL,2017,6625062,2476444,4148618,4897508,2476444,12446052,-8010281,4435771,1006121,15844,2406335,1701285,,-288099,1329491,thousands,1.0,,"{""sfp"": [49, 48, 50], ""pl"": [50, 49, 51], ""cfs"": [52, 51, 53]}",,ok
SAPL,2018,7805730.0,,,6083289.0,3780457.0,12960839,-9014226,3946613,612792,254648.0,2879645.0,1661132.0,,-431372,1248077,thousands,1.0,,"{""sfp"": [89, 88, 90], ""pl"": [90, 89, 91], ""cfs"": [92, 91, 93]}",,ok
SAPL,2019,7696039,3606587,4089452,5910884,3604995,14500678,-10775718,3724960,154836,30779,2544188,1650113,,-288170,-31058,thousands,1.0,,"{""sfp"": [57, 56, 58], ""pl"": [58, 57, 59], ""cfs"": [60, 59, 61]}",,ok
SAPL,2020,8653346,4091248,4562098,6745834,3884012,14107802,-10303005,3804797,493067,53235,3210363,1741583,,-77017,398249,thousands,1.0,,"{""sfp"": [61, 60, 62], ""pl"": [62, 61, 63], ""cfs"": [64, 63, 65]}",,ok
SAPL,2021,9274481,4055960,5218521,7326196,4002944,15880932,-11758221,4122711,905952,784295,3919660,1654157,,-192530,1533502,thousands,1.0,,"{""sfp"": [63, 62, 64], ""pl"": [64, 63, 65], ""cfs"": [66, 65, 67]}",L5,review
SAPL,2022,12331671,7301979,5029692,10244793,7260135,18559884,-13688965,4870919.0,166783,233196,4550693,1884260,,-288418,-1270352,thousands,1.0,,"{""sfp"": [45, 44, 46], ""pl"": [46, 45, 47], ""cfs"": [48, 47, 49]}",,ok
SAPT,2013,18842128.172,7430316.147,11411812.025,9203715.129,6188485.99,,,4204862.559,,103436.686,4908046.675,5773038.211,,,,thousands,0.001,,"{""sfp"": [17, 16, 18, 70], ""pl"": [], ""cfs"": []}",,ok
SAPT,2014,22050550.287,8709935.11,13340615.177,8324019.651,5944456.219,,,,,97713.627,3776222.4,8080933.699,,,,thousands,0.001,,"{""sfp"": [19, 18, 20, 74], ""pl"": [], ""cfs"": []}",,review
SAPT,2015,28087804.661,13717633.508,14370171.153,9207109.411,7800847.121,,,,,50080.021,3969334.963,8751209.578,,,,thousands,0.001,,"{""sfp"": [22, 21, 23, 74], ""pl"": [], ""cfs"": []}",,ok
SAPT,2016,31800656.888,16896675.721,14903981.167,11583158.478,9676419.041,,,,,99706.069,4281470.839,9522840.324,,,,thousands,0.001,,"{""sfp"": [18, 17, 19, 73], ""pl"": [], ""cfs"": []}",,ok
SAPT,2017,42530204.018,,16994754.65,14030361.0,11806321.17,,,,,72134.493,5326583.336,10575291.482,,,,thousands,0.001,,"{""sfp"": [25, 24, 26, 76], ""pl"": [], ""cfs"": []}",,ok
SAPT,2018,42330151.035,26307895.833,16022255.202,15347245.872,12977356.576,,-25360086.618,,,55448.646,,11415325.178,,,,thousands,0.001,,"{""sfp"": [31, 30, 32, 93], ""pl"": [], ""cfs"": []}",,ok
SAPT,2019,44211791.189,,16382080.342,17103930.01,15063018.074,,-28847019.067,,,96759.191,,12679723.703,,,,thousands,0.001,,"{""sfp"": [32, 31, 33, 92], ""pl"": [], ""cfs"": []}",,ok
SAPT,2020,44446280.135,27969732.188,16476547.947,17482684.007,13899813.558,,-29195495.154,4834691.134,,67540.738,8910912.161,13119291.362,,,,thousands,0.001,,"{""sfp"": [52, 51, 53, 127], ""pl"": [], ""cfs"": []}",,ok
SAPT,2021,51798412.096,30779826.307,21018585.789,22590928.791,16121257.617,,-32120873.453,6350113.495,,75583.304,1288511.156,14714164.784,,,,thousands,0.001,,"{""sfp"": [49, 48, 50, 119], ""pl"": [], ""cfs"": []}",,ok
SAPT,2022,70642624.584,44532951.751,26109672.833,36804645.288,28671603.292,,-49514315.665,11859068.113,,98630.045,23145128.677,19921.336,,,,thousands,0.001,,"{""sfp"": [53, 52, 54, 126], ""pl"": [], ""cfs"": []}",L5;L2,review
SAPT,2023,171509888.1,108581865.433,62928022.667,73640240.135,47953363.472,,-80143163.963,29353817.076,3291173.0,14542732.395,30544789.09,90519780.639,,,,thousands,0.001,,"{""sfp"": [124, 123, 125], ""pl"": [], ""cfs"": []}",,ok
SAPT,2024,83015927,46099074,36916853,41256362,28865552,82399261,-71336288,11062973,5173736,330173,24533274,25066182,,-216646,1489526,thousands,1.0,,"{""sfp"": [73], ""pl"": [74], ""cfs"": [77]}",,ok
SARC,2013,154931.985,,,123568.617,43853.313,,136422.862,37955.188,,5089.803,28513.411,28881.068,,,,thousands,0.001,,"{""sfp"": [13, 12, 14], ""pl"": [], ""cfs"": []}",,ok
SARC,2014,159802.477,52821.357,106981.12,132554.513,45940.036,,167590.596,39117.422,,5763.511,23999.689,24765.664,,,,thousands,0.001,,"{""sfp"": [13, 12, 14], ""pl"": [], ""cfs"": []}",,ok
SARC,2015,158907.41,48282.847,110624.563,135960.858,43729.592,202178.685,-163707.433,38471.252,3643.443,6546.02,32669.998,21205.852,,,-5793.345,thousands,0.001,,"{""sfp"": [14, 15, 18], ""pl"": [16], ""cfs"": [19]}",,ok
SARC,2016,157543.991,,,,,195556.597,,37553.497,,,,,,,,thousands,0.001,,"{""sfp"": [], ""pl"": [], ""cfs"": []}",,ok
SARC,2017,,,,,,190662.109,151941.433,38720.676,3955.224,,,,,-1500.0,23505.243,thousands,0.001,,"{""sfp"": [18], ""pl"": [19], ""cfs"": [22]}",,ok
SARC,2018,,,,,,204826.17,-151964.968,52861.202,10562.283,,,,,,10545.553,thousands,0.001,,"{""sfp"": [21], ""pl"": [22], ""cfs"": [25]}",,ok
SARC,2019,175909.55,,,,,268425.73,,63611.939,,,,,,,,thousands,0.001,,"{""sfp"": [], ""pl"": [], ""cfs"": []}",,ok
SARC,2020,205333.913,,,,,257958.424,,77315.109,,,,,,,,thousands,0.001,,"{""sfp"": [], ""pl"": [], ""cfs"": []}",,ok
SARC,2021,242051.225,,,,,340494.701,,112250.43,,,,,,,,thousands,0.001,,"{""sfp"": [], ""pl"": [], ""cfs"": []}",,ok
SARC,2022,317751.705,,,,,412689.78,,104106.325,,,,,,,,thousands,0.001,,"{""sfp"": [], ""pl"": [], ""cfs"": []}",,ok
SARC,2023,,,,293787.061,68978.356,366290.799,-258271.168,,24328.852,18739.826,103345.105,29880.529,,,,thousands,0.001,,"{""sfp"": [22, 21, 23], ""pl"": [], ""cfs"": []}",,ok
SARC,2024,429072.774,124910.609,304162.165,338308.097,80603.932,503869.911,-328355.551,175514.36,52329.429,13093.163,120561.011,86191.447,,,,thousands,0.001,,"{""sfp"": [21, 20, 22], ""pl"": [], ""cfs"": []}",,ok
SARC,2025,,,,382341.132,78859.08,533859.533,-385455.189,148404.344,45603.958,22025.392,132325.177,78922.76,,,,thousands,0.001,,"{""sfp"": [21, 20, 22], ""pl"": [], ""cfs"": []}",,ok
SASML,2014,,,,580449.81,754152.809,2212511.073,-2119935.444,92575.629,-85547.632,8647.533,,1458875.323,,,,thousands,0.001,,"{""sfp"": [15, 14, 16], ""pl"": [], ""cfs"": []}",,ok
SASML,2015,,,,868488.337,949300.233,2100602.765,-2017880.016,82722.749,-53853.558,81360.256,,1353513.59,,,,thousands,0.001,,"{""sfp"": [13, 12, 14], ""pl"": [], ""cfs"": []}",,ok
SASML,2016,,,,594957.278,508714.072,3160906.955,-3015525.171,145381.784,-25036.905,83194.818,,2012259.205,,,,thousands,0.001,,"{""sfp"": [14, 13, 15], ""pl"": [], ""cfs"": []}",,ok
SASML,2017,,,,1558721.131,1557778.662,2015771.967,-2274930.479,-259158.512,-400590.009,20019.813,,1932954.585,,,,thousands,0.001,,"{""sfp"": [21, 20, 22], ""pl"": [], ""cfs"": []}",,ok
SASML,2018,,,,646227.44,1371325.073,4216372.059,-3867186.406,,,25761.888,,2801755.471,,,,thousands,0.001,,"{""sfp"": [30, 29, 31], ""pl"": [], ""cfs"": []}",,ok
SASML,2019,,,,4641302.546,803449.815,2211305.116,-1876975.908,334329.208,49653.685,23126.351,,2604746.154,,,,thousands,0.001,,"{""sfp"": [35, 34, 36], ""pl"": [], ""cfs"": []}",,ok
SASML,2020,,,,919263.024,847268.108,,-2940401.702,85350.634,,39876.278,,2395853.223,,,,thousands,0.001,,"{""sfp"": [29, 28, 30], ""pl"": [], ""cfs"": []}",,ok
SASML,2021,4750148.546,3021799.908,,1503777.227,1422715.809,,-2093327.033,160386.429,-80156.086,25936.926,,3245126.564,,,,thousands,0.001,,"{""sfp"": [30, 29, 31], ""pl"": [], ""cfs"": []}",,ok
SASML,2022,,,,,,3392097.376,-3100021.653,292075.723,-40940.073,,,,,,134003.071,thousands,0.001,,"{""sfp"": [31], ""pl"": [32, 33], ""cfs"": [35]}",,ok
SASML,2023,4390002.659,2329225.437,2060777.222,1372123.084,864722.086,5534665.598,-4401400.408,1133265.19,373368.657,145742.782,842119.799,3015168.72,,,1167857.263,thousands,0.001,,"{""sfp"": [37], ""pl"": [38, 39], ""cfs"": [41]}",,ok
SASML,2024,6803952.85,3901577.789,2902375.061,2256095.4,2261570.249,5766181.054,-5482503.274,283677.78,373369.0,47408.857,1752797.631,4545824.136,,-16910.535,-1180694.157,thousands,0.001,,"{""sfp"": [37], ""pl"": [38, 39], ""cfs"": [41]}",,ok
SASML,2025,6656423.698,3479829.777,3176593.921,2274922.354,2259129.231,,-5607264.56,588511.511,,272021.355,,4373427.004,,,,thousands,0.001,,"{""sfp"": [40, 39, 41], ""pl"": [], ""cfs"": []}",,ok
SAZEW,2013,1003246.855,,,743990.005,,1881495.911,1678876.991,202618.92,66507.038,127543.489,388505.301,251499.116,,-17839.566,181212.735,thousands,0.001,,"{""sfp"": [18, 19], ""pl"": [20], ""cfs"": [22]}",,ok
SAZEW,2014,972378.323,,,704616.418,4325.723,2105849.488,1897309.026,208540.462,60441.273,31791.683,473780.687,258822.407,,,,thousands,0.001,,"{""sfp"": [22, 21, 23], ""pl"": [], ""cfs"": []}",L5;L5;L5,review
SAZEW,2015,1088661.921,471742.438,616919.483,826418.702,364994.188,2473657.974,2239442.939,234215.035,73682.904,18282.048,550465.977,250596.211,,-35585.176,25938.639,thousands,0.001,,"{""sfp"": [13, 16, 20, 21], ""pl"": [22, 23], ""cfs"": [24]}",,ok
SAZEW,2016,1177678.89,,689414.759,918130.775,369705.94,2873866.541,2585180.116,288686.425,107669.738,166898.133,486882.925,244518.158,,-35743.739,212307.966,thousands,0.001,,"{""sfp"": [24, 25], ""pl"": [26, 27], ""cfs"": [28]}",,ok
SAZEW,2017,1408442.596,,773788.306,858128.31,496318.656,3618144.493,3238663.489,379481.004,142821.941,67302.89,548124.95,533007.173,,-48944.527,259186.773,thousands,0.001,,"{""sfp"": [30, 31], ""pl"": [32, 33], ""cfs"": [35]}",,ok
SAZEW,2018,1606863.202,,,876929.299,489952.58,3968217.11,3523304.219,444912.891,186005.018,35324.803,477786.294,708803.655,,,,thousands,0.001,,"{""sfp"": [40, 39, 41], ""pl"": [], ""cfs"": []}",,ok
SAZEW,2019,1970918.482,,,944515.426,555574.092,3218523.838,2887801.507,330722.331,81997.158,5967.361,645847.73,998079.388,,,,thousands,0.001,,"{""sfp"": [36, 35, 37], ""pl"": [], ""cfs"": []}",,ok
SAZEW,2020,2820170.19,,,1449087.424,586725.077,2891754.502,2598740.361,293014.141,27633.547,448819.055,660110.327,1318332.806,,,,thousands,0.001,,"{""sfp"": [46, 45, 47], ""pl"": [], ""cfs"": []}",,ok
SAZEW,2021,4658240.199,2818388.424,1839851.775,2725500.239,2272398.737,4033601.008,3666877.339,366723.669,75795.322,14977.092,817897.347,1844421.043,,,,thousands,0.001,,"{""sfp"": [43, 42, 44], ""pl"": [], ""cfs"": []}",,ok
SAZEW,2022,,,,7520.318,2498331.108,10048117.887,9381272.016,666845.871,117839.528,2809190.5,179841.812,284.624,,,,thousands,0.001,,"{""sfp"": [43, 42, 44], ""pl"": [], ""cfs"": []}",,ok
SAZEW,2023,7685132.987,,,4764806.291,4188445.961,18174296.868,15624820.657,2549476.211,995076.624,1028805.085,1680009.484,2861287.076,,,,thousands,0.001,,"{""sfp"": [44, 43, 45], ""pl"": [], ""cfs"": []}",,ok
SAZEW,2024,29226022.904,19121936.217,10104086.687,24617142.867,18246610.505,57642468.564,-41996098.564,15646370.0,,7761682.665,14318096.914,4560374.008,,,,thousands,0.001,,"{""sfp"": [171, 170, 172], ""pl"": [], ""cfs"": []}",,ok
SAZEW,2025,41736856.678,18029159.218,23707697.46,33713714.124,17085804.218,108694499.692,-77052448.989,31642050.703,,16596492.181,,7939921.844,,,,thousands,0.001,,"{""sfp"": [201, 200, 202], ""pl"": [], ""cfs"": []}",L2.5,review
SBL,2013,,11025.0,,,,,,,,,,,,,,thousands,,,"{""sfp"": [], ""pl"": [], ""cfs"": [20, 19, 21]}",,ok
SBL,2014,,,,,,1912037,,,226081.0,,,,,,,thousands,,,"{""sfp"": [], ""pl"": [9, 8, 10], ""cfs"": [17, 16, 18]}",,ok
SBL,2015,,,,,,,,,,,,,,,27066960,thousands,,,"{""sfp"": [], ""pl"": [], ""cfs"": [36, 35, 37]}",,ok
SBL,2016,,23149.0,,,,,,,,,,,,,14243363,thousands,,,"{""sfp"": [43], ""pl"": [44], ""cfs"": [46, 45, 47]}",,ok
SBL,2017,117151047,104442853,12708194,,,,,,738853,3887745,,1246618,,,,thousands,1.0,,"{""sfp"": [36, 101, 102], ""pl"": [37, 38], ""cfs"": [39, 38, 40]}",L5;L5;L5,review
SBL,2018,122764587,109980832,12783755,,,3475150,,,682729,5154790,,1064563,,,,thousands,1.0,,"{""sfp"": [24], ""pl"": [25], ""cfs"": [27, 26, 28]}",L2,ok
SBL,2019,197156156,115398.0,,,,4365231,,,686458,,,1803713,,,,thousands,1.0,,"{""sfp"": [28, 34, 35, 48, 51, 53, 54, 60, 64, 65, 66, 69], ""pl"": [29, 30], ""cfs"": [31, 30, 32]}",L5,review
SBL,2020,,,,,,5040214,,,1011669,,,1939123,,,,thousands,,,"{""sfp"": [34, 76, 79, 82, 84], ""pl"": [35, 36], ""cfs"": [37, 36, 38]}",,ok
SBL,2021,201139516,185239090,15900426,,,5777140,,,788978,7839066,,2981656,,-740302,23335891,thousands,1.0,,"{""sfp"": [32, 77, 80], ""pl"": [33, 34, 82], ""cfs"": [35]}",L5;L5,review
SBL,2022,,164421000.0,,,,,,,,,,,,-592529000.0,-16338667000.0,thousands,1000.0,,"{""sfp"": [], ""pl"": [], ""cfs"": [35, 34, 36]}",,ok
SBL,2023,178733859,162370678,16363181,,,,,,,,,,,,-2796844,thousands,1.0,,"{""sfp"": [34], ""pl"": [35, 36], ""cfs"": [37, 36, 38]}",L5;L2,review
SBL,2024,182485989,165260803,17225186,,,9012933,,,699332,9210303,,1845461,,,28517985,thousands,1.0,,"{""sfp"": [32, 97, 98], ""pl"": [33, 34], ""cfs"": [35, 34, 36]}",L5;L5,review
SCBPL,2016,356405.0,,,,,26755.0,,,,,,,,,,thousands,,,"{""sfp"": [], ""pl"": [], ""cfs"": []}",,ok
SCBPL,2018,394508000.0,,,,,24214000.0,,,10528000.0,,,,,,,thousands,1000.0,,"{""sfp"": [], ""pl"": [], ""cfs"": []}",,ok
SCBPL,2019,619970585,547054082,72916503,,,39076315,,,16017447,61290428,,10563451,,-10630906,-14799187,thousands,1.0,,"{""sfp"": [48], ""pl"": [49, 50], ""cfs"": [51, 50, 52]}",L5;L5;L2,review
SCBPL,2020,721904745,640226935,81677810,,,40939803,,,13132982,54366569,,11910762,,-6765790,94101844,thousands,1.0,,"{""sfp"": [48], ""pl"": [49, 50], ""cfs"": [52, 51, 53]}",L5;L5;L2,review
SCBPL,2021,839425540,,,,,37393383,,,13727672,,,,,-11392837,102340130,thousands,1.0,,"{""sfp"": [49], ""pl"": [50, 51], ""cfs"": [53, 52, 54]}",L5;L5;L2,review
SCBPL,2022,927288972,839768093,87520879,,,62649443,,,19844375,68918645,,11474182,,-4926565,90162875,thousands,1.0,,"{""sfp"": [50], ""pl"": [51, 52], ""cfs"": [54, 53, 55]}",L5;L5;L2,review
SCBPL,2023,1001947832,905725169,96222663,,,107484064,,,42621831,81690671,,12666335,,-2298427,-222259497,thousands,1.0,,"{""sfp"": [52], ""pl"": [53, 54], ""cfs"": [56, 55, 57]}",L5;L5,review
SCBPL,2024,1057292060.0,,,,,118171954,,,46066764,,,11380991.0,,,,thousands,1.0,,"{""sfp"": [], ""pl"": [48, 47, 49], ""cfs"": []}",,ok
SCBPL,2025,872871088,762409025,110462063,,,80553356,,,28780854,80790333,,10985897,,-42466057,11681279,thousands,1.0,,"{""sfp"": [48], ""pl"": [49, 50], ""cfs"": [52, 51, 53]}",L5;L5,review
SCL,2013,694704.273,,245707.659,342981.859,279587.956,1218938.348,-871932.88,347005.468,37542.703,2043.819,259658.521,350100.956,,-5862.402,37594.063,thousands,0.001,,"{""sfp"": [35], ""pl"": [36], ""cfs"": [37]}",,ok
SCL,2014,733260.202,472361.315,260898.887,364392.236,298946.554,1174856.539,-809115.849,365740.69,23162.565,1021.413,286255.632,360337.97,,,,thousands,0.001,,"{""sfp"": [29, 35, 38], ""pl"": [36, 37], ""cfs"": []}",,ok
SCL,2015,683591.183,,301771.34,324406.343,248174.014,1248961.378,-870750.56,378210.818,47649.814,744.995,246771.432,353465.199,,-5824.214,148305.52,thousands,0.001,,"{""sfp"": [33, 37, 38], ""pl"": [34, 35], ""cfs"": [36]}",,ok
SCL,2016,711712.371,385560.821,326151.55,349273.963,304303.856,1548321.733,-1041712.545,506609.188,46843.061,1023.38,275374.607,357303.783,,-19383.325,42894.398,thousands,0.001,,"{""sfp"": [32], ""pl"": [33, 34], ""cfs"": [35]}",,ok
SCL,2017,831102.565,478292.202,352810.363,382143.599,319528.953,1662086.046,-1089614.042,572472.004,48612.977,1088.705,269903.709,444273.154,,-19416.719,45474.942,thousands,0.001,,"{""sfp"": [31], ""pl"": [32, 33], ""cfs"": [34]}",,ok
SCL,2018,850844.843,449631.047,401213.796,404864.446,361847.395,1678897.969,1067416.649,611481.32,67903.433,1257.178,251156.278,441122.786,,-19339.738,6494.3,thousands,0.001,,"{""sfp"": [39], ""pl"": [40], ""cfs"": [42]}",,ok
SCL,2019,1140649.606,711728.203,428921.403,5239.724,567890.669,1778794.872,-1222057.829,556737.043,24329.724,1543.982,392317.143,607865.757,,,,thousands,0.001,,"{""sfp"": [52, 51, 53], ""pl"": [], ""cfs"": []}",L5,review
SCL,2020,1444101.204,950208.209,493892.995,649889.416,601326.535,1708620.654,-1292601.578,416019.076,,1460.494,452376.885,784876.532,,,,thousands,0.001,,"{""sfp"": [47, 46, 48], ""pl"": [], ""cfs"": []}",,ok
SCL,2021,1512571.54,918573.772,593997.768,731721.87,608943.705,2148550.393,-1484717.849,663832.544,155104.773,3746.928,453390.07,656221.677,,,,thousands,0.001,,"{""sfp"": [42, 45, 46], ""pl"": [43, 44], ""cfs"": []}",,ok
SCL,2022,2401735.548,,,1030093.157,1188992.865,2662054.711,-2023761.461,638293.25,17761.965,3645.251,775365.798,1253740.084,,,,thousands,0.001,,"{""sfp"": [42, 41, 43], ""pl"": [], ""cfs"": []}",,ok
SCL,2023,2926837.699,2177913.811,748923.888,1437537.427,1584549.448,4357631.431,-3225280.381,1132351.05,144964.155,4495.616,961081.359,1375007.609,,,,thousands,0.001,,"{""sfp"": [38, 37, 39], ""pl"": [], ""cfs"": []}",,ok
SCL,2024,2731302.371,2095057.87,636244.501,1155277.627,1627761.518,3867121.389,-2996365.848,870755.541,,5622.551,840059.733,1463511.635,,,,thousands,0.001,,"{""sfp"": [38, 37, 39], ""pl"": [], ""cfs"": []}",,ok
SCL,2025,2244450.683,1110863.704,,1016121.83,883058.087,2965832.976,-2268302.548,697530.428,144964.0,7087.523,639929.637,1227047.187,,,,thousands,0.001,,"{""sfp"": [43, 42, 44], ""pl"": [], ""cfs"": []}",,ok
SEARL,2014,6658424,2815337,3843087,3406649,2064455,6071823,3594642,2477181,876057,106799,1012255,560152,,-94330,371777,thousands,1.0,,"{""sfp"": [39, 38, 40, 119], ""pl"": [41, 120], ""cfs"": [42, 41, 43, 122]}",L5;L5;L5;L2,review
SEARL,2017,13845775,3477417,10368358,7853091,3216100,10753751,-6574400,4179351,2638745,92153,1050790,1235640,,,,thousands,1.0,,"{""sfp"": [47, 46, 48, 110], ""pl"": [48, 47, 49, 111], ""cfs"": [49, 48, 50, 112]}",L5,review
SEARL,2018,18093641,5779119,12314522,12040133,5702587,12911141,-8473767,4437374,3049164,137036,2294306,1714141,,-1181657,227954,thousands,1.0,,"{""sfp"": [55, 54, 56], ""pl"": [56, 55, 57], ""cfs"": [58, 57, 59]}",L5,review
SEARL,2019,23301570.0,8783665,14517905,16105325,8634605,14537198,-9616862,4920336,2641946,204547,2194650,2879439,,,,thousands,1.0,,"{""sfp"": [65, 64, 66, 158], ""pl"": [66, 65, 67], ""cfs"": []}",,review
SEARL,2020,25381165,8510347,16870818,17522747,7890524,16567219,-8295187,8272032,2455077,299624,2632887,3707635,,-496767,-307054,thousands,1.0,,"{""sfp"": [61, 60, 62, 140], ""pl"": [62, 61, 63, 141, 142], ""cfs"": [64, 63, 65, 144]}",L5,review
SEARL,2021,43925523.0,19437869.0,,18247666.0,9416962.0,16569596,8020891,8548705,2122924,103680.0,2206898.0,5577984.0,,-509845,1689621,thousands,1.0,,"{""sfp"": [67, 66, 68, 166], ""pl"": [68, 67, 69, 167, 169], ""cfs"": [70, 69, 71, 194]}",,ok
SEARL,2022,47831017,20793559,27037458,19464201,11310606,17737282,-9089252,8648030,2090717,82875,2086581,6660249,,-462734,977855,thousands,1.0,,"{""sfp"": [69, 68, 70], ""pl"": [70, 69, 71], ""cfs"": [72, 71, 73]}",,ok
SEARL,2023,50800306,23131547,27668759,22466605,16839490,21641282,-12097595,9543687,2090717.0,196782.0,2716235.0,6544520.0,,,898869,thousands,1.0,,"{""sfp"": [71, 70, 72], ""pl"": [72, 71, 73], ""cfs"": [74, 73, 75]}",,ok
SEARL,2024,50471882,21376953,29094929,18311549,17482131,25827210,-13270821,12556389,302137.0,120437,2309106,7051790,,,6025831,thousands,1.0,,"{""sfp"": [33], ""pl"": [34], ""cfs"": [36]}",,ok
SEARL,2025,44675620,14435937,30239683,23177939,14273976,24773372,-12185186,12588186,434038,140211.0,3717103.0,7632409.0,,,-1032109,thousands,1.0,,"{""sfp"": [95, 94, 96, 269], ""pl"": [96, 95, 97, 270], ""cfs"": [98, 97, 99]}",L5,review
SEL,2013,3437122.959,1738248.473,1698874.486,1166709.707,1283248.473,5183842.311,4652084.83,531757.481,249313.447,9245.662,90191.85,1902090.144,,-20410.412,230146.699,thousands,0.001,,"{""sfp"": [23, 28], ""pl"": [24, 25], ""cfs"": [26, 27]}",,ok
SEL,2016,3559656.023,1470000.425,2089655.598,1850913.268,1464327.88,3074265.783,2705567.97,368697.813,162420.575,318648.12,55045.529,1657400.605,,-23617.671,214170.6,thousands,0.001,,"{""sfp"": [24], ""pl"": [25, 26], ""cfs"": [27, 28]}",,ok
SEL,2017,3773608.572,1818698.222,1954910.35,2092220.059,1816237.966,2116461.828,1986124.034,130337.794,-96561.248,62480.553,263301.676,1597705.763,,-37663.571,-271333.542,thousands,0.001,,"{""sfp"": [24], ""pl"": [25, 26], ""cfs"": [27, 28]}",L2,ok
SEL,2018,3681893.563,,,2115998.314,2014082.535,2412172.787,,52708.374,,56418.278,443116.231,1536277.509,,,,thousands,0.001,,"{""sfp"": [66, 65, 67], ""pl"": [], ""cfs"": []}",,ok
SEL,2019,3417683,1736440,1681242,2024518,1715607,1036690,1035379,1311,-191810,214369,22156,902345,,-5,17807,thousands,1.0,,"{""sfp"": [26], ""pl"": [27], ""cfs"": [29, 30]}",,ok
SEL,2020,3364190,1818577,1545613,2113831,1814410,958056,866384,91671,-135628,274642,19384,786566,,,-91259,thousands,1.0,,"{""sfp"": [26], ""pl"": [27], ""cfs"": [30, 31]}",L2,ok
SEL,2021,,,,,,512635.0,,,,,,,,,,thousands,1.0,,"{""sfp"": [], ""pl"": [10, 9, 11], ""cfs"": []}",,ok
SEL,2022,,,,,,482312.0,,,,,,,,,,thousands,1.0,,"{""sfp"": [], ""pl"": [12, 11, 13], ""cfs"": []}",,ok
SEL,2023,,,,,,1067686.0,,48822.0,,,,,,,,thousands,1.0,,"{""sfp"": [], ""pl"": [11], ""cfs"": [30]}",,ok
SEL,2024,3520058,2348300,1171758,1456541,1855067,916055,908785,7270,41991,289560,130724,662725,,,-245944,thousands,1.0,,"{""sfp"": [31], ""pl"": [32, 33], ""cfs"": [35, 36]}",,ok
SEL,2025,2900885,1561990,1338895,1033968,1064829,176069,214661,-38592,167137,25960,18009,689540,,,-134385,thousands,1.0,,"{""sfp"": [31], ""pl"": [32, 33], ""cfs"": [35, 36]}",L3,ok
SEPL,2014,,,,1505967.0,746833.0,2616304,,660811.0,411857.0,,,1929736.0,345660,-215475,519619,thousands,1.0,,"{""sfp"": [51, 50, 52], ""pl"": [51, 50, 52], ""cfs"": [79, 78, 80]}",,ok
SEPL,2015,5150762,1130592,4020170,1827001,788072,2140951,-1465235,675716,505914,114543,366127,1847614,,-160212,436027,thousands,1.0,,"{""sfp"": [38, 42], ""pl"": [39, 40], ""cfs"": [41]}",,ok
SEPL,2017,5679207,1078750,4600457,3293013,850482,2842085,-1753679,1088406,937653,29930,548554,1591021,,-404209,272273,thousands,1.0,,"{""sfp"": [48], ""pl"": [49], ""cfs"": [51, 50, 52]}",,ok
SEPL,2018,5891505,1185954,4705551,3844459,987389,3466918,2173695,1293223,738412,405650,391166,1589119,,-443144,1012830,thousands,1.0,,"{""sfp"": [54], ""pl"": [55, 56], ""cfs"": [58, 57, 59]}",L5,review
SEPL,2019,6084434.0,1146338.0,,3372972.0,1003197.0,4001591,-2416355,1585236,772034,204913.0,363770.0,1514757.0,,-484764,641961,thousands,1.0,,"{""sfp"": [111], ""pl"": [111, 110, 112], ""cfs"": [93, 110]}",,ok
SEPL,2020,6983974,1194308,5789666,3914344,1051510,4901284,-3004975,1896309,1276249.0,683939,529111,1719417,,,,thousands,1.0,,"{""sfp"": [79, 78, 80], ""pl"": [79, 78, 80], ""cfs"": []}",L5;L5;L5,review
SEPL,2021,8137349,1416649,6720700,5332033,1183904,5001692,-3120160,1881532,1458445,652103,553921.0,1868242.0,,-433790,693057,thousands,1.0,,"{""sfp"": [130, 129, 131], ""pl"": [131, 130, 132], ""cfs"": [134, 133, 135]}",,ok
SEPL,2022,8907967,1770364,7137603,5898625,1563087,5147258.0,-3497559.0,,948989,758182,560764,1785402,,-484411,1185211,thousands,1.0,,"{""sfp"": [143, 142, 144], ""pl"": [144, 143, 145], ""cfs"": [147, 146, 148, 132]}",L5,review
SEPL,2023,9856286.0,2364284.0,,5178928.0,2145392.0,5794593,-4276304,1518289,967380,403551.0,801049.0,1718372.0,,-537148,98978,thousands,1.0,,"{""sfp"": [139, 138, 140], ""pl"": [140, 139, 141], ""cfs"": [143, 142, 144]}",,ok
SEPL,2024,10541580,2321282,8220298,5406662,2032110,7311732,-5264443,2047289,1488684,476936,880786,1828287,,-712680,698413,thousands,1.0,,"{""sfp"": [133, 132, 134], ""pl"": [134, 133, 135], ""cfs"": [137, 136, 138, 125]}",,ok
SEPL,2025,11349885,2348737,9001148,5529675,2026242,7870700,-5666905,2203795,1523793,203488,861084,1998938,,,,thousands,1.0,,"{""sfp"": [79, 78, 80], ""pl"": [80, 79, 81], ""cfs"": [81, 80, 82]}",L5,review
SERF,2016,16864.027,208510.663,-191646.636,235.058,42396.652,9902.156,,,-7045.142,198.873,,11803.235,,,-7836.067,thousands,0.001,,"{""sfp"": [10, 18, 27, 43], ""pl"": [28, 44, 45], ""cfs"": [30, 46]}",L3,ok
SERF,2018,18068.089,217803.039,-199734.95,1439.12,47874.926,,,,-2536.487,1396.586,,,,,-2523.601,thousands,0.001,,"{""sfp"": [37], ""pl"": [38], ""cfs"": [39]}",L3,ok
SERF,2019,,,,809.375,46331.871,,,,,,,,,,,thousands,0.001,,"{""sfp"": [34, 33, 35], ""pl"": [], ""cfs"": []}",,ok
SERF,2020,16886.871,,-203201.462,257.902,47946.118,,,,-2165.719,220.607,,,,,-1513.008,thousands,0.001,,"{""sfp"": [28], ""pl"": [29], ""cfs"": [30]}",L3,ok
SERF,2021,,,,239.357,241454.97,,,,,,,,,,,thousands,0.001,,"{""sfp"": [44, 43, 45], ""pl"": [], ""cfs"": []}",,ok
SERT,2014,583894700.0,,,,68865224.0,698542949.0,,,,,,,,,51670949,thousands,1.0,,"{""sfp"": [], ""pl"": [3], ""cfs"": [14]}",,ok
SERT,2015,569018132.0,,,,72941223.0,586437294.0,,,,,,,,,41483471,thousands,1.0,,"{""sfp"": [], ""pl"": [2], ""cfs"": [13]}",,ok
SERT,2017,12696724,8312784,4383940,7480827,6918703,18984428,15208729,3775699,1245487,224887,2729738,4745935,,-475344,462704,thousands,1.0,,"{""sfp"": [49, 48, 50, 99], ""pl"": [51, 50, 52, 101, 102, 144], ""cfs"": [53, 52, 54, 103]}",L2.5;L2,review
SERT,2018,606487.0,,,,167362.0,854392.0,,,,,,,,,,thousands,1.0,,"{""sfp"": [4, 3, 5], ""pl"": [4, 3, 5], ""cfs"": []}",L3,ok
SERT,2019,811059.0,,,,132778.0,974953.0,,,,,,,,,,thousands,1.0,,"{""sfp"": [5, 4, 6], ""pl"": [5, 4, 6], ""cfs"": []}",,ok
SERT,2020,828577.0,,,,166913.0,921250.0,,,,,,,,,,thousands,1.0,,"{""sfp"": [9, 8, 10], ""pl"": [9, 8, 10], ""cfs"": []}",,ok
SERT,2021,866901.0,,,,174181.0,1230010.0,,130246.0,,,,,,,,thousands,1.0,,"{""sfp"": [7, 6, 8], ""pl"": [7, 6, 8], ""cfs"": []}",,ok
SERT,2022,1492622.0,,,,197287.0,1341765.0,,,,,,,,-13468350,53313689,thousands,1.0,,"{""sfp"": [7, 6, 8], ""pl"": [7, 6, 8], ""cfs"": [25]}",,ok
SERT,2023,1451674,441548,1010125,,339592,1051603,,-109842,,,,,,,,thousands,1.0,,"{""sfp"": [7, 6, 8], ""pl"": [7, 6, 8], ""cfs"": []}",,ok
SERT,2024,1469906.0,,,,469072.0,1341318.0,,,,,,,,,,thousands,1.0,,"{""sfp"": [7, 6, 8], ""pl"": [7, 6, 8], ""cfs"": []}",,ok
SERT,2025,1684272.0,,,,557806.0,1370515.0,,,,,,,,,,thousands,1.0,,"{""sfp"": [7, 6, 8], ""pl"": [7, 6, 8], ""cfs"": []}",,ok
SFAT,2014,326492713,276415689,50077024,182273461,249860424,731675,646005,85670,-8206152,5930631,122570846,144219252,,-396315,11758889,thousands,1.0,,"{""sfp"": [14], ""pl"": [11, 15, 16], ""cfs"": [17]}",,ok
SFAT,2015,354633.187,497191.711,-142558.524,205986.516,385156.997,613966.412,-678631.721,-64665.309,-192635.548,6010.805,133651.149,148646.671,,,-158998.003,thousands,0.001,,"{""sfp"": [12, 15], ""pl"": [16, 17], ""cfs"": [18]}",L3,ok
SFL,2013,17265683.275,5428988.4,11836694.875,12346881.559,9911635.205,13892288.766,-11618044.313,2274244.453,1189194.785,1277541.056,3695671.569,19431432.155,,,,thousands,0.001,,"{""sfp"": [16, 15, 17, 70], ""pl"": [], ""cfs"": []}",L5;L5;L5;L5;L5;L2,review
SFL,2014,20099150.089,5302381.336,14796768.753,7179686.302,4967379.447,14905609.584,-13341671.246,,,149758.527,3180774.748,3824088.383,,,,thousands,0.001,,"{""sfp"": [15, 14, 16, 70], ""pl"": [], ""cfs"": []}",,ok
SFL,2015,21503876.778,6570455.71,14933421.068,6765978.591,6111208.972,13347275.852,-11909451.443,,,132197.163,2543316.114,4342003.331,,,,thousands,0.001,,"{""sfp"": [16, 15, 17, 67], ""pl"": [], ""cfs"": []}",,ok
SFL,2016,26526287.604,11161872.67,15364414.934,9426865.355,8583593.404,12478390.364,-11388671.684,,,101213.6,2892976.24,8253968.815,,,,thousands,0.001,,"{""sfp"": [16, 15, 17, 73], ""pl"": [], ""cfs"": []}",,ok
SFL,2017,30840380.096,13785371.831,17055008.265,12293887.718,9560605.274,14465758.945,-13491724.21,,,31508.884,3764057.038,8824397.614,,,,thousands,0.001,,"{""sfp"": [21, 20, 22, 80], ""pl"": [], ""cfs"": []}",,ok
SFL,2018,51680961.928,27239921.861,24441040.067,22113798.862,20154528.509,31026148.79,-26031065.558,,,534201.894,4997559.341,23665614.952,,,,thousands,0.001,,"{""sfp"": [90, 89, 91], ""pl"": [], ""cfs"": []}",,ok
SFL,2019,57021915.77,30281676.08,26740239.69,28082244.411,25759602.496,36623134.108,-29514785.68,,,1064060.078,6992281.448,23634642.148,,,,thousands,0.001,,"{""sfp"": [91, 90, 92], ""pl"": [], ""cfs"": []}",,ok
SFL,2020,56181037.956,26195771.12,29985266.836,26500258.928,21226129.777,32717006.346,-25209355.862,,,813632.124,7655601.257,24384906.761,,,,thousands,0.001,,"{""sfp"": [96, 95, 97], ""pl"": [], ""cfs"": []}",L2.5,review
SFL,2021,40859720.207,21944241.418,18915478.789,19754337.795,16270740.25,27531203.138,-23590601.324,3940601.814,2273564.606,64993.047,11352379.787,12863179.32,,,,thousands,0.001,,"{""sfp"": [53, 52, 54, 115], ""pl"": [], ""cfs"": []}",,ok
SFL,2022,48900436.0,,23368965.0,26892244.0,19369187.0,,,,,,,,,,,thousands,1.0,,"{""sfp"": [], ""pl"": [], ""cfs"": []}",,ok
SFL,2023,51155637.95,23446972.08,27708665.87,28813345.64,17923357.996,46446990.548,-37530090.067,8916900.481,5120786.78,359991.393,14503077.307,15148289.454,,,,thousands,0.001,,"{""sfp"": [55, 54, 56], ""pl"": [], ""cfs"": []}",,ok
SFL,2024,56275598.0,,34560084.0,29653645.0,17084910.0,,,,,,,,,,,thousands,1.0,,"{""sfp"": [], ""pl"": [], ""cfs"": []}",,ok
SFL,2025,83669457.0,,50614119.0,38545043.0,28475761.0,,,,,,,,,,,thousands,1.0,,"{""sfp"": [], ""pl"": [], ""cfs"": []}",,ok
SGF,2021,12561923,5832535,6729388,6354713,5463321,7040157,-5802423,1237734,403221,935417,2093095,2131404,,,343836,thousands,1.0,,"{""sfp"": [53, 52, 54], ""pl"": [55, 54, 56], ""cfs"": [58, 57, 59]}",L2.5;L2.5,review
SGF,2022,14365286,8200762,6164524,7778852,7682519,11753088,-9567437,2185651,342059,161620,3360359,2594578,,-916744,-2029665,thousands,1.0,,"{""sfp"": [51, 50, 52], ""pl"": [53, 52, 54], ""cfs"": [56, 55, 57]}",,ok
SGF,2023,18955261,12454418,6500843,12336999,11860656,15061817,-11760696,3301121,1181607,2903050,4554136,3067982,,,,thousands,1.0,,"{""sfp"": [53, 52, 54], ""pl"": [55, 54, 56], ""cfs"": [58, 57, 59]}",,ok
SGF,2024,19204997,11994082,7210915,12213561,11223199,17391854,-14501963,2889891,1105237,744970,4151812,2948805,,-1028954,-624499,thousands,1.0,,"{""sfp"": [55, 54, 56], ""pl"": [57, 56, 58], ""cfs"": [60, 59, 61]}",L5,review
SGF,2025,20679460,12284805.0,8394655,10659681,10182863,19886480,-16428271,3458209,1935040,1123513,3894694,4198142,,,,thousands,1.0,,"{""sfp"": [30, 29, 31], ""pl"": [31, 30, 32], ""cfs"": [32, 31, 33]}",L5;L5,review
SGPL,2013,63125.36,11879.693,51245.667,5998.496,11763.391,,-6030.031,-6030.031,-200342.254,67.7,5797.601,51776.864,,,-232.714,thousands,0.001,,"{""sfp"": [14, 22], ""pl"": [15], ""cfs"": [16]}",,ok
SGPL,2014,60841.073,13979.694,46861.379,6368.587,13863.392,,-4941.731,-4941.731,-4384.289,438.087,5797.601,49122.487,,,370.385,thousands,0.001,,"{""sfp"": [14], ""pl"": [15], ""cfs"": [16]}",,ok
SGPL,2015,58368.512,16374.978,41993.534,6410.188,16258.676,,-5045.345,-5045.345,-4867.844,479.689,5797.601,46608.325,,,41.6,thousands,0.001,,"{""sfp"": [12], ""pl"": [13], ""cfs"": [14]}",,ok
SGPL,2016,56042.015,19664.738,36377.277,6465.586,19548.436,,-5428.607,-5428.607,-5616.258,510.395,5797.601,44226.429,,,30.706,thousands,0.001,,"{""sfp"": [13], ""pl"": [14], ""cfs"": [15]}",,ok
SGPL,2017,14493.902,1949.689,12544.213,226.831,1949.689,500.0,4551.774,,,226.831,,8917.071,,,3380.687,thousands,0.001,,"{""sfp"": [18, 19], ""pl"": [29], ""cfs"": [20]}",,ok
SGPL,2021,15184.68,4226.985,10957.695,1305.284,4226.985,9018.898,-8056.662,962.236,-2611.657,1305.284,,8579.396,,,2436.087,thousands,0.001,,"{""sfp"": [19], ""pl"": [20], ""cfs"": [21]}",,ok
SGPL,2022,13445.985,3133.556,10312.429,21.291,3133.556,8317.868,-7685.593,632.275,-645.266,21.291,,8124.694,,,-1283.993,thousands,0.001,,"{""sfp"": [19], ""pl"": [20], ""cfs"": [21]}",,ok
SGPL,2023,12652.305,5244.357,7407.948,40.924,5244.357,3348.238,-6074.854,-2726.616,-2904.481,11.974,,7311.381,,,,thousands,0.001,,"{""sfp"": [7], ""pl"": [8], ""cfs"": [10]}",,ok
SGPL,2024,,,,,,,,2330.522,,,,,,,,thousands,0.001,,"{""sfp"": [], ""pl"": [], ""cfs"": []}",,ok
SGPL,2025,18389.194,17718.374,670.82,7168.123,15805.112,6145.86,-7931.978,-1786.118,1668.0,,,5921.071,,,-1319.265,thousands,0.001,,"{""sfp"": [19], ""pl"": [20], ""cfs"": [22]}",,ok
SHCM,2014,1908798.276,,,508873.781,1087114.083,2704995.003,-2704680.34,314.663,-67877.044,6134.4,233301.35,1380998.221,,,29849.562,thousands,0.001,,"{""sfp"": [18, 19], ""pl"": [20], ""cfs"": [23]}",,ok
SHCM,2015,1735841.337,,,382389.837,1576793.653,1171423.81,,,,385.619,,,,,,thousands,0.001,,"{""sfp"": [16, 15, 17], ""pl"": [], ""cfs"": []}",,ok
SHCM,2016,1731800.861,1199699.561,532101.3,436447.394,1147730.274,,-842819.315,-132980.735,,1322.346,236828.849,1267909.038,,,,thousands,0.001,,"{""sfp"": [18, 17, 19], ""pl"": [], ""cfs"": []}",L5;L5,review
SHCM,2017,1457034.513,986816.882,470217.631,191426.747,965072.176,412548.682,-483855.096,-71306.414,-82161.579,575.854,52615.196,1219766.198,,,41798.579,thousands,0.001,,"{""sfp"": [19, 22, 23], ""pl"": [24, 25], ""cfs"": [26]}",L2,ok
SHCM,2018,1418338.027,957338.361,460999.666,167498.401,935123.489,,-596269.741,-49342.701,-96628.505,2504.688,60747.497,1222974.041,,,,thousands,0.001,,"{""sfp"": [24, 23, 25], ""pl"": [], ""cfs"": []}",,review
SHCM,2019,1249852.947,749316.31,500536.637,160691.801,728065.147,,-413356.19,,,24114.735,15479.636,1060980.372,,,,thousands,0.001,,"{""sfp"": [23, 22, 24], ""pl"": [], ""cfs"": []}",,ok
SHCM,2020,1209684.286,707879.843,501804.444,127106.52,686632.361,,-136658.852,,1008.509,27405.912,20127.893,934243.477,,,,thousands,0.001,,"{""sfp"": [27, 26, 28], ""pl"": [], ""cfs"": []}",,ok
SHCM,2021,1273276.431,828240.729,445035.702,204402.062,781129.079,,,,,1039.032,82866.581,923543.917,,,,thousands,0.001,,"{""sfp"": [27, 26, 28], ""pl"": [], ""cfs"": []}",,ok
SHCM,2022,1265868.393,808918.769,456949.623,204557.205,760274.568,377849.67,352932.424,24917.246,11074.544,24627.792,58099.251,918909.478,,,42253.634,thousands,0.001,,"{""sfp"": [28], ""pl"": [29, 30], ""cfs"": [31]}",,ok
SHCM,2023,1669345.766,746682.076,922663.69,363867.526,400764.233,349129.692,-346552.569,2577.123,93712.371,27354.135,81397.205,1165913.953,,,,thousands,0.001,,"{""sfp"": [32, 35], ""pl"": [33, 34], ""cfs"": []}",,ok
SHCM,2024,1657910.419,839893.868,818016.551,405474.271,491829.487,731306.818,-726375.015,4931.803,11075.0,28453.912,93824.824,1049209.509,,,18636.856,thousands,0.001,,"{""sfp"": [37], ""pl"": [38, 39], ""cfs"": [40]}",,ok
SHCM,2025,1442793.891,640662.361,802131.53,285066.842,352881.468,509963.504,-529631.777,-19668.273,93712.0,27372.343,44107.838,1019099.301,,,-5665.415,thousands,0.001,,"{""sfp"": [40], ""pl"": [41, 42], ""cfs"": [43]}",,ok
SHDT,2014,754449,,,361612,341618.0,2024029,1884586,139443,43349,,201546,390450,,,85852,thousands,1.0,,"{""sfp"": [14, 13, 15, 26, 28, 30, 36], ""pl"": [16, 15, 17], ""cfs"": [18, 17, 19]}",,ok
SHDT,2015,769228,,,370595,316197.0,1852800,1769185,83615,25451,18239,168775,396246,,,119540,thousands,1.0,,"{""sfp"": [14, 13, 15], ""pl"": [16, 15, 17], ""cfs"": [18, 17, 19]}",,ok
SHDT,2016,717237,323910,393327,333280,259871,1861576,1760578,100998,32807,26834,126138,381570,,-10105,93337,thousands,1.0,,"{""sfp"": [19, 18, 20], ""pl"": [21, 20, 22], ""cfs"": [23, 22, 24]}",,ok
SHDT,2017,720663,321517,399146,360368,278052,2042324,1956368,85956,18941,13224,122258,349784,,-13001,11326,thousands,1.0,,"{""sfp"": [20, 19, 21], ""pl"": [22, 21, 23], ""cfs"": [24, 23, 25]}",,ok
SHDT,2018,763737,,,423679,320503.0,2271534,2172226,99308,24703,10633,193371,314245,,,,thousands,1.0,,"{""sfp"": [24, 23, 25], ""pl"": [26, 25, 27], ""cfs"": []}",,ok
SHDT,2019,779028,,,456427,272289.0,2813430,2614441,198989,78045,35881,132230,301426,,,,thousands,1.0,,"{""sfp"": [28, 27, 29], ""pl"": [30, 29, 31], ""cfs"": []}",,ok
SHDT,2020,1376458,,,985012,486928.0,2290540,2160400,130140,40850,251798,224545,374019,,,,thousands,1.0,,"{""sfp"": [28, 27, 29, 30], ""pl"": [30, 29, 31], ""cfs"": [62, 61, 63]}",,ok
SHDT,2021,2442897,,,930517,764024.0,3305217,2922424,382793,170641,23022,405225,1502395,,,121921,thousands,1.0,,"{""sfp"": [27, 26, 28], ""pl"": [29, 28, 30], ""cfs"": [32, 31, 33]}",L5,review
SHDT,2022,2969895,1398695,1571200,1447569,942663,5297444,4784455,512989,195255,16343,747603,1478907,,-16532,-118353,thousands,1.0,,"{""sfp"": [26, 25, 27], ""pl"": [28, 27, 29], ""cfs"": [31, 30, 32]}",,ok
SHDT,2023,2849311,,1452661.0,1385464,1017692.0,5962782,5779130,183652,195255.0,12508,577799,1428625,,,224251,thousands,1.0,,"{""sfp"": [28, 27, 29], ""pl"": [30, 29, 31], ""cfs"": [33, 32, 34]}",,ok
SHDT,2024,3089043,,1612397,1675413,1251758,7280768,6881703,399065,98466,28866,796765,1384065,,,,thousands,1.0,,"{""sfp"": [26, 25, 27], ""pl"": [28, 27, 29], ""cfs"": [31, 30, 32]}",,ok
SHDT,2025,3215029,1457957,1757072,1527114,1272605,8002565,-7437927,564638,185025,29618,804208,1620824,,-12450,601831,thousands,1.0,,"{""sfp"": [27, 26, 28], ""pl"": [29, 28, 30], ""cfs"": [32, 31, 33]}",,ok
SHEL,2014,38678765,32783700,5895065,27724683,32642090,250784741,243203242,7581499,-1067133,1295633,13086285,7059726,,,,thousands,1.0,,"{""sfp"": [45, 48], ""pl"": [46], ""cfs"": []}",L2,ok
SHEL,2015,37934443.0,31953621.0,5980822.0,26660134.0,31488155.0,248570957.0,,,,,,8089022.0,,,,thousands,1.0,,"{""sfp"": [21, 20, 22], ""pl"": [21, 20, 22], ""cfs"": [22, 21, 23]}",,ok
SHEL,2016,42510431.0,,11109782.0,26654853.0,,167641602.0,,,6764907.0,,,9150109.0,,,,thousands,1.0,,"{""sfp"": [29, 28, 30], ""pl"": [29, 28, 30], ""cfs"": [30, 29, 31]}",,ok
SHEL,2018,49116568.0,42763246.0,6353322.0,31810746.0,42632263.0,,-170779180.0,15424375.0,-1101985.0,1973413.0,14884111.0,11767843.0,,,,thousands,1.0,,"{""sfp"": [30, 29, 31], ""pl"": [30, 29, 31], ""cfs"": [31, 30, 32]}",,ok
SHEL,2019,56175007,51883874,4291133,32874667,47853871,199718601,-184621127,15097474,-1485767,2319546,17413439,13176996,,-13324,2949582,thousands,1.0,,"{""sfp"": [59, 58, 60], ""pl"": [60, 59, 61], ""cfs"": [62, 61, 63]}",L5;L2,review
SHEL,2020,54645807.0,,-651159.0,28359297.0,46758606.0,194665379.0,,7549635.0,-4821027,2542876.0,13510164.0,14958627.0,,,1101184,thousands,1.0,,"{""sfp"": [58, 57, 59], ""pl"": [59, 58, 60], ""cfs"": [61, 60, 62]}",L3,ok
SHEL,2021,84933013.0,,15321478.0,55161740.0,70112156.0,282353611.0,,23665985.0,4466855,4973417.0,36711968.0,17841942.0,,-23038,4651219,thousands,1.0,,"{""sfp"": [64, 63, 65], ""pl"": [65, 64, 66], ""cfs"": [67, 66, 68]}",L2,ok
SHEL,2022,,,,,,412699059.0,,5625192000.0,4466855.0,,,,,-148134000.0,10414498000.0,thousands,1000.0,{'PAT': 0.001},"{""sfp"": [74], ""pl"": [96, 95, 97], ""cfs"": [77]}",,ok
SHEL,2023,106348666,86611676,19736990,56192353.0,77749354.0,,,,,,,23143446.0,,,,thousands,1.0,,"{""sfp"": [37, 36, 38], ""pl"": [], ""cfs"": []}",,ok
SHEZ,2013,2277628,966590,1311038,1508567,916198,5674500,3963874,1710626,249321,149601,998614,764709,,,,thousands,1.0,,"{""sfp"": [21, 20, 22], ""pl"": [22, 21, 23], ""cfs"": [23, 22, 24]}",L5,review
SHEZ,2014,2687742,1182486,1505256,1833945,1113964,6760527,4737740,2024787,259532,153416,1147773,847625,,,,thousands,1.0,,"{""sfp"": [13, 12, 14], ""pl"": [13, 12, 14], ""cfs"": [14, 13, 15]}",,ok
SHEZ,2015,3415580,1687418,1728162,2210327,1402920,6817635,4877580,1940055,294978,143255,1453506,1199334,,,,thousands,1.0,,"{""sfp"": [25, 24, 26], ""pl"": [26, 25, 27], ""cfs"": [27, 26, 28]}",,ok
SHEZ,2016,3267758,1433393,1834365,2074373,1274019,6816540,4931776,1884764,194286,102906,1238081,1187011,,,,thousands,1.0,,"{""sfp"": [27, 26, 28], ""pl"": [28, 27, 29], ""cfs"": [29, 28, 30]}",,ok
SHEZ,2017,3523396,1500691,2022705,2339390,1438653,7159015,5083750,2075265,259318,73227,1358515,1175946,,,,thousands,1.0,,"{""sfp"": [27, 26, 28], ""pl"": [28, 27, 29], ""cfs"": [29, 28, 30]}",,ok
SHEZ,2018,,1923069.0,,2852472.0,1961604.0,7503273,5405841,2097432,394793,152949.0,1720889.0,1329038.0,,,,thousands,1.0,,"{""sfp"": [31, 30, 32], ""pl"": [32, 31, 33], ""cfs"": [33, 32, 34]}",,ok
SHEZ,2019,4805143,2571563,2233580,2829500,545916,7704097,6172758,1531339,113074,233723,1645062,1929317,,,,thousands,1.0,,"{""sfp"": [31, 30, 32], ""pl"": [32, 31, 33], ""cfs"": [33, 32, 34]}",L5;L5;L5;L5,review
SHEZ,2020,4769137,2819484,1949653,2689702,2471310,7313042,6213833,1099209,-235784,202541,1527152,1863439,,-47540,-144943,thousands,1.0,,"{""sfp"": [35, 34, 36], ""pl"": [36, 35, 37], ""cfs"": [39, 38, 40]}",L5,review
SHEZ,2021,4530999,2456981,2074018,2658026,2363821,6584452,5186645,1397807,122979,154955,1644975,1618924,,,26221,thousands,1.0,,"{""sfp"": [33, 32, 34], ""pl"": [34, 33, 35], ""cfs"": [37, 36, 38]}",L5;L5,review
SHEZ,2022,4632521,2527640,2104881,2941697,2465177,8169271,6395873,1773398,79919,84116,2147005,1439189,,-43364,386809,thousands,1.0,,"{""sfp"": [35, 34, 36], ""pl"": [36, 35, 37], ""cfs"": [39, 38, 40]}",L5,review
SHEZ,2023,4915824,2820217,2095607,3307912,2688100,,,,79919.0,118637,1986933,1371951,,,,thousands,1.0,,"{""sfp"": [38, 37, 39], ""pl"": [41, 40, 42], ""cfs"": []}",L5,review
SHEZ,2024,4209421,2801138,1408283,2995314,2749660,,,,,104536,1932114,1201455,,,,thousands,1.0,,"{""sfp"": [38, 37, 39], ""pl"": [], ""cfs"": []}",,ok
SHEZ,2025,4197734,2623076,1574658,3048082,2576137,,,,,162838,1733771,1133620,,,,thousands,1.0,,"{""sfp"": [36, 35, 37], ""pl"": [], ""cfs"": []}",,ok
SHFA,2014,5855531,,,1480609,,6393105,,,464556,449052,212538,4036797,,-150228,965561,thousands,1.0,,"{""sfp"": [71, 159, 160], ""pl"": [154, 161], ""cfs"": [163]}",,ok
SHFA,2015,6119289,3113156,3006133,1577183,1822423,7410022,,,533010,524397,202463,4485977,,147590,1158863,thousands,1.0,,"{""sfp"": [143, 144], ""pl"": [145, 146], ""cfs"": [147]}",,ok
SHFA,2017,7748485,2877026,4871459,2216962,2294764.0,9257009,,,606427,641743,380052,5457545,,-179286,1037835,thousands,1.0,,"{""sfp"": [117, 116, 118, 161], ""pl"": [119, 118, 120, 163], ""cfs"": [121, 120, 122]}",L5,review
SHFA,2018,10145778,,,2602726,3137871.0,10270597.0,,,556688.0,479453,468819,6028882,,-265761,902302,thousands,1.0,,"{""sfp"": [71, 70, 72, 127], ""pl"": [73, 72, 74], ""cfs"": [75, 74, 76]}",L5,review
SHFA,2019,11937659,6290600,5647059,2891682,3573255,11743625,,,777334,791696,496758,6845816,,,,thousands,1.0,,"{""sfp"": [67, 66, 68, 129], ""pl"": [69, 68, 70], ""cfs"": []}",L5,review
SHFA,2020,15259253,,,4669661,3529154.0,12151762.0,,,505191,2395052,646353,6991936,,,,thousands,1.0,,"{""sfp"": [73, 72, 74, 178], ""pl"": [75, 74, 76], ""cfs"": []}",L5,review
SHFA,2022,17212053,7562082,9649971,5699621,5251868,16197551.0,,,1162549,2317432,711968,7134172,,,,thousands,1.0,,"{""sfp"": [93, 92, 94, 167], ""pl"": [96, 170], ""cfs"": []}",L5,review
SHFA,2023,18462793,,,5848936,5892382.0,,,,1181406,2216433,982498,7017740,,,,thousands,1.0,,"{""sfp"": [97, 96, 98, 175], ""pl"": [100, 178], ""cfs"": []}",L5,review
SHFA,2024,18286652,6370636,11916016,5512769,4874579,23563840,-20944954,,1362074,2129377,1041866,6837904,,-181869,1899249,thousands,1.0,,"{""sfp"": [40, 50, 87, 95, 97, 98, 101, 179, 180, 205], ""pl"": [74, 99, 100, 175, 181, 182, 196], ""cfs"": [102, 103, 184, 185]}",,ok
SHFA,2025,21430982,7124363,14306619,7517261,5475152,27967661,-23737514,,2328980,3511814,959987,8618241,,,,thousands,1.0,,"{""sfp"": [93, 92, 94, 202], ""pl"": [96, 95, 97, 175], ""cfs"": []}",,ok
SHJS,2014,1436891,317013,1119878,604773,165589,4411837,-4148757,263080,36140,92064,185812,736255,,,62268,thousands,1.0,,"{""sfp"": [21, 20, 22], ""pl"": [22, 21, 23], ""cfs"": [24, 23, 25]}",L5,review
SHJS,2015,1826575,823485,1003090,953926,720872,3860292,-3741001,119291,-91479,13203,570463,681683,,-23978,-534350,thousands,1.0,,"{""sfp"": [21, 20, 22], ""pl"": [22, 21, 23], ""cfs"": [24, 23, 25]}",,ok
SHJS,2016,1621003,438828,1182175,660264,385374,4707035.0,-4180351.0,526684.0,,38579,162713,811280,,,593754,thousands,1.0,,"{""sfp"": [23, 22, 24], ""pl"": [24, 23, 25], ""cfs"": [26, 25, 27]}",,review
SHJS,2017,3058966,1794793,1264173,1379615,919225,5807237.0,-5147313.0,659924.0,142912,50240,804212,1560357,,-59811,-312413,thousands,1.0,,"{""sfp"": [25, 24, 26], ""pl"": [26, 25, 27], ""cfs"": [28, 27, 29]}",,ok
SHJS,2018,3089442,2291535,797907,1034114,1116784,4878366,-5009896,-131530,-408845,56274,383474,1934858,,-59680,155704,thousands,1.0,,"{""sfp"": [27, 26, 28], ""pl"": [28, 27, 29], ""cfs"": [31, 30, 32]}",,ok
SHJS,2019,4739739,2279911,2459828,990072,1182643,4609540,-4189472,420068,33243,30661,293938,3603425,,,89766,thousands,1.0,,"{""sfp"": [27, 26, 28], ""pl"": [28, 27, 29], ""cfs"": [31, 30, 32]}",L5,review
SHJS,2020,4794737,2358992,2435745,883834,1079298,4539679,-4151015,388664,-58451,52962,258663,3766132,,,159771,thousands,1.0,,"{""sfp"": [30, 29, 31], ""pl"": [31, 30, 32], ""cfs"": [34, 33, 35]}",,ok
SHJS,2021,5497236,2852383,2644853,1562226,1868497,6314278,-5503573,810705,204827,21554,958139,3761188,,,-627187,thousands,1.0,,"{""sfp"": [31, 30, 32], ""pl"": [32, 31, 33], ""cfs"": [35, 34, 36]}",,ok
SHJS,2022,7241472,4238303,3003169,2776930,3538181,6615125,-5841353,773772,,36538,2074179,4226040,,-54655,-1175090,thousands,1.0,,"{""sfp"": [31, 30, 32], ""pl"": [33, 32, 34], ""cfs"": [36, 35, 37]}",,ok
SHJS,2023,6421307,3031741,3389566,1572742,1571208,9476053,-7885007,1591046,405472,89287,1081609,4563508,,,1954380,thousands,1.0,,"{""sfp"": [33, 32, 34], ""pl"": [35, 34, 36], ""cfs"": [38, 37, 39]}",L5,review
SHJS,2024,8527142.0,,,2587556.0,2650959.0,8821018,-7893589,927429,32145,,1590037.0,5636647.0,,-149649,-638568,thousands,1.0,,"{""sfp"": [35, 34, 36], ""pl"": [36, 35, 37], ""cfs"": [39, 38, 40]}",,ok
SHJS,2025,8393371,5050081,3343290,1758293,2237503,,,,,,926224.0,6311819.0,,,649325,thousands,1.0,,"{""sfp"": [35, 34, 36], ""pl"": [], ""cfs"": [39]}",,ok
SHNI,2013,864392.73,687272.058,177120.672,,,,,,-106252.624,,,,,,,thousands,0.001,,"{""sfp"": [23, 22, 24], ""pl"": [], ""cfs"": []}",,ok
SHNI,2014,786756.864,446673.729,340083.135,,,,,,,,,,,,,thousands,0.001,,"{""sfp"": [23, 22, 24], ""pl"": [], ""cfs"": []}",L2.5,review
SHNI,2015,780904.166,414636.077,366268.089,,99856.692,,,,26184.954,,,,,,,thousands,0.001,,"{""sfp"": [26, 25, 27], ""pl"": [], ""cfs"": []}",L2.5,review
SHNI,2016,770634.781,364230.839,406403.942,,,,,,40135.853,,,,,,,thousands,0.001,,"{""sfp"": [42, 41, 43], ""pl"": [], ""cfs"": []}",,ok
SHNI,2017,1041243.016,420966.091,620276.925,,160355.757,,,,63872.983,,,,,,,thousands,0.001,,"{""sfp"": [28, 27, 29], ""pl"": [], ""cfs"": []}",,ok
SHNI,2019,1174208.172,553096.472,621111.7,,,,,,60000.108,23318.7,,82318.416,,,,thousands,0.001,,"{""sfp"": [56, 55, 57, 117], ""pl"": [], ""cfs"": []}",,ok
SHNI,2020,1093976.941,438159.297,655817.644,,,,,,35608.618,14685.842,,22016.984,,,,thousands,0.001,,"{""sfp"": [53, 52, 54, 113], ""pl"": [], ""cfs"": []}",,ok
SHNI,2021,1093744.702,406517.479,687227.223,,,,,,31013.373,72588.456,,39929.171,,,,thousands,0.001,,"{""sfp"": [61, 60, 62], ""pl"": [], ""cfs"": []}",,ok
SHNI,2022,1237438.66,505511.808,731926.852,,,,,,53376.37,105704.583,,55078.741,,,,thousands,0.001,,"{""sfp"": [62, 61, 63], ""pl"": [], ""cfs"": []}",,ok
SHNI,2023,1620629.081,776023.241,844605.84,,,,,,116304.322,252188.79,,75697.353,,,,thousands,0.001,,"{""sfp"": [62, 61, 63], ""pl"": [], ""cfs"": []}",,ok
SHNI,2024,2034010.666,1026313.416,1007697.25,,,,,,165269.371,270124.713,,115379.916,,,,thousands,0.001,,"{""sfp"": [56, 55, 57], ""pl"": [], ""cfs"": []}",,ok
SHSML,2014,4667796,3108607,1559189,2229376,2318096,5353972,-4469826,884146,226741,32922,1755960,2425608,,-31384,405694,thousands,1.0,,"{""sfp"": [12, 16], ""pl"": [17, 18], ""cfs"": [19]}",,ok
SHSML,2015,5130385,3473209,1657176,2696867,2642076,5199162,-4393971,805191,184723,306585,1838959,2424275,,-41807,344671,thousands,1.0,,"{""sfp"": [17, 23], ""pl"": [18, 19], ""cfs"": [20]}",,ok
SHSML,2016,3956713,2239589,1717124,1407923,1428785,5909743,-5239364,670379,125148,57363,991768,2541075,,-73915,-30013,thousands,1.0,,"{""sfp"": [26, 25, 27], ""pl"": [27, 26, 28], ""cfs"": [29, 28, 30]}",L5,review
SHSML,2018,9919072,6585352,3333720,4529303,4925666,7220127.0,-6409719,810408,601258,45452,2568492,5315321,,-10457,1176918,thousands,1.0,,"{""sfp"": [32, 31, 33], ""pl"": [33, 32, 34], ""cfs"": [36, 35, 37]}",,ok
SHSML,2019,10390857,6013054,4377803,4860438,4672241,9497552.0,-7487357,2010195,1205546,62249,1967859,5498699,,-145663,1215766,thousands,1.0,,"{""sfp"": [24, 23, 25], ""pl"": [25, 24, 26], ""cfs"": [28, 27, 29]}",,ok
SHSML,2020,11311536,6532495,4779041,5919925,5351671,11143607.0,-9551967,1591640,760315,36389,1603448,5386952,,-355554,2735503,thousands,1.0,,"{""sfp"": [25, 24, 26], ""pl"": [26, 25, 27], ""cfs"": [29, 28, 30]}",,ok
SHSML,2021,9931256,5269853,4661403,4665568,4304474,9934493.0,-9172383,762110,135666,53761,3574691,5260906,,-251031,-1291981,thousands,1.0,,"{""sfp"": [22, 21, 23], ""pl"": [23, 22, 24], ""cfs"": [26, 25, 27]}",L5,review
SHSML,2022,13050676,7036127,6014549,7499496,6217140,17806813,-14355554,3451259,1650851,1016206,3537695,5551147,,,,thousands,1.0,,"{""sfp"": [24, 28], ""pl"": [25, 26], ""cfs"": []}",,ok
SHSML,2023,22598025,8779507,13818518,11732998,7434794.0,22884469.0,-17246001,5638468,3827611,5099535.0,4562106.0,10859038.0,,-836848,4495630,thousands,1.0,,"{""sfp"": [24, 23, 25], ""pl"": [25, 24, 26], ""cfs"": [28, 27, 29]}",,ok
SHSML,2024,21835496,10114999,11720497,11058974,7138104,25737193.0,-23555774,2181419,52400,810812,5443492,10770737,,-420416,-1376536,thousands,1.0,,"{""sfp"": [25, 24, 26, 51, 62], ""pl"": [26, 25, 27, 69], ""cfs"": [29, 28, 30]}",,ok
SHSML,2025,22821300,10484388,12336912,12463825,7460616,23465318.0,-20987553.0,2477765.0,911356,215281,3258941,10349318,,-293446,2726190,thousands,1.0,,"{""sfp"": [25, 24, 26, 52], ""pl"": [26, 25, 27, 63], ""cfs"": [29, 28, 30]}",,review
SIBL,2013,895134.249,390716.582,504417.667,776810.268,390716.582,71550.692,,,3416.33,35530.059,,1496.25,,,-146305.358,thousands,0.001,,"{""sfp"": [11, 18, 84, 90], ""pl"": [7, 19], ""cfs"": [21]}",L5,review
SIBL,2014,546216.855,29680.18,516536.675,485355.755,29680.18,74176.372,,,12205.604,54903.699,,1061.796,,,-350259.134,thousands,0.001,,"{""sfp"": [20, 54], ""pl"": [21, 22, 55, 56], ""cfs"": [23, 57]}",L5;L2,review
SIBL,2015,,,,,,,,,847531.0,,,,,,,thousands,1.0,,"{""sfp"": [], ""pl"": [], ""cfs"": []}",,ok
SIBL,2016,,,,,,52138428,,,8866270,,,,,,-65592737,thousands,,,"{""sfp"": [16, 18, 19, 53, 60], ""pl"": [20, 54], ""cfs"": [55]}",,ok
SIBL,2017,670360.815,72594.331,597766.484,596069.634,72594.331,57731.881,,,60678.911,34443.155,,9342.555,,,-92645.031,thousands,0.001,,"{""sfp"": [12, 17, 22, 36, 37, 52], ""pl"": [11, 23, 38, 53], ""cfs"": [54]}",L5;L3;L2,review
SIBL,2018,818872.724,219981.03,598891.694,720089.852,37428.884,,,,,9455.215,,39904.411,,,,thousands,0.001,,"{""sfp"": [28, 27, 29, 68], ""pl"": [], ""cfs"": []}",L5,review
SIBL,2019,838995.615,,,620979.333,202087.032,,,,,8033.947,,158654.1,,,,thousands,0.001,,"{""sfp"": [28, 27, 29, 68], ""pl"": [], ""cfs"": []}",,ok
SIBL,2020,735267.763,,,521096.404,199275.367,,,,,7293.874,,156727.396,,,,thousands,0.001,,"{""sfp"": [29, 28, 30, 67], ""pl"": [], ""cfs"": []}",,ok
SIBL,2021,751686.095,,741080.836,5732.308,10605.259,,,,,7272.005,,155317.754,,,,thousands,0.001,,"{""sfp"": [28, 27, 29], ""pl"": [], ""cfs"": []}",L5,review
SIBL,2022,731149.321,,,530470.238,23136.375,,,,,7618.713,,155266.213,,,,thousands,0.001,,"{""sfp"": [28, 27, 29], ""pl"": [], ""cfs"": []}",,ok
SIBL,2023,836170.098,48382.583,787787.515,649717.759,45299.011,,,,,3282.919,,155531.709,,,,thousands,0.001,,"{""sfp"": [34, 33, 35], ""pl"": [], ""cfs"": []}",,ok
SIBL,2024,,,,,,139257921,,,77428616,,,,,-19033204,124994160,thousands,,,"{""sfp"": [33, 40], ""pl"": [34, 35], ""cfs"": [36]}",L2,ok
SIBL,2025,911550.493,127994.225,783556.268,646097.743,107496.8,,,,20010.101,30586.603,,149073.342,,,,thousands,0.001,,"{""sfp"": [31, 30, 32], ""pl"": [], ""cfs"": []}",L5,review
SIEM,2014,,,,,,9781082,-9076372,704710,-523795,,,,,-164941,1000287,thousands,1.0,,"{""sfp"": [29], ""pl"": [30, 31], ""cfs"": [32]}",,ok
SIEM,2015,12426298,9222847,3203451,8481047,8668972,9266909,-8773019,493890,-528234,679202,1291605,138316,,,,thousands,1.0,,"{""sfp"": [22, 25], ""pl"": [26], ""cfs"": []}",,ok
SIEM,2016,14738727,9507286,5231441,13058342,9483536,,,935073.0,,5234379,1180684,240832,,-82470,754812,thousands,1.0,,"{""sfp"": [25], ""pl"": [3, 2, 4], ""cfs"": [28, 27, 29]}",,ok
SIEM,2018,14738727,9507286,,,,19522120,16220171,3301949,1159220,,,388095.0,,-613325,-3195999,thousands,1.0,,"{""sfp"": [35, 44], ""pl"": [36], ""cfs"": [38, 37, 39]}",,ok
SIEM,2019,16339216,10351772,5987444,14493932,10261739,16672924,-14170266,2502658,709468,553204,1305741,378120,,-616239,942633,thousands,1.0,,"{""sfp"": [33], ""pl"": [34], ""cfs"": [36, 35, 37]}",,ok
SIEM,2020,13958972,8990315,4968657,12257400,8648157,12805375,-11914927,890448,-496015,437657,807716,279935,,-377849,888604,thousands,1.0,,"{""sfp"": [32], ""pl"": [33, 32, 34], ""cfs"": [35, 34, 36]}",,ok
SIEM,2021,17804685,11998388,5806297,16424782,11355951,14348950,-11924309,2424641,850005,2402311,1352302,300355,,-82681,2017041,thousands,1.0,,"{""sfp"": [36], ""pl"": [37], ""cfs"": [39, 38, 40]}",,ok
SIEM,2022,23178218,15986689,7191529,21816257,15495017,21484209,16494851,4989358,1680849,1474580,2165764,326151,,-383852,-249366,thousands,1.0,,"{""sfp"": [38], ""pl"": [39], ""cfs"": [41, 40, 42]}",,ok
SIEM,2025,14203212,8017019,6186193,12589534,6837783,8854548,-7443083,1411465,829413,6710589,1181469,217492,,,-762850,thousands,1.0,,"{""sfp"": [40], ""pl"": [41, 42], ""cfs"": [43, 42, 44]}",L5,review
SILK,2013,,,,,,,,,-1156562,,,,,,,thousands,,,"{""sfp"": [69], ""pl"": [70, 71], ""cfs"": [73, 72, 74]}",,ok
SILK,2021,1035408.0,320921.0,,,,333622.0,,,,,,,,,,thousands,,,"{""sfp"": [72, 71, 73], ""pl"": [72, 71, 73], ""cfs"": []}",,ok
SINDM,2015,478410.05,18818.847,,324135.81,18818.847,,,,,309603.524,,274.655,,,,thousands,0.001,,"{""sfp"": [], ""pl"": [], ""cfs"": []}",,ok
SINDM,2016,515424.898,42290.217,473134.681,77776.379,9604.892,,,,20743.478,40445.905,,,,,,thousands,0.001,,"{""sfp"": [], ""pl"": [], ""cfs"": []}",,ok
SINDM,2017,1028593.706,44922.065,983671.641,468490.917,25344.941,132576.454,,,26286.96,370776.004,,4073.912,,-15699.847,-164651.788,thousands,0.001,,"{""sfp"": [22], ""pl"": [18, 23, 24], ""cfs"": [25]}",,ok
SINDM,2019,1639272.831,576226.069,1063046.762,1218410.905,576218.069,125016.56,,,81153.602,788633.188,,3254.394,,-33560.22,158168.044,thousands,0.001,,"{""sfp"": [23], ""pl"": [24, 25], ""cfs"": [26]}",,ok
SINDM,2020,1706170.652,96196.232,1609974.42,1177337.968,96195.232,188071.755,,,107884.76,883707.855,,4014.411,,-60470.344,-502765.824,thousands,0.001,,"{""sfp"": [23], ""pl"": [24, 25], ""cfs"": [26]}",,ok
SINDM,2021,1657153.74,32096.776,1625056.964,1200357.149,32096.776,138244.547,,,75822.337,475524.291,,3395.422,,,,thousands,0.001,,"{""sfp"": [23, 26, 30], ""pl"": [24, 25], ""cfs"": []}",,ok
SINDM,2022,1684584.728,38635.758,1645948.97,1173981.336,38635.758,167021.948,,,66313.222,494176.101,,2578.628,,-44865.334,59202.135,thousands,0.001,,"{""sfp"": [24], ""pl"": [25, 26], ""cfs"": [27]}",,ok
SINDM,2023,1778233.492,55866.28,1722367.212,1280808.047,44381.187,279664.809,,,130410.86,182076.26,,1972.843,,,,thousands,0.001,,"{""sfp"": [23], ""pl"": [24, 25, 26], ""cfs"": []}",,ok
SINDM,2024,1938202.289,70892.388,1867309.901,1516515.93,70892.388,,,,201330.52,,,,,,,thousands,0.001,,"{""sfp"": [], ""pl"": [], ""cfs"": []}",,ok
SINDM,2025,2064807.384,73298.752,1991508.632,1341458.4,73298.752,,,,180113.788,,,,,,,thousands,0.001,,"{""sfp"": [], ""pl"": [], ""cfs"": []}",,ok
SITC,2013,13365097.388,,,3414659.702,4540909.969,8099794.812,5596131.127,2503663.685,1036103.863,279534.49,1010809.125,6068941.931,,,,thousands,0.001,,"{""sfp"": [28, 27, 29], ""pl"": [], ""cfs"": []}",,ok
SITC,2014,13386410.636,,,3601755.335,4177504.61,8807482.117,6668370.974,2139111.143,861174.134,436767.468,881710.696,5765295.502,,,,thousands,0.001,,"{""sfp"": [29, 28, 30], ""pl"": [], ""cfs"": []}",,ok
SITC,2015,14443923.555,6246039.429,8197884.126,4446080.341,4293653.771,8722879.814,7151198.9,1571680.914,986431.314,256977.41,717460.1,5790535.775,,,,thousands,0.001,,"{""sfp"": [30, 29, 31], ""pl"": [], ""cfs"": []}",L2,ok
SITC,2016,17855202.764,,7535407.243,4702364.349,6286867.685,9813778.375,-7684836.486,2128941.889,769221.539,188424.647,1103513.578,8789142.634,,,,thousands,0.001,,"{""sfp"": [31, 30, 32], ""pl"": [], ""cfs"": []}",,ok
SITC,2017,19524892.114,,8624962.321,5761477.267,6523898.412,10074067.654,-7762170.677,2311896.977,1166381.688,131002.031,1194326.88,9413115.264,,,,thousands,0.001,,"{""sfp"": [31, 30, 32], ""pl"": [], ""cfs"": []}",L5,review
SITC,2018,19797100.975,9159673.366,10637427.609,5693966.711,6770386.237,12264826.597,-9632096.101,2632730.496,1086184.7,79663.148,950647.289,9572026.86,,-262089.951,1616269.645,thousands,0.001,,"{""sfp"": [38, 39], ""pl"": [40, 41], ""cfs"": [42, 43]}",,ok
SITC,2019,26827491.258,,14619623.468,6790054.705,7686132.119,12698107.03,-9938577.05,2759529.98,885458.407,102509.993,1328480.329,15516236.992,,,,thousands,0.001,,"{""sfp"": [42, 41, 43], ""pl"": [], ""cfs"": []}",,ok
SITC,2020,26430701.798,11738147.048,14692554.75,6914790.966,7891779.022,11792672.025,-9513537.908,2279134.117,298763.427,81643.197,2329555.413,14935071.355,,,,thousands,0.001,,"{""sfp"": [44, 43, 45], ""pl"": [], ""cfs"": []}",,ok
SITC,2021,30540028.642,14658164.065,15881864.577,9107224.933,10160187.047,14784537.421,-11851633.946,2932903.475,1347689.901,191102.287,2745163.2,16923448.466,,,,thousands,0.001,,"{""sfp"": [46, 45, 47], ""pl"": [], ""cfs"": []}",,ok
SITC,2022,32554420.064,16516039.407,16038380.657,11115179.577,11716479.394,,-18752676.751,2872908.444,655638.521,322690.309,4324516.058,17344777.219,,,,thousands,0.001,,"{""sfp"": [46, 45, 47], ""pl"": [], ""cfs"": []}",,ok
SITC,2023,34939772.728,,16604238.123,11697799.975,12508720.361,,-23013063.337,4479575.201,993351.451,334318.954,3581645.734,18458821.584,,,,thousands,0.001,,"{""sfp"": [46, 45, 47], ""pl"": [], ""cfs"": []}",,ok
SITC,2024,40510869.525,22446782.766,18064086.759,13733615.609,15576689.306,,-26192619.872,4919259.861,585507.646,360475.765,3674746.751,22972725.937,,,,thousands,0.001,,"{""sfp"": [50, 49, 51], ""pl"": [], ""cfs"": []}",,ok
SITC,2025,47508002.225,,18865716.456,13496372.146,16673451.316,,-26911254.339,5618961.185,939274.553,334865.371,4190277.216,29901979.692,,,,thousands,0.001,,"{""sfp"": [52, 51, 53], ""pl"": [], ""cfs"": []}",,ok
SJTM,2013,711140895,428086304,283054591,258764267,167954744,807481022,-685142706,122338317,51663156,7893110,145012780,441007690,,,18949821,thousands,1.0,,"{""sfp"": [14], ""pl"": [15], ""cfs"": [17]}",,ok
SJTM,2014,609731539.0,,,167635793.0,109089387.0,1260200196.0,-1239077211.0,21122985.0,,30280796.0,37479311.0,430726808.0,,,,thousands,1.0,,"{""sfp"": [14, 13, 15], ""pl"": [], ""cfs"": []}",,ok
SJTM,2015,681267168.0,,,203740063.0,456900944.0,1171057020.0,-1168519075.0,2537945.0,,19657625.0,85545333.0,466158167.0,,,,thousands,1.0,,"{""sfp"": [16, 15, 17], ""pl"": [], ""cfs"": []}",,ok
SJTM,2016,447203456.0,,,142951978.0,530757967.0,793087469.0,-1019978348.0,,-282103487.0,10022975.0,59121238.0,292882540.0,,,,thousands,1.0,,"{""sfp"": [22, 21, 23], ""pl"": [], ""cfs"": []}",,ok
SJTM,2017,306396348.0,,,184647745.0,465433185.0,139813179.0,-174334805.0,,-74424016.0,980636.0,,22082068.0,,,,thousands,1.0,,"{""sfp"": [18, 17, 19], ""pl"": [], ""cfs"": []}",L3,ok
SJTM,2018,242001666.0,,,224718761.0,464890153.0,793087.0,,,-83001676.0,2761765.0,,9199763.0,,,,thousands,1.0,,"{""sfp"": [24, 23, 25], ""pl"": [], ""cfs"": []}",L3,ok
SJTM,2019,215518.146,503675.161,-288157.015,31088.98,503675.161,,,,-51845.703,189.123,,8279.786,,,-12004.054,thousands,0.001,,"{""sfp"": [25], ""pl"": [26, 27], ""cfs"": [28]}",L3,ok
SKRS,2013,2236363.703,,,553703.965,1230254.05,,-2694632.967,,-332288.572,4959.712,,1568312.424,,,,thousands,0.001,,"{""sfp"": [14, 13, 15], ""pl"": [], ""cfs"": []}",,ok
SKRS,2014,3261843.41,,,541704.149,1563791.475,3486660.907,-3690363.349,-203702.442,-186426.066,31600.756,,2592051.216,,,,thousands,0.001,,"{""sfp"": [14, 13, 15], ""pl"": [], ""cfs"": []}",,ok
SKRS,2015,2888178.19,,,276037.663,1396782.209,2613738.185,-2616494.517,-2756.332,-228160.745,7353.819,,2468869.99,,,,thousands,0.001,,"{""sfp"": [15, 14, 16], ""pl"": [], ""cfs"": []}",,ok
SKRS,2016,2612114.672,,,245178.711,1591087.148,1528012.24,-1703121.019,-175108.779,-226544.308,1331.543,,2347812.704,,,,thousands,0.001,,"{""sfp"": [24, 23, 25], ""pl"": [], ""cfs"": []}",,ok
SKRS,2017,3615524.0,,,526158.0,1247753.0,2347921.0,-2343397.0,,,141775.0,,2936016.0,,,,thousands,1.0,,"{""sfp"": [22, 21, 23], ""pl"": [], ""cfs"": []}",,ok
SKRS,2018,3940672.0,,,1021375.0,926789.0,1821745.0,-1318198.0,503547.0,268232.0,46439.0,,3099364.0,,,,thousands,1.0,,"{""sfp"": [27, 26, 28], ""pl"": [], ""cfs"": []}",,ok
SKRS,2019,4299330,2379114,1920216,1042735,1119981.0,3387534.0,-2877233.0,510301.0,156649.0,,49192.0,3250459.0,,,,thousands,1.0,,"{""sfp"": [30, 29, 31], ""pl"": [], ""cfs"": []}",L5,review
SKRS,2020,3861120.0,,,662350.0,1669982.0,1966828.0,-2425503.0,,,28337.0,79304.0,3193721.0,,,,thousands,1.0,,"{""sfp"": [33, 32, 34], ""pl"": [], ""cfs"": []}",,ok
SKRS,2021,3666576,,,429783.0,2525674.0,1614526.0,-1662016.0,-47490.0,-359507.0,23867.0,51301.0,3232714.0,,,,thousands,1.0,,"{""sfp"": [36, 35, 37], ""pl"": [], ""cfs"": []}",,ok
SKRS,2022,4339604.0,,,602967.0,3113557.0,3995003.0,-4071902.0,-76899.0,-297848.0,33882.0,203769.0,3731900.0,,,,thousands,1.0,,"{""sfp"": [31, 30, 32], ""pl"": [], ""cfs"": []}",,ok
SKRS,2023,4151658,3154458,997200,299796,2400443,2626592,2529462,97130,-156067,,32855,3847298,,,188148,thousands,1.0,,"{""sfp"": [37, 39], ""pl"": [38], ""cfs"": [40]}",,ok
SKRS,2024,4222509,3471899,750610,327982,2760744,3335740,-3400115,-64375,-245990,49450,37814,3889804,,,188886,thousands,1.0,,"{""sfp"": [34], ""pl"": [35], ""cfs"": [37]}",,ok
SKRS,2025,4123829,3389207,734622,232953,2744842,3849269,-3714031,135238,-16950,18214,41764,3886561,,,121769,thousands,1.0,,"{""sfp"": [37, 42], ""pl"": [38], ""cfs"": [41]}",,ok
SLCL,2013,1168004.0,873485.0,,561933.0,350283.0,,,,,,,125857.0,,,,thousands,1.0,,"{""sfp"": [14, 13, 15], ""pl"": [14, 13, 15], ""cfs"": []}",,ok
SLCL,2014,918949,756609,162341,514778,708464,36060,,,,,,114967.0,,,,thousands,1.0,,"{""sfp"": [13, 12, 14], ""pl"": [13, 12, 14], ""cfs"": []}",,ok
SLCL,2015,863642.0,727132.0,,357185.0,425126.0,9185657,-17537678,,,,,93423.0,,,,thousands,1.0,,"{""sfp"": [12, 11, 13], ""pl"": [12, 11, 13], ""cfs"": []}",L3,ok
SLCL,2016,815101.0,660809.0,,310295.0,443178.0,,,,,,,82189.0,,,,thousands,1.0,,"{""sfp"": [12, 11, 13], ""pl"": [12, 11, 13], ""cfs"": []}",,ok
SLCL,2017,752860.0,634074.0,,261793.0,488678.0,12318,-14185376,,-37126,,,73636.0,,,,thousands,1.0,,"{""sfp"": [13, 12, 14], ""pl"": [13, 12, 14], ""cfs"": []}",,ok
SLCL,2019,656774.844,539602.734,117172.11,257652.597,483891.737,9535.224,,,-27613.287,313.653,,64295.878,,,-3026.468,thousands,0.001,,"{""sfp"": [25], ""pl"": [26, 27], ""cfs"": [28]}",,ok
SLCL,2020,628490.43,555397.697,73092.733,232002.544,537389.543,7922.454,,,-44079.377,594.229,,61661.517,,,280.576,thousands,0.001,,"{""sfp"": [1, 10], ""pl"": [2, 3], ""cfs"": [5]}",,ok
SLCL,2021,626895.585,567186.193,59709.392,233041.602,567186.193,7848.955,,,-13383.341,388.066,,,,,-246.663,thousands,0.001,,"{""sfp"": [27, 28, 32], ""pl"": [29, 30], ""cfs"": [31]}",,ok
SLCL,2022,620458.677,569498.163,50960.514,229228.633,569498.163,10036.701,,,-8748.878,332.114,,,,,-271.466,thousands,0.001,,"{""sfp"": [26, 29], ""pl"": [30], ""cfs"": [33]}",,ok
SLCL,2023,551485.154,521564.227,29920.927,162879.032,521564.227,15561.121,,,-21039.587,2064.959,,,,,1724.848,thousands,0.001,,"{""sfp"": [29], ""pl"": [30, 31], ""cfs"": [32]}",,ok
SLCL,2025,537055.642,494285.04,42770.602,153577.123,494285.04,16087.822,,,-3121.231,295.746,,119.932,,,-341.193,thousands,0.001,,"{""sfp"": [28], ""pl"": [29, 30], ""cfs"": [32]}",,ok
SLL,2013,542085,,200334,421028,279299,28392,,,,,,,,,,thousands,1.0,,"{""sfp"": [16, 15, 17], ""pl"": [16, 15, 17], ""cfs"": []}",,ok
SLL,2014,658384,,190474,427864,395357,,,,,,,,,,,thousands,1.0,,"{""sfp"": [15, 14, 16], ""pl"": [], ""cfs"": []}",,ok
SLL,2015,568316,,174447,448291,335336,,,,,,,,,,,thousands,1.0,,"{""sfp"": [14, 13, 15], ""pl"": [], ""cfs"": []}",,ok
SLL,2016,503767.0,,156956.0,414715.0,310344.0,,,,,,,,,,,thousands,1.0,,"{""sfp"": [22, 21, 23], ""pl"": [], ""cfs"": []}",,ok
SLL,2017,477644.0,,133251.0,81973.0,132236.0,,,,,,,,,,,thousands,1.0,,"{""sfp"": [20, 19, 21], ""pl"": [], ""cfs"": []}",,ok
SLL,2018,509001,,111680,164379,209030,,,,,,,,,,,thousands,1.0,,"{""sfp"": [22, 21, 23], ""pl"": [], ""cfs"": []}",,ok
SLL,2019,481720.46,,,168133.575,222938.397,,,,-35694.33,787.718,,4510.324,,,,thousands,0.001,,"{""sfp"": [42, 41, 43], ""pl"": [], ""cfs"": []}",,ok
SLL,2020,405617.977,,,158212.488,225500.877,,,,-57676.586,1626.307,,3903.811,,,,thousands,0.001,,"{""sfp"": [43, 42, 44], ""pl"": [], ""cfs"": []}",,ok
SLL,2021,346545.63,,,114139.63,196022.042,,,,-13399.171,3157.864,,3340.157,,,,thousands,0.001,,"{""sfp"": [45, 44, 46], ""pl"": [], ""cfs"": []}",,ok
SLL,2022,334840.406,326987.637,7852.769,38981.783,178962.966,,,,,832.854,,4125.665,,,,thousands,0.001,,"{""sfp"": [45, 44, 46], ""pl"": [], ""cfs"": []}",,ok
SLL,2023,283822.889,343708.327,-59885.438,240033.825,328275.092,,,,,4749.544,,3203.091,,,,thousands,0.001,,"{""sfp"": [41, 40, 42], ""pl"": [], ""cfs"": []}",L3,ok
SLYT,2014,1968863.05,1384384.604,584478.446,827650.505,969018.297,3796146.003,-3614475.615,181670.388,-22210.208,23797.729,518834.924,1129968.941,-10695.867,,74871.061,thousands,0.001,,,,ok
SLYT,2015,2471702.158,2089528.031,382174.127,1260070.389,1579756.227,3279668.569,-3298618.175,-18949.606,-200410.65,13463.544,973527.734,1200388.165,-52524.849,,-404566.194,thousands,0.001,,,,ok
SLYT,2018,1795551.86,2221815.995,-426264.135,838379.21,1378282.645,1912527.751,-2154985.019,-242457.268,-397941.345,2221.944,600447.47,945929.046,,,-112647.857,thousands,0.001,,,L3,ok
SLYT,2019,1716049.751,2458090.997,-742041.246,804807.281,1675093.192,111744.649,-266726.738,-154982.089,-315777.112,2501.841,565440.498,899998.866,,,-53060.846,thousands,0.001,,,L3,ok
SLYT,2020,1677419.17,2674044.573,-996625.403,804942.102,1830006.976,,-39879.647,-39879.647,-254584.157,2493.327,565440.498,861233.464,,,-12130.538,thousands,0.001,,,L3,ok
SLYT,2021,1639537.467,2764430.447,-1124892.98,,1857968.397,,-36805.563,,-128267.577,,,,,,-11343.797,thousands,0.001,,,L3,ok
SLYT,2022,1605331.956,2639409.97,-1034078.014,805128.223,1867884.903,,-34781.639,-34781.639,90814.966,2629.448,565440.498,788960.129,,,-10461.376,thousands,0.001,,,L3,ok
SLYT,2023,1572600.802,2702845.848,-1130245.046,805128.218,1883947.291,,-33336.16,-33336.16,-96167.032,2629.448,565440.498,756228.98,,,-15322.988,thousands,0.001,,,L3;L2,ok
SLYT,2024,1496491.968,1968626.207,-472134.239,760058.613,1838839.436,,-31516.303,-31516.303,,2629.447,565440.498,725189.751,,,,thousands,0.001,,"{""sfp"": [21, 20, 22], ""pl"": [], ""cfs"": []}",L2.5;L2.5;L3,review
SLYT,2025,1467051.952,,-493036.651,760058.614,1838839.437,,-29969.513,-29969.513,,2629.447,565440.498,695749.734,,,,thousands,0.001,,"{""sfp"": [20, 19, 21], ""pl"": [], ""cfs"": []}",L2.5;L2.5;L3,review
SMBL,2018,114627992,111875389,2752603,,,3932565,,,-8751073,5043089,,8708878,,,,thousands,1.0,,"{""sfp"": [53, 135, 153, 154], ""pl"": [54, 155, 134], ""cfs"": [57, 56, 58, 157]}",L5;L5;L5;L5,review
SMBL,2019,126050356,123297753,2752603,,,-74975,,,-9450619,6040071,,10180966,,,,thousands,1.0,,"{""sfp"": [48, 59, 73, 77, 82, 85, 106, 107, 108, 109, 236, 237], ""pl"": [49, 50, 237], ""cfs"": [52, 51, 53]}",L5;L3;L2,review
SMBL,2020,119808958,125474840,-5665882,,,,,,-6933787,,,10188303,,,12655887,thousands,1.0,,"{""sfp"": [59, 132, 164, 165, 167, 187, 191, 192, 193, 196, 198, 199, 225, 234], ""pl"": [60, 61, 165], ""cfs"": [63, 62, 64, 167]}",L5;L5;L5;L5;L3;L2,review
SMBL,2021,118130988,129368762,-11237774,,,,,,-2886924,12936109,,10917257,,,6850552,thousands,1.0,,"{""sfp"": [67, 203, 204, 220, 221, 226, 228, 229, 239, 244, 245, 246, 247, 254], ""pl"": [68, 69, 199, 201, 255, 202], ""cfs"": [71, 70, 72]}",L5;L5;L5;L5;L3;L2,review
SMBL,2022,148968314,166617206,-17648892,,,1638028,,,847070,14735574,,10650623,,,19798110,thousands,1.0,,"{""sfp"": [68, 112, 123, 125, 126, 151, 170, 202, 204, 205, 255, 256], ""pl"": [69, 70, 152, 171, 215, 256], ""cfs"": [72, 71, 73, 172]}",L5;L5;L5;L5;L3,review
SMCPL,2013,,,,,,646488.473,606656.918,,,,15117.187,,,,18522.267,thousands,0.001,,"{""sfp"": [10, 15], ""pl"": [19], ""cfs"": [4]}",,ok
SMCPL,2014,413500.045,188863.349,224636.696,185447.572,165603.564,506199.046,-466533.714,39665.332,12318.651,2633.637,,211919.457,,,,thousands,0.001,,"{""sfp"": [18, 17, 19], ""pl"": [], ""cfs"": []}",L2.5;L2,review
SMCPL,2015,458307.524,160180.512,298127.012,233923.459,160180.512,690183.505,-628727.921,,,17568.858,24290.302,199896.416,,,,thousands,0.001,,"{""sfp"": [18, 17, 19], ""pl"": [], ""cfs"": []}",L5,review
SMCPL,2016,453987.266,197546.247,256441.019,218948.735,132632.069,304467.342,-281687.468,,,9846.405,25706.343,174174.592,,,,thousands,0.001,,"{""sfp"": [19, 18, 20], ""pl"": [], ""cfs"": []}",L5,review
SMCPL,2017,503902.449,265208.239,238694.21,265505.918,215232.537,197858.437,-190969.639,,-16767.581,16845.989,27605.363,172125.889,,,,thousands,0.001,,"{""sfp"": [18, 17, 19], ""pl"": [], ""cfs"": []}",,ok
SMCPL,2018,753508.449,512452.055,241056.394,417765.164,450358.991,590070.371,-551690.674,,,4371.758,,258357.963,,,,thousands,0.001,,"{""sfp"": [21, 20, 22], ""pl"": [], ""cfs"": []}",,ok
SMCPL,2019,608474.409,420325.976,,,,,-865539.147,,,,,,,,,thousands,0.001,,"{""sfp"": [], ""pl"": [], ""cfs"": []}",,ok
SMCPL,2020,490062.787,312706.752,177356.035,202861.674,308470.767,,-422447.307,,-98777.041,13450.207,13081.629,183167.308,,,,thousands,0.001,,"{""sfp"": [21, 20, 22], ""pl"": [], ""cfs"": []}",L5,review
SMCPL,2021,520829.314,337958.149,182871.165,227293.815,331381.91,,-203600.861,,,41595.814,16479.091,187093.83,,,,thousands,0.001,,"{""sfp"": [23, 22, 24], ""pl"": [], ""cfs"": []}",L5,review
SMCPL,2022,705959.292,476758.029,229201.263,298908.317,369072.767,,-416164.447,102329.226,46456.349,26474.946,19805.708,328930.166,,,,thousands,0.001,,"{""sfp"": [27, 26, 28], ""pl"": [], ""cfs"": []}",,ok
SMCPL,2023,744983.048,470688.386,274294.662,397892.178,36.549,,-1110758.758,321276.0,133370.457,16431.416,25495.768,296802.818,,,,thousands,0.001,,"{""sfp"": [35, 34, 36], ""pl"": [], ""cfs"": []}",L5,review
SMCPL,2024,805627.771,423234.142,382393.629,481413.623,336932.897,,-1002413.228,260067.131,111605.625,46796.567,29610.514,276007.874,,,,thousands,0.001,,"{""sfp"": [35, 34, 36], ""pl"": [], ""cfs"": []}",,ok
SMCPL,2025,993098.28,548838.182,444260.098,579218.524,418969.39,,-1395658.868,256349.857,102713.641,52709.351,21179.019,268353.782,,,,thousands,0.001,,"{""sfp"": [42, 41, 43], ""pl"": [], ""cfs"": []}",,ok
SML,2014,12411426,7768413,4643013,1501818,6669301,11356340,-11402233,-45893,-638809,94992,479944,10254043,,,-203576,thousands,1.0,,"{""sfp"": [26, 27], ""pl"": [28], ""cfs"": [30]}",,ok
SML,2016,10839796,,,814003,4567308.0,4373219,-4668941,-295722,-17893,18640,347650,8987560,,,211854,thousands,1.0,,"{""sfp"": [26, 25, 27], ""pl"": [28, 27, 29], ""cfs"": [30, 29, 31]}",,ok
SML,2018,14307132,5624260,8682872,1485414,4052096,7404243,-6861630,542613,-14008,28271,1028311,10825661,,-155496,-62720,thousands,1.0,,"{""sfp"": [32, 31, 33], ""pl"": [34, 33, 35], ""cfs"": [36, 35, 37]}",,ok
SML,2019,13350983,,,992065,4170356.0,6251907,-6397502,-145595,-751533,83702,576860,10253780,,,684612,thousands,1.0,,"{""sfp"": [32, 31, 33], ""pl"": [34, 33, 35], ""cfs"": [36, 35, 37]}",,ok
SML,2020,12734587,5876113,6858474,1257098,4566845,6409384,-7081059,-671675,-997583,,615116,9745632,,,,thousands,1.0,,"{""sfp"": [30, 29, 31, 103], ""pl"": [32, 31, 33], ""cfs"": []}",,ok
SML,2021,19135860,7914946,11220914,842154,4831358,9161763,-9751929,-590166,-1387910,,361197,16166485,,,,thousands,1.0,,"{""sfp"": [36, 35, 37, 114], ""pl"": [38, 37, 39], ""cfs"": []}",L5,review
SML,2022,18562005,8053609,10508396.0,1037982,4578725.0,,-11954857.0,,-153535,30639,295242,15451699,,,,thousands,1.0,,"{""sfp"": [34, 33, 35, 106], ""pl"": [109], ""cfs"": []}",L5;L5,review
SML,2023,19023521,8851921,10171600,2359406,5598340,,,,,63421,1485204,14661871,,,,thousands,1.0,,"{""sfp"": [35, 34, 36, 105], ""pl"": [], ""cfs"": []}",,ok
SML,2024,17507832,10755233,6752599,1571692,7079753,8831779,-10854773,-2022994,-3057444,66572,701760,13915627,,,243371,thousands,1.0,,"{""sfp"": [35, 34, 36, 66, 110, 111], ""pl"": [36, 35, 37, 103, 112], ""cfs"": [39, 38, 40, 114]}",,ok
SML,2025,19375236,12047887,7327349,1615836,8620606,5515540,-7259249,-1743709,-2592804,,838810,15707378,,,91581,thousands,1.0,,"{""sfp"": [35, 34, 36, 112, 186, 188, 193, 194], ""pl"": [36, 35, 37, 105, 114], ""cfs"": [39, 38, 40, 116, 188]}",L5,review
SMTM,2014,2965826.929,1724214.925,,1291502.746,1290056.548,2537083.201,-2506058.719,31024.482,-147740.34,17812.734,320747.469,903518.334,,,-116737.788,thousands,0.001,,"{""sfp"": [18, 19], ""pl"": [20, 21], ""cfs"": [22]}",,ok
SMTM,2015,2056313.992,1388203.253,668110.739,1160358.468,1230950.662,1642567.939,-1810217.728,-167649.789,518510.021,18932.261,232261.885,881130.005,,,-49166.825,thousands,0.001,,"{""sfp"": [22, 24, 25], ""pl"": [26, 27], ""cfs"": [28]}",,ok
SMTM,2017,1386082.985,953757.076,,489589.826,831478.808,973653.918,-1103922.543,,,5058.157,,882072.369,,,,thousands,0.001,,"{""sfp"": [], ""pl"": [], ""cfs"": []}",,ok
SMTM,2018,914265.962,1094770.281,-180504.32,210875.478,1040699.094,395667.125,-758403.672,,,3349.231,,5620.079,,,,thousands,0.001,,"{""sfp"": [], ""pl"": [], ""cfs"": []}",L3,ok
SMTM,2019,120278.884,194475.271,-74196.386,120278.884,194475.271,44753.002,-81026.158,,,5725.12,,,,,,thousands,0.001,,"{""sfp"": [], ""pl"": [], ""cfs"": []}",L3,ok
SMTM,2020,104153.83,165506.964,-61353.134,104153.83,165506.964,,,,-1903.388,2484.192,,,,,1647.005,thousands,0.001,,"{""sfp"": [38, 39], ""pl"": [40], ""cfs"": [41]}",L3,ok
SMTM,2021,83408.052,40739.263,42668.789,83408.052,40739.263,,,,91152.0,58.159,,,,,-2420.452,thousands,0.001,,"{""sfp"": [35], ""pl"": [36], ""cfs"": [37]}",,ok
SNAI,2013,654864.764,358229.331,296635.433,410529.002,320216.598,1195064.454,-1046568.268,148496.186,62673.145,15475.483,220162.819,243250.312,,-44318.742,82373.588,thousands,0.001,,"{""sfp"": [11, 14], ""pl"": [10, 12, 16], ""cfs"": [15]}",,ok
SNAI,2014,899364.694,538568.793,360795.901,558798.209,442295.636,1382870.346,-1206647.056,176223.29,79782.483,7711.763,269675.775,339481.035,,-34118.603,9591.581,thousands,0.001,,"{""sfp"": [11, 14], ""pl"": [10, 12, 16, 20], ""cfs"": [15]}",,ok
SNAI,2015,984972.917,592607.195,392365.721,594984.37,495943.429,1695868.172,-1469130.442,226737.73,89555.002,60936.663,255810.566,388820.427,,-63977.749,194486.777,thousands,0.001,,"{""sfp"": [11, 14], ""pl"": [10, 12, 16, 20], ""cfs"": [15]}",,ok
SNAI,2016,1092785.764,734810.241,357975.523,591491.26,620156.033,1791117.662,-1613750.419,177367.243,64769.328,40059.805,228031.479,495181.253,,-68875.507,121686.187,thousands,0.001,,"{""sfp"": [17], ""pl"": [18], ""cfs"": [20]}",,ok
SNAI,2017,,,,,,,1674974.109,,,9018.917,,,,,,thousands,0.001,,"{""sfp"": [17, 23], ""pl"": [25, 26, 27], ""cfs"": []}",,ok
SNAI,2018,1069346.096,,330569.345,534166.107,622024.894,1705990.321,-1609438.554,96551.767,18670.196,42264.953,176173.176,414126.767,,,,thousands,0.001,,"{""sfp"": [37], ""pl"": [38, 41], ""cfs"": []}",,ok
SNAI,2019,1184609.836,819282.771,365327.065,682764.556,720986.725,2002240.706,1803933.532,198307.174,65224.037,29971.577,214142.525,390637.695,,-17038.737,78944.279,thousands,0.001,,"{""sfp"": [29], ""pl"": [30], ""cfs"": [33]}",L2,ok
SNAI,2020,1160634.769,815132.794,345501.975,803798.92,798963.85,,-456811.265,66363.2,,61711.634,201493.653,565900.908,,,,thousands,0.001,,"{""sfp"": [30, 80], ""pl"": [], ""cfs"": []}",L5;L5;L5;L5;L2,review
SNAI,2021,1485331.728,972524.804,512806.923,976761.182,806561.158,,-483541.627,71762.16,,98496.842,240450.223,321243.043,,,,thousands,0.001,,"{""sfp"": [23, 22, 24, 34, 83], ""pl"": [], ""cfs"": []}",L5;L5;L5;L5;L2,review
SNAI,2022,2168996.312,1510742.491,658253.821,1330637.732,1236547.984,,-748619.285,97871.822,,70244.958,452097.042,748034.155,,,,thousands,0.001,,"{""sfp"": [34, 83], ""pl"": [], ""cfs"": []}",L5;L5;L5;L5;L2,review
SNAI,2023,2283590.326,1838246.265,445344.061,1162793.269,1370150.038,,-931159.399,,,57742.19,290356.504,823193.06,,,,thousands,0.001,,"{""sfp"": [40, 91], ""pl"": [], ""cfs"": []}",L5;L5;L5;L5;L2,review
SNAI,2024,2576387.845,1902520.799,673867.046,1137475.546,1519331.354,,-1415705.477,,,57742.886,256730.727,1125607.123,,,,thousands,0.001,,"{""sfp"": [30, 83], ""pl"": [], ""cfs"": []}",L5;L5;L5;L2,review
SNAI,2025,2880007.314,2005430.445,874576.869,1688571.947,1742310.762,,-1025773.913,,,12145.729,216847.705,1000731.282,,,,thousands,0.001,,"{""sfp"": [20, 19, 21, 35], ""pl"": [], ""cfs"": []}",L5;L5;L5;L5;L5;L5;L5,review
SNBL,2013,5429359,4961270,468089,,,,,,,330475,,120546,,,,thousands,1.0,,"{""sfp"": [112], ""pl"": [112], ""cfs"": [53, 52, 54, 113]}",L2,ok
SNBL,2014,7967001,7444717,522284,,,500049,,,1582055.0,,,,,,1501947,thousands,1.0,,"{""sfp"": [114, 115], ""pl"": [33, 32, 34, 114], ""cfs"": [52, 51, 53, 115]}",L5;L5;L2,review
SNBL,2015,253342000.0,235150000.0,,,,,,,2212768000.0,,,,,,1578128000.0,thousands,1000.0,,"{""sfp"": [], ""pl"": [59], ""cfs"": [134, 133, 135]}",L5;L3,review
SNBL,2016,278521000.0,260231479000.0,,,,,,,1878844000.0,,,,,-1378079000.0,12283765000.0,thousands,1000.0,,"{""sfp"": [111, 112, 113, 116, 127, 137], ""pl"": [64, 137], ""cfs"": [38, 37, 39, 138]}",L5;L5;L2,review
SNBL,2017,322133976,303629377,18504599,,,,,,1643326,19431256,,6581465,,-1378079,-5929785,thousands,1.0,,"{""sfp"": [83, 87, 98, 99, 100, 102, 107, 108, 109, 112, 113, 121, 135], ""pl"": [63, 135], ""cfs"": [36, 35, 37]}",L5;L5;L5,review
SNBL,2018,14769763,12990225,1779538,,,,,,1783664,260196,,208419,,-826848,38673405,thousands,1.0,,"{""sfp"": [96, 107, 111, 122, 123, 124, 128, 129, 135, 140, 141, 142, 151], ""pl"": [82], ""cfs"": [41, 40, 42]}",L5;L3,review
SNBL,2020,485345223,462188185,23157038,,,,,,2400272,,,,,-1102463,78585431,thousands,1.0,,"{""sfp"": [94, 95, 154], ""pl"": [96, 97], ""cfs"": [87, 86, 88, 118]}",L5;L5,review
SNBL,2021,,,21635541,,,15227769,,,659236,35196898,,11145057,,1378079,68714477,thousands,1.0,,"{""sfp"": [108, 161, 171, 182], ""pl"": [109, 110, 182], ""cfs"": [101, 100, 102, 111]}",,ok
SNBL,2022,579760.0,,21146191,,,16424208,,,1883243,,,,,-1643018,-53169037,thousands,1.0,,"{""sfp"": [112, 167, 177, 188], ""pl"": [113, 114, 188], ""cfs"": [105, 104, 106, 115]}",L5,review
SNBL,2023,53130230,49981663,3148567,,,7166927,,,2011014,3641611,,1108558,,-1096566,72659043,thousands,1.0,,"{""sfp"": [185], ""pl"": [185], ""cfs"": [102, 101, 103]}",L5;L3,review
SNGP,2018,461157243,442480562,18676681,267094224,280714218,503782390,476785651,26996739,11121475,7075033,31404569,190609690,,-4718528,39589745,thousands,1.0,,"{""sfp"": [91, 90, 92], ""pl"": [93, 92, 94], ""cfs"": [96, 95, 97]}",,ok
SNGP,2019,629381522,,,424630620,445527126.0,754538324,718742315,35796009,7075834,6152552,9007232,200837557,,-3741655,17339137,thousands,1.0,,"{""sfp"": [89, 88, 90], ""pl"": [91, 90, 92], ""cfs"": [94, 93, 95]}",,ok
SNGP,2020,800996603,,,552951769,585805933.0,744554413,690218497,54336916,5997709,7512919,6824823,205997782,,676281,35320742,thousands,1.0,,"{""sfp"": [91, 90, 92], ""pl"": [93, 92, 94], ""cfs"": [96, 95, 97]}",,ok
SNGP,2021,,,,,,132499051,74778319,57720732,38000126,,,,,-11500000,66152064,thousands,1.0,,"{""sfp"": [48, 52], ""pl"": [49], ""cfs"": [50]}",L3,ok
SNGP,2022,,,,,,1293677464,1208155759,85521705,10366231,,,,,-3778695,50461301,thousands,1.0,,"{""sfp"": [49], ""pl"": [50], ""cfs"": [51, 50, 52]}",L3,ok
SNGP,2023,,,,,,,,,,,,,,-4708973,-46683427,thousands,1.0,,"{""sfp"": [79, 78, 80], ""pl"": [79], ""cfs"": [98, 97, 99]}",,ok
SNGP,2024,1642407924,,64192818.0,1323680958,1373053993.0,1532911219,1488496758,44414461,18976540,17744547,19045561,280459663,,-950143,33081927,thousands,1.0,,"{""sfp"": [97, 96, 98], ""pl"": [99, 98, 100], ""cfs"": [102, 101, 103]}",,ok
SNGP,2025,1681646028,,70646110.0,1310821057,1397546608.0,1408551237,1328067638,80483599,14591947,15925090,26230208,318116798,,-7566044,54048860,thousands,1.0,,"{""sfp"": [103, 102, 104], ""pl"": [105, 104, 106], ""cfs"": [108, 107, 109]}",,ok
SPEL,2015,2364932.06,807037.911,1557894.149,1320569.682,592196.53,2165703.472,-1672902.798,492800.674,229745.497,37633.487,321691.498,1030345.221,,,,thousands,0.001,,"{""sfp"": [42, 41, 43], ""pl"": [], ""cfs"": []}",L2,ok
SPEL,2016,2481024.358,644689.528,1836334.83,943726.825,443986.76,2321850.602,-1739357.228,582493.374,355790.681,51062.914,316544.988,1515337.213,,-77211637,343049651,thousands,0.001,,"{""sfp"": [], ""pl"": [29], ""cfs"": [69]}",L5;L5;L5,review
SPEL,2017,2985184.161,890255.864,2094928.297,1086233.279,510596.271,2699673.129,-1984802.802,714870.327,417160.967,57874.109,427683.515,1875867.724,,-158276258,403893582,thousands,0.001,,"{""sfp"": [], ""pl"": [11], ""cfs"": [22]}",,ok
SPEL,2018,3490539,990792,2499747,1281467,480881,,,,,,,,,,,thousands,1.0,,"{""sfp"": [26], ""pl"": [26], ""cfs"": [26, 25, 27]}",,ok
SPEL,2019,3725600.311,1070467.063,2655133.248,1426998.551,591034.24,3431045.033,-2857842.613,573202.42,241186.073,42021.102,568886.295,2230298.887,,-83894214,281387427,thousands,0.001,,"{""sfp"": [], ""pl"": [13], ""cfs"": [54]}",,ok
SPEL,2020,3872619.422,1009047.641,2863571.781,1515028.122,507616.869,3097557.986,-2524614.632,572943.354,258813.628,8879.92,639457.379,2344472.636,,50696658,377346720,thousands,0.001,,"{""sfp"": [], ""pl"": [13], ""cfs"": [54]}",,ok
SPEL,2021,,,,,,3361164.0,,,,,,,,,,thousands,1.0,,"{""sfp"": [], ""pl"": [], ""cfs"": [27, 26, 28]}",,ok
SPEL,2022,,,,2270211.207,848628.14,6308360.779,-5063810.532,1244550.247,538925.173,100258.031,1255763.341,,,,,thousands,0.001,,"{""sfp"": [79, 78, 80], ""pl"": [], ""cfs"": []}",,ok
SPEL,2023,6848666.065,2212827.153,4635838.912,2626308.923,1155558.142,6430965.444,-5117718.987,1313246.457,491097.54,37653.39,1528409.077,,,,,thousands,0.001,,"{""sfp"": [87, 86, 88], ""pl"": [], ""cfs"": []}",,ok
SPEL,2024,,2181012,5122389,3098682,1316706,,5643032,,,161134,1635728,4166688,,,,thousands,1.0,,"{""sfp"": [45, 44, 46], ""pl"": [45, 44, 46], ""cfs"": [46, 45, 47]}",,ok
SPEL,2025,,,6109862,,,,,,,133933716,,,,,,thousands,1.0,,"{""sfp"": [50, 49, 51], ""pl"": [50, 49, 51], ""cfs"": [51, 50, 52]}",,ok
SPL,2013,2589044.487,,,709978.058,805415.911,1110400.106,-836913.167,273486.939,-19228.075,15972.007,438579.847,1832861.429,,,,thousands,0.001,,"{""sfp"": [24, 23, 25], ""pl"": [], ""cfs"": []}",,ok
SPL,2014,3350104.6,2071917.016,1278187.584,855528.402,718816.52,1426464.277,-1139226.816,287237.461,,847.908,521114.471,2490671.198,,,,thousands,0.001,,"{""sfp"": [24, 23, 25], ""pl"": [], ""cfs"": []}",,ok
SPL,2015,3324428.281,,,993090.766,953515.99,1325023.512,-1212520.675,112502.837,,6378.894,509269.141,2327432.515,,,,thousands,0.001,,"{""sfp"": [21, 20, 22], ""pl"": [], ""cfs"": []}",,ok
SPL,2016,3156796.178,,,1006934.677,982785.563,1310036.405,-1119600.525,190435.88,,35860.754,430789.976,2146156.501,,,,thousands,0.001,,"{""sfp"": [27, 26, 28], ""pl"": [], ""cfs"": []}",,ok
SPL,2017,2970088.2,1813444.074,1156644.126,977125.586,1168518.343,1059688.732,-1014116.444,45572.288,,4761.969,468637.071,1989257.614,,,,thousands,0.001,,"{""sfp"": [27, 26, 28], ""pl"": [], ""cfs"": []}",L5,review
SPL,2018,3745685.003,1994825.913,1750859.09,1011370.542,995293.003,1296154.191,-1170381.98,125772.211,-65402.801,1634.358,485788.968,2730109.461,,,,thousands,0.001,,"{""sfp"": [26, 25, 27], ""pl"": [], ""cfs"": []}",L5,review
SPL,2019,3809517.913,,,1225187.351,960928.496,2036215.629,-1506048.016,530167.613,,3008.439,526695.174,2580125.562,,,,thousands,0.001,,"{""sfp"": [31, 30, 32], ""pl"": [], ""cfs"": []}",,ok
SPL,2020,3604444.79,,2029462.63,1226279.03,722785.223,1745355.899,-1422134.718,323221.181,74241.976,42471.897,609267.601,2373960.76,,,,thousands,0.001,,"{""sfp"": [27, 26, 28], ""pl"": [], ""cfs"": []}",,ok
SPL,2021,4092741.194,,,1278261.373,670074.734,1865396.616,-1674177.794,191218.822,34708.339,30320.105,543658.258,2791465.762,,,,thousands,0.001,,"{""sfp"": [30, 29, 31], ""pl"": [], ""cfs"": []}",,ok
SPL,2022,3906046.605,,,1099066.806,1206735.556,,-1805930.667,,,1816.178,272468.996,2789162.656,,,,thousands,0.001,,"{""sfp"": [32, 31, 33], ""pl"": [], ""cfs"": []}",,ok
SPL,2023,3436723.745,,1320783.626,664462.861,1509293.741,,-1097385.803,,-792778.66,9138.135,224714.591,2557848.157,,,,thousands,0.001,,"{""sfp"": [30, 29, 31], ""pl"": [], ""cfs"": []}",L5;L5,review
SPL,2024,3064154.549,,,532890.042,1506785.553,,-215355.697,,,11381.255,218776.704,2368897.098,,,,thousands,0.001,,"{""sfp"": [30, 29, 31], ""pl"": [], ""cfs"": []}",L5,review
SPL,2025,2784421.496,1795365.664,989055.832,433420.492,1538604.869,,,,,5661.397,218776.704,2146406.12,,,,thousands,0.001,,"{""sfp"": [32, 31, 33], ""pl"": [], ""cfs"": []}",L5,review
SPLC,2014,1222502.566,1560205.51,-337702.944,1137992.425,1456351.498,207815.675,,,7217.691,23552.094,,21636.654,,-180.893,153325.52,thousands,0.001,,"{""sfp"": [23], ""pl"": [24], ""cfs"": [26]}",L3,ok
SPLC,2015,1222502.566,1560205.51,-337702.944,1137942.425,1456351.498,,,,,23552.393,,21636.654,,-180.893,153325.52,thousands,0.001,,"{""sfp"": [23, 24, 27], ""pl"": [], ""cfs"": [26]}",L3,ok
SPLC,2016,,,,,,,,,-118853.527,,,,,,,thousands,0.001,,"{""sfp"": [], ""pl"": [], ""cfs"": []}",,ok
SPLC,2017,,,,653374.468,,,,,,,,,,,,thousands,0.001,,"{""sfp"": [], ""pl"": [], ""cfs"": []}",,ok
SPLC,2018,,,,,,,,,-52673.758,,,,,,,thousands,0.001,,"{""sfp"": [], ""pl"": [], ""cfs"": []}",,ok
SPLC,2019,743788.115,1350820.54,-607032.425,647570.579,1350820.54,4021.193,,,27165.478,6060.252,,66504.098,,,2336.109,thousands,0.001,,"{""sfp"": [18], ""pl"": [19, 20], ""cfs"": [22]}",L5;L3;L2,review
SPLC,2020,821832.671,1389589.603,-567756.932,712856.359,1389589.603,,,,,4978.655,,66677.157,,,,thousands,0.001,,"{""sfp"": [23, 22, 24], ""pl"": [], ""cfs"": []}",L2.5;L5;L3,review
SPLC,2021,832859.12,1379249.328,-546390.208,727568.571,1379249.328,,,,,1571.466,,64410.01,,,,thousands,0.001,,"{""sfp"": [24, 23, 25], ""pl"": [], ""cfs"": []}",L2.5;L5;L3,review
SPLC,2022,783361.56,1394909.978,,783590.712,1394910.035,,,,,253.806,,61172.944,,,,thousands,0.001,,"{""sfp"": [23, 22, 24], ""pl"": [], ""cfs"": []}",,ok
SPLC,2023,,,,,,,,,,,,,,,33242.604,thousands,0.001,,"{""sfp"": [17, 23], ""pl"": [], ""cfs"": [5]}",,ok
SPLC,2024,734611.425,1194348.085,-459736.663,617542.105,1194348.085,154002.805,,,107177.536,108824.297,,80444.629,,,127859.777,thousands,0.001,,,L3,ok
SPWL,2014,20359468.826,,7871705.26,5556013.186,5980292.394,,-11691574.582,3289672.794,2062615.152,4765.461,128210.622,14802174.44,,,,thousands,0.001,,"{""sfp"": [22, 21, 23], ""pl"": [], ""cfs"": []}",,ok
SPWL,2015,20359468.826,12487763.566,7871705.26,5566013.186,5980292.394,,-11691574.582,3289672.794,2062615.152,4765.461,128210.622,14802174.44,,,,thousands,0.001,,"{""sfp"": [22, 21, 23], ""pl"": [], ""cfs"": []}",L3,ok
SPWL,2016,19233910.007,10018131.206,9215778.801,5015722.581,4495669.997,,-8758048.644,3188107.492,2312333.355,152763.065,128114.62,14213512.866,,,,thousands,0.001,,"{""sfp"": [41, 40, 42], ""pl"": [], ""cfs"": []}",,ok
SPWL,2017,19675556.148,9279458.092,10396098.056,5984111.06,5647719.385,,-8779522.661,3477674.442,2592124.944,4424.504,127995.836,13687610.378,,,,thousands,0.001,,"{""sfp"": [43, 42, 44], ""pl"": [], ""cfs"": []}",,ok
SPWL,2018,23043480.267,10996254.864,12047225.403,9114724.281,9535113.451,,-12625322.73,4065004.299,3033080.88,295.242,134110.136,13294424.176,,,,thousands,0.001,,"{""sfp"": [29, 28, 30, 85], ""pl"": [], ""cfs"": []}",,ok
SPWL,2019,24720344.92,9912346.779,14807998.141,11124631.557,9153914.831,,-9892199.117,,3649946.908,,,12799939.113,,,,thousands,0.001,,"{""sfp"": [35, 34, 36], ""pl"": [], ""cfs"": []}",,ok
SPWL,2020,25419218.68,9486762.092,15932456.588,12344647.303,8889634.461,,-5595213.831,,2371501.269,,,12232028.625,,,,thousands,0.001,,"{""sfp"": [], ""pl"": [], ""cfs"": []}",,ok
SPWL,2021,27011483.978,11075150.951,15936333.027,15252665.389,10633479.1,,-13654893.375,2739441.155,1746942.347,,,11710519.365,,,,thousands,0.001,,"{""sfp"": [], ""pl"": [], ""cfs"": []}",,ok
SPWL,2022,32032926.184,18165819.744,13867106.44,20686206.24,17883859.734,,-19371137.022,3498512.779,1950658.957,,,11302149.549,,,,thousands,0.001,,"{""sfp"": [], ""pl"": [], ""cfs"": []}",,ok
SPWL,2023,26503031.749,14336774.749,12166257.0,15124065.865,14327338.514,,-16245697.172,,,,,10862567.248,,,,thousands,0.001,,"{""sfp"": [], ""pl"": [], ""cfs"": []}",,ok
SPWL,2024,20907209.87,9676111.75,11231098.12,9845177.469,9614008.507,,-6749875.406,,1950659.0,,,10212779.928,,,,thousands,0.001,,"{""sfp"": [], ""pl"": [], ""cfs"": []}",L2,ok
SPWL,2025,17138812.313,,10410991.948,6180041.213,6055866.765,,-8924933.279,,336104.0,,,9606757.423,,,,thousands,0.001,,"{""sfp"": [], ""pl"": [], ""cfs"": []}",,ok
SRVI,2013,6991729,4544643,2447086,,,14685638,12318716,2366922,619325,,,,,-178488,1242964,thousands,1.0,,"{""sfp"": [19], ""pl"": [20], ""cfs"": [21]}",,ok
SRVI,2015,10243318,,3603069,6472223,5411403,,,,945847,459846,2719856,3382700,,-326231,2031566,thousands,1.0,,"{""sfp"": [39, 40, 41], ""pl"": [42], ""cfs"": [43]}",,ok
SRVI,2016,12696724,8312784,4383940,7480827,6918703,18984428,15208729,3775699,1245487,224887,2729738,4745935,,-475344,462704,thousands,1.0,,"{""sfp"": [49, 48, 50, 99], ""pl"": [51, 50, 52, 101, 102], ""cfs"": [53, 52, 54, 103]}",L2.5,review
SRVI,2018,18121123,12604958,5516165,10601747,9462932,23908934,19747583,4161351,1068857,53761,4044171,6946303,,260406,255083,thousands,1.0,,"{""sfp"": [29, 57], ""pl"": [30], ""cfs"": [31, 30, 32]}",L5;L5,review
SRVI,2019,19518623,13777415,5741208,9206712,9367141,26156201,-21271958,4884243,886364,38503,4247068,6117464,,-543030,-1570687,thousands,1.0,,"{""sfp"": [61, 60, 62, 131], ""pl"": [63, 62, 64, 156], ""cfs"": [66, 65, 67, 181]}",,ok
SRVI,2020,24451218.0,17168626,7282592,11473794,11828991,24442492,-19521551,4920941,690024,1201058,4877842,5996063,,-140850,1247458,thousands,1.0,,"{""sfp"": [57, 56, 58], ""pl"": [59, 58, 60], ""cfs"": [62, 61, 63]}",,review
SRVI,2021,33344941,26036760,7308181,15754022,16440849,32724924,-27458310,5266614,356826,699296,9001107,7999342,,-350960,-2388352,thousands,1.0,,"{""sfp"": [53, 52, 54, 139], ""pl"": [55, 54, 56, 141], ""cfs"": [58, 57, 59, 144]}",,ok
SRVI,2022,40249792,32978371,7271421,17927165,21321446,42599481,-34626020,7973461,354427,1424592,9164082,10736350,,-349719,860843,thousands,1.0,,"{""sfp"": [57, 56, 58, 151], ""pl"": [59, 58, 60, 153], ""cfs"": [62, 61, 63, 156]}",,ok
SRVI,2023,44427511,36109332,8318179,19172054,21320859,55744034,-42053764,13690270,1342136,1813676,10387433,12447494,,-233184,3262362,thousands,1.0,,"{""sfp"": [57, 56, 58, 188], ""pl"": [59, 58, 60, 190], ""cfs"": [62, 61, 63, 216]}",,ok
SRVI,2024,22437441,13947260,8490181,6835796,9375335,16636187,-16092411,543776,324411,416950,1679031,1253493,,-466149,-3568618,thousands,1.0,,"{""sfp"": [57, 56, 58, 157], ""pl"": [59, 58, 60, 159], ""cfs"": [62, 61, 63, 162]}",L5,review
SRVI,2025,22685497,14190295,8495202,7194053,8840813,6687003,-6039576,647427,710279,,,,,,,thousands,1.0,,"{""sfp"": [67, 66, 68, 113], ""pl"": [68, 67, 69, 114], ""cfs"": [69, 68, 70, 115]}",L5,review
SSGC,2013,196397007,169800647,,126610483,29625115.977,151637577,,,,847680,628611,67736338,,,,thousands,1.0,,"{""sfp"": [65, 64, 66, 213], ""pl"": [67, 66, 68], ""cfs"": []}",L5,review
SSGC,2014,233468817,209601923,23866894,161349036,167123174,155542931,,,,1199837,888505,70165627,,,10842253,thousands,1.0,,"{""sfp"": [84, 83, 85, 147, 148, 149, 151, 156], ""pl"": [86, 85, 87, 158], ""cfs"": [88, 87, 89]}",L5,review
SSGC,2015,277417058,258643413,17887693,201333528,216429026,162583170,-170565082,-7981912,-5391049,984129,859852,73942853,,,5793325,thousands,1.0,,"{""sfp"": [90, 163, 164, 181, 200], ""pl"": [91, 93, 129, 130, 131, 132, 165, 203, 205, 206, 208], ""cfs"": [167]}",L2,ok
SSGC,2016,279076252,264930125,14146127,177895084,217227593,138616102,-163440128,-24824026,-6114953,954239,801819,96711045,,,21211112,thousands,1.0,,"{""sfp"": [101, 100, 102, 183, 263], ""pl"": [103, 102, 104, 185, 186], ""cfs"": [105, 104, 106, 187]}",L2,ok
SSGC,2017,316040851,299958039,16082812,196446494,223548868,156673275,-157512161,-838886,1335830,896852,1139269,114993177,,,-4175831,thousands,1.0,,"{""sfp"": [103, 102, 104, 176, 177, 187, 211], ""pl"": [105, 104, 106, 189], ""cfs"": [107, 106, 108, 191]}",L2,ok
SSGC,2018,386086531,382680226,3406305,263693252,306721730,177404423,-187181334,-9776911,-14848208,410399,1125441,120523674,,,2878800,thousands,1.0,,"{""sfp"": [97, 96, 98, 188, 189, 254, 266], ""pl"": [99, 98, 100, 190, 252, 254], ""cfs"": [102, 101, 103]}",L5;L2,review
SSGC,2019,528023247,536045562,-8022315,396653404,462523173,2971667,-295120476.0,,-18394768,338294,1799292,129720492,,,12416487,thousands,1.0,,"{""sfp"": [97, 96, 98, 190, 191, 234, 238, 240, 251, 253, 256, 257, 260, 270, 271, 272, 276], ""pl"": [99, 98, 100, 192, 200], ""cfs"": [102, 101, 103]}",L5;L3,review
SSGC,2020,609620821,632748741,-23127920,471298107,563116340,,,,-21268732.0,1550683,2221947,137364439,,,20618106,thousands,1.0,,"{""sfp"": [189, 188, 190, 91, 92], ""pl"": [], ""cfs"": [193, 192, 194, 95, 96]}",L3;L2,ok
SSGC,2021,634502914,656674469,-22171555,492415492,590607196,296128901,-301878844,-5749943,1955514,573696,1575623,135987526,,,9442428,thousands,1.0,,"{""sfp"": [77, 76, 78, 165, 166], ""pl"": [79, 78, 80, 167], ""cfs"": [81, 80, 82, 169]}",L3,ok
SSGC,2022,795809947,800288800,-4478853,614565777,732545790,375559048,-367840505,7718543,-11444115,3078230,2304295,175263737,,,20502692,thousands,1.0,,"{""sfp"": [86, 85, 87, 207, 208, 310, 312], ""pl"": [88, 87, 89, 210], ""cfs"": [90, 89, 91, 219]}",L3,ok
SSGC,2023,1065614057,1068301970,-2687913,867617210,986789737,449501179,-423300717,26200462,-1601133,384019,3444930,187414345,,,-6335645,thousands,1.0,,"{""sfp"": [78, 77, 79, 193, 194], ""pl"": [79, 78, 80, 195], ""cfs"": [81, 80, 82, 197]}",L3,ok
SSGC,2024,1179186273,1173269067,5917206,961866254,1080961128,465869723,-455487214,10382509,6839126,1123182,4037257,203910241,,,10523374,thousands,1.0,,"{""sfp"": [75, 74, 76], ""pl"": [76, 75, 77], ""cfs"": [79, 78, 80]}",,ok
SSGC,2025,1114507599,1106239150,8268450,872249543,1024565176,,,10989594.0,2689309,1187075,3214955,228656118,,,-22233443,thousands,1.0,,"{""sfp"": [86, 85, 87, 203, 204], ""pl"": [87, 86, 88, 205], ""cfs"": [90, 89, 91, 208]}",,ok
SSML,2013,1597519.938,921631.925,675888.013,506907.963,369155.903,2188428.877,1878683.517,309745.36,120600.376,20643.499,369678.225,1074622.209,,,150695.039,thousands,0.001,,,,ok
SSML,2014,2084799.099,1379292.017,705507.082,617332.21,519820.737,2523328.289,2291990.863,231337.426,42075.083,32996.477,452773.282,1446553.003,-9971.314,,38925.576,thousands,0.001,,,L2,ok
SSML,2015,2045963.745,1395386.035,650577.71,592999.389,562822.211,,-2328976.578,167790.052,,24542.998,403723.41,1432050.47,,,,thousands,0.001,,"{""sfp"": [12, 11, 13], ""pl"": [], ""cfs"": []}",L2,ok
SSML,2016,2061805.607,1517283.796,544521.811,679836.641,708222.758,,-2428687.763,,-66155.975,12185.09,453251.09,1360930.08,,,,thousands,0.001,,"{""sfp"": [11, 10, 12], ""pl"": [], ""cfs"": []}",L2,ok
SSML,2017,2175202.381,1617735.103,557467.278,836949.706,924313.78,,-2771782.117,,,23529.694,547688.255,1315578.169,,,,thousands,0.001,,"{""sfp"": [17, 16, 18], ""pl"": [], ""cfs"": []}",,ok
SSML,2018,2175900.019,1604636.83,571263.189,849841.626,867119.611,2993265.499,-2814862.59,178402.909,17867.572,53438.899,566940.86,1298133.887,,,141620.307,thousands,0.001,,"{""sfp"": [23, 24], ""pl"": [25, 26], ""cfs"": [28]}",L5,review
SSML,2019,2273694.41,1655738.066,621631.344,974226.857,966040.773,3494804.982,-3236392.455,,,157038.198,565435.167,1256485.282,,,,thousands,0.001,,"{""sfp"": [20, 19, 21], ""pl"": [], ""cfs"": []}",,ok
SSML,2020,2429235.343,1868486.162,560750.181,1189330.422,1153236.817,2812842.619,-2689905.327,122937.292,,63150.875,855709.83,1143274.68,,,,thousands,0.001,,"{""sfp"": [23, 22, 24], ""pl"": [], ""cfs"": []}",,ok
SSML,2021,2175933.512,1436878.913,739054.599,873903.295,845421.215,,-3273671.211,379791.485,,103517.664,616136.635,1281002.831,,,,thousands,0.001,,"{""sfp"": [24, 23, 25], ""pl"": [], ""cfs"": []}",,ok
SSML,2022,2535557.962,1717024.462,818533.5,1243810.596,1163450.996,4860040.224,-4557516.479,302487.745,91414.291,47040.03,820325.025,1270574.48,,,-111219.853,thousands,0.001,,"{""sfp"": [22, 23], ""pl"": [24, 25], ""cfs"": [27]}",,ok
SSML,2023,1978663.316,1503570.055,475093.261,744322.514,994531.305,,-3772045.877,,,46539.85,427949.592,1213167.916,,,,thousands,0.001,,"{""sfp"": [26, 25, 27], ""pl"": [], ""cfs"": []}",,ok
SSML,2024,1346978.959,1090288.431,256690.528,172628.897,785465.171,,-2350445.757,-127567.974,-308699.932,28766.133,,1155113.202,,,,thousands,0.001,,"{""sfp"": [24, 23, 25], ""pl"": [], ""cfs"": []}",L5,review
SSML,2025,1235822.59,1122879.679,112942.911,23945.231,1103606.67,,-594737.064,-575507.94,,5935.1,,1198120.499,,,,thousands,0.001,,"{""sfp"": [22, 21, 23], ""pl"": [], ""cfs"": []}",L5;L5,review
SSOM,2014,915279.446,,503536.3,600257.189,320313.973,1528661.058,1435275.47,93385.588,24347.914,25622.443,24540.97,303754.037,,,179162.516,thousands,0.001,,"{""sfp"": [14, 15, 16, 18], ""pl"": [17], ""cfs"": [19]}",,ok
SSOM,2015,1435767.188,796730.808,639036.379,928070.722,662299.145,1837061.912,1746870.928,90182.984,-9098.091,31743.269,320438.161,493429.246,,,-307705.242,thousands,0.001,,"{""sfp"": [9, 15, 16], ""pl"": [17, 18], ""cfs"": [19]}",,ok
SSOM,2016,1503038.818,,,1028704.761,,1421340.266,1319820.1,101520.166,10536.643,22022.894,645873.075,470990.407,,,-75761.971,thousands,0.001,,"{""sfp"": [14, 15], ""pl"": [16, 17], ""cfs"": [18]}",,ok
SSOM,2017,1850644.123,,685382.231,1384709.725,1070407.139,2674122.68,2543101.055,131021.625,20781.498,21285.663,844120.682,462590.746,,-50795.796,-317877.955,thousands,0.001,,"{""sfp"": [14, 15], ""pl"": [16, 17], ""cfs"": [18]}",L2,ok
SSOM,2018,,,,,,3479731.55,3318027.883,161703.667,12357.693,,,,,,,thousands,0.001,,"{""sfp"": [], ""pl"": [5, 4, 6], ""cfs"": []}",L5;L5;L5;L5,review
SSOM,2019,2475470.045,,969924.883,1707629.66,1366839.957,,,,13134.221,29693.881,688133.861,764496.735,,-5658.4,-426761.828,thousands,0.001,,"{""sfp"": [21, 22], ""pl"": [23], ""cfs"": [24]}",,ok
SSOM,2020,3048691.247,2037939.459,1010751.788,2319975.059,1942834.13,5011834.462,4693181.2,318653.262,28626.093,22547.621,1250252.205,724372.538,,-5658.4,-546984.537,thousands,0.001,,"{""sfp"": [24], ""pl"": [25, 26], ""cfs"": [27]}",,ok
SSOM,2022,3988742.997,2296436.617,1692306.38,2986390.67,2098364.401,10562344.9,9837456.566,724888.334,219927.582,39139.803,955975.033,999008.677,,-16975.2,-137086.059,thousands,0.001,,"{""sfp"": [26], ""pl"": [27, 28], ""cfs"": [29]}",,ok
SSOM,2023,2737948.542,925082.575,1812865.967,1810960.209,,6230793.595,5652457.396,578336.199,219928.0,,,,,-28292.0,1925111.717,thousands,0.001,,"{""sfp"": [26, 32], ""pl"": [27, 28], ""cfs"": [29]}",,ok
SSOM,2024,,,,,,4516347.175,4283584.013,232763.162,134337.0,,,,,-10224.743,-1296905.802,thousands,0.001,,"{""sfp"": [28], ""pl"": [29, 30], ""cfs"": [31]}",L2,ok
SSOM,2025,,,,2424302.545,1173514.769,7828869.536,,579491.405,250632.661,220432.074,,,,,,thousands,0.001,,"{""sfp"": [27, 26, 28], ""pl"": [], ""cfs"": []}",,ok
STCL,2013,4756125,2964324,1791801,1581957,1782472,4898217,-3720162,1178055,82322,126019,425757,3163042,,,585376,thousands,1.0,,"{""sfp"": [21], ""pl"": [22], ""cfs"": [24]}",,ok
STCL,2014,4769581,3075944,1693637,1814964,2443456,4779969,-3745292,1034677,-26036,124444,552836,2945072,,-72128,90349,thousands,1.0,,"{""sfp"": [21, 25], ""pl"": [22, 23], ""cfs"": [24]}",,ok
STCL,2015,4849982,2786300,2063682,2076318,1864506,4098691,-3397200,701491,-62142,72981,748090,2756649,,,208765,thousands,1.0,,"{""sfp"": [21, 20, 22], ""pl"": [22, 21, 23], ""cfs"": [24, 23, 25]}",,ok
STCL,2016,4660618,2713568,1947050,1898162,1952785,4611670,-4079325,532345,-116632,103881,639870,2748115,,,654747,thousands,1.0,,"{""sfp"": [27, 33], ""pl"": [28, 29], ""cfs"": [30]}",,ok
STCL,2017,5279532,3483966,1795566,2419175,3023456,5020008,-4485107,534901,-151484,63315,976358,2840968,,,22338,thousands,1.0,,"{""sfp"": [29], ""pl"": [30, 31], ""cfs"": [32]}",,ok
STCL,2018,,,,2076768.0,3683831.0,5767082,-4509865,1257217,194406,104474.0,1107933.0,3375273.0,,,1677582,thousands,1.0,,"{""sfp"": [45, 44, 46], ""pl"": [46, 45, 47], ""cfs"": [48, 47, 49]}",,ok
STCL,2019,5586914,3482262,2104652,2440767,2833149,6933077,-5321210,1611867,234341,127127,1494300,3116316,,,,thousands,1.0,,"{""sfp"": [45, 44, 46], ""pl"": [46, 45, 47], ""cfs"": [47, 46, 48]}",,ok
STCL,2020,,,1719048,7801087.0,3129738.0,,-5377723.0,,-325774,295592.0,1219046.0,,,-60636,988295,thousands,1.0,,"{""sfp"": [27, 26, 28], ""pl"": [27, 26, 28], ""cfs"": [29, 28, 30]}",,ok
STCL,2021,,,2643936,-1665075.0,3447970.0,,-6844271.0,,924888,178786.0,,2696148.0,,,2134425,thousands,1.0,,"{""sfp"": [26, 25, 27], ""pl"": [26, 25, 27], ""cfs"": [28, 27, 29]}",,ok
STCL,2023,,,2700231,,5267031.0,,,,497322.0,,,,,178766,694173,thousands,1.0,,"{""sfp"": [30, 29, 31], ""pl"": [30, 29, 31], ""cfs"": [32, 31, 33]}",,ok
STCL,2024,8160696,5140300,3020396,4818123,4329619,15581047,-11961695,3619352,37613.0,286376,2948284,2880148,,-127852,-925558,thousands,1.0,,"{""sfp"": [44], ""pl"": [45, 46], ""cfs"": [48]}",,ok
STCL,2025,7942100,5293325,2648775,4714029,4623954,13846058,-11097956,2748102,320165.0,185350,2918816,2492881,,-179519,480581,thousands,1.0,,"{""sfp"": [45], ""pl"": [46, 47], ""cfs"": [49]}",,ok
STJT,2013,1787749.622,857278.416,930471.206,764204.934,556063.429,4195461.728,3775827.814,419633.914,112897.977,4590.115,299912.42,995631.56,,,442327.688,thousands,0.001,,"{""sfp"": [14], ""pl"": [15], ""cfs"": [16]}",,ok
STJT,2014,1813112.8,855767.041,957345.759,797656.605,587127.318,4036097.201,-3743757.369,292339.832,71177.584,17121.868,306773.757,987473.676,,-37875.334,163593.675,thousands,0.001,,"{""sfp"": [11, 15], ""pl"": [16], ""cfs"": [17]}",,ok
STJT,2015,1650181.204,825231.875,824949.329,762586.672,564436.541,3291892.388,-2982563.266,309329.122,58244.006,13346.978,295903.749,858610.203,,-23714.859,124942.7,thousands,0.001,,"{""sfp"": [15], ""pl"": [16], ""cfs"": [17]}",,ok
STJT,2016,1636329.394,740515.652,895813.742,806799.981,563076.033,,,,,13141.361,355914.897,799161.315,,-23713.876,136883.247,thousands,0.001,,"{""sfp"": [20, 21], ""pl"": [], ""cfs"": [22]}",,ok
STJT,2017,2077712.687,1122872.255,954840.432,1032007.208,711915.64,3498780.59,3170420.816,328359.774,105978.659,6500.637,420201.356,1014729.65,,-42571.262,23002.396,thousands,0.001,,"{""sfp"": [21, 24], ""pl"": [22], ""cfs"": [23]}",,ok
STJT,2018,2683129.73,1623990.259,1059139.471,1491480.257,1238895.014,3925325.212,-3629507.471,295817.741,68100.657,24995.101,507909.366,1160647.826,,,,thousands,0.001,,"{""sfp"": [23], ""pl"": [24], ""cfs"": []}",,ok
STJT,2019,2899033.222,1681298.744,1217734.478,1767700.654,1226309.681,4787645.681,-4338887.736,448757.945,188048.866,32169.33,529343.085,1080825.651,,,,thousands,0.001,,"{""sfp"": [22], ""pl"": [23, 24], ""cfs"": []}",,ok
STJT,2020,2824050.61,1627034.421,1197016.189,1638377.803,1002363.035,4365769.004,-3944486.201,421282.803,72571.201,49247.19,690701.414,1152175.286,,-94629.792,562752.243,thousands,0.001,,"{""sfp"": [15, 18, 24, 25, 27], ""pl"": [26], ""cfs"": [28]}",,ok
STJT,2021,3360730.514,1777313.114,1583417.4,1917672.093,1048806.436,4937493.723,-4387228.76,550264.963,216959.378,50420.194,1016557.575,1409436.223,,-35641.71,152382.98,thousands,0.001,,"{""sfp"": [26], ""pl"": [27, 28], ""cfs"": [29]}",,ok
STJT,2022,4943077,3176737,1766340,3148736,2031094,7455486,-6722505,732981,300049,,,,,-101640,-438774,thousands,1.0,,"{""sfp"": [28], ""pl"": [29], ""cfs"": [31, 30, 32]}",,ok
STJT,2023,4730465,2942109,1788356,3064711,1904512,8085182,-7444245,640937,153018,,,,,-114635,377613,thousands,1.0,,"{""sfp"": [28], ""pl"": [29], ""cfs"": [31, 30, 32]}",,ok
STJT,2024,4450670.0,2658428.0,1792242.0,2553833.0,1841058.0,7953428.0,-7280119.0,673309.0,27192.0,34363.0,1112302.0,1862143.0,,-57922,618412,thousands,1.0,,"{""sfp"": [], ""pl"": [], ""cfs"": [31, 30, 32]}",L2,ok
STJT,2025,,,,,,6619681,-5971947,647734,110983,1432956.0,1037549.0,,,,512213,thousands,1.0,,"{""sfp"": [28, 27, 29], ""pl"": [29, 28, 30], ""cfs"": [31, 30, 32]}",,ok
STML,2014,2080193,1290265,789928,954306,1066314,4133696,-3998814,134882,-55638,,544923,1124311,,-24967,-63263,thousands,1.0,,"{""sfp"": [14, 13, 15], ""pl"": [16, 15, 17], ""cfs"": [18, 17, 19]}",,ok
STML,2015,1632013,884652,747361,586535,737537,3973517,-3830891,142626,-53126,,211549,1043902,,,428754,thousands,1.0,,"{""sfp"": [14, 13, 15], ""pl"": [16, 15, 17], ""cfs"": [18, 17, 19]}",,ok
STML,2016,2013577,1372129,641448,1016169,1261469,2802613,-2749993,52620,-111098,,628707,995832,,,-388587,thousands,1.0,,"{""sfp"": [18, 17, 19], ""pl"": [20, 19, 21], ""cfs"": [22, 21, 23]}",,ok
STML,2017,1854355,1262404,591951,921751,1201212,3315682,-3198776,116906,-50392,,551596,931028,,,143869,thousands,1.0,,"{""sfp"": [18, 17, 19], ""pl"": [20, 19, 21], ""cfs"": [22, 21, 23]}",,ok
STML,2018,1741952,1060884,681068,849772,1012618,4685847,-4409798,276049,101184,,336358,890604,,,,thousands,1.0,,"{""sfp"": [24, 23, 25], ""pl"": [26, 25, 27], ""cfs"": []}",,ok
STML,2019,1734225,1057797,676428,844456,1031235,5291753,-5057572,234181,43386,27298,411980,819904,,-19876,261750,thousands,1.0,,"{""sfp"": [24, 25], ""pl"": [26], ""cfs"": [29]}",,ok
STML,2020,1723904,1190288,533616,895829,1176252,4175298,-4080438,94860,-140206,,634399,780355,,,-162090,thousands,1.0,,"{""sfp"": [28, 27, 29], ""pl"": [30, 29, 31], ""cfs"": [33, 32, 34]}",,ok
STML,2021,2573292,1677698,895594,,1674050,7122421,-6393472,728949,361499,,,,,,-155452,thousands,1.0,,"{""sfp"": [24], ""pl"": [26, 27], ""cfs"": [29]}",,ok
STML,2022,2455457,1351022,1104435,1675484,1351022,8674940,-8035081,639859,220152,12202,631120,719645,,-16987,427411,thousands,1.0,,"{""sfp"": [24, 23, 25], ""pl"": [26, 25, 27], ""cfs"": [29, 28, 30]}",,ok
STML,2023,2458085,1514384,943701,1685571,1514384,3309014,-3363623,-54609,-153292,25736,629506,719628,,,85309,thousands,1.0,,"{""sfp"": [24, 23, 25], ""pl"": [26, 25, 27], ""cfs"": [29, 28, 30]}",,ok
STML,2024,2547470,1616152,931318,1689548,1616152,6916185,-6645451,270734,-33895,59013,443121,765738,,,-171296,thousands,1.0,,"{""sfp"": [25, 24, 26], ""pl"": [27, 26, 28], ""cfs"": [30, 29, 31]}",,ok
STML,2025,2606094,1826235,779859,1473075,1702143,4104812,-4012833,91979,220152.0,28456,847718,1049957,,,-153421,thousands,1.0,,"{""sfp"": [25, 24, 26], ""pl"": [27, 26, 28], ""cfs"": [30, 29, 31]}",,ok
STPL,2015,1822259.683,1059226.628,763033.055,1164496.004,1059226.628,2341355.303,-2201009.266,140346.037,-20170.702,10641.057,517812.54,647266.141,,,,thousands,0.001,,"{""sfp"": [21, 20, 22], ""pl"": [], ""cfs"": []}",,ok
STPL,2017,2023794.191,1104079.101,919715.09,1346287.249,1104079.101,2537686.396,-2227714.382,309972.014,128329.628,34713.56,526531.365,6703.251,,,,thousands,0.001,,"{""sfp"": [32, 31, 33], ""pl"": [], ""cfs"": []}",L5;L2,review
STPL,2018,2358625.024,1506643.275,851981.749,1761766.686,1506643.275,2646260.757,-2480566.279,165694.478,,22551.605,830796.437,589679.088,,,,thousands,0.001,,"{""sfp"": [36, 35, 37], ""pl"": [], ""cfs"": []}",,ok
STPL,2019,4557392.769,1839675.404,,2814600.384,1839675.404,3408743.813,-3073936.979,334806.834,,27179.356,1223387.627,858948.669,,,,thousands,0.001,,"{""sfp"": [35, 34, 36], ""pl"": [], ""cfs"": []}",,ok
STPL,2020,5232449.205,2537875.408,2694573.797,2810846.731,2520456.548,,-3375372.771,181075.688,,155839.449,1535131.89,2015982.881,,,,thousands,0.001,,"{""sfp"": [43, 42, 44], ""pl"": [], ""cfs"": []}",,ok
STPL,2021,5114643.852,20979.142,,2216744.551,1944610.019,,-5044488.744,803366.124,,62772.373,610377.078,2479800.95,,,,thousands,0.001,,"{""sfp"": [43, 42, 44], ""pl"": [], ""cfs"": []}",,ok
STPL,2022,6542622.587,3324628.971,3217993.616,3051181.115,2858183.361,,-4103495.351,619257.179,201264.055,206852.074,1567752.074,3072984.904,,,,thousands,0.001,,"{""sfp"": [43, 42, 44], ""pl"": [], ""cfs"": []}",L5,review
STPL,2023,6106388.354,2885311.678,3221076.676,1968023.071,2466393.843,,-3993769.768,399997.2,3083.06,25191.464,885561.765,3710304.52,,,,thousands,0.001,,"{""sfp"": [43, 42, 44], ""pl"": [], ""cfs"": []}",L5,review
STPL,2024,4438521.234,3275943.693,1162577.541,1059897.694,3125015.457,,-4131054.889,,,43880.734,281427.67,3368557.319,,,,thousands,0.001,,"{""sfp"": [46, 45, 47], ""pl"": [], ""cfs"": []}",,ok
STPL,2025,4451333.412,,,1109304.62,3845634.782,,-1801261.623,,3083.0,34396.685,201624.373,3332439.14,,,,thousands,0.001,,"{""sfp"": [49, 48, 50], ""pl"": [], ""cfs"": []}",,ok
SURC,2014,5547068,1599727,3947341,3444756,1132020,9924609,8808650,1115959,652462,190673,1372741,1982781,,-118800,914367,thousands,1.0,,"{""sfp"": [25, 24, 26], ""pl"": [27, 26, 28], ""cfs"": [29, 28, 30]}",L5;L2,review
SURC,2015,6012390,1509340,4503050,3922248,1204708,8562185,7664263,897922,591491,95556,933159,1921544,,-108900,1374302,thousands,1.0,,"{""sfp"": [25, 24, 26], ""pl"": [27, 26, 28], ""cfs"": [29, 28, 30]}",,ok
SURC,2016,6803962.0,1949140,4854822,4216759.0,1460986,7712885,7041161,671724,425218,222084.0,988336.0,2291827.0,,-119790,-124368,thousands,1.0,,"{""sfp"": [29, 28, 30], ""pl"": [31, 30, 32], ""cfs"": [34, 33, 35]}",,ok
SURC,2017,9567695,4287459,5280236,4445286,1782969,8313438,7784454,528984,505806,41676,1407007,4952530,,-131769,-89486,thousands,1.0,,"{""sfp"": [27, 26, 28], ""pl"": [29, 28, 30], ""cfs"": [31, 30, 32]}",L5;L2,review
SURC,2018,11190743,,,5537512,2618205.0,11095688,10181955,913733,565461,64827,2714766,5483352,,-86968,-788753,thousands,1.0,,"{""sfp"": [31, 30, 32], ""pl"": [33, 32, 34], ""cfs"": [35, 34, 36]}",L5;L2,review
SURC,2019,11788505,,,5487716,2967704.0,13973634,-12378649,1594985,858755,433938,3087533,5349114,,-127486,1185908,thousands,1.0,,"{""sfp"": [39, 40], ""pl"": [40, 39, 41], ""cfs"": [42, 41, 43]}",L5,review
SURC,2020,13011465,,6616613.0,7117734,3651369.0,12882572,-11561798,1320774,719549,207139,3718268,,,-179985,618688,thousands,1.0,,"{""sfp"": [51, 50, 52], ""pl"": [53, 52, 54], ""cfs"": [56, 55, 57]}",,ok
SURC,2021,15730546,6462544,9268002,8662469,3469468.0,17374800,-13927861,3446939,2555521,282975,3203682,5570690,,-147029,3419448,thousands,1.0,,"{""sfp"": [43, 42, 44], ""pl"": [45, 44, 46], ""cfs"": [48, 47, 49]}",,ok
SURC,2022,20665526,9205093,11460433,11535417,5039164,23500659,-18816100,4684559,2790531,420735,6164550,7830376,,-402458,28925,thousands,1.0,,"{""sfp"": [46, 45, 47], ""pl"": [48, 47, 49], ""cfs"": [51, 50, 52]}",L5,review
SURC,2023,21177055,10379641,10797414,10911939,5915654,18860335,-18402367,457968,2790531.0,142567,5819052,9118461,,-177489,-439637,thousands,1.0,,"{""sfp"": [41, 40, 42], ""pl"": [43, 42, 44], ""cfs"": [46, 45, 47]}",,ok
SURC,2024,22846953,10711941,12135012,12841778,6397119,29744290,-27348126,2396164,1006418,378804,5964697,8462115,,-44372,1938201,thousands,1.0,,"{""sfp"": [41, 40, 42], ""pl"": [43, 42, 44], ""cfs"": [46, 45, 47]}",,ok
SURC,2025,24294152,10748357,13545795,13773544,6691368,27411458,-25124439,2287019,1118683,163444,7389621,8546997,,-242784,-324276,thousands,1.0,,"{""sfp"": [41, 40, 42], ""pl"": [43, 42, 44], ""cfs"": [46, 45, 47]}",,ok
SUTM,2014,3572356.249,1131517.346,2440838.903,2446463.705,1064491.345,4731619.297,4211733.863,519885.434,284279.28,72275.7,651321.671,1123115.289,,-111994.353,428540.152,thousands,0.001,,"{""sfp"": [16], ""pl"": [17], ""cfs"": [18]}",,ok
SUTM,2015,2835665.454,466202.618,2369462.836,1753844.025,423167.427,4094937.171,-3808038.232,286898.939,75543.46,44051.71,832151.899,1072488.174,,-138836.388,75170.005,thousands,0.001,,"{""sfp"": [16], ""pl"": [17], ""cfs"": [18]}",,ok
SUTM,2017,4044543.851,1589844.776,2454699.075,2859534.181,1500404.292,,-3885950.134,371779.301,144323.632,34977.344,1216602.615,1175676.415,,,,thousands,0.001,,"{""sfp"": [17, 16, 18], ""pl"": [], ""cfs"": []}",,ok
SUTM,2018,5692757.409,2987257.842,2705499.567,4184173.763,2398480.61,,-4315187.852,636983.336,281884.662,51246.935,2280014.689,1499250.391,,,,thousands,0.001,,"{""sfp"": [21, 20, 22], ""pl"": [], ""cfs"": []}",L5,review
SUTM,2019,6042426.417,2846297.823,3196128.594,4185540.455,1948356.168,,-5119943.861,965314.471,471777.622,73497.191,1765710.978,1847552.707,,,,thousands,0.001,,"{""sfp"": [21, 20, 22], ""pl"": [], ""cfs"": []}",,ok
SUTM,2020,4911476.938,1534742.57,3376734.368,3091114.628,525427.067,,-5565453.532,910718.266,560163.7,32624.872,1823689.111,1811029.055,,,,thousands,0.001,,"{""sfp"": [21, 20, 22], ""pl"": [], ""cfs"": []}",L5,review
SUTM,2021,5967243.508,1559504.165,4407739.343,4296800.587,547933.151,,-7059086.333,,,120759.269,1649540.605,1661109.666,,,,thousands,0.001,,"{""sfp"": [21, 20, 22], ""pl"": [], ""cfs"": []}",,ok
SUTM,2022,9920819.511,,8102835.103,5496620.115,858078.117,9757681.828,-7157174.21,2600507.618,1909806.203,96648.425,2188607.098,4224016.141,,-102923.791,2198507.97,thousands,0.001,,"{""sfp"": [18], ""pl"": [19, 20], ""cfs"": [22]}",,ok
SUTM,2023,12401417.234,4052165.136,8349252.098,4864831.112,1279969.533,,-8829380.566,,,50402.621,2251843.475,7336402.867,,,,thousands,0.001,,"{""sfp"": [20, 19, 21, 62], ""pl"": [], ""cfs"": []}",,ok
SUTM,2024,15415372.936,7211946.209,8203426.727,7547015.633,4019550.163,,-18544262.066,,,8398.619,,7583547.948,,,,thousands,0.001,,"{""sfp"": [19, 18, 20, 62], ""pl"": [], ""cfs"": []}",L5;L2,review
SUTM,2025,20109075.279,10957537.559,9151537.72,11513259.942,7676274.635,,-17754040.561,,,78747.915,4250339.067,8360937.311,,,,thousands,0.001,,"{""sfp"": [19, 18, 20], ""pl"": [], ""cfs"": []}",,ok
SYS,2015,2855149.969,,2495627.437,2391914.949,351870.487,2263290.351,-1506544.772,756745.579,452514.73,144644.586,,359204.912,,,,thousands,0.001,,"{""sfp"": [49, 48, 50, 89], ""pl"": [], ""cfs"": []}",L2.5,review
SYS,2018,4999169.768,920300.23,4078869.538,3796824.975,901734.935,2176279.624,-1247495.756,,,400760.63,,1070601.94,,,,thousands,0.001,,"{""sfp"": [60, 59, 61, 102], ""pl"": [], ""cfs"": []}",,ok
SYS,2019,6717215.682,1500749.351,5216466.331,4763390.039,1344691.656,,-3572188.527,,,1095555.314,,1416645.016,,,,thousands,0.001,,"{""sfp"": [61, 60, 62, 110], ""pl"": [], ""cfs"": []}",L5,review
SYS,2020,9834639.018,2580952.967,7253686.051,7792737.226,2231333.681,,-4715786.027,,,1577759.692,,1507959.243,,,,thousands,0.001,,"{""sfp"": [88, 87, 89, 131], ""pl"": [], ""cfs"": []}",,ok
SYS,2021,15240874.128,4767544.612,10473329.516,11326755.269,4447552.113,,-7912442.628,,,1652613.846,,2006791.106,,,,thousands,0.001,,"{""sfp"": [153, 152, 154, 206], ""pl"": [], ""cfs"": []}",,ok
SYS,2022,26838580.49,6656143.932,20182436.558,16375832.839,6194692.2,,-13889659.278,6755105.438,6299836.945,588569.446,,2763406.669,,,,thousands,0.001,,"{""sfp"": [120, 119, 121, 180], ""pl"": [], ""cfs"": []}",L5,review
SYS,2023,36317296.722,8603769.048,27713527.674,23362885.786,8149689.773,,-22421301.632,9616693.532,8559160.491,1441973.473,,3509622.717,,,,thousands,0.001,,"{""sfp"": [116, 115, 117, 175], ""pl"": [], ""cfs"": []}",,ok
SYS,2024,43337263.433,10453726.703,32883536.73,30356375.277,10161644.942,,-28965694.998,9561288.554,6115297.176,1489699.594,,3402587.193,,,,thousands,0.001,,"{""sfp"": [117, 116, 118, 180], ""pl"": [], ""cfs"": []}",L2.5,review
SYS,2025,52040557.875,,,35396560.938,11650739.829,,-32390603.463,11840004.032,8019013.845,2795747.449,,3423004.419,,,,thousands,0.001,,"{""sfp"": [136, 135, 137, 198], ""pl"": [], ""cfs"": []}",L2.5,review
SZTM,2013,2463686.688,,,641193.673,635105.409,4977943.5,-4498378.404,479565.096,,33288.186,337353.5,1551878.363,,,,thousands,0.001,,"{""sfp"": [24, 23, 25], ""pl"": [], ""cfs"": []}",,ok
SZTM,2014,2639987.0,,,,600823.0,4997603.0,,398645.0,,,,,,-26849465,244364272,thousands,1.0,,"{""sfp"": [5, 4, 6], ""pl"": [5, 4, 6], ""cfs"": [25]}",,ok
SZTM,2016,2630358.051,,,696297.472,627025.719,3692131.574,-3507376.875,184754.699,,88150.838,363390.459,1576075.286,,,,thousands,0.001,,"{""sfp"": [23, 22, 24], ""pl"": [], ""cfs"": []}",,ok
SZTM,2017,2908800.793,1156788.89,1752011.903,839211.456,764959.54,4511169.297,-4268171.506,242997.791,,60339.767,478373.868,1684984.281,,,,thousands,0.001,,"{""sfp"": [26, 25, 27], ""pl"": [], ""cfs"": []}",L2.5;L2.5,review
SZTM,2018,3430521.682,,,1118726.525,969147.122,5464277.865,-5196692.31,267585.555,,104794.41,656653.138,1907740.469,,,,thousands,0.001,,"{""sfp"": [31, 30, 32], ""pl"": [], ""cfs"": []}",L2.5,review
SZTM,2019,3659892.926,,2223856.352,1033312.471,836690.256,6071491.706,-5579332.118,492159.588,130726.115,90577.599,512370.148,2252622.636,,-17971.086,451055.933,thousands,0.001,,"{""sfp"": [22, 25, 26, 30], ""pl"": [27, 28], ""cfs"": [29]}",,ok
SZTM,2020,4011775.19,,,1143749.493,968118.133,,-3993183.072,,,100247.619,597573.542,2279163.7,,,,thousands,0.001,,"{""sfp"": [28, 27, 29], ""pl"": [], ""cfs"": []}",,ok
SZTM,2021,4648956.473,,,1546921.149,1169234.254,6927056.814,-6197657.461,729399.353,,147749.318,700723.335,2415858.301,,,,thousands,0.001,,"{""sfp"": [28, 27, 29, 68, 70], ""pl"": [], ""cfs"": []}",,ok
SZTM,2022,5306707.228,2163024.273,3143682.955,1997547.911,1308453.267,9382850.241,-8308466.766,1074383.475,,143225.205,795047.359,2555401.677,,,,thousands,0.001,,"{""sfp"": [28, 27, 29], ""pl"": [], ""cfs"": []}",L2.5,review
SZTM,2023,,,,,,8398630.158,-8164265.071,234365.087,-269239.932,,,,,,28421.264,thousands,0.001,,"{""sfp"": [41], ""pl"": [42, 43], ""cfs"": [45]}",,ok
SZTM,2024,5869937.394,2543309.639,3326627.755,2049921.93,1881325.066,11014646.483,-10497180.486,517465.997,,209150.15,755307.391,2791240.812,,,,thousands,0.001,,"{""sfp"": [39, 38, 40], ""pl"": [], ""cfs"": []}",,ok
SZTM,2025,6327684.95,,,2377525.845,2152217.619,11371016.35,-10675808.622,695207.728,,386232.885,857585.734,2721485.898,,,,thousands,0.001,,"{""sfp"": [43, 42, 44], ""pl"": [], ""cfs"": []}",L5,review
TATM,2013,4429902.674,,,1967310.742,1694463.596,4615713.114,-3764777.993,850935.121,328504.223,111692.515,1486942.606,2454098.248,,,,thousands,0.001,,"{""sfp"": [26, 25, 27], ""pl"": [], ""cfs"": []}",L5,review
TATM,2014,4355721.151,2757275.926,1598445.225,1791630.541,1591007.854,5297306.623,-4643040.692,654265.931,101021.077,129167.854,1203399.558,2556790.711,,,,thousands,0.001,,"{""sfp"": [26, 25, 27], ""pl"": [], ""cfs"": []}",,ok
TATM,2015,4361093.356,1917496.261,2443597.095,2068138.745,1624129.981,5066353.33,-4614331.553,452021.777,1160.981,61691.214,1040235.238,2287376.109,,,,thousands,0.001,,"{""sfp"": [26, 25, 27], ""pl"": [], ""cfs"": []}",,ok
TATM,2016,4475030.557,,,1579856.296,1333030.151,4906.547,-4678.634,227.913,-194.418,60364.083,857648.831,2891140.912,,,,thousands,0.001,,"{""sfp"": [30, 29, 31], ""pl"": [16], ""cfs"": []}",L5;L5;L5;L3;L2,review
TATM,2017,5187034.776,2376746.539,2810288.237,2238874.908,1906682.911,5014.434,-4673.998,340.436,42.368,88321.694,1114901.894,2945460.572,,,,thousands,0.001,,"{""sfp"": [28, 27, 29], ""pl"": [16], ""cfs"": []}",L5;L5;L5,review
TATM,2018,6503371.941,2765907.826,3737464.115,2564399.518,1935944.599,,,,,113398.663,1089875.525,3935298.709,,,,thousands,0.001,,"{""sfp"": [33, 32, 34], ""pl"": [], ""cfs"": []}",,ok
TATM,2019,8088523.247,3618389.978,4470133.269,3376190.676,2684953.387,,-6101937.407,625482.025,32809.511,1536246.882,2039034.86,4681699.589,,,,thousands,0.001,,"{""sfp"": [87, 86, 88], ""pl"": [], ""cfs"": []}",L5;L2,review
TATM,2020,8644033.809,,,3908460.651,3347004.99,,-6232088.791,497561.316,,375892.663,2102807.173,4725793.041,,,,thousands,0.001,,"{""sfp"": [83, 82, 84], ""pl"": [], ""cfs"": []}",,ok
TATM,2021,9100134.717,4121156.067,4978978.65,4555408.993,3122339.211,,-7456476.07,1505600.091,,1250879.274,1887580.372,4536262.314,,,,thousands,0.001,,"{""sfp"": [85, 84, 86], ""pl"": [], ""cfs"": []}",,ok
TATM,2022,38083922.0,16517402.0,21566520.0,17841441.0,12563329.0,35113585.0,-27060135.0,8053450.0,4443292.0,274927.0,10128138.0,20231032.0,,-412334,832013,thousands,1.0,,"{""sfp"": [81, 80, 82], ""pl"": [82, 81, 83], ""cfs"": [85, 84, 86]}",,ok
TATM,2023,46201783.0,24822569.0,21379214.0,24816287.0,21410265.0,34910638.0,-30665517.0,4245121.0,260525.0,252781.0,13593083.0,21367677.0,,,,thousands,1.0,,"{""sfp"": [99, 98, 100], ""pl"": [99, 98, 100], ""cfs"": [75, 106]}",,ok
TATM,2024,44394156.0,23461442.0,20932714.0,22969408.0,19111626.0,45823700.0,-42486472.0,3337228.0,-553911.0,348326.0,9152912.0,21410599.0,,-165041,811039,thousands,1.0,,"{""sfp"": [92, 91, 93], ""pl"": [92, 91, 93], ""cfs"": [94, 93, 95, 70]}",,ok
TATM,2025,57899287,34207025,23692262,32533126,26510073,41239930,-38949113,2290817,1113151,278426,14110360,25352671,,,-8749351,thousands,1.0,,"{""sfp"": [90], ""pl"": [91], ""cfs"": [78, 77, 79, 92, 93]}",,ok
TCLTC,2017,17777635.0,8397188.0,9380447.0,5673177.0,7730026.0,8418188.0,6334257.0,2083931.0,215910.0,1002213.0,1350427.0,11364388.0,,-132134,-357256,thousands,1.0,,"{""sfp"": [140, 213], ""pl"": [141, 214], ""cfs"": [143, 142, 144, 215]}",,ok
TELE,2013,8144934,5765382,2379552,4136549,2454611,1810434,1213800,596634,-456866,22826,,1378475,,,152351,thousands,1.0,,"{""sfp"": [20, 19, 21, 67], ""pl"": [21, 20, 22, 68], ""cfs"": [23, 22, 24, 70]}",L5,review
TELE,2014,7116215,4667294,2448921,3651962,2441025,1609679,951434,658245,69369,307294,,1075209,,,626402,thousands,1.0,,"{""sfp"": [20], ""pl"": [21, 22], ""cfs"": [23]}",,ok
TELE,2015,6866324,4456068,2410256,3646484,2170083,1055999,778823,277176,-38665,28775,,832841,,,162293,thousands,1.0,,"{""sfp"": [12, 11, 13, 59], ""pl"": [13, 12, 14, 60], ""cfs"": [15, 14, 16, 62]}",L5,review
TELE,2016,6655178,4194816,2460362,3814765,1240184,1004902,-843322,161580,50106,,,701109,,,63191,thousands,1.0,,"{""sfp"": [12, 11, 13, 57], ""pl"": [13, 12, 14, 58], ""cfs"": [15, 14, 16, 60]}",L5,review
TELE,2017,,,,4040232.0,1507324.0,,,222009.0,,,,613740.0,,,162122,thousands,1.0,,"{""sfp"": [12, 11, 13, 58], ""pl"": [13, 12, 14, 60], ""cfs"": [60, 59, 61]}",,ok
TELE,2018,4739758,,2238707,3473658,1675257,877852,-558354,319498,-128687,16228,,556648,,,,thousands,1.0,,"{""sfp"": [23, 24], ""pl"": [25, 26, 27], ""cfs"": []}",,ok
TELE,2019,4467982,2311322,2156660,3255568,1802626,1091181,-651623,439558,-60469,22503,,505300,,,11773,thousands,1.0,,"{""sfp"": [25, 26], ""pl"": [27, 28], ""cfs"": [29]}",,ok
TELE,2020,4381016,,2069069,3159845,1844854,1183279,-654990,528289,-109288,23018,,453583,,,61238,thousands,1.0,,"{""sfp"": [23, 24, 31], ""pl"": [25, 26], ""cfs"": [28]}",,ok
TELE,2021,4244837,1902580,2342257,3138676,1652375,1213660,-651132,562528,273188,,,410011,,,45737,thousands,1.0,,"{""sfp"": [24, 25], ""pl"": [26, 27], ""cfs"": [29]}",,ok
TELE,2022,4190215,1550261,2639954,3334566,838401,1496743,-969466,527277,297697,,,356005,,,-15339,thousands,1.0,,"{""sfp"": [22, 23], ""pl"": [24, 25], ""cfs"": [27]}",,ok
TELE,2023,4374875,,2776073,3542765,972483,1767860,-1049232,718628,136119,34605,,300503,,,154191,thousands,1.0,,"{""sfp"": [26, 27, 34], ""pl"": [28, 29], ""cfs"": [31]}",,ok
TELE,2024,5120875,2096400,3024475,3945702,1602845,2294683,-1514192,780491,248402,54292,24823,295140,,,237250,thousands,1.0,,"{""sfp"": [78, 79], ""pl"": [80, 81], ""cfs"": [83]}",L5;L5;L5,review
TELE,2025,,,,,,,-1350844.0,653079.0,,,,,,,,thousands,1.0,,"{""sfp"": [], ""pl"": [], ""cfs"": []}",,ok
TGL,2013,6361228.83,,2524060.342,1824008.372,1776197.911,3888972.818,-3301655.157,587317.661,367357.182,67110.423,605900.9,4451424.803,,,,thousands,0.001,,"{""sfp"": [13, 12, 14], ""pl"": [], ""cfs"": []}",,ok
TGL,2014,7589580.871,4844332.812,2745248.059,3078187.593,3069229.925,7756440.687,-6629658.556,1126782.131,16488.13,130139.52,1228917.839,4462032.583,,,,thousands,0.001,,"{""sfp"": [13, 12, 14], ""pl"": [], ""cfs"": []}",,ok
TGL,2015,7522191.644,,,3237440.084,3000676.727,8040166.922,-6426456.631,1613710.291,,174830.423,1260778.593,4233476.883,,,,thousands,0.001,,"{""sfp"": [13, 12, 14], ""pl"": [], ""cfs"": []}",,ok
TGL,2016,,,3182109.433,,,8076014.589,-6381996.587,1694018.002,490066.324,,,,,,1049479.681,thousands,0.001,,"{""sfp"": [14, 18], ""pl"": [15, 16], ""cfs"": [17]}",,ok
TGL,2017,,,,,,9902563.681,-7884607.449,2017956.232,759690.438,,,,,209781.948,1904033.325,thousands,0.001,,"{""sfp"": [14], ""pl"": [15, 16], ""cfs"": [17]}",,ok
TGL,2018,8737377.18,,,,,12301807.97,-9977838.443,2323969.527,1097122.935,,,,,-303626.193,2194178.909,thousands,0.001,,"{""sfp"": [23], ""pl"": [24], ""cfs"": [26]}",,ok
TGL,2019,,,,,,14389005.013,-11570526.06,2818478.953,1323678.402,,,,,-437976.288,253078.274,thousands,0.001,,"{""sfp"": [22], ""pl"": [23, 24], ""cfs"": [25]}",,ok
TGL,2020,17206605.696,,6741560.592,6269743.784,6222014.891,13587297.889,-11387356.937,2199940.952,761589.267,212496.497,,10853380.139,,,,thousands,0.001,,"{""sfp"": [25, 24, 26], ""pl"": [], ""cfs"": []}",,ok
TGL,2021,18777074.818,8176642.59,10600432.228,5777676.377,3743469.88,19103346.928,-14987935.138,4115411.79,,799381.739,,12915471.343,,,,thousands,0.001,,"{""sfp"": [27, 26, 28], ""pl"": [], ""cfs"": []}",,ok
TGL,2022,23000466.005,,,8797324.735,6230474.142,29415668.926,-21666937.92,7748731.006,,794376.113,,14136346.98,,,,thousands,0.001,,"{""sfp"": [28, 27, 29], ""pl"": [], ""cfs"": []}",,ok
TGL,2023,22799662.022,7467702.535,15331959.487,8620321.61,4629932.574,28426970.766,-22692998.356,,,431749.673,4608449.316,13837112.437,,,,thousands,0.001,,"{""sfp"": [25, 24, 26], ""pl"": [], ""cfs"": []}",L5,review
TGL,2024,28128182.17,9504554.932,,12245826.804,7107060.832,29598543.542,-21771804.715,7826738.827,,682395.72,,12859379.365,,,,thousands,0.001,,"{""sfp"": [37, 36, 38], ""pl"": [], ""cfs"": []}",,ok
TGL,2025,27822985.945,5403120.503,22419865.442,13232575.306,4019197.771,33561951.336,-23147260.545,10414690.791,,948173.414,5204863.899,12058297.518,,,,thousands,0.001,,"{""sfp"": [37, 36, 38], ""pl"": [], ""cfs"": []}",L5,review
THALL,2013,10491785,1449988,9041797,6353393,1449988,12766238,10424754,2341484,1624295,727492,2456436,580422,,-616286,605454,thousands,1.0,,"{""sfp"": [19, 69], ""pl"": [70, 71], ""cfs"": [72]}",,ok
THALL,2014,10909757,1491018,9418739,6583544,1489304,11625789,9815779,1810010,1361379,384675,3091257,608630,,-998387,221904,thousands,1.0,,"{""sfp"": [69], ""pl"": [70], ""cfs"": [72]}",,ok
THALL,2015,12129956,1358086,10771870,7358903,1356372,15548791,12604896,2943895,2148913,507726,2295029,599204,,-793338,1949216,thousands,1.0,,"{""sfp"": [95, 94, 96, 132], ""pl"": [96, 95, 97, 133], ""cfs"": [98, 97, 99, 52, 134]}",,ok
THALL,2016,13685625,1458047,12227578,8315989,1456423,15266439,11897093,3369346,2178818,402159,2764329,651261,,-704796,758502,thousands,1.0,,"{""sfp"": [67, 66, 68, 108], ""pl"": [68, 67, 69, 109], ""cfs"": [70, 69, 71, 48, 110]}",L5,review
THALL,2017,17427,,15433,11641,,17124,13491,,,,,,,,,thousands,1.0,,"{""sfp"": [29, 28, 30], ""pl"": [29, 28, 30], ""cfs"": []}",L3,ok
THALL,2018,18917.463,,,23119.586,2477.415,,,,11559.793,701.283,3953.914,,,,,thousands,0.001,,"{""sfp"": [50, 49, 51, 74], ""pl"": [50, 49, 51, 84], ""cfs"": [51]}",,ok
THALL,2019,21222.629,2591.17,,13991.356,2589.734,,,,,611.509,5635.305,,,,,thousands,0.001,,"{""sfp"": [46, 45, 47, 85, 96], ""pl"": [46, 45, 47, 96], ""cfs"": []}",,ok
THALL,2020,24115857,3214704,20901153,12879592,3063886,16444479,-14170963,,,849429.0,5553816.0,,,,,thousands,1.0,,"{""sfp"": [48, 47, 49, 76], ""pl"": [48, 47, 49, 80], ""cfs"": []}",L5;L3,review
THALL,2021,29534209.0,5628576.0,23905633.0,17175060.0,5308588.0,27317188.0,-22648387.0,4668801.0,3482195.0,2096373.0,7730049.0,3710820.0,,-593677,1073305,thousands,1.0,,"{""sfp"": [], ""pl"": [], ""cfs"": [46]}",,ok
THALL,2022,37605668.0,10375841.0,27229827.0,20719233.0,7679930.0,37351493.0,-30847355.0,6504138.0,4257248.0,2557628.0,10379101.0,5678486.0,,,,thousands,1.0,,"{""sfp"": [36, 66], ""pl"": [36, 73], ""cfs"": []}",,ok
THALL,2023,41604639.0,11999209.0,29605430.0,21925663.0,8134755.0,31925003.0,-27510072.0,4414931.0,2750759.0,1151888.0,9862917.0,6135696.0,,-323030,1487209,thousands,1.0,,"{""sfp"": [39, 86], ""pl"": [39, 86], ""cfs"": [41, 40, 42, 98]}",,ok
THALL,2024,71981740,,52962121,31299799,9628573,26550600,-23754145,2796455,2190428,2227608,221519,7539917,,-684610,2033661,thousands,1.0,,"{""sfp"": [110, 143, 194], ""pl"": [88, 89, 144, 145, 184], ""cfs"": [91, 135, 147, 170, 188, 199]}",L2,ok
THALL,2025,45350253.0,,,25522052.0,9273724.0,29611916,-26581090,3030826,2557725,1381438.0,9336459.0,5798910.0,,-804160,-1031655,thousands,1.0,,"{""sfp"": [64, 63, 65, 149], ""pl"": [65, 64, 66, 156], ""cfs"": [68, 67, 69]}",,ok
THCCL,2014,2969513,1620256,1349257,1113366,984409,2182327,-1500312,682015,298387,28448,431626,1415559,,-49746,350058,thousands,1.0,,"{""sfp"": [38, 85], ""pl"": [10, 39, 40, 69, 70, 71, 72, 86], ""cfs"": [41, 42]}",,ok
THCCL,2015,3559115,,1673500,823233,517843,2304404,-1656503,645901,289274,112837,240225,2149869,,,416635,thousands,1.0,,"{""sfp"": [34], ""pl"": [35, 36], ""cfs"": [37]}",,ok
THCCL,2017,3895326.0,,,1533877.0,845851.0,3656723,-2493694,1163029,581993,102031.0,362673.0,2055402.0,,-149325,,thousands,1.0,,"{""sfp"": [103, 104, 152], ""pl"": [102, 101, 103], ""cfs"": [154, 116, 170]}",,ok
THCCL,2018,4139695.0,,,1637106.0,1189741.0,2842538,-2086534,756004,356860,70174.0,528727.0,2199535.0,,-233618,,thousands,1.0,,"{""sfp"": [108, 107, 109, 110, 162], ""pl"": [109, 108, 110], ""cfs"": [112, 166, 132, 182]}",,ok
THCCL,2019,3610100.0,,,1223161.0,675285.0,3468411,-2796444,671967,213522,72770.0,389192.0,2086685.0,,-142405,488554,thousands,1.0,,"{""sfp"": [49, 48, 50, 99], ""pl"": [50, 49, 51, 100], ""cfs"": [52, 51, 53, 102, 103]}",,ok
THCCL,2020,3477100.0,,,1155376.0,708617.0,1755227,-1703127,52100,-158018,22465.0,410190.0,2021470.0,,,,thousands,1.0,,"{""sfp"": [46, 47, 99], ""pl"": [46, 45, 47], ""cfs"": [49, 102, 60]}",,ok
THCCL,2021,3695072,1030866,2664206,1443071,705245,2427313,-2042652,384661,201793,317412,436440,1951747,,,482470,thousands,1.0,,"{""sfp"": [44, 43, 45, 12, 16, 96], ""pl"": [45, 44, 46, 12, 16, 97], ""cfs"": [47, 46, 48, 99, 100]}",,ok
THCCL,2022,7698931,2912130,4786801,3615154,2022822,4393830,-3916623,477207,119294.0,237515,565731,4032532,,-24776,551997,thousands,1.0,,"{""sfp"": [44, 107], ""pl"": [108, 46], ""cfs"": [47, 110, 111, 59]}",L5;L5;L5;L5;L5;L5;L5;L5;L2,review
THCCL,2023,7681514,2589724,5091790,3860991,2289170,5527127,-4868158,658969,249077.0,684452,926376,3811303,,,711663,thousands,1.0,,"{""sfp"": [53, 111, 137, 138, 139, 164], ""pl"": [112, 55], ""cfs"": [56, 114, 115, 68]}",L5;L5;L5;L5;L5;L5;L5;L5;L5;L2,review
THCCL,2024,7626581,3417393,4209188,5076455,3045242,7521577,-5357851,2163726,1501037,2953616,243941,2219818,,,4000084,thousands,1.0,,"{""sfp"": [59, 58, 60, 104], ""pl"": [60, 59, 61, 106], ""cfs"": [62, 61, 63, 114]}",L5,review
THCCL,2025,9515091,2816640,6698451,5145947,2132744,7566414,-5415712,2150702,2555583,4069729,62238,3425606,,-58697,2017253,thousands,1.0,,"{""sfp"": [28, 35], ""pl"": [29, 30], ""cfs"": [32]}",,ok
TICL,2013,4776160.767,,,2318452.569,2308187.681,9543136.975,-8556244.42,986892.555,204787.682,17622.689,1259899.938,2454555.298,,,,thousands,0.001,,"{""sfp"": [20, 19, 21], ""pl"": [], ""cfs"": []}",,ok
TICL,2014,6317431.885,,1070573.761,3969012.116,3754353.254,8595813.943,-7694410.756,901403.187,62472.638,230908.245,2335294.833,2347980.269,,,,thousands,0.001,,"{""sfp"": [20, 19, 21], ""pl"": [], ""cfs"": []}",,ok
TICL,2017,8848795.61,6515061.944,2333733.666,4908410.652,4369064.634,14918562.029,-13075580.613,1842981.416,708395.34,76643.241,2797126.084,3876639.577,,-137155.021,400654.067,thousands,0.001,,"{""sfp"": [28, 29], ""pl"": [30, 31], ""cfs"": [32]}",,ok
TICL,2018,10214598.887,,1885557.505,5702866.778,6106854.706,14104442.769,-13735160.627,369282.142,-160451.022,172896.061,2937537.39,4457161.171,,-320837.707,125668.736,thousands,0.001,,"{""sfp"": [34, 35], ""pl"": [36, 37], ""cfs"": [39]}",,ok
TICL,2019,9262426.164,7038602.231,2223823.933,4342856.558,4970173.317,14359613.21,-12621318.25,1738294.96,342298.817,165552.621,1542450.249,4879358.204,,,,thousands,0.001,,"{""sfp"": [34, 35], ""pl"": [36, 37, 39], ""cfs"": []}",,ok
TICL,2020,8611617.963,5139214.039,3472403.924,3653803.153,3398087.856,16220377.603,-13460623.936,2759753.667,1263770.853,468655.666,983869.301,4940192.856,,-57126.293,2858955.713,thousands,0.001,,"{""sfp"": [38, 39], ""pl"": [40], ""cfs"": [42]}",,ok
TICL,2021,8831394.192,,5053947.545,4062262.16,2258687.781,21424381.307,-18087566.332,3336814.975,1630303.69,400156.361,613465.626,4768666.532,,-45546.881,1803139.719,thousands,0.001,,"{""sfp"": [36, 37, 41], ""pl"": [38], ""cfs"": [40]}",,ok
TICL,2022,15709015.459,,6783840.102,10631008.792,7458947.95,19800471.245,15764971.813,4035499.432,1781870.927,1103967.982,5877777.971,5077541.167,,-47623.326,-1246851.984,thousands,0.001,,"{""sfp"": [33, 36, 37], ""pl"": [38], ""cfs"": [40]}",,ok
TICL,2023,16021361.857,,,9959417.797,5905208.68,30807762.585,-24688829.303,6118933.282,1966067.129,744081.584,4749125.707,6061478.56,,,,thousands,0.001,,"{""sfp"": [48, 47, 49], ""pl"": [], ""cfs"": []}",,ok
TICL,2024,27821090.947,18090234.139,9730856.808,21668645.064,16700433.048,28611125.116,24028818.081,4582307.035,1135970.471,1042157.933,14369866.124,6145980.383,,-74061.77,-8517344.747,thousands,0.001,,"{""sfp"": [50, 51], ""pl"": [52], ""cfs"": [54]}",,ok
TICL,2025,18815987.032,6796333.584,12019653.448,11361739.199,5827667.416,48226079.699,-42048016.033,6178063.666,2328497.218,1497656.509,2760136.625,7447782.333,,37006.586,13658722.795,thousands,0.001,,"{""sfp"": [50, 51], ""pl"": [52], ""cfs"": [54]}",,ok
TOMCL,2020,2730445.011,842978.687,1887466.324,1309997.403,842978.687,3384108.701,-2754170.17,629938.531,266352.511,7456.022,238939.232,1419997.608,,,390531.012,thousands,0.001,,"{""sfp"": [53], ""pl"": [54, 55], ""cfs"": [56]}",,ok
TOMCL,2021,3643317.169,899783.665,2743533.504,1816247.876,870130.655,3927824.141,-3278196.914,649627.227,303472.037,124624.729,188264.543,1826719.293,,-222363.727,-38103.536,thousands,0.001,,"{""sfp"": [54, 60], ""pl"": [55, 56], ""cfs"": [58]}",,ok
TOMCL,2022,4267838.599,,3154946.357,2404252.337,1027498.525,4657774.417,-4048248.815,609525.602,411412.853,141598.092,116605.359,1859024.447,,-488.202,42637.418,thousands,0.001,,"{""sfp"": [43, 50], ""pl"": [44, 45], ""cfs"": [46]}",,ok
TOMCL,2023,,,,,,6365238.225,,852891.487,722194.425,,,,,,,thousands,0.001,,"{""sfp"": [], ""pl"": [], ""cfs"": []}",,ok
TOMCL,2024,6237544.557,1293322.383,4944222.174,3148408.935,1130672.822,11797754.504,-10218713.73,1579040.774,497373.304,347723.137,184079.742,2910153.056,,-238.974,969739.495,thousands,0.001,,"{""sfp"": [56, 81, 101], ""pl"": [57, 58], ""cfs"": [59]}",,ok
TOMCL,2025,,,,,,14006100.0,12724500.0,,,,,,,,,thousands,1000.0,,"{""sfp"": [], ""pl"": [], ""cfs"": []}",,ok
TOWL,2013,2833033.829,2293410.366,539623.463,1153493.121,1512406.649,2682072.489,-2380106.729,301965.76,41256.207,166718.156,453195.755,1659397.235,,,129477.55,thousands,0.001,,"{""sfp"": [12], ""pl"": [13, 14], ""cfs"": [15]}",,ok
TOWL,2015,1972335.73,1097931.16,874404.57,949669.037,959310.429,2721484.802,-2309116.465,412368.337,107143.227,87473.086,334113.862,1002907.301,,,1088288.51,thousands,0.001,,"{""sfp"": [12], ""pl"": [13, 14], ""cfs"": [15]}",,ok
TOWL,2018,2337841.93,711841.327,1626000.603,1048308.854,600392.739,2605809.063,-2217210.827,388598.236,253605.927,106579.914,373961.416,1259134.892,,,13324.304,thousands,0.001,,"{""sfp"": [17], ""pl"": [18, 19], ""cfs"": [21]}",,ok
TOWL,2019,2729306.38,685887.966,2043418.414,1475870.906,587985.95,3848284.981,-2990405.018,857879.963,397497.385,287273.316,486952.015,1220828.937,,,,thousands,0.001,,"{""sfp"": [18, 21], ""pl"": [19, 20, 22], ""cfs"": []}",,ok
TOWL,2020,3549698.627,835447.951,2714250.676,1852201.556,672072.32,3772254.058,-3071383.593,700870.465,275894.346,350295.502,567968.278,1663760.816,,,157765.915,thousands,0.001,,"{""sfp"": [21], ""pl"": [22, 23], ""cfs"": [24]}",,ok
TOWL,2021,4297024.309,,3277719.849,2437648.067,844510.75,5220747.17,-4109211.539,1111535.631,556456.353,300397.215,1101733.164,1810525.586,,,189414.704,thousands,0.001,,"{""sfp"": [20], ""pl"": [21], ""cfs"": [23]}",,ok
TOWL,2022,7830.468,2429.106,5391.114,4632.048,2252443.288,10238086.187,-8151154.374,2086931.813,1063048.185,663671.503,1490829.863,3142.611,,-33414.055,199532.737,thousands,0.001,,"{""sfp"": [19, 20], ""pl"": [21], ""cfs"": [23]}",L3,ok
TOWL,2023,9981925.875,2421180.403,7560745.472,6667455.322,2235990.856,11086916.406,-7944316.369,3142600.037,2388337.569,430403.19,1624943.04,3250949.018,,-220126.6,2137188.638,thousands,0.001,,"{""sfp"": [20, 22], ""pl"": [23], ""cfs"": [25]}",L3,ok
TOWL,2024,11934731.811,3194953.605,8739778.206,6273527.57,2599849.699,12314921.073,-11082813.246,1232107.827,559501.627,701752.715,1479224.852,5603824.2,,-167940.105,921325.914,thousands,0.001,,"{""sfp"": [22, 24, 26], ""pl"": [25, 27], ""cfs"": [28]}",,ok
TOWL,2025,12387422.307,3509465.257,8877957.05,6334253.654,3125386.175,12347001.878,-11188943.001,1158058.877,286709.033,824933.145,2072517.088,5987803.782,,-135554.639,-171408.955,thousands,0.001,,"{""sfp"": [23], ""pl"": [24, 26], ""cfs"": [27]}",,ok
TPL,2013,3781699.292,,2454842.816,1237669.93,1292666.222,1035378.633,-487816.706,547561.927,49485.505,2087.853,135846.316,415636.219,,,95274.07,thousands,0.001,,"{""sfp"": [11, 47, 48], ""pl"": [10, 49, 94, 96], ""cfs"": [50, 51, 95]}",,ok
TPL,2014,1299066.649,836188.995,462877.654,,,1056407.484,,,24050.577,89837.635,,313543.018,,,194281002,thousands,0.001,,"{""sfp"": [31, 46, 54], ""pl"": [], ""cfs"": [16, 48]}",L3,ok
TPL,2015,4629117.152,,2745478.191,2042688.226,1511328.789,1457620.441,-716975.746,740646.695,202223.797,64146.224,253138.304,537292.788,,,-122632.464,thousands,0.001,,"{""sfp"": [64, 93], ""pl"": [65, 100], ""cfs"": [66, 67]}",L3;L2,ok
TPL,2016,5046165.0,2102029.0,2944137.0,,,1537181.0,-761838.0,775342.0,,,,1977766.0,,,,thousands,1.0,,"{""sfp"": [], ""pl"": [50], ""cfs"": []}",,ok
TPL,2017,6139628.554,,,2581409.1,2022167.688,,-716495.191,789786.463,56903.305,40354.665,356122.525,1024184.785,,,,thousands,0.001,,"{""sfp"": [78, 77, 79, 134], ""pl"": [], ""cfs"": []}",,ok
TPL,2018,4771354.568,,,198898.486,1480437.874,,,,,1747.962,,,,,,thousands,0.001,,"{""sfp"": [86, 85, 87, 138], ""pl"": [], ""cfs"": []}",L5,review
TPL,2019,5674382.916,2134092.814,3540290.102,543287.054,2134092.814,,,,-155334.098,7393.912,,,,,,thousands,0.001,,"{""sfp"": [74, 73, 75, 118], ""pl"": [], ""cfs"": []}",L5,review
TPL,2020,4860385.222,,,151693.683,2006864.14,,,,,5307.238,,1336.377,,,,thousands,0.001,,"{""sfp"": [68, 67, 69, 108], ""pl"": [], ""cfs"": []}",,ok
TPL,2021,10420067.322,3381524.433,7038542.889,167018.86,2346548.618,,,,,11969.261,,17524.392,,,,thousands,0.001,,"{""sfp"": [70, 69, 71, 109], ""pl"": [], ""cfs"": []}",,ok
TPL,2022,12072805.564,,6318503.767,710711.131,984032.986,,,,-608296.337,301357.432,,272838.024,,,-1634158.573,thousands,0.001,,"{""sfp"": [84], ""pl"": [85], ""cfs"": [87]}",,ok
TPL,2023,10664418.321,6524363.065,4140055.256,592509.154,1787080.81,,,,-863705.289,172928.957,,203849.639,,,,thousands,0.001,,"{""sfp"": [76, 75, 77], ""pl"": [], ""cfs"": []}",,ok
TPL,2024,6671273.685,5866062.097,805211.588,319512.397,2732387.418,,,,-1398864.868,16795.77,,133980.56,,,,thousands,0.001,,"{""sfp"": [87, 86, 88], ""pl"": [], ""cfs"": []}",L3,ok
TPL,2025,8297223.517,,,401826.896,5498562.738,,,,,,,7874.177,,,,thousands,0.001,,"{""sfp"": [94, 93, 95], ""pl"": [], ""cfs"": []}",,ok
TPLI,2018,370022.394,370824.342,,,,,,,,,,,,,,thousands,0.001,,"{""sfp"": [183, 182, 184], ""pl"": [], ""cfs"": []}",,ok
TPLI,2019,1330884.601,1593848.507,,,,,,,30515.449,151479.544,,74314.193,,-1604.946,317298.163,thousands,0.001,,"{""sfp"": [146], ""pl"": [87, 147], ""cfs"": [86, 134, 149, 150]}",L2,ok
TPLI,2020,3501167.562,2660814.57,840352.992,,,,,,39788.035,91338.855,,248937.125,,,,thousands,0.001,,"{""sfp"": [115, 114, 116, 172], ""pl"": [], ""cfs"": []}",L5;L2,review
TPLI,2021,4786062.693,3259175.102,1526887.591,,,,,,,1046390.718,,383871.68,,,,thousands,0.001,,"{""sfp"": [108, 107, 109, 167], ""pl"": [], ""cfs"": []}",,ok
TPLI,2022,5971495.985,3827147.241,2144348.744,,,,,,18263.547,1569424.161,,410064.741,,,,thousands,0.001,,"{""sfp"": [116, 115, 117, 170], ""pl"": [], ""cfs"": []}",,ok
TPLI,2023,7308749.006,4670488.084,2638260.922,,,,,,1127019.388,1996505.095,,289562.608,,,,thousands,0.001,,"{""sfp"": [122, 121, 123, 177], ""pl"": [], ""cfs"": []}",,ok
TPLI,2024,7939001.028,5188437.891,2750563.137,,,,,,71627.782,2472114.002,,313172.218,,,,thousands,0.001,,"{""sfp"": [150, 149, 151, 207], ""pl"": [], ""cfs"": []}",,ok
TPLI,2025,8828797.535,6040269.566,2788527.969,,,,,,47675.902,2995395.221,,350222.499,,,,thousands,0.001,,"{""sfp"": [163, 162, 164, 218], ""pl"": [], ""cfs"": []}",,ok
TPLP,2018,8624392.839,2766574.758,5857818.081,804996.332,637355.443,,,356747.92,1234629.745,540589.194,,5080.698,,,,thousands,0.001,,"{""sfp"": [69, 68, 70, 103], ""pl"": [], ""cfs"": []}",,ok
TPLP,2019,9377673.658,2789793.439,6587880.219,638821.282,773842.468,,,392017.193,730061.838,209486.831,,4910.671,,,,thousands,0.001,,"{""sfp"": [61, 60, 62, 97], ""pl"": [41], ""cfs"": []}",,ok
TPLP,2020,10097557.521,3659289.149,6438268.372,512642.03,1061043.034,,,461391.407,276980.071,225132.134,,3885.426,,,,thousands,0.001,,"{""sfp"": [61, 60, 62, 102], ""pl"": [36], ""cfs"": []}",L5,review
TPLP,2021,7501141.207,1874222.831,5626918.376,4278983.422,808072.836,,,274601.017,,1936163.396,,62236.754,,,,thousands,0.001,,"{""sfp"": [55, 54, 56, 98], ""pl"": [33], ""cfs"": []}",L5;L5,review
TPLP,2022,12517526.552,,10514962.521,2738310.756,1381775.959,5919153.773,-7134.473,5912019.3,4877074.145,2762407.967,,273860.303,,,4762031.878,thousands,0.001,,"{""sfp"": [69, 74], ""pl"": [70, 71], ""cfs"": [72]}",L2,ok
TPLP,2023,18124552.633,4397968.327,13726584.306,3156540.028,4330195.314,,,5243850.0,4270864.918,1464070.186,,224190.354,,,,thousands,0.001,,"{""sfp"": [64, 63, 65, 101, 102], ""pl"": [39], ""cfs"": []}",L5,review
TPLP,2024,14048883.914,4065512.822,9983371.092,2419291.892,4041941.103,,,,,932941.331,,143027.603,,,,thousands,0.001,,"{""sfp"": [79, 78, 80, 121, 122], ""pl"": [], ""cfs"": []}",,ok
TPLP,2025,12097036.778,3401001.992,8696034.786,1371139.644,3042824.267,,,,4270865.0,106423.297,,85955.382,,,,thousands,0.001,,"{""sfp"": [75, 74, 76, 103], ""pl"": [129, 128, 130], ""cfs"": []}",,ok
TPLT,2020,6140422.964,4586811.069,1553611.895,3453309.307,3937899.1,,,,,19221.288,246221.725,1059232.338,,,,thousands,0.001,,"{""sfp"": [49, 48, 50], ""pl"": [], ""cfs"": []}",L5,review
TPLT,2021,7212410.781,4933838.389,2278572.392,3574290.449,3733133.649,1886241.808,-1280126.555,606115.253,-120202.293,132203.982,420445.073,1118248.281,,,-123144.468,thousands,0.001,,"{""sfp"": [23, 25, 56, 97, 117], ""pl"": [24, 26, 57, 118], ""cfs"": [59, 120]}",,ok
TPLT,2022,6105098.137,3907828.546,2197269.591,2678571.021,3048692.914,,,,,120014.072,369984.768,736172.722,,,,thousands,0.001,,"{""sfp"": [60, 59, 61, 122], ""pl"": [], ""cfs"": []}",,ok
TPLT,2023,6349716.109,3977462.68,2372553.429,2663574.111,3457036.359,,,,,125525.834,334168.757,759130.427,,,,thousands,0.001,,"{""sfp"": [56, 55, 57, 110], ""pl"": [], ""cfs"": []}",,ok
TPLT,2024,6267282.859,3760005.0,2507277.859,2032437.625,3471618.736,,,1153336.951,,159547.889,232156.408,639407.615,,,,thousands,0.001,,"{""sfp"": [63, 62, 64, 118], ""pl"": [], ""cfs"": []}",,ok
TPLT,2025,6014121.877,3601772.055,2412349.822,165.384,3417850.033,,,,,125830.518,309552.266,531463.307,,,,thousands,0.001,,"{""sfp"": [68, 67, 69, 100], ""pl"": [], ""cfs"": []}",L5,review
TREET,2014,,,,,,4153281,2927412,1225869,215632,,,,,-82638,458177,thousands,1.0,,"{""sfp"": [141], ""pl"": [142, 143], ""cfs"": [136, 144, 195]}",,ok
TREET,2015,,,,,,6900175,5462785,1437390,242213,,,,,-99693,-345328,thousands,1.0,,"{""sfp"": [77, 92, 160, 166], ""pl"": [93, 94, 161, 162], ""cfs"": [95, 163, 213]}",,ok
TREET,2017,,,,,,8418188,6334257,2083931,215910,,,,,-132134,-357256,thousands,1.0,,"{""sfp"": [140, 213], ""pl"": [141, 142, 214, 215], ""cfs"": [143, 142, 144, 216]}",,ok
TREET,2018,,,,,,9410276,7652896,1757380,-630512,,,,,,-1541469,thousands,1.0,,"{""sfp"": [139, 229, 298], ""pl"": [140, 230], ""cfs"": [142, 141, 143, 232, 301]}",,ok
TREET,2019,,,,,,11972060,10725170,1246890,-2125246,,,,,,-2489941,thousands,1.0,,"{""sfp"": [156, 247, 317], ""pl"": [157, 248], ""cfs"": [159, 158, 160, 250]}",,ok
TREET,2020,24148144,15992888,8155256,8123411,15021936,11111578,9866412,1245166,-2720317,476937,2296876,15272649,,,431177,thousands,1.0,,,,ok
TREET,2021,25785498,,,,,7573543,-5026643,2546900,1538695,,,,,,630052,thousands,1.0,,"{""sfp"": [52, 140], ""pl"": [53, 141, 142], ""cfs"": [144, 143, 145, 56]}",,ok
TREET,2022,,,,,,7423897,-5185698,2238199,861830,,,,,-172437,-1927530,thousands,1.0,,"{""sfp"": [55, 137], ""pl"": [56, 138], ""cfs"": [58, 57, 59, 139]}",,ok
TREET,2023,27244531,11924524,15320007,8425327,8375000,10173875,-6913631,3260244,861830.0,189318,2858633,7417682,,,-508584,thousands,1.0,,"{""sfp"": [45, 124], ""pl"": [46], ""cfs"": [48, 47, 49, 127]}",,ok
TREET,2025,,,,,,12591060,-7993997,4597063,1045520,,,,,,584015,thousands,1.0,,"{""sfp"": [63, 149], ""pl"": [64, 150], ""cfs"": [66, 65, 67, 152]}",,ok
TRG,2013,3307388,161874,3145514,,161874,,,,2007668,,,,,,,thousands,1.0,,"{""sfp"": [24], ""pl"": [25], ""cfs"": [27]}",,ok
TRG,2014,3278322,184554,3093768,,184554,,,,,,,,,,,thousands,1.0,,"{""sfp"": [19, 18, 20, 43], ""pl"": [20, 19, 21, 45], ""cfs"": [21, 20, 22, 58]}",,ok
TRG,2015,3890709,93903,3796806,49363,93903,,,,,,,,,,-588667,thousands,1.0,,"{""sfp"": [21, 20, 22, 45], ""pl"": [22, 21, 23, 47], ""cfs"": [24, 23, 25, 59]}",L5,review
TRG,2017,15234192,2454566,12779626,226711,226237,214386,,,,,,,,,,thousands,1.0,,"{""sfp"": [33, 32, 34, 58], ""pl"": [34, 33, 35, 59], ""cfs"": [36, 35, 37, 61]}",L5,review
TRG,2018,17773169,2914436,14858733,1634597,83975.0,228516,,,-217541,,,,,17693,,thousands,1.0,,"{""sfp"": [38, 37, 39, 67], ""pl"": [39, 38, 40, 68], ""cfs"": [113, 112, 114]}",,ok
TRG,2019,17974035,2820296,15153739,1635483.0,28916,240969,,,,,,,,,,thousands,1.0,,"{""sfp"": [30, 29, 31, 60], ""pl"": [31, 30, 32, 61], ""cfs"": [33, 32, 34, 63]}",,ok
TRG,2020,23362682,3958310,19404372,1583862,29127,237176,,,76165,,,,,,,thousands,1.0,,"{""sfp"": [36, 35, 37], ""pl"": [37, 36, 38], ""cfs"": [39, 38, 40]}",,ok
TRG,2021,50229593.0,,,2188903.0,615567.0,,,,25852427,598429.0,,,,-1991027,121855,thousands,1.0,,"{""sfp"": [41, 40, 42], ""pl"": [42, 41, 43], ""cfs"": [44, 43, 45]}",,ok
TRG,2022,56753202.0,,,45910.0,207303.0,,,,-4980726,34884.0,,,,-73304,-490241,thousands,1.0,,"{""sfp"": [40, 39, 41], ""pl"": [41, 40, 42], ""cfs"": [43, 42, 44]}",,ok
TRG,2023,78084709,12585271,65499438,25710,214264,,,,-1336046,22347.0,,,,,,thousands,1.0,,"{""sfp"": [37, 36, 38], ""pl"": [38, 37, 39], ""cfs"": [40, 39, 41]}",,ok
TRG,2024,40582030,7296013,33286017,36175,551960,,,,-30848100,31654,,,,,12454,thousands,1.0,,"{""sfp"": [37, 36, 38], ""pl"": [38, 37, 39], ""cfs"": [40, 39, 41]}",,ok
TRG,2025,46688562.0,,,32770.0,1094250.0,,,,3923985,27164.0,,,,,,thousands,1.0,,"{""sfp"": [39, 38, 40], ""pl"": [40, 39, 41], ""cfs"": [42, 41, 43]}",,ok
TRIBL,2014,4686686.613,5767042.994,-1080356.381,2660321.755,3389898.891,115617.667,,,3985.951,8852.265,,1462582.956,,,-2019.544,thousands,0.001,,"{""sfp"": [24], ""pl"": [25], ""cfs"": [26, 27]}",L3,ok
TRIBL,2015,,,,,,42936.921,,,13963.128,,,,,,-19933.841,thousands,0.001,,"{""sfp"": [20], ""pl"": [21, 23], ""cfs"": [22]}",,ok
TRIBL,2017,4386573.502,2852775.968,1533797.534,1592059.861,2041537.159,,,,,4784.171,,528376.089,,,,thousands,0.001,,"{""sfp"": [24, 23, 25, 73], ""pl"": [], ""cfs"": []}",L5;L5,review
TRIPF,2014,13076574,11442121,1634453,5848431,6814843,13597081,12375215,1221866,-131095,697646,1677648,7215407,,,492630,thousands,1.0,,"{""sfp"": [77, 78], ""pl"": [79], ""cfs"": [81]}",,ok
TRIPF,2015,11314925,9201123,2113802,4573597,5447172,11954171,-10096906,1857265,498191,378033,1293873,6731234,,,2957526,thousands,1.0,,"{""sfp"": [92, 93], ""pl"": [94], ""cfs"": [96]}",,ok
TRIPF,2016,11145080,7344262,3800818,4792064,4581833,11778067,-9746015,2032052,754482,176741,1380062,6346761,,-148124,2149861,thousands,1.0,,"{""sfp"": [96, 95, 97], ""pl"": [97, 96, 98], ""cfs"": [99, 98, 100]}",,ok
TRIPF,2018,12604788,8873309,3731479,6523434,7531001,13224068.0,-11847875.0,1376193.0,157357,43870,2575128,6073755,,-385232,-360411,thousands,1.0,,"{""sfp"": [124, 123, 125], ""pl"": [125, 124, 126], ""cfs"": [127, 126, 128]}",,ok
TRIPF,2019,12329474,9070114,3259360,6267526,7822735,14683267,-13193443,1489824,-309814,212295,2206552,5835974,,-154765,3576427,thousands,1.0,,"{""sfp"": [120, 119, 121], ""pl"": [121, 120, 122, 92, 94], ""cfs"": [123, 122, 124]}",,ok
TRIPF,2020,13153110,9277185,3875925,6113366,6264771,15089802,-12649012,2440790,,137358,2464747,6825355,,,2418637,thousands,1.0,,"{""sfp"": [107, 106, 108], ""pl"": [108, 107, 109], ""cfs"": [110, 109, 111]}",,ok
TRIPF,2021,16731424,12023933,4707491,9818225,8743854,19054464,-15848306,3206158.0,,206868,4527514,6694903,,,,thousands,1.0,,"{""sfp"": [89, 88, 90], ""pl"": [90, 89, 91], ""cfs"": [91, 90, 92]}",,ok
TRIPF,2022,16664441,11603459,5060982,9051362,8141638,,,3807012.0,,904190,3701040,7571398,,,,thousands,1.0,,"{""sfp"": [88, 87, 89], ""pl"": [89, 88, 90], ""cfs"": [90, 89, 91]}",L5,review
TRIPF,2023,28270253,22444460,5825793,13405169,13436927,24842373,-20919019,3923354,979118,1559756,4446312,14828915,,-192227,2995392,thousands,1.0,,"{""sfp"": [176, 175, 177], ""pl"": [177, 176, 178], ""cfs"": [179, 178, 180]}",,ok
TRIPF,2024,32263508,27084951,5178557,12969883,13780691,29413004,-25643589,3769415,863506.0,1111986,4161502,19258566,,,,thousands,1.0,,"{""sfp"": [90, 89, 91], ""pl"": [91, 90, 92], ""cfs"": [92, 91, 93]}",L2,ok
TRIPF,2025,33449700,28682593,4767107,12896561,16972407,,,4331881.0,979118.0,1303764,4846691,19501045,,,,thousands,1.0,,"{""sfp"": [89, 88, 90], ""pl"": [90, 89, 91], ""cfs"": [91, 90, 92]}",L5,review
TRPOL,2017,727060.441,,,156700.288,,200181.917,118059.592,82122.325,77847.285,243.956,33262.575,358667.108,,,5887.776,thousands,0.001,,"{""sfp"": [16, 17], ""pl"": [18], ""cfs"": [19]}",,ok
TRPOL,2018,1407956.074,,949830.835,586325.72,99203.325,322043.764,138918.091,183125.673,77800.009,8194.941,237309.407,636456.309,,,-265056.753,thousands,0.001,,"{""sfp"": [8, 12, 13], ""pl"": [14, 15], ""cfs"": [16]}",,ok
TRPOL,2019,1415288.905,,,664809.786,,386812.277,188102.444,198709.833,52671.854,27938.253,552343.275,614012.274,,-29481.798,66605.037,thousands,0.001,,"{""sfp"": [14, 15], ""pl"": [16, 17], ""cfs"": [18]}",,ok
TRPOL,2020,1602956.397,548174.624,1054781.773,872343.719,317180.867,403176.99,188454.461,214722.529,22404.807,2090.046,764076.04,590877.323,,-2947.138,-49647.283,thousands,0.001,,"{""sfp"": [14, 15], ""pl"": [16, 17], ""cfs"": [18]}",,ok
TRSM,2013,428517,,304514,,,,,,,,,14219,,,,thousands,1.0,,"{""sfp"": [8, 7, 9], ""pl"": [], ""cfs"": []}",,ok
TRSM,2014,418229,,306683,,,,,,,,,13688.0,,,,thousands,1.0,,"{""sfp"": [8, 7, 9], ""pl"": [], ""cfs"": []}",,ok
TRSM,2015,411442,,310058,,,,,,,,,13634,,,,thousands,1.0,,"{""sfp"": [8, 7, 9], ""pl"": [], ""cfs"": []}",,ok
TRSM,2016,396172,,310165,,,,,,,,,14076,,,,thousands,1.0,,"{""sfp"": [9, 8, 10], ""pl"": [], ""cfs"": []}",,ok
TRSM,2017,389933,,315168,,,,,,,,,23434.0,,,,thousands,1.0,,"{""sfp"": [12, 11, 13], ""pl"": [], ""cfs"": []}",,ok
TRSM,2018,377335.0,,,,,,,,,,,22913.0,,,,thousands,1.0,,"{""sfp"": [15, 14, 16], ""pl"": [], ""cfs"": []}",,ok
TRSM,2019,371269,67398,303870,213457,40102,,,,,,,,,,,thousands,1.0,,"{""sfp"": [15, 14, 16], ""pl"": [], ""cfs"": []}",,ok
TRSM,2020,357503,50638,306865,220395,26024,,,,,,,,,,,thousands,1.0,,"{""sfp"": [14, 13, 15], ""pl"": [], ""cfs"": []}",,ok
TRSM,2021,378810,63199,315612,223814,33092,,,,,,,,,,,thousands,1.0,,"{""sfp"": [18, 17, 19], ""pl"": [], ""cfs"": []}",,ok
TRSM,2024,414351.428,70485.948,347737.575,176254.966,39097.374,,,,,10384.061,,,,,,thousands,0.001,,"{""sfp"": [29, 28, 30], ""pl"": [], ""cfs"": []}",,ok
TRSM,2025,401963.224,53207.277,348755.947,192391.671,33748.751,,,,18390.098,9066.363,,24559.177,,,,thousands,0.001,,"{""sfp"": [31, 35], ""pl"": [32, 33], ""cfs"": []}",,ok
TSBL,2014,61217077,37668866,23548211,52721094,37668866,6848634,,,-5352509,18175516,,1444679,,,434748,thousands,1.0,,"{""sfp"": [23], ""pl"": [24, 25], ""cfs"": [26]}",,ok
TSBL,2015,45019560,,6847139,36111025,38172421,6359377,,,-16453039,25332606,,3668342,,,6000816,thousands,1.0,,"{""sfp"": [19], ""pl"": [20, 21], ""cfs"": [22]}",,ok
TSBL,2017,34555267.0,,,28732116.0,22525066.0,,,,,,,1035402.0,,,,thousands,,,"{""sfp"": [11, 10, 12, 26], ""pl"": [], ""cfs"": []}",,ok
TSBL,2018,223280.067,29605.317,193676.75,212782.288,29605.317,,,,,125272.66,,1912.03,,,,thousands,0.001,,"{""sfp"": [14, 13, 15, 35], ""pl"": [], ""cfs"": []}",L3,ok
TSBL,2019,242494.456,72709.154,170240.302,218515.581,72709.154,,,,,6911.78,,13475.292,,,,thousands,0.001,,"{""sfp"": [11, 10, 12, 23], ""pl"": [], ""cfs"": []}",,ok
TSBL,2020,297878.618,92747.702,205130.916,261142.201,92747.702,,,,,,,12989.347,,,,thousands,0.001,,"{""sfp"": [12, 11, 13], ""pl"": [], ""cfs"": []}",,ok
TSBL,2021,613488.077,310364.608,303123.469,551903.949,299324.173,,,,88027.609,99296.325,,12749.879,,,,thousands,0.001,,"{""sfp"": [49, 48, 50], ""pl"": [], ""cfs"": []}",,ok
TSBL,2022,519728.724,230256.616,289472.108,461988.268,221659.764,195027.542,,,-13651.361,68425.609,,13582.427,,,-29880.91,thousands,0.001,,"{""sfp"": [45], ""pl"": [47, 48], ""cfs"": [49, 50]}",,ok
TSBL,2023,494196.826,215018.706,279178.12,436507.856,207777.268,141803.751,,,-10268.669,54804.227,,12668.771,,,-38919.415,thousands,0.001,,"{""sfp"": [40, 43], ""pl"": [41, 42], ""cfs"": [44, 45]}",,ok
TSBL,2024,707266.244,344090.781,363175.463,638211.243,333152.648,211999.401,,,83997.343,173060.146,,15291.159,,,59925.441,thousands,0.001,,"{""sfp"": [54], ""pl"": [55, 56], ""cfs"": [53, 58, 59]}",,ok
TSBL,2025,883619.907,501276.258,382343.649,799096.818,490155.23,251089.761,,,19168.186,7867.051,,15452.426,,,-200434.299,thousands,0.001,,"{""sfp"": [60], ""pl"": [61, 63], ""cfs"": [64, 65]}",,ok
TSMF,2018,77208.865,10478.355,66730.511,77196.365,10478.355,-7810.151,,,-9932.089,41.774,,,,,-784.898,thousands,0.001,,"{""sfp"": [17], ""pl"": [18], ""cfs"": [19]}",,ok
TSMF,2019,63370.865,,50359.961,63358.365,13010.904,-13736.223,,,-16274.364,92.221,,,,,,thousands,0.001,,"{""sfp"": [14], ""pl"": [15], ""cfs"": [16]}",,ok
TSMF,2020,61789.162,14813.946,46975.216,61776.662,14813.946,-1156.708,,,-3060.421,32.956,,,,,-97.826,thousands,0.001,,"{""sfp"": [14, 19], ""pl"": [15], ""cfs"": [16]}",,ok
TSMF,2021,87948.701,,,87936.201,87948.701,,,,,,,,,,,thousands,0.001,,"{""sfp"": [], ""pl"": [], ""cfs"": []}",,ok
TSMF,2022,77109.595,,,77097.095,77109.594,,,,-10180.207,,,,,,,thousands,0.001,,"{""sfp"": [], ""pl"": [], ""cfs"": []}",,ok
TSMF,2023,62530.087,,,62517.586,62530.086,,,,,,,,,,,thousands,0.001,,"{""sfp"": [], ""pl"": [], ""cfs"": []}",,ok
TSMF,2025,,,,,,,,,21981.423,,,,,,,thousands,0.001,,"{""sfp"": [], ""pl"": [], ""cfs"": []}",,ok
TSML,2013,11896546.958,8503012.369,3393534.589,4075591.408,5886869.129,12294795.993,-11435214.945,859581.048,-382719.05,765360.058,2136242.304,7755012.318,,,,thousands,0.001,,"{""sfp"": [17, 18, 23], ""pl"": [19, 20, 21], ""cfs"": []}",,ok
TSML,2014,16489188,13079359,3409828,6542750,9029243,12999788,-11574517,1425271,247124,349344,4008364,9835688,0,,-2046250,thousands,1.0,,"{""sfp"": [18, 19], ""pl"": [20], ""cfs"": [22]}",,ok
TSML,2015,17041191.134,,4876407.895,5980907.352,9116615.435,16520294.399,-14301181.419,2219112.98,591626.697,155532.534,4022346.578,10954043.101,,,1028735.241,thousands,0.001,,"{""sfp"": [12, 17, 18], ""pl"": [19, 20], ""cfs"": [21]}",,ok
TSML,2016,16203561.7,,5729820.381,4927451.914,,18675054.125,-16258133.912,2416920.213,897967.075,66936.567,2978867.891,11247190.642,,,2305377.954,thousands,0.001,,"{""sfp"": [14, 20, 21, 25], ""pl"": [22], ""cfs"": [24]}",,ok
TSML,2017,25848108.825,,6180005.192,11928201.618,15533941.741,13903985.479,-11769616.007,2134369.472,470759.779,687766.245,8814401.128,13795834.019,,,-3545631.521,thousands,0.001,,"{""sfp"": [24, 25, 29], ""pl"": [26, 27], ""cfs"": [28]}",,ok
TSML,2018,29230635.342,22277380.825,6953254.517,13330503.937,18461758.051,17522463.922,-14665516.017,2856947.905,807645.202,83068.317,9662664.711,15717733.7,,,3561898.335,thousands,0.001,,"{""sfp"": [36, 37], ""pl"": [38], ""cfs"": [40]}",,ok
TSML,2019,23592612.622,13595534.235,9997078.387,7354754.677,10774388.631,27295874.63,-23142769.339,4153105.291,1445922.654,176214.041,3022242.477,16155428.659,,,3503381.001,thousands,0.001,,"{""sfp"": [36, 37], ""pl"": [38], ""cfs"": [40]}",,ok
TSML,2020,23397856.219,,9846234.492,7004540.521,10569464.403,21271884.733,-19430945.446,1840939.287,-281725.246,283684.625,2384437.294,16168944.779,,,559199.695,thousands,0.001,,"{""sfp"": [32, 33], ""pl"": [34], ""cfs"": [36]}",,ok
TSML,2021,27490090.951,16928513.697,10561577.254,11379541.032,14796121.798,27114404.208,-23995408.711,3118995.497,712245.736,101748.479,6260943.955,15935896.09,,,-1789967.945,thousands,0.001,,"{""sfp"": [32, 33], ""pl"": [34], ""cfs"": [36]}",,ok
TSML,2022,31898486.705,20832419.298,11066067.407,16358276.855,19660039.438,32299965.782,-28536941.441,3763024.341,517711.537,644777.345,7959386.723,15385603.599,,,789115.379,thousands,0.001,,"{""sfp"": [35, 36], ""pl"": [37], ""cfs"": [39]}",,ok
TSML,2023,30807275.254,18209138.602,12598136.652,15545415.956,17008612.245,,,,,1009992.857,5131402.809,14972450.176,,,3025897.662,thousands,0.001,,"{""sfp"": [36, 37, 38], ""pl"": [], ""cfs"": [40]}",,ok
TSML,2024,41558688.391,27846542.274,13712146.117,26739547.604,26491301.316,38311576.293,32183454.385,6128121.908,1082665.508,258876.358,13117054.81,14475937.865,,,-9951017.111,thousands,0.001,,"{""sfp"": [53, 54], ""pl"": [55], ""cfs"": [57]}",,ok
TSML,2025,40356301.823,25875007.059,14481294.764,26030727.915,2437.935,40480075.526,-34452686.878,,,113829.265,11579205.027,13900423.61,,,,thousands,0.001,,"{""sfp"": [42, 41, 43], ""pl"": [], ""cfs"": []}",L5,review
TSPL,2018,,,165168.123,,6230.242,51714.859,45239.076,6475.783,10484.816,,,,,,13374.2,thousands,0.001,,"{""sfp"": [16], ""pl"": [18, 20], ""cfs"": [19]}",,ok
TSPL,2019,176517.334,,,54413.932,,29574.846,23608.525,5966.321,4666.983,42033.994,3381.976,4850.057,,,,thousands,0.001,,"{""sfp"": [14, 15], ""pl"": [16, 17, 18], ""cfs"": []}",,ok
TSPL,2020,182446.222,,175582.43,81178.443,6863.792,16034.49,12437.302,3597.188,5740.314,53715.045,,4364.934,,,-14544.436,thousands,0.001,,"{""sfp"": [14, 15], ""pl"": [16, 18], ""cfs"": [17]}",,ok
TSPL,2021,190801.477,,,87201.334,7114.104,14114.0,10237.416,3876.584,5336.002,44509.985,,,,,,thousands,0.001,,"{""sfp"": [13, 12, 14], ""pl"": [], ""cfs"": []}",,ok
TSPL,2022,201055.187,14153.888,186901.799,100616.904,141.538,,3192.025,8761.775,5983.367,44522.84,,3535.438,,,,thousands,0.001,,"{""sfp"": [20, 19, 21], ""pl"": [], ""cfs"": []}",L5,review
TSPL,2023,203880.708,,,103901.178,10987.127,,,5444.377,6096.934,43890.627,,3181.835,,,,thousands,0.001,,"{""sfp"": [20, 19, 21], ""pl"": [], ""cfs"": []}",,ok
TSPL,2024,219243.325,33136.817,186106.508,113006.646,33136.817,5000.0,314.138,,5983.0,43728.369,,2863.604,,,,thousands,0.001,,"{""sfp"": [22, 21, 23], ""pl"": [], ""cfs"": []}",,ok
TSPL,2025,216610.008,42931.316,173678.692,112769.738,42931.326,,,,,42887.06,,,,,,thousands,0.001,,"{""sfp"": [22, 21, 23], ""pl"": [], ""cfs"": []}",,ok
UBDL,2016,821390,726256,95134,819898,726256,1483737,-1254493,229244,28441,55363,436549,,,,,thousands,1.0,,"{""sfp"": [33, 32, 34], ""pl"": [34, 33, 35], ""cfs"": [35, 34, 36]}",L5,review
UBDL,2018,,,876541,,,,,,,175515,,,,,,thousands,1.0,,"{""sfp"": [22], ""pl"": [22], ""cfs"": [23]}",,ok
UBDL,2019,2464366.0,2157356.0,,2435549.0,2157356.0,,,,-549914.0,200915.0,1102071.0,,,,,thousands,1.0,,"{""sfp"": [33, 32, 34, 70], ""pl"": [34, 33, 35, 71], ""cfs"": [35, 34, 36, 72]}",,ok
UBDL,2020,1655154,1603820,51334,1616969,1594808,3270644,-2435664,834980,-255676,41794,709250,11039,,,,thousands,1.0,,"{""sfp"": [33, 32, 34, 70], ""pl"": [34, 33, 35, 71], ""cfs"": [35, 34, 36, 72]}",,ok
UBDL,2021,1104309,1049248,55061,1069622,1036410,2553666,-2182435,371231,,91411,502021,,,,516125,thousands,1.0,,"{""sfp"": [30, 29, 31, 70], ""pl"": [31, 30, 32, 71], ""cfs"": [33, 32, 34, 73]}",,ok
UBDL,2023,853437,962281,-108844,823686,962281,1348030,-1147680,200350,-98280,97583,334904,,,,,thousands,1.0,,"{""sfp"": [32, 31, 33, 72], ""pl"": [33, 32, 34, 73], ""cfs"": [34, 33, 35, 75]}",L3,ok
UBDL,2024,1010126,1177960,-167834,981050,1177960,1120839,-925359,195480,,75368,505384,,,,130578,thousands,1.0,,"{""sfp"": [32, 31, 33, 75], ""pl"": [33, 32, 34, 77], ""cfs"": [35, 34, 36, 88]}",L3,ok
UBDL,2025,817551,1055832,-238281,792022,1055832,1176764,-1013954,162810,21756.0,93092,379085,,,,37975,thousands,1.0,,"{""sfp"": [43, 42, 44, 98], ""pl"": [44, 43, 45, 99], ""cfs"": [46, 45, 47, 101]}",L3,ok
UBL,2015,1486186813,1330587764,155599049,,,74196597,,,25727149,112011276,,32325754,,-15942157,261570304,thousands,1.0,,"{""sfp"": [51, 292, 293, 360, 361, 375, 383, 397], ""pl"": [52, 398, 295, 368, 382], ""cfs"": [54, 326]}",,ok
UBL,2018,2810756000,2659486052,151269948,,,,,,15226095,183467358,,47556.0,,-14799574,-244641712,thousands,1.0,,"{""sfp"": [104, 106, 109, 118, 125, 126, 127, 128, 137, 138, 139, 165, 167], ""pl"": [76, 169], ""cfs"": [78, 173]}",L5;L5;L2,review
UBL,2019,2023738324,1832866453,183658016,,,,,,,,,54348.0,,,,thousands,1.0,,"{""sfp"": [166, 201], ""pl"": [167], ""cfs"": [170, 169, 171]}",L5;L5;L2,review
UBL,2020,13775985,12476940,1299045,,,600107,,,130064,1615043,,359545,,-8138474,372629959,thousands,1.0,,"{""sfp"": [174, 225, 260, 261], ""pl"": [78, 175, 261, 236], ""cfs"": [178, 177, 179, 80]}",L5;L5;L5;L3;L2,review
UBL,2021,15756463,14462998,1293465,,,561187,,,30621899,,,70769.0,,-23622786,353077355,thousands,1.0,,"{""sfp"": [177, 178, 267], ""pl"": [179, 268], ""cfs"": [78, 77, 79, 181]}",L5;L5;L2,review
UBL,2022,244274798,227989859,,,,,,,,,,,,-17766341,-110598014,thousands,1.0,,"{""sfp"": [91, 98, 133, 134, 143], ""pl"": [91, 99, 133, 134, 143], ""cfs"": [43, 102]}",L5;L5;L3,review
UBL,2023,5574997502,5322496971,,,,165752870,,,53180413,277330217,,73584672,,,,thousands,1.0,,"{""sfp"": [37, 92, 93], ""pl"": [38, 93], ""cfs"": [39, 101]}",L3,ok
UBL,2024,,,,,,257242413,,,75155853,,,82234308,,,,thousands,1.0,,"{""sfp"": [94, 95, 112, 141, 142], ""pl"": [95, 96, 142], ""cfs"": [96, 95, 97]}",L5,review
UBL,2025,,,,,,,,,,,,,,67084981,4273864346,thousands,1.0,,"{""sfp"": [69, 74, 98, 99], ""pl"": [43, 93, 100], ""cfs"": [44, 101]}",,ok
UCAPM,2014,3646.013,4155.9,-509.887,,,2254.198,,,447.472,675.723,,1717.1,,,695.032,thousands,0.001,,"{""sfp"": [10], ""pl"": [11], ""cfs"": [12]}",L3,ok
UCAPM,2015,3646.013,4155.9,-509.887,,,2254.198,,,447.472,675.723,,1717.1,,,695.032,thousands,0.001,,"{""sfp"": [11, 17], ""pl"": [12], ""cfs"": [13]}",L3,ok
UCAPM,2018,53666.643,19958.99,33707.653,53362.553,1878.531,2216.0,,,-5053.776,738.854,52400.0,304.09,,,-6929.604,thousands,0.001,,"{""sfp"": [4], ""pl"": [5, 6], ""cfs"": [7]}",,ok
UCAPM,2019,55646.519,,,55430.945,21924.31,4345.0,,,-305.444,216.389,,215.574,,,-2966.585,thousands,0.001,,"{""sfp"": [3], ""pl"": [4, 5], ""cfs"": [6]}",,ok
UCAPM,2020,55888.514,25575.324,30131.19,55734.521,25575.324,375.0,,,-3271.019,647.256,55000.0,153.993,,,-2961.148,thousands,0.001,,"{""sfp"": [3], ""pl"": [4, 5], ""cfs"": [6]}",L3,ok
UCAPM,2021,61265.846,6070.731,55195.115,61154.963,6070.731,1900.0,,,-357.668,4166.171,56900.0,110.883,,,2013.915,thousands,0.001,,"{""sfp"": [6], ""pl"": [7, 8], ""cfs"": [9]}",L3,ok
UCAPM,2022,58542.283,,54549.552,58461.788,3992.731,1460.727,,,-645.563,112.269,58260.727,80.495,,,-5853.902,thousands,0.001,,"{""sfp"": [7], ""pl"": [8, 9], ""cfs"": [11]}",,ok
UCAPM,2024,61789.657,,53558.76,61746.166,8230.897,,,,-368.658,2577.576,59079.495,43.491,,,820.278,thousands,0.001,,"{""sfp"": [6], ""pl"": [7], ""cfs"": [10]}",,ok
UDPL,2014,851800,250880,600920,348932,232169,402921,294720,108201,110308,,238064,38054,,,-130882,thousands,1.0,,"{""sfp"": [13], ""pl"": [14], ""cfs"": [15]}",,ok
UDPL,2015,904096,189049,715047,231001,146344,339619,-273265,66354,111187,,179371,35001,,,,thousands,1.0,,"{""sfp"": [14], ""pl"": [15], ""cfs"": [16]}",,ok
UDPL,2018,1568490.0,303732.0,,,168201.0,451049.0,-264232.0,,166439,,,19537.0,,,,thousands,1.0,,"{""sfp"": [13, 12, 14], ""pl"": [13, 12, 14], ""cfs"": []}",,ok
UDPL,2019,2784287.0,461479.0,,,316650.0,,-322313.0,,50371,,,28580.0,,,-81237,thousands,1.0,,"{""sfp"": [13, 12, 14], ""pl"": [13, 12, 14], ""cfs"": [15]}",,ok
UDPL,2020,2649434,423648,2225786,459836,331841,644318,-408332,235986,-223039,,265925,37080,,,17510,thousands,1.0,,"{""sfp"": [25, 24, 26], ""pl"": [26, 25, 27], ""cfs"": [29, 28, 30]}",,ok
UDPL,2021,2562009,315654,2246355,429489,251359,646626,397168,249458,-78477,,148912,27777,,,,thousands,1.0,,"{""sfp"": [15, 14, 16, 21, 29, 30, 31], ""pl"": [15, 14, 16], ""cfs"": []}",L5,review
UDPL,2022,1824080,43268,,,24002.0,,-368719.0,,,,,50267.0,,,,thousands,1.0,,"{""sfp"": [15, 14, 16], ""pl"": [15, 14, 16], ""cfs"": []}",,ok
UDPL,2023,1252913,569872,683041,1100159,542365,,-502347.0,283104.0,-372532,11785,275131,65117,,,,thousands,1.0,,"{""sfp"": [28, 27, 29], ""pl"": [18, 30], ""cfs"": []}",L5;L5,review
UDPL,2024,,,,,570449.0,,-688542.0,,362474,15886.0,,145779.0,,,,thousands,1.0,,"{""sfp"": [15, 14, 16], ""pl"": [15, 14, 16], ""cfs"": []}",,ok
UDPL,2025,2616316,908441,1707875,2382358,721550,,-621737.0,341894.0,903351,24499,208948,143349,,,,thousands,1.0,,"{""sfp"": [34, 33, 35], ""pl"": [36], ""cfs"": []}",,ok
UNIC,2013,3008202.688,1786751.34,1221451.348,,,,,,,,,,,,,thousands,0.001,,"{""sfp"": [71], ""pl"": [], ""cfs"": []}",L5,review
UNIC,2014,,3231998.902,1685120.651,,,,,,,,,,,,,thousands,0.001,,"{""sfp"": [67], ""pl"": [], ""cfs"": []}",L2,ok
UNIC,2015,5058714.633,2774469.224,,,,,,,620025.776,,,,,,,thousands,0.001,,"{""sfp"": [81, 80, 82], ""pl"": [], ""cfs"": []}",,ok
UNIC,2016,5466579.823,2829245.613,2637334.21,2738218.91,,2473431.973,,,283335.925,160.19,,741149.32,,,341476.613,thousands,0.001,,,,ok
UNIC,2017,6211319.0,,2641766.0,,,,,,,490059.0,,810596.0,,,,thousands,0.001,,"{""sfp"": [19, 18, 20], ""pl"": [19], ""cfs"": []}",L5;L5;L5,review
UNIC,2018,6895465.0,,3043496.0,,,,,,,542589.0,,774641.0,,,,thousands,0.001,,"{""sfp"": [19, 18, 20], ""pl"": [19], ""cfs"": []}",L5;L5;L5,review
UNIC,2019,8183063.0,,3437546.0,,,,,,,266126.0,,1245612.0,,,,thousands,0.001,,"{""sfp"": [19, 18, 20], ""pl"": [19], ""cfs"": []}",L5;L5;L5,review
UNIC,2020,9860745.0,,3754097.0,,,,,,,457297.0,,1243134.0,,,,thousands,0.001,,"{""sfp"": [19, 18, 20], ""pl"": [19], ""cfs"": []}",L5;L5,review
UNIC,2021,10543.291,,,,,,,,,,,,,,,thousands,,,"{""sfp"": [17, 16, 18], ""pl"": [17], ""cfs"": []}",L3,ok
UNIC,2022,787552.799,215278.674,572274.125,,,,,,,,,88925.704,,,,thousands,0.001,,"{""sfp"": [72, 146], ""pl"": [], ""cfs"": []}",L5;L5;L5;L3;L2,review
UNIC,2023,13862729.0,,,,,,,,,,,,,,,thousands,1000.0,,"{""sfp"": [17, 16, 18], ""pl"": [17], ""cfs"": []}",L3,ok
UNIC,2024,16053484.0,,,,,,,,,,,,,,,thousands,1000.0,,"{""sfp"": [17, 16, 18], ""pl"": [17], ""cfs"": []}",,ok
UNIC,2025,21874894.0,,,,,,,,,,,,,,,thousands,1000.0,,"{""sfp"": [17, 16, 18], ""pl"": [17], ""cfs"": []}",,ok
UNITY,2013,104225.237,113540.708,-9315.471,10282.477,113540.708,,,,-30128.4,4185.344,,396.51,,,-1305640,thousands,0.001,,"{""sfp"": [15], ""pl"": [16, 17], ""cfs"": [18]}",L3,ok
UNITY,2014,13052346,65000,12987346,13027346,65000,,,,72681112,6920791,,,,,,thousands,1.0,,"{""sfp"": [17, 20, 23], ""pl"": [18, 19], ""cfs"": []}",L3,ok
UNITY,2015,9823987,78000,9745987,9798987,78000,,,,-3241359,4100202,,,,,-2820589,thousands,1.0,,"{""sfp"": [19], ""pl"": [20, 21], ""cfs"": [22]}",,ok
UNITY,2016,6812283,67400,6744883,6787283,67400,,,,-3001104,1558815,,,,,-2541387,thousands,1.0,,"{""sfp"": [20], ""pl"": [21, 22, 23], ""cfs"": [24]}",,ok
UNITY,2017,3009752,,2401233,2984752,608519,,,,-4343650,1751068,,,,,192253,thousands,1.0,,"{""sfp"": [20], ""pl"": [21, 22], ""cfs"": [23]}",,ok
UNITY,2018,4567182.584,2793264.926,1773917.658,3015913.659,2793264.926,,,,,9958.442,1479257.11,1521820.847,,,,thousands,0.001,,"{""sfp"": [39, 38, 40], ""pl"": [], ""cfs"": []}",,ok
UNITY,2019,10465626.181,4771159.003,5694467.178,7371378.588,4771159.003,14097237.284,-12820034.063,1277203.221,255074.52,40043.834,3201229.92,3081521.153,,,,thousands,0.001,,"{""sfp"": [47, 46, 48], ""pl"": [], ""cfs"": []}",,ok
UNITY,2020,18943389.566,13093698.592,5849690.974,15419537.237,13056912.897,29872020.642,-27842732.989,2029287.653,209628.796,163360.179,5048540.001,3330924.966,,,,thousands,0.001,,"{""sfp"": [61, 60, 62, 102], ""pl"": [], ""cfs"": []}",,ok
UNITY,2021,42538374.952,29159095.554,13379279.398,33728462.655,28812366.675,66400968.204,-61209315.624,5191652.58,3111739.492,318042.746,10752535.48,7759129.877,,-78.605,-1612020.684,thousands,0.001,,"{""sfp"": [88], ""pl"": [89, 90], ""cfs"": [92]}",,ok
UNITY,2022,58620981.418,37464433.604,21156547.814,49032815.671,37121522.208,82184552.553,-74338958.788,7845593.765,2436417.111,718318.48,11222630.337,8477954.86,,,,thousands,0.001,,"{""sfp"": [75, 74, 76, 128], ""pl"": [], ""cfs"": []}",L2.5;L2.5;L2.5,review
UNITY,2023,71531559,49807553,21724006,51536155,49081468,90158188,-78018707,12139481,2436418.0,1006054,10203672,10858641,,,,thousands,1.0,,"{""sfp"": [79, 78, 80, 131], ""pl"": [80, 79, 81, 132], ""cfs"": [83, 82, 84, 135]}",,ok
UNITY,2024,80156710.0,,,60612958.0,60272222.0,60488680,-55191742,5296938,567458.0,5123713.0,10067554.0,10238100.0,,,,thousands,1.0,,"{""sfp"": [81, 80, 82, 133], ""pl"": [82, 81, 83, 134], ""cfs"": [85, 84, 86, 137]}",,ok
UNITY,2025,83560500,64472616,19087884,65543716,63917052,,-65974400.0,11435420.0,,9132874,10179185,10889943,,,,thousands,1.0,,"{""sfp"": [149, 148, 150, 103], ""pl"": [151], ""cfs"": [153, 152, 154, 107]}",L5;L5;L5;L5;L5;L5,review
UPFL,2014,3465952,2682554,783398,1560692,2570315,7787059,-4426989,3360070,1171821,137024,849057,1803992,,-771089,1405243,thousands,1.0,,"{""sfp"": [27, 28], ""pl"": [29], ""cfs"": [30, 31]}",,ok
UPFL,2015,4417293,2738699,1678594,2257568,2518055,8571097,-4738804,3832293,1232128,593252,959276,2040339,,-457309,1191568,thousands,1.0,,"{""sfp"": [30, 29, 31], ""pl"": [31, 30, 32], ""cfs"": [33, 32, 34]}",L5,review
UPFL,2016,4618095,2813177.0,,2436695,2680278.0,9466836,-5264621,4202215,1276089,694779,958171,2084856,,-1152012,1517410,thousands,1.0,,"{""sfp"": [30, 29, 31], ""pl"": [31, 30, 32], ""cfs"": [33, 32, 34]}",,ok
UPFL,2018,5938972,4029088,1909884,3059468,3873498,11898430,-6539088,5359342,1731570,1114816,963034,2783549,,-1490332,1670790,thousands,1.0,,"{""sfp"": [38, 37, 39], ""pl"": [39, 38, 40], ""cfs"": [41, 40, 42]}",,ok
UPFL,2019,7088833,4784636,2304197,3326005,4479956,13291424,-7861105,5430319,2452938,724556,902351,3654460,,-2021704,3639947,thousands,1.0,,"{""sfp"": [38, 37, 39], ""pl"": [39, 38, 40], ""cfs"": [41, 40, 42]}",,ok
UPFL,2020,7447373,4699679,2747694,3614686,4288855,15572747,-8894178,6678569,3837412,929895,999124,3732128,,-3390721,3908226,thousands,1.0,,"{""sfp"": [40, 39, 41], ""pl"": [41, 40, 42], ""cfs"": [43, 42, 44]}",L5,review
UPFL,2021,10388815,7419249,2969566,6202550,6827571,19820946,-10904750,8916196,5169477,3297755,1327888,4053993,,-3564734,6317887,thousands,1.0,,"{""sfp"": [40, 39, 41], ""pl"": [41, 40, 42], ""cfs"": [44, 43, 45]}",L2.5,review
UPFL,2022,20617115,13103084,7514031,14305770,1180771,28309317,-16359841,11949476,7952403,2581565,2918231,6201699,,-2594401,9434602,thousands,1.0,,"{""sfp"": [21, 22, 38, 39, 45], ""pl"": [23, 40], ""cfs"": [42, 43]}",L2,ok
UPFL,2023,31059856,15400167,15659689,23106184,13960619,34586732,-19777895,14808837,9744030,9648817,4214955,7865480,,-2763110,8290059,thousands,1.0,,"{""sfp"": [39, 38, 40], ""pl"": [40, 39, 41], ""cfs"": [43, 42, 44]}",,ok
UPFL,2024,27988333,14607910,13380423,18561796,12865329,33712049,-20732024,12980025,6974631,4515320,3044709,9341920,,-9623457,9352783,thousands,1.0,,"{""sfp"": [22, 23, 41, 42], ""pl"": [24, 43], ""cfs"": [45, 46]}",,ok
UPFL,2025,18570346,12202857,6367489,9137345,10446402,40572673,-24895231,15677442,5946360,912014,3742399,9348384,,-13627951,3645282,thousands,1.0,,"{""sfp"": [40, 39, 41], ""pl"": [41, 40, 42], ""cfs"": [44, 43, 45]}",L5;L5,review
UVIC,2013,935120.0,546902,388218,,,,,,-89097,,,,,,,thousands,1.0,,"{""sfp"": [20, 19, 21], ""pl"": [22, 21, 23], ""cfs"": [25, 24, 26]}",L2,ok
UVIC,2014,846759.0,486546,360213,,,34994,,,-45839,,,,,,,thousands,1.0,,"{""sfp"": [20, 19, 21], ""pl"": [22, 21, 23], ""cfs"": [25, 24, 26]}",L2,ok
UVIC,2015,783670,230258,553412,270664,,,,,,,,,,,,thousands,1.0,,"{""sfp"": [26, 25, 27], ""pl"": [28, 27, 29], ""cfs"": [31, 30, 32]}",L2,ok
UVIC,2016,803566.0,161062,642504,,,25546,,,69213,,,,,,,thousands,1.0,,"{""sfp"": [32, 31, 33], ""pl"": [34, 33, 35], ""cfs"": [37, 36, 38]}",L2,ok
UVIC,2018,,,,,,33184,,,15989,,,,,,,thousands,1.0,,"{""sfp"": [], ""pl"": [36], ""cfs"": []}",,ok
UVIC,2019,953842,131728,822114,,,,,,,46376,,191921,,,,thousands,1.0,,"{""sfp"": [36], ""pl"": [37, 36, 38], ""cfs"": [40, 39, 41]}",,ok
UVIC,2020,985508,155807,829701,,,,,,,,,188466,,,,thousands,1.0,,"{""sfp"": [36], ""pl"": [37], ""cfs"": [40, 39, 41]}",L5;L5,review
UVIC,2021,992848,152604,840244,,,,,,,13398,,155443,,,,thousands,1.0,,"{""sfp"": [37, 41, 42], ""pl"": [38], ""cfs"": [41, 40, 42]}",,ok
UVIC,2022,948189,218468,729721,,,,,,,10071,,157919,,,,thousands,1.0,,"{""sfp"": [36], ""pl"": [37], ""cfs"": [40, 39, 41]}",,ok
UVIC,2023,859309,191316,667993,,,45051,,,,142861,,146509,,,,thousands,1.0,,"{""sfp"": [35], ""pl"": [36], ""cfs"": [39, 38, 40]}",,ok
UVIC,2024,851441,182548,668893,,,,,,,61520,,150023,,,,thousands,1.0,,"{""sfp"": [35], ""pl"": [36], ""cfs"": [39, 38, 40]}",,ok
UVIC,2025,907979,180785,727194,,,40787,19053,,40200,23919,,172595,,,61673,thousands,1.0,,"{""sfp"": [39, 41, 42], ""pl"": [40], ""cfs"": [43, 44]}",,ok
WAHN,2013,691069.71,190684.154,500385.556,544732.833,184711.316,,-977397.599,,,164175.056,77620.884,109571.385,,,,thousands,0.001,,"{""sfp"": [22, 21, 23], ""pl"": [], ""cfs"": []}",,ok
WAHN,2014,906958.92,391801.01,515157.91,704235.912,378245.242,,-1110138.093,193842.004,66774.677,10105.723,191369.106,167015.181,,,,thousands,0.001,,"{""sfp"": [24, 23, 25], ""pl"": [], ""cfs"": []}",,ok
WAHN,2015,867020.112,374560.026,492460.086,677274.752,364154.287,,-1081857.28,128053.69,12263.022,4463.045,105116.514,159030.238,,,,thousands,0.001,,"{""sfp"": [23, 22, 24], ""pl"": [], ""cfs"": []}",,ok
WAHN,2016,873338.638,,,701974.868,306079.886,,-945171.338,236346.412,78469.258,7795.339,,148721.633,,,,thousands,0.001,,"{""sfp"": [], ""pl"": [], ""cfs"": []}",,ok
WAHN,2017,1011627.533,,658610.78,835026.801,347571.782,1250740.289,-980288.459,270451.83,131104.686,4384.163,187227.753,170642.211,,-36000.0,-21206.091,thousands,0.001,,"{""sfp"": [28], ""pl"": [29], ""cfs"": [30]}",L2,ok
WAHN,2018,1327705.608,549325.575,778380.033,1020091.547,460536.865,1680925.403,-1344699.337,336226.066,174101.914,19063.993,281257.806,307614.061,,-53333.112,125446.111,thousands,0.001,,"{""sfp"": [27, 29], ""pl"": [30], ""cfs"": [31]}",,ok
WAHN,2019,1859321.497,971676.322,887645.175,1526566.644,908501.967,,-1907954.654,354874.349,176492.457,20660.594,,332754.853,,,,thousands,0.001,,"{""sfp"": [], ""pl"": [], ""cfs"": []}",,ok
WAHN,2020,1807417.993,823786.187,983631.806,1499436.468,776747.761,,-1624055.817,325993.672,130307.348,24608.858,,297682.203,,,,thousands,0.001,,"{""sfp"": [], ""pl"": [], ""cfs"": []}",,ok
WAHN,2021,2235106.464,952657.276,1282449.188,1845250.991,872553.884,,-2165020.375,558802.872,334409.128,25572.596,,384394.104,,,,thousands,0.001,,"{""sfp"": [], ""pl"": [], ""cfs"": []}",,ok
WAHN,2022,2592562.509,1194208.099,1398354.41,2174218.513,1130773.597,,-2851970.92,457634.581,209122.716,69293.389,,417857.201,,,,thousands,0.001,,"{""sfp"": [], ""pl"": [], ""cfs"": []}",,ok
WAHN,2023,2580009.427,774888.931,1805120.496,2175821.904,723744.994,,-3499521.193,883915.204,449230.462,200938.171,,384888.866,,,,thousands,0.001,,"{""sfp"": [], ""pl"": [], ""cfs"": []}",,ok
WAHN,2024,2982681.246,724289.437,2258391.809,2581285.275,690730.136,,-3629578.57,1055142.588,549413.947,369219.72,,353611.271,,,,thousands,0.001,,"{""sfp"": [], ""pl"": [], ""cfs"": []}",,ok
WAHN,2025,3840687.8,1186375.273,2654312.527,3268709.158,1152270.292,,-4242120.068,853914.611,481933.976,153517.145,,518690.538,,,,thousands,0.001,,"{""sfp"": [], ""pl"": [], ""cfs"": []}",,ok
WAVES,2018,14379201,6003902,8375299,6607922,5090854,5989610,-5423108,566502,452669,90660,2991310,4316040,,-175803,-656423,thousands,1.0,,"{""sfp"": [126], ""pl"": [127, 128], ""cfs"": [130]}",,ok
WAVES,2019,16707420,8023480,8683940,8066936,6139783,6818406,-5953268,865138,260085,116344,2940985,4969474,,-203977,-630776,thousands,1.0,,"{""sfp"": [138], ""pl"": [139], ""cfs"": [141]}",L2,ok
WAVES,2020,17867428.0,,,9318211.0,,8525481.0,,1844377.0,,,,8549217.0,,,,thousands,1.0,,"{""sfp"": [29, 28, 30], ""pl"": [29, 28, 30], ""cfs"": []}",,ok
WAVES,2021,20799663.0,,,11598598.0,,10439010,8156644,2282366,327887,,,9201065.0,,,,thousands,1.0,,"{""sfp"": [79], ""pl"": [80, 81, 83], ""cfs"": []}",,ok
WAVES,2022,21240052,10602580,10637472,9510324,9261713,11988936.0,,1957467.0,208901.0,,,,,,4127264,thousands,1.0,,"{""sfp"": [49, 144], ""pl"": [50, 124], ""cfs"": [53, 52, 54]}",L5;L2,review
WAVES,2023,,,,,,5206326,,1401187.0,148186,,,,,,,thousands,1.0,,"{""sfp"": [], ""pl"": [6, 5, 7], ""cfs"": []}",L5;L2,review
WAVES,2024,,,,,,331198.0,,1219295,61831.0,,,,,,,thousands,1.0,,"{""sfp"": [], ""pl"": [7, 6, 8], ""cfs"": []}",L3;L2,ok
WAVES,2025,,,,,,,,1344303.0,125828,,,,,,,thousands,1.0,,"{""sfp"": [], ""pl"": [6, 5, 7], ""cfs"": []}",L5,review
WTL,2013,,,,,,,,,,769116,,,,,,thousands,1.0,,"{""sfp"": [67, 66, 68], ""pl"": [], ""cfs"": []}",,ok
WTL,2014,25054270,17577603,7476667,4271811,14191211,2314753,-3374721,-1059968,-2797214,,,,,,,thousands,1.0,,"{""sfp"": [26, 97], ""pl"": [27, 98], ""cfs"": [100, 99, 101, 29]}",,ok
WTL,2015,,,-4172998,2519247,17773724,2191552,-4394968,-2203416,-10632887,398667,67175,8084786,,,,thousands,1.0,,"{""sfp"": [34], ""pl"": [35], ""cfs"": [37]}",L3,ok
WTL,2016,,,,,,1819706,-2757248,-937542,-1264736,,,,,,,thousands,1.0,,"{""sfp"": [36], ""pl"": [37], ""cfs"": [39]}",,ok
WTL,2017,14408417.0,,,2889568.0,11465012.0,,,,,22220.0,67258.0,6924723.0,,,,thousands,1.0,,"{""sfp"": [39, 38, 40], ""pl"": [40, 39, 41], ""cfs"": [42, 41, 43]}",,ok
WTL,2018,15816619.0,,,2782544.0,8324944.0,,,,,,204777.0,8276110.0,,,-508158,thousands,1.0,,"{""sfp"": [38, 37, 39, 105], ""pl"": [39, 38, 40, 106], ""cfs"": [42, 41, 43, 109]}",,ok
WTL,2019,15467119,12428274,3038845,1986884,7949320,3881844,-2385421,,72298,40083,204777.0,6584882.0,,,-44946,thousands,1.0,,"{""sfp"": [39, 38, 40, 115], ""pl"": [40, 39, 41, 116], ""cfs"": [43, 42, 44, 119]}",L5;L5,review
WTL,2020,15783269.0,,,1989096.0,7976035.0,3140134,-1874837,,-146337,56440.0,204777.0,6204805.0,,,499725,thousands,1.0,,"{""sfp"": [38, 37, 39, 147, 183, 186], ""pl"": [39, 38, 40, 148], ""cfs"": [42, 41, 43, 186]}",,ok
WTL,2021,14616444.0,,,1699223.0,8022886.0,2114223,-1744366,,-1506250,33208.0,209401.0,5794029.0,,,-305588,thousands,1.0,,"{""sfp"": [27, 26, 28, 95], ""pl"": [28, 27, 29, 96], ""cfs"": [31, 30, 32, 99]}",,ok
WTL,2022,14251002.0,,,2498189.0,8549240.0,2301245,-1854341,,-1381304,,210858.0,5320386.0,,,-215740,thousands,1.0,,"{""sfp"": [30, 29, 31, 92], ""pl"": [31, 30, 32, 95], ""cfs"": [34, 33, 35, 120]}",,ok
WTL,2023,13812007.0,,,10839482.0,10292505.0,2943549,-2811983,,-20084,158262.0,210858.0,4994941.0,,,,thousands,1.0,,"{""sfp"": [30, 29, 31, 92, 118, 119, 120, 121, 133, 134, 144, 147, 149], ""pl"": [31, 30, 32, 93], ""cfs"": [34, 33, 35, 96]}",,ok
WTL,2024,14920302.0,,,11787587.0,11400487.0,5044440,-4651567,,-1358609,99433.0,210858.0,6594144.0,,,,thousands,1.0,,"{""sfp"": [30, 29, 31, 125], ""pl"": [31, 30, 32], ""cfs"": [34, 33, 35]}",,ok
WTL,2025,14418200,14789141,-370941,3128759,11382844,5991182,-5415581,,-456019,21185,210858,6206931,,,,thousands,1.0,,"{""sfp"": [71], ""pl"": [72, 75], ""cfs"": []}",L3,ok
WYETH,2014,1638921,,1093295,1345947,545626,3054725,2595819,458906,-84552,149931,805259,264195,,-28365,-68740,thousands,1.0,,"{""sfp"": [20], ""pl"": [21, 22], ""cfs"": [23]}",,ok
WYETH,2015,1691775,551013,1140762,1288636,551013,2674709,2332608,342101,32017,230124,646967,382239,,,223083,thousands,1.0,,"{""sfp"": [22], ""pl"": [23, 24], ""cfs"": [25]}",L2,ok
WYETH,2016,1969920.0,,1224526.0,1923697.0,745394.0,1252239,1078087,174152,112816,10549.0,906617.0,16900.0,,-28471,-186961,thousands,1.0,,"{""sfp"": [31, 30, 32], ""pl"": [32, 31, 33], ""cfs"": [34, 33, 35]}",,ok
WYETH,2018,1690829,422810,1268019,1664455,422810,1192352,-985842,206510,-11118,907654,254484,13485,,,,thousands,1.0,,"{""sfp"": [37, 36, 38], ""pl"": [38, 37, 39], ""cfs"": []}",L5,review
WYETH,2019,1994725,757006,1237719,1971330,757006,948237,-843143,105094,23176,1149185,567552,15123,11185,-70654,208043,thousands,1.0,,"{""sfp"": [35, 34, 36], ""pl"": [36, 35, 37], ""cfs"": [38, 37, 39]}",,ok
WYETH,2020,1291905,318426,973479,1272090,318426,932673,-947029,-14356,23176.0,705119,389678,,,-142407,-393389,thousands,1.0,,"{""sfp"": [36, 35, 37], ""pl"": [37, 36, 38], ""cfs"": [40, 39, 41]}",,ok
WYETH,2021,1692623,638615,1054008,1667467,638615,1000898,-713477,287421,,876597.0,552861.0,14484.0,,-35256,165308,thousands,1.0,,"{""sfp"": [38, 37, 39], ""pl"": [39, 38, 40], ""cfs"": [42, 41, 43]}",,ok
YOUW,2014,1677827.363,1531366.397,146460.966,914020.993,940102.058,2748393.775,-2490521.604,257873.771,10303.5,1243.765,390369.696,737441.265,,,-19077.463,thousands,0.001,,"{""sfp"": [10, 11, 15], ""pl"": [12, 13], ""cfs"": [14]}",,ok
YOUW,2015,1343454.019,,,628667.441,,1708643.518,-1887215.333,-178571.815,-347539.729,20513.379,228371.72,692696.235,,-1436.609,2529.692,thousands,0.001,,"{""sfp"": [11, 12, 14], ""pl"": [13], ""cfs"": [15]}",,ok
YOUW,2016,,,,,,1309076.0,,-127162.0,,,,,,,,thousands,1.0,,"{""sfp"": [], ""pl"": [45, 44, 46], ""cfs"": []}",,ok
YOUW,2018,982797.911,1180501.57,-197703.659,800205.501,1078798.202,1947146.969,-2002675.2,-55528.231,-164980.786,2461.509,31131.849,783754.312,,,-2387.515,thousands,0.001,,"{""sfp"": [35], ""pl"": [36], ""cfs"": [38]}",L3,ok
YOUW,2020,,,,,,415494.589,-447000.416,-31505.827,-75480.51,,,,,,-16283.828,thousands,0.001,,"{""sfp"": [25, 27], ""pl"": [28], ""cfs"": [30]}",,ok
YOUW,2021,,,-48550000.0,,,723252.679,-639114.835,84137.844,17179.535,,,,,,-62492.893,thousands,0.001,,"{""sfp"": [23, 28], ""pl"": [29], ""cfs"": [31]}",L3,ok
YOUW,2022,,,306603.839,,,1244911.124,-1147284.12,97627.004,22379.274,,,,,,-297897.727,thousands,0.001,,"{""sfp"": [28, 32], ""pl"": [29], ""cfs"": [31]}",,ok
YOUW,2023,1517711.815,1251099.203,266612.612,511226.415,1200031.478,860825.402,-849759.91,11065.492,-66466.911,4712.183,422399.654,896649.227,,,-15323.114,thousands,0.001,,"{""sfp"": [24], ""pl"": [25], ""cfs"": [27]}",,ok
YOUW,2024,1923465.568,1424952.126,498513.442,696645.217,1371976.491,527640.07,-524589.345,3050.725,-49205.091,9622.693,599436.908,1108252.054,,,,thousands,0.001,,"{""sfp"": [22], ""pl"": [23, 25], ""cfs"": []}",,ok
YOUW,2025,1647350.224,1377000.385,270349.839,389173.556,1275834.322,639738.007,-894211.133,-254473.126,22379.0,7585.613,319075.139,1105120.138,,,,thousands,0.001,,"{""sfp"": [25], ""pl"": [26, 28], ""cfs"": []}",,ok
ZAHID,2014,5798398.408,2410403.943,3387994.465,1925251.336,1745106.573,5985118.939,5221886.109,763232.83,352743.633,4499.708,888846.536,3864008.401,,,423904.188,thousands,0.001,,"{""sfp"": [10], ""pl"": [11, 12], ""cfs"": [13, 14]}",,ok
ZAHID,2015,,,3633388.266,2050816.333,2200558.632,6676002.137,6110146.824,565855.313,243320.029,7109.869,876898.908,4147639.067,,,245415.351,thousands,0.001,,"{""sfp"": [16], ""pl"": [17, 18], ""cfs"": [19, 20]}",,ok
ZAHID,2017,9149257.035,4307607.928,4841649.107,3256897.016,3564380.864,7968111.718,7159537.994,808573.724,217158.356,56865.862,1813395.291,5525528.779,,,-262811.223,thousands,0.001,,"{""sfp"": [16, 21], ""pl"": [17, 18], ""cfs"": [19, 20]}",,ok
ZAHID,2018,,,,,,10329177.0,,1034190.0,,,,,,,,thousands,1.0,,"{""sfp"": [], ""pl"": [12, 11, 13], ""cfs"": [24]}",,ok
ZAHID,2019,11145500.621,5230836.291,5914664.33,4696859.55,4045774.152,13444689.298,11982985.77,1461703.528,781658.797,83459.305,2604242.302,6083842.156,,,,thousands,0.001,,"{""sfp"": [], ""pl"": [5], ""cfs"": [23]}",L2,ok
ZAHID,2020,12420779.167,5953663.403,6467115.764,5443586.578,4335040.672,13902386.903,12225561.762,1676825.141,697418.428,63840.188,2926873.525,6613186.162,,,1041774662,thousands,0.001,,"{""sfp"": [], ""pl"": [7], ""cfs"": [29]}",L2,ok
ZAHID,2021,,,7845557.662,,,16614.52,,2381.227,1557.107,384991.004,,,,,,thousands,0.001,,"{""sfp"": [113, 115], ""pl"": [7, 6, 8], ""cfs"": []}",L3,ok
ZAHID,2022,,,,,,27935802.0,,5631999.0,3977738.0,,,,,,,thousands,1.0,,"{""sfp"": [], ""pl"": [7, 6, 8], ""cfs"": []}",L3,ok
ZAHID,2023,,,,,,32317373.0,,2611169.0,1213375.0,,,,,,,thousands,1.0,,"{""sfp"": [], ""pl"": [8, 7, 9], ""cfs"": []}",,ok
ZAHID,2024,,,,,,37741817,,1832802.0,635072.0,,,,,,,thousands,1.0,,"{""sfp"": [], ""pl"": [7, 6, 8], ""cfs"": []}",,ok
ZAHID,2025,,,,,,40608062.0,,2673246.0,,,,,,,,thousands,1.0,,"{""sfp"": [], ""pl"": [], ""cfs"": []}",,ok
ZIL,2013,,,,559234.0,378298.0,1621071,-1157371,463700,32845,42328.0,,410118.0,,,-59748,thousands,1.0,,"{""sfp"": [67, 66, 68], ""pl"": [68, 67, 69], ""cfs"": [70, 69, 71]}",,ok
ZIL,2014,,,,406650.0,368544.0,1298182,-1016412,281770,-103469,18159.0,,393709.0,,,,thousands,1.0,,"{""sfp"": [38, 37, 39], ""pl"": [39, 38, 40], ""cfs"": [41, 40, 42]}",,ok
ZIL,2015,786697,532228,254469,354125,441150,1342843,-1095917,246926,-120562,27996,202551,367884,,,-59731,thousands,1.0,,"{""sfp"": [40, 39, 41], ""pl"": [41, 40, 42], ""cfs"": [43, 42, 44]}",,ok
ZIL,2016,836524,493987,342537,315923,402285,1463042,-1055056,407986,,38005,156163,483319,,,99678,thousands,1.0,,"{""sfp"": [64, 63, 65], ""pl"": [65, 64, 66], ""cfs"": [67, 66, 68]}",,ok
ZIL,2017,870654,518737,351917,370807,415724,1599376,-1148227,451149,16876,32547,173431,484275,,,59006,thousands,1.0,,"{""sfp"": [65, 64, 66], ""pl"": [66, 65, 67], ""cfs"": [68, 67, 69]}",,ok
ZIL,2018,1108537,541070,567467,388138,436995,1463042,-1055056,407986,27933,98736,186932,713945,,,80302,thousands,1.0,,"{""sfp"": [52, 70], ""pl"": [50, 71], ""cfs"": [73]}",,ok
ZIL,2019,1216369,605275,611094,449685,410241,2419329,-1706308,713021,65742,63640,179267,764360,,,283084,thousands,1.0,,"{""sfp"": [73], ""pl"": [74, 75], ""cfs"": [76]}",L2,ok
ZIL,2020,1267303,661015,606288,537558,438536,2443461,-1843796,599665,13261,103230,205426,716717,,-21221,84396,thousands,1.0,,"{""sfp"": [60, 59, 61], ""pl"": [61, 60, 62], ""cfs"": [63, 62, 64]}",,ok
ZIL,2021,2261064,1304289,956775,658086,848312,2737550,-2451352,286198,-291594,31709,315081,1595631,,,-105970,thousands,1.0,,"{""sfp"": [65, 64, 66], ""pl"": [66, 65, 67], ""cfs"": [68, 67, 69]}",,ok
ZIL,2022,2631725.0,,,1598365.0,1309199.0,4061842,-3314497,747345,23376,73356.0,528305.0,1031953.0,,,366200,thousands,1.0,,"{""sfp"": [63, 62, 64], ""pl"": [64, 63, 65], ""cfs"": [66, 65, 67]}",,ok
ZIL,2023,3146813.0,,,1958438.0,1499493.0,5674322,-4064983,1609339,247972,127293.0,676181.0,1170070.0,,,,thousands,1.0,,"{""sfp"": [64, 63, 65], ""pl"": [65, 64, 66], ""cfs"": [68, 67, 69]}",,ok
ZIL,2024,3215651.0,,,1718866.0,1315687.0,6364851,-4603743,1761108,42947,151877.0,629650.0,1466102.0,,150899,,thousands,1.0,,"{""sfp"": [65, 64, 66], ""pl"": [66, 65, 67], ""cfs"": [69, 68, 70]}",,ok
ZIL,2025,3314402,1919517,1394885,1297356,1387121,6845132,-4618695,2226437,50293,178000,709301,649196,,-15212,242415,thousands,1.0,,"{""sfp"": [64, 63, 65], ""pl"": [65, 64, 66], ""cfs"": [68, 67, 69]}",L5,review
ZTL,2014,3371951.738,2292583.67,1079368.068,1437003.978,1857644.535,4199161.232,-3793808.465,405352.767,63453.852,80729.056,732051.885,1927075.074,,,,thousands,0.001,,"{""sfp"": [19], ""pl"": [20, 21, 22], ""cfs"": []}",,ok
ZTL,2015,,,,,,3756907,3429043,327864,203067,,,,,,,thousands,1.0,,"{""sfp"": [], ""pl"": [14, 13, 15], ""cfs"": []}",,ok
ZTL,2016,3418944,2090698,1328246,1613006,1288630.0,3932857.0,3535642.0,397215.0,,,,1797516.0,,,,thousands,1.0,,"{""sfp"": [10, 9, 11], ""pl"": [10, 9, 11], ""cfs"": []}",,ok
ZTL,2017,3729997,2.3331682090698208e+27,,1.705478161360616e+27,1.5637191288630128e+27,,3.3193003535642354e+27,430093.0,,,,1.995530179751618e+27,,,,thousands,1.0,,"{""sfp"": [10, 9, 11], ""pl"": [10, 9, 11], ""cfs"": []}",L5,review
ZTL,2020,4479522.806,2866261.909,1613260.897,2490299.489,2261850.534,4326054.617,-3924323.333,401731.284,55072.196,71785.28,1103928.987,1903439.609,,-24745563,306596727,thousands,0.001,,"{""sfp"": [], ""pl"": [13], ""cfs"": [32]}",,ok
ZTL,2021,5201061,3290023,1911038,3109679,2802548,6128888,5321342,807546,302077,,,2035549,,,,thousands,1.0,,"{""sfp"": [15, 14, 16], ""pl"": [15, 14, 16], ""cfs"": []}",,ok
ZTL,2022,5176667085,3117035771,2059631314,2942625040,2784532938,7384164,6644750,739148,190458,64697152,1341658731,2165741974,,-28239959,550560638,thousands,1.0,,"{""sfp"": [28, 36, 54], ""pl"": [16, 29, 30], ""cfs"": [31]}",L3,ok
ZTL,2023,5874897.5,3344905.903,2529991.597,3240443.303,3029016.934,7925939.73,-6881450.217,1044489.513,237958.441,156348.98,1456787.939,2420908.614,,-29645.956,744113.399,thousands,0.001,,"{""sfp"": [31], ""pl"": [32, 33], ""cfs"": [34]}",L3,ok
ZTL,2024,5700113.259,3125204.558,2574908.701,2848990.921,2854859.848,8393875.256,7497207.983,896667.273,45653.646,57800.455,1539271.888,2851122.338,,,143062.444,thousands,0.001,,"{""sfp"": [29, 33, 34], ""pl"": [30, 31], ""cfs"": [32]}",,ok
ZTL,2025,6772988.738,4242771.43,2530217.308,3809455.125,3917587.438,8279470.879,-7464304.274,815166.605,1819.084,27409.493,1942040.058,2907484.611,,,-332897.862,thousands,0.001,,"{""sfp"": [31], ""pl"": [32, 33], ""cfs"": [35]}",,ok
