symbol,year,TA,TL,Eq,CA,CL,Sales,COGS,GP,PAT,Cash,Inv,dividends,dividends_paid,cfo,units,status,flags,pages
786,2013,182129605,4220206,177909399,40110218,4220206,,,,,19288515,,,,,thousands,ok,,"{""sfp"": [18, 17, 19], ""pl"": [], ""cfs"": []}"
786,2014,213841693,10512341,203329352,44520414,10512341,,,,,3325781,,,,,thousands,ok,,"{""sfp"": [19, 18, 20], ""pl"": [], ""cfs"": []}"
786,2015,254626475,17221934,237404540,52165648,17221934,,,,,1929499,,,,,thousands,ok,,"{""sfp"": [18, 17, 19], ""pl"": [], ""cfs"": []}"
786,2016,231653368,21126918,210526450,57676906,21126918,,,,,1740633,,,,,thousands,ok,,"{""sfp"": [28, 27, 29], ""pl"": [], ""cfs"": []}"
786,2017,287198782,16312331,270886451,36026235,16312331,,,,,12335666,,,,,thousands,ok,,"{""sfp"": [26, 25, 27], ""pl"": [], ""cfs"": []}"
786,2018,264066217,18619043,245447174,26895503,18619043,,,,,3313649,,998742,,,thousands,review,L5,"{""sfp"": [29, 28, 30], ""pl"": [], ""cfs"": []}"
786,2019,219068220,18683623,200384597,29739475,18683623,,,,,4539920,,,,,thousands,ok,,"{""sfp"": [31, 30, 32], ""pl"": [], ""cfs"": []}"
786,2021,248876361.0,,,52732155.0,18746277.0,,,,,,,,,,thousands,ok,,"{""sfp"": [35, 34, 36], ""pl"": [], ""cfs"": []}"
786,2022,251871003,20948631,230922372,250125729,20948631,,,,,5065871,,998742,,,thousands,ok,,"{""sfp"": [28, 27, 29], ""pl"": [], ""cfs"": []}"
786,2023,260548502.0,,,259137192.0,19531060.0,,,,,1488537.0,,,,,thousands,ok,,"{""sfp"": [31, 30, 32], ""pl"": [], ""cfs"": []}"
786,2024,260515343,24173777,236341566,257401183,24173777,,,,5658848.0,489215,,,,,thousands,review,L5,"{""sfp"": [34, 33, 35], ""pl"": [], ""cfs"": []}"
786,2025,299263512,27503917,271759595,284719357,27503917.0,,,,35418029.0,,,,,,thousands,ok,,"{""sfp"": [32, 31, 33], ""pl"": [], ""cfs"": []}"
AABS,2013,4210282.0,2155256.0,,1975386.0,2155256.0,5823931,-5021685,802246,287545,178979.0,990359.0,,-68745,831528,thousands,review,L4,"{""sfp"": [21, 20, 22], ""pl"": [22, 21, 23], ""cfs"": [24, 23, 25]}"
AABS,2015,,,,,,,,,494935,,,,,,thousands,ok,,"{""sfp"": [21], ""pl"": [23], ""cfs"": []}"
AABS,2018,5606577,2012603,3593974,3426588,1902859,7494077,-5420785,2073292,1293780,112007,1905094,,,,thousands,review,L5,"{""sfp"": [31], ""pl"": [32], ""cfs"": []}"
AABS,2019,6412617.0,,,4594512.0,3093325.0,7164862,-5399707,1765155,1111978,124131.0,1346695.0,,-1201378,1282544,thousands,ok,,"{""sfp"": [31, 30, 32], ""pl"": [32, 31, 33], ""cfs"": [35, 34, 36]}"
AABS,2020,6489242,3094592,3394650,4608593,2916423,8153544,-6048271,2105273,1244347,535692,1069294,,-1205863,2610396,thousands,ok,,"{""sfp"": [33, 32, 34], ""pl"": [34, 33, 35], ""cfs"": [37, 36, 38]}"
AABS,2021,7188527,3817999,3370528,5456308,3759819,7378402,-6196389,1182013,751929,60773,2323584,,-689280,-1428161,thousands,ok,,"{""sfp"": [35, 34, 36], ""pl"": [36, 35, 37], ""cfs"": [39, 38, 40]}"
AABS,2022,9371012,4765359,4605653,7741486,4745320.0,10362184,-8023252,2338932,1913689,63552.0,3101107.0,,-603554,307288,thousands,ok,,"{""sfp"": [38, 37, 39], ""pl"": [39, 38, 40], ""cfs"": [42, 41, 43]}"
AABS,2023,12445606,5522782,6922824,10855945,5387001,14569235,-9594352,4974883,3684617,67929,3836955,,-1374689,2485724,thousands,ok,,"{""sfp"": [40, 39, 41], ""pl"": [41, 40, 42], ""cfs"": [44, 43, 45]}"
AABS,2024,12145945,4144713,8001232,10510985,4080515,16507771,-12896144,3611627,1550682,74877,5019124,,-537077,-845766,thousands,review,L5,"{""sfp"": [43, 42, 44], ""pl"": [44, 43, 45], ""cfs"": [47, 46, 48]}"
AABS,2025,13903797,5509295,8394502,11931888,5319796,15611723,-12868671,2743052,1270362,1347627,2375453,,-1069728,8186804,thousands,ok,,"{""sfp"": [41, 40, 42], ""pl"": [42, 41, 43], ""cfs"": [45, 44, 46]}"
ABL,2014,,,,,,,,,,,,,,60752,thousands,ok,,"{""sfp"": [65, 154, 161], ""pl"": [66, 155, 164], ""cfs"": [68, 156]}"
ABL,2015,,902409.0,89256.0,,,,,,15120.0,,,,,,thousands,ok,,"{""sfp"": [69], ""pl"": [70, 71], ""cfs"": [72]}"
ABL,2018,27304506,24959509,2344997,,,1257179,,,655849,2111510,,,,,thousands,ok,,"{""sfp"": [110, 185, 200], ""pl"": [111, 186, 201], ""cfs"": [113, 112, 114, 203]}"
ABL,2019,1350598909,1243294076,107304833,,,,,,,101763469,,,,,thousands,ok,,"{""sfp"": [116, 172, 210, 211], ""pl"": [117, 211, 210], ""cfs"": [119, 118, 120, 213]}"
ABL,2020,1590458015,1458897908,131560107,,,,,,,135628398,,,,,thousands,ok,,"{""sfp"": [136, 190, 191, 192, 193], ""pl"": [137], ""cfs"": [139]}"
ABL,2022,2250972858,2123161450,127811408,,,,,,,91352894,,,,,thousands,ok,,"{""sfp"": [182, 209, 235, 238, 239, 240, 266, 280], ""pl"": [183, 209, 281, 235, 238, 239, 240, 284], ""cfs"": [186]}"
ABL,2024,,,,,,11834684,,,8787405,,,,,,thousands,ok,,"{""sfp"": [107, 140, 161], ""pl"": [107, 141, 153], ""cfs"": [109]}"
ABOT,2014,13765595.0,2893995.0,10871600.0,10319128.0,2670042.0,19692354.0,,7550142.0,2816312.0,6381381,2823007.0,-682607,-682607,3331081,thousands,review,L2.5;L2.5;L2.5,"{""sfp"": [97, 99], ""pl"": [108], ""cfs"": [80, 122]}"
ABOT,2015,16488275,3539028,12949247,12380092,3319884,21170446,12943213,8227233,3586736,8320913,2908690,,-1444148,4062034,thousands,ok,,"{""sfp"": [99, 98, 100], ""pl"": [101, 100, 102], ""cfs"": [103, 102, 104]}"
ABOT,2016,17645184,3051944.0,14593240.0,13122151,2848467.0,23387915,14020416,9367499,4021792,7944429,3575927,,-2931033,3119545,thousands,ok,,"{""sfp"": [103, 102, 104], ""pl"": [105, 104, 106], ""cfs"": [107, 106, 108]}"
ABOT,2017,19236259,4880424.0,14355835.0,13743937,4654527.0,26088233,15999247,10088986,4205232,8571721,3475745,,-3904925,5764509,thousands,ok,,"{""sfp"": [107, 106, 108], ""pl"": [109, 108, 110], ""cfs"": [111, 110, 112]}"
ABOT,2018,20281257,7046246.0,13235011.0,12998131,6617122.0,29719279,19944014,9775265,2694333,5678136,4428893,,-3882930,2937218,thousands,ok,,"{""sfp"": [119, 118, 120], ""pl"": [121, 120, 122], ""cfs"": [123, 122, 124]}"
ABOT,2019,20752680,7380287,13372393,12337862,6842951,30155875,21628135,8527740,1299885,2757519,6049215,,-996386,-160128,thousands,review,L2.5;L2.5,"{""sfp"": [135, 134, 136], ""pl"": [137, 136, 138], ""cfs"": [139, 138, 140]}"
ABOT,2020,24915744,9325492.0,15590252.0,15701737,6833822.0,35283377,23061526,12221851,4535249,7488881,4981489,,2201291,8147958,thousands,ok,,"{""sfp"": [137, 136, 138, 139], ""pl"": [139, 138, 140], ""cfs"": [141, 140, 142, 112]}"
ABOT,2021,28567747,11213109,17354638,18432447,9343382,42569856,26494583,16075273,5967057,819347,6721491,,-4397642,7823060,thousands,ok,,"{""sfp"": [141, 140, 142, 143], ""pl"": [143, 142, 144], ""cfs"": [145, 144, 146, 114]}"
ABOT,2022,33919795,16813766.0,17106029.0,21828890,14607276.0,49257722,34731760,14525962,3004186,7966029,8515228,,-1016082,3796911,thousands,ok,,"{""sfp"": [179, 178, 180], ""pl"": [181, 180, 182], ""cfs"": [183, 182, 184, 162]}"
ABOT,2023,36693445,18456099,18237346,23199218,16835213,55475270,43626803,11848467,261777,4541712,12826865,,-1374413,-62304,thousands,ok,,"{""sfp"": [129, 128, 130], ""pl"": [131, 130, 132], ""cfs"": [133, 132, 134, 115]}"
ABOT,2024,37651158,,23724636.0,23261662,11660211.0,68177197,-48439489,19737708,5234233,6182349,10694515,,-1030464,4674063,thousands,ok,,"{""sfp"": [103, 102, 104], ""pl"": [105, 104, 106], ""cfs"": [107, 106, 108, 91]}"
ABOT,2025,46816196,15190739,31625457,30993316,13376154,75397732,-48945569,26452163,7966500,13337551,12447838,,-971563,10740307,thousands,ok,,"{""sfp"": [105, 104, 106], ""pl"": [107, 106, 108], ""cfs"": [109, 108, 110]}"
ACPL,2013,10705596,2758945,7946651,4630800,1674350,11507706,-7972732,3534974,2136085,389014,564899,,,,thousands,ok,,"{""sfp"": [51, 50, 52], ""pl"": [52, 51, 53], ""cfs"": [53, 52, 54]}"
ACPL,2014,11926002,3479949,8446053,5719758,2223867,12547251,-8843288,3703963,2014065,467835,523402,,,,thousands,ok,,"{""sfp"": [51, 50, 52], ""pl"": [52, 51, 53], ""cfs"": [53, 52, 54]}"
ACPL,2015,12234538,3299404,8935134,6131635,2225734,13086120,-8689940,4396180,2205651,858698,763715,,,,thousands,ok,,"{""sfp"": [59, 58, 60], ""pl"": [60, 59, 61], ""cfs"": [61, 60, 62]}"
ACPL,2016,14426400,3979557,10446843,7196874,2740679,13918340,-8331840,5586500,2890023,581318,599753,,,,thousands,review,L5,"{""sfp"": [67, 66, 68], ""pl"": [68, 67, 69], ""cfs"": []}"
ACPL,2019,27316604,11217145,16099459,7646946,8403569,20780934,-15978032,4802902,2073201,302586,3395522,,-914996,1403483,thousands,ok,,"{""sfp"": [67, 66, 68], ""pl"": [68, 67, 69], ""cfs"": [70, 69, 71]}"
ACPL,2020,27422444.0,10869788.0,,8169634.0,9146307.0,1850574,-14251503,4249071,1107491,785559.0,3465940.0,,,,thousands,review,L1,"{""sfp"": [73, 72, 74, 115], ""pl"": [74, 73, 75], ""cfs"": []}"
ACPL,2021,32656963,15456421,17200542,11148292,11158990,21244562,-16601998,4642564,1107352,591414,3642496,,-480737,3140108,thousands,ok,,"{""sfp"": [77, 76, 78, 121], ""pl"": [78, 77, 79, 122], ""cfs"": [80, 79, 81, 124]}"
ACPL,2022,39244281,21752743,17491538,10479354,11379910,20479142,-16776783,3702359,1121591,924798,5404313,,-823814,1035661,thousands,review,L5,"{""sfp"": [77, 76, 78, 125], ""pl"": [78, 77, 79, 126], ""cfs"": [80, 79, 81, 128]}"
ACPL,2023,43667268,24698754,18968514,10565670,14226488,25477355,-19803310,5674045,1516062,1015016,3815145,,-206287,4881075,thousands,review,L5,"{""sfp"": [85, 84, 86], ""pl"": [86, 85, 87], ""cfs"": [88, 87, 89]}"
ACPL,2024,53174029,31657386,21516643,12108218,20216579,28536528,-23242515.0,5294013.0,3566522.0,954821,6552573,,-1167403,-1854594,thousands,review,L5;L5,"{""sfp"": [79, 78, 80], ""pl"": [80, 79, 81], ""cfs"": [82, 81, 83]}"
ACPL,2025,50421714.0,27920835.0,,16093796.0,17221714.0,33309080,-25336268,7972812,1731091,1388582.0,7652895.0,,-549322,-394093,thousands,ok,,"{""sfp"": [77, 76, 78], ""pl"": [78, 77, 79], ""cfs"": [80, 79, 81]}"
ADAMS,2017,,,,1580858059.0,226172253.0,,-1787402927.0,62576260.0,,75856270.0,,,,,thousands,ok,,"{""sfp"": [8, 7, 9], ""pl"": [], ""cfs"": []}"
ADAMS,2019,,,,1379853536.0,2105312259.0,,-2295798406.0,,-214691988.0,70088017.0,,,,,thousands,ok,,"{""sfp"": [23, 22, 24], ""pl"": [], ""cfs"": []}"
ADAMS,2020,5856721734.0,,,957324688.0,1229502769.0,,-2846000169.0,707990838.0,,100036414.0,,,,,thousands,ok,,"{""sfp"": [26, 25, 27], ""pl"": [], ""cfs"": []}"
ADAMS,2021,6077552990,,,1232562662.0,1299494209.0,,-2470296287.0,410301913.0,195674295.0,191784566.0,,,,,thousands,ok,,"{""sfp"": [26, 25, 27], ""pl"": [], ""cfs"": []}"
ADMM,2017,9470497,3711592,5758905,4000305,2898085,,-6166863.0,739663.0,,63232,1361115,,,,thousands,ok,,"{""sfp"": [32, 31, 33], ""pl"": [], ""cfs"": []}"
ADMM,2018,10099541,3999396,610014,4781427.0,3162182.0,,-7448166.0,791820.0,,86896.0,1717868.0,,,,thousands,review,L1,"{""sfp"": [38, 37, 39], ""pl"": [], ""cfs"": []}"
ADMM,2019,,,,7040204.0,4743021.0,,-6879080.0,888100.0,,1196961.0,2445741.0,,,,thousands,ok,,"{""sfp"": [38, 37, 39], ""pl"": [], ""cfs"": []}"
ADMM,2020,14679528,8067818,6611620,8582068,6099011,,-7314029.0,626542.0,,884428,321958,,,,thousands,review,L5,"{""sfp"": [44, 43, 45], ""pl"": [], ""cfs"": []}"
ADMM,2021,,,,9769005.0,7957706.0,,-8701443.0,1111733.0,,370701.0,5100011.0,,,,thousands,ok,,"{""sfp"": [50, 49, 51], ""pl"": [], ""cfs"": []}"
ADMM,2022,20080000,12840251,7239749,10403440,8903481,,-15081277.0,1271630.0,,629129.0,5106292.0,,,,thousands,ok,,"{""sfp"": [46, 45, 47], ""pl"": [], ""cfs"": []}"
ADMM,2023,22893798,14800487,8093311,11089621,9577369,,-14153038.0,2919697.0,,1173574,5469336,,,,thousands,ok,,"{""sfp"": [48, 47, 49], ""pl"": [], ""cfs"": []}"
ADMM,2024,22833808,14734562,8099246,10962287,11619897,,-18370061.0,2440325.0,,692466,5245029,,,,thousands,review,L5,"{""sfp"": [51, 50, 52], ""pl"": [], ""cfs"": []}"
ADMM,2025,,,,13327769.0,14309401.0,,-17288437.0,1118644.0,,595922.0,7312730.0,,,,thousands,ok,,"{""sfp"": [51, 50, 52], ""pl"": [], ""cfs"": []}"
ADOS,2015,659039228,391519957,267519271,611023349,384967433,,,105078851.0,4068202.0,92640971,66335924,,,,thousands,ok,,"{""sfp"": [16, 15, 17], ""pl"": [], ""cfs"": []}"
AEL,2018,193694477,54382278,139312469,37166771,50544583,227473076.0,,,,50544583.0,,,,,thousands,review,L5,"{""sfp"": [21, 20, 22], ""pl"": [], ""cfs"": []}"
AEL,2019,190315082,66058518,124256564,35772116,60617753,6252057.0,,-11184656.0,-15683529.0,327911,11203567,,,,thousands,ok,,"{""sfp"": [22, 21, 23], ""pl"": [], ""cfs"": []}"
AEL,2020,,77477043.0,97250790.0,,,,,-16321535.0,-25859211.0,520653.0,,,,,thousands,ok,,"{""sfp"": [30, 29, 31], ""pl"": [], ""cfs"": []}"
AEL,2021,161735915,85279807,76456108,14948359,77442929,,,-20962225.0,-40356942.0,938388.0,,,,,thousands,ok,,"{""sfp"": [31, 30, 32], ""pl"": [], ""cfs"": []}"
AEL,2023,,,,,,,-28540103.0,,,,,,,,thousands,ok,,"{""sfp"": [], ""pl"": [], ""cfs"": []}"
AGHA,2021,35410715,21599931,13810784,17781649,13888862,,-15355724,4502519,2035997,833205,9505307,,,761440,thousands,ok,,"{""sfp"": [119, 118, 120], ""pl"": [120, 119, 121], ""cfs"": [122, 121, 123]}"
AGHA,2022,41477286,25811732,15665554,21802217,19241193,,-20157658,5490289,1854770,215063,12299705,,,-1803774,thousands,ok,,"{""sfp"": [113, 112, 114], ""pl"": [114, 113, 115], ""cfs"": [116, 115, 117]}"
AGHA,2023,,,,,,,21769233.0,,904896.0,,,,,,thousands,ok,,"{""sfp"": [58], ""pl"": [58, 57, 59], ""cfs"": [59, 58, 60]}"
AGHA,2024,59987317.0,,,27646922.0,54032522.0,,,,,239134.0,3545206.0,,,,thousands,ok,,"{""sfp"": [58, 57, 59], ""pl"": [58, 57, 59], ""cfs"": [59, 58, 60]}"
AGHA,2025,55707652,34780830,20926822,10400466,30669464,10674618,-12652104,,,,,,,,thousands,ok,,"{""sfp"": [53], ""pl"": [53], ""cfs"": [54, 53, 55]}"
AGIC,2016,3726578.0,2316946,1385172,,,,,,236805.0,,,,,,thousands,ok,,"{""sfp"": [57, 56, 58, 125], ""pl"": [59, 58, 60, 127], ""cfs"": [60, 59, 61, 128, 129]}"
AGIC,2018,4854565,,,,,,,,295767.0,147175,,,,,thousands,ok,,"{""sfp"": [35, 109], ""pl"": [37, 36, 38], ""cfs"": [38, 37, 39, 110, 111]}"
AGIC,2020,5868254,3590434,2181933,,,,,,395158.0,231797,,,,,thousands,review,L1,"{""sfp"": [94, 93, 95, 168], ""pl"": [95, 94, 96, 169, 243], ""cfs"": [96, 95, 97, 170, 171, 244, 245]}"
AGIC,2021,6287100,3867851.0,2316327.0,,,,,,366879.0,196392,,,,,thousands,review,L1,"{""sfp"": [80, 79, 81, 158, 239], ""pl"": [81, 80, 82], ""cfs"": [82, 81, 83, 160, 161, 241, 265]}"
AGIC,2022,7004209,4423181,2462109,,,,,,346590.0,291610,,,,,thousands,review,L1,"{""sfp"": [78, 77, 79, 165, 244], ""pl"": [79, 78, 80, 256], ""cfs"": [80, 79, 81, 268, 271]}"
AGIC,2023,8283190,5381369.0,2748615.0,,,,,,432518.0,314999,,,,,thousands,review,L1,"{""sfp"": [78, 77, 79, 155], ""pl"": [79, 78, 80, 154, 234], ""cfs"": [80, 79, 81, 147, 157, 233, 235]}"
AGIC,2024,8429010,5012193,3172190,,,3403927,,,655900.0,430664,,,,,thousands,review,L1,"{""sfp"": [76, 75, 77, 153, 154, 231, 233], ""pl"": [77, 76, 78, 155, 223], ""cfs"": [78, 77, 79, 156, 157, 234, 235]}"
AGIC,2025,11697481,7402175,4295306,,,,,,694672.0,824247,,,,,thousands,ok,,"{""sfp"": [80, 79, 81, 157, 158, 237, 239], ""pl"": [81, 80, 82, 159, 222], ""cfs"": [82, 81, 83, 160, 161, 240, 241]}"
AGIL,2017,4697482,625319,4072163,3078484,533006,,-5697055.0,1418241.0,745629,349541,1087399,,-249150,644675,thousands,ok,,"{""sfp"": [2, 1, 3], ""pl"": [3, 2, 4], ""cfs"": [5, 4, 6]}"
AGIL,2018,4350025.0,,,2524299.0,462267.0,6112980,-4997062,1115918,520407,230264.0,964242.0,,,,thousands,ok,,"{""sfp"": [49, 48, 50, 81], ""pl"": [50, 49, 51], ""cfs"": []}"
AGIL,2019,4668978.0,,,2725083.0,520314.0,7122487,-6043822,1078665,603012,135948.0,1085156.0,,,,thousands,ok,,"{""sfp"": [49, 48, 50, 85], ""pl"": [50, 49, 51], ""cfs"": []}"
AGIL,2021,5408945.0,,,3371767.0,1005642.0,6969981,-6033433,936548,651398,165517.0,1056905.0,,-170530,177549,thousands,ok,,"{""sfp"": [59, 58, 60, 98], ""pl"": [60, 59, 61, 101], ""cfs"": [63, 62, 64, 97]}"
AGIL,2022,6695539,2174332,4521207,,2109740.0,,,,304009,,,172800,-171999,-333263,thousands,ok,,"{""sfp"": [29, 28, 30, 49], ""pl"": [29, 28, 30, 49], ""cfs"": [31, 30, 32]}"
AGIL,2023,,,,,2248959.0,,,,,,,,,2018201,thousands,ok,,"{""sfp"": [34, 33, 35], ""pl"": [34, 33, 35], ""cfs"": [58, 57, 59]}"
AGIL,2024,6380988,2179782,4201206,3251418,1868259,5927227,-5719402,207825,-275718,131038,1518452,,,50176,thousands,ok,,"{""sfp"": [53, 52, 54], ""pl"": [54, 53, 55], ""cfs"": [57, 56, 58]}"
AGIL,2025,7096134,2795953,4300181,4031164,2558624,7762170,7404776,357394,98975,39785,2158766,,,,thousands,review,L5;L5,"{""sfp"": [40, 39, 41], ""pl"": [40, 39, 41], ""cfs"": [42, 41, 43]}"
AGL,2017,4708868193,,,4678308268,40533935590.0,3551518706.0,-4781882062.0,,-4308414920.0,197675177,386158732,,,,thousands,ok,,"{""sfp"": [35, 34, 36], ""pl"": [], ""cfs"": []}"
AGL,2018,46209441515,,,4989660677,45988959989.0,4533316414.0,-4841635211.0,-308318797.0,-3343673076.0,326555713,293320595,,,,thousands,ok,,"{""sfp"": [41, 40, 42], ""pl"": [], ""cfs"": []}"
AGL,2019,69135918719,58399826340,10736092379,6465950584,45387759351,12174418992.0,-10643275951.0,,-652776856.0,562498956,787565071,,,,thousands,ok,,"{""sfp"": [38, 37, 39], ""pl"": [], ""cfs"": []}"
AGL,2020,,,,6002523111.0,48510161439.0,5699723002.0,-6872441922.0,,-4296900455.0,795338651.0,456581089.0,,,,thousands,ok,,"{""sfp"": [38, 37, 39], ""pl"": [], ""cfs"": []}"
AGL,2021,67216573663,63460781229,3755792434,7611147354,52273464344,10100923848.0,-9691405911.0,,-2681237690.0,1083835283,362453998,,,,thousands,ok,,"{""sfp"": [40, 39, 41], ""pl"": [], ""cfs"": []}"
AGL,2022,81470498981,69486319114,11984179867,8905564417,56465902034,17296183225.0,-15174621258.0,,-2953326220.0,529052926.0,1063281066.0,,,,thousands,review,L5,"{""sfp"": [42, 41, 43], ""pl"": [], ""cfs"": []}"
AGL,2023,84727537599,71654968,,14636372047.0,57289535599.0,22172162439.0,-17773662239.0,,,520430413.0,1185544326.0,,,,thousands,ok,,"{""sfp"": [154, 153, 155], ""pl"": [], ""cfs"": []}"
AGP,2018,8963390110,2595764726,,1868176072.0,1344612978.0,,-2341405914.0,,,24423219.0,797016723.0,,,,thousands,ok,,"{""sfp"": [51, 50, 52], ""pl"": [], ""cfs"": []}"
AGP,2019,9601620,2138721,7462899,2216487,1350736,6253239,-2594117,,1446388,117154.0,,,-380087,1507220,thousands,review,L5;L5,"{""sfp"": [75, 74, 76], ""pl"": [75, 74, 76], ""cfs"": [69]}"
AGP,2020,,,,2575451.0,1508118.0,,,3860632.0,,369780.0,,,,,thousands,ok,,"{""sfp"": [75, 74, 76], ""pl"": [75, 74, 76], ""cfs"": [68]}"
AGSML,2018,,,,321762360.0,3013829174.0,118723068.0,363033350.0,-244310282.0,,4769532.0,,,,,thousands,ok,,"{""sfp"": [21, 20, 22], ""pl"": [], ""cfs"": []}"
AGSML,2019,4064750277,3487899090,576851887,329753761,3162514389,153110000.0,,,,5073665,202181486,,,,thousands,review,L5;L5,"{""sfp"": [23, 22, 24], ""pl"": [], ""cfs"": []}"
AGTL,2013,7666154.0,1303433.0,,,1537894.0,14936034.0,,2948515.0,1371490.0,,1082871.0,,,,thousands,ok,,"{""sfp"": [36, 35, 37], ""pl"": [36, 35, 37], ""cfs"": []}"
AGTL,2015,6404667,616087,5788580,5789546,549079,9636109,-7136631,2499478,1592283,2330238,2115034,,-4321698,619833,thousands,ok,,"{""sfp"": [109, 108, 110], ""pl"": [110, 109, 111], ""cfs"": [112, 111, 113]}"
AGTL,2016,4644316.0,1284847.0,,4084429.0,1202327.0,12098828.0,-8750087.0,3348741.0,1926884.0,1316770.0,1408886.0,,,,thousands,ok,,"{""sfp"": [94, 93, 95], ""pl"": [114, 116], ""cfs"": [117]}"
AGTL,2017,5881331.0,3755515.0,,5165311.0,3715742.0,18871448,-13611710,5259738,3123120,1340511.0,2283945.0,,-3803822,3827376,thousands,ok,,"{""sfp"": [96, 95, 97], ""pl"": [97, 96, 98], ""cfs"": [99, 98, 100, 66]}"
AGTL,2018,6785457.0,5416060.0,,5951977.0,5299961.0,19372522,-14707038,4665484,2452514,293910.0,3507588.0,,-3713121,-1155682,thousands,ok,,"{""sfp"": [134, 133, 135], ""pl"": [135, 134, 136], ""cfs"": [137, 136, 138, 107]}"
AGTL,2019,5475383.0,4571666.0,,4315175.0,4442078.0,13992388,-11447672,2544716,977652,189093.0,2786893.0,,-1393589,1936798,thousands,ok,,"{""sfp"": [137, 136, 138], ""pl"": [138, 137, 139], ""cfs"": [140, 139, 141, 109]}"
AGTL,2020,5183444.0,2895322.0,,3973022.0,2849239.0,11935172,-9164670,2770502,1349657,230518.0,2004517.0,,,2123646,thousands,ok,,"{""sfp"": [139, 138, 140], ""pl"": [140, 139, 141], ""cfs"": [142, 141, 143, 117]}"
AGTL,2021,9490115,5516848,3973267,8275942,7056570.0,20578906,-15857678,4721228,2957862,1998122.0,2875085.0,,-1240189,4630496,thousands,ok,,"{""sfp"": [137, 136, 138], ""pl"": [138, 137, 139], ""cfs"": [140, 139, 141, 115]}"
AGTL,2023,14229633,8449408,5780225,12442536,8299836,34543545,-28120477,6423068,2611772,,6084499.0,,,,thousands,review,L5;L5,"{""sfp"": [87, 86, 88], ""pl"": [87, 86, 88], ""cfs"": [88, 87, 89]}"
AGTL,2024,20391742.0,11194829.0,,16543272.0,11002538.0,,,,3542275,,5764333.0,,,-530813,thousands,ok,,"{""sfp"": [99, 98, 100], ""pl"": [99, 98, 100], ""cfs"": [100, 99, 101, 85]}"
AGTL,2025,18894282.0,8359544.0,,30076521.0,,,,5164884.0,1300813,1448824.0,5903075.0,,,3783043,thousands,ok,,"{""sfp"": [107], ""pl"": [105, 104, 106], ""cfs"": [95, 112]}"
AHCL,2014,33510678279,7760098839,25750579440,3381286696,3117824924,,,,,23103533,,,,,thousands,ok,,"{""sfp"": [93, 92, 94, 145], ""pl"": [], ""cfs"": []}"
AHCL,2015,39596881212,10151949517,29444931695,5758238296,5773125402,,,,4438753272.0,2025281649,,,,,thousands,ok,,"{""sfp"": [89, 88, 90, 143], ""pl"": [], ""cfs"": []}"
AHCL,2016,36764442758,,,6261883152,4929691908.0,,,,,25033510,,,,,thousands,ok,,"{""sfp"": [101, 100, 102, 155], ""pl"": [], ""cfs"": []}"
AHCL,2017,37735009679,,30469478512,7574486162,4374718616,,,,,38879660,,,,,thousands,ok,,"{""sfp"": [105, 104, 106, 153], ""pl"": [], ""cfs"": []}"
AHCL,2018,39258276693,,,11470614010,6676443246.0,,,,820988305.0,44484031,,,,,thousands,review,L5,"{""sfp"": [112, 111, 113, 164], ""pl"": [], ""cfs"": []}"
AHCL,2019,26708568580,,,10114253749,6960796880.0,,,,,426594984,,,,,thousands,ok,,"{""sfp"": [83, 82, 84, 135], ""pl"": [], ""cfs"": []}"
AHCL,2020,18978026120,,,3453259410,759124828.0,,,,-569875093.0,35243437,,,,,thousands,ok,,"{""sfp"": [93, 92, 94, 149], ""pl"": [], ""cfs"": []}"
AHCL,2021,22764012281,,,6243043088,1168342101.0,,,,,296132153,,,,,thousands,ok,,"{""sfp"": [89, 88, 90, 139], ""pl"": [], ""cfs"": []}"
AHCL,2022,26063819841,2230100645.0,23833719196.0,6729566102,2097371749.0,,,,,41034791,,,,,thousands,ok,,"{""sfp"": [92, 91, 93, 142], ""pl"": [], ""cfs"": []}"
AHCL,2023,23814057751,3344883756,20469173995,5821919762,2813727728,,,,,40348417,,,,,thousands,ok,,"{""sfp"": [86, 85, 87, 140], ""pl"": [], ""cfs"": []}"
AHCL,2024,38304031598,4234592812,34069438786,11666784573,2899113584,,,,,45975441,,,,,thousands,ok,,"{""sfp"": [92, 91, 93], ""pl"": [], ""cfs"": []}"
AHCL,2025,66291797015,11398891099,54892905916,4861811100,2648028020,,,,,102976469,,,,,thousands,review,L5,"{""sfp"": [96, 95, 97, 160], ""pl"": [], ""cfs"": []}"
AHL,2013,3616899486,2273483688,1343415798,2997102919,1973315182,,,,382469463.0,,,,,,thousands,review,L2.5;L2.5;L2.5;L5,"{""sfp"": [39, 38, 40], ""pl"": [], ""cfs"": []}"
AHL,2015,4034683369.0,,,4179524108.0,1351994943.0,,,,928534952.0,,,,,,thousands,review,L2.5,"{""sfp"": [47, 46, 48], ""pl"": [], ""cfs"": []}"
AHL,2016,5563341902,2857817599,2705524303,4723318459,2855939358,,,,409496751.0,306240100,,,,,thousands,review,L2.5,"{""sfp"": [39, 38, 40], ""pl"": [], ""cfs"": []}"
AHL,2017,5692984008.0,,,5081402719.0,2491453777.0,,,,880535448.0,832793413.0,,,,,thousands,ok,,"{""sfp"": [47, 46, 48], ""pl"": [], ""cfs"": []}"
AHL,2018,5473367385,2286051538,3187315847,3877950857,2286051538,,,,536256096.0,686765082,,,,,thousands,review,L2.5;L2.5,"{""sfp"": [64, 63, 65], ""pl"": [], ""cfs"": []}"
AHL,2019,5642456863.0,,,3711785971.0,2726235642.0,,,,,627456271.0,,,,,thousands,review,L2.5,"{""sfp"": [70, 69, 71, 120], ""pl"": [], ""cfs"": []}"
AHL,2020,6932609041.0,,3301963800.0,10122048232.0,3272216060.0,,,,,814097234.0,,,,,thousands,ok,,"{""sfp"": [59, 58, 60], ""pl"": [59], ""cfs"": []}"
AHL,2022,8985828345,3784208161,5201620184,7119224910,3753820153,,,,826551794.0,1068332992,,,,,thousands,review,L2.5,"{""sfp"": [49, 48, 50, 109], ""pl"": [], ""cfs"": []}"
AHL,2023,7785230947,2790978661,4994252286,5635929581,2720910775,,,,184672102.0,987078274,,,,,thousands,review,L2.5;L2.5;L2.5;L2.5;L5,"{""sfp"": [63, 62, 64, 125], ""pl"": [], ""cfs"": []}"
AHL,2024,5679897459,4406715719,1273181740,5395129382,4446701905.0,,,,-4607000.0,3192161622.0,,,,,thousands,review,L5,"{""sfp"": [67, 66, 68, 125], ""pl"": [], ""cfs"": []}"
AHL,2025,7177154031,5251410303,1925743728,6856268770,5225857850,,,,979261988.0,3728716369,,,,,thousands,review,L5,"{""sfp"": [107, 106, 108, 167], ""pl"": [], ""cfs"": []}"
AHTM,2017,4116630259,2203756915,19128,1394197091.0,1505189037.0,4055872650.0,-3809769917.0,246102733.0,,5029403.0,894459689.0,,,,thousands,review,L1,"{""sfp"": [20, 19, 21], ""pl"": [], ""cfs"": []}"
AHTM,2018,4314902179,2391910552.0,,1496593809.0,1714740515.0,5179001252.0,-4866580380.0,312420872.0,,19477569.0,869769472.0,,,,thousands,ok,,"{""sfp"": [28, 27, 29], ""pl"": [], ""cfs"": []}"
AHTM,2019,4759426913.0,2813490029.0,,1843524862.0,2099913203.0,7273993808.0,-6814257276.0,459736532.0,,16765243.0,1108560342.0,,,,thousands,ok,,"{""sfp"": [28, 27, 29], ""pl"": [], ""cfs"": []}"
AHTM,2020,4584443456.0,2654780662.0,,1955162439.0,1953741732.0,7351414537.0,-6812417885.0,538996652.0,,12342710.0,1098590926.0,,,,thousands,ok,,"{""sfp"": [30, 29, 31], ""pl"": [], ""cfs"": []}"
AHTM,2021,2777076038.0,1392888882.0,,1387314312.0,1019338141.0,3816376706.0,-3509587221.0,306789485.0,,4442391.0,838600546.0,,,,thousands,ok,,"{""sfp"": [29, 28, 30, 36], ""pl"": [], ""cfs"": []}"
AHTM,2022,3555288699.0,,,1851898816.0,1457429162.0,,-5207001049.0,338459408.0,201322025.0,1850882.0,,,,,thousands,ok,,"{""sfp"": [28, 27, 29], ""pl"": [], ""cfs"": []}"
AHTM,2023,3343078799,1480788363,1799790436,1694766020,1199104119,,-3957514542.0,369580157.0,92918094.0,17174375,1115879467,,,,thousands,review,L1,"{""sfp"": [25, 24, 26], ""pl"": [], ""cfs"": []}"
AHTM,2024,3903419375,2006821761,1834097614,2184675727,1707384533,,-4771685138.0,,,8570843,1257467390,,,,thousands,review,L1,"{""sfp"": [25, 24, 26], ""pl"": [], ""cfs"": []}"
AHTM,2025,4455886473,2063178551,,2049692842.0,1472186896.0,,-5196675007.0,,,22535912.0,,,,,thousands,ok,,"{""sfp"": [25, 24, 26], ""pl"": [], ""cfs"": []}"
AICL,2013,27201986.0,14155439.0,13046547.0,,,2635007,,,,,,,-430850,-336674,thousands,ok,,"{""sfp"": [43, 42, 44, 109], ""pl"": [45, 44, 46, 47, 111], ""cfs"": [50, 49, 51, 52, 53, 54, 55, 113, 114]}"
AICL,2014,28832011,14727767,14104244,,,1505917,,,1879098.0,,,,-755172,3611548,thousands,ok,,"{""sfp"": [45, 44, 46, 111], ""pl"": [47, 46, 48, 49, 113], ""cfs"": [115, 114, 116, 52, 54, 56]}"
AICL,2015,32255979.0,16609410,15646569,,,5546232,,,2554810.0,,,,-1070623,838188,thousands,ok,,"{""sfp"": [56, 55, 57, 130], ""pl"": [58, 57, 59, 60, 132], ""cfs"": [62, 61, 63, 64, 65, 66, 134, 135]}"
AICL,2016,38579911.0,,,,,,,,3492944.0,83855,,,-1035824,222446,thousands,ok,,"{""sfp"": [60, 59, 61, 129, 228], ""pl"": [62, 61, 63, 230], ""cfs"": [66, 65, 67, 133, 134]}"
AICL,2017,42287139.0,,,,,5092726,,,1221228.0,,,,-1382755,1149004,thousands,ok,,"{""sfp"": [61, 60, 62, 135, 237], ""pl"": [63, 62, 64, 65, 137, 239], ""cfs"": [67, 66, 68, 69, 70, 71, 138, 241, 242]}"
AICL,2018,47845094.0,,19663358.0,,,,,,1239000.0,2211444.0,,,-684864,1892177,thousands,ok,,"{""sfp"": [65, 64, 66, 189, 270, 272], ""pl"": [66, 65, 67, 68, 192, 245], ""cfs"": [70, 69, 71, 72, 73, 74, 75, 193, 247]}"
AICL,2019,1616879,1158714,458165,,,15433989,,,1812975,526553,,,-870521,-93353,thousands,review,L5;L5;L5,"{""sfp"": [64, 63, 65, 134, 242], ""pl"": [65, 64, 66, 135, 243], ""cfs"": [67, 66, 68, 137, 138, 245, 246]}"
AICL,2020,49520149.0,,22234859.0,,,,,,,1312044.0,,,-926576,6394019,thousands,ok,,"{""sfp"": [146, 145, 147, 324], ""pl"": [], ""cfs"": [219, 218, 220, 328]}"
AICL,2021,61640583.0,,25389764.0,,,,,,,2174053.0,,,-967626,8032594,thousands,ok,,"{""sfp"": [164, 163, 165, 236, 347], ""pl"": [], ""cfs"": [239, 238, 240, 167, 168, 368]}"
AICL,2022,73765899,48461987,24918939,,,16980105,13356688,,2585013,5192695.0,,,,,thousands,ok,,"{""sfp"": [186, 185, 187, 260, 262, 367, 371], ""pl"": [188, 187, 189], ""cfs"": [371, 370, 372]}"
AICL,2023,90127752.0,,30620069.0,,,,,,2716915,5252776.0,,,,,thousands,ok,,"{""sfp"": [186, 185, 187, 255, 363], ""pl"": [257], ""cfs"": [367, 366, 368, 259]}"
AICL,2024,109124371.0,,40625238.0,,,,,,,,,,-1537104,9081058,thousands,ok,,"{""sfp"": [219, 218, 220], ""pl"": [], ""cfs"": [295, 294, 296, 408]}"
AICL,2025,134307059.0,,48814868.0,,,,,,5132718,5888736.0,,,-1276492,7579625,thousands,ok,,"{""sfp"": [242, 241, 243, 328], ""pl"": [244, 243, 245], ""cfs"": [327, 326, 328]}"
AIRLINK,2022,,,,,,,,4771848004.0,,,,,,,thousands,ok,,"{""sfp"": [], ""pl"": [], ""cfs"": []}"
AIRLINK,2023,19887080147,7609939273,12277140874,13629240467,6956667365,,-19223219622.0,2280685740.0,894537773.0,546558296,3087267709,,,,thousands,ok,,"{""sfp"": [101, 100, 102], ""pl"": [], ""cfs"": []}"
AIRLINK,2025,28339065887,24009398774,14443952244,10114285131,23390101837,,,,,3907827965,6933365217,,,,thousands,review,L1;L5,"{""sfp"": [121, 120, 122, 175], ""pl"": [], ""cfs"": []}"
AKBL,2015,,,,,,,,,4067126.0,,,,,,thousands,ok,,"{""sfp"": [4, 18, 22], ""pl"": [19], ""cfs"": []}"
AKBL,2017,353056.0,333367.0,,,,,,,5128297,,,,-3112786,26130753,thousands,ok,,"{""sfp"": [41, 119, 128], ""pl"": [42, 129, 127], ""cfs"": [44, 43, 45, 130]}"
AKBL,2018,706532042,673023135,33508907,,,24231551,,,4431278,,,,-12203,-43591408,thousands,review,L5;L5,"{""sfp"": [38, 65, 71, 78, 85, 86, 87, 88, 89, 115, 117, 121, 128, 180, 188, 190], ""pl"": [39, 40, 129, 158, 162], ""cfs"": [42, 41, 43, 132]}"
AKBL,2019,706666079,673617718,33600361,,,29539997,,,7017022,53281047,,,-1248867,69138318,thousands,review,L5;L5;L5,"{""sfp"": [48, 142, 178, 194, 198], ""pl"": [49, 143, 144, 196], ""cfs"": [52, 51, 53, 146]}"
AKBL,2020,992517062,937970712,54546350,,,39956618,,,10800375,81371333,,,-1871397,147085265,thousands,review,L5;L5,"{""sfp"": [54, 88, 96, 105, 106, 107, 108, 109, 115, 118, 119, 120, 150, 214], ""pl"": [55, 56, 151, 216], ""cfs"": [58, 57, 59, 154]}"
AKBL,2021,1259144.0,,,,,41779371,,,9701386,,,,-3733683,192333784,thousands,review,L5,"{""sfp"": [56, 154, 155], ""pl"": [57, 156], ""cfs"": [60, 59, 61, 158]}"
AKBL,2022,1526134.0,,,,,51581558,,,14061595,,,,,141516437,thousands,review,L5,"{""sfp"": [68, 172, 173], ""pl"": [69, 174, 176], ""cfs"": [72, 71, 73, 214]}"
AKBL,2023,2124006.0,,,,,72358907,,,21434659,,,,,515097172,thousands,review,L5,"{""sfp"": [72, 130, 179, 180, 182, 200, 218], ""pl"": [73, 74, 238, 178, 236], ""cfs"": [76, 75, 77, 240]}"
AKBL,2024,2501381696,2378971408,97695661,,,,,,21256555,174848644,,,-3586808,281502500,thousands,review,L5;L5,"{""sfp"": [184, 185, 256], ""pl"": [186], ""cfs"": [72, 71, 73, 188]}"
AKBL,2025,2895001568,2743255459,122410288,,,105185831,,,22803319,146494334,,,8959419,487804894,thousands,review,L1;L5;L5,"{""sfp"": [82, 145, 146, 199, 262, 266], ""pl"": [83, 268, 198, 202], ""cfs"": [86, 85, 87, 244]}"
AKDCL,2017,46261000,5225385,41035615,44178208,4927923,,,,,1605313,,,,,thousands,ok,,"{""sfp"": [14, 13, 15], ""pl"": [], ""cfs"": []}"
AKDCL,2018,43375219,3876309,39498910,41531961,3692934,,,,,5335327,,,,,thousands,ok,,"{""sfp"": [20, 19, 21], ""pl"": [], ""cfs"": []}"
AKDCL,2019,39523099,5478809,34044290,11002126,5219578,,,,1202232.0,,,,,,thousands,review,L5,"{""sfp"": [15, 14, 16], ""pl"": [], ""cfs"": []}"
AKDCL,2020,29991649,4900166,25091483,7739248.0,4900166.0,,,,-2868347.0,,,,,,thousands,ok,,"{""sfp"": [21, 20, 22], ""pl"": [], ""cfs"": []}"
AKDHL,2021,44615990.0,,32042588.0,3887210.0,10617537.0,,,,-9855056.0,,,,,,thousands,ok,,"{""sfp"": [14, 13, 15], ""pl"": [], ""cfs"": []}"
AKDHL,2022,27139243,14352349,12601472,5399449,14352349,,,,-2817133.0,178768,,2476962,,,thousands,ok,,"{""sfp"": [13, 12, 14], ""pl"": [], ""cfs"": []}"
AKDHL,2024,32128.0,,,16517.0,,,,,,,,,,,thousands,ok,,"{""sfp"": [35, 34, 36], ""pl"": [], ""cfs"": []}"
AKDHL,2025,45039,,,16954,,,,,,,,,,,thousands,ok,,"{""sfp"": [15, 14, 16], ""pl"": [], ""cfs"": []}"
AKZO,2014,3973367,1379106,2594261,2435053,1334879,4901791,-3129630,1772161,458856,1479922,359589,,-765907,821713,thousands,ok,,"{""sfp"": [39, 38, 40], ""pl"": [41, 40, 42], ""cfs"": [44, 43, 45]}"
AKZO,2018,5711194,,,3492191,1789599.0,5812743,-3810004,2002739,387179,1895127,668883,,-321162,200240,thousands,ok,,"{""sfp"": [7, 6, 8], ""pl"": [9, 8, 10], ""cfs"": [12, 11, 13]}"
AKZO,2019,8415644,1821497,6594147,3759917,1742469.0,8492146,-3578784,2032757,548893,1997541,683591,,-231832,413281,thousands,review,L1,"{""sfp"": [45, 44, 46], ""pl"": [47, 46, 48], ""cfs"": [50, 49, 51]}"
ALAC,2014,232684250.0,348835130,230492431,,,,,,29047450.0,,,,,,thousands,review,L1;L5,"{""sfp"": [35, 34, 36], ""pl"": [], ""cfs"": []}"
ALNRS,2018,9441595,6439929,3001666,4067654,3981330,9080899.0,-9733468,-652569,-120834,92508,2219497,,,51901,thousands,ok,,"{""sfp"": [31, 30, 32], ""pl"": [32, 31, 33], ""cfs"": [35, 34, 36]}"
ALNRS,2019,9253729,6122523,3131206,3784054,3524797.0,9340031.0,-8172919,1167112,189334,93221.0,,,-30219,22184,thousands,ok,,"{""sfp"": [23, 22, 24], ""pl"": [24, 23, 25], ""cfs"": [27, 26, 28]}"
ALNRS,2020,8706610,5434421,3272189,3025264,2228047,10906700.0,-9214432,1692268,202463,387058,,,-60669,536179,thousands,ok,,"{""sfp"": [26, 25, 27], ""pl"": [27, 26, 28], ""cfs"": [30, 29, 31]}"
ALNRS,2021,,,,3511694.0,3066384.0,10791880.0,-9087207,1704673,210890,231482.0,,,-60694,496169,thousands,ok,,"{""sfp"": [23, 22, 24], ""pl"": [24, 23, 25], ""cfs"": [27, 26, 28]}"
ALNRS,2023,18113424,10429460,7683964,6260685,6736926,13122460.0,-11022278.0,2100182.0,295344,179359,4254523,,-100489,626871,thousands,ok,,"{""sfp"": [25, 24, 26], ""pl"": [26, 25, 27], ""cfs"": [29, 28, 30]}"
ALNRS,2024,,,,6992590.0,7326427.0,20736291.0,-17301610,3434681,-45083,503455.0,,,-182790,-2010967,thousands,ok,,"{""sfp"": [25, 24, 26], ""pl"": [26, 25, 27], ""cfs"": [29, 28, 30]}"
ALNRS,2025,16305079,9155136,7149943,5223937,5311218,17916301.0,-15571391,2344910,107451,452121.0,,,,2202742,thousands,ok,,"{""sfp"": [24, 23, 25], ""pl"": [25, 24, 26], ""cfs"": [28, 27, 29]}"
ALTN,2016,585090,,,1851930,1272499.0,1605936,-1396051,209885,1097312,51756,,,,-16372,thousands,ok,,"{""sfp"": [14, 13, 15], ""pl"": [16, 15, 17], ""cfs"": [19, 18, 20]}"
ALTN,2019,4874063,309792,4564271,1103645,304685,474160,-501829,-27669,954822,249627,39800,,-955310,215434,thousands,review,L5,"{""sfp"": [30, 29, 31, 76, 132], ""pl"": [32, 31, 33, 85], ""cfs"": [35, 34, 36, 97]}"
ALTN,2020,4317833,3269460,28698620,606910,111692.0,116802,-167863,-51061,1689621,10325,38797,,-2239782,237604,thousands,review,L1,"{""sfp"": [29, 28, 30, 102, 128, 139], ""pl"": [31, 30, 32, 81], ""cfs"": [34, 33, 35, 84, 133]}"
ALTN,2021,4170710,,,519458,105349.0,204104,-247449,-43345,-84315,70249,37746,,,117868,thousands,ok,,"{""sfp"": [31, 30, 32, 83, 136, 140, 141, 143], ""pl"": [33, 32, 34, 86], ""cfs"": [36, 35, 37, 107]}"
ALTN,2022,4216135,206220,4009915,620840,198786,,,-102227.0,,21864,,,-6719259,78152,thousands,ok,,"{""sfp"": [33, 32, 34, 88], ""pl"": [35, 34, 36, 85], ""cfs"": [38, 37, 39, 106]}"
ALTN,2023,3980293,43236,3937057,406767,35423.0,17457.0,,-65546.0,,,,,,10217,thousands,ok,,"{""sfp"": [32, 31, 33, 79, 141], ""pl"": [33, 32, 34, 80, 141], ""cfs"": [36, 35, 37, 83, 141]}"
ALTN,2024,3887009.0,,3749288.0,329670.0,129342.0,,-93364,-93364,4336312,,,,-4434925,-79646,thousands,ok,,"{""sfp"": [31, 30, 32, 77, 134], ""pl"": [32, 31, 33, 80], ""cfs"": [35, 34, 36, 97]}"
ALTN,2025,4476490.0,,,947894.0,598245.0,,-96393,-96393,5786902,,,,-5186907,-156455,thousands,ok,,"{""sfp"": [34, 33, 35, 79, 136], ""pl"": [35, 34, 36, 80], ""cfs"": [38, 37, 39, 83]}"
AMTEX,2018,4782507896,12873488249,-8090980353,1960968585,10404540580,842865636.0,1335487192.0,-492621556.0,,143771493,885981055,,,,thousands,review,L2.5,"{""sfp"": [32, 31, 33], ""pl"": [], ""cfs"": []}"
AMTEX,2019,4377868539,12730823903,-8352955364,1601866767,10748015349,,,-161046425.0,,162688117,,,,,thousands,review,L2.5,"{""sfp"": [30, 29, 31], ""pl"": [], ""cfs"": []}"
AMTEX,2020,3724161755,12774285517,-9050123762,1275193467,11120356010,,,-241148360.0,,174851830,538829362,,,,thousands,review,L2.5,"{""sfp"": [33, 32, 34], ""pl"": [], ""cfs"": []}"
AMTEX,2021,3576906288,12774977285,-9198070997,1356749943,11215819050,,,,,149640033,489990439,,,,thousands,review,L2.5;L5,"{""sfp"": [34, 33, 35], ""pl"": [], ""cfs"": []}"
AMTEX,2022,3661173460,12754057469,-9092884009,1218916495,11035021898,,,217115339.0,,82722503,465483553,,,,thousands,review,L2.5,"{""sfp"": [35, 34, 36], ""pl"": [], ""cfs"": []}"
AMTEX,2023,3310020306,11943546826,-8633526520,1083743030,10479457461,,,124928848.0,,112088168,261847909,,,,thousands,review,L2.5,"{""sfp"": [38, 37, 39], ""pl"": [], ""cfs"": []}"
AMTEX,2024,3684605734,12228797776,-8544192042,1420340612,9561630177.0,,,434387570.0,,,,,,,thousands,review,L2.5,"{""sfp"": [34, 33, 35], ""pl"": [], ""cfs"": []}"
AMTEX,2025,3540084190,12124900721,-8584816531,1636954361,9173947445,,,133009032.0,,92005217,619410945,,,,thousands,review,L2.5,"{""sfp"": [38, 37, 39], ""pl"": [], ""cfs"": []}"
ANL,2017,,,,5268016825.0,17619955685.0,12802374277.0,-10916714003.0,1885660274.0,-133565289.0,159221839.0,1859013514.0,,,,thousands,ok,,"{""sfp"": [34, 33, 35], ""pl"": [], ""cfs"": []}"
ANL,2018,19867180777,19438445950,428734827,6382832336,18706606636,15971672335.0,-13391359653.0,2580312682.0,,142395327,2468069912,,,,thousands,ok,,"{""sfp"": [43, 42, 44], ""pl"": [], ""cfs"": []}"
ANL,2019,,,,,,,,,305312291.0,,,,,,thousands,ok,,"{""sfp"": [], ""pl"": [], ""cfs"": []}"
ANL,2020,22981326174,21861354055,1119972119,9497578645,21471032070,16909299380.0,-14446980920.0,2462318460.0,,787189396,3190805924,,,,thousands,review,L5,"{""sfp"": [44, 43, 45], ""pl"": [], ""cfs"": []}"
ANL,2021,22628100470,14633423441,7994677029,11080867050,4386560793,22070230674.0,-18881633863.0,3188596811.0,,898799651,4599739102,,,,thousands,review,L5,"{""sfp"": [48, 47, 49], ""pl"": [], ""cfs"": []}"
ANL,2022,,,,16354513873.0,8421971199.0,33768785938.0,-29110611926.0,4658174012.0,1058182308.0,893953552.0,5402722777.0,,,,thousands,ok,,"{""sfp"": [55, 54, 56], ""pl"": [], ""cfs"": []}"
ANSM,2016,,,,3723970317.0,2101770576.0,1730162045.0,-1353915800.0,376246245.0,21533455.0,12789959.0,1861481568.0,,,,thousands,ok,,"{""sfp"": [19, 18, 20], ""pl"": [], ""cfs"": []}"
ANSM,2019,,,,4483502300.0,3536383314.0,438113837.0,-375028655.0,63085182.0,-694412422.0,328502556.0,2632120064.0,,,,thousands,ok,,"{""sfp"": [32, 31, 33], ""pl"": [], ""cfs"": []}"
ANSM,2020,,,,4495992501.0,4648505089.0,175563971.0,-118566097.0,56997874.0,-437468945.0,328329520.0,2709616617.0,,,,thousands,ok,,"{""sfp"": [32, 31, 33], ""pl"": [], ""cfs"": []}"
ANSM,2021,8985403297,7611798075,1373605221,4721293675,5789000248,405166580.0,-275236383.0,129930197.0,-256560976.0,360598616,2794699295,,,,thousands,ok,,"{""sfp"": [31, 30, 32], ""pl"": [], ""cfs"": []}"
ANSM,2023,,,,5165979218.0,8245792111.0,664347327.0,-470795178.0,193552149.0,-703236180.0,20216227.0,,,,,thousands,ok,,"{""sfp"": [34, 33, 35], ""pl"": [], ""cfs"": []}"
ANSM,2024,,,,5497530066.0,9545816923.0,716921057.0,-503675664.0,213245393.0,-858963495.0,4629646.0,,,,,thousands,ok,,"{""sfp"": [34, 33, 35], ""pl"": [], ""cfs"": []}"
ANSM,2025,14626136513,11954669325,2671467188,5493418553,10490058183.0,1672291125.0,-1390927295.0,281363830.0,-1443670237.0,30404535.0,,,,,thousands,ok,,"{""sfp"": [40, 39, 41], ""pl"": [], ""cfs"": []}"
APL,2013,30097519,,,27356666,15591191.0,191181800.0,,5176801.0,3906534.0,9970317,5156298,,,,thousands,ok,,"{""sfp"": [57, 56, 58], ""pl"": [], ""cfs"": []}"
APL,2014,34085864,,,31248819,19704460.0,240567960.0,,5942294.0,4326764.0,7650452,6787904,,,,thousands,ok,,"{""sfp"": [75, 74, 76], ""pl"": [], ""cfs"": []}"
APL,2015,29911654,,,26123577,15935346.0,205715461.0,,4926509.0,3286384.0,4865814,5572867,,,,thousands,ok,,"{""sfp"": [85, 84, 86], ""pl"": [], ""cfs"": []}"
APL,2016,30525305,,,26001840,15581980.0,144108307.0,,5749061.0,3828585.0,9162282,4836653,,,,thousands,ok,,"{""sfp"": [87, 86, 88], ""pl"": [], ""cfs"": []}"
APL,2018,46131326,27713664,18417662,38148564,26802124,216359813.0,,9743294.0,5656349.0,4198160,12460539,,,,thousands,ok,,"{""sfp"": [115, 114, 116], ""pl"": [], ""cfs"": []}"
APL,2019,46402712,,,37102945,26873437.0,256661187.0,,8221167.0,3960606.0,2920168,12865862,,,,thousands,ok,,"{""sfp"": [145, 144, 146], ""pl"": [], ""cfs"": []}"
APL,2020,51238332,,,35654693,27908728.0,235732129.0,,3637890.0,1008294.0,3482386,9464503,,,,thousands,ok,,"{""sfp"": [141, 140, 142], ""pl"": [], ""cfs"": []}"
APL,2021,61897885,39176951,22720934,44210980,31795455,221333864.0,,9981941.0,4919632.0,9831007,16121539,,,,thousands,ok,,"{""sfp"": [143, 142, 144], ""pl"": [], ""cfs"": []}"
APL,2022,96351045,59031890,37319155,78375032,51685732.0,398383517.0,,41003092.0,18536343.0,3852232,51662152,,,,thousands,ok,,"{""sfp"": [141, 140, 142], ""pl"": [], ""cfs"": []}"
APL,2023,107954265,,,87219524,49050563.0,487718441.0,,26070668.0,12460790.0,4640756,30169689,,,,thousands,ok,,"{""sfp"": [143, 142, 144], ""pl"": [], ""cfs"": []}"
APL,2024,105279116,,,79677835,36292432.0,538095084.0,,22042471.0,13821630.0,2568995,35492045,,,,thousands,ok,,"{""sfp"": [161, 160, 162], ""pl"": [], ""cfs"": []}"
APL,2025,122302709,,,95177778,48228014.0,482429343.0,,18829179.0,10392588.0,3356250,42258454,,,,thousands,ok,,"{""sfp"": [175, 174, 176], ""pl"": [], ""cfs"": []}"
ARM,2014,,,,,,,,,651455.0,,,,,,thousands,ok,,"{""sfp"": [], ""pl"": [], ""cfs"": []}"
ARM,2019,,,,,,3821667,,,382854,,,,,,thousands,ok,,"{""sfp"": [], ""pl"": [46, 45, 47], ""cfs"": []}"
ARM,2021,8318952741,2653269824,5665682917,2215169255,1666282020,,,854072818.0,532127372.0,117119860,,,,,thousands,ok,,"{""sfp"": [68, 67, 69], ""pl"": [], ""cfs"": []}"
ARM,2022,8306790692,3370363910,4936426782,2169361403,1744059123,,,1240456985.0,,290423919,,,,,thousands,ok,,"{""sfp"": [68, 67, 69], ""pl"": [], ""cfs"": []}"
ARM,2023,8584431358,3346256692,5238174666,2190486457,1581130958,,,1475784925.0,301383735.0,152833955,,,,,thousands,review,L5,"{""sfp"": [64, 63, 65], ""pl"": [], ""cfs"": []}"
ARPAK,2013,238133.0,,,,,,,,,,,,,,thousands,ok,,"{""sfp"": [], ""pl"": [], ""cfs"": []}"
ARPAK,2015,,,,,,,,,,,,10691.0,,,thousands,ok,,"{""sfp"": [38, 37, 39], ""pl"": [], ""cfs"": []}"
ARPAK,2016,15416762,13554585,1338266,7366338,7788553,12191150,,,94667,,,,,,thousands,review,L1;L5,"{""sfp"": [39, 40], ""pl"": [39, 40], ""cfs"": []}"
ARPAK,2017,18589380,16485398,1397845,9472318,10169376,10755,,,,,,,,,thousands,review,L1,"{""sfp"": [41, 42], ""pl"": [41, 42], ""cfs"": []}"
ARPAK,2018,18537390,13296471,4433999,9669109,11108978,11850581,,,-285202,,,,,,thousands,review,L1,"{""sfp"": [50, 51], ""pl"": [50, 51], ""cfs"": []}"
ARPAK,2019,600980,,598935,64259,,26479,,,28257,,,,,,thousands,ok,,"{""sfp"": [51, 52], ""pl"": [51, 52], ""cfs"": []}"
ARPAK,2020,21719117,14275346,4232550,10747914,11627564,14973996,,,193778,,,,,,thousands,review,L1,"{""sfp"": [47, 48], ""pl"": [47, 48], ""cfs"": []}"
ARPAK,2022,688744,,683478,37486,,10130,,,,,,,,,thousands,ok,,"{""sfp"": [45, 46], ""pl"": [46], ""cfs"": []}"
ARPAK,2025,52998647,38726217,6449156,23124879,30411453,38665051,,,-3202834,,,,,,thousands,review,L1,"{""sfp"": [50], ""pl"": [50], ""cfs"": []}"
ARPL,2014,6728644,2550398,4178246,5679159,2505445,6872277,4945833,1926444,1053408,406769,1566557,,,,thousands,review,L5;L5,"{""sfp"": [33, 32, 34], ""pl"": [34, 33, 35], ""cfs"": [35, 34, 36]}"
ARPL,2015,8078561,3635319,4443242,5741078,3520725,8475323,6061251,2414072,1053303,316085,1380984,,,,thousands,review,L5;L5,"{""sfp"": [33, 32, 34, 74], ""pl"": [34, 33, 35, 75], ""cfs"": [35, 34, 36, 77]}"
ARPL,2016,8683829,3296417,5387412,6857347,2944727,11350227,7680189,3670038,1720031,337515,1641480,,,,thousands,review,L5,"{""sfp"": [44, 43, 45], ""pl"": [45, 44, 46], ""cfs"": [46, 45, 47]}"
ARPL,2017,9750894,4733248,5017646,7995376,4484116,12242715,8377749,3864966,1621473,587885,2107644,,,,thousands,review,L5,"{""sfp"": [48, 47, 49], ""pl"": [49, 48, 50], ""cfs"": [50, 49, 51]}"
ARPL,2022,12395505,8623696,3771809,10428314,8333629,25154026,17933557,7220469,1885066,96031,3985984,,-3907223,2122614,thousands,review,L5;L5,"{""sfp"": [126, 125, 127], ""pl"": [127, 126, 128], ""cfs"": [129, 128, 130]}"
ARPL,2023,20446377.0,,,18475145.0,15814699.0,34900100.0,-22544957.0,,,315376.0,6756099.0,,-168126,-1682760,thousands,ok,,"{""sfp"": [142, 141, 143], ""pl"": [143, 142, 144], ""cfs"": [145, 144, 146]}"
ARPL,2024,14303230.0,,,11657170.0,10784992.0,28533396.0,-20271622.0,4501501.0,-546452,159529.0,4709255.0,,-512349,1452817,thousands,review,L1,"{""sfp"": [167, 166, 168], ""pl"": [168, 167, 169], ""cfs"": [170, 169, 171]}"
ARPL,2025,15727740.0,11317762.0,4409978.0,13162455.0,10745364.0,27406657,-20799234,6607423,1176961,985207.0,4511178.0,,-677207,2497547,thousands,review,L5,"{""sfp"": [213, 212, 214], ""pl"": [214, 213, 215], ""cfs"": [216, 215, 217]}"
ARUJ,2016,780375497,526443962,253931535,558523178,439848375,,,140242994.0,,18351361,242066848,,,,thousands,ok,,"{""sfp"": [15, 14, 16], ""pl"": [], ""cfs"": []}"
ARUJ,2018,1217874868.0,,,,,,,109278921.0,6570286.0,17974695.0,,,,,thousands,ok,,"{""sfp"": [15], ""pl"": [], ""cfs"": []}"
ARUJ,2019,1328872074.0,,,862540980.0,878545761.0,,,114289776.0,13124928.0,9947606.0,,,,,thousands,ok,,"{""sfp"": [19, 18, 20], ""pl"": [], ""cfs"": []}"
ARUJ,2020,1248384941.0,,,802155539.0,806209424.0,,,,10507364.0,21580478.0,,,,,thousands,ok,,"{""sfp"": [12, 11, 13], ""pl"": [12], ""cfs"": []}"
ARUJ,2021,1252024325,846790674,405233651,792098666,771802550,1391626358,1250507329,141119029,13329587,21347757,251827225,,,,thousands,ok,,"{""sfp"": [12, 11, 13], ""pl"": [12], ""cfs"": []}"
ARUJ,2022,1385774950,998829487,386945463,944121326,915454221,1298732954.0,,,,14950238,415615399,,,,thousands,ok,,"{""sfp"": [21, 20, 22], ""pl"": [], ""cfs"": []}"
ARUJ,2023,,,,807850847.0,908906407.0,857996198.0,,,-139543515.0,8887383.0,,,,,thousands,ok,,"{""sfp"": [22, 21, 23], ""pl"": [], ""cfs"": []}"
ARUJ,2024,983229752.0,,,597571490.0,1000573424.0,358277910.0,606475218.0,-248197308.0,-336811163.0,1848582.0,,,,,thousands,ok,,"{""sfp"": [22, 21, 23], ""pl"": [], ""cfs"": []}"
ARUJ,2025,931006893.0,,,577618170.0,988070166.0,191800.0,25617058.0,-25425258.0,-40416033.0,1770828.0,,,,,thousands,ok,,"{""sfp"": [22, 21, 23], ""pl"": [], ""cfs"": []}"
ASL,2013,14351,12099,,,,,,,,,,,,,thousands,ok,,"{""sfp"": [56, 55, 57], ""pl"": [56, 55, 57], ""cfs"": []}"
ASL,2014,,,,5291431.0,8242848.0,9259027,-9200260,,-346667.0,59845.0,3347294.0,,,-650749,thousands,ok,,"{""sfp"": [72, 71, 73], ""pl"": [73, 72, 74], ""cfs"": [74, 73, 75, 98]}"
ASL,2015,15336862.0,12526114.0,,4167463.0,6900513.0,9491748,-9451422,40326,-1210822,132273.0,2433460.0,,,,thousands,ok,,"{""sfp"": [73, 72, 74], ""pl"": [74, 73, 75], ""cfs"": [75, 74, 76]}"
ASL,2016,15352275,12696932,2655343,4468463,7341528,9634297,-8654034,980263,-154891,44716,2813517,,,,thousands,ok,,"{""sfp"": [69, 68, 70], ""pl"": [70, 69, 71], ""cfs"": [71, 70, 72]}"
ASL,2017,18183865.0,11483392.0,,6225023.0,6405855.0,14075876,-11988484,2087392,1020149,861392.0,3715962.0,,,,thousands,ok,,"{""sfp"": [79, 78, 80], ""pl"": [80, 79, 81], ""cfs"": [81, 80, 82]}"
ASL,2018,20425788,11934682,8491106,6059527,7001146,18903907,-15589753,3314154,1283982,45565,4312261,,,,thousands,ok,,"{""sfp"": [131, 130, 132], ""pl"": [132, 131, 133], ""cfs"": [133, 132, 134, 108]}"
ASL,2019,,,,,,,,,,,,,,-3833365,thousands,ok,,"{""sfp"": [142], ""pl"": [143], ""cfs"": [123, 154]}"
ASL,2020,34509399,26411962,8097437,13283055,16944,29776828,-27410644,2366184,-616573,182561.0,7916499.0,,,,thousands,review,L5,"{""sfp"": [147, 146, 148], ""pl"": [148, 147, 149], ""cfs"": [149, 148, 150]}"
ASL,2021,36523517,22056933,14466584,16572232,15783340,55116371,-43931004,11185367,6368448,238060,12088077,,,6350175,thousands,review,L2.5;L5,"{""sfp"": [145, 144, 146], ""pl"": [146, 145, 147], ""cfs"": [148, 147, 149, 128]}"
ASL,2022,46804817,32769264,14035553,26769284,27669343,64830418,-59316732,5513686,1146113,207994,16607460,,-1475124,-4903244,thousands,ok,,"{""sfp"": [153, 152, 154], ""pl"": [154, 153, 155], ""cfs"": [156, 155, 157]}"
ASL,2023,38046164.0,22354449.0,,15781335.0,18978488.0,3102382,-29088829,2013553,-3215653,1147153.0,9167210.0,,,2218311,thousands,review,L1,"{""sfp"": [152, 151, 153], ""pl"": [153, 152, 154], ""cfs"": [155, 154, 156]}"
ASL,2024,40597158,24890180,15706978,18469454.0,23948709.0,42749652,-38919010,3830642,-132470,217072.0,9870972.0,,-65046,-2666186,thousands,ok,,"{""sfp"": [174, 173, 175], ""pl"": [175, 174, 176], ""cfs"": [177, 176, 178, 152]}"
ASL,2025,38756457,18140344,20616113,15651022,17727964,33751703,-32084444,1667259,-1351854,452292,8101472,,,-1668511,thousands,review,L5;L5,"{""sfp"": [91], ""pl"": [91], ""cfs"": [92, 115]}"
ASTL,2017,,,,6177142122.0,5129403081.0,,,12418167812.0,,,3404198598.0,,-592249425,,thousands,ok,,"{""sfp"": [51, 50, 52], ""pl"": [51], ""cfs"": []}"
ASTL,2018,26642859381.0,,,11235428619.0,10412644944.0,15500542721.0,-12742134429.0,2758408292.0,,131073813.0,7459068100.0,,-592686,-2218722,thousands,ok,,"{""sfp"": [117, 116, 118], ""pl"": [], ""cfs"": [112]}"
ASTL,2019,29610775291.0,,,24920423416.0,,,,,,147038804.0,,,-649956,749109,thousands,ok,,"{""sfp"": [63, 62, 64], ""pl"": [], ""cfs"": [59]}"
ASTL,2020,35469446,24356260,11113186,17571523,18015094,26532144.0,-24556406.0,1975738.0,,509361,8040331,,,-1934951,thousands,ok,,"{""sfp"": [141, 140, 142], ""pl"": [143], ""cfs"": [145, 144, 146]}"
ASTL,2021,,,,15933598.0,16488541.0,39218453.0,-34676315,4542138,1368259,378573.0,5992162.0,,,2440273,thousands,ok,,"{""sfp"": [134, 133, 135], ""pl"": [135, 134, 136], ""cfs"": [138, 137, 139, 126]}"
ASTL,2022,43550477,28295771,15254706,21665662,21724960,58184282.0,-51692795,6491487,1325515,356869.0,11017657.0,,,-2199305,thousands,review,L5,"{""sfp"": [129, 128, 130], ""pl"": [130, 129, 131], ""cfs"": [133, 132, 134, 122]}"
ASTL,2024,46839907,32613906,14226001,16182367,27241284.0,,-36374311,2401426,-6106723,195444.0,7162016.0,,,-4212088,thousands,review,L5,"{""sfp"": [121, 120, 122], ""pl"": [122, 121, 123], ""cfs"": [125, 124, 126, 113]}"
ATBA,2014,5326994,2768642,2384566,3894029,2557886,12242719,-10621161,1621558,741150,,2551256,,-140933,,thousands,review,L1,"{""sfp"": [73, 72, 74], ""pl"": [74, 73, 75], ""cfs"": [75, 74, 76]}"
ATBA,2015,5398115,1983454,3220775,3377537,1715047,15961413,-13583708,2377705,1013924,78318,1608783,,-170825,,thousands,review,L1,"{""sfp"": [86, 85, 87], ""pl"": [87, 86, 88], ""cfs"": [88, 87, 89]}"
ATBA,2016,6706037,2233859,4278292,4012613,1951620,14019507.0,-11272034.0,2747473.0,1270827.0,45257,1889810,,,,thousands,review,L1,"{""sfp"": [101, 100, 102], ""pl"": [], ""cfs"": []}"
ATBA,2017,8297219,2618373,5484960,5119645,2283573,,,,,14873,1706859,,,,thousands,review,L1,"{""sfp"": [100, 99, 101], ""pl"": [], ""cfs"": []}"
ATBA,2018,10136253,4481562,5654691,6521834,4157721,18332861.0,-16330483,2002378,590594,381180,2689010,,-600068,-1458876,thousands,review,L5,"{""sfp"": [120, 119, 121], ""pl"": [121, 120, 122], ""cfs"": [122, 121, 123]}"
ATBA,2019,8211918,2930909.0,5281009.0,4265230,2614984.0,12773113.0,-12506602,266511,,423649,1760092,,-170870,437193,thousands,ok,,"{""sfp"": [114, 113, 115], ""pl"": [115, 114, 116], ""cfs"": [117, 116, 118]}"
ATBA,2020,7840106,2885302,4954804,3679988,1662393,12546152.0,-11667365.0,878787.0,-326205,45507,1999313,,,519380,thousands,ok,,"{""sfp"": [118, 117, 119], ""pl"": [119, 118, 120], ""cfs"": [121, 120, 122]}"
ATBA,2021,9879683,4270598.0,5609085.0,5901072,3405104.0,19955087.0,-17673951,2281136,895974,189113,3912393,,-203385,-452660,thousands,ok,,"{""sfp"": [126, 125, 127], ""pl"": [127, 126, 128], ""cfs"": [129, 128, 130]}"
ATBA,2022,10797864,4603981,6193883,6416974,3721396,25029244.0,-22308266,2720978,689437,222325,4621550,,-81646,1777558,thousands,ok,,"{""sfp"": [126, 125, 127], ""pl"": [127, 126, 128], ""cfs"": [129, 128, 130]}"
ATBA,2023,19910315,12657978,7252337,15283330,11023945,41855868.0,-35403444,6452424,2201242,819782,10324114,,-950741,-2159674,thousands,ok,,"{""sfp"": [116, 115, 117], ""pl"": [117, 116, 118], ""cfs"": [119, 118, 120]}"
ATBA,2024,23318274,14799107,8519167,18164738,13255941,41470592.0,-35535871,5934721,1343649,1191592,11909129,,-567019,-2856774,thousands,review,L5,"{""sfp"": [130, 129, 131], ""pl"": [131, 130, 132], ""cfs"": [133, 132, 134]}"
ATBA,2025,18908846,11007526,7901320,13738930,8925417,,-31240385,3960896,91205,1028210,7742569,,-697518,5377078,thousands,review,L5;L5,"{""sfp"": [142, 141, 143], ""pl"": [143, 142, 144], ""cfs"": [145, 144, 146]}"
ATIL,2013,3014736.0,1576705,1438031,,,,,,455973.0,,,,-205885,100698,thousands,ok,,"{""sfp"": [51, 50, 52], ""pl"": [], ""cfs"": [56, 55, 57]}"
ATIL,2014,3344019,1676517.0,,3292167,,,,,544968.0,,,,-309593,592054,thousands,ok,,"{""sfp"": [59, 58, 60], ""pl"": [], ""cfs"": [64, 63, 65]}"
ATIL,2015,3797014,1951115,1845899,3740783,,,,,601157.0,,,,-409125,299951,thousands,ok,,"{""sfp"": [59, 58, 60], ""pl"": [], ""cfs"": [64, 63, 65]}"
ATIL,2016,126870,2209995.0,,124200,,,,,618174.0,43585,,,-409614,300395,thousands,review,L5,"{""sfp"": [73, 72, 74, 119, 120], ""pl"": [], ""cfs"": [77, 76, 78, 79, 124]}"
ATIL,2017,4204207.0,1928423,2249463,,,,,,,,,,-447653,364302,thousands,ok,,"{""sfp"": [73, 72, 74, 134, 140], ""pl"": [], ""cfs"": [78, 77, 79, 124]}"
ATIL,2018,,,,,,,,,,196952,,,-448815,725505,thousands,ok,,"{""sfp"": [160, 161, 162], ""pl"": [], ""cfs"": [86, 85, 87]}"
ATIL,2019,7034120,3293571,3706740,,,,,,623256,,,,-481428,534734,thousands,ok,,"{""sfp"": [85, 140, 141, 168, 169, 170], ""pl"": [86, 87, 142, 127, 128], ""cfs"": [88, 87, 89, 143]}"
ATIL,2020,9661745,4840112,4775227,,,,,,645427,,,,-531433,635396,thousands,ok,,"{""sfp"": [85, 141, 159, 160], ""pl"": [86, 87, 170, 144], ""cfs"": [89, 90, 145]}"
ATIL,2021,9317796,5070556,4176463,,,243243,,,835376,974543,,,-788407,1060583,thousands,ok,,"{""sfp"": [92, 150, 169, 177], ""pl"": [93, 94, 151], ""cfs"": [96, 154, 97, 155]}"
ATIL,2022,9550256,5809806,3585192,,,,,,719314,,,,-607149,828678,thousands,review,L1,"{""sfp"": [83, 141, 160, 161], ""pl"": [85], ""cfs"": [87, 145, 88, 146]}"
ATIL,2023,13280831,8265649,4770941,,,,,,1007167,1544843,,,-559312,589704,thousands,review,L1,"{""sfp"": [110, 164], ""pl"": [112, 166], ""cfs"": [114, 115]}"
ATIL,2024,18090049,9636083,8167386,,,,,,,1531222,,,-807078,247806,thousands,review,L1,"{""sfp"": [110], ""pl"": [111], ""cfs"": [114, 115]}"
ATIL,2025,24366313,111875,,,,356462,,,2076787,,,,-1245172,-225983,thousands,ok,,"{""sfp"": [124], ""pl"": [125, 126, 179, 180], ""cfs"": [128, 129, 183]}"
ATLH,2013,12014438.0,,,7553157.0,4587303.0,42325242.0,-38646049.0,3679193.0,,,,,,,thousands,ok,,"{""sfp"": [48], ""pl"": [], ""cfs"": []}"
ATLH,2014,14365190,6451877,7913313,9600106,5622277,44478713.0,-40253929.0,4224784.0,2001560.0,2843738,2042602,,,,thousands,ok,,"{""sfp"": [45, 44, 46], ""pl"": [], ""cfs"": []}"
ATLH,2015,15781673.0,,9238545.0,10529880.0,5769734.0,45772177,-41098571,4673606,2350891,,,,-1026399,2808104,thousands,ok,,"{""sfp"": [45], ""pl"": [34, 33, 35], ""cfs"": [46, 45, 47]}"
ATLH,2016,20368962.0,,11002123.0,14257411.0,8585470.0,55022415,-49376506,5645909,3001799,,,,,,thousands,ok,,"{""sfp"": [52, 53], ""pl"": [41, 40, 42], ""cfs"": [53, 52, 54]}"
ATLH,2017,25642750,12385217,13257533,18341005,11485806,64534021,-57754987,6779034,3752479,7053784,2123831,,-1493095,6435417,thousands,ok,,"{""sfp"": [55], ""pl"": [56], ""cfs"": [57, 56, 58]}"
ATLH,2019,31954916,16589152,15365764,22464513,15592719,82412548,-75856677,6555871,3208659,7480159,5069836,,,,thousands,ok,,"{""sfp"": [123, 122, 124], ""pl"": [124, 123, 125], ""cfs"": [125, 124, 126]}"
ATLH,2020,31059504,14479096,16580408,20510952,13323154,84775972,-7866004,6115932.0,3078400,6308616,4888616,,-1832235,2313045,thousands,review,L1;L5,"{""sfp"": [128, 127, 129], ""pl"": [129, 128, 130], ""cfs"": [131, 130, 132]}"
ATLH,2021,43030488,24399961,18630527,32750520,23118807,93156958,-86277404,6879554,3594798,14288180,4026612.0,,-1543732,14444377,thousands,ok,,"{""sfp"": [118, 117, 119, 121, 131, 136, 141, 142, 144, 146, 158], ""pl"": [119, 118, 120], ""cfs"": [121, 120, 122]}"
ATLH,2022,47422696,26395058,21027638,36693186,2522562,131930193,-122064276,9865917,5585165,,6541711.0,,-3145404,6171564,thousands,review,L5,"{""sfp"": [124, 123, 125, 141, 146, 149, 150, 155, 162], ""pl"": [125, 124, 126], ""cfs"": [127, 126, 128]}"
ATLH,2023,,,,57594111.0,46105708.0,135485652,-125813871,9671781,5004155,,8005452.0,,-2085992,22438316,thousands,ok,,"{""sfp"": [134, 133, 135, 159], ""pl"": [135, 134, 136], ""cfs"": [137, 136, 138]}"
ATLH,2024,75943753,47176184,28767569,62991413,45345661.0,159292229,-147065100,12227129,9708045,,9621651.0,,-4092090,8361519,thousands,ok,,"{""sfp"": [138, 137, 139], ""pl"": [139, 138, 140], ""cfs"": [141, 140, 142]}"
ATLH,2025,,,,,,203894438,-181714342,22180096,15251615,,,,-8388044,16298014,thousands,ok,,"{""sfp"": [185], ""pl"": [186], ""cfs"": [175, 174, 176, 188]}"
ATLH,2026,105515041,59000935,46514106,91174003.0,56346412.0,273926855,-237682305,36244550,21120458,,11695941.0,,-10861266,21613214,thousands,ok,,"{""sfp"": [205, 204, 206], ""pl"": [206, 205, 207], ""cfs"": [208, 207, 209, 195]}"
ATRL,2013,64634802,,,41265653,,163300532,-160271234,3029298,3915656,11004968,11744810,,-723561,74156,thousands,ok,,"{""sfp"": [81, 80, 82, 135], ""pl"": [83, 82, 84, 119], ""cfs"": [85, 84, 86, 121]}"
ATRL,2014,67500308,36342273,31158035,37122361,35861581,175067853,-174930908,136945,2543401,11266916,11555708,,-212764,1438580,thousands,ok,,"{""sfp"": [85, 84, 86, 157], ""pl"": [87, 86, 88, 160], ""cfs"": [89, 88, 90, 170]}"
ATRL,2015,80503413,47677265,32826148,35170288,36568272,128905431,-128352371,553060,1814257,10694590,6574133,,,498194,thousands,ok,,"{""sfp"": [83, 82, 84, 131], ""pl"": [85, 84, 86, 133], ""cfs"": [87, 86, 88, 158]}"
ATRL,2016,75619190,,,26713706,27815945.0,66564924,-67466755,-901831,816350,9683198,6707642,,-426465,-2727695,thousands,review,L5,"{""sfp"": [93, 92, 94, 143], ""pl"": [95, 94, 96, 145], ""cfs"": [97, 96, 98, 172]}"
ATRL,2017,91206900,51826083,39380817,42056561,34153917,139515951.0,-97078919.0,,5413664,21630109,5712344,,-425225,7156808,thousands,ok,,"{""sfp"": [95, 94, 96, 143], ""pl"": [97, 96, 98, 145], ""cfs"": [99, 98, 100, 147]}"
ATRL,2018,101106041,,,53255100,49144865.0,129596565,-130675227,-1078662,578978,21954514,9788997,,,,thousands,review,L5,"{""sfp"": [105, 104, 106, 161], ""pl"": [107, 106, 108, 185], ""cfs"": [191]}"
ATRL,2019,103849654,70191560,33658094,54888328,62210138,176754542,-180815670,-4061128,-5385239,16583594,10018655,,,2304925,thousands,review,L5;L5,"{""sfp"": [105, 104, 106], ""pl"": [107, 106, 108], ""cfs"": [110, 109, 111]}"
ATRL,2020,97987194,,,35434815,48563168.0,119819440,124999908,-5180468,-2824926,8122982,7163855,,,-6137047,thousands,review,L5,"{""sfp"": [103, 102, 104, 161], ""pl"": [105, 104, 106, 163, 164], ""cfs"": [108, 107, 109, 166]}"
ATRL,2021,103294573,,,42108109,55963719.0,127730407,-130298894,-2568487,-2145056,12051280,9378907,,,1558657,thousands,review,L5,"{""sfp"": [106, 105, 107], ""pl"": [108, 107, 109], ""cfs"": [111, 110, 112]}"
ATRL,2022,132905977,,,78791516,78874260.0,261983815,243305567,18678248,,24753652,17742708,,,15257097,thousands,review,L5,"{""sfp"": [125, 124, 126, 223], ""pl"": [127, 126, 128, 234, 238], ""cfs"": [130, 129, 131]}"
ATRL,2023,176760462,,,97837184,71835479.0,369221549,-324172876,45048673,29225232,15126032,20608420,,-559855,4933783,thousands,review,L5,"{""sfp"": [129, 128, 130, 158], ""pl"": [131, 130, 132, 191, 193], ""cfs"": [134, 133, 135, 194]}"
ATRL,2024,214088133,,,136229582,80888061.0,382916673,-354126203,28790470,25243861,33747089,21304144,,-2099197,27205303,thousands,review,L5,"{""sfp"": [139, 138, 140, 168], ""pl"": [141, 140, 142, 203, 205], ""cfs"": [144, 143, 145, 206]}"
ATRL,2025,208420268,,,131868661,64752737.0,301329807,-291592115,9737692,11972065,39542305,13150429,,-1862811,7173551,thousands,review,L5,"{""sfp"": [159, 158, 160], ""pl"": [161, 160, 162], ""cfs"": [164, 163, 165, 228]}"
AVN,2016,3284896,1092901,2191995,2453692,983818,,,,,115818,101234,,-98260,-19531,thousands,review,L5;L5;L5,"{""sfp"": [60, 79], ""pl"": [], ""cfs"": [62, 81]}"
AVN,2017,3423187,,,2657120,819063.0,1260594,-779006,481588,462108,54846,47953,,-145847,167965,thousands,ok,,"{""sfp"": [127, 126, 128, 169], ""pl"": [129, 128, 130], ""cfs"": [131, 130, 132, 202]}"
AVN,2018,3694721,,,2867565,783799.0,1296965,-825027,471938.0,577761,17391,48871,,,,thousands,ok,,"{""sfp"": [81, 80, 82, 185], ""pl"": [83, 82, 84], ""cfs"": []}"
AVN,2019,4733681,1185957,3547724,1418792,1157231,1340450,-800983,539467,653870,17675,52733,,-29405,-28047,thousands,ok,,"{""sfp"": [97, 96, 98, 166], ""pl"": [99, 98, 100, 198], ""cfs"": [102, 101, 103]}"
AVN,2020,6665399,,,2007776,1265078.0,1547153,-982823,564330,673839,66438,39984,,-252004,245009,thousands,ok,,"{""sfp"": [88, 87, 89, 145], ""pl"": [90, 89, 91, 184], ""cfs"": [93, 92, 94]}"
AVN,2021,6922333,1700221,5222112,2581097,1634172,1835213,-1234494,600719,1021110,111387,54663,,-82525,47419,thousands,ok,,"{""sfp"": [91, 90, 92, 151], ""pl"": [93, 92, 94, 153], ""cfs"": [96, 95, 97]}"
AVN,2022,9551710,2590806,6960904,3937579,2478099,1864524,-1305701,558823,1736812,82469,37577,,-216446,223589,thousands,ok,,"{""sfp"": [103, 102, 104, 163], ""pl"": [105, 104, 106, 166], ""cfs"": [108, 107, 109, 206]}"
AWWAL,2016,,,,,,,,,,,,,,-66460181,thousands,ok,,"{""sfp"": [], ""pl"": [2], ""cfs"": [22]}"
AWWAL,2017,1183940788.0,23800051.0,,606250723.0,23800051.0,208214563,,,154397866,,,,-22700000,-654052695,thousands,ok,,"{""sfp"": [], ""pl"": [23], ""cfs"": [24]}"
AWWAL,2020,1243691234.0,,,912919957.0,36912343.0,,,,,,,,,184773326,thousands,ok,,"{""sfp"": [], ""pl"": [25], ""cfs"": [30]}"
AWWAL,2021,1196402142.0,,,995764182.0,28872311.0,,,,,,,,,,thousands,ok,,"{""sfp"": [], ""pl"": [66], ""cfs"": []}"
BAFL,2013,275686.0,,,,,,,,,,,,-2733934,45112298,thousands,ok,,"{""sfp"": [67, 106, 151], ""pl"": [68, 107, 220], ""cfs"": [70, 69, 71]}"
BAFL,2014,743128293.0,,,,,,,,5640851.0,,,,-2737015,51245191,thousands,ok,,"{""sfp"": [60, 109, 119], ""pl"": [61, 119], ""cfs"": [63, 62, 64]}"
BAFL,2015,902608.0,,,,,35201805,,,7522810,,,,-3165079,103242608,thousands,review,L5,"{""sfp"": [90, 187, 195], ""pl"": [91, 196, 188], ""cfs"": [93, 92, 94, 197]}"
BAFL,2016,760053,225661,60924870,,,,,,7899908,401576,,,-1585581,-29354807,thousands,review,L1;L5;L5,"{""sfp"": [87, 238, 243, 244, 248, 249, 259, 263, 264, 277, 281, 289, 290, 291, 296], ""pl"": [88, 89, 197, 198], ""cfs"": [90, 89, 91, 199]}"
BAFL,2017,991027423,924197042,66830381,,,,,,8613804,70381480,,,,32032383,thousands,review,L5,"{""sfp"": [232, 276, 284, 285, 305, 307], ""pl"": [233, 234, 308, 285, 313], ""cfs"": [123, 122, 124, 235, 286, 297]}"
BAFL,2018,147094131,134774554,12319577,,,41791413,,,10625220,,,,-4000915,-142469511,thousands,ok,,"{""sfp"": [130, 138, 169, 222, 223, 241], ""pl"": [131, 132, 170, 246, 237], ""cfs"": [134, 133, 135, 270]}"
BAFL,2019,1064672.0,,,,,55924407,,,13031807,,,,-6207063,81072747,thousands,review,L5,"{""sfp"": [294, 341, 342], ""pl"": [307, 308], ""cfs"": [310]}"
BAFL,2020,1847241437,1756224118,91017319,,,57499436,,,10474910,105582496,,,-7066355,204045683,thousands,review,L5;L5,"{""sfp"": [24, 73, 75, 76, 77, 78, 86, 89, 170, 171], ""pl"": [25, 26, 170, 171], ""cfs"": [28, 27, 29]}"
BAFL,2021,1734321.0,,,,,,,,14217.0,,,,,,thousands,ok,,"{""sfp"": [], ""pl"": [], ""cfs"": []}"
BAFL,2022,2253197.0,,,,,99125584,,,18206445,,,,-3382063,470461445,thousands,review,L5,"{""sfp"": [351, 452, 453], ""pl"": [352, 353, 440, 454], ""cfs"": [355, 456]}"
BAFL,2023,2253196728,2153182105,,,,,,,36456372,,,,-7274936,756022330,thousands,ok,,"{""sfp"": [95, 148, 149, 153, 208, 209, 246, 256, 262, 267, 268, 269, 270, 271, 272, 279, 283, 284, 285, 286, 288], ""pl"": [96, 97, 210, 208], ""cfs"": [212, 123]}"
BAFL,2024,3710206121,3532093711,181386697,,,171231922,,,38318131,227823979,,,-23207789,-75011237,thousands,review,L5;L5,"{""sfp"": [397, 505, 506], ""pl"": [398, 507], ""cfs"": [401, 402, 509]}"
BAFL,2025,3829927120,3632415064,200210549,,,183363006,,,28337057,247582147,,,-15717497,,thousands,review,L5;L5,"{""sfp"": [429, 463, 539, 584, 606, 607, 608, 609, 612], ""pl"": [430, 540, 586, 606, 607, 608, 609], ""cfs"": [433, 434, 543, 544]}"
BAFS,2019,3119430372.0,,,348169087.0,926424560.0,121607382.0,-478699099.0,-357091717.0,-682625093.0,26379048.0,,,,,thousands,ok,,"{""sfp"": [33, 32, 34], ""pl"": [], ""cfs"": []}"
BAFS,2020,3728567793.0,,,897652820.0,1100007324.0,1783548117.0,-1754710139.0,,-286079042.0,356447809.0,,,,,thousands,ok,,"{""sfp"": [31, 30, 32], ""pl"": [], ""cfs"": []}"
BAFS,2021,3480553231,1687111161,1793442070,536023,1003207005.0,3864161244.0,-3613466224.0,250695020.0,,26945258.0,,,,,thousands,review,L5,"{""sfp"": [38, 37, 39], ""pl"": [], ""cfs"": []}"
BAFS,2022,4722747188.0,,,1251424836.0,1202357132.0,3938711677.0,-3990958561.0,,,225531346.0,,,,,thousands,ok,,"{""sfp"": [38, 37, 39], ""pl"": [], ""cfs"": []}"
BAFS,2023,,,,1444110107.0,1211887143.0,,-3992396801.0,,,116810909.0,,,,,thousands,ok,,"{""sfp"": [52, 51, 53], ""pl"": [], ""cfs"": []}"
BAFS,2024,6218961728,3629481464,2589480264,2764591904,3248033494,,-5580519459.0,259802463.0,,83789198,1942632882,,,,thousands,ok,,"{""sfp"": [54, 53, 55], ""pl"": [], ""cfs"": []}"
BAFS,2025,6505288315,1251431153,,1253065330.0,999900997.0,,-8611963245.0,1634205008.0,,457264048.0,,,,,thousands,ok,,"{""sfp"": [50, 49, 51], ""pl"": [], ""cfs"": []}"
BAHL,2013,461021913.0,435440679.0,25581234.0,,,,,,,,,,,,thousands,ok,,"{""sfp"": [3, 66, 67, 70], ""pl"": [89, 88, 90, 4], ""cfs"": [7]}"
BAHL,2014,578918829.0,546290478.0,32628351.0,,,,,,,,,,,,thousands,ok,,"{""sfp"": [53, 60, 88, 89], ""pl"": [97, 96, 98, 55, 57], ""cfs"": []}"
BAHL,2015,639712468.0,601855810.0,37856658.0,,,,,,7404912,,,,-3290430,31609953,thousands,ok,,"{""sfp"": [20], ""pl"": [106, 105, 107, 21, 22], ""cfs"": [23]}"
BAHL,2016,751395816.0,708882072.0,42513744.0,,,,,,8119229,,,,-3829195,64275607,thousands,ok,,"{""sfp"": [17, 104, 121, 159, 206, 207], ""pl"": [18, 19, 122, 107], ""cfs"": [123, 122, 124, 20]}"
BAHL,2017,919051595.0,873175713.0,45875882.0,,,,,,8649570,,,,-3842714,85378183,thousands,ok,,"{""sfp"": [18, 111, 171, 223], ""pl"": [19, 20, 222, 130, 172], ""cfs"": [21, 131]}"
BAHL,2018,1048726360,998731310,49995050,,,38010978,,,8417656,74432815,,,-3256294,-36256163,thousands,ok,,"{""sfp"": [26, 44, 134, 135, 171, 172, 202, 207], ""pl"": [27, 28, 109, 136, 218, 188, 189, 190, 191, 192], ""cfs"": [30, 29, 31, 138]}"
BAHL,2019,1060489100,1010937420,49551680,,,68000794,,,2551373,123365134,,,-2767686,217848254,thousands,ok,,"{""sfp"": [46, 45, 47, 99, 109, 154, 212, 213, 214, 215, 216, 219, 220, 225, 226, 227], ""pl"": [47, 46, 48, 99, 124, 155, 196, 200, 241], ""cfs"": [157, 156, 158]}"
BAHL,2020,1535107200,1454663485,80443715,,,67892826,,,17811536,125617371,,,-3841582,190835323,thousands,ok,,"{""sfp"": [39, 123, 145, 206, 207, 208, 211, 212, 217, 218, 219], ""pl"": [40, 41, 146, 147, 232, 192, 204], ""cfs"": [43, 42, 44, 149, 205]}"
BAHL,2021,1534419141,1454562765,79856376,,,69635732,,,18702299,125598462,,,-4930117,85081173,thousands,ok,,"{""sfp"": [40, 98, 99, 151], ""pl"": [41, 42, 152, 150], ""cfs"": [44, 43, 45, 154]}"
BAHL,2022,2594440175,2504020890,95748606,,,12360332,,,16570229,125403364,,,-7693475,334875530,thousands,ok,,"{""sfp"": [41, 58, 150, 151, 189, 198, 210, 211, 212, 215], ""pl"": [42, 43, 126, 152, 200, 207, 226], ""cfs"": [45, 44, 46, 154]}"
BAHL,2023,4020466350,3892739652,127726698,,,,,,35319375,148478945,,,-17493572,394736270,thousands,ok,,"{""sfp"": [39, 147, 148, 184, 185, 194, 196, 203, 204, 205, 206, 207, 208, 211, 212, 217, 218], ""pl"": [40, 41, 149, 151], ""cfs"": [43, 42, 44, 174]}"
BAHL,2024,3320035205,3168046585,151988620,,,181732014,,,39862187,201532248,,,-17009566,504700753,thousands,ok,,"{""sfp"": [42, 41, 43, 145], ""pl"": [43, 42, 44], ""cfs"": [47, 46, 48]}"
BAHL,2025,3303763897,3132495546,171268351,,,462003386,,,30637408,189466913,,,-18662664,107355174,thousands,ok,,"{""sfp"": [44, 43, 45, 184, 209, 239, 243, 247, 248, 249, 250], ""pl"": [45, 44, 46, 143, 175, 176, 239, 243, 247, 248, 249, 250, 277], ""cfs"": [49, 48, 50, 180]}"
BAPL,2014,202377747,,,20993362,62487097.0,123790995.0,-125700150.0,,,501661,1846789,,,,thousands,review,L5,"{""sfp"": [20, 19, 21], ""pl"": [], ""cfs"": []}"
BAPL,2016,191268465,,,17818416,63748676.0,94437668.0,-89324880.0,5112788.0,-17664942.0,600259,896412,,,,thousands,ok,,"{""sfp"": [22, 21, 23], ""pl"": [], ""cfs"": []}"
BAPL,2020,159423269,144200916,15222352,8930087,94137253,12795636.0,-16145085.0,-3349449.0,-87187112.0,45413.0,50179.0,,,,thousands,ok,,"{""sfp"": [31, 30, 32], ""pl"": [], ""cfs"": []}"
BAPL,2021,135498056.0,,,133274043.0,112991433.0,,,,,74177.0,,,,,thousands,ok,,"{""sfp"": [28, 27, 29], ""pl"": [], ""cfs"": []}"
BAPL,2022,,,,267008826.0,104213071.0,,,,-9054473.0,241109.0,,,,,thousands,ok,,"{""sfp"": [29, 28, 30], ""pl"": [], ""cfs"": []}"
BAPL,2023,94080813,46663045,47417768,93267707,46663045,,,,,83990373,,,,,thousands,review,L5;L5,"{""sfp"": [28, 27, 29], ""pl"": [], ""cfs"": []}"
BAPL,2024,31312440,6517965,24794475,30580645,6517965,,,,,21394906,,,,,thousands,review,L5,"{""sfp"": [26, 25, 27], ""pl"": [], ""cfs"": []}"
BAPL,2025,3184835799.0,,,3185548688.0,5506432.0,,,,-54048786.0,2201915.0,,,,,thousands,ok,,"{""sfp"": [30, 29, 31], ""pl"": [], ""cfs"": []}"
BATA,2013,6389270,1888623,4500647,5206538,1746343,12774438.0,7780325,4994113,1232422,439939,2368302,,,,thousands,ok,,"{""sfp"": [39, 38, 40], ""pl"": [40, 39, 41], ""cfs"": [41, 40, 42]}"
BATA,2014,7391089.0,,,5909365.0,1977612.0,13767156.0,8388033,5379123,1339412,383689.0,,,,,thousands,ok,,"{""sfp"": [39, 38, 40], ""pl"": [40, 39, 41], ""cfs"": [41, 40, 42]}"
BATA,2015,8239266,2188074,6051192,6684071,2025534,14781520.0,8776323,6005197,1445500,455334,2967199,,,,thousands,ok,,"{""sfp"": [39, 38, 40], ""pl"": [40, 39, 41], ""cfs"": [41, 40, 42]}"
BATA,2016,9084556,2421962,6662594,7585132,2264332,15082171.0,8888245,6193926,1442016,556941,2901903,,,,thousands,ok,,"{""sfp"": [42, 41, 43], ""pl"": [43, 42, 44], ""cfs"": [44, 43, 45]}"
BATA,2017,9524326,2397602,7126724,7930147,2235773,15496810.0,8875974,6620836,1524466,610138,,,,,thousands,ok,,"{""sfp"": [45, 44, 46], ""pl"": [46, 45, 47], ""cfs"": [47, 46, 48]}"
BATA,2018,10693121,3201794,7491327,8970446,3051863,16795231.0,-9269358.0,7525873.0,1501409.0,1545032,3970853,,-1127850,1870151,thousands,review,L5,"{""sfp"": [49, 48, 50], ""pl"": [50, 49, 51], ""cfs"": [52, 51, 53]}"
BATA,2019,15878369,84337,,9259117.0,4325698.0,17424894.0,-9554950,7869944,1088862,1273248.0,,,-1127190,2072225,thousands,ok,,"{""sfp"": [49, 48, 50], ""pl"": [50, 49, 51], ""cfs"": [52, 51, 53]}"
BATA,2020,14005481.0,,,7602616.0,3883189.0,11710771.0,-7339804,4370967,,549740.0,,,-453786,2999834,thousands,ok,,"{""sfp"": [49, 48, 50], ""pl"": [50, 49, 51], ""cfs"": [52, 51, 53]}"
BATA,2021,15602503,9443082,6159421,9505254,5806866,13983497.0,-7508107,6475390,546089,2108570,3978771,,-181614,1927821,thousands,ok,,"{""sfp"": [49, 48, 50], ""pl"": [50, 49, 51], ""cfs"": [52, 51, 53]}"
BATA,2022,16342563.0,,,10032408.0,7022929.0,17733994.0,-9144994,8589000,874288,2085946.0,,,-979700,1840386,thousands,ok,,"{""sfp"": [57, 56, 58], ""pl"": [58, 57, 59], ""cfs"": [60, 59, 61]}"
BATA,2023,16549152.0,,5682024.0,10100366.0,7939403.0,19262623,-10116127,9146496,916288,1570298.0,,,-1163218,3153394,thousands,ok,,"{""sfp"": [59, 58, 60], ""pl"": [60, 59, 61], ""cfs"": [62, 61, 63]}"
BATA,2024,14878242.0,,5546125.0,8749010.0,6556747.0,18332461,-9318309,9014152,850730,544344.0,,,-919680,-128246,thousands,ok,,"{""sfp"": [68, 67, 69], ""pl"": [69, 68, 70], ""cfs"": [71, 70, 72]}"
BATA,2025,13585445.0,,3167870.0,6626512.0,7392702.0,17776670,-10756612,7020058,-2385054,983747.0,3994064.0,,,2460297,thousands,ok,,"{""sfp"": [88, 87, 89], ""pl"": [89, 88, 90], ""cfs"": [91, 90, 92]}"
BCL,2013,1344396027.0,,,1105246961.0,724460510.0,,-1585028676.0,160945420.0,22884339.0,11336742.0,312183715.0,,,,thousands,ok,,"{""sfp"": [44, 43, 45], ""pl"": [], ""cfs"": []}"
BCL,2014,1029661,589350,440311,761620,563652,1111227,-1133183,-21956,-105526,,391174,,,46340,thousands,review,L5,"{""sfp"": [46, 45, 47], ""pl"": [47, 46, 48], ""cfs"": [49, 48, 50]}"
BCL,2015,1203672484,727067375,476605109,948798909,687216639,1695718102.0,-1506267955.0,,,8890582,489320254,,,,thousands,ok,,"{""sfp"": [44, 43, 45], ""pl"": [], ""cfs"": []}"
BCL,2016,925007039,472345624,452661415,658260391,387392441,1333475781.0,-1192599912.0,140875869.0,25869803.0,12952661,280698434,,,,thousands,ok,,"{""sfp"": [61, 60, 62], ""pl"": [], ""cfs"": []}"
BCL,2017,895116288,320968245,574148043,641460537,234113288,1744098049.0,-1497470471.0,246627578.0,97775985.0,9554186,290062182,,,,thousands,ok,,"{""sfp"": [62, 61, 63], ""pl"": [], ""cfs"": []}"
BCL,2018,1056897591,417379566,,772744934.0,332973488.0,2299931172.0,-1971729326.0,328201846.0,133401916.0,20681061.0,510819006.0,,,,thousands,ok,,"{""sfp"": [62, 61, 63], ""pl"": [], ""cfs"": []}"
BCL,2019,1182266418.0,800464880.0,,808413927.0,745230635.0,,-1663413135.0,,,12821986.0,307234973.0,,,,thousands,ok,,"{""sfp"": [66, 65, 67], ""pl"": [], ""cfs"": []}"
BCL,2020,933114448,838721898,94392550,56102053,722948655.0,,-1420700485.0,-88132365.0,-271688324.0,6408170.0,172157921.0,,,,thousands,review,L5,"{""sfp"": [66, 65, 67], ""pl"": [], ""cfs"": []}"
BCL,2021,1011590668,804068030,207522638,668320572,740459771,,-2115499302.0,,,58747791,359077415,,,,thousands,ok,,"{""sfp"": [67, 66, 68], ""pl"": [], ""cfs"": []}"
BCL,2022,1147946728,919259300,228687428,820121515,890404634,,-2534972900.0,215207913.0,15321366.0,81668301,436446901,,,,thousands,ok,,"{""sfp"": [67, 66, 68], ""pl"": [], ""cfs"": []}"
BCL,2023,929521492,729574255,199947237,641121353,701011915,,-1957962301.0,206945684.0,,30029049,313746345.0,,,,thousands,review,L5,"{""sfp"": [67, 66, 68], ""pl"": [], ""cfs"": []}"
BCL,2024,987944468,652396223,335548245,768392383,563469230,,-2809936212.0,580238788.0,,43495992,415505286,,,,thousands,ok,,"{""sfp"": [65, 64, 66], ""pl"": [], ""cfs"": []}"
BCL,2025,796777622,475415559,321362063,585096607,445477442,,-1555889947.0,156751920.0,,29520607,243038159,,,,thousands,ok,,"{""sfp"": [72, 71, 73], ""pl"": [], ""cfs"": []}"
BCML,2017,2323528.0,967412.0,,723017.0,771525.0,1649638,1594540,55098,-29601,,614915.0,,,,thousands,ok,,"{""sfp"": [21, 20, 22], ""pl"": [22, 21, 23], ""cfs"": [23, 22, 24]}"
BCML,2019,3007647,1686136,1321511,1063252,1407826,2218285.0,2096805,121480,-39018,,885385,,,,thousands,ok,,"{""sfp"": [35, 34, 36], ""pl"": [36, 35, 37], ""cfs"": [37, 36, 38]}"
BECO,2023,,,,,,3752110358.0,-3772137440.0,-20027082.0,-204125431.0,,,,,,thousands,ok,,"{""sfp"": [], ""pl"": [], ""cfs"": []}"
BECO,2024,7168597339,4083550244,3085047095,3405276371,4083550244,3098016876.0,-2874655970.0,,-92543894.0,18632810,2137555970,,,,thousands,ok,,"{""sfp"": [37, 36, 38], ""pl"": [], ""cfs"": []}"
BECO,2025,7665732839,44399,,4021511045,4305751279.0,7451485486.0,-7065229733.0,386255753.0,,15358322,2033470745,,,,thousands,review,L5,"{""sfp"": [62, 61, 63], ""pl"": [], ""cfs"": []}"
BERG,2013,3038430,2389521,648909,2186828,2273246,4167303,3238930,928373,60018,217345,875915,,,-18842,thousands,ok,,"{""sfp"": [35, 34, 36], ""pl"": [36, 35, 37], ""cfs"": [38, 37, 39]}"
BERG,2014,,,,,,4500893,3411771,1089122,97508,261464,,,,-51689,thousands,ok,,"{""sfp"": [45, 103, 135, 137, 150, 151, 153, 154], ""pl"": [46, 104, 118], ""cfs"": [48, 47, 49, 106]}"
BERG,2015,3547483,2361145,1186338,2358023,2241926,4301830,-3146498,1155332,109153,191738,717550,,,292801,thousands,ok,,"{""sfp"": [51, 112], ""pl"": [52, 113], ""cfs"": [54, 53, 55, 115]}"
BERG,2016,,,,,,5081749,-3534578,1547171,184777,,,,-29424,393488,thousands,ok,,"{""sfp"": [60, 126], ""pl"": [61, 151], ""cfs"": [63, 62, 64, 155]}"
BERG,2017,4188979,2761334,1427645,2817178,2503094,5122570,-3632609,1489961,202111,44356,1018236,,-137750,60597,thousands,ok,,"{""sfp"": [61, 60, 62, 129], ""pl"": [62, 61, 63], ""cfs"": [64, 63, 65, 132]}"
BERG,2018,4270644,2750983,1519661,2819267,2529426,5453221,-4148718,1304503,102105,21420,1015911,,,,thousands,ok,,"{""sfp"": [76, 75, 77, 188], ""pl"": [77, 76, 78], ""cfs"": []}"
BERG,2019,4346981,2766712,1580269,2978925,2523028,5120444,-4004021,1116423,100825,76625,917368,,,,thousands,ok,,"{""sfp"": [76, 75, 77, 150], ""pl"": [77, 76, 78], ""cfs"": []}"
BERG,2022,5951207,3605495,2345712,4175338,3251631,703478,-5851468,1222010,201886,223671,1625411,,16000,-46577,thousands,review,L1,"{""sfp"": [34, 33, 35, 144, 148], ""pl"": [35, 34, 36, 145], ""cfs"": [37, 36, 38, 146]}"
BERG,2023,6612759,3416956,31958,4167970.0,2718337.0,7341165,-5858052,1483113,240061,47078.0,,,-75559,569867,thousands,review,L1,"{""sfp"": [69, 68, 70, 147], ""pl"": [70, 69, 71, 148], ""cfs"": [72, 71, 73, 150]}"
BERG,2024,7149891,3707351,3468047,4748363,3083496,,-6822625.0,1721282.0,262863,66172,1396960,,,-35226,thousands,review,L5;L5,"{""sfp"": [67, 66, 68, 149, 222, 224], ""pl"": [68, 67, 69, 207], ""cfs"": [71, 70, 72, 151]}"
BERG,2025,7929232,4248025,3681207,5448237,3768370,8944694,-7090721,1853973,298523,295706,1540911,,-97145,101497,thousands,ok,,"{""sfp"": [73, 72, 74, 155], ""pl"": [74, 73, 75, 156], ""cfs"": [77, 76, 78, 159]}"
BFMOD,2013,128506544.0,,,128506544.0,131206544.0,,,,1995425.0,3813078.0,,,,,thousands,ok,,"{""sfp"": [], ""pl"": [], ""cfs"": []}"
BFMOD,2014,136538270.0,,,136538270.0,140322182.0,,,,4436882.0,46427873.0,,,,,thousands,ok,,"{""sfp"": [], ""pl"": [], ""cfs"": []}"
BFMOD,2015,151722498.0,,,151722498.0,151722498.0,,,,9116126.0,24152746.0,,,,,thousands,ok,,"{""sfp"": [], ""pl"": [], ""cfs"": []}"
BFMOD,2016,157758779.0,,,200788779.0,157758779.0,,,,10224767.0,29155953.0,,,,,thousands,ok,,"{""sfp"": [], ""pl"": [], ""cfs"": []}"
BFMOD,2017,158951662.0,,,195531662.0,158951663.0,,,,15880026.0,6900266.0,,,,,thousands,ok,,"{""sfp"": [], ""pl"": [], ""cfs"": []}"
BFMOD,2018,140777612.0,,,140777612.0,140777612.0,,,,3717282.0,24943033.0,,,,,thousands,ok,,"{""sfp"": [], ""pl"": [], ""cfs"": []}"
BFMOD,2019,126315076.0,,,136422166.0,126315076.0,,,,1781530.0,12875792.0,,,,,thousands,ok,,"{""sfp"": [], ""pl"": [], ""cfs"": []}"
BFMOD,2021,148957143.0,,,7563597.0,148957143.0,,,,5506090.0,2551491.0,,,,,thousands,ok,,"{""sfp"": [], ""pl"": [], ""cfs"": []}"
BFMOD,2022,124130594.0,,,9342720.0,124900723.0,,,,,2485415.0,,,,,thousands,ok,,"{""sfp"": [], ""pl"": [], ""cfs"": []}"
BFMOD,2023,113710002.0,,,66165767.0,113710021.0,,,,-5999110.0,1573030.0,,,,,thousands,ok,,"{""sfp"": [], ""pl"": [], ""cfs"": []}"
BFMOD,2024,145590838.0,,,76287418.0,145590836.0,,,,,11553945.0,,,,,thousands,ok,,"{""sfp"": [], ""pl"": [], ""cfs"": []}"
BFMOD,2025,145590838.0,,,76287418.0,145590836.0,,,,,11553945.0,,,,,thousands,ok,,"{""sfp"": [], ""pl"": [], ""cfs"": []}"
BGL,2017,2355996,2169173,186823,879843,1664255,674149.0,939381.0,-265232.0,-491751,192593,163374,,,,thousands,ok,,"{""sfp"": [30, 29, 31], ""pl"": [32], ""cfs"": [33, 32, 34]}"
BGL,2018,2787201.0,,,650762.0,1256396.0,475518,-676103,-200585,-284034,,,,,,thousands,ok,,"{""sfp"": [33, 32, 34], ""pl"": [34, 33, 35], ""cfs"": [37, 36, 38]}"
BGL,2019,3144800.0,,,1029331.0,1686257.0,1121781,-1225689,-103908,-135623,,,,,,thousands,ok,,"{""sfp"": [33, 32, 34], ""pl"": [34, 33, 35], ""cfs"": [37, 36, 38]}"
BGL,2020,2749635.0,,,716321.0,1594735.0,1494183.0,-1538632.0,-44449.0,-464205,145484.0,,,,,thousands,ok,,"{""sfp"": [33, 32, 34], ""pl"": [34, 33, 35], ""cfs"": [37, 36, 38]}"
BGL,2021,3117599.0,,,390279.0,1502990.0,1252220,-1134721,117499,25457,47382.0,,,,188442,thousands,ok,,"{""sfp"": [33, 32, 34], ""pl"": [34, 33, 35], ""cfs"": [37, 36, 38]}"
BGL,2022,3061089.0,,,572954.0,1802394.0,1346050,-1516629,-170579,-269442,,,,,,thousands,ok,,"{""sfp"": [37, 36, 38], ""pl"": [38, 37, 39], ""cfs"": [41, 40, 42]}"
BGL,2023,2535732.0,,,323550.0,1621861.0,186006,-379696,-193690,-135055,,,,,,thousands,ok,,"{""sfp"": [36, 35, 37], ""pl"": [37, 36, 38], ""cfs"": [40, 39, 41]}"
BGL,2024,4426333,,,868675,2474640,161345,-448027,-286682,-508722,215322,,,,-247256,thousands,ok,,"{""sfp"": [43, 42, 44], ""pl"": [44, 43, 45], ""cfs"": [47, 46, 48]}"
BGL,2025,3905089.0,,,568068.0,2209355.0,717833,-1181622,-463789,-713459,28092.0,,,,-781025,thousands,ok,,"{""sfp"": [40, 39, 41], ""pl"": [41, 40, 42], ""cfs"": [44, 43, 45]}"
BHAT,2013,4405622676,,,2822475889,1303307032.0,6997416846.0,5904141881.0,1093274965.0,586996349.0,53183616,2127754269,,,,thousands,ok,,"{""sfp"": [16, 15, 17], ""pl"": [], ""cfs"": []}"
BHAT,2014,5317291010,,,3039511414,1252150507.0,8060771943.0,7094889744.0,965882199.0,408263002.0,30434591,2164138832,,,,thousands,ok,,"{""sfp"": [15, 14, 16], ""pl"": [], ""cfs"": []}"
BHAT,2015,4721450026,1294423652,3427026374,2597797889,497896695,7350098065.0,6708564222.0,641533843.0,,177071027,1511681396,,,,thousands,review,L5,"{""sfp"": [14, 13, 15], ""pl"": [53], ""cfs"": []}"
BHAT,2016,4705215472,,,2720643471,493104830.0,6637411409.0,5953046999.0,684364410.0,,65285675,1742764490,,,,thousands,ok,,"{""sfp"": [14, 13, 15], ""pl"": [], ""cfs"": []}"
BHAT,2017,5895145725,,,3784088423,1301102267.0,6837254892.0,6082970918.0,754283974.0,,39785959,2713408274,,,,thousands,ok,,"{""sfp"": [16, 15, 17], ""pl"": [], ""cfs"": []}"
BHAT,2018,645592824,,,3790734600,1089455868.0,8073845411.0,7205449439.0,868395972.0,,68266023,2347207583,,,,thousands,review,L5,"{""sfp"": [20, 19, 21], ""pl"": [], ""cfs"": []}"
BHAT,2019,8405927870,,,5183986150,1897523411.0,9347772864.0,8054100783.0,,,143722461,3569018484,,,,thousands,ok,,"{""sfp"": [22, 21, 23], ""pl"": [], ""cfs"": []}"
BHAT,2020,8788870309,,,5733760595,2256904540.0,8923611447.0,8100058950.0,,,114394432,3956409702,,,,thousands,ok,,"{""sfp"": [23, 22, 24], ""pl"": [], ""cfs"": []}"
BHAT,2021,,,,,,12158113068,9426415558,2731697510,1850706203,,,,-54063,3274465088,thousands,ok,,"{""sfp"": [], ""pl"": [33], ""cfs"": [36]}"
BHAT,2022,,,,,,17252509050.0,13178129028.0,4074380022.0,,,,,,,thousands,ok,,"{""sfp"": [34, 33, 35], ""pl"": [], ""cfs"": []}"
BHAT,2023,26223693726,15488208027,,,,18545108053.0,15554879715.0,2990228338.0,,,,,,,thousands,ok,,"{""sfp"": [34, 33, 35], ""pl"": [], ""cfs"": []}"
BHAT,2024,26664941156,15801827474,10863113682,17548239301,11427657850,33057244654.0,-30023432811.0,3033811843.0,,736372277,11747332888,,,,thousands,ok,,"{""sfp"": [41, 40, 42], ""pl"": [], ""cfs"": []}"
BHAT,2025,26925012629,15962857152,10962155477,18002690467,12002814597,32907546738.0,-30319406416.0,2588140322.0,,171836812,12016094917,,,,thousands,ok,,"{""sfp"": [42, 41, 43], ""pl"": [], ""cfs"": []}"
BIFO,2013,,,,654717126.0,651361948.0,,-827242174.0,457448600.0,286261265.0,16432630.0,,,,,thousands,ok,,"{""sfp"": [16, 15, 17], ""pl"": [], ""cfs"": []}"
BIFO,2014,,,,753242826.0,753242826.0,,-727123298.0,537455835.0,318641161.0,13463914.0,,,,,thousands,ok,,"{""sfp"": [19, 18, 20], ""pl"": [], ""cfs"": []}"
BIFO,2015,1373317619,457206036,916111583,394058975.0,815368043.0,,-780523845.0,621458255.0,392541620.0,34401396.0,,,,,thousands,ok,,"{""sfp"": [19, 18, 20], ""pl"": [], ""cfs"": []}"
BIFO,2016,924546629,545148228,924546629,901170778,507826010,,-772383456.0,675499733.0,398435046.0,29908284,17145218,,,,thousands,review,L1;L5,"{""sfp"": [19, 18, 20], ""pl"": [], ""cfs"": []}"
BIFO,2017,,,,854241195.0,854241195.0,,-641340658.0,558291565.0,320578624.0,28432880.0,,,,,thousands,ok,,"{""sfp"": [28, 27, 29], ""pl"": [], ""cfs"": []}"
BIFO,2018,,,,1044979997.0,1044979997.0,,-841706262.0,836830835.0,532610367.0,25630333.0,,,,,thousands,ok,,"{""sfp"": [34, 33, 35], ""pl"": [], ""cfs"": []}"
BIFO,2019,1405239704,867041717,1405239704,1193880653,-800813888.0,,,,359892004.0,40534570.0,,,,,thousands,review,L1,"{""sfp"": [37, 36, 38], ""pl"": [], ""cfs"": []}"
BIFO,2020,,,,1163410372.0,1163410372.0,,-1022846086.0,563703990.0,245870647.0,43269280.0,383602284.0,,,,thousands,ok,,"{""sfp"": [32, 31, 33], ""pl"": [], ""cfs"": []}"
BIFO,2022,3653501,,,1593672292.0,1593672292.0,,-1086118585.0,581981002.0,247729187.0,71855534.0,542924259.0,,,,thousands,ok,,"{""sfp"": [33, 32, 34], ""pl"": [], ""cfs"": []}"
BIFO,2023,,,,1812484410.0,1771973467.0,,-1529135366.0,1183962723.0,607678955.0,65061864.0,701685072.0,,,,thousands,ok,,"{""sfp"": [35, 34, 36], ""pl"": [], ""cfs"": []}"
BIFO,2024,3601270830,665157559,,1352677162.0,1398783512.0,,-1389584113.0,1015497482.0,295027465.0,85126346.0,664272833.0,,,,thousands,ok,,"{""sfp"": [35, 34, 36], ""pl"": [], ""cfs"": []}"
BIFO,2025,,,,2144143343.0,1097274155.0,,-1865125936.0,1036960575.0,389489921.0,81067993.0,823271446.0,,,,thousands,ok,,"{""sfp"": [35, 34, 36], ""pl"": [], ""cfs"": []}"
BILF,2013,,1055244994,293936854,290650105,313164492,1823174371.0,-1688216858.0,134957513.0,,6689882,185158,,,,thousands,review,L5;L5,"{""sfp"": [12, 11, 13], ""pl"": [], ""cfs"": []}"
BILF,2014,,,,,,2042478025.0,-1936368752.0,106109273.0,,9087624.0,,,,,thousands,ok,,"{""sfp"": [12, 11, 13], ""pl"": [], ""cfs"": []}"
BILF,2015,,,,,,1638363952.0,-1708276608.0,,-126493208.0,5843916.0,,,,,thousands,ok,,"{""sfp"": [12, 11, 13], ""pl"": [], ""cfs"": []}"
BILF,2016,,,,,,1067924088.0,-1222800142.0,-154876054.0,-152123035.0,411768.0,,,,,thousands,ok,,"{""sfp"": [13, 12, 14], ""pl"": [], ""cfs"": []}"
BILF,2017,,,,,408745566.95,,,,,,,,,,thousands,ok,,"{""sfp"": [12, 11, 13], ""pl"": [], ""cfs"": []}"
BILF,2018,,,,,,,,,,369276.0,,,,,thousands,ok,,"{""sfp"": [23, 22, 24], ""pl"": [], ""cfs"": []}"
BIPL,2013,86856.0,80613.0,,,,,,,,,,,,3107131,thousands,ok,,"{""sfp"": [], ""pl"": [28], ""cfs"": [52]}"
BIPL,2014,101984.0,95117.0,,,,,,,,,,,,809455,thousands,ok,,"{""sfp"": [], ""pl"": [14], ""cfs"": [61]}"
BIPL,2018,215743256,201228441,14514815,,,,,,212664,14292752,,,,190873,thousands,review,L5;L5,"{""sfp"": [70, 186], ""pl"": [71, 72, 187], ""cfs"": [74, 73, 75, 190]}"
BIPL,2019,283096494,263400162,19696332,,,12423575,,,1087338,14640163,,,,17027070,thousands,review,L5;L5,"{""sfp"": [97, 208, 209, 261, 264], ""pl"": [98, 99, 210, 285], ""cfs"": [101, 100, 102, 212]}"
BIPL,2020,336297298,316402125,19895173,,,,,,,22034025,,,,60388670,thousands,ok,,"{""sfp"": [110, 111, 112, 114, 213, 285], ""pl"": [147, 214, 159, 172, 174], ""cfs"": [217, 177, 178, 179, 181]}"
BIPL,2021,408390174,385878972,22511202,,,,,,,24552347,,,,26330721,thousands,ok,,"{""sfp"": [107, 204, 207, 276], ""pl"": [108, 239], ""cfs"": [111, 110, 112, 240]}"
BIPL,2022,487239112,797189591,26790944,,,,,,4439635,39972702,,,,70942572,thousands,review,L1,"{""sfp"": [116, 210, 255, 272, 274], ""pl"": [118, 212], ""cfs"": [120, 119, 121, 214]}"
BIPL,2023,654865896,1075324212,36465918,,,43494329,,,11045099,41287071,,,-2847335,141688927,thousands,review,L1;L5;L5;L5,"{""sfp"": [107, 174, 175, 203, 204, 269, 271], ""pl"": [108, 109, 207, 272], ""cfs"": [111, 110, 112, 237]}"
BIPL,2024,737834025,689524749,48309276,,,,,,11833541,41093952,,,-2939378,37004436,thousands,review,L5;L5;L5,"{""sfp"": [101, 166, 171, 175, 177, 178, 208], ""pl"": [102, 103, 209, 211], ""cfs"": [105, 104, 106, 220]}"
BIPL,2025,771342878,722728970,48309276,,,74233332,,,35683981,71821007,,,-3032645,29828669,thousands,ok,,"{""sfp"": [103, 179, 209, 210, 288, 289], ""pl"": [104, 210, 178, 288, 289], ""cfs"": [107, 106, 108, 211]}"
BIPLS,2018,1825951,951686,874265,1203967,801686,,,,,546138,,,,,thousands,ok,,"{""sfp"": [42, 41, 43, 78], ""pl"": [43, 42, 44, 79], ""cfs"": [44, 43, 45, 101]}"
BIPLS,2019,1895960,1142565,753395,1385195,982676,213466,,,-11941,238825,,,,,thousands,review,L2.5;L5;L5,"{""sfp"": [37, 36, 38, 100], ""pl"": [38, 37, 39, 23, 101], ""cfs"": [39, 38, 40, 102]}"
BIPLS,2020,2680713.0,,,2264113.0,,,,,,909207.0,,,,,thousands,ok,,"{""sfp"": [37, 36, 38, 69], ""pl"": [38, 37, 39, 70], ""cfs"": [39, 38, 40, 71]}"
BIPLS,2021,2108374.0,,,1755494.0,1026085.0,,,,,865752.0,,,,,thousands,review,L2.5,"{""sfp"": [40, 39, 41, 72], ""pl"": [41, 40, 42, 73], ""cfs"": [42, 41, 43, 74]}"
BNL,2018,2369210139,952461481,1416748658,558517109,537089601,,,,138164115.0,5023651,241751180,,,,thousands,review,L5;L5,"{""sfp"": [24, 23, 25], ""pl"": [], ""cfs"": []}"
BNL,2019,,,,15364897.0,508453095.0,,,,112375308.0,,,,,,thousands,ok,,"{""sfp"": [], ""pl"": [], ""cfs"": []}"
BNL,2020,2676874461.0,,,1191304148.0,849194061.0,,,,,,,,,,thousands,ok,,"{""sfp"": [], ""pl"": [], ""cfs"": []}"
BNL,2021,3421541571,1649339235,1772202335,922969969,78362,,-2627641418.0,942403835.0,177952713.0,28788910.0,362986413.0,,,,thousands,review,L5,"{""sfp"": [23, 22, 24], ""pl"": [], ""cfs"": []}"
BNL,2022,3798338049,1842557073,1903883323,1142089378,1122945690,,-3478245931.0,990656666.0,138958781.0,1445986,489166590,,,,thousands,review,L1,"{""sfp"": [27, 26, 28], ""pl"": [], ""cfs"": []}"
BNL,2023,4060635376.0,,,1365310417.0,1445699955.0,,-4326891340.0,1359731299.0,131504283.0,6416211.0,590163027.0,,,,thousands,ok,,"{""sfp"": [28, 27, 29], ""pl"": [], ""cfs"": []}"
BNL,2024,4142143796,2315951542,1826192254,1382831109,1732337677,,-5585396742.0,1423871032.0,,895660,445329325,,,,thousands,ok,,"{""sfp"": [28, 27, 29], ""pl"": [], ""cfs"": []}"
BNL,2025,4729355340,2081909771,2647445569,1421208851,1453303983,,-5445332378.0,1935015380.0,,35221550,486695791,,,,thousands,ok,,"{""sfp"": [44, 43, 45], ""pl"": [], ""cfs"": []}"
BNWM,2018,3332366.0,650639.0,,1121266.0,514118.0,838619,565785,272834,51303,,619289.0,,,,thousands,review,L2.5,"{""sfp"": [34, 33, 35], ""pl"": [35, 34, 36], ""cfs"": [36, 35, 37]}"
BNWM,2019,3007647,1686136,1321511,1063252,1407826,2218285,517942,166969,-17083,,533053.0,,-20390,-69708,thousands,review,L1;L2.5;L2.5;L2.5;L5;L5;L5;L5;L5,"{""sfp"": [34, 33, 35, 51, 52], ""pl"": [35, 34, 36], ""cfs"": [37, 36, 38]}"
BNWM,2024,3891262,758219,3133043,1168196,554968,891268.0,659266,232002,306214,,815116,,,,thousands,ok,,"{""sfp"": [45, 44, 46], ""pl"": [46, 45, 47], ""cfs"": []}"
BNWM,2025,3851127,816651,3034476,1258155,591284,968556.0,696335,272221,-98425,,995099,,,,thousands,ok,,"{""sfp"": [50, 49, 51], ""pl"": [51, 50, 52], ""cfs"": []}"
BOK,2013,108170.0,,,,,,,,,,,,,,thousands,ok,,"{""sfp"": [], ""pl"": [], ""cfs"": []}"
BOK,2014,38811.0,,,,,,,,,,,,,,thousands,ok,,"{""sfp"": [52, 120], ""pl"": [53], ""cfs"": [56, 55, 57]}"
BOK,2015,50794.0,,,,,5646803,,,,,,,-992566,24578335,thousands,ok,,"{""sfp"": [65, 136], ""pl"": [66], ""cfs"": [69, 68, 70]}"
BOK,2016,,,,,,,,,,,,,-1240534,55468753,thousands,ok,,"{""sfp"": [58, 126], ""pl"": [59, 127], ""cfs"": [62, 61, 63]}"
BOK,2017,,,,,,,,,,,,,-1488860,-3663312,thousands,ok,,"{""sfp"": [60, 131], ""pl"": [61, 132], ""cfs"": [64, 63, 65]}"
BOK,2018,223095.0,,,,,,,,466099.0,,,,-1500928,-36733783,thousands,ok,,"{""sfp"": [37], ""pl"": [38, 37, 39], ""cfs"": [41, 40, 42]}"
BOK,2019,306305.0,,,,,6029987,,,1306039,,,,,55553621,thousands,ok,,"{""sfp"": [38], ""pl"": [39, 38, 40], ""cfs"": [42, 41, 43]}"
BOK,2020,288300.0,,,,,9639542,,,2151783,,,,-500213,-31725542,thousands,review,L5,"{""sfp"": [29], ""pl"": [30, 31], ""cfs"": [33, 32, 34]}"
BOK,2021,358606.0,,,,,7812067,,,1103627,,,,-1464743,78723634,thousands,review,L5,"{""sfp"": [33], ""pl"": [34], ""cfs"": [37, 36, 38]}"
BOK,2022,,,,,,8533252,,,454864,,,,,-15404042,thousands,review,L5,"{""sfp"": [37], ""pl"": [38, 39], ""cfs"": [41, 40, 42]}"
BOK,2023,,,,,,16001583,,,3481277,,,,,,thousands,ok,,"{""sfp"": [41], ""pl"": [42, 43], ""cfs"": []}"
BOK,2024,477563867,455664648,21899219,,,18269988,,,3615121,23993,,,-1639510,58107854,thousands,review,L5;L5,"{""sfp"": [41], ""pl"": [42, 43], ""cfs"": [45, 44, 46]}"
BOK,2025,453299614,429622924,23676690,,,23126168,,,5815763,25398116,,,-3668646,407883,thousands,review,L5;L5,"{""sfp"": [41], ""pl"": [42, 43], ""cfs"": [45, 44, 46]}"
BOP,2018,714379592,676659301,37875744,,,,,,,49427572,,,,,thousands,ok,,"{""sfp"": [99, 114, 115, 116, 118, 120, 127, 128, 129, 130, 131, 132, 231, 232, 233, 234], ""pl"": [67, 164, 182, 282], ""cfs"": [69, 68, 70, 165, 183, 281]}"
BOP,2019,,,,,,30696403,,,8248529,,,,-1982769,178737578,thousands,review,L5,"{""sfp"": [117, 118, 119, 121, 123, 130, 131, 132, 133, 134], ""pl"": [68, 150, 171, 254], ""cfs"": [71, 70, 72, 151, 178]}"
BOP,2020,,,,,,,,,,,,,-1982769,,thousands,ok,,"{""sfp"": [179, 180, 181, 275, 309], ""pl"": [117, 310], ""cfs"": [120, 121]}"
BOP,2022,,,,,,41334580,,,10834207,,,,,-135981946,thousands,ok,,"{""sfp"": [203, 316, 319], ""pl"": [204, 298, 315], ""cfs"": [207, 208, 320, 344]}"
BOP,2023,2356151854,2291099841,65052013,,,,,,11339185,78017550,,,,,thousands,review,L5,"{""sfp"": [255, 256, 257, 273, 274, 275, 276, 277, 294, 295, 313, 340, 355, 374, 375, 376, 391, 392, 393, 394, 395, 412], ""pl"": [195, 294, 295, 413], ""cfs"": [295, 294, 296]}"
BOP,2024,2379979210,2287448065,92531145,,,70845948,,,13375362,100773480,,,-3271569,,thousands,review,L5,"{""sfp"": [185, 312, 313, 419], ""pl"": [186, 296, 316, 420], ""cfs"": [189, 188, 190, 297, 317]}"
BOP,2025,2951683767,2847544343,104139424,,,100967949,,,15937630,111746522,,,-9160394,,thousands,review,L5,"{""sfp"": [186, 409, 410], ""pl"": [187, 410], ""cfs"": [190, 189, 191, 411]}"
BPBL,2013,11374,18795,,,,,,,,,,,,,thousands,ok,,"{""sfp"": [15], ""pl"": [16], ""cfs"": [18, 17, 19]}"
BPBL,2018,,13422,,,,,,,,,,,,,thousands,ok,,"{""sfp"": [19, 18, 20], ""pl"": [20, 19, 21], ""cfs"": [22, 21, 23]}"
BPBL,2019,,,,,12846.0,,,,,,,,,,thousands,ok,,"{""sfp"": [18, 17, 19], ""pl"": [19, 18, 20], ""cfs"": [21, 20, 22]}"
BPBL,2021,105702081.0,,,,,,,,,,,,,,thousands,ok,,"{""sfp"": [10, 9, 11], ""pl"": [], ""cfs"": []}"
BPL,2017,1643693,865374,778319,301658.0,501755.0,1826825,-1617005,209820,29033,111924.0,50755.0,,,187794,thousands,ok,,"{""sfp"": [41, 40, 42, 80], ""pl"": [42, 41, 43, 81], ""cfs"": [44, 43, 45, 83]}"
BPL,2018,1750238,977817,547533,402295,600786,2926076,-2693563,232513,19715,110922,95341,,,68580,thousands,review,L1;L5,"{""sfp"": [51, 50, 52, 97], ""pl"": [98], ""cfs"": [54, 53, 55, 100]}"
BPL,2019,1731847,912403,819444,437872,523824,3249870,-3034515,215355,25857,173732,75422,66181,,93135,thousands,ok,,"{""sfp"": [55, 54, 56, 107, 108], ""pl"": [56, 55, 57, 110], ""cfs"": [58, 57, 59]}"
BPL,2020,1749450,1060294,689156,420223,628523,2582454,2448638,133816,-109829,265197,43901,,,153889,thousands,ok,,"{""sfp"": [61, 60, 62, 125], ""pl"": [62, 61, 63], ""cfs"": [64, 63, 65, 129]}"
BPL,2021,1664543,1087976,576567,524134,621404,2591297,-2557808,33489,-119754,92822,19134,,,-144436,thousands,ok,,"{""sfp"": [63, 62, 64, 137], ""pl"": [64, 63, 65, 138], ""cfs"": [67, 66, 68, 141]}"
BPL,2022,1696427,1086975,609452,539735,478217,4494627,4328477,166150,26839,96296.0,44925.0,,,-107251,thousands,review,L5,"{""sfp"": [62, 61, 63, 134], ""pl"": [63, 62, 64, 135], ""cfs"": [66, 65, 67, 138]}"
BPL,2023,1514973,971393,543580,385177.0,426658.0,3533606,-3382538,151068,-66415,20853.0,26348.0,,,86008,thousands,ok,,"{""sfp"": [135, 134, 136], ""pl"": [136, 135, 137], ""cfs"": [139, 138, 140]}"
BPL,2025,1301631.0,,,334889.0,572301.0,1658578,-1575471,83107.0,,34965.0,18150.0,,,,thousands,ok,,"{""sfp"": [62, 61, 63, 165], ""pl"": [63, 62, 64, 166], ""cfs"": [65, 64, 66, 172]}"
BTL,2013,4149521741,1728300278,2421221463,2147818933,1144986462,5765769907.0,4952738039.0,813031868.0,394614471.0,36978537,1570261938,,,,thousands,ok,,"{""sfp"": [16, 15, 17], ""pl"": [], ""cfs"": []}"
BTL,2014,5466062719,2847037357,2619025362,2217504650,1404996692,7379595796.0,6605290312.0,774305484.0,233536460.0,59251067,1485039828,,,,thousands,ok,,"{""sfp"": [14, 13, 15], ""pl"": [], ""cfs"": []}"
BTL,2015,4960871757,2282031080,2678840677,1877665444,1038509989,7623285484.0,6973055429.0,650230055.0,82000630.0,57187026,1186679255,,,,thousands,ok,,"{""sfp"": [14, 13, 15], ""pl"": [], ""cfs"": []}"
BTL,2016,6120375062,3361324389,2759050673,2593541750,1765146036,6846744492.0,6325609015.0,521135477.0,94938520.0,65240024,1592564953,,,,thousands,ok,,"{""sfp"": [14, 13, 15], ""pl"": [], ""cfs"": []}"
BTL,2017,7081674882,4108396321.0,2973278561.0,3169630082,,8064238429.0,7268794921.0,795443508.0,245796500.0,35442494,1821519639,,,,thousands,ok,,"{""sfp"": [16, 15, 17], ""pl"": [], ""cfs"": []}"
BTL,2018,9305318352,6053513704,3251804648,5695621913.0,3980545710,10257434039.0,9185919277.0,1071514762.0,368475194.0,,,,,,thousands,ok,,"{""sfp"": [18, 17, 19], ""pl"": [], ""cfs"": []}"
BTL,2019,9128551667,5373462905,3755088762,5333097823,3185410101,12346174829.0,-10733443352.0,,,302171995,3245348436,,,,thousands,ok,,"{""sfp"": [21, 20, 22], ""pl"": [], ""cfs"": []}"
BTL,2020,10762029080,6872481848,3889547232,6936293526,4271425776,12359645877.0,-11111877733.0,,,202877965,5021697279,,,,thousands,ok,,"{""sfp"": [22, 21, 23], ""pl"": [], ""cfs"": []}"
BTL,2021,10020729137,3996023866,6024705271,6117459185,1327122157,,-12120589534.0,3309977846.0,2145301176.0,493118022,4005037124,,,,thousands,ok,,"{""sfp"": [32, 31, 33], ""pl"": [], ""cfs"": []}"
BTL,2022,17325525656,8308974473.0,9016551183.0,1117371557,4336730462.0,,-16976189058.0,5054579759.0,3206701054.0,2578010074,5537502379,,,,thousands,review,L5,"{""sfp"": [32, 31, 33], ""pl"": [], ""cfs"": []}"
BTL,2023,27269973203,17625001196,9644972007,18905535557,11925204720,,-21584363517.0,2572222807.0,750824252.0,481627186,13817307187,,,,thousands,ok,,"{""sfp"": [34, 33, 35], ""pl"": [], ""cfs"": []}"
BTL,2024,23032774754,14950212436,8082562318,15067200593,10888891288,,-30599709962.0,1222063293.0,-1706231465.0,945862986,8896618958,,,,thousands,review,L5,"{""sfp"": [42, 41, 43], ""pl"": [], ""cfs"": []}"
BTL,2025,25271189935,17310761377,7960428558,17380293279,13763873694,,-28238816781.0,2194284199.0,-96881598.0,,,,,,thousands,ok,,"{""sfp"": [40, 39, 41], ""pl"": [], ""cfs"": []}"
BUXL,2013,98259,91832,,90231,91832,142246.0,-117781.0,24465.0,,,28631,,,,thousands,review,L5,"{""sfp"": [12, 11, 13], ""pl"": [], ""cfs"": []}"
BUXL,2014,179027,111477,,110074,111477,150028,-124400,25628,,10154,35810,,,,thousands,ok,,"{""sfp"": [10, 9, 11], ""pl"": [11, 10, 12], ""cfs"": [13, 12, 14]}"
BUXL,2015,171443,101827,,102420,101827,169766,-138341,31425,,12221,20988,,,,thousands,ok,,"{""sfp"": [19, 18, 20], ""pl"": [20, 19, 21], ""cfs"": [22, 21, 23]}"
BUXL,2017,215815,132588,83227,147513,132588,269224,-204528,64696,,18192,32254.0,,,,thousands,review,L5,"{""sfp"": [17, 16, 18], ""pl"": [18, 17, 19], ""cfs"": [20, 19, 21]}"
BUXL,2019,,,,,,256670.0,-225710,30960,-15695,18284.0,63546.0,,,,thousands,ok,,"{""sfp"": [25, 24, 26], ""pl"": [26, 25, 27], ""cfs"": [29, 28, 30]}"
BUXL,2021,399877,265006,134871,256458,263960,354573.0,-296629,57944,,20034.0,100908.0,,,,thousands,ok,,"{""sfp"": [24, 23, 25], ""pl"": [25, 24, 26], ""cfs"": [26, 25, 27]}"
BUXL,2024,,,,316326.0,324256.0,622985,-515662,107323,,,,,,-34888,thousands,ok,,"{""sfp"": [], ""pl"": [16], ""cfs"": [18]}"
BUXL,2025,626373,443047,183326,429589,443047,587141.0,-475257,111884,,47175,82201,,,,thousands,ok,,"{""sfp"": [30, 29, 31], ""pl"": [31, 30, 32], ""cfs"": [33, 32, 34]}"
BWCL,2018,94970640,41660768,53309872,19302686,26552069,52883667,33928169,18955498,13157706,290264,4358080,,-7137509,12039108,thousands,ok,,"{""sfp"": [42, 41, 43], ""pl"": [44, 43, 45], ""cfs"": [47, 46, 48]}"
BWCL,2019,92982311,35376393,57605918,15053645,24734012,53601512,37556552,16044960,10097285,462912,2689443,,-6458274,15806570,thousands,ok,,"{""sfp"": [34, 33, 35], ""pl"": [36, 35, 37], ""cfs"": [39, 38, 40]}"
BWCL,2020,94806495,40153295,54653200,17234410,18675251,37128726,-36011992,1116734,49252,347691,2291473,,-3763844,-1960914,thousands,review,L5,"{""sfp"": [38, 37, 39], ""pl"": [40, 39, 41], ""cfs"": [43, 42, 44]}"
BWCL,2021,98898338,38775804,60122534,21710204,15344303,,-40260925,16603399,11577724,710424,3762448,,,,thousands,ok,,"{""sfp"": [20, 19, 21], ""pl"": [21, 20, 22], ""cfs"": [22, 21, 23]}"
BWCL,2022,133444093,72686187,60757906,25690357,35501681.0,,-49377451.0,22993080.0,10239086,1185554,4437506,,-8273476,13471546,thousands,ok,,"{""sfp"": [37, 36, 38], ""pl"": [39, 38, 40], ""cfs"": [42, 41, 43]}"
BWCL,2023,17513676,113294060.0,,35874695,46234834.0,,-60425675.0,27316137.0,11891698,1186388,7307109,,-14619261,10299421,thousands,review,L5,"{""sfp"": [40, 39, 41], ""pl"": [42, 41, 43], ""cfs"": [45, 44, 46]}"
BWCL,2024,167909448,104849470,63059978,26827335,38295972,103922263,-71695037,32227226,13768575,1561072,5647036,,-13901930,24398847,thousands,review,L5,"{""sfp"": [32, 31, 33], ""pl"": [34, 33, 35], ""cfs"": [37, 36, 38]}"
BWCL,2025,275490698,147256965,128233733,28933822,55584381,,-70480291.0,,,1187558,7113113,,-16381761,25453540,thousands,ok,,"{""sfp"": [32, 31, 33], ""pl"": [34, 33, 35], ""cfs"": [37, 36, 38]}"
BWHL,2013,1137747,177578,960169,776074,134656,1164513,-1024528,139985,55859,34713,502672,,-19806,116907,thousands,review,L5,"{""sfp"": [27, 26, 28], ""pl"": [28, 27, 29], ""cfs"": [30, 29, 31]}"
BWHL,2014,1154340,143143,1011197,794155,91337,1148425,-948811,199614,68504,28905,498712,,-19725,152887,thousands,review,L5,"{""sfp"": [26, 25, 27], ""pl"": [27, 26, 28], ""cfs"": [29, 28, 30]}"
BWHL,2015,1194244,117031,1077213,876483,96164,,-1170149.0,208183.0,95936,255013,452579,,-29757,141456,thousands,review,L5;L5,"{""sfp"": [28, 27, 29], ""pl"": [29, 28, 30], ""cfs"": [31, 30, 32]}"
BWHL,2016,1338582,,,354064,209047.0,,,373347.0,153272.0,44051,468685,,-39680,201467,thousands,review,L5,"{""sfp"": [15, 14, 16], ""pl"": [21, 20, 22], ""cfs"": [37, 36, 38]}"
BWHL,2017,1459680.0,,,1083073.0,190477.0,1533650,,298905,126342,,518874.0,,,,thousands,ok,,"{""sfp"": [48], ""pl"": [21, 20, 22], ""cfs"": [48, 47, 49]}"
BWHL,2018,,,,,,1882640,,269964.0,87789.0,,,,,,thousands,ok,,"{""sfp"": [], ""pl"": [25, 24, 26], ""cfs"": []}"
BWHL,2020,1508659.0,,,1086124.0,151580.0,912820,-795406,117144,18920,,413575.0,,,,thousands,ok,,"{""sfp"": [14, 13, 15], ""pl"": [15, 14, 16], ""cfs"": []}"
BWHL,2022,,,,,,,,611652.0,208238.0,,,,,,thousands,ok,,"{""sfp"": [], ""pl"": [], ""cfs"": []}"
BWHL,2023,2357633,301662,2055971,1394905,255294,,-1349925,325932,136406,18772,649130,,-122246,,thousands,review,L5,"{""sfp"": [46, 45, 47], ""pl"": [47, 46, 48], ""cfs"": [49, 48, 50]}"
BWHL,2024,2519021,402171,2116850,1599677,366289,,-1705948,468533,240665,,555749.0,,-178510,259235,thousands,ok,,"{""sfp"": [51, 50, 52], ""pl"": [52, 51, 53], ""cfs"": [55, 54, 56]}"
BWHL,2025,,,,,,2305239,-1738118,567121,315582,,,,-118798,45738,thousands,ok,,"{""sfp"": [], ""pl"": [47], ""cfs"": [50, 49, 51]}"
BYCO,2014,,,,38589.0,37786.0,,,,,,,,,,thousands,ok,,"{""sfp"": [], ""pl"": [], ""cfs"": []}"
BYCO,2015,55452014,50263735,5188279,19065604,36891959.0,94807329.0,-89940833.0,4866496.0,,687576.0,4859615.0,,,,thousands,review,L5,"{""sfp"": [22, 21, 23, 63], ""pl"": [], ""cfs"": []}"
BYCO,2016,55893749,49338320,6555429,20641925,39178551,79433874,-73419493,6014381,1367498,233383,7331755,,,,thousands,ok,,"{""sfp"": [22, 21, 23, 63], ""pl"": [23, 22, 24], ""cfs"": [25, 24, 26, 66]}"
BYCO,2017,113856070,87920325,25935745,20799792,56565543,88572580,-83956677,4615903,2122237,249577,12582849,,,,thousands,ok,,"{""sfp"": [24, 23, 25, 64], ""pl"": [25, 24, 26], ""cfs"": [27, 26, 28, 67]}"
BYCO,2018,129748100,99526332,30221768,40373979,72702495,166290362,-157140541,9149821,5019830,641404,,,,,thousands,ok,,"{""sfp"": [16, 15, 17, 44], ""pl"": [16, 15, 17, 44], ""cfs"": [17, 16, 18, 45]}"
BYCO,2019,130142717,10192448,28218228,41894941,75814486.0,,,,,,,,,,thousands,review,L1,"{""sfp"": [33, 32, 34, 79, 80], ""pl"": [33, 32, 34, 79, 80], ""cfs"": [38, 47, 81, 82]}"
BYCO,2020,126016153,99815337,26200816,36312737,71521412,173898930,-171002486,2896444,-2430799,2319220,22878892,,,,thousands,ok,,"{""sfp"": [18, 17, 19], ""pl"": [18, 17, 19], ""cfs"": [20, 19, 21]}"
BYCO,2021,137998099,108152079,29846020,47747223,78630699.0,142150298,-134042023,8108275,3595840,2249958.0,33584673.0,,,9249784,thousands,ok,,"{""sfp"": [33, 32, 34, 81], ""pl"": [34, 33, 35, 82, 83], ""cfs"": [37, 36, 38, 85]}"
CCM,2013,3938320,838107,577689,1098836,803818,3816579,-3334328,482251,255979,136163,389160,,-26342,135687,thousands,review,L1,"{""sfp"": [20, 19, 21, 84, 85, 88, 91, 105, 106, 108, 109, 110], ""pl"": [22, 21, 23], ""cfs"": [24, 23, 25]}"
CCM,2014,3935942,796617,616801,1008150,739980,4958623,-4589610,369013,96900,119929,413869,,,54115,thousands,review,L1;L5,"{""sfp"": [20, 19, 21, 78], ""pl"": [22, 21, 23], ""cfs"": [24, 23, 25, 70]}"
CCM,2015,3903480,761783,598324,818189,702783,3832247,-3608210,224037,-21454,16628,395340,,-38429,54357,thousands,review,L1,"{""sfp"": [22, 21, 23, 84], ""pl"": [24, 23, 25, 85], ""cfs"": [26, 25, 27]}"
CCM,2019,6524641,1856985,4667656,1311347,1625125,7393034,-7104456,288578,-91561,50275,474606,,,-124908,thousands,ok,,"{""sfp"": [40, 39, 41, 100, 130, 145], ""pl"": [42, 41, 43, 102, 130], ""cfs"": [45, 44, 46, 105, 145]}"
CCM,2020,6829463,2132507,4699956,1573366,1810033,5517184,-5151826,365358,41548,41668,540181,,,-121447,thousands,ok,,"{""sfp"": [38, 37, 39, 97], ""pl"": [40, 39, 41, 99], ""cfs"": [43, 42, 44, 102]}"
CCM,2021,6690554,1666925,5023629,1426580,1313982,5405943,-4680320,725623,321584,142717,488087,,,547633,thousands,ok,,"{""sfp"": [39, 38, 40, 104, 153, 154], ""pl"": [41, 40, 42, 106], ""cfs"": [44, 43, 45, 109, 154]}"
CCM,2022,7381539,2007553,5373986,2011595,1735895,7115273,-6388941,726332,249004,43637,657889,,,-232909,thousands,ok,,"{""sfp"": [40, 39, 41, 126, 138, 150, 152, 158], ""pl"": [42, 41, 43], ""cfs"": [45, 44, 46]}"
CCM,2023,8211031,2108946,6102085,2235311,1956067,6386209,-5918058,468151,114785,49638,636156,,-16788,225734,thousands,ok,,"{""sfp"": [40, 39, 41, 124, 133, 149], ""pl"": [42, 41, 43, 125, 133], ""cfs"": [45, 44, 46]}"
CCM,2024,8288588,2136180,6152408,2361107,1948299,,476954.0,-62668.0,50679,20429,556583,,,-105308,thousands,review,L5;L5,"{""sfp"": [40, 39, 41, 103, 135, 151, 157, 158], ""pl"": [42, 41, 43, 105, 132, 157], ""cfs"": [45, 44, 46, 108, 157]}"
CCM,2025,8410512,2143395,6271117,2955889,2000417,5573501.0,-5141580.0,431921.0,60710,15481,647141,,,-244345,thousands,review,L5;L5,"{""sfp"": [39, 38, 40, 151, 157, 158], ""pl"": [41, 40, 42], ""cfs"": [44, 43, 45, 151]}"
CENI,2013,1738929073,627323072.0,,,,,,,,,,,,,thousands,ok,,"{""sfp"": [45, 44, 46], ""pl"": [], ""cfs"": []}"
CENI,2014,1876722425,691411546,1185310879,483152100,,,,,142371499.0,245204916,,,,,thousands,ok,,"{""sfp"": [47, 46, 48], ""pl"": [], ""cfs"": []}"
CENI,2015,2660358470.0,906467979,1753890491,,,,,,638312753.0,,,,,,thousands,ok,,"{""sfp"": [47, 46, 48], ""pl"": [], ""cfs"": []}"
CENI,2016,2660683195.0,951366848.0,,,,,,,185867163.0,,,,,,thousands,ok,,"{""sfp"": [57, 56, 58], ""pl"": [], ""cfs"": []}"
CENI,2017,2772776682.0,1005061643.0,,,,,,,140006276.0,,,,,,thousands,ok,,"{""sfp"": [63, 62, 64], ""pl"": [], ""cfs"": []}"
CENI,2018,,,,,,687548,,,71327,,,,,,thousands,ok,,"{""sfp"": [], ""pl"": [28, 27, 29], ""cfs"": []}"
CENI,2019,,,,,,884057,,,162371,,,,,,thousands,ok,,"{""sfp"": [], ""pl"": [26, 25, 27], ""cfs"": []}"
CENI,2020,,1836698.0,,,,1052473,,,242602,,,,,,thousands,review,L5,"{""sfp"": [], ""pl"": [24, 23, 25], ""cfs"": []}"
CENI,2021,,2049066.0,,,8395438.0,,,,,,,,,,thousands,ok,,"{""sfp"": [14, 13, 15], ""pl"": [14, 13, 15], ""cfs"": []}"
CENI,2022,1585500.0,2264976.0,,,,1463237,,,313354,,,,,,thousands,ok,,"{""sfp"": [], ""pl"": [28, 27, 29], ""cfs"": []}"
CENI,2023,2249131.0,,,,,1881188,,,496869,,,,,,thousands,ok,,"{""sfp"": [], ""pl"": [28, 27, 29], ""cfs"": []}"
CENI,2025,,,,,,,,,2193850.0,,,,,,thousands,ok,,"{""sfp"": [], ""pl"": [], ""cfs"": []}"
CEPB,2013,13275091.0,,,4399660.0,2736160.0,14235621.0,-11689775.0,2545846.0,928166,77161.0,2015766.0,,-419524,1678263,thousands,ok,,"{""sfp"": [46], ""pl"": [46, 45, 47], ""cfs"": [48, 47, 49]}"
CEPB,2014,13178937,7434247,5744690,4830280,3425754,14667669,-12646230,2021439,629849,68975,2563413,,-236992,1033571,thousands,ok,,"{""sfp"": [45, 44, 46], ""pl"": [46, 45, 47], ""cfs"": [48, 47, 49]}"
CEPB,2015,14107628,8588882,5518746,4681692,3861145,13186182,-12308379,877803,-205398,120987,1982334,,,961494,thousands,review,L2.5,"{""sfp"": [47, 46, 48], ""pl"": [48, 47, 49], ""cfs"": [50, 49, 51]}"
CEPB,2016,14980749,9130183,5850566,4887897,4556883,13389130,-12121851,1267279,322391,217494,1731864,,,1535687,thousands,ok,,"{""sfp"": [69, 68, 70], ""pl"": [70, 69, 71], ""cfs"": [72, 71, 73]}"
CEPB,2017,15437480,9724455,5713025,5704281,5802461,15401157.0,-13609628.0,1791529.0,602216,226476,1963091,,,,thousands,review,L2.5,"{""sfp"": [73, 72, 74], ""pl"": [75], ""cfs"": []}"
CEPB,2018,17304.0,,,,,22191.0,,,,,,,,,thousands,ok,,"{""sfp"": [], ""pl"": [], ""cfs"": []}"
CEPB,2019,18453742,12264808,6188934,9058422,7544628,22240624,-19578326,2662298,884154,351700,3484174.0,,-932798,,thousands,review,L2.5,"{""sfp"": [91, 90, 92], ""pl"": [92, 91, 93], ""cfs"": [94, 93, 95]}"
CEPB,2020,18596995,11014721,7582274,9276441,7326171,24344956,-20408583,3936373.0,1521772,237166,3727784,,-146978,2895153,thousands,review,L2.5,"{""sfp"": [75, 74, 76], ""pl"": [76, 75, 77], ""cfs"": [78, 77, 79]}"
CEPB,2021,21407555,11085640,10321915,11443113,7152255,28659905,-22964541,5695364,2959661,492503,5188539,,-220528,3060226,thousands,review,L2.5;L5,"{""sfp"": [85, 84, 86], ""pl"": [86, 85, 87], ""cfs"": [88, 87, 89]}"
CEPB,2022,28795956,16569494,12226462,17545935,13193075.0,39000247,-34027277,4972970,2211921,759729.0,8400202.0,,-264487,-1881845,thousands,review,L2.5,"{""sfp"": [93, 92, 94], ""pl"": [94, 93, 95], ""cfs"": [96, 95, 97]}"
CEPB,2023,29896203,16784236,13111967,18133829,10582450,47661248,-43219678,4441570,904989,800991,8755430,,,1226263,thousands,review,L2.5,"{""sfp"": [111, 110, 112], ""pl"": [112, 111, 113], ""cfs"": [114, 113, 115]}"
CEPB,2024,29536931.0,,,18161144.0,11125456.0,,,4065829.0,523893,788493.0,6857445.0,,,1932010,thousands,ok,,"{""sfp"": [112], ""pl"": [113], ""cfs"": [114, 113, 115, 38]}"
CEPB,2025,29901810,16486413,13415397,18928184,13475196,37280573,-34617073,2663500,-345422,865791,6523944,,,-475970,thousands,ok,,"{""sfp"": [100, 99, 101], ""pl"": [101, 100, 102], ""cfs"": [103, 102, 104]}"
CFL,2014,1747347506,849947656,897399850,873111846,532481773,3524062023.0,-3097094499.0,426967524.0,175698628.0,141018354,166893810,,,,thousands,review,L5,"{""sfp"": [14, 13, 15], ""pl"": [], ""cfs"": []}"
CFL,2015,2169490899,1245036987,924453912,959473694,643117877,3113640693.0,-2847729211.0,265911482.0,44530837.0,8272494,151757057,,,,thousands,review,L5,"{""sfp"": [14, 13, 15], ""pl"": [], ""cfs"": []}"
CFL,2016,2345597530,1410388155,935209375,1079631770,838581419,3501765456.0,-3317253287.0,184512169.0,30179255.0,183988955,239201212,,,,thousands,ok,,"{""sfp"": [15, 14, 16], ""pl"": [], ""cfs"": []}"
CFL,2017,2678336858,1623237639,1055099219,1423212999,1096423305,3887436716.0,-3711106980.0,176329736.0,25069626.0,69421095,382608424,,,,thousands,ok,,"{""sfp"": [15, 14, 16], ""pl"": [], ""cfs"": []}"
CFL,2018,4873464695,1805287126,3068059569,1712461451,1415648999,4439239208.0,-4155531171.0,283708037.0,67929477.0,104475891,563098872,,,,thousands,review,L2.5,"{""sfp"": [23, 22, 24], ""pl"": [], ""cfs"": []}"
CFL,2020,5654531666.0,,,3179857723.0,348141685.0,5023570129.0,-4624193242.0,399376887.0,108769211.0,152371268.0,780383651.0,,,,thousands,ok,,"{""sfp"": [22, 21, 23], ""pl"": [], ""cfs"": []}"
CFL,2021,5453011523,1729163398,3723848125,2307888352,1299076293,6091013443.0,-5246900680.0,844112763.0,454239259.0,221423239,349327257,,,,thousands,ok,,"{""sfp"": [22, 21, 23], ""pl"": [], ""cfs"": []}"
CFL,2024,6803994938.0,,,1905733659.0,2330812747.0,6499839404.0,-6749160113.0,,,62513872.0,698249075.0,,,,thousands,review,L2.5;L2.5,"{""sfp"": [22, 21, 23], ""pl"": [], ""cfs"": []}"
CFL,2025,6002158155,2780596175,3221561980,1615955755,220490,4330539341.0,-4686951633.0,-356412292.0,-775711699.0,41943574.0,304352186.0,,,,thousands,review,L5;L5,"{""sfp"": [23, 22, 24], ""pl"": [], ""cfs"": []}"
CHAS,2016,10072321.0,5996962.0,,1898319.0,2626452.0,11206209,-10100778,1105431,297450,,571183.0,,,,thousands,ok,,"{""sfp"": [24, 23, 25], ""pl"": [25, 24, 26], ""cfs"": [26, 25, 27]}"
CHAS,2018,13815725,8010243,5805482,4170076,5184694,10275004,9004826,1270178,193623,188782,2242638,,-42210,232349,thousands,review,L5,"{""sfp"": [40, 39, 41, 110], ""pl"": [41, 40, 42, 123], ""cfs"": [43, 42, 44, 125]}"
CHAS,2019,13526341,7204882,6321459,4187304,4532166,12420711,-10183656,2237055,578648,203931,1724824,,-42340,2028182,thousands,review,L5,"{""sfp"": [38, 37, 39, 92], ""pl"": [39, 38, 40, 93], ""cfs"": [41, 40, 42, 95]}"
CHAS,2020,14889960,7199436,7690524,4387455.0,4043189.0,15929690,-13040438,2889252,746115,281856.0,1241999.0,,-141609,2642898,thousands,review,L5,"{""sfp"": [38, 37, 39, 103], ""pl"": [39, 38, 40, 124], ""cfs"": [42, 41, 43, 125]}"
CHAS,2021,16973448,7961613,9011835,4136107,4290732,16037086,13912324,2124762,310381,281463,1354545,12353,-141646,2139339,thousands,review,L5,"{""sfp"": [36, 35, 37], ""pl"": [37, 36, 38], ""cfs"": [40, 39, 41]}"
CHAS,2022,24903577,13787624,11115953,5918070,6782628,17094813,-14228117,2866696,43548,,3379869.0,,-801658,729128,thousands,review,L5;L5,"{""sfp"": [18, 17, 19, 65, 66], ""pl"": [19], ""cfs"": [20, 19, 21]}"
CHAS,2023,31577766,17039670,14538096,9988217,9936728,26375717,-20188453,6187264,1699139,811313,5177676,14572,,3918673,thousands,review,L5,"{""sfp"": [46, 45, 47, 111], ""pl"": [47, 46, 48, 140], ""cfs"": [50, 49, 51, 142]}"
CHAS,2025,33918974,23707039,10211935,12918221,18590317,24899377,-23239598,1659779,-2948590,793636,7103687,15172,,-1124115,thousands,ok,,"{""sfp"": [47, 117], ""pl"": [48, 118], ""cfs"": [51, 50, 52, 121]}"
CHBL,2016,13467684512,,,2606132205,10587882498.0,2007632402.0,-2259157207.0,,,24231624,334657862,,,,thousands,ok,,"{""sfp"": [21, 20, 22], ""pl"": [], ""cfs"": []}"
CHBL,2019,11087663123,,,184934605,10839087639.0,360869643.0,-430828397.0,-69958754.0,,17565397,230000,,,,thousands,ok,,"{""sfp"": [24, 23, 25], ""pl"": [], ""cfs"": []}"
CHBL,2020,10983526285,,,181469051,11282710923.0,,,,,12917307,230000,,,,thousands,ok,,"{""sfp"": [16, 15, 17], ""pl"": [], ""cfs"": []}"
CHBL,2021,10864863757,,,158963823,9241258469.0,,,,,34341523,230000,,,,thousands,review,L2.5,"{""sfp"": [18, 17, 19], ""pl"": [], ""cfs"": []}"
CHBL,2022,10900333709,,,563293216,6435593310.0,,,,,77396188,77600081,,,,thousands,review,L2.5;L5,"{""sfp"": [27, 26, 28], ""pl"": [], ""cfs"": []}"
CHBL,2023,11125489371,,,889733984,70982482.0,2127980450.0,2113837884.0,,,72439992,208919421,,,,thousands,review,L2.5;L5,"{""sfp"": [27, 26, 28], ""pl"": [], ""cfs"": []}"
CHBL,2024,10918698037,,,1336666261,1815055983.0,3342302314.0,3331432766.0,10869548.0,,81416688,252453190,,,,thousands,review,L2.5;L5,"{""sfp"": [26, 25, 27], ""pl"": [], ""cfs"": []}"
CHBL,2025,10270170548,,,842930874,2192593773.0,2389566598.0,2469840519.0,,,56704004,174841332,,,,thousands,review,L2.5,"{""sfp"": [28, 27, 29], ""pl"": [], ""cfs"": []}"
CHCC,2013,5064501.0,,,1533642.0,982308.0,6294376,-4107727,2186649,1224214,25548.0,433768.0,,-277102,1928964,thousands,ok,,"{""sfp"": [38, 37, 39], ""pl"": [39, 38, 40], ""cfs"": [41, 40, 42]}"
CHCC,2014,6430968,1566700,4864268,2905175,881141,,,,,17116,369872,26908,-233516,1757030,thousands,ok,,"{""sfp"": [92, 91, 93], ""pl"": [123, 122, 124], ""cfs"": [95]}"
CHCC,2015,9463836.0,,,2269098.0,826861.0,6565416,-4581871,1983545,1288164,18354.0,463456.0,,-206643,1670947,thousands,ok,,"{""sfp"": [98, 97, 99], ""pl"": [99, 98, 100], ""cfs"": [101, 100, 102]}"
CHCC,2016,15461972,6321784,9140188,2004822,1810761,7079368,-4445307,2634061,1405192,23002.0,304530.0,,-694097,2306111,thousands,review,L5,"{""sfp"": [105, 104, 106], ""pl"": [106, 105, 107], ""cfs"": [108, 107, 109]}"
CHCC,2017,18806750,8345043,10461707,4568768,2571488,9645399,-6432281,3213118,1956562,45814.0,843820.0,,-565313,204492,thousands,ok,,"{""sfp"": [104, 103, 105], ""pl"": [105, 104, 106], ""cfs"": [107, 106, 108, 90]}"
CHCC,2020,32921845,22868287,10053558,6684679,5888431,,-16703668.0,,,36558,962470,,,,thousands,ok,,"{""sfp"": [177, 176, 178], ""pl"": [], ""cfs"": []}"
CHCC,2022,38604886,21288564,17316322,10465318,9847247,32085361,-23134576,8950785,4455965,1126474,926075,,-244854,6106235,thousands,ok,,"{""sfp"": [211, 210, 212], ""pl"": [212, 211, 213], ""cfs"": [214, 213, 215, 162]}"
CHCC,2023,39302286.0,,,9864993.0,8169362.0,37386186,-27249373.0,10136813.0,4403932,160113.0,2279774.0,,-858178,9878823,thousands,ok,,"{""sfp"": [215, 214, 216], ""pl"": [216, 215, 217], ""cfs"": [218, 217, 219]}"
CHCC,2025,50553551.0,,,,8769219.0,,-23841181.0,,8681356.0,672667.0,1655211.0,,-1051803,11911000,thousands,ok,,"{""sfp"": [134, 143], ""pl"": [135, 150], ""cfs"": [102, 103, 140]}"
CLOV,2017,179119609,4669679,1744499,179109151.0,4669679.0,,-486653.0,,331552.0,4142300.0,,,,,thousands,review,L1,"{""sfp"": [24, 23, 25], ""pl"": [], ""cfs"": []}"
CLOV,2018,308067,110143,197924,307549,110143,,-125658.0,31583.0,23655,78795,,,,,thousands,review,L5,"{""sfp"": [26, 25, 27], ""pl"": [27, 26, 28], ""cfs"": []}"
CLOV,2021,305805,38656,267149,283139,38656,374437,-398503,-24066,-604999,,142021,,,,thousands,ok,,"{""sfp"": [37, 36, 38], ""pl"": [38, 37, 39], ""cfs"": [41, 40, 42]}"
CLOV,2022,196354.0,,,182498.0,38918.0,93272,-84566,,-109713,,92925.0,,,,thousands,ok,,"{""sfp"": [37, 36, 38], ""pl"": [38, 37, 39], ""cfs"": [41, 40, 42]}"
CLOV,2025,653632.0,,,534109.0,121721.0,3677864,-3262886,414978,253398,40052.0,288100.0,,,68019,thousands,ok,,"{""sfp"": [44, 43, 45], ""pl"": [45, 44, 46], ""cfs"": [48, 47, 49]}"
CLVL,2024,13337756.0,14262237.0,,,,,,,,,,,,,thousands,ok,,"{""sfp"": [], ""pl"": [], ""cfs"": []}"
COLG,2013,9203241,2571823,6631418,5986094,2067693,,-14594894.0,5672546.0,1589150.0,1051925,2787322,,-508023,2063509,thousands,ok,,"{""sfp"": [21, 20, 22], ""pl"": [22, 21, 23], ""cfs"": [24, 23, 25]}"
COLG,2014,10207885,2462651,7745234,7026946,1979991,23226086,-16645655,6580431,1693253,853956,2473246,,-609660,1838453,thousands,ok,,"{""sfp"": [22, 21, 23], ""pl"": [23, 22, 24], ""cfs"": [25, 24, 26]}"
COLG,2015,11543697,2490081,9053616,8566704,2079424,,-16631197.0,7678965.0,2222168,936419,2607106,,-814548,1929174,thousands,ok,,"{""sfp"": [25, 24, 26], ""pl"": [26, 25, 27], ""cfs"": [28, 27, 29]}"
COLG,2016,13707428,3030061,10677367,10882809,2712794,25817969,-16502405,9315564,2818889,1122602,2827048,,-1197439,3719173,thousands,ok,,"{""sfp"": [33, 32, 34], ""pl"": [34, 33, 35], ""cfs"": [36, 35, 37]}"
COLG,2017,14950424,3196498,11753926,12133883,2928701,29336725,-18344900,10991,3256422,989140,3107762,,-2154359,3313511,thousands,review,L1;L5,"{""sfp"": [35, 34, 36], ""pl"": [36, 35, 37], ""cfs"": [38, 37, 39]}"
COLG,2019,18995435,4127190,14868245,14751657,3786065,36961042,-26490454,10470588,3510803,1214300,4974814,,-1899123,2815337,thousands,ok,,"{""sfp"": [41, 40, 42], ""pl"": [42, 41, 43], ""cfs"": [44, 43, 45]}"
COLG,2020,22508614,5257433,17251181,17337687,4401425,43530322,30912914,,,2339835,6173696,,-2446194,4570686,thousands,ok,,"{""sfp"": [43, 42, 44], ""pl"": [44, 43, 45], ""cfs"": [46, 45, 47]}"
COLG,2021,28138659.0,8126033.0,,22280977.0,6711793.0,,-35715642.0,14847380.0,5676749.0,2121764.0,,,-2929211,7691814,thousands,ok,,"{""sfp"": [41, 40, 42], ""pl"": [42, 41, 43], ""cfs"": [44, 43, 45]}"
COLG,2022,33005165,10456923,22548242,25279273,8609153,62330226,46288481,16041745,5871580,2901308,13067927,,-3298697,1913685,thousands,ok,,"{""sfp"": [34, 33, 35], ""pl"": [35, 34, 36], ""cfs"": [37, 36, 38]}"
COLG,2023,47446554,23129706,,39504996.0,21251694.0,91459504,-65360062,26099442,10409994,5492509.0,,,-5751530,16929909,thousands,ok,,"{""sfp"": [42, 41, 43], ""pl"": [43, 42, 44], ""cfs"": [45, 44, 46]}"
COLG,2024,56661966.0,21772056.0,,47609617.0,22781616.0,,-76338286.0,36892491.0,,5030961.0,,,-9470073,16537416,thousands,ok,,"{""sfp"": [50, 49, 51], ""pl"": [51, 50, 52], ""cfs"": [53, 52, 54]}"
COLG,2025,56820747,19604229,37216518,46813272,17981310,116000701,-75279791,40720910,18397273,4857989,17247130,,-16121738,13989999,thousands,review,L5,"{""sfp"": [31, 30, 32], ""pl"": [32, 31, 33], ""cfs"": [34, 33, 35]}"
CPAL,2016,265754873.0,,,271098734.0,97721530.0,,,,19883672.0,264101.0,,,,,thousands,ok,,"{""sfp"": [], ""pl"": [], ""cfs"": []}"
CPAL,2017,353887513.0,,,353887521.0,172151707.0,,,,21036255.0,734834.0,,,,,thousands,ok,,"{""sfp"": [], ""pl"": [], ""cfs"": []}"
CPAL,2018,,,,,,,,,33793675.0,,,,,,thousands,ok,,"{""sfp"": [], ""pl"": [], ""cfs"": []}"
CPAL,2019,,,,,,,,,20147374.0,,,,,,thousands,ok,,"{""sfp"": [], ""pl"": [], ""cfs"": []}"
CPAL,2020,,,,,,,,,8667287.0,,,,,,thousands,ok,,"{""sfp"": [], ""pl"": [], ""cfs"": []}"
CPHL,2021,6499162737.0,,,,,5795403997.0,,780474326.0,,,,,,,thousands,ok,,"{""sfp"": [], ""pl"": [], ""cfs"": []}"
CPPL,2014,3806716,2421474,1385242,2295302,1641474,,,,,18491,1105924,,,,thousands,ok,,"{""sfp"": [100, 99, 101], ""pl"": [125, 124, 126], ""cfs"": []}"
CPPL,2015,3942289,1743324,2198965,2176458,926596,6223832,-4916581,1307251,651411,10484.0,896013.0,,-109614,1207327,thousands,ok,,"{""sfp"": [93, 92, 94, 95], ""pl"": [94, 93, 95], ""cfs"": [96, 95, 97, 77]}"
CPPL,2017,5566394.0,,,2863159.0,775432.0,6443932,-5187454,1256478,702049,15428.0,1494637.0,,-279645,375353,thousands,ok,,"{""sfp"": [103, 102, 104], ""pl"": [104, 103, 105], ""cfs"": [106, 105, 107, 87]}"
CPPL,2019,11351443,6885205,4466238,6022692,3851719,8093407,-6692758,1400649,562873,13139,3128554,,-383380,-776483,thousands,ok,,"{""sfp"": [156, 155, 157], ""pl"": [157, 156, 158], ""cfs"": [159, 158, 160, 124]}"
CPPL,2020,1160731,6822967,4774404,5580221,3511290,,-8262464.0,1173729.0,,15022,2622464,,,,thousands,review,L1;L5,"{""sfp"": [166, 165, 167], ""pl"": [], ""cfs"": [130]}"
CPPL,2022,14921657,8666100,6255557,8860273,5908590,,-11187790.0,2314729.0,,29125.0,4661360.0,,,,thousands,ok,,"{""sfp"": [217, 216, 218], ""pl"": [], ""cfs"": []}"
CPPL,2023,16433795.0,,,9793257.0,5806986.0,,-13277189.0,3277073.0,,37279.0,5457707.0,,,,thousands,ok,,"{""sfp"": [236, 235, 237], ""pl"": [], ""cfs"": []}"
CPPL,2024,13792914.0,,,6860158.0,2335960.0,13820153,-12358782,1461371,885892,92322.0,2946914.0,,-147476,3954211,thousands,ok,,"{""sfp"": [221, 220, 222], ""pl"": [222, 221, 223], ""cfs"": [224, 223, 225, 177]}"
CPPL,2025,15623282.0,,,-518816.0,3511970.0,,,7228269.0,,,-98738.0,,-220439,815432,thousands,ok,,"{""sfp"": [115, 114, 116], ""pl"": [115, 114, 116], ""cfs"": [116, 115, 117, 93]}"
CRTM,2014,11977971,6613749.0,3073455.0,4943555,6490790.0,12411497,11036060,1375437,235017,,1489590,,,433977,thousands,review,L1,"{""sfp"": [34, 33, 35], ""pl"": [36, 35, 37], ""cfs"": [38, 37, 39]}"
CRTM,2017,18114557,8259263,6280186,6444109,7195749,10872762,9900768,971994,113339,,2029134,,-99515,-268083,thousands,review,L1,"{""sfp"": [44, 43, 45], ""pl"": [46, 45, 47], ""cfs"": [48, 47, 49]}"
CRTM,2019,17370803,9464068,7906735,6712671,8343855,13946144,-12308973,1637171,238589,,2284668,,,864284,thousands,ok,,"{""sfp"": [42, 41, 43], ""pl"": [44, 43, 45], ""cfs"": [47, 46, 48]}"
CRTM,2020,18794868,10155164,8639704,7541103,9034951,13264005,-11714594,1549411,33599,38985,3186554,,-46203,256872,thousands,ok,,"{""sfp"": [42, 41, 43], ""pl"": [44, 43, 45], ""cfs"": [47, 46, 48]}"
CRTM,2021,20264471,10389925,9874546,9051337,9379445,17817252,-15363861,2453391,515650,337930,3711478,,,97873,thousands,ok,,"{""sfp"": [48, 47, 49], ""pl"": [50, 49, 51], ""cfs"": [53, 52, 54]}"
CRTM,2022,22300622,11465901,10834721,10670131,10472610,20331457,-16790308,3541149,1347099,145601,4609502,,,-60469,thousands,ok,,"{""sfp"": [48, 47, 49], ""pl"": [50, 49, 51], ""cfs"": [53, 52, 54]}"
CRTM,2023,25494074.0,12997086,12496988,11309039.0,11839648,19891361.0,-17226096.0,2665265.0,560814,181395.0,4952860.0,,-98519,998628,thousands,ok,,"{""sfp"": [48, 47, 49], ""pl"": [50, 49, 51], ""cfs"": [53, 52, 54]}"
CRTM,2024,23889442,12495860,11393582,9113045,11546239,23755882,-22394980,1360902,-1749842,205919,3793213,,-98241,659103,thousands,ok,,"{""sfp"": [56, 55, 57], ""pl"": [58, 57, 59], ""cfs"": [61, 60, 62]}"
CRTM,2025,26271460,13534730.0,12736730.0,10517766,12913088.0,19003675,-17299639,1704036,-287431,214244,4931643,,,-857377,thousands,ok,,"{""sfp"": [56, 55, 57], ""pl"": [58, 57, 59], ""cfs"": [61, 60, 62]}"
CSAP,2013,4808941,908712,3900229,1992692,872849,5001667,4350877,650790,815740,65220,662419,,-167437,-81402,thousands,ok,,"{""sfp"": [73, 72, 74, 143], ""pl"": [75, 74, 76, 145], ""cfs"": [77, 76, 78, 147]}"
CSAP,2014,4733001,725822,4007179,1482398,651811,4031570,3801268,230302,360188,107246,407199,,-157816,567993,thousands,review,L5,"{""sfp"": [77, 76, 78, 151], ""pl"": [79, 78, 80, 153], ""cfs"": [81, 80, 82, 155]}"
CSAP,2015,5392703,1341960,4050743,1478746,1055403,2101564,2069070,32494,106422,42551,453108,,-138000,162195,thousands,ok,,"{""sfp"": [79, 78, 80, 153], ""pl"": [81, 80, 82, 155], ""cfs"": [83, 82, 84, 157]}"
CSAP,2016,9484203,,,4527148,3127645.0,7412035,5269059,2142976,967136,62902,2266787,,-149298,-1820072,thousands,ok,,"{""sfp"": [77, 76, 78, 157], ""pl"": [79, 78, 80, 159], ""cfs"": [81, 80, 82, 161]}"
CSAP,2017,12179588,,,6829595,4733466.0,10208644,8349794,1858850,1012435,28471,2686682,,-389172,172041,thousands,ok,,"{""sfp"": [85, 84, 86], ""pl"": [87, 86, 88], ""cfs"": [89, 88, 90]}"
CSAP,2018,,,,,,,,,751750.0,,1542650.0,,-368863,1505075,thousands,ok,,"{""sfp"": [70, 69, 71, 129], ""pl"": [71, 70, 72, 120], ""cfs"": [71, 120]}"
CSAP,2019,8287032,2892969,5394063,2981089,2505363,4473618,3846126,220389,143476,27805,821369,,,,thousands,review,L1,"{""sfp"": [109, 108, 110, 203], ""pl"": [111, 110, 112], ""cfs"": []}"
CSAP,2020,,,7008264,,,,,,,29620,,,,,thousands,review,L5,"{""sfp"": [113, 207, 269, 273, 274, 275, 284], ""pl"": [], ""cfs"": []}"
CSAP,2021,8705564,,,3662322,2528044.0,8494799,6762523,496733,351860,,1236529,,,,thousands,review,L1,"{""sfp"": [125, 124, 126, 201, 282], ""pl"": [127, 126, 128], ""cfs"": []}"
CSAP,2023,9948280,3828848,6119432,3923225,3058049,4515598,3739705,775893,176857,30266,1268967,,,,thousands,review,L5,"{""sfp"": [211, 210, 212, 287, 340, 362], ""pl"": [213, 212, 214], ""cfs"": [214, 213, 215, 303]}"
CSAP,2024,10498151,2782102,7716049,4747939,2341000,10752196,6475244,2636367,1606503,303201,1447594,,,,thousands,review,L1,"{""sfp"": [215, 214, 216, 373], ""pl"": [217, 216, 218], ""cfs"": []}"
CSAP,2025,15919776,7168009.0,,11233719,6874650.0,6380650,4856212,1524438,1343279,74586,2983801,,,,thousands,review,L5,"{""sfp"": [209, 208, 210, 303], ""pl"": [211, 210, 212], ""cfs"": []}"
CSIL,2015,,328145397.0,,,,,,,,,,,,,thousands,ok,,"{""sfp"": [20, 19, 21], ""pl"": [], ""cfs"": []}"
CSIL,2016,,344781621.0,,,,,,,,,,,,,thousands,ok,,"{""sfp"": [29, 28, 30, 71], ""pl"": [], ""cfs"": []}"
CSIL,2017,,253385183.0,,,,,,,73166684.0,,,,,,thousands,review,L2.5,"{""sfp"": [42, 41, 43, 95], ""pl"": [], ""cfs"": []}"
CSIL,2018,1179593086,252435821,927157265,,,,,,,73138809,,,,,thousands,review,L2.5,"{""sfp"": [39, 38, 40], ""pl"": [], ""cfs"": []}"
CSIL,2019,1254771351,280659351,974112000,,,,,,,73886978,,,,,thousands,review,L2.5,"{""sfp"": [36, 35, 37, 92], ""pl"": [], ""cfs"": []}"
CSIL,2020,1333074411,303772408,1029298003,,,,,,54581782.0,10064959,,,,,thousands,review,L2.5;L2.5,"{""sfp"": [35, 34, 36, 98], ""pl"": [], ""cfs"": []}"
CSIL,2021,1404565958,325963504,1078602454,,,,,,46844136.0,13868324,,,,,thousands,review,L2.5;L2.5,"{""sfp"": [35, 34, 36, 97], ""pl"": [], ""cfs"": []}"
CSIL,2022,1467091466,357673592,1109417874,,,,,,26932992.0,5606296,,,,,thousands,review,L2.5;L2.5,"{""sfp"": [36, 35, 37, 93], ""pl"": [], ""cfs"": []}"
CSIL,2023,1588442027,404787602,1183654425,,,,,,68103151.0,4440657,,,,,thousands,review,L2.5;L2.5,"{""sfp"": [36, 35, 37, 93], ""pl"": [], ""cfs"": []}"
CSIL,2024,1522523739,253360654,1269163085,,,,,,87158719.0,26720305,,,,,thousands,review,L2.5,"{""sfp"": [40, 39, 41, 81], ""pl"": [], ""cfs"": []}"
CSIL,2025,1638373959,300693009,1337680950,,,,,,20935771.0,2686386,,,,,thousands,ok,,"{""sfp"": [43, 42, 44, 86], ""pl"": [], ""cfs"": []}"
CTM,2017,27044401,,,7132158,8832416.0,13545840.0,12543265.0,1002575.0,,40283,5155709,,,,thousands,review,L2.5,"{""sfp"": [20, 19, 21], ""pl"": [], ""cfs"": []}"
CTM,2018,27321,,,7850804,9241726.0,16595202.0,15336601.0,1258601.0,40194.0,38412,5415334,,,,thousands,ok,,"{""sfp"": [26, 25, 27], ""pl"": [], ""cfs"": []}"
CTM,2019,27173263,,,7838945,5474844.0,23123399.0,21395836.0,1727563.0,1435785.0,37287,4705937,,,,thousands,ok,,"{""sfp"": [26, 25, 27], ""pl"": [], ""cfs"": []}"
CTM,2020,27401614,18002934,9398680,8103837,5518961,17700292.0,16754434.0,945858.0,,47952,4608933,,,,thousands,ok,,"{""sfp"": [26, 25, 27, 70], ""pl"": [], ""cfs"": []}"
CTM,2021,28236223,18362076,9874147,8127216,6197309,25468528.0,23239505.0,2229023.0,,54796,4798585,,,,thousands,ok,,"{""sfp"": [26, 25, 27, 70], ""pl"": [], ""cfs"": []}"
CTM,2022,30099122,,,9494732,7880745.0,30817244.0,27933246.0,2883998.0,,21053,4736428,,,,thousands,ok,,"{""sfp"": [26, 25, 27, 70], ""pl"": [], ""cfs"": []}"
CTM,2023,29767887,,,9273083,8347585.0,20852724.0,21456188.0,,,90916,4460113,,,,thousands,ok,,"{""sfp"": [28, 27, 29, 72], ""pl"": [], ""cfs"": []}"
CTM,2024,28947236,,,8377195,10661786.0,16764028.0,19150617.0,,,87878,4203953,,,,thousands,ok,,"{""sfp"": [26, 25, 27], ""pl"": [], ""cfs"": []}"
CYAN,2013,5507511,196219,5311292,5476569,160471,,,,1176049,17835,,,-471561,-491672,thousands,ok,,"{""sfp"": [103, 102, 104], ""pl"": [104, 103, 105], ""cfs"": [107, 106, 108]}"
CYAN,2014,4886548,296035,4590513,4851953,270487,,,,898787,21844,,,-1747414,-1692674,thousands,ok,,"{""sfp"": [103, 102, 104], ""pl"": [104, 103, 105], ""cfs"": [107, 106, 108]}"
CYAN,2015,3032369,517232,2515137,3002534,463697,,,,335035,159891,,,-2482409,-2520881,thousands,ok,,"{""sfp"": [113, 112, 114], ""pl"": [114, 113, 115], ""cfs"": [117, 116, 118]}"
CYAN,2016,3659044,486441,3172603,3632542,462110,,,,711233,159891.0,,,-378220,-505975,thousands,review,L5,"{""sfp"": [117, 116, 118], ""pl"": [118, 117, 119], ""cfs"": [121, 120, 122]}"
CYAN,2017,2546226.0,,,-424808.0,448557.0,,,,,,,,-148246,-173198,thousands,ok,,"{""sfp"": [56, 55, 57], ""pl"": [56, 55, 57], ""cfs"": [58, 57, 59]}"
CYAN,2018,2264085.0,,,2167909.0,414674.0,,,,-218086,,,,-144641,-278840,thousands,ok,,"{""sfp"": [119, 118, 120], ""pl"": [120, 119, 121], ""cfs"": [123, 122, 124]}"
CYAN,2019,2521702,405372,2116330,2349512,378871,,,,97942,,,,,-27459,thousands,ok,,"{""sfp"": [119, 118, 120], ""pl"": [120, 119, 121], ""cfs"": [122, 121, 123]}"
CYAN,2020,3004370.0,,,2927172.0,515661.0,,,,,,,,,,thousands,ok,,"{""sfp"": [62, 61, 63], ""pl"": [62, 61, 63], ""cfs"": [63, 62, 64]}"
CYAN,2021,2730302,847064,1883238,,1606681.0,,,,,,,,,,thousands,ok,,"{""sfp"": [64, 63, 65], ""pl"": [64, 63, 65], ""cfs"": [65, 64, 66]}"
CYAN,2022,1574789,343271,1231518,858781,343172,,,,,,,,,,thousands,review,L5;L5,"{""sfp"": [20, 19, 21], ""pl"": [20, 19, 21], ""cfs"": [21, 20, 22]}"
CYAN,2023,1644712,105648,1539064,935444,105530,,,,324604,,,,,247054,thousands,review,L5,"{""sfp"": [42, 41, 43], ""pl"": [43, 42, 44], ""cfs"": [45, 44, 46]}"
CYAN,2024,2234384,265962,1968422,1450671,157785,,,,,26504,,,-245256,267638,thousands,ok,,"{""sfp"": [39, 38, 40], ""pl"": [40, 39, 41], ""cfs"": [42, 41, 43]}"
DAAG,2017,,,,,,,95118324.0,,,,,,,,thousands,ok,,"{""sfp"": [14, 13, 15], ""pl"": [], ""cfs"": []}"
DAAG,2018,,,,,,,103292839.0,,,,,,,,thousands,ok,,"{""sfp"": [20, 19, 21], ""pl"": [], ""cfs"": []}"
DAAG,2019,,,,,,,117717725.0,,,,,,,,thousands,ok,,"{""sfp"": [20, 19, 21], ""pl"": [], ""cfs"": []}"
DAAG,2020,,,,,,,113685088.0,,5838362.0,,,,,,thousands,ok,,"{""sfp"": [23, 22, 24], ""pl"": [], ""cfs"": []}"
DAAG,2021,,,,,,,152557821.0,,8043264.0,,,,,,thousands,ok,,"{""sfp"": [23, 22, 24], ""pl"": [], ""cfs"": []}"
DAAG,2022,,,,,,202622430.0,154743159.0,,2667202.0,,,,,,thousands,ok,,"{""sfp"": [23, 22, 24], ""pl"": [], ""cfs"": []}"
DAAG,2023,,,,,,214572969.0,163007081.0,,16820339.0,,,,,,thousands,ok,,"{""sfp"": [23, 22, 24], ""pl"": [], ""cfs"": []}"
DADX,2014,2648662,1757188,891474,952769,1519932,1915705,-1762605,153100,-189334,,556245,,,156899,thousands,review,L5,"{""sfp"": [26, 25, 27], ""pl"": [27, 26, 28], ""cfs"": [29, 28, 30]}"
DADX,2015,2954393,1691009,1263384,982810,1530689,2163119,-1782094,381025,,13339,518289,,,109747,thousands,ok,,"{""sfp"": [26, 25, 27], ""pl"": [27, 26, 28], ""cfs"": [29, 28, 30]}"
DADX,2016,2954393,1691009,1263384,982810,1530689,2163119,-1782094,381025,,13339,518289,,,109747,thousands,ok,,"{""sfp"": [26, 25, 27], ""pl"": [27, 26, 28], ""cfs"": [29, 28, 30]}"
DADX,2018,3330519.0,,,1453623.0,2089288.0,2921715,-2462941,458774,,23935.0,815537.0,,,12217,thousands,ok,,"{""sfp"": [38, 37, 39], ""pl"": [39, 38, 40], ""cfs"": [41, 40, 42]}"
DADX,2019,,,,1120327.0,4283126.0,,,,,,654276.0,,,,thousands,ok,,"{""sfp"": [46, 45, 47], ""pl"": [], ""cfs"": []}"
DADX,2020,3406799.0,,,1633595.0,2341817.0,2374110.0,-2139045.0,235065.0,,25010.0,597668.0,,,194787,thousands,ok,,"{""sfp"": [41], ""pl"": [42], ""cfs"": [43, 42, 44]}"
DADX,2021,3119316,2235475,884041,1397675,2178562,2444539,-2133666,310873,-39009,32701,460667,,,210220,thousands,ok,,"{""sfp"": [41, 40, 42], ""pl"": [42, 41, 43], ""cfs"": [44, 43, 45]}"
DADX,2022,2906557.0,,,1894599.0,2104418.0,1696847,-1449027.0,247820.0,,60450.0,386121.0,,,-216423,thousands,ok,,"{""sfp"": [58, 57, 59], ""pl"": [59, 58, 60], ""cfs"": [61, 60, 62]}"
DADX,2023,2970516,2108223,862293,829645,2101451,1413449,-1271588,141861,-420029,56200,198998,,,242082,thousands,review,L5;L5,"{""sfp"": [60, 59, 61], ""pl"": [61, 60, 62], ""cfs"": [63, 62, 64]}"
DADX,2024,2774930,2263040,511890,716087,2259165.0,1119264,-1062590.0,,,49098.0,192153.0,,,,thousands,review,L5,"{""sfp"": [52, 51, 53], ""pl"": [53, 52, 54], ""cfs"": []}"
DAWH,2013,20602905,1124044,19478861,20602905,818724,,,,429285,13727,,,-480025,-306907,thousands,review,L5,"{""sfp"": [63, 62, 64, 100, 119, 120, 133, 134, 136, 137, 149, 150, 151], ""pl"": [64, 63, 65, 103], ""cfs"": [67, 66, 68, 104]}"
DAWH,2014,20858166,1000350,19857816,210354,757342,,,,860106.0,10253,,,-479887,-727931,thousands,ok,,"{""sfp"": [85, 84, 86, 141], ""pl"": [86, 85, 87, 153], ""cfs"": [89, 88, 90]}"
DAWH,2015,38871555,5076300,33795255,1164490,1186570,,,,20194376,1008059,,,-6231826,-1737294,thousands,review,L5,"{""sfp"": [69, 68, 70, 141], ""pl"": [70, 69, 71, 142, 143], ""cfs"": [73, 72, 74, 145]}"
DAWH,2016,37950413,7111557,30838856,346627,3984508,,,,5470241,286288,,,-8374993,-2093233,thousands,ok,,"{""sfp"": [75, 74, 76], ""pl"": [76, 75, 77], ""cfs"": [79, 78, 80]}"
DAWH,2017,39600886.0,,,14481311.0,2455779.0,,,,3852352,229064.0,,,-1931756,-1799520,thousands,ok,,"{""sfp"": [57, 56, 58], ""pl"": [58, 57, 59], ""cfs"": [61, 60, 62]}"
DAWH,2018,2264085,745377,1834130,2167909,414674,66141478,,,16668684,642060,2959696,,,,thousands,review,L1;L5;L5;L5;L5;L5;L5,"{""sfp"": [36, 35, 37, 38, 39, 40, 41, 42, 43, 73], ""pl"": [36, 35, 37, 38, 39, 40, 41, 42, 43], ""cfs"": []}"
DAWH,2019,42257680,18072430,31603723,17392754,10653957,,,7549823,4821697,337103,,,,,thousands,review,L1;L5,"{""sfp"": [69, 68, 70], ""pl"": [70, 69, 71], ""cfs"": []}"
DAWH,2020,39171730,8169319,31002411,15668140,8055329,,,5945929,3727994,1398636,,,,,thousands,review,L5,"{""sfp"": [40, 39, 41], ""pl"": [40, 39, 41], ""cfs"": [42, 41, 43]}"
DAWH,2021,37614373,7206436,,14137429.0,14483900.0,,,5018176,3980848,,,,-4623359,-1105320,thousands,ok,,"{""sfp"": [72, 71, 73], ""pl"": [73, 72, 74], ""cfs"": [76, 75, 77]}"
DAWH,2022,34931100,8046346,26884754,10724537,8012322,,,5969746,3692274,,,,,,thousands,ok,,"{""sfp"": [33, 32, 34, 58, 59], ""pl"": [34, 59], ""cfs"": [35, 34, 36, 60]}"
DAWH,2023,32123522,3550356,28573166,8696492,3323893,1319479.0,,14558997,10349773,33123,53600703.0,,-8143032,14673052,thousands,review,L5;L5;L5;L5;L5,"{""sfp"": [22, 21, 23, 24, 25, 41, 43, 66, 67, 87, 99], ""pl"": [22, 21, 23, 24, 25, 41, 43, 66, 99], ""cfs"": [43, 42, 44]}"
DCL,2021,,,,2743124.0,,,-5900233,359682,-666438,61734.0,,,,54819,thousands,ok,,"{""sfp"": [27, 26, 28], ""pl"": [28, 27, 29], ""cfs"": [30, 29, 31]}"
DCL,2022,,,,4564958.0,,,-15293538,1224761,-703032,157927.0,,,,240196,thousands,ok,,"{""sfp"": [27, 26, 28], ""pl"": [28, 27, 29], ""cfs"": [30, 29, 31]}"
DCL,2025,,,,4220952.0,,,-19866927,1546467,-967788,161630.0,,,,1013712,thousands,ok,,"{""sfp"": [34, 33, 35], ""pl"": [35, 34, 36], ""cfs"": [37, 36, 38]}"
DEL,2013,182916871,21828082,161088789,123463791,21828082,,,,,,,,,,thousands,ok,,"{""sfp"": [18, 17, 19], ""pl"": [], ""cfs"": []}"
DEL,2014,216794729,41037963,175756766,161576802,41037963,,,,10930329.0,3102023,,,,,thousands,review,L2.5,"{""sfp"": [18, 17, 19], ""pl"": [], ""cfs"": []}"
DEL,2015,258749308.0,,,168231221.0,,,,,46619136.0,6119780.0,,,,,thousands,ok,,"{""sfp"": [17, 16, 18], ""pl"": [], ""cfs"": []}"
DEL,2016,240300861,16751776,223549085,156356670,16751776,,,,1004873.0,12506263,,,,,thousands,ok,,"{""sfp"": [29, 28, 30], ""pl"": [], ""cfs"": []}"
DEL,2017,294089300,36846876,257242424,177086635,36821876,,,,10969920.0,12195915,,,,,thousands,ok,,"{""sfp"": [22, 21, 23], ""pl"": [], ""cfs"": []}"
DEL,2018,303795450,50265966,253529484,201411102,50240966,,,,8343753.0,18883066,,,,,thousands,ok,,"{""sfp"": [29, 28, 30], ""pl"": [], ""cfs"": []}"
DEL,2019,237045163,13004693,224040470,152737865,12979693,,,,479560.0,2822842,,,,,thousands,ok,,"{""sfp"": [28, 27, 29], ""pl"": [], ""cfs"": []}"
DEL,2020,245969236,,227914908,168222035,18029328,,,,8104069.0,2655060,,,,,thousands,ok,,"{""sfp"": [29, 28, 30], ""pl"": [], ""cfs"": []}"
DEL,2021,349786765,56812239,293064526,292659958,56787239,,,,41533967.0,13575366,,,,,thousands,ok,,"{""sfp"": [31, 30, 32], ""pl"": [], ""cfs"": []}"
DEL,2022,372657361.0,,,312623815.0,91026473.0,,,,9602557.0,7286509.0,,,,,thousands,ok,,"{""sfp"": [32, 31, 33], ""pl"": [], ""cfs"": []}"
DEL,2023,353743104,103523104,250220000,300473314,102163087,,,,,9098148,,230336,,,thousands,ok,,"{""sfp"": [30, 29, 31], ""pl"": [], ""cfs"": []}"
DEL,2024,475568021,184392645,291175376,429285279,183673416,,,,,18523967,,,,,thousands,ok,,"{""sfp"": [35, 34, 36], ""pl"": [], ""cfs"": []}"
DEL,2025,794069979.0,,,755993142.0,423451218.0,,,,50569618.0,,,,,,thousands,ok,,"{""sfp"": [38, 37, 39], ""pl"": [], ""cfs"": []}"
DFML,2017,3524715,5563610,-2038895,1260263.0,5580969.0,84517,235972,-151455,-13212,123680.0,63574.0,,,,thousands,review,L5,"{""sfp"": [21, 20, 22], ""pl"": [22, 21, 23], ""cfs"": [24, 23, 25]}"
DFML,2018,3607124.0,,,1286706.0,5694520.0,52656,191537,,,128234.0,48553.0,,,,thousands,review,L5,"{""sfp"": [27, 26, 28], ""pl"": [28, 27, 29], ""cfs"": []}"
DFML,2019,3424902,5777533,-2352631,1210839,5760602.0,,203854.0,,,125267.0,46992.0,,,,thousands,ok,,"{""sfp"": [29, 28, 30], ""pl"": [30, 29, 31], ""cfs"": []}"
DFML,2020,3184146.0,,,1212638.0,5812368.0,,102440.0,,,125606.0,35320.0,,,,thousands,ok,,"{""sfp"": [26, 25, 27], ""pl"": [27, 26, 28], ""cfs"": []}"
DFML,2021,3024707.0,,,1206230.0,5842180.0,,82535,-80987,-189252,125143.0,17193.0,,,,thousands,ok,,"{""sfp"": [25, 24, 26], ""pl"": [26, 25, 27], ""cfs"": []}"
DFML,2022,2891500,5902735,-6022470,1216058,5886804.0,,83273,-83129.0,-176830,128715.0,14856.0,,,,thousands,review,L1,"{""sfp"": [25, 24, 26], ""pl"": [26, 25, 27], ""cfs"": []}"
DFML,2023,2879313.0,,,1303332.0,6105422.0,,-141428.0,-141248.0,,138710.0,22972.0,,,,thousands,ok,,"{""sfp"": [25, 24, 26], ""pl"": [26, 25, 27], ""cfs"": []}"
DFML,2024,3962624.0,,,2320862.0,7641480.0,11980.0,-292833,-282880,-457847,144862.0,889279.0,,,,thousands,ok,,"{""sfp"": [25, 24, 26], ""pl"": [26, 25, 27], ""cfs"": []}"
DFML,2025,,,,2597002.0,8522798.0,1405314,-1706186,-300872,-578443,214064.0,1006861.0,,,,thousands,ok,,"{""sfp"": [25, 24, 26], ""pl"": [26, 25, 27], ""cfs"": []}"
DGKC,2013,63526719,,,25983994,9309606.0,24915924,-15589917,9326007,5502169,468881,1661721,,-657179,6519982,thousands,ok,,"{""sfp"": [34, 33, 35, 91, 110, 128, 133, 138, 139, 140, 141, 142, 143], ""pl"": [36, 35, 37, 93], ""cfs"": [38, 37, 39, 107]}"
DGKC,2014,73282069,11765368,61516535,32068626,5940563.0,26542509,-17284941,9257568,5965498,1309026,1348742,,-1314357,8724257,thousands,review,L2.5,"{""sfp"": [65, 64, 66, 127], ""pl"": [67, 66, 68, 129], ""cfs"": [69, 68, 70, 131]}"
DGKC,2015,74391443,,,31426342,6598378.0,26104611,-16649411,9455200,7624680,257723,1188376,,-1533417,9954056,thousands,ok,,"{""sfp"": [101, 100, 102, 156], ""pl"": [103, 102, 104, 167], ""cfs"": [105, 104, 106, 169]}"
DGKC,2016,83418265,,,30835521,10056634.0,29703758.0,-17035566.0,12668192.0,8789672,7009844,766633,,-2190596,11119972,thousands,ok,,"{""sfp"": [107, 106, 108, 173], ""pl"": [110], ""cfs"": [111, 110, 112, 177]}"
DGKC,2017,108371319,,,27300684,14849803.0,30136165.0,-18291600.0,11844565.0,7975341,421880,1162914,,-2628715,5877328,thousands,ok,,"{""sfp"": [100, 99, 101, 166, 189, 190, 192, 193, 209, 220, 229, 230, 232, 234], ""pl"": [103, 169], ""cfs"": [104, 103, 105, 170]}"
DGKC,2018,,,,29077644.0,22601249.0,30668428.0,-21928207.0,8740221.0,8837608,469104.0,1377596.0,,-3279879,8910698,thousands,ok,,"{""sfp"": [97, 151], ""pl"": [98, 165], ""cfs"": [99, 98, 100]}"
DGKC,2019,125941425,,,33623260,34247052.0,40516525,-35154086,5362439,1609759,488918,3714058,,-1856922,-1530631,thousands,ok,,"{""sfp"": [94, 93, 95, 173], ""pl"": [96, 95, 97, 192], ""cfs"": [99, 98, 100]}"
DGKC,2020,27281347,60654652,,34097120.0,37624257.0,38033124.0,-36447218.0,1585906.0,,687991,4352995.0,,,,thousands,review,L5,"{""sfp"": [106, 180, 249], ""pl"": [199, 108], ""cfs"": [108, 107, 109]}"
DGKC,2021,137894697,60147772,,36851264,40295520.0,45107690,-37035798,8071892,3721273,806373,2728589,,,6161190,thousands,ok,,"{""sfp"": [109, 108, 110, 201, 207, 208, 210, 211, 245, 248, 250], ""pl"": [111, 110, 112], ""cfs"": [114, 113, 115, 184]}"
DGKC,2022,141590854,68947142,72643712,,47370341,58043863,-47615551,10428312,2972132,,,,-437124,-3932479,thousands,ok,,"{""sfp"": [128, 200], ""pl"": [130, 202], ""cfs"": [132, 204]}"
DGKC,2023,134713254,,64192277.0,39026666,48675790.0,64983821,-55428046,9555775,-3635976,674972,8873170,,-437927,6504234,thousands,ok,,"{""sfp"": [154, 153, 155, 245], ""pl"": [156, 155, 157], ""cfs"": [158, 157, 159]}"
DGKC,2024,138385754,49922391,75847538.0,41770521,32225717.0,66038689,-55510429,10528260,542396,732168,7693067,34200,,6029545,thousands,review,L1,"{""sfp"": [154, 153, 155, 235, 251, 258, 260, 261, 262, 299, 302, 305], ""pl"": [156, 155, 157], ""cfs"": [158, 157, 159]}"
DGKC,2025,145924235,51256757,94667478,47908042,25910920,71892837,-53387166,18505671,8675059,568832,8188678,,,10034132,thousands,review,L5,"{""sfp"": [153, 152, 154], ""pl"": [155, 154, 156], ""cfs"": [157, 156, 158]}"
DIIL,2015,1114637096,,,701399570,419885150.0,637193780.0,,,,7230049,309394772,,,,thousands,ok,,"{""sfp"": [13, 12, 14], ""pl"": [], ""cfs"": []}"
DIIL,2016,919906110,,,630130650,189525528,774114245.0,,,,8191746,276919582,,,,thousands,ok,,"{""sfp"": [13, 12, 14], ""pl"": [], ""cfs"": []}"
DIIL,2017,731190044,,,459502343,630706553.0,940883814.0,-937462593.0,3421221.0,,6124935,97797095,,,,thousands,ok,,"{""sfp"": [13, 12, 14], ""pl"": [], ""cfs"": []}"
DIIL,2019,386031249.0,205856772.0,,,,,,,,701212.0,,,,,thousands,ok,,"{""sfp"": [50], ""pl"": [], ""cfs"": []}"
DIIL,2020,401492985.0,208735233.0,,,,,,,,2531672.0,,,,,thousands,ok,,"{""sfp"": [52], ""pl"": [], ""cfs"": []}"
DIIL,2022,870394826.0,,,567649591.0,372732235.0,1785557455,-1609563468,175993987,52907254,1720412.0,,,,,thousands,ok,,"{""sfp"": [], ""pl"": [21], ""cfs"": [24]}"
DIIL,2023,493198728.0,,,380642488.0,99562368.0,,,,,1776054.0,,,,,thousands,ok,,"{""sfp"": [41], ""pl"": [], ""cfs"": []}"
DIIL,2024,527905680.0,,246687076,210007623.0,102117098.0,,,,-24233345.0,2915479.0,,,,,thousands,ok,,"{""sfp"": [53], ""pl"": [], ""cfs"": []}"
DIIL,2025,480384836.0,,,210435710.0,81892013.0,,,,-153761365.0,2337883.0,,,,,thousands,ok,,"{""sfp"": [], ""pl"": [], ""cfs"": []}"
DINT,2022,28110695103,19997431528,8113263575,18111342572,14044674624,31352709025.0,-25382352880.0,5970356145.0,3443296328.0,195705117,10185800211,5587760,,,thousands,review,L5,"{""sfp"": [64, 63, 65], ""pl"": [], ""cfs"": []}"
DINT,2023,37991974201,27452249007,10539725194,21694084477,20108827407,32313734893.0,-29211516967.0,3102217926.0,,118771905.0,,,,,thousands,review,L5,"{""sfp"": [67, 66, 68], ""pl"": [32], ""cfs"": [40]}"
DINT,2025,34488337,,,,,40119.0,-36377.0,,,,,,,,thousands,ok,,"{""sfp"": [40, 39, 41], ""pl"": [], ""cfs"": [41]}"
DKL,2015,,,,,,,,,41413116.0,,,,,,thousands,ok,,"{""sfp"": [], ""pl"": [], ""cfs"": []}"
DKL,2019,71146014.0,,,853242.0,12140974.0,,,,,55510.0,,,,,thousands,ok,,"{""sfp"": [35, 34, 36], ""pl"": [], ""cfs"": []}"
DKTM,2018,,,,124730781.0,,,-93676471.0,,-185045157.0,1524698.0,69530284.0,,,,thousands,ok,,"{""sfp"": [19, 18, 20], ""pl"": [], ""cfs"": []}"
DKTM,2019,9233827000.0,20856161000.0,,,,,,,,,,,,,thousands,ok,,"{""sfp"": [], ""pl"": [], ""cfs"": []}"
DKTM,2020,8143557000.0,20903039000.0,,,,,,,,,,,,,thousands,ok,,"{""sfp"": [], ""pl"": [], ""cfs"": []}"
DLL,2013,1252553,398774,853779,552095,389355,134318,-115804,18514,-340166,20256,261306,,,,thousands,review,L5,"{""sfp"": [39, 38, 40], ""pl"": [40, 39, 41], ""cfs"": [42, 41, 43]}"
DLL,2014,,,,692536.0,345802.0,129199,-102148,27051,-88857,20303.0,,,,,thousands,ok,,"{""sfp"": [39, 38, 40, 84], ""pl"": [40, 39, 41, 85], ""cfs"": [42, 41, 43, 87]}"
DLL,2015,2396397,354698,2041699,1221637,348364,175765,-143007,32758,1282119,510644,210307,,,,thousands,review,L5;L5;L5,"{""sfp"": [48, 47, 49, 109, 117, 131, 133], ""pl"": [49, 48, 50], ""cfs"": [51, 50, 52]}"
DLL,2016,3454398,593274,2861124,755245,593274,,-152080.0,,1156519.0,300330,86558,,,,thousands,review,L5,"{""sfp"": [58, 57, 59], ""pl"": [], ""cfs"": []}"
DLL,2017,3405275,699478,2705797,298412,699478,,-76784.0,,164288.0,10239.0,,,,,thousands,review,L5,"{""sfp"": [56, 55, 57, 104], ""pl"": [], ""cfs"": []}"
DLL,2018,3601713.0,,,214762.0,510648.0,,,,477208.0,19788.0,,,,,thousands,ok,,"{""sfp"": [60, 59, 61, 128], ""pl"": [], ""cfs"": []}"
DLL,2019,4213518.0,,,684471.0,706448.0,,,,1098904.0,,,,,,thousands,ok,,"{""sfp"": [54, 53, 55, 126], ""pl"": [], ""cfs"": []}"
DLL,2020,4603602.0,,3760464.0,1078509.0,840383.0,,,,,29713.0,,,,,thousands,ok,,"{""sfp"": [66, 65, 67, 128], ""pl"": [], ""cfs"": []}"
DLL,2021,4739821,812348,3927473,1251855,807651,,,,,48303,14262,,,,thousands,ok,,"{""sfp"": [72, 71, 73, 130], ""pl"": [], ""cfs"": []}"
DLL,2022,3560038,216439,3343599,1166200,211680,,,,,64951,,,,,thousands,review,L2.5;L5;L5,"{""sfp"": [79, 78, 80], ""pl"": [], ""cfs"": []}"
DLL,2023,,,,5011292.0,557263.0,,,,,143741.0,,,,,thousands,ok,,"{""sfp"": [51, 50, 52, 109], ""pl"": [], ""cfs"": []}"
DLL,2024,7849129,727482,7121647,5174270,714259,,,,3039968,151453,,,,,thousands,review,L5,"{""sfp"": [40, 39, 41, 108], ""pl"": [41, 40, 42], ""cfs"": []}"
DLL,2025,28524357,3136891,25387466,7659230,1009427,2742145,,,17090471,520915,,,,,thousands,review,L2.5;L2.5;L2.5;L2.5,"{""sfp"": [72, 71, 73, 163], ""pl"": [73, 72, 74], ""cfs"": []}"
DMTM,2018,10023571000.0,20188204000.0,,,,,,,-149444307.0,,,,,,thousands,ok,,"{""sfp"": [], ""pl"": [], ""cfs"": []}"
DMTM,2019,9233827000.0,20856161000.0,,,,,,,-104764420.0,,,,,,thousands,ok,,"{""sfp"": [], ""pl"": [], ""cfs"": []}"
DMTM,2020,,,,136375666.0,591604678.0,,-59881045.0,,,3452986.0,37638566.0,,,,thousands,ok,,"{""sfp"": [19, 18, 20], ""pl"": [], ""cfs"": []}"
DMTM,2021,,,,,,,45399941.0,,,,,,,,thousands,ok,,"{""sfp"": [], ""pl"": [], ""cfs"": []}"
DMTM,2022,,,,69274167.0,566303185.0,,-76857523.0,,,3698711.0,7704790.0,,,,thousands,ok,,"{""sfp"": [18, 17, 19], ""pl"": [], ""cfs"": []}"
DMTM,2024,,,,37418980.0,584287324.0,,-31281972.0,,,6640632.0,,,,,thousands,ok,,"{""sfp"": [21, 20, 22], ""pl"": [], ""cfs"": []}"
DMTX,2014,837446382,335235274,-69536390,24887811,199023120,428822118.0,-406944124.0,,,134458,3875196,,,,thousands,review,L1,"{""sfp"": [19, 18, 20], ""pl"": [], ""cfs"": []}"
DMTX,2015,752827474,197149632,25423795,16913568,135352858,3574459.0,-23354271.0,,53477883.0,305981,401553,,,,thousands,review,L1;L5,"{""sfp"": [19, 18, 20], ""pl"": [], ""cfs"": []}"
DMTX,2016,730418612,158717590.0,-30960872.0,26124095,118264308.0,198080.0,-206028.0,,,130992,,,,,thousands,review,L1;L5,"{""sfp"": [22, 21, 23], ""pl"": [], ""cfs"": []}"
DMTX,2017,693975816,150259270,-31301959,26918991,120209497,,,,-2775470.0,89687,,,,,thousands,review,L1;L5,"{""sfp"": [31, 30, 32], ""pl"": [], ""cfs"": []}"
DMTX,2018,665524734,139323011,526201723,24714244,119704728,,,,-15862746.0,51109,,,,,thousands,review,L5,"{""sfp"": [36, 35, 37], ""pl"": [], ""cfs"": []}"
DMTX,2019,656439403,137593735,518845668,25669838,128891819,,,,-7524441.0,822625,,,,,thousands,review,L5,"{""sfp"": [36, 35, 37], ""pl"": [], ""cfs"": []}"
DMTX,2021,640336606,115492384,524844222,48904243,108586018,,,,,11920634,,,,,thousands,review,L5;L5,"{""sfp"": [35, 34, 36], ""pl"": [], ""cfs"": []}"
DMTX,2022,791054188,128552404,662501784,29456694,124964902,,,,,4253329,,,,,thousands,ok,,"{""sfp"": [35, 34, 36], ""pl"": [], ""cfs"": []}"
DMTX,2023,783213629,135026448,648187181,24031701,130546585,,,,,262952,,,,,thousands,ok,,"{""sfp"": [33, 32, 34], ""pl"": [], ""cfs"": []}"
DMTX,2024,786318726,123488278,662830448,114541541,118356285,,,,,2239103,,,,,thousands,ok,,"{""sfp"": [35, 34, 36], ""pl"": [], ""cfs"": []}"
DNCC,2016,4490173450,,,910577160,4309960337.0,2346936848.0,2359393646.0,-12456798.0,-280252502.0,45542509,27216037,,,,thousands,ok,,"{""sfp"": [14, 13, 15], ""pl"": [], ""cfs"": []}"
DNCC,2018,5256012196,7299702490,-2043690294,765872623,5237795779,1306529257.0,-1782703753.0,-476174496.0,-751456105.0,13490053,214407859,,,,thousands,review,L5,"{""sfp"": [18, 17, 19], ""pl"": [], ""cfs"": []}"
DNCC,2019,5269271656,,,875392889,3309032415.0,1593516615.0,-1937197269.0,-343680654.0,,48910151,220018479,,,,thousands,review,L5,"{""sfp"": [20, 19, 21], ""pl"": [], ""cfs"": []}"
DNCC,2020,4906148748,,,569759085,1160376932.0,296105600.0,-489593137.0,-193487537.0,,6763828,119153645,,,,thousands,ok,,"{""sfp"": [20, 19, 21], ""pl"": [], ""cfs"": []}"
DNCC,2021,4743289365,,,415911734,1047393304.0,,,,-77742651.0,21118339,89992553,,,,thousands,review,L5,"{""sfp"": [20, 19, 21], ""pl"": [], ""cfs"": []}"
DNCC,2022,5423456142,,,375543644,739485397.0,,,,-326549925.0,68554981,7575898,,,,thousands,ok,,"{""sfp"": [20, 19, 21], ""pl"": [], ""cfs"": []}"
DNCC,2023,9459144596,,,443695484,1586744620.0,,,,-367435662.0,11269848,5041311,,,,thousands,ok,,"{""sfp"": [20, 19, 21], ""pl"": [], ""cfs"": []}"
DNCC,2024,13523902748,,,1211040823,3238815367.0,,,,,21724232,273555694,,,,thousands,ok,,"{""sfp"": [20, 19, 21], ""pl"": [], ""cfs"": []}"
DOL,2017,2160371,442922,1717449,535482,442922,1961005,-1454383,506622,204925,21760,47803,,,216696,thousands,ok,,"{""sfp"": [14], ""pl"": [15], ""cfs"": [16, 15, 17]}"
DOL,2018,,,,,,,,,,,,,-263990,448808,thousands,ok,,"{""sfp"": [12], ""pl"": [13], ""cfs"": [14, 13, 15]}"
DOL,2019,2248187,1464628,783559,716916,45374,2704957,-1874206,830751,394269,,,,-284052,609280,thousands,ok,,"{""sfp"": [13], ""pl"": [14], ""cfs"": [15, 14, 16]}"
DOL,2020,2836685,901370,1935315,760606,472065,2641615,-1780357,861258,414423,,183058,,,668691,thousands,ok,,"{""sfp"": [27, 26, 28], ""pl"": [30, 29, 31], ""cfs"": [32, 31, 33]}"
DOL,2021,3892671,,,1415414,638608.0,2804903,-2191962,612941,278703,57306,154557,,-150195,542039,thousands,ok,,"{""sfp"": [31, 30, 32], ""pl"": [33, 32, 34], ""cfs"": [36, 35, 37]}"
DOL,2022,3905019,,,1358769,1013139.0,4250493,-3148688,1101805,470877,106171,248816,,-174016,1055874,thousands,review,L5,"{""sfp"": [31, 30, 32], ""pl"": [33, 32, 34], ""cfs"": [36, 35, 37]}"
DOL,2023,5035830,5035830,3059483,2684795,1667003,6721346,-3964917,2756429,140634,248357,717177,,-694186,1871235,thousands,review,L1;L5,"{""sfp"": [33, 32, 34, 87], ""pl"": [35, 34, 36, 89], ""cfs"": [38, 37, 39, 92]}"
DOL,2024,,,,,,5738033,,1154113,507014,,,,,,thousands,ok,,"{""sfp"": [], ""pl"": [3, 2, 4], ""cfs"": []}"
DOL,2025,4570678,1300183,3270495,2400359,1096214,5916317.0,-4211771.0,1704546.0,790159,192261,653599,,-692401,1598903,thousands,review,L5,"{""sfp"": [35, 34, 36, 85], ""pl"": [37, 36, 38, 87], ""cfs"": [40, 39, 41, 90]}"
DSIL,2016,732440692,631899109,-124847935,88456586,607147446,,-694770844.0,-59745230.0,16530189.0,982174,20210575,,,,thousands,review,L1,"{""sfp"": [16, 15, 17], ""pl"": [], ""cfs"": []}"
DSIL,2018,687750716,490202242,197548474,104292967,372843664,717846175.0,-733450702.0,-15604527.0,,2339408,54110390,,,,thousands,ok,,"{""sfp"": [16, 15, 17], ""pl"": [], ""cfs"": []}"
DSIL,2019,513848769,297395174,216453595,36944240,292148868,581734778.0,-612634156.0,-30899378.0,-81531163.0,1805017,9316183,,,,thousands,review,L5,"{""sfp"": [16, 15, 17], ""pl"": [], ""cfs"": []}"
DSIL,2020,462977532,279974472,183003060,20624720,166447339,117732604.0,-115417102.0,,-33482807.0,733806,13092866,,,,thousands,review,L5;L5,"{""sfp"": [16, 15, 17], ""pl"": [], ""cfs"": []}"
DSIL,2021,478793695,305549508.0,173244187.0,18498504,190955403.0,,-128717193.0,5252465.0,-9679239.0,,,,,,thousands,ok,,"{""sfp"": [15, 14, 16], ""pl"": [], ""cfs"": []}"
DSIL,2022,356034717,154356976,201677741,166870898,153768186,,-34458893.0,-18518093.0,28601897.0,130381154,2867199,,,,thousands,review,L5,"{""sfp"": [16, 15, 17], ""pl"": [], ""cfs"": []}"
DSIL,2023,298101499,110853772,187247727,128236741,110853772,,-22119683.0,,-14425913.0,79557214,12253255,,,,thousands,ok,,"{""sfp"": [17, 16, 18], ""pl"": [], ""cfs"": []}"
DSIL,2024,291565444,107773992,183791451,121451936,107773992,,-21265312.0,7900597.0,-3456276.0,69222792,,,,,thousands,ok,,"{""sfp"": [17, 16, 18], ""pl"": [], ""cfs"": []}"
DSIL,2025,284683228.0,95645803.0,189037424.0,110623543.0,95645804.0,,-3892616.0,,,,,,,,thousands,ok,,"{""sfp"": [17, 16, 18], ""pl"": [], ""cfs"": []}"
DSL,2014,2048194678,,572695312,6853544,1474913192,,,,-12976875.0,373956,,,,,thousands,ok,,"{""sfp"": [16, 15, 17], ""pl"": [], ""cfs"": []}"
DSL,2015,2050306181.0,1842701492.0,207604689.0,5333306.0,928502193.0,,,,-98084538.0,66999.0,,,,,thousands,ok,,"{""sfp"": [], ""pl"": [], ""cfs"": []}"
DSL,2017,3164322913,1954477460,1209845453,787368788,161465319,,,,-81490295.0,781199806,,,,,thousands,ok,,"{""sfp"": [30, 29, 31], ""pl"": [], ""cfs"": []}"
DSL,2018,3134245461,2027495415,1106750046,470046149,234066154,,,,-103176072.0,31491873,256501970,,,,thousands,ok,,"{""sfp"": [48, 47, 49], ""pl"": [], ""cfs"": []}"
DSL,2019,2783201234,1990674169,792527065,144302754,268539978,576657960.0,-684937619.0,,-313309036.0,1887215,47535870,,,,thousands,ok,,"{""sfp"": [38, 37, 39], ""pl"": [], ""cfs"": []}"
DSL,2020,2692009689,2140588988,551420701,76019471,483819764,11270030.0,-60985653.0,-49715623.0,-241106364.0,903290,31708408,,,,thousands,review,L5,"{""sfp"": [40, 39, 41], ""pl"": [], ""cfs"": []}"
DSL,2025,,,,,,,-38608041.0,,,,,,,,thousands,ok,,"{""sfp"": [], ""pl"": [], ""cfs"": []}"
DSML,2019,-118264.0,516444.0,,396764.0,516444.0,,,,,,,,,,thousands,ok,,"{""sfp"": [], ""pl"": [], ""cfs"": []}"
DSML,2020,-15591.0,518863.0,,39315.0,518863.0,,,,,,,,,,thousands,ok,,"{""sfp"": [], ""pl"": [], ""cfs"": []}"
DWSM,2016,5723908077,4528126001,11957,1892796449.0,2579656299.0,2567628356.0,-3170515838.0,,,12462276.0,242821045.0,,,,thousands,review,L1,"{""sfp"": [17, 16, 18], ""pl"": [], ""cfs"": []}"
DWSM,2018,7673516561.0,,,2205784484.0,5171718302.0,4738180041.0,-5002555537.0,,,90587518.0,1467636506.0,,,,thousands,ok,,"{""sfp"": [19, 18, 20], ""pl"": [], ""cfs"": []}"
DWSM,2019,6179328638.0,,,1058694527.0,4422849208.0,5707989323.0,-5760834843.0,,,48348292.0,273052732.0,,,,thousands,ok,,"{""sfp"": [21, 20, 22], ""pl"": [], ""cfs"": []}"
DWSM,2020,6792920232.0,,,2007517491.0,6252900969.0,3824784973.0,-4465760781.0,,,33329240.0,1033517670.0,,,,thousands,ok,,"{""sfp"": [20, 19, 21], ""pl"": [], ""cfs"": []}"
DWSM,2021,8783671263.0,,,1917538735.0,6653331382.0,5958696037.0,-6497210661.0,,,60224879.0,1336762811.0,,,,thousands,ok,,"{""sfp"": [21, 20, 22], ""pl"": [], ""cfs"": []}"
DWSM,2022,8558166952.0,,,2255976229.0,7277085626.0,8454777216.0,-8594621181.0,,,83400988.0,1249948355.0,,,,thousands,ok,,"{""sfp"": [21, 20, 22], ""pl"": [], ""cfs"": []}"
DWSM,2023,8579774171.0,,,2567698286.0,8154758011.0,6206791490.0,-6291569903.0,,,33925579.0,1532142678.0,,,,thousands,ok,,"{""sfp"": [22, 21, 23], ""pl"": [], ""cfs"": []}"
DWSM,2024,9010628943,9672069897,-661440954,1579832613,7525793903,2483411983.0,-2937021378.0,,,28127543,709818109,,,,thousands,ok,,"{""sfp"": [20, 19, 21], ""pl"": [], ""cfs"": []}"
DWSM,2025,7941607440.0,,,924221780.0,7154718494.0,1296929074.0,-2291805552.0,,,15561036.0,362804886.0,,,,thousands,ok,,"{""sfp"": [21, 20, 22], ""pl"": [], ""cfs"": []}"
DWTM,2018,29335699,,,1116491009.0,4491118785.0,,-193454015.0,-193454015.0,-601985439.0,8474273.0,,,,,thousands,ok,,"{""sfp"": [19, 18, 20], ""pl"": [], ""cfs"": []}"
DWTM,2019,,,,630488785.0,4778347610.0,,-569733861.0,-437261468.0,-874171672.0,7199455.0,,,,,thousands,ok,,"{""sfp"": [18, 17, 19], ""pl"": [], ""cfs"": []}"
DWTM,2020,,,,479865470.0,5119727501.0,,-152473011.0,-152473011.0,-606777528.0,5068481.0,,,,,thousands,ok,,"{""sfp"": [18, 17, 19], ""pl"": [], ""cfs"": []}"
DWTM,2021,1671465060,5577825319,-3906360259,262567163,5288316890.0,,-191117219.0,,,10144166.0,,,,,thousands,ok,,"{""sfp"": [19, 18, 20], ""pl"": [], ""cfs"": []}"
DWTM,2022,,,,3988519222.0,5332633502.0,323046585.0,-345668683.0,,,6863473.0,,,,,thousands,ok,,"{""sfp"": [18, 17, 19], ""pl"": [], ""cfs"": []}"
DWTM,2023,,,,22548004.0,5647088707.0,,-188705727.0,,,3313815.0,,,,,thousands,ok,,"{""sfp"": [18, 17, 19], ""pl"": [], ""cfs"": []}"
DWTM,2024,3341109763,6080400897,,6226852.0,5638798464.0,,-149322241.0,,,3088279.0,,,,,thousands,ok,,"{""sfp"": [19, 18, 20], ""pl"": [], ""cfs"": []}"
DWTM,2025,,,,6286258.0,5895032344.0,,-131321267.0,,,3513037.0,,,,,thousands,ok,,"{""sfp"": [18, 17, 19], ""pl"": [], ""cfs"": []}"
DYNO,2020,2345880,,1584896,,,,,,,,,,,,thousands,ok,,"{""sfp"": [19, 18, 20], ""pl"": [], ""cfs"": []}"
DYNO,2021,340759003,,,2753595702.0,902131532.0,,-5191320199.0,1635883344.0,,499303600.0,1189667787.0,,,,thousands,review,L2.5;L5,"{""sfp"": [23, 22, 24], ""pl"": [], ""cfs"": []}"
DYNO,2022,3906234486,997131525,2909102961,3043043042,922519193,,-7925208567.0,1611116365.0,,232671547,1369639453,,,,thousands,ok,,"{""sfp"": [23, 22, 24], ""pl"": [], ""cfs"": []}"
DYNO,2023,4556321099,1123597339,,3660447753.0,1078721137.0,,-9186652936.0,1893784939.0,,795809475.0,1093316330.0,,,,thousands,ok,,"{""sfp"": [23, 22, 24], ""pl"": [], ""cfs"": []}"
DYNO,2024,5553036049,1259070822,4293965227,45438,1259443522.0,,-9898505029.0,2861390595.0,1191509001.0,340599555.0,1817709274.0,,,,thousands,review,L5,"{""sfp"": [26, 25, 27], ""pl"": [], ""cfs"": []}"
DYNO,2025,6314557141,1436025128,4878532013,5223238761.0,1453960081.0,,-10482382373.0,2251902791.0,867653068.0,956465900.0,1820503720.0,,,,thousands,ok,,"{""sfp"": [24, 23, 25], ""pl"": [], ""cfs"": []}"
ECOP,2017,1706256,935007,771249,690979,519246,2205360,-18480,357354.0,105861,22942,246650,,,234016,thousands,review,L1;L5,"{""sfp"": [36, 35, 37], ""pl"": [37, 36, 38], ""cfs"": [40, 39, 41]}"
ECOP,2018,2425656.0,,,1035833.0,949295.0,3312401,-2904311,408090,127041,79733.0,,,-27880,51395,thousands,ok,,"{""sfp"": [44, 43, 45], ""pl"": [45, 44, 46], ""cfs"": [48, 47, 49]}"
ECOP,2019,2566328,1658906,907422,1102483,1100615,4074873,-3689056,385817,74811,35513,324830,,-28932,71980,thousands,review,L5,"{""sfp"": [27, 26, 28], ""pl"": [28, 27, 29], ""cfs"": [31, 30, 32]}"
ECOP,2020,2155490,1350861,804629,729134,825500,3053947,-2905983,147964,-103700,20278,297598,,-17148,439442,thousands,ok,,"{""sfp"": [31, 30, 32], ""pl"": [32, 31, 33], ""cfs"": [35, 34, 36]}"
ECOP,2021,2141785,1291716,850069,787402,986226,3100689,-2798092,302597,46114,28697,442389,,,,thousands,ok,,"{""sfp"": [27, 26, 28], ""pl"": [28, 27, 29], ""cfs"": [31, 30, 32]}"
ECOP,2022,2501897,1470844,1031053,1060720,1299294,5025212,-4615520,409692,100179,25715,384593,,,,thousands,ok,,"{""sfp"": [54, 53, 55], ""pl"": [55, 54, 56], ""cfs"": [58, 57, 59, 84]}"
ECOP,2023,2976282,1800961,1175321,1410539,1661530,5689493,-5107449,582044,40143,84328,505528,,,,thousands,review,L5,"{""sfp"": [55, 54, 56], ""pl"": [56, 55, 57], ""cfs"": [59, 58, 60]}"
ECOP,2025,3345720.0,,,1453681.0,1268877.0,7183111,5979757,1203354,339840,103241.0,473965.0,,-69820,773520,thousands,ok,,"{""sfp"": [56, 55, 57], ""pl"": [57, 56, 58], ""cfs"": [60, 59, 61]}"
EFERT,2014,111472.0,,,46676.8,36556.0,,,,,,,,,,thousands,ok,,"{""sfp"": [], ""pl"": [], ""cfs"": []}"
EFERT,2015,,,,,,,,,11027129.0,,,,,,thousands,ok,,"{""sfp"": [], ""pl"": [], ""cfs"": []}"
EFERT,2016,102803512,61155128,41648384,28064003,24056849,69537253.0,-52098086.0,17439167.0,9283453.0,84426,6799015,,,,thousands,review,L5,"{""sfp"": [104, 103, 105], ""pl"": [], ""cfs"": []}"
EFERT,2017,111816249,69346538,42469711,38283045,36934184,,,,11155622.0,1795929,7636214,,,,thousands,review,L5,"{""sfp"": [43, 42, 44], ""pl"": [], ""cfs"": []}"
EFERT,2018,117721049,72197894,45523155,44886678,39128581,109196586.0,-73880139.0,35316447.0,17413518.0,729836,11538309,,,,thousands,review,L5,"{""sfp"": [66, 65, 67, 99], ""pl"": [], ""cfs"": []}"
EFERT,2019,127046811,83767351,43279460,55887591,49135424,121354758.0,-81814870.0,39539888.0,16871223.0,3409674,3568895,,,,thousands,review,L5;L5,"{""sfp"": [82, 81, 83, 115], ""pl"": [], ""cfs"": []}"
EFERT,2025,199166075,154418837,44747238,96084407,124595780,237130786.0,-164577790.0,,22628044.0,8042747,25691512,,,,thousands,review,L5;L5,"{""sfp"": [159, 158, 160, 195], ""pl"": [], ""cfs"": []}"
EFGH,2013,1476443471,408807992,1067635479,1390899868,408807992,,,,230027213.0,22850437,,,,,thousands,ok,,"{""sfp"": [19, 18, 20], ""pl"": [], ""cfs"": []}"
EFGH,2018,977139048,797095259,180043789,909479762,422095259,,,,-45634187.0,86637010,,,,,thousands,ok,,"{""sfp"": [28, 27, 29], ""pl"": [], ""cfs"": []}"
EFGH,2019,761759195.0,,,696963141.0,256188501.0,,,,,96753415.0,,,,,thousands,ok,,"{""sfp"": [28, 27, 29], ""pl"": [], ""cfs"": []}"
EFGH,2020,862135226,,,797510371.0,351152278.0,,,,,183833593.0,,,,,thousands,ok,,"{""sfp"": [26, 25, 27], ""pl"": [], ""cfs"": []}"
EFGH,2021,1316694856.0,,,1254049987.0,394018190.0,,,,28886516.0,161062880.0,,,,,thousands,ok,,"{""sfp"": [26, 25, 27], ""pl"": [], ""cfs"": []}"
EFGH,2022,1188534407.0,,,1136929116.0,193558394.0,,,,,102558998.0,,,,,thousands,ok,,"{""sfp"": [26, 25, 27], ""pl"": [], ""cfs"": []}"
EFGH,2023,744624356.0,,,674377565.0,246792402.0,,,,-107453088.0,110790107.0,,,,,thousands,ok,,"{""sfp"": [26, 25, 27], ""pl"": [], ""cfs"": []}"
EFOODS,2014,,,,,,,,,888831.0,,,,,,thousands,ok,,"{""sfp"": [], ""pl"": [], ""cfs"": []}"
EFOODS,2015,26285386,11372585,14912801,11055032,7359740,,,,,289049,3071379,,,,thousands,review,L2.5,"{""sfp"": [45, 44, 46], ""pl"": [], ""cfs"": []}"
EFOODS,2017,22218330,12497306,9721024,8531721,7088648,,,,379297.0,,,,,,thousands,ok,,"{""sfp"": [32, 31, 33], ""pl"": [], ""cfs"": []}"
EFOODS,2018,,,,,,,-27285392.0,,63783.0,,,,,,thousands,ok,,"{""sfp"": [53, 52, 54], ""pl"": [], ""cfs"": []}"
EFUG,2013,,,,,,,,,1392232,,,,-611972,1219271,thousands,ok,,"{""sfp"": [], ""pl"": [67, 68], ""cfs"": [70, 69, 71]}"
EFUG,2014,,,,,,,,,1829051,,,,-642566,-214213,thousands,ok,,"{""sfp"": [], ""pl"": [73, 74], ""cfs"": [76, 75, 77]}"
EFUG,2015,,,,,,,,,,,,,-1249791,1342009,thousands,ok,,"{""sfp"": [], ""pl"": [], ""cfs"": [84, 83, 85]}"
EFUG,2016,,,,,,,,,,,,,-1289412,826235,thousands,ok,,"{""sfp"": [], ""pl"": [101, 153], ""cfs"": [104, 103, 105, 156]}"
EFUG,2019,,,,,,,,,3369398,,,,,,thousands,ok,,"{""sfp"": [64, 96, 111], ""pl"": [64, 96], ""cfs"": [65, 64, 66, 99]}"
EFUG,2020,4371530,3237717,1133813,,,1653182,,,,,,,-1961988,1401732,thousands,ok,,"{""sfp"": [65, 129, 146], ""pl"": [65, 129], ""cfs"": [66, 65, 67, 130]}"
EFUG,2021,47000332,26135626,19273812,,,9806853,5546019,1551696,2801579,1189522,,,-1950546,158068,thousands,review,L1;L1,"{""sfp"": [123, 183, 251], ""pl"": [124, 125, 184, 185, 252, 253], ""cfs"": [126, 125, 127, 186, 254]}"
EFUG,2022,56619488,36335899,18426725,,,10293238,,,2005722,6193736,,,-1933549,3081564,thousands,review,L1,"{""sfp"": [126, 218, 256], ""pl"": [127, 221, 257, 258], ""cfs"": [129, 128, 130, 243, 259]}"
EFUG,2023,67505051,45246345,20407751,,,,,,402276,2286861,,,-1968733,936666,thousands,review,L1,"{""sfp"": [129, 187, 255], ""pl"": [130, 188, 256, 257], ""cfs"": [132, 131, 133, 189, 258]}"
EFUG,2024,72398872,46181742,24169828,,,14552144,,,3711128,1717797,,,-1958592,675547,thousands,review,L1,"{""sfp"": [215, 299, 409], ""pl"": [216, 300, 410], ""cfs"": [218, 217, 219, 301]}"
EFUG,2025,85626258,48380772,27390398,,,,,,5298504,,,,,,thousands,review,L1,"{""sfp"": [136, 177], ""pl"": [136, 135, 137, 177], ""cfs"": [137, 136, 138, 177]}"
EFUL,2013,,,,,,,,,,,,,-490000,5765564,thousands,ok,,"{""sfp"": [75, 90], ""pl"": [77], ""cfs"": [79, 78, 80]}"
EFUL,2014,67228482,,,,,28011423,,,950901,,,,,,thousands,ok,,"{""sfp"": [39, 40], ""pl"": [41], ""cfs"": [41, 40, 42]}"
EFUL,2015,91265379,91265379,3614663,,,,,,,14065887,,,,,thousands,review,L1,"{""sfp"": [43, 63], ""pl"": [44], ""cfs"": [44, 43, 45]}"
EFUL,2020,,,,,,,,,,,,,-1500000,5819758,thousands,ok,,"{""sfp"": [46, 45, 47], ""pl"": [60, 59, 61], ""cfs"": [117, 116, 118, 174]}"
EFUL,2021,163179955,157001576,6178379,,,,,,,4608125,,,-1500000,1677620,thousands,ok,,"{""sfp"": [112, 153, 169, 185, 186], ""pl"": [113, 161], ""cfs"": [115, 114, 116, 170]}"
EFUL,2022,178513568,172165018,6348550,,,38471291,,,53005896,4558867,,,-1500000,1287541,thousands,ok,,"{""sfp"": [112, 163], ""pl"": [113, 167], ""cfs"": [115, 114, 116, 168]}"
EFUL,2023,210203902,203254559,6949343,,,,,,,5054792,,,-1500000,-7059738,thousands,ok,,"{""sfp"": [113, 161], ""pl"": [114, 162], ""cfs"": [116, 115, 117, 173]}"
ELSM,2014,2356955269,958907310,1398047959,1338341840,506375067,5709483886.0,-5156963634.0,552520252.0,255902796.0,133268673,759315503,,,,thousands,ok,,"{""sfp"": [28, 27, 29], ""pl"": [], ""cfs"": []}"
ELSM,2015,2377522179,992835261,1384686918,1350263173,502913143,4588787945.0,-4296796234.0,291991711.0,54298728.0,148674604,668865762,,,,thousands,ok,,"{""sfp"": [28, 27, 29], ""pl"": [], ""cfs"": []}"
ELSM,2016,2870295628,1451813929,1418481699,1649628054,793161667,4227909980.0,-3982624034.0,245285946.0,71164545.0,176195561,738170879,,,,thousands,ok,,"{""sfp"": [35, 34, 36], ""pl"": [], ""cfs"": []}"
ELSM,2017,6253850317,4704579936.0,1549270381.0,3602215690,,5563118648.0,-5156473550.0,406645098.0,130514596.0,,1821067965,,,,thousands,ok,,"{""sfp"": [40, 39, 41], ""pl"": [], ""cfs"": []}"
ELSM,2018,6253850317,4704579936,15492,3602215690,,5563118648.0,-5156473550.0,406645098.0,130514596.0,16953009,1821067965,,,,thousands,review,L1;L5,"{""sfp"": [40, 39, 41], ""pl"": [], ""cfs"": []}"
ELSM,2019,5593261423,3958827921,1634433502,3023397410,2156167171,6346641819.0,-5705887620.0,640754199.0,204768519.0,128542300,1510387815,,,,thousands,ok,,"{""sfp"": [40, 39, 41], ""pl"": [], ""cfs"": []}"
ELSM,2020,5377419624,3622888584,1755131040,2916996770,1538731659,6152929463.0,-5395256861.0,757672602.0,225879281.0,25998792,1743157595,,,,thousands,ok,,"{""sfp"": [44, 43, 45], ""pl"": [], ""cfs"": []}"
ELSM,2021,6189405178,3637334653.0,2552070525.0,3346558641,1108224377.0,,-6316372037.0,1399136831.0,813596998.0,35712851,1455151596,,,,thousands,ok,,"{""sfp"": [36, 35, 37], ""pl"": [], ""cfs"": []}"
ELSM,2022,9379474329,5640544382,3738929947,5297879953,1926596851,,-8724546753.0,2148878446.0,1231300289.0,51265550,3052656146,,,,thousands,review,L5,"{""sfp"": [34, 33, 35], ""pl"": [], ""cfs"": []}"
ELSM,2023,10600746973,6580159467,4020587506,5239831378,1923560839,,-11182168469.0,1042049163.0,419735090.0,145321727,3027293503,,,,thousands,ok,,"{""sfp"": [36, 35, 37], ""pl"": [], ""cfs"": []}"
ELSM,2024,10267681672,6056349754,4211331918,5416642548,2015551671,,-14463574110.0,1047131145.0,152979919.0,113509476,1936694440,,,,thousands,ok,,"{""sfp"": [36, 35, 37], ""pl"": [], ""cfs"": []}"
ELSM,2025,11216228619,6948096456,4268132163,6414261457,3072222260,,-14915173293.0,970916060.0,,406420285,2889492253,,,,thousands,ok,,"{""sfp"": [44, 43, 45], ""pl"": [], ""cfs"": []}"
EMCO,2014,2118944137,1591138751,594237181,868823365,1080523169,932348371.0,-788553281.0,143795090.0,,1854055,317276956,,,,thousands,review,L1,"{""sfp"": [16, 15, 17], ""pl"": [], ""cfs"": []}"
EMCO,2015,2202349119.0,,,1015980441.0,1268294333.0,782866717.0,-680083656.0,102783061.0,,6699210.0,,,,,thousands,ok,,"{""sfp"": [16, 15, 17], ""pl"": [], ""cfs"": []}"
EMCO,2016,2275200293,1507489590,767710703,921679884,1142863766.0,1058446517.0,-868715938.0,189730579.0,,8856068.0,,,,,thousands,ok,,"{""sfp"": [16, 15, 17], ""pl"": [], ""cfs"": []}"
EMCO,2017,,,,1020822573.0,1029352341.0,1006698230.0,-781724935.0,224973295.0,,2559086.0,,,,,thousands,ok,,"{""sfp"": [20, 19, 21], ""pl"": [], ""cfs"": []}"
EMCO,2018,,,,1163328823.0,936021233.0,1159292636.0,-991034781.0,168257855.0,,10135269.0,,,,,thousands,ok,,"{""sfp"": [25, 24, 26], ""pl"": [], ""cfs"": []}"
EMCO,2019,,,,1224385594.0,996891854.0,1385892713.0,-1038364381.0,347528332.0,,5273337.0,,,,,thousands,ok,,"{""sfp"": [23, 22, 24], ""pl"": [], ""cfs"": []}"
EMCO,2020,,,,1301735553.0,928158112.0,1598032861.0,-1218460167.0,379572694.0,,43949957.0,,,,,thousands,ok,,"{""sfp"": [29, 28, 30], ""pl"": [], ""cfs"": []}"
EMCO,2021,,,,1466967605.0,1080085408.0,2035456797.0,-1549957546.0,485499251.0,,40625857.0,,,,,thousands,ok,,"{""sfp"": [27, 26, 28], ""pl"": [], ""cfs"": []}"
EMCO,2022,4244310093.0,,,1723594498.0,1130288934.0,2586227053.0,-1975028743.0,611198310.0,,15709101.0,,,,,thousands,ok,,"{""sfp"": [28, 27, 29], ""pl"": [], ""cfs"": []}"
EMCO,2023,5338661735.0,,,2407304586.0,1527851136.0,3545524014.0,-2581172211.0,964351803.0,,18397251.0,,,,,thousands,ok,,"{""sfp"": [34, 33, 35], ""pl"": [], ""cfs"": []}"
EMCO,2024,5768991956.0,,,2712802561.0,1823223639.0,4192404621.0,-3068698361.0,1123706260.0,,10079931.0,,,,,thousands,ok,,"{""sfp"": [32, 31, 33], ""pl"": [], ""cfs"": []}"
EMCO,2025,6093675655.0,,,2720759619.0,1871312279.0,3607041808.0,-2986556249.0,620485559.0,,43991884.0,,,,,thousands,ok,,"{""sfp"": [37, 36, 38], ""pl"": [], ""cfs"": []}"
ENGRO,2013,206907,,56203,,,155360,,,,,,,,-14137,thousands,ok,,"{""sfp"": [], ""pl"": [5], ""cfs"": [100]}"
ENGRO,2014,217087,,68025,,,175958,,,,,,,,,thousands,ok,,"{""sfp"": [], ""pl"": [6], ""cfs"": []}"
ENGRO,2015,,,,,,,,,,,,,-7831184,-193958,thousands,ok,,"{""sfp"": [], ""pl"": [5], ""cfs"": [56]}"
ENGRO,2016,,,,,,,,,,,,,-14042146,-1133580,thousands,ok,,"{""sfp"": [], ""pl"": [4], ""cfs"": [53]}"
ENGRO,2019,,,,,,,,,,,,23615.0,,,thousands,ok,,"{""sfp"": [], ""pl"": [], ""cfs"": []}"
ENGRO,2022,,,,,,82059583.0,,,2428012.0,,,,,,thousands,ok,,"{""sfp"": [], ""pl"": [], ""cfs"": []}"
EPCL,2013,25240178,18306368,6933810,7499741,10667882,24591905.0,-19681106.0,4910799.0,717167.0,860335,3250590,,,,thousands,ok,,"{""sfp"": [85, 84, 86], ""pl"": [], ""cfs"": []}"
EPCL,2015,24242158,18939127,5303031,6878288,13659133,22263742.0,-19490499.0,2773243.0,-648857.0,154779,2941206,,,,thousands,ok,,"{""sfp"": [58, 57, 59, 106], ""pl"": [], ""cfs"": []}"
EPCL,2017,24315163,16594778,7720385,8062419,7844778,27730736.0,-21665326.0,6065410.0,2049134.0,679881.0,3681162.0,,,,thousands,review,L5,"{""sfp"": [120, 119, 121, 168], ""pl"": [], ""cfs"": []}"
EPCL,2018,35970305,19226719,16743586,16331304,11336573,,,,,,,,,,thousands,ok,,"{""sfp"": [68, 67, 69, 95], ""pl"": [], ""cfs"": []}"
EPCL,2019,57466446.0,,,,,,,,,777823.0,,,,,thousands,review,L2.5,"{""sfp"": [78, 77, 79], ""pl"": [78], ""cfs"": []}"
EPCL,2020,69031112,42960215,26070897,24121778,15364687,35331398,-24382129,10949269,5712245,940920,6194509,,,,thousands,review,L2.5;L5,"{""sfp"": [97, 96, 98, 126], ""pl"": [97, 126], ""cfs"": []}"
EPCL,2021,77821603,47862514,29959089,32722020,24085644,70019594,-45984328,24035266,15102611,1916986,12590666,,,,thousands,review,L2.5,"{""sfp"": [106, 105, 107, 136], ""pl"": [106, 136], ""cfs"": []}"
EPCL,2022,85400580,58278865,27121715,36425409,32674293.0,,,,,,,,,,thousands,review,L2.5,"{""sfp"": [104, 103, 105, 136], ""pl"": [104, 136], ""cfs"": []}"
EPCL,2024,99071257,70668432,28402825,41579486,40329882,75677747,-69107918,6569829,610340,3341190,13420730,,,,thousands,review,L5,"{""sfp"": [168, 167, 169, 128], ""pl"": [128, 168], ""cfs"": []}"
EPCL,2025,,,,344446462.0,,,-73191386.0,4825382.0,-3898186.0,4507275.0,11140627.0,,,,thousands,ok,,"{""sfp"": [139, 138, 140, 181], ""pl"": [], ""cfs"": []}"
EPQL,2017,21290562,11477805,9812757,8002572,8658490,,,,,,881182,,,,thousands,review,L5,"{""sfp"": [38, 37, 39], ""pl"": [], ""cfs"": []}"
EPQL,2018,24173605,12640830,11532775,10335850,11882262,,,,2627613.0,12740,895149,,,,thousands,review,L5,"{""sfp"": [38, 37, 39], ""pl"": [], ""cfs"": []}"
EPQL,2019,27541251,13578068,13963183,14135887,13578068,,,,3402682.0,,863183,,-486631,4234290,thousands,review,L5,"{""sfp"": [66, 65, 67], ""pl"": [], ""cfs"": [45]}"
EPQL,2020,,9873568.0,15636726.0,853335.0,,,,,2079170.0,,853335.0,,,,thousands,ok,,"{""sfp"": [66, 65, 67], ""pl"": [], ""cfs"": []}"
EPQL,2021,,11266830.0,,,11266830.0,,,,,,544469.0,,,,thousands,ok,,"{""sfp"": [70, 69, 71], ""pl"": [70], ""cfs"": []}"
EPQL,2022,,,,,,,,,,,,,-4533403,4281665,thousands,ok,,"{""sfp"": [], ""pl"": [], ""cfs"": [54, 53, 55]}"
EPQL,2023,23077478,8594871,14482607,12268815,8594872.0,,,10808663.0,2511119.0,,,,,,thousands,review,L5,"{""sfp"": [79, 78, 80], ""pl"": [79], ""cfs"": []}"
EPQL,2024,,7252131.0,14194914.0,,7252131.0,,,,,,959965.0,,-2428843,3266333,thousands,ok,,"{""sfp"": [79, 78, 80], ""pl"": [], ""cfs"": [55]}"
EPQL,2025,,4121951.0,11631293.0,,4121951.0,11888573.0,,,,,976370.0,,-3400213,6887364,thousands,ok,,"{""sfp"": [86, 85, 87], ""pl"": [], ""cfs"": [59]}"
ESBL,2013,,,,1464716956.0,1287391169.0,,,,,36080966.0,,,,,thousands,ok,,"{""sfp"": [21, 20, 22, 69], ""pl"": [], ""cfs"": []}"
ESBL,2014,1749628751,1498996546,250632205,1298298395,1104230463,,,,-45977876.0,53225197.0,,,,,thousands,ok,,"{""sfp"": [69, 68, 70], ""pl"": [], ""cfs"": []}"
ESBL,2015,1631971804,1142571851,489399953,884614470,852455528,,,,,5489402,,,,,thousands,review,L5,"{""sfp"": [20, 19, 21, 69], ""pl"": [], ""cfs"": []}"
ESBL,2016,1262630076,879911298,382718778,553497995,599375481,,,,,4010051,,,,,thousands,ok,,"{""sfp"": [21, 20, 22, 73], ""pl"": [], ""cfs"": []}"
ESBL,2017,996817250,733834595,,404281521.0,615652941.0,,,,,8143505.0,,,,,thousands,ok,,"{""sfp"": [21, 20, 22, 73], ""pl"": [], ""cfs"": []}"
ESBL,2018,1519939531,1419940172,99999359,1221107978,650940172,,,,,756000407,,,,,thousands,review,L5,"{""sfp"": [31, 30, 32], ""pl"": [], ""cfs"": []}"
ESBL,2019,1435024410,1385321627,49702783,933528699,651853717,,,,-50296451.0,578486018,,,,,thousands,ok,,"{""sfp"": [29, 28, 30], ""pl"": [], ""cfs"": []}"
ESBL,2020,1376345438,456680577,919664861,709709503,600965042.0,,,,-29909747.0,286662222.0,,,,,thousands,ok,,"{""sfp"": [40, 39, 41], ""pl"": [], ""cfs"": []}"
ESBL,2021,1056581768,217086355,839495413,464560228,151359597,,,,,38278106,,,,,thousands,review,L5,"{""sfp"": [36, 35, 37], ""pl"": [], ""cfs"": []}"
ESBL,2022,839890913,196634919,643255994,379964496,136170942,,,,,116323821,,,,,thousands,ok,,"{""sfp"": [36, 35, 37], ""pl"": [], ""cfs"": []}"
ESBL,2023,766453040,171826143,594626897,378851610,117508668,,,,,46944371,,,,,thousands,ok,,"{""sfp"": [33, 32, 34], ""pl"": [], ""cfs"": []}"
ESBL,2024,726056258,155068644,570987614,384362898,119769852,,,,,124969042,,,,,thousands,ok,,"{""sfp"": [35, 34, 36], ""pl"": [], ""cfs"": []}"
ESBL,2025,660798364,158214352,502584012,314947722,130992255,,,,,23839925,,,,,thousands,ok,,"{""sfp"": [37, 36, 38], ""pl"": [], ""cfs"": []}"
EXIDE,2014,,,,,,11593822,-10160746,1433076,401092,,-750040.0,,-42346,-580544,thousands,ok,,"{""sfp"": [41, 71], ""pl"": [43], ""cfs"": [45]}"
EXIDE,2015,,,,,,,,,,1673231,-41148.0,,,,thousands,review,L5,"{""sfp"": [70, 69, 71], ""pl"": [], ""cfs"": []}"
EXIDE,2016,,,,,,11788316,-9613108,2175208,424616,,-394774.0,,-57487,-657246,thousands,ok,,"{""sfp"": [33], ""pl"": [35], ""cfs"": [37]}"
EXIDE,2017,37082.0,,,37082.0,706969.0,12909940,-10342279,2567661,739256,19221.0,,,-77545,379347,thousands,review,L5,"{""sfp"": [41], ""pl"": [43], ""cfs"": [45]}"
EXIDE,2019,,4775193.0,,7000564.0,4693510.0,9506579,-8534355,972224,-504511,149083.0,2176433.0,,,,thousands,ok,,"{""sfp"": [42, 41, 43, 100], ""pl"": [43, 42, 44, 101, 102], ""cfs"": [46, 45, 47, 104]}"
EXIDE,2020,8371101,4567426,3803675,6435812,4345532,8722283,-7995164,727119,-558852,140253,1881076,,,,thousands,review,L5;L5,"{""sfp"": [42, 41, 43, 103], ""pl"": [43, 42, 44, 104], ""cfs"": [45, 44, 46, 106]}"
EXIDE,2022,,,,7159949.0,13007380.0,,-12716889,1645710,28863,,,,,,thousands,ok,,"{""sfp"": [41, 40, 42, 86], ""pl"": [42, 41, 43, 87], ""cfs"": [44, 89]}"
EXIDE,2023,10185563,5086381,5100250,8094157,4916787,23402183,-20039365,3362818,754502,1621191,4596428,,-57161,2860326,thousands,review,L5,"{""sfp"": [86, 85, 87, 41], ""pl"": [87, 86, 88, 42], ""cfs"": [89, 88, 90, 44]}"
EXIDE,2024,14080406,7799753,6280653,11960061,7637514,25667602,-20815921,4851681,1254623,603177,5821262,,-75832,-1439816,thousands,ok,,"{""sfp"": [39, 38, 40, 82], ""pl"": [40, 39, 41, 83], ""cfs"": [42, 41, 43, 85]}"
EXIDE,2025,16293489,9470253,6823236,14057285,9309355,23895008,-20025649,3869359,614436,1155572,7117129,,-77766,-1752218,thousands,ok,,"{""sfp"": [40, 39, 41, 96], ""pl"": [41, 40, 42], ""cfs"": [43, 42, 44]}"
FABL,2013,355280.0,,,,,,,,,,,,,,thousands,ok,,"{""sfp"": [52, 54, 117, 118], ""pl"": [52, 118], ""cfs"": [54, 53, 55]}"
FABL,2015,430072860,399720387,,,,,,,,,,,,55375256,thousands,ok,,"{""sfp"": [42, 51, 55, 56, 61, 68, 70, 72, 73, 76, 77, 79, 84, 95], ""pl"": [42], ""cfs"": [44, 43, 45]}"
FABL,2016,212972872,33799510,179173362,116829794,,132025384.0,,,4301772,,,,-1191597,-4856009,thousands,review,L2.5,"{""sfp"": [50, 49, 51, 76, 184], ""pl"": [77, 78, 186], ""cfs"": [80, 79, 81]}"
FABL,2018,108044.0,,37885.0,54611.0,,,,,4837183,,,,,43249000,thousands,ok,,"{""sfp"": [224, 223, 225, 96, 97, 146, 154, 157, 182, 186, 292, 297], ""pl"": [231, 230, 232, 98, 145, 169, 204, 292, 297], ""cfs"": [206, 103]}"
FABL,2022,1024196693,966815365,57381328,,,84181410,,,9587413,53620528,,,,,thousands,ok,,"{""sfp"": [271, 391], ""pl"": [271, 391], ""cfs"": []}"
FABL,2023,1371284914,1280359651,90925263,,,83142025,,,20045939,,,,4465414,151657223,thousands,review,L5,"{""sfp"": [203, 311], ""pl"": [204, 312], ""cfs"": [207, 206, 208, 315]}"
FABL,2024,,,,,,,,,,,,,-16474344,138370380,thousands,ok,,"{""sfp"": [], ""pl"": [], ""cfs"": [356, 355, 357, 238]}"
FANM,2015,359033792.0,53495567.0,305538225.0,203968250.0,23339785.0,,,,,42319170.0,,,,,thousands,ok,,"{""sfp"": [], ""pl"": [], ""cfs"": []}"
FANM,2016,356938445.0,64711662.0,292226783.0,107330939.0,33337677.0,,,,,24206892.0,,,,,thousands,ok,,"{""sfp"": [], ""pl"": [], ""cfs"": []}"
FANM,2017,351460973.0,58925611.0,292535362.0,125963522.0,24949121.0,,,,,11482750.0,,,,,thousands,ok,,"{""sfp"": [], ""pl"": [], ""cfs"": []}"
FANM,2018,11411674.0,8741814.0,,,,,,,,,,,,,thousands,ok,,"{""sfp"": [], ""pl"": [], ""cfs"": []}"
FANM,2019,288958907.0,44319408.0,252048962.0,163224376.0,32239069.0,,,,-14116685.0,33848731.0,,,,,thousands,review,L1,"{""sfp"": [], ""pl"": [], ""cfs"": []}"
FANM,2020,269305854.0,21183401.0,253493509.0,261921998.0,13273864.0,,,,-196563.0,9174848.0,,,,,thousands,review,L1,"{""sfp"": [], ""pl"": [], ""cfs"": []}"
FANM,2021,272060584,19887711,252172873,168680143,12380853.0,,,,,59001144.0,,,,,thousands,review,L5,"{""sfp"": [24, 23, 25], ""pl"": [], ""cfs"": []}"
FANM,2022,269653530.0,17691400.0,,271104844.0,9075769.0,,,,2306122.0,95036459.0,,,,,thousands,ok,,"{""sfp"": [23, 22, 24], ""pl"": [], ""cfs"": []}"
FANM,2023,265264751.0,11538382.0,,265264809.0,6684836.0,,,,534553.0,23150626.0,,,,,thousands,ok,,"{""sfp"": [25, 24, 26], ""pl"": [], ""cfs"": []}"
FANM,2024,269116819,13184499,255932320,225813747,6648323,,,,390104.0,92712516,78661336,,,,thousands,review,L5,"{""sfp"": [30, 29, 31], ""pl"": [], ""cfs"": []}"
FANM,2025,275015163.0,16727457.0,,276462784.0,9296743.0,,,,2413070.0,133917532.0,,,,,thousands,ok,,"{""sfp"": [37, 36, 38], ""pl"": [], ""cfs"": []}"
FASM,2013,5090568732,,3011294191,2856422242,1443741362,8488787464.0,7202119017.0,1286668447.0,798231919.0,83427078,2089299296,,,,thousands,ok,,"{""sfp"": [14, 13, 15], ""pl"": [], ""cfs"": []}"
FASM,2014,5838416604,2285473507,3552943097,2801336689,1127597339,9780480114.0,8501884762.0,1278595352.0,597259666.0,53654391,2176379677,,,,thousands,ok,,"{""sfp"": [13, 12, 14], ""pl"": [], ""cfs"": []}"
FASM,2015,5437177632,,,2465021893,1236079037.0,9281026639.0,8473950152.0,807076487.0,,77213026,1703046951,,,,thousands,ok,,"{""sfp"": [14, 13, 15], ""pl"": [], ""cfs"": []}"
FASM,2016,7005540426,3215238141,,3290312350,1640896637.0,9281954560.0,8605975270.0,675979290.0,,53766633,1998879799,,,,thousands,ok,,"{""sfp"": [14, 13, 15], ""pl"": [], ""cfs"": []}"
FASM,2017,7327008306,,,3269373830,1263541674.0,10563662932.0,9516681424.0,1046981508.0,,110714973,2010274290,,,,thousands,ok,,"{""sfp"": [14, 13, 15], ""pl"": [], ""cfs"": []}"
FASM,2018,8365724748,,,4245853246,1496651103.0,11842981031.0,10534518803.0,1308462228.0,,125186375,2403295127,,,,thousands,ok,,"{""sfp"": [20, 19, 21], ""pl"": [], ""cfs"": []}"
FASM,2019,10182356640,,,5925994776,,14028566145.0,12144528218.0,,,165946110,4005267653,,,,thousands,review,L5,"{""sfp"": [23, 22, 24], ""pl"": [], ""cfs"": []}"
FASM,2020,16143535804,,,8499266109,5006663113.0,14895550333.0,13485266980.0,,,235040390,6128002911,,,,thousands,ok,,"{""sfp"": [23, 22, 24], ""pl"": [62], ""cfs"": []}"
FASM,2021,,,,,,17065185921,14576409796,2488776125,2359331954,,,,-45956,2401904966,thousands,ok,,"{""sfp"": [], ""pl"": [33], ""cfs"": [36]}"
FASM,2022,,,,,,32074369748.0,25701983801.0,6372385947.0,,,,,,,thousands,ok,,"{""sfp"": [33, 32, 34], ""pl"": [], ""cfs"": []}"
FASM,2023,34696952888,20878726624,13818226264,22785546454,14872231570,37672807610.0,33110576747.0,4562230863.0,,579854395,153273631,,,,thousands,ok,,"{""sfp"": [34, 33, 35], ""pl"": [], ""cfs"": []}"
FASM,2024,,,,,,45029600571.0,-42288491572.0,2741108999.0,,,,,,,thousands,ok,,"{""sfp"": [42, 41, 43], ""pl"": [], ""cfs"": []}"
FASM,2025,,,,,,46203552790.0,-42529746167.0,3673806623.0,-269267085.0,,,,,,thousands,ok,,"{""sfp"": [41, 40, 42], ""pl"": [76], ""cfs"": []}"
FATIMA,2013,79289945,46530987,32758958,11563764,15274721,33495889,-13712677,19783212,8022185,238294,2702076,,,,thousands,ok,,"{""sfp"": [65, 64, 66], ""pl"": [67, 66, 68], ""cfs"": [70, 69, 71]}"
FATIMA,2014,83120963,46363939,36757024,14168624,14607747,36169191,-14708355,21460836,9257796,948807,2681206,,-5245825,15000340,thousands,ok,,"{""sfp"": [79, 78, 80], ""pl"": [81, 80, 82], ""cfs"": [84, 83, 85]}"
FATIMA,2015,94789153,,,19532610,25947599.0,29733352,-12611251,17122011,9253611,295203,7002664,,-5770092,6035837,thousands,ok,,"{""sfp"": [77, 76, 78, 134], ""pl"": [79, 78, 80, 124], ""cfs"": [82, 81, 83]}"
FATIMA,2016,110597118,63223102,47374016,32270573,31187789,33764644,-15779727,17984917,9782143,11099884,6242649,,-2620484,18774786,thousands,ok,,"{""sfp"": [83, 82, 84, 150], ""pl"": [85, 84, 86, 152], ""cfs"": [88, 87, 89, 172]}"
FATIMA,2017,99336477,,,20956707,19005355.0,37611818,-17275276,20336542,10576013,809945,3813626,,-4199594,16753992,thousands,ok,,"{""sfp"": [77, 76, 78, 141], ""pl"": [79, 78, 80, 143], ""cfs"": [82, 81, 83]}"
FATIMA,2018,109951006,,,27116402,24945294.0,45963819,-19482553,26481266,13272392,537654,5028170,,-4680724,15708214,thousands,ok,,"{""sfp"": [89, 88, 90, 141], ""pl"": [91, 90, 92], ""cfs"": [94, 93, 95]}"
FATIMA,2019,155116305,77108007,78008298,44538915,50571921,74964214,-47065331,27898883,12069682,514739,11517910,,-3553882,6878849,thousands,ok,,"{""sfp"": [83, 82, 84], ""pl"": [85, 84, 86], ""cfs"": [88, 87, 89]}"
FATIMA,2020,157556890,,,42556629,41151177.0,71267316,-42472530,28794786,13274691,555762,13530945,,-4349097,16558641,thousands,ok,,"{""sfp"": [89, 88, 90], ""pl"": [91, 90, 92], ""cfs"": [94, 93, 95]}"
FATIMA,2021,184893349,,,71773401,54323207.0,112488420,-69403976,43084444,18474266,7343201,18331781,,-3507038,26298824,thousands,review,L5,"{""sfp"": [85, 84, 86, 147], ""pl"": [87, 86, 88], ""cfs"": [90, 89, 91]}"
FATIMA,2022,222505517,115594549,106910968,102790018,82059118.0,152231277,-100288585,51942692,14123939,2610617,32487798,,-9087386,8915540,thousands,ok,,"{""sfp"": [93, 92, 94, 157], ""pl"": [95, 94, 96], ""cfs"": [160, 159, 161]}"
FATIMA,2023,233878497,114492867,119385630,109006768,76586357,235423342,-161240415,74182927,23008416,7337620,33377002,,-11015660,54824207,thousands,ok,,"{""sfp"": [91, 90, 92], ""pl"": [93, 92, 94], ""cfs"": [172, 171, 173]}"
FATIMA,2024,302831858,,,147314376,91192100.0,238422133,-150919315,87502818,34983238,9086664,53169508,,-11535186,8219550,thousands,ok,,"{""sfp"": [115, 114, 116, 187], ""pl"": [117, 116, 118], ""cfs"": [120, 119, 121]}"
FATIMA,2025,308087103,,,180452926,130441248.0,170057696,-98702737,71354959,30468054,2677673,35432363,,-16255437,36501646,thousands,ok,,"{""sfp"": [195, 194, 196, 330], ""pl"": [197, 196, 198], ""cfs"": [200, 199, 201]}"
FCCL,2017,27752219,8071094,19681125,5661675,2668539,20423356,-15985679,4437677,2613211,517837,1071970,,-1376612,2230215,thousands,review,L5,"{""sfp"": [30, 29, 31], ""pl"": [32, 31, 33], ""cfs"": [34, 33, 35]}"
FCCL,2019,28965182,,,5675651,3751829.0,20798082,-15474771,5323311,2824298,402847,944022,,-2482490,5557926,thousands,ok,,"{""sfp"": [105, 104, 106], ""pl"": [107, 106, 108], ""cfs"": [109, 108, 110]}"
FCCL,2020,29377145,9572825,19804320,7152550,5182458,17231709,-16582605,649104,-59381,561174,1187752,,-1038557,1013426,thousands,ok,,"{""sfp"": [98, 97, 99], ""pl"": [100, 99, 101], ""cfs"": [102, 101, 103]}"
FCCL,2022,113698077.0,,,28216812.0,26721253.0,54243118,-39843851,14399267,7112540,2306633.0,,,,7567564,thousands,ok,,"{""sfp"": [187], ""pl"": [187, 186, 188], ""cfs"": [153]}"
FCCL,2023,138828497,74012760,65175737,23134499,28846855,68069282,-47650809,20418473,7439681,970457,7112327,,,16200329,thousands,review,L5,"{""sfp"": [207, 206, 208], ""pl"": [209, 208, 210], ""cfs"": [211, 210, 212, 171]}"
FCCL,2024,147636299,74237446,73398853,25784071,26865467,80026226,-54345821,25680405,8223116,2932984,7495705,,,21684607,thousands,review,L5,"{""sfp"": [189, 188, 190], ""pl"": [191, 190, 192], ""cfs"": [193, 192, 194, 176]}"
FCCL,2025,160845191,76572983,84272208,40472565,30637497,88956328,-57384978,31571350,13326202,2665338,9337617,,-2447311,24313208,thousands,ok,,"{""sfp"": [243, 242, 244], ""pl"": [245, 244, 246], ""cfs"": [247, 246, 248, 232]}"
FCEPL,2019,23566097,15181432,8384665,10590554,11567680,,,,,,3717730.0,,,,thousands,ok,,"{""sfp"": [41, 40, 42], ""pl"": [], ""cfs"": []}"
FCEPL,2020,23297926,14750282,8547644,10283540,9710607,,,,,570462,3538892,,,,thousands,review,L5,"{""sfp"": [48, 47, 49], ""pl"": [], ""cfs"": []}"
FCEPL,2021,27138112,16810868,10327244,30540850.0,,,,,1804078.0,,,,,,thousands,ok,,"{""sfp"": [56, 55, 57], ""pl"": [], ""cfs"": []}"
FCEPL,2023,41886802,27710782,14176020,26006202,26876931,,-85826661.0,14408742.0,1508786.0,2078478,10182994,,,,thousands,ok,,"{""sfp"": [118, 117, 119], ""pl"": [], ""cfs"": []}"
FCEPL,2024,41675271,,,23138444,24528833.0,,-90023807.0,17027643.0,2203128.0,2745744,9361738,,,,thousands,ok,,"{""sfp"": [73, 72, 74], ""pl"": [], ""cfs"": []}"
FCEPL,2025,37510638,23194563,16966451,18463141,20544187,,-87058085.0,17394353.0,2690648.0,1205438,9885899,,,,thousands,review,L1;L5,"{""sfp"": [87, 86, 88], ""pl"": [], ""cfs"": []}"
FCIBL,2013,837335610,197097019,640238591,420402513,117097019,,,,-6331317.0,5634049,,,,,thousands,review,L5,"{""sfp"": [15, 14, 16], ""pl"": [], ""cfs"": []}"
FCIBL,2014,737553611,,,182851580,398575530.0,,,,,381619,,,,,thousands,review,L5,"{""sfp"": [16, 15, 17], ""pl"": [], ""cfs"": []}"
FCIBL,2015,692618075,30214122.0,,360288334,26288422.0,,,,23016077.0,8879700,,,,,thousands,ok,,"{""sfp"": [19, 18, 20], ""pl"": [], ""cfs"": []}"
FCIBL,2016,1012248058,305816667.0,,801905623,111098901.0,,,,43864414.0,16275509,,,,,thousands,ok,,"{""sfp"": [19, 18, 20], ""pl"": [], ""cfs"": []}"
FCIBL,2017,1155308199,439381117.0,,882614124,245740282.0,,,,7132098.0,219306001,,,,,thousands,ok,,"{""sfp"": [22, 21, 23], ""pl"": [], ""cfs"": []}"
FCIBL,2018,1327363032,605112881.0,,855966815,477349062.0,,,,9189624.0,209076400,,,,,thousands,ok,,"{""sfp"": [26, 25, 27], ""pl"": [], ""cfs"": []}"
FCIBL,2019,1385300808,666708311,718592497,751509922,600374134,,,,9517299.0,36263045,,,,,thousands,ok,,"{""sfp"": [25, 24, 26], ""pl"": [], ""cfs"": []}"
FCIBL,2020,1667185556,928395129,738790427,333671893,852626408,,,,28703439.0,27606009,,,,,thousands,ok,,"{""sfp"": [25, 24, 26], ""pl"": [], ""cfs"": []}"
FCIBL,2021,2272038350,1522087455.0,,1546185603,1506767553.0,,,,20534961.0,138951392,,,,,thousands,ok,,"{""sfp"": [23, 22, 24], ""pl"": [], ""cfs"": []}"
FCIBL,2022,2052274166,1330436354,721837812,1337879033,1321868792,,,,8189450.0,75656521,,7348477,,,thousands,ok,,"{""sfp"": [23, 22, 24], ""pl"": [], ""cfs"": []}"
FCIBL,2023,1851310171,1127397450,723912721,422818611,1105434692,,,,12994212.0,122123799,,7344542,,,thousands,ok,,"{""sfp"": [25, 24, 26], ""pl"": [], ""cfs"": []}"
FCIBL,2024,3955937836,3169070514,786867322,731039631,3150994158,,,,31696288.0,139854859,,,,,thousands,ok,,"{""sfp"": [25, 24, 26], ""pl"": [], ""cfs"": []}"
FCIBL,2025,4113817334,3238348729,875468604,740366134,3231786160,,,,56265452.0,254841007,,,,,thousands,ok,,"{""sfp"": [27, 26, 28], ""pl"": [], ""cfs"": []}"
FDIBL,2013,1143747138,916592260,227154878,524120658,835085480,,,,,67003068,,,,,thousands,review,L5,"{""sfp"": [19, 18, 20], ""pl"": [], ""cfs"": []}"
FDIBL,2014,1002891381,947291076,55600305,573665029.0,948648936.0,,,,,25979252.0,,,,,thousands,ok,,"{""sfp"": [21, 20, 22], ""pl"": [], ""cfs"": []}"
FDIBL,2015,,,,481636975.0,872313044.0,,,,,49162028.0,,,,,thousands,ok,,"{""sfp"": [18, 17, 19], ""pl"": [], ""cfs"": []}"
FDIBL,2016,1343659804,667596772,676063032,393082741,667596772,,,,500269039.0,6101941,,,,,thousands,ok,,"{""sfp"": [18, 17, 19], ""pl"": [], ""cfs"": []}"
FDIBL,2017,1058608008,649154876,,441293337.0,523414876.0,,,,,4084279.0,,,,,thousands,ok,,"{""sfp"": [23, 22, 24], ""pl"": [], ""cfs"": []}"
FDIBL,2018,1030607263,532628037,497979226,397437439,463488037,,,,,90515101,,,,,thousands,review,L5,"{""sfp"": [32, 31, 33], ""pl"": [], ""cfs"": []}"
FDIBL,2019,995640960,498074420,497566540,387661914,393020197,,,,2080528.0,74342978.0,,,,,thousands,ok,,"{""sfp"": [30, 29, 31], ""pl"": [], ""cfs"": []}"
FDIBL,2020,941743457,466570050,475173407,386651819,395401209,,,,,1039883,,,,,thousands,ok,,"{""sfp"": [31, 30, 32], ""pl"": [], ""cfs"": []}"
FDIBL,2021,907338272,393213098,514125174,364488315,356671863,,,,,1088577.0,,,,,thousands,ok,,"{""sfp"": [33, 32, 34], ""pl"": [], ""cfs"": []}"
FDIBL,2022,892858048,362579119,530278929,379407405,345346394,,,,,345564,,,,,thousands,review,L5,"{""sfp"": [38, 37, 39], ""pl"": [], ""cfs"": []}"
FDIBL,2023,913786905,333521125,580265781,380848243,333511096,,,,15038847.0,10872569,,,,,thousands,ok,,"{""sfp"": [33, 32, 34], ""pl"": [], ""cfs"": []}"
FECM,2014,196113178.0,57958065.0,,88871942.0,22442233.0,,,,9074433.0,52219076.0,,,,,thousands,ok,,"{""sfp"": [], ""pl"": [], ""cfs"": []}"
FECM,2016,664444267.0,,,299525464.0,35585134.0,,,,9092541.0,,,,,,thousands,ok,,"{""sfp"": [], ""pl"": [], ""cfs"": []}"
FECM,2018,190820312.0,62875048.0,,48934595.0,15935831.0,,,,,14238575.0,,,,,thousands,ok,,"{""sfp"": [], ""pl"": [], ""cfs"": []}"
FECM,2019,182269267.0,69021772.0,,36661545.0,16443511.0,,,,,6623240.0,,,,,thousands,ok,,"{""sfp"": [], ""pl"": [], ""cfs"": []}"
FECM,2020,181096905.0,74192155.0,,46385199.0,17452769.0,,,,-5272211.0,19171190.0,,,,,thousands,ok,,"{""sfp"": [], ""pl"": [], ""cfs"": []}"
FECM,2021,185816210.0,72427790.0,,67346987.0,28060733.0,,,,,15573952.0,,,,,thousands,ok,,"{""sfp"": [], ""pl"": [], ""cfs"": []}"
FECM,2022,167968862.0,68684936.0,,56833184.0,25862171.0,,,,,15851128.0,,,,,thousands,ok,,"{""sfp"": [], ""pl"": [], ""cfs"": []}"
FECM,2023,162897534.0,70356240.0,,39061256.0,15737792.0,,,,-7061026.0,2398266.0,,,,,thousands,ok,,"{""sfp"": [], ""pl"": [], ""cfs"": []}"
FECM,2024,201338517.0,79308187.0,,47523584.0,15420156.0,,,,,6103477.0,,,,,thousands,ok,,"{""sfp"": [], ""pl"": [], ""cfs"": []}"
FECM,2025,232346578.0,95654869.0,,47607017.0,27478455.0,,,,,8268717.0,,,,,thousands,ok,,"{""sfp"": [], ""pl"": [], ""cfs"": []}"
FECTC,2013,3359022,1449968,1909054,,1206989,4588064,-3333514,1254550,583150,,,,-58020,727826,thousands,ok,,"{""sfp"": [20], ""pl"": [22], ""cfs"": [24]}"
FECTC,2015,4253123,1331898,2921225,,815068,4779145,3313796,1465349,617470,,,,-97453,693960,thousands,ok,,"{""sfp"": [22, 24], ""pl"": [8, 7, 9], ""cfs"": [26, 25, 27]}"
FECTC,2016,,,,,,5031622,3408172,1623450,813825,,,,-446279,1053964,thousands,ok,,"{""sfp"": [22], ""pl"": [24], ""cfs"": [26, 25, 27]}"
FECTC,2017,4819637.0,,,2969812.0,,,-3573968.0,,760693,457368,1277174.0,,-164066,,thousands,ok,,"{""sfp"": [12, 11, 13], ""pl"": [12, 11, 13], ""cfs"": [13, 12, 14]}"
FECTC,2018,5229648.0,,,3383777.0,662864.0,,-3875479.0,1027305.0,441738.0,472804.0,1329041.0,,,,thousands,ok,,"{""sfp"": [27, 26, 28], ""pl"": [], ""cfs"": []}"
FECTC,2019,5066563.0,,,2781387.0,344782.0,,-4146193,594303,88975,164355.0,1258191.0,,-116063,,thousands,ok,,"{""sfp"": [28, 27, 29], ""pl"": [29, 28, 30], ""cfs"": [31, 30, 32]}"
FECTC,2020,4833806,1325795,3508011,2688363,1169863,,-4179341,-715437,-770071,117691,1276269,,-25021,-735513,thousands,ok,,"{""sfp"": [27, 26, 28], ""pl"": [28, 27, 29], ""cfs"": [30, 29, 31]}"
FECTC,2021,6033007.0,,,3297031.0,1888814.0,,-4673876.0,,-67287.0,85259.0,1622680.0,,,,thousands,ok,,"{""sfp"": [28, 27, 29], ""pl"": [], ""cfs"": []}"
FECTC,2022,6950254,3199480,3750774,3424013,1896252,,-5900946.0,873621.0,,141244,1294183,,,835314,thousands,review,L2.5,"{""sfp"": [36, 35, 37], ""pl"": [37, 36, 38], ""cfs"": [40, 39, 41, 24]}"
FECTC,2023,7326479.0,,,4004826.0,2680157.0,,-8369763,312420,-133245,198665.0,1800895.0,,,-194635,thousands,review,L2.5,"{""sfp"": [38, 37, 39], ""pl"": [39, 38, 40], ""cfs"": [42, 41, 43, 27]}"
FECTC,2024,7814350.0,,,4336778.0,3071998.0,,-9478553.0,1429565.0,317323,281247.0,1999639.0,,,,thousands,ok,,"{""sfp"": [38, 37, 39], ""pl"": [46], ""cfs"": []}"
FECTC,2025,7966921,3417504,4549417,4472800,2531869.0,,-9263606.0,1833318.0,608692.0,252206.0,2089158.0,,,,thousands,ok,,"{""sfp"": [53, 52, 54], ""pl"": [], ""cfs"": []}"
FEM,2014,686344562.0,,,321447548.0,37823469.0,,,,24696242.0,,,,,,thousands,ok,,"{""sfp"": [], ""pl"": [], ""cfs"": []}"
FEM,2015,685603409.0,,,319557810.0,51993753.0,,,,11398836.0,,,,,,thousands,ok,,"{""sfp"": [], ""pl"": [], ""cfs"": []}"
FEM,2016,664444267.0,,,299525464.0,35585134.0,,,,9092541.0,,,,,,thousands,ok,,"{""sfp"": [], ""pl"": [], ""cfs"": []}"
FEM,2017,751138926.0,,,329835905.0,91390781.0,,,,42513195.0,,,,,,thousands,ok,,"{""sfp"": [], ""pl"": [], ""cfs"": []}"
FEM,2018,659895078.0,,,254703909.0,41724514.0,,,,,,,,,,thousands,ok,,"{""sfp"": [], ""pl"": [], ""cfs"": []}"
FEM,2019,636455835.0,,,230070607.0,37694342.0,,,,,,,,,,thousands,ok,,"{""sfp"": [], ""pl"": [], ""cfs"": []}"
FEM,2020,636690711.0,,,454876.0,39090816.0,,,,,,,,,,thousands,ok,,"{""sfp"": [], ""pl"": [], ""cfs"": []}"
FEM,2021,2776095357,,,1265398305,971729339.0,,,,,124032127,254040783,,,,thousands,ok,,"{""sfp"": [57, 56, 58], ""pl"": [], ""cfs"": []}"
FEM,2022,2968793131,,,1595823757,820521874.0,,,,203595907.0,102139941,577914926,,,,thousands,ok,,"{""sfp"": [59, 58, 60], ""pl"": [], ""cfs"": []}"
FEM,2023,578845529,48348857,530496672,162126367,41368530,,,,,11122553,,,,,thousands,ok,,"{""sfp"": [15, 14, 16, 56], ""pl"": [], ""cfs"": []}"
FEM,2024,619663515,57959750,561703765,194004028,50589630,,,,,16545521,,,,,thousands,ok,,"{""sfp"": [20, 19, 21, 70], ""pl"": [], ""cfs"": []}"
FEM,2025,2109904569,967365844,1142538725,554269928,854542528,,,,,26418646,42633230,,,,thousands,ok,,"{""sfp"": [74, 73, 75], ""pl"": [], ""cfs"": []}"
FEROZ,2017,5777444573,,,2920785570,767251060.0,,-2534669504.0,1776772214.0,393664710.0,135317177,1547839685,,,,thousands,review,L4;L4;L4;L4,"{""sfp"": [35, 34, 36, 79], ""pl"": [], ""cfs"": []}"
FEROZ,2018,5964906853,1137966087,4826940766,3008809690,972205604,4459323228.0,-2889668475.0,1569654753.0,95405804.0,197179290,1219853920,,,,thousands,review,L4;L4;L4;L4;L4,"{""sfp"": [45, 44, 46, 109], ""pl"": [], ""cfs"": []}"
FEROZ,2019,6202846877,,,3159607149,1183343629.0,5180803582.0,-3134954617.0,2045848965.0,251045682.0,183447782,1170925851,,,,thousands,review,L4;L4;L4;L4;L4,"{""sfp"": [43, 42, 44, 111], ""pl"": [], ""cfs"": []}"
FFBL,2013,37162123,23373749,13788374,14159838,19329233,54551618,-39942664,14512504,5613011,2477533,1129257,,-4475942,9939754,thousands,ok,,"{""sfp"": [71, 70, 72], ""pl"": [73, 72, 74], ""cfs"": [75, 74, 76]}"
FFBL,2014,46248831,33177194,13071637,21836727,19900389,49445256,-38353303,11091953,4016326,5044669,1557296,,-3752313,8506611,thousands,ok,,"{""sfp"": [69, 68, 70], ""pl"": [71, 70, 72], ""cfs"": [73, 72, 74]}"
FFBL,2015,59407356,,,29307989,,52182072,-44967864,7214208,4061587,8940288,4549432,,-2960416,-6071916,thousands,ok,,"{""sfp"": [87, 86, 88, 133], ""pl"": [89, 88, 90, 135], ""cfs"": [91, 90, 92, 137]}"
FFBL,2016,63794501,51037443,12757058,32291744,33010694,45011359,-43792387,1218972,1338308,5823175,2427140,,,,thousands,ok,,"{""sfp"": [71, 70, 72, 123], ""pl"": [73, 72, 74, 125], ""cfs"": [75, 74, 76, 127]}"
FFBL,2018,80363984,,13897456,43470998,49434278,61510528,-53327113,8183415,1436532,3689589,5654660,,-702113,-6548944,thousands,ok,,"{""sfp"": [83, 82, 84, 135], ""pl"": [85, 84, 86, 137], ""cfs"": [88, 87, 89, 140]}"
FFBL,2019,91166569,84332608,6833961,51331879,68962290,66839286,-60954649,5884637,-5920745,5294341,14756054,,-932830,-16843437,thousands,ok,,"{""sfp"": [115, 114, 116, 185], ""pl"": [117, 116, 118, 187], ""cfs"": [120, 119, 121, 190]}"
FFBL,2020,90968452,,,49157097,47053661.0,83234360,-70655385.0,12578975.0,,25048432,2861568,,,25386365,thousands,review,L5,"{""sfp"": [133, 132, 134, 203], ""pl"": [135, 134, 136, 205], ""cfs"": [138, 137, 139, 208]}"
FFBL,2021,115209592,94778846,20430746,75406819,69083210,110452174,-88300535.0,22151639.0,6390961,36129979,8388200,,,22299639,thousands,review,L5,"{""sfp"": [149, 148, 150, 217], ""pl"": [151, 150, 152, 219], ""cfs"": [154, 153, 155, 222]}"
FFBL,2022,149862745,,,110351493,104190115.0,159225963,-133357409,25868554,2327934,22705197,39236011,,,-34064237,thousands,ok,,"{""sfp"": [161, 160, 162, 231], ""pl"": [163, 162, 164], ""cfs"": [166, 165, 167, 236]}"
FFBL,2023,145871787,,,110704851,103081019.0,193063909,-159954316,33109593,4402937,39964014,13786594,,,45749057,thousands,ok,,"{""sfp"": [173, 172, 174, 241], ""pl"": [175, 174, 176, 243], ""cfs"": [178, 177, 179, 246]}"
FFC,2013,67829070,42677807,25151263,26327696,34319438,74480611,39948572,34532039,20134548,1361651,301957,,-20677553,25270142,thousands,ok,,"{""sfp"": [115, 114, 116, 165, 212], ""pl"": [117, 116, 118, 163, 213], ""cfs"": [119, 118, 120, 169]}"
FFC,2014,86561662,60892131,25669531,35883228,53818103,81240187,50136749,31103438,18170760,1173767,981750,,-17582658,29089548,thousands,ok,,"{""sfp"": [85, 84, 86, 151], ""pl"": [87, 86, 88, 153, 172], ""cfs"": [89, 88, 90, 154]}"
FFC,2015,80129889,52818424,27311465,27214693,32325501,84831024,55949370,28881654,16765869,2739314,5100020,,-15443056,-23025777,thousands,ok,,"{""sfp"": [95, 94, 96], ""pl"": [97, 96, 98, 187], ""cfs"": [99, 98, 100]}"
FFC,2016,90709084,,28211295,37286733,41032611,72876687,54827041,18049646,11781993,2525888,4237327,,-11109510,6974291,thousands,ok,,"{""sfp"": [109, 108, 110, 159], ""pl"": [111, 110, 112, 161], ""cfs"": [113, 112, 114, 163]}"
FFC,2017,108630868,,,55884786,59009809.0,90714114,72620911,18093203,10711315,1712725,395113,,-8557834,34758825,thousands,ok,,"{""sfp"": [123, 122, 124, 189], ""pl"": [125, 124, 126, 191], ""cfs"": [127, 126, 128, 193]}"
FFC,2018,146489534,,,95354604,99944692.0,105964471,77985886,27978585,14438585,3817997,12931714,,-9912803,22865943,thousands,ok,,"{""sfp"": [201, 200, 202, 285], ""pl"": [203, 202, 204, 287], ""cfs"": [205, 204, 206, 289]}"
FFC,2019,153389860,117823159,35566701,97300561,106875854.0,105783413,75046062,30737351,17110490,5695029,6795374,,-14664464,24936601,thousands,ok,,"{""sfp"": [205, 204, 206, 299], ""pl"": [207, 206, 208, 302], ""cfs"": [209, 208, 210]}"
FFC,2020,172948758,130413087,42535671,111901597,81670893,97654753,-66071461,31583292,20819459,1153475,319989,,-14131868,39544217,thousands,ok,,"{""sfp"": [233, 232, 234, 335], ""pl"": [235, 234, 236], ""cfs"": [237, 236, 238]}"
FFC,2021,201006765,153492471,47514294,126269525,112168992,108650890,-69771813,38879077,21896141,1189578,1048397,,-16853077,22020808,thousands,ok,,"{""sfp"": [237, 236, 238, 359], ""pl"": [239, 238, 240], ""cfs"": [241, 240, 242]}"
FFC,2022,240122007,189287046.0,,155824731,161802469.0,109363817,-69317471,40046346,20049510,1519971,19487801,,-17333823,1576027,thousands,ok,,"{""sfp"": [245, 244, 246, 355], ""pl"": [247, 246, 248], ""cfs"": [249, 248, 250]}"
FFC,2023,223280688,161428178.0,,130123132,139216512.0,159471951,-95219741,64252210,29673348,858347,2067922,,-18460152,60878158,thousands,ok,,"{""sfp"": [243, 242, 244, 268], ""pl"": [245, 244, 246], ""cfs"": [247, 246, 248]}"
FFC,2024,416951722,285071605,131880117,278511904,243704752,373536920,-246364351,127172569,64731439,12392044,23744157,,-24927681,94546093,thousands,ok,,"{""sfp"": [269, 268, 270, 397], ""pl"": [271, 270, 272], ""cfs"": [273, 272, 274]}"
FFC,2025,437485133,301901608,135583525,275652281,240695198,432410443,-301799729,130610714,73564267,8343408,38229377,,-70255954,36971083,thousands,ok,,"{""sfp"": [307, 306, 308, 427], ""pl"": [309, 308, 310, 430], ""cfs"": [311, 310, 312]}"
FFL,2013,1376343636,,,728576684,932793603.0,2926229224.0,2634441378.0,291787846.0,,80390490,73860000,1014646.0,,,thousands,ok,,"{""sfp"": [21, 20, 22], ""pl"": [], ""cfs"": []}"
FFL,2024,18562872108,,,9272748036,8767960114.0,,-19681000800.0,3720679485.0,717136816.0,30409703,,,,,thousands,review,L5,"{""sfp"": [65, 64, 66, 149], ""pl"": [], ""cfs"": []}"
FFL,2025,20901308142,10101482421,10799825721,11325356898,9770123456,,-23862757521.0,5015861277.0,1236052290.0,1869298159,2444520293,,,,thousands,review,L5,"{""sfp"": [55, 54, 56, 139], ""pl"": [], ""cfs"": []}"
FFLM,2019,,,,,,27293,,,,,,,,,thousands,ok,,"{""sfp"": [], ""pl"": [6, 5, 7], ""cfs"": []}"
FFLM,2025,335439621.0,37811425.0,297628196.0,94317680.0,37687884.0,,,,,,,,,,thousands,ok,,"{""sfp"": [20, 19, 21], ""pl"": [], ""cfs"": []}"
FHAM,2013,4719286707,1666426723,3052859984,1404851777,1401488276,,,,992389585.0,130639915,,,,,thousands,review,L2.5,"{""sfp"": [73, 72, 74], ""pl"": [], ""cfs"": []}"
FHAM,2014,5392994749,,3208619366,1893900029,1894270800,,,,285443429.0,371131886,,,,,thousands,ok,,"{""sfp"": [96, 95, 97], ""pl"": [], ""cfs"": []}"
FHAM,2015,6393290656,3136435335,3256855321,2281279117,2793134849,,,,306500341.0,487512972,,,,,thousands,ok,,"{""sfp"": [22, 21, 23], ""pl"": [], ""cfs"": []}"
FHAM,2016,7160749780,3844694507,3316055273,2608529000,3540633267,,,,298302894.0,248143222,,,,,thousands,ok,,"{""sfp"": [46, 45, 47], ""pl"": [], ""cfs"": []}"
FHAM,2018,10279256656,6719120428,3560136228,3994811176.0,6305882799.0,,,,289560557.0,320868504.0,,,,,thousands,review,L2.5;L2.5;L2.5,"{""sfp"": [114, 113, 115], ""pl"": [], ""cfs"": []}"
FHAM,2019,11124024230,7487422088,3636602142,3849499022,7185647765,,,,,506247,,,,,thousands,review,L5,"{""sfp"": [114, 113, 115], ""pl"": [], ""cfs"": []}"
FHAM,2020,9913057271.0,,,3839710560.0,6262198802.0,,,,316683071.0,168609750.0,,,,,thousands,review,L2.5;L2.5,"{""sfp"": [119, 118, 120], ""pl"": [], ""cfs"": []}"
FHAM,2021,12122533710,8294187067,3828346643,4987874957,8153140004,,,,,216102298,,,,,thousands,review,L2.5;L2.5,"{""sfp"": [117, 116, 118], ""pl"": [], ""cfs"": []}"
FHAM,2022,17162817848,13185802656,3977015192,5719597311,13151197813,,,,,137042312,,,,,thousands,review,L2.5;L2.5,"{""sfp"": [162, 161, 163], ""pl"": [], ""cfs"": []}"
FHAM,2023,20539856090.0,,,8301428422.0,15940069573.0,,,,,188108417.0,,,,,thousands,review,L2.5,"{""sfp"": [177, 176, 178], ""pl"": [], ""cfs"": []}"
FHAM,2024,26409925193,21300994496,5108930697,9792757565,21284870380,,,,,265576058,,,,,thousands,review,L2.5;L2.5,"{""sfp"": [194, 193, 195], ""pl"": [], ""cfs"": []}"
FHAM,2025,34749383669,28965313131,57840705,13268439211.0,28949444054.0,,,,,815309565.0,,,,,thousands,review,L1,"{""sfp"": [214, 213, 215], ""pl"": [], ""cfs"": []}"
FIMM,2017,370778598,233306567,137472031,357050405,212043453,734216345.0,-615605086.0,118611259.0,33299386.0,7427068,258027759,,,,thousands,ok,,"{""sfp"": [13, 12, 14], ""pl"": [], ""cfs"": []}"
FIMM,2019,341228937,202065402,139163535,331110421,171868769,705649411.0,-572871795.0,132777616.0,25310117.0,11346950,212679008,,,,thousands,review,L5,"{""sfp"": [13, 12, 14], ""pl"": [], ""cfs"": []}"
FLYNG,2015,6101534104,2671441811,3430092293,895760306,1805745250,2222797816.0,-2103185113.0,119612703.0,117134811.0,24331420,396878718,,,,thousands,ok,,"{""sfp"": [19, 18, 20], ""pl"": [], ""cfs"": []}"
FLYNG,2016,6319573183.0,2743722455.0,,1018604825.0,1790446398.0,2475777927.0,-2309063450.0,166714477.0,145696468.0,46349157.0,,,,,thousands,ok,,"{""sfp"": [19, 18, 20], ""pl"": [], ""cfs"": []}"
FLYNG,2017,7228904794.0,3491722251.0,,1573418169.0,1821319033.0,2470224763.0,-2266867959.0,203356804.0,161255848.0,15099725.0,,,,,thousands,ok,,"{""sfp"": [19, 18, 20], ""pl"": [], ""cfs"": []}"
FLYNG,2018,9761534518,5842804316,2452095204,3090355949,2663864615,2910361399.0,-2653476436.0,256884963.0,181507789.0,114882063.0,,,,,thousands,review,L1,"{""sfp"": [31, 30, 32], ""pl"": [], ""cfs"": []}"
FLYNG,2019,13469541575.0,5237773892.0,,2220207707.0,2584515474.0,4821772831.0,-3080761888.0,190613022.0,142362386.0,58687596.0,,,,,thousands,review,L1,"{""sfp"": [25, 24, 26], ""pl"": [], ""cfs"": []}"
FLYNG,2021,18279676635,9308160357,8971516278,2361118699,4202291052,4379653073.0,-2902791827.0,,,204934030.0,,,,,thousands,ok,,"{""sfp"": [72, 71, 73], ""pl"": [], ""cfs"": []}"
FML,2014,,,,,,,,,,,,,-404010,2706627,thousands,ok,,"{""sfp"": [], ""pl"": [1], ""cfs"": [21]}"
FML,2018,,,,,,21775447,-16950428,4825019,2752097,,,,-1092427,2162795,thousands,ok,,"{""sfp"": [31, 68], ""pl"": [32, 69], ""cfs"": [34, 33, 35]}"
FML,2020,43096657,21949599,21147058,25455725,16560004,31205677,-23698998,7506679,2937221,2247990,8269628,,-1921651,3675597,thousands,review,L5,"{""sfp"": [63, 62, 64], ""pl"": [63, 62, 64], ""cfs"": [52]}"
FML,2021,51866928.0,,,,19557969.0,,,,,,,,,,thousands,ok,,"{""sfp"": [69, 68, 70], ""pl"": [69, 68, 70], ""cfs"": [70, 69, 71]}"
FML,2022,62291319.0,,,,22023745.0,,,,,,9896667.0,,,,thousands,ok,,"{""sfp"": [74, 73, 75], ""pl"": [74, 73, 75], ""cfs"": [75, 74, 76]}"
FML,2023,76912511.0,,,42874895.0,29170216.0,57171941,-44082622,13089319,8969458,1336630.0,15449584.0,,-1980887,4122055,thousands,ok,,"{""sfp"": [157, 156, 158], ""pl"": [158, 157, 159], ""cfs"": [161, 160, 162, 134]}"
FML,2024,80883929,47226789,33657140,44101662,38888368,69757601,-57925400,11832201,572341,1054766,16698257,,-3546513,3157286,thousands,ok,,"{""sfp"": [155, 154, 156], ""pl"": [156, 155, 157], ""cfs"": [159, 158, 160, 132]}"
FML,2025,,,,,43918019.0,,,,99023,308346.0,21268341.0,,,-1131556,thousands,ok,,"{""sfp"": [85, 84, 86], ""pl"": [85, 84, 86], ""cfs"": [87, 86, 88]}"
FNBM,2017,508478472.0,492145402.0,,246152239.0,429546074.0,,,,-71359682.0,,,,,,thousands,ok,,"{""sfp"": [], ""pl"": [], ""cfs"": []}"
FNBM,2018,356066321.0,347921839.0,,219842152.0,345368284.0,,,,,51653789.0,,,,,thousands,ok,,"{""sfp"": [], ""pl"": [], ""cfs"": []}"
FNBM,2019,303068110.0,325178224.0,,213043455.0,322053628.0,,,,,11329223.0,,,,,thousands,ok,,"{""sfp"": [], ""pl"": [], ""cfs"": []}"
FNBM,2020,238951705.0,302112757.0,,199287636.0,302112757.0,,,,,22655332.0,,,,,thousands,ok,,"{""sfp"": [], ""pl"": [], ""cfs"": []}"
FNBM,2021,239158238.0,301253397.0,,206066062.0,303540919.0,,,,,12975175.0,,,,,thousands,ok,,"{""sfp"": [], ""pl"": [], ""cfs"": []}"
FNBM,2024,402506342.0,-423351338.0,,350546666.0,423351359.0,,,,34759419.0,9710250.0,,,,,thousands,ok,,"{""sfp"": [], ""pl"": [], ""cfs"": []}"
FNBM,2025,425422326.0,-450950807.0,,381050511.0,450950828.0,,,,,9483517.0,,,,,thousands,ok,,"{""sfp"": [], ""pl"": [], ""cfs"": []}"
FNEL,2014,,,,589446.0,1501144.0,,,,,,,,,,thousands,ok,,"{""sfp"": [10, 9, 11], ""pl"": [], ""cfs"": []}"
FNEL,2017,1393728595.0,1203037437.0,,856668858.0,297100341.0,,,,,122349992.0,,,,,thousands,ok,,"{""sfp"": [], ""pl"": [31], ""cfs"": []}"
FNEL,2018,1074671586.0,695710656.0,,567545420.0,320755087.0,,,,,260197163.0,,,-1971793,35796738,thousands,ok,,"{""sfp"": [], ""pl"": [34], ""cfs"": [36]}"
FNEL,2019,1562364999.0,677979053.0,,502532332.0,271805867.0,,,,,180703715.0,,,,-54991248,thousands,ok,,"{""sfp"": [], ""pl"": [34], ""cfs"": [36]}"
FNEL,2021,1990656271.0,809816234.0,,1222578426.0,361362755.0,,,,,230777747.0,,,-125875,57770945,thousands,ok,,"{""sfp"": [], ""pl"": [39], ""cfs"": [41]}"
FNEL,2025,1716315987.0,634374642.0,,346989690.0,245694324.0,,,,,9226231.0,,,,,thousands,ok,,"{""sfp"": [], ""pl"": [], ""cfs"": []}"
FPJM,2017,1873819457,1682169566,191649891,1081452586,574487370,,,,27884873.0,41752816,,,,,thousands,ok,,"{""sfp"": [26, 25, 27, 76], ""pl"": [], ""cfs"": []}"
FPJM,2018,1992859506,1789465549,203393957,1164898018,574940567,,,,28754066.0,47169012,,,,,thousands,ok,,"{""sfp"": [28, 27, 29, 80], ""pl"": [], ""cfs"": []}"
FPJM,2019,2129596044,1936986921,192609123,1229634512,661134762,,,,,43024878,,,,,thousands,ok,,"{""sfp"": [32, 31, 33], ""pl"": [], ""cfs"": []}"
FPJM,2020,2083973625,1946675393,137298232,1192619266,1232390069,,,,,25102916,,,,,thousands,ok,,"{""sfp"": [31, 30, 32, 84], ""pl"": [], ""cfs"": []}"
FPJM,2021,,,,256222387.0,13685.0,,,,,25102916.0,,,,,thousands,ok,,"{""sfp"": [36, 35, 37], ""pl"": [43], ""cfs"": []}"
FPJM,2022,2070499332,2066814970,3684362,1173718411,2048155508,,,,,62435184,,,,,thousands,ok,,"{""sfp"": [80, 79, 81], ""pl"": [], ""cfs"": []}"
FPJM,2024,1975578056,1767575064,208002992,993351888,264816920,,,,,23080100,,,,,thousands,review,L2.5,"{""sfp"": [40, 39, 41], ""pl"": [], ""cfs"": []}"
FPRM,2013,327409552,146528109,180881444,183177410,45950958,,,,13777029.0,41631483,,,,,thousands,ok,,"{""sfp"": [14, 13, 15], ""pl"": [], ""cfs"": []}"
FPRM,2015,439851508,233436683,206414825,264254931,88724801,,,,10153667.0,51480921,,,,,thousands,ok,,"{""sfp"": [16, 15, 17], ""pl"": [], ""cfs"": []}"
FPRM,2018,227236032.0,108390167.0,,141753393.0,92633029.0,,,,18097587.0,,,,,,thousands,ok,,"{""sfp"": [], ""pl"": [], ""cfs"": []}"
FRCL,2019,1934586347,807522054,1127064293,344563166,371241761,781834830.0,-764919649.0,16915181.0,,1499912,173719049,,,,thousands,ok,,"{""sfp"": [26, 25, 27], ""pl"": [], ""cfs"": []}"
FRCL,2020,2027913698.0,,,489397264.0,488025103.0,1115223677.0,-1002502032.0,112721645.0,,59248231.0,,,,,thousands,ok,,"{""sfp"": [27, 26, 28], ""pl"": [], ""cfs"": []}"
FRCL,2021,3091707516,1409695615,1682011901,561945404,710447962,2828952434.0,-2556869397.0,272083037.0,100692208.0,43950002,173356475,3189224,,,thousands,review,L5,"{""sfp"": [41, 40, 42], ""pl"": [], ""cfs"": []}"
FRCL,2023,841385,288533,,477396,288533,58055,,,-38697,,,,,,thousands,ok,,"{""sfp"": [10, 9, 11], ""pl"": [10, 9, 11], ""cfs"": []}"
FRCL,2025,754525,36725,,403084,36725,726695,,211661,113306,,,,,,thousands,ok,,"{""sfp"": [11, 10, 12], ""pl"": [11, 10, 12], ""cfs"": []}"
FRSM,2016,3898000124,1993667530,1904332594,1592115220,1337251445,6484885643.0,-5844854320.0,640031323.0,482663315.0,443897567,677017828,,,,thousands,review,L5,"{""sfp"": [77, 76, 78], ""pl"": [], ""cfs"": []}"
FRSM,2018,5773658944,3736158151,2037500793,2852010869,3023429613,,-5742988354.0,,,94907701,1295298830,,,,thousands,ok,,"{""sfp"": [81, 80, 82], ""pl"": [], ""cfs"": []}"
FRSM,2019,,,,4748187.0,,,,,526631088.0,,,,,,thousands,ok,,"{""sfp"": [], ""pl"": [], ""cfs"": []}"
FRSM,2020,4563154975.0,,,1526364443.0,1916239979.0,,-5482886163.0,268543586.0,,160261980.0,,,,,thousands,ok,,"{""sfp"": [79, 78, 80], ""pl"": [], ""cfs"": []}"
FRSM,2021,5699282473,3943880765,1755401708,2416022019.0,2766482791.0,5582067,-4819903446.0,40381260.0,-370659,138827049.0,,,,,thousands,review,L1,"{""sfp"": [61, 60, 62], ""pl"": [37], ""cfs"": []}"
FRSM,2022,7277425502,5496707942,1780717560,3279881429,4230320306,,-6194843688.0,476922642.0,,132674392,2008432120,,,,thousands,ok,,"{""sfp"": [71, 70, 72], ""pl"": [], ""cfs"": []}"
FRSM,2025,5978580792.0,,,1322179350.0,3264349828.0,,-10912130722.0,1054958580.0,,137270147.0,,,,,thousands,ok,,"{""sfp"": [106, 105, 107], ""pl"": [], ""cfs"": []}"
FTMM,2018,12280093.0,,,3748695.0,8170774.0,2720463,-2660226,60237,-296292,589898.0,,,-117042,-1433428,thousands,ok,,"{""sfp"": [32, 31, 33], ""pl"": [33, 32, 34], ""cfs"": [35, 34, 36]}"
FTMM,2019,13175694.0,,,4481876.0,11180006.0,4569400,-5521841,-952441,-2391792,99596.0,,,,-2929040,thousands,ok,,"{""sfp"": [36, 35, 37], ""pl"": [37, 36, 38], ""cfs"": [39, 38, 40]}"
FTMM,2021,11999821,7086421,4913400,3291556,6660016,6094863,-6185007,-90144,-617470,111200,1136376,,,-506447,thousands,ok,,"{""sfp"": [33, 32, 34], ""pl"": [34, 33, 35], ""cfs"": [36, 35, 37]}"
FTMM,2022,11579148,7207487,4371661,3126218,6874178,7678361,-7393642,284719,-541738,237036,1164970,,,-1056974,thousands,ok,,"{""sfp"": [30, 29, 31], ""pl"": [31, 30, 32], ""cfs"": [33, 32, 34]}"
FTMM,2023,3705756,711907,2993849,2991001,624323,3911423,-3608206,303217,-126388,65313,414991,,,-983750,thousands,review,L5;L5,"{""sfp"": [31, 30, 32], ""pl"": [32, 31, 33], ""cfs"": [34, 33, 35]}"
FTMM,2024,3948163,606428,3341735,3107077,535476,4148262,-3786682,361580,266389,,,,,,thousands,review,L5;L5;L5;L5;L5;L5,"{""sfp"": [32], ""pl"": [33], ""cfs"": [35]}"
FTMM,2025,3693803,703208,2990595,3412990,703208,3793472,-3449552,343920,117463,469382,366098,,,268108,thousands,review,L5;L5;L5;L5;L5;L5,"{""sfp"": [34], ""pl"": [35], ""cfs"": [37]}"
FTSM,2021,211246005,,,80838453,17353117.0,,,,13489550.0,44922038,,,,,thousands,ok,,"{""sfp"": [14, 13, 15], ""pl"": [], ""cfs"": []}"
FTSM,2022,208275365.0,,,81439277.0,27491819.0,,,,408731.0,2350999.0,,,,,thousands,ok,,"{""sfp"": [], ""pl"": [], ""cfs"": []}"
FTSM,2023,559131399.0,,,90298634.0,24658339.0,,,,354169150.0,7163720.0,,,,,thousands,ok,,"{""sfp"": [], ""pl"": [], ""cfs"": []}"
FTSM,2024,565306682.0,119505208.0,,71074957.0,96333411.0,34826750.0,,,1661753.0,1609357.0,,,,,thousands,ok,,"{""sfp"": [], ""pl"": [], ""cfs"": []}"
FTSM,2025,586596073.0,144180337.0,,7610674.0,158445774.0,,,,,2993562.0,,,,,thousands,ok,,"{""sfp"": [], ""pl"": [], ""cfs"": []}"
FUDLM,2017,857182288,13639,720788053.0,203309339.0,117173378.0,,,,32529712.0,,,,,,thousands,review,L1,"{""sfp"": [25, 24, 26], ""pl"": [], ""cfs"": []}"
FUDLM,2018,696439298,108237099,588202199,207015750,97926623,,,,,55860220,42598618,,,,thousands,ok,,"{""sfp"": [20, 19, 21], ""pl"": [], ""cfs"": []}"
FUDLM,2019,493557515,53482481,464507498,79777432,42389457,,,,-54089932.0,34816921.0,,,,,thousands,review,L1,"{""sfp"": [22, 21, 23], ""pl"": [], ""cfs"": []}"
FUDLM,2020,532542570.0,,,96634330.0,42978594.0,,,,-2800625.0,67000659.0,,,,,thousands,ok,,"{""sfp"": [23, 22, 24], ""pl"": [], ""cfs"": []}"
FUDLM,2021,795971855.0,,,478987806.0,183108040.0,,,,,109771934.0,,,,,thousands,ok,,"{""sfp"": [22, 21, 23], ""pl"": [], ""cfs"": []}"
FUDLM,2022,607995864.0,,,513688362.0,56694836.0,,,,75923623.0,37227011.0,,,,,thousands,ok,,"{""sfp"": [24, 23, 25], ""pl"": [], ""cfs"": []}"
FUDLM,2023,537330545.0,,,376248342.0,47200510.0,,,,,59583194.0,,,,,thousands,ok,,"{""sfp"": [24, 23, 25], ""pl"": [], ""cfs"": []}"
FZCM,2017,36200534438,,,13516113137,11363840730.0,26554951059.0,-24772648614.0,,,116327278,6420465744,,,,thousands,ok,,"{""sfp"": [37, 36, 38, 109], ""pl"": [], ""cfs"": []}"
FZCM,2018,43124157410,23108680407,,15389258253,12484697501.0,31288368918.0,-28263749232.0,,,67957579,8124450558,,,,thousands,ok,,"{""sfp"": [44, 43, 45], ""pl"": [], ""cfs"": []}"
FZCM,2019,49671476357,,,19622011980,15798540946.0,36341096535.0,-31998617257.0,,,160566500,10942040120,,,,thousands,ok,,"{""sfp"": [48, 47, 49], ""pl"": [], ""cfs"": []}"
FZCM,2021,,,,,,,-41236901104.0,,,,,,,,thousands,ok,,"{""sfp"": [], ""pl"": [], ""cfs"": []}"
FZCM,2024,,,,,,97160875,,,,,,,,,thousands,ok,,"{""sfp"": [], ""pl"": [18, 17, 19], ""cfs"": []}"
FZCM,2025,,,,,,,-82305647102.0,,,,,,,,thousands,ok,,"{""sfp"": [], ""pl"": [], ""cfs"": []}"
GADT,2013,13763802,7595918,6167884,7002605,7049549,18673753,-16406487,2267266,1134825,480240,4149820,,,,thousands,ok,,"{""sfp"": [37, 36, 38], ""pl"": [38, 37, 39], ""cfs"": [39, 38, 40]}"
GADT,2014,16105422,9605845,6499577,8717727,8910484,20066084,-18133918,1932166,580799,331879,5699647,,-291370,-578231,thousands,ok,,"{""sfp"": [63, 62, 64], ""pl"": [64, 63, 65], ""cfs"": [66, 65, 67]}"
GADT,2015,20548845.0,,,10496486.0,12734414.0,23003447,-21873625,1129822,-392334,506553.0,4895445.0,,-113032,1503863,thousands,ok,,"{""sfp"": [73, 72, 74], ""pl"": [74, 73, 75], ""cfs"": [76, 75, 77]}"
GADT,2016,,,,,,21269477,-20543285,726192,-273845,,5148415.0,,,,thousands,ok,,"{""sfp"": [43, 42, 44], ""pl"": [44, 43, 45], ""cfs"": [45, 44, 46]}"
GADT,2017,,,,,,23248578,-2910916,1337662,806986,,,,,,thousands,review,L1;L5,"{""sfp"": [41, 40, 42], ""pl"": [42, 41, 43], ""cfs"": [43, 42, 44]}"
GADT,2018,,,,,,1084938.0,,,,,,,,-622796,thousands,ok,,"{""sfp"": [], ""pl"": [], ""cfs"": [47, 46, 48]}"
GADT,2019,,,,,,,,,,,,,-244803,986064,thousands,ok,,"{""sfp"": [102, 110], ""pl"": [50, 49, 51], ""cfs"": [56, 55, 57]}"
GADT,2020,30833350,21748992,9084358,17258436,16783097,28986781,-2674549,,45499.0,86120,12914426,,-236534,-1883820,thousands,review,L5,"{""sfp"": [75, 74, 76], ""pl"": [76, 75, 77], ""cfs"": [57]}"
GADT,2021,31226196,18616121,12610075,17131011,13070918,41009841,-36034261,4975580,3534101,143166.0,10877270.0,,,,thousands,review,L5;L5,"{""sfp"": [79, 78, 80], ""pl"": [80, 79, 81], ""cfs"": []}"
GADT,2022,40823108,22819959,18003149,25126484,17047768,54828147,-46486910,,,159841,18381382,26392,,,thousands,review,L5;L5,"{""sfp"": [92, 91, 93], ""pl"": [93, 92, 94], ""cfs"": []}"
GADT,2023,59239224,38548022,20691202,31668602,26512147,57997240,-51829395,6167845,3291867,265177,23408079,,,,thousands,review,L5;L5,"{""sfp"": [98, 97, 99], ""pl"": [99, 98, 100], ""cfs"": []}"
GADT,2025,,,,,,70979986,-64653932,6326054,2391904,,,,,,thousands,ok,,"{""sfp"": [], ""pl"": [93], ""cfs"": []}"
GAIL,2017,,,,,,,,,,2055272.0,,,,,thousands,ok,,"{""sfp"": [], ""pl"": [], ""cfs"": []}"
GAIL,2020,233391665,224830639,,,,70293928.0,-88193462.0,,,5193020.0,,,,,thousands,ok,,"{""sfp"": [15, 14, 16], ""pl"": [], ""cfs"": []}"
GAMON,2016,711575077.0,,,336531845.0,228696762.0,,,,21434048.0,38358351.0,,,,,thousands,ok,,"{""sfp"": [24, 23, 25], ""pl"": [], ""cfs"": []}"
GAMON,2018,796729603,226824522,569905081,309593763,207753713,,,,,4150577,29735381,1442230,,,thousands,review,L5,"{""sfp"": [37, 36, 38], ""pl"": [], ""cfs"": []}"
GAMON,2020,1093719664.0,,,356703982.0,287205263.0,,,,,1204501.0,,,,,thousands,ok,,"{""sfp"": [42, 41, 43], ""pl"": [], ""cfs"": []}"
GAMON,2021,1056726600,264371618,792354982,292190226,225018439,,,,,5643697,,,,,thousands,ok,,"{""sfp"": [41, 40, 42], ""pl"": [], ""cfs"": []}"
GAMON,2022,1047959021.0,,,267700212.0,225071610.0,,,,,1206292.0,,,,,thousands,ok,,"{""sfp"": [42, 41, 43, 88], ""pl"": [], ""cfs"": []}"
GAMON,2023,1036602390,,,253919140.0,195367761.0,,,,,2120883.0,,,,,thousands,ok,,"{""sfp"": [48, 47, 49, 95], ""pl"": [], ""cfs"": []}"
GAMON,2024,1066905334,219155696,847749638,241042855,212753106,,,,42633220.0,3101414,,,,,thousands,ok,,"{""sfp"": [42, 41, 43, 90], ""pl"": [], ""cfs"": []}"
GAMON,2025,996860538.0,,785149449.0,313948785.0,197468240.0,,,,,1946260.0,,,,,thousands,ok,,"{""sfp"": [40, 39, 41, 87], ""pl"": [], ""cfs"": []}"
GASF,2014,1756501,89804,1666697,,,,,,,53271,,,,,thousands,ok,,"{""sfp"": [19, 18, 20], ""pl"": [], ""cfs"": []}"
GATI,2017,7543783,4172245,3371538,4921715,3655306,12325651.0,12063707.0,,,32501,2196552,,-15973,-615541,thousands,ok,,"{""sfp"": [34, 33, 35], ""pl"": [35, 34, 36], ""cfs"": [37, 36, 38]}"
GATI,2018,7502407,3229038,4273369,5059281,2891778,13006437,11759047,1247390.0,,47399.0,,,-76450,1583779,thousands,ok,,"{""sfp"": [47, 46, 48, 153], ""pl"": [48, 47, 49], ""cfs"": [50, 49, 51]}"
GATI,2019,8750043.0,,,5784987.0,2946343.0,17707325.0,16051671.0,1655654.0,,70317.0,,,-752544,202900,thousands,ok,,"{""sfp"": [45, 44, 46, 109], ""pl"": [46, 45, 47, 110], ""cfs"": [49, 48, 50, 113]}"
GATI,2020,10285279.0,,,5816172.0,3362395.0,12938377.0,11993325.0,945052.0,,64157.0,,,-1049872,-185075,thousands,ok,,"{""sfp"": [54, 53, 55, 124], ""pl"": [55, 54, 56, 127], ""cfs"": [58, 57, 59, 149]}"
GATI,2021,14860320.0,,,8272998.0,5562385.0,16557561,14690786,1866775,1065724,103257.0,,112875,,-777456,thousands,review,L2.5,"{""sfp"": [51, 50, 52, 112], ""pl"": [52, 51, 53, 113], ""cfs"": [55, 54, 56, 116]}"
GATI,2022,23671263,15899822,7771441,13366480,9407985,23959654,20783268,3176386,1827244,132735,6318100,,,-404935,thousands,ok,,"{""sfp"": [56, 55, 57, 164], ""pl"": [57, 56, 58, 165], ""cfs"": [60, 59, 61]}"
GATI,2023,37576814,29716747,7860067,19999229,19864692,27383780,25930150,1453630,205300,336613,11386739,1072313,-94618,-134434,thousands,ok,,"{""sfp"": [59, 58, 60, 138], ""pl"": [60, 59, 61, 166], ""cfs"": [63, 62, 64, 168]}"
GATI,2024,34588886.0,,,14828818.0,11346019.0,34013581,31926722,2086859,-204358,297008.0,,,-12836,1216864,thousands,ok,,"{""sfp"": [55, 54, 56, 188], ""pl"": [56, 55, 57, 191], ""cfs"": [59, 58, 60, 192]}"
GATM,2013,24277207,,,15895904,15005632.0,33012724,27036675,5976049,1234798,114954,11914365,,,,thousands,ok,,"{""sfp"": [49, 48, 50, 154, 155], ""pl"": [51, 50, 52], ""cfs"": []}"
GATM,2014,24943347,17773875,7169472,15728300.0,14971853,,,,,,,,,,thousands,ok,,"{""sfp"": [64, 124], ""pl"": [], ""cfs"": []}"
GATM,2017,6754168,30411040,,,,,,,,519077,,,,,thousands,ok,,"{""sfp"": [178, 237, 279, 280], ""pl"": [], ""cfs"": []}"
GATM,2018,,,,,,,,,,519077,,,,,thousands,ok,,"{""sfp"": [237, 257, 279, 280], ""pl"": [], ""cfs"": []}"
GATM,2022,114642801,,,64555998,56185077.0,100256957,82889287,17367670,8861647,1790621,33361826,,-287289,3511624,thousands,ok,,"{""sfp"": [108, 107, 109], ""pl"": [110, 109, 111], ""cfs"": [112, 111, 113]}"
GATM,2023,,,,,,111967612,-95288630,16678982,3986019,,,,,16269026,thousands,ok,,"{""sfp"": [67, 123, 127], ""pl"": [68, 112, 113], ""cfs"": [69, 68, 70, 111]}"
GATM,2024,,,,82664413.0,76544984.0,,,,4727802,,49014078.0,,,,thousands,ok,,"{""sfp"": [54, 53, 55], ""pl"": [54, 53, 55], ""cfs"": []}"
GATM,2025,151094849,,,96385833.0,85582639.0,,-138926298.0,,4022774,,60911875.0,,,,thousands,ok,,"{""sfp"": [55, 54, 56, 100], ""pl"": [55, 54, 56], ""cfs"": []}"
GFIL,2013,,,,3359602.0,1792268.0,,,,,,,,,,thousands,ok,,"{""sfp"": [], ""pl"": [], ""cfs"": []}"
GFIL,2014,,,,3906118.0,2218399.0,,,,,,,,,,thousands,ok,,"{""sfp"": [], ""pl"": [], ""cfs"": []}"
GFIL,2015,,,,3319826.0,1854574.0,,,,,,,,,,thousands,ok,,"{""sfp"": [], ""pl"": [], ""cfs"": []}"
GFIL,2016,,,,2665896.0,1508956.0,4819931739.0,,,,,,,,,thousands,ok,,"{""sfp"": [], ""pl"": [], ""cfs"": []}"
GFIL,2017,,,,2684076.87,1344013.91,4255717.0,,,,,,,,,thousands,ok,,"{""sfp"": [], ""pl"": [], ""cfs"": []}"
GFIL,2018,,,,1172988890.0,3806511.0,,,,,30450406.0,,,,,thousands,ok,,"{""sfp"": [16, 15, 17], ""pl"": [16], ""cfs"": []}"
GFIL,2019,,,,,,,5033977.0,384809.0,,,,,,,thousands,ok,,"{""sfp"": [10, 9, 11], ""pl"": [10, 9, 11], ""cfs"": []}"
GFIL,2024,4975985170,,4485344353,786286685,490469,4422588766.0,-4831465986.0,-408877220.0,-666311839.0,10205148.0,,,,,thousands,review,L5,"{""sfp"": [34, 33, 35], ""pl"": [], ""cfs"": []}"
GFIL,2025,4645723978.0,,4590572954.0,464847839.0,92192252.0,594031456.0,-883087656.0,-289056200.0,-376844562.0,9713951.0,,,,,thousands,ok,,"{""sfp"": [36, 35, 37], ""pl"": [], ""cfs"": []}"
GGGL,2018,2476106099,1041269648,1434836451,906456147,816355440,496002081.0,-486735696.0,,-122930513.0,72679861,416361684,,,,thousands,ok,,"{""sfp"": [36, 35, 37], ""pl"": [], ""cfs"": []}"
GGGL,2020,2434810903,1062444442,1372366461,915764749,774447164,1297084516.0,-1009798462.0,,,64426670,277070763,,,,thousands,ok,,"{""sfp"": [43, 42, 44], ""pl"": [], ""cfs"": []}"
GGGL,2021,3144906118.0,,2271595757.0,1332949768.0,563360663.0,1645391486.0,-973949985.0,,,166616831.0,,,,,thousands,ok,,"{""sfp"": [50, 49, 51], ""pl"": [], ""cfs"": []}"
GGGL,2022,4086813227,1765047951,2321765276,1452403701,1277429416,1505037216.0,-1085068403.0,,,49989877,514609758,,,,thousands,ok,,"{""sfp"": [55, 54, 56], ""pl"": [], ""cfs"": []}"
GGGL,2023,4703914662,2280271721,2423642941,2139475841,1852923869,2070887334.0,-1530236224.0,,,132077349,844969855,,,,thousands,ok,,"{""sfp"": [47, 46, 48], ""pl"": [], ""cfs"": []}"
GGGL,2024,5218950462,2650489483,2568460979,2662066521,2292070554,2439728325.0,-1889830087.0,,,93259723,1085959141,,,,thousands,ok,,"{""sfp"": [48, 47, 49], ""pl"": [], ""cfs"": []}"
GGGL,2025,6206159634,3345977761,2860181873,3085166223,2796795667,2931917693.0,-2176455149.0,,,170215104.0,,,,,thousands,review,L5,"{""sfp"": [49, 48, 50], ""pl"": [], ""cfs"": []}"
GGL,2018,5327177,2588706,2738471,1606976,1426491,2048597,-1409899,638698,157705,173762,94343,,,,thousands,review,L5,"{""sfp"": [39, 38, 40, 91, 112, 118, 120, 122, 123], ""pl"": [40, 39, 41, 124, 125], ""cfs"": [43, 42, 44]}"
GGL,2020,2782822.0,,,,,10050,-10050,,,,,,,,thousands,review,L2.5;L2.5,"{""sfp"": [42, 41, 43, 71], ""pl"": [43, 42, 44], ""cfs"": [46, 45, 47, 74]}"
GGL,2021,3776466,16241,3760225,295255,16241,,,,-31745,,98115.0,,,,thousands,ok,,"{""sfp"": [46, 45, 47, 71], ""pl"": [47, 46, 48, 72], ""cfs"": [49, 48, 50, 74]}"
GGL,2023,3802685,15661,3787024,221474,15661,140266,-117045,23221,16323,17856,86087,,,,thousands,review,L5;L5,"{""sfp"": [44, 43, 45, 68], ""pl"": [45, 44, 46, 69], ""cfs"": [47, 46, 48, 72]}"
GGL,2024,3938108.0,126758.0,,356897.0,126758.0,170802,-157445,13357,24326,21095.0,97068.0,,,,thousands,review,L5,"{""sfp"": [46, 45, 47, 75], ""pl"": [47, 46, 48, 76], ""cfs"": [49, 48, 50, 79]}"
GGL,2025,24879726,9756597,15123129,8676516,6140658,10336896,-6168186,,,941596,1402559,,,,thousands,review,L5,"{""sfp"": [86, 85, 87], ""pl"": [87, 86, 88], ""cfs"": [90, 89, 91]}"
GHGL,2018,,,,,,,,,,,,,-1780332921,3911715907,thousands,ok,,"{""sfp"": [], ""pl"": [28], ""cfs"": [44]}"
GHGL,2020,,,,11106.0,,,,,,,,,,,thousands,ok,,"{""sfp"": [], ""pl"": [], ""cfs"": []}"
GHGL,2023,43141.0,,,,,,,,,,,,,,thousands,ok,,"{""sfp"": [], ""pl"": [], ""cfs"": []}"
GHGL,2024,49563468711,15611488202,33951980509,28497433496,13272299480,,-34656983072.0,13133471474.0,,1591609097,16127175339,,,,thousands,ok,,"{""sfp"": [40, 39, 41], ""pl"": [], ""cfs"": []}"
GHGL,2025,52436257665,13541644033,38894613632,30501097899,11357777960,,-33309083408.0,12473959333.0,,3766863005,13543458777,22996518,,,thousands,ok,,"{""sfp"": [42, 41, 43], ""pl"": [], ""cfs"": []}"
GHNI,2013,4136320.0,,,2335346.0,2076963.0,2812958,-2328334,484624,127736,1174247,1355715.0,,,,thousands,review,L5,"{""sfp"": [19, 20], ""pl"": [19, 18, 20], ""cfs"": [20, 19, 21]}"
GHNI,2014,3719025.0,,,1927344.0,1666008.0,2466127,-2165431,300696,24068,34597.0,1055872.0,,,,thousands,ok,,"{""sfp"": [18, 17, 19], ""pl"": [19, 18, 20], ""cfs"": [20, 19, 21]}"
GHNI,2015,3347427.0,,,1577926.0,1009402.0,3293329,-2603405,689924,223790,135710.0,612623.0,,,,thousands,ok,,"{""sfp"": [20, 19, 21], ""pl"": [21, 20, 22], ""cfs"": [22, 21, 23]}"
GHNI,2016,5160199.0,2051646.0,,3114021.0,1925950.0,5825579.0,-4278941.0,,,585735.0,1623753.0,,,,thousands,ok,,"{""sfp"": [42, 41, 43], ""pl"": [], ""cfs"": []}"
GHNI,2017,8594804.0,4904636.0,,6446030.0,4839458.0,10740631,-8537668,2202963,796013,805135.0,3779300.0,,,,thousands,ok,,"{""sfp"": [51, 50, 52], ""pl"": [52, 51, 53], ""cfs"": [53, 52, 54]}"
GHNI,2019,15922702,11274318.0,4648384.0,12949157,11189769.0,13909913.0,-12308321,1601592,59948,500441,10359425,,-300324,-2138425,thousands,ok,,"{""sfp"": [78, 77, 79, 125, 126], ""pl"": [79, 78, 80, 127], ""cfs"": [81, 80, 82, 129]}"
GHNI,2020,18929454,13854795,5074659,14357634,13751331,11788254.0,-11095490,692764,,340906,7547063,78959,,-302435,thousands,ok,,"{""sfp"": [67, 66, 68, 110, 111], ""pl"": [68, 67, 69, 112], ""cfs"": [70, 69, 71, 114]}"
GHNI,2021,14904538,9229587,5674951,10368105,9058691,14999493,-12924428,2075065,604213,731461,6431131,,,3919646,thousands,ok,,"{""sfp"": [69, 68, 70, 127, 136], ""pl"": [70, 69, 71, 137], ""cfs"": [72, 71, 73]}"
GHNI,2022,17633921,11245031.0,6388890.0,13237213,11109586.0,24265107.0,-21307454.0,2957653.0,728500,682250,7297387,,,-1384139,thousands,ok,,"{""sfp"": [79, 78, 80, 126, 127], ""pl"": [80, 79, 81, 128], ""cfs"": [82, 81, 83, 130]}"
GHNI,2023,16495195,8273060,8222135,10428634,8091905,14542578,-12241703,2300875,179424,395629,5391447,,,916319,thousands,ok,,"{""sfp"": [78, 77, 79], ""pl"": [79, 78, 80], ""cfs"": [81, 80, 82]}"
GHNI,2024,18057049,9072797,8984252,11970084,8914059,14666195,-11796909,2869286,781412,2322447,5807572,78959,,3808929,thousands,ok,,"{""sfp"": [78, 77, 79], ""pl"": [79, 78, 80], ""cfs"": [81, 80, 82]}"
GHNI,2025,29275270,15723371.0,13551899.0,22410802,16930714.0,37462866.0,-28372041.0,9090825.0,4583655.0,1217156,7755490,,,,thousands,ok,,"{""sfp"": [116, 115, 117], ""pl"": [], ""cfs"": []}"
GHNL,2016,4081090,1462210,1601216,1480807,1139845,5005148,-3912947,1092201,546263,375408,604689,,,,thousands,review,L1;L5;L5,"{""sfp"": [25, 24, 26, 75], ""pl"": [26, 25, 27, 76], ""cfs"": [27, 26, 28, 77]}"
GHNL,2017,3857777,1065639,1803568,1151791,719796,4858178,-3927183,930995,409960,514390,277690,,,,thousands,review,L1;L5,"{""sfp"": [32, 31, 33, 82], ""pl"": [33, 32, 34, 83], ""cfs"": [34, 33, 35, 84]}"
GHNL,2018,5825353,1157472,4667881.0,2892052.0,835713.0,2218734,-1785430,433304,1037521,,738323.0,,,,thousands,ok,,"{""sfp"": [49, 48, 50], ""pl"": [50, 49, 51], ""cfs"": [51, 50, 52]}"
GHNL,2019,7097988,1014023,6083965,2285843,606333,2373750,-2053661,320089,,150109,1069654,,,-1049130,thousands,review,L5,"{""sfp"": [36, 35, 37, 96], ""pl"": [37, 36, 38, 97], ""cfs"": [39, 38, 40, 99]}"
GHNL,2020,6901852,1023212.0,,1980518,554526.0,1663080,-1658058,,-206623,311091,902496,,-122949,-99590,thousands,review,L5,"{""sfp"": [44, 43, 45, 105, 106], ""pl"": [45, 44, 46, 107], ""cfs"": [47, 46, 48, 109]}"
GHNL,2021,7300478,1292862.0,6007616.0,2427627,858049.0,3225727,-2879812,345915,130752,1029202,687788,,,602384,thousands,ok,,"{""sfp"": [35, 34, 36], ""pl"": [36, 35, 37], ""cfs"": [38, 37, 39]}"
GHNL,2022,13198123,7101502,6096621,6721229,5735517,5359062,-4946808,412254,101155,2119985,2731376,,,2261185,thousands,ok,,"{""sfp"": [43, 42, 44, 117, 123, 124, 125, 126, 136], ""pl"": [44, 43, 45], ""cfs"": [46, 45, 47]}"
GLAXO,2013,17938810,6589497,11349313,10922720,5726508,25230878,-19007165,6223713,1062263,1872999,6271405,,,,thousands,ok,,"{""sfp"": [61, 60, 62], ""pl"": [62, 61, 63], ""cfs"": [63, 62, 64]}"
GLAXO,2014,19100878,7155775,11945103,11378061,6180168,27882887,-20537116,7345771,1687071,2060444,6308061,,,,thousands,ok,,"{""sfp"": [69, 68, 70], ""pl"": [70, 69, 71], ""cfs"": [71, 70, 72]}"
GLAXO,2015,20120182,7049971,13070211,10266081,5442700,2382192,-17397755.0,6424171.0,,2946612,4707918,,-1805288,3043971,thousands,review,L1;L5;L5;L5,"{""sfp"": [75, 74, 76], ""pl"": [76, 75, 77], ""cfs"": [77, 76, 78, 66]}"
GLAXO,2016,21165107,7622322,13542,12267856.0,6899137.0,27563533.0,-20099062.0,7464471.0,,3515638.0,5548083.0,,-1196529,4255524,thousands,review,L1,"{""sfp"": [75, 74, 76], ""pl"": [76, 75, 77], ""cfs"": [77, 76, 78, 66]}"
GLAXO,2017,21873932,8412075,13461857,11701900,7581158,32773770.0,-24095384.0,8678386.0,,1818900,6082218,,,,thousands,review,L5,"{""sfp"": [87, 86, 88], ""pl"": [88, 87, 89], ""cfs"": []}"
GLAXO,2018,22176347,6756897,15419450,12074025,5770211,34006840,-25593240,8413600,3257951,3185011,5944050,,-1256854,3001028,thousands,review,L5;L5,"{""sfp"": [92, 91, 93], ""pl"": [93, 92, 94], ""cfs"": [95, 94, 96, 79]}"
GLAXO,2019,23219102.0,7081706.0,,12572080.0,6164765.0,36581749,-28870246,7711503,3041123,2347033.0,6070253.0,,-2219716,2565902,thousands,ok,,"{""sfp"": [99, 98, 100], ""pl"": [100, 99, 101], ""cfs"": [102, 101, 103, 88]}"
GLAXO,2020,26071996,8593732,17478264,14967419,7402365,35090112,-27555732,7534380,3375240,5604548,5743505,,-1891561,6294855,thousands,ok,,"{""sfp"": [118, 117, 119], ""pl"": [119, 118, 120], ""cfs"": [121, 120, 122, 106]}"
GLAXO,2021,30455311,9468646,20986665,18969163,833041,36660772,-26923923,9736849,,7085344.0,6505401.0,,-2061811,4987106,thousands,review,L5,"{""sfp"": [148, 147, 149], ""pl"": [149, 148, 150], ""cfs"": [151, 150, 152]}"
GLAXO,2022,35541907,14488800,21053107,23503252,12908571,41841585,-34559889,7281696,2462892,4754525,9545315,,-375031,-3161166,thousands,review,L5,"{""sfp"": [158, 157, 159], ""pl"": [159, 158, 160], ""cfs"": [161, 160, 162]}"
GLAXO,2024,45055459,16778918,28276541,30698464,14932619,61187501,-45799654,15387847,6536047,6513447,11190173,,,5057633,thousands,ok,,"{""sfp"": [97, 96, 98], ""pl"": [98, 97, 99], ""cfs"": [100, 99, 101, 86]}"
GLAXO,2025,50683502,17008869,33674633,35156044,15133866,65900901,-41516641,24384260,10025315,8592146,12774424,,-4741910,8663814,thousands,ok,,"{""sfp"": [97, 96, 98], ""pl"": [98, 97, 99], ""cfs"": [100, 99, 101, 86]}"
GLPL,2018,,,,,,1828717,-1233559,595158,,,,,-12858,-235824,thousands,ok,,"{""sfp"": [25], ""pl"": [8, 26, 27], ""cfs"": [28, 27, 29]}"
GLPL,2019,,,,,,1962721,-1310766,651955,164393,,,,,,thousands,ok,,"{""sfp"": [25], ""pl"": [7, 26], ""cfs"": []}"
GLPL,2020,1462583.0,,,1429724.0,634217.0,1971294,1313194,658100,222124,,511860.0,,-57811,-64582,thousands,ok,,"{""sfp"": [26], ""pl"": [6], ""cfs"": [27, 26, 28]}"
GLPL,2021,,,,,,2162727,-1725063,437664,38383,,,,,,thousands,ok,,"{""sfp"": [25, 27], ""pl"": [6], ""cfs"": [27, 26, 28]}"
GLPL,2022,,,,,,,,,,,,,,-650039,thousands,ok,,"{""sfp"": [9, 8, 10], ""pl"": [9, 8, 10], ""cfs"": [27, 26, 28]}"
GLPL,2023,3094529,2082576,1011953,2924117,2057419,3024531,-1434536,1589995,113899,1482955,1035163,,-12229,773722,thousands,ok,,"{""sfp"": [24], ""pl"": [6, 25], ""cfs"": [27, 26, 28]}"
GLPL,2024,,,,,,,,,,,,,,-1516521,thousands,ok,,"{""sfp"": [25], ""pl"": [9, 8, 10], ""cfs"": [27, 26, 28]}"
GOC,2017,295753246,41967220.0,253786026.0,221078684,41967220.0,214442066.0,-150304237.0,64137829.0,11826780.0,24006835,119893600,,,,thousands,ok,,"{""sfp"": [28, 27, 29], ""pl"": [], ""cfs"": []}"
GOC,2018,326875116,51664639,275210477,241790351,51664639,239095341.0,-157763537.0,81331804.0,26299679.0,58260424,126212320,,,,thousands,ok,,"{""sfp"": [26, 25, 27], ""pl"": [], ""cfs"": []}"
GOC,2019,382809697,43503310,339306387,289268907,43503310.0,305077473.0,-192917523.0,112159950.0,71531377.0,39028535,142849388,,,,thousands,ok,,"{""sfp"": [26, 25, 27], ""pl"": [], ""cfs"": []}"
GOC,2020,397910434,54401888.0,343508546.0,292586180,54401888.0,256996458.0,-171261184.0,85735274.0,18879446.0,47819533,139420186,,,,thousands,ok,,"{""sfp"": [26, 25, 27], ""pl"": [], ""cfs"": []}"
GOC,2021,382001293,40030475,341970818,273150297,40030475,204577818.0,-142317583.0,62260235.0,5724405.0,49698350,137356988,,,,thousands,ok,,"{""sfp"": [26, 25, 27], ""pl"": [], ""cfs"": []}"
GOC,2022,486248841,46993295,439255546,385576525,46993295,238127624.0,-156985669.0,81141955.0,97360658.0,99110784,234637022,1078502,,,thousands,ok,,"{""sfp"": [26, 25, 27], ""pl"": [], ""cfs"": []}"
GOC,2023,643351657,58068422.0,585283235.0,459171963,58068422.0,691435578.0,-437666356.0,253769222.0,153755162.0,24959459,201522894,,,,thousands,ok,,"{""sfp"": [28, 27, 29], ""pl"": [], ""cfs"": []}"
GOC,2024,754942343,88937895,666004448,557948181,88937895,578667000.0,-364393482.0,214273518.0,98849898.0,60585088,220944277,,,,thousands,ok,,"{""sfp"": [26, 25, 27], ""pl"": [], ""cfs"": []}"
GOC,2025,769861285,92591617,677269668,587428326,92591617,472315817.0,-309259661.0,163056156.0,25831843.0,91476675,292128044,,,,thousands,ok,,"{""sfp"": [28, 27, 29], ""pl"": [], ""cfs"": []}"
GRYL,2017,268485,,73768,,,,,,-904136.0,,,,,,thousands,review,L5,"{""sfp"": [13, 12, 14], ""pl"": [], ""cfs"": []}"
GRYL,2018,272086,,,,,,,,,,,,,,thousands,review,L5,"{""sfp"": [11, 10, 12], ""pl"": [], ""cfs"": []}"
GRYL,2019,292494,,67467,,,,,,,,,,,,thousands,review,L5,"{""sfp"": [11, 10, 12], ""pl"": [], ""cfs"": []}"
GRYL,2020,297544,,63743,,,,,,-3870652.0,,,,,,thousands,review,L5,"{""sfp"": [11, 10, 12], ""pl"": [], ""cfs"": []}"
GRYL,2021,323491,,62099,,,,,,,,,,,,thousands,review,L5,"{""sfp"": [11, 10, 12], ""pl"": [], ""cfs"": []}"
GRYL,2022,318848,,57935,,,,,,,,,,,,thousands,review,L5,"{""sfp"": [11, 10, 12], ""pl"": [], ""cfs"": []}"
GRYL,2023,286101,,63102,,,,,,,,,,,,thousands,review,L5,"{""sfp"": [13, 12, 14], ""pl"": [], ""cfs"": []}"
GRYL,2024,292494.0,,,,,,,,7762084.0,,,,,,thousands,ok,,"{""sfp"": [], ""pl"": [], ""cfs"": []}"
GRYL,2025,297544.0,,,,,,,,,,,,,,thousands,ok,,"{""sfp"": [], ""pl"": [], ""cfs"": []}"
GSKCH,2019,8982623811,4482019876,4500603935,5922968338,4295390048,,-11330677070.0,4986067479.0,1257518810.0,643240843,2769124471,,,,thousands,ok,,"{""sfp"": [121, 120, 122], ""pl"": [], ""cfs"": []}"
GSKCH,2020,10973970681,5810042202,5163928479,7335653671.0,6333867885.0,,-14518243501.0,,,,2902221833.0,,,,thousands,ok,,"{""sfp"": [142, 141, 143], ""pl"": [], ""cfs"": []}"
GSKCH,2021,13866160,7150988,6715172,10013921,6856642,,-17548075.0,6615075.0,,2454867,3916050,1915564,-79406,1594199,thousands,ok,,"{""sfp"": [161, 160, 162], ""pl"": [162, 161, 163], ""cfs"": [164, 163, 165]}"
GVGL,2017,955875066,450960420,504914646,548418721,440468311,826784638.0,-765568191.0,61216447.0,20304272.0,41818546,131954582,,,,thousands,ok,,"{""sfp"": [14, 13, 15], ""pl"": [], ""cfs"": []}"
GVGL,2018,,,,451159466.0,379470789.0,,-886584003.0,302710436.0,169885308.0,104012224.0,,,,,thousands,ok,,"{""sfp"": [18, 17, 19], ""pl"": [], ""cfs"": []}"
GVGL,2019,,,,713599726.0,387059870.0,,-886584003.0,,350126548.0,67253862.0,,,,,thousands,ok,,"{""sfp"": [16, 15, 17], ""pl"": [], ""cfs"": []}"
GVGL,2020,1314218467,,,819773250.0,335708929.0,,-1166242806.0,473351940.0,230177483.0,161502146.0,,,,,thousands,ok,,"{""sfp"": [17, 16, 18], ""pl"": [], ""cfs"": []}"
GVGL,2021,2555351761,580644999,1974706762,1278157941,580644999,,-1666746597.0,891197891.0,589543768.0,550710002,223617289,,,,thousands,ok,,"{""sfp"": [17, 16, 18], ""pl"": [], ""cfs"": []}"
GVGL,2022,3120398043,1034232607,2086165436,1289577924,1034232607,,-2135160160.0,1276210284.0,755872364.0,71654182,484293453,5424483,,,thousands,ok,,"{""sfp"": [17, 16, 18], ""pl"": [], ""cfs"": []}"
GVGL,2023,4273971952,1827137117,2446834835,1982908564,1749179092,,-2494388062.0,1332455512.0,515328683.0,12906072,946742867,,,,thousands,ok,,"{""sfp"": [17, 16, 18], ""pl"": [], ""cfs"": []}"
GVGL,2024,5704300770,1923659134,3780641636,2695986691,1731777917,,-3224093596.0,1749421705.0,897996801.0,221675509.0,,,,,thousands,review,L5,"{""sfp"": [17, 16, 18], ""pl"": [], ""cfs"": []}"
GVGL,2025,6570420576,2154965080,4415455496,3265069135,1976048918.0,,-3738046051.0,2180837395.0,1084640385.0,60540748.0,,,,,thousands,review,L5,"{""sfp"": [17, 16, 18], ""pl"": [], ""cfs"": []}"
GWLC,2017,21615065,10234020,11381045,2847464,4282706,11222789,-7368843,3853946,2283696,103632,624850,,,,thousands,review,L5,"{""sfp"": [46, 45, 47], ""pl"": [47, 46, 48], ""cfs"": []}"
GWLC,2018,22843005.0,,,3611975.0,5532591.0,11484392,-8771957,2712435,1509654,107869.0,,,938924,2490330,thousands,ok,,"{""sfp"": [56, 55, 57], ""pl"": [57, 56, 58], ""cfs"": [59, 58, 60]}"
GWLC,2019,23262396,10780950,12481446,4947128,4501227,11355918,-8715542,2640376,736412,431760,2429536,,-502687,1327101,thousands,ok,,"{""sfp"": [68, 67, 69], ""pl"": [69, 68, 70], ""cfs"": [72, 71, 73]}"
GWLC,2020,25510082,11004418,14506114,5157726,4661613,8714089,-8627816,86273,131317,431400,2267543,,-167951,1152999,thousands,ok,,"{""sfp"": [65, 64, 66], ""pl"": [66, 65, 67], ""cfs"": [69, 68, 70]}"
GWLC,2021,26653801,10896509,15757292,6938061,5207233,12106985,-8930275,3176710,1551383,1295034,3076787,,,,thousands,ok,,"{""sfp"": [61, 60, 62], ""pl"": [62, 61, 63], ""cfs"": []}"
GWLC,2022,26199090,9351466,16847624,7268866,4112302,16193788,-12406118,3787670,1354723,,4561373.0,,,,thousands,ok,,"{""sfp"": [63, 62, 64], ""pl"": [64, 63, 65], ""cfs"": [93]}"
GWLC,2023,35035059,12726184,22308875,6616810,4113129,18315894,-14522554,3793340,1232407,747082,3884128,,,,thousands,ok,,"{""sfp"": [72, 71, 73], ""pl"": [73, 72, 74], ""cfs"": []}"
GWLC,2024,37125657,13074052,24051,8502135.0,3737339.0,18165083,-14390313,3774770,1742730,,5592128.0,,,,thousands,review,L1,"{""sfp"": [70, 69, 71], ""pl"": [71, 70, 72], ""cfs"": []}"
GWLC,2025,38680762.0,,,9474420.0,3705629.0,19620351,-15034236,4586115,2204744,,5879777.0,,,,thousands,ok,,"{""sfp"": [59, 58, 60], ""pl"": [60, 59, 61], ""cfs"": [85]}"
HABSM,2013,5884486,1251719,4632767,3926616,1176719,8812069,7607698,1204371,777558,331639,698845,,-368504,1123623,thousands,ok,,"{""sfp"": [20, 19, 21], ""pl"": [21, 20, 22], ""cfs"": [24, 23, 25]}"
HABSM,2019,10749005.0,,,5959710.0,2604312.0,9873134,-8381862,1491272,1202276,2464584.0,1840405.0,,-398278,2249765,thousands,ok,,"{""sfp"": [25, 24, 26, 90], ""pl"": [26, 25, 27, 121], ""cfs"": [29, 28, 30]}"
HABSM,2020,11106205.0,,,5904354.0,2440295.0,10138211,-9038874,1099337,694295,4071821.0,876021.0,,-407605,2322868,thousands,ok,,"{""sfp"": [25, 24, 26, 84], ""pl"": [26, 25, 27, 81], ""cfs"": [29, 28, 30, 92]}"
HABSM,2021,,,,,,,,,,,,,-401494,227728,thousands,ok,,"{""sfp"": [], ""pl"": [], ""cfs"": [29, 28, 30]}"
HABSM,2022,,,,,,13006818,-10796106,2210712,1289761,,,,-442569,-439833,thousands,ok,,"{""sfp"": [26, 90, 97, 102, 105, 125, 126, 127, 128], ""pl"": [27, 83], ""cfs"": [30, 29, 31, 86]}"
HABSM,2023,17709059,6393653,11315406,13487612,6141721,19985028,-16044162,3940866,2541478,1274264,3957133,195425,-434737,3269051,thousands,ok,,"{""sfp"": [30], ""pl"": [31, 32], ""cfs"": [34, 33, 35]}"
HABSM,2024,,,,,,20262090,-18111404,2512686,1960473,,,,-823335,46540,thousands,review,L1,"{""sfp"": [24], ""pl"": [25, 26], ""cfs"": [28, 27, 29]}"
HABSM,2025,23502416,6058993,17443423,14521056,5465193,21731776,-18762297,2969479,1555772,2557066,2057067,427920,-654169,2989686,thousands,ok,,"{""sfp"": [28], ""pl"": [29], ""cfs"": [32, 31, 33]}"
HAEL,2017,337389794,,24362945.0,196111684,164776075.0,231100822.0,-189479714.0,,,3273831,93135308,,,,thousands,ok,,"{""sfp"": [22, 21, 23], ""pl"": [], ""cfs"": []}"
HAEL,2018,327553012,,110174959.0,191227176,151025102.0,314091422.0,-258776608.0,55314814.0,,2817970,85530435,,,,thousands,ok,,"{""sfp"": [23, 22, 24], ""pl"": [], ""cfs"": []}"
HAEL,2019,392849484,,168544273,202438384,154498937,385706915.0,-315348906.0,,,2714596,83957696,,,,thousands,ok,,"{""sfp"": [23, 22, 24], ""pl"": [], ""cfs"": []}"
HAEL,2020,407418490,407418490,177978397,237197755,174625746,346416594.0,-276089123.0,,,1660578,87484719,,,,thousands,review,L1,"{""sfp"": [23, 22, 24], ""pl"": [], ""cfs"": []}"
HAEL,2021,420407298,,,237559495,175211257.0,389822084.0,-305984333.0,,,2390254,85221420,,,,thousands,ok,,"{""sfp"": [25, 24, 26], ""pl"": [], ""cfs"": []}"
HAEL,2022,547993378,,,246723435,189854689.0,549650906.0,-449275507.0,,,10727193,84328729,,,,thousands,ok,,"{""sfp"": [25, 24, 26], ""pl"": [], ""cfs"": []}"
HAEL,2023,551084063,221267089,329816974,255996348,179677829,648203941.0,-509079858.0,,,2351300,89409049,,,,thousands,ok,,"{""sfp"": [33, 32, 34], ""pl"": [], ""cfs"": []}"
HAFL,2017,454156545,11721967,442434578,8512689,11425093,,,,19987360.0,4010740,,,,,thousands,ok,,"{""sfp"": [13, 12, 14], ""pl"": [], ""cfs"": []}"
HAFL,2018,467163531.0,,,9925422.0,11600616.0,,,,16952634.0,5023403.0,,,,,thousands,ok,,"{""sfp"": [15, 14, 16], ""pl"": [], ""cfs"": []}"
HAFL,2019,488989617.0,,,10589897.0,11549888.0,,,,24183699.0,4658985.0,,,,,thousands,ok,,"{""sfp"": [15, 14, 16], ""pl"": [], ""cfs"": []}"
HAFL,2020,506023575.0,,,15038020.0,9693692.0,,,,,,,,,,thousands,ok,,"{""sfp"": [16, 15, 17], ""pl"": [], ""cfs"": []}"
HAFL,2021,538983999,12049890,526934109,33988870,11689417,,,,,5989752,,,,,thousands,ok,,"{""sfp"": [18, 17, 19], ""pl"": [], ""cfs"": []}"
HAFL,2022,554388241.0,,,24720964.0,17284057.0,,,,,,,,,,thousands,ok,,"{""sfp"": [18, 17, 19], ""pl"": [], ""cfs"": []}"
HAFL,2023,573086019.0,,,23286934.0,14858054.0,,,,,,,,,,thousands,ok,,"{""sfp"": [18, 17, 19], ""pl"": [], ""cfs"": []}"
HAFL,2024,605312847.0,,,37988643.0,14495649.0,,,,,,,,,,thousands,ok,,"{""sfp"": [22, 21, 23], ""pl"": [], ""cfs"": []}"
HAFL,2025,657287258.0,,,66280129.0,16425228.0,,,,,,,,,,thousands,ok,,"{""sfp"": [22, 21, 23], ""pl"": [], ""cfs"": []}"
HAL,2013,,124701.0,,558263.0,83251.0,1241106233.0,856822201.0,338900238.0,,,,,,,thousands,review,L1,"{""sfp"": [], ""pl"": [], ""cfs"": []}"
HAL,2014,,111907.0,,551689.0,73987.0,1403132162.0,1009722799.0,343991206.0,,,,,,,thousands,review,L1,"{""sfp"": [], ""pl"": [], ""cfs"": []}"
HAL,2015,948726148,112127810,836598338,618279906,77128749,,-848727563.0,266770458.0,122192734.0,81443942,193789452,,,,thousands,ok,,"{""sfp"": [17, 16, 18, 47], ""pl"": [], ""cfs"": []}"
HAL,2016,884371588,134991688,749379900,571147233,127113603,,-881495248.0,159554886.0,32842879.0,111682159.0,139938866.0,,,,thousands,ok,,"{""sfp"": [14, 13, 15], ""pl"": [], ""cfs"": []}"
HAL,2017,935636998,187606013,748030985,634598064,184676101,,-965630437.0,172580484.0,38651085.0,34396418,213748336,,,,thousands,ok,,"{""sfp"": [14, 13, 15], ""pl"": [], ""cfs"": []}"
HAL,2018,,,,668183604.0,296357265.0,,-1222416650.0,207745145.0,68881980.0,125325687.0,226705852.0,,,,thousands,ok,,"{""sfp"": [17, 16, 18], ""pl"": [], ""cfs"": []}"
HAL,2019,1164791882,324629877,840162005,739360023,324629877,,-1258186741.0,304513595.0,123249040.0,150159737,250739777,15406881,,,thousands,ok,,"{""sfp"": [17, 16, 18], ""pl"": [], ""cfs"": []}"
HASCOL,2018,73932738,61447748,12484990,49485355,56874605,234444131,-224167482,10276,207143,8799447.0,22615303.0,,-758958,-7819420,thousands,review,L1;L5;L5,"{""sfp"": [51, 50, 52, 116], ""pl"": [52, 51, 53, 117], ""cfs"": [55, 54, 56, 119]}"
HASCOL,2019,87474651,96388379,-8913728,48757423,92160684,154874855,156725893,-1851038,-25873829,13586382.0,19219871.0,,,-3817060,thousands,review,L5,"{""sfp"": [57, 56, 58, 131], ""pl"": [58, 57, 59, 132, 133], ""cfs"": [61, 60, 62, 135]}"
HASCOL,2020,61419392,107944764,-46525372,20842735,78375448,11391763,-115296600.0,-1378967.0,-25023422,3079606,11435266,,,-17264420,thousands,review,L1;L5,"{""sfp"": [74, 73, 75, 147], ""pl"": [75, 74, 76, 27, 148], ""cfs"": [78, 77, 79, 151]}"
HASCOL,2021,47280494.0,94586100.0,,15270445.0,78571358.0,71366378.0,-61153982.0,,-7592131.0,997748.0,10255676.0,,,,thousands,ok,,"{""sfp"": [77, 76, 78], ""pl"": [78, 77, 79], ""cfs"": [171, 170, 172]}"
HASCOL,2022,43708049.0,104887059.0,,14132149.0,90785374.0,71166729.0,-67928083.0,,-14439536.0,771689.0,8178013.0,,,,thousands,ok,,"{""sfp"": [79, 78, 80], ""pl"": [80, 79, 81], ""cfs"": [83, 82, 84]}"
HASCOL,2023,49562105,128546819,-78984714,22105654,116180665,162747628.0,-158312436.0,4613765.0,-17814348.0,835313,12069049,,,,thousands,review,L1,"{""sfp"": [71, 70, 72], ""pl"": [], ""cfs"": []}"
HASCOL,2024,63161008,149577458,-86416450,34226713,139201478,145875707.0,-142388459.0,,-11631684.0,638653,27143335,,,,thousands,ok,,"{""sfp"": [177, 176, 178, 77], ""pl"": [], ""cfs"": []}"
HASCOL,2025,39942166.0,133154559.0,,12330250.0,121369630.0,177454326,-173878600,3575726,-6700242,573877.0,6922095.0,,,4329749,thousands,ok,,"{""sfp"": [95, 94, 96, 185], ""pl"": [96, 95, 97, 186], ""cfs"": [189]}"
HBL,2014,487765.0,,,,,,,,316666.0,,,,,,thousands,ok,,"{""sfp"": [36, 118, 142, 143, 150, 155, 156, 159, 163, 164, 165, 206], ""pl"": [37, 36, 38, 119], ""cfs"": [40, 39, 41, 122]}"
HBL,2015,528894.0,,,,,,,,,,,,,,thousands,ok,,"{""sfp"": [44, 122, 148, 180, 183], ""pl"": [239, 238, 240, 45, 125, 164], ""cfs"": [48, 147, 181, 182]}"
HBL,2016,14206492.0,10557128.0,,,,,,,,114661.0,,,,,thousands,ok,,"{""sfp"": [60, 129], ""pl"": [130, 129, 131, 61], ""cfs"": [171, 170, 172, 64]}"
HBL,2017,2684101699.0,2495286205.0,,,,,,,,,,,,,thousands,ok,,"{""sfp"": [70, 99, 100, 105, 111, 118, 119, 120, 121, 135, 137, 138, 143, 185, 222, 228, 252, 253], ""pl"": [71, 72, 186, 253, 215], ""cfs"": [74, 187]}"
HBL,2018,1733067.0,1721716.0,,,,,,,,238874.0,,,,,thousands,ok,,"{""sfp"": [79, 198, 269, 275], ""pl"": [80, 199, 256], ""cfs"": [83, 200]}"
HBL,2020,1625739.0,1625739.0,,,,,,,,,,,,,thousands,ok,,"{""sfp"": [74, 203], ""pl"": [75, 204], ""cfs"": [207, 206, 208, 78]}"
HICL,2013,2237670,1212635,1025035,992067,,,,,243981.0,59533,,,,,thousands,ok,,"{""sfp"": [11, 10, 12], ""pl"": [], ""cfs"": []}"
HICL,2014,,1690952.0,,,,,,,260008.0,,,,,,thousands,ok,,"{""sfp"": [11, 10, 12], ""pl"": [], ""cfs"": []}"
HICL,2015,,1608657.0,,,,,,,226867.0,,,,,,thousands,ok,,"{""sfp"": [11, 10, 12], ""pl"": [], ""cfs"": []}"
HICL,2016,2759878,1660230,1099648,1716553,,,,,,,,,,,thousands,ok,,"{""sfp"": [14, 13, 15], ""pl"": [15], ""cfs"": []}"
HICL,2017,3276059.0,1840432.0,1435627.0,,,555977,,,109956,166460.0,,,,,thousands,ok,,"{""sfp"": [], ""pl"": [15], ""cfs"": []}"
HICL,2019,,2391486,,,,,,,70087.0,,,,,,thousands,ok,,"{""sfp"": [72, 112], ""pl"": [], ""cfs"": []}"
HICL,2020,,,,,,738670,-309353,121207,61663,,,,,,thousands,review,L1,"{""sfp"": [], ""pl"": [21], ""cfs"": []}"
HICL,2021,4193752.0,2938678.0,1255074.0,,,,,,107024.0,88566.0,,,,,thousands,ok,,"{""sfp"": [], ""pl"": [19], ""cfs"": []}"
HICL,2022,4543639,3375337,1168302,,,,,,111091.0,306241,,,,,thousands,review,L5,"{""sfp"": [15, 14, 16, 70], ""pl"": [16, 15, 17], ""cfs"": [17, 16, 18, 83]}"
HICL,2023,5494060.0,3990607.0,1503453.0,,,1505708,-981588,-240681,112781,471369.0,,,-76034,-576065,thousands,review,L1,"{""sfp"": [], ""pl"": [20], ""cfs"": [22]}"
HICL,2024,6484713.0,4429293.0,2055420.0,,,1492356,-944360,,236852.0,250601.0,,,-75345,-193971,thousands,ok,,"{""sfp"": [], ""pl"": [21], ""cfs"": [23]}"
HICL,2025,7769556.0,5401560.0,2367996.0,,,,,,118033.0,42138.0,,,-120713,-153049,thousands,ok,,"{""sfp"": [], ""pl"": [24], ""cfs"": [26]}"
HINO,2014,,,,,,,,,,,,,-20226,1992599,thousands,ok,,"{""sfp"": [38, 43, 48, 49, 54], ""pl"": [38], ""cfs"": [39, 38, 40]}"
HINO,2015,8221736,4235661,3986075,6181541,4054270,12636288,-10662904,1973384,1073224,2665997,1814191,,,,thousands,ok,,"{""sfp"": [73, 72, 74], ""pl"": [74, 73, 75], ""cfs"": [75, 74, 76]}"
HINO,2016,9664326,5376029,4288297,7436013,5134308,18086850,-15324774,2762076,1113375,3664707,2769839,,,,thousands,ok,,"{""sfp"": [83, 82, 84], ""pl"": [84, 83, 85], ""cfs"": [85, 84, 86]}"
HINO,2017,10062735.0,5295097.0,,7188418.0,5013905.0,22477498,-20011397,2466101,1119901,2872070.0,3259661.0,,,,thousands,ok,,"{""sfp"": [90, 89, 91], ""pl"": [91, 90, 92], ""cfs"": [92, 91, 93]}"
HINO,2019,14290.68,,,,,19130.84,18017.53,,,,,,-1037774,-10259459,thousands,ok,,"{""sfp"": [41], ""pl"": [41], ""cfs"": [42, 41, 43]}"
HINO,2022,10307718,5342056,4965662,6424776,5172846,12530886,-11321335,1209551,417130,2972370,1815805,,,2848542,thousands,ok,,"{""sfp"": [32, 31, 33], ""pl"": [33, 32, 34], ""cfs"": [35, 34, 36]}"
HINO,2023,9138618,3983908,5154710,5121697,3749290,13185973,-12059366,1126607,16033,349285,2043552,,,-2484837,thousands,ok,,"{""sfp"": [32, 31, 33], ""pl"": [33, 32, 34], ""cfs"": [35, 34, 36]}"
HINO,2024,9956823,4661118,5295705,5929472,4430762,7622709,-6714820,907889,-131098,165755,4145840,,,-2451745,thousands,ok,,"{""sfp"": [30, 29, 31], ""pl"": [31, 30, 32], ""cfs"": [33, 32, 34]}"
HINO,2025,10569.09,,,,,,,,,,,,,,thousands,ok,,"{""sfp"": [33], ""pl"": [34], ""cfs"": [36]}"
HINO,2026,11566590,5501508,6065082,8064370,5317836,11001468,-89550,2046408.0,541253.0,252345,5491120,,,,thousands,review,L1;L5;L5,"{""sfp"": [33, 32, 34], ""pl"": [34, 33, 35], ""cfs"": [36, 35, 37]}"
HINOON,2013,1582338873,,,738343880,301877470.0,3007924648.0,1777264097.0,1230660551.0,155535205.0,49533292,557766682,,,,thousands,ok,,"{""sfp"": [41, 40, 42], ""pl"": [], ""cfs"": []}"
HINOON,2014,1944993607,,,1120376504,498245608.0,3696092459.0,2040858289.0,1655234170.0,271908303.0,335324473,634792103,,,,thousands,ok,,"{""sfp"": [41, 40, 42], ""pl"": [], ""cfs"": []}"
HINOON,2015,2290486195,,,1391757150,523048179.0,4403995318.0,-2311679320.0,2092315998.0,444021406.0,352794973,860324204,,,,thousands,ok,,"{""sfp"": [47, 46, 48, 99], ""pl"": [], ""cfs"": []}"
HINOON,2016,,,,,,,-2692735362.0,,534975667.0,,,,,,thousands,ok,,"{""sfp"": [44, 43, 45, 74], ""pl"": [], ""cfs"": []}"
HINOON,2017,3362121597,946169977,2031948465,2193452667,522981148,,3125337924.0,,,,,,,,thousands,review,L1,"{""sfp"": [26, 25, 27, 56], ""pl"": [], ""cfs"": []}"
HINOON,2019,4628571024,1187009449,3441561575,3239590724,680523189,,,,971012825.0,858895440,1790210793,,,,thousands,ok,,"{""sfp"": [29, 28, 30], ""pl"": [], ""cfs"": []}"
HINOON,2020,6430396411,1944197660,4486198751,4675710760,1087625548,,,,1420735731.0,823197491,2106010576,,,,thousands,ok,,"{""sfp"": [3, 2, 4, 37], ""pl"": [], ""cfs"": []}"
HINOON,2021,8040073297,2277450655,5762622642,6202886240,1600805709,,-6585186710.0,6415593430.0,1808033162.0,812049186,2315936343,,,,thousands,ok,,"{""sfp"": [61, 60, 62, 137], ""pl"": [], ""cfs"": []}"
HINOON,2022,10640100951,3194864503,7445236448,8230171348,2439743892,,-7785853279.0,8030083719.0,2417172341.0,432615208,3835094512,,,,thousands,ok,,"{""sfp"": [73, 72, 74, 155], ""pl"": [], ""cfs"": []}"
HINOON,2023,14025831252,4429131948,9596699304,10197146562,2874893333,,-10169790282.0,9254464319.0,2403013904.0,204337732,4713751445,,,,thousands,review,L5,"{""sfp"": [79, 78, 80, 165], ""pl"": [], ""cfs"": []}"
HINOON,2024,16062291695,,11221165701.0,12379733856,3951686381.0,,-11265537055.0,11929614967.0,3253500701.0,1459206965,4135824753,,,,thousands,ok,,"{""sfp"": [82, 81, 83, 164], ""pl"": [], ""cfs"": []}"
HINOON,2025,18413194527,,13170007814.0,13811353225,5260335830.0,,-11662352109.0,14126889417.0,4119312634.0,468796488,5088463951,,,,thousands,ok,,"{""sfp"": [174, 173, 175, 262], ""pl"": [], ""cfs"": []}"
HIRAT,2017,5967464918,,,2627405111,,3361274854.0,-3106262019.0,,,6211703,2017328533,,,,thousands,ok,,"{""sfp"": [21, 20, 22], ""pl"": [], ""cfs"": []}"
HIRAT,2018,5434613844,3486754214,1947859630,2257622767,2280328820,2171756666.0,-2325425936.0,,,68271810,1725675247,,,,thousands,ok,,"{""sfp"": [24, 23, 25], ""pl"": [], ""cfs"": []}"
HIRAT,2019,3713199220,3810638174.0,-97438954.0,1164764008,,2645989119.0,-3707501122.0,-1061512003.0,-2015842109.0,8316676,251674899,,,,thousands,ok,,"{""sfp"": [28, 27, 29], ""pl"": [], ""cfs"": []}"
HIRAT,2020,3221974576,3152992978,68981598,815828097,1776007121,,-1529789245.0,-66415295.0,-303788571.0,9616009,288798084,,,,thousands,ok,,"{""sfp"": [28, 27, 29], ""pl"": [], ""cfs"": []}"
HIRAT,2021,3973223352,3345388827,627839525,702507704,1779566516,,-1607207368.0,-134193115.0,,7840526,402628302,,,,thousands,ok,,"{""sfp"": [27, 26, 28], ""pl"": [], ""cfs"": []}"
HIRAT,2023,3101699269,3397856006,-296156737,94586181,1439354086,,-197076016.0,-154876016.0,-366245080.0,5902993,,,,,thousands,review,L2.5;L5,"{""sfp"": [32, 31, 33], ""pl"": [], ""cfs"": []}"
HIRAT,2024,2947977405,3525394026,-577416621,66107010,1591728634,,-240603805.0,-167787436.0,-281259884.0,62152,,,,,thousands,review,L2.5,"{""sfp"": [32, 31, 33], ""pl"": [], ""cfs"": []}"
HMB,2018,,,,,,,,,6160584.0,,,,-3129047,-31608724,thousands,ok,,"{""sfp"": [29, 126, 147], ""pl"": [8, 7, 9, 103], ""cfs"": [33, 32, 34, 122]}"
HMB,2019,,,,,,1978576,,,1672039,,,,-2093622,125003870,thousands,review,L5,"{""sfp"": [41, 98, 99, 134], ""pl"": [48, 116, 77], ""cfs"": [45, 44, 46, 138]}"
HMB,2020,1488128421,1426790670,61337751,,,,,,12008196.0,56967722,,,-4692544,117168103,thousands,ok,,"{""sfp"": [38, 134, 171, 184, 186, 187], ""pl"": [116], ""cfs"": [42, 41, 43, 138]}"
HMB,2022,1701277089,1634387826,66889263,,,6433356,,,2604686,86590008,,,-4233724,59387136,thousands,review,L5,"{""sfp"": [42, 142, 146, 201, 202], ""pl"": [128, 232], ""cfs"": [46, 45, 47, 172]}"
HMB,2023,2293473112,2195283905,98189207,,,14255805,,,4720817,112737010,,,-9678226,246551797,thousands,review,L5,"{""sfp"": [45, 147, 200, 202, 203, 211], ""pl"": [128], ""cfs"": [49, 48, 50, 173]}"
HMB,2024,1500133780,1385101965,115031815,,,17260691,,,24673508.0,86815817,,,,,thousands,ok,,"{""sfp"": [49, 93, 102, 172, 211], ""pl"": [152, 54], ""cfs"": [54, 53, 55]}"
HMB,2025,1658877631,1531068147,127809484,,,,,,22584683.0,88751233,,,-12571187,85925928,thousands,ok,,"{""sfp"": [51, 168], ""pl"": [147], ""cfs"": [56, 55, 57, 202]}"
HMM,2018,304989677,977600,304012077,90626305,977600,,,,,33525457,,,,,thousands,ok,,"{""sfp"": [25, 24, 26], ""pl"": [], ""cfs"": []}"
HMM,2019,319418302.0,,,147069328.0,7311414.0,,,,,32275791.0,,,,,thousands,ok,,"{""sfp"": [28, 27, 29], ""pl"": [], ""cfs"": []}"
HMM,2020,345917240.0,,,413646668.0,14046457.0,,,,,206823334.0,,,,,thousands,ok,,"{""sfp"": [33, 32, 34], ""pl"": [], ""cfs"": []}"
HMM,2021,349678977,22548949,327130028,178137228,22548949,,,,,10879709,,,,,thousands,ok,,"{""sfp"": [29, 28, 30], ""pl"": [], ""cfs"": []}"
HMM,2022,370564046,37255147,333308899,167243800,37255147,,,,,74337470,,,,,thousands,review,L5,"{""sfp"": [32, 31, 33], ""pl"": [], ""cfs"": []}"
HRPL,2020,,,,861690588.0,399699898.0,,-1321455852.0,377610854.0,174518789.0,74503789.0,245961411.0,,,,thousands,ok,,"{""sfp"": [17, 16, 18], ""pl"": [], ""cfs"": []}"
HRPL,2021,1474652826,509948798,964690028,833076219,433490041,,-1348613817.0,423645486.0,250018234.0,133562359,227257878,,,,thousands,ok,,"{""sfp"": [17, 16, 18], ""pl"": [], ""cfs"": []}"
HRPL,2022,1405527907,,928783376,780241362.0,437029950.0,,-1476733396.0,442923980.0,84084348.0,108829391.0,249215844.0,,,,thousands,ok,,"{""sfp"": [17, 16, 18], ""pl"": [], ""cfs"": []}"
HRPL,2023,1560044978,458197708,1101847270,968323930,454735646,,-1907903116.0,626112714.0,,191015449,341446247,35732712,,,thousands,ok,,"{""sfp"": [17, 16, 18], ""pl"": [], ""cfs"": []}"
HRPL,2024,1315637955,366224351,949413604,763407513,366224351,2340411980.0,-2150019672.0,190392308.0,,100732383,419045739,25090613,,,thousands,review,L5,"{""sfp"": [18, 17, 19], ""pl"": [], ""cfs"": []}"
HRPL,2025,1383579459,589877850,793701609,788322889,546634236,2136281090.0,-1966289863.0,169991227.0,,10933122,456946103,,,,thousands,ok,,"{""sfp"": [21, 20, 22], ""pl"": [], ""cfs"": []}"
HSM,2013,2183839756,1611260408,73395319,1002334720,1538575497,2234951394.0,-2210826627.0,24124767.0,,13390467,666453039,,,,thousands,review,L1;L5,"{""sfp"": [16, 15, 17], ""pl"": [], ""cfs"": []}"
HSM,2014,3149633137,1721565048,-220734171,545496605,1411530597,2694800903.0,-2749750765.0,,-294645485.0,106465698,106541620,,,,thousands,review,L1;L5,"{""sfp"": [18, 17, 19], ""pl"": [], ""cfs"": []}"
HSM,2015,3337782650,2013368397,-573752314,702169731,1724210692,1995710327.0,-2203630719.0,-207920392.0,-418341521.0,102706499,321669,,,,thousands,review,L1;L5;L5,"{""sfp"": [20, 19, 21], ""pl"": [], ""cfs"": []}"
HSM,2016,3139120766,,,513731382,1296019448.0,3144146871.0,-2898595674.0,,,16206146,180513382,,,,thousands,ok,,"{""sfp"": [21, 20, 22], ""pl"": [], ""cfs"": []}"
HSM,2017,3624892679,,,626366635,1030590280.0,3856538629.0,-3371219029.0,485319600.0,201590081.0,60098130,233027645,,,,thousands,ok,,"{""sfp"": [55, 54, 56], ""pl"": [], ""cfs"": []}"
HSM,2020,6891961355,,,2366836393.0,2950762531.0,,-2660365273.0,294264640.0,,41756584.0,,,,,thousands,ok,,"{""sfp"": [69, 68, 70], ""pl"": [], ""cfs"": []}"
HSM,2021,7135472961,4137972555,2997500406,2086666066,3177416432,,-5672475117.0,476047697.0,,112766270,1326487488,,,,thousands,ok,,"{""sfp"": [72, 71, 73], ""pl"": [], ""cfs"": []}"
HSPI,2013,7290269,2681846,1169757,1131462,933953,2182211.0,-2129008.0,53203.0,-35075,215216.0,489369.0,,-45410,537076,thousands,review,L1;L5,"{""sfp"": [28, 27, 29], ""pl"": [29, 28, 30], ""cfs"": [31, 30, 32]}"
HSPI,2014,7249537.0,,1242711.0,1278618.0,1155183.0,1518120,-1486901,31219,-36348,88962.0,901521.0,,,-58946,thousands,ok,,"{""sfp"": [28, 27, 29], ""pl"": [29, 28, 30], ""cfs"": [31, 30, 32]}"
HSPI,2015,7270167,2535260,1343322,1499597,1106641,1973972,-1795452,178520,-12691,,901281.0,,,,thousands,review,L1;L5,"{""sfp"": [28, 27, 29], ""pl"": [29, 28, 30], ""cfs"": [31, 30, 32]}"
HSPI,2017,7213537,2369611,3241684,1736851,1073960,946616,-848368,98248,25563,68147,1272776,,,-152572,thousands,review,L1;L5,"{""sfp"": [28, 27, 29], ""pl"": [29, 28, 30], ""cfs"": [31, 30, 32]}"
HSPI,2018,7043956,1987703,5056253,1592481,803966,854804,-727554,127250,67874,40951,1211228,,,130865,thousands,review,L5,"{""sfp"": [38, 37, 39], ""pl"": [39, 38, 40], ""cfs"": [41, 40, 42]}"
HSPI,2019,7072147,2017708,5054439,1742808,842406,501103,-368540,132563,,10428,1470640,,,80965,thousands,review,L5,"{""sfp"": [37, 36, 38], ""pl"": [38, 37, 39], ""cfs"": [40, 39, 41]}"
HSPI,2020,7652832,2070276,5582556,1762168,815987,341615,268158,73457,,,1582744,,,,thousands,ok,,"{""sfp"": [39, 38, 40, 59], ""pl"": [40, 39, 41, 73], ""cfs"": [42, 41, 43]}"
HSPI,2021,7722244,,,,,113780.0,,,-105825.0,,,,,,thousands,ok,,"{""sfp"": [], ""pl"": [4], ""cfs"": []}"
HSPI,2022,7726869,2384257,5342612,1926860,751418,134317,-237416,-103099,-107678,12448,1694864,,,-141954,thousands,ok,,"{""sfp"": [34, 33, 35], ""pl"": [35, 34, 36], ""cfs"": [38, 37, 39]}"
HSPI,2023,7673217.0,,,,,157151.0,,,,,,,,,thousands,ok,,"{""sfp"": [], ""pl"": [], ""cfs"": []}"
HTL,2017,5881102546,2136796709,3744305837,3599193852,2052283799,8416150469.0,-5716645139.0,1772236883.0,726867662.0,75112775,1505337836,,,,thousands,review,L1;L5,"{""sfp"": [82, 81, 83, 126], ""pl"": [], ""cfs"": []}"
HTL,2018,5522666019,1629545001,3892721018,2794166449,1521976865,10910427446.0,-7325251809.0,1928326662.0,554429181.0,471604750,961206375,,,,thousands,review,L1,"{""sfp"": [139, 138, 140, 183], ""pl"": [], ""cfs"": []}"
HTL,2019,6115967112,2889182633,3226784479,3158701325,2859735961,,,,,158925453,801994295,,,,thousands,review,L5;L5;L5;L5;L5;L5;L5,"{""sfp"": [137, 187], ""pl"": [], ""cfs"": []}"
HTL,2020,4993217592,1835552089,3157665503,1601230578,1582861940,463233.0,-397790.0,65443.0,,124177670,447435239,,,,thousands,review,L5;L5;L5;L5;L5;L5;L5,"{""sfp"": [135, 189], ""pl"": [123], ""cfs"": []}"
HTL,2021,5071378.0,1838424.0,3232954.0,1662739.0,1584409.0,1838895.0,-1443123.0,395772.0,75287.0,138367.0,546250.0,,,,thousands,ok,,"{""sfp"": [130, 129, 131], ""pl"": [130, 129, 131], ""cfs"": []}"
HTL,2022,9137441272,4994894516,4142546756,4516218023,4436064158,6857496,6216702,640794,104382.0,657141796,2868897798,,-483148,-280087,thousands,review,L5;L5;L5;L5;L5;L5;L5;L5;L5;L5,"{""sfp"": [149, 215], ""pl"": [138, 137, 139], ""cfs"": [136]}"
HTL,2023,7395018,3572072456,3822945,2622884,3063434,4017170,-3594989.0,347060.0,,239412,1102921,,-278334,-129272,thousands,review,L1;L1;L5;L5;L5;L5;L5;L5;L5;L5,"{""sfp"": [148, 167, 235], ""pl"": [155, 154, 156], ""cfs"": [153]}"
HTL,2024,9010419557,5072058876,3938360681,4026989874,4559425464,3999510.0,-3694048.0,305463.0,,352417143,1789235831,,,-703817,thousands,review,L5;L5;L5;L5;L5;L5;L5,"{""sfp"": [178, 197, 267], ""pl"": [185, 184, 186], ""cfs"": [183]}"
HTL,2025,8058637,4370845764,3687791,3103223,3963179,6988836.0,-6390489.0,598347.0,,145890,731023,,,,thousands,review,L1;L5;L5;L5;L5;L5;L5;L5,"{""sfp"": [166, 183, 261], ""pl"": [173, 172, 174], ""cfs"": []}"
HUBC,2013,99313489,66680023,32633466,51053827,43128887,165861776,-149543719,16318057,9387880,17068953,4247498,,-7506069,41443401,thousands,ok,,"{""sfp"": [75, 74, 76, 129], ""pl"": [73, 127], ""cfs"": [130, 129, 131, 76]}"
HUBC,2014,135431825,,31044762,89438751,84353203,161806794,,11736614,6549179,2676177,2388435,,-8080478,-13962546,thousands,ok,,"{""sfp"": [83, 82, 84, 125], ""pl"": [81, 123], ""cfs"": [126, 125, 127, 84]}"
HUBC,2015,125949075,94314174,31634901,82190915,75895232,131483801,-117093140,14390661,9853136,483767,3469528,,-9239418,13462938,thousands,ok,,"{""sfp"": [87, 86, 88, 129], ""pl"": [85, 127], ""cfs"": [130, 129, 131, 88]}"
HUBC,2016,134005611,106426950,27578661,91477290,89125741,,,,,3280071,2563327,,,,thousands,ok,,"{""sfp"": [99, 98, 100], ""pl"": [], ""cfs"": [151, 150, 152]}"
HUBC,2017,,,19485543.0,,,,,2462703.0,,,2786346.0,,,,thousands,ok,,"{""sfp"": [51, 50, 52], ""pl"": [53, 52, 54], ""cfs"": [78, 77, 79]}"
HUBC,2018,136617459,116790320,19827139,100461613,104128287,,,,,426885,5687922,,-8979582,,thousands,ok,,"{""sfp"": [97, 96, 98], ""pl"": [], ""cfs"": []}"
HUBC,2019,153727792,121464471,32263321,91631356,99537719,,,,,7312080,4575810,,,,thousands,ok,,"{""sfp"": [103, 102, 104, 197], ""pl"": [], ""cfs"": []}"
HUBC,2020,164521293.0,,,95778614.0,87541343.0,,,,,511446.0,6318866.0,,,,thousands,ok,,"{""sfp"": [99, 98, 100, 82, 168], ""pl"": [103, 102, 104], ""cfs"": []}"
HUBC,2021,160007288.0,,,92427328.0,74398801.0,54639435,,32870717,34830336,300744.0,2805876.0,,,,thousands,ok,,"{""sfp"": [101, 100, 102, 164], ""pl"": [162, 161, 163], ""cfs"": []}"
HUBC,2022,154008487.0,,,103704396.0,70546040.0,,,,,388464.0,,,,,thousands,ok,,"{""sfp"": [45, 66, 91], ""pl"": [43, 52], ""cfs"": [45]}"
HUBC,2023,151822511.0,,,78377586.0,75398515.0,,,,,1027440.0,2253157.0,,-31129039,31637953,thousands,ok,,"{""sfp"": [100, 99, 101, 82, 164], ""pl"": [], ""cfs"": [86]}"
HUBC,2024,157390026.0,83577245.0,,88481020.0,73685550.0,,,,,2355983.0,2263240.0,,-22593093,14739597,thousands,ok,,"{""sfp"": [172, 171, 173, 286], ""pl"": [], ""cfs"": [158]}"
HUBC,2025,91533187,15280631,76252556,81920760.0,20204315.0,,,,,876269.0,300781.0,,-17480463,38384310,thousands,ok,,"{""sfp"": [210, 209, 211, 285], ""pl"": [], ""cfs"": [198]}"
HUMNL,2016,3272224388.0,,,2163250968.0,1202530349.0,3942824460.0,,,,12260410.0,2225966.0,,,,thousands,ok,,"{""sfp"": [56, 55, 57, 84], ""pl"": [], ""cfs"": []}"
HUMNL,2017,3598461776,540451336,3058010440,2678530318,528382386,4643648317.0,,1933613515.0,1015382978.0,374219488,2314986,,,,thousands,review,L5,"{""sfp"": [67, 66, 68, 99], ""pl"": [], ""cfs"": []}"
HWQS,2016,,,,,,879366.0,,,,,,,,,thousands,ok,,"{""sfp"": [], ""pl"": [8, 7, 9], ""cfs"": []}"
HWQS,2018,,,,,,250772728.0,-590988226.0,,-488901772.0,,,,,,thousands,ok,,"{""sfp"": [], ""pl"": [1], ""cfs"": [3]}"
HWQS,2020,,,,,,,,-168405,-362123,,,,,,thousands,ok,,"{""sfp"": [], ""pl"": [10, 9, 11], ""cfs"": []}"
HWQS,2021,3083947265,,-1593470651,106831849.0,4112937704.0,,-160043178.0,,-308816916.0,1729522.0,,,,,thousands,ok,,"{""sfp"": [41, 40, 42], ""pl"": [], ""cfs"": []}"
HWQS,2022,,,,101852559.0,3884732366.0,,-150781542.0,,-184954578.0,2435324.0,,,,,thousands,ok,,"{""sfp"": [38, 37, 39], ""pl"": [], ""cfs"": []}"
IBFL,2013,49235233136,23180587754,26054645382,12743717121,9498806366,38839262069.0,-36114076614.0,2725185455.0,5534166564.0,204836749,8511617752,,,,thousands,review,L2.5;L2.5;L2.5;L5,"{""sfp"": [27, 26, 28], ""pl"": [], ""cfs"": []}"
IBFL,2014,47977357421,21453646080,26523711341,11809353005,7691244360,47972161921.0,-46642839014.0,1329322907.0,874242296.0,85681651,6047562589,,,,thousands,review,L2.5;L2.5;L2.5;L5,"{""sfp"": [27, 26, 28], ""pl"": [], ""cfs"": []}"
IBFL,2015,,,,12781864654.0,52604899520.0,37273570267.0,-36435923026.0,837647241.0,802788086.0,163844103.0,,,,,thousands,review,L2.5;L2.5,"{""sfp"": [27, 26, 28], ""pl"": [], ""cfs"": []}"
IBFL,2016,,,,12478831844.0,56937271745.0,34709815423.0,-33729899919.0,979915504.0,1535276881.0,103129306.0,,,,,thousands,review,L2.5;L2.5,"{""sfp"": [25, 24, 26], ""pl"": [], ""cfs"": []}"
IBFL,2017,52280715671,15034763062,37245952609,23671172826,8897165803,39910714612.0,-37485488926.0,2425225686.0,8479629552.0,98214371,7392524194,,,,thousands,review,L2.5;L2.5;L2.5;L5,"{""sfp"": [27, 26, 28], ""pl"": [], ""cfs"": []}"
IBFL,2021,,,,31479749197.0,89237091423.0,48959895702.0,-39192837264.0,9767058438.0,,107223586.0,,,,,thousands,ok,,"{""sfp"": [29, 28, 30], ""pl"": [], ""cfs"": []}"
IBFL,2022,,,,98452.0,54249.0,,,,,,,,,,thousands,ok,,"{""sfp"": [], ""pl"": [], ""cfs"": []}"
IBFL,2023,,,,111264.0,61950.0,,,,,,,,,,thousands,ok,,"{""sfp"": [], ""pl"": [], ""cfs"": []}"
IBFL,2024,,,,111818.0,61660.0,,,,,,,,,,thousands,ok,,"{""sfp"": [], ""pl"": [], ""cfs"": []}"
IBFL,2025,,,,124904.0,69509.0,,,,,,,,,,thousands,ok,,"{""sfp"": [], ""pl"": [], ""cfs"": []}"
IBLHL,2015,861669,197342,664327,629823,197342,931981.0,-575209.0,356772.0,165637,16836,205081,,-23000,185767,thousands,ok,,"{""sfp"": [35, 34, 36], ""pl"": [36, 35, 37], ""cfs"": [38, 37, 39]}"
IBLHL,2016,1178881,245960,932921,903013,245960,1156421,-772230,384191,178894,18187,263383,,-59800,96068,thousands,ok,,"{""sfp"": [46, 45, 47], ""pl"": [47, 46, 48], ""cfs"": [49, 48, 50]}"
IBLHL,2017,1317120,228538,1088582,1021501,228538,1189799,-791899,397900,198418,16104,22294,,,,thousands,review,L5,"{""sfp"": [43, 42, 44], ""pl"": [44, 43, 45], ""cfs"": [45, 44, 46]}"
IBLHL,2018,1399918.0,,,1021589.0,211167.0,1358297,-929777,428520,149340,27722.0,222452.0,,,,thousands,ok,,"{""sfp"": [53, 52, 54], ""pl"": [54, 53, 55], ""cfs"": [55, 54, 56]}"
IBLHL,2019,1888766,632726,1256040,1525168,632726,1584972,-1141046,443926,121376,30894,506983,,,,thousands,review,L5,"{""sfp"": [55, 54, 56], ""pl"": [56, 55, 57], ""cfs"": [57, 56, 58]}"
IBLHL,2020,2252024,830042,1421982,1862520,830042,2664604,-1853341,811263,220030,20148,654527,,,,thousands,review,L5,"{""sfp"": [59, 58, 60], ""pl"": [60, 59, 61], ""cfs"": [61, 60, 62]}"
IBLHL,2021,2446691.0,,,1840710.0,812380.0,3003909,-1981413,1022496,300488,91561.0,708379.0,,-103443,69974,thousands,ok,,"{""sfp"": [58, 57, 59], ""pl"": [59, 58, 60], ""cfs"": [61, 60, 62]}"
IBLHL,2022,2929510.0,,,2358017.0,1059364.0,3651125,-2394888,1256237,302859,104122.0,973471.0,,-51633,56851,thousands,ok,,"{""sfp"": [67, 66, 68], ""pl"": [68, 67, 69], ""cfs"": [70, 69, 71]}"
IBLHL,2023,3553727,1446603,2107124,2962139,1443475,4027874,-2687427,1340447,308963,95823.0,1191225.0,,-62132,27167,thousands,ok,,"{""sfp"": [65, 64, 66], ""pl"": [66, 65, 67], ""cfs"": [68, 67, 69]}"
IBLHL,2024,3326758.0,,,2737757.0,1212079.0,3603359,-2651543,951816,,375594.0,905328.0,,,567999,thousands,ok,,"{""sfp"": [67, 66, 68], ""pl"": [68, 67, 69], ""cfs"": [70, 69, 71]}"
IBLHL,2025,4009968,1686918,2323050,3368392,1670237.0,4322471,-2875495,1446976,208371,208938.0,1270130.0,,,-259666,thousands,ok,,"{""sfp"": [67, 66, 68], ""pl"": [68, 67, 69], ""cfs"": [70, 69, 71]}"
ICI,2014,22937418,,11237427.0,10436804,7574254.0,,-33581636.0,4651841.0,1702216,852095,4582632,,-366726,,thousands,ok,,"{""sfp"": [129, 128, 130, 182, 183], ""pl"": [130, 129, 131, 184], ""cfs"": [132, 131, 133, 186]}"
ICI,2015,26669783,13376245,12717080,10826739,10613713,37515328,31725574,5789754,2125708,119612,4921766,,-817123,3748417,thousands,review,L1,"{""sfp"": [122, 121, 123, 177, 178, 198, 204, 210, 212, 214, 216, 220], ""pl"": [123, 122, 124], ""cfs"": [125, 124, 126, 181]}"
ICI,2016,30588030,15341857,14416528,11678336,10167615,36954437,-30475911.0,6478526.0,2843186.0,146287,5296746,,-1192827,3680106,thousands,review,L1,"{""sfp"": [160, 159, 161], ""pl"": [161, 160, 162], ""cfs"": [163, 162, 164]}"
ICI,2017,36155861,,16183900.0,13159697,12984767.0,41363695,-33598220,7765475,3296091,141748,5746647,,-1560184,4824855,thousands,ok,,"{""sfp"": [168, 167, 169, 225, 226], ""pl"": [169, 168, 170, 227], ""cfs"": [171, 170, 172, 229]}"
ICI,2018,43148129,,18081434.0,17266192,14818685.0,,-40607969,8499611,3059704,218843,8737564,,-1653651,-1401590,thousands,ok,,"{""sfp"": [180, 179, 181], ""pl"": [181, 180, 182], ""cfs"": [183, 182, 184]}"
ICI,2019,44222667,,19207043.0,18575241,16366077.0,,-48877125,9451724,2304912,237374,9841165,,-1196529,4528566,thousands,ok,,"{""sfp"": [178, 177, 179, 251, 252], ""pl"": [179, 178, 180, 253], ""cfs"": [182, 181, 183, 254]}"
ICI,2021,43803565,,23879208.0,18163231,14635597.0,,-48269723,14348243,5959446,233978,11286373,,-2298014,9067160,thousands,ok,,"{""sfp"": [192, 191, 193, 298, 314], ""pl"": [193, 192, 194], ""cfs"": [196, 195, 197, 270]}"
ICI,2022,59940822,,26391122.0,26388088,26169508.0,,-68353133,1819045,6248587,352922,16668932,,-3678148,2877176,thousands,review,L5,"{""sfp"": [186, 185, 187, 260, 280], ""pl"": [187, 186, 188], ""cfs"": [190, 189, 191, 286]}"
ICIBL,2013,1400814572,,,863284342,1103647223.0,,,,351808565.0,11450823,,,,,thousands,ok,,"{""sfp"": [20, 19, 21], ""pl"": [], ""cfs"": []}"
ICIBL,2014,1326905095,1144929071,181976024,757825997,883655448,,,,98724584.0,10932682,,,,,thousands,ok,,"{""sfp"": [21, 20, 22], ""pl"": [], ""cfs"": []}"
ICIBL,2015,1212833163,,,667003595,838701501.0,,,,6155362.0,2026931,,,,,thousands,ok,,"{""sfp"": [20, 19, 21], ""pl"": [], ""cfs"": []}"
ICIBL,2016,1118100105,,,587107144,721273711.0,,,,40257655.0,3219403,,,,,thousands,ok,,"{""sfp"": [20, 19, 21], ""pl"": [], ""cfs"": []}"
ICIBL,2017,1070796943,,,518150079,473154768.0,,,,,14714485,,,,,thousands,ok,,"{""sfp"": [20, 19, 21], ""pl"": [], ""cfs"": []}"
ICIBL,2018,1039311123,,,514170529,614908320.0,,,,,,,,,,thousands,review,L5,"{""sfp"": [24, 23, 25], ""pl"": [], ""cfs"": []}"
ICIBL,2019,950098225,693823464,256274761,536436020,495143582,,,,,24745878,,,,,thousands,review,L5;L5,"{""sfp"": [28, 27, 29], ""pl"": [], ""cfs"": []}"
ICIBL,2020,968390363,,291450074,547518613,466550717,,,,,10949517,,,,,thousands,ok,,"{""sfp"": [26, 25, 27], ""pl"": [], ""cfs"": []}"
ICIBL,2021,942410556,,,463520905,423172380.0,,,,83857849.0,9676974,,,,,thousands,ok,,"{""sfp"": [28, 27, 29], ""pl"": [], ""cfs"": []}"
ICIBL,2022,1057432123,584432786,472999337,482879810,413400528,,,,95273511.0,,,,,,thousands,ok,,"{""sfp"": [26, 25, 27], ""pl"": [], ""cfs"": []}"
ICIBL,2023,1088295259.0,,,537612328.0,391947015.0,,,,89759962.0,,,,,,thousands,ok,,"{""sfp"": [26, 25, 27], ""pl"": [], ""cfs"": []}"
ICIBL,2024,1298594162,598094567,700499595,758507179,412000605,,,,124619468.0,47288304,,,,,thousands,ok,,"{""sfp"": [30, 29, 31], ""pl"": [], ""cfs"": []}"
ICIBL,2025,1567878764.0,,,653587171.0,435470427.0,,,,126742058.0,,,,,,thousands,ok,,"{""sfp"": [29, 28, 30], ""pl"": [], ""cfs"": []}"
ICL,2017,6596215,3379913,3216302,1420411.0,2435521.0,4990137,-4170427,819710,233347,108012.0,,,-97161,719264,thousands,ok,,"{""sfp"": [29, 28, 30], ""pl"": [30, 29, 31], ""cfs"": [32, 31, 33]}"
ICL,2018,7739612,4030037,3709575,2031494,3006938,5742792.0,-4779809,962983,415487,94074,266083,,-99968,961407,thousands,ok,,"{""sfp"": [34, 33, 35], ""pl"": [35, 34, 36], ""cfs"": [37, 36, 38]}"
ICL,2019,9476353,5472668,4003685,2914723,3460784,6644377.0,-5265491,1378886,405051,109892,788704,,-84456,626754,thousands,ok,,"{""sfp"": [31, 30, 32], ""pl"": [32, 31, 33], ""cfs"": [34, 33, 35]}"
ICL,2020,9140556,5086752,4053804,2968161,2507780.0,8856601.0,,,,,,,,,thousands,ok,,"{""sfp"": [21, 20, 22], ""pl"": [21, 20, 22], ""cfs"": [22, 21, 23]}"
ICL,2021,10546625,5672231,4874394,4041724,3875442,11123793.0,-9238284,1885509,656767,338635,1121263,,-249817,836554,thousands,ok,,"{""sfp"": [41, 40, 42, 103, 134, 135, 137, 148, 149, 153, 156], ""pl"": [42, 41, 43, 104], ""cfs"": [44, 43, 45, 106]}"
ICL,2022,12865061.0,,,5706353.0,5774596.0,15681372.0,-13616595,2064777,414539,194542.0,,,-102995,228053,thousands,ok,,"{""sfp"": [38, 37, 39, 131], ""pl"": [39, 38, 40, 133], ""cfs"": [41, 40, 42, 146]}"
ICL,2023,14690990,7987223,6703767,6827563,6214666.0,24268283,-19274504,4993779,1826196,923733.0,,,-298296,2893045,thousands,review,L5,"{""sfp"": [40, 39, 41, 91], ""pl"": [41, 40, 42, 101], ""cfs"": [43, 42, 44, 102]}"
ICL,2024,17266635,7979037,9287598,7777655,6569718,24314588,-19503215,4811373,1385752,287556,2274309,,-323080,-122108,thousands,review,L5,"{""sfp"": [43, 42, 44, 137], ""pl"": [44, 43, 45], ""cfs"": [46, 45, 47]}"
ICL,2025,,,,,8547522.0,,,4991084.0,,,,,,,thousands,ok,,"{""sfp"": [23, 22, 24, 67], ""pl"": [23, 22, 24, 67], ""cfs"": [24, 23, 25, 67]}"
IDRT,2017,3127972369,,,1612516946,1344126371.0,2215268509.0,-1984882334.0,230386175.0,,16073688,683468913,,,,thousands,ok,,"{""sfp"": [12, 11, 13], ""pl"": [], ""cfs"": []}"
IDRT,2019,4073832570,2418960082,1654872489,2316076406,1946388918,3471595641.0,-3076553332.0,395042309.0,32313509.0,21322858,1182882722,,,,thousands,ok,,"{""sfp"": [20, 19, 21], ""pl"": [], ""cfs"": []}"
IDRT,2020,4291324470,2693835681,1597488789,2601962163,2279862073,3239256236.0,-2956416446.0,282839790.0,,18400305,1538057914,,,,thousands,ok,,"{""sfp"": [20, 19, 21], ""pl"": [], ""cfs"": []}"
IDRT,2021,4230139658,2143526115,2086613543,2181204721,1656652991,4002482731.0,-3468653953.0,533828778.0,,8370748.0,1090119992.0,,,,thousands,ok,,"{""sfp"": [21, 20, 22], ""pl"": [], ""cfs"": []}"
IDRT,2022,4869042301,2351709586,2517332715,2531663748,1801638338.0,,-4367630755.0,798540399.0,432006855.0,5875276.0,1207120704.0,,,,thousands,ok,,"{""sfp"": [21, 20, 22, 75], ""pl"": [], ""cfs"": []}"
IDRT,2024,7038893961,4535187131,2503706830,3657980276,3784013088,,-5831174287.0,618586248.0,-194388916.0,8607548,1928979120,,,,thousands,ok,,"{""sfp"": [24, 23, 25, 99], ""pl"": [], ""cfs"": []}"
IDYM,2016,16782496,7364461,9418035,6599848,5886128,18103777,-16974823,1128954,91871,583745,3599444,,,662621,thousands,review,L5;L5,"{""sfp"": [20, 61], ""pl"": [21, 62], ""cfs"": [23, 64]}"
IDYM,2017,17229879,7306347,11966431,7256217,5904420,19757064,-18033370,1723694,685835,,4203973,,-200084,1063624,thousands,review,L1;L5;L5,"{""sfp"": [21, 67, 108, 110, 113], ""pl"": [22, 68], ""cfs"": [24, 70]}"
IDYM,2018,,,,,,30630286.0,-27616835.0,3013451.0,1781697.0,,,,-230204,-308896,thousands,ok,,"{""sfp"": [28, 106, 140], ""pl"": [107], ""cfs"": [32, 108]}"
IDYM,2019,,,15544391,,,24926286,-22224455,2701831,1724254,,,,-288515,735569,thousands,ok,,"{""sfp"": [28, 101, 127, 128, 129, 130], ""pl"": [29, 28, 30, 102], ""cfs"": [32, 31, 33, 103]}"
IDYM,2020,4911477.0,1534742.0,15860370,3091115.0,525427.0,,,,,524957,,,-796165,1894196,thousands,review,L1,"{""sfp"": [28, 79, 123, 124, 125], ""pl"": [81], ""cfs"": [32, 97]}"
IDYM,2022,38358374.0,,,22026240.0,9606258.0,49461116,-39100655,10360461,7687322,309882.0,11159676.0,,-270732,3627684,thousands,ok,,"{""sfp"": [28, 27, 29, 110], ""pl"": [29, 28, 30, 93], ""cfs"": [31, 30, 32, 94]}"
IDYM,2023,45461504.0,,,26274353.0,14751150.0,49318539,-45639211,3679328,707952,287564.0,14180099.0,,-93168,,thousands,ok,,"{""sfp"": [30, 29, 31, 94], ""pl"": [31, 30, 32, 95], ""cfs"": [33, 32, 34, 98]}"
IDYM,2024,43860421,20011245,23849176,24221402,13934891,,,,,184874.0,11164028.0,,-16626,4122706,thousands,ok,,"{""sfp"": [28, 27, 29, 95], ""pl"": [], ""cfs"": [31, 30, 32]}"
IDYM,2025,49159864,24845329,24314535,29454212,19701137,66236197,-62625354,3610843,475330,87183,13040698,,,-3890487,thousands,ok,,"{""sfp"": [28, 27, 29], ""pl"": [29, 28, 30], ""cfs"": [32, 31, 33]}"
IGIHL,2018,15186697,1880892,13305805,304040,980892,,,,,,,,-1841472,-141518,thousands,ok,,"{""sfp"": [54, 53, 55], ""pl"": [55, 54, 56], ""cfs"": [58, 57, 59]}"
IGIHL,2019,,2317764.0,13774006.0,600104.0,1717764.0,,,,896729.0,,,,-432176,-63563,thousands,ok,,"{""sfp"": [24, 23, 25], ""pl"": [24, 23, 25], ""cfs"": [26, 25, 27]}"
IGIHL,2020,16327633,2036000,14291633,456583,1736000.0,,,,,,,,-427607,-42724,thousands,ok,,"{""sfp"": [55, 54, 56], ""pl"": [], ""cfs"": [59, 58, 60]}"
IGIHL,2021,16274543.0,1892934.0,14381609.0,864426.0,1892934.0,,,,1090176.0,,,,-1001263,-84994,thousands,ok,,"{""sfp"": [28, 27, 29, 48], ""pl"": [28, 27, 29, 48, 49], ""cfs"": [30, 29, 31, 50]}"
IGIHL,2022,,1530219.0,14511595.0,,1830219.0,,,,911792,,,,-780638,18748,thousands,ok,,"{""sfp"": [27, 26, 28, 49], ""pl"": [27, 26, 28, 49, 50], ""cfs"": [29, 28, 30, 73]}"
IGIHL,2023,16179259,888211,15291048,335593,888211,1597019,,,1317609.0,,,,-603584,-263758,thousands,ok,,"{""sfp"": [31, 30, 32, 76], ""pl"": [31, 30, 32, 76, 79], ""cfs"": [33, 32, 34, 101]}"
IGIHL,2024,16125857,314204,15811653,314058,314204,,,,1351826,52527,,,-851548,-182608,thousands,review,L5,"{""sfp"": [28, 27, 29, 59], ""pl"": [28, 27, 29, 59], ""cfs"": [30, 29, 31, 69]}"
IGIHL,2025,18856461.0,2136187.0,,,2136187.0,,,,,,,,-928232,-189074,thousands,ok,,"{""sfp"": [35, 34, 36, 79], ""pl"": [35, 34, 36, 80], ""cfs"": [37, 36, 38]}"
IGIL,2013,874228.0,,,,,,,,73852,,,,,,thousands,ok,,"{""sfp"": [31, 32], ""pl"": [35], ""cfs"": [35, 34, 36]}"
IGIL,2014,836402.0,11037084,825502,,,,,,55352,,,,,,thousands,review,L1;L5,"{""sfp"": [51, 50, 52], ""pl"": [53, 52, 54], ""cfs"": [56, 55, 57]}"
IGIL,2015,946531.0,56630.0,,,,,,,76599,,,,,,thousands,ok,,"{""sfp"": [48, 49], ""pl"": [49, 48, 50], ""cfs"": [52, 51, 53]}"
IGIL,2016,956249.0,97458.0,,,,,,,94890,,,,-49980,-848250,thousands,ok,,"{""sfp"": [53, 52, 54], ""pl"": [55, 54, 56], ""cfs"": [58, 57, 59]}"
IGIL,2017,19999844,102849.0,,17502187,,,,,67906,745957,,,,,thousands,review,L5,"{""sfp"": [69, 70], ""pl"": [70, 69, 71], ""cfs"": [73, 72, 74]}"
IGIL,2018,18650377,17296523,1353854,,,,,,,768762,,,-59212,-1990349,thousands,ok,,"{""sfp"": [73], ""pl"": [74], ""cfs"": [76, 75, 77]}"
IGIL,2019,,,,,,,,,,,,,,-1607511,thousands,ok,,"{""sfp"": [33, 42, 63], ""pl"": [38, 37, 39], ""cfs"": [35, 53]}"
IGIL,2020,,,,,,,,,,1464863,,,,,thousands,ok,,"{""sfp"": [35, 50], ""pl"": [35, 53], ""cfs"": [35, 34, 36]}"
IGIL,2021,,,,,,,,,,,,,,-887032,thousands,ok,,"{""sfp"": [34, 69], ""pl"": [34, 69], ""cfs"": [36, 35, 37, 69]}"
IGIL,2022,,,,,,,,,,98014,,,,-2112544,thousands,ok,,"{""sfp"": [33, 64, 66, 68, 71], ""pl"": [33, 64], ""cfs"": [35, 34, 36, 71]}"
ILP,2019,,,,,56481628.0,37478321,-25523607,11954714,5194767,,,,-1434588,,thousands,ok,,"{""sfp"": [58, 57, 59, 112], ""pl"": [59, 58, 60], ""cfs"": [62, 61, 63, 116]}"
ILP,2020,45367329,28087637,17279692,20445736,17983667,36302794,-28439076,7863718,1796403,150787,8810625,,-2526526,2602454,thousands,ok,,"{""sfp"": [145, 144, 146, 253], ""pl"": [146, 145, 147], ""cfs"": [103]}"
ILP,2021,60694839.0,,,34087036.0,27997279.0,54962265,-40749985,14212280,6291571,374442.0,,,,,thousands,ok,,"{""sfp"": [95, 94, 96], ""pl"": [96, 95, 97], ""cfs"": []}"
ILP,2022,96315530,66375260,29940270,61091110,46836517,90894049,-64827880,26066169,12359496,117119,23142048,,,,thousands,ok,,"{""sfp"": [44, 43, 45], ""pl"": [44], ""cfs"": []}"
ILP,2023,125244720.0,,,,58127352.0,,,,,1544502.0,,,,,thousands,ok,,"{""sfp"": [45, 44, 46], ""pl"": [45, 44, 46], ""cfs"": []}"
ILP,2024,151674177,98141702,53532475,81070712.0,70969576.0,156128865,-112584682,43544183,15771267,370386.0,,,,,thousands,ok,,"{""sfp"": [89, 88, 90], ""pl"": [90, 89, 91], ""cfs"": []}"
ILP,2025,176726656.0,,,92176874.0,78419359.0,173381533,-138210447,35171086,5376599,357519.0,,,,,thousands,ok,,"{""sfp"": [91, 90, 92, 157], ""pl"": [92, 91, 93], ""cfs"": []}"
ILTM,2013,2099099822,,,984269947,261329495.0,2218984081.0,-1725208183.0,493775898.0,367361533.0,85227420,350373840,,,,thousands,ok,,"{""sfp"": [24, 23, 25], ""pl"": [], ""cfs"": []}"
ILTM,2014,2149190909.0,,,947146488.0,298810082.0,1948956467.0,-1686061795.0,262894672.0,102402999.0,64323167.0,563587871.0,,,,thousands,ok,,"{""sfp"": [23, 22, 24], ""pl"": [], ""cfs"": []}"
ILTM,2015,5890970791,4160242645,1730728146,1828801494,1382871895,1998352510.0,-1892072341.0,106280169.0,,152327102,1198741874,,,,thousands,ok,,"{""sfp"": [26, 25, 27], ""pl"": [], ""cfs"": []}"
ILTM,2016,7454367156,5043174192,2411192964,3015471123,2665436740,6303217062.0,-5386092785.0,917124277.0,460073431.0,18425,1831840804.0,,,,thousands,review,L5,"{""sfp"": [33, 32, 34], ""pl"": [], ""cfs"": []}"
ILTM,2018,7454367156.0,,,3015471123.0,2665436740.0,6303217062.0,-5386092785.0,917124277.0,460073431.0,18425466.0,1831840804.0,,,,thousands,ok,,"{""sfp"": [33, 32, 34], ""pl"": [], ""cfs"": []}"
ILTM,2019,9890138575.0,,,3652396754.0,3534532092.0,,-6545638425.0,1011605048.0,184729150.0,21118860.0,2229104660.0,,,,thousands,ok,,"{""sfp"": [87, 86, 88], ""pl"": [], ""cfs"": []}"
ILTM,2020,8509128727.0,,,3097579962.0,3029599304.0,,-6056331751.0,,,84140255.0,2013961470.0,,,,thousands,ok,,"{""sfp"": [83, 82, 84], ""pl"": [], ""cfs"": []}"
IMAGE,2021,2070759234,,,1213197401,555352151.0,1001848809.0,559804885.0,442043924.0,115099318.0,11486922,834709097,,,,thousands,review,L5,"{""sfp"": [28, 27, 29], ""pl"": [], ""cfs"": []}"
IMAGE,2022,,,,,,,35365872.0,,,,,,,,thousands,ok,,"{""sfp"": [], ""pl"": [], ""cfs"": []}"
IMAGE,2023,3453575632,1056288808,2562590200,2007637252,721722330,2064482506.0,1216350926.0,848131580.0,207801429.0,16370832,1612961279,,,,thousands,review,L1;L5;L5,"{""sfp"": [44, 43, 45, 85], ""pl"": [], ""cfs"": []}"
IMAGE,2025,,,,7127463347.0,1451239148.0,3647663966.0,,,511493281.0,89889620.0,,,,,thousands,ok,,"{""sfp"": [31, 30, 32], ""pl"": [31], ""cfs"": []}"
IML,2020,,,,,,,,367897,163775,,,,,152105,thousands,ok,,"{""sfp"": [15], ""pl"": [16], ""cfs"": [18, 17, 19]}"
IML,2021,12463255,2393522,10069733,3402344,559563,,,233129,74430,2779923,,,,126265,thousands,ok,,"{""sfp"": [15], ""pl"": [16], ""cfs"": [18, 17, 19]}"
IML,2022,12549914,2403106,10146808,,,,,207063,73430,,,,,,thousands,ok,,"{""sfp"": [15], ""pl"": [16], ""cfs"": [18, 17, 19]}"
IML,2023,12681925,2421046,10260879,3297608,582170,,,358064,114071,1132361,864564,,,,thousands,ok,,"{""sfp"": [19], ""pl"": [20], ""cfs"": [22, 21, 23]}"
IML,2024,12785747,2446638,10339109,2980253,594621,381530,,381530,78960,195019,904493,,,,thousands,review,L5;L5,"{""sfp"": [19], ""pl"": [20], ""cfs"": [22]}"
IML,2025,12772502,2389173,10383330,3016727,469767,319892,,319892,26663,191829,778098,,,194361,thousands,review,L5,"{""sfp"": [22, 21, 23], ""pl"": [23, 22, 24], ""cfs"": [26, 25, 27]}"
IMSL,2016,16168901,14828953,1339948,,,344713,-326964,17749,-302269,,,,,,thousands,ok,,"{""sfp"": [14, 13, 15], ""pl"": [16, 15, 17], ""cfs"": [17, 16, 18]}"
IMSL,2018,12506139,2831747,9674392,3739392,1002122,,,,-562502,,,,,-64206,thousands,ok,,"{""sfp"": [27], ""pl"": [28], ""cfs"": [30, 29, 31]}"
IMSL,2019,12304455,12304455,9829285,3546560,643965,,,,154893,2963905,,,,-261150,thousands,review,L1,"{""sfp"": [15], ""pl"": [16], ""cfs"": [18, 17, 19]}"
INDU,2013,25105392,7412684,17692708,22187601,7412684,63829075,57972038,5857037,3357545,4195302,7883309,,-2645871,148658,thousands,ok,,"{""sfp"": [67, 66, 68], ""pl"": [68, 67, 69], ""cfs"": [70, 69, 71]}"
INDU,2014,26110635,6194983,19915652,20038312,5976034,57063622,51270040,5793582,,6857084.0,,,,,thousands,review,L5,"{""sfp"": [36, 35, 37], ""pl"": [36, 35, 37], ""cfs"": [37, 36, 38]}"
INDU,2015,50399449,26363929,24035520,40225150,26363929,96516322,82272092,14244230,9110251,24865388,6150448,,-4889130,,thousands,review,L5,"{""sfp"": [41, 40, 42], ""pl"": [41, 40, 42], ""cfs"": [42, 41, 43]}"
INDU,2016,57536994,29907385,27629609,47380549,29907385,108758668,91027369,17731299,11454940,2737569,7785245,,-7894662,11412770,thousands,ok,,"{""sfp"": [63, 62, 64], ""pl"": [64, 63, 65], ""cfs"": [66, 65, 67]}"
INDU,2017,63879723,32682761,31196962,57441499,32678828,112271656,92449955,19821701,13001265,3221120,9317883,,-9391010,12610888,thousands,ok,,"{""sfp"": [71, 70, 72], ""pl"": [72, 71, 73], ""cfs"": [74, 73, 75]}"
INDU,2018,81927064.0,,,74543128.0,45160011.0,140207524,-115830771,24376753,15771860,2200772.0,11150736.0,,-10142419,22128829,thousands,ok,,"{""sfp"": [105, 104, 106], ""pl"": [106, 105, 107], ""cfs"": [108, 107, 109]}"
INDU,2019,64783062.0,,,50857994.0,24178833.0,,,,40045309.0,,,,,,thousands,ok,,"{""sfp"": [42, 41, 43], ""pl"": [42], ""cfs"": []}"
INDU,2020,80278564,39109173,41169391,63617222,38626048,,,,41169391.0,,15932791.0,,,,thousands,ok,,"{""sfp"": [50, 49, 51], ""pl"": [50, 49, 51], ""cfs"": [51, 50, 52]}"
INDU,2021,133905816,85704351,48201465,114711565,84958918,179161727,-162508017,16653710,12828592,2039797.0,22288961.0,,-5843096,47821129,thousands,ok,,"{""sfp"": [103, 102, 104], ""pl"": [104, 103, 105], ""cfs"": [106, 105, 107]}"
INDU,2022,213965354.0,,,190131590.0,159677137.0,275505778,-257101297,18404481,15801848,6793784.0,26454435.0,,-8886025,68234433,thousands,ok,,"{""sfp"": [114, 113, 115], ""pl"": [115, 114, 116], ""cfs"": [117, 116, 118]}"
INDU,2024,,,,116891587.0,78380394.0,,,19382302.0,15072426,7240410.0,,,-11169936,,thousands,ok,,"{""sfp"": [96, 95, 97], ""pl"": [96, 95, 97], ""cfs"": [97, 96, 98]}"
INDU,2025,184774378.0,107821740.0,,161238126.0,107641026.0,215136582,-183941195,31195387,23009659,5397774.0,21766847.0,,-13109327,41237421,thousands,ok,,"{""sfp"": [273, 272, 274], ""pl"": [274, 273, 275], ""cfs"": [276, 275, 277]}"
INIL,2013,14565853,8583394,4377505,8500041,7865758,17729744.0,-15665121.0,2064623.0,558143,,5415270,,-358839,1206557,thousands,review,L1;L5,"{""sfp"": [51, 50, 52, 99], ""pl"": [52, 51, 53, 100], ""cfs"": [54, 53, 55, 102]}"
INIL,2014,16246569,10242421,4422512,10133460,9674411,16341306,-14239770,2101536,502840,72261,6671260,,-416950,1545552,thousands,review,L1,"{""sfp"": [63, 62, 64, 111, 118, 119, 127, 132, 146, 147, 150, 151, 153, 154, 157], ""pl"": [64, 63, 65, 113], ""cfs"": [66, 65, 67]}"
INIL,2015,13137803,6794550,4782168,6752030,6336599,17673799,15795133,1878666,730540,24673,3653153,,-418441,2255214,thousands,review,L1;L5,"{""sfp"": [63, 62, 64, 113], ""pl"": [64, 63, 65, 114, 115], ""cfs"": [66, 65, 67, 116]}"
INIL,2016,13976681,6670177,5202495,6323377,5338027,14820526,-12360,2460065.0,786016,15822,4058092,,-416978,1843233,thousands,review,L1;L1;L5;L5,"{""sfp"": [62, 61, 63, 114], ""pl"": [63, 62, 64, 115], ""cfs"": [65, 64, 66, 117]}"
INIL,2017,18516278,10657457,5841437,10618504,9163781,16706963,-13866593,2840370,1842411,,8164856,,-1012606,-2102443,thousands,review,L1;L5,"{""sfp"": [111, 110, 112, 163], ""pl"": [112, 111, 113, 164], ""cfs"": [114, 113, 115, 165]}"
INIL,2018,22465050,13570667,,13634149.0,11270253.0,25001283.0,-21696355.0,3304928.0,1581739,261865.0,9004552.0,,-704798,-1404048,thousands,review,L5,"{""sfp"": [114, 113, 115, 163], ""pl"": [115, 114, 116, 180, 181, 182], ""cfs"": [117, 116, 118]}"
INIL,2019,25327171,15378227,9948944,14882540,13222097.0,,,,,250700.0,10857730.0,,,,thousands,review,L5,"{""sfp"": [64, 63, 65], ""pl"": [64, 63, 65], ""cfs"": [65, 64, 66]}"
INIL,2020,23139516,14193987,8945529,12757660,12222545,18964215,-17592908,1371307,-694205,299469.0,8405807.0,,-359049,267930,thousands,ok,,"{""sfp"": [133, 132, 134], ""pl"": [134, 133, 135], ""cfs"": [136, 135, 137]}"
INIL,2021,28791460.0,17292937.0,,17657398.0,14877422.0,28940096,-24966647,3973449,2314562,73489.0,11923524.0,,-467180,-2084477,thousands,ok,,"{""sfp"": [141, 140, 142, 213], ""pl"": [142, 141, 143, 214, 237, 276], ""cfs"": [145, 144, 146, 131, 215]}"
INIL,2022,36295563,21701348,14594215,22934821,19834706,37857863,-33189267,4668596,2155668,113580,13577794,,-1116889,-2347123,thousands,ok,,"{""sfp"": [185, 184, 186, 313], ""pl"": [186, 185, 187], ""cfs"": [174]}"
INIL,2023,33956327,18707057,15249270,20645465,14420271,26786770,-23364930,3421840,2272936,212471.0,14105808.0,,-1510488,3358626,thousands,ok,,"{""sfp"": [189, 188, 190, 275], ""pl"": [190, 189, 191], ""cfs"": [180]}"
INIL,2024,31637654,13209980,18427674,15977235,9829922,29203140,-25364362,3838778,1473131.0,384717,9897354,,-532402,3153865,thousands,ok,,"{""sfp"": [277, 276, 278, 367, 375, 382, 384, 385, 387, 406, 407, 413], ""pl"": [278, 277, 279, 374, 375], ""cfs"": [281, 280, 282, 270, 407, 413]}"
ISIL,2014,11599051153,8345916890,3253134263,6388076145,5541403487,12532761732.0,-8640706279.0,2136261336.0,502264678.0,23598944,4998983520,,,,thousands,review,L1,"{""sfp"": [14, 13, 15], ""pl"": [], ""cfs"": []}"
ISIL,2016,20603574770,14604689915,5998884855,8296453144,8407435652,20004048.0,,109455538.0,1001866892.0,60140043,5749920212,,,,thousands,review,L2.5;L5;L5;L5;L5,"{""sfp"": [51, 50, 52], ""pl"": [], ""cfs"": []}"
ISIL,2018,23072448670,15852417358,7220031312,8518022880,8385035686,23906218023.0,-18544995038.0,5361222985.0,1412191491.0,51160091,4969540620,,,,thousands,review,L2.5;L2.5,"{""sfp"": [69, 68, 70, 125], ""pl"": [], ""cfs"": []}"
ISIL,2019,26964495534,19590248874,7374246660,10863987406,10766730877,37011160866.0,-23736870313.0,6354018139.0,966597842.0,32394264,5111616128,,,,thousands,review,L1;L2.5;L2.5;L2.5,"{""sfp"": [67, 66, 68, 133], ""pl"": [], ""cfs"": []}"
ISIL,2020,37507934862,27608150265,9899784597,12565528049,11933946317,40806855687.0,-26340648564.0,6877624346.0,931965168.0,51195200,6251658329,,,,thousands,review,L1,"{""sfp"": [73, 72, 74], ""pl"": [], ""cfs"": []}"
ISIL,2023,73055597734,55339862477,17715733257,35437630507,29673447476,99733046867.0,-70473695459.0,,,1530218047,15884922017,,,,thousands,review,L2.5;L2.5,"{""sfp"": [124, 123, 125, 178], ""pl"": [], ""cfs"": []}"
ISIL,2024,90916664206,66707777876,24208886330,48694560998,43512772882,121489862489.0,-84865313506.0,24021710884.0,6132049527.0,811363761,12639532702,,,,thousands,review,L1,"{""sfp"": [150, 149, 151, 206], ""pl"": [], ""cfs"": []}"
ISL,2013,,,,4850461.0,6083206.0,17602670,-15999250,1603420,363464,13694.0,2616040.0,,,,thousands,ok,,"{""sfp"": [37, 36, 38], ""pl"": [38, 37, 39], ""cfs"": [40, 39, 41]}"
ISL,2015,19074775.0,,,6742081.0,7412137.0,17938077,-16452775,1485302,201780,37731.0,4437944.0,,-434609,1498302,thousands,ok,,"{""sfp"": [53, 52, 54], ""pl"": [54, 53, 55], ""cfs"": [56, 55, 57]}"
ISL,2016,20984128.0,,,8364006.0,8961285.0,20499054,-17585833,2913221,1178964,37615.0,5314131.0,,,2871600,thousands,ok,,"{""sfp"": [58, 57, 59], ""pl"": [59, 58, 60], ""cfs"": [61, 60, 62]}"
ISL,2017,26371095,17816848,8554247,12727641,12715577,33732622.0,-27826505.0,5906117.0,3044022,53228,9537846,,,,thousands,review,L2.5,"{""sfp"": [89, 88, 90], ""pl"": [91], ""cfs"": []}"
ISL,2018,35592589.0,23767581.0,,17327314.0,15286462.0,47620719,-40047664,7573055,4364958,99822.0,14132742.0,,-1350865,293548,thousands,ok,,"{""sfp"": [84, 83, 85], ""pl"": [85, 84, 86], ""cfs"": [87, 86, 88]}"
ISL,2019,39762042.0,26883772.0,,19896904.0,17981313.0,55961879,-40612837,6449052.0,2664373,402912.0,14647959.0,,1252076,1706309,thousands,review,L1;L5;L5,"{""sfp"": [112, 111, 113], ""pl"": [113, 112, 114], ""cfs"": [115, 114, 116]}"
ISL,2020,42861212.0,30135397.0,,22172184.0,23558056.0,48081937,-43869080,4212857,494851,106196.0,15132206.0,,-652905,1968216,thousands,ok,,"{""sfp"": [107, 106, 108], ""pl"": [108, 107, 109], ""cfs"": [110, 109, 111, 100]}"
ISL,2021,41719543.0,22831903.0,,23560045.0,16357142.0,69796240,-56304367,13491877,7466331,292511.0,17081369.0,,-1304635,8043275,thousands,ok,,"{""sfp"": [130, 129, 131], ""pl"": [131, 130, 132], ""cfs"": [134, 133, 135, 123]}"
ISL,2022,55905056,34308967,21596089,34914760,29213103,91423698,-79042389.0,12381309.0,5412190,896462,30196653,10301,-3913497,-3453241,thousands,ok,,"{""sfp"": [125, 124, 126], ""pl"": [126, 125, 127], ""cfs"": [129, 128, 130, 118]}"
ISL,2023,42391582.0,20707702.0,,21733505.0,17406612.0,76753334,-66145658,10607676,3518790,1765136.0,17261712.0,,-3262777,22361723,thousands,ok,,"{""sfp"": [129, 128, 130], ""pl"": [130, 129, 131], ""cfs"": [133, 132, 134, 122]}"
ISL,2024,44689780,21492350,23197430,24240532,18733013,69299633,-60726441,8573192,3654814,2708102.0,18259002.0,,-2177515,4978716,thousands,review,L5,"{""sfp"": [132, 131, 133], ""pl"": [133, 132, 134], ""cfs"": [136, 135, 137, 125]}"
ISL,2025,50067519,24956897,25110622,28461498,22314184,,,,,3436737,21803321,,,,thousands,review,L5;L5,"{""sfp"": [132, 131, 133], ""pl"": [], ""cfs"": []}"
ITTEFAQ,2022,9520110808,,,7532243474,4240085087.0,11225260621.0,10716240783.0,509019838.0,234051010.0,816768215,3354382051,,,,thousands,ok,,"{""sfp"": [57, 56, 58], ""pl"": [], ""cfs"": []}"
ITTEFAQ,2024,,,,,,2271682864.0,2906905654.0,,,,,,,,thousands,ok,,"{""sfp"": [], ""pl"": [], ""cfs"": []}"
JDMT,2013,3346165,1163447,2182718,913681,823469,2714679,2247284,467395,234581,13420,688101,,,,thousands,ok,,"{""sfp"": [21, 20, 22], ""pl"": [22, 21, 23], ""cfs"": [23, 22, 24]}"
JDMT,2014,3576849,1266764,2310085,1068227,867418,2983385,2554361,429024,180597,67082,771782,,,,thousands,ok,,"{""sfp"": [20, 19, 21], ""pl"": [21, 20, 22], ""cfs"": [22, 21, 23]}"
JDMT,2015,3487615.0,1177869.0,,1030104.0,817318.0,2542780,2344655,198125,16271,84723.0,658518.0,,,,thousands,ok,,"{""sfp"": [20, 19, 21], ""pl"": [21, 20, 22], ""cfs"": [22, 21, 23]}"
JDMT,2017,4650061.0,1516995.0,,1285455.0,1120964.0,2515643,2398262,117381,,16999.0,896961.0,,,,thousands,ok,,"{""sfp"": [25, 24, 26], ""pl"": [26, 25, 27], ""cfs"": [27, 26, 28]}"
JDMT,2018,5087678,1768113,3319565,1542192,1506888,2782025.0,2623993,158032,-74398,12170,1187384,,,,thousands,ok,,"{""sfp"": [36, 35, 37], ""pl"": [37, 36, 38], ""cfs"": [38, 37, 39]}"
JDMT,2019,4682062,1435309,3246753,1244097,1204244,3379664.0,3114893,264771,,,1000589,,,,thousands,review,L5,"{""sfp"": [35, 34, 36], ""pl"": [36, 35, 37], ""cfs"": [38, 37, 39]}"
JDMT,2024,8873741,2837707,6036034,1590603.0,2355814.0,5884712.0,5909283,-24571,-467584,12372.0,1293722.0,,,659407,thousands,ok,,"{""sfp"": [45, 44, 46], ""pl"": [46, 45, 47], ""cfs"": [48, 47, 49]}"
JDMT,2025,7390160,2108941,5281219,425614,1423659,1523661.0,2009496,-485835,-754804,,125167,,,20545,thousands,review,L5,"{""sfp"": [50, 49, 51], ""pl"": [51, 50, 52], ""cfs"": [53, 52, 54]}"
JDWS,2013,23761721009,,,9040594367,8451030999.0,28516197070.0,-23981411434.0,3201870404.0,924522820.0,41354895,3324048252,,,,thousands,review,L1;L5,"{""sfp"": [29, 28, 30, 75], ""pl"": [], ""cfs"": []}"
JDWS,2014,33677801614,33677801164,5981280412,11387874452,16249486717,32327134470.0,-27306099295.0,3228765091.0,979705895.0,86806776,4383863382,,,,thousands,review,L1;L1;L5,"{""sfp"": [31, 30, 32, 89], ""pl"": [], ""cfs"": []}"
JDWS,2015,34959167519,,,11518593808,18167435429.0,34982616789.0,-27797895638.0,4865547336.0,1517250154.0,49555526,4860648469,,,,thousands,review,L1;L5;L5,"{""sfp"": [37, 36, 38, 97], ""pl"": [], ""cfs"": []}"
JDWS,2016,34146052998,,8320756094,11364654895,14008745620,40122718008.0,-30832943837.0,6454482154.0,2033931988.0,6596097,5035625241,,,,thousands,review,L1,"{""sfp"": [45, 44, 46, 109], ""pl"": [], ""cfs"": []}"
JDWS,2017,42245574052,42245574052,8428964323,17970880902,22023162212,50100348657.0,-40676688988.0,4893291980.0,1612567762.0,133757275,7939757487,,,,thousands,review,L1;L1,"{""sfp"": [45, 44, 46, 105], ""pl"": [], ""cfs"": []}"
JDWS,2018,57813502607,57813502607,8227486660,32617934756,38984691971,40251476355.0,-34148122116.0,3116384253.0,,105914449,19730034110,,,,thousands,review,L1;L1,"{""sfp"": [53, 52, 54, 125], ""pl"": [], ""cfs"": []}"
JDWS,2019,48260224877,48260224877,8772864476,23762939730,33576408072,54724042194.0,-43903667735.0,5216185433.0,,92042244,11505748375,,,,thousands,review,L1;L1,"{""sfp"": [51, 50, 52, 129], ""pl"": [], ""cfs"": []}"
JDWS,2020,41092882461,,,17222045757,18154482653.0,,-44867940832.0,7402474288.0,1398516646.0,128579174,3985441491,,,,thousands,ok,,"{""sfp"": [57, 56, 58, 147], ""pl"": [], ""cfs"": []}"
JDWS,2021,35545675867,35545675867,14447546469,11692910331,10731862898,,-46664715787.0,10135575775.0,4878296218.0,247319679,1880461902,,,,thousands,review,L1,"{""sfp"": [61, 60, 62, 155], ""pl"": [], ""cfs"": []}"
JDWS,2022,46495600063,46495600063,16905057127,23585907804,21235419908,,-49737503926.0,9150403925.0,3950557579.0,289694593,12145780400,,,,thousands,review,L1,"{""sfp"": [59, 58, 60, 155], ""pl"": [], ""cfs"": []}"
JDWS,2023,51900617813,,15991378867,27677318440,33618499073,,-62032103826.0,10311002070.0,2166094078.0,158591080,15822918641,,,,thousands,ok,,"{""sfp"": [59, 58, 60, 161], ""pl"": [], ""cfs"": []}"
JDWS,2024,70470021047,,,40873130823,33055772428.0,,-90899289582.0,25150575731.0,13009308731.0,684540559,21577807317,,,,thousands,ok,,"{""sfp"": [61, 60, 62, 169], ""pl"": [], ""cfs"": []}"
JDWS,2025,77893721369,,30650158541,32546254098,29451453338,,-98763617643.0,15968823973.0,6412738673.0,437509311,12625314658,,,,thousands,review,L5,"{""sfp"": [63, 62, 64, 175], ""pl"": [], ""cfs"": []}"
JGICL,2014,13538781.0,8115904,5422877,,,3644630,,,1079119,,,,,,thousands,ok,,"{""sfp"": [67, 66, 68], ""pl"": [69, 68, 70], ""cfs"": []}"
JGICL,2015,15187869,9251115,5906404,,,415080,,,1352650,,,,,,thousands,ok,,"{""sfp"": [104, 160], ""pl"": [106, 107, 162], ""cfs"": [108, 107, 109, 176]}"
JGICL,2016,,10727100,6599857,,,,,,1179431,,,,,,thousands,ok,,"{""sfp"": [119, 171, 173, 186, 196], ""pl"": [121, 122, 173], ""cfs"": [123, 122, 124, 173]}"
JGICL,2017,,,,,,,,,,,,,-538942,-373650,thousands,ok,,"{""sfp"": [], ""pl"": [22, 21, 23], ""cfs"": [64, 63, 65]}"
JGICL,2018,21313152,,,,,,,,,1669039,,,-705595,422174,thousands,ok,,"{""sfp"": [147, 213], ""pl"": [149], ""cfs"": [151, 150, 152]}"
JGICL,2019,22088924,,,,,,,,,1148951,,,-708857,417293,thousands,ok,,"{""sfp"": [151, 213], ""pl"": [153, 215], ""cfs"": [155, 154, 156, 217]}"
JGICL,2020,,,,,,,,,,,,,-531538,-87619,thousands,ok,,"{""sfp"": [], ""pl"": [], ""cfs"": [159, 158, 160]}"
JGICL,2021,,,,,,,,,,,,,-674041,773412,thousands,ok,,"{""sfp"": [], ""pl"": [], ""cfs"": [169, 168, 170, 231]}"
JGICL,2022,,,,,,,,,,,,,-772376,1281718,thousands,ok,,"{""sfp"": [], ""pl"": [], ""cfs"": [211, 210, 212, 272, 273]}"
JGICL,2023,37234539,,,,,7088147,4224740,,2995617,2656284,,,-771600,-13906,thousands,review,L5;L5,"{""sfp"": [209, 273], ""pl"": [211, 275, 276], ""cfs"": [213, 212, 214, 278, 279]}"
JGICL,2024,50368247,23054080,13260914,,,,,,3521818,2004494,,,-963763,-610641,thousands,review,L1,"{""sfp"": [207, 218, 219, 277, 305, 315], ""pl"": [209, 210, 279, 280], ""cfs"": [213, 212, 214, 282, 283]}"
JGICL,2025,65378379,,,,,,,,,2610687,,,-1105842,185237,thousands,ok,,"{""sfp"": [255, 325, 327], ""pl"": [257, 312], ""cfs"": [261, 260, 262, 330, 331]}"
JKSM,2013,5462892,2454645,2400047,2630237,1764128,8918973,-7476268,1442705,599355,59014,1592021,,,,thousands,review,L1;L2.5,"{""sfp"": [25, 24, 26], ""pl"": [27, 26, 28], ""cfs"": []}"
JKSM,2014,5669409,2370873,2733721,2864314,1772708,9734861,-8765635,969226,293262,27296,1652837,,,285417,thousands,review,L1,"{""sfp"": [25, 24, 26], ""pl"": [27, 26, 28], ""cfs"": [29, 28, 30]}"
JKSM,2015,5332253,2026574,2784091,2593535,1766472,8813412,-8022363,791049,70405,69625,1486168,,-60903,716386,thousands,review,L1,"{""sfp"": [25, 24, 26], ""pl"": [27, 26, 28], ""cfs"": [29, 28, 30]}"
JKSM,2016,5659795,2627697,2853464,2904699,2115632.0,8289147,-7638258,650889,75746,68237,1756108,,,-113065,thousands,review,L1,"{""sfp"": [25, 24, 26], ""pl"": [27, 26, 28], ""cfs"": [29, 28, 30]}"
JKSM,2017,6163736,2850614.0,3088491.0,3362246,2437548.0,9049707,-8292160,757547,82769,89044,1925999,,-30468,,thousands,review,L1,"{""sfp"": [30, 31], ""pl"": [31, 30, 32], ""cfs"": [33, 32, 34]}"
JKSM,2018,7593824,3979316,3614508,4023195,2878444,9901857,-8855192,1046665,337928,28035,2461185,,-36554,-17843,thousands,ok,,"{""sfp"": [33, 32, 34], ""pl"": [35, 34, 36], ""cfs"": [37, 36, 38]}"
JKSM,2019,9495493,,,5148004,3703011.0,13687117,-11772908,1914209,716350,73747,3746854,,-73002,396078,thousands,ok,,"{""sfp"": [36, 37], ""pl"": [37, 36, 38], ""cfs"": [39, 38, 40]}"
JKSM,2020,11251715,,,6672985,4458020.0,14827225,-12328596,2498629,1141972,91555,4805601,,-146090,37206,thousands,ok,,"{""sfp"": [36, 35, 37], ""pl"": [37, 36, 38], ""cfs"": [39, 38, 40]}"
JKSM,2021,13471058,,,7969380,4896913.0,17402936,-14070969,3331967,1811680,117680,5809836,,-73017,924958,thousands,ok,,"{""sfp"": [36, 35, 37], ""pl"": [37, 36, 38], ""cfs"": [39, 38, 40]}"
JKSM,2022,19217512,8344506.0,10873006.0,11993362,6597201.0,,-21171839.0,6160703.0,3661520,137357,6911108,,-153405,2680369,thousands,ok,,"{""sfp"": [40, 41], ""pl"": [42], ""cfs"": [44, 43, 45]}"
JKSM,2023,27513582,15025112.0,12488470.0,15750817,11601958.0,,-31342388.0,4786291.0,1820099,372236,8489011,,,,thousands,ok,,"{""sfp"": [40, 41], ""pl"": [42, 44], ""cfs"": [44, 43, 45]}"
JKSM,2024,30565011,17070030,13494981,19213952,14038696,41816395,-36174349,5642046,1006511,618656,10674019,,,-525747,thousands,ok,,"{""sfp"": [41, 40, 42], ""pl"": [43, 42, 44], ""cfs"": [46, 45, 47]}"
JKSM,2025,32008776,17965561.0,14043215.0,19923633,14644669.0,42837847.0,-38189290.0,4648557.0,513861,472879,11107260,,,1700635,thousands,ok,,"{""sfp"": [40, 41], ""pl"": [42], ""cfs"": [44, 43, 45]}"
JLICL,2013,34290600.0,,,,,176935,,,,,,,,,thousands,ok,,"{""sfp"": [], ""pl"": [30], ""cfs"": []}"
JLICL,2014,49613503.0,,,,,,,,,,,,,,thousands,ok,,"{""sfp"": [], ""pl"": [24], ""cfs"": []}"
JLICL,2015,69223934,,,2276111,3108006.0,,,,1621560,,,,-716321,,thousands,ok,,"{""sfp"": [46, 47, 48, 49, 50, 117, 118, 119], ""pl"": [51, 53], ""cfs"": [54, 55, 83]}"
JLICL,2016,102040961.0,,,,,,,,,,,,-969228,18136828,thousands,ok,,"{""sfp"": [24, 23, 25], ""pl"": [24, 23, 25], ""cfs"": [60, 59, 61]}"
JLICL,2017,120476493.0,,,,,,,,,,,,-1062247,22103906,thousands,ok,,"{""sfp"": [92, 93, 185, 186], ""pl"": [29, 28, 30], ""cfs"": [96, 126]}"
JLICL,2018,139626014,129284345,10341669,,,,,,,5673359,,,-1380492,22499257,thousands,ok,,"{""sfp"": [105, 106, 175, 176], ""pl"": [107], ""cfs"": [109, 108, 110]}"
JLICL,2019,173360523,161954962,11405561,,,,,,2224227,4094997,,,-1380813,13027353,thousands,ok,,"{""sfp"": [91, 149, 150], ""pl"": [92, 91, 93], ""cfs"": [94, 93, 95]}"
JLICL,2020,190422123,177549917,12872206,,,45207696,,,57137348,1332393,,,-1312718,6807490,thousands,ok,,"{""sfp"": [72, 71, 73, 193], ""pl"": [110, 109, 111, 194], ""cfs"": [112, 111, 113, 196]}"
JLICL,2021,190551924,177483292,13068632,,,,,,1793107,1050650,,,-1283421,-1322586,thousands,ok,,"{""sfp"": [111, 110, 112, 237], ""pl"": [152, 151, 153, 238], ""cfs"": [154, 153, 155, 240]}"
JLICL,2022,187852632,173911175,13941457,,,,,,2072051,4169423,,,-748954,-6226642,thousands,ok,,"{""sfp"": [168, 214, 226, 254], ""pl"": [169, 168, 170, 255], ""cfs"": [171, 170, 172, 257]}"
JLICL,2024,236764098.0,,17333983.0,,,46562970,,,100842716,,,,-1890886,-22149820,thousands,ok,,"{""sfp"": [149, 148, 150, 254, 255, 284], ""pl"": [194, 193, 195, 285], ""cfs"": [196, 195, 197, 299]}"
JLICL,2025,265767512,246934280,18833232,,,,,,2495503,1806377,,,-1462534,-10383855,thousands,ok,,"{""sfp"": [213, 265, 276, 305, 327], ""pl"": [214, 213, 215, 306, 307], ""cfs"": [216, 215, 217, 308]}"
JOPP,2017,216143.0,,,46279.0,177828.0,22924,-59469,-36545,-70503,,13788.0,,,,thousands,review,L2.5,"{""sfp"": [27, 26, 28, 70, 99, 119, 139], ""pl"": [28, 27, 29, 78, 101, 121], ""cfs"": [30, 29, 31, 81, 111, 130]}"
JOPP,2018,519734,329893,189841,32823,195348,,-24645,-18333,-48660,,,,,-20799,thousands,review,L5,"{""sfp"": [77, 76, 78, 115, 135, 155], ""pl"": [78, 77, 79, 116, 136, 156], ""cfs"": [80, 79, 81, 118, 138, 158]}"
JOPP,2019,494137.0,,,502727.0,329481.0,,-10504,,-35452,,,,,-12093,thousands,ok,,"{""sfp"": [27, 113], ""pl"": [27, 26, 28], ""cfs"": [29, 28, 30]}"
JOPP,2022,495568,363902,131666,27098,358972,86580,-59129,27451,33666,,,,,41741,thousands,ok,,"{""sfp"": [27, 26, 28], ""pl"": [28, 27, 29], ""cfs"": [30, 29, 31]}"
JOPP,2023,770720,383004,387716,27487,376606,,,,,,,,,,thousands,review,L5,"{""sfp"": [33, 32, 34], ""pl"": [34, 33, 35], ""cfs"": [36, 35, 37]}"
JSBL,2013,112770.0,,,,,,,,,,,,,,thousands,ok,,"{""sfp"": [], ""pl"": [], ""cfs"": []}"
JSBL,2014,53921.0,,,,,5625423,,,1060039,,,,,,thousands,ok,,"{""sfp"": [51, 131], ""pl"": [52, 132], ""cfs"": [55, 54, 56, 135]}"
JSBL,2015,220806686,,,,,,,,,11160169,,,,,thousands,ok,,"{""sfp"": [136, 209], ""pl"": [40, 41, 137, 138], ""cfs"": [43, 42, 44, 140]}"
JSBL,2018,456754.0,,,,,,,,,,,,,,thousands,ok,,"{""sfp"": [31, 94, 95], ""pl"": [32, 33], ""cfs"": [35, 34, 36]}"
JSBL,2020,532168.0,511576.0,20592.0,,,,,,,,,,,,thousands,ok,,"{""sfp"": [58, 149, 217, 230, 231, 232, 233, 239], ""pl"": [59, 150, 225], ""cfs"": [62, 61, 63, 153]}"
JSBL,2021,584289.0,562265.0,22024.0,,,,,,,,,,,,thousands,ok,,"{""sfp"": [62, 99, 117, 118, 126, 127, 151, 154, 215, 224, 225, 226, 227, 228], ""pl"": [63, 179, 109], ""cfs"": [66, 65, 67, 182]}"
JSBL,2022,616715.0,,,,,,,,,,,,,69948143,thousands,ok,,"{""sfp"": [256], ""pl"": [257], ""cfs"": [72, 71, 73, 260]}"
JSBL,2023,589432.0,,,,,,,,,,,,,,thousands,ok,,"{""sfp"": [164, 217, 225, 280], ""pl"": [165, 281], ""cfs"": [168, 167, 169, 284]}"
JSBL,2024,636107.0,,,,,,,,,,,,,,thousands,ok,,"{""sfp"": [60, 158], ""pl"": [61, 159], ""cfs"": [64, 63, 65, 162]}"
JSBL,2025,655636.0,,,,,,,,,,,,,,thousands,ok,,"{""sfp"": [60, 184], ""pl"": [61, 185], ""cfs"": [64, 63, 65, 188]}"
JSCL,2013,,,,2783813.0,170166.0,,,,,,,,,,thousands,ok,,"{""sfp"": [], ""pl"": [], ""cfs"": []}"
JSCL,2014,22920569,1456668,21463901,587851,562892,531083,,,188377,135281,,,,-53515,thousands,ok,,"{""sfp"": [38, 37, 39, 88], ""pl"": [39, 38, 40, 89], ""cfs"": [42, 41, 43, 92]}"
JSCL,2015,27021719,1719871,25301848,4684381,762782,,,,2830974,2000658.0,,,,175086,thousands,ok,,"{""sfp"": [42, 41, 43, 97], ""pl"": [43, 42, 44, 100], ""cfs"": [46, 45, 47]}"
JSCL,2016,32563342,2508812,30054530,5233188,692367,946225,,,622041,730182,,,,-1821657,thousands,ok,,"{""sfp"": [47, 46, 48, 95], ""pl"": [48, 47, 49, 96], ""cfs"": [51, 50, 52, 97]}"
JSCL,2017,31414651,3894243,27520408,4714043,1011922,1532838,,,365554,1427482.0,,,,-853940,thousands,ok,,"{""sfp"": [44, 43, 45, 93], ""pl"": [45, 44, 46, 94, 96], ""cfs"": [48, 47, 49]}"
JSCL,2018,28715405,4920894,23794511,3518954,1568149,1245647,,,206865,296059,,,,-1865392,thousands,ok,,"{""sfp"": [58, 57, 59, 108], ""pl"": [59, 58, 60, 109], ""cfs"": [62, 61, 63, 110]}"
JSCL,2019,,,,3601468.0,1547818.0,1220281,,,359810,232440.0,,,,,thousands,ok,,"{""sfp"": [58, 57, 59, 117], ""pl"": [59, 58, 60, 118, 120], ""cfs"": [62, 61, 63]}"
JSCL,2020,,,,7125664.0,996254.0,,,,1205007.0,179730.0,,,,,thousands,ok,,"{""sfp"": [62, 61, 63, 113], ""pl"": [], ""cfs"": []}"
JSCL,2021,,,,9311332.0,533134.0,1507123,,,786380,912159.0,,,,,thousands,ok,,"{""sfp"": [159, 158, 160], ""pl"": [160, 159, 161], ""cfs"": [163, 162, 164]}"
JSCL,2022,32473596.0,,,7245794.0,1426487.0,,,,345243,137607.0,,,,,thousands,ok,,"{""sfp"": [173, 172, 174, 241], ""pl"": [175, 243, 295], ""cfs"": [159]}"
JSCL,2023,32522037,1417313,31104724,3202067,671590,,,,290814,85573.0,,,-656634,1537022,thousands,review,L5,"{""sfp"": [197, 196, 198, 259], ""pl"": [198, 197, 199, 260, 261], ""cfs"": [201, 200, 202, 184, 263]}"
JSCL,2025,,,,,2986512.0,,,,,,,,,,thousands,ok,,"{""sfp"": [161, 168], ""pl"": [168, 161], ""cfs"": [169, 155]}"
JSGCL,2013,2924086.0,,,2723511.0,388232.0,,,,150196.0,,,,,,thousands,ok,,"{""sfp"": [35, 34, 36], ""pl"": [35, 34, 36], ""cfs"": []}"
JSGCL,2014,3427368.0,,,3211588.0,801107.0,,,,282566684,,,,,,thousands,ok,,"{""sfp"": [23, 22, 24], ""pl"": [24, 23, 25], ""cfs"": []}"
JSGCL,2017,3762454257,3762454257,2601416554,3479765861,3762454257,,,,85529703.0,1678529935,,,,,thousands,review,L1;L5,"{""sfp"": [48, 47, 49], ""pl"": [], ""cfs"": []}"
JSGCL,2018,4840046992,4840046992,2608400775,4314907431,2231646217,,,,25637137.0,1571601448,,,,,thousands,review,L1,"{""sfp"": [44, 43, 45], ""pl"": [], ""cfs"": []}"
JSGCL,2019,4091854504,,,3274942210,1630847672.0,,,,47248393.0,1203057736,,,,,thousands,ok,,"{""sfp"": [48, 47, 49], ""pl"": [], ""cfs"": []}"
JSGCL,2020,,5390730895,2446438622,,2888538170,,,,,,,,,798326889,thousands,review,L5,"{""sfp"": [91], ""pl"": [], ""cfs"": [83]}"
JSGCL,2021,,,,,,,,,410525620.0,,,,,,thousands,ok,,"{""sfp"": [], ""pl"": [], ""cfs"": []}"
JSGCL,2022,,,,318612604.0,4309361263.0,,,,76121264.0,,,,,,thousands,ok,,"{""sfp"": [], ""pl"": [], ""cfs"": []}"
JSGCL,2024,9283402373,6338158367,2945244006,8180571189,6071655284,,,,454555657.0,2919864737,,,,,thousands,ok,,"{""sfp"": [130, 129, 131], ""pl"": [], ""cfs"": []}"
JSGCL,2025,12005571221,8414493116,3591078105,10778493029,7866158643,,,,608567696.0,3225591380,,,,,thousands,review,L5;L5,"{""sfp"": [49, 48, 50], ""pl"": [], ""cfs"": []}"
JSIL,2018,2435726101,285049025,2150677076,1892394702,250414392,,,,41728150.0,23014578,,,,,thousands,ok,,"{""sfp"": [47, 46, 48, 99], ""pl"": [], ""cfs"": []}"
JSIL,2019,2915525765.0,278373770.0,,2186126018.0,451746974.0,,,,,12743292.0,,,,,thousands,ok,,"{""sfp"": [88, 150], ""pl"": [76], ""cfs"": []}"
JSIL,2020,2305289164,530302379,1774986785,1854113189,193269219,,,,,9433434,,,,,thousands,review,L5;L5;L5;L5;L5,"{""sfp"": [98, 154], ""pl"": [], ""cfs"": []}"
JSIL,2021,1984861318.0,480413662.0,,1631264918.0,245227987.0,,,,-300075584.0,26145280.0,,,,,thousands,ok,,"{""sfp"": [63, 62, 64], ""pl"": [], ""cfs"": []}"
JSIL,2024,3581216702,1469630628,2111586074,570784148,1314702403,,,,448923028.0,42309808,,,,,thousands,ok,,"{""sfp"": [66, 65, 67], ""pl"": [], ""cfs"": []}"
JSIL,2025,3360891945,766021936,2594870009,972920461,570449438,,,,483283935.0,12702667,,,,,thousands,review,L5;L5,"{""sfp"": [63, 62, 64], ""pl"": [], ""cfs"": []}"
JSML,2013,,,21027230.0,728596336.0,1022588899.0,1143758430.0,1485980606.0,,,4902422.0,,,,,thousands,ok,,"{""sfp"": [], ""pl"": [], ""cfs"": []}"
JSML,2014,,,1070541974.0,,,1379043093.0,1196613437.0,,,,,,,,thousands,ok,,"{""sfp"": [], ""pl"": [], ""cfs"": []}"
JSML,2019,,,,1084691.0,1080800.0,,,,,,,,,,thousands,ok,,"{""sfp"": [], ""pl"": [], ""cfs"": []}"
JSML,2025,,,,38301794.0,53657628.0,2767201.0,-2580644.0,186557.0,,,,,,455571399,thousands,ok,,"{""sfp"": [], ""pl"": [], ""cfs"": [71, 70, 72]}"
JUBS,2013,934718808,386344339,-39026333,307217333,273497099,394450854.0,-398825378.0,-4374524.0,-13480819.0,1144013,41079450,,,,thousands,review,L1,"{""sfp"": [15, 14, 16], ""pl"": [], ""cfs"": []}"
JUBS,2014,914168469,378088235,-71779648,270736856,252648149,332942054.0,,-28634170.0,-37910786.0,2340781,1249856,,,,thousands,review,L1;L5,"{""sfp"": [13, 12, 14], ""pl"": [], ""cfs"": []}"
JUBS,2018,797655887,149687695,647968192,133066368,23820112,37150238.0,-12936439.0,24213799.0,32863731.0,5269057,,,,,thousands,review,L5,"{""sfp"": [27, 26, 28], ""pl"": [], ""cfs"": []}"
JUBS,2019,818194593,,677189429.0,121416634,250495118.0,23682252.0,-9306829.0,14375423.0,28890800.0,5777264,801630,,,,thousands,review,L5,"{""sfp"": [30, 29, 31], ""pl"": [], ""cfs"": []}"
JUBS,2020,842773029,175329197,667443832,139341611,162977126,7335721.0,-6267807.0,1067914.0,,1605693,,,,,thousands,ok,,"{""sfp"": [42, 41, 43], ""pl"": [], ""cfs"": []}"
JUBS,2021,864219957,190909602,673310355,145026128,176409769,2861821.0,-3337746.0,-475925.0,,9926505,,,,,thousands,review,L5,"{""sfp"": [43, 42, 44], ""pl"": [], ""cfs"": []}"
JUBS,2022,915016715,191635773,723380942,139616052,177031604,4960168.0,-2882732.0,2077436.0,43985026.0,1701125,,,,,thousands,ok,,"{""sfp"": [44, 43, 45], ""pl"": [], ""cfs"": []}"
JUBS,2023,993788526,191497200,802291326,144755379,178549961,5337933.0,-3321540.0,2016393.0,71613926.0,5061052,,,,,thousands,ok,,"{""sfp"": [47, 46, 48], ""pl"": [], ""cfs"": []}"
JUBS,2024,1198215446,197654436,1005610010,153444452,184558475,,-7501044.0,3439016.0,,1243226,,,,,thousands,review,L5,"{""sfp"": [48, 47, 49], ""pl"": [], ""cfs"": []}"
JUBS,2025,1344871610,187691433,1157180177,168226719,174518946,12750792.0,-7393937.0,,,4123876,,577482,,,thousands,ok,,"{""sfp"": [48, 47, 49], ""pl"": [], ""cfs"": []}"
JVDC,2017,14443481,4214005,10229476,12414366,3009086,2467969,-595735,1872234,1095373,25402,,,,495578,thousands,ok,,"{""sfp"": [55, 54, 56], ""pl"": [56, 55, 57], ""cfs"": [58, 57, 59]}"
JVDC,2018,20840488,7005216,13835272,18984539,6114775,2479158,-1099368,1379790,703713,106428,,,-444856,-4160135,thousands,review,L2.5,"{""sfp"": [57, 56, 58], ""pl"": [58, 57, 59], ""cfs"": [60, 59, 61]}"
JVDC,2019,25283074,8000661,17284413,19858206.0,4402555.0,1899014,-772949,1126065,579880,56751.0,,,-187114,-1248892,thousands,ok,,"{""sfp"": [43, 42, 44], ""pl"": [44, 43, 45], ""cfs"": [47, 46, 48]}"
JVDC,2020,26154969,8631559,17523410,19624147,4985006,1643274,-708637,934637,236700,59908,,,,,thousands,ok,,"{""sfp"": [51, 50, 52, 99], ""pl"": [52, 51, 53, 100], ""cfs"": []}"
JVDC,2021,27998944,10146678,17852266,21119339,5190937,1047286,-264909,782377,331240,152696,,,,,thousands,ok,,"{""sfp"": [89, 88, 90, 157], ""pl"": [90, 89, 91, 158], ""cfs"": [93, 92, 94]}"
JVDC,2022,33260645,13905745,19354900,24089168,6268673,4342710,-1927437,2415273,1505145,1645816,,,,,thousands,ok,,"{""sfp"": [89, 88, 90, 155], ""pl"": [90, 89, 91, 156], ""cfs"": [93, 92, 94, 160]}"
JVDC,2023,42883146,16961467,25921679,29002931,10217432,16827214,-7793730,9033484,6741951,82314,,,-1521148,,thousands,review,L5,"{""sfp"": [85, 84, 86, 155], ""pl"": [86, 85, 87, 156], ""cfs"": [89, 88, 90, 159, 160]}"
JVDC,2024,40313731,14974495,25339236,22420870,10610269.0,4214923,-1707918,2507005,1703627,228031.0,,,-2281848,,thousands,ok,,"{""sfp"": [91, 90, 92, 163], ""pl"": [92, 91, 93, 164], ""cfs"": [95, 94, 96, 167, 168]}"
JVDC,2025,41347275,15965453,25381822,20357662,11395920,7361129,-5079020,2282109,1564934,46053,,,-1506088,4551399,thousands,ok,,"{""sfp"": [105, 104, 106, 176], ""pl"": [106, 105, 107, 177], ""cfs"": [109, 108, 110, 180]}"
KAPCO,2014,95352006,,,79357779,63427193.0,113206047,-101001998,12204049,7729844,3330435,4128021,,-6336946,-19395504,thousands,ok,,"{""sfp"": [20, 19, 21], ""pl"": [22, 21, 23], ""cfs"": [24, 23, 25]}"
KAPCO,2015,96262094,66533485,29728609,81368577,62473325,101480570,-86334572,15145998,9798709,675312,3539023,,-6579057,9974881,thousands,ok,,"{""sfp"": [19, 18, 20], ""pl"": [21, 20, 22], ""cfs"": [23, 22, 24]}"
KAPCO,2016,92209743,,,79453972,58312342.0,64178389,-50770461,13407928,9071051,597650,3134827,,-8041159,130989,thousands,ok,,"{""sfp"": [42, 41, 43], ""pl"": [44, 43, 45], ""cfs"": [46, 45, 47]}"
KAPCO,2017,116000581,,,104953096,81294665.0,81846981,-67666625,14180356,9447049,629718,5914402,,,,thousands,ok,,"{""sfp"": [16, 15, 17], ""pl"": [18, 17, 19], ""cfs"": []}"
KAPCO,2018,138445988,,,129783054,100604528.0,91915894,-78536832,13379062,10617085,684955,6717597,,-7928387,4684184,thousands,ok,,"{""sfp"": [67, 66, 68], ""pl"": [69, 68, 70], ""cfs"": [71, 70, 72]}"
KAPCO,2019,139267046,,41161147,132511811,96318569.0,84330617,-70625377,14205240,13111540,1349922,9466456,,,,thousands,review,L1,"{""sfp"": [69, 68, 70, 98, 114, 115], ""pl"": [71, 70, 72], ""cfs"": []}"
KAPCO,2020,134523179,,,130377912,66297509.0,71543299,-50065134,21478165,23613193,835246,2700672,,,,thousands,ok,,"{""sfp"": [65, 64, 66, 95, 107, 108, 111], ""pl"": [67, 66, 68], ""cfs"": []}"
KAPCO,2021,152233596,,,148712682,73169691.0,50349026,45098016,5251010,10229424,1283523,5921887,,,,thousands,review,L5,"{""sfp"": [69, 68, 70], ""pl"": [71, 70, 72], ""cfs"": []}"
KAPCO,2022,136761363,,,133776976,70684531.0,136599624,128067519,8532105,9893620,1018182,6235956,,,,thousands,review,L5,"{""sfp"": [65, 64, 66], ""pl"": [67, 66, 68], ""cfs"": []}"
KAPCO,2023,101848161,,,98895654,39296423.0,25435312,-26004159,-568847,3958757,1919781,11566471,,,,thousands,ok,,"{""sfp"": [67, 66, 68], ""pl"": [69, 68, 70], ""cfs"": []}"
KAPCO,2024,81551254,,,79333890,18164279.0,,,,4313618,2784292,9836471,,,,thousands,ok,,"{""sfp"": [61, 60, 62], ""pl"": [63, 62, 64], ""cfs"": []}"
KAPCO,2025,65253378,,,61401429,17809830.0,1563320,-2001477,-438157,2536065,1367410,7709492,,,,thousands,review,L5,"{""sfp"": [61, 60, 62], ""pl"": [63, 62, 64], ""cfs"": []}"
KASBM,2019,270583.0,,,,,,,,,,,,,,thousands,ok,,"{""sfp"": [], ""pl"": [], ""cfs"": []}"
KASBM,2020,154406951.0,16007329.0,,249006567.0,32053956.0,,,,,71872499.0,,,,33292181,thousands,ok,,"{""sfp"": [], ""pl"": [18], ""cfs"": [20]}"
KASBM,2022,,,,,,,,,,-10336507.0,,,,,thousands,ok,,"{""sfp"": [], ""pl"": [], ""cfs"": []}"
KCL,2017,1409829388,1121616070,,525560745,464994373,860670027.0,-838541136.0,22128891.0,-74821788.0,3227590,274884940,,,,thousands,ok,,"{""sfp"": [19, 18, 20], ""pl"": [], ""cfs"": []}"
KCL,2018,1241621533,938427529,303194004,433440138,373679373,1210390766.0,-1073959929.0,136430837.0,,4591034,290087617,,,,thousands,ok,,"{""sfp"": [25, 24, 26], ""pl"": [], ""cfs"": []}"
KCL,2019,1596970888,971426086,625544802,450838391,401967499,1439294244.0,-1251817584.0,187476660.0,28877940.0,5819737,307036047,,,,thousands,ok,,"{""sfp"": [27, 26, 28], ""pl"": [], ""cfs"": []}"
KCL,2020,1706519528,1126878607,579640921,634439896,453024306,927013022.0,-993756184.0,,,15807906,427205721,,,,thousands,ok,,"{""sfp"": [31, 30, 32], ""pl"": [], ""cfs"": []}"
KCL,2021,1982586740,1182209802,,786995239,622956139,1126645068.0,-1090903543.0,,,15240576.0,,,,,thousands,ok,,"{""sfp"": [28, 27, 29], ""pl"": [], ""cfs"": []}"
KCL,2022,1778439966,1235517258.0,,735913387,477185749.0,818082431.0,-1016124940.0,,,4761561,618481474,,,,thousands,ok,,"{""sfp"": [27, 26, 28], ""pl"": [], ""cfs"": []}"
KCL,2023,1870718448.0,350023470.0,,877288768.0,371022689.0,977133409.0,-1338780229.0,-361646820.0,-474962526.0,43733323.0,,,,,thousands,ok,,"{""sfp"": [32, 31, 33], ""pl"": [], ""cfs"": []}"
KCL,2024,2120904048.0,821386944.0,,784331836.0,787543880.0,1348465550.0,-1767249944.0,-418784394.0,-432087816.0,11484767.0,,,,,thousands,ok,,"{""sfp"": [33, 32, 34], ""pl"": [], ""cfs"": []}"
KEL,2017,395943429,211627113,184316316,157961974,157804765,,,39525135.0,,2077916,,,,,thousands,review,L5;L5,"{""sfp"": [67, 66, 68], ""pl"": [68, 67, 69], ""cfs"": [69, 68, 70]}"
KEL,2018,473697799.0,266404761.0,,198965089.0,205954250.0,217126507,-172210644,44915863,12311830,1132674.0,,,,19334825,thousands,ok,,"{""sfp"": [80, 79, 81], ""pl"": [81, 80, 82], ""cfs"": [84, 83, 85]}"
KEL,2019,598864833,384375371,214489462,268959875,295348405,289119070,-238412961,50706109,17273617,2664841,,,,,thousands,review,L5,"{""sfp"": [78, 77, 79], ""pl"": [79, 78, 80], ""cfs"": [82, 81, 83]}"
KEL,2020,703413934,492755563,210658371,339044608,379466289,288807383,-244914079,43893304,-2959211,3088813,,,,22647916,thousands,ok,,"{""sfp"": [109, 108, 110], ""pl"": [110, 109, 111], ""cfs"": [113, 112, 114, 102]}"
KEL,2021,835677422,611725906,223951516,408024316,505930076,325048549,-265853959,59194590.0,11998182,2370891,16082872,,,42259425,thousands,ok,,"{""sfp"": [113, 112, 114], ""pl"": [114, 113, 115], ""cfs"": [117, 116, 118, 98]}"
KEL,2022,1060128079,809956361,250171718,550813128,608019140,518777106,-446361505,72415601,8523578,2846132,17060592,,,-26856762,thousands,ok,,"{""sfp"": [105, 104, 106, 181], ""pl"": [106, 105, 107], ""cfs"": [109, 108, 110, 96, 185]}"
KEL,2023,1024662373,769507716,255154657,411953652,515108374,519472227,-466659212,52812015.0,,7094025,18691097,,,,thousands,review,L5,"{""sfp"": [54, 53, 55, 131], ""pl"": [55, 54, 56], ""cfs"": []}"
KHTC,2017,1721588114,,,1063932613,366050005.0,,-633375911.0,393884785.0,189934231.0,82946732,528336344,,,,thousands,review,L5,"{""sfp"": [47, 46, 48], ""pl"": [], ""cfs"": []}"
KHTC,2018,1934578626,,1343908695.0,1255411760,427201243.0,,-630840503.0,494862626.0,199864956.0,77042866,743022089,,,,thousands,review,L5,"{""sfp"": [65, 64, 66], ""pl"": [], ""cfs"": []}"
KHTC,2019,1866565497,,1262992577,1244915690,472262075,1070173339.0,-892617715.0,177555624.0,,277921285,604935796,,,,thousands,review,L5,"{""sfp"": [65, 64, 66], ""pl"": [], ""cfs"": []}"
KHTC,2020,2602330679,,1298472273,1778784901,1180828371,1828703290.0,-1510666257.0,318037033.0,,81581195,730487456,,,,thousands,ok,,"{""sfp"": [71, 70, 72], ""pl"": [], ""cfs"": []}"
KHTC,2021,3411433628,,,2026890359,2082538490.0,1216036389.0,-1051687762.0,164348627.0,,558292780,999308866,,,,thousands,review,L5,"{""sfp"": [49, 48, 50], ""pl"": [], ""cfs"": []}"
KHTC,2022,5650456869,,1764249324,3611976323,3676649515,,-1662443302.0,802265829.0,,679358847,1869976979,,,,thousands,ok,,"{""sfp"": [81, 80, 82], ""pl"": [], ""cfs"": []}"
KHTC,2023,7719817154,3925876900,3793940254,4968923545,3732123697,,-4662752405.0,2771795482.0,1998400857.0,1086478184,1706636284,,,,thousands,ok,,"{""sfp"": [95, 94, 96], ""pl"": [], ""cfs"": []}"
KHTC,2024,,,,9255371934.0,9127964625.0,,-2957784962.0,155975106.0,,944685195.0,,,,,thousands,ok,,"{""sfp"": [11, 10, 12], ""pl"": [], ""cfs"": []}"
KHYT,2021,982962867,67964657,914998210,8901128.0,28207489.0,9617700.0,,1779432.0,,54372.0,,,,,thousands,ok,,"{""sfp"": [19, 18, 20], ""pl"": [], ""cfs"": []}"
KHYT,2023,966340711,47183207,919157504,13428927.0,9587120.0,27103500.0,,7677466.0,,11621222.0,,,,,thousands,ok,,"{""sfp"": [27, 26, 28], ""pl"": [], ""cfs"": []}"
KHYT,2024,1309841517,53040426,1256801091,15996169,7122876,18354500.0,,5044668.0,,13840420,638510,,,,thousands,review,L5,"{""sfp"": [29, 28, 30], ""pl"": [], ""cfs"": []}"
KML,2013,5860064788,4553171845,521434442,2402673093,1804023472,8451770781.0,-7073457332.0,1378313449.0,1008666682.0,129221124,614534124,,,,thousands,review,L1,"{""sfp"": [25, 24, 26], ""pl"": [], ""cfs"": []}"
KML,2014,5987082684,4443100030,775263722,2444826823,2047454417,7772431497.0,-6727262092.0,1045169405.0,201887645.0,155474401,698231702,,,,thousands,review,L1,"{""sfp"": [26, 25, 27, 80], ""pl"": [], ""cfs"": []}"
KML,2015,6276660034,4293170393,880997368,2325650187,2206791807,7906020841.0,-6607203773.0,1298817068.0,122977092.0,112292072,729676914,,,,thousands,review,L1;L5,"{""sfp"": [30, 29, 31, 84], ""pl"": [], ""cfs"": []}"
KML,2016,6352915227,4404115972,867350224,2591571317,3474229612,8551091835.0,-7158065284.0,1393026551.0,118832376.0,53903002,806079356,,,,thousands,review,L1,"{""sfp"": [36, 35, 37, 96], ""pl"": [], ""cfs"": []}"
KML,2017,6538169398,4456467088,1020288884,2842388115,3648209144,10656444857.0,-9211160073.0,1445284784.0,134015281.0,69365752,909069104,,,,thousands,review,L1,"{""sfp"": [42, 41, 43], ""pl"": [], ""cfs"": []}"
KML,2018,8864934169,5757980385,3106953784,3833242656,4783818224,10855746857.0,-9552735408.0,1303011449.0,239056287.0,94990230,1153505319,,,,thousands,ok,,"{""sfp"": [44, 43, 45], ""pl"": [], ""cfs"": []}"
KML,2019,10868072367,7117182404,3750889963,5903784488,6288329975,13952176310.0,-11938614112.0,2013562198.0,728751187.0,426876902,1815530274,,,,thousands,ok,,"{""sfp"": [45, 44, 46], ""pl"": [], ""cfs"": []}"
KML,2020,10292382025,6333217987,3959164038,5195415962,5504756663,11997808169.0,-10131060131.0,1866748038.0,365212747.0,765949390,1949785864,,,,thousands,review,L5,"{""sfp"": [46, 45, 47], ""pl"": [], ""cfs"": []}"
KML,2021,13573345591,8471796748,5101548843,6439637836,7148805921,13241029839.0,-11521196034.0,1719833805.0,267783027.0,659841293,2915133657,,,,thousands,ok,,"{""sfp"": [64, 63, 65], ""pl"": [], ""cfs"": []}"
KML,2022,16875761007,10872140507.0,6003620500.0,8824184287,9327529221.0,21452848316.0,-18006175246.0,3446673070.0,928372854.0,606150630,405222277,,,,thousands,review,L5,"{""sfp"": [63, 62, 64], ""pl"": [], ""cfs"": []}"
KML,2023,22648857226,14759396956,7889460270,13462502633,12833338884,28208445061.0,-22341281371.0,5867163690.0,2001511478.0,438713618,5545414912,,,,thousands,ok,,"{""sfp"": [67, 66, 68], ""pl"": [], ""cfs"": []}"
KML,2024,24868398263,14916355584,9952042679,12970402130,12824376579,,-25608307363.0,4245934862.0,,473500537,5372384556,,,,thousands,ok,,"{""sfp"": [39, 38, 40], ""pl"": [], ""cfs"": []}"
KML,2025,26484614263,16212184232,10272430031,13342064243,13992686962,27137277935.0,-23522570995.0,3614706940.0,,815725638,5308117799,,,,thousands,ok,,"{""sfp"": [85, 84, 86], ""pl"": [], ""cfs"": []}"
KOHC,2013,10794590138,4753542143,6041047995,4126165581,2294226957,11297213012.0,6936346069.0,4360866943.0,2632632555.0,624157914,737325759,,,,thousands,ok,,"{""sfp"": [25, 24, 26], ""pl"": [], ""cfs"": []}"
KOHC,2014,14151457441,,,6989749555,3695536547.0,12765670059.0,-7958970205.0,4806699854.0,3154826513.0,1855340409,469501350,,,,thousands,ok,,"{""sfp"": [29, 28, 30], ""pl"": [], ""cfs"": []}"
KOHC,2015,17061468553,,,8433637305,4122870356.0,12472196679.0,-7657275186.0,4814921493.0,3322268201.0,2924448881,355137623,,,,thousands,ok,,"{""sfp"": [29, 28, 30], ""pl"": [], ""cfs"": []}"
KOHC,2016,19345142418,,,9218376205,4000126650.0,14019842677.0,-7523277833.0,6496564844.0,4408075460.0,473634909,628906348,,,,thousands,ok,,"{""sfp"": [33, 32, 34], ""pl"": [], ""cfs"": []}"
KOHC,2017,20192190779,,,8928774011,2783703073.0,13540304600.0,-7712936683.0,5827367917.0,3544814850.0,495658567,949142281,,,,thousands,review,L5,"{""sfp"": [32, 31, 33], ""pl"": [], ""cfs"": []}"
KOHC,2018,23316333103,,,10407061870,3957501063.0,13438843026.0,-9085616172.0,4353226854.0,2979994793.0,824427690,658728524,,,,thousands,ok,,"{""sfp"": [38, 37, 39], ""pl"": [], ""cfs"": []}"
KOHC,2019,31314869378,11642230514,19672638864,5606262354,5523904984,,-11439567516.0,4206081196.0,2468655890.0,433886023,709231912,,,,thousands,review,L5,"{""sfp"": [43, 42, 44], ""pl"": [], ""cfs"": []}"
KOHC,2020,31877099332,,,5358055804,6455599707.0,,-11324560852.0,,,891606087,1016024223,,,,thousands,ok,,"{""sfp"": [45, 44, 46], ""pl"": [], ""cfs"": []}"
KOHC,2021,36086921437,,,9848798714,7572243940.0,,-18092026933.0,,,1197729351,1112776266,,,,thousands,ok,,"{""sfp"": [43, 42, 44], ""pl"": [], ""cfs"": []}"
KOHC,2022,43350667844,16104447613,27246220231,17775831447,9487990679,,-23065180670.0,9811768509.0,5024280260.0,480765632,1456156782,,,,thousands,review,L5,"{""sfp"": [51, 50, 52], ""pl"": [], ""cfs"": []}"
KOHC,2023,49530075545,16920030573,32610044972,22913376649,9912471411,,-28488941331.0,10432694019.0,5820751145.0,933537193,2942861554,,,,thousands,ok,,"{""sfp"": [51, 50, 52], ""pl"": [], ""cfs"": []}"
KOHC,2024,58843295197,,,32294207845,11095636231.0,,-27391276477.0,11256491495.0,8893454788.0,1102649172,1793742440,,,,thousands,ok,,"{""sfp"": [57, 56, 58], ""pl"": [], ""cfs"": []}"
KOHC,2025,66794311768,,,38614792494,11661701111.0,,-22814094271.0,14721606101.0,11575154071.0,1450702723,2513556552,,,,thousands,ok,,"{""sfp"": [67, 66, 68], ""pl"": [], ""cfs"": []}"
KOHE,2014,10180942,,,5856887,3490374.0,14958166,-13379179,1578987.0,1068564,221693,295464,,-1903777,-995114,thousands,ok,,"{""sfp"": [15, 14, 16], ""pl"": [17, 16, 18], ""cfs"": [19, 18, 20]}"
KOHE,2015,8960808,,,4818886,2593739.0,11661064,-10292710,1368354,842476,142235,237548,,-1016299,2044188,thousands,ok,,"{""sfp"": [16, 15, 17], ""pl"": [18, 17, 19], ""cfs"": [20, 19, 21]}"
KOHE,2017,9875411,,6056909,6194471,3818502,8223861,-6988329,1235532,804167,144919,234340,,-847940,,thousands,ok,,"{""sfp"": [25, 24, 26], ""pl"": [27, 26, 28], ""cfs"": [29, 28, 30]}"
KOHE,2018,11525935,5520472,6005463,8022394,5520472.0,8282641,-7019967,1262674,729898,154573,381717,,,,thousands,ok,,"{""sfp"": [27, 26, 28], ""pl"": [29, 28, 30], ""cfs"": []}"
KOHE,2019,11523787,,,7974127,5653163.0,7504738,-5946315,1558423,551477,75627,190045,,,,thousands,ok,,"{""sfp"": [27, 26, 28], ""pl"": [29, 28, 30], ""cfs"": []}"
KOHE,2020,12376081,,,9156796,5833490.0,7548782,-5391882,2156900,1036658,302408,48965,,,,thousands,ok,,"{""sfp"": [25, 24, 26], ""pl"": [27, 26, 28], ""cfs"": []}"
KOHE,2021,10212941,,,7367352,4194087.0,6752330,-4983277,1769053,1199421,1792370,756453,,,,thousands,ok,,"{""sfp"": [31, 30, 32], ""pl"": [33, 32, 34], ""cfs"": [34, 33, 35]}"
KOHE,2022,9610407,,,6916673,4702345.0,14538310,-12562948,1975362,1507380,820508,915860,,,,thousands,ok,,"{""sfp"": [27, 26, 28], ""pl"": [29, 28, 30], ""cfs"": [30, 29, 31]}"
KOHE,2023,7134569,,,4768597,1779554.0,12583137,-10194769,2388368,1573467,221017,984130,,,,thousands,ok,,"{""sfp"": [31, 30, 32], ""pl"": [33, 32, 34], ""cfs"": [34, 33, 35]}"
KOHE,2024,7731752,,,5346386,3205324.0,10009893,-7711987,2297906,1600498,966792,569415,,-2470845,2210572,thousands,ok,,"{""sfp"": [33, 32, 34], ""pl"": [35, 34, 36], ""cfs"": [37, 36, 38]}"
KOHE,2025,5385610,,,2850216,1321028.0,4328811,-2983165,1345646,724351,76563,366053,,-1185454,2253467,thousands,ok,,"{""sfp"": [30, 29, 31, 84], ""pl"": [32, 31, 33, 86], ""cfs"": [34, 33, 35, 88]}"
KOHP,2014,2700250,,,61428640.0,15871610.0,,,,,699729.0,18188010.0,,,,thousands,ok,,"{""sfp"": [14, 13, 15], ""pl"": [], ""cfs"": []}"
KOHP,2015,,,,102427039.0,4567342.0,,,,,47693515.0,,,,,thousands,ok,,"{""sfp"": [15, 14, 16], ""pl"": [], ""cfs"": []}"
KOHP,2020,136992052,2978616.0,134013436.0,38665423,1263701.0,16605362.0,-15896603.0,,-12369020.0,1218633,,,,,thousands,ok,,"{""sfp"": [20, 19, 21], ""pl"": [], ""cfs"": []}"
KOHP,2021,133247466,1390628.0,131856838.0,40221457,1390628.0,,,2274976.0,-2156598.0,2102203,,,,,thousands,ok,,"{""sfp"": [20, 19, 21], ""pl"": [], ""cfs"": []}"
KOHP,2023,129722949,2804190.0,126918759.0,47195803,2804190.0,,,,-1699997.0,6494301,950077,,,,thousands,ok,,"{""sfp"": [28, 27, 29], ""pl"": [], ""cfs"": []}"
KOHP,2024,114903971,3713358,111190613,37699934,3713358,,,,-15728146.0,9647019,899995,,,,thousands,ok,,"{""sfp"": [25, 24, 26], ""pl"": [], ""cfs"": []}"
KOHP,2025,124343575,2234387,122109188,42696997,2234387.0,,,2477889.0,,13198444,,,,,thousands,ok,,"{""sfp"": [28, 27, 29], ""pl"": [], ""cfs"": []}"
KOHTM,2014,1807108,1132708,674400,743761,704490,2298760,-2038424,260336,73509,,432863,,,,thousands,ok,,"{""sfp"": [15, 14, 16], ""pl"": [17, 16, 18], ""cfs"": [18, 17, 19]}"
KOHTM,2015,1660550,995727,664823,536160,502640,2405277,-2195772,209505,20851,,188954,,,,thousands,ok,,"{""sfp"": [15, 14, 16], ""pl"": [17, 16, 18], ""cfs"": [18, 17, 19]}"
KOHTM,2016,1973597,1166515,807082,634603,617748,2227640,-2095509,132131,-19427,12880,304908,,,,thousands,ok,,"{""sfp"": [19, 18, 20], ""pl"": [21, 20, 22], ""cfs"": [22, 21, 23]}"
KOHTM,2017,2136445,1295730,840715,860097,917020,2229999,-2049883,180116,34932,,414162,,,,thousands,ok,,"{""sfp"": [21, 20, 22], ""pl"": [23, 22, 24], ""cfs"": [24, 23, 25]}"
KOHTM,2018,2455945,,,976398,,2243619,-2028660,214959,10471,,482571,,-20665,15702,thousands,ok,,"{""sfp"": [35, 36], ""pl"": [37], ""cfs"": [38, 37, 39]}"
KOHTM,2019,3514185,1806290,,1159022,,2966457,-2656307,310150,66965,,668237,,-15570,192479,thousands,ok,,"{""sfp"": [37, 38], ""pl"": [39], ""cfs"": [40, 39, 41]}"
KOHTM,2020,3612119,1960824,1651295,1128655,1175900,2590719,-2377665,213054,-65228,12997,398667,,-23435,223882,thousands,ok,,"{""sfp"": [24, 25], ""pl"": [26], ""cfs"": [27, 26, 28]}"
KOHTM,2021,4232107,,,1299791,,3620143,-2875433,744710,312170,,714281,,,575427,thousands,ok,,"{""sfp"": [47, 48], ""pl"": [49], ""cfs"": [50, 49, 51]}"
KOHTM,2022,7292827,,,2290390,,4930819,-4073459,857360,292267,,1156684,,-20734,-61656,thousands,ok,,"{""sfp"": [47, 48], ""pl"": [49], ""cfs"": [50, 49, 51]}"
KOHTM,2023,7798614,,,2726057,,5952262,-5105136,847126,85154,14273,1233760,,,113506,thousands,ok,,"{""sfp"": [49, 50], ""pl"": [51], ""cfs"": [52, 51, 53]}"
KOHTM,2024,8315163,,,3304590,,7964142,-6744623,1219519,214117,,1360565,,,783146,thousands,ok,,"{""sfp"": [63, 64], ""pl"": [65], ""cfs"": [66, 65, 67]}"
KOHTM,2025,10102274,,,3841470,,8253381,-7049598,1203783,280766,10160,1569751,,-41454,325988,thousands,review,L5,"{""sfp"": [53, 54], ""pl"": [55], ""cfs"": [56, 55, 57]}"
KOIL,2014,763131246.0,,-353912180.0,12671454.0,54001591.0,33400709.0,,,,6059269.0,,,,,thousands,ok,,"{""sfp"": [14, 13, 15], ""pl"": [], ""cfs"": []}"
KOIL,2015,752215171.0,,-346882606.0,13258802.0,447833700.0,26684120.0,,,,2666454.0,,,,,thousands,ok,,"{""sfp"": [15, 14, 16], ""pl"": [], ""cfs"": []}"
KOIL,2017,803267932.0,,,14599817.0,411801514.0,32822453.0,,,11949128.0,1746555.0,,,,,thousands,ok,,"{""sfp"": [17, 16, 18], ""pl"": [], ""cfs"": []}"
KOIL,2020,953436001,412479365,540956636,79140188,411815008,56425575.0,,,87611707.0,59559972,,,,,thousands,ok,,"{""sfp"": [20, 19, 21], ""pl"": [], ""cfs"": []}"
KOIL,2021,976984532,60402021,916582511,84076903,413099961.0,,,,44617442.0,67212771,,,,,thousands,ok,,"{""sfp"": [20, 19, 21], ""pl"": [], ""cfs"": []}"
KOIL,2023,1039469437,46560898,992908539,122339453,44046027,,,,,96847306,,,,,thousands,ok,,"{""sfp"": [28, 27, 29], ""pl"": [], ""cfs"": []}"
KOIL,2024,1087074461,55496111,1031578350,163303113,51924738,,,,,17370868,,,,,thousands,ok,,"{""sfp"": [25, 24, 26], ""pl"": [], ""cfs"": []}"
KOIL,2025,1166244253,59296650.0,1106947603.0,216940156,54369755.0,,,,,17686376,,,,,thousands,ok,,"{""sfp"": [26, 25, 27], ""pl"": [], ""cfs"": []}"
KOSM,2017,6538169398,4456467088,1020288884,2842388115,3648209144,10656444857.0,-9211160073.0,1445284784.0,134015281.0,69365752,909069104,,,,thousands,review,L1,"{""sfp"": [42, 41, 43], ""pl"": [], ""cfs"": []}"
KOSM,2018,3018021074,,,1157290151,2570507811.0,3070193676.0,-3235487288.0,,,4137212,781325173,,,,thousands,review,L5,"{""sfp"": [25, 24, 26], ""pl"": [], ""cfs"": []}"
KOSM,2019,2899859631,,,1121794557,2842358268.0,4260538818.0,-4258906073.0,,,4298576,798871215,,,,thousands,ok,,"{""sfp"": [25, 24, 26], ""pl"": [], ""cfs"": []}"
KOSM,2020,2824856050,,,1133273546,2994446735.0,1662982360.0,-1797827934.0,,,9813594,916048119,,,,thousands,ok,,"{""sfp"": [25, 24, 26], ""pl"": [], ""cfs"": []}"
KPUS,2013,2217819414.0,,,733204308.0,1410275991.0,2316597219.0,2576200310.0,-259603091.0,-333117567.0,119438447.0,,,,,thousands,ok,,"{""sfp"": [17, 16, 18], ""pl"": [], ""cfs"": []}"
KPUS,2016,1887076,1711572,175504,449420,613273,4146495,-3819753,326742,56770,25102.0,,,,,thousands,review,L5,"{""sfp"": [37, 36, 38], ""pl"": [38, 37, 39], ""cfs"": []}"
KPUS,2017,3660375.0,,,2055137.0,2430347.0,2933810,-2739274,193906,-93492,37048.0,,,,,thousands,ok,,"{""sfp"": [36, 35, 37], ""pl"": [37, 36, 38], ""cfs"": [38, 37, 39]}"
KPUS,2023,8748174,4743071,4005103,3680870,3425449,4487204,-3690304,796900,17358,28300,2249478,,,-373181,thousands,ok,,"{""sfp"": [43, 42, 44], ""pl"": [44, 43, 45], ""cfs"": [46, 45, 47]}"
KPUS,2024,8789341,4724405,4064936,3838428,3537874,11363646,-10191532,1172114,59833,82246,2204746,,,,thousands,ok,,"{""sfp"": [50, 49, 51], ""pl"": [51, 50, 52], ""cfs"": []}"
KPUS,2025,10678167,5675505,5002662,4210606,3957420,11137024,-9992436,1144588,61521,218769,1608514,,,,thousands,review,L5,"{""sfp"": [49, 48, 50], ""pl"": [50, 49, 51], ""cfs"": []}"
KSBP,2016,3634650713,,,3131467295,1903730882.0,4950602343.0,-3902840729.0,1047761614.0,377696438.0,259331092,821106124,,,,thousands,ok,,"{""sfp"": [54, 53, 55], ""pl"": [], ""cfs"": []}"
KSBP,2018,5121670063,,,3777560393,2786334680.0,,-4285375823.0,667539489.0,,171441736,955486260,,,,thousands,ok,,"{""sfp"": [62, 61, 63], ""pl"": [], ""cfs"": []}"
KSBP,2019,4940662983,,,3674410710,2709189423.0,3755531542.0,-3021988465.0,733543077.0,87880352.0,182604239,794014705,,,,thousands,ok,,"{""sfp"": [62, 61, 63], ""pl"": [], ""cfs"": []}"
KSBP,2022,5743335242,,,4679642386,3906424329.0,4965061227.0,-4190312616.0,774748611.0,43342002.0,205496181,1194264990,,,,thousands,review,L5,"{""sfp"": [63, 62, 64], ""pl"": [], ""cfs"": []}"
KSBP,2023,6247674687,,,5025941735,4145196627.0,5755039810,-4581410682,1173629128,842996,158488519,1378430004,,,123905269,thousands,ok,,"{""sfp"": [64, 63, 65], ""pl"": [66], ""cfs"": [68]}"
KSBP,2024,7331069115,,3973302423,6211101941,32508074,,-4593836616.0,,,524573545,2010987258,,,,thousands,review,L5,"{""sfp"": [63, 62, 64], ""pl"": [], ""cfs"": []}"
KSBP,2025,,,,9360573943,5054705560.0,,-5016598890.0,,,394626135,3654763836,,,,thousands,review,L5,"{""sfp"": [64, 63, 65], ""pl"": [31], ""cfs"": []}"
KSTM,2013,,,,167682215.0,230309483.0,1084470360.0,1088158855.0,-3688495.0,-30891847.0,6049713.0,,,,,thousands,ok,,"{""sfp"": [14, 13, 15], ""pl"": [], ""cfs"": []}"
KSTM,2015,412448070,455418028,-42969958,120550069,208599427.0,,,,-54066136.0,1042639.0,,,,,thousands,ok,,"{""sfp"": [14, 13, 15], ""pl"": [], ""cfs"": []}"
KSTM,2017,,,,83261018.0,211775197.0,105225979.0,145575734.0,-40349755.0,-61640048.0,1873804.0,,,,,thousands,ok,,"{""sfp"": [14, 13, 15], ""pl"": [], ""cfs"": []}"
KSTM,2018,,,,73955087.0,222837286.0,,,,-75775942.0,683824.0,,,,,thousands,ok,,"{""sfp"": [17, 16, 18], ""pl"": [], ""cfs"": []}"
KSTM,2019,364109.0,,,,,,,,,,,,,,thousands,ok,,"{""sfp"": [], ""pl"": [], ""cfs"": []}"
KSTM,2020,337609906.0,,,12780683.0,222459653.0,,,,,126088.0,,,,,thousands,ok,,"{""sfp"": [32, 31, 33], ""pl"": [], ""cfs"": []}"
KSTM,2021,408632320.0,,,9120105.0,182446780.0,,,,,595789.0,,,,,thousands,ok,,"{""sfp"": [31, 30, 32], ""pl"": [], ""cfs"": []}"
KSTM,2022,375130367.0,,,4701562.0,137579381.0,,,,408869.0,501519.0,,,,,thousands,review,L2.5,"{""sfp"": [29, 28, 30], ""pl"": [], ""cfs"": []}"
KSTM,2023,348379689.0,,,4081768.0,185001245.0,,,,329292.0,501519.0,,,,,thousands,review,L2.5,"{""sfp"": [29, 28, 30], ""pl"": [], ""cfs"": []}"
KSTM,2024,324307001,382228679,-57921678,3589689,187195679,,,,,,,,,,thousands,review,L2.5,"{""sfp"": [22, 21, 23], ""pl"": [], ""cfs"": []}"
KSTM,2025,,,,3596713.0,186620397.0,,,,-19322738.0,16463.0,,,,,thousands,ok,,"{""sfp"": [20, 19, 21], ""pl"": [], ""cfs"": []}"
KTML,2013,15320597,6647503,4999269,4339574,6257996,14250439,-12116187,2134252,484532,320852,1768203,,,612206,thousands,review,L1,"{""sfp"": [75, 74, 76, 151, 188, 189], ""pl"": [77, 76, 78, 156], ""cfs"": [79, 78, 80, 63, 184]}"
KTML,2014,16121708,6278962,6168921,5359518,5868566,15302242,-13395079,1907163,1169652,100937,1888177,,,228105,thousands,review,L1,"{""sfp"": [89, 88, 90, 165], ""pl"": [91, 90, 92, 170], ""cfs"": [93, 92, 94, 77, 171]}"
KTML,2015,17613600,5929547.0,8010228.0,5338022,5185753.0,15862743.0,-13132754.0,2729989.0,2086833,114815,1987603,,-244281,1310771,thousands,review,L1,"{""sfp"": [98, 97, 99, 154], ""pl"": [100, 99, 101, 156], ""cfs"": [102, 101, 103, 82, 177]}"
KTML,2016,19155717,6196044,9160339,6006888,4990909,16088302,-13048866,3039436,2132215,229012,2203655,,-977607,993042,thousands,review,L1,"{""sfp"": [96, 95, 97, 227], ""pl"": [98, 97, 99], ""cfs"": [100, 99, 101]}"
KTML,2017,20744842,6822046,10100343,5297408,5046039,17404708,14823393,2581315,2351779,154935,2009579,,-1404787,1171639,thousands,review,L1,"{""sfp"": [98, 97, 99, 199, 201, 239, 243, 244], ""pl"": [100, 99, 101, 200], ""cfs"": [102, 101, 103, 82, 253]}"
KTML,2018,24871956,9051330.0,15820626.0,6716065,7200654.0,17833540,-15355788,2477752,1664322,161905,2574838,,-792003,394884,thousands,ok,,"{""sfp"": [122, 121, 123, 214], ""pl"": [124, 123, 125, 223], ""cfs"": [126, 125, 127, 99]}"
KTML,2019,25546578.0,8579763.0,43207912,7034046.0,6450732.0,47118185,-37195802,9922383,4376325,216366.0,3814347.0,,-595765,2493699,thousands,review,L1;L2.5;L5;L5;L5;L5;L5,"{""sfp"": [131, 199, 270, 273], ""pl"": [201, 134], ""cfs"": [107, 204, 153]}"
KTML,2020,32703766,14732676,17971090,10079836,11321125,21844810,-17854630,3990180,1528043,186613,5362714,,-517583,-390215,thousands,ok,,"{""sfp"": [144, 143, 145, 212, 281, 282, 285], ""pl"": [146, 145, 147, 214], ""cfs"": [149, 148, 150, 122, 217, 285]}"
KTML,2021,34134255,13976698,20157557,10471920,10093041,29955525,-23822897,6132628,2756329,249886,3972858,,-597769,2898473,thousands,ok,,"{""sfp"": [172, 171, 173, 318, 328], ""pl"": [174, 173, 175], ""cfs"": [177, 176, 178, 142, 328]}"
KTML,2022,39922514,15622826,24299688,13824764,10441312,39558284,-29389027,10169257,4740723,309629,5967667,,-596550,3416411,thousands,ok,,"{""sfp"": [210, 209, 211, 284, 367, 368, 371], ""pl"": [212, 211, 213, 287], ""cfs"": [215, 214, 216, 178, 305]}"
KTML,2023,47886218,21491421,26394797,17527606,13566572,42046556,-34566123,7480433,2407262,643475,8863674,,,1843041,thousands,ok,,"{""sfp"": [220, 219, 221, 296, 384], ""pl"": [222, 221, 223, 299], ""cfs"": [225, 224, 226, 190, 317]}"
KTML,2024,51853603,22621047,29232556,17882569,15036294,58174952,-48887621,9287331,2199162,219051,6882432,,,3867830,thousands,review,L5,"{""sfp"": [224, 223, 225, 310], ""pl"": [226, 225, 227], ""cfs"": [229, 228, 230, 194]}"
KTML,2025,54564353,22581981,31982372,18978912,15828420,59414125,-49611747,9802378,2749816,263734,8544374,,,2955932,thousands,ok,,"{""sfp"": [224, 223, 225, 354, 384], ""pl"": [226, 225, 227], ""cfs"": [229, 228, 230, 197, 387]}"
LEUL,2018,,,,,,,,,45231949.0,,,,,,thousands,ok,,"{""sfp"": [], ""pl"": [], ""cfs"": []}"
LEUL,2021,47532244.0,,,44401053.0,10155798.0,,-16953247.0,,-58679652.0,1825288.0,34967953.0,,,,thousands,ok,,"{""sfp"": [32, 31, 33], ""pl"": [], ""cfs"": []}"
LEUL,2022,43037096.0,,,40111751.0,18393836.0,,-20964295.0,,-14479208.0,4104144.0,20678494.0,,,,thousands,ok,,"{""sfp"": [29, 28, 30], ""pl"": [], ""cfs"": []}"
LEUL,2023,44175777.0,,,49126720.0,27286766.0,,-25651257.0,,-3288263.0,2754248.0,33920530.0,,,,thousands,ok,,"{""sfp"": [30, 29, 31], ""pl"": [], ""cfs"": []}"
LEUL,2024,28465209.0,,,25890393.0,7741069.0,,-21248657.0,,,1415232.0,17840117.0,,,,thousands,ok,,"{""sfp"": [34, 33, 35], ""pl"": [], ""cfs"": []}"
LMSM,2015,241615,,30252,,,,,,,,,,,,thousands,ok,,"{""sfp"": [8, 7, 9], ""pl"": [8, 7, 9], ""cfs"": []}"
LMSM,2016,218398,,70472,,,,,,-34265,,,,,,thousands,ok,,"{""sfp"": [7, 6, 8], ""pl"": [7, 6, 8], ""cfs"": []}"
LMSM,2018,176589,222574,-62309,,,,,,,,,,,,thousands,review,L1,"{""sfp"": [11, 10, 12], ""pl"": [11, 10, 12], ""cfs"": []}"
LOADS,2017,3854619436,,,2403811793.0,357229192.0,,-3857544318.0,547582185.0,306427299.0,343121346.0,1181967494.0,,,,thousands,ok,,"{""sfp"": [24, 23, 25, 77], ""pl"": [], ""cfs"": []}"
LOADS,2018,5588850296,1937507708,3651342588,3284245953,1841168447,4889663855.0,-4369075348.0,520588507.0,161556780.0,535897253,1662758743,,,,thousands,ok,,"{""sfp"": [39, 38, 40, 107], ""pl"": [107], ""cfs"": []}"
LOADS,2019,5438840967.0,,,3522116834.0,2980849525.0,5709735175.0,-5190618409.0,519116766.0,41228554.0,3079537.0,1404712679.0,,,,thousands,review,L2.5,"{""sfp"": [43, 42, 44, 117], ""pl"": [], ""cfs"": []}"
LOADS,2020,5744714452,2983085809,2761628643,3810123953,2568974103,,-2580607870.0,198022767.0,,32010964,1381183851,,,,thousands,review,L2.5;L2.5,"{""sfp"": [45, 44, 46, 103], ""pl"": [], ""cfs"": []}"
LOADS,2021,7016417744.0,,,4836087202.0,2631763586.0,,-4319960129.0,,,10733698.0,1387034758.0,,,,thousands,review,L2.5,"{""sfp"": [40, 39, 41, 100], ""pl"": [], ""cfs"": []}"
LOADS,2022,8240666296,3940817004,4299849292,6347902020,3638007314,,-6981076054.0,810879255.0,267167057.0,11719932,1618931498,,,,thousands,review,L2.5;L2.5,"{""sfp"": [39, 38, 40, 98], ""pl"": [], ""cfs"": []}"
LOADS,2023,6487462152,3517096607,2970365545,4702948134,3235615400,,-3760959084.0,732875287.0,,14594247,1054302685,,,,thousands,review,L2.5;L2.5;L5,"{""sfp"": [36, 35, 37, 92], ""pl"": [55], ""cfs"": []}"
LOADS,2024,7223930242,3394543104,3829387138,4985072512,3276788617,,-3611841683.0,,,55453025,967692659,,,,thousands,review,L2.5;L2.5;L5,"{""sfp"": [36, 35, 37, 90], ""pl"": [55], ""cfs"": []}"
LOADS,2025,7569544003,3252236792,4317307211,5194504121,3187364553,,,,,13665108,799237882,,,,thousands,review,L2.5;L2.5,"{""sfp"": [39, 38, 40, 91], ""pl"": [], ""cfs"": []}"
LOTCHEM,2013,20043156,8465897,11577259,10462034,7631018,57069684.0,-57780354.0,-710670.0,-546102,2426739,2973270,,,1952099,thousands,review,L5,"{""sfp"": [103, 102, 104, 152, 153], ""pl"": [104, 103, 105], ""cfs"": [106, 105, 107]}"
LOTCHEM,2014,16893183,6187665,10705518,8469515,6133125,,,,,1025890,2784277,,,,thousands,ok,,"{""sfp"": [98, 97, 99], ""pl"": [], ""cfs"": []}"
LOTCHEM,2015,17247076,,,9601349,,7890331.0,,,-747650,1789081,3168280,,,917870,thousands,ok,,"{""sfp"": [104], ""pl"": [106, 107], ""cfs"": [108, 107, 109]}"
LOTCHEM,2016,,,,,,8111320.0,,,,,,,,1764196,thousands,ok,,"{""sfp"": [], ""pl"": [], ""cfs"": [109, 108, 110]}"
LOTCHEM,2017,20541037,,,13152180,,37034324,-35836664,1197660,412296,5043188,3361974,,,2877501,thousands,review,L5,"{""sfp"": [105], ""pl"": [107, 108], ""cfs"": [109, 108, 110]}"
LOTCHEM,2018,21274130,,,15570196,,57400241,-50018605,7381636,4431100,4220756,5238450,,-850523,236958,thousands,ok,,"{""sfp"": [105], ""pl"": [107, 108], ""cfs"": [110, 109, 111]}"
LOTCHEM,2019,27526193,,,22005809,,60539754,-52663659,7876095,5542330,8057563,4482468,,-3972163,11758613,thousands,review,L5,"{""sfp"": [97], ""pl"": [99], ""cfs"": [102, 101, 103]}"
LOTCHEM,2020,31496133,,,24151885,,38964851,-36322627,2642224,2125105,35588,4298785,,,5186139,thousands,review,L5;L5,"{""sfp"": [93], ""pl"": [95], ""cfs"": [98, 97, 99]}"
LOTCHEM,2021,36473172,,,28154282,,67164965,-59583590,7581375,1639001.0,46323,5848592,,-3396645,6171941,thousands,review,L5;L5,"{""sfp"": [89], ""pl"": [91], ""cfs"": [94, 93, 95]}"
LOTCHEM,2022,43333065,,,34184333,,100265555,-82441344,17824211,10118471,4397066,8529047,,-1499054,4403981,thousands,review,L5;L5;L5,"{""sfp"": [91], ""pl"": [93], ""cfs"": [96, 95, 97]}"
LOTCHEM,2023,43575743,21563784,22011959,35073231,20460022,81619405,-71374835,10244570,5077654,1262827,13362175,,-6039387,-4485722,thousands,ok,,"{""sfp"": [92, 91, 93], ""pl"": [94, 93, 95], ""cfs"": [97, 96, 98]}"
LOTCHEM,2024,42040942,,,32945336,,109299177,-104112680,5186497,,8833047,6746190,,-6812670,13513983,thousands,review,L5;L5,"{""sfp"": [81], ""pl"": [83], ""cfs"": [86, 85, 87]}"
LOTCHEM,2025,47802570,,,38734120,,80906921,-77831190,3075731,1118932,6828351,9091174,,,-281680,thousands,review,L5;L5;L5,"{""sfp"": [81], ""pl"": [83], ""cfs"": [86, 85, 87]}"
LPGL,2024,,,,1113628.0,968096.0,3344534,2926641,417893,81519,,993277.0,,,,thousands,ok,,"{""sfp"": [41, 40, 42], ""pl"": [42, 41, 43], ""cfs"": [45, 44, 46]}"
LPL,2013,,10266357,12084083,,10246135,,,,,,,,,,thousands,ok,,"{""sfp"": [42, 41, 43], ""pl"": [44, 43, 45], ""cfs"": [45, 44, 46]}"
LPL,2014,23623260,11324923,12293337,12522547,9493110,30916857,-29037489,1879368,792741,632348,,,,,thousands,ok,,"{""sfp"": [38, 37, 39], ""pl"": [40, 39, 41], ""cfs"": [41, 40, 42]}"
LPL,2015,21486627,9100564,12386063,11172980,7742120,22078537,-20039190,2039347,849863,681102,,,,,thousands,ok,,"{""sfp"": [40, 39, 41], ""pl"": [42, 41, 43], ""cfs"": [43, 42, 44]}"
LPL,2016,23817802,11199172,12618630,13884049,10396527,15366041,-13510090,1855951,994697,501747,,,,,thousands,ok,,"{""sfp"": [48, 47, 49], ""pl"": [50, 49, 51], ""cfs"": [51, 50, 52]}"
LPL,2017,23673428,10869125,12804303,14580099,10600422,18313076,-16508376,1804700,972340,501747.0,,,,,thousands,review,L5,"{""sfp"": [46, 45, 47], ""pl"": [48, 47, 49], ""cfs"": [49, 48, 50]}"
LPL,2018,27144682,13971965,13172717,18007231,13965667,16809658,-14918104,1891554,747472,,,,,,thousands,ok,,"{""sfp"": [59, 58, 60], ""pl"": [61, 60, 62], ""cfs"": [62, 61, 63]}"
LPL,2019,29557003,14729664,14827339,21569716,14708529,12840474,-8711954,4128520,2043780,153340.0,,,,,thousands,review,L5,"{""sfp"": [64, 63, 65], ""pl"": [66, 65, 67], ""cfs"": [67, 66, 68]}"
LPL,2020,29858989,12334643,17524346,22982335,12261901,12402237,-7378149,5024088,3551394,128937,,,-850862,3488569,thousands,ok,,"{""sfp"": [70, 69, 71], ""pl"": [72, 71, 73], ""cfs"": [74, 73, 75]}"
LPL,2021,17728471.0,2154781,15573690,12026276.0,2128244,18653788,-18562969,90819,,19969.0,,,-1139358,10405632,thousands,review,L2.5;L2.5,"{""sfp"": [59, 58, 60], ""pl"": [61, 60, 62], ""cfs"": [63, 62, 64]}"
LPL,2023,22039921,6200457,15839464,1804364,6161133,19471572,-13870716,5600856,4577767,412939,,,-6452172,7286001,thousands,review,L5,"{""sfp"": [56, 55, 57], ""pl"": [58, 57, 59], ""cfs"": [60, 59, 61]}"
LPL,2024,15079956.0,248381,14831575,22361767.0,229558,14239415,-10691409,3548006,464790,686673.0,,,-1518688,15162771,thousands,review,L5,"{""sfp"": [41, 40, 42, 43], ""pl"": [43, 42, 44], ""cfs"": [45, 44, 46]}"
LPL,2025,11731576,189208,11542368,9843597,177136,,,,,21072.0,,,,405300,thousands,review,L5;L5,"{""sfp"": [52, 51, 53], ""pl"": [54, 53, 55], ""cfs"": [56, 55, 57]}"
LUCK,2014,59797916.0,,,19996041.0,4484250.0,43083169,-24393064.0,18690105.0,11344403.0,8519082.0,1638984.0,,,,thousands,review,L4;L4;L4;L4;L4;L5,"{""sfp"": [95, 94, 96, 133, 156], ""pl"": [96, 95, 97, 134], ""cfs"": [97, 96, 98, 135]}"
LUCK,2015,73085865,13827095,59258770,27017949,7430703,44761307,-24578219,20183088,12431598,16444622,1580745,,,,thousands,review,L4;L4;L4;L4;L4;L5;L5,"{""sfp"": [93, 92, 94], ""pl"": [94, 93, 95], ""cfs"": [95, 94, 96]}"
LUCK,2016,85922406,16599568,69322838,39407717,9630824,45222089,-23421515,21800574,12944185,26805582,1588469,,,,thousands,review,L4;L4;L4;L4;L4;L5,"{""sfp"": [95, 94, 96, 184], ""pl"": [96, 95, 97, 186], ""cfs"": [97, 96, 98]}"
LUCK,2017,97337365,17552384,79784981,46367925,10343627,45687043,-24388760,21298283,13692249,33738377.0,2509273.0,,,,thousands,review,L4;L4;L4;L4;L4;L5,"{""sfp"": [93, 92, 94, 149, 159, 161, 177], ""pl"": [94, 93, 95, 151], ""cfs"": [95, 94, 96, 153]}"
LUCK,2018,108999117.0,,,42955677.0,15237262.0,47541724,-30589363,16952361,12197090,27435361.0,2796658.0,,,,thousands,review,L4;L4;L4;L4;L4;L5,"{""sfp"": [127, 126, 128], ""pl"": [128, 127, 129], ""cfs"": []}"
LUCK,2019,125089214.0,,,33378799.0,23578050.0,48021399,34037568,13983831,10490229,15657246.0,4253020.0,,,,thousands,review,L4;L4;L4;L4;L4;L5,"{""sfp"": [173, 172, 174, 249], ""pl"": [174, 173, 175], ""cfs"": []}"
LUCK,2020,135868474,36684613,99183861,28467833,28955352,62302086.0,-35794031.0,6076765.0,3343933.0,7816606,2915552,,,,thousands,review,L1;L4;L4;L4;L4;L4,"{""sfp"": [200, 199, 201], ""pl"": [201, 200, 202], ""cfs"": []}"
LUCK,2021,156368062.0,,,40676368.0,30404646.0,62940805,-43984873,18955932,14070189,2825424.0,3105037.0,,,,thousands,review,L5,"{""sfp"": [190, 189, 191, 252], ""pl"": [191, 190, 192], ""cfs"": []}"
LUCK,2022,184962368,56422044,128540324,44815691,30361358,108600945.0,-58541684.0,22551841.0,15298618,3871078,7171364,,,,thousands,review,L1,"{""sfp"": [225, 224, 226, 283], ""pl"": [226, 225, 227], ""cfs"": []}"
LUCK,2023,213079067,75712741,137366326,59576642,46180879,95832147,-69771469,26060678,13725814,4116181,6048507,,,,thousands,review,L5,"{""sfp"": [233, 232, 234, 292], ""pl"": [234, 233, 235], ""cfs"": []}"
LUCK,2024,234018090,86256813,147761277,68452084,54188473,115324942,76520370,38804572,28106539,2567176,8505426,,,,thousands,review,L5,"{""sfp"": [237, 236, 238, 298], ""pl"": [238, 237, 239], ""cfs"": []}"
LUCK,2025,266748030,90837630,175910400,100547359,5864138,530477744,-81827060.0,42684684.0,33092162.0,2790323.0,4774577.0,,,,thousands,review,L1;L5;L5,"{""sfp"": [239, 238, 240, 300], ""pl"": [364], ""cfs"": []}"
MACFL,2018,2232221015,1327117947,905103068,1043934040,1177400669,,-1902336855.0,222822388.0,54848558.0,33835307,491245840,,,,thousands,review,L5,"{""sfp"": [61, 60, 62], ""pl"": [], ""cfs"": []}"
MACFL,2020,2973952445,1762125064,1211827081,1024794484,1340899057,,-2107605178.0,57348678.0,-62855098.0,18194200,328537630,,,,thousands,ok,,"{""sfp"": [63, 62, 64], ""pl"": [], ""cfs"": []}"
MACFL,2021,,,,2493441540.0,1220808148.0,3025322805.0,,,,15687101.0,608560160.0,,,,thousands,ok,,"{""sfp"": [35, 34, 36], ""pl"": [35], ""cfs"": []}"
MACFL,2023,4617984415.0,,,2719918944.0,2141618670.0,5505462439.0,-4194009701.0,1311452738.0,379213514.0,267862572.0,1165508058.0,,,,thousands,ok,,"{""sfp"": [48, 47, 49], ""pl"": [], ""cfs"": []}"
MACFL,2024,4805661301,2568690030,2236971271,2536540862,2211627952,5619408233,-4693065958,926342275,2577203,146593352.0,1131640060.0,,,,thousands,review,L5,"{""sfp"": [109, 108, 110], ""pl"": [109], ""cfs"": []}"
MACFL,2025,5268977671,,,,2202918294.0,,,,536514973.0,,1235718099.0,,,,thousands,ok,,"{""sfp"": [113, 112, 114], ""pl"": [113], ""cfs"": []}"
MARI,2013,34192438,,,20472285,15274318.0,11777767,,,2421076,6508559,,,-338736,5374004,thousands,ok,,"{""sfp"": [75, 74, 76], ""pl"": [77], ""cfs"": [79, 78, 80]}"
MARI,2014,59463027,,,40628932,37997053.0,14877969,,,3943303,5307263,,,-345802,6096578,thousands,ok,,"{""sfp"": [83, 82, 84, 101], ""pl"": [85, 86], ""cfs"": [87, 86, 88]}"
MARI,2015,,,,41870090.0,39801986.0,,,,1805851.0,,,,-92626,6609010,thousands,ok,,"{""sfp"": [45], ""pl"": [46], ""cfs"": [47, 46, 48]}"
MARI,2016,59559647,42593724,16965923,32727282,35017149,,,,1468942.0,626154,,,-895051,12638329,thousands,ok,,"{""sfp"": [58], ""pl"": [59], ""cfs"": [60, 59, 61]}"
MARI,2017,93594967,68057297,25537670,65303768,56400758,26025546.0,,,,,,,-557916,7120289,thousands,ok,,"{""sfp"": [63], ""pl"": [64], ""cfs"": [65, 71]}"
MARI,2018,,,,115547849.0,96021626.0,40676368.0,,,15374340.0,7268908.0,,,-623547,20225239,thousands,ok,,"{""sfp"": [100, 104], ""pl"": [97], ""cfs"": [79, 78, 80]}"
MARI,2019,,,,,,59448007,,,24327088,,,,751503,20436053,thousands,review,L5;L5,"{""sfp"": [87], ""pl"": [88], ""cfs"": [55, 54, 56, 89]}"
MARI,2020,282077303,188928197,93149106,239912114,178586058,17848.85,,,,,,,,,thousands,ok,,"{""sfp"": [92], ""pl"": [93], ""cfs"": [94, 93, 95]}"
MARI,2021,,,,,,73018271,,,31444909,,,,-8996521,30137247,thousands,review,L5,"{""sfp"": [95], ""pl"": [96], ""cfs"": [97, 96, 98]}"
MARI,2022,185140025,54281258,130858767,85950046,38012839,95134477,,,33063011,,,,-18129026,49400044,thousands,review,L5,"{""sfp"": [95], ""pl"": [96], ""cfs"": [97]}"
MARI,2023,254596797,86170457,168426340,123795261,62635182,145769907,,,56128711,31703638,,,-19992535,56195343,thousands,review,L5,"{""sfp"": [207, 206, 208], ""pl"": [209, 208, 210], ""cfs"": [212, 211, 213]}"
MARI,2024,346572243,121664523,224907720,175836863,62946382,181828621,,,77288111,52210069,,,,,thousands,ok,,"{""sfp"": [139, 138, 140, 170], ""pl"": [140, 139, 141, 171], ""cfs"": [141, 140, 142, 172]}"
MARI,2025,422269783,150615728,271654055,191023495,67908692,177097104,,,65136416,38699211,,,,,thousands,ok,,"{""sfp"": [143, 142, 144, 176], ""pl"": [144, 143, 145, 177], ""cfs"": [145, 144, 146, 178]}"
MCB,2013,,,,,,1120157,655873,464284,21950141,,,,-12673334,69725490,thousands,ok,,"{""sfp"": [116, 197, 220], ""pl"": [117, 198, 221], ""cfs"": [119, 199, 222]}"
MCB,2014,941606486,805337280,110607343,,,,,,24324756,46753868,,,-15175107,53343418,thousands,review,L1,"{""sfp"": [134, 216, 242, 293], ""pl"": [135, 136, 243, 217], ""cfs"": [137, 244, 241]}"
MCB,2015,1020980021,878803401,142176620,,,1362188,,,366766,,,,,,thousands,ok,,"{""sfp"": [214, 263, 292], ""pl"": [215, 271], ""cfs"": [216, 280]}"
MCB,2016,1076690236,930730166,120661284,,,,,,,75732185,,,-17760058,21592869,thousands,review,L1,"{""sfp"": [154, 173, 283, 304, 305, 334], ""pl"": [155, 174, 292, 336], ""cfs"": [157, 337, 295]}"
MCB,2017,1373430450,1216887369,156543081,,,,,,22458901,,,,-17201874,121117843,thousands,ok,,"{""sfp"": [164, 267, 311, 325, 355], ""pl"": [165, 166, 268, 356], ""cfs"": [167, 269]}"
MCB,2018,1585210007,1433887128,163322879,,,,,,,49001673.0,,,,,thousands,review,L5;L5,"{""sfp"": [48, 47, 49], ""pl"": [53, 52, 54], ""cfs"": []}"
MCB,2019,,,,,,76295167,,,23976839,,,,-18838387,48192341,thousands,ok,,"{""sfp"": [197, 265, 266, 309, 396], ""pl"": [198, 199, 310, 397], ""cfs"": [201, 313]}"
MCB,2020,,,,,,,,,,,,,-11750637,285808110,thousands,ok,,"{""sfp"": [215, 260, 325, 412], ""pl"": [216, 326, 413, 270], ""cfs"": [219, 329]}"
MCB,2021,,,,,,89032524,5008845,4193871,31327754,,,,-34036857,110719196,thousands,review,L1,"{""sfp"": [236, 344, 431], ""pl"": [237, 345, 432], ""cfs"": [240, 348]}"
MCB,2022,,,,,,111769136,,,32740935,,,,-21807509,-68036386,thousands,ok,,"{""sfp"": [260, 334, 335, 374], ""pl"": [261, 375, 336], ""cfs"": [264, 378]}"
MCB,2023,,,,,,180616647,,,59631097,,,,-32308059,378129194,thousands,ok,,"{""sfp"": [293, 409], ""pl"": [294, 410], ""cfs"": [297, 413]}"
MCB,2024,2703339305,2433079965,270259340,,,186526748,,,,168507615,,,-42335753,-88209116,thousands,ok,,"{""sfp"": [308, 439], ""pl"": [309, 442], ""cfs"": [312]}"
MCB,2025,3247056962,2931315736,315741226,,,,,,58775408,190083526,,,-42299881,810607413,thousands,ok,,"{""sfp"": [329, 459], ""pl"": [461], ""cfs"": [333, 463]}"
MCBAH,2013,1411536548,138507619,127302892,714171624.0,97417388.0,,,,,4794987.0,,,,,thousands,review,L1;L5,"{""sfp"": [18, 17, 19], ""pl"": [], ""cfs"": []}"
MCBAH,2014,1607734001,253887995,1342095830,859471225,205956185,,,,,10554360,,,,,thousands,ok,,"{""sfp"": [18, 17, 19], ""pl"": [], ""cfs"": []}"
MCBAH,2015,2019331578.0,514292719.0,1493857836.0,1211528128.0,460442280.0,,,,,15912374.0,,,,,thousands,ok,,"{""sfp"": [18, 17, 19], ""pl"": [], ""cfs"": []}"
MCBAH,2016,2173870897,624642110,1549228787,1374123138,577404209,,,,,41867164,,,,,thousands,ok,,"{""sfp"": [31, 30, 32], ""pl"": [], ""cfs"": []}"
MCBAH,2017,2269940004,690402567,1579537437,1316474772,641389581,,,,,18692497,,,,,thousands,ok,,"{""sfp"": [37, 36, 38], ""pl"": [], ""cfs"": []}"
MCBAH,2018,2248727899,681191767,1567536132,1294049280,681191767,,,,,19491053,,,,,thousands,review,L5,"{""sfp"": [44, 43, 45], ""pl"": [], ""cfs"": []}"
MCBAH,2019,2044323310.0,582096997.0,1462226313.0,1158569157.0,539754315.0,,,,24235396.0,23165617.0,,,,,thousands,ok,,"{""sfp"": [50, 49, 51], ""pl"": [], ""cfs"": []}"
MCBAH,2020,2265572401,714876975,1550695426,1317909797,625453704,,,,257669113.0,19814591,,4586000,,,thousands,ok,,"{""sfp"": [49, 48, 50], ""pl"": [], ""cfs"": []}"
MCBAH,2021,2375510961.0,772381372.0,1603129589.0,1358967610.0,687203283.0,,,,376434163.0,43929106.0,,,,,thousands,ok,,"{""sfp"": [49, 48, 50], ""pl"": [], ""cfs"": []}"
MCBAH,2022,2232851172.0,798359938.0,1434491234.0,1208673054.0,699479906.0,,,,,51523257.0,,,,,thousands,ok,,"{""sfp"": [47, 46, 48], ""pl"": [], ""cfs"": []}"
MDTL,2017,,,,153976860.0,597864684.0,,,,,2686663.0,,,,,thousands,ok,,"{""sfp"": [65, 64, 66], ""pl"": [], ""cfs"": []}"
MDTL,2018,,,,124014274.0,663095804.0,,,39236980.0,-229271579.0,710626.0,,,,,thousands,ok,,"{""sfp"": [0, 1], ""pl"": [], ""cfs"": []}"
MDTL,2020,281892721,1126724357,-844831636,55765345,842075069,,,,-110019052.0,3469448.0,,,,,thousands,ok,,"{""sfp"": [51, 50, 52], ""pl"": [], ""cfs"": []}"
MDTL,2021,338162501,1296411761,-958249260,43133565.0,782357926.0,,,4483495.0,-114476289.0,5665791.0,,,,,thousands,ok,,"{""sfp"": [32, 31, 33], ""pl"": [], ""cfs"": []}"
MDTL,2022,417996336,,,56185117.0,826441456.0,,,42391354.0,,4174491.0,,,,,thousands,review,L2.5,"{""sfp"": [45, 44, 46, 94], ""pl"": [], ""cfs"": []}"
MEBL,2016,,,,,,,,,,,,,-3006982,-7740738,thousands,ok,,"{""sfp"": [132, 217, 277, 278], ""pl"": [133, 219], ""cfs"": [135, 134, 136, 225]}"
MEBL,2018,,,,,,35630013,,,8962200,,,,,,thousands,ok,,"{""sfp"": [142, 146, 221, 222], ""pl"": [143, 144, 223], ""cfs"": [225, 168]}"
MEBL,2019,,,,,,55859567,,,15232074,,,,-6080617,136080972,thousands,ok,,"{""sfp"": [212, 218, 294], ""pl"": [213, 295], ""cfs"": [216, 296]}"
MEBL,2020,,,,,,,,,22165606,,,,-8226110,272867150,thousands,ok,,"{""sfp"": [151, 236], ""pl"": [153, 238], ""cfs"": [155, 240]}"
MEBL,2021,,,,,,83812909,,,28355157,,,,-9515742,234566825,thousands,ok,,"{""sfp"": [144, 194, 195, 227], ""pl"": [145, 228], ""cfs"": [148, 147, 149, 229]}"
MEBL,2022,,,,,,140806814,,,45006610,,,,-7908045,638082992,thousands,ok,,"{""sfp"": [152, 239, 240, 309], ""pl"": [153, 154, 242], ""cfs"": [156, 155, 157, 267]}"
MEBL,2023,,,,,,,,,86023136,,,,-29819429,436179102,thousands,ok,,"{""sfp"": [163, 236, 254, 323], ""pl"": [164, 255, 313, 314], ""cfs"": [167, 166, 168, 257]}"
MEBL,2024,3900411330,3653427038,,,,315917305,,,101507524,,,,-52818741,361233307,thousands,ok,,"{""sfp"": [157, 261, 262, 338, 340], ""pl"": [158, 263, 264, 337, 340], ""cfs"": [161, 160, 162, 265]}"
MEBL,2025,4806560919,4527303796,279257123,,,285104330,,,89041250,330542818,,,-50331189,881296049,thousands,ok,,"{""sfp"": [160, 303], ""pl"": [161, 316], ""cfs"": [164, 163, 165]}"
MEHT,2013,9184669898,5057946184,4126723714,5041572077,3799073615,14225506412.0,12289367340.0,1936139072.0,668925394.0,13845947,3646587131,,,,thousands,ok,,"{""sfp"": [21, 20, 22], ""pl"": [], ""cfs"": []}"
MEHT,2014,9122070530,4673646975,4448423555,4862318668,3518138289,15475222284.0,-14115777722.0,1359444562.0,471699841.0,8772845,2667620149,,,,thousands,ok,,"{""sfp"": [21, 20, 22], ""pl"": [], ""cfs"": []}"
MEHT,2015,11488306002,6818759842,4669546160,7085081599,5784623850,13759434489.0,-12814320855.0,945113634.0,371122605.0,15137192,3402944706,,,,thousands,ok,,"{""sfp"": [20, 19, 21], ""pl"": [], ""cfs"": []}"
MEHT,2016,10696088150,6230414472,4465672678,6529268732,5524965109,13663708498.0,-12566324425.0,1097384073.0,,24977265,2542956536,,,,thousands,ok,,"{""sfp"": [21, 20, 22], ""pl"": [], ""cfs"": []}"
MEHT,2017,14368840516,9585962144,4782878372,9669730435,8724478230,,-14742034093.0,,,13360633,3336305119,,,,thousands,ok,,"{""sfp"": [23, 22, 24], ""pl"": [], ""cfs"": []}"
MEHT,2018,18205487872,13501092992,4704394880,11219297514,11448744423,,-16873902818.0,,224621031.0,32362744,4223178259,2346862,,,thousands,ok,,"{""sfp"": [29, 28, 30], ""pl"": [], ""cfs"": []}"
MEHT,2019,25266245562,16701737683,8564507879,12426349216,13351862060,24386739696.0,-21812853828.0,2573885868.0,831116504.0,24598057,7593497763,2472353,,,thousands,ok,,"{""sfp"": [29, 28, 30], ""pl"": [], ""cfs"": []}"
MEHT,2020,25447918491,16865439274,8582479217,12667080248,11263711644,24465188294.0,-22351654940.0,2113533354.0,71633065.0,45045826,7059216934,2438530,,,thousands,ok,,"{""sfp"": [32, 31, 33], ""pl"": [], ""cfs"": []}"
MEHT,2021,26824761426,16886795046,9937966380,12492091999,10652,27934497779.0,-24121441821.0,3813055958.0,1340603337.0,97604558.0,,,,,thousands,review,L5,"{""sfp"": [34, 33, 35], ""pl"": [], ""cfs"": []}"
MEHT,2022,39793110994,27142021311,12651089683,20679595520,18596826736,40969325542.0,-33538191582.0,7431133960.0,3178195303.0,46905744,11638417199,3051775,,,thousands,ok,,"{""sfp"": [38, 37, 39], ""pl"": [], ""cfs"": []}"
MEHT,2023,51370944910,37616276420,13754668490,27956175931,27937213264,54627481688.0,-46919000225.0,7708481463.0,1201948807.0,34613661,17736240320,3699840,,,thousands,ok,,"{""sfp"": [42, 41, 43], ""pl"": [], ""cfs"": []}"
MEHT,2024,,,,30478928310.0,28425809725.0,66583767005.0,-56855235797.0,9728531208.0,,31957577.0,,,,,thousands,ok,,"{""sfp"": [43, 42, 44], ""pl"": [], ""cfs"": []}"
MEHT,2025,,,,31610181052.0,29179206567.0,57071382737.0,-49107864833.0,7963517904.0,,98405057.0,,,,,thousands,ok,,"{""sfp"": [40, 39, 41], ""pl"": [], ""cfs"": []}"
MERIT,2013,1280626892.0,,,620501070.0,569591778.0,1389258616.0,-1323784049.0,65474567.0,-88428473.0,922499.0,302099815.0,,,,thousands,ok,,"{""sfp"": [18, 17, 19], ""pl"": [], ""cfs"": []}"
MERIT,2015,1690524164,1168080130,522444034,928365855,554955130,2023248518.0,-1850912809.0,172335709.0,,46436787,263543357,,,,thousands,ok,,"{""sfp"": [30, 29, 31], ""pl"": [], ""cfs"": []}"
MERIT,2016,2409300821,1828039413,581261408,934175510,1059407533.0,1606868470.0,-1478122599.0,128745871.0,3167263.0,1435846.0,297712309.0,,,,thousands,ok,,"{""sfp"": [25, 24, 26], ""pl"": [], ""cfs"": []}"
MERIT,2017,3045773402.0,,,1099501042.0,1138642376.0,1801452074.0,-1617464470.0,183987604.0,32676770.0,2050678.0,326353452.0,,,,thousands,ok,,"{""sfp"": [32, 31, 33], ""pl"": [], ""cfs"": []}"
MERIT,2018,3766076295,2769976518,996099777,1426462701.0,1602604473.0,2449541047.0,-2258441623.0,191099424.0,,7787946.0,384901376.0,,,,thousands,ok,,"{""sfp"": [36, 35, 37], ""pl"": [], ""cfs"": []}"
MERIT,2019,4623198822.0,,,1470189652.0,2162509376.0,2859838021.0,-2854538973.0,5299048.0,,4140242.0,547387193.0,,,,thousands,ok,,"{""sfp"": [34, 33, 35], ""pl"": [], ""cfs"": []}"
MERIT,2020,4713487565.0,,,1643657549.0,1692788945.0,2158386265.0,-2357088614.0,,,9335125.0,520444211.0,,,,thousands,ok,,"{""sfp"": [34, 33, 35], ""pl"": [], ""cfs"": []}"
MERIT,2021,4975731395,4426415014,549316381,1765082951,2018131473,2902559086.0,-2944958201.0,-42399115.0,,3539259,537334830,,,,thousands,review,L5,"{""sfp"": [103, 102, 104], ""pl"": [], ""cfs"": []}"
MERIT,2022,5539153142,3693638957,1845514185,2313492803,2052143266,4181646875.0,-3928729810.0,,,6846936,700740532,,,,thousands,ok,,"{""sfp"": [75, 74, 76], ""pl"": [], ""cfs"": []}"
MERIT,2023,7122703005,4200475147,2922227858,2679293611,2632723392.0,6340623574.0,-5849026445.0,,-136601943.0,5646512.0,763974549.0,,,,thousands,ok,,"{""sfp"": [66, 65, 67], ""pl"": [], ""cfs"": []}"
MERIT,2024,5327782703,2403870141,2923912562,2253834468,2071023922,6638477368.0,-6180364067.0,458113301.0,-186362422.0,21309718,452569120,,,,thousands,review,L5,"{""sfp"": [70, 69, 71], ""pl"": [], ""cfs"": []}"
MERIT,2025,5016741651,2744676318,2272065333,2022589454,2361059499,,-5309665888.0,,-599667526.0,2657049.0,545652000.0,,,,thousands,review,L5,"{""sfp"": [90, 89, 91], ""pl"": [], ""cfs"": []}"
MFFL,2016,1415000146,874078641,540921505,733751811,725058292,1679461946.0,-1286380012.0,393081934.0,,19686493,376429996,,,,thousands,ok,,"{""sfp"": [40, 39, 41], ""pl"": [], ""cfs"": []}"
MFFL,2018,1493308822,12840094,,797014958,1164279672.0,1628007964.0,-1375118880.0,252889084.0,-292619064.0,13111080,461616862,,,,thousands,ok,,"{""sfp"": [34, 33, 35], ""pl"": [], ""cfs"": []}"
MFFL,2019,1343493757,,,704701660,1104259444.0,1987552095.0,,434413096.0,-80005513.0,18787336,277274045,,,,thousands,ok,,"{""sfp"": [42, 41, 43], ""pl"": [], ""cfs"": []}"
MFFL,2020,1380619277,1306309500,74309777,766271109,1172079040,2112492576.0,-1670069764.0,442422812.0,-55445435.0,35392236,335418696,,,,thousands,ok,,"{""sfp"": [52, 51, 53], ""pl"": [], ""cfs"": []}"
MFFL,2021,1708656553,,,1013993620,745854656.0,2210619831.0,-1721279887.0,489339944.0,,12626979,407053602,,,,thousands,ok,,"{""sfp"": [48, 47, 49], ""pl"": [], ""cfs"": []}"
MFFL,2022,1641902921,,,944132018,1303224906.0,2489291011.0,-2295470632.0,193820379.0,,21624400,430965294,,,,thousands,ok,,"{""sfp"": [42, 41, 43], ""pl"": [], ""cfs"": []}"
MFFL,2023,1620534247.0,,,964213828.0,1350854645.0,2724930890.0,,648116206.0,,21312106.0,,,,,thousands,ok,,"{""sfp"": [44, 43, 45], ""pl"": [], ""cfs"": []}"
MFFL,2024,1711647475.0,,,1104969195.0,967122709.0,2642163811.0,-1852996860.0,789166951.0,,58294718.0,,,,,thousands,ok,,"{""sfp"": [45, 44, 46], ""pl"": [], ""cfs"": []}"
MFL,2018,9048412940,4919745900,4128667040,6835696,4499637241.0,6869392098.0,-5862040117.0,1007351981.0,308292955.0,,,,,,thousands,review,L5,"{""sfp"": [48, 47, 49], ""pl"": [], ""cfs"": []}"
MFL,2019,9574964173.0,5067989874.0,,6830363896.0,4610961775.0,,,914509738.0,413836287.0,78380942.0,,,,,thousands,ok,,"{""sfp"": [], ""pl"": [], ""cfs"": []}"
MFL,2020,13836283386,7068235685,6768047701,8670146539,6342857352,,-10273971964.0,1015989929.0,151928178.0,298290025,6642523350,,,,thousands,ok,,"{""sfp"": [24, 23, 25], ""pl"": [], ""cfs"": []}"
MFL,2021,13853197038.0,7202078553,6651118485,8701828176.0,6360069473,10556620789.0,-9909427766.0,647193023.0,,104960484.0,,,,,thousands,ok,,"{""sfp"": [43, 103], ""pl"": [], ""cfs"": []}"
MFL,2023,21046906638,13562760687,7484145951,12978763862.0,11316783519,19985401101.0,-17532145553.0,2453255548.0,,,,,,,thousands,ok,,"{""sfp"": [45, 105], ""pl"": [], ""cfs"": []}"
MFL,2024,27539074997,17551453137,9987621860,15804287662.0,14922746822,27695667805.0,-24524645802.0,3171022003.0,,357418696.0,,,,,thousands,ok,,"{""sfp"": [44, 110], ""pl"": [], ""cfs"": []}"
MFL,2025,29962455350,19559545900,10402909450,18522341796.0,17343612038,26654376270.0,-23308052386.0,3346323884.0,,353441973.0,,,,,thousands,ok,,"{""sfp"": [66, 119], ""pl"": [], ""cfs"": []}"
MIRKS,2014,3234651.0,,,1060759.0,1019325.0,3330536,-3074914,255622,82184,20339.0,274256.0,,,155756,thousands,ok,,"{""sfp"": [54, 53, 55], ""pl"": [55, 54, 56], ""cfs"": [57, 56, 58]}"
MIRKS,2015,4236508.0,,,1889474.0,1217943.0,3061737,-2736332,325405,103940,56156.0,387049.0,,,47568,thousands,ok,,"{""sfp"": [66, 65, 67], ""pl"": [67, 66, 68], ""cfs"": [69, 68, 70]}"
MIRKS,2016,5262464,2321811,2940653,2472894,146546,3762892,-3434737,328155,150069,21033.0,218560.0,,-72180,374186,thousands,review,L5,"{""sfp"": [61, 60, 62], ""pl"": [62, 61, 63], ""cfs"": [64, 63, 65]}"
MIRKS,2017,7380855,4872887,2507968,4131912,3648113,2802150,-2849191,-47041,-270044,22623,2029952,,,,thousands,ok,,"{""sfp"": [62, 61, 63, 102], ""pl"": [63, 62, 64, 103], ""cfs"": [65, 64, 66, 105]}"
MIRKS,2018,6505183,4254878,2250305,3040132,2914100,4170397,-3788510,381887,73244,18311,1074451,,,,thousands,ok,,"{""sfp"": [123, 122, 124, 156], ""pl"": [124, 123, 125, 157], ""cfs"": [126, 125, 127, 168]}"
MIRKS,2019,5800571,3816666,1983905,1827130,2547469,3728986,-3121032,607954,307188,42395,976972,,-17390,882099,thousands,ok,,"{""sfp"": [149, 148, 150, 195], ""pl"": [150, 149, 151, 196], ""cfs"": [152, 151, 153, 120, 197]}"
MIRKS,2021,7743795.0,,,2435931.0,2779786.0,,-3578666.0,282776.0,,35344.0,984208.0,,,,thousands,ok,,"{""sfp"": [155, 156], ""pl"": [156, 157], ""cfs"": [111, 163]}"
MIRKS,2022,,,,,,,,,203626,,,,,-142814,thousands,ok,,"{""sfp"": [159, 160], ""pl"": [161], ""cfs"": [109, 162, 163, 128]}"
MIRKS,2023,13823945,9731932,4092013,4587255,6670830,7779469,-6416207,1363262,839316,34879,2407741,,,-745891,thousands,ok,,"{""sfp"": [175, 174, 176], ""pl"": [176, 175, 177], ""cfs"": [178, 177, 179]}"
MIRKS,2024,13782896,11285663,2497233,5497374,7984232,11969725,-11149846,819879,-2221448,55069,2180809,,,,thousands,ok,,"{""sfp"": [208, 207, 209], ""pl"": [209, 208, 210], ""cfs"": [211, 210, 212]}"
MLCF,2013,,,,,,,,,,,,,-179253,5042545,thousands,ok,,"{""sfp"": [], ""pl"": [], ""cfs"": [68, 67, 69]}"
MLCF,2014,31911305,,,7145445,7132572.0,18968547,-12445562,6522985,2830174,206844,1151460,,,5951030,thousands,ok,,"{""sfp"": [97, 96, 98, 131, 154, 156, 161], ""pl"": [99, 98, 100], ""cfs"": [101, 100, 102, 80]}"
MLCF,2015,31221317,,,7439205,8144461.0,20720054,-13224431,7495623,3454295,244400,1206573,,524391,6571743,thousands,ok,,"{""sfp"": [110, 109, 111], ""pl"": [112, 111, 113], ""cfs"": [114, 113, 115, 89]}"
MLCF,2016,32021696,,,8477707,7077708.0,23432696,-13410564,10022132,4884585,394474,872820,,-1283026,7971930,thousands,ok,,"{""sfp"": [104, 103, 105], ""pl"": [106, 105, 107], ""cfs"": [108, 107, 109]}"
MLCF,2017,38816773,15108712,23708061,10411631,7764031,23992079,-14509777,9482302,4777081,413958,1301235,,-2315788,5623810,thousands,ok,,"{""sfp"": [128, 127, 129, 204], ""pl"": [130, 129, 131, 206], ""cfs"": [132, 131, 133, 105, 208]}"
MLCF,2018,58728528,,,12731681,12585464.0,25699113,-18183189,7515924,3632201,632662,1193506,,-1804561,5771492,thousands,ok,,"{""sfp"": [145, 144, 146, 217], ""pl"": [147, 146, 148, 219], ""cfs"": [149, 148, 150, 122, 221]}"
MLCF,2019,65957775,,,14206878,14164518.0,26005944,-21088864,4917080,1465299,494398,1739014,,-663880,6280960,thousands,ok,,"{""sfp"": [147, 146, 148, 225], ""pl"": [149, 148, 150, 227], ""cfs"": [151, 150, 152, 126, 229]}"
MLCF,2020,66009771,,,16607191,15313775.0,29117734,-29845269,-727535,-4843265,1046267,1779404,,-289361,-937724,thousands,ok,,"{""sfp"": [153, 152, 154, 235], ""pl"": [155, 154, 156, 237], ""cfs"": [157, 156, 158, 130, 239]}"
MLCF,2021,66239278,28696737,37542541,16923416,11449448.0,35640181,-28135419,7504762,6254109,490329,2150183,,-19919,6551967,thousands,ok,,"{""sfp"": [161, 160, 162], ""pl"": [163, 162, 164], ""cfs"": [165, 164, 166]}"
MLCF,2022,82214210,,,20321989,16193391.0,48519622.0,-36244156.0,12275466.0,3626340,793576,2695621,,,8334083,thousands,ok,,"{""sfp"": [182, 181, 183, 270], ""pl"": [185, 273], ""cfs"": [186, 185, 187, 159, 274]}"
MLCF,2023,,,,,,62075259,-45651503,16423756,4491669,,,,,20143665,thousands,ok,,"{""sfp"": [], ""pl"": [98, 142], ""cfs"": [99, 98, 100, 86, 143]}"
MLCF,2024,99365682,46749774,52615908,26867837,18597800,66452348.0,-45488064.0,20964284.0,5272527.0,1133412,3256553,,,,thousands,ok,,"{""sfp"": [188, 187, 189, 358], ""pl"": [338], ""cfs"": []}"
MLCF,2025,119106271,,71461592.0,35752604,23330491.0,,-45195630.0,23746816.0,17036374,1615481,4442989,,,19316637,thousands,ok,,"{""sfp"": [200, 199, 201, 324], ""pl"": [203], ""cfs"": [179]}"
MODAM,2018,,,,,864348969.0,,,,,41465058.0,,,,,thousands,ok,,"{""sfp"": [], ""pl"": [], ""cfs"": []}"
MQTM,2013,,,,,412599571.0,554284.0,,493376536.0,,,,,,,thousands,ok,,"{""sfp"": [], ""pl"": [], ""cfs"": []}"
MQTM,2014,2575909651,1272625345,1303284306,779414549,772681545,4928430523.0,-4593306322.0,335124201.0,35991595.0,21089480,336884211,,,,thousands,review,L2.5,"{""sfp"": [17, 16, 18], ""pl"": [], ""cfs"": []}"
MQTM,2015,2923970014,1680244098,1243725916,1144603808,1268927127,4014689127.0,-3778856644.0,235832483.0,,48435632,573037193,,,,thousands,review,L2.5;L5,"{""sfp"": [17, 16, 18], ""pl"": [], ""cfs"": []}"
MQTM,2016,3160975825,1974881749,1186094076,1305025471,1504117787,4280589829.0,-4053312592.0,227277237.0,-60367736.0,17845776,787451069,,,,thousands,review,L2.5,"{""sfp"": [18, 17, 19], ""pl"": [], ""cfs"": []}"
MQTM,2017,3106830466,1870987210,1235843256,1261142050,1459117649,4863138768.0,-4531257768.0,331881000.0,,32176107,674239168,,,,thousands,review,L2.5,"{""sfp"": [22, 21, 23], ""pl"": [], ""cfs"": []}"
MQTM,2018,3432096636,2139761242,12923,1626487075.0,1798651804.0,5598969124.0,-5200444719.0,398524405.0,54706187.0,72989814.0,,,,,thousands,review,L1;L2.5,"{""sfp"": [26, 25, 27], ""pl"": [], ""cfs"": []}"
MQTM,2019,4786114227.0,,,2043682394.0,2292102546.0,6234762289.0,-5717727994.0,517034295.0,72836506.0,20709594.0,,,,,thousands,ok,,"{""sfp"": [27, 26, 28], ""pl"": [], ""cfs"": []}"
MQTM,2020,5235884830,3341063309,1894821521,2439974031,2601951471,,-5221667067.0,620022492.0,26391757.0,35504251,1381199453,,,,thousands,ok,,"{""sfp"": [29, 28, 30], ""pl"": [], ""cfs"": []}"
MQTM,2021,5476686339,3365670492,2111015847,2014656025.0,2184018733.0,,-6630773450.0,720967377.0,156270980.0,6143735.0,,,,,thousands,review,L2.5;L2.5,"{""sfp"": [28, 27, 29], ""pl"": [], ""cfs"": []}"
MQTM,2022,8010322016,5127042410,2883279606,3603987132,3727375688,,-9232415060.0,1148653217.0,268512249.0,29520661,1464491019,,,,thousands,review,L2.5;L2.5,"{""sfp"": [26, 25, 27], ""pl"": [], ""cfs"": []}"
MQTM,2023,8501667587,5872790261,2628877326,4029240507,4632887885,,-9032053190.0,805083744.0,,37211751,1644631956,,,,thousands,review,L2.5;L2.5,"{""sfp"": [26, 25, 27], ""pl"": [], ""cfs"": []}"
MQTM,2024,9166545377,6699190437,2389476125,3921404046,5445231180,,-9934081620.0,379646619.0,-698417085.0,7488368,1838369038,,,,thousands,review,L2.5;L2.5;L5,"{""sfp"": [27, 26, 28], ""pl"": [], ""cfs"": []}"
MQTM,2025,9017497835.0,,,3540126755.0,5203870332.0,,-8401794208.0,58205663.0,-827613054.0,4171522.0,,,,,thousands,review,L2.5,"{""sfp"": [30, 29, 31], ""pl"": [], ""cfs"": []}"
MRNS,2016,4516738096,2193322641,,,1541237070.0,,,,,34438332.0,412035787.0,,,,thousands,ok,,"{""sfp"": [46, 45, 47], ""pl"": [46], ""cfs"": []}"
MRNS,2018,6834397964.0,,,3474975061.0,3049393637.0,,-4201109587.0,589680271.0,,15954187.0,1167157420.0,,,,thousands,ok,,"{""sfp"": [95, 94, 96, 142], ""pl"": [], ""cfs"": []}"
MRNS,2019,6963449324,4548552474,2414896850,3409528894,3410036,,-4491460810.0,,,672983635.0,1060595943.0,,,,thousands,review,L5,"{""sfp"": [95, 94, 96, 143], ""pl"": [], ""cfs"": []}"
MRNS,2020,5200722651,2593215821,2607506830,1692560835,1111141331,,-5960056278.0,464619317.0,,10140845,60781473,,,,thousands,ok,,"{""sfp"": [93, 92, 94, 145], ""pl"": [], ""cfs"": []}"
MRNS,2021,5892781112,3396953983,2495827129,2211108897,2118641430,,-5426675320.0,636863019.0,,10848736,561564239.0,,,,thousands,ok,,"{""sfp"": [83, 82, 84, 143], ""pl"": [], ""cfs"": []}"
MRNS,2022,6595892584,3846241631,2749650953,2721409121,2966794352.0,,-6090620461.0,807406473.0,,33265542.0,1553309866.0,,,,thousands,review,L5,"{""sfp"": [91, 90, 92, 143], ""pl"": [], ""cfs"": []}"
MRNS,2023,6603490128,2724040066,3879450062,2332685657,1456324591,,,,,46795976,592614705,,,,thousands,review,L5;L5;L5;L5;L5,"{""sfp"": [87, 137], ""pl"": [], ""cfs"": []}"
MRNS,2024,7804259558,5023522329,2780737229,4188425124,3978359117,,,,,88406886,2599018609,,,,thousands,review,L5;L5;L5;L5;L5,"{""sfp"": [91, 131], ""pl"": [], ""cfs"": []}"
MRNS,2025,7408307596,2640644821,4767662775,3722627178,1616653858,,-11563133425.0,2010154863.0,,35600986,367939062,,,,thousands,ok,,"{""sfp"": [81, 80, 82], ""pl"": [], ""cfs"": []}"
MSCL,2025,,,,,,100747,-112430,-11683,-12423,,,,,16582,thousands,ok,,"{""sfp"": [22, 21, 23], ""pl"": [23, 22, 24], ""cfs"": [25, 24, 26]}"
MTIL,2017,,,,,,,,,60403,,,,,,thousands,ok,,"{""sfp"": [], ""pl"": [5, 4, 6], ""cfs"": [13]}"
MTL,2013,10125402,5361562,4763840,8732156,5331414,22698651,18688384,4010267,2138646,2087580,2601698,,-2509415,1990541,thousands,ok,,"{""sfp"": [57, 56, 58, 126], ""pl"": [59, 58, 60, 134], ""cfs"": [61, 60, 62, 135]}"
MTL,2014,7018100,,,5421289,2500805.0,16589996,13613305,2976691,1481864,1118174,2433690,,-1847699,365624,thousands,ok,,"{""sfp"": [71, 70, 72, 113], ""pl"": [73, 72, 74, 115], ""cfs"": [75, 74, 76, 117]}"
MTL,2015,7709225,2997782,4711443,6239303,2976973,22937917,18541448,4396469,2382421,1082170,2429982,,-1958284,2294250,thousands,ok,,"{""sfp"": [57, 56, 58, 105], ""pl"": [59, 58, 60, 107], ""cfs"": [61, 60, 62, 109]}"
MTL,2016,9651322,,,8320644,5408881.0,16913832,13577972,3335860,1750298,2562252,2545484,,-2067524,3505150,thousands,ok,,"{""sfp"": [77, 76, 78, 131, 173], ""pl"": [79, 78, 80, 136, 166], ""cfs"": [81, 80, 82, 146]}"
MTL,2017,17130609,,5749853,15622341,11350121,30013921,22916592,7097329,4257533,2061003,3646581,,-2918213,7900148,thousands,ok,,"{""sfp"": [62, 61, 63, 151], ""pl"": [64, 63, 65, 152], ""cfs"": [66, 65, 67, 153]}"
MTL,2018,16571365,,,14876359,10822231.0,38517147,30082372,8434775,5334362,520140,4157062,,-5252986,3655560,thousands,ok,,"{""sfp"": [73, 72, 74, 147], ""pl"": [75, 74, 76], ""cfs"": [77, 76, 78]}"
MTL,2019,10574184,,,7964021,5728286.0,31144057,25197690,5946367,3638045,851988,3148589,,,,thousands,review,L5,"{""sfp"": [89, 88, 90, 157], ""pl"": [91, 90, 92], ""cfs"": []}"
MTL,2020,13694678,8058695,5635983,,7575921,22942275,18696679,4245596,2150548,,,,,,thousands,ok,,"{""sfp"": [99, 167], ""pl"": [101], ""cfs"": []}"
MTL,2021,24806249,,,17481439,14543064.0,43953778,34682684,9271094,5780927,849602,5372584,,,,thousands,review,L5,"{""sfp"": [116, 115, 117], ""pl"": [118, 117, 119], ""cfs"": []}"
MTL,2022,20066325,12999063,7067262,,,53374415,43176940,10197475,5426626,,,,,,thousands,ok,,"{""sfp"": [103, 198], ""pl"": [105], ""cfs"": []}"
MTL,2023,25692934,17975282,7717652,17766037,15685887.0,44190843,-35348453,8842390,3377636,1006725,9803885,,,,thousands,ok,,"{""sfp"": [103, 102, 104, 183], ""pl"": [105, 104, 106, 194], ""cfs"": []}"
MTL,2024,30360004,,,22517991,18712967.0,91508626,-70855759,20652867,9916605,1368368,13827561,,,,thousands,ok,,"{""sfp"": [111, 110, 112, 198], ""pl"": [113, 112, 114], ""cfs"": []}"
MTL,2025,32988591,,,24974383,24345707.0,52108997,-38241906,13867091,6372928,1565748,12836160,,,,thousands,ok,,"{""sfp"": [107, 106, 108], ""pl"": [109, 108, 110], ""cfs"": []}"
MUBT,2017,161424979.0,,,12092227.0,61547971.0,,,,-1568654.0,,,,,,thousands,ok,,"{""sfp"": [], ""pl"": [], ""cfs"": []}"
MUBT,2019,,,,,,,,,-712004.0,,,,,,thousands,ok,,"{""sfp"": [], ""pl"": [], ""cfs"": []}"
MUGHAL,2017,16023726703,9386628416,6637098287,11748962540,8743575879,,,1941830902.0,990759915.0,2033228213,5381802193,,,,thousands,ok,,"{""sfp"": [93, 92, 94], ""pl"": [], ""cfs"": []}"
MUGHAL,2018,17474756520,10008423765,7466332755,11130324119.0,8440179837.0,,,2794411639.0,1290214932.0,,,,,,thousands,ok,,"{""sfp"": [98, 97, 99], ""pl"": [], ""cfs"": []}"
MUGHAL,2019,22641009135,15137075324,,14013181270.0,11355818606.0,,,3188993589.0,1372931179.0,,,,,,thousands,ok,,"{""sfp"": [113, 112, 114], ""pl"": [], ""cfs"": []}"
MUGHAL,2020,,,,15640301696.0,14009074266.0,,,2617448587.0,592872065.0,,,,,,thousands,ok,,"{""sfp"": [113, 112, 114], ""pl"": [], ""cfs"": []}"
MUGHAL,2021,,,,25940781797.0,18889957745.0,,,6691368162.0,3429149696.0,,,,,,thousands,ok,,"{""sfp"": [93, 92, 94], ""pl"": [], ""cfs"": []}"
MUGHAL,2022,53085459743,32238381504,20847078239,36552897340,25251327353,,,10127887579.0,5410959141.0,5175634586,22962971000,,,,thousands,ok,,"{""sfp"": [83, 82, 84], ""pl"": [], ""cfs"": []}"
MUGHAL,2023,59831987478,34459551532,25372435946,40021096797,26592116736,67390171,57719143,9671028,3480485,28851,,,,,thousands,review,L5;L5,"{""sfp"": [83, 82, 84], ""pl"": [63, 64], ""cfs"": []}"
MUGHAL,2024,69077171486,42941680876,26135490610,46223585320,37623106566,105554327171.0,,7717627240.0,1999888711.0,3568109063,26075368171,,,,thousands,ok,,"{""sfp"": [80, 79, 81, 155], ""pl"": [], ""cfs"": []}"
MUGHAL,2025,67692661842.0,,,41627720106.0,31346711747.0,102791772465.0,,8137973298.0,965518174.0,,,,,,thousands,ok,,"{""sfp"": [82, 81, 83, 153], ""pl"": [], ""cfs"": []}"
NAGC,2013,2883654084,1040841466.0,1842812618.0,1778966907,554739823.0,4569161442.0,-4002305639.0,566855803.0,253832932.0,4419042,638772492,,,,thousands,ok,,"{""sfp"": [28, 27, 29], ""pl"": [], ""cfs"": []}"
NAGC,2014,2768307622,898091027,1870216595,1436633153,415608531,4208113516.0,-3818880520.0,389232996.0,133688757.0,89612936,478506703,,,,thousands,ok,,"{""sfp"": [28, 27, 29], ""pl"": [], ""cfs"": []}"
NAGC,2015,3057405403,1339670832,1717734571,1601731613,634924929,4267868825.0,-4116388155.0,151480670.0,,186671500,724010229,,,,thousands,ok,,"{""sfp"": [36, 35, 37], ""pl"": [], ""cfs"": []}"
NAGC,2016,3657194114,1900985390,1756208724,2087525843,1023956626,5242033350.0,-4888738900.0,353294450.0,,21870624,715961623,,,,thousands,ok,,"{""sfp"": [34, 33, 35], ""pl"": [], ""cfs"": []}"
NAGC,2017,4931736484,3064862856,1866873628,3477499056,2302234905,,-5364407671.0,514146580.0,158202496.0,522089194,1233516051,,,,thousands,ok,,"{""sfp"": [38, 37, 39], ""pl"": [], ""cfs"": []}"
NAGC,2018,4931736484,3064862856.0,1866873628.0,3477499056,2302234905.0,,-5364407671.0,514146580.0,158202496.0,522089194,1233516051,,,,thousands,ok,,"{""sfp"": [38, 37, 39], ""pl"": [], ""cfs"": []}"
NAGC,2019,5816796485,3792883426,2023913059,3761557063,2654984904.0,6932309534.0,-6099883365.0,832426169.0,308619662.0,153195545,1199645565,,,,thousands,ok,,"{""sfp"": [40, 39, 41], ""pl"": [], ""cfs"": []}"
NAGC,2020,6924312807,5043817781.0,1880495026.0,3950959731,2722251428.0,7070172001.0,-6476350860.0,593821141.0,7629376.0,43331820,2562080674,,,,thousands,ok,,"{""sfp"": [42, 41, 43], ""pl"": [], ""cfs"": []}"
NAGC,2021,6389585460,3821188640,2568396820,3623049759,1553457290,,-5765306696.0,1419327900.0,743498254.0,196886310,1304889314,,,,thousands,ok,,"{""sfp"": [40, 39, 41], ""pl"": [], ""cfs"": []}"
NAGC,2022,10172038421,5864537396,4307501025,5928398855,2472449407,,-8727910541.0,2507668159.0,1812561926.0,76074875,2984868230,,,,thousands,ok,,"{""sfp"": [36, 35, 37], ""pl"": [], ""cfs"": []}"
NAGC,2023,12587753073,7921713722,4667039351,6361218193,3007872576,,-11479120128.0,1339637590.0,589947021.0,237195795,3506232808,,,,thousands,ok,,"{""sfp"": [38, 37, 39], ""pl"": [], ""cfs"": []}"
NAGC,2024,12730251657,8001882834,4728368823,6751388326,2963476463,,-18834290751.0,1613829486.0,77024988.0,125918422,2345519612,,,,thousands,ok,,"{""sfp"": [38, 37, 39], ""pl"": [], ""cfs"": []}"
NAGC,2025,14597792646,9838261426.0,4759531220.0,9008689948,5239329105.0,,-18248680028.0,1609201158.0,50416692.0,107056558,4643518733,,,,thousands,ok,,"{""sfp"": [42, 41, 43], ""pl"": [], ""cfs"": []}"
NATF,2014,4982449,2774531,2207918,3652481,2629876,9725258,,,708492.0,,,,,,thousands,review,L5,"{""sfp"": [38, 37, 39, 56], ""pl"": [38, 37, 39, 56], ""cfs"": [39, 38, 40, 57]}"
NATF,2015,5595913,2804465,2791448,4003621,2691556,11715640,-7558786,4156854,,37041.0,,,-412814,1413738,thousands,ok,,"{""sfp"": [37, 55], ""pl"": [37, 55], ""cfs"": [56, 55, 57, 38]}"
NATF,2016,6575253,4186049,2483772,4454221,4091481,13183185,-8937467,4245718,773676,56979.0,,,-1031839000,,thousands,review,L1;L5,"{""sfp"": [39, 38, 40, 57], ""pl"": [39, 38, 40, 57], ""cfs"": [40, 39, 41, 34, 58]}"
NATF,2017,7918609,4738920,3179689,4718695,4449639,14801551,-9910969,,,90288.0,,,,,thousands,review,L5,"{""sfp"": [57, 56, 58], ""pl"": [57, 56, 58], ""cfs"": [58, 57, 59]}"
NATF,2018,8807929,5149636,3658293,4499479,4990260,16178301,-10614639,5563662,946606,229728,3072291,,-432477,1310528,thousands,ok,,"{""sfp"": [66, 65, 67], ""pl"": [66, 65, 67], ""cfs"": [89, 88, 90]}"
NATF,2020,11672714,6749057,4923657,6681263,552878,,,,,586827.0,,,-530852000,2991538000,thousands,review,L5,"{""sfp"": [73, 72, 74, 97], ""pl"": [73, 72, 74, 97], ""cfs"": [74, 73, 75, 66, 98]}"
NATF,2022,18860863.0,,,,11847726.0,,,,1965078,712989.0,6628926.0,,,,thousands,ok,,"{""sfp"": [91, 90, 92], ""pl"": [91, 90, 92], ""cfs"": [83]}"
NATF,2023,25156377,17631773,7524604,15140644,14186339,,,10015733.0,,1191325.0,9769284.0,,,,thousands,review,L5,"{""sfp"": [105, 104, 106, 147], ""pl"": [105, 104, 106, 147], ""cfs"": []}"
NATF,2024,27146770.0,,,,13018717.0,37377245.0,,,1268568,4358974.0,,930194,-1310299000,,thousands,ok,,"{""sfp"": [72, 71, 73, 105], ""pl"": [72, 71, 73, 105], ""cfs"": [64]}"
NATF,2025,45487881.0,,16022233.0,,73864738.0,101306925,69441480,,,,,,,,thousands,ok,,"{""sfp"": [71, 99, 119], ""pl"": [63, 62, 64, 85, 104], ""cfs"": [61]}"
NBP,2013,1364341.0,,,,,,,,,,,,,,thousands,ok,,"{""sfp"": [58, 134, 161], ""pl"": [59, 135, 162], ""cfs"": [61, 60, 62, 135]}"
NBP,2014,1543054.0,,,,,,,,,,,,,,thousands,ok,,"{""sfp"": [102, 212], ""pl"": [103, 213], ""cfs"": [105, 104, 106, 215]}"
NBP,2017,,,,,,,,,,,,,,495827,thousands,ok,,"{""sfp"": [113, 185, 216], ""pl"": [114, 186, 217], ""cfs"": [116, 115, 117, 186, 219]}"
NBP,2021,3846684469,3560481904,286202565,,,,,,,296414126,,,,,thousands,ok,,"{""sfp"": [74, 77, 92, 93, 94, 95, 96, 97, 100, 104, 109, 110, 111, 112], ""pl"": [69], ""cfs"": []}"
NBP,2022,5240424546,4399576787,300847759,,,,,,,,,,,,thousands,review,L1,"{""sfp"": [45, 89, 94, 97, 112, 113, 114, 115, 116, 117, 120, 124, 157, 158], ""pl"": [46, 47, 89, 114, 115, 116, 117, 159, 94, 97, 112, 113, 120, 124], ""cfs"": [49, 48, 50, 161]}"
NBP,2023,140160540,130300279,9860261,,,21584554,,,3529477,10248305,,,,,thousands,ok,,"{""sfp"": [49, 171, 172, 284], ""pl"": [50, 157, 284, 175], ""cfs"": [53, 52, 54, 221]}"
NCL,2017,34622602800,22614628017,12007974783,18707295106,18311946417,29815994272.0,-26916200873.0,2899793399.0,1621331852.0,44549361,8650119999,,,,thousands,ok,,"{""sfp"": [27, 26, 28], ""pl"": [], ""cfs"": []}"
NCL,2018,39393598586,25683149235,13710449351,24808457474,20926882785,35560396444.0,-31289052624.0,4271343820.0,2363083847.0,76444854,10447356778,,,,thousands,ok,,"{""sfp"": [31, 30, 32], ""pl"": [], ""cfs"": []}"
NCL,2019,43507943454,28169505012.0,15338438442.0,29043474633,24512068712.0,39337640505.0,-34450127944.0,4887512561.0,3167591540.0,17728377,15721247262,,,,thousands,review,L2.5,"{""sfp"": [35, 34, 36, 99], ""pl"": [], ""cfs"": []}"
NCL,2020,47750603577,34113205302,13637398275,29157859585,28036167953,35666860338.0,-31462473755.0,4204386583.0,265369380.0,47467302,19988076994,,,,thousands,review,L2.5,"{""sfp"": [37, 36, 38, 103], ""pl"": [], ""cfs"": []}"
NCL,2021,51770042062,32773906031.0,18996136031.0,32502032256,26105172061.0,49283753375.0,-40314606582.0,8969146793.0,5598856785.0,272634954,18214419656,,,,thousands,review,L2.5,"{""sfp"": [39, 38, 40, 113], ""pl"": [], ""cfs"": []}"
NCL,2022,59435634100,34892248685,24543385415,34326118986,20562842011,61988039043.0,-49013867586.0,12974171457.0,7468201616.0,209007048,21177210052,,,,thousands,review,L2.5;L5,"{""sfp"": [39, 38, 40, 119], ""pl"": [], ""cfs"": []}"
NCL,2023,69845761198,49137637807,20708123391,45502505995,35853316447,67629278772.0,-61040219028.0,6589059744.0,,279033280,23554034198,,,,thousands,review,L5,"{""sfp"": [39, 38, 40, 121], ""pl"": [], ""cfs"": []}"
NCL,2024,68803346175,47403551287,21399794888,44253560270,36604223225.0,88879551818.0,-77970295496.0,10909256322.0,,60950788,24524834646,,,,thousands,ok,,"{""sfp"": [39, 38, 40, 121], ""pl"": [], ""cfs"": []}"
NCL,2025,76558155658,54609273679,21948881979,53029380166,46158758217,85427485908.0,-76594174417.0,8833311491.0,789206120.0,102109427,30715194059,,,,thousands,ok,,"{""sfp"": [41, 40, 42, 123], ""pl"": [], ""cfs"": []}"
NCML,2016,225188.0,,,,114131.0,,,,,,,,,,thousands,ok,,"{""sfp"": [6, 5, 7], ""pl"": [6, 5, 7], ""cfs"": []}"
NCML,2018,206064904.0,,-11422481.0,21484647.0,113293428.0,,,,,4126956.0,,,,,thousands,ok,,"{""sfp"": [21, 20, 22], ""pl"": [], ""cfs"": []}"
NCML,2019,396498.0,,,,216936.0,,,,,,,,,,thousands,ok,,"{""sfp"": [6, 5, 7], ""pl"": [6, 5, 7], ""cfs"": []}"
NCML,2020,388447.0,,,,208994.0,,,,,,,,,,thousands,ok,,"{""sfp"": [6, 5, 7], ""pl"": [], ""cfs"": []}"
NCML,2021,381574593.0,,,44224617.0,207739353.0,12677304.0,,,,29107636.0,,,,,thousands,ok,,"{""sfp"": [22, 21, 23], ""pl"": [], ""cfs"": []}"
NCML,2022,420455,212470,,,207985.0,,,,,,,,,,thousands,ok,,"{""sfp"": [6, 5, 7], ""pl"": [], ""cfs"": []}"
NCML,2024,354265530.0,,,24868057.0,210866263.0,7534360.0,13190389.0,-5656029.0,-15998583.0,10375414.0,,,,,thousands,ok,,"{""sfp"": [27, 26, 28], ""pl"": [28], ""cfs"": [29]}"
NCML,2025,289431.0,,,,139199.0,,,,,,,,,,thousands,ok,,"{""sfp"": [], ""pl"": [], ""cfs"": []}"
NCPL,2013,22630507599,15360756117,7269751482,7857827423,3523761066,,-20097829557.0,,2737491941.0,270038323,419779447,,,,thousands,review,L5,"{""sfp"": [17, 16, 18], ""pl"": [], ""cfs"": []}"
NCPL,2015,24247148900,,,10848740783,7692158146.0,22574562189.0,-17448989231.0,5125572958.0,3090313123.0,2134660,920453343,,,,thousands,review,L2.5;L2.5,"{""sfp"": [23, 22, 24], ""pl"": [], ""cfs"": []}"
NCPL,2016,21680893620,,,8856598585,6880931846.0,13853806315.0,-9660066973.0,4193739342.0,2756242265.0,2308005,524883404,,,,thousands,review,L2.5;L2.5,"{""sfp"": [29, 28, 30], ""pl"": [], ""cfs"": []}"
NCPL,2017,23813655,,,11808694,9051469.0,16147843,-11827672,4320171,2999751,115560,846831,,-1743385,1563865,thousands,review,L2.5;L2.5,"{""sfp"": [31, 30, 32], ""pl"": [33, 32, 34], ""cfs"": [35, 34, 36]}"
NCPL,2018,26406082,14176756,12229326,15014916,10849987,16594018,-11954459,4639559,3406385,98237,1337183,,,,thousands,review,L5,"{""sfp"": [31, 30, 32], ""pl"": [33, 32, 34], ""cfs"": []}"
NCPL,2019,29570763,,,18072999,14494418.0,15021084,-9945451,5075633,34165,146416,1076755,,-1285714,1653591,thousands,review,L5,"{""sfp"": [31, 30, 32], ""pl"": [33, 32, 34], ""cfs"": [35, 34, 36]}"
NCPL,2021,33095473,11620243,21475230,23236819,11602952,11643446,-7873192,3770154,2509290,297833,868726,,,1610960,thousands,review,L2.5;L2.5,"{""sfp"": [33, 32, 34], ""pl"": [35, 34, 36], ""cfs"": [38, 37, 39]}"
NCPL,2022,36082588,12103625,23978963,26620503,12103625,25415977,-21858305,3557672,2503733,21034,2254688,,,7768612,thousands,review,L2.5;L2.5,"{""sfp"": [33, 32, 34], ""pl"": [35, 34, 36], ""cfs"": [38, 37, 39]}"
NCPL,2023,27787219,3525162,24262057,18308049.0,3525162,18220811,-13162851,5057960,3956563,,808922.0,,-3655501,7488574,thousands,review,L2.5;L2.5,"{""sfp"": [33, 32, 34], ""pl"": [35, 34, 36], ""cfs"": [38, 37, 39]}"
NCPL,2024,31986689,2812320.0,29174369.0,22866471,2812320.0,15215087,-10327050,4888037,4912312,1716254,2298214,,,3971386,thousands,review,L2.5;L2.5,"{""sfp"": [33, 32, 34], ""pl"": [35, 34, 36], ""cfs"": [38, 37, 39]}"
NCPL,2025,24332254,1105234,23227020,15744879,1105234,5566149,-3409627,2156522,-3375920,125669,917655,,-2557283,8371532,thousands,review,L2.5;L2.5,"{""sfp"": [36, 35, 37], ""pl"": [38, 37, 39], ""cfs"": [41, 40, 42]}"
NESTLE,2013,52289521,,,17936483,21900989.0,86226869,-62066072,24160797,5866763,720065,7925132,,-5439789,9037209,thousands,ok,,"{""sfp"": [117, 116, 118], ""pl"": [119, 118, 120], ""cfs"": [121, 120, 122]}"
NESTLE,2015,49267464,36629702,12637762,18029598,25143112,102985916,-68859344,34126572,8760930,253267,9474681,,-8619505,16609732,thousands,review,L5,"{""sfp"": [3, 2, 4], ""pl"": [5, 4, 6], ""cfs"": [7, 6, 8]}"
NESTLE,2016,50781770,41969718,8812052,19567821,330273,112392654,-72609392,39783262,11846973,353167,11207230,,-15628724,21761386,thousands,review,L5,"{""sfp"": [3, 2, 4], ""pl"": [5, 4, 6], ""cfs"": [7, 6, 8]}"
NESTLE,2017,58345619,,,25124489,40265695.0,122214698,-77458749,44755949,14641782,1333984,15358288,,-18587733,16000698,thousands,ok,,"{""sfp"": [3, 2, 4], ""pl"": [5, 4, 6], ""cfs"": [7, 6, 8]}"
NESTLE,2018,66641242,,,32658174,49123050.0,124614785,-83242655,41372130,11544582,745694,19711784,,-12023750,13248617,thousands,ok,,"{""sfp"": [73, 72, 74], ""pl"": [75, 74, 76], ""cfs"": [78, 77, 79]}"
NESTLE,2019,65273408,,,31252326,53195067.0,115962473,-82613501,33348972,7354467,318753,18876441,,-7845479,10078310,thousands,ok,,"{""sfp"": [67, 66, 68], ""pl"": [69, 68, 70], ""cfs"": [72, 71, 73]}"
NESTLE,2020,60906365,60906365,4190442,27950007,40148686,118781274,-84016549,34764725,8884595,789055,16252021,,-7884667,21868147,thousands,review,L1,"{""sfp"": [67, 66, 68], ""pl"": [69, 68, 70], ""cfs"": [72, 71, 73]}"
NESTLE,2021,65403898,,,33943190,43267470.0,133295472,-92803347,40492125,12768101,743920,18600718,,-9598316,12812073,thousands,ok,,"{""sfp"": [67, 66, 68], ""pl"": [69, 68, 70], ""cfs"": [72, 71, 73]}"
NESTLE,2022,83651751,77881505,5770246,51443500,66613100,162516255,-112886474,49629781,15049716,542508,27094551,,-10926697,16361566,thousands,ok,,"{""sfp"": [67, 66, 68], ""pl"": [69, 68, 70], ""cfs"": [72, 71, 73]}"
NESTLE,2023,97889911,,,63830144,74668349.0,200605005,-129845135,70759870,16492799,1099714,33438484,,-10716100,18245738,thousands,ok,,"{""sfp"": [67, 66, 68], ""pl"": [69, 68, 70], ""cfs"": [72, 71, 73]}"
NESTLE,2024,83628867,83628867,18583038,47823049,57160390,193205756,-123681762,69523994,14807971,2322401,26549290,,-14544017,31594092,thousands,review,L1;L5,"{""sfp"": [67, 66, 68], ""pl"": [69, 68, 70], ""cfs"": [72, 71, 73]}"
NESTLE,2025,93893396,,,55897826,66809964.0,199069166,-126812049,72257117,17243921,3908396,24818457,,-14996152,34928978,thousands,review,L5,"{""sfp"": [63, 62, 64], ""pl"": [65, 64, 66], ""cfs"": [68, 67, 69]}"
NETSOL,2013,7068462,,,2285125,750329.0,2632779,-1087478,1545301,1159608,305571,,,,1340289,thousands,ok,,"{""sfp"": [50, 49, 51, 126, 127], ""pl"": [51, 50, 52, 95], ""cfs"": [53, 52, 54, 124]}"
NETSOL,2014,6574398,1107665,5466733,1017718,851085,1831525,-1840372,,-618518,339858,,,-78821,1366619,thousands,ok,,"{""sfp"": [52, 51, 53, 95, 96], ""pl"": [53, 52, 54, 97], ""cfs"": [55, 54, 56, 99]}"
NETSOL,2015,6407572,,,1468193,1104815.0,2700191,-2167105,533086,-187025,447595,,,,226099,thousands,ok,,"{""sfp"": [52, 51, 53, 91, 93], ""pl"": [53, 52, 54, 121], ""cfs"": [55, 54, 56, 123]}"
NETSOL,2016,6606193,1269777,5336416,2173136,1230283,3215811,-2282076,933735,52022,108473,,,,-957684,thousands,ok,,"{""sfp"": [58, 57, 59, 130, 132], ""pl"": [59, 58, 60, 133], ""cfs"": [61, 60, 62, 99]}"
NETSOL,2017,7381600,1689087,5692513,3462681,1666436,3925697,-2685337,1240360,320296,874942,,,-39437,86095,thousands,ok,,"{""sfp"": [54, 53, 55, 95, 120], ""pl"": [55, 54, 56, 92], ""cfs"": [57, 56, 58, 93]}"
NETSOL,2018,8630309,1944359,6685950,5053592,1904733,4284800,-2346162,1938638,1065970,2123337,,,-129695,1522082,thousands,ok,,"{""sfp"": [54, 53, 55, 121, 131], ""pl"": [55, 54, 56, 103], ""cfs"": [57, 56, 58, 101]}"
NETSOL,2019,9009859,,,5807256,2064712.0,5381196,-3290450,2090746,1243484,1951746,,,-223073,-223799,thousands,ok,,"{""sfp"": [61, 60, 62, 115, 116, 124, 127, 146, 157, 160, 161], ""pl"": [62, 61, 63, 117], ""cfs"": [64, 63, 65, 119]}"
NETSOL,2020,9079110,,,6374023,1994188.0,4708374,-3142330,1566044,244844,2081859,,,-249836,-688471,thousands,ok,,"{""sfp"": [79, 78, 80, 165, 169], ""pl"": [80, 79, 81, 157], ""cfs"": [82, 81, 83, 132]}"
NETSOL,2021,9581305,,,2438965,2379462.0,4947559,-3147147,1800412,191587,3758821,,,,1608440,thousands,review,L5,"{""sfp"": [75, 74, 76, 101, 109], ""pl"": [76, 75, 77, 111], ""cfs"": [78, 77, 79, 124]}"
NETSOL,2022,10601793,2774766,7827027,8616739,2682233,6116637,-4011648,2104989,913211,3785711,,,,317100,thousands,ok,,"{""sfp"": [83, 82, 84, 132, 133], ""pl"": [84, 83, 85, 134], ""cfs"": [86, 85, 87, 136]}"
NETSOL,2024,14372236,,,1828951,3804866.0,9280647,-5116773,4163874,1384159,4647055,,,,2373722,thousands,review,L5,"{""sfp"": [93, 92, 94, 148, 151], ""pl"": [94, 93, 95, 172], ""cfs"": [96, 95, 97]}"
NETSOL,2025,14254526,,,12462806,3317457.0,9018961,-5434938,3584023,1030927,3696726,,,-262797,-931116,thousands,ok,,"{""sfp"": [88, 87, 89], ""pl"": [89, 88, 90], ""cfs"": [91, 90, 92]}"
NEXT,2014,,,,174328394.0,103170400.0,,,,,3008584.0,,,,,thousands,ok,,"{""sfp"": [13, 12, 14], ""pl"": [], ""cfs"": []}"
NEXT,2024,865922753.0,,,595020234.0,418067027.0,,,,,225754169.0,,,,,thousands,ok,,"{""sfp"": [32, 31, 33], ""pl"": [], ""cfs"": []}"
NEXT,2025,1113154183.0,,,777455882.0,649065763.0,,,,,424873737.0,,,,,thousands,ok,,"{""sfp"": [37, 36, 38], ""pl"": [], ""cfs"": []}"
NICL,2014,2622750542,,,1039708986,846191422.0,3331794080.0,-2818865839.0,512928241.0,194634847.0,62186925,517668865,,,,thousands,ok,,"{""sfp"": [22, 21, 23], ""pl"": [], ""cfs"": []}"
NICL,2016,4029141648,,,1966457946,1783592573.0,5011268584.0,-4039193383.0,972075201.0,440683657.0,61676750,637995522,,,,thousands,review,L2.5;L2.5,"{""sfp"": [24, 23, 25, 58], ""pl"": [], ""cfs"": []}"
NICL,2018,7588383208,,,4726091705,4274448657.0,12154312383.0,-10541804264.0,1612508119.0,695535127.0,6445965,2258597477,,,,thousands,review,L2.5;L2.5;L2.5,"{""sfp"": [26, 25, 27, 64], ""pl"": [], ""cfs"": []}"
NICL,2019,8514028265,5479143755,3034884510,5075880079.0,4565843165.0,,-12820522822.0,2029598669.0,810096972.0,30758652.0,,,,,thousands,review,L2.5;L2.5,"{""sfp"": [26, 25, 27, 66], ""pl"": [], ""cfs"": []}"
NICL,2020,10848594059,7225270016,36233,6777659722.0,5844709066.0,,-14626318244.0,2546261637.0,926477265.0,101722729.0,,,,,thousands,review,L1;L2.5;L2.5,"{""sfp"": [28, 27, 29, 68], ""pl"": [], ""cfs"": []}"
NICL,2021,16268986203,11344959803,4924026400,10468380552,9132253158,,-19542754705.0,3550988922.0,1694429292.0,58429352,5950815960,,,,thousands,review,L2.5;L2.5,"{""sfp"": [28, 27, 29, 70], ""pl"": [], ""cfs"": []}"
NICL,2022,30128449637,23951157627,6178742010,17535061335,16943991471,,-29495243747.0,4290404034.0,1595630354.0,260276347,7823007102,,,,thousands,review,L2.5;L2.5,"{""sfp"": [27, 26, 28, 69], ""pl"": [], ""cfs"": []}"
NICL,2023,31421656814.0,,,17280091521.0,16443835416.0,,-37412329076.0,6413211716.0,1837650319.0,215624955.0,8217932687.0,,,,thousands,review,L2.5;L2.5,"{""sfp"": [27, 26, 28, 71], ""pl"": [], ""cfs"": []}"
NICL,2024,31286504216,22929504541,8356999675,17583060947,16849987675,,-35747348048.0,6178008826.0,,303170209,8985998685,,,,thousands,review,L2.5,"{""sfp"": [29, 28, 30], ""pl"": [], ""cfs"": []}"
NICL,2025,33311141513,23491145027,9819996486,19435945961,18534740070,,-38565317428.0,6690172231.0,2022683881.0,184011080,8417523319,,,,thousands,review,L2.5;L2.5,"{""sfp"": [33, 32, 34], ""pl"": [], ""cfs"": []}"
NML,2013,80635594,21717559,58917035,26937153,18068412,52426030,-43381545,9044485,5846853,1128862,10945439,,-1226663,491795,thousands,ok,,"{""sfp"": [49, 48, 50, 120], ""pl"": [51, 50, 52, 148], ""cfs"": [53, 52, 54, 152]}"
NML,2014,97048577,28459401,68589176,28774992,21553219,54444091,-46580317,7863774,5512552,2802316,12752495,,-1400445,4887376,thousands,ok,,"{""sfp"": [71, 70, 72, 123], ""pl"": [73, 72, 74, 125], ""cfs"": [75, 74, 76, 45, 127]}"
NML,2015,101140000,24997177,76142823,24190444,19167495.0,51177577,-45153439,6024138,3911925,52219,10350193,,-1400449,5298151,thousands,ok,,"{""sfp"": [71, 70, 72], ""pl"": [73, 72, 74], ""cfs"": [75, 74, 76]}"
NML,2016,106599219,24444064,82155155,25850830,19553041,47999179,41734871,6264308,4923038,2115168,9933736,,-1573781,4704482,thousands,ok,,"{""sfp"": [49, 48, 50, 107], ""pl"": [51, 50, 52, 109], ""cfs"": [53, 52, 54, 116]}"
NML,2017,118725911,29963115,88762796,30193783,23934194,49247657,-43867819,5379838,4262342,43945,12722712,,-1749545,-1378557,thousands,ok,,"{""sfp"": [39, 38, 40, 109], ""pl"": [41, 40, 42, 111], ""cfs"": [43, 42, 44, 168]}"
NML,2018,102736033,27022888,75713145,29042685,21260216,53729124,-48178678,5550446,4097127,104827,12243652,,-1751524,2153808,thousands,ok,,"{""sfp"": [50, 49, 51, 130], ""pl"": [52, 51, 53, 133], ""cfs"": [55, 54, 56, 175]}"
NML,2019,100545392,33930122,66615270,35797260,28454755,63499029,-55842428,7656601,5859048,576625,17008459,,-1658839,905102,thousands,review,L5,"{""sfp"": [64, 63, 65, 148], ""pl"": [66, 65, 67, 151], ""cfs"": [69, 68, 70, 221]}"
NML,2020,110660914,39233054,71427860,40523527,29707601,60904096,-53627970,7276126,3506284,128241,20753543,,-1408809,1560005,thousands,ok,,"{""sfp"": [46, 45, 47, 126], ""pl"": [48, 47, 49, 128], ""cfs"": [51, 50, 52, 131]}"
NML,2021,131112374,45364595,85747779,45460218,32730688,71431010,-62113155,9317855,5922470,5272345,17972691,,-1399378,5722435,thousands,ok,,"{""sfp"": [45, 44, 46, 131], ""pl"": [47, 46, 48, 133], ""cfs"": [50, 49, 51, 136]}"
NML,2022,137534577,58333634,79200943,61003334,43858463,115768065,-98432494,17335571,10311674,91727,31826616,,-1402088,-10669883,thousands,ok,,"{""sfp"": [52, 51, 53], ""pl"": [54, 53, 55], ""cfs"": [57, 56, 58]}"
NML,2023,170285710,80521591.0,89764119.0,85467889,66817530.0,141756469,-120677627,21078842,12166022,2410566,34801627,,-1400080,1438490,thousands,ok,,"{""sfp"": [50, 49, 51, 138, 223], ""pl"": [52, 51, 53, 140], ""cfs"": [55, 54, 56, 143]}"
NML,2024,216839445,102029432,114810013,88749761,73094426,160256555,-142933202,17323353,6368853,2722355,37447381,,-1749957,-10957446,thousands,ok,,"{""sfp"": [50, 49, 51, 144], ""pl"": [52, 51, 53, 147], ""cfs"": [55, 54, 56, 207]}"
NML,2025,264767950,120168276.0,144599674.0,104234957,84166889.0,178167146,-158142523,20024623,6013519,886185,51611063,,-1051202,-13516478,thousands,ok,,"{""sfp"": [43, 42, 44, 166], ""pl"": [45, 44, 46, 236], ""cfs"": [48, 47, 49, 242]}"
NONS,2016,1553327,1126571,,,,,,,,,,,,,thousands,ok,,"{""sfp"": [52, 51, 53], ""pl"": [], ""cfs"": []}"
NONS,2018,,,,,,6273476,-5562171,711305,210785,,,,-56065,374683,thousands,ok,,"{""sfp"": [19], ""pl"": [21], ""cfs"": [22]}"
NONS,2019,4211454,,,2719124,,,,,,58606,1147288,,-42116,676016,thousands,ok,,"{""sfp"": [21, 22], ""pl"": [], ""cfs"": [24]}"
NONS,2020,4273391,,,2738872,,6138166,-5178147,960019,256060,51526,1006162,,-48692,792484,thousands,review,L5;L5;L5,"{""sfp"": [21, 22], ""pl"": [23], ""cfs"": [24]}"
NONS,2021,4425653,,,2809726,,9189680,-8183388,1006292,254120,224923,1405972,,57590,714010,thousands,ok,,"{""sfp"": [23, 24], ""pl"": [25], ""cfs"": [26, 25, 27]}"
NONS,2023,6174635,,,4100932,,9280031,-7383505,1896526,419313,109877,2535667,,-65185,1222178,thousands,review,L5;L5,"{""sfp"": [21, 22], ""pl"": [23], ""cfs"": [24]}"
NONS,2024,9075972,,,5228569,,11326384,-10197494,1128890,-619449,71225,3161743,,-65096,-698887,thousands,ok,,"{""sfp"": [37, 38], ""pl"": [39], ""cfs"": [40, 39, 41]}"
NONS,2025,8480591,,,3924105,,11744437,-10273549,1470888,670909,59048,2189206,,,2507093,thousands,ok,,"{""sfp"": [43, 44], ""pl"": [45], ""cfs"": [46, 45, 47]}"
NPL,2013,25508703912,16300268578,9208435334,11517851873,5493636508,25055257303.0,-20031221647.0,5024035656.0,2739467330.0,3947173857,718694960,,,,thousands,ok,,"{""sfp"": [28, 27, 29], ""pl"": [], ""cfs"": []}"
NPL,2014,26522567811,,,13263345598,6484467185.0,27479285915.0,-22822609015.0,4656676900.0,2917329966.0,1039426126,968978262,,,,thousands,ok,,"{""sfp"": [30, 29, 31], ""pl"": [], ""cfs"": []}"
NPL,2015,23029700,,,10708578,3040281.0,22313634,-17622108,4691526,3116709,103481,1268908,,-2148703,4510346,thousands,ok,,"{""sfp"": [34, 33, 35], ""pl"": [36, 35, 37], ""cfs"": [39, 38, 40]}"
NPL,2016,21074631,,,9415126,2898022.0,13896036,-10008691,3887345,2851065,673994,702678,,-2212534,5332338,thousands,ok,,"{""sfp"": [36, 35, 37, 38], ""pl"": [38, 37, 39], ""cfs"": [41, 40, 42]}"
NPL,2017,23263195,,,11871898,4272673.0,15041692,-11175473,3866219,2886429,162201,975559,,-1238772,1134611,thousands,ok,,"{""sfp"": [36, 35, 37], ""pl"": [38, 37, 39], ""cfs"": [41, 40, 42]}"
NPL,2018,26907725,,,16248399,7466119.0,16929085,-12702691,4226394,3211416,140305,1569339,,-707643,-82904,thousands,ok,,"{""sfp"": [49, 48, 50], ""pl"": [51, 50, 52], ""cfs"": [54, 53, 55]}"
NPL,2019,29086376,,,19079786,9323019.0,15581918,-10584021,4997897,3769549,20776,1719399,,-1057097,1330677,thousands,ok,,"{""sfp"": [41, 40, 42, 97], ""pl"": [43, 42, 44, 99], ""cfs"": [45, 44, 46, 137]}"
NPL,2020,29324022,,,19928993,5571430.0,11738487,-5318630,6419857,4942595,,170349,,-357450,5073890,thousands,ok,,"{""sfp"": [46, 45, 47], ""pl"": [48, 47, 49], ""cfs"": [50, 49, 51]}"
NPL,2021,30786057,,,21958021,4738890.0,11432571,-7989362,3443209,2681134,402591,649107,,-353692,1928787,thousands,ok,,"{""sfp"": [53, 52, 54, 158], ""pl"": [55, 54, 56, 159], ""cfs"": [57, 56, 58, 160]}"
NPL,2022,33370290,,,24865351,5276730.0,23684340,-19809291,3875049,3322606,507128,4172155,,-1237046,6722297,thousands,ok,,"{""sfp"": [48, 47, 49], ""pl"": [50, 49, 51], ""cfs"": [53, 52, 54]}"
NPL,2023,31381615,1498601.0,29883014.0,22800303,6023450.0,2306964,-18495640,4573324,4091029,4760713,1546686,,-2299481,6137620,thousands,review,L1;L5,"{""sfp"": [51, 50, 52], ""pl"": [53, 52, 54], ""cfs"": [56, 55, 57]}"
NPL,2024,37896805,5279881.0,32616924.0,29608679,5279881.0,22505489,-17365234,5140255,5389574,6296539,2558609,,-2651640,4941432,thousands,ok,,"{""sfp"": [53, 52, 54], ""pl"": [55, 54, 56], ""cfs"": [58, 57, 59]}"
NPL,2025,29150366,1175198,27975168,21522327,1175198,7057714,-4399559,2658155,-746782,113057,810657,,-3892202,12336995,thousands,ok,,"{""sfp"": [46, 45, 47], ""pl"": [48, 47, 49], ""cfs"": [51, 50, 52]}"
NRL,2014,52776152,26182513,,47465200.0,25801646.0,207403258,-204343524,3059734,961875,8804865.0,23856560.0,,-1194855,-3315056,thousands,review,L5,"{""sfp"": [54, 53, 55], ""pl"": [55, 54, 56], ""cfs"": [57, 56, 58]}"
NRL,2015,48062650.0,17928943.0,,39901373.0,17162924.0,148456509,-141610755,6845754,3708980,17272944.0,13585660.0,,,,thousands,review,L5,"{""sfp"": [60, 83, 85], ""pl"": [58, 57, 59], ""cfs"": [60, 59, 61]}"
NRL,2016,53660531.0,16838088.0,,30080130.0,16240546.0,141294741.0,-82745292.0,11043086.0,7680476,11870898.0,11252503.0,,,,thousands,review,L1,"{""sfp"": [67, 66, 68], ""pl"": [69, 70], ""cfs"": [70, 69, 71]}"
NRL,2017,61385945.0,18046065.0,,22751593.0,17780776.0,107447444,97647936,9799508,8045781,2769491.0,10931017.0,,-1589001,6401154,thousands,review,L5,"{""sfp"": [58], ""pl"": [58, 57, 59], ""cfs"": [60, 59, 61]}"
NRL,2018,65814271.0,22562734.0,,27547962.0,22206011.0,136984940,133172931,3812009,1770684,541837.0,12627661.0,,-1789503,1178195,thousands,review,L5,"{""sfp"": [61, 60, 62], ""pl"": [62, 61, 63], ""cfs"": [64, 63, 65]}"
NRL,2019,,,,37489.0,42001.0,,,,,,,,-794649,-20877716,thousands,ok,,"{""sfp"": [43, 42, 44], ""pl"": [57, 58], ""cfs"": [60, 59, 61]}"
NRL,2020,,,,21346,67140.78,,,,,,,,,9680120,thousands,ok,,"{""sfp"": [45, 44, 46], ""pl"": [59, 60], ""cfs"": [62, 61, 63]}"
NRL,2021,75681516,44094129,31587387,36192216,42919804,,-135700345.0,,,607327,21403625,,,-2738746,thousands,ok,,"{""sfp"": [58, 57, 59], ""pl"": [59, 58, 60], ""cfs"": [62, 61, 63]}"
NRL,2022,,,,,,,-228080832.0,,,618419.0,,,,,thousands,ok,,"{""sfp"": [45, 46, 59], ""pl"": [60, 62], ""cfs"": [62, 61, 63]}"
NRL,2023,111779918,77181239,34598679,78788494,76445,352596887,-285608763,13196686,-4463086,,,,-1192434,-17190225,thousands,review,L1,"{""sfp"": [56, 55, 57], ""pl"": [57, 56, 58], ""cfs"": [60, 59, 61]}"
NRL,2024,,,,,,,-316609825.0,,,,,,,-13940532,thousands,ok,,"{""sfp"": [61], ""pl"": [61, 60, 62], ""cfs"": [64, 63, 65]}"
NRL,2025,149495621,99179240,50316381,64954339,87060369,,-313897084.0,-6234231.0,-14866922,,,,,-6207121,thousands,ok,,"{""sfp"": [69, 68, 70], ""pl"": [70, 69, 71], ""cfs"": [73, 72, 74]}"
NRSL,2013,1534134865,,,904656790,846599170.0,2402440493.0,-2186079779.0,216360714.0,,11437764,343559463,,,,thousands,ok,,"{""sfp"": [28, 27, 29], ""pl"": [], ""cfs"": []}"
NRSL,2015,1289010481,1048090990,,774337699.0,896603535.0,1806427261.0,-1654638619.0,151788642.0,,,,,,,thousands,ok,,"{""sfp"": [15, 14, 16], ""pl"": [], ""cfs"": []}"
NRSL,2017,2106349457.0,,,1580627759.0,1166143188.0,2668804664.0,-2371467054.0,297337610.0,,16135788.0,,,,,thousands,review,L2.5;L2.5,"{""sfp"": [20, 19, 21], ""pl"": [], ""cfs"": []}"
NRSL,2018,2778427654.0,,,2260327810.0,1747417305.0,3580118885.0,-3250464221.0,329654664.0,,39169881.0,,,,,thousands,review,L2.5;L2.5,"{""sfp"": [22, 21, 23], ""pl"": [], ""cfs"": []}"
NRSL,2019,3052347436.0,,,2515142002.0,1870166294.0,4887142248.0,-4383297157.0,503845091.0,,23771859.0,,,,,thousands,review,L2.5;L2.5,"{""sfp"": [22, 21, 23], ""pl"": [], ""cfs"": []}"
NRSL,2020,3529190713.0,,,2578758979.0,1758224878.0,4499104712.0,-3993379722.0,505724990.0,,14452592.0,,,,,thousands,review,L2.5;L2.5,"{""sfp"": [22, 21, 23], ""pl"": [], ""cfs"": []}"
NRSL,2021,4303331960,2233565600,2069766360,3175173163,2031649388,6277703001.0,-5483668485.0,794034516.0,,27757998,1468164573,,,,thousands,review,L2.5;L2.5,"{""sfp"": [22, 21, 23], ""pl"": [], ""cfs"": []}"
NRSL,2022,5963417444,,,4744826366,3271306187.0,8271380512.0,-7196560150.0,1074820362.0,,24648927,2291377678,,,,thousands,review,L2.5;L2.5,"{""sfp"": [25, 24, 26], ""pl"": [], ""cfs"": []}"
NRSL,2023,5725020283,,,4154076301,2343734043.0,9370907642.0,-8163332358.0,1207575284.0,,134023262,1616419011,,,,thousands,review,L2.5;L2.5,"{""sfp"": [22, 21, 23], ""pl"": [], ""cfs"": []}"
NSRM,2014,,,,,,588619243.0,,,8980538.0,,,,,,thousands,ok,,"{""sfp"": [], ""pl"": [], ""cfs"": []}"
NSRM,2015,,,,,,671950183.0,,,13024443.0,,,,,,thousands,ok,,"{""sfp"": [], ""pl"": [], ""cfs"": []}"
NSRM,2016,,,,,,709705001.0,,,34599550.0,,,,,,thousands,ok,,"{""sfp"": [], ""pl"": [], ""cfs"": []}"
NSRM,2017,,,,,,,,67252322.0,16372696.0,,,,,,thousands,ok,,"{""sfp"": [], ""pl"": [], ""cfs"": []}"
NSRM,2018,,,830308523.0,,,,,77754057.0,,,,,,,thousands,ok,,"{""sfp"": [], ""pl"": [], ""cfs"": []}"
NSRM,2019,,,773058793.0,,,,,71055219.0,,,,,,,thousands,ok,,"{""sfp"": [], ""pl"": [], ""cfs"": []}"
NSRM,2020,,,806401672.0,,,,643686034.0,,,20228557.0,,,,,thousands,ok,,"{""sfp"": [], ""pl"": [], ""cfs"": []}"
NSRM,2021,,,851489045.0,,,,743470453.0,,,9265370.0,,,,,thousands,ok,,"{""sfp"": [], ""pl"": [], ""cfs"": []}"
NSRM,2022,1384492701,518752186,865740515,518696294,494996294,,,111683928.0,14251470.0,,,,,,thousands,ok,,"{""sfp"": [17, 16, 18], ""pl"": [], ""cfs"": []}"
NSRM,2023,,601321876.0,1404557779.0,,,,,53487008.0,,,,,,,thousands,ok,,"{""sfp"": [17, 16, 18], ""pl"": [], ""cfs"": []}"
NSRM,2024,,711542752.0,1470861314.0,,,,-1998598802.0,155605067.0,,,,,,,thousands,ok,,"{""sfp"": [17, 16, 18], ""pl"": [], ""cfs"": []}"
NSRM,2025,,654473265.0,1554258849.0,,,,-2260889661.0,190500999.0,83397535.0,,534996.0,,,,thousands,ok,,"{""sfp"": [17, 16, 18], ""pl"": [], ""cfs"": []}"
OGDC,2013,414011041,,,134329533,38740991.0,,,157665947.0,90776709,2709875,263204,,-33921898,185684663,thousands,review,L4,"{""sfp"": [67, 66, 68], ""pl"": [69, 68, 70], ""cfs"": [71, 70, 72]}"
OGDC,2014,496232680,,,194160127,50283632.0,257014254,-80941450,176072804.0,123914550,2852160,420626,,-27222326,50389863,thousands,review,L4,"{""sfp"": [61, 60, 62], ""pl"": [63, 62, 64], ""cfs"": [65, 64, 66]}"
OGDC,2015,553793319,,,219778551,61901977.0,210624908.0,,131966911.0,87249032,13002748,317476,,-37950811,74012510,thousands,ok,,"{""sfp"": [71, 70, 72], ""pl"": [73, 72, 74], ""cfs"": [75, 74, 76]}"
OGDC,2016,589565539,,,254800670,58969148.0,162866578,,87889539,59970802,7903766,291904,,-23759105,55852363,thousands,ok,,"{""sfp"": [75, 74, 76, 112, 123], ""pl"": [77, 76, 78], ""cfs"": [79, 78, 80]}"
OGDC,2017,627287973,114303636,512984337,342460219,53610444,171829364.0,,95004186.0,63803402,4159073,376390,,-24006545,47767019,thousands,ok,,"{""sfp"": [73, 72, 74], ""pl"": [75, 74, 76], ""cfs"": [77, 76, 78]}"
OGDC,2018,666477197,115920775,550556422,405857905,55194887,205335000.0,,121479743.0,78736295,3670480.0,,,-36809433,50135913,thousands,ok,,"{""sfp"": [99, 98, 100], ""pl"": [101, 100, 102], ""cfs"": [104, 103, 105]}"
OGDC,2019,766597190,141231942,625365248,509785826,72643471.0,261481188,,167061563,118385788,20569709,446645,,-42633457,72175235,thousands,ok,,"{""sfp"": [107, 106, 108], ""pl"": [109, 108, 110], ""cfs"": [112, 111, 113]}"
OGDC,2020,861463645,172605638,688858007,556768817,94346842,,,,,16842305,472505,,-26428401,22546538,thousands,ok,,"{""sfp"": [57], ""pl"": [58], ""cfs"": [59, 58, 60]}"
OGDC,2021,955993814,186349769,769644045,650669655,101679608,239103553,,139746216,91534424,7444044,,,-30423780,40303544,thousands,ok,,"{""sfp"": [57], ""pl"": [58], ""cfs"": [59, 58, 60]}"
OGDC,2022,1129983053,254590487.0,,778537626,139065523.0,,,216915624.0,133783747,31631051,560679,,-24575158,72364346,thousands,review,L2.5;L2.5,"{""sfp"": [117, 116, 118], ""pl"": [119, 118, 120], ""cfs"": [122, 121, 123]}"
OGDC,2023,1424065294,341167417,1082897877,959117636,160964008.0,,,269726636.0,224617797,25765707,1349347,,-31983963,27817162,thousands,ok,,"{""sfp"": [165, 164, 166], ""pl"": [167, 166, 168], ""cfs"": [171, 170, 172]}"
OGDC,2024,1604254140,353757922.0,,1060489235,180856102.0,463697861,,283312971.0,208977771,141030201,1263052,,,,thousands,ok,,"{""sfp"": [145, 144, 146], ""pl"": [147, 146, 148], ""cfs"": []}"
OGDC,2025,1654606070,306368374.0,,1123383935,125278122.0,401177969,,23160793,169903614,52813573,942938,,,,thousands,review,L5,"{""sfp"": [159, 158, 160, 265, 316, 317], ""pl"": [161, 160, 162], ""cfs"": []}"
OLPL,2013,23094070483,20398700257,2695370226,1087265712,7643650723,,,,337482378.0,230606639,,,,,thousands,review,L2.5;L2.5;L5,"{""sfp"": [54, 53, 55], ""pl"": [], ""cfs"": []}"
OLPL,2014,24448714147,21384784897,3063929250,10868985372.0,9179493862.0,,,,516113261.0,100483822.0,,,,,thousands,review,L2.5;L2.5,"{""sfp"": [50, 49, 51], ""pl"": [], ""cfs"": []}"
OLPL,2015,28317647402,24768618066,3549029336,12111291831,8982544410,,,,670903539.0,173286352.0,,,,,thousands,review,L2.5;L2.5,"{""sfp"": [54, 53, 55], ""pl"": [], ""cfs"": []}"
OLPL,2016,35313440159,31142623642,4170816517,15883858585,12255135400,,,,742175650.0,333494394,,,,,thousands,review,L2.5,"{""sfp"": [82, 81, 83, 150], ""pl"": [], ""cfs"": []}"
OLPL,2017,34576560552.0,,,15721701603.0,12970107472.0,,,,,341884442.0,,,,,thousands,review,L2.5,"{""sfp"": [84, 83, 85, 152], ""pl"": [], ""cfs"": []}"
OLPL,2018,,,,,,,,,,499815713.0,,,,,thousands,ok,,"{""sfp"": [], ""pl"": [], ""cfs"": []}"
OLPL,2019,25990803909.0,,,12766079162.0,8191379008.0,,,,,174313423.0,,,,,thousands,ok,,"{""sfp"": [59, 58, 60, 135], ""pl"": [], ""cfs"": []}"
OLPL,2020,22998803790.0,,,11232529713.0,6752456707.0,,,,,207910897.0,,,,,thousands,ok,,"{""sfp"": [57, 56, 58, 141], ""pl"": [], ""cfs"": []}"
OLPL,2022,29279654028,20815472788,8914181240,129337663,8605567866.0,,,,,870337328.0,,,,,thousands,review,L1;L5;L5,"{""sfp"": [65, 64, 66, 139], ""pl"": [], ""cfs"": []}"
OLPL,2023,31953239258.0,,,15623118983.0,11530065050.0,,,,,145389228.0,,,,,thousands,ok,,"{""sfp"": [71, 70, 72, 159], ""pl"": [], ""cfs"": []}"
OLPL,2024,31953884788,21483347946,10470536842,15508517308.0,13245191177.0,,,,,404210109.0,,,,,thousands,ok,,"{""sfp"": [69, 68, 70, 159], ""pl"": [], ""cfs"": []}"
ORIXM,2013,,,1002568.0,,,,,,,,,,,,thousands,ok,,"{""sfp"": [], ""pl"": [21], ""cfs"": [24]}"
ORIXM,2014,,,1093505.0,,,,,,,,,,,446587971,thousands,ok,,"{""sfp"": [], ""pl"": [19], ""cfs"": [22]}"
ORIXM,2015,,,1152825,,,,,,,,,,,877630731,thousands,ok,,"{""sfp"": [8, 7, 9], ""pl"": [19], ""cfs"": [22]}"
ORIXM,2016,,,1176182,,,,,,,,,,,,thousands,ok,,"{""sfp"": [6, 58], ""pl"": [], ""cfs"": []}"
ORIXM,2017,11231.9,,,,,,,,,,,,,,thousands,ok,,"{""sfp"": [], ""pl"": [53], ""cfs"": [56]}"
ORIXM,2018,11426.0,,1147880,,,,,,,,,,,,thousands,ok,,"{""sfp"": [22], ""pl"": [], ""cfs"": []}"
ORIXM,2020,13067.53,,,,,,,,,,,,,,thousands,ok,,"{""sfp"": [], ""pl"": [], ""cfs"": []}"
ORM,2018,1462235243,640734182,821501061,293407281,229484182,,,140364264.0,,46122049,,,,,thousands,ok,,"{""sfp"": [23, 22, 24], ""pl"": [], ""cfs"": []}"
ORM,2024,2331524322,934899787,1396624535,922527254,591296066,,,577776486.0,218370877.0,256426656,154052819,,,,thousands,ok,,"{""sfp"": [33, 32, 34], ""pl"": [], ""cfs"": []}"
ORM,2025,2656716783,1136101745,1520615038,1062618318,669235371,,,,,194414711,,,,,thousands,ok,,"{""sfp"": [37, 36, 38], ""pl"": [], ""cfs"": []}"
OTSU,2018,1583800,1380988,202812,1068788,1380988,1869013,-1299217,569796,65306,18445,553508,,,72399,thousands,ok,,"{""sfp"": [29, 28, 30], ""pl"": [30, 29, 31], ""cfs"": [32, 31, 33]}"
OTSU,2019,1530644,1507189,23455,1006057,1507189,1884753,-1488573,396180,-175348,10975,574810,,,-55334,thousands,ok,,"{""sfp"": [34, 33, 35], ""pl"": [35, 34, 36], ""cfs"": [38, 37, 39]}"
OTSU,2020,1680281,1563494,116787,1159771,1563494,2226989,-1627818,599171,91066,,680918.0,,,218574,thousands,ok,,"{""sfp"": [34, 33, 35], ""pl"": [35, 34, 36], ""cfs"": [38, 37, 39]}"
PABC,2021,12167386550,,,5490144577,4261249803.0,7229918269.0,-4664900317.0,2565017952.0,1576586669.0,242400997,2252530303,,,,thousands,ok,,"{""sfp"": [23, 22, 24], ""pl"": [], ""cfs"": []}"
PABC,2022,15357582073,,,8293437960,4898467688.0,14152967779.0,-9424880459.0,4728087320.0,2702612317.0,840067567,4098263652,,,,thousands,ok,,"{""sfp"": [45, 44, 46], ""pl"": [], ""cfs"": []}"
PABC,2023,21457470830,10822013768,10635457062,13769972111,8633132942,19735901647.0,-12090782766.0,7645118881.0,5017835895.0,1979364101,5913343547,,,,thousands,ok,,"{""sfp"": [43, 42, 44], ""pl"": [], ""cfs"": []}"
PABC,2024,31704530164,,,24245759964,12393734858.0,23067766232.0,-14640075327.0,8427690905.0,6104198055.0,3008138001,4536517400,,,,thousands,ok,,"{""sfp"": [43, 42, 44], ""pl"": [], ""cfs"": []}"
PABC,2025,39438444911,17482607912,2195583699,30596497283,14957004826.0,23992408324.0,-16157990185.0,7834418139.0,5216181882.0,2554560864,5631112363,,,,thousands,review,L1,"{""sfp"": [43, 42, 44], ""pl"": [], ""cfs"": []}"
PACE,2018,6702020,4789274,1912746,3717944,4690363,737452,-764122,-26670,-537062,31988,1978489,,,,thousands,ok,,"{""sfp"": [0], ""pl"": [2], ""cfs"": [3, 2, 4]}"
PACE,2020,6982842,6385361,597481,3768379,6202855,244124,-177674,66450,-397879,23125,2821179,,,,thousands,ok,,"{""sfp"": [50, 115], ""pl"": [51, 116], ""cfs"": [119, 118, 120, 54]}"
PACE,2021,6913152,6359190,553962,3903396,6177787,214024,-75761,138263,-46322,20243,2997281,,,,thousands,ok,,"{""sfp"": [38], ""pl"": [39, 40], ""cfs"": [42]}"
PACE,2022,6853088,6865537,-12449,3153188,6667937,1256326,-903253,353073,-618439,22433,2312160,,,,thousands,review,L5;L5;L5;L5,"{""sfp"": [73, 123], ""pl"": [74, 124], ""cfs"": [77, 76, 78, 129]}"
PACE,2023,,,,,,241809,-118789,123020,,,,,,,thousands,ok,,"{""sfp"": [], ""pl"": [26, 25, 27], ""cfs"": []}"
PACE,2024,,,,,,2056244,-346475.0,,,,,,,,thousands,review,L5,"{""sfp"": [], ""pl"": [31, 30, 32], ""cfs"": []}"
PAEL,2013,27142716,15984990,6545470,11847722,7782462,16469178,-12414101,4055077.0,607327.0,277804,3883379,,,87902,thousands,review,L1;L5,"{""sfp"": [44, 43, 45, 102, 103], ""pl"": [46, 45, 47, 104], ""cfs"": [47, 46, 48, 105]}"
PAEL,2014,32526664,16931866,11026441,17459068,7148373,18522117,-12707604,31935,2241469.0,340086,6316868,,,,thousands,review,L1;L1;L2.5;L5;L5;L5,"{""sfp"": [44, 43, 45, 91], ""pl"": [46, 45, 47, 93], ""cfs"": [47, 46, 48, 94]}"
PAEL,2015,36149276,16153500,13616324,19430662,7721639,,-17688038.0,7434229.0,2880021,577687,6181986,,,,thousands,review,L1,"{""sfp"": [46, 45, 47, 72], ""pl"": [47, 46, 48, 80], ""cfs"": [91, 48]}"
PAEL,2016,40326884,14815652,20840470,22259357,7844634,34123972.0,-18550387.0,,,552210,7845800,,,,thousands,review,L1,"{""sfp"": [116, 115, 117, 172], ""pl"": [118, 117, 119, 173], ""cfs"": [119, 118, 120, 190]}"
PAEL,2017,43916016,16915426,22726571,25017151,10413435,42346753,-21883842,9116200,3308254,484194,8149848,,,,thousands,review,L1;L1,"{""sfp"": [114, 113, 115, 170], ""pl"": [116, 115, 117, 171], ""cfs"": [117, 116, 118, 187]}"
PAEL,2020,54793343,23078621.0,31714722.0,29286312,,37988168,22397517,6401501.0,223849,552278,9499264,,,466254,thousands,review,L1;L5;L5,"{""sfp"": [25, 24, 26], ""pl"": [27, 26, 28], ""cfs"": [30, 29, 31]}"
PAEL,2021,59813165,24786350,35026815,34204957,15067038,55367475,-33819712,9067652,1591076,579397,10464973,,,-456668,thousands,review,L1;L5,"{""sfp"": [23, 22, 24], ""pl"": [25, 24, 26], ""cfs"": [28, 27, 29]}"
PAEL,2022,67414630,28456731,38957899,40041577,21420440,52386178.0,-42084692.0,10301486.0,1067467,796081,13825440,,,-2809404,thousands,ok,,"{""sfp"": [36, 35, 37], ""pl"": [38, 37, 39], ""cfs"": [41, 40, 42]}"
PAEL,2023,60357865,24932654,41425211,36610098,18159962,38685112.0,-27581482.0,11103630.0,1325089,784116,11687276,,,8986546,thousands,review,L1;L5;L5,"{""sfp"": [32, 31, 33], ""pl"": [34, 33, 35], ""cfs"": [37, 36, 38]}"
PAEL,2024,72539331,28774366,43764965,42304769,18812786,53112906.0,-38970306.0,14142600.0,,1093599,12978544,,,232351,thousands,ok,,"{""sfp"": [32, 31, 33], ""pl"": [34, 33, 35], ""cfs"": [37, 36, 38]}"
PAEL,2025,87405304,37969022,49436282,53894971,28792211,63523506,-46384719,17138787,,1141001,20777888,,,-2414695,thousands,ok,,"{""sfp"": [45, 44, 46], ""pl"": [47, 46, 48], ""cfs"": [50, 49, 51]}"
PAKD,2013,1221907643,462310678,759596965,903438595,424660217,771645037.0,,253749858.0,96046822.0,59723665,,,,,thousands,ok,,"{""sfp"": [17, 16, 18], ""pl"": [], ""cfs"": []}"
PAKD,2016,1101902993,291631171,810271822,853773510,249618920,654603204.0,,160342350.0,37096359.0,76125161,,,,,thousands,ok,,"{""sfp"": [35, 34, 36], ""pl"": [], ""cfs"": []}"
PAKD,2017,1108086345,303897131,804189214,868006856,262162527,660279069.0,,137340198.0,34629251.0,96221470,,,,,thousands,ok,,"{""sfp"": [37, 36, 38], ""pl"": [], ""cfs"": []}"
PAKD,2018,1156194316.0,,,907436062.0,319529513.0,798063305.0,,148992913.0,18965075.0,83931020.0,,,,,thousands,ok,,"{""sfp"": [42, 41, 43], ""pl"": [], ""cfs"": []}"
PAKD,2019,1272842099,467754366,805087733,1006150747,414725830,933876238.0,,218219685.0,88462281.0,205936957,,,,,thousands,review,L5,"{""sfp"": [42, 41, 43], ""pl"": [], ""cfs"": []}"
PAKD,2021,1341622927,504311283,,1102275661.0,427096857.0,,,181938224.0,15367369.0,114791166.0,,,,,thousands,ok,,"{""sfp"": [51, 50, 52], ""pl"": [], ""cfs"": []}"
PAKD,2022,1895701718,822827809,1072873909,1596880594,695314435,,,148495508.0,231298622.0,251098371,,,,,thousands,review,L5,"{""sfp"": [50, 49, 51], ""pl"": [], ""cfs"": []}"
PAKD,2023,2053200057.0,,,1746389018.0,653193353.0,,,288854289.0,289861508.0,352530697.0,,,,,thousands,ok,,"{""sfp"": [50, 49, 51], ""pl"": [], ""cfs"": []}"
PAKD,2024,1981074738.0,,,1694552736.0,504231142.0,,-1280552216.0,404842104.0,192223638.0,787232411.0,,,,,thousands,ok,,"{""sfp"": [68, 67, 69], ""pl"": [], ""cfs"": []}"
PAKD,2025,2104268816,612011149,1492257667,1799063514,500310477,,-1480576260.0,375481905.0,152945186.0,511198571,484857,,,,thousands,ok,,"{""sfp"": [55, 54, 56], ""pl"": [], ""cfs"": []}"
PAKMI,2017,,,,43802949.0,,,,,2670534.0,16157822.0,,,,,thousands,ok,,"{""sfp"": [], ""pl"": [], ""cfs"": []}"
PAKMI,2019,72640.0,,,,,,,,1381198.0,19004.0,,,,,thousands,ok,,"{""sfp"": [], ""pl"": [], ""cfs"": []}"
PAKMI,2020,72987631.0,9821917.0,,72987639.0,10518793.0,10910775,,,1844703,42267091.0,,,,,thousands,review,L5,"{""sfp"": [], ""pl"": [21], ""cfs"": [22]}"
PAKMI,2022,,,,,,14562.0,,,,,,,,,thousands,ok,,"{""sfp"": [], ""pl"": [3], ""cfs"": []}"
PAKOXY,2014,4597815.0,,,,1616945.0,3925036,3214664,710372,126887,307612.0,,,,,thousands,ok,,"{""sfp"": [29, 28, 30], ""pl"": [29, 28, 30], ""cfs"": [30, 29, 31]}"
PAKOXY,2015,4657485,2937965,1719520,1464469,1351172,,,,140854,94026,299169,,,,thousands,review,L5;L5,"{""sfp"": [30, 29, 31], ""pl"": [30, 29, 31], ""cfs"": [31, 30, 32]}"
PAKOXY,2016,4937602.0,,,1725269.0,2291000.0,3954638,-3058644,895994,216886,110092.0,354576.0,,,,thousands,ok,,"{""sfp"": [65], ""pl"": [62, 63], ""cfs"": [80]}"
PAKOXY,2017,5087282,3119920,1967362,2056656,2306546,,,,,434239,264728,,,,thousands,ok,,"{""sfp"": [66, 65, 67], ""pl"": [], ""cfs"": []}"
PAKOXY,2019,7063069.0,,,2487070.0,2683481.0,4666590,-3600834,1065756,300585,42452,604481.0,,,,thousands,review,L5,"{""sfp"": [70, 99], ""pl"": [67, 68, 98], ""cfs"": [74]}"
PAKOXY,2020,7389177.0,,,2791787.0,2283202.0,5545137,-4441568,1103569,346281,219839.0,653012.0,,,,thousands,ok,,"{""sfp"": [82], ""pl"": [79, 80], ""cfs"": [99]}"
PAKOXY,2021,9806949,4813753,4993196,3787639,2990205,7005454,-5645005,1360449.0,451104,429755,1041152,,,430114,thousands,review,L5,"{""sfp"": [71, 70, 72], ""pl"": [72, 71, 73], ""cfs"": [74, 73, 75]}"
PAKOXY,2022,17430919.0,,,5242769.0,4926749.0,,,,420050,546935.0,1316935.0,,,,thousands,ok,,"{""sfp"": [70], ""pl"": [67, 68], ""cfs"": [86]}"
PAKRI,2013,,9734461559.0,,,,,,,1321148078,,,,-736547489,353439949,thousands,ok,,"{""sfp"": [36, 37], ""pl"": [39], ""cfs"": [40, 41]}"
PAKRI,2014,17621342566.0,10633930189,6987412377,,,,,,1244015843.0,,,,,,thousands,review,L2.5,"{""sfp"": [40, 39, 41], ""pl"": [], ""cfs"": []}"
PAKRI,2015,17388550049,10450024663,6938525386,7639105181,,,,,1376697009.0,,,,,,thousands,review,L2.5,"{""sfp"": [42, 41, 43], ""pl"": [], ""cfs"": []}"
PAKRI,2016,19907365763.0,12503905179.0,,,,,,,974263198.0,,,,,,thousands,ok,,"{""sfp"": [58, 57, 59], ""pl"": [], ""cfs"": []}"
PAKRI,2017,21392541316.0,13589217473.0,,,,,,,2219264260.0,,,,,,thousands,ok,,"{""sfp"": [46, 45, 47], ""pl"": [], ""cfs"": []}"
PAKRI,2018,24830870816,14958914139,9871489377.0,,,,,,1235287019.0,2602483789.0,,,,,thousands,ok,,"{""sfp"": [65, 64, 66, 137], ""pl"": [], ""cfs"": []}"
PAKRI,2019,35835966003,26007168328,9828796765,,,,,,1484282533.0,815678747,,,,,thousands,ok,,"{""sfp"": [66, 65, 67], ""pl"": [], ""cfs"": []}"
PAKRI,2022,539612841,152707799,386905042,,,,,,30370650.0,3030890557,,,,,thousands,ok,,"{""sfp"": [168, 167, 169, 77], ""pl"": [], ""cfs"": []}"
PAKRI,2024,69079964040.0,,22897977738.0,40116359706.0,,,,,,,,,,,thousands,ok,,"{""sfp"": [], ""pl"": [], ""cfs"": []}"
PAKRI,2025,1208555052.0,288840235.0,,,,,,,30402164.0,,,,,,thousands,review,L2.5,"{""sfp"": [185, 184, 186], ""pl"": [], ""cfs"": []}"
PAKT,2013,,,,4739867.0,137513928.91,,,,,,,,-1850235,2372958,thousands,ok,,"{""sfp"": [42, 105], ""pl"": [], ""cfs"": [43, 42, 44, 106]}"
PAKT,2014,,,,6242528.0,139997378.83,,13442066.0,,,,,,-2259822,6375471,thousands,ok,,"{""sfp"": [], ""pl"": [], ""cfs"": [47, 46, 48]}"
PAKT,2015,,,,6515716.0,158338040.62,,,,,,,,,,thousands,ok,,"{""sfp"": [97], ""pl"": [], ""cfs"": [97, 96, 98]}"
PAKT,2016,,,,16729487.0,369114718.55,,,,,,,,-8153675,10485239,thousands,ok,,"{""sfp"": [], ""pl"": [], ""cfs"": [58, 57, 59]}"
PAKT,2017,32133966,15222768,169111,23465833.0,331354752.47,,,,9573562,,,,-5179246,12279668,thousands,review,L1,"{""sfp"": [96, 136], ""pl"": [95, 135], ""cfs"": [98, 97, 99, 138]}"
PAKT,2018,,,,,,,,,,,,,-9436117,12809618,thousands,ok,,"{""sfp"": [], ""pl"": [], ""cfs"": [117, 116, 118]}"
PAKT,2019,40435614,22144759,18290855,27901242,,,,,,,,,-12400182,8564292,thousands,ok,,"{""sfp"": [98], ""pl"": [96], ""cfs"": [100, 99, 101]}"
PAKT,2021,,,,,,,,,,,,,-15861094,18972550,thousands,ok,,"{""sfp"": [], ""pl"": [], ""cfs"": [85, 84, 86]}"
PAKT,2022,,,,,,9486223,,,,,,,-11506890,24916844,thousands,ok,,"{""sfp"": [69], ""pl"": [67], ""cfs"": [71, 70, 72]}"
PAKT,2023,,,,23065905.0,86518169.0,109932868,-50453836,59479032,28959663,17938895.0,46672301.0,,-5427019,16091309,thousands,ok,,"{""sfp"": [64, 63, 65, 124], ""pl"": [62], ""cfs"": [66]}"
PAKT,2024,,,,,,121077803,-61264603,59813200,,,,,-39906018,19860004,thousands,ok,,"{""sfp"": [76, 152], ""pl"": [74, 150], ""cfs"": [78, 77, 79, 154]}"
PAKT,2025,,,,,,,,,,,,,-38257937,32349566,thousands,ok,,"{""sfp"": [77], ""pl"": [75], ""cfs"": [79, 78, 80]}"
PASL,2016,425414913.0,,,,,,,,,,,,,,thousands,ok,,"{""sfp"": [], ""pl"": [], ""cfs"": []}"
PASL,2018,112832467.0,,,,,,,,,,,,,,thousands,ok,,"{""sfp"": [], ""pl"": [], ""cfs"": []}"
PASL,2019,91969141.0,,,,,,,,,,,,,,thousands,ok,,"{""sfp"": [], ""pl"": [], ""cfs"": []}"
PASL,2020,89931353.0,,,,,,,,,,,,,,thousands,ok,,"{""sfp"": [], ""pl"": [], ""cfs"": []}"
PASL,2021,,,-552514586.0,10389573.0,-1291385401.0,,,,,,,,,,thousands,ok,,"{""sfp"": [17, 16, 18], ""pl"": [], ""cfs"": []}"
PASL,2022,,,-560840310.0,11023417.0,-1293542723.0,,,,,,,,,,thousands,ok,,"{""sfp"": [17, 16, 18], ""pl"": [], ""cfs"": []}"
PASL,2023,,,-563436073.0,11310098.0,-1289317977.0,,,,,,,,,,thousands,ok,,"{""sfp"": [17, 16, 18], ""pl"": [], ""cfs"": []}"
PASL,2024,,,-562277518.0,3950554.0,-1293056469.0,,,,,,,,,,thousands,ok,,"{""sfp"": [19, 18, 20], ""pl"": [], ""cfs"": []}"
PASL,2025,,,-554193440.0,4333559.0,-1296487238.0,,,,8084078.0,,,,,,thousands,ok,,"{""sfp"": [17, 16, 18], ""pl"": [], ""cfs"": []}"
PCAL,2014,4364249,1902034,2462215,2772666,1764408,6599512,-5722636,876876,222314,31078,1324291,,-112208,-63370,thousands,ok,,"{""sfp"": [80, 79, 81], ""pl"": [82, 81, 83], ""cfs"": [84, 83, 85]}"
PCAL,2015,4166432,1643217,2523215,2521283,1494065,6956670,-6087480,869190,189297,10506,1262471,,-126745,465057,thousands,ok,,"{""sfp"": [83, 82, 84], ""pl"": [85, 84, 86], ""cfs"": [87, 86, 88]}"
PCAL,2017,5789727,2678169,3111558,3537579,2357145,8083511,-6815996,1267515,478456,52470,1914835,,-340490,109999,thousands,ok,,"{""sfp"": [103, 102, 104], ""pl"": [104, 103, 105], ""cfs"": [106, 105, 107]}"
PCAL,2020,8417195,3647037,4770158,4195014,2852285,9086125,-8225834,860291,-91786,85140,1902397,,-36039,1104992,thousands,ok,,"{""sfp"": [121, 120, 122], ""pl"": [122, 121, 123], ""cfs"": [124, 123, 125]}"
PCAL,2021,11031915,5683217,5348698,6054108,4843381,13145051,-11618566,1526485,553647,107644,2503864,,,-179943,thousands,ok,,"{""sfp"": [127, 126, 128], ""pl"": [128, 127, 129], ""cfs"": [130, 129, 131]}"
PCAL,2022,19493257,10486971,9006286,8739166,9255301,21167659,-18416849,2750810,827726,255816,3863451,,-368817,165044,thousands,ok,,"{""sfp"": [125, 124, 126], ""pl"": [126, 125, 127], ""cfs"": [128, 127, 129]}"
PCAL,2023,23394625,13900559,9494066,8831439,8419144,21652953,-18469291,3183662,723651,161341,3761223,,-228196,999920,thousands,ok,,"{""sfp"": [134, 133, 135], ""pl"": [135, 134, 136], ""cfs"": [137, 136, 138]}"
PCAL,2024,31670607,21990506,9680101,14904079,14239803,26167037,-22803640,3363397,208858,236057,5100736,,,-2417284,thousands,ok,,"{""sfp"": [147, 146, 148], ""pl"": [148, 147, 149], ""cfs"": [150, 149, 151]}"
PCAL,2025,37553849,28071868,9481981,21577558,20873849,29088373,-26062253,3026120,-280601,376971,7525045,,,-2333116,thousands,ok,,"{""sfp"": [137, 136, 138], ""pl"": [138, 137, 139], ""cfs"": [140, 139, 141]}"
PECO,2014,9636910,,,689779,407809.0,219559,-277684,-58125,-68953,,322338,,,-54132,thousands,ok,,"{""sfp"": [19, 18, 20], ""pl"": [21, 20, 22], ""cfs"": [23, 22, 24]}"
PECO,2015,9955287,,,1050561,579392.0,923261,-781391,141870,45272,22500,411431,,,,thousands,ok,,"{""sfp"": [19, 18, 20], ""pl"": [21, 20, 22], ""cfs"": [23, 22, 24]}"
PECO,2016,,,,2188907.0,,2329076,-1856634,472442,219486,,,,,,thousands,ok,,"{""sfp"": [11, 10, 12], ""pl"": [12, 11, 13], ""cfs"": [13, 12, 14]}"
PECO,2018,15968449,,13667998,1091553,425812,1424449,-1399407,25042,-69956,38108.0,347621.0,,,,thousands,review,L5;L5,"{""sfp"": [18, 17, 19], ""pl"": [19, 18, 20], ""cfs"": [20, 19, 21]}"
PECO,2024,39671802,,,270293,2536658.0,23332.0,-43522,-20190,-75302,,40893,,,,thousands,review,L5,"{""sfp"": [49, 48, 50], ""pl"": [50, 49, 51], ""cfs"": [54, 53, 55]}"
PECO,2025,39615736,,,242328,2549412.0,26695.0,-54310,-27615,-63807,,18485,,,,thousands,review,L5,"{""sfp"": [45, 44, 46], ""pl"": [46, 45, 47], ""cfs"": [50, 49, 51]}"
PGCL,2013,679738,188671,491067,537952,188027,1317205,-1158199,159006,76441,,209761,,-42486,22473,thousands,review,L5,"{""sfp"": [35, 34, 36], ""pl"": [36, 35, 37], ""cfs"": [38, 37, 39]}"
PGCL,2014,680933,136812,544121,538617,133206,1187576,-1004685,182891,77521,13189,380721,,,,thousands,ok,,"{""sfp"": [19, 18, 20], ""pl"": [20, 19, 21], ""cfs"": [22, 21, 23]}"
PGCL,2015,501136,58348,442788,371902,55500,684144,-697845,-13701,-75471,17822,142348,,-21243,70335,thousands,ok,,"{""sfp"": [15, 14, 16], ""pl"": [16, 15, 17], ""cfs"": [18, 17, 19]}"
PGCL,2016,438737,90003,348734,325884,87880,486457,-519780,-33323,-94951,43861,111899,,,,thousands,ok,,"{""sfp"": [19, 18, 20], ""pl"": [20, 19, 21], ""cfs"": [22, 21, 23]}"
PGCL,2017,525962,206830,319132,420669,205038,620394,-575352,45042,-28816,33456,89782,,,,thousands,ok,,"{""sfp"": [21, 20, 22], ""pl"": [22, 21, 23], ""cfs"": [24, 23, 25]}"
PGCL,2018,593682.0,,,499599.0,250655.0,763546,-672437,91109,18750,13416.0,284924.0,,,,thousands,ok,,"{""sfp"": [35, 34, 36], ""pl"": [36, 35, 37], ""cfs"": [37, 36, 38]}"
PGLC,2014,1209129300.0,714306274.0,452496423.0,463576999.0,379790678.0,,,,29220611.0,18734373.0,,,,,thousands,review,L1,"{""sfp"": [], ""pl"": [], ""cfs"": []}"
PGLC,2015,1500757911.0,953307579.0,505500727.0,497722608.0,466651211.0,,,,,43753913.0,,,,,thousands,review,L1,"{""sfp"": [], ""pl"": [], ""cfs"": []}"
PGLC,2019,2661792137.0,1903146569.0,,825116433.0,616591491.0,,,,64378140.0,16410061.0,,,,,thousands,ok,,"{""sfp"": [], ""pl"": [], ""cfs"": []}"
PGLC,2024,1950519208,1040162696,910356512,961317678,338035960,,,,,354856487,,,,,thousands,ok,,"{""sfp"": [46, 45, 47], ""pl"": [], ""cfs"": []}"
PGLC,2025,1446326140,655364340,790961800,672538919,243951946,,,,,281105376,,,,,thousands,ok,,"{""sfp"": [50, 49, 51], ""pl"": [], ""cfs"": []}"
PHDL,2017,5058946,5058946,4660206,132079,152093.0,,,161378.0,,74713,,,-83364,33005,thousands,review,L1;L5,"{""sfp"": [21, 20, 22], ""pl"": [23, 22, 24], ""cfs"": [25, 24, 26]}"
PHDL,2018,,,,112864.0,152394.0,475790,191410,225388,-16967,46615.0,,,,20247,thousands,review,L1,"{""sfp"": [23, 22, 24], ""pl"": [25, 24, 26], ""cfs"": [27, 26, 28]}"
PHDL,2019,9739072,,,95498,99924.0,,,252219.0,28013,35978,,,-17648,94489,thousands,ok,,"{""sfp"": [23, 22, 24], ""pl"": [25, 24, 26], ""cfs"": [28, 27, 29]}"
PHDL,2020,9720183,,,106197,95859.0,,,117847.0,,48031,,,,38674,thousands,ok,,"{""sfp"": [23, 22, 24], ""pl"": [25, 24, 26], ""cfs"": [28, 27, 29]}"
PHDL,2021,9674169,350992,9323177,,,28226,,,,,,,,-20594,thousands,ok,,"{""sfp"": [25], ""pl"": [27], ""cfs"": [30, 29, 31]}"
PHDL,2022,,,,,,464551,246190,218361,47817,,,,-44130,96502,thousands,ok,,"{""sfp"": [25], ""pl"": [26], ""cfs"": [28, 27, 29]}"
PHDL,2023,,,,,,559042,315738,243304,44129,,,,-43732,122796,thousands,ok,,"{""sfp"": [25], ""pl"": [26], ""cfs"": [28, 27, 29]}"
PHDL,2024,,,,,,728524,377341,351183,446877,,,,-223531,102359,thousands,ok,,"{""sfp"": [25], ""pl"": [26], ""cfs"": [28, 27, 29]}"
PIAA,2019,154709232.0,577967289,-423258057,52917036.0,325290199,147500129,-139677942,7822187,-55451831,6857322.0,,,,4135067,thousands,review,L2.5,"{""sfp"": [60, 59, 61, 139, 140], ""pl"": [61, 60, 62, 141], ""cfs"": [63, 62, 64, 143]}"
PIBTL,2017,28525938.0,,,,1139084.0,,,,26858,1994203.0,,,,,thousands,ok,,"{""sfp"": [31, 30, 32], ""pl"": [31, 30, 32], ""cfs"": [32, 31, 33]}"
PIBTL,2019,29876728,16965466,12911262,2694782,3406898,8004395,-5747427,2256968,-2377102,430686,,,,,thousands,review,L5,"{""sfp"": [65, 64, 66], ""pl"": [66, 65, 67], ""cfs"": [67, 66, 68]}"
PIBTL,2020,29667538,15672853,13994685,3413538,3263228,9459196,-6409714,3049482,1144285,432956,458025,,,,thousands,review,L5,"{""sfp"": [71, 70, 72], ""pl"": [72, 71, 73], ""cfs"": [73, 72, 74]}"
PIBTL,2021,37865949,15476159,22389790,4164677,3294803,10853552,-7487832,3365720,1858849,499590,,,,,thousands,review,L5,"{""sfp"": [69, 68, 70], ""pl"": [70, 69, 71], ""cfs"": [71, 70, 72]}"
PIBTL,2022,,,,,2688504.0,,,32368474.0,,419260.0,,,,,thousands,ok,,"{""sfp"": [37, 36, 38], ""pl"": [37, 36, 38], ""cfs"": [38, 37, 39]}"
PIBTL,2024,31463818,13642876,17820942,6303189,6072838,13852284,-9319107,4533177.0,1650809,392641.0,,,,,thousands,review,L5;L5,"{""sfp"": [36, 35, 37], ""pl"": [36, 35, 37], ""cfs"": [37, 36, 38]}"
PIBTL,2025,,,,,9441422.0,,,20964652.0,-257930,469403.0,,,,,thousands,ok,,"{""sfp"": [39, 38, 40], ""pl"": [39, 38, 40], ""cfs"": [40, 39, 41]}"
PICT,2013,7676380.0,,,2965567.0,2902978.0,,,4012570.0,2250781.0,2015717.0,,,,,thousands,ok,,"{""sfp"": [33, 32, 34], ""pl"": [], ""cfs"": []}"
PICT,2014,6156844,3572948,2583896,1988841,1898228,7921660.0,,3507192.0,2086307.0,724044,,,,,thousands,ok,,"{""sfp"": [31, 30, 32], ""pl"": [], ""cfs"": []}"
PICT,2015,5567364,2873680,2693684,1854839,1940066,8828244.0,,4285155.0,2456581.0,816352,359944,,,,thousands,review,L5,"{""sfp"": [23, 22, 24], ""pl"": [], ""cfs"": []}"
PICT,2016,4640390.0,,,5389442.0,1999352.0,,,4627477.0,2748623.0,462705.0,,,,,thousands,ok,,"{""sfp"": [16, 15, 17], ""pl"": [16], ""cfs"": []}"
PICT,2017,4178208,1837751,2340457,1205165,1452166,,,4545969.0,2797878.0,162854,509258,45790,,,thousands,review,L5,"{""sfp"": [27, 26, 28], ""pl"": [], ""cfs"": []}"
PICT,2018,,,,3116118.0,1608297.0,,,2609964.0,2134925.0,425339.0,,,,,thousands,ok,,"{""sfp"": [24, 23, 25], ""pl"": [24], ""cfs"": []}"
PICT,2019,4596320,1752590,2843730,2406814,1607391,,,,,1315635,,,,,thousands,ok,,"{""sfp"": [16, 15, 17], ""pl"": [], ""cfs"": []}"
PICT,2020,4832220.0,,,,2318461.0,,,,2672519.0,,,,,,thousands,ok,,"{""sfp"": [21, 20, 22], ""pl"": [21], ""cfs"": []}"
PICT,2021,,,,10958059.0,4051311.0,,,1359358.0,3389662.0,4132425.0,,,,,thousands,ok,,"{""sfp"": [22, 21, 23], ""pl"": [22], ""cfs"": []}"
PICT,2022,8309703.0,,,7642821.0,6072742.0,,,,2729440.0,6061976.0,,,,,thousands,ok,,"{""sfp"": [19, 18, 20], ""pl"": [], ""cfs"": []}"
PIL,2013,925748,697143,228605,,,322505,,,,,,,,,thousands,ok,,"{""sfp"": [20, 19, 21], ""pl"": [22, 21, 23], ""cfs"": [25, 24, 26]}"
PIL,2014,952704.0,853146.0,,,,292698,,,-130962,,,,,,thousands,ok,,"{""sfp"": [20, 19, 21], ""pl"": [22, 21, 23], ""cfs"": [25, 24, 26]}"
PIL,2015,617751,548040,69711,512065,,,,,,30412,,,,,thousands,ok,,"{""sfp"": [22, 21, 23, 24], ""pl"": [27], ""cfs"": [27, 26, 28]}"
PIL,2016,335902,297691.0,,283012,,76310,,,-24881,,,,,,thousands,ok,,"{""sfp"": [30, 29, 31], ""pl"": [32, 31, 33], ""cfs"": [35, 34, 36]}"
PIL,2018,67011,82830,-15819,,,,,,-11799,,,,,,thousands,ok,,"{""sfp"": [29], ""pl"": [30], ""cfs"": [33, 32, 34]}"
PIL,2019,70818,88812,-17994,,,,,,,,,,,,thousands,ok,,"{""sfp"": [26], ""pl"": [27], ""cfs"": [30, 29, 31]}"
PIL,2020,75601,93607,-18006,,,,,,,,,,,,thousands,ok,,"{""sfp"": [26], ""pl"": [27], ""cfs"": [30, 29, 31]}"
PIL,2021,79225,97663,-18438,,,,,,,,,,,,thousands,ok,,"{""sfp"": [27], ""pl"": [28], ""cfs"": [31, 30, 32]}"
PIL,2022,83167,102677,-19510,,,,,,,,,,,,thousands,ok,,"{""sfp"": [27], ""pl"": [29, 28, 30], ""cfs"": [29]}"
PIL,2023,92973,108919,-15946,,,,,,,,,,,,thousands,ok,,"{""sfp"": [27], ""pl"": [28], ""cfs"": [30, 29, 31]}"
PIL,2024,105307,116281,-10974,,,,,,,,,,,,thousands,ok,,"{""sfp"": [27], ""pl"": [28], ""cfs"": [30, 29, 31]}"
PIL,2025,111118,140276,-29158,,,,,,,,,,,,thousands,ok,,"{""sfp"": [27], ""pl"": [28], ""cfs"": [30, 29, 31]}"
PIM,2014,,,,236344919.0,,,,,,4583277.0,,,,,thousands,ok,,"{""sfp"": [], ""pl"": [], ""cfs"": []}"
PIM,2015,,,,97275681.0,4639258.0,,,,2319629.0,,,,,,thousands,ok,,"{""sfp"": [], ""pl"": [], ""cfs"": []}"
PIM,2016,140652801.0,66639594.0,,-41478446.0,,,,,,3035351.0,,,,,thousands,ok,,"{""sfp"": [], ""pl"": [], ""cfs"": []}"
PIM,2017,158805469.0,80211397.0,,-33792644.0,44133436.0,,,,,6458656.0,,,,,thousands,ok,,"{""sfp"": [], ""pl"": [], ""cfs"": []}"
PIM,2018,,,,,,,,,2627577.0,,,,,,thousands,ok,,"{""sfp"": [], ""pl"": [], ""cfs"": []}"
PIM,2020,131956639,43832709,88123930,37202820,39979571.0,,,,5543182.0,4536119.0,,,,,thousands,ok,,"{""sfp"": [25, 24, 26], ""pl"": [], ""cfs"": []}"
PIM,2022,152086435,19503918,132582517,87521527,12850908,,,,6551228.0,2579156,,,,,thousands,ok,,"{""sfp"": [23, 22, 24], ""pl"": [], ""cfs"": []}"
PIM,2023,168629000,33313517,135315483,102537627,25382153,,,,7974566.0,8412360,,,,,thousands,ok,,"{""sfp"": [22, 21, 23], ""pl"": [], ""cfs"": []}"
PIM,2024,232653757,19022065,213631692,134990341,13153445,,,,24696010.0,54080582,,,,,thousands,review,L5,"{""sfp"": [24, 23, 25], ""pl"": [], ""cfs"": []}"
PIM,2025,238082778,18742353,219340425,113762050,14613072,,,,25708733.0,3933087,,,,,thousands,review,L5,"{""sfp"": [28, 27, 29], ""pl"": [], ""cfs"": []}"
PINL,2013,3554297,,,,,652924,,,-166799,108938,,,-54949,-238006,thousands,ok,,"{""sfp"": [18, 17, 19], ""pl"": [20, 19, 21], ""cfs"": [22, 21, 23]}"
PINL,2014,3429982,,,,,,,,34647,150993,,,-55148,-68802,thousands,ok,,"{""sfp"": [18, 17, 19], ""pl"": [20, 19, 21], ""cfs"": [22, 21, 23]}"
PINL,2015,3685412.0,,,,,,,,110616,,,,-29261,-148135,thousands,ok,,"{""sfp"": [53, 52, 54, 111], ""pl"": [55, 54, 56, 112], ""cfs"": [57, 56, 58, 109]}"
PINL,2016,242464,,,,,64746,,,,27906,,,-36367,-84077,thousands,review,L5,"{""sfp"": [34, 33, 35, 96, 97], ""pl"": [36, 35, 37, 98], ""cfs"": [38, 37, 39, 106, 107]}"
PINL,2018,2989203.0,,1175134.0,,,,,,,,,,,,thousands,ok,,"{""sfp"": [14, 13, 15], ""pl"": [], ""cfs"": []}"
PINL,2019,2957300.0,,1157023.0,,,,,,,,,,,,thousands,ok,,"{""sfp"": [], ""pl"": [15, 14, 16], ""cfs"": []}"
PINL,2020,3249280.0,,1336909.0,,,,,,-117112.0,,,,,,thousands,ok,,"{""sfp"": [122], ""pl"": [], ""cfs"": [44, 148]}"
PINL,2021,3479358.0,,1332383.0,,,,,,,,,,,,thousands,ok,,"{""sfp"": [], ""pl"": [30], ""cfs"": []}"
PINL,2022,2843926.0,,855413.0,,,,,,,,,,,,thousands,ok,,"{""sfp"": [90], ""pl"": [31, 30, 32, 91], ""cfs"": [35, 95]}"
PINL,2023,2615861.0,,947396.0,,,,,,,,,,,,thousands,ok,,"{""sfp"": [34, 100], ""pl"": [35, 101], ""cfs"": [39, 104]}"
PINL,2024,3005670,1743389,1199051,,,,,,,54457,,,,-116931,thousands,review,L1,"{""sfp"": [33, 32, 34, 100], ""pl"": [34, 33, 35, 101, 102], ""cfs"": [37, 36, 38, 104, 105]}"
PINL,2025,3354884,1600212,1293048,,,,,,,13920,,,,-109539,thousands,review,L1,"{""sfp"": [33, 32, 34, 103], ""pl"": [34, 33, 35, 104], ""cfs"": [37, 36, 38, 107, 108]}"
PIOC,2013,11602157.0,,,3701769.0,3473487.0,,,,1535142.0,1464792.0,,,,,thousands,ok,,"{""sfp"": [35, 34, 36], ""pl"": [], ""cfs"": []}"
PIOC,2014,11877069.0,,,4332034.0,3479226.0,8024777,5435809,2589968,1768859,890404.0,,,-1065169,2267285,thousands,ok,,"{""sfp"": [47, 46, 48], ""pl"": [48, 47, 49], ""cfs"": [50, 49, 51]}"
PIOC,2017,17760168,5512636,12247532,5407922,1721114,10630994,6202685,4428309,2917545,309019,235743,,-1327012,1751132,thousands,ok,,"{""sfp"": [49, 48, 50], ""pl"": [50, 49, 51], ""cfs"": [52, 51, 53]}"
PIOC,2018,29111368,15482409,13628959,6070883,4450628,10121320,-7310647,2810673,1644020,493261,470397,,-742094,1775380,thousands,review,L5,"{""sfp"": [47, 46, 48], ""pl"": [48, 47, 49], ""cfs"": [50, 49, 51]}"
PIOC,2019,42277411,28956068,13321343,6030044,9687595,9733653,-7598967,213468,790377,210924,325812,,-927911,3284900,thousands,review,L1;L5,"{""sfp"": [50, 49, 51], ""pl"": [51, 50, 52], ""cfs"": [53, 52, 54]}"
