model,window,alpha
Market,1,0.03599733
Market,1,0.03241547
Market,1,-0.00755245
Market,1,-0.01684646
Market,1,-0.01473382
Market,1,-0.01176972
Market,1,-0.03709212
Market,1,0.03501960
Market,1,0.04216785
Market,1,-0.02780266
Market,1,-0.05479423
Market,1,0.01274914
Market,1,0.06582193
Market,1,0.02273791
Market,1,0.00910639
Market,1,-0.00549949
Market,1,-0.02629761
Market,1,0.00794269
Market,1,0.03211988
Market,1,0.06716158
Market,1,-0.02626216
Market,1,-0.07422199
Market,1,-0.06276891
Market,1,-0.01603825
Market,1,0.03349646
Market,1,0.07728736
Market,1,0.09213146
Market,1,0.02890289
Market,1,0.02052777
Market,1,0.05656893
Market,1,-0.02524921
Market,1,0.11599782
Market,1,-0.01272556
Market,1,-0.02010876
Market,1,0.03442225
Market,1,0.13460599
Market,1,0.04902705
Market,1,0.05999165
Market,1,0.01470841
Market,1,0.05985687
Market,1,-0.02616327
Market,1,0.06790619
Market,1,0.05002685
Market,1,0.00680827
Market,1,-0.02472987
Market,1,-0.04999299
Market,1,0.05411085
Market,1,0.07406747
Market,1,0.15623288
Market,1,0.02263443
Market,1,0.06766285
Market,1,0.02514364
Market,1,0.06414757
Market,1,0.05008701
Market,1,0.01765968
Market,1,0.02574230
Market,1,0.01312723
Market,1,0.10742130
Market,1,-0.02606906
Market,1,0.04514538
Market,1,0.00267754
Market,1,0.17738951
Market,1,0.02770943
Market,1,-0.04487757
Market,1,-0.03395046
Market,1,-0.00187479
Market,1,0.07051644
Market,1,0.03254097
Market,1,0.08392016
Market,1,0.07152533
Market,1,-0.01063877
Market,1,0.13816267
Market,1,0.13442740
Market,1,0.04995972
Market,1,-0.02925676
Market,1,-0.00822653
Market,1,0.03620716
Market,1,-0.03852521
Market,1,0.02974638
Market,1,0.04094656
Market,1,-0.01199456
Market,1,0.00058677
Market,1,-0.00389586
Market,1,-0.03879687
Market,1,0.09430623
Market,1,-0.02706597
Market,1,0.01604969
Market,1,0.00475265
Market,1,0.01183744
Market,1,0.07224371
Market,1,0.00906201
Market,1,-0.01265789
Market,1,-0.02546188
Market,1,0.03266057
Market,1,-0.02465081
Market,1,0.02837618
Market,1,0.02638085
Market,1,0.01838510
Market,1,0.04557715
Market,1,-0.03217598
Market,1,0.00017659
Market,1,0.19355714
Market,1,-0.00382233
Market,1,0.02168957
Market,1,0.03098516
Market,1,0.10508648
Market,1,0.05436073
Market,1,-0.03168591
Market,1,0.01581403
Market,1,0.05178445
Market,1,0.03349610
Market,1,0.02313307
Market,1,0.15969785
Market,1,0.11310120
Market,1,-0.04266448
Market,1,0.01593463
Market,1,0.00424460
Market,1,-0.05334124
Market,1,0.00787062
Market,1,0.05613736
Market,1,0.09135924
Market,1,0.08269214
Market,1,0.01033874
Market,1,-0.01903809
Market,1,-0.05058826
Market,1,-0.02574189
Market,1,0.03340512
Market,1,-0.00579285
Market,1,0.01726275
Market,1,-0.03448992
Market,1,0.01611813
Market,1,0.02799998
Market,1,0.02810490
Market,1,-0.01896951
Market,1,-0.02615761
Market,1,-0.01746525
Market,1,-0.08262338
Market,1,-0.06591526
Market,1,-0.05473597
Market,1,-0.05506656
Market,1,-0.07429609
Market,1,-0.01554811
Market,1,0.06781545
Market,1,0.10530150
Market,1,0.16059214
Market,1,0.12255645
Market,1,0.02067337
Market,1,0.08201391
Market,1,0.08789558
Market,1,-0.01952331
Market,1,0.12157818
Market,1,0.04540770
Market,1,0.03698844
Market,1,0.01824715
Market,1,0.01638651
Market,1,-0.03978666
Market,1,-0.01357175
Market,1,0.00317803
Market,1,0.01756848
Market,1,0.00128998
Market,1,0.01311835
Market,1,0.23118150
Market,1,0.04857056
Market,1,0.01859948
Market,1,0.04036368
Market,1,-0.03085845
Market,1,0.04065157
Market,1,-0.00309624
Market,1,0.13403143
Market,1,0.01641217
Market,1,0.07285613
Market,1,-0.02657650
Market,1,0.06516402
Market,1,-0.00098324
Market,1,-0.02743555
Market,1,0.09196882
Market,1,0.32729936
Market,1,0.07136795
Market,1,0.00000656
Market,1,0.03556319
Market,1,0.04023876
Market,1,0.00346812
Market,1,0.06764736
Market,1,-0.04946037
Market,1,0.13911874
Market,1,0.14851796
Market,1,-0.02835175
Market,1,-0.03791702
Market,1,0.14855405
Market,1,-0.05091549
Market,1,-0.02131005
Market,1,-0.00404323
Market,1,0.07599266
Market,1,0.06513266
Market,1,0.01441021
Market,1,-0.00014905
Market,1,0.03386761
Market,1,0.03396706
Market,1,0.06144605
Market,1,-0.04194953
Market,1,-0.02954741
Market,1,0.11549735
Market,1,-0.02674745
Market,1,0.02933795
Market,1,0.19780824
Market,1,-0.02792718
Market,1,-0.00020655
Market,1,0.15520668
Market,1,0.14085961
Market,1,-0.02313090
Market,1,0.00991147
Market,1,-0.02785991
Market,1,0.00644690
Market,1,-0.02517087
Market,1,0.01036191
Market,1,0.01020097
Market,1,-0.00875806
Market,1,0.18844079
Market,1,-0.03150209
Market,1,-0.02917703
Market,1,0.07148354
Market,1,0.05426065
Market,1,-0.00791248
Market,1,-0.00296898
Market,1,0.04192466
Market,1,-0.07971078
Market,1,0.19556358
Market,1,0.01007826
Market,1,0.00766496
Market,1,-0.03576511
Market,1,0.00094850
Market,1,-0.01734287
Market,1,0.02060164
Market,1,0.01233254
Market,1,0.08016374
Market,1,0.00899334
Market,1,0.02720117
Market,1,0.06127606
Market,1,0.14902645
Market,1,0.09737875
Market,1,-0.02682034
Market,1,0.02186460
Market,1,0.00606754
Market,1,0.00695381
Market,1,0.00841394
Market,1,0.20286741
Market,1,-0.05052523
Market,1,0.01598693
Market,1,0.02929421
Market,1,-0.02170851
Market,1,0.12332379
Market,1,0.10794122
Market,1,-0.04182425
Market,1,0.00505325
Market,1,-0.00657030
Market,1,-0.01128250
Market,1,-0.00636872
Market,1,-0.02810326
Market,1,0.07592711
Market,1,-0.00405830
Market,1,-0.02251264
Market,1,-0.01856326
Market,1,0.06061914
Market,1,0.03983291
Market,1,0.05411809
Market,1,-0.00903838
Market,1,0.01039131
Market,1,-0.02519808
Market,1,-0.01211758
Market,1,-0.02527785
Market,1,-0.02980821
Market,1,0.02993364
Market,1,0.04465931
Market,1,-0.02725162
Market,1,-0.00895782
Market,1,-0.03166949
Market,1,0.01469190
Market,1,-0.03765892
Market,1,-0.00816091
Market,1,0.07535506
Market,1,0.13362081
Market,1,0.02681498
Market,1,0.02272209
Market,1,0.04167370
Market,1,-0.01574686
Market,1,0.15208097
Market,1,0.00722013
Market,1,0.02323247
Market,1,0.04391825
Market,1,-0.04007635
Market,1,-0.03494485
Market,1,-0.04032659
Market,1,0.00096406
Market,1,0.08880557
Market,1,-0.02601404
Market,2,0.04310221
Market,2,0.05827313
Market,2,-0.01419453
Market,2,-0.00496411
Market,2,-0.02986891
Market,2,0.03713949
Market,2,0.00499648
Market,2,0.00104078
Market,2,0.09455000
Market,2,0.06385502
Market,2,0.10010739
Market,2,-0.01843287
Market,2,0.09280001
Market,2,0.00001692
Market,2,-0.00527514
Market,2,0.05887906
Market,2,0.00431389
Market,2,-0.03219444
Market,2,0.00452019
Market,2,-0.02847632
Market,2,0.05052261
Market,2,-0.07577298
Market,2,-0.02126528
Market,2,-0.02182431
Market,2,-0.02032022
Market,2,0.00954856
Market,2,0.14872616
Market,2,0.04520333
Market,2,-0.01417243
Market,2,0.21219011
Market,2,0.03359261
Market,2,-0.05139451
Market,2,-0.05152212
Market,2,-0.02395850
Market,2,0.03218681
Market,2,0.06300498
Market,2,0.00475774
Market,2,0.06434862
Market,2,0.03401810
Market,2,-0.00602405
Market,2,0.07796616
Market,2,0.04512391
Market,2,-0.05102106
Market,2,0.08500318
Market,2,-0.04149592
Market,2,0.00821163
Market,2,-0.01150521
Market,2,-0.00754555
Market,2,0.00221376
Market,2,0.02122571
Market,2,0.00183477
Market,2,0.02677333
Market,2,0.00138051
Market,2,-0.03183216
Market,2,-0.03633680
Market,2,-0.02763416
Market,2,0.04388393
Market,2,-0.03285431
Market,2,0.00757349
Market,2,0.05370452
Market,2,0.02493637
Market,2,0.02959950
Market,2,-0.01872321
Market,2,-0.02661272
Market,2,-0.01902313
Market,2,0.01845583
Market,2,0.00143274
Market,2,0.03124099
Market,2,-0.04223495
Market,2,0.02079705
Market,2,-0.02681562
Market,2,0.12905629
Market,2,-0.01999931
Market,2,0.02686648
Market,2,0.01555940
Market,2,-0.01945816
Market,2,0.03465535
Market,2,-0.02755959
Market,2,0.02466095
Market,2,0.03797839
Market,2,-0.02682802
Market,2,-0.02826425
Market,2,0.00822228
Market,2,-0.01715971
Market,2,0.00354506
Market,2,0.03300883
Market,2,-0.03648005
Market,2,0.02311822
Market,2,0.05499594
Market,2,-0.04006226
Market,2,-0.01541905
Market,2,-0.00932758
Market,2,-0.00930940
Market,2,-0.02684789
Market,2,0.01000744
Market,2,-0.02503909
Market,2,0.01007366
Market,2,-0.05610062
Market,2,-0.00000816
Market,2,0.06473831
Market,2,-0.02497789
Market,2,-0.00932161
Market,2,0.00738202
Market,2,0.04332804
Market,2,-0.00740018
Market,2,0.01686078
Market,2,-0.00653913
Market,2,0.03379250
Market,2,0.03786268
Market,2,-0.01400974
Market,2,0.01063029
Market,2,0.05166015
Market,2,-0.03484590
Market,2,-0.03894121
Market,2,0.00209378
Market,2,-0.00442720
Market,2,-0.00106804
Market,2,0.01774252
Market,2,-0.04369509
Market,2,0.04821740
Market,2,0.01891943
Market,2,-0.00167881
Market,2,0.06211215
Market,2,0.09638117
Market,2,-0.00271888
Market,2,-0.00389146
Market,2,-0.02259630
Market,2,-0.09180664
Market,2,-0.00591038
Market,2,0.03632452
Market,2,0.00607805
Market,2,-0.01690678
Market,2,0.03074540
Market,2,-0.01464176
Market,2,0.01081512
Market,2,-0.01500414
Market,2,-0.05954792
Market,2,-0.00259526
Market,2,0.00624658
Market,2,-0.04204150
Market,2,0.07469691
Market,2,0.01516117
Market,2,-0.00499889
Market,2,0.05414810
Market,2,0.00678373
Market,2,0.01169989
Market,2,-0.03149749
Market,2,0.03950849
Market,2,-0.01392543
Market,2,0.00657383
Market,2,0.05833002
Market,2,-0.03792449
Market,2,0.08893010
Market,2,0.08220772
Market,2,0.03460332
Market,2,-0.02326768
Market,2,0.15099885
Market,2,-0.01715669
Market,2,-0.05411123
Market,2,-0.02282912
Market,2,-0.05087413
Market,2,-0.00793550
Market,2,0.00450099
Market,2,0.09194469
Market,2,0.01085822
Market,2,-0.07496039
Market,2,-0.07133384
Market,2,0.02578446
Market,2,-0.07127767
Market,2,0.11568646
Market,2,-0.02119654
Market,2,-0.01828402
Market,2,-0.02803926
Market,2,-0.02286255
Market,2,0.07186352
Market,2,-0.06298593
Market,2,0.03604493
Market,2,0.00491742
Market,2,-0.07592667
Market,2,0.02993051
Market,2,-0.04342153
Market,2,-0.01617238
Market,2,-0.00289570
Market,2,0.02197376
Market,2,-0.04764909
Market,2,-0.02080872
Market,2,0.11571326
Market,2,0.06100075
Market,2,-0.00457349
Market,2,0.05318890
Market,2,-0.04565146
Market,2,0.10806694
Market,2,0.06564723
Market,2,-0.04428490
Market,2,-0.01861646
Market,2,-0.02024614
Market,2,-0.04332545
Market,2,0.05405525
Market,2,0.08310994
Market,2,-0.01738621
Market,2,0.04833783
Market,2,-0.00604389
Market,2,-0.00912818
Market,2,-0.00650347
Market,2,0.00145289
Market,2,0.03076978
Market,2,0.00109796
Market,2,0.02791736
Market,2,-0.05575613
Market,2,-0.00311085
Market,2,0.01599086
Market,2,0.00370484
Market,2,-0.04561936
Market,2,0.02247747
Market,2,0.03241311
Market,2,0.03323737
Market,2,-0.05729352
Market,2,-0.05734724
Market,2,0.00512551
Market,2,-0.02234012
Market,2,-0.04827817
Market,2,0.02731508
Market,2,0.10510279
Market,2,-0.01194913
Market,2,0.01265788
Market,2,-0.02470777
Market,2,0.04824233
Market,2,0.06490059
Market,2,0.03980830
Market,2,-0.03264231
Market,2,-0.05093572
Market,2,-0.00922422
Market,2,0.05596884
Market,2,0.01933995
Market,2,0.02303740
Market,2,0.07969949
Market,2,0.01845631
Market,2,-0.01239100
Market,2,-0.02457121
Market,2,0.01498500
Market,2,-0.00007936
Market,2,0.03021723
Market,2,-0.00539852
Market,2,0.03057208
Market,2,0.11636411
Market,2,-0.01952142
Market,2,-0.00665426
Market,2,-0.00326673
Market,2,0.02483142
Market,2,0.15276097
Market,2,0.01844079
Market,2,-0.00902856
Market,2,0.05694888
Market,2,-0.00260653
Market,2,0.00336161
Market,2,0.03774766
Market,2,0.01396391
Market,2,0.02318437
Market,2,0.05202928
Market,2,0.00236736
Market,2,-0.00325723
Market,2,-0.03560685
Market,2,-0.01509044
Market,2,0.01047254
Market,2,0.08419514
Market,2,-0.01109357
Market,2,-0.00479938
Market,2,-0.08914940
Market,2,0.05949376
Market,2,0.05786611
Market,2,-0.00784891
Market,2,0.03845763
Market,2,0.03522157
Market,2,0.07992874
Market,2,0.03672031
Market,2,-0.01145394
Market,2,-0.00808717
Market,2,0.02577119
Market,2,0.00484546
Market,2,-0.04501575
Market,2,0.02025374
Market,2,0.06445163
Market,2,-0.05408806
Market,2,0.14282787
Market,2,0.05183452
Market,2,-0.02904132
Market,2,-0.09052616
Market,2,-0.01435025
Market,2,-0.03849468
Market,2,-0.01808496
Market,2,-0.02813198
Market,2,-0.02598427
Market,2,-0.00269783
Market,2,0.02253991
Market,2,0.04740745
Market,2,0.00658731
Market,2,-0.02140641
Market,2,0.03321007
Market,2,-0.01555834
Market,2,-0.05552940
Market,2,0.00088220
Market,2,0.08486389
Market,2,0.00837671
Market,2,-0.01234734
Market,2,-0.03185486
Market,2,0.00003606
Market,2,0.02558146
Market,2,0.04052598
Market,2,0.00300446
Market,2,0.00538359
Market,2,-0.10383007
Market,2,0.02129641
Market,2,0.02153225
Market,2,-0.00605969
Market,2,-0.00190451
Market,2,-0.00210141
Market,2,0.03245523
Market,2,0.07080120
Market,2,0.00531000
Market,2,-0.04326481
Market,2,0.07558968
Market,2,0.11505424
Market,2,-0.00598417
Market,2,-0.00237634
Market,2,-0.04370143
Market,2,0.00688514
Market,2,0.00425407
Market,2,-0.01310280
Market,2,-0.04063579
Market,2,-0.00654030
Market,2,-0.02859733
Market,2,-0.00613602
Market,2,-0.00206750
Market,2,0.03603919
Market,2,-0.02884117
Market,2,0.01380809
Market,2,-0.00327645
Market,2,0.07861993
Market,2,-0.03383057
Market,2,-0.04976563
Market,2,-0.01653037
Market,3,-0.01711841
Market,3,0.00479698
Market,3,0.10639285
Market,3,0.00795318
Market,3,-0.01457127
Market,3,0.03781515
Market,3,0.01464952
Market,3,0.03647575
Market,3,-0.01931653
Market,3,0.00781959
Market,3,0.07913696
Market,3,-0.03935067
Market,3,0.03323178
Market,3,-0.01132777
Market,3,0.01799919
Market,3,-0.00129968
Market,3,-0.00097060
Market,3,0.02113430
Market,3,-0.00429076
Market,3,0.02068522
Market,3,0.00292200
Market,3,-0.03381778
Market,3,-0.02970339
Market,3,0.01999270
Market,3,-0.01497952
Market,3,0.04027421
Market,3,-0.01116402
Market,3,-0.11636167
Market,3,0.02866354
Market,3,0.06340175
Market,3,0.01754823
Market,3,-0.03166915
Market,3,-0.01628379
Market,3,0.00536408
Market,3,0.00251670
Market,3,0.01149482
Market,3,-0.01883730
Market,3,0.02353952
Market,3,0.00507901
Market,3,-0.00866571
Market,3,0.03197522
Market,3,-0.03547563
Market,3,-0.02044114
Market,3,-0.04273886
Market,3,0.00506362
Market,3,-0.06815101
Market,3,0.04728389
Market,3,0.07067973
Market,3,0.09527227
Market,3,0.00578182
Market,3,0.01989249
Market,3,0.03933568
Market,3,0.05287828
Market,3,0.09076467
Market,3,-0.05498974
Market,3,-0.05483688
Market,3,-0.02421674
Market,3,0.06605886
Market,3,-0.00874251
Market,3,0.00013133
Market,3,-0.04718215
Market,3,-0.02841657
Market,3,0.16889509
Market,3,-0.06109841
Market,3,-0.02912387
Market,3,-0.01783948
Market,3,0.00991024
Market,3,0.04286741
Market,3,0.04016892
Market,3,0.04088081
Market,3,0.03837948
Market,3,0.00780715
Market,3,0.07401970
Market,3,0.00119733
Market,3,-0.00656527
Market,3,0.00157034
Market,3,-0.02496252
Market,3,-0.00086701
Market,3,0.03969140
Market,3,0.03440065
Market,3,-0.00798649
Market,3,0.00329112
Market,3,0.04564727
Market,3,-0.02403847
Market,3,0.16818272
Market,3,-0.02184919
Market,3,0.00236114
Market,3,0.04397066
Market,3,-0.01875085
Market,3,-0.04139100
Market,3,-0.00588115
Market,3,-0.11172288
Market,3,-0.03024537
Market,3,0.08638842
Market,3,0.00064281
Market,3,-0.01268329
Market,3,-0.02165650
Market,3,0.02094183
Market,3,0.10512208
Market,3,0.00268612
Market,3,0.06385567
Market,3,-0.03957177
Market,3,0.01609374
Market,3,0.09070625
Market,3,0.02653970
Market,3,-0.04477778
Market,3,0.03584025
Market,3,0.00196970
Market,3,0.03747507
Market,3,-0.03181548
Market,3,0.00443989
Market,3,-0.00032172
Market,3,-0.07573512
Market,3,-0.03461932
Market,3,-0.01981767
Market,3,0.09056146
Market,3,0.01813126
Market,3,-0.00717097
Market,3,0.07649518
Market,3,0.03695787
Market,3,0.00797654
Market,3,-0.01914657
Market,3,0.08721502
Market,3,-0.00218146
Market,3,0.02249999
Market,3,-0.01266531
Market,3,-0.00718529
Market,3,0.01905155
Market,3,-0.00773906
Market,3,0.00467545
Market,3,0.01287841
Market,3,-0.02639732
Market,3,-0.01686401
Market,3,0.00586564
Market,3,0.01264664
Market,3,0.09284974
Market,3,-0.05488889
Market,3,-0.05871965
Market,3,-0.05761469
Market,3,0.01885122
Market,3,0.03385204
Market,3,0.03029006
Market,3,-0.01809861
Market,3,0.06494025
Market,3,-0.05999212
Market,3,0.02326159
Market,3,0.11744195
Market,3,0.01031142
Market,3,0.00085702
Market,3,0.09276602
Market,3,0.02094096
Market,3,-0.01909140
Market,3,-0.04174245
Market,3,-0.02074742
Market,3,-0.00375886
Market,3,0.08024791
Market,3,0.10774496
Market,3,0.01113599
Market,3,-0.05499194
Market,3,-0.02267051
Market,3,-0.01045703
Market,3,0.04881340
Market,3,-0.02868225
Market,3,0.01220651
Market,3,0.05319111
Market,3,-0.00416099
Market,3,0.17439043
Market,3,-0.02768428
Market,3,0.01010786
Market,3,-0.01878977
Market,3,-0.02948871
Market,3,-0.03280114
Market,3,0.16889682
Market,3,0.00550946
Market,3,0.04781928
Market,3,0.00652376
Market,3,-0.02071126
Market,3,-0.02031194
Market,3,0.00175879
Market,3,-0.04410666
Market,3,0.03820652
Market,3,0.04349453
Market,3,-0.02589486
Market,3,0.00353231
Market,3,-0.03201987
Market,3,0.00162167
Market,3,-0.06064885
Market,3,-0.03850123
Market,3,-0.03931964
Market,3,-0.05785408
Market,3,-0.05177730
Market,3,0.02308130
Market,3,-0.03077828
Market,3,-0.03788519
Market,3,0.10292952
Market,3,0.05333033
Market,3,0.00508183
Market,3,0.02096251
Market,3,0.00344884
Market,3,0.03924554
Market,3,0.10934133
Market,3,-0.01741721
Market,3,-0.03504770
Market,3,-0.00678436
Market,3,-0.01355491
Market,3,0.00800162
Market,3,-0.03147059
Market,3,-0.02035088
Market,3,-0.03542516
Market,3,0.03096769
Market,3,-0.04849926
Market,3,-0.01113869
Market,3,-0.04203727
Market,3,0.03471170
Market,3,0.12399564
Market,3,0.18189913
Market,3,-0.02901577
Market,3,-0.02335690
Market,3,0.00273820
Market,3,0.00437140
Market,3,-0.03612444
Market,3,-0.02029781
Market,3,-0.00042067
Market,3,-0.03717509
Market,3,-0.01942164
Market,3,-0.08879320
Market,3,-0.03236279
Market,3,0.08750291
Market,3,0.03077818
Market,3,-0.01014590
Market,3,-0.04762815
Market,3,-0.03292800
Market,3,0.04270789
Market,3,-0.04303356
Market,3,0.01308747
Market,3,-0.01561765
Market,3,0.08371149
Market,3,0.01925635
Market,3,0.00452988
Market,3,0.02072243
Market,3,-0.06547952
Market,3,0.00253061
Market,3,0.05229526
Market,3,0.06476995
Market,3,-0.09832639
Market,3,-0.06154686
Market,3,-0.01965880
Market,3,-0.00998992
Market,3,-0.01694854
Market,3,0.06094975
Market,3,-0.05360155
Market,3,-0.01595326
Market,3,0.04415456
Market,3,-0.09260573
Market,3,0.01436101
Market,3,-0.00890810
Market,3,-0.00200828
Market,3,0.04481927
Market,3,0.05254647
Market,3,0.01061038
Market,3,-0.02091979
Market,3,-0.01759174
Market,3,0.06877455
Market,3,-0.03758141
Market,3,0.00088267
Market,3,-0.01321313
Market,3,0.00617824
Market,3,-0.07490684
Market,3,0.00469149
Market,3,0.06508640
Market,3,0.07044300
Market,3,-0.01509210
Market,3,-0.01757998
Market,3,-0.04074764
Market,3,-0.00593957
Market,3,0.02503009
Market,3,-0.01856122
Market,3,0.03078563
Market,3,-0.03192226
Market,3,0.04990973
Market,3,0.11258871
Market,3,-0.01813384
Market,3,0.03450559
Market,3,0.05027603
Market,3,-0.04963755
Market,3,0.18277114
Market,3,-0.03647009
Market,3,-0.01523923
Market,3,-0.00311095
Market,3,0.01121923
Market,3,-0.02311161
Market,3,0.01429030
Market,3,0.09778341
Market,3,0.05206993
Market,3,-0.05605950
Market,3,0.08337207
Market,3,0.00375817
Market,3,0.04366906
Market,3,-0.03446355
Market,3,0.00339272
Market,3,0.07551185
Market,3,-0.02860369
Market,3,-0.05859979
Market,3,-0.02391587
Market,3,0.01401050
Market,3,-0.02602976
Market,3,0.01930844
Market,3,-0.03437920
Market,3,0.10610329
Market,3,0.02825154
Market,3,-0.03509400
Market,3,0.07135573
Market,3,-0.02160820
Market,3,0.01062281
Market,3,-0.02868249
Market,3,0.06945931
Market,3,0.01481410
Market,3,0.01007843
Market,3,-0.00609968
Market,3,0.02514242
Market,3,0.06899576
Market,3,0.03559891
Market,3,0.01361134
Market,3,-0.03689896
Market,3,0.06012318
Market,3,0.00281213
Market,3,0.02182351
Market,3,0.01275019
Market,3,-0.02975238
Market,3,0.05142425
Market,3,0.05464893
Market,3,0.07100952
Market,3,0.01348525
Market,3,-0.02717420
Market,3,0.02576644
Market,3,-0.05351391
Market,3,0.03157726
Market,3,0.04219220
Market,3,-0.01370375
Market,3,0.00616349
Market,3,0.04269904
Market,3,0.01949217
Market,3,0.03945714
Market,3,-0.01495551
Market,3,-0.01651628
Market,3,0.01427468
Market,3,0.02305143
Market,3,-0.02276650
Market,3,-0.00014612
Market,3,0.01081552
Market,3,-0.00879446
Market,3,0.06334921
Market,3,0.15551329
Market,3,-0.02925481
Market,3,0.04262672
Market,3,-0.01898076
Market,3,0.09251271
Market,3,0.01367794
Market,3,-0.00439151
Market,3,-0.03223668
Market,3,0.00952450
Market,3,0.00393866
Market,3,-0.03477627
Market,3,0.11842316
Market,3,0.00768179
Market,4,-0.03060810
Market,4,-0.02164633
Market,4,0.11951840
Market,4,0.07233653
Market,4,-0.02126210
Market,4,0.08599880
Market,4,-0.04510259
Market,4,0.01810585
Market,4,-0.01338707
Market,4,0.12024885
Market,4,0.04198783
Market,4,-0.00387965
Market,4,0.01874966
Market,4,-0.12087278
Market,4,0.09483627
Market,4,-0.00197433
Market,4,0.00034400
Market,4,-0.02152201
Market,4,-0.10468689
Market,4,-0.02672533
Market,4,-0.04386400
Market,4,-0.00384210
Market,4,-0.01894570
Market,4,-0.05341638
Market,4,0.00190142
Market,4,0.04642849
Market,4,0.01137476
Market,4,0.04467130
Market,4,0.14298174
Market,4,-0.04575935
Market,4,-0.01648487
Market,4,-0.01164249
Market,4,0.01354360
Market,4,0.06822843
Market,4,0.01951934
Market,4,-0.05255872
Market,4,-0.04163398
Market,4,-0.01563818
Market,4,0.05687416
Market,4,0.03941529
Market,4,0.04525664
Market,4,0.00816132
Market,4,0.01810881
Market,4,0.00334232
Market,4,-0.08419003
Market,4,-0.07136344
Market,4,-0.05308582
Market,4,0.06925055
Market,4,0.18069917
Market,4,-0.01951479
Market,4,0.03930194
Market,4,0.06702992
Market,4,0.13411470
Market,4,0.01569800
Market,4,0.05959188
Market,4,-0.00210688
Market,4,-0.13943788
Market,4,-0.05543010
Market,4,0.00485739
Market,4,0.20577775
Market,4,0.06506188
Market,4,0.00449784
Market,4,-0.03573922
Market,4,-0.06530297
Market,4,-0.01305842
Market,4,0.00828959
Market,4,0.00076875
Market,4,0.04810864
Market,4,0.03417940
Market,4,-0.04675762
Market,4,-0.02866430
Market,4,0.06648543
Market,4,0.00126833
Market,4,0.10845892
Market,4,0.00251776
Market,4,0.03007671
Market,4,0.07157769
Market,4,0.02968987
Market,4,0.15868484
Market,4,0.04513113
Market,4,-0.01293291
Market,4,0.03585316
Market,4,0.02355765
Market,4,0.00506074
Market,4,-0.03040947
Market,4,-0.09419826
Market,4,-0.02756881
Market,4,-0.03621057
Market,4,0.04620414
Market,4,-0.06341744
Market,4,-0.03375273
Market,4,-0.00857656
Market,4,0.00990101
Market,4,-0.02259327
Market,4,0.12834118
Market,4,0.00696345
Market,4,0.15029513
Market,4,-0.03995049
Market,4,0.00295489
Market,4,-0.01671747
Market,4,-0.02061289
Market,4,0.06602004
Market,4,-0.06279794
Market,4,-0.00841986
Market,4,0.01232540
Market,4,-0.02302676
Market,4,0.05153584
Market,4,-0.02522626
Market,4,0.13944114
Market,4,0.06923403
Market,4,0.00901912
Market,4,0.02186060
Market,4,0.00139079
Market,4,0.00230265
Market,4,0.08575293
Market,4,0.00079101
Market,4,-0.02268293
Market,4,-0.05184202
Market,4,-0.00170006
Market,4,-0.00511157
Market,4,0.02510080
Market,4,0.07288741
Market,4,0.02606380
Market,4,-0.00512374
Market,4,-0.07964598
Market,4,0.07289979
Market,4,-0.11460493
Market,4,-0.00649890
Market,4,-0.02364928
Market,4,-0.01311122
Market,4,-0.07493191
Market,4,-0.02106481
Market,4,0.00440844
Market,4,-0.04325082
Market,4,0.09658344
Market,4,-0.09000538
Market,4,-0.02113895
Market,4,-0.08522516
Market,4,-0.06515347
Market,4,0.20398684
Market,4,0.05672863
Market,4,0.00971682
Market,4,-0.01215403
Market,4,-0.06369873
Market,4,-0.03784044
Market,4,-0.02574087
Market,4,-0.05473187
Market,4,0.00743375
Market,4,0.03512844
Market,4,0.09608005
Market,4,-0.00141068
Market,4,0.00217860
Market,4,0.05314339
Market,4,-0.01366567
Market,4,-0.09735426
Market,4,-0.00514860
Market,4,0.02593516
Market,4,0.10935149
Market,4,-0.07603415
Market,4,-0.02955542
Market,4,0.00258184
Market,4,0.00786337
Market,4,-0.02844546
Market,4,0.00915766
Market,4,0.00892051
Market,4,0.03901206
Market,4,0.01742945
Market,4,0.01445025
Market,4,0.00085436
Market,4,0.03979766
Market,4,-0.08191862
Market,4,-0.05248874
Market,4,-0.00819854
Market,4,0.00549838
Market,4,0.01271726
Market,4,0.05681795
Market,4,0.10847607
Market,4,-0.04831524
Market,4,0.13907345
Market,4,0.04171014
Market,4,-0.03556380
Market,4,-0.03548975
Market,4,-0.01171409
Market,4,-0.04156585
Market,4,0.02233171
Market,4,0.00817343
Market,4,-0.02125324
Market,4,-0.07215324
Market,4,-0.02570167
Market,4,-0.10584276
Market,4,-0.13377995
Market,4,-0.01158546
Market,4,-0.12398617
Market,4,-0.02419857
Market,4,0.00091424
Market,4,0.09912311
Market,4,0.08073785
Market,4,-0.00765434
Market,4,0.00680281
Market,4,-0.01308221
Market,4,0.11599845
Market,4,-0.03767542
Market,4,-0.01653830
Market,4,-0.07033862
Market,4,-0.02289716
Market,4,0.01627848
Market,4,0.00350322
Market,4,-0.02837250
Market,4,0.11044168
Market,4,-0.03050895
Market,4,-0.07453388
Market,4,0.14047384
Market,4,0.01072950
Market,4,-0.03224031
Market,4,0.00260752
Market,4,0.12932845
Market,4,0.00542598
Market,4,0.06773836
Market,4,0.03206771
Market,4,-0.02826183
Market,4,-0.01060126
Market,4,-0.04889890
Market,4,0.04005466
Market,4,0.03799143
Market,4,0.16851328
Market,4,0.07216742
Market,4,0.06494288
Market,4,0.01898473
Market,4,-0.00259404
Market,4,-0.02292104
Market,4,0.01070698
Market,4,-0.02666302
Market,4,-0.06856350
Market,4,-0.06207474
Market,4,-0.02817419
Market,4,-0.06126475
Market,4,-0.00146858
Market,4,-0.04525995
Market,4,-0.02735350
Market,4,0.02485102
Market,4,-0.02782989
Market,4,-0.09565135
Market,4,-0.01937388
Market,4,-0.01060050
Market,4,0.11781824
Market,4,-0.00553624
Market,4,0.04326330
Market,4,-0.01397931
Market,4,-0.03456515
Market,4,0.02849093
Market,4,0.09472203
Market,4,0.10668576
Market,4,-0.01636702
Market,4,0.03290618
Market,4,0.24672270
Market,4,0.02577466
Market,4,-0.00589163
Market,4,0.09562839
Market,4,0.01756126
Market,4,0.03307285
Market,4,0.04784031
Market,4,-0.05740771
Market,4,0.07803150
Market,4,-0.05383852
Market,4,0.03837141
Market,4,-0.00826324
Market,4,0.09957699
Market,4,0.00620374
Market,4,-0.06496983
Market,4,0.01838078
Market,4,-0.07218081
Market,4,0.16222591
Market,4,0.04633840
Market,4,-0.01349485
Market,4,0.03309211
Market,4,0.08800042
Market,4,0.16422777
Market,4,0.00626134
Market,4,-0.07517304
Market,4,-0.00686599
Market,4,0.12775928
Market,4,-0.03384439
Market,4,-0.01179506
Market,4,-0.04382745
Market,4,-0.03144914
Market,4,0.06472921
Market,4,-0.04059509
Market,4,-0.10759014
Market,4,0.07452989
Market,4,-0.05997100
Market,4,-0.02944694
Market,4,-0.02704605
Market,4,-0.08021420
Market,4,-0.04851102
Market,4,0.00745236
Market,4,0.01115314
Market,4,0.07315196
Market,4,-0.02471840
Market,4,0.04855200
Market,4,-0.03672537
Market,4,-0.01660462
Market,4,0.04764828
Market,4,-0.00011158
Market,4,0.03719598
Market,4,-0.04524578
Market,4,0.13677164
Market,4,-0.00277688
Market,4,0.00367820
Market,4,-0.03011813
Market,4,0.00235068
Market,4,-0.06289944
Market,4,-0.01136275
Market,4,0.00496757
Market,4,-0.03212527
Market,4,0.05082882
Market,4,0.13115324
Market,4,0.01696561
Market,4,0.01673116
Market,4,-0.03718692
Market,4,0.00347182
Market,4,-0.01991212
Market,4,-0.09471789
Market,4,-0.00663325
Market,4,0.01330292
Market,4,-0.04768351
Market,4,0.05655019
Market,4,-0.09673040
Market,4,0.13928877
Market,4,-0.02798711
Market,4,-0.06454745
Market,4,0.09507809
Market,4,-0.01803537
Market,4,0.03361646
Market,4,-0.03001288
Market,4,0.11112392
Market,4,0.06629368
Market,4,0.02619209
Market,4,-0.02970487
Market,4,-0.03624749
Market,4,0.06971554
Market,4,0.00776413
Market,4,0.01397265
Market,4,-0.01582113
Market,4,-0.02578161
Market,4,-0.02306314
Market,4,-0.03698533
Market,4,-0.05269616
Market,4,-0.00255166
Market,4,0.04752346
Market,4,-0.00170844
Market,4,-0.03047132
Market,4,0.01548783
Market,4,-0.03307415
Market,4,-0.03858034
Market,4,-0.03718944
Market,4,-0.08284575
Market,4,-0.03983072
Market,4,0.09174135
Market,4,-0.01704242
Market,4,0.01006046
Market,4,0.01710276
Market,4,0.09947403
Market,4,-0.03092435
Market,4,0.05763681
Market,4,0.06956531
Market,4,-0.10384212
Market,4,-0.04375888
Market,4,-0.06022714
Market,4,0.08491621
Market,4,0.04404984
Market,4,0.05954192
Market,4,0.04174652
Market,4,0.04573733
Market,4,-0.05307813
Market,4,0.10234858
Market,4,0.00319327
Market,4,0.01075865
Market,4,-0.05428359
Market,4,-0.01551233
Market,4,-0.02464679
Market,4,0.05096554
Market,4,-0.02219771
Market,4,0.02330422
Market,4,-0.02718599
Market,4,-0.01794511
Market,4,0.11556863
Market,4,0.00194482
Market,4,-0.01502828
Market,4,0.07401791
Market,4,0.03221024
Market,4,-0.04632108
Market,4,-0.04505461
Market,4,0.01317936
Market,4,0.09830491
Market,4,0.11882477
Market,4,-0.01703176
Market,4,-0.02032204
Market,4,0.04099949
Market,4,0.08646467
Market,4,-0.01110800
Market,4,-0.11946192
Market,4,0.00642388
Market,4,0.00138007
Market,4,0.02779147
Market,4,0.02584172
Market,4,0.08532850
Market,4,0.02064740
Market,4,0.08198076
Market,4,-0.00844226
Market,4,-0.03055741
Market,4,0.03868988
Market,4,0.02865307
Market,4,-0.05460667
Market,4,0.07794361
Market,4,-0.08140606
Market,4,-0.10910158
Market,4,0.00211238
Market,5,-0.06866150
Market,5,-0.09371823
Market,5,-0.16425293
Market,5,-0.18913474
Market,5,-0.04065426
Market,5,-0.10402814
Market,5,-0.13285918
Market,5,0.03771172
Market,5,-0.05547136
Market,5,-0.08625789
Market,5,-0.12560445
Market,5,-0.13807089
Market,5,-0.09500300
Market,5,0.00141439
Market,5,-0.15387199
Market,5,-0.10000617
Market,5,-0.12307157
Market,5,-0.01147497
Market,5,-0.11132856
Market,5,-0.18098920
Market,5,-0.13838311
Market,5,0.04952181
Market,5,-0.06198875
Market,5,-0.10220655
Market,5,-0.04794039
Market,5,-0.05077813
Market,5,-0.06985860
Market,5,-0.11045826
Market,5,-0.09644680
Market,5,-0.06499213
Market,5,-0.02788521
Market,5,-0.09612695
Market,5,-0.18655887
Market,5,0.05206322
Market,5,-0.06684718
Market,5,-0.12672286
Market,5,-0.07910436
Market,5,-0.11587536
Market,5,-0.12172924
Market,5,0.00478122
Market,5,-0.04587336
Market,5,-0.08472311
Market,5,-0.07188150
Market,5,-0.10152124
Market,5,-0.14293433
Market,5,-0.10079030
Market,5,-0.11703554
Market,5,-0.10491497
Market,5,-0.11730327
Market,5,-0.03906840
Market,5,-0.09334563
Market,5,-0.10059753
Market,5,-0.02515068
Market,5,-0.11576248
Market,5,-0.06379657
Market,5,-0.07569034
Market,5,-0.04227416
Market,5,-0.12768789
Market,5,-0.09460248
Market,5,-0.10150558
Market,5,-0.06672527
Market,5,-0.17972420
Market,5,-0.03146262
Market,5,-0.01177199
Market,5,0.04385565
Market,5,-0.07015303
Market,5,0.11408740
Market,5,-0.04673012
Market,5,-0.10178739
Market,5,-0.23216665
Market,5,-0.05136498
Market,5,0.05338623
Market,5,-0.03088120
Market,5,-0.01405350
Market,5,-0.10938459
Market,5,-0.08433977
Market,5,0.04046099
Market,5,-0.10138742
Market,5,-0.15881507
Market,5,-0.12025250
Market,5,-0.07194314
Market,5,-0.20090016
Market,5,-0.08463107
Market,5,-0.05276662
Market,5,-0.09095196
Market,5,0.00240958
Market,5,-0.08349997
Market,5,-0.08406201
Market,5,-0.15038093
Market,5,-0.07021176
Market,5,-0.07296906
Market,5,-0.09948717
Market,5,-0.09541015
Market,5,-0.06382122
Market,5,-0.11962060
Market,5,-0.22347719
Market,5,-0.06817582
Market,5,0.03013036
Market,5,-0.05347292
Market,5,-0.01941941
Market,5,0.06044141
Market,5,-0.11280162
Market,5,-0.00435842
Market,5,-0.11017510
Market,5,-0.11426610
Market,5,-0.07404127
Market,5,-0.11683225
Market,5,-0.07175851
Market,5,-0.09964265
Market,5,-0.07774082
Market,5,-0.13539576
Market,5,-0.19606535
Market,5,-0.07210035
Market,5,-0.13878536
Market,5,-0.17452754
Market,5,0.08342953
Market,5,-0.10503965
Market,5,0.11748853
Market,5,-0.07017005
Market,5,-0.13786883
Market,5,-0.03011918
Market,5,-0.09472167
Market,5,0.04230198
Market,5,-0.12239195
Market,5,-0.05114582
Market,5,0.01230207
Market,5,0.03489012
Market,5,-0.02823414
Market,5,0.00062649
Market,5,-0.11223794
Market,5,-0.06142027
Market,5,-0.12279542
Market,5,-0.07816202
Market,5,-0.11271667
Market,5,-0.10839626
Market,5,-0.09517695
Market,5,-0.18790640
Market,5,-0.05930064
Market,5,-0.08083829
Market,5,-0.17234688
Market,5,0.17366629
Market,5,-0.12540029
Market,5,-0.08627112
Market,5,0.06404935
Market,5,-0.16168614
Market,5,-0.07464411
Market,5,-0.09550235
Market,5,-0.10647393
Market,5,-0.14923673
Market,5,-0.01904252
Market,5,0.10069278
Market,5,-0.10652821
Market,5,-0.00613594
Market,5,-0.08295325
Market,5,-0.00374581
Market,5,-0.04158100
Market,5,-0.04641979
Market,5,-0.09449733
Market,5,-0.10070841
Market,5,-0.12758415
Market,5,-0.11530837
Market,5,-0.06983184
Market,5,-0.06291992
Market,5,-0.15425376
Market,5,0.12042715
Market,5,-0.02920086
Market,5,0.19106379
Market,5,-0.16391536
Market,5,-0.14418648
Market,5,-0.09179763
Market,5,-0.24627341
Market,5,0.01553681
Market,5,-0.07271084
Market,5,-0.07900433
Market,5,-0.00895215
Market,5,-0.01821621
Market,5,-0.06888303
Market,5,-0.15775900
Market,5,0.19533531
Market,5,-0.04631205
Market,5,0.06327478
Market,5,0.06376411
Market,5,-0.12360922
Market,5,-0.08311843
Market,5,0.12313220
Market,5,-0.07749629
Market,5,-0.08583537
Market,5,0.00683771
Market,5,-0.07043005
Market,5,-0.11780913
Market,5,-0.08702332
Market,5,0.03702681
Market,5,0.16061701
Market,5,-0.05936897
Market,5,-0.07342102
Market,5,-0.19347938
Market,5,0.01305143
Market,5,-0.06979221
Market,5,-0.09162462
Market,5,0.23952928
Market,5,0.01862528
Market,5,-0.10420273
Market,5,-0.07501588
Market,5,-0.19466719
Market,5,-0.10004883
Market,5,-0.04021139
Market,5,-0.03183274
Market,5,-0.05583037
Market,5,-0.08001564
Market,5,0.01266474
Market,5,0.09499222
Market,5,-0.05554305
Market,5,-0.14083611
Market,5,-0.06664411
Market,5,-0.10286021
Market,5,-0.04784814
Market,5,-0.15331238
Market,5,-0.15330531
Market,5,-0.08660867
Market,5,-0.10881992
Market,5,-0.09938707
Market,5,-0.19654350
Market,5,-0.09872230
Market,5,-0.06633183
Market,5,0.05699191
Market,5,-0.12283164
Market,5,-0.09736360
Market,5,0.13050435
Market,5,-0.08498362
Market,5,-0.08179782
Market,5,-0.10137651
Market,5,-0.06318291
Market,5,-0.13572227
Market,5,-0.11606615
Market,5,-0.09696059
Market,5,-0.07239591
Market,5,-0.10650500
Market,5,-0.14060149
Market,5,-0.16947897
Market,5,-0.11312237
Market,5,-0.09997049
Market,5,-0.08923146
Market,5,-0.01269505
Market,5,-0.06067024
Market,5,-0.09273653
Market,5,0.01958732
Market,5,-0.11050165
Market,5,-0.04386545
Market,5,-0.20895306
Market,5,-0.03066923
Market,5,-0.08904546
Market,5,-0.11141486
Market,5,-0.26580698
Market,5,-0.11788066
Market,5,-0.20262139
Market,5,-0.12269675
Market,5,-0.11137101
Market,5,-0.13608319
Market,5,-0.07659373
Market,5,-0.06780826
Market,5,-0.06604572
Market,5,-0.22569589
Market,5,-0.10816752
Market,5,-0.08711457
Market,5,-0.08185124
Market,5,0.05448313
Market,5,0.09721259
Market,5,0.07894777
Market,5,-0.07671637
Market,5,-0.05282317
Market,5,-0.18812553
Market,5,-0.03990634
Market,5,-0.00250915
Market,5,-0.10338625
Market,5,-0.03234839
Market,5,-0.08990787
Market,5,-0.07628989
Market,5,-0.01501519
Market,5,-0.10867427
Market,5,-0.02477283
Market,5,-0.11278174
Market,5,-0.07645915
Market,5,-0.11670771
Market,5,-0.06993921
Market,5,-0.17593793
Market,5,-0.04580341
Market,5,-0.15408608
Market,5,-0.10086743
Market,5,-0.09983573
Market,5,-0.06428052
Market,5,0.02206370
Market,5,-0.18619454
Market,5,-0.01937695
Market,5,-0.03259035
Market,5,-0.06771590
Market,5,-0.16210710
Market,5,-0.02017090
Market,5,-0.05954988
Market,5,-0.08346789
Market,5,-0.03000811
Market,5,-0.11312960
Market,5,-0.06123143
Market,5,-0.10530030
Market,5,-0.14036060
Market,5,-0.08729867
Market,5,-0.00933279
Market,5,-0.08793603
Market,5,-0.03405668
Market,5,-0.08492354
Market,5,-0.02436119
Market,5,-0.07486084
Market,5,0.01618987
Market,5,-0.09669314
Market,5,-0.13070849
Market,5,0.01740524
Market,5,-0.05646527
Market,5,-0.08653745
Market,5,-0.07261973
Market,5,-0.11641681
Market,5,-0.04313292
Market,5,-0.09081910
Market,5,-0.02685042
Market,5,-0.12552404
Market,5,0.01554076
Market,5,-0.13348762
Market,5,-0.07918648
Market,5,0.01381241
Market,5,-0.18786583
Market,5,-0.08184567
Market,5,-0.04699530
Market,5,-0.11084845
Market,5,-0.09703775
Market,5,-0.10998626
Market,5,0.11319603
Market,5,-0.11941069
Market,5,-0.06792061
Market,5,-0.04611385
Market,5,-0.08687677
Market,5,-0.08999183
Market,5,-0.22582802
Market,5,-0.03950336
Market,5,-0.19188733
Market,5,-0.09932322
Market,5,-0.07623461
Market,5,-0.01143152
Market,5,-0.12072429
Market,5,-0.23305673
Market,5,-0.07343323
Market,5,-0.09758310
Market,5,-0.08640638
Market,5,-0.10684643
Market,5,-0.09695156
Market,5,-0.02520976
Market,5,0.01426419
Market,5,0.02035901
Market,5,-0.20187956
Market,5,-0.04715895
Market,5,-0.20305802
Market,5,-0.09380168
Market,5,-0.11620057
Market,5,-0.01282408
Market,5,-0.14425856
Market,5,0.02585819
Market,5,-0.06649161
Market,5,-0.16923796
Market,5,-0.06799430
Market,5,-0.18902067
Market,5,-0.08980611
Market,5,-0.14750520
Market,5,-0.24655405
Market,5,-0.09462702
Market,5,-0.09422099
Market,5,-0.07580210
Market,5,0.00540604
Market,5,0.03253126
Market,5,-0.13019738
Market,5,-0.19029908
Market,5,-0.07797106
Market,5,-0.10545074
Market,5,-0.06359234
Market,5,-0.08432256
Market,5,-0.10780122
Market,5,-0.13473934
Market,5,-0.12850619
Market,5,-0.09681716
Market,5,-0.10759953
Market,5,-0.08723108
Market,5,-0.13460486
Market,5,-0.01081939
Market,5,-0.10875116
Market,5,0.02854111
Market,5,-0.11012382
Market,5,-0.08254015
Market,5,-0.10948868
Market,5,-0.01467367
Market,5,-0.14267633
Market,5,-0.06205564
Market,5,0.01385350
Market,5,-0.06405252
Market,5,-0.00762219
Market,5,-0.14969183
Market,5,0.02866056
Market,5,-0.01465785
Market,5,-0.02217943
Market,5,-0.06697654
Market,5,0.03496534
Market,5,-0.10161457
Market,5,-0.09718152
Market,5,-0.06793503
Market,5,-0.07722018
Market,5,-0.10230796
Market,5,-0.12565588
Market,5,-0.04752858
Market,5,-0.00909144
Market,5,-0.06982145
Market,5,-0.00921439
Market,5,-0.14197545
Market,5,-0.03267214
Market,5,-0.11700867
Market,5,-0.07405609
Market,5,-0.12773409
Market,5,-0.08168766
Market,5,-0.01120858
Market,5,-0.11925801
Market,5,-0.06808945
Market,5,-0.17563408
Market,5,-0.04559565
Market,5,-0.17772577
Market,5,0.06759217
Market,5,-0.08906083
Market,5,-0.05767080
Market,5,-0.15683824
Market,5,-0.15549357
Market,5,-0.09561989
Market,5,-0.09151615
Market,5,-0.10127373
Market,5,-0.00058506
Market,5,-0.10300666
Market,5,-0.17427813
Market,5,-0.09906736
Market,5,-0.20567820
Market,5,-0.08336769
Market,5,-0.26101312
Market,5,-0.18177285
Market,5,-0.08391998
Market,5,-0.10665357
Market,5,-0.13390723
Market,6,-0.05709601
Market,6,0.01086097
Market,6,-0.02765633
Market,6,-0.01923753
Market,6,-0.03228914
Market,6,-0.09968105
Market,6,-0.08459481
Market,6,-0.02665742
Market,6,0.01054092
Market,6,-0.01757926
Market,6,0.09164180
Market,6,-0.00751653
Market,6,-0.02790335
Market,6,0.05707542
Market,6,0.04304353
Market,6,-0.04820914
Market,6,-0.02183285
Market,6,-0.06172976
Market,6,-0.02791746
Market,6,-0.00460691
Market,6,0.01738774
Market,6,-0.02705688
Market,6,0.16484432
Market,6,-0.11950660
Market,6,-0.12307249
Market,6,0.10893896
Market,6,-0.03534052
Market,6,0.04710719
Market,6,-0.05898222
Market,6,0.03194447
Market,6,-0.05713290
Market,6,0.09790433
Market,6,-0.09309739
Market,6,0.01448739
Market,6,-0.08611967
Market,6,0.03858740
Market,6,0.06875545
Market,6,-0.03340903
Market,6,-0.01392355
Market,6,0.08224900
Market,6,0.04692463
Market,6,0.00828174
Market,6,-0.04253262
Market,6,0.02039880
Market,6,0.00406112
Market,6,-0.00281420
Market,6,-0.00007418
Market,6,-0.00728985
Market,6,0.05098117
Market,6,0.01493589
Market,6,-0.04648465
Market,6,-0.03191666
Market,6,0.05001406
Market,6,0.00447899
Market,6,0.01567771
Market,6,-0.07895825
Market,6,-0.06300798
Market,6,0.09845570
Market,6,-0.00506535
Market,6,0.00025313
Market,6,-0.09135038
Market,6,-0.02572742
Market,6,-0.04162419
Market,6,-0.01425632
Market,6,-0.05150969
Market,6,-0.09249763
Market,6,-0.06687924
Market,6,0.10287251
Market,6,-0.04926953
Market,6,-0.05547027
Market,6,-0.05278190
Market,6,-0.06643154
Market,6,-0.04414438
Market,6,-0.06442147
Market,6,0.06991399
Market,6,-0.00986784
Market,6,0.01345345
Market,6,0.03570152
Market,6,-0.04178365
Market,6,-0.05339453
Market,6,-0.09373638
Market,6,-0.08201173
Market,6,-0.04196168
Market,6,-0.01197100
Market,6,0.02978893
Market,6,-0.01620097
Market,6,-0.01223131
Market,6,0.11642972
Market,6,-0.00412232
Market,6,0.03803794
Market,6,-0.01434283
Market,6,-0.04463370
Market,6,0.06981735
Market,6,0.24832985
Market,6,-0.01301425
Market,6,0.02746172
Market,6,-0.04256095
Market,6,-0.02585082
Market,6,-0.01238609
Market,6,0.00381537
Market,6,-0.01096750
Market,6,-0.10101782
Market,6,-0.04365778
Market,6,0.11459163
Market,6,-0.04051695
Market,6,0.00845588
Market,6,-0.04080858
Market,6,-0.04172143
Market,6,-0.05730238
Market,6,-0.03850614
Market,6,-0.04654604
Market,6,0.05514506
Market,6,0.01978110
Market,6,-0.02539962
Market,6,0.09550359
Market,6,0.05612243
Market,6,0.01297937
Market,6,-0.00752655
Market,6,-0.01734627
Market,6,-0.07614978
Market,6,-0.02367117
Market,6,-0.08078447
Market,6,-0.04373756
Market,6,-0.02039759
Market,6,-0.04463323
Market,6,-0.03147415
Market,6,-0.00086888
Market,6,-0.03712729
Market,6,0.00413580
Market,6,0.05487221
Market,6,0.02753408
Market,6,-0.00968698
Market,6,-0.05721319
Market,6,-0.03760141
Market,6,-0.00914897
Market,6,-0.02023858
Market,6,0.17486334
Market,6,-0.00802671
Market,6,-0.01964759
Market,6,0.00540391
Market,6,-0.00983903
Market,6,-0.03146105
Market,6,0.01961053
Market,6,0.03938304
Market,6,0.07873950
Market,6,0.09557852
Market,6,-0.12446026
Market,6,-0.06477156
Market,6,0.05082677
Market,6,-0.01918506
Market,6,0.03321146
Market,6,-0.02096630
Market,6,0.01930562
Market,6,-0.04199906
Market,6,-0.00186601
Market,6,-0.01729524
Market,6,-0.04296620
Market,6,-0.04794103
Market,6,-0.03014255
Market,6,-0.01079861
Market,6,0.01708922
Market,6,-0.00597602
Market,6,-0.01760402
Market,6,-0.05815481
Market,6,-0.04649786
Market,6,-0.02041045
Market,6,-0.04791817
Market,6,-0.00545396
Market,6,0.01746397
Market,6,-0.02354800
Market,6,0.02349123
Market,6,-0.14089452
Market,6,-0.05702271
Market,6,-0.04325549
Market,6,0.07339740
Market,6,-0.04394345
Market,6,-0.01231840
Market,6,-0.05898622
Market,6,0.01013408
Market,6,-0.03895990
Market,6,-0.00800510
Market,6,-0.08117681
Market,6,-0.01051288
Market,6,-0.01077899
Market,6,-0.05261253
Market,6,-0.01423229
Market,6,0.00577456
Market,6,-0.04991627
Market,6,-0.10262771
Market,6,0.09146935
Market,6,0.03111991
Market,6,-0.06801098
Market,6,-0.02120129
Market,6,-0.05090800
Market,6,0.02135250
Market,6,0.12288340
Market,6,-0.03582893
Market,6,-0.03650697
Market,6,-0.04025432
Market,6,-0.03216048
Market,6,-0.07071507
Market,6,-0.01117064
Market,6,-0.01464274
Market,6,-0.08045904
Market,6,0.03628070
Market,6,0.27234188
Market,6,-0.02896515
Market,6,-0.09331595
Market,6,-0.04780565
Market,6,0.00641833
Market,6,0.22465937
Market,6,-0.02435706
Market,6,-0.01332626
Market,6,-0.00608935
Market,6,-0.03413648
Market,6,-0.04459248
Market,6,-0.02143579
Market,6,-0.02644493
Market,6,0.19381522
Market,6,0.06559276
Market,6,-0.03435629
Market,6,-0.02899997
Market,6,-0.03388120
Market,6,-0.05628547
Market,6,-0.05619660
Market,6,-0.03123202
Market,6,0.01301445
Market,6,-0.02388918
Market,6,0.00358069
Market,6,-0.03708781
Market,6,-0.04706058
Market,6,0.00625034
Market,6,0.03044618
Market,6,-0.02132941
Market,6,0.02512213
Market,6,-0.10113869
Market,6,0.01489804
Market,6,-0.00688339
Market,6,-0.05474687
Market,6,0.05065192
Market,6,-0.00107245
Market,6,-0.01130043
Market,6,-0.01763699
Market,6,-0.00176773
Market,6,-0.07010330
Market,6,0.02997759
Market,6,-0.04912279
Market,6,-0.02883637
Market,6,-0.09456227
Market,6,-0.11160486
Market,6,-0.00317338
Market,6,-0.02953749
Market,6,0.00044517
Market,6,0.06072174
Market,6,-0.04465649
Market,6,0.02742263
Market,6,-0.04688011
Market,6,0.00746668
Market,6,-0.01998903
Market,6,-0.10076200
Market,6,-0.03343904
Market,6,-0.06598969
Market,6,-0.06530619
Market,6,-0.01903820
Market,6,0.00568769
Market,6,-0.04734160
Market,6,0.04327728
Market,6,-0.01829688
Market,6,0.00850967
Market,6,-0.04250153
Market,6,-0.00287813
Market,6,-0.06549299
Market,6,0.02778293
Market,6,-0.02085026
Market,6,0.05471750
Market,6,-0.00947803
Market,6,0.02661641
Market,6,-0.00291085
Market,6,-0.11133724
Market,6,-0.02664238
Market,6,-0.01735558
Market,6,-0.04226191
Market,6,-0.02090855
Market,6,0.01101197
Market,6,0.02128739
Market,6,0.00846728
Market,6,0.04537057
Market,6,-0.06349817
Market,6,-0.03191066
Market,6,0.16441899
Market,6,-0.05327522
Market,6,0.01067278
Market,6,-0.09250710
Market,6,-0.03953360
Market,6,-0.04637487
Market,6,-0.06642003
Market,6,0.06716333
Market,6,-0.07677720
Market,6,0.02655459
Market,6,-0.02925168
Market,6,-0.02607551
Market,6,-0.07399864
Market,6,0.03574735
Market,6,-0.01124610
Market,6,0.03238334
Market,6,0.08519904
Market,6,-0.04110524
Market,6,-0.04000252
Market,6,0.04687409
Market,6,-0.00090640
Market,6,-0.02843291
Market,6,-0.02060013
Market,6,-0.02591625
Market,6,-0.01106067
Market,6,-0.03760604
Market,6,-0.14867914
Market,6,-0.00919207
Market,6,-0.01147953
Market,6,-0.00626822
Market,6,-0.05458096
Market,6,-0.03633450
Market,6,-0.10734128
Market,6,-0.02896301
Market,6,-0.00713993
Market,6,0.24324142
Market,6,-0.00820829
Market,6,0.09572117
Market,6,-0.01675529
Market,6,-0.06200834
Market,6,-0.00108585
Market,6,0.00681973
Market,6,-0.07732606
Market,6,-0.04436202
Market,6,-0.08173407
Market,6,-0.04927338
Market,6,-0.02766800
Market,6,0.15601799
Market,6,0.13858619
Market,6,-0.01246070
Market,6,0.01660761
Market,6,-0.03412656
Market,6,-0.04599853
Market,6,-0.10716261
Market,6,-0.03568694
Market,6,-0.01132795
Market,6,-0.00851171
Market,6,0.07686109
Market,6,0.00420954
Market,6,-0.02469517
Market,6,-0.01422377
Market,6,-0.01404474
Market,6,-0.08033050
Market,6,0.03380195
Market,6,0.04379995
Market,6,-0.05965934
Market,6,-0.04347994
Market,6,-0.00787258
Market,6,-0.00708447
Market,6,0.05156219
Market,6,-0.03661445
Market,6,-0.02018521
Market,6,-0.04827181
Market,6,0.13698596
Market,6,-0.01513207
Market,6,-0.05296092
Market,6,0.07865307
Market,6,-0.06088079
Market,6,-0.04532761
Market,6,0.02748568
Market,6,-0.01267089
Market,6,0.01121861
Market,6,-0.00500579
Market,6,-0.01241483
Market,6,-0.08261327
Market,6,-0.04841953
Market,6,-0.07101672
Market,6,0.04424160
Market,6,-0.06829825
Market,6,-0.03748006
Market,6,-0.05218121
Market,6,-0.04552040
Market,6,-0.01742477
Market,6,-0.00442638
Market,6,0.01622107
Market,6,-0.04757526
Market,6,-0.02397597
Market,6,-0.00148457
Market,6,-0.03109513
Market,6,0.02425340
Market,6,-0.08507877
Market,6,-0.02230579
Market,6,-0.03995106
Market,6,0.12288154
Market,6,0.01075130
Market,6,-0.03016556
Market,6,-0.03460198
Market,6,-0.09927409
Market,6,-0.09667369
Market,6,0.00591647
Market,6,-0.01488258
Market,6,-0.02278843
Market,6,-0.00541292
Market,6,-0.01647611
Market,6,-0.08417759
Market,6,-0.01018157
Market,6,0.01983978
Market,6,-0.04219169
Market,6,0.02098525
Market,6,-0.04189980
Market,6,-0.06001519
Market,6,-0.04277528
Market,6,0.10859038
Market,6,0.09232549
Market,6,-0.00466452
Market,6,-0.03041592
Market,6,0.04291397
Market,6,-0.03906692
Market,6,-0.01148593
Market,6,-0.05389774
Market,6,-0.02087018
Market,6,0.14688233
Market,6,-0.05220447
Market,6,-0.06980534
Market,6,-0.01368313
Market,6,0.03310112
Market,6,-0.00062515
Market,6,-0.13453897
Market,6,-0.01213645
Market,6,-0.04690489
Market,6,-0.03496078
Market,6,-0.06955281
Market,6,-0.09471439
Market,6,-0.05868651
Market,6,0.00577239
Market,6,-0.09245381
Market,6,-0.03855453
Market,6,0.03083315
Market,6,-0.02105858
Market,6,-0.14195803
Market,6,0.00005931
Market,6,0.04841366
Market,6,-0.01591009
Market,6,0.06936965
Market,6,-0.06984384
Market,6,-0.06691347
Market,6,-0.03427268
Market,6,-0.16148514
Market,6,-0.09674140
Market,6,-0.00191250
Market,6,-0.02564078
Market,6,-0.13793963
Market,6,0.10438897
Market,6,-0.03967265
Market,6,-0.04943222
Market,6,-0.03154909
Market,6,0.04204182
Market,6,-0.04514039
Market,6,-0.03679083
Market,6,-0.01649541
Market,6,-0.04019075
FF5,1,0.17965624
FF5,1,0.10643540
FF5,1,-0.03921552
FF5,1,0.09506871
FF5,1,-0.01250101
FF5,1,0.01623097
FF5,1,-0.00036738
FF5,1,0.07516688
FF5,1,0.07204690
FF5,1,-0.01513563
FF5,1,0.40888737
FF5,1,-0.00046737
FF5,1,0.25192391
FF5,1,-0.02754441
FF5,1,0.06362105
FF5,1,-0.00948793
FF5,1,0.04139348
FF5,1,0.08082464
FF5,1,0.00049839
FF5,1,0.27649476
FF5,1,0.06683815
FF5,1,-0.08764822
FF5,1,0.02518887
FF5,1,0.02140960
FF5,1,0.20153691
FF5,1,0.03941486
FF5,1,0.15899276
FF5,1,0.03371160
FF5,1,0.09041434
FF5,1,0.09962869
FF5,1,-0.01011576
FF5,1,0.25443608
FF5,1,0.02215090
FF5,1,0.00792723
FF5,1,0.07570108
FF5,1,0.37609079
FF5,1,0.05220076
FF5,1,0.13629016
FF5,1,-0.02095509
FF5,1,0.45414544
FF5,1,0.08716674
FF5,1,0.09133324
FF5,1,1.10863368
FF5,1,0.40337365
FF5,1,0.00429912
FF5,1,-0.06958868
FF5,1,0.08307228
FF5,1,0.14429398
FF5,1,0.24750626
FF5,1,0.01969358
FF5,1,0.04925492
FF5,1,0.00303137
FF5,1,0.07603424
FF5,1,0.01545483
FF5,1,-0.02380299
FF5,1,0.11772524
FF5,1,0.08753890
FF5,1,0.19401369
FF5,1,0.19002865
FF5,1,0.98169251
FF5,1,0.99609353
FF5,1,0.38142204
FF5,1,0.06730917
FF5,1,0.06701508
FF5,1,0.02260425
FF5,1,0.21956215
FF5,1,0.10473017
FF5,1,0.13606277
FF5,1,0.09263331
FF5,1,0.26334436
FF5,1,0.06847028
FF5,1,0.37236503
FF5,1,0.53616997
FF5,1,0.05217121
FF5,1,0.01654182
FF5,1,0.04964387
FF5,1,0.17842941
FF5,1,-0.06044316
FF5,1,0.02303948
FF5,1,0.31293558
FF5,1,0.04244731
FF5,1,0.05607725
FF5,1,0.06699873
FF5,1,-0.04186423
FF5,1,0.25325379
FF5,1,0.26358290
FF5,1,0.10071594
FF5,1,-0.03180554
FF5,1,0.12761441
FF5,1,0.04358950
FF5,1,-0.00270116
FF5,1,0.11085501
FF5,1,0.06154747
FF5,1,0.09038244
FF5,1,0.00990143
FF5,1,0.16998061
FF5,1,0.15071118
FF5,1,0.05333433
FF5,1,0.09204277
FF5,1,-0.07555508
FF5,1,-0.01615141
FF5,1,0.38700861
FF5,1,0.00625327
FF5,1,0.04945912
FF5,1,-0.04500028
FF5,1,-0.02118204
FF5,1,0.00822385
FF5,1,-0.04171857
FF5,1,0.01332311
FF5,1,0.00850501
FF5,1,0.22085960
FF5,1,0.08082920
FF5,1,0.23160876
FF5,1,0.06326912
FF5,1,-0.00845426
FF5,1,0.61696907
FF5,1,-0.00102799
FF5,1,-0.11868844
FF5,1,0.22343981
FF5,1,0.10419230
FF5,1,0.07020473
FF5,1,0.18357298
FF5,1,0.04150968
FF5,1,-0.00582967
FF5,1,-0.11185900
FF5,1,0.01200861
FF5,1,0.10564072
FF5,1,0.03944257
FF5,1,0.06181518
FF5,1,0.08032139
FF5,1,-0.02979969
FF5,1,0.09084631
FF5,1,0.05842227
FF5,1,-0.01832855
FF5,1,0.04454938
FF5,1,-0.03386787
FF5,1,-0.06275811
FF5,1,-0.11963947
FF5,1,-0.00249250
FF5,1,-0.02838518
FF5,1,0.08991859
FF5,1,0.07444360
FF5,1,0.01385593
FF5,1,0.05443813
FF5,1,0.07846202
FF5,1,0.31793526
FF5,1,-0.01527113
FF5,1,0.08689222
FF5,1,0.18788702
FF5,1,0.04194834
FF5,1,0.40072644
FF5,1,0.07310866
FF5,1,0.07041479
FF5,1,0.00415072
FF5,1,0.29183602
FF5,1,0.02165509
FF5,1,-0.02772383
FF5,1,1.14816794
FF5,1,0.06877942
FF5,1,0.06471936
FF5,1,0.17346559
FF5,1,0.17429163
FF5,1,0.41710744
FF5,1,0.04356293
FF5,1,0.11204942
FF5,1,-0.02260646
FF5,1,0.26705824
FF5,1,-0.00771822
FF5,1,0.57399868
FF5,1,0.04036718
FF5,1,0.07634073
FF5,1,0.00693081
FF5,1,0.05988532
FF5,1,0.05766154
FF5,1,0.04614185
FF5,1,0.19925056
FF5,1,1.40800697
FF5,1,0.34454928
FF5,1,-0.03157984
FF5,1,0.25755624
FF5,1,0.01360692
FF5,1,-0.01235012
FF5,1,0.12701892
FF5,1,0.01326252
FF5,1,0.44719548
FF5,1,0.49805884
FF5,1,0.01198821
FF5,1,0.05509055
FF5,1,0.27475981
FF5,1,-0.09197053
FF5,1,-0.08204894
FF5,1,0.00648217
FF5,1,0.50654063
FF5,1,0.03000949
FF5,1,0.13479340
FF5,1,0.05000578
FF5,1,0.41911899
FF5,1,0.03611002
FF5,1,0.14546505
FF5,1,-0.04723974
FF5,1,0.01493023
FF5,1,0.80727078
FF5,1,-0.01679810
FF5,1,0.08240773
FF5,1,0.27603217
FF5,1,0.06070692
FF5,1,0.09875287
FF5,1,0.20237304
FF5,1,0.61102635
FF5,1,-0.01266409
FF5,1,0.05275026
FF5,1,-0.11740230
FF5,1,-0.03132957
FF5,1,0.01125198
FF5,1,0.00129196
FF5,1,-0.02541509
FF5,1,-0.00983334
FF5,1,1.25280077
FF5,1,0.04975550
FF5,1,-0.02166297
FF5,1,0.14168681
FF5,1,0.12363069
FF5,1,0.01959869
FF5,1,-0.06405113
FF5,1,0.15011918
FF5,1,0.08935599
FF5,1,0.55449956
FF5,1,-0.04448675
FF5,1,-0.00069010
FF5,1,-0.01907079
FF5,1,0.15924128
FF5,1,-0.03284822
FF5,1,0.14440634
FF5,1,-0.01485512
FF5,1,0.08658163
FF5,1,0.03396314
FF5,1,0.08554416
FF5,1,0.14556477
FF5,1,0.15486454
FF5,1,0.18405825
FF5,1,0.00875073
FF5,1,0.06083915
FF5,1,-0.06231532
FF5,1,0.04732805
FF5,1,0.23279257
FF5,1,0.36705817
FF5,1,-0.06076454
FF5,1,0.10801658
FF5,1,0.06509548
FF5,1,-0.00530012
FF5,1,0.27581811
FF5,1,0.45474275
FF5,1,0.04447295
FF5,1,0.00144304
FF5,1,-0.01667175
FF5,1,-0.04684563
FF5,1,0.04876734
FF5,1,0.03376663
FF5,1,0.23407902
FF5,1,-0.03096955
FF5,1,-0.05570159
FF5,1,0.02620585
FF5,1,0.14754934
FF5,1,0.06753342
FF5,1,0.09425842
FF5,1,-0.01549336
FF5,1,0.01664343
FF5,1,-0.03485131
FF5,1,0.00936112
FF5,1,-0.14761617
FF5,1,-0.04609310
FF5,1,0.20136740
FF5,1,0.12832640
FF5,1,-0.02508935
FF5,1,-0.01907116
FF5,1,0.02193696
FF5,1,0.10263139
FF5,1,-0.04802435
FF5,1,0.01254825
FF5,1,0.10722143
FF5,1,0.37026044
FF5,1,0.07024002
FF5,1,0.06092478
FF5,1,0.09232312
FF5,1,-0.01788751
FF5,1,0.43688632
FF5,1,0.07722235
FF5,1,0.00368292
FF5,1,0.23430823
FF5,1,0.10591562
FF5,1,0.01391297
FF5,1,-0.05305827
FF5,1,-0.06231232
FF5,1,0.13191558
FF5,1,0.03107077
FF5,2,0.02116354
FF5,2,0.07699142
FF5,2,-0.01836759
FF5,2,-0.00253952
FF5,2,-0.02358101
FF5,2,0.05473481
FF5,2,0.01453790
FF5,2,0.00241177
FF5,2,0.10927400
FF5,2,0.09027420
FF5,2,0.11079812
FF5,2,-0.01703912
FF5,2,0.10892449
FF5,2,0.01167337
FF5,2,0.00620681
FF5,2,0.07233088
FF5,2,0.01366732
FF5,2,-0.03688965
FF5,2,-0.00285589
FF5,2,-0.02558239
FF5,2,0.06928123
FF5,2,-0.05330390
FF5,2,-0.01668997
FF5,2,-0.01435128
FF5,2,-0.01527547
FF5,2,0.02944857
FF5,2,0.16670427
FF5,2,0.07821026
FF5,2,-0.00064563
FF5,2,0.21532077
FF5,2,0.02740239
FF5,2,-0.05189374
FF5,2,-0.05915503
FF5,2,-0.03178920
FF5,2,0.03939079
FF5,2,0.07195333
FF5,2,-0.00368909
FF5,2,0.07949593
FF5,2,0.00024589
FF5,2,0.00103256
FF5,2,0.09375927
FF5,2,0.04730589
FF5,2,-0.06807237
FF5,2,0.07230558
FF5,2,-0.04747760
FF5,2,0.01095507
FF5,2,0.00437034
FF5,2,-0.01433825
FF5,2,0.00558890
FF5,2,0.07695934
FF5,2,0.01825265
FF5,2,0.01149654
FF5,2,0.01505703
FF5,2,-0.03951838
FF5,2,-0.02515476
FF5,2,-0.04504931
FF5,2,0.04975068
FF5,2,-0.03278678
FF5,2,0.00973826
FF5,2,0.06152146
FF5,2,0.04181159
FF5,2,0.02788747
FF5,2,-0.00831501
FF5,2,-0.02733329
FF5,2,-0.01734675
FF5,2,0.02764499
FF5,2,0.00445828
FF5,2,0.03064056
FF5,2,-0.03468135
FF5,2,0.01664871
FF5,2,-0.02759859
FF5,2,0.13714380
FF5,2,-0.02378837
FF5,2,0.03440724
FF5,2,0.03586646
FF5,2,-0.01470329
FF5,2,0.04219730
FF5,2,-0.00476795
FF5,2,0.03039680
FF5,2,0.04040936
FF5,2,-0.02703212
FF5,2,-0.02601470
FF5,2,0.00443522
FF5,2,-0.01492745
FF5,2,0.00946285
FF5,2,0.05043444
FF5,2,-0.05095254
FF5,2,0.03139234
FF5,2,0.06172801
FF5,2,-0.05019229
FF5,2,-0.00676997
FF5,2,-0.01031871
FF5,2,0.00719788
FF5,2,-0.02248883
FF5,2,0.01278074
FF5,2,-0.03245310
FF5,2,0.04568370
FF5,2,-0.06002889
FF5,2,0.00288713
FF5,2,0.08882433
FF5,2,-0.04090238
FF5,2,0.00685618
FF5,2,0.00929102
FF5,2,0.06004471
FF5,2,0.00027706
FF5,2,0.02990620
FF5,2,0.00053597
FF5,2,0.04510273
FF5,2,0.07969917
FF5,2,0.00194400
FF5,2,0.01038760
FF5,2,0.05496504
FF5,2,-0.00986945
FF5,2,-0.04224194
FF5,2,-0.00047389
FF5,2,0.00866545
FF5,2,0.00944393
FF5,2,0.04568517
FF5,2,-0.05213928
FF5,2,0.06820067
FF5,2,0.02209939
FF5,2,-0.00731638
FF5,2,0.09075145
FF5,2,0.10979597
FF5,2,0.00335557
FF5,2,-0.00005432
FF5,2,-0.02550879
FF5,2,-0.10044631
FF5,2,0.00456784
FF5,2,0.03605991
FF5,2,0.01327650
FF5,2,-0.01323694
FF5,2,0.03173283
FF5,2,-0.04035232
FF5,2,0.03116141
FF5,2,-0.01328574
FF5,2,-0.06016908
FF5,2,0.00943005
FF5,2,0.00536326
FF5,2,-0.03981466
FF5,2,0.08394035
FF5,2,0.02581382
FF5,2,0.00592563
FF5,2,0.06126549
FF5,2,0.01655402
FF5,2,0.02265923
FF5,2,-0.04929516
FF5,2,0.06143813
FF5,2,-0.00685665
FF5,2,0.00949191
FF5,2,0.06561205
FF5,2,-0.02331193
FF5,2,0.07519416
FF5,2,0.11679848
FF5,2,0.03742551
FF5,2,-0.02104271
FF5,2,0.15400436
FF5,2,-0.01433912
FF5,2,-0.06192993
FF5,2,-0.02072393
FF5,2,-0.04751301
FF5,2,-0.01337504
FF5,2,0.01592654
FF5,2,0.11157730
FF5,2,0.02485097
FF5,2,-0.06793175
FF5,2,-0.09622409
FF5,2,0.05090535
FF5,2,-0.06622773
FF5,2,0.11501419
FF5,2,-0.00672563
FF5,2,-0.02570859
FF5,2,-0.02267177
FF5,2,-0.02067207
FF5,2,0.10606285
FF5,2,-0.04458741
FF5,2,0.05887673
FF5,2,0.01701935
FF5,2,-0.08059088
FF5,2,0.05050488
FF5,2,-0.04194788
FF5,2,-0.01854224
FF5,2,-0.00680241
FF5,2,0.04330242
FF5,2,-0.06432836
FF5,2,-0.01372723
FF5,2,0.14804103
FF5,2,0.06202741
FF5,2,-0.00023568
FF5,2,0.07340722
FF5,2,-0.04166416
FF5,2,0.11137498
FF5,2,0.07992802
FF5,2,-0.03672340
FF5,2,-0.04695094
FF5,2,0.01039003
FF5,2,-0.00375662
FF5,2,0.05889944
FF5,2,0.09543708
FF5,2,-0.01073466
FF5,2,0.05981346
FF5,2,0.00686125
FF5,2,0.00636461
FF5,2,-0.01709193
FF5,2,-0.00522712
FF5,2,0.03438484
FF5,2,-0.00034570
FF5,2,0.04671532
FF5,2,-0.05586772
FF5,2,0.00116288
FF5,2,0.01382019
FF5,2,0.01736443
FF5,2,-0.04402792
FF5,2,0.02690392
FF5,2,0.03463989
FF5,2,0.01139003
FF5,2,-0.04199423
FF5,2,-0.05908199
FF5,2,0.02067125
FF5,2,-0.02457384
FF5,2,-0.04810271
FF5,2,0.03649140
FF5,2,0.11938390
FF5,2,-0.00874243
FF5,2,0.02896993
FF5,2,-0.02824432
FF5,2,0.06857325
FF5,2,0.06995479
FF5,2,0.04777883
FF5,2,-0.02366257
FF5,2,-0.07234140
FF5,2,-0.00405614
FF5,2,0.07669670
FF5,2,0.00980594
FF5,2,0.03445506
FF5,2,0.08409607
FF5,2,0.02668703
FF5,2,-0.01654388
FF5,2,-0.02280387
FF5,2,0.03421283
FF5,2,-0.00481719
FF5,2,0.03731060
FF5,2,0.01070763
FF5,2,0.03309922
FF5,2,0.10821670
FF5,2,-0.01525791
FF5,2,0.00090243
FF5,2,-0.00131756
FF5,2,0.04608729
FF5,2,0.18260081
FF5,2,0.03534602
FF5,2,0.01210154
FF5,2,0.06659320
FF5,2,0.00634228
FF5,2,0.01247735
FF5,2,0.00534917
FF5,2,0.03452042
FF5,2,0.03809138
FF5,2,0.04852489
FF5,2,0.03699458
FF5,2,0.00668413
FF5,2,-0.03430067
FF5,2,-0.01250684
FF5,2,0.02182579
FF5,2,0.13188696
FF5,2,-0.00256333
FF5,2,-0.00742418
FF5,2,-0.08165947
FF5,2,0.05807394
FF5,2,0.06110025
FF5,2,0.00153557
FF5,2,0.05408900
FF5,2,0.05574879
FF5,2,0.07336439
FF5,2,0.05200098
FF5,2,-0.00391425
FF5,2,-0.00819459
FF5,2,0.03800082
FF5,2,0.02020371
FF5,2,-0.03993549
FF5,2,0.04087668
FF5,2,0.04533158
FF5,2,-0.03407857
FF5,2,0.15728664
FF5,2,0.08405314
FF5,2,-0.03087733
FF5,2,-0.10687595
FF5,2,-0.01436736
FF5,2,-0.05711391
FF5,2,-0.01168695
FF5,2,-0.00618122
FF5,2,-0.01838835
FF5,2,0.00672143
FF5,2,0.03780300
FF5,2,0.04684150
FF5,2,0.01780495
FF5,2,-0.00535823
FF5,2,0.02614438
FF5,2,-0.00520187
FF5,2,-0.04307423
FF5,2,0.00331470
FF5,2,0.10012037
FF5,2,0.01837000
FF5,2,-0.00126300
FF5,2,-0.02047577
FF5,2,0.01489306
FF5,2,0.03870851
FF5,2,0.07193946
FF5,2,0.02198103
FF5,2,0.01511224
FF5,2,-0.09211727
FF5,2,0.04389428
FF5,2,0.03232288
FF5,2,0.01523524
FF5,2,0.00671770
FF5,2,0.01666477
FF5,2,0.04944446
FF5,2,0.07891899
FF5,2,0.02349584
FF5,2,-0.04325854
FF5,2,0.08872994
FF5,2,0.14439751
FF5,2,-0.00167525
FF5,2,0.00491099
FF5,2,-0.02901858
FF5,2,0.02863964
FF5,2,0.01460375
FF5,2,0.00508360
FF5,2,-0.03050559
FF5,2,-0.00157127
FF5,2,-0.01303907
FF5,2,-0.00127262
FF5,2,-0.00476016
FF5,2,0.03109867
FF5,2,-0.03215431
FF5,2,0.02402345
FF5,2,-0.00339662
FF5,2,0.10033111
FF5,2,-0.03036390
FF5,2,-0.04723423
FF5,2,-0.01349931
FF5,3,0.01586423
FF5,3,0.02036021
FF5,3,0.13531777
FF5,3,0.02473865
FF5,3,0.01392073
FF5,3,0.04958167
FF5,3,0.04958405
FF5,3,0.06687950
FF5,3,-0.00024868
FF5,3,0.03411475
FF5,3,0.10205243
FF5,3,-0.01862688
FF5,3,0.04088455
FF5,3,0.01419903
FF5,3,0.06150057
FF5,3,-0.03305151
FF5,3,0.01256707
FF5,3,0.02608411
FF5,3,0.01154920
FF5,3,0.04871787
FF5,3,0.00469165
FF5,3,-0.01759378
FF5,3,0.00078026
FF5,3,0.03568633
FF5,3,0.00233542
FF5,3,0.03682470
FF5,3,0.00096149
FF5,3,-0.10417604
FF5,3,0.03757304
FF5,3,0.04486422
FF5,3,0.01978584
FF5,3,-0.00299378
FF5,3,-0.00971382
FF5,3,0.02077933
FF5,3,0.00687420
FF5,3,-0.00116045
FF5,3,0.01337300
FF5,3,0.03607942
FF5,3,0.04702570
FF5,3,0.01063020
FF5,3,0.00947186
FF5,3,-0.02216090
FF5,3,-0.00082110
FF5,3,-0.03062731
FF5,3,0.04125095
FF5,3,-0.05121311
FF5,3,0.07898530
FF5,3,0.06789082
FF5,3,0.12289155
FF5,3,0.03814132
FF5,3,0.02978875
FF5,3,0.04045773
FF5,3,0.06546361
FF5,3,0.05270884
FF5,3,-0.03164831
FF5,3,-0.00243047
FF5,3,-0.01293049
FF5,3,0.08273120
FF5,3,0.01913142
FF5,3,0.02751208
FF5,3,-0.03313988
FF5,3,-0.00432494
FF5,3,0.15234481
FF5,3,-0.01006669
FF5,3,0.00749876
FF5,3,-0.03044957
FF5,3,0.02319231
FF5,3,0.05925707
FF5,3,0.06631963
FF5,3,0.04564170
FF5,3,0.05411711
FF5,3,0.04412422
FF5,3,0.08120656
FF5,3,-0.01111272
FF5,3,0.00771014
FF5,3,0.06167009
FF5,3,-0.00160410
FF5,3,0.02810700
FF5,3,0.04035773
FF5,3,0.05080056
FF5,3,0.00204305
FF5,3,0.03968782
FF5,3,0.05582849
FF5,3,0.04295765
FF5,3,0.18339263
FF5,3,0.02496698
FF5,3,0.05346213
FF5,3,0.05133117
FF5,3,0.00627118
FF5,3,-0.02496093
FF5,3,0.00077944
FF5,3,-0.06741730
FF5,3,-0.02522468
FF5,3,0.09230318
FF5,3,0.01461989
FF5,3,0.00722766
FF5,3,0.00320086
FF5,3,0.04182760
FF5,3,0.08591068
FF5,3,0.02938709
FF5,3,0.02883174
FF5,3,0.00893326
FF5,3,0.02664943
FF5,3,0.05966545
FF5,3,0.02690120
FF5,3,-0.00711180
FF5,3,0.05205084
FF5,3,0.00695327
FF5,3,0.06838723
FF5,3,-0.01320514
FF5,3,0.02994123
FF5,3,0.04169550
FF5,3,-0.08056455
FF5,3,-0.01235334
FF5,3,-0.02567897
FF5,3,0.08830281
FF5,3,0.07386410
FF5,3,0.00274222
FF5,3,0.10087956
FF5,3,0.04125548
FF5,3,0.00849981
FF5,3,0.01098741
FF5,3,0.08790847
FF5,3,0.02292273
FF5,3,0.07681462
FF5,3,-0.01032021
FF5,3,0.00910286
FF5,3,0.05487763
FF5,3,0.02250784
FF5,3,0.02714533
FF5,3,0.02510561
FF5,3,0.00040405
FF5,3,0.02835544
FF5,3,0.03380034
FF5,3,0.03955751
FF5,3,0.06996312
FF5,3,-0.03131562
FF5,3,-0.03024460
FF5,3,-0.03735256
FF5,3,0.04682789
FF5,3,0.03504324
FF5,3,0.02979437
FF5,3,-0.00531962
FF5,3,0.06387864
FF5,3,-0.04143525
FF5,3,0.04583765
FF5,3,0.18336962
FF5,3,0.00507436
FF5,3,0.03609813
FF5,3,0.10213510
FF5,3,0.05319905
FF5,3,0.00692408
FF5,3,-0.00669629
FF5,3,-0.00181062
FF5,3,0.01730763
FF5,3,0.05300337
FF5,3,0.10288072
FF5,3,0.02820184
FF5,3,-0.01175072
FF5,3,0.00004536
FF5,3,0.02225609
FF5,3,0.03321534
FF5,3,-0.01044957
FF5,3,0.07960075
FF5,3,0.07820402
FF5,3,0.04278819
FF5,3,0.14649144
FF5,3,-0.00390668
FF5,3,0.03127048
FF5,3,0.00805057
FF5,3,-0.01242017
FF5,3,-0.00507802
FF5,3,0.21027053
FF5,3,0.04245518
FF5,3,0.08760781
FF5,3,0.03432097
FF5,3,0.00918849
FF5,3,0.00823768
FF5,3,0.00021681
FF5,3,-0.00748928
FF5,3,0.05040251
FF5,3,0.06677549
FF5,3,0.00591360
FF5,3,0.03113680
FF5,3,-0.00793190
FF5,3,0.07189322
FF5,3,-0.03273267
FF5,3,-0.02991689
FF5,3,-0.00800244
FF5,3,-0.02790304
FF5,3,-0.00874380
FF5,3,0.02775796
FF5,3,-0.01983761
FF5,3,-0.00778082
FF5,3,0.09520943
FF5,3,0.06203418
FF5,3,0.03208342
FF5,3,0.03938495
FF5,3,0.01358734
FF5,3,0.06784703
FF5,3,0.12374340
FF5,3,0.01193301
FF5,3,-0.01086278
FF5,3,0.05953018
FF5,3,-0.01230668
FF5,3,0.04537653
FF5,3,0.00066150
FF5,3,-0.01922099
FF5,3,-0.01868964
FF5,3,0.07127285
FF5,3,-0.03464685
FF5,3,0.02555468
FF5,3,-0.01256503
FF5,3,0.02171406
FF5,3,0.15189493
FF5,3,0.21397591
FF5,3,0.01377144
FF5,3,0.00075328
FF5,3,0.01439201
FF5,3,0.02689811
FF5,3,-0.02481958
FF5,3,0.01037834
FF5,3,0.04543674
FF5,3,-0.00175906
FF5,3,-0.00440818
FF5,3,-0.02593853
FF5,3,-0.01614652
FF5,3,0.12667811
FF5,3,0.04327949
FF5,3,0.00285635
FF5,3,-0.00399915
FF5,3,-0.03076950
FF5,3,0.05360056
FF5,3,-0.02664187
FF5,3,0.03788923
FF5,3,-0.01112798
FF5,3,0.08914173
FF5,3,0.03854936
FF5,3,0.00726956
FF5,3,0.03351856
FF5,3,-0.03962363
FF5,3,0.01641879
FF5,3,0.08243516
FF5,3,0.08613280
FF5,3,-0.09568979
FF5,3,0.01590994
FF5,3,0.01801867
FF5,3,0.02186134
FF5,3,0.00944630
FF5,3,0.06846703
FF5,3,-0.01960749
FF5,3,-0.00608297
FF5,3,0.07049275
FF5,3,-0.09057168
FF5,3,0.06979365
FF5,3,0.04020725
FF5,3,0.01938891
FF5,3,0.04112757
FF5,3,0.03668204
FF5,3,0.01987512
FF5,3,-0.01524605
FF5,3,-0.02139999
FF5,3,0.08548136
FF5,3,-0.01625824
FF5,3,0.01803301
FF5,3,0.02106438
FF5,3,0.02252941
FF5,3,-0.08096825
FF5,3,-0.01142507
FF5,3,0.07469365
FF5,3,0.08308555
FF5,3,-0.00415904
FF5,3,-0.02372399
FF5,3,-0.01135457
FF5,3,0.02770072
FF5,3,0.02812327
FF5,3,0.01466251
FF5,3,0.05240216
FF5,3,-0.00014035
FF5,3,0.04806659
FF5,3,0.10244288
FF5,3,0.00693947
FF5,3,0.06079495
FF5,3,0.04645434
FF5,3,-0.00671057
FF5,3,0.15224026
FF5,3,-0.01216227
FF5,3,0.00933535
FF5,3,0.03548623
FF5,3,0.01704504
FF5,3,0.00956247
FF5,3,0.02850372
FF5,3,0.09271538
FF5,3,0.05835519
FF5,3,-0.04466866
FF5,3,0.11218415
FF5,3,0.03222613
FF5,3,0.10641969
FF5,3,0.03380171
FF5,3,0.02325145
FF5,3,0.06571844
FF5,3,0.00205342
FF5,3,-0.05163635
FF5,3,-0.02060553
FF5,3,0.03140093
FF5,3,-0.01389061
FF5,3,0.06034251
FF5,3,-0.00591325
FF5,3,0.15459031
FF5,3,0.02371198
FF5,3,-0.00181577
FF5,3,0.08019887
FF5,3,-0.01425018
FF5,3,0.03146531
FF5,3,0.01008276
FF5,3,0.11100100
FF5,3,0.03704366
FF5,3,0.02699255
FF5,3,0.01047403
FF5,3,0.03347835
FF5,3,0.08982898
FF5,3,0.05291728
FF5,3,0.04604677
FF5,3,-0.01630991
FF5,3,0.07305815
FF5,3,0.00849184
FF5,3,0.06405929
FF5,3,0.03094745
FF5,3,-0.00538448
FF5,3,0.05884775
FF5,3,0.05297379
FF5,3,0.06196118
FF5,3,0.05040962
FF5,3,-0.01245512
FF5,3,0.03693228
FF5,3,-0.05310318
FF5,3,0.02873475
FF5,3,0.06588527
FF5,3,0.03993222
FF5,3,0.05575979
FF5,3,0.04462861
FF5,3,0.04088080
FF5,3,0.05232312
FF5,3,-0.00688395
FF5,3,0.02547013
FF5,3,0.04459041
FF5,3,0.04979100
FF5,3,0.01558736
FF5,3,0.03389282
FF5,3,0.03033771
FF5,3,-0.01337692
FF5,3,0.07086582
FF5,3,0.19238469
FF5,3,0.02000206
FF5,3,0.04885559
FF5,3,0.03374156
FF5,3,0.08437492
FF5,3,0.10939419
FF5,3,0.01443173
FF5,3,-0.01792474
FF5,3,0.04838029
FF5,3,0.00507465
FF5,3,0.01115293
FF5,3,0.10635689
FF5,3,0.03212791
FF5,4,-0.01141808
FF5,4,-0.03009106
FF5,4,0.03159594
FF5,4,0.07947978
FF5,4,-0.02197974
FF5,4,0.06048100
FF5,4,-0.09186344
FF5,4,0.03353184
FF5,4,-0.02020204
FF5,4,0.10707585
FF5,4,0.04817038
FF5,4,0.01041457
FF5,4,0.03268354
FF5,4,-0.09259762
FF5,4,0.09792875
FF5,4,-0.01031481
FF5,4,-0.00529742
FF5,4,-0.03051810
FF5,4,-0.04210686
FF5,4,-0.01882342
FF5,4,-0.02943790
FF5,4,-0.00204909
FF5,4,-0.03751172
FF5,4,-0.06948549
FF5,4,0.00507903
FF5,4,0.00647465
FF5,4,-0.01261771
FF5,4,0.02498159
FF5,4,0.09152382
FF5,4,-0.00640207
FF5,4,0.00037239
FF5,4,-0.01085988
FF5,4,-0.01364754
FF5,4,0.02243463
FF5,4,0.04187142
FF5,4,-0.04961135
FF5,4,-0.01975455
FF5,4,-0.01499615
FF5,4,0.06358836
FF5,4,0.02668647
FF5,4,0.05878683
FF5,4,0.01043707
FF5,4,0.01813676
FF5,4,0.01358328
FF5,4,-0.09028254
FF5,4,-0.05949650
FF5,4,-0.03743836
FF5,4,0.08383160
FF5,4,0.18041282
FF5,4,-0.01695365
FF5,4,0.01298435
FF5,4,0.08988118
FF5,4,0.13248254
FF5,4,0.01505170
FF5,4,0.06549332
FF5,4,-0.00949152
FF5,4,-0.08124282
FF5,4,-0.05002549
FF5,4,0.01645327
FF5,4,0.12570500
FF5,4,0.07511851
FF5,4,0.02578901
FF5,4,-0.04905502
FF5,4,-0.07570753
FF5,4,-0.01326386
FF5,4,-0.00927960
FF5,4,0.00105563
FF5,4,0.04925858
FF5,4,0.02625175
FF5,4,-0.05101597
FF5,4,-0.01547962
FF5,4,0.06580097
FF5,4,-0.00691537
FF5,4,0.13862193
FF5,4,0.04129520
FF5,4,-0.02527185
FF5,4,0.00267434
FF5,4,-0.05756612
FF5,4,0.13630474
FF5,4,0.04006809
FF5,4,-0.00586005
FF5,4,0.03714832
FF5,4,0.00731291
FF5,4,0.00370869
FF5,4,-0.02554458
FF5,4,-0.10177899
FF5,4,-0.01087659
FF5,4,-0.03547743
FF5,4,0.03894859
FF5,4,-0.08166341
FF5,4,-0.00137115
FF5,4,0.00009617
FF5,4,0.03075844
FF5,4,-0.01144888
FF5,4,0.12317641
FF5,4,-0.02494599
FF5,4,0.04603972
FF5,4,-0.02370019
FF5,4,-0.03692093
FF5,4,-0.04168974
FF5,4,-0.02531551
FF5,4,0.05432920
FF5,4,-0.04637288
FF5,4,0.00560115
FF5,4,0.00333593
FF5,4,-0.01390221
FF5,4,0.06668341
FF5,4,0.01971054
FF5,4,0.09817708
FF5,4,0.05982533
FF5,4,-0.00297394
FF5,4,0.00957294
FF5,4,-0.01106196
FF5,4,0.00232741
FF5,4,0.08007693
FF5,4,-0.02242125
FF5,4,-0.02710110
FF5,4,-0.04019762
FF5,4,-0.02329873
FF5,4,-0.00106939
FF5,4,0.01712743
FF5,4,0.07686764
FF5,4,0.03976158
FF5,4,-0.02774774
FF5,4,-0.08734545
FF5,4,0.07128549
FF5,4,-0.10243333
FF5,4,-0.01421076
FF5,4,-0.05363340
FF5,4,-0.03633335
FF5,4,-0.03359992
FF5,4,-0.04202736
FF5,4,0.00800132
FF5,4,-0.03415494
FF5,4,0.06760695
FF5,4,-0.10308291
FF5,4,-0.03447062
FF5,4,-0.10507870
FF5,4,-0.00656652
FF5,4,0.15304555
FF5,4,0.05244857
FF5,4,0.02538952
FF5,4,0.00112019
FF5,4,-0.07763999
FF5,4,-0.00443931
FF5,4,-0.02758273
FF5,4,-0.05219581
FF5,4,0.01809128
FF5,4,0.00916293
FF5,4,0.12611664
FF5,4,-0.03461591
FF5,4,0.00465987
FF5,4,0.04418382
FF5,4,-0.00884680
FF5,4,-0.05241609
FF5,4,-0.03249684
FF5,4,-0.00652386
FF5,4,0.12544442
FF5,4,-0.07589796
FF5,4,-0.00976536
FF5,4,-0.03079672
FF5,4,0.02082296
FF5,4,-0.01410288
FF5,4,0.00570282
FF5,4,0.01552989
FF5,4,0.03306150
FF5,4,-0.01393477
FF5,4,0.03319296
FF5,4,-0.00568066
FF5,4,0.02577811
FF5,4,-0.05724246
FF5,4,-0.07776684
FF5,4,0.00292038
FF5,4,0.02428856
FF5,4,0.02354557
FF5,4,0.04421664
FF5,4,0.07725392
FF5,4,-0.01814007
FF5,4,0.10276898
FF5,4,0.02710431
FF5,4,-0.01686505
FF5,4,0.00012285
FF5,4,0.03177275
FF5,4,-0.05032941
FF5,4,0.03089942
FF5,4,-0.02738656
FF5,4,-0.01758172
FF5,4,-0.08055527
FF5,4,-0.02925689
FF5,4,-0.09279179
FF5,4,-0.09630164
FF5,4,-0.00432756
FF5,4,-0.10006314
FF5,4,-0.02638751
FF5,4,0.01197798
FF5,4,0.10689916
FF5,4,0.09209072
FF5,4,0.01191897
FF5,4,0.02337724
FF5,4,0.00554876
FF5,4,0.12859044
FF5,4,-0.04885082
FF5,4,-0.01933178
FF5,4,-0.02431129
FF5,4,-0.02696475
FF5,4,-0.01378999
FF5,4,-0.01584019
FF5,4,-0.01773945
FF5,4,0.07846332
FF5,4,-0.02096658
FF5,4,-0.06842147
FF5,4,0.17275313
FF5,4,0.01436009
FF5,4,-0.01700419
FF5,4,-0.02619535
FF5,4,0.10919284
FF5,4,0.00454525
FF5,4,0.08195171
FF5,4,0.01082017
FF5,4,-0.01666408
FF5,4,-0.01597703
FF5,4,-0.05947087
FF5,4,0.02683460
FF5,4,0.03978009
FF5,4,0.05012753
FF5,4,0.02340494
FF5,4,0.03946816
FF5,4,0.01047960
FF5,4,-0.01017332
FF5,4,-0.06404274
FF5,4,-0.08970629
FF5,4,-0.03641790
FF5,4,-0.03946007
FF5,4,-0.05441273
FF5,4,-0.03942308
FF5,4,-0.06959079
FF5,4,-0.03177983
FF5,4,-0.02192961
FF5,4,-0.01790787
FF5,4,-0.00320414
FF5,4,-0.03328608
FF5,4,-0.08166873
FF5,4,-0.02107346
FF5,4,-0.01157866
FF5,4,0.07922079
FF5,4,-0.00379062
FF5,4,0.02211569
FF5,4,-0.03741549
FF5,4,-0.04353572
FF5,4,0.04995740
FF5,4,0.08965933
FF5,4,0.09675840
FF5,4,0.01409122
FF5,4,0.02237456
FF5,4,0.17871434
FF5,4,0.01071128
FF5,4,0.00422353
FF5,4,0.10850838
FF5,4,0.02275028
FF5,4,0.03087228
FF5,4,0.06203452
FF5,4,-0.06682803
FF5,4,0.06070508
FF5,4,-0.04430353
FF5,4,0.04772449
FF5,4,-0.01233304
FF5,4,0.09022537
FF5,4,-0.01277046
FF5,4,-0.05893507
FF5,4,0.00143994
FF5,4,-0.05614285
FF5,4,0.16236342
FF5,4,0.01067607
FF5,4,0.00353485
FF5,4,0.03998016
FF5,4,0.05780294
FF5,4,0.15194268
FF5,4,0.00224384
FF5,4,-0.04685243
FF5,4,-0.02921824
FF5,4,0.12226731
FF5,4,-0.03967018
FF5,4,-0.01300686
FF5,4,-0.04327856
FF5,4,-0.02514940
FF5,4,-0.00041935
FF5,4,-0.04716676
FF5,4,-0.06324991
FF5,4,0.06304475
FF5,4,-0.05828374
FF5,4,-0.04459574
FF5,4,-0.00866414
FF5,4,-0.07893935
FF5,4,-0.03148489
FF5,4,0.00668148
FF5,4,-0.02595279
FF5,4,0.05132426
FF5,4,0.00333077
FF5,4,0.06004244
FF5,4,-0.02802514
FF5,4,-0.00830536
FF5,4,0.01509167
FF5,4,0.00159944
FF5,4,0.01423749
FF5,4,-0.02166674
FF5,4,0.08399992
FF5,4,0.00741918
FF5,4,0.02918425
FF5,4,0.02447226
FF5,4,0.00401268
FF5,4,-0.06178670
FF5,4,-0.00802642
FF5,4,-0.00259776
FF5,4,-0.02996376
FF5,4,0.04638319
FF5,4,0.10563138
FF5,4,-0.02451533
FF5,4,0.01125560
FF5,4,-0.03281820
FF5,4,-0.00201703
FF5,4,-0.01818119
FF5,4,-0.04028553
FF5,4,-0.00403366
FF5,4,0.00890377
FF5,4,-0.06618309
FF5,4,0.03140744
FF5,4,-0.10758050
FF5,4,0.11979542
FF5,4,-0.06516156
FF5,4,-0.07486074
FF5,4,0.07332611
FF5,4,-0.03642425
FF5,4,0.01881288
FF5,4,-0.01836576
FF5,4,0.07818261
FF5,4,0.08519658
FF5,4,0.03053546
FF5,4,-0.03384245
FF5,4,-0.02964674
FF5,4,0.04669522
FF5,4,0.00570548
FF5,4,-0.00046467
FF5,4,-0.00506265
FF5,4,-0.02839443
FF5,4,-0.00512407
FF5,4,-0.04970821
FF5,4,-0.06068086
FF5,4,-0.01495410
FF5,4,0.03576558
FF5,4,0.00611285
FF5,4,-0.01582236
FF5,4,0.01072643
FF5,4,-0.03843295
FF5,4,-0.00865341
FF5,4,-0.05440878
FF5,4,-0.10213522
FF5,4,-0.04166841
FF5,4,0.04661711
FF5,4,-0.04164851
FF5,4,0.00643663
FF5,4,0.01058241
FF5,4,0.03306448
FF5,4,-0.01412358
FF5,4,0.05042493
FF5,4,0.07976296
FF5,4,-0.10280888
FF5,4,-0.03366202
FF5,4,-0.04612572
FF5,4,0.07834404
FF5,4,0.01250988
FF5,4,0.07816143
FF5,4,0.04900710
FF5,4,0.05411872
FF5,4,-0.08108634
FF5,4,0.06991591
FF5,4,0.00472099
FF5,4,0.01494943
FF5,4,-0.05255567
FF5,4,-0.00479757
FF5,4,-0.03686351
FF5,4,-0.00395343
FF5,4,-0.03117223
FF5,4,0.03901102
FF5,4,-0.02768490
FF5,4,0.00424660
FF5,4,0.09443542
FF5,4,0.00573570
FF5,4,0.00732422
FF5,4,0.06757328
FF5,4,0.03745738
FF5,4,-0.01820452
FF5,4,-0.05594591
FF5,4,-0.00586064
FF5,4,0.08575824
FF5,4,0.09345713
FF5,4,0.01596756
FF5,4,-0.02177637
FF5,4,0.01314624
FF5,4,0.09451789
FF5,4,-0.00523429
FF5,4,-0.08129374
FF5,4,0.01769412
FF5,4,0.00992517
FF5,4,0.00805818
FF5,4,0.01105987
FF5,4,0.07022041
FF5,4,0.02470987
FF5,4,0.05616252
FF5,4,-0.01489788
FF5,4,0.00613466
FF5,4,0.02483932
FF5,4,-0.00588351
FF5,4,-0.01032035
FF5,4,0.08711949
FF5,4,-0.04335737
FF5,4,-0.08368696
FF5,4,-0.00869258
FF5,5,-0.07309169
FF5,5,-0.07431315
FF5,5,-0.16138206
FF5,5,-0.16870453
FF5,5,-0.03506443
FF5,5,-0.08933179
FF5,5,-0.11832100
FF5,5,0.03812438
FF5,5,-0.03521084
FF5,5,-0.06915673
FF5,5,-0.11930486
FF5,5,-0.12270670
FF5,5,-0.07871388
FF5,5,-0.01237778
FF5,5,-0.12752920
FF5,5,-0.09882033
FF5,5,-0.11842822
FF5,5,-0.01520798
FF5,5,-0.07461382
FF5,5,-0.18745798
FF5,5,-0.14525401
FF5,5,0.01445178
FF5,5,-0.05719848
FF5,5,-0.09254734
FF5,5,-0.03929220
FF5,5,-0.05366237
FF5,5,-0.06405690
FF5,5,-0.10676147
FF5,5,-0.08354778
FF5,5,-0.05688576
FF5,5,-0.03956052
FF5,5,-0.10247658
FF5,5,-0.15546312
FF5,5,0.05486162
FF5,5,-0.04135994
FF5,5,-0.11252180
FF5,5,-0.07611016
FF5,5,-0.09661104
FF5,5,-0.10345327
FF5,5,0.00167749
FF5,5,-0.04364180
FF5,5,-0.07785965
FF5,5,-0.06726335
FF5,5,-0.09365615
FF5,5,-0.12985566
FF5,5,-0.09386095
FF5,5,-0.11528600
FF5,5,-0.09250029
FF5,5,-0.09796892
FF5,5,-0.03234473
FF5,5,-0.08993395
FF5,5,-0.08832209
FF5,5,-0.01975526
FF5,5,-0.11521503
FF5,5,-0.06600386
FF5,5,-0.07028833
FF5,5,-0.03018937
FF5,5,-0.11267894
FF5,5,-0.07879030
FF5,5,-0.09615952
FF5,5,-0.05842728
FF5,5,-0.17154588
FF5,5,-0.03078796
FF5,5,0.00009068
FF5,5,0.03901091
FF5,5,-0.05165620
FF5,5,0.08423698
FF5,5,-0.05438549
FF5,5,-0.09387677
FF5,5,-0.22609336
FF5,5,-0.04309409
FF5,5,0.03827924
FF5,5,-0.02330517
FF5,5,-0.01759256
FF5,5,-0.09249487
FF5,5,-0.05801179
FF5,5,0.05642181
FF5,5,-0.09431996
FF5,5,-0.15445664
FF5,5,-0.11281765
FF5,5,-0.05183427
FF5,5,-0.19096103
FF5,5,-0.07351280
FF5,5,-0.05447854
FF5,5,-0.08521121
FF5,5,-0.04154990
FF5,5,-0.11093653
FF5,5,-0.07232092
FF5,5,-0.14417415
FF5,5,-0.06740371
FF5,5,-0.05414021
FF5,5,-0.08475372
FF5,5,-0.09064316
FF5,5,-0.04790520
FF5,5,-0.10174080
FF5,5,-0.16775479
FF5,5,-0.06372032
FF5,5,0.02264153
FF5,5,-0.06183696
FF5,5,-0.02306118
FF5,5,0.01737935
FF5,5,-0.12057201
FF5,5,0.00866206
FF5,5,-0.11018572
FF5,5,-0.10884690
FF5,5,-0.08385240
FF5,5,-0.11485007
FF5,5,-0.07155618
FF5,5,-0.09320516
FF5,5,-0.06506900
FF5,5,-0.10488667
FF5,5,-0.19650244
FF5,5,-0.04400995
FF5,5,-0.08205537
FF5,5,-0.17574905
FF5,5,0.07242265
FF5,5,-0.09937937
FF5,5,0.11615888
FF5,5,-0.05649868
FF5,5,-0.13327199
FF5,5,-0.01621164
FF5,5,-0.08463243
FF5,5,0.04919649
FF5,5,-0.10331154
FF5,5,-0.05224912
FF5,5,0.02136100
FF5,5,0.02950605
FF5,5,-0.00545319
FF5,5,0.01818498
FF5,5,-0.11466771
FF5,5,-0.06165699
FF5,5,-0.12506380
FF5,5,-0.07946096
FF5,5,-0.09933585
FF5,5,-0.08261708
FF5,5,-0.10181259
FF5,5,-0.14410483
FF5,5,-0.04182465
FF5,5,-0.07445616
FF5,5,-0.14770782
FF5,5,0.17262246
FF5,5,-0.11092653
FF5,5,-0.06074499
FF5,5,0.05594010
FF5,5,-0.15630388
FF5,5,-0.06832539
FF5,5,-0.09731901
FF5,5,-0.09188957
FF5,5,-0.14223188
FF5,5,-0.01908934
FF5,5,0.10649482
FF5,5,-0.09312693
FF5,5,-0.00566011
FF5,5,-0.07291739
FF5,5,-0.01282906
FF5,5,-0.04114995
FF5,5,-0.05276613
FF5,5,-0.08100456
FF5,5,-0.09247633
FF5,5,-0.11637731
FF5,5,-0.11922789
FF5,5,-0.08394048
FF5,5,-0.07629316
FF5,5,-0.13955215
FF5,5,0.12353022
FF5,5,-0.05922740
FF5,5,0.14980321
FF5,5,-0.15032241
FF5,5,-0.16134817
FF5,5,-0.08319637
FF5,5,-0.23349375
FF5,5,0.02203793
FF5,5,-0.06909274
FF5,5,-0.06197695
FF5,5,-0.02116838
FF5,5,-0.00978820
FF5,5,-0.05799114
FF5,5,-0.15636199
FF5,5,0.17331965
FF5,5,-0.01581075
FF5,5,0.05092755
FF5,5,0.06038597
FF5,5,-0.13550377
FF5,5,-0.06195410
FF5,5,0.10194282
FF5,5,-0.08645299
FF5,5,-0.07096280
FF5,5,0.00505869
FF5,5,-0.07668391
FF5,5,-0.11050151
FF5,5,-0.06987177
FF5,5,0.02878205
FF5,5,0.12695090
FF5,5,-0.05117680
FF5,5,-0.07426650
FF5,5,-0.20216977
FF5,5,0.01456033
FF5,5,-0.07255779
FF5,5,-0.07484794
FF5,5,0.20260884
FF5,5,0.02048595
FF5,5,-0.08692519
FF5,5,-0.04263209
FF5,5,-0.18975544
FF5,5,-0.07991623
FF5,5,-0.01338897
FF5,5,-0.02466093
FF5,5,-0.06497901
FF5,5,-0.06923719
FF5,5,0.02890337
FF5,5,0.07384112
FF5,5,-0.03597769
FF5,5,-0.13067639
FF5,5,-0.06535164
FF5,5,-0.09319481
FF5,5,-0.04592082
FF5,5,-0.12165715
FF5,5,-0.14825319
FF5,5,-0.07232657
FF5,5,-0.10376724
FF5,5,-0.09550011
FF5,5,-0.14936986
FF5,5,-0.09000914
FF5,5,-0.06101499
FF5,5,0.05568072
FF5,5,-0.10679255
FF5,5,-0.10634016
FF5,5,0.11779644
FF5,5,-0.07976117
FF5,5,-0.07614005
FF5,5,-0.09758938
FF5,5,-0.05120318
FF5,5,-0.12376456
FF5,5,-0.11853714
FF5,5,-0.06410984
FF5,5,-0.05141416
FF5,5,-0.09838200
FF5,5,-0.10971342
FF5,5,-0.17869668
FF5,5,-0.10425792
FF5,5,-0.09000405
FF5,5,-0.07010174
FF5,5,0.00057785
FF5,5,-0.05047752
FF5,5,-0.07566707
FF5,5,0.02023707
FF5,5,-0.10172107
FF5,5,-0.03784457
FF5,5,-0.19050012
FF5,5,-0.02324289
FF5,5,-0.08097305
FF5,5,-0.09974973
FF5,5,-0.24262426
FF5,5,-0.10630081
FF5,5,-0.21190241
FF5,5,-0.10588162
FF5,5,-0.10875471
FF5,5,-0.10579879
FF5,5,-0.06746066
FF5,5,-0.06101242
FF5,5,-0.04648827
FF5,5,-0.17146773
FF5,5,-0.12332390
FF5,5,-0.08403586
FF5,5,-0.07451279
FF5,5,0.04799833
FF5,5,0.06718003
FF5,5,0.07521465
FF5,5,-0.07125489
FF5,5,-0.05713691
FF5,5,-0.16645150
FF5,5,-0.01821228
FF5,5,0.00461970
FF5,5,-0.09734675
FF5,5,-0.01730837
FF5,5,-0.09660968
FF5,5,-0.05424238
FF5,5,-0.01512953
FF5,5,-0.09598056
FF5,5,-0.03495619
FF5,5,-0.11977996
FF5,5,-0.06818224
FF5,5,-0.09057350
FF5,5,-0.06019533
FF5,5,-0.17185408
FF5,5,-0.05490380
FF5,5,-0.12476800
FF5,5,-0.08930486
FF5,5,-0.09284932
FF5,5,-0.06253409
FF5,5,0.01165428
FF5,5,-0.20018555
FF5,5,-0.02206518
FF5,5,-0.02228874
FF5,5,-0.05057182
FF5,5,-0.15195325
FF5,5,-0.01163142
FF5,5,-0.05859784
FF5,5,-0.07029089
FF5,5,-0.03801096
FF5,5,-0.10049762
FF5,5,-0.04699838
FF5,5,-0.09655034
FF5,5,-0.14288164
FF5,5,-0.08052219
FF5,5,0.00727256
FF5,5,-0.09984147
FF5,5,-0.03413599
FF5,5,-0.08473416
FF5,5,-0.02621501
FF5,5,-0.05903232
FF5,5,0.03362908
FF5,5,-0.08284056
FF5,5,-0.12295851
FF5,5,0.03558674
FF5,5,-0.04868699
FF5,5,-0.09989765
FF5,5,-0.06691015
FF5,5,-0.11123836
FF5,5,-0.04483708
FF5,5,-0.09236679
FF5,5,-0.01134541
FF5,5,-0.11383268
FF5,5,0.00837682
FF5,5,-0.14244400
FF5,5,-0.06781997
FF5,5,-0.00797497
FF5,5,-0.17368481
FF5,5,-0.06427558
FF5,5,-0.03247584
FF5,5,-0.10105960
FF5,5,-0.11081300
FF5,5,-0.09695336
FF5,5,0.09051071
FF5,5,-0.07158036
FF5,5,-0.06811564
FF5,5,-0.04146845
FF5,5,-0.07251858
FF5,5,-0.08901359
FF5,5,-0.17288309
FF5,5,-0.03723942
FF5,5,-0.14832375
FF5,5,-0.07025608
FF5,5,-0.06440462
FF5,5,0.00482704
FF5,5,-0.10580628
FF5,5,-0.17821924
FF5,5,-0.06493783
FF5,5,-0.09187512
FF5,5,-0.07960513
FF5,5,-0.09000747
FF5,5,-0.11643318
FF5,5,-0.01885744
FF5,5,0.01344664
FF5,5,0.03075029
FF5,5,-0.19181367
FF5,5,-0.04532103
FF5,5,-0.18122510
FF5,5,-0.09062937
FF5,5,-0.11050392
FF5,5,-0.00345112
FF5,5,-0.12631817
FF5,5,0.02608576
FF5,5,-0.05407589
FF5,5,-0.15096868
FF5,5,-0.06438136
FF5,5,-0.12325487
FF5,5,-0.07402990
FF5,5,-0.13435695
FF5,5,-0.19920005
FF5,5,-0.07450903
FF5,5,-0.08244323
FF5,5,-0.06537247
FF5,5,-0.00699886
FF5,5,0.02837909
FF5,5,-0.10288350
FF5,5,-0.17034970
FF5,5,-0.06808887
FF5,5,-0.10180403
FF5,5,-0.05289127
FF5,5,-0.05878896
FF5,5,-0.08096099
FF5,5,-0.10923408
FF5,5,-0.11505489
FF5,5,-0.09380896
FF5,5,-0.10804495
FF5,5,-0.07835108
FF5,5,-0.13018749
FF5,5,-0.01097444
FF5,5,-0.10485832
FF5,5,0.04863960
FF5,5,-0.10202370
FF5,5,-0.06697933
FF5,5,-0.10388263
FF5,5,-0.01608075
FF5,5,-0.14495940
FF5,5,-0.05663984
FF5,5,0.00846268
FF5,5,-0.04801398
FF5,5,-0.00191045
FF5,5,-0.08326580
FF5,5,0.02413505
FF5,5,-0.02733901
FF5,5,-0.02218007
FF5,5,-0.06107143
FF5,5,0.01745500
FF5,5,-0.09008812
FF5,5,-0.09075004
FF5,5,-0.05206333
FF5,5,-0.06707950
FF5,5,-0.09185044
FF5,5,-0.11200123
FF5,5,-0.05576033
FF5,5,-0.00767052
FF5,5,-0.06736799
FF5,5,-0.01519949
FF5,5,-0.12795602
FF5,5,-0.02571565
FF5,5,-0.11338857
FF5,5,-0.06703414
FF5,5,-0.11172017
FF5,5,-0.08258929
FF5,5,-0.01536172
FF5,5,-0.10738379
FF5,5,-0.05888759
FF5,5,-0.13152189
FF5,5,-0.02051919
FF5,5,-0.17140985
FF5,5,0.06432758
FF5,5,-0.07617746
FF5,5,-0.07887843
FF5,5,-0.14670497
FF5,5,-0.14417800
FF5,5,-0.09112493
FF5,5,-0.06117429
FF5,5,-0.09113910
FF5,5,0.00988340
FF5,5,-0.11159289
FF5,5,-0.15594437
FF5,5,-0.10071197
FF5,5,-0.19203901
FF5,5,-0.08906516
FF5,5,-0.20687121
FF5,5,-0.17908337
FF5,5,-0.08246294
FF5,5,-0.08975004
FF5,5,-0.11729182
FF5,6,-0.06792359
FF5,6,0.02544094
FF5,6,-0.03901312
FF5,6,-0.02495891
FF5,6,-0.03685810
FF5,6,-0.06417082
FF5,6,-0.08068169
FF5,6,-0.02978499
FF5,6,0.03148706
FF5,6,-0.00463821
FF5,6,0.10385489
FF5,6,-0.01127458
FF5,6,-0.03847850
FF5,6,0.10278982
FF5,6,0.08624706
FF5,6,-0.04997475
FF5,6,-0.01035793
FF5,6,-0.06460470
FF5,6,-0.03580000
FF5,6,0.00703078
FF5,6,0.01813991
FF5,6,-0.01202942
FF5,6,0.21219536
FF5,6,-0.17905714
FF5,6,-0.11835360
FF5,6,0.17690171
FF5,6,-0.03575001
FF5,6,0.07518664
FF5,6,-0.07815071
FF5,6,0.05385090
FF5,6,-0.02612100
FF5,6,0.16634716
FF5,6,-0.03993089
FF5,6,0.02418950
FF5,6,-0.08298337
FF5,6,0.06259225
FF5,6,0.10028117
FF5,6,-0.03031304
FF5,6,-0.01887865
FF5,6,0.07175993
FF5,6,0.10413396
FF5,6,0.02556896
FF5,6,-0.03775643
FF5,6,0.00668154
FF5,6,0.00423535
FF5,6,-0.01652771
FF5,6,0.00250115
FF5,6,-0.01166026
FF5,6,0.06182353
FF5,6,0.01565565
FF5,6,-0.09291001
FF5,6,-0.03579961
FF5,6,0.05396724
FF5,6,0.01566116
FF5,6,0.04846293
FF5,6,-0.07943683
FF5,6,-0.05936145
FF5,6,0.13654547
FF5,6,0.00633419
FF5,6,0.00927401
FF5,6,-0.12585920
FF5,6,-0.02125786
FF5,6,-0.03810596
FF5,6,-0.01532992
FF5,6,-0.05739785
FF5,6,-0.09168228
FF5,6,-0.07504750
FF5,6,0.17022887
FF5,6,-0.03499219
FF5,6,-0.07743468
FF5,6,-0.04570256
FF5,6,-0.09201485
FF5,6,-0.04603338
FF5,6,-0.07095964
FF5,6,0.05814959
FF5,6,-0.01693760
FF5,6,0.04852771
FF5,6,0.02248358
FF5,6,-0.03319555
FF5,6,-0.05927544
FF5,6,-0.09841094
FF5,6,-0.12817964
FF5,6,-0.04910900
FF5,6,-0.00289272
FF5,6,0.01944625
FF5,6,-0.03477949
FF5,6,-0.01062072
FF5,6,0.11257456
FF5,6,-0.00351243
FF5,6,0.03494503
FF5,6,-0.01265239
FF5,6,-0.01970510
FF5,6,0.11688666
FF5,6,0.32841491
FF5,6,-0.01275612
FF5,6,0.03151704
FF5,6,-0.05469025
FF5,6,-0.02306972
FF5,6,-0.02278691
FF5,6,0.01607955
FF5,6,0.00447715
FF5,6,-0.12766533
FF5,6,-0.04607013
FF5,6,0.07857630
FF5,6,-0.05219947
FF5,6,-0.01694215
FF5,6,-0.03874372
FF5,6,-0.05172179
FF5,6,-0.06472318
FF5,6,-0.04129112
FF5,6,-0.05564136
FF5,6,0.09972143
FF5,6,0.02595385
FF5,6,-0.04765818
FF5,6,0.14833697
FF5,6,0.07412027
FF5,6,0.00907177
FF5,6,-0.01428350
FF5,6,-0.01468368
FF5,6,-0.10868697
FF5,6,-0.01092890
FF5,6,-0.06201368
FF5,6,-0.03353488
FF5,6,-0.02827392
FF5,6,-0.04614983
FF5,6,-0.02576123
FF5,6,0.02153917
FF5,6,-0.00855518
FF5,6,0.00008949
FF5,6,0.10481957
FF5,6,0.02592814
FF5,6,-0.01019725
FF5,6,-0.07462858
FF5,6,-0.04387894
FF5,6,0.00326698
FF5,6,-0.00445995
FF5,6,0.20542707
FF5,6,-0.01794280
FF5,6,-0.00487249
FF5,6,0.03718279
FF5,6,-0.00236503
FF5,6,-0.01870786
FF5,6,0.02438411
FF5,6,0.00604179
FF5,6,0.08622022
FF5,6,0.11472972
FF5,6,-0.10392291
FF5,6,-0.05320816
FF5,6,0.05965418
FF5,6,-0.03069399
FF5,6,0.03773964
FF5,6,-0.00715505
FF5,6,0.05632564
FF5,6,-0.08342908
FF5,6,0.01143745
FF5,6,-0.00963300
FF5,6,-0.05314455
FF5,6,-0.05954703
FF5,6,-0.02195010
FF5,6,-0.01947905
FF5,6,0.01386562
FF5,6,-0.01106642
FF5,6,-0.11453326
FF5,6,-0.06971577
FF5,6,-0.05202267
FF5,6,-0.02215014
FF5,6,-0.04465167
FF5,6,-0.00775691
FF5,6,0.02636094
FF5,6,0.00299726
FF5,6,0.05369360
FF5,6,-0.13621144
FF5,6,-0.02203989
FF5,6,-0.06397024
FF5,6,0.12016055
FF5,6,-0.03953594
FF5,6,-0.01079974
FF5,6,-0.03510289
FF5,6,0.01488094
FF5,6,-0.03835747
FF5,6,-0.01195960
FF5,6,-0.09366469
FF5,6,-0.01157235
FF5,6,-0.00310148
FF5,6,-0.07562488
FF5,6,-0.01480663
FF5,6,0.01787810
FF5,6,-0.02871765
FF5,6,-0.10829763
FF5,6,0.12074699
FF5,6,0.06744645
FF5,6,-0.06421510
FF5,6,-0.01838264
FF5,6,-0.05616978
FF5,6,0.03048457
FF5,6,0.17116391
FF5,6,-0.03410018
FF5,6,-0.04432585
FF5,6,-0.04165936
FF5,6,-0.04275590
FF5,6,-0.05571362
FF5,6,0.00724466
FF5,6,-0.00748968
FF5,6,-0.10304322
FF5,6,0.03661316
FF5,6,0.31226246
FF5,6,-0.03567222
FF5,6,-0.10780033
FF5,6,-0.08309538
FF5,6,0.01873387
FF5,6,0.19160382
FF5,6,-0.01372891
FF5,6,-0.01016964
FF5,6,0.02627319
FF5,6,-0.02226717
FF5,6,-0.05596606
FF5,6,-0.00450718
FF5,6,-0.02141736
FF5,6,0.20170947
FF5,6,0.08768646
FF5,6,-0.03918045
FF5,6,-0.04012122
FF5,6,-0.07195104
FF5,6,-0.06506772
FF5,6,-0.07423658
FF5,6,-0.00417082
FF5,6,0.03002780
FF5,6,-0.01499998
FF5,6,-0.00671734
FF5,6,-0.04765790
FF5,6,-0.04331145
FF5,6,0.01348462
FF5,6,0.10568449
FF5,6,-0.01772886
FF5,6,0.03316056
FF5,6,-0.12705021
FF5,6,0.03880963
FF5,6,-0.00306756
FF5,6,-0.06093646
FF5,6,0.04151483
FF5,6,0.01097212
FF5,6,-0.00824883
FF5,6,0.00016010
FF5,6,-0.00548223
FF5,6,-0.04787259
FF5,6,0.04032886
FF5,6,-0.04681534
FF5,6,-0.03381873
FF5,6,-0.09915073
FF5,6,-0.07218255
FF5,6,-0.00826055
FF5,6,-0.03785659
FF5,6,-0.00466770
FF5,6,0.08528419
FF5,6,-0.03848190
FF5,6,0.06296079
FF5,6,-0.04569276
FF5,6,0.01542067
FF5,6,-0.00071283
FF5,6,-0.10476213
FF5,6,-0.04223027
FF5,6,-0.11514330
FF5,6,-0.06108351
FF5,6,-0.01848998
FF5,6,0.01524557
FF5,6,-0.04957057
FF5,6,0.03859229
FF5,6,-0.01621119
FF5,6,0.01541912
FF5,6,-0.04894699
FF5,6,0.00449390
FF5,6,-0.07397699
FF5,6,0.06403918
FF5,6,-0.01727838
FF5,6,0.05381951
FF5,6,-0.00385991
FF5,6,0.04286788
FF5,6,-0.00429822
FF5,6,-0.10749877
FF5,6,-0.00543295
FF5,6,-0.00737710
FF5,6,-0.04647929
FF5,6,-0.02870642
FF5,6,0.01899915
FF5,6,0.02378349
FF5,6,-0.00221952
FF5,6,0.07840297
FF5,6,-0.07559201
FF5,6,-0.00413975
FF5,6,0.25392030
FF5,6,-0.04992130
FF5,6,0.00773254
FF5,6,-0.07968848
FF5,6,-0.03159225
FF5,6,-0.03260145
FF5,6,-0.06002662
FF5,6,0.07836466
FF5,6,-0.06787707
FF5,6,-0.00583697
FF5,6,-0.01005844
FF5,6,-0.00975897
FF5,6,-0.09804173
FF5,6,0.03442429
FF5,6,-0.01124950
FF5,6,0.04770340
FF5,6,0.10935200
FF5,6,-0.05520514
FF5,6,-0.03695508
FF5,6,0.07465015
FF5,6,-0.00755855
FF5,6,-0.01692854
FF5,6,-0.00838648
FF5,6,-0.03680143
FF5,6,0.00310882
FF5,6,-0.03485297
FF5,6,-0.12782582
FF5,6,-0.02364140
FF5,6,-0.08879448
FF5,6,0.01354740
FF5,6,-0.04898396
FF5,6,-0.04242491
FF5,6,-0.17532782
FF5,6,-0.03074042
FF5,6,-0.00489101
FF5,6,0.28559160
FF5,6,0.01347715
FF5,6,0.12402961
FF5,6,-0.00112228
FF5,6,-0.03639189
FF5,6,0.01177052
FF5,6,0.02309383
FF5,6,-0.08199367
FF5,6,-0.03018405
FF5,6,-0.08031235
FF5,6,-0.05811207
FF5,6,-0.02883056
FF5,6,0.23295662
FF5,6,0.15325492
FF5,6,-0.00937887
FF5,6,-0.00810520
FF5,6,-0.03950971
FF5,6,-0.04602461
FF5,6,-0.10881450
FF5,6,-0.01659379
FF5,6,-0.02094038
FF5,6,0.00831344
FF5,6,0.07493406
FF5,6,0.00532442
FF5,6,-0.01964222
FF5,6,-0.02879144
FF5,6,-0.01027852
FF5,6,-0.09223620
FF5,6,0.02320805
FF5,6,0.08426227
FF5,6,-0.05976674
FF5,6,-0.03585032
FF5,6,-0.02223144
FF5,6,0.00193149
FF5,6,0.03221816
FF5,6,-0.03036335
FF5,6,-0.03115099
FF5,6,-0.04897208
FF5,6,0.20121153
FF5,6,-0.02347768
FF5,6,-0.05949531
FF5,6,0.12011839
FF5,6,-0.07317188
FF5,6,-0.04603823
FF5,6,0.01632324
FF5,6,-0.01753997
FF5,6,-0.00060254
FF5,6,-0.01981515
FF5,6,-0.00514811
FF5,6,-0.09316227
FF5,6,-0.05471540
FF5,6,-0.05811192
FF5,6,0.05369789
FF5,6,-0.03752512
FF5,6,-0.03885483
FF5,6,-0.04999443
FF5,6,-0.06596204
FF5,6,-0.00071904
FF5,6,-0.01298812
FF5,6,0.00397780
FF5,6,-0.06240945
FF5,6,0.01399771
FF5,6,0.04071675
FF5,6,-0.03050870
FF5,6,0.00449336
FF5,6,-0.05883397
FF5,6,-0.03040078
FF5,6,-0.02738254
FF5,6,0.12403301
FF5,6,0.00403430
FF5,6,0.01173582
FF5,6,-0.02395764
FF5,6,-0.09010966
FF5,6,-0.09226733
FF5,6,0.00272544
FF5,6,-0.01331575
FF5,6,-0.00708824
FF5,6,0.01306099
FF5,6,0.03956402
FF5,6,-0.09676635
FF5,6,-0.01706895
FF5,6,0.02632190
FF5,6,-0.04779343
FF5,6,0.01899153
FF5,6,-0.05300533
FF5,6,-0.06235548
FF5,6,-0.05744920
FF5,6,0.14867174
FF5,6,0.11400076
FF5,6,-0.01573684
FF5,6,-0.04460307
FF5,6,0.04261318
FF5,6,-0.05522718
FF5,6,0.00798827
FF5,6,-0.06931239
FF5,6,-0.02414662
FF5,6,0.09360838
FF5,6,-0.06125911
FF5,6,-0.04959115
FF5,6,-0.01320366
FF5,6,0.03071850
FF5,6,-0.00345024
FF5,6,-0.17837861
FF5,6,-0.03245415
FF5,6,-0.05814632
FF5,6,-0.04276349
FF5,6,-0.07749752
FF5,6,-0.14691144
FF5,6,-0.07422553
FF5,6,-0.00275300
FF5,6,-0.10198619
FF5,6,-0.04929759
FF5,6,0.07332827
FF5,6,-0.01834836
FF5,6,-0.13328709
FF5,6,-0.00181959
FF5,6,0.05599593
FF5,6,0.00331051
FF5,6,0.13743818
FF5,6,-0.09436063
FF5,6,-0.08552957
FF5,6,-0.01308575
FF5,6,-0.12069618
FF5,6,-0.08034052
FF5,6,-0.00217684
FF5,6,-0.04546491
FF5,6,-0.12943989
FF5,6,0.14490624
FF5,6,-0.04511628
FF5,6,-0.06729520
FF5,6,-0.03632059
FF5,6,0.02962458
FF5,6,-0.02740189
FF5,6,-0.04614903
FF5,6,-0.00328301
FF5,6,-0.04903725
q-factor,1,-0.02798122
q-factor,1,0.00972221
q-factor,1,-0.01287473
q-factor,1,-0.02637652
q-factor,1,-0.02375358
q-factor,1,-0.01585908
q-factor,1,-0.06422367
q-factor,1,0.03358545
q-factor,1,0.04120787
q-factor,1,-0.05187585
q-factor,1,-0.05144510
q-factor,1,-0.01317257
q-factor,1,0.02100276
q-factor,1,-0.00880851
q-factor,1,0.00994826
q-factor,1,-0.01356335
q-factor,1,-0.00969588
q-factor,1,-0.00076371
q-factor,1,0.00857905
q-factor,1,0.04536463
q-factor,1,-0.02954931
q-factor,1,-0.09696428
q-factor,1,-0.04724235
q-factor,1,-0.02683117
q-factor,1,0.02436248
q-factor,1,-0.02708498
q-factor,1,0.00233583
q-factor,1,-0.05635474
q-factor,1,0.01315392
q-factor,1,0.03380443
q-factor,1,-0.01680320
q-factor,1,0.09211996
q-factor,1,-0.01225161
q-factor,1,-0.02297916
q-factor,1,-0.00630602
q-factor,1,-0.08189725
q-factor,1,0.02875451
q-factor,1,0.01138997
q-factor,1,0.01849273
q-factor,1,0.08605891
q-factor,1,-0.03077415
q-factor,1,-0.03845570
q-factor,1,0.13611654
q-factor,1,0.04167448
q-factor,1,-0.02852421
q-factor,1,-0.04158275
q-factor,1,0.06016400
q-factor,1,0.12372811
q-factor,1,-0.01108258
q-factor,1,0.02697004
q-factor,1,0.03699581
q-factor,1,0.01848201
q-factor,1,-0.02897526
q-factor,1,0.00824308
q-factor,1,-0.03382573
q-factor,1,-0.00380419
q-factor,1,-0.00806546
q-factor,1,0.12469367
q-factor,1,-0.04779792
q-factor,1,0.11694238
q-factor,1,0.06342920
q-factor,1,0.23238330
q-factor,1,0.03655379
q-factor,1,-0.06487685
q-factor,1,-0.05269115
q-factor,1,-0.00716707
q-factor,1,0.07045892
q-factor,1,0.02989233
q-factor,1,0.06075037
q-factor,1,0.00109912
q-factor,1,-0.03581231
q-factor,1,0.00208206
q-factor,1,-0.01198977
q-factor,1,0.01666318
q-factor,1,-0.06368323
q-factor,1,-0.09757657
q-factor,1,-0.01429340
q-factor,1,-0.05592969
q-factor,1,0.00121146
q-factor,1,0.08526879
q-factor,1,-0.05720070
q-factor,1,0.01439825
q-factor,1,-0.05241984
q-factor,1,-0.04701686
q-factor,1,0.11298784
q-factor,1,-0.03326445
q-factor,1,0.02450530
q-factor,1,-0.01212054
q-factor,1,0.03081449
q-factor,1,0.04757600
q-factor,1,-0.02087853
q-factor,1,-0.00469699
q-factor,1,-0.02007098
q-factor,1,-0.01361918
q-factor,1,-0.03383463
q-factor,1,0.03442160
q-factor,1,0.02417653
q-factor,1,-0.02641551
q-factor,1,0.03280886
q-factor,1,-0.03221643
q-factor,1,-0.06795679
q-factor,1,-0.09340854
q-factor,1,-0.01526858
q-factor,1,0.01531042
q-factor,1,-0.03456425
q-factor,1,0.06549466
q-factor,1,0.03993868
q-factor,1,-0.05485976
q-factor,1,-0.03033839
q-factor,1,0.04112103
q-factor,1,0.05270707
q-factor,1,-0.01097256
q-factor,1,0.17984975
q-factor,1,0.05054467
q-factor,1,-0.09390646
q-factor,1,0.04269767
q-factor,1,-0.01133615
q-factor,1,-0.13883827
q-factor,1,0.05140134
q-factor,1,0.04732344
q-factor,1,0.03069643
q-factor,1,0.06965087
q-factor,1,-0.01655072
q-factor,1,-0.02575325
q-factor,1,-0.07788347
q-factor,1,-0.05302755
q-factor,1,0.01705623
q-factor,1,-0.00742296
q-factor,1,0.01569199
q-factor,1,-0.02976814
q-factor,1,-0.01663773
q-factor,1,0.00960204
q-factor,1,0.01874875
q-factor,1,-0.05177294
q-factor,1,-0.04737155
q-factor,1,-0.03687506
q-factor,1,-0.09633565
q-factor,1,-0.16009802
q-factor,1,-0.09016628
q-factor,1,-0.04817291
q-factor,1,-0.06827719
q-factor,1,-0.05459298
q-factor,1,-0.01047070
q-factor,1,0.03166338
q-factor,1,0.13588661
q-factor,1,0.06051997
q-factor,1,0.01188439
q-factor,1,0.02139283
q-factor,1,0.05761401
q-factor,1,-0.05141165
q-factor,1,0.08510029
q-factor,1,-0.04415235
q-factor,1,0.03155711
q-factor,1,0.00423308
q-factor,1,0.01247519
q-factor,1,-0.03759926
q-factor,1,-0.00949156
q-factor,1,0.16591440
q-factor,1,0.03491118
q-factor,1,0.04307477
q-factor,1,-0.00085611
q-factor,1,0.24161704
q-factor,1,0.03568279
q-factor,1,0.03385864
q-factor,1,0.04166877
q-factor,1,-0.06409507
q-factor,1,0.05031708
q-factor,1,-0.01128368
q-factor,1,0.10007440
q-factor,1,0.02896645
q-factor,1,-0.00195138
q-factor,1,-0.00864358
q-factor,1,0.02206809
q-factor,1,-0.01622345
q-factor,1,-0.03168533
q-factor,1,0.07866680
q-factor,1,0.13573034
q-factor,1,0.11251119
q-factor,1,-0.02710778
q-factor,1,0.06883492
q-factor,1,0.00139018
q-factor,1,0.00588312
q-factor,1,-0.03256350
q-factor,1,-0.04789498
q-factor,1,0.03956971
q-factor,1,-0.10199167
q-factor,1,-0.03700987
q-factor,1,-0.02700438
q-factor,1,0.01385835
q-factor,1,-0.06733405
q-factor,1,-0.04517404
q-factor,1,0.01738627
q-factor,1,-0.01382191
q-factor,1,0.02524323
q-factor,1,-0.01704580
q-factor,1,-0.03680968
q-factor,1,0.00159924
q-factor,1,0.03058556
q-factor,1,0.04588086
q-factor,1,-0.07621200
q-factor,1,-0.02639706
q-factor,1,0.16034467
q-factor,1,-0.05215817
q-factor,1,0.01431192
q-factor,1,0.07180027
q-factor,1,-0.02495754
q-factor,1,-0.02124712
q-factor,1,0.00034913
q-factor,1,0.18673474
q-factor,1,-0.04058053
q-factor,1,0.01824174
q-factor,1,-0.08070315
q-factor,1,-0.00008263
q-factor,1,-0.04292312
q-factor,1,0.02643215
q-factor,1,-0.01675564
q-factor,1,-0.01467825
q-factor,1,0.31517158
q-factor,1,-0.03179611
q-factor,1,-0.04749856
q-factor,1,0.00697419
q-factor,1,0.00055030
q-factor,1,-0.01039429
q-factor,1,-0.04161811
q-factor,1,0.02437163
q-factor,1,-0.03056702
q-factor,1,0.08825554
q-factor,1,-0.02182463
q-factor,1,-0.03835874
q-factor,1,-0.05452776
q-factor,1,0.03088655
q-factor,1,-0.02658308
q-factor,1,-0.00719158
q-factor,1,0.01807404
q-factor,1,0.03926196
q-factor,1,-0.00961732
q-factor,1,0.02121789
q-factor,1,0.06618534
q-factor,1,0.15694156
q-factor,1,0.08197185
q-factor,1,-0.02980778
q-factor,1,-0.01351714
q-factor,1,-0.05060889
q-factor,1,0.00163285
q-factor,1,0.01092958
q-factor,1,0.15369861
q-factor,1,-0.07515532
q-factor,1,-0.03540922
q-factor,1,-0.05331906
q-factor,1,-0.01147199
q-factor,1,0.05721932
q-factor,1,0.04366820
q-factor,1,-0.03792254
q-factor,1,0.02637286
q-factor,1,-0.02549879
q-factor,1,-0.01875276
q-factor,1,-0.04029536
q-factor,1,-0.02342328
q-factor,1,0.05051666
q-factor,1,0.00614356
q-factor,1,-0.02349250
q-factor,1,-0.04263030
q-factor,1,-0.03495455
q-factor,1,0.03196284
q-factor,1,0.03583796
q-factor,1,-0.02420157
q-factor,1,0.01039279
q-factor,1,-0.01899361
q-factor,1,-0.01038596
q-factor,1,-0.02672497
q-factor,1,-0.03199519
q-factor,1,0.04039070
q-factor,1,0.02851349
q-factor,1,-0.03037409
q-factor,1,-0.00826112
q-factor,1,-0.01792063
q-factor,1,0.01070565
q-factor,1,-0.07136116
q-factor,1,-0.01920964
q-factor,1,0.09438369
q-factor,1,-0.05908310
q-factor,1,0.01466399
q-factor,1,0.01854004
q-factor,1,0.05290307
q-factor,1,-0.06839530
q-factor,1,-0.06397022
q-factor,1,0.01672645
q-factor,1,-0.00811770
q-factor,1,-0.05709105
q-factor,1,0.00248751
q-factor,1,-0.06557927
q-factor,1,-0.04842742
q-factor,1,-0.04465628
q-factor,1,-0.04893258
q-factor,1,-0.03567007
q-factor,2,0.01954347
q-factor,2,0.08047519
q-factor,2,-0.01906717
q-factor,2,-0.00189098
q-factor,2,-0.02260800
q-factor,2,0.05671593
q-factor,2,0.01602129
q-factor,2,0.00288920
q-factor,2,0.11181068
q-factor,2,0.09249395
q-factor,2,0.11338367
q-factor,2,-0.01721295
q-factor,2,0.11211478
q-factor,2,0.01271527
q-factor,2,0.00777954
q-factor,2,0.07600250
q-factor,2,0.01524438
q-factor,2,-0.03698018
q-factor,2,-0.00284220
q-factor,2,-0.02524460
q-factor,2,0.07185351
q-factor,2,-0.05140870
q-factor,2,-0.01635146
q-factor,2,-0.01370546
q-factor,2,-0.01499650
q-factor,2,0.03150856
q-factor,2,0.17026324
q-factor,2,0.08150293
q-factor,2,0.00089247
q-factor,2,0.21695994
q-factor,2,0.02621854
q-factor,2,-0.05199843
q-factor,2,-0.05928730
q-factor,2,-0.03192052
q-factor,2,0.04038452
q-factor,2,0.07501557
q-factor,2,-0.00409758
q-factor,2,0.08190385
q-factor,2,-0.00145203
q-factor,2,0.00260718
q-factor,2,0.09332310
q-factor,2,0.04776416
q-factor,2,-0.07066325
q-factor,2,0.07222223
q-factor,2,-0.04832835
q-factor,2,0.01066475
q-factor,2,0.00584394
q-factor,2,-0.01500120
q-factor,2,0.00624437
q-factor,2,0.08120355
q-factor,2,0.01979224
q-factor,2,0.01014619
q-factor,2,0.01660342
q-factor,2,-0.03966767
q-factor,2,-0.02432147
q-factor,2,-0.04515149
q-factor,2,0.05012533
q-factor,2,-0.03169700
q-factor,2,0.00978452
q-factor,2,0.06299832
q-factor,2,0.04395264
q-factor,2,0.02629627
q-factor,2,-0.00743082
q-factor,2,-0.02745121
q-factor,2,-0.01773496
q-factor,2,0.02868622
q-factor,2,0.00431326
q-factor,2,0.03213983
q-factor,2,-0.03391065
q-factor,2,0.01584120
q-factor,2,-0.02767708
q-factor,2,0.13959727
q-factor,2,-0.02401615
q-factor,2,0.03565065
q-factor,2,0.03837329
q-factor,2,-0.01345789
q-factor,2,0.04427343
q-factor,2,-0.00370211
q-factor,2,0.03140312
q-factor,2,0.04096648
q-factor,2,-0.02663902
q-factor,2,-0.02590162
q-factor,2,0.00410903
q-factor,2,-0.01534167
q-factor,2,0.01076797
q-factor,2,0.05144826
q-factor,2,-0.05115226
q-factor,2,0.03108595
q-factor,2,0.06253677
q-factor,2,-0.05163277
q-factor,2,-0.00630586
q-factor,2,-0.00961998
q-factor,2,0.00936977
q-factor,2,-0.02236424
q-factor,2,0.01315969
q-factor,2,-0.03398379
q-factor,2,0.04884417
q-factor,2,-0.05849148
q-factor,2,0.00345459
q-factor,2,0.09142831
q-factor,2,-0.04183361
q-factor,2,0.00934294
q-factor,2,0.00884169
q-factor,2,0.06164039
q-factor,2,0.00147775
q-factor,2,0.03166444
q-factor,2,0.00046477
q-factor,2,0.04582400
q-factor,2,0.08331566
q-factor,2,0.00380119
q-factor,2,0.01123388
q-factor,2,0.05653756
q-factor,2,-0.00803107
q-factor,2,-0.04194569
q-factor,2,-0.00022595
q-factor,2,0.00982418
q-factor,2,0.01097306
q-factor,2,0.04820228
q-factor,2,-0.05346556
q-factor,2,0.07089035
q-factor,2,0.02363859
q-factor,2,-0.00756767
q-factor,2,0.09302648
q-factor,2,0.11235221
q-factor,2,0.00368444
q-factor,2,0.00075708
q-factor,2,-0.02508467
q-factor,2,-0.10104151
q-factor,2,0.00657348
q-factor,2,0.03688046
q-factor,2,0.01371144
q-factor,2,-0.01338989
q-factor,2,0.03238936
q-factor,2,-0.04230738
q-factor,2,0.03353891
q-factor,2,-0.01221830
q-factor,2,-0.05890111
q-factor,2,0.01102725
q-factor,2,0.00618829
q-factor,2,-0.03942039
q-factor,2,0.08448133
q-factor,2,0.02650986
q-factor,2,0.00810385
q-factor,2,0.06234240
q-factor,2,0.01868953
q-factor,2,0.02361467
q-factor,2,-0.04916388
q-factor,2,0.06404207
q-factor,2,-0.00541581
q-factor,2,0.01074094
q-factor,2,0.06648121
q-factor,2,-0.02049189
q-factor,2,0.07445926
q-factor,2,0.12182717
q-factor,2,0.03748476
q-factor,2,-0.02079932
q-factor,2,0.15698300
q-factor,2,-0.01397435
q-factor,2,-0.06251194
q-factor,2,-0.02032029
q-factor,2,-0.04720037
q-factor,2,-0.01363257
q-factor,2,0.01727816
q-factor,2,0.11491983
q-factor,2,0.02585800
q-factor,2,-0.06727262
q-factor,2,-0.09780035
q-factor,2,0.05419572
q-factor,2,-0.06522851
q-factor,2,0.11632166
q-factor,2,-0.00639144
q-factor,2,-0.02662304
q-factor,2,-0.02142519
q-factor,2,-0.01939527
q-factor,2,0.11070784
q-factor,2,-0.04246129
q-factor,2,0.06266796
q-factor,2,0.01886232
q-factor,2,-0.08047204
q-factor,2,0.05306623
q-factor,2,-0.04154007
q-factor,2,-0.01921778
q-factor,2,-0.00707287
q-factor,2,0.04595294
q-factor,2,-0.06490770
q-factor,2,-0.01158274
q-factor,2,0.15470900
q-factor,2,0.06357707
q-factor,2,0.00028848
q-factor,2,0.07607965
q-factor,2,-0.04087838
q-factor,2,0.11432801
q-factor,2,0.08178296
q-factor,2,-0.03642651
q-factor,2,-0.04787496
q-factor,2,0.01259663
q-factor,2,-0.00131494
q-factor,2,0.05995277
q-factor,2,0.09760986
q-factor,2,-0.00999350
q-factor,2,0.06062749
q-factor,2,0.00778339
q-factor,2,0.00802182
q-factor,2,-0.01851794
q-factor,2,-0.00537796
q-factor,2,0.03454629
q-factor,2,0.00046985
q-factor,2,0.04856725
q-factor,2,-0.05638252
q-factor,2,0.00136634
q-factor,2,0.01339469
q-factor,2,0.01902426
q-factor,2,-0.04387858
q-factor,2,0.02859430
q-factor,2,0.03525028
q-factor,2,0.01125139
q-factor,2,-0.04094040
q-factor,2,-0.05904289
q-factor,2,0.02255854
q-factor,2,-0.02435590
q-factor,2,-0.04836087
q-factor,2,0.03852727
q-factor,2,0.12211608
q-factor,2,-0.00843191
q-factor,2,0.03043485
q-factor,2,-0.02889360
q-factor,2,0.07042643
q-factor,2,0.07187882
q-factor,2,0.04891726
q-factor,2,-0.02274568
q-factor,2,-0.07388189
q-factor,2,-0.00347930
q-factor,2,0.07953493
q-factor,2,0.01051118
q-factor,2,0.03724455
q-factor,2,0.08486272
q-factor,2,0.02747457
q-factor,2,-0.01686702
q-factor,2,-0.02250101
q-factor,2,0.03584023
q-factor,2,-0.00513634
q-factor,2,0.03906820
q-factor,2,0.01038926
q-factor,2,0.03378642
q-factor,2,0.10774062
q-factor,2,-0.01491173
q-factor,2,0.00231281
q-factor,2,-0.00071586
q-factor,2,0.04860486
q-factor,2,0.18583734
q-factor,2,0.03730649
q-factor,2,0.01421326
q-factor,2,0.06808356
q-factor,2,0.00636598
q-factor,2,0.01271176
q-factor,2,0.00198900
q-factor,2,0.03698562
q-factor,2,0.04054416
q-factor,2,0.04816501
q-factor,2,0.04018065
q-factor,2,0.00761198
q-factor,2,-0.03425610
q-factor,2,-0.01212851
q-factor,2,0.02453350
q-factor,2,0.13587705
q-factor,2,-0.00049179
q-factor,2,-0.00795171
q-factor,2,-0.08111171
q-factor,2,0.05932595
q-factor,2,0.06190367
q-factor,2,0.00255433
q-factor,2,0.05659168
q-factor,2,0.05834173
q-factor,2,0.07283641
q-factor,2,0.05424497
q-factor,2,-0.00297985
q-factor,2,-0.00647920
q-factor,2,0.03939690
q-factor,2,0.02197409
q-factor,2,-0.03935224
q-factor,2,0.04288592
q-factor,2,0.04539928
q-factor,2,-0.03375269
q-factor,2,0.15958710
q-factor,2,0.08769683
q-factor,2,-0.03033120
q-factor,2,-0.10877586
q-factor,2,-0.01395385
q-factor,2,-0.05867513
q-factor,2,-0.01109971
q-factor,2,-0.00423258
q-factor,2,-0.01878827
q-factor,2,0.00667363
q-factor,2,0.03988470
q-factor,2,0.04736731
q-factor,2,0.01827008
q-factor,2,-0.00404566
q-factor,2,0.02572923
q-factor,2,-0.00387764
q-factor,2,-0.04095157
q-factor,2,0.00317473
q-factor,2,0.10341933
q-factor,2,0.01945257
q-factor,2,0.00033109
q-factor,2,-0.01942571
q-factor,2,0.01626971
q-factor,2,0.04039260
q-factor,2,0.07441226
q-factor,2,0.02510605
q-factor,2,0.01748729
q-factor,2,-0.09161828
q-factor,2,0.04729159
q-factor,2,0.03433681
q-factor,2,0.01706806
q-factor,2,0.00785732
q-factor,2,0.01860687
q-factor,2,0.05103108
q-factor,2,0.08078763
q-factor,2,0.02526580
q-factor,2,-0.04308473
q-factor,2,0.09132140
q-factor,2,0.14754470
q-factor,2,-0.00160124
q-factor,2,0.00578646
q-factor,2,-0.02872233
q-factor,2,0.03023482
q-factor,2,0.01572592
q-factor,2,0.00615528
q-factor,2,-0.02934368
q-factor,2,-0.00128166
q-factor,2,-0.01186647
q-factor,2,-0.00048369
q-factor,2,-0.00526384
q-factor,2,0.03130939
q-factor,2,-0.03257378
q-factor,2,0.02613871
q-factor,2,-0.00371409
q-factor,2,0.10280894
q-factor,2,-0.02971707
q-factor,2,-0.04762090
q-factor,2,-0.01216342
q-factor,3,0.03318224
q-factor,3,0.02801405
q-factor,3,0.15800533
q-factor,3,0.03948201
q-factor,3,0.03045831
q-factor,3,0.05894203
q-factor,3,0.06805045
q-factor,3,0.08788936
q-factor,3,0.00758708
q-factor,3,0.03961025
q-factor,3,0.09627337
q-factor,3,-0.00395001
q-factor,3,0.05526776
q-factor,3,0.02892486
q-factor,3,0.08736552
q-factor,3,-0.01963658
q-factor,3,0.02183518
q-factor,3,0.03708792
q-factor,3,0.01589934
q-factor,3,0.06006342
q-factor,3,0.01432000
q-factor,3,0.00080288
q-factor,3,0.00737600
q-factor,3,0.05454428
q-factor,3,0.00967335
q-factor,3,0.05800668
q-factor,3,0.00446698
q-factor,3,-0.09712782
q-factor,3,0.06161663
q-factor,3,0.05956664
q-factor,3,0.03146407
q-factor,3,0.00758329
q-factor,3,0.00312781
q-factor,3,0.02967505
q-factor,3,0.02778405
q-factor,3,0.03368316
q-factor,3,0.02519267
q-factor,3,0.05566819
q-factor,3,0.05962798
q-factor,3,0.03591191
q-factor,3,0.02467065
q-factor,3,-0.02471353
q-factor,3,0.00349928
q-factor,3,-0.01899936
q-factor,3,0.04639056
q-factor,3,-0.03449415
q-factor,3,0.09239041
q-factor,3,0.08062191
q-factor,3,0.15085000
q-factor,3,0.03995481
q-factor,3,0.03449202
q-factor,3,0.05571678
q-factor,3,0.07135237
q-factor,3,0.06835436
q-factor,3,-0.02391009
q-factor,3,0.01333332
q-factor,3,-0.00404565
q-factor,3,0.09007761
q-factor,3,0.03296830
q-factor,3,0.04640741
q-factor,3,-0.02586975
q-factor,3,0.00364363
q-factor,3,0.16439767
q-factor,3,0.00653696
q-factor,3,0.00866954
q-factor,3,-0.02080659
q-factor,3,0.03785156
q-factor,3,0.07466678
q-factor,3,0.07247100
q-factor,3,0.05970743
q-factor,3,0.06497832
q-factor,3,0.05764371
q-factor,3,0.09381467
q-factor,3,0.00195205
q-factor,3,0.01478994
q-factor,3,0.08887764
q-factor,3,0.01356486
q-factor,3,0.04165104
q-factor,3,0.05357090
q-factor,3,0.06646916
q-factor,3,0.01488681
q-factor,3,0.05597606
q-factor,3,0.07111939
q-factor,3,0.06140315
q-factor,3,0.20912330
q-factor,3,0.03522196
q-factor,3,0.05974348
q-factor,3,0.05978563
q-factor,3,0.02309101
q-factor,3,-0.01514127
q-factor,3,0.01029018
q-factor,3,-0.05578823
q-factor,3,-0.01195474
q-factor,3,0.12396479
q-factor,3,0.02935453
q-factor,3,0.02023874
q-factor,3,0.01775888
q-factor,3,0.06680087
q-factor,3,0.09539984
q-factor,3,0.03169291
q-factor,3,0.04996374
q-factor,3,0.00778727
q-factor,3,0.04289888
q-factor,3,0.07937276
q-factor,3,0.05042172
q-factor,3,0.00511803
q-factor,3,0.05778579
q-factor,3,0.02208052
q-factor,3,0.08292293
q-factor,3,0.00306027
q-factor,3,0.05122231
q-factor,3,0.04710631
q-factor,3,-0.06372724
q-factor,3,0.00048521
q-factor,3,-0.01430893
q-factor,3,0.10644487
q-factor,3,0.08007116
q-factor,3,0.01662418
q-factor,3,0.10118269
q-factor,3,0.05897021
q-factor,3,0.02293050
q-factor,3,0.02220135
q-factor,3,0.10299866
q-factor,3,0.02764248
q-factor,3,0.10309621
q-factor,3,0.00263855
q-factor,3,0.01816790
q-factor,3,0.06400550
q-factor,3,0.03145722
q-factor,3,0.04414079
q-factor,3,0.04132097
q-factor,3,0.01019169
q-factor,3,0.03967149
q-factor,3,0.04376092
q-factor,3,0.04301058
q-factor,3,0.09364435
q-factor,3,-0.01922921
q-factor,3,-0.02305563
q-factor,3,-0.03149538
q-factor,3,0.05610196
q-factor,3,0.04539996
q-factor,3,0.03530314
q-factor,3,0.00400765
q-factor,3,0.08315912
q-factor,3,-0.03079043
q-factor,3,0.05668902
q-factor,3,0.20139473
q-factor,3,0.04342370
q-factor,3,0.05986222
q-factor,3,0.10663142
q-factor,3,0.06492228
q-factor,3,0.02322617
q-factor,3,0.01279909
q-factor,3,0.01937210
q-factor,3,0.01529236
q-factor,3,0.07258611
q-factor,3,0.12275684
q-factor,3,0.04862004
q-factor,3,-0.02538730
q-factor,3,0.01073658
q-factor,3,0.04281903
q-factor,3,0.04457853
q-factor,3,0.00897971
q-factor,3,0.10755924
q-factor,3,0.09756169
q-factor,3,0.06066374
q-factor,3,0.16671171
q-factor,3,0.01032869
q-factor,3,0.04447435
q-factor,3,0.02270848
q-factor,3,0.00319827
q-factor,3,0.00645942
q-factor,3,0.22786527
q-factor,3,0.05821101
q-factor,3,0.08218962
q-factor,3,0.03846048
q-factor,3,0.02351977
q-factor,3,0.02589372
q-factor,3,0.00968059
q-factor,3,0.00120064
q-factor,3,0.07194150
q-factor,3,0.06787056
q-factor,3,0.01055325
q-factor,3,0.05205476
q-factor,3,0.00787827
q-factor,3,0.07566797
q-factor,3,-0.00631312
q-factor,3,-0.01316508
q-factor,3,-0.00436376
q-factor,3,-0.01143173
q-factor,3,0.00797623
q-factor,3,0.04319069
q-factor,3,-0.01330815
q-factor,3,-0.00316258
q-factor,3,0.09535040
q-factor,3,0.07052902
q-factor,3,0.04433959
q-factor,3,0.04148452
q-factor,3,0.02193700
q-factor,3,0.09126215
q-factor,3,0.12516748
q-factor,3,0.04138781
q-factor,3,0.02106725
q-factor,3,0.07836183
q-factor,3,0.00297999
q-factor,3,0.06247926
q-factor,3,0.01245155
q-factor,3,-0.00844408
q-factor,3,-0.01072736
q-factor,3,0.08500009
q-factor,3,-0.02085080
q-factor,3,0.03990995
q-factor,3,-0.00501151
q-factor,3,0.03100111
q-factor,3,0.16792900
q-factor,3,0.22285796
q-factor,3,0.02707637
q-factor,3,0.01642983
q-factor,3,0.02318137
q-factor,3,0.03230126
q-factor,3,-0.01926209
q-factor,3,0.01748453
q-factor,3,0.06352906
q-factor,3,0.00589461
q-factor,3,0.01354810
q-factor,3,0.00136754
q-factor,3,-0.00376987
q-factor,3,0.14292588
q-factor,3,0.05698590
q-factor,3,0.02162424
q-factor,3,0.00690807
q-factor,3,-0.01227877
q-factor,3,0.06873175
q-factor,3,-0.01988031
q-factor,3,0.04939570
q-factor,3,0.00961553
q-factor,3,0.10216665
q-factor,3,0.07229262
q-factor,3,0.02239387
q-factor,3,0.04977807
q-factor,3,-0.03967071
q-factor,3,0.03476121
q-factor,3,0.09144369
q-factor,3,0.09858788
q-factor,3,-0.08405501
q-factor,3,0.00387155
q-factor,3,0.04072948
q-factor,3,0.03433044
q-factor,3,0.01952636
q-factor,3,0.10631734
q-factor,3,-0.01375097
q-factor,3,0.00873957
q-factor,3,0.08967408
q-factor,3,-0.07694820
q-factor,3,0.08325394
q-factor,3,0.05048371
q-factor,3,0.03004871
q-factor,3,0.06261619
q-factor,3,0.05527456
q-factor,3,0.03060116
q-factor,3,-0.00550873
q-factor,3,-0.01960033
q-factor,3,0.09241873
q-factor,3,-0.00774295
q-factor,3,0.02941993
q-factor,3,0.04766451
q-factor,3,0.02583550
q-factor,3,-0.08495312
q-factor,3,0.01229783
q-factor,3,0.08970887
q-factor,3,0.09698506
q-factor,3,0.00549541
q-factor,3,-0.00813068
q-factor,3,-0.01112924
q-factor,3,0.05357708
q-factor,3,0.04367429
q-factor,3,0.03344143
q-factor,3,0.06311219
q-factor,3,0.00544825
q-factor,3,0.07445898
q-factor,3,0.11577889
q-factor,3,0.01411383
q-factor,3,0.07269558
q-factor,3,0.06085987
q-factor,3,0.00247742
q-factor,3,0.15399640
q-factor,3,0.00077807
q-factor,3,0.01965619
q-factor,3,0.04065183
q-factor,3,0.04282594
q-factor,3,0.02438099
q-factor,3,0.04359059
q-factor,3,0.10103722
q-factor,3,0.07256923
q-factor,3,-0.03538858
q-factor,3,0.12360905
q-factor,3,0.04635750
q-factor,3,0.11365963
q-factor,3,0.03952358
q-factor,3,0.03519982
q-factor,3,0.08114341
q-factor,3,0.01164105
q-factor,3,-0.02603635
q-factor,3,-0.02336491
q-factor,3,0.04149425
q-factor,3,0.00513070
q-factor,3,0.06757110
q-factor,3,0.01163169
q-factor,3,0.16252317
q-factor,3,0.04113604
q-factor,3,0.00889638
q-factor,3,0.08701804
q-factor,3,-0.00800246
q-factor,3,0.03893080
q-factor,3,0.02817904
q-factor,3,0.12309052
q-factor,3,0.04677248
q-factor,3,0.03452641
q-factor,3,0.01669594
q-factor,3,0.05024066
q-factor,3,0.10444922
q-factor,3,0.06321694
q-factor,3,0.07037949
q-factor,3,-0.00571346
q-factor,3,0.09021457
q-factor,3,0.02412995
q-factor,3,0.08498128
q-factor,3,0.04410774
q-factor,3,0.00661648
q-factor,3,0.06705373
q-factor,3,0.07133309
q-factor,3,0.09234511
q-factor,3,0.06037941
q-factor,3,-0.00562745
q-factor,3,0.05067671
q-factor,3,-0.04658643
q-factor,3,0.04926022
q-factor,3,0.08141995
q-factor,3,0.05677519
q-factor,3,0.05899273
q-factor,3,0.05977881
q-factor,3,0.05598205
q-factor,3,0.07100745
q-factor,3,-0.00168605
q-factor,3,0.02934539
q-factor,3,0.05210577
q-factor,3,0.08011709
q-factor,3,0.02237825
q-factor,3,0.05682969
q-factor,3,0.04179388
q-factor,3,0.00023557
q-factor,3,0.08624912
q-factor,3,0.20268834
q-factor,3,0.02376406
q-factor,3,0.06448499
q-factor,3,0.03818039
q-factor,3,0.10759376
q-factor,3,0.12014186
q-factor,3,0.01999668
q-factor,3,-0.00539661
q-factor,3,0.06212841
q-factor,3,0.03285464
q-factor,3,0.02334008
q-factor,3,0.13599829
q-factor,3,0.06050737
q-factor,4,-0.01036418
q-factor,4,-0.02964705
q-factor,4,0.05254985
q-factor,4,0.08686118
q-factor,4,-0.01992586
q-factor,4,0.06994474
q-factor,4,-0.10055868
q-factor,4,0.04038848
q-factor,4,-0.01629708
q-factor,4,0.11235246
q-factor,4,0.05233178
q-factor,4,0.01147139
q-factor,4,0.03712583
q-factor,4,-0.09932933
q-factor,4,0.10973190
q-factor,4,-0.00604517
q-factor,4,-0.00868355
q-factor,4,-0.03230046
q-factor,4,-0.04212097
q-factor,4,-0.01592469
q-factor,4,-0.02684558
q-factor,4,0.00074538
q-factor,4,-0.03406639
q-factor,4,-0.07549566
q-factor,4,0.00795058
q-factor,4,0.01468298
q-factor,4,-0.00618530
q-factor,4,0.03211763
q-factor,4,0.10454957
q-factor,4,-0.00899472
q-factor,4,0.00923888
q-factor,4,-0.00626593
q-factor,4,-0.00700659
q-factor,4,0.03507225
q-factor,4,0.04380762
q-factor,4,-0.05266163
q-factor,4,-0.02325100
q-factor,4,-0.01186150
q-factor,4,0.07563878
q-factor,4,0.03622580
q-factor,4,0.06210339
q-factor,4,0.01126510
q-factor,4,0.02136324
q-factor,4,0.01805480
q-factor,4,-0.08406137
q-factor,4,-0.05829391
q-factor,4,-0.03400837
q-factor,4,0.08767522
q-factor,4,0.18863197
q-factor,4,-0.01298753
q-factor,4,0.01516692
q-factor,4,0.09916732
q-factor,4,0.14895681
q-factor,4,0.01373557
q-factor,4,0.06906227
q-factor,4,-0.00442646
q-factor,4,-0.07719111
q-factor,4,-0.04676576
q-factor,4,0.02328484
q-factor,4,0.13720657
q-factor,4,0.08189866
q-factor,4,0.02930646
q-factor,4,-0.04823874
q-factor,4,-0.07581010
q-factor,4,-0.00850175
q-factor,4,-0.00071026
q-factor,4,0.00171626
q-factor,4,0.05148409
q-factor,4,0.02745219
q-factor,4,-0.04804393
q-factor,4,-0.01646188
q-factor,4,0.07300267
q-factor,4,-0.00668287
q-factor,4,0.14601223
q-factor,4,0.05180111
q-factor,4,-0.00592337
q-factor,4,0.01108039
q-factor,4,-0.04445763
q-factor,4,0.13983870
q-factor,4,0.04326370
q-factor,4,-0.00380487
q-factor,4,0.03958282
q-factor,4,0.00615061
q-factor,4,0.01138485
q-factor,4,-0.02748292
q-factor,4,-0.10796879
q-factor,4,-0.01491302
q-factor,4,-0.03882320
q-factor,4,0.04503170
q-factor,4,-0.08103301
q-factor,4,0.00667330
q-factor,4,0.00270007
q-factor,4,0.03576516
q-factor,4,-0.00732164
q-factor,4,0.12822830
q-factor,4,-0.02668214
q-factor,4,0.05753011
q-factor,4,-0.02192064
q-factor,4,-0.03320418
q-factor,4,-0.04090691
q-factor,4,-0.02520964
q-factor,4,0.06835541
q-factor,4,-0.04028323
q-factor,4,0.01137773
q-factor,4,0.00897420
q-factor,4,-0.01051531
q-factor,4,0.07330696
q-factor,4,0.03261880
q-factor,4,0.10790335
q-factor,4,0.06939041
q-factor,4,-0.00225468
q-factor,4,0.01925716
q-factor,4,-0.00903144
q-factor,4,0.00979547
q-factor,4,0.08315646
q-factor,4,-0.02438025
q-factor,4,-0.02881708
q-factor,4,-0.03764453
q-factor,4,-0.01757586
q-factor,4,0.00436797
q-factor,4,0.01936129
q-factor,4,0.07681347
q-factor,4,0.04356229
q-factor,4,-0.02501424
q-factor,4,-0.08486568
q-factor,4,0.07610347
q-factor,4,-0.10670710
q-factor,4,-0.01199238
q-factor,4,-0.05185279
q-factor,4,-0.03728568
q-factor,4,-0.03547224
q-factor,4,-0.03638837
q-factor,4,0.00962668
q-factor,4,-0.03266175
q-factor,4,0.07872253
q-factor,4,-0.10887213
q-factor,4,-0.03047519
q-factor,4,-0.10139747
q-factor,4,0.00389382
q-factor,4,0.16457292
q-factor,4,0.05300205
q-factor,4,0.02896630
q-factor,4,0.00283826
q-factor,4,-0.07275695
q-factor,4,-0.00824489
q-factor,4,-0.02979029
q-factor,4,-0.05509230
q-factor,4,0.01974243
q-factor,4,0.00927911
q-factor,4,0.14034172
q-factor,4,-0.03594874
q-factor,4,0.00775400
q-factor,4,0.04896444
q-factor,4,-0.00336230
q-factor,4,-0.04474822
q-factor,4,-0.02921996
q-factor,4,0.00095849
q-factor,4,0.13451651
q-factor,4,-0.07633844
q-factor,4,-0.00894322
q-factor,4,-0.03138447
q-factor,4,0.02208489
q-factor,4,0.00294673
q-factor,4,0.01021281
q-factor,4,0.01556840
q-factor,4,0.03790941
q-factor,4,-0.00830105
q-factor,4,0.03653172
q-factor,4,-0.00196614
q-factor,4,0.02563642
q-factor,4,-0.05446070
q-factor,4,-0.08248565
q-factor,4,0.00416373
q-factor,4,0.02758036
q-factor,4,0.02244493
q-factor,4,0.05426623
q-factor,4,0.08253528
q-factor,4,-0.01781412
q-factor,4,0.11762950
q-factor,4,0.03387493
q-factor,4,-0.01575774
q-factor,4,0.00350719
q-factor,4,0.03434728
q-factor,4,-0.05012378
q-factor,4,0.03672380
q-factor,4,-0.02394999
q-factor,4,-0.01451762
q-factor,4,-0.08490526
q-factor,4,-0.02755559
q-factor,4,-0.09783290
q-factor,4,-0.09392831
q-factor,4,-0.00304234
q-factor,4,-0.10243845
q-factor,4,-0.02470434
q-factor,4,0.01627310
q-factor,4,0.10726931
q-factor,4,0.10226508
q-factor,4,0.01436432
q-factor,4,0.02811766
q-factor,4,0.00945489
q-factor,4,0.14020531
q-factor,4,-0.04982056
q-factor,4,-0.02050970
q-factor,4,-0.02586250
q-factor,4,-0.02629579
q-factor,4,-0.00489252
q-factor,4,-0.01447872
q-factor,4,-0.01717437
q-factor,4,0.09102001
q-factor,4,-0.02521442
q-factor,4,-0.07208937
q-factor,4,0.17861206
q-factor,4,0.01579291
q-factor,4,-0.01616303
q-factor,4,-0.02876387
q-factor,4,0.11187333
q-factor,4,0.00846048
q-factor,4,0.08601133
q-factor,4,0.00971145
q-factor,4,-0.01414182
q-factor,4,-0.00246140
q-factor,4,-0.06580118
q-factor,4,0.02957719
q-factor,4,0.04467735
q-factor,4,0.06586928
q-factor,4,0.02749495
q-factor,4,0.04646062
q-factor,4,0.01577100
q-factor,4,-0.00854793
q-factor,4,-0.06330534
q-factor,4,-0.07618611
q-factor,4,-0.03527926
q-factor,4,-0.04200482
q-factor,4,-0.05219125
q-factor,4,-0.04007805
q-factor,4,-0.06537771
q-factor,4,-0.02823378
q-factor,4,-0.02098431
q-factor,4,-0.01887697
q-factor,4,-0.00156848
q-factor,4,-0.03086603
q-factor,4,-0.08287098
q-factor,4,-0.01750698
q-factor,4,-0.00985640
q-factor,4,0.08513991
q-factor,4,0.00308625
q-factor,4,0.02303117
q-factor,4,-0.03426861
q-factor,4,-0.04158229
q-factor,4,0.05411681
q-factor,4,0.09215741
q-factor,4,0.10874252
q-factor,4,0.01411795
q-factor,4,0.02726791
q-factor,4,0.20216125
q-factor,4,0.01718778
q-factor,4,0.00411408
q-factor,4,0.11481114
q-factor,4,0.02894625
q-factor,4,0.03350805
q-factor,4,0.06562627
q-factor,4,-0.07133746
q-factor,4,0.05917734
q-factor,4,-0.04378575
q-factor,4,0.05245927
q-factor,4,-0.01354451
q-factor,4,0.10233199
q-factor,4,-0.01730636
q-factor,4,-0.06016977
q-factor,4,0.00436811
q-factor,4,-0.05648432
q-factor,4,0.16973656
q-factor,4,0.02024655
q-factor,4,0.00615858
q-factor,4,0.04553770
q-factor,4,0.06419499
q-factor,4,0.17148283
q-factor,4,0.00529490
q-factor,4,-0.04500703
q-factor,4,-0.03127054
q-factor,4,0.13166262
q-factor,4,-0.03882606
q-factor,4,-0.00851893
q-factor,4,-0.04155053
q-factor,4,-0.02396022
q-factor,4,0.00487295
q-factor,4,-0.04649587
q-factor,4,-0.06726878
q-factor,4,0.06788846
q-factor,4,-0.05752498
q-factor,4,-0.04282636
q-factor,4,-0.00344248
q-factor,4,-0.08188911
q-factor,4,-0.02391197
q-factor,4,0.01159517
q-factor,4,-0.01956356
q-factor,4,0.06138999
q-factor,4,0.01419670
q-factor,4,0.06927153
q-factor,4,-0.02449384
q-factor,4,-0.00508125
q-factor,4,0.02457520
q-factor,4,0.00605330
q-factor,4,0.02054050
q-factor,4,-0.02259850
q-factor,4,0.09277063
q-factor,4,0.01176238
q-factor,4,0.03776969
q-factor,4,0.02803342
q-factor,4,0.00876386
q-factor,4,-0.06597557
q-factor,4,-0.00601546
q-factor,4,0.00203902
q-factor,4,-0.02965062
q-factor,4,0.05043916
q-factor,4,0.11625325
q-factor,4,-0.02159036
q-factor,4,0.01297640
q-factor,4,-0.03223131
q-factor,4,0.00253652
q-factor,4,-0.01764295
q-factor,4,-0.03278421
q-factor,4,-0.00090489
q-factor,4,0.01232902
q-factor,4,-0.07067660
q-factor,4,0.03875832
q-factor,4,-0.11590590
q-factor,4,0.12538985
q-factor,4,-0.07319601
q-factor,4,-0.07438349
q-factor,4,0.07863244
q-factor,4,-0.03035649
q-factor,4,0.02948815
q-factor,4,-0.01334345
q-factor,4,0.08337468
q-factor,4,0.09393764
q-factor,4,0.03422268
q-factor,4,-0.03116215
q-factor,4,-0.02834247
q-factor,4,0.04994112
q-factor,4,0.01054139
q-factor,4,0.00235058
q-factor,4,-0.00656935
q-factor,4,-0.01950433
q-factor,4,0.00989892
q-factor,4,-0.04921339
q-factor,4,-0.05704236
q-factor,4,-0.01245130
q-factor,4,0.03861712
q-factor,4,0.00828053
q-factor,4,-0.01508761
q-factor,4,0.01865666
q-factor,4,-0.03714962
q-factor,4,-0.00493080
q-factor,4,-0.05741113
q-factor,4,-0.10383847
q-factor,4,-0.03542823
q-factor,4,0.04900592
q-factor,4,-0.03505279
q-factor,4,0.01274867
q-factor,4,0.01466036
q-factor,4,0.03715578
q-factor,4,-0.01304917
q-factor,4,0.05225194
q-factor,4,0.08304005
q-factor,4,-0.10809349
q-factor,4,-0.03692469
q-factor,4,-0.04357139
q-factor,4,0.08324705
q-factor,4,0.01840490
q-factor,4,0.08691457
q-factor,4,0.05090189
q-factor,4,0.06080793
q-factor,4,-0.08617909
q-factor,4,0.07757281
q-factor,4,0.00651190
q-factor,4,0.01849546
q-factor,4,-0.05357264
q-factor,4,-0.00231609
q-factor,4,-0.03315289
q-factor,4,0.00038672
q-factor,4,-0.02906983
q-factor,4,0.03989754
q-factor,4,-0.02871003
q-factor,4,0.00874663
q-factor,4,0.10581075
q-factor,4,0.00703499
q-factor,4,0.01199211
q-factor,4,0.07404822
q-factor,4,0.04763284
q-factor,4,-0.01054205
q-factor,4,-0.06043409
q-factor,4,0.00031653
q-factor,4,0.09126732
q-factor,4,0.10300807
q-factor,4,0.01981250
q-factor,4,-0.01928329
q-factor,4,0.02199439
q-factor,4,0.10314774
q-factor,4,-0.00086318
q-factor,4,-0.07768076
q-factor,4,0.01779463
q-factor,4,0.01501197
q-factor,4,0.00871460
q-factor,4,0.01099861
q-factor,4,0.07516358
q-factor,4,0.02873532
q-factor,4,0.05899030
q-factor,4,-0.01364190
q-factor,4,0.01273377
q-factor,4,0.02759096
q-factor,4,-0.00464474
q-factor,4,-0.01256804
q-factor,4,0.09623172
q-factor,4,-0.04567359
q-factor,4,-0.08177474
q-factor,4,-0.00670352
q-factor,5,-0.07655640
q-factor,5,-0.07821516
q-factor,5,-0.17377107
q-factor,5,-0.17709564
q-factor,5,-0.04204179
q-factor,5,-0.08869482
q-factor,5,-0.12123616
q-factor,5,0.03855274
q-factor,5,-0.03634590
q-factor,5,-0.06810454
q-factor,5,-0.12134748
q-factor,5,-0.11813940
q-factor,5,-0.07567198
q-factor,5,-0.01566181
q-factor,5,-0.12808852
q-factor,5,-0.09369678
q-factor,5,-0.11515204
q-factor,5,-0.01705024
q-factor,5,-0.08263100
q-factor,5,-0.17649932
q-factor,5,-0.13889906
q-factor,5,0.01791400
q-factor,5,-0.05645246
q-factor,5,-0.10007225
q-factor,5,-0.04247865
q-factor,5,-0.05628327
q-factor,5,-0.06560156
q-factor,5,-0.10029188
q-factor,5,-0.08139017
q-factor,5,-0.06966652
q-factor,5,-0.03848445
q-factor,5,-0.10399617
q-factor,5,-0.14938435
q-factor,5,0.05609000
q-factor,5,-0.04074905
q-factor,5,-0.11224572
q-factor,5,-0.07695118
q-factor,5,-0.09727192
q-factor,5,-0.10923903
q-factor,5,0.00191646
q-factor,5,-0.04543629
q-factor,5,-0.07808304
q-factor,5,-0.06118534
q-factor,5,-0.09427306
q-factor,5,-0.12657284
q-factor,5,-0.09171897
q-factor,5,-0.11794416
q-factor,5,-0.08664211
q-factor,5,-0.09916804
q-factor,5,-0.03365325
q-factor,5,-0.09404762
q-factor,5,-0.08875424
q-factor,5,-0.01290436
q-factor,5,-0.11707110
q-factor,5,-0.06681931
q-factor,5,-0.07221742
q-factor,5,-0.02990411
q-factor,5,-0.10768498
q-factor,5,-0.07191658
q-factor,5,-0.09386971
q-factor,5,-0.05818517
q-factor,5,-0.17879765
q-factor,5,-0.02907201
q-factor,5,0.00258910
q-factor,5,0.03437981
q-factor,5,-0.05491755
q-factor,5,0.07661258
q-factor,5,-0.05718915
q-factor,5,-0.09490671
q-factor,5,-0.21949174
q-factor,5,-0.04717021
q-factor,5,0.03887173
q-factor,5,-0.01569351
q-factor,5,-0.02597809
q-factor,5,-0.09188713
q-factor,5,-0.06258577
q-factor,5,0.05102348
q-factor,5,-0.09515478
q-factor,5,-0.15202367
q-factor,5,-0.10829656
q-factor,5,-0.06429844
q-factor,5,-0.19640759
q-factor,5,-0.07632045
q-factor,5,-0.04719266
q-factor,5,-0.08343530
q-factor,5,-0.04211536
q-factor,5,-0.11445601
q-factor,5,-0.07276093
q-factor,5,-0.15223086
q-factor,5,-0.06217875
q-factor,5,-0.05352564
q-factor,5,-0.08593489
q-factor,5,-0.09032197
q-factor,5,-0.04524792
q-factor,5,-0.10341145
q-factor,5,-0.17307737
q-factor,5,-0.06708582
q-factor,5,0.01390089
q-factor,5,-0.07127464
q-factor,5,-0.02686903
q-factor,5,0.01450560
q-factor,5,-0.12744298
q-factor,5,0.00969679
q-factor,5,-0.10412008
q-factor,5,-0.10695248
q-factor,5,-0.08080358
q-factor,5,-0.11172283
q-factor,5,-0.07134607
q-factor,5,-0.09455264
q-factor,5,-0.06706431
q-factor,5,-0.11597388
q-factor,5,-0.18804885
q-factor,5,-0.05482090
q-factor,5,-0.08340870
q-factor,5,-0.17316305
q-factor,5,0.07179798
q-factor,5,-0.10560027
q-factor,5,0.08571781
q-factor,5,-0.05959196
q-factor,5,-0.12851851
q-factor,5,-0.01858280
q-factor,5,-0.08606017
q-factor,5,0.04386600
q-factor,5,-0.10978829
q-factor,5,-0.04998132
q-factor,5,0.01760559
q-factor,5,0.02988982
q-factor,5,-0.01026880
q-factor,5,0.02205759
q-factor,5,-0.11066722
q-factor,5,-0.05631826
q-factor,5,-0.12081417
q-factor,5,-0.07576724
q-factor,5,-0.10450486
q-factor,5,-0.07895484
q-factor,5,-0.10019291
q-factor,5,-0.14432232
q-factor,5,-0.04078747
q-factor,5,-0.07062246
q-factor,5,-0.14957339
q-factor,5,0.16849273
q-factor,5,-0.11178973
q-factor,5,-0.06350188
q-factor,5,0.05775535
q-factor,5,-0.15521622
q-factor,5,-0.06771610
q-factor,5,-0.10021518
q-factor,5,-0.09939120
q-factor,5,-0.13927203
q-factor,5,-0.02407238
q-factor,5,0.10802801
q-factor,5,-0.10105099
q-factor,5,-0.00408246
q-factor,5,-0.06899926
q-factor,5,-0.01003734
q-factor,5,-0.04299359
q-factor,5,-0.04986831
q-factor,5,-0.07911939
q-factor,5,-0.09208876
q-factor,5,-0.11382831
q-factor,5,-0.12206413
q-factor,5,-0.08308379
q-factor,5,-0.09166626
q-factor,5,-0.14092008
q-factor,5,0.12627160
q-factor,5,-0.04345798
q-factor,5,0.16132154
q-factor,5,-0.14399115
q-factor,5,-0.15801214
q-factor,5,-0.08116744
q-factor,5,-0.22989904
q-factor,5,0.02789454
q-factor,5,-0.07034220
q-factor,5,-0.06663421
q-factor,5,-0.01803034
q-factor,5,-0.01148995
q-factor,5,-0.05548861
q-factor,5,-0.15691801
q-factor,5,0.16456475
q-factor,5,-0.02198872
q-factor,5,0.05806487
q-factor,5,0.06105372
q-factor,5,-0.13880704
q-factor,5,-0.06298130
q-factor,5,0.10117991
q-factor,5,-0.08246454
q-factor,5,-0.06937654
q-factor,5,0.01094674
q-factor,5,-0.07667411
q-factor,5,-0.10599032
q-factor,5,-0.07506973
q-factor,5,0.02864938
q-factor,5,0.13483226
q-factor,5,-0.05146299
q-factor,5,-0.07145071
q-factor,5,-0.19520287
q-factor,5,0.01604812
q-factor,5,-0.07287041
q-factor,5,-0.08162924
q-factor,5,0.20157577
q-factor,5,0.02937148
q-factor,5,-0.08721028
q-factor,5,-0.04967059
q-factor,5,-0.18990207
q-factor,5,-0.08951629
q-factor,5,-0.01969316
q-factor,5,-0.02939462
q-factor,5,-0.07577542
q-factor,5,-0.06927395
q-factor,5,0.02648773
q-factor,5,0.08235139
q-factor,5,-0.02885325
q-factor,5,-0.11825354
q-factor,5,-0.05498800
q-factor,5,-0.08347969
q-factor,5,-0.03251831
q-factor,5,-0.12237551
q-factor,5,-0.15012198
q-factor,5,-0.07264370
q-factor,5,-0.10584800
q-factor,5,-0.09550549
q-factor,5,-0.14835181
q-factor,5,-0.08973059
q-factor,5,-0.05744708
q-factor,5,0.05744234
q-factor,5,-0.10780432
q-factor,5,-0.12288528
q-factor,5,0.11965976
q-factor,5,-0.08035521
q-factor,5,-0.07606386
q-factor,5,-0.09162778
q-factor,5,-0.05207275
q-factor,5,-0.12606100
q-factor,5,-0.11747036
q-factor,5,-0.06660768
q-factor,5,-0.05261015
q-factor,5,-0.09717652
q-factor,5,-0.12084753
q-factor,5,-0.18497885
q-factor,5,-0.09581774
q-factor,5,-0.09493408
q-factor,5,-0.07236817
q-factor,5,0.00530717
q-factor,5,-0.05085740
q-factor,5,-0.07697136
q-factor,5,0.02353289
q-factor,5,-0.10370906
q-factor,5,-0.03952357
q-factor,5,-0.19393155
q-factor,5,-0.01896478
q-factor,5,-0.08488285
q-factor,5,-0.09958504
q-factor,5,-0.23866119
q-factor,5,-0.10724065
q-factor,5,-0.20574555
q-factor,5,-0.10686048
q-factor,5,-0.10633378
q-factor,5,-0.11312733
q-factor,5,-0.06731606
q-factor,5,-0.06068861
q-factor,5,-0.05557458
q-factor,5,-0.17968224
q-factor,5,-0.11330372
q-factor,5,-0.07874408
q-factor,5,-0.06639263
q-factor,5,0.04742591
q-factor,5,0.06083409
q-factor,5,0.08371979
q-factor,5,-0.06625238
q-factor,5,-0.05364900
q-factor,5,-0.17092133
q-factor,5,-0.02011316
q-factor,5,0.00120066
q-factor,5,-0.09334862
q-factor,5,-0.03007016
q-factor,5,-0.09522632
q-factor,5,-0.04493122
q-factor,5,-0.01237809
q-factor,5,-0.09541385
q-factor,5,-0.03413904
q-factor,5,-0.11762583
q-factor,5,-0.06943738
q-factor,5,-0.09835564
q-factor,5,-0.05904563
q-factor,5,-0.16244363
q-factor,5,-0.05166773
q-factor,5,-0.11691069
q-factor,5,-0.08958729
q-factor,5,-0.09542382
q-factor,5,-0.05824526
q-factor,5,0.01624929
q-factor,5,-0.18620918
q-factor,5,-0.01672608
q-factor,5,-0.01233125
q-factor,5,-0.04985208
q-factor,5,-0.14861215
q-factor,5,-0.01718374
q-factor,5,-0.05815951
q-factor,5,-0.06872441
q-factor,5,-0.04667864
q-factor,5,-0.10281787
q-factor,5,-0.04660059
q-factor,5,-0.09679980
q-factor,5,-0.14934326
q-factor,5,-0.08159974
q-factor,5,0.00469384
q-factor,5,-0.09576365
q-factor,5,-0.03372207
q-factor,5,-0.07615693
q-factor,5,-0.01968217
q-factor,5,-0.05982284
q-factor,5,0.02037393
q-factor,5,-0.08425392
q-factor,5,-0.12085770
q-factor,5,0.03556597
q-factor,5,-0.04593646
q-factor,5,-0.10122232
q-factor,5,-0.07444419
q-factor,5,-0.11144654
q-factor,5,-0.04103093
q-factor,5,-0.08873726
q-factor,5,-0.01315810
q-factor,5,-0.10770340
q-factor,5,0.02031079
q-factor,5,-0.12783730
q-factor,5,-0.06645721
q-factor,5,0.00405935
q-factor,5,-0.16967935
q-factor,5,-0.06183588
q-factor,5,-0.03649683
q-factor,5,-0.10212876
q-factor,5,-0.12550423
q-factor,5,-0.09641389
q-factor,5,0.09160885
q-factor,5,-0.08937565
q-factor,5,-0.06810875
q-factor,5,-0.03731074
q-factor,5,-0.07197454
q-factor,5,-0.08640578
q-factor,5,-0.17841197
q-factor,5,-0.03416993
q-factor,5,-0.15052421
q-factor,5,-0.07500592
q-factor,5,-0.06798720
q-factor,5,0.00681356
q-factor,5,-0.10594022
q-factor,5,-0.18404427
q-factor,5,-0.07057287
q-factor,5,-0.09091528
q-factor,5,-0.08105597
q-factor,5,-0.09261702
q-factor,5,-0.12756653
q-factor,5,-0.01351044
q-factor,5,0.01251949
q-factor,5,0.01718186
q-factor,5,-0.19903895
q-factor,5,-0.04814576
q-factor,5,-0.18201139
q-factor,5,-0.09970053
q-factor,5,-0.10980166
q-factor,5,-0.01708491
q-factor,5,-0.13353732
q-factor,5,0.02415141
q-factor,5,-0.04880429
q-factor,5,-0.15281986
q-factor,5,-0.06220162
q-factor,5,-0.12608104
q-factor,5,-0.07699959
q-factor,5,-0.13337321
q-factor,5,-0.20674401
q-factor,5,-0.07360154
q-factor,5,-0.08823976
q-factor,5,-0.06938842
q-factor,5,-0.00786159
q-factor,5,0.03801115
q-factor,5,-0.10532643
q-factor,5,-0.16909246
q-factor,5,-0.06940436
q-factor,5,-0.09796156
q-factor,5,-0.05680465
q-factor,5,-0.06782470
q-factor,5,-0.08446378
q-factor,5,-0.11321192
q-factor,5,-0.11696336
q-factor,5,-0.09406591
q-factor,5,-0.11071416
q-factor,5,-0.08090658
q-factor,5,-0.12912218
q-factor,5,-0.01437990
q-factor,5,-0.10625611
q-factor,5,0.05081201
q-factor,5,-0.09675038
q-factor,5,-0.06858861
q-factor,5,-0.10211319
q-factor,5,-0.01198905
q-factor,5,-0.13925882
q-factor,5,-0.05075186
q-factor,5,0.00906321
q-factor,5,-0.04695580
q-factor,5,-0.00131917
q-factor,5,-0.10302339
q-factor,5,0.03130042
q-factor,5,-0.02256838
q-factor,5,-0.02176524
q-factor,5,-0.05922314
q-factor,5,0.02022498
q-factor,5,-0.09009209
q-factor,5,-0.08926749
q-factor,5,-0.05412645
q-factor,5,-0.06399623
q-factor,5,-0.09001867
q-factor,5,-0.11280596
q-factor,5,-0.05009293
q-factor,5,0.00023437
q-factor,5,-0.06529785
q-factor,5,-0.01035431
q-factor,5,-0.12936911
q-factor,5,-0.02553931
q-factor,5,-0.10772430
q-factor,5,-0.06492956
q-factor,5,-0.11400885
q-factor,5,-0.07917039
q-factor,5,-0.00464617
q-factor,5,-0.10825760
q-factor,5,-0.05118928
q-factor,5,-0.13410146
q-factor,5,-0.03380878
q-factor,5,-0.16666622
q-factor,5,0.05883785
q-factor,5,-0.07616153
q-factor,5,-0.07534115
q-factor,5,-0.14679317
q-factor,5,-0.14161117
q-factor,5,-0.09527663
q-factor,5,-0.06431867
q-factor,5,-0.08629538
q-factor,5,0.00856490
q-factor,5,-0.10829681
q-factor,5,-0.17111038
q-factor,5,-0.10163416
q-factor,5,-0.18840407
q-factor,5,-0.08734624
q-factor,5,-0.21207084
q-factor,5,-0.16466490
q-factor,5,-0.07938007
q-factor,5,-0.09149833
q-factor,5,-0.11860348
q-factor,6,-0.05947785
q-factor,6,0.02269796
q-factor,6,-0.02948203
q-factor,6,-0.01765965
q-factor,6,-0.03343022
q-factor,6,-0.06846830
q-factor,6,-0.07985768
q-factor,6,-0.02181650
q-factor,6,0.02804291
q-factor,6,-0.00455504
q-factor,6,0.09381411
q-factor,6,-0.00894584
q-factor,6,-0.03729727
q-factor,6,0.07648087
q-factor,6,0.07338647
q-factor,6,-0.04247326
q-factor,6,-0.00827268
q-factor,6,-0.05641229
q-factor,6,-0.03049115
q-factor,6,0.00798698
q-factor,6,0.02044555
q-factor,6,-0.01183846
q-factor,6,0.19688718
q-factor,6,-0.15128540
q-factor,6,-0.11697310
q-factor,6,0.16524708
q-factor,6,-0.03258072
q-factor,6,0.06737889
q-factor,6,-0.06329487
q-factor,6,0.04995543
q-factor,6,-0.02634771
q-factor,6,0.14384694
q-factor,6,-0.05616718
q-factor,6,0.00801590
q-factor,6,-0.08197095
q-factor,6,0.06092578
q-factor,6,0.09705835
q-factor,6,-0.02599360
q-factor,6,-0.01549683
q-factor,6,0.07863031
q-factor,6,0.08181562
q-factor,6,0.01088174
q-factor,6,-0.03375544
q-factor,6,0.01833701
q-factor,6,0.01007383
q-factor,6,-0.00731362
q-factor,6,0.00168496
q-factor,6,-0.00808537
q-factor,6,0.05697189
q-factor,6,0.01877287
q-factor,6,-0.07403553
q-factor,6,-0.03053890
q-factor,6,0.05185794
q-factor,6,0.01524625
q-factor,6,0.03966859
q-factor,6,-0.07199695
q-factor,6,-0.05360165
q-factor,6,0.12575297
q-factor,6,0.01221789
q-factor,6,0.00339149
q-factor,6,-0.11515001
q-factor,6,-0.02273204
q-factor,6,-0.03426973
q-factor,6,-0.00878293
q-factor,6,-0.04877302
q-factor,6,-0.08810733
q-factor,6,-0.07395951
q-factor,6,0.15509276
q-factor,6,-0.05159538
q-factor,6,-0.06469932
q-factor,6,-0.05863143
q-factor,6,-0.07606255
q-factor,6,-0.04057018
q-factor,6,-0.06205985
q-factor,6,0.06073640
q-factor,6,-0.00689520
q-factor,6,0.02295645
q-factor,6,0.03020030
q-factor,6,-0.03253864
q-factor,6,-0.05405849
q-factor,6,-0.10083151
q-factor,6,-0.10696776
q-factor,6,-0.04417333
q-factor,6,-0.00723578
q-factor,6,0.03014669
q-factor,6,-0.02153524
q-factor,6,-0.00885119
q-factor,6,0.09424435
q-factor,6,-0.00109573
q-factor,6,0.03822146
q-factor,6,-0.01288967
q-factor,6,-0.02456982
q-factor,6,0.08149888
q-factor,6,0.27663513
q-factor,6,-0.01261381
q-factor,6,0.03557486
q-factor,6,-0.04920808
q-factor,6,-0.01560959
q-factor,6,-0.01637372
q-factor,6,0.01203553
q-factor,6,0.00525641
q-factor,6,-0.10699236
q-factor,6,-0.04090224
q-factor,6,0.06312380
q-factor,6,-0.03693599
q-factor,6,0.00071839
q-factor,6,-0.03466060
q-factor,6,-0.04437807
q-factor,6,-0.05572106
q-factor,6,-0.03572024
q-factor,6,-0.05044028
q-factor,6,0.08460324
q-factor,6,0.01851040
q-factor,6,-0.02645894
q-factor,6,0.12323834
q-factor,6,0.06642890
q-factor,6,0.01235335
q-factor,6,-0.01011414
q-factor,6,-0.00889614
q-factor,6,-0.09554603
q-factor,6,-0.01714247
q-factor,6,-0.05875662
q-factor,6,-0.03409453
q-factor,6,-0.02490543
q-factor,6,-0.03863081
q-factor,6,-0.02536405
q-factor,6,0.01566138
q-factor,6,-0.00487518
q-factor,6,0.00230022
q-factor,6,0.09225029
q-factor,6,0.02798783
q-factor,6,-0.01058942
q-factor,6,-0.06373910
q-factor,6,-0.03793540
q-factor,6,-0.00761758
q-factor,6,0.00846629
q-factor,6,0.16269513
q-factor,6,-0.00859060
q-factor,6,-0.00303389
q-factor,6,0.03237300
q-factor,6,0.00148014
q-factor,6,-0.01250069
q-factor,6,0.02785491
q-factor,6,0.01563393
q-factor,6,0.08140272
q-factor,6,0.10773436
q-factor,6,-0.10756858
q-factor,6,-0.05176407
q-factor,6,0.06342985
q-factor,6,-0.02267557
q-factor,6,0.04152639
q-factor,6,-0.00632694
q-factor,6,0.04697699
q-factor,6,-0.07137686
q-factor,6,0.00987688
q-factor,6,-0.00856348
q-factor,6,-0.03215499
q-factor,6,-0.05342896
q-factor,6,-0.02189515
q-factor,6,-0.01178414
q-factor,6,0.01661869
q-factor,6,-0.00757083
q-factor,6,-0.08454506
q-factor,6,-0.06319619
q-factor,6,-0.04274916
q-factor,6,-0.01799045
q-factor,6,-0.03954322
q-factor,6,-0.00052836
q-factor,6,0.02266529
q-factor,6,-0.00844269
q-factor,6,0.04424788
q-factor,6,-0.12538430
q-factor,6,-0.02909142
q-factor,6,-0.05721893
q-factor,6,0.10788606
q-factor,6,-0.03892447
q-factor,6,-0.01050315
q-factor,6,-0.03717853
q-factor,6,0.01454928
q-factor,6,-0.03676895
q-factor,6,0.00132200
q-factor,6,-0.08950968
q-factor,6,-0.01232145
q-factor,6,-0.01800802
q-factor,6,-0.06205993
q-factor,6,-0.00747535
q-factor,6,0.01899669
q-factor,6,-0.03908169
q-factor,6,-0.10310412
q-factor,6,0.11701528
q-factor,6,0.05775466
q-factor,6,-0.05326914
q-factor,6,-0.01989516
q-factor,6,-0.05289445
q-factor,6,0.01949513
q-factor,6,0.14585335
q-factor,6,-0.03228999
q-factor,6,-0.03937307
q-factor,6,-0.03450441
q-factor,6,-0.03408415
q-factor,6,-0.05651117
q-factor,6,0.00303756
q-factor,6,-0.00532635
q-factor,6,-0.09219345
q-factor,6,0.03840637
q-factor,6,0.29028379
q-factor,6,-0.03087427
q-factor,6,-0.10069182
q-factor,6,-0.06732025
q-factor,6,0.02084038
q-factor,6,0.17494483
q-factor,6,-0.00926258
q-factor,6,-0.00361400
q-factor,6,0.02225631
q-factor,6,-0.01858036
q-factor,6,-0.04597206
q-factor,6,-0.00617556
q-factor,6,-0.01271366
q-factor,6,0.18543704
q-factor,6,0.08163325
q-factor,6,-0.02878895
q-factor,6,-0.02993870
q-factor,6,-0.04762959
q-factor,6,-0.05734510
q-factor,6,-0.06095069
q-factor,6,-0.01658182
q-factor,6,0.02686281
q-factor,6,-0.01378805
q-factor,6,-0.00664632
q-factor,6,-0.03775825
q-factor,6,-0.03296048
q-factor,6,0.01452907
q-factor,6,0.06943358
q-factor,6,-0.01310637
q-factor,6,0.03212437
q-factor,6,-0.11566688
q-factor,6,0.03362477
q-factor,6,0.00132856
q-factor,6,-0.05264707
q-factor,6,0.04328169
q-factor,6,0.00829930
q-factor,6,-0.00469826
q-factor,6,0.00392461
q-factor,6,-0.00028602
q-factor,6,-0.05291712
q-factor,6,0.03993254
q-factor,6,-0.04352167
q-factor,6,-0.02643091
q-factor,6,-0.08835246
q-factor,6,-0.08292573
q-factor,6,-0.00549056
q-factor,6,-0.03190583
q-factor,6,0.00255648
q-factor,6,0.06899473
q-factor,6,-0.03686329
q-factor,6,0.05873245
q-factor,6,-0.04060376
q-factor,6,0.01729627
q-factor,6,0.00580325
q-factor,6,-0.09241793
q-factor,6,-0.02578640
q-factor,6,-0.09162071
q-factor,6,-0.05762019
q-factor,6,-0.01700275
q-factor,6,0.01887522
q-factor,6,-0.04288809
q-factor,6,0.04505100
q-factor,6,-0.01543859
q-factor,6,0.01528200
q-factor,6,-0.04794348
q-factor,6,0.00637186
q-factor,6,-0.06422429
q-factor,6,0.05942872
q-factor,6,-0.01476918
q-factor,6,0.04757832
q-factor,6,-0.00518368
q-factor,6,0.04590464
q-factor,6,-0.00548306
q-factor,6,-0.09827574
q-factor,6,-0.00798699
q-factor,6,-0.00582618
q-factor,6,-0.03979395
q-factor,6,-0.02463883
q-factor,6,-0.00453662
q-factor,6,0.02674100
q-factor,6,-0.00251952
q-factor,6,0.06696737
q-factor,6,-0.06808078
q-factor,6,0.00144585
q-factor,6,0.22661542
q-factor,6,-0.04555725
q-factor,6,0.00546894
q-factor,6,-0.07040980
q-factor,6,-0.03122563
q-factor,6,-0.03253107
q-factor,6,-0.05511264
q-factor,6,0.07049145
q-factor,6,-0.07383102
q-factor,6,0.00760109
q-factor,6,0.00249519
q-factor,6,-0.01824566
q-factor,6,-0.08504445
q-factor,6,0.02327033
q-factor,6,-0.00670039
q-factor,6,0.04689425
q-factor,6,0.08742023
q-factor,6,-0.04118874
q-factor,6,-0.03933935
q-factor,6,0.06201260
q-factor,6,-0.00349143
q-factor,6,-0.01576626
q-factor,6,-0.00770545
q-factor,6,-0.02619230
q-factor,6,-0.00055678
q-factor,6,-0.02951036
q-factor,6,-0.13159321
q-factor,6,-0.01293705
q-factor,6,-0.06574287
q-factor,6,0.00409787
q-factor,6,-0.05087417
q-factor,6,-0.03917435
q-factor,6,-0.14701828
q-factor,6,-0.02402622
q-factor,6,-0.00299710
q-factor,6,0.25365738
q-factor,6,0.00596527
q-factor,6,0.09462584
q-factor,6,-0.00390350
q-factor,6,-0.04289727
q-factor,6,0.01223194
q-factor,6,0.02030647
q-factor,6,-0.07559749
q-factor,6,-0.02637886
q-factor,6,-0.08200317
q-factor,6,-0.04867483
q-factor,6,-0.02806681
q-factor,6,0.21314837
q-factor,6,0.13782825
q-factor,6,-0.00639228
q-factor,6,-0.00392608
q-factor,6,-0.03316146
q-factor,6,-0.03786455
q-factor,6,-0.10075897
q-factor,6,-0.01882963
q-factor,6,-0.01966649
q-factor,6,0.00580717
q-factor,6,0.07747027
q-factor,6,0.00982497
q-factor,6,-0.01553069
q-factor,6,-0.01922204
q-factor,6,-0.00842652
q-factor,6,-0.08240801
q-factor,6,0.02387109
q-factor,6,0.07917935
q-factor,6,-0.05995397
q-factor,6,-0.03733799
q-factor,6,-0.01674720
q-factor,6,0.00488812
q-factor,6,0.03936853
q-factor,6,-0.02974823
q-factor,6,-0.02523840
q-factor,6,-0.03901870
q-factor,6,0.19005625
q-factor,6,-0.02043020
q-factor,6,-0.05425342
q-factor,6,0.10145635
q-factor,6,-0.06672322
q-factor,6,-0.03712398
q-factor,6,0.03213903
q-factor,6,-0.01807835
q-factor,6,0.00744453
q-factor,6,-0.02194926
q-factor,6,-0.00267721
q-factor,6,-0.08913501
q-factor,6,-0.04386342
q-factor,6,-0.05059997
q-factor,6,0.05478511
q-factor,6,-0.03647964
q-factor,6,-0.03159054
q-factor,6,-0.03909448
q-factor,6,-0.04623212
q-factor,6,-0.00265841
q-factor,6,-0.00493609
q-factor,6,0.01503203
q-factor,6,-0.05684771
q-factor,6,0.00641263
q-factor,6,0.04221470
q-factor,6,-0.02846383
q-factor,6,0.01728206
q-factor,6,-0.05598183
q-factor,6,-0.02249438
q-factor,6,-0.03601280
q-factor,6,0.11843870
q-factor,6,0.00880997
q-factor,6,-0.00088070
q-factor,6,-0.02702758
q-factor,6,-0.09466936
q-factor,6,-0.09313552
q-factor,6,0.00956183
q-factor,6,-0.01380732
q-factor,6,-0.01207671
q-factor,6,0.01099555
q-factor,6,0.02720407
q-factor,6,-0.09417112
q-factor,6,-0.01052381
q-factor,6,0.03244823
q-factor,6,-0.05088591
q-factor,6,0.02192299
q-factor,6,-0.04973075
q-factor,6,-0.06326565
q-factor,6,-0.04899401
q-factor,6,0.14157905
q-factor,6,0.09969095
q-factor,6,0.00219627
q-factor,6,-0.03691445
q-factor,6,0.04540285
q-factor,6,-0.04352011
q-factor,6,0.00518586
q-factor,6,-0.05693631
q-factor,6,-0.02138341
q-factor,6,0.10237911
q-factor,6,-0.05170566
q-factor,6,-0.04109479
q-factor,6,-0.00826130
q-factor,6,0.03372845
q-factor,6,-0.00422654
q-factor,6,-0.15838506
q-factor,6,-0.02235697
q-factor,6,-0.05172254
q-factor,6,-0.03552734
q-factor,6,-0.06837994
q-factor,6,-0.12173409
q-factor,6,-0.06298702
q-factor,6,0.00189455
q-factor,6,-0.09475196
q-factor,6,-0.04103091
q-factor,6,0.06724786
q-factor,6,-0.01620807
q-factor,6,-0.13094446
q-factor,6,-0.00450921
q-factor,6,0.05727632
q-factor,6,0.00078463
q-factor,6,0.11704753
q-factor,6,-0.07296341
q-factor,6,-0.07105325
q-factor,6,-0.01573850
q-factor,6,-0.11881242
q-factor,6,-0.07913176
q-factor,6,-0.00189592
q-factor,6,-0.02440853
q-factor,6,-0.11488096
q-factor,6,0.13271440
q-factor,6,-0.03905921
q-factor,6,-0.05684670
q-factor,6,-0.02984620
q-factor,6,0.03791531
q-factor,6,-0.02708970
q-factor,6,-0.03893324
q-factor,6,-0.00251320
q-factor,6,-0.03878346
PCA(5),1,-0.03424977
PCA(5),1,0.03457168
PCA(5),1,-0.01078686
PCA(5),1,-0.02387581
PCA(5),1,-0.02111156
PCA(5),1,-0.01922517
PCA(5),1,-0.05001258
PCA(5),1,0.04115331
PCA(5),1,0.03136644
PCA(5),1,-0.03795250
PCA(5),1,-0.06892576
PCA(5),1,0.00296894
PCA(5),1,0.03816669
PCA(5),1,0.01848860
PCA(5),1,-0.00241861
PCA(5),1,-0.01487626
PCA(5),1,-0.02492569
PCA(5),1,0.00043956
PCA(5),1,0.02666290
PCA(5),1,0.04044447
PCA(5),1,-0.03808799
PCA(5),1,-0.07896922
PCA(5),1,-0.06787517
PCA(5),1,-0.02582717
PCA(5),1,0.00920350
PCA(5),1,0.03364125
PCA(5),1,0.05614218
PCA(5),1,-0.01194049
PCA(5),1,0.01302072
PCA(5),1,0.01474246
PCA(5),1,-0.03524191
PCA(5),1,0.10172532
PCA(5),1,-0.01614879
PCA(5),1,-0.03498163
PCA(5),1,0.01129511
PCA(5),1,-0.03528111
PCA(5),1,0.05557764
PCA(5),1,0.04158262
PCA(5),1,0.02088226
PCA(5),1,0.06321486
PCA(5),1,-0.03573904
PCA(5),1,-0.00177435
PCA(5),1,0.04965651
PCA(5),1,0.01793703
PCA(5),1,-0.02532880
PCA(5),1,-0.04905328
PCA(5),1,0.06056600
PCA(5),1,0.09338020
PCA(5),1,0.06778616
PCA(5),1,0.02207903
PCA(5),1,0.05861573
PCA(5),1,0.01994497
PCA(5),1,0.01565966
PCA(5),1,0.03884657
PCA(5),1,0.01318226
PCA(5),1,0.01637330
PCA(5),1,-0.00199591
PCA(5),1,0.08556194
PCA(5),1,-0.03574927
PCA(5),1,0.04335547
PCA(5),1,0.00006870
PCA(5),1,0.18422433
PCA(5),1,0.03029749
PCA(5),1,-0.04964482
PCA(5),1,-0.04651338
PCA(5),1,-0.01804926
PCA(5),1,0.07498781
PCA(5),1,0.01903782
PCA(5),1,0.10275720
PCA(5),1,0.03193380
PCA(5),1,-0.03598113
PCA(5),1,0.00026690
PCA(5),1,-0.01222213
PCA(5),1,0.04521379
PCA(5),1,-0.05134485
PCA(5),1,-0.05482688
PCA(5),1,-0.00478101
PCA(5),1,-0.04414988
PCA(5),1,0.01237137
PCA(5),1,0.04632544
PCA(5),1,-0.04008216
PCA(5),1,0.00209905
PCA(5),1,-0.03709081
PCA(5),1,-0.03759592
PCA(5),1,0.08041749
PCA(5),1,-0.04135636
PCA(5),1,0.01073960
PCA(5),1,-0.00825829
PCA(5),1,0.01293220
PCA(5),1,0.06991332
PCA(5),1,-0.00278527
PCA(5),1,-0.01655684
PCA(5),1,-0.04824387
PCA(5),1,0.00947152
PCA(5),1,-0.03531444
PCA(5),1,0.03545208
PCA(5),1,0.00388603
PCA(5),1,-0.00152205
PCA(5),1,0.03498043
PCA(5),1,-0.04138313
PCA(5),1,-0.00734949
PCA(5),1,0.00811361
PCA(5),1,-0.00548806
PCA(5),1,0.01793240
PCA(5),1,0.01696525
PCA(5),1,0.09367133
PCA(5),1,0.05921546
PCA(5),1,-0.04463584
PCA(5),1,-0.00945499
PCA(5),1,0.03220699
PCA(5),1,0.01550902
PCA(5),1,-0.01254770
PCA(5),1,0.15296414
PCA(5),1,0.09140774
PCA(5),1,-0.07092773
PCA(5),1,-0.01875013
PCA(5),1,-0.00330239
PCA(5),1,-0.07783889
PCA(5),1,0.02031496
PCA(5),1,0.05521762
PCA(5),1,0.07626697
PCA(5),1,0.06665807
PCA(5),1,0.00839266
PCA(5),1,-0.03171393
PCA(5),1,-0.05601686
PCA(5),1,-0.03751670
PCA(5),1,0.02592767
PCA(5),1,-0.00872368
PCA(5),1,0.00948797
PCA(5),1,-0.03513048
PCA(5),1,-0.00321007
PCA(5),1,0.03424046
PCA(5),1,0.00668041
PCA(5),1,-0.03319585
PCA(5),1,-0.04732377
PCA(5),1,-0.02855282
PCA(5),1,-0.09968123
PCA(5),1,-0.12959630
PCA(5),1,-0.07527421
PCA(5),1,-0.06057998
PCA(5),1,-0.08425085
PCA(5),1,-0.03661301
PCA(5),1,0.02634885
PCA(5),1,0.08822752
PCA(5),1,0.13622540
PCA(5),1,0.04893720
PCA(5),1,0.02110489
PCA(5),1,0.06324538
PCA(5),1,0.05266793
PCA(5),1,-0.02861566
PCA(5),1,0.08098206
PCA(5),1,0.01717648
PCA(5),1,0.03385758
PCA(5),1,0.00311911
PCA(5),1,0.01092845
PCA(5),1,-0.07007123
PCA(5),1,-0.00903484
PCA(5),1,0.02776017
PCA(5),1,0.01983474
PCA(5),1,0.00327774
PCA(5),1,-0.01658989
PCA(5),1,0.19989153
PCA(5),1,0.01923479
PCA(5),1,0.01338120
PCA(5),1,0.02642922
PCA(5),1,-0.03994916
PCA(5),1,0.03805079
PCA(5),1,-0.00737191
PCA(5),1,0.04796269
PCA(5),1,0.02420198
PCA(5),1,0.02754436
PCA(5),1,-0.01733800
PCA(5),1,0.05090779
PCA(5),1,-0.02430368
PCA(5),1,-0.02957981
PCA(5),1,0.07446734
PCA(5),1,0.12520339
PCA(5),1,0.04379254
PCA(5),1,-0.00189907
PCA(5),1,0.03146994
PCA(5),1,0.03311828
PCA(5),1,0.00489566
PCA(5),1,-0.01219283
PCA(5),1,-0.05632413
PCA(5),1,0.02157847
PCA(5),1,-0.03370117
PCA(5),1,-0.04274407
PCA(5),1,-0.04095999
PCA(5),1,0.03321672
PCA(5),1,-0.06299400
PCA(5),1,-0.02813749
PCA(5),1,-0.00643557
PCA(5),1,-0.01245376
PCA(5),1,0.05485042
PCA(5),1,-0.02229730
PCA(5),1,-0.01275712
PCA(5),1,0.00901472
PCA(5),1,0.03577552
PCA(5),1,0.06168762
PCA(5),1,-0.05131170
PCA(5),1,-0.03578915
PCA(5),1,0.09913004
PCA(5),1,-0.03859133
PCA(5),1,0.03221133
PCA(5),1,0.06346157
PCA(5),1,-0.02932414
PCA(5),1,-0.02808991
PCA(5),1,0.04773077
PCA(5),1,0.12515887
PCA(5),1,-0.02682568
PCA(5),1,0.00127705
PCA(5),1,-0.05554448
PCA(5),1,0.00816296
PCA(5),1,-0.04392290
PCA(5),1,0.01841820
PCA(5),1,-0.00560688
PCA(5),1,-0.01752004
PCA(5),1,0.19393732
PCA(5),1,-0.04456026
PCA(5),1,-0.03493914
PCA(5),1,0.05150718
PCA(5),1,0.02160219
PCA(5),1,-0.01291258
PCA(5),1,-0.01141722
PCA(5),1,0.01478619
PCA(5),1,-0.06725226
PCA(5),1,0.07247850
PCA(5),1,0.01079881
PCA(5),1,-0.02150487
PCA(5),1,-0.04942130
PCA(5),1,-0.01213547
PCA(5),1,-0.01860062
PCA(5),1,0.01277971
PCA(5),1,0.00795617
PCA(5),1,0.05373451
PCA(5),1,0.00493952
PCA(5),1,0.01778713
PCA(5),1,0.05421987
PCA(5),1,0.15163724
PCA(5),1,0.04785450
PCA(5),1,-0.02687530
PCA(5),1,0.01403438
PCA(5),1,0.00748091
PCA(5),1,-0.00097334
PCA(5),1,0.00265041
PCA(5),1,0.15602499
PCA(5),1,-0.06321459
PCA(5),1,-0.00054170
PCA(5),1,-0.02547645
PCA(5),1,-0.01879173
PCA(5),1,0.11028751
PCA(5),1,0.03136945
PCA(5),1,-0.04600903
PCA(5),1,0.01012863
PCA(5),1,-0.02129047
PCA(5),1,-0.01370606
PCA(5),1,-0.01293076
PCA(5),1,-0.03377489
PCA(5),1,0.03981275
PCA(5),1,0.00088428
PCA(5),1,-0.02322450
PCA(5),1,-0.03697897
PCA(5),1,-0.01247232
PCA(5),1,0.02453721
PCA(5),1,0.05072227
PCA(5),1,-0.01379880
PCA(5),1,0.00890731
PCA(5),1,-0.02276722
PCA(5),1,-0.01051157
PCA(5),1,-0.03390918
PCA(5),1,-0.03018259
PCA(5),1,0.03456923
PCA(5),1,0.03333422
PCA(5),1,-0.03075080
PCA(5),1,-0.00499493
PCA(5),1,-0.02918367
PCA(5),1,0.00683546
PCA(5),1,-0.06146500
PCA(5),1,-0.01125334
PCA(5),1,0.08288830
PCA(5),1,-0.00227723
PCA(5),1,0.01252227
PCA(5),1,0.02053219
PCA(5),1,0.04417304
PCA(5),1,-0.03037631
PCA(5),1,0.00623831
PCA(5),1,0.00891091
PCA(5),1,0.01604313
PCA(5),1,-0.04310180
PCA(5),1,-0.01694586
PCA(5),1,-0.06414896
PCA(5),1,-0.04902142
PCA(5),1,-0.01415848
PCA(5),1,0.03654650
PCA(5),1,-0.03040009
PCA(5),2,0.03789781
PCA(5),2,0.07407047
PCA(5),2,-0.01403150
PCA(5),2,0.00074334
PCA(5),2,-0.02506452
PCA(5),2,0.05929774
PCA(5),2,0.01620043
PCA(5),2,0.00637821
PCA(5),2,0.11576934
PCA(5),2,0.07703348
PCA(5),2,0.12584180
PCA(5),2,-0.02016948
PCA(5),2,0.11506820
PCA(5),2,0.00591378
PCA(5),2,0.00492496
PCA(5),2,0.07427940
PCA(5),2,0.01411783
PCA(5),2,-0.03404082
PCA(5),2,0.00721323
PCA(5),2,-0.02792007
PCA(5),2,0.06792969
PCA(5),2,-0.06811658
PCA(5),2,-0.01708048
PCA(5),2,-0.01392605
PCA(5),2,-0.02059717
PCA(5),2,0.02620327
PCA(5),2,0.18024271
PCA(5),2,0.07472878
PCA(5),2,-0.00270167
PCA(5),2,0.23467135
PCA(5),2,0.03148162
PCA(5),2,-0.05382064
PCA(5),2,-0.05665880
PCA(5),2,-0.02336659
PCA(5),2,0.03552294
PCA(5),2,0.08575068
PCA(5),2,0.00383343
PCA(5),2,0.08205304
PCA(5),2,0.01870987
PCA(5),2,-0.00226848
PCA(5),2,0.09298264
PCA(5),2,0.05205164
PCA(5),2,-0.06557238
PCA(5),2,0.08765917
PCA(5),2,-0.05122123
PCA(5),2,0.01234802
PCA(5),2,-0.00008176
PCA(5),2,-0.01057725
PCA(5),2,0.00785760
PCA(5),2,0.06974477
PCA(5),2,0.01242794
PCA(5),2,0.01350473
PCA(5),2,0.01148195
PCA(5),2,-0.03999769
PCA(5),2,-0.03287990
PCA(5),2,-0.03686487
PCA(5),2,0.05194573
PCA(5),2,-0.03498481
PCA(5),2,0.00775219
PCA(5),2,0.06255224
PCA(5),2,0.04029557
PCA(5),2,0.02887076
PCA(5),2,-0.01384803
PCA(5),2,-0.03058940
PCA(5),2,-0.02225877
PCA(5),2,0.02962483
PCA(5),2,-0.00261493
PCA(5),2,0.03482949
PCA(5),2,-0.03673273
PCA(5),2,0.02174812
PCA(5),2,-0.02754981
PCA(5),2,0.14273675
PCA(5),2,-0.02716655
PCA(5),2,0.03373149
PCA(5),2,0.03188542
PCA(5),2,-0.01661792
PCA(5),2,0.04717949
PCA(5),2,-0.01236988
PCA(5),2,0.03206938
PCA(5),2,0.04641893
PCA(5),2,-0.02626708
PCA(5),2,-0.02855676
PCA(5),2,0.00437963
PCA(5),2,-0.01911511
PCA(5),2,0.01345458
PCA(5),2,0.04310420
PCA(5),2,-0.04403427
PCA(5),2,0.02526921
PCA(5),2,0.05889446
PCA(5),2,-0.05032563
PCA(5),2,-0.01358675
PCA(5),2,-0.00796982
PCA(5),2,0.00403639
PCA(5),2,-0.02752532
PCA(5),2,0.01099441
PCA(5),2,-0.03738636
PCA(5),2,0.03831135
PCA(5),2,-0.05228757
PCA(5),2,0.00300255
PCA(5),2,0.08825711
PCA(5),2,-0.03526006
PCA(5),2,0.00305452
PCA(5),2,0.00882363
PCA(5),2,0.05987732
PCA(5),2,-0.00407438
PCA(5),2,0.03160915
PCA(5),2,0.00265542
PCA(5),2,0.04895170
PCA(5),2,0.06742011
PCA(5),2,-0.00025255
PCA(5),2,0.01633192
PCA(5),2,0.06339461
PCA(5),2,-0.02065448
PCA(5),2,-0.04053298
PCA(5),2,0.00437018
PCA(5),2,0.00238136
PCA(5),2,0.01096369
PCA(5),2,0.04352180
PCA(5),2,-0.05207472
PCA(5),2,0.07314958
PCA(5),2,0.02853094
PCA(5),2,0.00327266
PCA(5),2,0.08459926
PCA(5),2,0.10863609
PCA(5),2,0.00064861
PCA(5),2,0.00359434
PCA(5),2,-0.02265331
PCA(5),2,-0.10301234
PCA(5),2,-0.00224261
PCA(5),2,0.03900970
PCA(5),2,0.01346613
PCA(5),2,-0.01126965
PCA(5),2,0.03528123
PCA(5),2,-0.03526467
PCA(5),2,0.02806546
PCA(5),2,-0.01906495
PCA(5),2,-0.06068741
PCA(5),2,0.00642804
PCA(5),2,0.01052728
PCA(5),2,-0.04266970
PCA(5),2,0.07846054
PCA(5),2,0.02443594
PCA(5),2,0.00321857
PCA(5),2,0.06467989
PCA(5),2,0.01439006
PCA(5),2,0.02097514
PCA(5),2,-0.03753074
PCA(5),2,0.05543434
PCA(5),2,-0.00851663
PCA(5),2,0.01844190
PCA(5),2,0.07072690
PCA(5),2,-0.03072291
PCA(5),2,0.09996179
PCA(5),2,0.11527340
PCA(5),2,0.03514567
PCA(5),2,-0.02346032
PCA(5),2,0.16585557
PCA(5),2,-0.01603736
PCA(5),2,-0.06241332
PCA(5),2,-0.02315993
PCA(5),2,-0.05142348
PCA(5),2,-0.01143504
PCA(5),2,0.01259150
PCA(5),2,0.11279883
PCA(5),2,0.03189736
PCA(5),2,-0.08711147
PCA(5),2,-0.08527659
PCA(5),2,0.05255169
PCA(5),2,-0.07182983
PCA(5),2,0.12409723
PCA(5),2,-0.01431701
PCA(5),2,-0.02649425
PCA(5),2,-0.02535680
PCA(5),2,-0.02049172
PCA(5),2,0.10095262
PCA(5),2,-0.05251898
PCA(5),2,0.05513442
PCA(5),2,0.01807717
PCA(5),2,-0.08047498
PCA(5),2,0.04856681
PCA(5),2,-0.04039954
PCA(5),2,-0.01723946
PCA(5),2,-0.00471273
PCA(5),2,0.04314476
PCA(5),2,-0.05815074
PCA(5),2,-0.01186152
PCA(5),2,0.14335234
PCA(5),2,0.06864753
PCA(5),2,0.00147125
PCA(5),2,0.07153645
PCA(5),2,-0.04518941
PCA(5),2,0.12521480
PCA(5),2,0.07700623
PCA(5),2,-0.04283655
PCA(5),2,-0.02448690
PCA(5),2,-0.00392145
PCA(5),2,-0.01243950
PCA(5),2,0.05747222
PCA(5),2,0.10206862
PCA(5),2,-0.01388739
PCA(5),2,0.05782488
PCA(5),2,0.00238418
PCA(5),2,0.00215702
PCA(5),2,-0.00731004
PCA(5),2,0.00803882
PCA(5),2,0.03726171
PCA(5),2,0.00565555
PCA(5),2,0.03962284
PCA(5),2,-0.05901273
PCA(5),2,0.00101038
PCA(5),2,0.02330604
PCA(5),2,0.02181413
PCA(5),2,-0.04492855
PCA(5),2,0.02745582
PCA(5),2,0.03596547
PCA(5),2,0.03545299
PCA(5),2,-0.05090416
PCA(5),2,-0.06273163
PCA(5),2,0.02121892
PCA(5),2,-0.01862832
PCA(5),2,-0.05526443
PCA(5),2,0.03333343
PCA(5),2,0.12378103
PCA(5),2,-0.00910568
PCA(5),2,0.02281593
PCA(5),2,-0.03161803
PCA(5),2,0.05796059
PCA(5),2,0.07015338
PCA(5),2,0.04860684
PCA(5),2,-0.02685876
PCA(5),2,-0.05903845
PCA(5),2,-0.00604794
PCA(5),2,0.07448852
PCA(5),2,0.02243860
PCA(5),2,0.03259589
PCA(5),2,0.09001664
PCA(5),2,0.02658449
PCA(5),2,-0.00884392
PCA(5),2,-0.02678304
PCA(5),2,0.02874611
PCA(5),2,-0.00080102
PCA(5),2,0.04052061
PCA(5),2,-0.00372852
PCA(5),2,0.03153850
PCA(5),2,0.12652368
PCA(5),2,-0.01371440
PCA(5),2,0.00130846
PCA(5),2,-0.00013799
PCA(5),2,0.04474266
PCA(5),2,0.19101522
PCA(5),2,0.03207083
PCA(5),2,0.00747052
PCA(5),2,0.06784064
PCA(5),2,-0.00653448
PCA(5),2,0.00513882
PCA(5),2,0.02918216
PCA(5),2,0.03030562
PCA(5),2,0.03492707
PCA(5),2,0.05573967
PCA(5),2,0.03731835
PCA(5),2,0.00757409
PCA(5),2,-0.03643794
PCA(5),2,-0.01126271
PCA(5),2,0.01404167
PCA(5),2,0.12098482
PCA(5),2,-0.00480150
PCA(5),2,-0.00282575
PCA(5),2,-0.09128824
PCA(5),2,0.05607597
PCA(5),2,0.06532204
PCA(5),2,-0.00228852
PCA(5),2,0.05452097
PCA(5),2,0.04975706
PCA(5),2,0.08418958
PCA(5),2,0.05453387
PCA(5),2,-0.00750601
PCA(5),2,0.00261734
PCA(5),2,0.04713862
PCA(5),2,0.01575355
PCA(5),2,-0.04724084
PCA(5),2,0.03928383
PCA(5),2,0.06968321
PCA(5),2,-0.05431484
PCA(5),2,0.15715289
PCA(5),2,0.08067880
PCA(5),2,-0.03417846
PCA(5),2,-0.10969529
PCA(5),2,-0.01225913
PCA(5),2,-0.05340151
PCA(5),2,-0.01233957
PCA(5),2,-0.01597369
PCA(5),2,-0.02445763
PCA(5),2,0.00155408
PCA(5),2,0.03724765
PCA(5),2,0.05363860
PCA(5),2,0.01653154
PCA(5),2,-0.01113260
PCA(5),2,0.03470721
PCA(5),2,-0.00780720
PCA(5),2,-0.05411257
PCA(5),2,0.00077579
PCA(5),2,0.10363830
PCA(5),2,0.02201912
PCA(5),2,-0.00252292
PCA(5),2,-0.02273317
PCA(5),2,0.00848180
PCA(5),2,0.03696182
PCA(5),2,0.06489122
PCA(5),2,0.01871745
PCA(5),2,0.01665842
PCA(5),2,-0.10365511
PCA(5),2,0.04244855
PCA(5),2,0.04458360
PCA(5),2,0.01038561
PCA(5),2,0.00661947
PCA(5),2,0.00974993
PCA(5),2,0.04775090
PCA(5),2,0.08416386
PCA(5),2,0.01794992
PCA(5),2,-0.04596602
PCA(5),2,0.09442286
PCA(5),2,0.14077950
PCA(5),2,-0.00588316
PCA(5),2,0.00487813
PCA(5),2,-0.04284951
PCA(5),2,0.02152411
PCA(5),2,0.01322590
PCA(5),2,-0.00944219
PCA(5),2,-0.03686431
PCA(5),2,-0.00336826
PCA(5),2,-0.02132182
PCA(5),2,-0.00591442
PCA(5),2,-0.00199529
PCA(5),2,0.03799784
PCA(5),2,-0.03728684
PCA(5),2,0.02454911
PCA(5),2,-0.00068655
PCA(5),2,0.09399726
PCA(5),2,-0.03057925
PCA(5),2,-0.05776022
PCA(5),2,-0.01246086
PCA(5),3,0.02490712
PCA(5),3,0.02618836
PCA(5),3,0.17328807
PCA(5),3,0.04293939
PCA(5),3,0.02457980
PCA(5),3,0.06471661
PCA(5),3,0.06302697
PCA(5),3,0.09340758
PCA(5),3,0.00043716
PCA(5),3,0.02856697
PCA(5),3,0.08504531
PCA(5),3,-0.01089128
PCA(5),3,0.06835079
PCA(5),3,0.02534397
PCA(5),3,0.08729534
PCA(5),3,0.01354186
PCA(5),3,0.01996387
PCA(5),3,0.04695892
PCA(5),3,0.00781556
PCA(5),3,0.05579164
PCA(5),3,0.02360875
PCA(5),3,0.00258335
PCA(5),3,-0.01158886
PCA(5),3,0.06527010
PCA(5),3,0.00320917
PCA(5),3,0.08865918
PCA(5),3,-0.00425721
PCA(5),3,-0.11508079
PCA(5),3,0.08451666
PCA(5),3,0.09082317
PCA(5),3,0.04425156
PCA(5),3,-0.00683216
PCA(5),3,0.00783879
PCA(5),3,0.02928782
PCA(5),3,0.04604241
PCA(5),3,0.07562865
PCA(5),3,0.01127305
PCA(5),3,0.06955010
PCA(5),3,0.04174680
PCA(5),3,0.04512122
PCA(5),3,0.06168993
PCA(5),3,-0.04008516
PCA(5),3,-0.00969379
PCA(5),3,-0.02190782
PCA(5),3,0.02572379
PCA(5),3,-0.03831255
PCA(5),3,0.08956603
PCA(5),3,0.10266967
PCA(5),3,0.17261798
PCA(5),3,0.01953262
PCA(5),3,0.03366889
PCA(5),3,0.07607439
PCA(5),3,0.07451226
PCA(5),3,0.11721288
PCA(5),3,-0.03920029
PCA(5),3,-0.01445324
PCA(5),3,-0.00578687
PCA(5),3,0.09395150
PCA(5),3,0.02552836
PCA(5),3,0.04828581
PCA(5),3,-0.03369920
PCA(5),3,-0.00884590
PCA(5),3,0.21235173
PCA(5),3,-0.02043294
PCA(5),3,-0.02055693
PCA(5),3,-0.00717206
PCA(5),3,0.04594200
PCA(5),3,0.08346443
PCA(5),3,0.06206060
PCA(5),3,0.07550462
PCA(5),3,0.07057429
PCA(5),3,0.04631070
PCA(5),3,0.10888496
PCA(5),3,0.02581300
PCA(5),3,0.00979397
PCA(5),3,0.07599318
PCA(5),3,0.00830586
PCA(5),3,0.03441252
PCA(5),3,0.07011137
PCA(5),3,0.07375740
PCA(5),3,0.02139501
PCA(5),3,0.04475928
PCA(5),3,0.08282273
PCA(5),3,0.02917537
PCA(5),3,0.24296138
PCA(5),3,0.00972517
PCA(5),3,0.02863007
PCA(5),3,0.06902976
PCA(5),3,0.01782533
PCA(5),3,-0.02273995
PCA(5),3,0.01442155
PCA(5),3,-0.09147265
PCA(5),3,-0.00666633
PCA(5),3,0.16377134
PCA(5),3,0.03413403
PCA(5),3,0.01820812
PCA(5),3,0.01121744
PCA(5),3,0.07822294
PCA(5),3,0.13234550
PCA(5),3,0.01514431
PCA(5),3,0.10017961
PCA(5),3,-0.03106250
PCA(5),3,0.05373670
PCA(5),3,0.12785897
PCA(5),3,0.07650348
PCA(5),3,-0.01433879
PCA(5),3,0.05516702
PCA(5),3,0.03244744
PCA(5),3,0.08107569
PCA(5),3,0.00164295
PCA(5),3,0.05626198
PCA(5),3,0.02219246
PCA(5),3,-0.05596614
PCA(5),3,-0.00603662
PCA(5),3,-0.00193430
PCA(5),3,0.13560365
PCA(5),3,0.04988194
PCA(5),3,0.02213239
PCA(5),3,0.09282669
PCA(5),3,0.07925681
PCA(5),3,0.03934517
PCA(5),3,0.01099979
PCA(5),3,0.12948830
PCA(5),3,0.01449470
PCA(5),3,0.09447330
PCA(5),3,0.01338801
PCA(5),3,0.01408128
PCA(5),3,0.05229845
PCA(5),3,0.01827039
PCA(5),3,0.04572549
PCA(5),3,0.05137155
PCA(5),3,-0.00467276
PCA(5),3,0.01590691
PCA(5),3,0.03353716
PCA(5),3,0.02662546
PCA(5),3,0.14415566
PCA(5),3,-0.03009393
PCA(5),3,-0.04344717
PCA(5),3,-0.04776012
PCA(5),3,0.04844082
PCA(5),3,0.05951756
PCA(5),3,0.04653860
PCA(5),3,0.00193163
PCA(5),3,0.11168413
PCA(5),3,-0.04169313
PCA(5),3,0.05402750
PCA(5),3,0.18721549
PCA(5),3,0.09024876
PCA(5),3,0.05874473
PCA(5),3,0.11730618
PCA(5),3,0.05412967
PCA(5),3,0.01965607
PCA(5),3,0.00158568
PCA(5),3,0.02413785
PCA(5),3,-0.00340754
PCA(5),3,0.12070477
PCA(5),3,0.16008123
PCA(5),3,0.05650136
PCA(5),3,-0.07773600
PCA(5),3,0.00288770
PCA(5),3,0.03703460
PCA(5),3,0.07462262
PCA(5),3,0.01248656
PCA(5),3,0.08972622
PCA(5),3,0.10743373
PCA(5),3,0.04453585
PCA(5),3,0.22500574
PCA(5),3,0.00400314
PCA(5),3,0.04519887
PCA(5),3,0.01623496
PCA(5),3,0.00239717
PCA(5),3,-0.00544108
PCA(5),3,0.24142501
PCA(5),3,0.04845361
PCA(5),3,0.05465046
PCA(5),3,0.02222193
PCA(5),3,0.01504630
PCA(5),3,0.02201956
PCA(5),3,0.02101163
PCA(5),3,-0.02237041
PCA(5),3,0.09024980
PCA(5),3,0.05811527
PCA(5),3,-0.01112979
PCA(5),3,0.05486060
PCA(5),3,0.00339608
PCA(5),3,0.02818677
PCA(5),3,-0.00546696
PCA(5),3,-0.00686551
PCA(5),3,-0.02822125
PCA(5),3,-0.02419046
PCA(5),3,-0.01171526
PCA(5),3,0.05818305
PCA(5),3,-0.01784367
PCA(5),3,-0.02442594
PCA(5),3,0.11398632
PCA(5),3,0.08157471
PCA(5),3,0.03796675
PCA(5),3,0.03196138
PCA(5),3,0.02309505
PCA(5),3,0.09998859
PCA(5),3,0.12997463
PCA(5),3,0.04719504
PCA(5),3,0.02829551
PCA(5),3,0.04850542
PCA(5),3,0.01600649
PCA(5),3,0.05478748
PCA(5),3,-0.00219522
PCA(5),3,0.00061581
PCA(5),3,-0.02048536
PCA(5),3,0.07506485
PCA(5),3,-0.02217523
PCA(5),3,0.02769988
PCA(5),3,-0.02396068
PCA(5),3,0.05393882
PCA(5),3,0.18367786
PCA(5),3,0.23477649
PCA(5),3,0.00683827
PCA(5),3,0.01339936
PCA(5),3,0.02402623
PCA(5),3,0.02252829
PCA(5),3,-0.02624677
PCA(5),3,0.00029543
PCA(5),3,0.04860386
PCA(5),3,-0.01700588
PCA(5),3,0.01980544
PCA(5),3,-0.02529428
PCA(5),3,-0.00639976
PCA(5),3,0.14396777
PCA(5),3,0.06606115
PCA(5),3,0.02869388
PCA(5),3,-0.01596384
PCA(5),3,-0.00032850
PCA(5),3,0.08299828
PCA(5),3,-0.02982440
PCA(5),3,0.04610238
PCA(5),3,0.02401493
PCA(5),3,0.12085164
PCA(5),3,0.09530417
PCA(5),3,0.03580913
PCA(5),3,0.05744850
PCA(5),3,-0.06557013
PCA(5),3,0.04436414
PCA(5),3,0.08668123
PCA(5),3,0.10418720
PCA(5),3,-0.08777403
PCA(5),3,-0.07231378
PCA(5),3,0.03491624
PCA(5),3,0.02244458
PCA(5),3,0.00846781
PCA(5),3,0.14325399
PCA(5),3,-0.04024647
PCA(5),3,0.01326736
PCA(5),3,0.09692677
PCA(5),3,-0.08017625
PCA(5),3,0.05909869
PCA(5),3,0.02381265
PCA(5),3,0.02478430
PCA(5),3,0.09559104
PCA(5),3,0.09476735
PCA(5),3,0.03560635
PCA(5),3,-0.00293509
PCA(5),3,-0.01583671
PCA(5),3,0.09804966
PCA(5),3,-0.01884296
PCA(5),3,0.02983597
PCA(5),3,0.05051314
PCA(5),3,0.01834560
PCA(5),3,-0.09396483
PCA(5),3,0.04606004
PCA(5),3,0.10602586
PCA(5),3,0.11118803
PCA(5),3,0.00273951
PCA(5),3,0.00874497
PCA(5),3,-0.03739780
PCA(5),3,0.05673578
PCA(5),3,0.05970759
PCA(5),3,0.02577843
PCA(5),3,0.06364383
PCA(5),3,-0.01513889
PCA(5),3,0.10748284
PCA(5),3,0.15161875
PCA(5),3,0.00004653
PCA(5),3,0.07154020
PCA(5),3,0.08484713
PCA(5),3,-0.02540659
PCA(5),3,0.20191366
PCA(5),3,-0.00774737
PCA(5),3,0.01206516
PCA(5),3,0.01863448
PCA(5),3,0.06775782
PCA(5),3,0.01293175
PCA(5),3,0.04970293
PCA(5),3,0.12718676
PCA(5),3,0.09098517
PCA(5),3,-0.04018332
PCA(5),3,0.12528055
PCA(5),3,0.04094162
PCA(5),3,0.08074196
PCA(5),3,-0.00644057
PCA(5),3,0.03351589
PCA(5),3,0.11441070
PCA(5),3,-0.00454575
PCA(5),3,-0.01493852
PCA(5),3,-0.03280247
PCA(5),3,0.04090453
PCA(5),3,0.01437633
PCA(5),3,0.04748393
PCA(5),3,0.00531921
PCA(5),3,0.15085393
PCA(5),3,0.06441557
PCA(5),3,-0.00954531
PCA(5),3,0.09641760
PCA(5),3,-0.00926731
PCA(5),3,0.03224451
PCA(5),3,0.01687712
PCA(5),3,0.11727343
PCA(5),3,0.04356236
PCA(5),3,0.03088370
PCA(5),3,0.01127978
PCA(5),3,0.06363291
PCA(5),3,0.11405034
PCA(5),3,0.06620781
PCA(5),3,0.07519068
PCA(5),3,-0.01473791
PCA(5),3,0.10406609
PCA(5),3,0.03616106
PCA(5),3,0.07905216
PCA(5),3,0.04450141
PCA(5),3,-0.00156899
PCA(5),3,0.07260415
PCA(5),3,0.09840888
PCA(5),3,0.14301591
PCA(5),3,0.04604731
PCA(5),3,-0.01390729
PCA(5),3,0.06124582
PCA(5),3,-0.04839686
PCA(5),3,0.07727623
PCA(5),3,0.08706101
PCA(5),3,0.03348110
PCA(5),3,0.03056461
PCA(5),3,0.07752582
PCA(5),3,0.05945167
PCA(5),3,0.08638725
PCA(5),3,-0.00126176
PCA(5),3,0.00080431
PCA(5),3,0.03879621
PCA(5),3,0.09605679
PCA(5),3,-0.00146570
PCA(5),3,0.05752561
PCA(5),3,0.04148181
PCA(5),3,0.01667420
PCA(5),3,0.10576690
PCA(5),3,0.20750197
PCA(5),3,-0.01245113
PCA(5),3,0.08234209
PCA(5),3,0.00351566
PCA(5),3,0.14902440
PCA(5),3,0.06672916
PCA(5),3,0.01069638
PCA(5),3,-0.00641318
PCA(5),3,0.04882005
PCA(5),3,0.06120642
PCA(5),3,-0.00194219
PCA(5),3,0.18817533
PCA(5),3,0.07275061
PCA(5),4,-0.01037051
PCA(5),4,-0.01722992
PCA(5),4,0.12852218
PCA(5),4,0.08185039
PCA(5),4,-0.01421399
PCA(5),4,0.09021585
PCA(5),4,-0.04055852
PCA(5),4,0.03637584
PCA(5),4,-0.00656915
PCA(5),4,0.12310549
PCA(5),4,0.05299689
PCA(5),4,0.00118573
PCA(5),4,0.02629343
PCA(5),4,-0.12029693
PCA(5),4,0.11084177
PCA(5),4,0.00871918
PCA(5),4,0.00479478
PCA(5),4,-0.01810945
PCA(5),4,-0.07197197
PCA(5),4,-0.01661255
PCA(5),4,-0.03486662
PCA(5),4,0.00688790
PCA(5),4,-0.01720865
PCA(5),4,-0.06595594
PCA(5),4,0.00657278
PCA(5),4,0.05573180
PCA(5),4,0.01735025
PCA(5),4,0.04943532
PCA(5),4,0.14106774
PCA(5),4,-0.03228970
PCA(5),4,0.00620896
PCA(5),4,-0.00619099
PCA(5),4,0.01356289
PCA(5),4,0.07240237
PCA(5),4,0.03568798
PCA(5),4,-0.05514905
PCA(5),4,-0.02857801
PCA(5),4,-0.00861718
PCA(5),4,0.07354964
PCA(5),4,0.05821104
PCA(5),4,0.05609368
PCA(5),4,0.01096972
PCA(5),4,0.02536043
PCA(5),4,0.01199923
PCA(5),4,-0.06514273
PCA(5),4,-0.06275148
PCA(5),4,-0.04393759
PCA(5),4,0.07728200
PCA(5),4,0.18222353
PCA(5),4,-0.00932132
PCA(5),4,0.04215470
PCA(5),4,0.07785416
PCA(5),4,0.16193890
PCA(5),4,0.02320631
PCA(5),4,0.06803771
PCA(5),4,0.00340746
PCA(5),4,-0.11119002
PCA(5),4,-0.04197420
PCA(5),4,0.01826687
PCA(5),4,0.20131632
PCA(5),4,0.07437302
PCA(5),4,0.01866222
PCA(5),4,-0.03248035
PCA(5),4,-0.05599681
PCA(5),4,-0.00607475
PCA(5),4,0.00572828
PCA(5),4,0.00402363
PCA(5),4,0.05027844
PCA(5),4,0.04359457
PCA(5),4,-0.03556833
PCA(5),4,-0.02449498
PCA(5),4,0.06654694
PCA(5),4,0.00649748
PCA(5),4,0.10945444
PCA(5),4,0.04615695
PCA(5),4,0.05156534
PCA(5),4,0.06725316
PCA(5),4,0.02739825
PCA(5),4,0.16043399
PCA(5),4,0.04907277
PCA(5),4,-0.00446625
PCA(5),4,0.03201521
PCA(5),4,0.02537250
PCA(5),4,0.02021598
PCA(5),4,-0.02434651
PCA(5),4,-0.10125865
PCA(5),4,-0.02599271
PCA(5),4,-0.02696919
PCA(5),4,0.04934868
PCA(5),4,-0.05664339
PCA(5),4,-0.01027389
PCA(5),4,0.00102904
PCA(5),4,0.02089171
PCA(5),4,-0.00872948
PCA(5),4,0.13472667
PCA(5),4,0.00945948
PCA(5),4,0.14821241
PCA(5),4,-0.02735921
PCA(5),4,-0.00173398
PCA(5),4,-0.01323010
PCA(5),4,-0.01523993
PCA(5),4,0.08650478
PCA(5),4,-0.03987313
PCA(5),4,0.00634709
PCA(5),4,0.02163962
PCA(5),4,-0.00959258
PCA(5),4,0.05954960
PCA(5),4,0.02017092
PCA(5),4,0.13664480
PCA(5),4,0.07992938
PCA(5),4,0.01719850
PCA(5),4,0.02784018
PCA(5),4,0.01118670
PCA(5),4,0.01228241
PCA(5),4,0.09073354
PCA(5),4,0.00055936
PCA(5),4,-0.01901126
PCA(5),4,-0.04757149
PCA(5),4,0.00339723
PCA(5),4,0.00832542
PCA(5),4,0.02750469
PCA(5),4,0.07390687
PCA(5),4,0.03775599
PCA(5),4,-0.00460176
PCA(5),4,-0.07847047
PCA(5),4,0.07444894
PCA(5),4,-0.11303400
PCA(5),4,-0.00393322
PCA(5),4,-0.01698458
PCA(5),4,-0.01131981
PCA(5),4,-0.06244119
PCA(5),4,-0.01633162
PCA(5),4,0.01558198
PCA(5),4,-0.03407403
PCA(5),4,0.10999673
PCA(5),4,-0.08518469
PCA(5),4,-0.01608650
PCA(5),4,-0.07521930
PCA(5),4,-0.01876860
PCA(5),4,0.19488200
PCA(5),4,0.05803853
PCA(5),4,0.02410624
PCA(5),4,-0.00690385
PCA(5),4,-0.05511097
PCA(5),4,-0.03233088
PCA(5),4,-0.01989685
PCA(5),4,-0.04745089
PCA(5),4,0.01225251
PCA(5),4,0.05085075
PCA(5),4,0.12698917
PCA(5),4,-0.00384073
PCA(5),4,0.01033594
PCA(5),4,0.05092523
PCA(5),4,-0.00454164
PCA(5),4,-0.05993325
PCA(5),4,-0.00454398
PCA(5),4,0.03267583
PCA(5),4,0.11833072
PCA(5),4,-0.06761397
PCA(5),4,-0.01670615
PCA(5),4,0.00449525
PCA(5),4,0.01233616
PCA(5),4,0.01377274
PCA(5),4,0.01728184
PCA(5),4,0.01666658
PCA(5),4,0.04246700
PCA(5),4,0.02288393
PCA(5),4,0.03317786
PCA(5),4,0.01008692
PCA(5),4,0.03840967
PCA(5),4,-0.06140919
PCA(5),4,-0.05338353
PCA(5),4,0.00162760
PCA(5),4,0.01888282
PCA(5),4,0.01413210
PCA(5),4,0.07073277
PCA(5),4,0.10960020
PCA(5),4,-0.03729431
PCA(5),4,0.13847533
PCA(5),4,0.05532772
PCA(5),4,-0.02588429
PCA(5),4,-0.01471786
PCA(5),4,0.00615212
PCA(5),4,-0.03906597
PCA(5),4,0.03416654
PCA(5),4,0.01561532
PCA(5),4,-0.01018996
PCA(5),4,-0.06892259
PCA(5),4,-0.02289837
PCA(5),4,-0.10443840
PCA(5),4,-0.11635985
PCA(5),4,-0.00397871
PCA(5),4,-0.10546749
PCA(5),4,-0.01882928
PCA(5),4,0.01534130
PCA(5),4,0.08800822
PCA(5),4,0.08759218
PCA(5),4,0.00171848
PCA(5),4,0.01454870
PCA(5),4,-0.00050904
PCA(5),4,0.12403745
PCA(5),4,-0.03528065
PCA(5),4,-0.01148600
PCA(5),4,-0.04755799
PCA(5),4,-0.01149925
PCA(5),4,0.02174644
PCA(5),4,0.00222269
PCA(5),4,-0.02271776
PCA(5),4,0.11540656
PCA(5),4,-0.02982361
PCA(5),4,-0.06992798
PCA(5),4,0.14637451
PCA(5),4,0.01936948
PCA(5),4,-0.02011608
PCA(5),4,0.00750511
PCA(5),4,0.13247405
PCA(5),4,0.01486178
PCA(5),4,0.07520170
PCA(5),4,0.03542159
PCA(5),4,-0.01606316
PCA(5),4,0.01239663
PCA(5),4,-0.03930023
PCA(5),4,0.04375081
PCA(5),4,0.04574660
PCA(5),4,0.15884709
PCA(5),4,0.07752368
PCA(5),4,0.07083981
PCA(5),4,0.02996186
PCA(5),4,0.00269850
PCA(5),4,-0.02371962
PCA(5),4,0.00464230
PCA(5),4,-0.02341098
PCA(5),4,-0.05946263
PCA(5),4,-0.06044902
PCA(5),4,-0.03046300
PCA(5),4,-0.04966523
PCA(5),4,0.00273232
PCA(5),4,-0.02744107
PCA(5),4,-0.02266453
PCA(5),4,0.02604656
PCA(5),4,-0.02226825
PCA(5),4,-0.08818473
PCA(5),4,-0.01006299
PCA(5),4,-0.00373041
PCA(5),4,0.11633956
PCA(5),4,0.00726434
PCA(5),4,0.04435047
PCA(5),4,-0.01764893
PCA(5),4,-0.03549172
PCA(5),4,0.04841041
PCA(5),4,0.10265122
PCA(5),4,0.10915564
PCA(5),4,-0.00243743
PCA(5),4,0.03835284
PCA(5),4,0.27874684
PCA(5),4,0.03772037
PCA(5),4,-0.00153990
PCA(5),4,0.10346767
PCA(5),4,0.02932172
PCA(5),4,0.03779429
PCA(5),4,0.06026264
PCA(5),4,-0.05574328
PCA(5),4,0.08821284
PCA(5),4,-0.04448311
PCA(5),4,0.04362493
PCA(5),4,-0.00796556
PCA(5),4,0.09957781
PCA(5),4,0.01246260
PCA(5),4,-0.06057101
PCA(5),4,0.02713081
PCA(5),4,-0.06107188
PCA(5),4,0.16494147
PCA(5),4,0.05414579
PCA(5),4,-0.00404309
PCA(5),4,0.04516213
PCA(5),4,0.10276241
PCA(5),4,0.18356410
PCA(5),4,0.00868269
PCA(5),4,-0.06485736
PCA(5),4,-0.00559469
PCA(5),4,0.13369025
PCA(5),4,-0.02857976
PCA(5),4,-0.00316152
PCA(5),4,-0.03742875
PCA(5),4,-0.02021781
PCA(5),4,0.06326070
PCA(5),4,-0.03641967
PCA(5),4,-0.09866935
PCA(5),4,0.07811638
PCA(5),4,-0.05211862
PCA(5),4,-0.02072226
PCA(5),4,-0.00737555
PCA(5),4,-0.07500053
PCA(5),4,-0.01774468
PCA(5),4,0.01919047
PCA(5),4,0.01360254
PCA(5),4,0.08036804
PCA(5),4,0.00296855
PCA(5),4,0.06293231
PCA(5),4,-0.02306404
PCA(5),4,-0.00537057
PCA(5),4,0.04981676
PCA(5),4,0.01177732
PCA(5),4,0.04555344
PCA(5),4,-0.03152842
PCA(5),4,0.14314957
PCA(5),4,0.00933061
PCA(5),4,0.02962849
PCA(5),4,-0.01155582
PCA(5),4,0.01085233
PCA(5),4,-0.06346208
PCA(5),4,-0.00445529
PCA(5),4,0.01257343
PCA(5),4,-0.02173958
PCA(5),4,0.06008673
PCA(5),4,0.13954247
PCA(5),4,0.01456416
PCA(5),4,0.02532750
PCA(5),4,-0.02757525
PCA(5),4,0.01192246
PCA(5),4,-0.01376918
PCA(5),4,-0.04928026
PCA(5),4,-0.00066182
PCA(5),4,0.01833462
PCA(5),4,-0.04807493
PCA(5),4,0.06763896
PCA(5),4,-0.11011083
PCA(5),4,0.13197183
PCA(5),4,-0.03080035
PCA(5),4,-0.06154963
PCA(5),4,0.09740166
PCA(5),4,-0.01218407
PCA(5),4,0.04127611
PCA(5),4,-0.01195514
PCA(5),4,0.09792080
PCA(5),4,0.08595092
PCA(5),4,0.03346596
PCA(5),4,-0.02529187
PCA(5),4,-0.03038731
PCA(5),4,0.07221986
PCA(5),4,0.01360175
PCA(5),4,0.01457912
PCA(5),4,-0.01296759
PCA(5),4,-0.00546113
PCA(5),4,0.01468342
PCA(5),4,-0.03512113
PCA(5),4,-0.04786028
PCA(5),4,0.00274625
PCA(5),4,0.04091821
PCA(5),4,0.00643956
PCA(5),4,-0.02344608
PCA(5),4,0.02471171
PCA(5),4,-0.02224096
PCA(5),4,-0.00863998
PCA(5),4,-0.04316808
PCA(5),4,-0.07855909
PCA(5),4,-0.03184370
PCA(5),4,0.09523645
PCA(5),4,-0.01046731
PCA(5),4,0.02151355
PCA(5),4,0.02042843
PCA(5),4,0.09588998
PCA(5),4,-0.02371856
PCA(5),4,0.04408647
PCA(5),4,0.07118693
PCA(5),4,-0.09802142
PCA(5),4,-0.03756248
PCA(5),4,-0.04855989
PCA(5),4,0.08913766
PCA(5),4,0.04401067
PCA(5),4,0.07293585
PCA(5),4,0.04694845
PCA(5),4,0.05485096
PCA(5),4,-0.06667329
PCA(5),4,0.10520878
PCA(5),4,0.00957844
PCA(5),4,0.01481279
PCA(5),4,-0.04567380
PCA(5),4,0.00071113
PCA(5),4,-0.01511000
PCA(5),4,0.04861681
PCA(5),4,-0.01625828
PCA(5),4,0.03051773
PCA(5),4,-0.02350798
PCA(5),4,0.00326419
PCA(5),4,0.11452806
PCA(5),4,0.00806275
PCA(5),4,-0.00987224
PCA(5),4,0.07416174
PCA(5),4,0.05373572
PCA(5),4,-0.02856409
PCA(5),4,-0.05118889
PCA(5),4,0.01945505
PCA(5),4,0.09605616
PCA(5),4,0.12010501
PCA(5),4,0.00325426
PCA(5),4,-0.01379984
PCA(5),4,0.05026532
PCA(5),4,0.09452357
PCA(5),4,0.00546821
PCA(5),4,-0.09868953
PCA(5),4,0.01278908
PCA(5),4,0.01181346
PCA(5),4,0.02862718
PCA(5),4,0.02283520
PCA(5),4,0.09401418
PCA(5),4,0.02581245
PCA(5),4,0.09189069
PCA(5),4,-0.00517901
PCA(5),4,0.00171686
PCA(5),4,0.04122559
PCA(5),4,0.02712820
PCA(5),4,-0.04400370
PCA(5),4,0.08124535
PCA(5),4,-0.06731135
PCA(5),4,-0.08387619
PCA(5),4,0.00724148
PCA(5),5,-0.06595941
PCA(5),5,-0.08759712
PCA(5),5,-0.15054439
PCA(5),5,-0.18366780
PCA(5),5,-0.03991035
PCA(5),5,-0.09351171
PCA(5),5,-0.12104177
PCA(5),5,0.03290259
PCA(5),5,-0.05253472
PCA(5),5,-0.08427746
PCA(5),5,-0.11917767
PCA(5),5,-0.13289652
PCA(5),5,-0.08629723
PCA(5),5,0.00759052
PCA(5),5,-0.13773551
PCA(5),5,-0.08328199
PCA(5),5,-0.10920171
PCA(5),5,-0.02042669
PCA(5),5,-0.10682716
PCA(5),5,-0.16803738
PCA(5),5,-0.13083641
PCA(5),5,0.05185329
PCA(5),5,-0.04650546
PCA(5),5,-0.09685893
PCA(5),5,-0.04542813
PCA(5),5,-0.05332278
PCA(5),5,-0.07344058
PCA(5),5,-0.09645650
PCA(5),5,-0.09177925
PCA(5),5,-0.06610853
PCA(5),5,-0.02708307
PCA(5),5,-0.09160502
PCA(5),5,-0.17362797
PCA(5),5,0.05976198
PCA(5),5,-0.05814867
PCA(5),5,-0.11787917
PCA(5),5,-0.07602854
PCA(5),5,-0.10888891
PCA(5),5,-0.12638433
PCA(5),5,0.00539168
PCA(5),5,-0.04576555
PCA(5),5,-0.08227073
PCA(5),5,-0.06960696
PCA(5),5,-0.09353779
PCA(5),5,-0.13353673
PCA(5),5,-0.09450402
PCA(5),5,-0.09999664
PCA(5),5,-0.09112703
PCA(5),5,-0.10610279
PCA(5),5,-0.03668226
PCA(5),5,-0.09037899
PCA(5),5,-0.09610264
PCA(5),5,-0.01951423
PCA(5),5,-0.11459666
PCA(5),5,-0.06008570
PCA(5),5,-0.07667063
PCA(5),5,-0.04162031
PCA(5),5,-0.11510368
PCA(5),5,-0.08242939
PCA(5),5,-0.08627926
PCA(5),5,-0.06130931
PCA(5),5,-0.16836919
PCA(5),5,-0.02628390
PCA(5),5,-0.01187112
PCA(5),5,0.03409423
PCA(5),5,-0.06564163
PCA(5),5,0.11428388
PCA(5),5,-0.04279216
PCA(5),5,-0.09276347
PCA(5),5,-0.22044457
PCA(5),5,-0.04560100
PCA(5),5,0.04975458
PCA(5),5,-0.03860458
PCA(5),5,-0.01636176
PCA(5),5,-0.10260352
PCA(5),5,-0.08153370
PCA(5),5,0.03938818
PCA(5),5,-0.09436213
PCA(5),5,-0.14042819
PCA(5),5,-0.10737971
PCA(5),5,-0.07616776
PCA(5),5,-0.18882967
PCA(5),5,-0.07441144
PCA(5),5,-0.03935110
PCA(5),5,-0.08739846
PCA(5),5,-0.00137503
PCA(5),5,-0.08275490
PCA(5),5,-0.07805854
PCA(5),5,-0.15396514
PCA(5),5,-0.06904173
PCA(5),5,-0.06456084
PCA(5),5,-0.09445261
PCA(5),5,-0.08667706
PCA(5),5,-0.06609972
PCA(5),5,-0.11117944
PCA(5),5,-0.20136825
PCA(5),5,-0.06080795
PCA(5),5,0.02597002
PCA(5),5,-0.05581204
PCA(5),5,-0.01897079
PCA(5),5,0.06030672
PCA(5),5,-0.11851085
PCA(5),5,0.00165237
PCA(5),5,-0.08895011
PCA(5),5,-0.10633386
PCA(5),5,-0.06904237
PCA(5),5,-0.11014370
PCA(5),5,-0.06776114
PCA(5),5,-0.09629509
PCA(5),5,-0.07364677
PCA(5),5,-0.12615170
PCA(5),5,-0.17840655
PCA(5),5,-0.07856067
PCA(5),5,-0.12073066
PCA(5),5,-0.15836676
PCA(5),5,0.07459035
PCA(5),5,-0.09850646
PCA(5),5,0.12229422
PCA(5),5,-0.06471449
PCA(5),5,-0.13229041
PCA(5),5,-0.02926686
PCA(5),5,-0.09279884
PCA(5),5,0.03741072
PCA(5),5,-0.11884948
PCA(5),5,-0.04253749
PCA(5),5,0.01161783
PCA(5),5,0.03349109
PCA(5),5,-0.02940721
PCA(5),5,0.00512915
PCA(5),5,-0.09585436
PCA(5),5,-0.05442459
PCA(5),5,-0.11155017
PCA(5),5,-0.06556769
PCA(5),5,-0.10880950
PCA(5),5,-0.12147732
PCA(5),5,-0.08688939
PCA(5),5,-0.16882977
PCA(5),5,-0.05599149
PCA(5),5,-0.07305408
PCA(5),5,-0.16322921
PCA(5),5,0.16301749
PCA(5),5,-0.11743846
PCA(5),5,-0.09515085
PCA(5),5,0.06073616
PCA(5),5,-0.14911170
PCA(5),5,-0.07024681
PCA(5),5,-0.08905066
PCA(5),5,-0.10231244
PCA(5),5,-0.14607661
PCA(5),5,-0.02276159
PCA(5),5,0.10200443
PCA(5),5,-0.10419572
PCA(5),5,-0.02486547
PCA(5),5,-0.07374313
PCA(5),5,0.00614374
PCA(5),5,-0.03931980
PCA(5),5,-0.03298560
PCA(5),5,-0.08873848
PCA(5),5,-0.09548982
PCA(5),5,-0.11709162
PCA(5),5,-0.11074219
PCA(5),5,-0.07004826
PCA(5),5,-0.06903786
PCA(5),5,-0.15295227
PCA(5),5,0.11502396
PCA(5),5,-0.01498692
PCA(5),5,0.19861489
PCA(5),5,-0.15014238
PCA(5),5,-0.13529111
PCA(5),5,-0.08803245
PCA(5),5,-0.23332434
PCA(5),5,0.00719160
PCA(5),5,-0.06998419
PCA(5),5,-0.06954504
PCA(5),5,-0.01100426
PCA(5),5,-0.00623394
PCA(5),5,-0.06320360
PCA(5),5,-0.14043689
PCA(5),5,0.18936872
PCA(5),5,-0.04732793
PCA(5),5,0.06025277
PCA(5),5,0.07826155
PCA(5),5,-0.11487786
PCA(5),5,-0.07842901
PCA(5),5,0.11792753
PCA(5),5,-0.07245191
PCA(5),5,-0.07400851
PCA(5),5,0.01072586
PCA(5),5,-0.06518542
PCA(5),5,-0.10611773
PCA(5),5,-0.08392199
PCA(5),5,0.03379598
PCA(5),5,0.16329171
PCA(5),5,-0.05700121
PCA(5),5,-0.06524544
PCA(5),5,-0.17907394
PCA(5),5,0.01047392
PCA(5),5,-0.06460164
PCA(5),5,-0.08853635
PCA(5),5,0.22913309
PCA(5),5,0.04081788
PCA(5),5,-0.09443619
PCA(5),5,-0.05686829
PCA(5),5,-0.17622334
PCA(5),5,-0.09675911
PCA(5),5,-0.04223743
PCA(5),5,-0.03131754
PCA(5),5,-0.05902354
PCA(5),5,-0.07129648
PCA(5),5,0.01060085
PCA(5),5,0.08885685
PCA(5),5,-0.04427704
PCA(5),5,-0.12705083
PCA(5),5,-0.05928369
PCA(5),5,-0.09528348
PCA(5),5,-0.03913359
PCA(5),5,-0.14718015
PCA(5),5,-0.13697398
PCA(5),5,-0.08182166
PCA(5),5,-0.10103107
PCA(5),5,-0.09407195
PCA(5),5,-0.17408791
PCA(5),5,-0.09660381
PCA(5),5,-0.06171033
PCA(5),5,0.05108804
PCA(5),5,-0.11460458
PCA(5),5,-0.10214932
PCA(5),5,0.12600464
PCA(5),5,-0.07613130
PCA(5),5,-0.07765815
PCA(5),5,-0.09370559
PCA(5),5,-0.06118939
PCA(5),5,-0.12370600
PCA(5),5,-0.10925150
PCA(5),5,-0.09176711
PCA(5),5,-0.05668388
PCA(5),5,-0.10064384
PCA(5),5,-0.14083864
PCA(5),5,-0.16153412
PCA(5),5,-0.09898239
PCA(5),5,-0.09521941
PCA(5),5,-0.07373268
PCA(5),5,-0.01841697
PCA(5),5,-0.05268192
PCA(5),5,-0.08801818
PCA(5),5,0.01512459
PCA(5),5,-0.10265947
PCA(5),5,-0.04357254
PCA(5),5,-0.18942887
PCA(5),5,-0.02835310
PCA(5),5,-0.09128477
PCA(5),5,-0.10604255
PCA(5),5,-0.25089288
PCA(5),5,-0.11128827
PCA(5),5,-0.18569853
PCA(5),5,-0.11560588
PCA(5),5,-0.10498506
PCA(5),5,-0.13515265
PCA(5),5,-0.07130741
PCA(5),5,-0.06071063
PCA(5),5,-0.07117844
PCA(5),5,-0.20450746
PCA(5),5,-0.07785571
PCA(5),5,-0.07431837
PCA(5),5,-0.07123667
PCA(5),5,0.05016061
PCA(5),5,0.09724395
PCA(5),5,0.08370467
PCA(5),5,-0.06817802
PCA(5),5,-0.04271932
PCA(5),5,-0.16930872
PCA(5),5,-0.02980445
PCA(5),5,0.00063040
PCA(5),5,-0.09288790
PCA(5),5,-0.03588022
PCA(5),5,-0.08598343
PCA(5),5,-0.06481732
PCA(5),5,-0.01289386
PCA(5),5,-0.10280452
PCA(5),5,-0.01054218
PCA(5),5,-0.10289786
PCA(5),5,-0.07100470
PCA(5),5,-0.10038689
PCA(5),5,-0.06754500
PCA(5),5,-0.15596794
PCA(5),5,-0.04795057
PCA(5),5,-0.12628582
PCA(5),5,-0.09117951
PCA(5),5,-0.09299787
PCA(5),5,-0.05633398
PCA(5),5,0.03561032
PCA(5),5,-0.17152264
PCA(5),5,-0.02293401
PCA(5),5,-0.02396394
PCA(5),5,-0.06238054
PCA(5),5,-0.13919789
PCA(5),5,-0.01513841
PCA(5),5,-0.05720878
PCA(5),5,-0.07885987
PCA(5),5,-0.03416156
PCA(5),5,-0.10527641
PCA(5),5,-0.05781651
PCA(5),5,-0.09950802
PCA(5),5,-0.13109534
PCA(5),5,-0.08228195
PCA(5),5,-0.02073164
PCA(5),5,-0.08644489
PCA(5),5,-0.03766211
PCA(5),5,-0.07315439
PCA(5),5,-0.02580057
PCA(5),5,-0.06757164
PCA(5),5,0.00297298
PCA(5),5,-0.08834026
PCA(5),5,-0.12074279
PCA(5),5,0.02477950
PCA(5),5,-0.04801768
PCA(5),5,-0.08148947
PCA(5),5,-0.06794281
PCA(5),5,-0.10933791
PCA(5),5,-0.03522776
PCA(5),5,-0.08418614
PCA(5),5,-0.03902586
PCA(5),5,-0.10658060
PCA(5),5,0.01587657
PCA(5),5,-0.11122275
PCA(5),5,-0.07168916
PCA(5),5,0.02717867
PCA(5),5,-0.17064480
PCA(5),5,-0.07451362
PCA(5),5,-0.04791519
PCA(5),5,-0.10338477
PCA(5),5,-0.07349879
PCA(5),5,-0.09939586
PCA(5),5,0.10725612
PCA(5),5,-0.11779086
PCA(5),5,-0.07486774
PCA(5),5,-0.03744929
PCA(5),5,-0.08054373
PCA(5),5,-0.08079946
PCA(5),5,-0.20654224
PCA(5),5,-0.03364045
PCA(5),5,-0.17448228
PCA(5),5,-0.09716545
PCA(5),5,-0.07658082
PCA(5),5,-0.00438193
PCA(5),5,-0.10788919
PCA(5),5,-0.21274446
PCA(5),5,-0.07125415
PCA(5),5,-0.08980682
PCA(5),5,-0.08242642
PCA(5),5,-0.10246493
PCA(5),5,-0.09698809
PCA(5),5,-0.02671304
PCA(5),5,0.01785045
PCA(5),5,-0.00549807
PCA(5),5,-0.18975671
PCA(5),5,-0.04522464
PCA(5),5,-0.19361470
PCA(5),5,-0.10867067
PCA(5),5,-0.10929349
PCA(5),5,-0.01725918
PCA(5),5,-0.13342172
PCA(5),5,0.02347791
PCA(5),5,-0.06031843
PCA(5),5,-0.15401819
PCA(5),5,-0.06184646
PCA(5),5,-0.16704020
PCA(5),5,-0.08485990
PCA(5),5,-0.13133239
PCA(5),5,-0.22330820
PCA(5),5,-0.09210129
PCA(5),5,-0.08615928
PCA(5),5,-0.06911732
PCA(5),5,0.01033360
PCA(5),5,0.03551664
PCA(5),5,-0.13718685
PCA(5),5,-0.17135578
PCA(5),5,-0.07622065
PCA(5),5,-0.09460076
PCA(5),5,-0.06182809
PCA(5),5,-0.08487295
PCA(5),5,-0.09928843
PCA(5),5,-0.12764192
PCA(5),5,-0.12366877
PCA(5),5,-0.09348096
PCA(5),5,-0.10051297
PCA(5),5,-0.08390844
PCA(5),5,-0.12466182
PCA(5),5,-0.01133802
PCA(5),5,-0.09966098
PCA(5),5,0.02541642
PCA(5),5,-0.10377515
PCA(5),5,-0.07459335
PCA(5),5,-0.09968852
PCA(5),5,-0.01485616
PCA(5),5,-0.13193766
PCA(5),5,-0.05366309
PCA(5),5,0.01553403
PCA(5),5,-0.05732044
PCA(5),5,-0.00644000
PCA(5),5,-0.12978919
PCA(5),5,0.03051233
PCA(5),5,-0.01364596
PCA(5),5,-0.02027375
PCA(5),5,-0.06026241
PCA(5),5,0.05775504
PCA(5),5,-0.09131805
PCA(5),5,-0.09067705
PCA(5),5,-0.06574002
PCA(5),5,-0.07332016
PCA(5),5,-0.10111965
PCA(5),5,-0.11728463
PCA(5),5,-0.03357883
PCA(5),5,0.00341664
PCA(5),5,-0.06339329
PCA(5),5,-0.00103481
PCA(5),5,-0.12220795
PCA(5),5,-0.02860384
PCA(5),5,-0.10191680
PCA(5),5,-0.07382511
PCA(5),5,-0.11800181
PCA(5),5,-0.07248274
PCA(5),5,0.01054023
PCA(5),5,-0.10824432
PCA(5),5,-0.05876766
PCA(5),5,-0.15738048
PCA(5),5,-0.01707576
PCA(5),5,-0.16402993
PCA(5),5,0.05716930
PCA(5),5,-0.08379984
PCA(5),5,-0.05037013
PCA(5),5,-0.14731056
PCA(5),5,-0.14647507
PCA(5),5,-0.08981383
PCA(5),5,-0.08574627
PCA(5),5,-0.09009698
PCA(5),5,-0.00114054
PCA(5),5,-0.07040141
PCA(5),5,-0.16742910
PCA(5),5,-0.09020550
PCA(5),5,-0.19522772
PCA(5),5,-0.07575327
PCA(5),5,-0.23432865
PCA(5),5,-0.16697299
PCA(5),5,-0.07513265
PCA(5),5,-0.10209389
PCA(5),5,-0.12556948
PCA(5),6,-0.04547868
PCA(5),6,0.01334631
PCA(5),6,-0.01836824
PCA(5),6,-0.00653887
PCA(5),6,-0.02991017
PCA(5),6,-0.08490160
PCA(5),6,-0.10487544
PCA(5),6,-0.01578554
PCA(5),6,0.02272194
PCA(5),6,-0.02011719
PCA(5),6,0.09225477
PCA(5),6,-0.00296436
PCA(5),6,-0.02183859
PCA(5),6,0.06105164
PCA(5),6,0.04877549
PCA(5),6,-0.04284285
PCA(5),6,-0.01669086
PCA(5),6,-0.05494225
PCA(5),6,-0.01107688
PCA(5),6,-0.00565240
PCA(5),6,0.03448457
PCA(5),6,-0.01506748
PCA(5),6,0.18261181
PCA(5),6,-0.12003247
PCA(5),6,-0.14209525
PCA(5),6,0.11489316
PCA(5),6,-0.02854146
PCA(5),6,0.05496488
PCA(5),6,-0.05042234
PCA(5),6,0.05289164
PCA(5),6,-0.03490421
PCA(5),6,0.12214293
PCA(5),6,-0.08076076
PCA(5),6,0.01427824
PCA(5),6,-0.08185402
PCA(5),6,0.06339057
PCA(5),6,0.09615843
PCA(5),6,-0.02457071
PCA(5),6,-0.00963676
PCA(5),6,0.08189675
PCA(5),6,0.02603850
PCA(5),6,-0.00141966
PCA(5),6,-0.03765316
PCA(5),6,0.04413456
PCA(5),6,0.00799979
PCA(5),6,0.01472532
PCA(5),6,0.00675500
PCA(5),6,-0.00008079
PCA(5),6,0.04802602
PCA(5),6,0.02878098
PCA(5),6,-0.05195533
PCA(5),6,-0.02273450
PCA(5),6,0.06744752
PCA(5),6,0.00842789
PCA(5),6,0.01654948
PCA(5),6,-0.07739809
PCA(5),6,-0.05593038
PCA(5),6,0.10578865
PCA(5),6,0.00188924
PCA(5),6,0.00110293
PCA(5),6,-0.10378462
PCA(5),6,-0.02284115
PCA(5),6,-0.02816613
PCA(5),6,0.00305086
PCA(5),6,-0.04654312
PCA(5),6,-0.08813839
PCA(5),6,-0.05733674
PCA(5),6,0.11071288
PCA(5),6,-0.05468346
PCA(5),6,-0.03733901
PCA(5),6,-0.04920479
PCA(5),6,-0.05341624
PCA(5),6,-0.02827949
PCA(5),6,-0.05999504
PCA(5),6,0.06605066
PCA(5),6,-0.01551577
PCA(5),6,-0.00116002
PCA(5),6,0.03656582
PCA(5),6,-0.03412160
PCA(5),6,-0.04552447
PCA(5),6,-0.08597664
PCA(5),6,-0.08289443
PCA(5),6,-0.03584320
PCA(5),6,-0.00891785
PCA(5),6,0.04620763
PCA(5),6,-0.00875747
PCA(5),6,-0.00901842
PCA(5),6,0.10223703
PCA(5),6,0.01111686
PCA(5),6,0.06941173
PCA(5),6,0.00079006
PCA(5),6,-0.04399758
PCA(5),6,0.08451300
PCA(5),6,0.24764993
PCA(5),6,-0.00238768
PCA(5),6,0.03940549
PCA(5),6,-0.03451698
PCA(5),6,-0.02706930
PCA(5),6,0.00042796
PCA(5),6,0.01567647
PCA(5),6,-0.00491341
PCA(5),6,-0.07851023
PCA(5),6,-0.03466931
PCA(5),6,0.12083955
PCA(5),6,-0.04004591
PCA(5),6,0.01971855
PCA(5),6,-0.02965494
PCA(5),6,-0.03130838
PCA(5),6,-0.05496293
PCA(5),6,-0.03847448
PCA(5),6,-0.04271556
PCA(5),6,0.05299000
PCA(5),6,0.02279508
PCA(5),6,-0.00255987
PCA(5),6,0.12595774
PCA(5),6,0.06751148
PCA(5),6,0.00674185
PCA(5),6,-0.01552084
PCA(5),6,-0.00650277
PCA(5),6,-0.08462652
PCA(5),6,-0.02160148
PCA(5),6,-0.07081912
PCA(5),6,-0.03826331
PCA(5),6,-0.01199694
PCA(5),6,-0.03456911
PCA(5),6,-0.02341048
PCA(5),6,0.00831486
PCA(5),6,-0.01439594
PCA(5),6,-0.00377143
PCA(5),6,0.04464928
PCA(5),6,0.01556771
PCA(5),6,-0.01016308
PCA(5),6,-0.04867412
PCA(5),6,-0.02732898
PCA(5),6,-0.02948792
PCA(5),6,0.01163877
PCA(5),6,0.14513636
PCA(5),6,0.00764272
PCA(5),6,-0.00752064
PCA(5),6,0.01628948
PCA(5),6,0.00841337
PCA(5),6,-0.01314849
PCA(5),6,0.02555379
PCA(5),6,0.05197589
PCA(5),6,0.08426151
PCA(5),6,0.12436024
PCA(5),6,-0.11134995
PCA(5),6,-0.05776445
PCA(5),6,0.06960102
PCA(5),6,-0.01557344
PCA(5),6,0.04621347
PCA(5),6,-0.01729143
PCA(5),6,0.02986281
PCA(5),6,-0.05243277
PCA(5),6,0.00264931
PCA(5),6,-0.01136784
PCA(5),6,-0.05985061
PCA(5),6,-0.04778286
PCA(5),6,-0.02880344
PCA(5),6,-0.00944711
PCA(5),6,0.02744597
PCA(5),6,0.00712817
PCA(5),6,-0.01524332
PCA(5),6,-0.05146238
PCA(5),6,-0.02365300
PCA(5),6,-0.00996420
PCA(5),6,-0.04547553
PCA(5),6,0.00727837
PCA(5),6,0.01845363
PCA(5),6,-0.01443434
PCA(5),6,0.02955380
PCA(5),6,-0.14763900
PCA(5),6,-0.04654129
PCA(5),6,-0.02912661
PCA(5),6,0.08630796
PCA(5),6,-0.04302551
PCA(5),6,-0.00528240
PCA(5),6,-0.08607491
PCA(5),6,0.01304943
PCA(5),6,-0.03417699
PCA(5),6,-0.00425980
PCA(5),6,-0.08151497
PCA(5),6,-0.00712397
PCA(5),6,-0.02497451
PCA(5),6,-0.03943764
PCA(5),6,-0.00477549
PCA(5),6,0.01097822
PCA(5),6,-0.06967295
PCA(5),6,-0.08996387
PCA(5),6,0.08769964
PCA(5),6,0.03740028
PCA(5),6,-0.05949460
PCA(5),6,-0.01273922
PCA(5),6,-0.04224756
PCA(5),6,0.03227695
PCA(5),6,0.10590530
PCA(5),6,-0.03027671
PCA(5),6,-0.02989168
PCA(5),6,-0.03516164
PCA(5),6,-0.02245673
PCA(5),6,-0.07067485
PCA(5),6,-0.00203241
PCA(5),6,-0.00277408
PCA(5),6,-0.07449867
PCA(5),6,0.05606006
PCA(5),6,0.25326209
PCA(5),6,-0.01853239
PCA(5),6,-0.09233374
PCA(5),6,-0.04943858
PCA(5),6,0.01249525
PCA(5),6,0.22784501
PCA(5),6,-0.01572132
PCA(5),6,-0.00088619
PCA(5),6,0.00576072
PCA(5),6,-0.02069625
PCA(5),6,-0.03727199
PCA(5),6,-0.01980593
PCA(5),6,-0.01493632
PCA(5),6,0.18758763
PCA(5),6,0.08838246
PCA(5),6,-0.02749170
PCA(5),6,-0.02823275
PCA(5),6,-0.03089017
PCA(5),6,-0.05080992
PCA(5),6,-0.05302860
PCA(5),6,-0.02512765
PCA(5),6,0.02146865
PCA(5),6,-0.01625061
PCA(5),6,0.01827188
PCA(5),6,-0.03209883
PCA(5),6,-0.04113933
PCA(5),6,0.01415318
PCA(5),6,0.03867175
PCA(5),6,-0.01715247
PCA(5),6,0.02544328
PCA(5),6,-0.10176907
PCA(5),6,0.01434233
PCA(5),6,0.00037771
PCA(5),6,-0.04840011
PCA(5),6,0.07110710
PCA(5),6,0.01015108
PCA(5),6,-0.00299212
PCA(5),6,-0.00298719
PCA(5),6,0.00144007
PCA(5),6,-0.09289649
PCA(5),6,0.04247758
PCA(5),6,-0.04148309
PCA(5),6,-0.01581435
PCA(5),6,-0.08466405
PCA(5),6,-0.10635432
PCA(5),6,0.00211049
PCA(5),6,-0.02016244
PCA(5),6,0.00422525
PCA(5),6,0.09561104
PCA(5),6,-0.04032673
PCA(5),6,0.04479950
PCA(5),6,-0.03925329
PCA(5),6,0.01095686
PCA(5),6,-0.01816017
PCA(5),6,-0.09108493
PCA(5),6,-0.02772423
PCA(5),6,-0.07514088
PCA(5),6,-0.06075291
PCA(5),6,-0.01198847
PCA(5),6,0.01089897
PCA(5),6,-0.03620572
PCA(5),6,0.05143812
PCA(5),6,-0.00997880
PCA(5),6,0.01958095
PCA(5),6,-0.03313327
PCA(5),6,0.01104333
PCA(5),6,-0.05387128
PCA(5),6,0.04177340
PCA(5),6,-0.01375019
PCA(5),6,0.03691329
PCA(5),6,-0.00448988
PCA(5),6,0.03770197
PCA(5),6,0.00195284
PCA(5),6,-0.10406745
PCA(5),6,-0.02467603
PCA(5),6,-0.00417913
PCA(5),6,-0.03489146
PCA(5),6,-0.01379731
PCA(5),6,0.00756526
PCA(5),6,0.02052672
PCA(5),6,-0.00338068
PCA(5),6,0.05422976
PCA(5),6,-0.05452847
PCA(5),6,-0.01590650
PCA(5),6,0.15770772
PCA(5),6,-0.04145710
PCA(5),6,0.00085251
PCA(5),6,-0.06891424
PCA(5),6,-0.02923961
PCA(5),6,-0.03949185
PCA(5),6,-0.06522133
PCA(5),6,0.07644348
PCA(5),6,-0.07932752
PCA(5),6,0.04909138
PCA(5),6,-0.01575584
PCA(5),6,-0.02486946
PCA(5),6,-0.06127847
PCA(5),6,0.05404001
PCA(5),6,-0.00156917
PCA(5),6,0.02623095
PCA(5),6,0.07333661
PCA(5),6,-0.02932256
PCA(5),6,-0.03416813
PCA(5),6,0.05106256
PCA(5),6,0.00438258
PCA(5),6,-0.00944307
PCA(5),6,-0.00579320
PCA(5),6,-0.02204435
PCA(5),6,-0.00444235
PCA(5),6,-0.02935140
PCA(5),6,-0.14577384
PCA(5),6,0.00162781
PCA(5),6,-0.03588076
PCA(5),6,0.00012580
PCA(5),6,-0.05306205
PCA(5),6,-0.03028826
PCA(5),6,-0.11301655
PCA(5),6,-0.01045389
PCA(5),6,0.00244613
PCA(5),6,0.24435289
PCA(5),6,-0.00052377
PCA(5),6,0.10160596
PCA(5),6,-0.00975061
PCA(5),6,-0.05039303
PCA(5),6,0.00270344
PCA(5),6,0.00159721
PCA(5),6,-0.07211950
PCA(5),6,-0.04515002
PCA(5),6,-0.09228540
PCA(5),6,-0.03732229
PCA(5),6,-0.03053100
PCA(5),6,0.15653874
PCA(5),6,0.14179819
PCA(5),6,-0.00451673
PCA(5),6,0.00097821
PCA(5),6,-0.02079415
PCA(5),6,-0.03558860
PCA(5),6,-0.09307747
PCA(5),6,-0.03106776
PCA(5),6,-0.00527192
PCA(5),6,-0.01038672
PCA(5),6,0.07168794
PCA(5),6,0.01535448
PCA(5),6,-0.01866724
PCA(5),6,-0.00627120
PCA(5),6,-0.00331256
PCA(5),6,-0.07437864
PCA(5),6,0.03132410
PCA(5),6,0.05810208
PCA(5),6,-0.06865413
PCA(5),6,-0.03891192
PCA(5),6,-0.00777985
PCA(5),6,0.00524103
PCA(5),6,0.05539507
PCA(5),6,-0.04574842
PCA(5),6,0.00845443
PCA(5),6,-0.03026468
PCA(5),6,0.14554055
PCA(5),6,-0.01648145
PCA(5),6,-0.04794590
PCA(5),6,0.08297733
PCA(5),6,-0.05671356
PCA(5),6,-0.03418671
PCA(5),6,0.03828847
PCA(5),6,-0.00704979
PCA(5),6,0.03060655
PCA(5),6,0.00611872
PCA(5),6,0.00235328
PCA(5),6,-0.07264153
PCA(5),6,-0.03018826
PCA(5),6,-0.07110235
PCA(5),6,0.03144775
PCA(5),6,-0.06297447
PCA(5),6,-0.02250310
PCA(5),6,-0.01785607
PCA(5),6,-0.03868228
PCA(5),6,-0.01380122
PCA(5),6,0.00257762
PCA(5),6,0.04686146
PCA(5),6,-0.04460624
PCA(5),6,-0.01647677
PCA(5),6,0.01598093
PCA(5),6,-0.02802506
PCA(5),6,0.03398404
PCA(5),6,-0.08195257
PCA(5),6,-0.01098445
PCA(5),6,-0.03508422
PCA(5),6,0.12632833
PCA(5),6,0.01513631
PCA(5),6,-0.05976065
PCA(5),6,-0.03173974
PCA(5),6,-0.09671659
PCA(5),6,-0.11738118
PCA(5),6,0.02083963
PCA(5),6,0.00120027
PCA(5),6,-0.02285331
PCA(5),6,-0.00512462
PCA(5),6,-0.01468746
PCA(5),6,-0.08289098
PCA(5),6,0.00581513
PCA(5),6,0.03482283
PCA(5),6,-0.04443128
PCA(5),6,0.02928506
PCA(5),6,-0.03410601
PCA(5),6,-0.05664438
PCA(5),6,-0.02754048
PCA(5),6,0.13509837
PCA(5),6,0.07425422
PCA(5),6,0.00464097
PCA(5),6,-0.02688177
PCA(5),6,0.04003613
PCA(5),6,-0.03056651
PCA(5),6,0.00246798
PCA(5),6,-0.04127595
PCA(5),6,-0.01521109
PCA(5),6,0.14261816
PCA(5),6,-0.04424056
PCA(5),6,-0.04764273
PCA(5),6,0.00567901
PCA(5),6,0.04642756
PCA(5),6,0.01072229
PCA(5),6,-0.12637533
PCA(5),6,0.00703157
PCA(5),6,-0.04424587
PCA(5),6,-0.02579679
PCA(5),6,-0.05967988
PCA(5),6,-0.09046129
PCA(5),6,-0.04411980
PCA(5),6,0.02122218
PCA(5),6,-0.08311689
PCA(5),6,-0.02454503
PCA(5),6,0.04548358
PCA(5),6,-0.01198192
PCA(5),6,-0.13353419
PCA(5),6,0.00248327
PCA(5),6,0.05994429
PCA(5),6,-0.01074898
PCA(5),6,0.06588739
PCA(5),6,-0.06376033
PCA(5),6,-0.06118400
PCA(5),6,-0.03747187
PCA(5),6,-0.14933573
PCA(5),6,-0.09069858
PCA(5),6,0.01138608
PCA(5),6,-0.02048627
PCA(5),6,-0.13625001
PCA(5),6,0.10022848
PCA(5),6,-0.03213406
PCA(5),6,-0.05127763
PCA(5),6,-0.03489041
PCA(5),6,0.04249906
PCA(5),6,-0.03351425
PCA(5),6,-0.01877127
PCA(5),6,-0.01143200
PCA(5),6,-0.03378749
LASSO,1,0.09763348
LASSO,1,0.05806114
LASSO,1,-0.00493004
LASSO,1,0.00364979
LASSO,1,0.00746610
LASSO,1,-0.02563351
LASSO,1,0.05844706
LASSO,1,0.05923486
LASSO,1,-0.02356114
LASSO,1,-0.09693900
LASSO,1,0.03210463
LASSO,1,0.01556332
LASSO,1,0.02381808
LASSO,1,0.00326174
LASSO,1,-0.01617792
LASSO,1,0.02647038
LASSO,1,0.00639436
LASSO,1,-0.04259667
LASSO,1,0.13268832
LASSO,1,0.08448559
LASSO,1,-0.00960314
LASSO,1,0.00396058
LASSO,1,0.00240546
LASSO,1,0.05728745
LASSO,1,0.10448394
LASSO,1,0.13667304
LASSO,1,-0.00652148
LASSO,1,0.11199316
LASSO,1,-0.01736875
LASSO,1,0.08831250
LASSO,1,0.06904708
LASSO,1,0.03676284
LASSO,1,0.13734053
LASSO,1,0.02229934
LASSO,1,0.14746921
LASSO,1,-0.02333110
LASSO,1,-0.01990249
LASSO,1,0.03836134
LASSO,1,0.06223051
LASSO,1,0.12162762
LASSO,1,0.15001487
LASSO,1,-0.02474565
LASSO,1,0.03745296
LASSO,1,0.08482033
LASSO,1,-0.03435003
LASSO,1,0.03266016
LASSO,1,0.04273508
LASSO,1,0.06797547
LASSO,1,0.02158623
LASSO,1,0.00434948
LASSO,1,-0.01119401
LASSO,1,0.06286897
LASSO,1,0.04658831
LASSO,1,0.06866574
LASSO,1,0.01534165
LASSO,1,0.02553364
LASSO,1,0.05614137
LASSO,1,0.05918464
LASSO,1,0.03222772
LASSO,1,0.07337798
LASSO,1,0.05284666
LASSO,1,-0.02250053
LASSO,1,0.06974875
LASSO,1,0.11677937
LASSO,1,0.03014472
LASSO,1,-0.07051836
LASSO,1,-0.01497982
LASSO,1,0.06848509
LASSO,1,0.01365811
LASSO,1,0.06782167
LASSO,1,0.05031497
LASSO,1,-0.00772367
LASSO,1,-0.00914203
LASSO,1,-0.06818853
LASSO,1,-0.04228606
LASSO,1,-0.03395387
LASSO,1,-0.04852654
LASSO,1,0.01613397
LASSO,1,0.14290841
LASSO,1,0.18864709
LASSO,1,0.02795794
LASSO,1,-0.04017316
LASSO,1,0.19969220
LASSO,1,0.08165269
LASSO,1,0.02937742
LASSO,1,-0.01427851
LASSO,1,-0.00443505
LASSO,1,0.13250536
LASSO,1,0.12438171
LASSO,1,0.03848361
LASSO,1,0.07165288
LASSO,1,0.08650306
LASSO,1,0.24741553
LASSO,1,0.03424745
LASSO,1,-0.00135286
LASSO,1,-0.01594082
LASSO,1,-0.02108678
LASSO,1,-0.04804309
LASSO,1,0.16860830
LASSO,1,0.02727904
LASSO,1,0.09523934
LASSO,1,0.04242519
LASSO,1,0.08947504
LASSO,1,-0.02849093
LASSO,1,0.20897305
LASSO,1,-0.01832886
LASSO,1,0.05780885
LASSO,1,-0.01146096
LASSO,1,0.02424008
LASSO,1,0.02961596
LASSO,1,0.01036494
LASSO,1,-0.01115230
LASSO,1,0.02739136
LASSO,1,0.01047247
LASSO,1,-0.00900812
LASSO,1,-0.02273956
LASSO,1,0.00325730
LASSO,1,-0.01978456
LASSO,1,-0.00869417
LASSO,1,0.01934058
LASSO,1,0.05804505
LASSO,1,0.01911143
LASSO,1,0.03874265
LASSO,1,0.05287782
LASSO,1,0.07215050
LASSO,1,0.18813733
LASSO,1,0.18068832
LASSO,1,-0.02414535
LASSO,1,0.01566677
LASSO,1,-0.01161159
LASSO,1,0.00021433
LASSO,1,0.00015755
LASSO,1,-0.01948764
LASSO,1,0.02354417
LASSO,1,-0.01944491
LASSO,1,-0.00051646
LASSO,1,-0.02333683
LASSO,1,-0.00161583
LASSO,1,-0.02181965
LASSO,1,-0.02671757
LASSO,1,0.04478757
LASSO,1,0.05331205
LASSO,1,0.00632784
LASSO,1,0.03393520
LASSO,1,0.03045391
LASSO,1,0.01757790
LASSO,1,-0.01645290
LASSO,2,0.07648853
LASSO,2,-0.00977247
LASSO,2,0.00914996
LASSO,2,0.06233809
LASSO,2,0.02157682
LASSO,2,0.00646335
LASSO,2,0.11217493
LASSO,2,0.07474897
LASSO,2,0.12337051
LASSO,2,-0.01785672
LASSO,2,0.11632790
LASSO,2,0.01006559
LASSO,2,0.07698736
LASSO,2,0.02114561
LASSO,2,0.06844360
LASSO,2,-0.00736286
LASSO,2,0.02990193
LASSO,2,0.02469383
LASSO,2,-0.01215880
LASSO,2,0.09484504
LASSO,2,0.07994345
LASSO,2,0.01830939
LASSO,2,0.00480038
LASSO,2,-0.06656355
LASSO,2,0.01643386
LASSO,2,0.00610210
LASSO,2,0.01472252
LASSO,2,-0.02675357
LASSO,2,0.03078275
LASSO,2,0.03674659
LASSO,2,-0.02313510
LASSO,2,0.02220945
LASSO,2,0.03866722
LASSO,2,-0.01015619
LASSO,2,0.05003118
LASSO,2,0.00663990
LASSO,2,0.03044948
LASSO,2,0.05018163
LASSO,2,-0.01862157
LASSO,2,0.04090175
LASSO,2,-0.04784625
LASSO,2,-0.01646268
LASSO,2,0.01015547
LASSO,2,-0.02736961
LASSO,2,-0.03825377
LASSO,2,0.08915676
LASSO,2,-0.03060495
LASSO,2,0.01339800
LASSO,2,0.00683283
LASSO,2,0.03937375
LASSO,2,0.04830612
LASSO,2,0.00943910
LASSO,2,0.06198843
LASSO,2,0.00655672
LASSO,2,0.01000001
LASSO,2,0.05230632
LASSO,2,0.08827610
LASSO,2,0.03101096
LASSO,2,0.10739448
LASSO,2,-0.01252595
LASSO,2,0.03792082
LASSO,2,0.03217098
LASSO,2,-0.04546820
LASSO,2,0.01733974
LASSO,2,0.02557072
LASSO,2,0.01522276
LASSO,2,0.02041372
LASSO,2,0.02148864
LASSO,2,0.02258729
LASSO,2,-0.02038708
LASSO,2,0.02862039
LASSO,2,-0.01774772
LASSO,2,-0.01141269
LASSO,2,-0.05616723
LASSO,2,-0.04215067
LASSO,2,0.04692230
LASSO,2,-0.07889152
LASSO,2,0.06005037
LASSO,2,-0.01757205
LASSO,2,-0.01108603
LASSO,2,0.10785681
LASSO,2,0.05876129
LASSO,2,-0.06791032
LASSO,2,0.05204125
LASSO,2,-0.02943482
LASSO,2,-0.01896400
LASSO,2,0.00545502
LASSO,2,0.07200632
LASSO,2,-0.03451068
LASSO,2,0.07090491
LASSO,2,-0.01775684
LASSO,2,0.00363474
LASSO,2,0.08053710
LASSO,2,0.00356256
LASSO,2,0.01620448
LASSO,2,-0.05310646
LASSO,2,0.02789988
LASSO,2,-0.06149610
LASSO,2,0.03488541
LASSO,2,-0.02796574
LASSO,2,0.07799762
LASSO,2,0.05563640
LASSO,2,-0.01844738
LASSO,2,-0.04323707
LASSO,2,0.07768266
LASSO,2,0.02701796
LASSO,2,0.04000362
LASSO,2,-0.00170000
LASSO,2,-0.02536727
LASSO,2,0.02813974
LASSO,2,-0.01285123
LASSO,2,0.00801197
LASSO,2,0.03666853
LASSO,2,0.01460738
LASSO,2,0.06893227
LASSO,2,-0.00698620
LASSO,2,0.03529663
LASSO,2,0.03966861
LASSO,2,0.01237165
LASSO,2,-0.00687656
LASSO,2,0.10413845
LASSO,2,-0.09137192
LASSO,2,0.06326100
LASSO,2,0.05484148
LASSO,2,0.08327904
LASSO,2,0.00946129
LASSO,2,0.08682502
LASSO,2,-0.03059924
LASSO,2,-0.05217338
LASSO,2,-0.00636395
LASSO,2,-0.01699387
LASSO,2,0.00131073
LASSO,2,0.04393729
LASSO,2,0.05499573
LASSO,2,-0.00603055
LASSO,2,0.10546625
LASSO,2,0.03017085
LASSO,2,0.04654293
LASSO,2,0.02967141
LASSO,2,0.02558647
LASSO,2,0.05221328
LASSO,2,0.01799222
LASSO,2,0.08008088
LASSO,2,-0.03877484
LASSO,2,0.13334303
LASSO,2,0.01679796
LASSO,2,-0.02852431
LASSO,2,-0.00236250
LASSO,2,-0.02161300
LASSO,2,-0.00323018
LASSO,3,0.06247960
LASSO,3,0.27423427
LASSO,3,0.10545755
LASSO,3,0.10167864
LASSO,3,0.15297656
LASSO,3,0.17180086
LASSO,3,0.04281098
LASSO,3,0.06559947
LASSO,3,0.08195670
LASSO,3,0.11645697
LASSO,3,0.19685760
LASSO,3,0.03119754
LASSO,3,0.06460458
LASSO,3,0.05636248
LASSO,3,0.14082545
LASSO,3,0.14467196
LASSO,3,0.07451976
LASSO,3,0.17887612
LASSO,3,0.14059852
LASSO,3,0.12354709
LASSO,3,0.14602534
LASSO,3,0.02588937
LASSO,3,0.03401681
LASSO,3,0.05997970
LASSO,3,0.01253298
LASSO,3,0.09792440
LASSO,3,0.15959090
LASSO,3,0.11577737
LASSO,3,0.12099700
LASSO,3,0.11351116
LASSO,3,0.20612984
LASSO,3,0.08115526
LASSO,3,0.10732877
LASSO,3,0.11344047
LASSO,3,0.13917115
LASSO,3,0.06607092
LASSO,3,0.13814792
LASSO,3,0.10057651
LASSO,3,0.01461545
LASSO,3,0.04118065
LASSO,3,0.25686715
LASSO,3,0.18117913
LASSO,3,0.14446407
LASSO,3,0.14377203
LASSO,3,0.11707023
LASSO,3,0.16831505
LASSO,3,0.15066102
LASSO,3,0.05857980
LASSO,3,0.15179570
LASSO,3,0.14590542
LASSO,3,0.01105923
LASSO,3,0.03601745
LASSO,3,0.07822042
LASSO,3,0.11581241
LASSO,3,0.08472357
LASSO,3,0.23109638
LASSO,3,0.05153127
LASSO,3,0.07426943
LASSO,3,0.05444070
LASSO,3,0.19411759
LASSO,3,0.09303622
LASSO,3,0.04676594
LASSO,3,0.01484257
LASSO,3,0.20125867
LASSO,3,0.16408136
LASSO,3,0.12597082
LASSO,3,0.09417134
LASSO,3,0.21371743
LASSO,3,0.05686443
LASSO,3,0.18225192
LASSO,3,0.14090996
LASSO,3,0.07117623
LASSO,3,0.10440813
LASSO,3,0.06833736
LASSO,3,0.07025472
LASSO,3,0.08425958
LASSO,3,0.04671965
LASSO,3,0.13790845
LASSO,3,0.07565486
LASSO,3,0.11305806
LASSO,3,0.10497719
LASSO,3,0.05359273
LASSO,3,0.11042746
LASSO,3,0.01377404
LASSO,3,0.02157747
LASSO,3,0.17474393
LASSO,3,0.06699380
LASSO,3,0.14573406
LASSO,3,0.02765017
LASSO,3,0.17382117
LASSO,3,0.03616538
LASSO,3,0.03125891
LASSO,3,0.06076647
LASSO,3,0.24317018
LASSO,3,0.06551924
LASSO,3,0.05681226
LASSO,3,0.08828651
LASSO,3,0.09383800
LASSO,3,0.16394262
LASSO,3,0.11994433
LASSO,3,0.15635735
LASSO,3,-0.03123754
LASSO,3,0.09341421
LASSO,3,0.07027202
LASSO,3,0.01977505
LASSO,3,0.07706063
LASSO,3,0.17240820
LASSO,3,0.10853163
LASSO,3,0.08018637
LASSO,3,0.14603307
LASSO,3,0.03820126
LASSO,3,0.07966374
LASSO,3,0.11078561
LASSO,3,0.16078163
LASSO,3,0.16118148
LASSO,3,0.05696763
LASSO,3,0.11187645
LASSO,3,0.11889980
LASSO,3,0.05164794
LASSO,3,0.12429207
LASSO,3,0.05864468
LASSO,3,0.14911787
LASSO,3,0.10921449
LASSO,3,0.11053371
LASSO,3,0.08902035
LASSO,3,0.08282530
LASSO,3,0.11293650
LASSO,3,0.01490480
LASSO,3,0.07749253
LASSO,3,0.09083123
LASSO,3,0.07164087
LASSO,3,0.12378228
LASSO,3,0.16822037
LASSO,3,0.09097127
LASSO,3,0.11426048
LASSO,3,0.21753771
LASSO,3,0.10948634
LASSO,3,0.11060538
LASSO,3,0.13746412
LASSO,3,0.12909221
LASSO,3,0.15176400
LASSO,3,0.05630859
LASSO,3,0.08944729
LASSO,3,0.14949692
LASSO,3,0.31772628
LASSO,3,0.13141028
LASSO,3,0.14467905
LASSO,3,0.17435097
LASSO,4,0.02869072
LASSO,4,0.04155532
LASSO,4,0.27960727
LASSO,4,0.11281959
LASSO,4,0.13521411
LASSO,4,0.03439720
LASSO,4,0.13937003
LASSO,4,0.01414835
LASSO,4,0.05137976
LASSO,4,-0.14142702
LASSO,4,0.07187953
LASSO,4,0.03957176
LASSO,4,0.04094532
LASSO,4,0.10725570
LASSO,4,-0.00499914
LASSO,4,0.16727839
LASSO,4,0.02614589
LASSO,4,0.05010236
LASSO,4,-0.03012574
LASSO,4,-0.02419163
LASSO,4,0.07636394
LASSO,4,0.07224451
LASSO,4,0.10428166
LASSO,4,0.01407563
LASSO,4,0.04399008
LASSO,4,0.12777597
LASSO,4,0.05871433
LASSO,4,0.02944209
LASSO,4,0.04867354
LASSO,4,-0.00845959
LASSO,4,0.06392904
LASSO,4,0.05632071
LASSO,4,0.04931491
LASSO,4,0.04689129
LASSO,4,0.15944261
LASSO,4,0.08818400
LASSO,4,0.06144134
LASSO,4,0.06220349
LASSO,4,0.14940801
LASSO,4,0.07202607
LASSO,4,-0.03505039
LASSO,4,0.04993346
LASSO,4,0.07590234
LASSO,4,0.07452131
LASSO,4,0.03844471
LASSO,4,0.02549321
LASSO,4,0.05372009
LASSO,4,0.04425797
LASSO,4,0.00898967
LASSO,4,0.11919058
LASSO,4,0.24290205
LASSO,4,0.00833353
LASSO,4,0.00622627
LASSO,4,0.02263098
LASSO,4,0.06846529
LASSO,4,0.03429725
LASSO,4,-0.00868506
LASSO,4,0.04346982
LASSO,4,0.09486186
LASSO,4,0.02900042
LASSO,4,0.05984683
LASSO,4,0.04669083
LASSO,4,0.05770590
LASSO,4,0.14048041
LASSO,4,-0.00834552
LASSO,4,0.00352608
LASSO,4,0.04765657
LASSO,4,-0.01598363
LASSO,4,0.01121231
LASSO,4,0.07277767
LASSO,4,0.11746717
LASSO,4,0.03063153
LASSO,4,0.00864842
LASSO,4,0.03750040
LASSO,4,0.11963526
LASSO,4,0.06649504
LASSO,4,0.09640710
LASSO,4,0.00257748
LASSO,4,0.01839354
LASSO,4,0.05476990
LASSO,4,0.15750719
LASSO,4,0.07688958
LASSO,4,0.10407124
LASSO,4,0.07300096
LASSO,4,0.24135062
LASSO,4,0.19909881
LASSO,4,0.00200026
LASSO,4,-0.02030895
LASSO,4,0.06859857
LASSO,4,0.00202662
LASSO,4,0.04747358
LASSO,4,0.03378882
LASSO,4,0.18360339
LASSO,4,0.01983279
LASSO,4,0.08478934
LASSO,4,0.00467480
LASSO,4,-0.01623926
LASSO,4,0.04172950
LASSO,4,0.15612875
LASSO,4,0.03296380
LASSO,4,0.10298164
LASSO,4,0.04470401
LASSO,4,0.02050916
LASSO,4,0.17189392
LASSO,4,0.00511797
LASSO,4,-0.14418429
LASSO,4,0.11124755
LASSO,4,-0.01100414
LASSO,4,0.06614363
LASSO,4,0.13863094
LASSO,4,0.10289490
LASSO,4,0.11713119
LASSO,4,0.00507763
LASSO,4,0.10920221
LASSO,4,0.06365292
LASSO,4,0.03651094
LASSO,4,0.06928961
LASSO,4,0.04269350
LASSO,4,0.10772797
LASSO,4,0.06557494
LASSO,4,0.00212177
LASSO,4,0.14441798
LASSO,4,-0.11200432
LASSO,4,0.12516558
LASSO,4,0.04098999
LASSO,4,0.06887126
LASSO,4,0.06348759
LASSO,4,0.04347342
LASSO,4,0.00033407
LASSO,4,0.08494758
LASSO,4,0.04860478
LASSO,4,-0.00068208
LASSO,4,0.06776517
LASSO,4,0.00244927
LASSO,4,0.12397012
LASSO,4,0.10921429
LASSO,4,-0.02466152
LASSO,4,0.03884745
LASSO,4,0.04618829
LASSO,4,0.12096907
LASSO,4,-0.00179114
LASSO,4,0.07587135
LASSO,4,0.03400637
LASSO,4,0.09391602
LASSO,4,0.07200802
LASSO,4,0.15151037
LASSO,4,0.02699544
LASSO,4,-0.12447876
LASSO,4,0.04246156
LASSO,4,0.06915326
LASSO,4,0.05121484
LASSO,4,-0.00545905
LASSO,4,0.10800751
LASSO,4,0.05101374
LASSO,5,-0.05619158
LASSO,5,-0.10503251
LASSO,5,-0.13378514
LASSO,5,-0.05931027
LASSO,5,-0.03887374
LASSO,5,-0.05767452
LASSO,5,-0.09024019
LASSO,5,-0.05647611
LASSO,5,0.01417361
LASSO,5,-0.05195080
LASSO,5,-0.12201047
LASSO,5,-0.04906001
LASSO,5,-0.06111143
LASSO,5,-0.01932102
LASSO,5,0.04864306
LASSO,5,-0.07453052
LASSO,5,-0.06474931
LASSO,5,-0.06103270
LASSO,5,-0.06162212
LASSO,5,-0.05826992
LASSO,5,-0.08636944
LASSO,5,-0.02182426
LASSO,5,-0.06404423
LASSO,5,-0.05568287
LASSO,5,-0.05255148
LASSO,5,-0.04233146
LASSO,5,-0.02926265
LASSO,5,-0.02996595
LASSO,5,-0.09940725
LASSO,5,-0.06148245
LASSO,5,-0.06203626
LASSO,5,-0.04808533
LASSO,5,-0.12240810
LASSO,5,-0.04271417
LASSO,5,0.02581059
LASSO,5,-0.03407166
LASSO,5,0.03266584
LASSO,5,0.00378172
LASSO,5,-0.05943561
LASSO,5,-0.07203046
LASSO,5,-0.04248622
LASSO,5,-0.06263328
LASSO,5,-0.08862402
LASSO,5,-0.01740054
LASSO,5,-0.06490600
LASSO,5,-0.07584791
LASSO,5,-0.03921632
LASSO,5,-0.07073546
LASSO,5,-0.12665294
LASSO,5,-0.04617976
LASSO,5,-0.08284094
LASSO,5,0.04160220
LASSO,5,-0.04745207
LASSO,5,0.08107921
LASSO,5,-0.08020964
LASSO,5,0.00782409
LASSO,5,-0.06300366
LASSO,5,-0.07778276
LASSO,5,-0.07825891
LASSO,5,0.00086701
LASSO,5,-0.09612320
LASSO,5,-0.03217116
LASSO,5,0.04201428
LASSO,5,0.06904683
LASSO,5,-0.05131268
LASSO,5,-0.04312052
LASSO,5,-0.04180344
LASSO,5,-0.07248102
LASSO,5,-0.05206295
LASSO,5,0.00994900
LASSO,5,-0.05721198
LASSO,5,0.16529205
LASSO,5,-0.01917441
LASSO,5,-0.09266751
LASSO,5,0.01458103
LASSO,5,0.06474833
LASSO,5,-0.08022914
LASSO,5,-0.03476028
LASSO,5,-0.05910039
LASSO,5,-0.01730198
LASSO,5,-0.09927077
LASSO,5,-0.06496867
LASSO,5,-0.10427062
LASSO,5,-0.05947725
LASSO,5,-0.04042431
LASSO,5,0.03059326
LASSO,5,-0.05002210
LASSO,5,-0.06503724
LASSO,5,-0.04160183
LASSO,5,-0.08081127
LASSO,5,-0.08141669
LASSO,5,-0.08215696
LASSO,5,-0.06312227
LASSO,5,-0.06361330
LASSO,5,-0.04829138
LASSO,5,0.01938397
LASSO,5,-0.12931745
LASSO,5,-0.07373899
LASSO,5,-0.17849438
LASSO,5,-0.07616711
LASSO,5,-0.07665031
LASSO,5,-0.04351330
LASSO,5,-0.12589798
LASSO,5,-0.05294146
LASSO,5,-0.04770420
LASSO,5,-0.04612269
LASSO,5,0.04925228
LASSO,5,0.06563569
LASSO,5,0.00419873
LASSO,5,-0.06750990
LASSO,5,-0.03766799
LASSO,5,-0.00950077
LASSO,5,-0.03935677
LASSO,5,-0.04011152
LASSO,5,-0.06977603
LASSO,5,-0.08610426
LASSO,5,-0.06750011
LASSO,5,-0.02509092
LASSO,5,-0.04439515
LASSO,5,-0.01882358
LASSO,5,-0.04297082
LASSO,5,-0.07903615
LASSO,5,-0.05636334
LASSO,5,-0.03229672
LASSO,5,-0.06697837
LASSO,5,0.01800556
LASSO,5,-0.07878994
LASSO,5,-0.04176311
LASSO,5,-0.07439900
LASSO,5,-0.06340425
LASSO,5,-0.05307531
LASSO,5,-0.12309054
LASSO,5,-0.02557695
LASSO,5,-0.10866092
LASSO,5,-0.12553725
LASSO,5,-0.05367133
LASSO,5,-0.01689962
LASSO,5,-0.02024593
LASSO,5,-0.09588561
LASSO,5,-0.08714692
LASSO,5,-0.03726670
LASSO,5,-0.08646621
LASSO,5,-0.06105339
LASSO,5,-0.03865362
LASSO,5,-0.05639824
LASSO,5,-0.06358420
LASSO,5,0.00114514
LASSO,5,-0.09334248
LASSO,5,-0.03188440
LASSO,5,-0.03834368
LASSO,5,-0.01379756
LASSO,5,-0.04250895
LASSO,5,0.04655074
LASSO,5,-0.02134834
LASSO,5,0.01023185
LASSO,5,0.00318809
LASSO,5,-0.01889568
LASSO,5,-0.04875905
LASSO,5,-0.07427304
LASSO,5,-0.09006254
LASSO,5,-0.10643771
LASSO,5,-0.05785135
LASSO,5,-0.03260191
LASSO,5,-0.09583216
LASSO,5,-0.05772610
LASSO,5,-0.12807870
LASSO,5,-0.15017191
LASSO,5,-0.11517146
LASSO,5,-0.04990509
LASSO,5,-0.08099906
LASSO,6,0.01885224
LASSO,6,-0.01141173
LASSO,6,-0.00202781
LASSO,6,-0.08168614
LASSO,6,-0.01010267
LASSO,6,0.02337199
LASSO,6,-0.01875553
LASSO,6,-0.00920818
LASSO,6,-0.01535529
LASSO,6,0.06189623
LASSO,6,0.04800567
LASSO,6,-0.01361792
LASSO,6,0.03420308
LASSO,6,-0.01924955
LASSO,6,-0.04321624
LASSO,6,-0.07700472
LASSO,6,0.06756336
LASSO,6,0.10125313
LASSO,6,-0.01563792
LASSO,6,0.07666675
LASSO,6,0.01761684
LASSO,6,0.00442201
LASSO,6,0.03406037
LASSO,6,-0.04641042
LASSO,6,-0.00810399
LASSO,6,0.01492842
LASSO,6,0.01725798
LASSO,6,0.00152863
LASSO,6,-0.01494498
LASSO,6,-0.08586251
LASSO,6,-0.02988998
LASSO,6,-0.04607640
LASSO,6,-0.05783020
LASSO,6,0.05652961
LASSO,6,-0.02673908
LASSO,6,0.04526373
LASSO,6,0.02195200
LASSO,6,0.00283163
LASSO,6,-0.03655010
LASSO,6,0.08867410
LASSO,6,-0.01210384
LASSO,6,-0.07281713
LASSO,6,-0.02473795
LASSO,6,-0.03565554
LASSO,6,-0.02302118
LASSO,6,-0.02624718
LASSO,6,-0.04462938
LASSO,6,0.04763924
LASSO,6,-0.00676066
LASSO,6,-0.00068522
LASSO,6,-0.00946478
LASSO,6,-0.02216014
LASSO,6,0.13463878
LASSO,6,0.01262226
LASSO,6,0.00309502
LASSO,6,-0.00188859
LASSO,6,0.05052141
LASSO,6,-0.04459506
LASSO,6,-0.00955298
LASSO,6,-0.00951938
LASSO,6,-0.00004149
LASSO,6,-0.04275831
LASSO,6,-0.02261842
LASSO,6,0.01043962
LASSO,6,-0.02866820
LASSO,6,-0.00163050
LASSO,6,-0.03783005
LASSO,6,0.01151523
LASSO,6,-0.18088906
LASSO,6,0.07672924
LASSO,6,0.01480577
LASSO,6,-0.01114103
LASSO,6,-0.03052674
LASSO,6,0.01633903
LASSO,6,-0.06482099
LASSO,6,-0.09313092
LASSO,6,-0.03073082
LASSO,6,0.03583390
LASSO,6,-0.02474807
LASSO,6,-0.02752310
LASSO,6,0.05836403
LASSO,6,-0.01074456
LASSO,6,-0.07359382
LASSO,6,0.00795112
LASSO,6,0.22089064
LASSO,6,0.00843644
LASSO,6,-0.03930079
LASSO,6,-0.00718947
LASSO,6,0.16195398
LASSO,6,-0.01753511
LASSO,6,-0.01879535
LASSO,6,-0.01674657
LASSO,6,-0.03674928
LASSO,6,-0.03946626
LASSO,6,0.01664428
LASSO,6,0.02789658
LASSO,6,-0.01643861
LASSO,6,-0.02966915
LASSO,6,0.01722128
LASSO,6,0.03995745
LASSO,6,0.01197017
LASSO,6,-0.03426288
LASSO,6,0.00492358
LASSO,6,-0.03854692
LASSO,6,0.01864975
LASSO,6,0.00586751
LASSO,6,-0.10245842
LASSO,6,-0.00862738
LASSO,6,-0.07045392
LASSO,6,-0.10348723
LASSO,6,0.08612036
LASSO,6,-0.05051179
LASSO,6,0.01407709
LASSO,6,-0.02077200
LASSO,6,-0.06974901
LASSO,6,-0.04930037
LASSO,6,0.01532727
LASSO,6,0.01735350
LASSO,6,-0.02217083
LASSO,6,0.01627125
LASSO,6,-0.04693811
LASSO,6,0.04721360
LASSO,6,-0.00848635
LASSO,6,0.02706792
LASSO,6,-0.00470145
LASSO,6,-0.02764822
LASSO,6,0.00183820
LASSO,6,0.04044008
LASSO,6,-0.04723410
LASSO,6,-0.00007141
LASSO,6,-0.03244381
LASSO,6,0.07157858
LASSO,6,-0.10351982
LASSO,6,-0.04653505
LASSO,6,0.06191277
LASSO,6,-0.00109008
LASSO,6,-0.01930070
LASSO,6,-0.01367729
LASSO,6,0.00585071
LASSO,6,-0.03599332
LASSO,6,-0.14582481
LASSO,6,0.01367524
LASSO,6,-0.03343924
LASSO,6,0.00880104
LASSO,6,-0.04237079
LASSO,6,-0.02341424
LASSO,6,0.00969669
LASSO,6,0.10210514
LASSO,6,0.00193752
LASSO,6,-0.06304347
LASSO,6,-0.03349096
LASSO,6,-0.08261116
LASSO,6,-0.02815433
LASSO,6,-0.00168370
LASSO,6,-0.02310240
LASSO,6,-0.00264384
LASSO,6,0.00539428
LASSO,6,-0.06691918
LASSO,6,0.04075619
LASSO,6,-0.03465859
LASSO,6,0.01523148
LASSO,6,0.04770803
LASSO,6,-0.00438076
LASSO,6,0.08698710
LASSO,6,-0.06012838
LASSO,6,0.00076352
LASSO,6,0.00817155
LASSO,6,-0.02329698
LASSO,6,0.00954775
LASSO,6,-0.00656969
LASSO,6,0.00925535
LASSO,6,-0.00661778
LASSO,6,-0.03389402
LASSO,6,0.12505925
LASSO,6,-0.09353800
LASSO,6,0.02020530
LASSO,6,-0.02125821
LASSO,6,-0.02369297
LASSO,6,0.03271138
LASSO,6,-0.03171424
LASSO,6,-0.02275191
LASSO,6,-0.02934649
LASSO,6,-0.02416333
LASSO,6,0.00958341
LASSO,6,0.04003111
LASSO,6,0.01004374
LASSO,6,0.00551723
LASSO,6,-0.02399807
LASSO,6,-0.05445005
LASSO,6,0.02534384
LASSO,6,-0.01895481
LASSO,6,-0.00584284
LASSO,6,0.00756583
LASSO,6,-0.00487748
LASSO,6,0.07136586
LASSO,6,-0.04992014
LASSO,6,0.01518800
LASSO,6,0.09216024
LASSO,6,0.04700095
LASSO,6,-0.00585534
LASSO,6,-0.02497690
