model,window,alpha
AE(1),1,0.01933856
AE(1),1,0.03791726
AE(1),1,-0.01009336
AE(1),1,-0.01511317
AE(1),1,-0.01646842
AE(1),1,-0.01358940
AE(1),1,-0.04268283
AE(1),1,0.04040760
AE(1),1,0.03914324
AE(1),1,-0.03507584
AE(1),1,-0.04071592
AE(1),1,0.00759182
AE(1),1,0.06366463
AE(1),1,0.01878151
AE(1),1,0.00457173
AE(1),1,-0.01075203
AE(1),1,-0.02565471
AE(1),1,0.00875826
AE(1),1,0.02864577
AE(1),1,0.06292312
AE(1),1,-0.02807201
AE(1),1,-0.07854703
AE(1),1,-0.05896272
AE(1),1,-0.01884248
AE(1),1,0.03299133
AE(1),1,0.05657344
AE(1),1,0.08206027
AE(1),1,0.01338598
AE(1),1,0.02237351
AE(1),1,0.04110117
AE(1),1,-0.02383188
AE(1),1,0.12414415
AE(1),1,-0.01516040
AE(1),1,-0.02619760
AE(1),1,0.02629106
AE(1),1,0.09790715
AE(1),1,0.05210541
AE(1),1,0.05658052
AE(1),1,0.01981171
AE(1),1,0.08744069
AE(1),1,-0.02405631
AE(1),1,0.03970335
AE(1),1,0.10679281
AE(1),1,0.02997839
AE(1),1,-0.02481239
AE(1),1,-0.05160451
AE(1),1,0.05656855
AE(1),1,0.08761066
AE(1),1,0.13465326
AE(1),1,0.02503271
AE(1),1,0.06221255
AE(1),1,0.02205074
AE(1),1,0.04706572
AE(1),1,0.04376113
AE(1),1,0.01222913
AE(1),1,0.02470554
AE(1),1,0.00518037
AE(1),1,0.09638150
AE(1),1,-0.02207320
AE(1),1,0.09209226
AE(1),1,0.05327273
AE(1),1,0.20023800
AE(1),1,0.03169852
AE(1),1,-0.04567209
AE(1),1,-0.03636526
AE(1),1,0.00366925
AE(1),1,0.07537195
AE(1),1,0.03363214
AE(1),1,0.08903140
AE(1),1,0.06338446
AE(1),1,-0.01709070
AE(1),1,0.10536000
AE(1),1,0.11395999
AE(1),1,0.04737741
AE(1),1,-0.03637850
AE(1),1,-0.02298973
AE(1),1,0.03238544
AE(1),1,-0.04429821
AE(1),1,0.02176837
AE(1),1,0.06172292
AE(1),1,-0.02011248
AE(1),1,0.00336085
AE(1),1,-0.01368489
AE(1),1,-0.04176079
AE(1),1,0.09722789
AE(1),1,-0.02127217
AE(1),1,0.02114951
AE(1),1,-0.00561392
AE(1),1,0.01810004
AE(1),1,0.06678489
AE(1),1,-0.00030550
AE(1),1,-0.00902898
AE(1),1,-0.02674112
AE(1),1,0.02573886
AE(1),1,-0.02747348
AE(1),1,0.03839626
AE(1),1,0.02303055
AE(1),1,0.01363331
AE(1),1,0.04363118
AE(1),1,-0.03788632
AE(1),1,-0.01053868
AE(1),1,0.14362674
AE(1),1,-0.00467220
AE(1),1,0.02080664
AE(1),1,0.01809206
AE(1),1,0.09120952
AE(1),1,0.05614693
AE(1),1,-0.03908675
AE(1),1,0.00432267
AE(1),1,0.03436049
AE(1),1,0.04094407
AE(1),1,0.01208518
AE(1),1,0.16058744
AE(1),1,0.09866042
AE(1),1,-0.05714339
AE(1),1,0.03252162
AE(1),1,0.00002206
AE(1),1,-0.07274895
AE(1),1,0.02103445
AE(1),1,0.05762544
AE(1),1,0.08459497
AE(1),1,0.08162083
AE(1),1,0.00995657
AE(1),1,-0.02552876
AE(1),1,-0.06348563
AE(1),1,-0.03516555
AE(1),1,0.03300243
AE(1),1,-0.00315292
AE(1),1,0.01542407
AE(1),1,-0.02922931
AE(1),1,0.00853985
AE(1),1,0.03425462
AE(1),1,0.02082495
AE(1),1,-0.03300987
AE(1),1,-0.03179250
AE(1),1,-0.02532831
AE(1),1,-0.08949255
AE(1),1,-0.09366827
AE(1),1,-0.06266540
AE(1),1,-0.05824560
AE(1),1,-0.07182393
AE(1),1,-0.02381372
AE(1),1,0.04740487
AE(1),1,0.08822911
AE(1),1,0.13714002
AE(1),1,0.10610189
AE(1),1,0.01891568
AE(1),1,0.07004024
AE(1),1,0.08263492
AE(1),1,-0.02720982
AE(1),1,0.12108874
AE(1),1,0.03069809
AE(1),1,0.03777605
AE(1),1,0.00571163
AE(1),1,0.02892265
AE(1),1,-0.04886848
AE(1),1,-0.01203831
AE(1),1,0.07570828
AE(1),1,0.02388024
AE(1),1,0.01131510
AE(1),1,0.01290011
AE(1),1,0.20599427
AE(1),1,0.05333439
AE(1),1,0.01699101
AE(1),1,0.03628198
AE(1),1,-0.03746015
AE(1),1,0.04731029
AE(1),1,-0.01002127
AE(1),1,0.13711178
AE(1),1,0.02181800
AE(1),1,0.06159528
AE(1),1,-0.02269449
AE(1),1,0.06548443
AE(1),1,-0.00790855
AE(1),1,-0.02598046
AE(1),1,0.08623582
AE(1),1,0.32220417
AE(1),1,0.06789040
AE(1),1,-0.00369421
AE(1),1,0.04838825
AE(1),1,0.03536411
AE(1),1,0.00311075
AE(1),1,0.03993409
AE(1),1,-0.04983264
AE(1),1,0.12216979
AE(1),1,0.10968193
AE(1),1,-0.03210347
AE(1),1,-0.03433373
AE(1),1,0.12047711
AE(1),1,-0.06100140
AE(1),1,-0.02766389
AE(1),1,-0.00171284
AE(1),1,0.06970004
AE(1),1,0.05745016
AE(1),1,0.00878066
AE(1),1,-0.00458269
AE(1),1,0.04508745
AE(1),1,0.03673817
AE(1),1,0.06771935
AE(1),1,-0.04909909
AE(1),1,-0.02933697
AE(1),1,0.15165297
AE(1),1,-0.03116018
AE(1),1,0.02966162
AE(1),1,0.15067107
AE(1),1,-0.02400608
AE(1),1,-0.00419754
AE(1),1,0.12053795
AE(1),1,0.16672228
AE(1),1,-0.02589333
AE(1),1,0.00944490
AE(1),1,-0.04266793
AE(1),1,0.00622198
AE(1),1,-0.02939330
AE(1),1,0.01672033
AE(1),1,0.00093557
AE(1),1,-0.01433329
AE(1),1,0.24517592
AE(1),1,-0.03273480
AE(1),1,-0.03284287
AE(1),1,0.06688535
AE(1),1,0.04653429
AE(1),1,-0.00849530
AE(1),1,-0.01245862
AE(1),1,0.03387814
AE(1),1,-0.06747148
AE(1),1,0.18160139
AE(1),1,0.00194173
AE(1),1,-0.00207739
AE(1),1,-0.04211373
AE(1),1,0.00849935
AE(1),1,-0.01813019
AE(1),1,0.01824244
AE(1),1,0.00659796
AE(1),1,0.06926888
AE(1),1,0.00483042
AE(1),1,0.02870265
AE(1),1,0.06380852
AE(1),1,0.15539989
AE(1),1,0.07887341
AE(1),1,-0.02513318
AE(1),1,0.02091009
AE(1),1,0.00079196
AE(1),1,0.00729662
AE(1),1,0.01889322
AE(1),1,0.20258054
AE(1),1,-0.05734798
AE(1),1,0.01116062
AE(1),1,0.00894545
AE(1),1,-0.02104409
AE(1),1,0.12512418
AE(1),1,0.10124585
AE(1),1,-0.03813593
AE(1),1,0.01001198
AE(1),1,-0.01337290
AE(1),1,-0.01406796
AE(1),1,-0.00834733
AE(1),1,-0.02767379
AE(1),1,0.05680371
AE(1),1,-0.00200014
AE(1),1,-0.02529236
AE(1),1,-0.02709202
AE(1),1,0.04220120
AE(1),1,0.03349356
AE(1),1,0.05189672
AE(1),1,-0.01295912
AE(1),1,0.00922572
AE(1),1,-0.02340337
AE(1),1,-0.00958153
AE(1),1,-0.03443263
AE(1),1,-0.03051501
AE(1),1,0.04283426
AE(1),1,0.04624447
AE(1),1,-0.02915371
AE(1),1,-0.00715363
AE(1),1,-0.02796550
AE(1),1,0.01884815
AE(1),1,-0.05716853
AE(1),1,-0.00834361
AE(1),1,0.08101222
AE(1),1,0.10211786
AE(1),1,0.02417720
AE(1),1,0.02193745
AE(1),1,0.04167738
AE(1),1,-0.02252240
AE(1),1,0.11535377
AE(1),1,0.01324590
AE(1),1,0.01965533
AE(1),1,0.02733284
AE(1),1,-0.02271137
AE(1),1,-0.04603322
AE(1),1,-0.04431293
AE(1),1,-0.01311935
AE(1),1,0.06926430
AE(1),1,-0.02688003
AE(1),2,0.03961690
AE(1),2,0.06797264
AE(1),2,-0.01090370
AE(1),2,0.00035543
AE(1),2,-0.02779708
AE(1),2,0.05220451
AE(1),2,0.01299997
AE(1),2,0.00445009
AE(1),2,0.11170809
AE(1),2,0.07087846
AE(1),2,0.11929051
AE(1),2,-0.02086784
AE(1),2,0.10543248
AE(1),2,0.00375478
AE(1),2,-0.00025658
AE(1),2,0.06805203
AE(1),2,0.00943715
AE(1),2,-0.03361072
AE(1),2,0.01082433
AE(1),2,-0.03019749
AE(1),2,0.06341188
AE(1),2,-0.07708697
AE(1),2,-0.01719559
AE(1),2,-0.01499972
AE(1),2,-0.02213044
AE(1),2,0.02187732
AE(1),2,0.17023742
AE(1),2,0.06467644
AE(1),2,-0.00469347
AE(1),2,0.22795229
AE(1),2,0.02921171
AE(1),2,-0.05710037
AE(1),2,-0.05300574
AE(1),2,-0.02179872
AE(1),2,0.03337711
AE(1),2,0.07854014
AE(1),2,0.00685415
AE(1),2,0.07585388
AE(1),2,0.02946997
AE(1),2,-0.00521593
AE(1),2,0.08698344
AE(1),2,0.05160853
AE(1),2,-0.05895307
AE(1),2,0.08329368
AE(1),2,-0.05175245
AE(1),2,0.00723593
AE(1),2,-0.00565042
AE(1),2,-0.01062927
AE(1),2,0.00620569
AE(1),2,0.05438538
AE(1),2,0.00823549
AE(1),2,0.00937608
AE(1),2,0.00628447
AE(1),2,-0.04176027
AE(1),2,-0.03653450
AE(1),2,-0.03323305
AE(1),2,0.04588215
AE(1),2,-0.03850353
AE(1),2,0.00521021
AE(1),2,0.06205286
AE(1),2,0.03453329
AE(1),2,0.02726809
AE(1),2,-0.01776342
AE(1),2,-0.03256661
AE(1),2,-0.02283230
AE(1),2,0.02460385
AE(1),2,-0.00274723
AE(1),2,0.03393509
AE(1),2,-0.04083376
AE(1),2,0.02467223
AE(1),2,-0.02781644
AE(1),2,0.13401268
AE(1),2,-0.02451063
AE(1),2,0.02948622
AE(1),2,0.02454740
AE(1),2,-0.01902154
AE(1),2,0.04474854
AE(1),2,-0.01321749
AE(1),2,0.02829526
AE(1),2,0.04050581
AE(1),2,-0.02654817
AE(1),2,-0.02794172
AE(1),2,0.00355480
AE(1),2,-0.02055685
AE(1),2,0.00945148
AE(1),2,0.03990129
AE(1),2,-0.04534972
AE(1),2,0.02611375
AE(1),2,0.05524916
AE(1),2,-0.04958224
AE(1),2,-0.01115001
AE(1),2,-0.01006659
AE(1),2,-0.00043989
AE(1),2,-0.02882165
AE(1),2,0.00808272
AE(1),2,-0.03377484
AE(1),2,0.03013296
AE(1),2,-0.05141306
AE(1),2,0.00083780
AE(1),2,0.07997067
AE(1),2,-0.03198957
AE(1),2,-0.00292240
AE(1),2,0.00921258
AE(1),2,0.05467449
AE(1),2,-0.00899481
AE(1),2,0.02634688
AE(1),2,0.00637714
AE(1),2,0.04450639
AE(1),2,0.05668079
AE(1),2,-0.00429746
AE(1),2,0.01276973
AE(1),2,0.05779662
AE(1),2,-0.02577176
AE(1),2,-0.03708344
AE(1),2,0.00044143
AE(1),2,-0.00229482
AE(1),2,0.00687149
AE(1),2,0.03526498
AE(1),2,-0.04951316
AE(1),2,0.06539650
AE(1),2,0.02953268
AE(1),2,0.00191719
AE(1),2,0.07755627
AE(1),2,0.10009288
AE(1),2,0.00093664
AE(1),2,0.00373475
AE(1),2,-0.02410826
AE(1),2,-0.10158457
AE(1),2,-0.00666786
AE(1),2,0.03457867
AE(1),2,0.01095348
AE(1),2,-0.01488051
AE(1),2,0.03004456
AE(1),2,-0.03188497
AE(1),2,0.02414437
AE(1),2,-0.01631342
AE(1),2,-0.06354499
AE(1),2,0.00129655
AE(1),2,0.00729821
AE(1),2,-0.04475688
AE(1),2,0.06933458
AE(1),2,0.01917736
AE(1),2,-0.00395984
AE(1),2,0.06248894
AE(1),2,0.01048025
AE(1),2,0.01851827
AE(1),2,-0.03887613
AE(1),2,0.05099059
AE(1),2,-0.01326335
AE(1),2,0.01561608
AE(1),2,0.06718755
AE(1),2,-0.03389157
AE(1),2,0.10461509
AE(1),2,0.10468979
AE(1),2,0.03090168
AE(1),2,-0.02464214
AE(1),2,0.16013608
AE(1),2,-0.01740361
AE(1),2,-0.06041076
AE(1),2,-0.02374266
AE(1),2,-0.05265335
AE(1),2,-0.01152791
AE(1),2,0.00832460
AE(1),2,0.10154947
AE(1),2,0.03211332
AE(1),2,-0.08237808
AE(1),2,-0.07651116
AE(1),2,0.04806783
AE(1),2,-0.07451113
AE(1),2,0.12290611
AE(1),2,-0.01526700
AE(1),2,-0.02423515
AE(1),2,-0.02739032
AE(1),2,-0.02130428
AE(1),2,0.08679018
AE(1),2,-0.05551648
AE(1),2,0.04399861
AE(1),2,0.01142545
AE(1),2,-0.08064695
AE(1),2,0.04262546
AE(1),2,-0.04029069
AE(1),2,-0.01920219
AE(1),2,-0.00632387
AE(1),2,0.03558895
AE(1),2,-0.05603907
AE(1),2,-0.01610028
AE(1),2,0.13072187
AE(1),2,0.06220039
AE(1),2,-0.00075831
AE(1),2,0.06316664
AE(1),2,-0.04670002
AE(1),2,0.12056556
AE(1),2,0.07138718
AE(1),2,-0.04378248
AE(1),2,-0.02041247
AE(1),2,-0.00960522
AE(1),2,-0.01820447
AE(1),2,0.05540546
AE(1),2,0.09825850
AE(1),2,-0.01711131
AE(1),2,0.05908228
AE(1),2,-0.00033404
AE(1),2,-0.00117920
AE(1),2,-0.00037218
AE(1),2,0.01146385
AE(1),2,0.03311872
AE(1),2,0.00265471
AE(1),2,0.03242230
AE(1),2,-0.05655038
AE(1),2,-0.00004780
AE(1),2,0.01993966
AE(1),2,0.01589205
AE(1),2,-0.04471066
AE(1),2,0.02403583
AE(1),2,0.03210161
AE(1),2,0.03807857
AE(1),2,-0.05463050
AE(1),2,-0.05926470
AE(1),2,0.01433504
AE(1),2,-0.01990186
AE(1),2,-0.05978661
AE(1),2,0.02765889
AE(1),2,0.11457305
AE(1),2,-0.01045866
AE(1),2,0.01818827
AE(1),2,-0.03026407
AE(1),2,0.04898080
AE(1),2,0.06194449
AE(1),2,0.04602089
AE(1),2,-0.03111834
AE(1),2,-0.04958072
AE(1),2,-0.01026294
AE(1),2,0.07251886
AE(1),2,0.02165288
AE(1),2,0.02566822
AE(1),2,0.08756460
AE(1),2,0.02176637
AE(1),2,-0.00757878
AE(1),2,-0.02770466
AE(1),2,0.02405816
AE(1),2,0.00414622
AE(1),2,0.03554365
AE(1),2,-0.00722280
AE(1),2,0.02707987
AE(1),2,0.12501948
AE(1),2,-0.01205876
AE(1),2,-0.00307201
AE(1),2,-0.00534937
AE(1),2,0.03383464
AE(1),2,0.18400760
AE(1),2,0.02739434
AE(1),2,0.00248815
AE(1),2,0.06062685
AE(1),2,-0.00864970
AE(1),2,0.00508351
AE(1),2,0.04472491
AE(1),2,0.02304953
AE(1),2,0.02802577
AE(1),2,0.06273058
AE(1),2,0.03004994
AE(1),2,0.00508903
AE(1),2,-0.03718572
AE(1),2,-0.01197272
AE(1),2,0.00842507
AE(1),2,0.10775965
AE(1),2,-0.00907934
AE(1),2,-0.00225282
AE(1),2,-0.08891435
AE(1),2,0.05287049
AE(1),2,0.05737416
AE(1),2,-0.00688002
AE(1),2,0.04953237
AE(1),2,0.04350422
AE(1),2,0.07746360
AE(1),2,0.04725653
AE(1),2,-0.00936835
AE(1),2,0.00142738
AE(1),2,0.04480264
AE(1),2,0.01168590
AE(1),2,-0.04918964
AE(1),2,0.03258573
AE(1),2,0.06989847
AE(1),2,-0.05742954
AE(1),2,0.14753125
AE(1),2,0.07212566
AE(1),2,-0.03315928
AE(1),2,-0.10569687
AE(1),2,-0.01328768
AE(1),2,-0.05076442
AE(1),2,-0.01352556
AE(1),2,-0.02103722
AE(1),2,-0.02384438
AE(1),2,0.00321203
AE(1),2,0.03123734
AE(1),2,0.05212080
AE(1),2,0.01368198
AE(1),2,-0.01163058
AE(1),2,0.02945640
AE(1),2,-0.01364058
AE(1),2,-0.05181052
AE(1),2,-0.00093648
AE(1),2,0.09580610
AE(1),2,0.01684394
AE(1),2,-0.00866282
AE(1),2,-0.02599392
AE(1),2,0.00445270
AE(1),2,0.03075765
AE(1),2,0.05918683
AE(1),2,0.01196987
AE(1),2,0.01188780
AE(1),2,-0.10596800
AE(1),2,0.03400306
AE(1),2,0.03526904
AE(1),2,0.00661971
AE(1),2,0.00620930
AE(1),2,0.00335545
AE(1),2,0.03951271
AE(1),2,0.08003952
AE(1),2,0.01078569
AE(1),2,-0.04672808
AE(1),2,0.08540333
AE(1),2,0.12842420
AE(1),2,-0.00746643
AE(1),2,0.00184295
AE(1),2,-0.04419478
AE(1),2,0.01408928
AE(1),2,0.01034895
AE(1),2,-0.00951341
AE(1),2,-0.03885288
AE(1),2,-0.00623316
AE(1),2,-0.02327093
AE(1),2,-0.00857634
AE(1),2,-0.00571030
AE(1),2,0.03855265
AE(1),2,-0.03825545
AE(1),2,0.01987527
AE(1),2,0.00078332
AE(1),2,0.08595713
AE(1),2,-0.03273728
AE(1),2,-0.05888630
AE(1),2,-0.01502982
AE(1),3,0.00521650
AE(1),3,0.01699976
AE(1),3,0.14364222
AE(1),3,0.02442729
AE(1),3,0.00597033
AE(1),3,0.04945887
AE(1),3,0.04113653
AE(1),3,0.06715943
AE(1),3,-0.00825619
AE(1),3,0.01790302
AE(1),3,0.08352522
AE(1),3,-0.02593463
AE(1),3,0.05035016
AE(1),3,0.00855882
AE(1),3,0.05683108
AE(1),3,0.00100114
AE(1),3,0.00851194
AE(1),3,0.03337559
AE(1),3,-0.00031415
AE(1),3,0.03875491
AE(1),3,0.01450410
AE(1),3,-0.01502892
AE(1),3,-0.01971004
AE(1),3,0.04196658
AE(1),3,-0.00558267
AE(1),3,0.06623027
AE(1),3,-0.01211911
AE(1),3,-0.11590782
AE(1),3,0.05878202
AE(1),3,0.06985235
AE(1),3,0.03204554
AE(1),3,-0.01914275
AE(1),3,-0.00515250
AE(1),3,0.01778508
AE(1),3,0.02317319
AE(1),3,0.04103182
AE(1),3,-0.00609275
AE(1),3,0.04887251
AE(1),3,0.02401791
AE(1),3,0.01913552
AE(1),3,0.04622072
AE(1),3,-0.03678043
AE(1),3,-0.01522621
AE(1),3,-0.03304227
AE(1),3,0.01671170
AE(1),3,-0.05502289
AE(1),3,0.06818979
AE(1),3,0.08784661
AE(1),3,0.14106734
AE(1),3,0.01208062
AE(1),3,0.02594304
AE(1),3,0.05752629
AE(1),3,0.06164780
AE(1),3,0.10226965
AE(1),3,-0.04640284
AE(1),3,-0.03140897
AE(1),3,-0.01551524
AE(1),3,0.08294711
AE(1),3,0.01042971
AE(1),3,0.02723990
AE(1),3,-0.03863972
AE(1),3,-0.01784190
AE(1),3,0.18943963
AE(1),3,-0.03980913
AE(1),3,-0.02571384
AE(1),3,-0.01564148
AE(1),3,0.02845562
AE(1),3,0.06515682
AE(1),3,0.04992485
AE(1),3,0.05761181
AE(1),3,0.05690504
AE(1),3,0.03043274
AE(1),3,0.08870226
AE(1),3,0.01238905
AE(1),3,0.00141984
AE(1),3,0.04422792
AE(1),3,-0.00840767
AE(1),3,0.01721112
AE(1),3,0.05586957
AE(1),3,0.05372478
AE(1),3,0.00706777
AE(1),3,0.02472099
AE(1),3,0.06090273
AE(1),3,0.00701901
AE(1),3,0.20540799
AE(1),3,-0.00359687
AE(1),3,0.01706631
AE(1),3,0.05738868
AE(1),3,-0.00043272
AE(1),3,-0.03267407
AE(1),3,0.00355938
AE(1),3,-0.09854938
AE(1),3,-0.01905259
AE(1),3,0.12560950
AE(1),3,0.01808993
AE(1),3,0.00242197
AE(1),3,-0.00404836
AE(1),3,0.05128302
AE(1),3,0.11701874
AE(1),3,0.00860680
AE(1),3,0.07661712
AE(1),3,-0.03283233
AE(1),3,0.03490633
AE(1),3,0.10723501
AE(1),3,0.05136361
AE(1),3,-0.02652273
AE(1),3,0.04467838
AE(1),3,0.01555759
AE(1),3,0.05962276
AE(1),3,-0.01460527
AE(1),3,0.03372816
AE(1),3,0.01341128
AE(1),3,-0.06821500
AE(1),3,-0.01928664
AE(1),3,-0.01288810
AE(1),3,0.11224675
AE(1),3,0.03710958
AE(1),3,0.00730577
AE(1),3,0.08310906
AE(1),3,0.05918704
AE(1),3,0.02439927
AE(1),3,-0.00215296
AE(1),3,0.11170483
AE(1),3,0.00588078
AE(1),3,0.06298679
AE(1),3,0.00160257
AE(1),3,0.00379933
AE(1),3,0.03751519
AE(1),3,0.00765812
AE(1),3,0.02653675
AE(1),3,0.03493530
AE(1),3,-0.01385240
AE(1),3,0.00163882
AE(1),3,0.02016757
AE(1),3,0.01879821
AE(1),3,0.11826168
AE(1),3,-0.04136866
AE(1),3,-0.05059072
AE(1),3,-0.05206194
AE(1),3,0.03359630
AE(1),3,0.04700099
AE(1),3,0.04110144
AE(1),3,-0.00812754
AE(1),3,0.09033864
AE(1),3,-0.05065538
AE(1),3,0.04002669
AE(1),3,0.15749759
AE(1),3,0.05255672
AE(1),3,0.03334568
AE(1),3,0.10922648
AE(1),3,0.03850278
AE(1),3,0.00159639
AE(1),3,-0.01817661
AE(1),3,0.00240713
AE(1),3,-0.00572174
AE(1),3,0.10107687
AE(1),3,0.13458094
AE(1),3,0.03280963
AE(1),3,-0.06764475
AE(1),3,-0.00883232
AE(1),3,0.01398370
AE(1),3,0.05995860
AE(1),3,-0.00578621
AE(1),3,0.05602453
AE(1),3,0.08400914
AE(1),3,0.02294771
AE(1),3,0.19883404
AE(1),3,-0.01098029
AE(1),3,0.02883529
AE(1),3,0.00021591
AE(1),3,-0.01294628
AE(1),3,-0.01772411
AE(1),3,0.21248606
AE(1),3,0.02937119
AE(1),3,0.05648977
AE(1),3,0.01188894
AE(1),3,-0.00132054
AE(1),3,0.00421657
AE(1),3,0.01208259
AE(1),3,-0.03239383
AE(1),3,0.06490541
AE(1),3,0.05276180
AE(1),3,-0.01775163
AE(1),3,0.03220867
AE(1),3,-0.01268449
AE(1),3,0.01609707
AE(1),3,-0.03041759
AE(1),3,-0.02268101
AE(1),3,-0.03297343
AE(1),3,-0.04113144
AE(1),3,-0.02812560
AE(1),3,0.04144841
AE(1),3,-0.02385910
AE(1),3,-0.02999864
AE(1),3,0.10466816
AE(1),3,0.06725781
AE(1),3,0.02254981
AE(1),3,0.02612504
AE(1),3,0.01236199
AE(1),3,0.07210780
AE(1),3,0.12145519
AE(1),3,0.01673858
AE(1),3,-0.00060919
AE(1),3,0.02371050
AE(1),3,0.00095685
AE(1),3,0.03300391
AE(1),3,-0.01558335
AE(1),3,-0.00802583
AE(1),3,-0.02859017
AE(1),3,0.05571489
AE(1),3,-0.03512438
AE(1),3,0.00832356
AE(1),3,-0.03199551
AE(1),3,0.04208157
AE(1),3,0.15950401
AE(1),3,0.21355643
AE(1),3,-0.00883687
AE(1),3,-0.00392174
AE(1),3,0.01292202
AE(1),3,0.01508856
AE(1),3,-0.03106916
AE(1),3,-0.00840267
AE(1),3,0.02785154
AE(1),3,-0.02572252
AE(1),3,0.00090982
AE(1),3,-0.05334056
AE(1),3,-0.01910542
AE(1),3,0.11349524
AE(1),3,0.04877751
AE(1),3,0.00979205
AE(1),3,-0.02843738
AE(1),3,-0.01754992
AE(1),3,0.06303045
AE(1),3,-0.03604589
AE(1),3,0.02933870
AE(1),3,0.00362661
AE(1),3,0.10169587
AE(1),3,0.05984876
AE(1),3,0.01925742
AE(1),3,0.03722634
AE(1),3,-0.06502394
AE(1),3,0.02413453
AE(1),3,0.07081780
AE(1),3,0.08920221
AE(1),3,-0.09339438
AE(1),3,-0.06354634
AE(1),3,0.01037448
AE(1),3,0.00645778
AE(1),3,-0.00332771
AE(1),3,0.10039796
AE(1),3,-0.04704382
AE(1),3,-0.00199100
AE(1),3,0.07059299
AE(1),3,-0.08856564
AE(1),3,0.03966716
AE(1),3,0.00860425
AE(1),3,0.01244523
AE(1),3,0.07257535
AE(1),3,0.07381756
AE(1),3,0.02476269
AE(1),3,-0.01333103
AE(1),3,-0.01796587
AE(1),3,0.08703662
AE(1),3,-0.02813498
AE(1),3,0.01487468
AE(1),3,0.02250282
AE(1),3,0.01090357
AE(1),3,-0.08718975
AE(1),3,0.02354937
AE(1),3,0.08526468
AE(1),3,0.09324889
AE(1),3,-0.00746127
AE(1),3,-0.00602250
AE(1),3,-0.03841429
AE(1),3,0.02834530
AE(1),3,0.04093903
AE(1),3,0.00324273
AE(1),3,0.04926264
AE(1),3,-0.02202477
AE(1),3,0.07653944
AE(1),3,0.13448025
AE(1),3,-0.00877558
AE(1),3,0.05404882
AE(1),3,0.06782755
AE(1),3,-0.03571505
AE(1),3,0.19218447
AE(1),3,-0.02147557
AE(1),3,-0.00102226
AE(1),3,0.00916639
AE(1),3,0.04128502
AE(1),3,-0.00348711
AE(1),3,0.03260037
AE(1),3,0.11423248
AE(1),3,0.07064979
AE(1),3,-0.04625956
AE(1),3,0.10951914
AE(1),3,0.02416472
AE(1),3,0.06568298
AE(1),3,-0.01617344
AE(1),3,0.01935907
AE(1),3,0.09490680
AE(1),3,-0.01607086
AE(1),3,-0.03683773
AE(1),3,-0.03032095
AE(1),3,0.02878785
AE(1),3,-0.00525273
AE(1),3,0.03481133
AE(1),3,-0.01273891
AE(1),3,0.13007540
AE(1),3,0.04473861
AE(1),3,-0.02180290
AE(1),3,0.08333055
AE(1),3,-0.01611561
AE(1),3,0.02178914
AE(1),3,-0.00330791
AE(1),3,0.09479415
AE(1),3,0.02834735
AE(1),3,0.02058021
AE(1),3,0.00312763
AE(1),3,0.04564610
AE(1),3,0.09351901
AE(1),3,0.05277515
AE(1),3,0.04645717
AE(1),3,-0.02572552
AE(1),3,0.08303899
AE(1),3,0.01873390
AE(1),3,0.05291534
AE(1),3,0.02873537
AE(1),3,-0.01373297
AE(1),3,0.05731359
AE(1),3,0.07692948
AE(1),3,0.11131816
AE(1),3,0.03311748
AE(1),3,-0.02165488
AE(1),3,0.04589031
AE(1),3,-0.05250080
AE(1),3,0.05500198
AE(1),3,0.06691039
AE(1),3,0.01359023
AE(1),3,0.02171765
AE(1),3,0.06192303
AE(1),3,0.04107448
AE(1),3,0.06456798
AE(1),3,-0.00548040
AE(1),3,-0.00674140
AE(1),3,0.02545936
AE(1),3,0.06270687
AE(1),3,-0.01180484
AE(1),3,0.03285969
AE(1),3,0.02929467
AE(1),3,0.00495653
AE(1),3,0.08574682
AE(1),3,0.18574413
AE(1),3,-0.01916289
AE(1),3,0.06438000
AE(1),3,-0.00712662
AE(1),3,0.12287513
AE(1),3,0.04625821
AE(1),3,0.00268595
AE(1),3,-0.01881330
AE(1),3,0.03077182
AE(1),3,0.03467820
AE(1),3,-0.01666204
AE(1),3,0.15140134
AE(1),3,0.04164849
AE(1),4,-0.00374245
AE(1),4,-0.01206940
AE(1),4,0.14697161
AE(1),4,0.08079297
AE(1),4,-0.01195445
AE(1),4,0.09523537
AE(1),4,-0.01331669
AE(1),4,0.03742772
AE(1),4,-0.00413004
AE(1),4,0.12947508
AE(1),4,0.05678605
AE(1),4,-0.00157587
AE(1),4,0.02468364
AE(1),4,-0.12702536
AE(1),4,0.11296810
AE(1),4,0.01379897
AE(1),4,0.01068624
AE(1),4,-0.01135258
AE(1),4,-0.07529193
AE(1),4,-0.01609212
AE(1),4,-0.03647877
AE(1),4,0.01056830
AE(1),4,-0.01411089
AE(1),4,-0.06440263
AE(1),4,0.00677435
AE(1),4,0.06855646
AE(1),4,0.02456121
AE(1),4,0.05433532
AE(1),4,0.14908883
AE(1),4,-0.03506650
AE(1),4,0.00649067
AE(1),4,-0.00868951
AE(1),4,0.01695276
AE(1),4,0.08114739
AE(1),4,0.03831874
AE(1),4,-0.05632824
AE(1),4,-0.02599225
AE(1),4,-0.00761916
AE(1),4,0.07344133
AE(1),4,0.06857037
AE(1),4,0.05799807
AE(1),4,0.01172304
AE(1),4,0.02785704
AE(1),4,0.01118682
AE(1),4,-0.05844900
AE(1),4,-0.06562618
AE(1),4,-0.04650328
AE(1),4,0.07705314
AE(1),4,0.18330829
AE(1),4,-0.00774244
AE(1),4,0.05117593
AE(1),4,0.07259716
AE(1),4,0.17392360
AE(1),4,0.02890787
AE(1),4,0.07015724
AE(1),4,0.00507530
AE(1),4,-0.12085012
AE(1),4,-0.04046674
AE(1),4,0.01858906
AE(1),4,0.21851703
AE(1),4,0.07379294
AE(1),4,0.01719414
AE(1),4,-0.02848415
AE(1),4,-0.04954312
AE(1),4,-0.00511106
AE(1),4,0.00292022
AE(1),4,0.00674061
AE(1),4,0.05120938
AE(1),4,0.05137813
AE(1),4,-0.03166155
AE(1),4,-0.02557533
AE(1),4,0.06435840
AE(1),4,0.01211371
AE(1),4,0.10129679
AE(1),4,0.05136459
AE(1),4,0.06473077
AE(1),4,0.08055124
AE(1),4,0.04096066
AE(1),4,0.16881373
AE(1),4,0.05037112
AE(1),4,-0.00365918
AE(1),4,0.03299094
AE(1),4,0.03606157
AE(1),4,0.02391025
AE(1),4,-0.01914842
AE(1),4,-0.09980009
AE(1),4,-0.02789895
AE(1),4,-0.01617367
AE(1),4,0.04994520
AE(1),4,-0.05244158
AE(1),4,-0.01457282
AE(1),4,0.00125392
AE(1),4,0.01690504
AE(1),4,-0.00839131
AE(1),4,0.13959415
AE(1),4,0.02170045
AE(1),4,0.17279161
AE(1),4,-0.02670771
AE(1),4,0.00512316
AE(1),4,-0.00553228
AE(1),4,-0.01130926
AE(1),4,0.09273637
AE(1),4,-0.03849673
AE(1),4,0.00551553
AE(1),4,0.02527309
AE(1),4,-0.00659093
AE(1),4,0.05736592
AE(1),4,0.02115625
AE(1),4,0.14565564
AE(1),4,0.08375336
AE(1),4,0.02592583
AE(1),4,0.02823633
AE(1),4,0.01946293
AE(1),4,0.01316521
AE(1),4,0.09690841
AE(1),4,0.00826893
AE(1),4,-0.01227767
AE(1),4,-0.05142573
AE(1),4,0.00939722
AE(1),4,0.00986644
AE(1),4,0.03437998
AE(1),4,0.07694376
AE(1),4,0.03797288
AE(1),4,-0.00020153
AE(1),4,-0.08184447
AE(1),4,0.07598682
AE(1),4,-0.11725108
AE(1),4,-0.00206289
AE(1),4,-0.00640603
AE(1),4,-0.00318735
AE(1),4,-0.06819941
AE(1),4,-0.01275611
AE(1),4,0.02034970
AE(1),4,-0.03375195
AE(1),4,0.12003883
AE(1),4,-0.07426852
AE(1),4,-0.01282782
AE(1),4,-0.07028803
AE(1),4,-0.02090484
AE(1),4,0.20495978
AE(1),4,0.06212860
AE(1),4,0.02527989
AE(1),4,-0.00905013
AE(1),4,-0.05005343
AE(1),4,-0.03591660
AE(1),4,-0.01493039
AE(1),4,-0.04339101
AE(1),4,0.01048602
AE(1),4,0.07233054
AE(1),4,0.12602886
AE(1),4,0.00760002
AE(1),4,0.01182098
AE(1),4,0.05212859
AE(1),4,-0.00520564
AE(1),4,-0.06194171
AE(1),4,0.00080178
AE(1),4,0.04045154
AE(1),4,0.11433037
AE(1),4,-0.06560479
AE(1),4,-0.01674786
AE(1),4,0.01668815
AE(1),4,0.01142186
AE(1),4,0.01789831
AE(1),4,0.02015955
AE(1),4,0.01957596
AE(1),4,0.04526165
AE(1),4,0.03082612
AE(1),4,0.03502665
AE(1),4,0.01391188
AE(1),4,0.04376431
AE(1),4,-0.06159651
AE(1),4,-0.04300197
AE(1),4,0.00196823
AE(1),4,0.01832351
AE(1),4,0.01301298
AE(1),4,0.07490488
AE(1),4,0.11822854
AE(1),4,-0.04072095
AE(1),4,0.14176867
AE(1),4,0.06421204
AE(1),4,-0.02656339
AE(1),4,-0.01704544
AE(1),4,0.00155633
AE(1),4,-0.03689126
AE(1),4,0.03463912
AE(1),4,0.02882167
AE(1),4,-0.00713808
AE(1),4,-0.06110925
AE(1),4,-0.02228332
AE(1),4,-0.10707792
AE(1),4,-0.12291849
AE(1),4,-0.00262596
AE(1),4,-0.10331397
AE(1),4,-0.01660025
AE(1),4,0.01699458
AE(1),4,0.08170840
AE(1),4,0.08420997
AE(1),4,-0.00149352
AE(1),4,0.01129023
AE(1),4,-0.00224850
AE(1),4,0.11904343
AE(1),4,-0.03041540
AE(1),4,-0.00629838
AE(1),4,-0.04878551
AE(1),4,-0.00514843
AE(1),4,0.02681896
AE(1),4,0.00653505
AE(1),4,-0.02394422
AE(1),4,0.12009660
AE(1),4,-0.03000206
AE(1),4,-0.06784263
AE(1),4,0.14075486
AE(1),4,0.02241092
AE(1),4,-0.01953221
AE(1),4,0.02061864
AE(1),4,0.14093346
AE(1),4,0.01768179
AE(1),4,0.07423231
AE(1),4,0.04498207
AE(1),4,-0.01500415
AE(1),4,0.01487501
AE(1),4,-0.02225564
AE(1),4,0.05021123
AE(1),4,0.04744860
AE(1),4,0.18020681
AE(1),4,0.09523936
AE(1),4,0.07880590
AE(1),4,0.03440536
AE(1),4,0.00767728
AE(1),4,-0.01351147
AE(1),4,0.01966843
AE(1),4,-0.01989376
AE(1),4,-0.06234033
AE(1),4,-0.06639569
AE(1),4,-0.02849246
AE(1),4,-0.04576899
AE(1),4,0.01098945
AE(1),4,-0.02640238
AE(1),4,-0.02260050
AE(1),4,0.03558120
AE(1),4,-0.01982011
AE(1),4,-0.09049436
AE(1),4,-0.00643426
AE(1),4,-0.00083847
AE(1),4,0.12694962
AE(1),4,0.00832229
AE(1),4,0.05189479
AE(1),4,-0.01605641
AE(1),4,-0.03534013
AE(1),4,0.04860763
AE(1),4,0.11075566
AE(1),4,0.10686331
AE(1),4,-0.00392794
AE(1),4,0.04319235
AE(1),4,0.30588484
AE(1),4,0.04499020
AE(1),4,-0.00165207
AE(1),4,0.10453930
AE(1),4,0.02957004
AE(1),4,0.04019264
AE(1),4,0.06129683
AE(1),4,-0.04857658
AE(1),4,0.10486160
AE(1),4,-0.04370142
AE(1),4,0.04142970
AE(1),4,-0.00580957
AE(1),4,0.09804614
AE(1),4,0.03027125
AE(1),4,-0.05895361
AE(1),4,0.03540034
AE(1),4,-0.06142575
AE(1),4,0.16618964
AE(1),4,0.06397929
AE(1),4,-0.00537343
AE(1),4,0.04664803
AE(1),4,0.11568768
AE(1),4,0.19142224
AE(1),4,0.01062257
AE(1),4,-0.07161090
AE(1),4,0.00476855
AE(1),4,0.13462412
AE(1),4,-0.02506439
AE(1),4,-0.00074999
AE(1),4,-0.03612333
AE(1),4,-0.01811410
AE(1),4,0.08031051
AE(1),4,-0.03331287
AE(1),4,-0.10696840
AE(1),4,0.08269199
AE(1),4,-0.05106276
AE(1),4,-0.01407038
AE(1),4,-0.00704875
AE(1),4,-0.06972666
AE(1),4,-0.01247921
AE(1),4,0.02476833
AE(1),4,0.02065084
AE(1),4,0.08653690
AE(1),4,0.00069330
AE(1),4,0.06183005
AE(1),4,-0.02242079
AE(1),4,-0.00468838
AE(1),4,0.05600994
AE(1),4,0.01606232
AE(1),4,0.05203096
AE(1),4,-0.03073469
AE(1),4,0.16086046
AE(1),4,0.00971361
AE(1),4,0.02943522
AE(1),4,-0.02294219
AE(1),4,0.01260673
AE(1),4,-0.06261717
AE(1),4,-0.00326469
AE(1),4,0.01622495
AE(1),4,-0.01779702
AE(1),4,0.06631361
AE(1),4,0.15156380
AE(1),4,0.02425943
AE(1),4,0.02990858
AE(1),4,-0.02292495
AE(1),4,0.01540531
AE(1),4,-0.01288920
AE(1),4,-0.04847570
AE(1),4,0.00025993
AE(1),4,0.02052911
AE(1),4,-0.04107268
AE(1),4,0.07808470
AE(1),4,-0.11168765
AE(1),4,0.13452132
AE(1),4,-0.01525679
AE(1),4,-0.05960240
AE(1),4,0.10434912
AE(1),4,-0.00975865
AE(1),4,0.04408423
AE(1),4,-0.01067609
AE(1),4,0.09979118
AE(1),4,0.08600207
AE(1),4,0.03494924
AE(1),4,-0.02236341
AE(1),4,-0.03005496
AE(1),4,0.07988972
AE(1),4,0.01485723
AE(1),4,0.01713906
AE(1),4,-0.01373682
AE(1),4,-0.00240058
AE(1),4,0.01826220
AE(1),4,-0.03349672
AE(1),4,-0.04757214
AE(1),4,0.00752474
AE(1),4,0.04125682
AE(1),4,0.00778554
AE(1),4,-0.02510763
AE(1),4,0.02564674
AE(1),4,-0.01325281
AE(1),4,-0.00426611
AE(1),4,-0.04014244
AE(1),4,-0.07224829
AE(1),4,-0.03443191
AE(1),4,0.11143336
AE(1),4,-0.00488485
AE(1),4,0.02394459
AE(1),4,0.02251416
AE(1),4,0.11473903
AE(1),4,-0.02718359
AE(1),4,0.03845135
AE(1),4,0.06948123
AE(1),4,-0.09230915
AE(1),4,-0.03479525
AE(1),4,-0.05078316
AE(1),4,0.09330046
AE(1),4,0.04929008
AE(1),4,0.07086064
AE(1),4,0.04884390
AE(1),4,0.05452697
AE(1),4,-0.06250915
AE(1),4,0.11456173
AE(1),4,0.01186512
AE(1),4,0.01437113
AE(1),4,-0.04098628
AE(1),4,0.00400022
AE(1),4,-0.01151770
AE(1),4,0.06163668
AE(1),4,-0.01311836
AE(1),4,0.03017295
AE(1),4,-0.02153603
AE(1),4,0.00425051
AE(1),4,0.11669010
AE(1),4,0.00935867
AE(1),4,-0.01837375
AE(1),4,0.07523061
AE(1),4,0.05665172
AE(1),4,-0.03383092
AE(1),4,-0.04804903
AE(1),4,0.02390601
AE(1),4,0.09839820
AE(1),4,0.12388018
AE(1),4,0.00205839
AE(1),4,-0.01213609
AE(1),4,0.05531860
AE(1),4,0.09220933
AE(1),4,0.00840622
AE(1),4,-0.10481116
AE(1),4,0.01344663
AE(1),4,0.01187629
AE(1),4,0.03641229
AE(1),4,0.02797317
AE(1),4,0.10230046
AE(1),4,0.02651875
AE(1),4,0.10791295
AE(1),4,-0.00229297
AE(1),4,0.00283406
AE(1),4,0.04580038
AE(1),4,0.03797143
AE(1),4,-0.05018551
AE(1),4,0.07808565
AE(1),4,-0.07015526
AE(1),4,-0.08269961
AE(1),4,0.01190704
AE(1),5,-0.06288945
AE(1),5,-0.08618787
AE(1),5,-0.15012381
AE(1),5,-0.18363914
AE(1),5,-0.03932537
AE(1),5,-0.09491464
AE(1),5,-0.12352110
AE(1),5,0.03350029
AE(1),5,-0.05416693
AE(1),5,-0.08499980
AE(1),5,-0.11734163
AE(1),5,-0.13106199
AE(1),5,-0.08777190
AE(1),5,0.01067187
AE(1),5,-0.13943812
AE(1),5,-0.08490749
AE(1),5,-0.10873406
AE(1),5,-0.01932728
AE(1),5,-0.10654532
AE(1),5,-0.17050291
AE(1),5,-0.13137206
AE(1),5,0.05129683
AE(1),5,-0.04936254
AE(1),5,-0.09539245
AE(1),5,-0.04376841
AE(1),5,-0.05267932
AE(1),5,-0.07256059
AE(1),5,-0.09792427
AE(1),5,-0.09289053
AE(1),5,-0.06213499
AE(1),5,-0.02694562
AE(1),5,-0.09253396
AE(1),5,-0.17772761
AE(1),5,0.05907583
AE(1),5,-0.05890022
AE(1),5,-0.11850723
AE(1),5,-0.07537034
AE(1),5,-0.10868692
AE(1),5,-0.12277395
AE(1),5,0.00106002
AE(1),5,-0.04435795
AE(1),5,-0.08102559
AE(1),5,-0.06845651
AE(1),5,-0.09277435
AE(1),5,-0.13436076
AE(1),5,-0.09398435
AE(1),5,-0.10284181
AE(1),5,-0.09379116
AE(1),5,-0.10757536
AE(1),5,-0.03753755
AE(1),5,-0.09009774
AE(1),5,-0.09586726
AE(1),5,-0.02028210
AE(1),5,-0.11264806
AE(1),5,-0.05886882
AE(1),5,-0.07552668
AE(1),5,-0.04177116
AE(1),5,-0.11590722
AE(1),5,-0.08427017
AE(1),5,-0.08699787
AE(1),5,-0.06217481
AE(1),5,-0.16366791
AE(1),5,-0.02716781
AE(1),5,-0.01499195
AE(1),5,0.03228960
AE(1),5,-0.06649918
AE(1),5,0.11641715
AE(1),5,-0.04267709
AE(1),5,-0.09319484
AE(1),5,-0.22005803
AE(1),5,-0.04816026
AE(1),5,0.05198080
AE(1),5,-0.03731257
AE(1),5,-0.01759933
AE(1),5,-0.10370364
AE(1),5,-0.08164891
AE(1),5,0.03924482
AE(1),5,-0.09580539
AE(1),5,-0.14364206
AE(1),5,-0.10756159
AE(1),5,-0.07205846
AE(1),5,-0.18423398
AE(1),5,-0.07453930
AE(1),5,-0.04245416
AE(1),5,-0.08621441
AE(1),5,0.00100014
AE(1),5,-0.08121693
AE(1),5,-0.07765491
AE(1),5,-0.15192956
AE(1),5,-0.06787602
AE(1),5,-0.06512140
AE(1),5,-0.09449833
AE(1),5,-0.08653353
AE(1),5,-0.07022337
AE(1),5,-0.11223994
AE(1),5,-0.20257998
AE(1),5,-0.06290768
AE(1),5,0.02853099
AE(1),5,-0.04926024
AE(1),5,-0.01768321
AE(1),5,0.06051201
AE(1),5,-0.11266252
AE(1),5,-0.00026486
AE(1),5,-0.09004457
AE(1),5,-0.10552867
AE(1),5,-0.06899849
AE(1),5,-0.10849077
AE(1),5,-0.06662594
AE(1),5,-0.09612205
AE(1),5,-0.07222412
AE(1),5,-0.12682104
AE(1),5,-0.18170290
AE(1),5,-0.07406663
AE(1),5,-0.12264836
AE(1),5,-0.15536342
AE(1),5,0.07458966
AE(1),5,-0.09586311
AE(1),5,0.12811347
AE(1),5,-0.06565040
AE(1),5,-0.13209444
AE(1),5,-0.03031853
AE(1),5,-0.09164466
AE(1),5,0.04045216
AE(1),5,-0.11691161
AE(1),5,-0.04684792
AE(1),5,0.00567773
AE(1),5,0.03160185
AE(1),5,-0.02734612
AE(1),5,0.00640586
AE(1),5,-0.09744182
AE(1),5,-0.05459296
AE(1),5,-0.11209803
AE(1),5,-0.06667406
AE(1),5,-0.10674980
AE(1),5,-0.11861055
AE(1),5,-0.08657884
AE(1),5,-0.17112242
AE(1),5,-0.05572189
AE(1),5,-0.07479229
AE(1),5,-0.16399448
AE(1),5,0.16367706
AE(1),5,-0.11757559
AE(1),5,-0.09177083
AE(1),5,0.05819245
AE(1),5,-0.14918170
AE(1),5,-0.07025975
AE(1),5,-0.08707110
AE(1),5,-0.10102283
AE(1),5,-0.14357907
AE(1),5,-0.02023697
AE(1),5,0.09773072
AE(1),5,-0.10340494
AE(1),5,-0.02150958
AE(1),5,-0.07489848
AE(1),5,0.00469766
AE(1),5,-0.03910073
AE(1),5,-0.03289464
AE(1),5,-0.08963348
AE(1),5,-0.09455233
AE(1),5,-0.11766368
AE(1),5,-0.11005023
AE(1),5,-0.06831921
AE(1),5,-0.06602060
AE(1),5,-0.15210193
AE(1),5,0.11163874
AE(1),5,-0.01495490
AE(1),5,0.19160138
AE(1),5,-0.15310386
AE(1),5,-0.13550092
AE(1),5,-0.08736448
AE(1),5,-0.23701909
AE(1),5,0.00328375
AE(1),5,-0.06847373
AE(1),5,-0.06986953
AE(1),5,-0.00623993
AE(1),5,-0.00865221
AE(1),5,-0.06284098
AE(1),5,-0.13728687
AE(1),5,0.19087709
AE(1),5,-0.04588090
AE(1),5,0.05853774
AE(1),5,0.07754446
AE(1),5,-0.11572194
AE(1),5,-0.07942745
AE(1),5,0.11735040
AE(1),5,-0.07159696
AE(1),5,-0.07484904
AE(1),5,0.00914837
AE(1),5,-0.06508358
AE(1),5,-0.10689334
AE(1),5,-0.08246483
AE(1),5,0.03610490
AE(1),5,0.16085025
AE(1),5,-0.05639448
AE(1),5,-0.06443831
AE(1),5,-0.17989242
AE(1),5,0.01167346
AE(1),5,-0.06404728
AE(1),5,-0.08794022
AE(1),5,0.23152043
AE(1),5,0.03544478
AE(1),5,-0.09588990
AE(1),5,-0.05573807
AE(1),5,-0.17860657
AE(1),5,-0.09479926
AE(1),5,-0.04082977
AE(1),5,-0.03286426
AE(1),5,-0.05599400
AE(1),5,-0.07207907
AE(1),5,0.00954674
AE(1),5,0.08585226
AE(1),5,-0.04864965
AE(1),5,-0.12810840
AE(1),5,-0.06053185
AE(1),5,-0.09662942
AE(1),5,-0.04150674
AE(1),5,-0.14821450
AE(1),5,-0.13913042
AE(1),5,-0.08205296
AE(1),5,-0.09985108
AE(1),5,-0.09339520
AE(1),5,-0.17669080
AE(1),5,-0.09509871
AE(1),5,-0.06226443
AE(1),5,0.04957310
AE(1),5,-0.11533210
AE(1),5,-0.09760073
AE(1),5,0.12295083
AE(1),5,-0.07830878
AE(1),5,-0.07699903
AE(1),5,-0.09392635
AE(1),5,-0.06172068
AE(1),5,-0.12436955
AE(1),5,-0.10962944
AE(1),5,-0.09193921
AE(1),5,-0.06239977
AE(1),5,-0.10235310
AE(1),5,-0.14127796
AE(1),5,-0.16068052
AE(1),5,-0.10165602
AE(1),5,-0.09400166
AE(1),5,-0.07386602
AE(1),5,-0.01997908
AE(1),5,-0.05309439
AE(1),5,-0.08693783
AE(1),5,0.01211204
AE(1),5,-0.10284690
AE(1),5,-0.04388846
AE(1),5,-0.19138990
AE(1),5,-0.02865354
AE(1),5,-0.09049544
AE(1),5,-0.10672606
AE(1),5,-0.25035288
AE(1),5,-0.11016478
AE(1),5,-0.18883719
AE(1),5,-0.11593778
AE(1),5,-0.10462807
AE(1),5,-0.13458527
AE(1),5,-0.07162088
AE(1),5,-0.05971760
AE(1),5,-0.06757296
AE(1),5,-0.20593124
AE(1),5,-0.08156930
AE(1),5,-0.07647335
AE(1),5,-0.07359999
AE(1),5,0.05189509
AE(1),5,0.09686209
AE(1),5,0.08103071
AE(1),5,-0.06934691
AE(1),5,-0.04361087
AE(1),5,-0.17173734
AE(1),5,-0.03165640
AE(1),5,0.00061398
AE(1),5,-0.09385250
AE(1),5,-0.03521747
AE(1),5,-0.08432599
AE(1),5,-0.07029601
AE(1),5,-0.01505842
AE(1),5,-0.10346011
AE(1),5,-0.01222431
AE(1),5,-0.10403635
AE(1),5,-0.07110849
AE(1),5,-0.10167067
AE(1),5,-0.06875487
AE(1),5,-0.15913849
AE(1),5,-0.04730361
AE(1),5,-0.12900253
AE(1),5,-0.09281955
AE(1),5,-0.09189692
AE(1),5,-0.05625108
AE(1),5,0.03363846
AE(1),5,-0.17355557
AE(1),5,-0.02047449
AE(1),5,-0.02607341
AE(1),5,-0.06297556
AE(1),5,-0.14193253
AE(1),5,-0.01689267
AE(1),5,-0.05832571
AE(1),5,-0.07942747
AE(1),5,-0.02920473
AE(1),5,-0.10522843
AE(1),5,-0.05762408
AE(1),5,-0.09933515
AE(1),5,-0.13006523
AE(1),5,-0.08243721
AE(1),5,-0.01921346
AE(1),5,-0.08623623
AE(1),5,-0.03497371
AE(1),5,-0.07361634
AE(1),5,-0.02621410
AE(1),5,-0.06859584
AE(1),5,0.01015073
AE(1),5,-0.08871175
AE(1),5,-0.12123938
AE(1),5,0.02311807
AE(1),5,-0.04961179
AE(1),5,-0.08254053
AE(1),5,-0.06759667
AE(1),5,-0.10844570
AE(1),5,-0.03481911
AE(1),5,-0.08325480
AE(1),5,-0.03630858
AE(1),5,-0.10989149
AE(1),5,0.01554548
AE(1),5,-0.11641036
AE(1),5,-0.07174645
AE(1),5,0.02426525
AE(1),5,-0.17183954
AE(1),5,-0.07770047
AE(1),5,-0.04973576
AE(1),5,-0.10278516
AE(1),5,-0.07237846
AE(1),5,-0.09979002
AE(1),5,0.10776525
AE(1),5,-0.11961061
AE(1),5,-0.07143180
AE(1),5,-0.03871407
AE(1),5,-0.08086406
AE(1),5,-0.08225358
AE(1),5,-0.20705208
AE(1),5,-0.03538344
AE(1),5,-0.17652536
AE(1),5,-0.09687469
AE(1),5,-0.07604897
AE(1),5,-0.00817549
AE(1),5,-0.10810563
AE(1),5,-0.21404442
AE(1),5,-0.07361801
AE(1),5,-0.09024547
AE(1),5,-0.08254280
AE(1),5,-0.10188436
AE(1),5,-0.09477464
AE(1),5,-0.02775688
AE(1),5,0.01869450
AE(1),5,-0.00180230
AE(1),5,-0.19096053
AE(1),5,-0.04322260
AE(1),5,-0.19172983
AE(1),5,-0.10561354
AE(1),5,-0.10869060
AE(1),5,-0.01268059
AE(1),5,-0.13347474
AE(1),5,0.02574703
AE(1),5,-0.06178141
AE(1),5,-0.15510395
AE(1),5,-0.06321127
AE(1),5,-0.16595023
AE(1),5,-0.08488171
AE(1),5,-0.13230655
AE(1),5,-0.22289302
AE(1),5,-0.09495833
AE(1),5,-0.08639868
AE(1),5,-0.06886148
AE(1),5,0.01394073
AE(1),5,0.03381275
AE(1),5,-0.13618451
AE(1),5,-0.17333851
AE(1),5,-0.07448997
AE(1),5,-0.09551194
AE(1),5,-0.06183153
AE(1),5,-0.08322150
AE(1),5,-0.09936347
AE(1),5,-0.12721329
AE(1),5,-0.12332563
AE(1),5,-0.09117476
AE(1),5,-0.09899938
AE(1),5,-0.08316319
AE(1),5,-0.12414987
AE(1),5,-0.00766149
AE(1),5,-0.09799056
AE(1),5,0.02622067
AE(1),5,-0.10929531
AE(1),5,-0.07521258
AE(1),5,-0.09986069
AE(1),5,-0.01504234
AE(1),5,-0.13341210
AE(1),5,-0.05442218
AE(1),5,0.01589613
AE(1),5,-0.05899902
AE(1),5,-0.00687622
AE(1),5,-0.13077139
AE(1),5,0.02536240
AE(1),5,-0.01468715
AE(1),5,-0.01909433
AE(1),5,-0.06091299
AE(1),5,0.05487124
AE(1),5,-0.09071235
AE(1),5,-0.09089498
AE(1),5,-0.06343589
AE(1),5,-0.07480881
AE(1),5,-0.10173543
AE(1),5,-0.11573478
AE(1),5,-0.03613983
AE(1),5,0.00076989
AE(1),5,-0.06554270
AE(1),5,-0.00274379
AE(1),5,-0.12305056
AE(1),5,-0.02919350
AE(1),5,-0.10364056
AE(1),5,-0.07133814
AE(1),5,-0.11792144
AE(1),5,-0.07366901
AE(1),5,0.00949252
AE(1),5,-0.10938843
AE(1),5,-0.06035060
AE(1),5,-0.15912214
AE(1),5,-0.01954481
AE(1),5,-0.16449667
AE(1),5,0.05993886
AE(1),5,-0.08472488
AE(1),5,-0.05007919
AE(1),5,-0.14572986
AE(1),5,-0.14584988
AE(1),5,-0.08939319
AE(1),5,-0.08338307
AE(1),5,-0.09165233
AE(1),5,-0.00212800
AE(1),5,-0.07196763
AE(1),5,-0.16690812
AE(1),5,-0.09203366
AE(1),5,-0.19433334
AE(1),5,-0.07626678
AE(1),5,-0.23577624
AE(1),5,-0.17218273
AE(1),5,-0.07684875
AE(1),5,-0.10284677
AE(1),5,-0.12562916
AE(1),6,-0.04546936
AE(1),6,0.01200844
AE(1),6,-0.01759917
AE(1),6,-0.00808689
AE(1),6,-0.02945028
AE(1),6,-0.09245664
AE(1),6,-0.10148795
AE(1),6,-0.01869603
AE(1),6,0.02093802
AE(1),6,-0.02128153
AE(1),6,0.09001644
AE(1),6,-0.00328241
AE(1),6,-0.02206748
AE(1),6,0.06323253
AE(1),6,0.05057741
AE(1),6,-0.04415815
AE(1),6,-0.01756973
AE(1),6,-0.05586042
AE(1),6,-0.01381166
AE(1),6,-0.00718932
AE(1),6,0.02931437
AE(1),6,-0.01748979
AE(1),6,0.18523314
AE(1),6,-0.12455737
AE(1),6,-0.13565228
AE(1),6,0.10846571
AE(1),6,-0.02949634
AE(1),6,0.05413896
AE(1),6,-0.05142344
AE(1),6,0.04711711
AE(1),6,-0.03898971
AE(1),6,0.11971520
AE(1),6,-0.08493059
AE(1),6,0.01557935
AE(1),6,-0.08062459
AE(1),6,0.05854439
AE(1),6,0.09141064
AE(1),6,-0.02492480
AE(1),6,-0.00998236
AE(1),6,0.07909541
AE(1),6,0.03418559
AE(1),6,-0.00166544
AE(1),6,-0.03847039
AE(1),6,0.03740188
AE(1),6,0.00768231
AE(1),6,0.01270600
AE(1),6,0.00818476
AE(1),6,-0.00110213
AE(1),6,0.04800278
AE(1),6,0.02608792
AE(1),6,-0.05692524
AE(1),6,-0.02240131
AE(1),6,0.06656034
AE(1),6,0.00758792
AE(1),6,0.02030940
AE(1),6,-0.07681412
AE(1),6,-0.05658081
AE(1),6,0.10446325
AE(1),6,0.00158874
AE(1),6,0.00167113
AE(1),6,-0.10554906
AE(1),6,-0.02181743
AE(1),6,-0.03051392
AE(1),6,0.00049898
AE(1),6,-0.04711177
AE(1),6,-0.08948075
AE(1),6,-0.06128908
AE(1),6,0.10127402
AE(1),6,-0.04885999
AE(1),6,-0.03892604
AE(1),6,-0.04712444
AE(1),6,-0.05723888
AE(1),6,-0.03074144
AE(1),6,-0.06045698
AE(1),6,0.06687226
AE(1),6,-0.01261189
AE(1),6,0.00501275
AE(1),6,0.03643111
AE(1),6,-0.03606657
AE(1),6,-0.04638567
AE(1),6,-0.08896761
AE(1),6,-0.08633831
AE(1),6,-0.03622885
AE(1),6,-0.00917842
AE(1),6,0.04339869
AE(1),6,-0.00917062
AE(1),6,-0.01007951
AE(1),6,0.10670909
AE(1),6,0.01335697
AE(1),6,0.06344302
AE(1),6,-0.00240719
AE(1),6,-0.04193582
AE(1),6,0.08626717
AE(1),6,0.25200090
AE(1),6,-0.00401843
AE(1),6,0.03810634
AE(1),6,-0.03244554
AE(1),6,-0.02578374
AE(1),6,-0.00163971
AE(1),6,0.01398053
AE(1),6,-0.01066779
AE(1),6,-0.08509665
AE(1),6,-0.03432282
AE(1),6,0.12494112
AE(1),6,-0.04111148
AE(1),6,0.02155226
AE(1),6,-0.03178540
AE(1),6,-0.03279462
AE(1),6,-0.05486792
AE(1),6,-0.03725924
AE(1),6,-0.04291311
AE(1),6,0.05672637
AE(1),6,0.02244566
AE(1),6,-0.00477033
AE(1),6,0.12229913
AE(1),6,0.06496821
AE(1),6,0.00978855
AE(1),6,-0.00976195
AE(1),6,-0.00779346
AE(1),6,-0.08867049
AE(1),6,-0.01997190
AE(1),6,-0.07336980
AE(1),6,-0.03917247
AE(1),6,-0.01172200
AE(1),6,-0.03720596
AE(1),6,-0.02401806
AE(1),6,0.00636043
AE(1),6,-0.02232458
AE(1),6,0.00234137
AE(1),6,0.05104571
AE(1),6,0.00958429
AE(1),6,-0.01061447
AE(1),6,-0.05053554
AE(1),6,-0.02831517
AE(1),6,-0.02607570
AE(1),6,0.00315855
AE(1),6,0.15025972
AE(1),6,0.00544735
AE(1),6,-0.00832829
AE(1),6,0.01385429
AE(1),6,0.00599856
AE(1),6,-0.01743293
AE(1),6,0.02282625
AE(1),6,0.04997213
AE(1),6,0.08191978
AE(1),6,0.11979469
AE(1),6,-0.11326715
AE(1),6,-0.05699912
AE(1),6,0.06556248
AE(1),6,-0.01552698
AE(1),6,0.04265576
AE(1),6,-0.01913904
AE(1),6,0.03356777
AE(1),6,-0.05460631
AE(1),6,-0.00023178
AE(1),6,-0.01442993
AE(1),6,-0.05893883
AE(1),6,-0.04824108
AE(1),6,-0.02995247
AE(1),6,-0.00749596
AE(1),6,0.02764283
AE(1),6,0.00507295
AE(1),6,-0.01162414
AE(1),6,-0.05142731
AE(1),6,-0.02712654
AE(1),6,-0.01116015
AE(1),6,-0.04723902
AE(1),6,0.00389873
AE(1),6,0.01809007
AE(1),6,-0.01697742
AE(1),6,0.02830552
AE(1),6,-0.15498109
AE(1),6,-0.05225978
AE(1),6,-0.03157011
AE(1),6,0.08116384
AE(1),6,-0.04036799
AE(1),6,-0.00731626
AE(1),6,-0.08321137
AE(1),6,0.01123118
AE(1),6,-0.03351762
AE(1),6,-0.00681204
AE(1),6,-0.08077613
AE(1),6,-0.00669040
AE(1),6,-0.01702283
AE(1),6,-0.03963802
AE(1),6,-0.00669541
AE(1),6,0.00983403
AE(1),6,-0.06493375
AE(1),6,-0.09635317
AE(1),6,0.08588637
AE(1),6,0.03389538
AE(1),6,-0.06018869
AE(1),6,-0.01322003
AE(1),6,-0.04335807
AE(1),6,0.03153144
AE(1),6,0.10459031
AE(1),6,-0.03199676
AE(1),6,-0.03052398
AE(1),6,-0.03605033
AE(1),6,-0.02407205
AE(1),6,-0.06988715
AE(1),6,-0.00318476
AE(1),6,-0.00371469
AE(1),6,-0.07411785
AE(1),6,0.05348208
AE(1),6,0.25793405
AE(1),6,-0.01947844
AE(1),6,-0.09237589
AE(1),6,-0.05122936
AE(1),6,0.01057673
AE(1),6,0.22756778
AE(1),6,-0.01777064
AE(1),6,-0.00389974
AE(1),6,0.00251430
AE(1),6,-0.02493447
AE(1),6,-0.03821309
AE(1),6,-0.02152483
AE(1),6,-0.01884507
AE(1),6,0.18562822
AE(1),6,0.08492409
AE(1),6,-0.02935742
AE(1),6,-0.02844911
AE(1),6,-0.02940160
AE(1),6,-0.05120627
AE(1),6,-0.05218316
AE(1),6,-0.02562074
AE(1),6,0.01962546
AE(1),6,-0.01774981
AE(1),6,0.01865821
AE(1),6,-0.03068254
AE(1),6,-0.04355546
AE(1),6,0.01152020
AE(1),6,0.03545499
AE(1),6,-0.01831687
AE(1),6,0.02506519
AE(1),6,-0.10489569
AE(1),6,0.01527751
AE(1),6,-0.00063379
AE(1),6,-0.04915219
AE(1),6,0.06288008
AE(1),6,0.00751619
AE(1),6,-0.00404867
AE(1),6,-0.00769615
AE(1),6,0.00207948
AE(1),6,-0.08750471
AE(1),6,0.03973929
AE(1),6,-0.04291668
AE(1),6,-0.01760428
AE(1),6,-0.08540112
AE(1),6,-0.11209103
AE(1),6,0.00114950
AE(1),6,-0.01845964
AE(1),6,0.00410038
AE(1),6,0.09254379
AE(1),6,-0.04143897
AE(1),6,0.04210908
AE(1),6,-0.04069283
AE(1),6,0.00889703
AE(1),6,-0.02016642
AE(1),6,-0.09016989
AE(1),6,-0.02796784
AE(1),6,-0.07706000
AE(1),6,-0.06124315
AE(1),6,-0.01379699
AE(1),6,0.00831662
AE(1),6,-0.03709957
AE(1),6,0.05105333
AE(1),6,-0.01106404
AE(1),6,0.01721271
AE(1),6,-0.03399857
AE(1),6,0.00901564
AE(1),6,-0.05654903
AE(1),6,0.03690634
AE(1),6,-0.01580617
AE(1),6,0.03795390
AE(1),6,-0.00405449
AE(1),6,0.03893075
AE(1),6,0.00297250
AE(1),6,-0.10444889
AE(1),6,-0.02225787
AE(1),6,-0.00688440
AE(1),6,-0.03614953
AE(1),6,-0.01397044
AE(1),6,0.01074696
AE(1),6,0.02141050
AE(1),6,-0.00338305
AE(1),6,0.05692890
AE(1),6,-0.05656260
AE(1),6,-0.01753787
AE(1),6,0.16293767
AE(1),6,-0.04291559
AE(1),6,0.00188804
AE(1),6,-0.07278604
AE(1),6,-0.02884455
AE(1),6,-0.04185584
AE(1),6,-0.06404700
AE(1),6,0.07696548
AE(1),6,-0.08265967
AE(1),6,0.04731819
AE(1),6,-0.01794337
AE(1),6,-0.02217335
AE(1),6,-0.06073906
AE(1),6,0.05176454
AE(1),6,-0.00386493
AE(1),6,0.02714414
AE(1),6,0.08459391
AE(1),6,-0.03068749
AE(1),6,-0.03495280
AE(1),6,0.05091822
AE(1),6,0.00363954
AE(1),6,-0.01265112
AE(1),6,-0.00799232
AE(1),6,-0.02181050
AE(1),6,-0.00687093
AE(1),6,-0.03085314
AE(1),6,-0.14975446
AE(1),6,0.00162895
AE(1),6,-0.03214746
AE(1),6,0.00005382
AE(1),6,-0.05179640
AE(1),6,-0.03051041
AE(1),6,-0.11552575
AE(1),6,-0.01298907
AE(1),6,0.00075569
AE(1),6,0.24504536
AE(1),6,-0.00020685
AE(1),6,0.10501313
AE(1),6,-0.01149870
AE(1),6,-0.05331453
AE(1),6,0.00132873
AE(1),6,0.00040865
AE(1),6,-0.07235628
AE(1),6,-0.04403004
AE(1),6,-0.08709115
AE(1),6,-0.03826142
AE(1),6,-0.03203274
AE(1),6,0.14859557
AE(1),6,0.14111130
AE(1),6,-0.00709065
AE(1),6,0.00493645
AE(1),6,-0.02428518
AE(1),6,-0.03481485
AE(1),6,-0.09626817
AE(1),6,-0.03061627
AE(1),6,-0.00478628
AE(1),6,-0.01209241
AE(1),6,0.07201802
AE(1),6,0.01116304
AE(1),6,-0.02030732
AE(1),6,-0.00712258
AE(1),6,-0.00497369
AE(1),6,-0.07496929
AE(1),6,0.03384755
AE(1),6,0.05245507
AE(1),6,-0.06729269
AE(1),6,-0.03776864
AE(1),6,-0.00805551
AE(1),6,0.00307053
AE(1),6,0.05184088
AE(1),6,-0.04209526
AE(1),6,0.00391820
AE(1),6,-0.03217318
AE(1),6,0.13484398
AE(1),6,-0.01312849
AE(1),6,-0.05143891
AE(1),6,0.08152849
AE(1),6,-0.05754706
AE(1),6,-0.03564061
AE(1),6,0.03871176
AE(1),6,-0.00698809
AE(1),6,0.02947827
AE(1),6,0.00603276
AE(1),6,-0.00018417
AE(1),6,-0.07053506
AE(1),6,-0.03333345
AE(1),6,-0.07003008
AE(1),6,0.03314147
AE(1),6,-0.06209951
AE(1),6,-0.02498898
AE(1),6,-0.02159628
AE(1),6,-0.03752231
AE(1),6,-0.01635946
AE(1),6,0.00093234
AE(1),6,0.04050037
AE(1),6,-0.04574287
AE(1),6,-0.01788216
AE(1),6,0.01269020
AE(1),6,-0.03002664
AE(1),6,0.03442923
AE(1),6,-0.07985976
AE(1),6,-0.01223383
AE(1),6,-0.04135174
AE(1),6,0.12900194
AE(1),6,0.01445230
AE(1),6,-0.05746281
AE(1),6,-0.03264271
AE(1),6,-0.09746893
AE(1),6,-0.11102952
AE(1),6,0.01746917
AE(1),6,0.00046213
AE(1),6,-0.02108527
AE(1),6,-0.00688503
AE(1),6,-0.01077946
AE(1),6,-0.08237069
AE(1),6,0.00249131
AE(1),6,0.02905362
AE(1),6,-0.04554310
AE(1),6,0.02728894
AE(1),6,-0.03368651
AE(1),6,-0.05533184
AE(1),6,-0.03005389
AE(1),6,0.12819348
AE(1),6,0.07788292
AE(1),6,0.00567627
AE(1),6,-0.02884341
AE(1),6,0.04437858
AE(1),6,-0.03124929
AE(1),6,-0.00095736
AE(1),6,-0.04220166
AE(1),6,-0.01427298
AE(1),6,0.14397593
AE(1),6,-0.04468913
AE(1),6,-0.05016952
AE(1),6,0.00272527
AE(1),6,0.04459793
AE(1),6,0.01022466
AE(1),6,-0.12325521
AE(1),6,0.00412726
AE(1),6,-0.04460710
AE(1),6,-0.02713184
AE(1),6,-0.06079185
AE(1),6,-0.09075442
AE(1),6,-0.04434601
AE(1),6,0.01843561
AE(1),6,-0.08676703
AE(1),6,-0.02652272
AE(1),6,0.03929166
AE(1),6,-0.01453774
AE(1),6,-0.13432172
AE(1),6,0.00341293
AE(1),6,0.05439996
AE(1),6,-0.01265867
AE(1),6,0.07143121
AE(1),6,-0.06325951
AE(1),6,-0.06138247
AE(1),6,-0.03786584
AE(1),6,-0.15462042
AE(1),6,-0.09012626
AE(1),6,0.01058423
AE(1),6,-0.02121945
AE(1),6,-0.13452695
AE(1),6,0.09558535
AE(1),6,-0.03279445
AE(1),6,-0.05400116
AE(1),6,-0.03314875
AE(1),6,0.04421514
AE(1),6,-0.03265855
AE(1),6,-0.02178496
AE(1),6,-0.01261680
AE(1),6,-0.03466108
AE(3),1,-0.02950175
AE(3),1,0.07704093
AE(3),1,0.00051117
AE(3),1,0.00133934
AE(3),1,0.00550691
AE(3),1,0.00404893
AE(3),1,-0.04810832
AE(3),1,0.07926565
AE(3),1,0.04264301
AE(3),1,-0.05197709
AE(3),1,-0.04463377
AE(3),1,0.01595139
AE(3),1,0.11110127
AE(3),1,0.02247099
AE(3),1,0.00649376
AE(3),1,-0.01642211
AE(3),1,-0.02337377
AE(3),1,0.00704219
AE(3),1,0.02910226
AE(3),1,0.06226803
AE(3),1,-0.01684191
AE(3),1,-0.07332670
AE(3),1,-0.05868392
AE(3),1,-0.00937703
AE(3),1,0.05334857
AE(3),1,0.00062991
AE(3),1,0.01546179
AE(3),1,-0.06742495
AE(3),1,0.03228875
AE(3),1,0.03976498
AE(3),1,-0.02401658
AE(3),1,0.14256639
AE(3),1,0.00841484
AE(3),1,-0.01102212
AE(3),1,0.01284271
AE(3),1,-0.06948571
AE(3),1,0.09809824
AE(3),1,0.09288795
AE(3),1,0.04424820
AE(3),1,0.19951964
AE(3),1,-0.02763223
AE(3),1,-0.05023917
AE(3),1,0.21312514
AE(3),1,0.07668742
AE(3),1,-0.01899605
AE(3),1,-0.04461714
AE(3),1,0.05566644
AE(3),1,0.08228505
AE(3),1,0.10582615
AE(3),1,0.01819299
AE(3),1,0.04884589
AE(3),1,0.03277871
AE(3),1,-0.04940048
AE(3),1,0.05695992
AE(3),1,0.02551402
AE(3),1,0.07399649
AE(3),1,-0.01342270
AE(3),1,0.08145262
AE(3),1,0.02985918
AE(3),1,0.15121855
AE(3),1,0.10724627
AE(3),1,0.32303892
AE(3),1,0.06293528
AE(3),1,-0.01196404
AE(3),1,-0.04025508
AE(3),1,0.01346369
AE(3),1,0.07868606
AE(3),1,0.05943254
AE(3),1,0.16351296
AE(3),1,0.08350708
AE(3),1,-0.02930648
AE(3),1,-0.01831955
AE(3),1,0.02760796
AE(3),1,0.07061772
AE(3),1,-0.04809400
AE(3),1,-0.05341085
AE(3),1,0.01923427
AE(3),1,-0.02300431
AE(3),1,-0.02072692
AE(3),1,0.09429136
AE(3),1,-0.04907910
AE(3),1,0.01449621
AE(3),1,-0.05567604
AE(3),1,-0.03847105
AE(3),1,0.16217884
AE(3),1,0.01219337
AE(3),1,0.02568475
AE(3),1,-0.01293430
AE(3),1,0.06470223
AE(3),1,0.08163935
AE(3),1,-0.00146043
AE(3),1,0.00486643
AE(3),1,-0.05397288
AE(3),1,-0.01993833
AE(3),1,-0.02461897
AE(3),1,0.09186723
AE(3),1,0.03099010
AE(3),1,0.03393379
AE(3),1,0.05834117
AE(3),1,-0.06306893
AE(3),1,-0.00971961
AE(3),1,-0.02334844
AE(3),1,0.01109389
AE(3),1,0.01157309
AE(3),1,0.02729192
AE(3),1,0.08146273
AE(3),1,0.08772304
AE(3),1,-0.05283940
AE(3),1,-0.03102127
AE(3),1,0.01409129
AE(3),1,0.03268924
AE(3),1,-0.02561200
AE(3),1,0.12586487
AE(3),1,0.07597981
AE(3),1,-0.09754348
AE(3),1,0.05365666
AE(3),1,0.00409435
AE(3),1,-0.11968979
AE(3),1,0.05996394
AE(3),1,0.05647540
AE(3),1,0.12957127
AE(3),1,0.10052961
AE(3),1,0.02726105
AE(3),1,-0.03661952
AE(3),1,-0.08866505
AE(3),1,-0.06358450
AE(3),1,0.07180752
AE(3),1,0.01249950
AE(3),1,-0.00367268
AE(3),1,-0.01427784
AE(3),1,0.00145747
AE(3),1,0.11265695
AE(3),1,0.02398653
AE(3),1,-0.02181130
AE(3),1,-0.03289918
AE(3),1,-0.04271825
AE(3),1,-0.09463080
AE(3),1,-0.17094211
AE(3),1,-0.06893802
AE(3),1,-0.05157905
AE(3),1,-0.06828251
AE(3),1,-0.04572205
AE(3),1,0.01633792
AE(3),1,0.13754804
AE(3),1,0.15113978
AE(3),1,0.02935204
AE(3),1,0.03567747
AE(3),1,0.02187136
AE(3),1,0.11523440
AE(3),1,-0.04236438
AE(3),1,0.12071620
AE(3),1,0.00399661
AE(3),1,0.05216049
AE(3),1,0.02131602
AE(3),1,0.02364367
AE(3),1,-0.06468353
AE(3),1,0.01676063
AE(3),1,0.21341506
AE(3),1,0.03671139
AE(3),1,0.04268488
AE(3),1,-0.01165430
AE(3),1,0.20822007
AE(3),1,0.07736734
AE(3),1,0.04229039
AE(3),1,0.04378916
AE(3),1,-0.02120730
AE(3),1,0.07041366
AE(3),1,-0.01443334
AE(3),1,0.10148894
AE(3),1,0.04611722
AE(3),1,0.01483723
AE(3),1,0.00033152
AE(3),1,0.05301104
AE(3),1,-0.01611022
AE(3),1,0.01600163
AE(3),1,0.06705339
AE(3),1,0.18166930
AE(3),1,0.10191136
AE(3),1,-0.00961187
AE(3),1,0.12593868
AE(3),1,0.00246746
AE(3),1,0.01866190
AE(3),1,-0.05948749
AE(3),1,-0.04401359
AE(3),1,0.05689640
AE(3),1,-0.13251863
AE(3),1,-0.03929255
AE(3),1,-0.01645599
AE(3),1,-0.00627721
AE(3),1,-0.06770100
AE(3),1,-0.01830165
AE(3),1,0.01995536
AE(3),1,-0.00003592
AE(3),1,0.06756654
AE(3),1,-0.01726441
AE(3),1,-0.00140318
AE(3),1,0.04806812
AE(3),1,0.03830781
AE(3),1,0.09312807
AE(3),1,-0.04176005
AE(3),1,-0.01548291
AE(3),1,0.18249755
AE(3),1,-0.03157365
AE(3),1,0.05747007
AE(3),1,-0.01258639
AE(3),1,-0.00480315
AE(3),1,-0.03072531
AE(3),1,0.01046030
AE(3),1,0.20843043
AE(3),1,-0.02565030
AE(3),1,0.02833267
AE(3),1,-0.08423703
AE(3),1,0.01813379
AE(3),1,-0.04581546
AE(3),1,0.07991708
AE(3),1,-0.00670913
AE(3),1,-0.00373044
AE(3),1,0.34680452
AE(3),1,-0.02408894
AE(3),1,-0.04213556
AE(3),1,0.02519659
AE(3),1,0.01508860
AE(3),1,0.00662733
AE(3),1,-0.04638404
AE(3),1,0.04276039
AE(3),1,-0.05281240
AE(3),1,0.09107927
AE(3),1,-0.01680084
AE(3),1,-0.03561658
AE(3),1,-0.03138283
AE(3),1,0.06712614
AE(3),1,-0.00012246
AE(3),1,0.04780354
AE(3),1,-0.01237759
AE(3),1,0.03514971
AE(3),1,-0.00467118
AE(3),1,0.02442425
AE(3),1,0.08090824
AE(3),1,0.15004934
AE(3),1,0.06704087
AE(3),1,0.00528097
AE(3),1,0.10875399
AE(3),1,0.04412327
AE(3),1,0.01689203
AE(3),1,0.04165021
AE(3),1,0.14184009
AE(3),1,-0.06036765
AE(3),1,0.03945229
AE(3),1,-0.04833409
AE(3),1,-0.01139409
AE(3),1,0.18427611
AE(3),1,0.06897215
AE(3),1,-0.02305929
AE(3),1,0.05066071
AE(3),1,-0.02042650
AE(3),1,-0.01403594
AE(3),1,-0.03673767
AE(3),1,-0.00216621
AE(3),1,0.06220818
AE(3),1,0.02838200
AE(3),1,-0.00925148
AE(3),1,-0.01600592
AE(3),1,-0.01877256
AE(3),1,0.03361534
AE(3),1,0.05396634
AE(3),1,-0.01350404
AE(3),1,0.02520658
AE(3),1,-0.00435330
AE(3),1,0.01641160
AE(3),1,-0.05084241
AE(3),1,-0.00876402
AE(3),1,0.08188780
AE(3),1,0.04542123
AE(3),1,-0.02426682
AE(3),1,0.02312092
AE(3),1,-0.01093543
AE(3),1,0.01246021
AE(3),1,-0.07788487
AE(3),1,-0.00844126
AE(3),1,0.07401790
AE(3),1,-0.07490412
AE(3),1,0.03876760
AE(3),1,0.03455711
AE(3),1,0.05698550
AE(3),1,-0.02073325
AE(3),1,0.03296711
AE(3),1,0.05790693
AE(3),1,0.00765182
AE(3),1,-0.06039075
AE(3),1,0.02762280
AE(3),1,-0.06758576
AE(3),1,-0.03438461
AE(3),1,-0.01248739
AE(3),1,0.00900494
AE(3),1,-0.01058895
AE(3),2,0.02375137
AE(3),2,0.09289128
AE(3),2,-0.00842680
AE(3),2,0.01325509
AE(3),2,-0.01509267
AE(3),2,0.07629337
AE(3),2,0.02975080
AE(3),2,0.01152849
AE(3),2,0.13277515
AE(3),2,0.08469265
AE(3),2,0.13895762
AE(3),2,-0.02110699
AE(3),2,0.13159112
AE(3),2,0.00981473
AE(3),2,0.01227792
AE(3),2,0.09411627
AE(3),2,0.02415198
AE(3),2,-0.02903666
AE(3),2,0.02321790
AE(3),2,-0.02648740
AE(3),2,0.08157363
AE(3),2,-0.06497335
AE(3),2,-0.00813400
AE(3),2,-0.00065975
AE(3),2,-0.02081833
AE(3),2,0.03830332
AE(3),2,0.20764730
AE(3),2,0.08547335
AE(3),2,0.01295851
AE(3),2,0.24172846
AE(3),2,0.01955747
AE(3),2,-0.05177308
AE(3),2,-0.04383922
AE(3),2,-0.01069186
AE(3),2,0.03602215
AE(3),2,0.11569200
AE(3),2,0.01290406
AE(3),2,0.09332175
AE(3),2,0.02426852
AE(3),2,0.00847238
AE(3),2,0.09088408
AE(3),2,0.05830250
AE(3),2,-0.07439887
AE(3),2,0.08302544
AE(3),2,-0.05373831
AE(3),2,0.01506468
AE(3),2,0.00844643
AE(3),2,-0.01112445
AE(3),2,0.01595548
AE(3),2,0.08676460
AE(3),2,0.01982647
AE(3),2,-0.00172135
AE(3),2,0.02219402
AE(3),2,-0.04417390
AE(3),2,-0.02961099
AE(3),2,-0.02839855
AE(3),2,0.05367264
AE(3),2,-0.03073211
AE(3),2,0.00458862
AE(3),2,0.07306613
AE(3),2,0.05228097
AE(3),2,0.01882918
AE(3),2,-0.01094040
AE(3),2,-0.03805694
AE(3),2,-0.02807792
AE(3),2,0.03882654
AE(3),2,-0.01037463
AE(3),2,0.04655399
AE(3),2,-0.02641158
AE(3),2,0.02360245
AE(3),2,-0.02530780
AE(3),2,0.15011998
AE(3),2,-0.02702532
AE(3),2,0.03702468
AE(3),2,0.04429490
AE(3),2,-0.00946161
AE(3),2,0.06421811
AE(3),2,-0.00384195
AE(3),2,0.03309097
AE(3),2,0.05455782
AE(3),2,-0.01829627
AE(3),2,-0.02550551
AE(3),2,-0.00114165
AE(3),2,-0.02231532
AE(3),2,0.02586377
AE(3),2,0.05055872
AE(3),2,-0.04315969
AE(3),2,0.02006732
AE(3),2,0.05565058
AE(3),2,-0.05315833
AE(3),2,-0.01255099
AE(3),2,-0.00269814
AE(3),2,0.01962045
AE(3),2,-0.02822462
AE(3),2,0.01039139
AE(3),2,-0.05374511
AE(3),2,0.05965406
AE(3),2,-0.03733205
AE(3),2,0.00710398
AE(3),2,0.10278322
AE(3),2,-0.03227118
AE(3),2,0.01765277
AE(3),2,0.00945731
AE(3),2,0.06890616
AE(3),2,0.00084667
AE(3),2,0.04817290
AE(3),2,0.01444560
AE(3),2,0.05646209
AE(3),2,0.08519590
AE(3),2,0.01523115
AE(3),2,0.02272073
AE(3),2,0.07507656
AE(3),2,-0.01171203
AE(3),2,-0.02487141
AE(3),2,0.00641355
AE(3),2,0.00046446
AE(3),2,0.02140468
AE(3),2,0.06450994
AE(3),2,-0.05318569
AE(3),2,0.08648000
AE(3),2,0.04284820
AE(3),2,0.00973271
AE(3),2,0.09285681
AE(3),2,0.11577945
AE(3),2,0.00905898
AE(3),2,0.02231681
AE(3),2,-0.01888816
AE(3),2,-0.10246676
AE(3),2,0.00682387
AE(3),2,0.04085630
AE(3),2,0.01924380
AE(3),2,-0.00732816
AE(3),2,0.04136484
AE(3),2,-0.04770640
AE(3),2,0.04143448
AE(3),2,-0.02083395
AE(3),2,-0.05071549
AE(3),2,0.02299384
AE(3),2,0.02089371
AE(3),2,-0.04086930
AE(3),2,0.06771371
AE(3),2,0.02842794
AE(3),2,0.01756654
AE(3),2,0.07599060
AE(3),2,0.02715371
AE(3),2,0.02678117
AE(3),2,-0.03276215
AE(3),2,0.07070341
AE(3),2,-0.00326642
AE(3),2,0.02796823
AE(3),2,0.07449774
AE(3),2,-0.01989895
AE(3),2,0.12291914
AE(3),2,0.14681202
AE(3),2,0.02357719
AE(3),2,-0.01996514
AE(3),2,0.18890629
AE(3),2,-0.01362258
AE(3),2,-0.06033473
AE(3),2,-0.01979193
AE(3),2,-0.04676224
AE(3),2,-0.01373449
AE(3),2,0.01570178
AE(3),2,0.12788029
AE(3),2,0.05463296
AE(3),2,-0.08585260
AE(3),2,-0.06839299
AE(3),2,0.07812071
AE(3),2,-0.06348407
AE(3),2,0.13370890
AE(3),2,-0.01111097
AE(3),2,-0.03382086
AE(3),2,-0.01647806
AE(3),2,-0.00694341
AE(3),2,0.11764856
AE(3),2,-0.03392573
AE(3),2,0.06936980
AE(3),2,0.03065411
AE(3),2,-0.07487480
AE(3),2,0.06373058
AE(3),2,-0.02431841
AE(3),2,-0.01768779
AE(3),2,-0.00667299
AE(3),2,0.06169078
AE(3),2,-0.05749295
AE(3),2,0.00821041
AE(3),2,0.17751396
AE(3),2,0.06855260
AE(3),2,0.00780101
AE(3),2,0.08295996
AE(3),2,-0.04033641
AE(3),2,0.14633818
AE(3),2,0.08155193
AE(3),2,-0.03931983
AE(3),2,-0.01864932
AE(3),2,0.01277361
AE(3),2,0.01404040
AE(3),2,0.06340301
AE(3),2,0.11844134
AE(3),2,-0.01233810
AE(3),2,0.06455688
AE(3),2,0.00695132
AE(3),2,0.01308177
AE(3),2,0.00051434
AE(3),2,0.03015601
AE(3),2,0.03968486
AE(3),2,0.00973603
AE(3),2,0.04226061
AE(3),2,-0.05403999
AE(3),2,0.00221289
AE(3),2,0.03291584
AE(3),2,0.04572527
AE(3),2,-0.03952314
AE(3),2,0.03779087
AE(3),2,0.04032573
AE(3),2,0.04760990
AE(3),2,-0.04169997
AE(3),2,-0.05768534
AE(3),2,0.03487092
AE(3),2,-0.00872022
AE(3),2,-0.06584717
AE(3),2,0.03793551
AE(3),2,0.13643189
AE(3),2,-0.00521284
AE(3),2,0.02632338
AE(3),2,-0.03494604
AE(3),2,0.06423132
AE(3),2,0.07158206
AE(3),2,0.06041239
AE(3),2,-0.02120892
AE(3),2,-0.04134972
AE(3),2,-0.00332086
AE(3),2,0.10025256
AE(3),2,0.03096827
AE(3),2,0.04994952
AE(3),2,0.09401650
AE(3),2,0.03137765
AE(3),2,0.00028052
AE(3),2,-0.02701294
AE(3),2,0.03405431
AE(3),2,0.00813542
AE(3),2,0.05498975
AE(3),2,-0.02112793
AE(3),2,0.03315472
AE(3),2,0.12759904
AE(3),2,-0.00416777
AE(3),2,0.00892487
AE(3),2,0.00202329
AE(3),2,0.05334839
AE(3),2,0.20949947
AE(3),2,0.04315732
AE(3),2,0.02295890
AE(3),2,0.07384704
AE(3),2,-0.00960560
AE(3),2,0.00748297
AE(3),2,0.03103661
AE(3),2,0.04471911
AE(3),2,0.04628115
AE(3),2,0.06285791
AE(3),2,0.05901634
AE(3),2,0.01719183
AE(3),2,-0.03403492
AE(3),2,-0.00415413
AE(3),2,0.02528389
AE(3),2,0.13249578
AE(3),2,0.00639962
AE(3),2,0.00321862
AE(3),2,-0.08638174
AE(3),2,0.05684830
AE(3),2,0.06399342
AE(3),2,0.00262407
AE(3),2,0.06813867
AE(3),2,0.06101721
AE(3),2,0.07489784
AE(3),2,0.06574725
AE(3),2,0.00103188
AE(3),2,0.01699564
AE(3),2,0.07247997
AE(3),2,0.02622545
AE(3),2,-0.04898522
AE(3),2,0.05244753
AE(3),2,0.08206922
AE(3),2,-0.05923874
AE(3),2,0.15521117
AE(3),2,0.10545152
AE(3),2,-0.03180083
AE(3),2,-0.11347648
AE(3),2,-0.00306200
AE(3),2,-0.06177502
AE(3),2,-0.00564139
AE(3),2,-0.00523210
AE(3),2,-0.02000407
AE(3),2,0.00438705
AE(3),2,0.05157744
AE(3),2,0.06196671
AE(3),2,0.02380159
AE(3),2,-0.00019830
AE(3),2,0.03357284
AE(3),2,-0.00195397
AE(3),2,-0.04097012
AE(3),2,-0.00435698
AE(3),2,0.12089856
AE(3),2,0.03267955
AE(3),2,0.00803501
AE(3),2,-0.01393184
AE(3),2,0.01231631
AE(3),2,0.04710412
AE(3),2,0.07288561
AE(3),2,0.03701267
AE(3),2,0.03322117
AE(3),2,-0.09483079
AE(3),2,0.06341465
AE(3),2,0.05756393
AE(3),2,0.02534556
AE(3),2,0.01878588
AE(3),2,0.01553105
AE(3),2,0.05626051
AE(3),2,0.09077720
AE(3),2,0.01804598
AE(3),2,-0.04466817
AE(3),2,0.11748383
AE(3),2,0.14997733
AE(3),2,-0.00978093
AE(3),2,0.01375511
AE(3),2,-0.04711217
AE(3),2,0.02596731
AE(3),2,0.02309649
AE(3),2,0.00074900
AE(3),2,-0.02878503
AE(3),2,-0.00400519
AE(3),2,-0.01624857
AE(3),2,-0.00194606
AE(3),2,-0.00224155
AE(3),2,0.04078116
AE(3),2,-0.04275348
AE(3),2,0.04051902
AE(3),2,0.00319268
AE(3),2,0.10872855
AE(3),2,-0.02093500
AE(3),2,-0.06499747
AE(3),2,-0.00103311
AE(3),3,0.09714029
AE(3),3,0.05699464
AE(3),3,0.26767212
AE(3),3,0.09443944
AE(3),3,0.09116051
AE(3),3,0.09867789
AE(3),3,0.14321324
AE(3),3,0.17598429
AE(3),3,0.03169486
AE(3),3,0.05955222
AE(3),3,0.08925423
AE(3),3,0.04562281
AE(3),3,0.11757160
AE(3),3,0.08146587
AE(3),3,0.18780317
AE(3),3,0.03411092
AE(3),3,0.05973021
AE(3),3,0.08488542
AE(3),3,0.02774939
AE(3),3,0.10648502
AE(3),3,0.05135049
AE(3),3,0.06490264
AE(3),3,0.02534758
AE(3),3,0.12835616
AE(3),3,0.03400189
AE(3),3,0.14580047
AE(3),3,0.00968581
AE(3),3,-0.09611892
AE(3),3,0.15624430
AE(3),3,0.13002945
AE(3),3,0.07981749
AE(3),3,0.04147270
AE(3),3,0.05029117
AE(3),3,0.06201574
AE(3),3,0.10692567
AE(3),3,0.17255050
AE(3),3,0.06409827
AE(3),3,0.13659587
AE(3),3,0.11082555
AE(3),3,0.13227788
AE(3),3,0.08135502
AE(3),3,-0.04342617
AE(3),3,0.01818828
AE(3),3,0.01487025
AE(3),3,0.06762913
AE(3),3,0.01337363
AE(3),3,0.14884353
AE(3),3,0.14705445
AE(3),3,0.28164016
AE(3),3,0.04244340
AE(3),3,0.05738746
AE(3),3,0.12093734
AE(3),3,0.09985454
AE(3),3,0.15635767
AE(3),3,-0.00729620
AE(3),3,0.06167837
AE(3),3,0.02150384
AE(3),3,0.13341271
AE(3),3,0.08557531
AE(3),3,0.11639693
AE(3),3,-0.00748468
AE(3),3,0.02678081
AE(3),3,0.23384954
AE(3),3,0.05486345
AE(3),3,0.00781148
AE(3),3,0.01621798
AE(3),3,0.09218911
AE(3),3,0.14376392
AE(3),3,0.10661292
AE(3),3,0.12295438
AE(3),3,0.11376694
AE(3),3,0.11264098
AE(3),3,0.16238515
AE(3),3,0.04605467
AE(3),3,0.03984854
AE(3),3,0.19318046
AE(3),3,0.06647475
AE(3),3,0.09165587
AE(3),3,0.11446809
AE(3),3,0.13492871
AE(3),3,0.06146689
AE(3),3,0.12177542
AE(3),3,0.13790761
AE(3),3,0.13025348
AE(3),3,0.35115664
AE(3),3,0.06993615
AE(3),3,0.08685288
AE(3),3,0.10033858
AE(3),3,0.08661095
AE(3),3,0.01352703
AE(3),3,0.04651105
AE(3),3,-0.03317445
AE(3),3,0.03386595
AE(3),3,0.26084501
AE(3),3,0.08575694
AE(3),3,0.06324270
AE(3),3,0.07014147
AE(3),3,0.16953470
AE(3),3,0.14723204
AE(3),3,0.03946834
AE(3),3,0.14839676
AE(3),3,-0.00852463
AE(3),3,0.10632899
AE(3),3,0.18238675
AE(3),3,0.14515107
AE(3),3,0.04339644
AE(3),3,0.08645967
AE(3),3,0.08131013
AE(3),3,0.14145985
AE(3),3,0.05863952
AE(3),3,0.13253940
AE(3),3,0.06814260
AE(3),3,-0.01605069
AE(3),3,0.04098652
AE(3),3,0.02273174
AE(3),3,0.20187230
AE(3),3,0.10940618
AE(3),3,0.06798635
AE(3),3,0.11702531
AE(3),3,0.13223511
AE(3),3,0.07553943
AE(3),3,0.06054337
AE(3),3,0.17885428
AE(3),3,0.04353415
AE(3),3,0.20642461
AE(3),3,0.04866319
AE(3),3,0.05176158
AE(3),3,0.09730306
AE(3),3,0.06453172
AE(3),3,0.11135296
AE(3),3,0.10578709
AE(3),3,0.04727383
AE(3),3,0.08256500
AE(3),3,0.08458221
AE(3),3,0.05964279
AE(3),3,0.20651529
AE(3),3,0.01477021
AE(3),3,-0.00971554
AE(3),3,-0.02079838
AE(3),3,0.09340408
AE(3),3,0.09038185
AE(3),3,0.06151401
AE(3),3,0.03470713
AE(3),3,0.17001092
AE(3),3,-0.00198283
AE(3),3,0.10360805
AE(3),3,0.29850816
AE(3),3,0.18433991
AE(3),3,0.15384232
AE(3),3,0.14639264
AE(3),3,0.11859096
AE(3),3,0.07946683
AE(3),3,0.08064677
AE(3),3,0.09533290
AE(3),3,0.00543401
AE(3),3,0.16803151
AE(3),3,0.22022966
AE(3),3,0.13051521
AE(3),3,-0.09301457
AE(3),3,0.04649915
AE(3),3,0.12061047
AE(3),3,0.09699990
AE(3),3,0.07809971
AE(3),3,0.21918786
AE(3),3,0.18311684
AE(3),3,0.12992784
AE(3),3,0.28970544
AE(3),3,0.05888733
AE(3),3,0.09250550
AE(3),3,0.07352911
AE(3),3,0.05714851
AE(3),3,0.04253265
AE(3),3,0.32672070
AE(3),3,0.12012443
AE(3),3,0.07523925
AE(3),3,0.05061716
AE(3),3,0.07399436
AE(3),3,0.08819847
AE(3),3,0.04593717
AE(3),3,0.02588910
AE(3),3,0.16072196
AE(3),3,0.08615240
AE(3),3,0.02227191
AE(3),3,0.13436284
AE(3),3,0.06011507
AE(3),3,0.09070622
AE(3),3,0.08174714
AE(3),3,0.04161523
AE(3),3,0.00070575
AE(3),3,0.03883814
AE(3),3,0.06254092
AE(3),3,0.10737952
AE(3),3,0.00401882
AE(3),3,0.00449746
AE(3),3,0.11930058
AE(3),3,0.10961970
AE(3),3,0.09206603
AE(3),3,0.05789087
AE(3),3,0.05569097
AE(3),3,0.19226497
AE(3),3,0.15730888
AE(3),3,0.15296418
AE(3),3,0.14051403
AE(3),3,0.14971388
AE(3),3,0.05724385
AE(3),3,0.12805181
AE(3),3,0.05155529
AE(3),3,0.02562290
AE(3),3,0.01332450
AE(3),3,0.14256449
AE(3),3,0.01868895
AE(3),3,0.08638681
AE(3),3,0.01497748
AE(3),3,0.07173557
AE(3),3,0.25446843
AE(3),3,0.29415843
AE(3),3,0.07041930
AE(3),3,0.06704374
AE(3),3,0.05462183
AE(3),3,0.05326960
AE(3),3,-0.00667173
AE(3),3,0.04057575
AE(3),3,0.13541213
AE(3),3,0.02962985
AE(3),3,0.07561694
AE(3),3,0.08514422
AE(3),3,0.03388382
AE(3),3,0.21906140
AE(3),3,0.11365732
AE(3),3,0.09356851
AE(3),3,0.03329130
AE(3),3,0.05212401
AE(3),3,0.13140227
AE(3),3,-0.00486783
AE(3),3,0.09464631
AE(3),3,0.08675388
AE(3),3,0.17223437
AE(3),3,0.20589880
AE(3),3,0.08134264
AE(3),3,0.11912863
AE(3),3,-0.05555488
AE(3),3,0.10675784
AE(3),3,0.13470715
AE(3),3,0.16346568
AE(3),3,-0.06168179
AE(3),3,-0.05063138
AE(3),3,0.12418389
AE(3),3,0.08079295
AE(3),3,0.05378940
AE(3),3,0.26854744
AE(3),3,-0.00273999
AE(3),3,0.06243144
AE(3),3,0.17067721
AE(3),3,-0.04274871
AE(3),3,0.14086629
AE(3),3,0.08868247
AE(3),3,0.07108443
AE(3),3,0.15048979
AE(3),3,0.12861682
AE(3),3,0.07580045
AE(3),3,0.02664039
AE(3),3,-0.01794198
AE(3),3,0.12961287
AE(3),3,0.01509539
AE(3),3,0.07037841
AE(3),3,0.14539629
AE(3),3,0.03711670
AE(3),3,-0.11790990
AE(3),3,0.10621560
AE(3),3,0.16004381
AE(3),3,0.16686666
AE(3),3,0.03906630
AE(3),3,0.04717070
AE(3),3,-0.01887045
AE(3),3,0.14777998
AE(3),3,0.10654695
AE(3),3,0.09986620
AE(3),3,0.10668369
AE(3),3,0.01884640
AE(3),3,0.18479440
AE(3),3,0.19107996
AE(3),3,0.03865872
AE(3),3,0.12233462
AE(3),3,0.12649279
AE(3),3,0.02779969
AE(3),3,0.19981865
AE(3),3,0.03913239
AE(3),3,0.05515894
AE(3),3,0.06150175
AE(3),3,0.13995529
AE(3),3,0.07661173
AE(3),3,0.10568628
AE(3),3,0.14997849
AE(3),3,0.12854598
AE(3),3,-0.01321859
AE(3),3,0.18883765
AE(3),3,0.10200447
AE(3),3,0.15624548
AE(3),3,0.05008617
AE(3),3,0.08380008
AE(3),3,0.15293865
AE(3),3,0.04311853
AE(3),3,0.06171506
AE(3),3,-0.03753227
AE(3),3,0.08383853
AE(3),3,0.06718068
AE(3),3,0.10046993
AE(3),3,0.07007682
AE(3),3,0.21638331
AE(3),3,0.11574557
AE(3),3,0.04235808
AE(3),3,0.12788388
AE(3),3,0.01111933
AE(3),3,0.06937523
AE(3),3,0.09037134
AE(3),3,0.18246541
AE(3),3,0.08419537
AE(3),3,0.06500790
AE(3),3,0.03624926
AE(3),3,0.12095936
AE(3),3,0.16996344
AE(3),3,0.11068605
AE(3),3,0.16509643
AE(3),3,0.02622197
AE(3),3,0.17178334
AE(3),3,0.08211224
AE(3),3,0.17108298
AE(3),3,0.09972337
AE(3),3,0.04526079
AE(3),3,0.10925048
AE(3),3,0.15102666
AE(3),3,0.21764680
AE(3),3,0.10276274
AE(3),3,0.01438848
AE(3),3,0.10615328
AE(3),3,-0.03343781
AE(3),3,0.13085791
AE(3),3,0.14738688
AE(3),3,0.11972395
AE(3),3,0.07046553
AE(3),3,0.12996621
AE(3),3,0.11462589
AE(3),3,0.15066775
AE(3),3,0.01084789
AE(3),3,0.04152391
AE(3),3,0.08349115
AE(3),3,0.19945154
AE(3),3,0.04172187
AE(3),3,0.14342234
AE(3),3,0.08948150
AE(3),3,0.05014218
AE(3),3,0.15851563
AE(3),3,0.27236790
AE(3),3,0.03417699
AE(3),3,0.13191199
AE(3),3,0.04480961
AE(3),3,0.21869193
AE(3),3,0.16171420
AE(3),3,0.04010401
AE(3),3,0.03684043
AE(3),3,0.11944237
AE(3),3,0.13910170
AE(3),3,0.06387745
AE(3),3,0.27406607
AE(3),3,0.17277238
AE(3),4,0.02612349
AE(3),4,0.00189048
AE(3),4,0.19109883
AE(3),4,0.10448420
AE(3),4,0.00140926
AE(3),4,0.11623331
AE(3),4,-0.01831780
AE(3),4,0.06706650
AE(3),4,0.00559511
AE(3),4,0.15650579
AE(3),4,0.07950736
AE(3),4,0.00991753
AE(3),4,0.04065992
AE(3),4,-0.13247823
AE(3),4,0.15287795
AE(3),4,0.03285298
AE(3),4,0.01427476
AE(3),4,-0.00434668
AE(3),4,-0.03716326
AE(3),4,0.00212540
AE(3),4,-0.01699253
AE(3),4,0.03447506
AE(3),4,-0.00841663
AE(3),4,-0.08556023
AE(3),4,0.02137150
AE(3),4,0.09250099
AE(3),4,0.04791825
AE(3),4,0.07499145
AE(3),4,0.16612131
AE(3),4,-0.01815232
AE(3),4,0.04238389
AE(3),4,0.01255925
AE(3),4,0.02160005
AE(3),4,0.10847763
AE(3),4,0.06474207
AE(3),4,-0.05695769
AE(3),4,-0.00625435
AE(3),4,0.00430415
AE(3),4,0.11802438
AE(3),4,0.09504783
AE(3),4,0.07739962
AE(3),4,0.01563309
AE(3),4,0.04649554
AE(3),4,0.03330090
AE(3),4,-0.03189203
AE(3),4,-0.05424799
AE(3),4,-0.03767780
AE(3),4,0.09102413
AE(3),4,0.20011790
AE(3),4,0.00963263
AE(3),4,0.06089344
AE(3),4,0.09738973
AE(3),4,0.23122995
AE(3),4,0.04340674
AE(3),4,0.08666841
AE(3),4,0.02094087
AE(3),4,-0.09416155
AE(3),4,-0.02171979
AE(3),4,0.04901780
AE(3),4,0.22887920
AE(3),4,0.09186517
AE(3),4,0.03661287
AE(3),4,-0.02453536
AE(3),4,-0.03841621
AE(3),4,0.01506181
AE(3),4,0.02690538
AE(3),4,0.01280695
AE(3),4,0.05115636
AE(3),4,0.07151463
AE(3),4,-0.01436866
AE(3),4,-0.02772665
AE(3),4,0.08105650
AE(3),4,0.02564848
AE(3),4,0.11948406
AE(3),4,0.12160430
AE(3),4,0.10919048
AE(3),4,0.08902719
AE(3),4,0.05448343
AE(3),4,0.17787918
AE(3),4,0.05790444
AE(3),4,0.00905651
AE(3),4,0.04452992
AE(3),4,0.03861756
AE(3),4,0.05450420
AE(3),4,-0.02020646
AE(3),4,-0.11561054
AE(3),4,-0.03292153
AE(3),4,-0.01942855
AE(3),4,0.06817650
AE(3),4,-0.03964014
AE(3),4,0.01974495
AE(3),4,0.01802009
AE(3),4,0.03436239
AE(3),4,0.01304539
AE(3),4,0.15936887
AE(3),4,0.03589405
AE(3),4,0.19325188
AE(3),4,-0.00350769
AE(3),4,0.00748704
AE(3),4,-0.00019085
AE(3),4,-0.00085991
AE(3),4,0.13437239
AE(3),4,-0.00502327
AE(3),4,0.03239069
AE(3),4,0.04559791
AE(3),4,0.01734028
AE(3),4,0.07838095
AE(3),4,0.09173980
AE(3),4,0.17704005
AE(3),4,0.11458307
AE(3),4,0.03856977
AE(3),4,0.04582708
AE(3),4,0.04111986
AE(3),4,0.04170619
AE(3),4,0.09995455
AE(3),4,0.00402267
AE(3),4,-0.01086018
AE(3),4,-0.04459310
AE(3),4,0.03271037
AE(3),4,0.03076117
AE(3),4,0.04202983
AE(3),4,0.07194294
AE(3),4,0.05659588
AE(3),4,0.00548423
AE(3),4,-0.07701414
AE(3),4,0.09098644
AE(3),4,-0.12258900
AE(3),4,0.00550882
AE(3),4,0.01466326
AE(3),4,0.00940016
AE(3),4,-0.05258636
AE(3),4,0.00038336
AE(3),4,0.03704220
AE(3),4,-0.02022696
AE(3),4,0.15439248
AE(3),4,-0.08125426
AE(3),4,-0.00248153
AE(3),4,-0.05391840
AE(3),4,0.04488210
AE(3),4,0.23690040
AE(3),4,0.06185940
AE(3),4,0.05033637
AE(3),4,0.00014443
AE(3),4,-0.03542476
AE(3),4,-0.03175711
AE(3),4,-0.01181249
AE(3),4,-0.03501222
AE(3),4,0.01708601
AE(3),4,0.09866151
AE(3),4,0.18911704
AE(3),4,0.01472476
AE(3),4,0.02945404
AE(3),4,0.06746132
AE(3),4,0.01399949
AE(3),4,-0.00854279
AE(3),4,0.00451682
AE(3),4,0.05636488
AE(3),4,0.12967710
AE(3),4,-0.05463531
AE(3),4,0.00065094
AE(3),4,0.03298644
AE(3),4,0.01534697
AE(3),4,0.08966361
AE(3),4,0.03592627
AE(3),4,0.03021147
AE(3),4,0.06535064
AE(3),4,0.04815855
AE(3),4,0.06182157
AE(3),4,0.02598338
AE(3),4,0.05219536
AE(3),4,-0.03367434
AE(3),4,-0.04526760
AE(3),4,0.01647724
AE(3),4,0.04035617
AE(3),4,0.00959156
AE(3),4,0.10369339
AE(3),4,0.13361079
AE(3),4,-0.02485419
AE(3),4,0.16594988
AE(3),4,0.08866221
AE(3),4,-0.01033691
AE(3),4,0.01385291
AE(3),4,0.03080153
AE(3),4,-0.02910034
AE(3),4,0.05759149
AE(3),4,0.04389443
AE(3),4,0.01528056
AE(3),4,-0.06236932
AE(3),4,-0.02298477
AE(3),4,-0.11303329
AE(3),4,-0.10814176
AE(3),4,0.01015191
AE(3),4,-0.08294364
AE(3),4,-0.00926709
AE(3),4,0.03643117
AE(3),4,0.06377400
AE(3),4,0.10842578
AE(3),4,0.01324909
AE(3),4,0.02827864
AE(3),4,0.01762932
AE(3),4,0.14170596
AE(3),4,-0.01996639
AE(3),4,0.00468660
AE(3),4,-0.02021607
AE(3),4,0.01507000
AE(3),4,0.04578087
AE(3),4,0.01749986
AE(3),4,-0.01495942
AE(3),4,0.14091425
AE(3),4,-0.03640496
AE(3),4,-0.07409948
AE(3),4,0.15988948
AE(3),4,0.03757210
AE(3),4,-0.00244194
AE(3),4,0.03273992
AE(3),4,0.15266703
AE(3),4,0.03711638
AE(3),4,0.09652242
AE(3),4,0.05577114
AE(3),4,0.00556209
AE(3),4,0.05973833
AE(3),4,-0.02651217
AE(3),4,0.06876180
AE(3),4,0.06650127
AE(3),4,0.19935923
AE(3),4,0.11745016
AE(3),4,0.09559026
AE(3),4,0.05339532
AE(3),4,0.01904933
AE(3),4,-0.00400548
AE(3),4,0.02697909
AE(3),4,-0.01257504
AE(3),4,-0.05380428
AE(3),4,-0.05734730
AE(3),4,-0.02706577
AE(3),4,-0.02399565
AE(3),4,0.02716050
AE(3),4,-0.00682600
AE(3),4,-0.01422784
AE(3),4,0.04818658
AE(3),4,-0.00480210
AE(3),4,-0.08502491
AE(3),4,0.01032550
AE(3),4,0.01133447
AE(3),4,0.15656594
AE(3),4,0.03392973
AE(3),4,0.06316881
AE(3),4,-0.01302544
AE(3),4,-0.03569706
AE(3),4,0.07659605
AE(3),4,0.12303029
AE(3),4,0.13460452
AE(3),4,0.01455986
AE(3),4,0.07428184
AE(3),4,0.37166939
AE(3),4,0.06931252
AE(3),4,0.00410003
AE(3),4,0.13490152
AE(3),4,0.05087492
AE(3),4,0.05090625
AE(3),4,0.08075849
AE(3),4,-0.04774133
AE(3),4,0.11782133
AE(3),4,-0.03285629
AE(3),4,0.05310837
AE(3),4,-0.00710399
AE(3),4,0.12245950
AE(3),4,0.03162160
AE(3),4,-0.06076895
AE(3),4,0.05286022
AE(3),4,-0.04961542
AE(3),4,0.18373192
AE(3),4,0.09243164
AE(3),4,0.01455969
AE(3),4,0.06988284
AE(3),4,0.14718379
AE(3),4,0.24122457
AE(3),4,0.02456034
AE(3),4,-0.06786443
AE(3),4,0.01909922
AE(3),4,0.15590585
AE(3),4,-0.01570398
AE(3),4,0.02026321
AE(3),4,-0.02665266
AE(3),4,0.00070692
AE(3),4,0.10046528
AE(3),4,-0.02518615
AE(3),4,-0.09838624
AE(3),4,0.09334999
AE(3),4,-0.04113884
AE(3),4,0.00670609
AE(3),4,0.02408636
AE(3),4,-0.07032732
AE(3),4,0.03125217
AE(3),4,0.04020534
AE(3),4,0.03141133
AE(3),4,0.11458190
AE(3),4,0.04741069
AE(3),4,0.09141755
AE(3),4,-0.00180516
AE(3),4,0.01268452
AE(3),4,0.07416777
AE(3),4,0.03531280
AE(3),4,0.06978460
AE(3),4,-0.01409973
AE(3),4,0.18720022
AE(3),4,0.03122079
AE(3),4,0.07397257
AE(3),4,0.00831191
AE(3),4,0.03432751
AE(3),4,-0.06991911
AE(3),4,0.00751071
AE(3),4,0.03641330
AE(3),4,0.00158216
AE(3),4,0.08549993
AE(3),4,0.18524191
AE(3),4,0.03075747
AE(3),4,0.03896866
AE(3),4,-0.01117063
AE(3),4,0.03400680
AE(3),4,-0.00908081
AE(3),4,0.01695025
AE(3),4,0.01112085
AE(3),4,0.03112209
AE(3),4,-0.05225911
AE(3),4,0.10984368
AE(3),4,-0.13700190
AE(3),4,0.14778266
AE(3),4,-0.01688528
AE(3),4,-0.05545811
AE(3),4,0.12840625
AE(3),4,0.00214293
AE(3),4,0.07499767
AE(3),4,0.01736728
AE(3),4,0.09178032
AE(3),4,0.11700905
AE(3),4,0.05122462
AE(3),4,-0.01255562
AE(3),4,-0.02240034
AE(3),4,0.08847587
AE(3),4,0.03256106
AE(3),4,0.02269716
AE(3),4,-0.01340482
AE(3),4,0.02960725
AE(3),4,0.08276905
AE(3),4,-0.02245259
AE(3),4,-0.03781758
AE(3),4,0.01698057
AE(3),4,0.04676412
AE(3),4,0.02397504
AE(3),4,-0.01489651
AE(3),4,0.05540123
AE(3),4,0.00329406
AE(3),4,0.04549893
AE(3),4,-0.05383060
AE(3),4,-0.06972591
AE(3),4,-0.01732331
AE(3),4,0.12651793
AE(3),4,0.00867954
AE(3),4,0.04331397
AE(3),4,0.04409995
AE(3),4,0.12552669
AE(3),4,-0.01632357
AE(3),4,0.02232907
AE(3),4,0.07462221
AE(3),4,-0.09936082
AE(3),4,-0.04061202
AE(3),4,-0.03396043
AE(3),4,0.11132019
AE(3),4,0.05949914
AE(3),4,0.09987981
AE(3),4,0.05205637
AE(3),4,0.07640268
AE(3),4,-0.08092577
AE(3),4,0.14728123
AE(3),4,0.02305916
AE(3),4,0.02968667
AE(3),4,-0.02890866
AE(3),4,0.03160911
AE(3),4,0.00986100
AE(3),4,0.07500492
AE(3),4,-0.00676909
AE(3),4,0.03914982
AE(3),4,-0.01787038
AE(3),4,0.03766474
AE(3),4,0.14179812
AE(3),4,0.01740069
AE(3),4,0.00470147
AE(3),4,0.08743503
AE(3),4,0.09483586
AE(3),4,-0.01569821
AE(3),4,-0.05936072
AE(3),4,0.04253540
AE(3),4,0.10563824
AE(3),4,0.13780787
AE(3),4,0.03634483
AE(3),4,-0.00240287
AE(3),4,0.06969216
AE(3),4,0.11228062
AE(3),4,0.03361309
AE(3),4,-0.08674711
AE(3),4,0.02493406
AE(3),4,0.03781773
AE(3),4,0.04288423
AE(3),4,0.03501129
AE(3),4,0.12262739
AE(3),4,0.03647611
AE(3),4,0.13697203
AE(3),4,0.00364635
AE(3),4,0.04929472
AE(3),4,0.05460112
AE(3),4,0.05461129
AE(3),4,-0.04034981
AE(3),4,0.10619680
AE(3),4,-0.05770984
AE(3),4,-0.04822006
AE(3),4,0.02594382
AE(3),5,-0.05427141
AE(3),5,-0.06876215
AE(3),5,-0.12560351
AE(3),5,-0.15444283
AE(3),5,-0.03940021
AE(3),5,-0.06798437
AE(3),5,-0.09778292
AE(3),5,0.02502355
AE(3),5,-0.04247815
AE(3),5,-0.06895588
AE(3),5,-0.09430202
AE(3),5,-0.09979205
AE(3),5,-0.06305628
AE(3),5,0.01287628
AE(3),5,-0.09685968
AE(3),5,-0.05515323
AE(3),5,-0.07827911
AE(3),5,-0.02871113
AE(3),5,-0.08638623
AE(3),5,-0.13642115
AE(3),5,-0.10840442
AE(3),5,0.04431992
AE(3),5,-0.02927755
AE(3),5,-0.07758749
AE(3),5,-0.03597178
AE(3),5,-0.05371019
AE(3),5,-0.06622059
AE(3),5,-0.06671461
AE(3),5,-0.06892816
AE(3),5,-0.05898903
AE(3),5,-0.02300455
AE(3),5,-0.08178109
AE(3),5,-0.13625155
AE(3),5,0.05966107
AE(3),5,-0.03506872
AE(3),5,-0.09291215
AE(3),5,-0.05920710
AE(3),5,-0.08413445
AE(3),5,-0.10981454
AE(3),5,0.00467626
AE(3),5,-0.03970465
AE(3),5,-0.06668148
AE(3),5,-0.05316156
AE(3),5,-0.07168742
AE(3),5,-0.10557675
AE(3),5,-0.07233561
AE(3),5,-0.07440679
AE(3),5,-0.06183809
AE(3),5,-0.08191282
AE(3),5,-0.02755927
AE(3),5,-0.07501243
AE(3),5,-0.07581765
AE(3),5,-0.00749677
AE(3),5,-0.10211253
AE(3),5,-0.04919421
AE(3),5,-0.06797549
AE(3),5,-0.03233536
AE(3),5,-0.08552666
AE(3),5,-0.05478711
AE(3),5,-0.05708777
AE(3),5,-0.04335989
AE(3),5,-0.13932416
AE(3),5,-0.01560028
AE(3),5,-0.00523155
AE(3),5,0.01915192
AE(3),5,-0.05093314
AE(3),5,0.08853630
AE(3),5,-0.03721881
AE(3),5,-0.07039587
AE(3),5,-0.18093877
AE(3),5,-0.03874565
AE(3),5,0.03971004
AE(3),5,-0.02902002
AE(3),5,-0.02947494
AE(3),5,-0.07757469
AE(3),5,-0.06282547
AE(3),5,0.03716621
AE(3),5,-0.07540057
AE(3),5,-0.09975080
AE(3),5,-0.07591941
AE(3),5,-0.06954572
AE(3),5,-0.15497413
AE(3),5,-0.05723160
AE(3),5,-0.01418114
AE(3),5,-0.07231270
AE(3),5,-0.01418767
AE(3),5,-0.07507243
AE(3),5,-0.05519616
AE(3),5,-0.15122433
AE(3),5,-0.05851008
AE(3),5,-0.04591887
AE(3),5,-0.07167145
AE(3),5,-0.06492425
AE(3),5,-0.05633251
AE(3),5,-0.08607863
AE(3),5,-0.14567598
AE(3),5,-0.05065770
AE(3),5,0.01721199
AE(3),5,-0.04798956
AE(3),5,-0.01371368
AE(3),5,0.03275822
AE(3),5,-0.10381094
AE(3),5,0.00931102
AE(3),5,-0.05709120
AE(3),5,-0.07949387
AE(3),5,-0.05410651
AE(3),5,-0.08519299
AE(3),5,-0.05238297
AE(3),5,-0.08185960
AE(3),5,-0.05402014
AE(3),5,-0.10473529
AE(3),5,-0.14150038
AE(3),5,-0.06803372
AE(3),5,-0.07363143
AE(3),5,-0.11855745
AE(3),5,0.05340364
AE(3),5,-0.07925749
AE(3),5,0.09918222
AE(3),5,-0.04898135
AE(3),5,-0.10394417
AE(3),5,-0.02524090
AE(3),5,-0.07550695
AE(3),5,0.02969287
AE(3),5,-0.09847002
AE(3),5,-0.03168299
AE(3),5,0.00715169
AE(3),5,0.02906826
AE(3),5,-0.02391430
AE(3),5,0.01523073
AE(3),5,-0.07028260
AE(3),5,-0.03567587
AE(3),5,-0.08604724
AE(3),5,-0.04330097
AE(3),5,-0.08768295
AE(3),5,-0.10708614
AE(3),5,-0.06641130
AE(3),5,-0.12227720
AE(3),5,-0.03962924
AE(3),5,-0.05085921
AE(3),5,-0.13245741
AE(3),5,0.13339968
AE(3),5,-0.09490046
AE(3),5,-0.08032285
AE(3),5,0.04820112
AE(3),5,-0.11439399
AE(3),5,-0.05611294
AE(3),5,-0.07224982
AE(3),5,-0.08537408
AE(3),5,-0.11891876
AE(3),5,-0.02579443
AE(3),5,0.09287874
AE(3),5,-0.09269180
AE(3),5,-0.03051289
AE(3),5,-0.05215105
AE(3),5,0.01324083
AE(3),5,-0.03429209
AE(3),5,-0.01665451
AE(3),5,-0.06718513
AE(3),5,-0.07741910
AE(3),5,-0.08740980
AE(3),5,-0.10063435
AE(3),5,-0.06395363
AE(3),5,-0.08366485
AE(3),5,-0.12853385
AE(3),5,0.09450102
AE(3),5,-0.00104483
AE(3),5,0.16730843
AE(3),5,-0.11516365
AE(3),5,-0.11419098
AE(3),5,-0.06870765
AE(3),5,-0.19565423
AE(3),5,0.00034688
AE(3),5,-0.05709349
AE(3),5,-0.05213746
AE(3),5,0.00029156
AE(3),5,0.00436284
AE(3),5,-0.04844961
AE(3),5,-0.10788736
AE(3),5,0.15298328
AE(3),5,-0.03729353
AE(3),5,0.05558555
AE(3),5,0.08324712
AE(3),5,-0.09422140
AE(3),5,-0.06194450
AE(3),5,0.10038862
AE(3),5,-0.05307322
AE(3),5,-0.05211719
AE(3),5,0.01511132
AE(3),5,-0.05096007
AE(3),5,-0.07874252
AE(3),5,-0.06608436
AE(3),5,0.03223298
AE(3),5,0.14192556
AE(3),5,-0.04348085
AE(3),5,-0.04597862
AE(3),5,-0.14807944
AE(3),5,0.01324496
AE(3),5,-0.04996106
AE(3),5,-0.07016038
AE(3),5,0.19014666
AE(3),5,0.05564896
AE(3),5,-0.06940542
AE(3),5,-0.02854788
AE(3),5,-0.13392126
AE(3),5,-0.08252908
AE(3),5,-0.03396365
AE(3),5,-0.02699109
AE(3),5,-0.06559189
AE(3),5,-0.05111854
AE(3),5,0.01202707
AE(3),5,0.08106839
AE(3),5,-0.02561968
AE(3),5,-0.08371638
AE(3),5,-0.03262837
AE(3),5,-0.06184196
AE(3),5,-0.01194617
AE(3),5,-0.11875736
AE(3),5,-0.10003721
AE(3),5,-0.06220892
AE(3),5,-0.07999563
AE(3),5,-0.07466827
AE(3),5,-0.12333672
AE(3),5,-0.07830777
AE(3),5,-0.04548254
AE(3),5,0.03952190
AE(3),5,-0.08975853
AE(3),5,-0.11096076
AE(3),5,0.10354527
AE(3),5,-0.05865071
AE(3),5,-0.06257016
AE(3),5,-0.07183670
AE(3),5,-0.04850134
AE(3),5,-0.09462835
AE(3),5,-0.09352980
AE(3),5,-0.07358895
AE(3),5,-0.03610135
AE(3),5,-0.07973318
AE(3),5,-0.12529934
AE(3),5,-0.14686684
AE(3),5,-0.06790404
AE(3),5,-0.07505917
AE(3),5,-0.05241492
AE(3),5,-0.01781238
AE(3),5,-0.03903790
AE(3),5,-0.06732026
AE(3),5,0.01267743
AE(3),5,-0.08218003
AE(3),5,-0.03884188
AE(3),5,-0.14472545
AE(3),5,-0.01726994
AE(3),5,-0.08050947
AE(3),5,-0.08521574
AE(3),5,-0.19891048
AE(3),5,-0.08889689
AE(3),5,-0.15202573
AE(3),5,-0.09171722
AE(3),5,-0.08092821
AE(3),5,-0.11369221
AE(3),5,-0.05333981
AE(3),5,-0.04546769
AE(3),5,-0.06031735
AE(3),5,-0.15274818
AE(3),5,-0.04200440
AE(3),5,-0.05109649
AE(3),5,-0.04675100
AE(3),5,0.05088637
AE(3),5,0.06419077
AE(3),5,0.08535175
AE(3),5,-0.04746301
AE(3),5,-0.02697350
AE(3),5,-0.13018970
AE(3),5,-0.01335693
AE(3),5,0.00256199
AE(3),5,-0.06546756
AE(3),5,-0.03371144
AE(3),5,-0.07096631
AE(3),5,-0.03765169
AE(3),5,-0.01278960
AE(3),5,-0.08141273
AE(3),5,0.00356958
AE(3),5,-0.09188065
AE(3),5,-0.05482647
AE(3),5,-0.07854033
AE(3),5,-0.05440046
AE(3),5,-0.11294380
AE(3),5,-0.04392520
AE(3),5,-0.07116330
AE(3),5,-0.06997615
AE(3),5,-0.07228556
AE(3),5,-0.04098597
AE(3),5,0.03578388
AE(3),5,-0.13621500
AE(3),5,-0.02206589
AE(3),5,-0.00574646
AE(3),5,-0.04323554
AE(3),5,-0.09970425
AE(3),5,-0.01349036
AE(3),5,-0.05036267
AE(3),5,-0.06225171
AE(3),5,-0.03288302
AE(3),5,-0.08328994
AE(3),5,-0.04287697
AE(3),5,-0.08009734
AE(3),5,-0.11928883
AE(3),5,-0.06565388
AE(3),5,-0.02362003
AE(3),5,-0.07513460
AE(3),5,-0.03414002
AE(3),5,-0.04329202
AE(3),5,-0.02072900
AE(3),5,-0.04947952
AE(3),5,-0.00241431
AE(3),5,-0.06752071
AE(3),5,-0.09289829
AE(3),5,0.03782697
AE(3),5,-0.03108363
AE(3),5,-0.07011403
AE(3),5,-0.05602003
AE(3),5,-0.08704273
AE(3),5,-0.01642326
AE(3),5,-0.06587041
AE(3),5,-0.04077575
AE(3),5,-0.07042106
AE(3),5,0.02211598
AE(3),5,-0.07669593
AE(3),5,-0.05037099
AE(3),5,0.03782292
AE(3),5,-0.12791492
AE(3),5,-0.05960588
AE(3),5,-0.04358664
AE(3),5,-0.08107859
AE(3),5,-0.06220402
AE(3),5,-0.07387143
AE(3),5,0.09034751
AE(3),5,-0.10549054
AE(3),5,-0.07002043
AE(3),5,-0.02165187
AE(3),5,-0.06121855
AE(3),5,-0.06166923
AE(3),5,-0.15331123
AE(3),5,-0.02653126
AE(3),5,-0.12882322
AE(3),5,-0.07912679
AE(3),5,-0.06662163
AE(3),5,0.00767720
AE(3),5,-0.07760166
AE(3),5,-0.15875029
AE(3),5,-0.06083952
AE(3),5,-0.06835064
AE(3),5,-0.06891858
AE(3),5,-0.07938540
AE(3),5,-0.10477512
AE(3),5,-0.02365871
AE(3),5,0.02132773
AE(3),5,-0.03029510
AE(3),5,-0.16213269
AE(3),5,-0.03542716
AE(3),5,-0.15736205
AE(3),5,-0.11320573
AE(3),5,-0.08530155
AE(3),5,-0.01920485
AE(3),5,-0.09945833
AE(3),5,0.02436034
AE(3),5,-0.04200711
AE(3),5,-0.11801710
AE(3),5,-0.04710465
AE(3),5,-0.11722762
AE(3),5,-0.06710089
AE(3),5,-0.09984435
AE(3),5,-0.16511065
AE(3),5,-0.07519699
AE(3),5,-0.07061354
AE(3),5,-0.05168453
AE(3),5,0.01616198
AE(3),5,0.04134766
AE(3),5,-0.12116155
AE(3),5,-0.13230595
AE(3),5,-0.06354022
AE(3),5,-0.07001933
AE(3),5,-0.05107863
AE(3),5,-0.07020882
AE(3),5,-0.07872183
AE(3),5,-0.10307840
AE(3),5,-0.10223085
AE(3),5,-0.07574371
AE(3),5,-0.08181231
AE(3),5,-0.07039776
AE(3),5,-0.09635934
AE(3),5,-0.00675808
AE(3),5,-0.07754919
AE(3),5,0.03405664
AE(3),5,-0.08257998
AE(3),5,-0.05595457
AE(3),5,-0.07428489
AE(3),5,-0.00714500
AE(3),5,-0.10842259
AE(3),5,-0.03345993
AE(3),5,0.01437803
AE(3),5,-0.04215745
AE(3),5,-0.00056901
AE(3),5,-0.09033178
AE(3),5,0.02914921
AE(3),5,-0.01364543
AE(3),5,-0.01356689
AE(3),5,-0.04653148
AE(3),5,0.06505729
AE(3),5,-0.06132577
AE(3),5,-0.07091322
AE(3),5,-0.05168863
AE(3),5,-0.05839684
AE(3),5,-0.08281478
AE(3),5,-0.09071312
AE(3),5,-0.01644977
AE(3),5,0.02367145
AE(3),5,-0.05080105
AE(3),5,0.00895823
AE(3),5,-0.08792840
AE(3),5,-0.02267296
AE(3),5,-0.07345673
AE(3),5,-0.06057639
AE(3),5,-0.08995028
AE(3),5,-0.05484854
AE(3),5,0.03755551
AE(3),5,-0.08571140
AE(3),5,-0.03728538
AE(3),5,-0.11230376
AE(3),5,0.00902340
AE(3),5,-0.12641179
AE(3),5,0.04244839
AE(3),5,-0.06848026
AE(3),5,-0.03766567
AE(3),5,-0.11716396
AE(3),5,-0.11275559
AE(3),5,-0.07181127
AE(3),5,-0.06401917
AE(3),5,-0.06416281
AE(3),5,0.00511668
AE(3),5,-0.03477436
AE(3),5,-0.15712068
AE(3),5,-0.07167080
AE(3),5,-0.15613477
AE(3),5,-0.05920312
AE(3),5,-0.17158534
AE(3),5,-0.12422742
AE(3),5,-0.05475937
AE(3),5,-0.08201910
AE(3),5,-0.09896599
AE(3),6,-0.03813522
AE(3),6,0.01545101
AE(3),6,-0.01302171
AE(3),6,0.00212129
AE(3),6,-0.02622212
AE(3),6,-0.07724175
AE(3),6,-0.10564131
AE(3),6,-0.00770433
AE(3),6,0.02682391
AE(3),6,-0.01872734
AE(3),6,0.08176292
AE(3),6,-0.00171349
AE(3),6,-0.01797116
AE(3),6,0.05976480
AE(3),6,0.04756614
AE(3),6,-0.03618363
AE(3),6,-0.01127712
AE(3),6,-0.04641970
AE(3),6,-0.00239437
AE(3),6,-0.00341229
AE(3),6,0.03513573
AE(3),6,-0.01009953
AE(3),6,0.18378419
AE(3),6,-0.11278039
AE(3),6,-0.13905890
AE(3),6,0.11241940
AE(3),6,-0.02203285
AE(3),6,0.05574765
AE(3),6,-0.04245268
AE(3),6,0.05863435
AE(3),6,-0.02260823
AE(3),6,0.12235827
AE(3),6,-0.07520955
AE(3),6,0.01506958
AE(3),6,-0.07215435
AE(3),6,0.06945734
AE(3),6,0.10310745
AE(3),6,-0.01662248
AE(3),6,-0.00444015
AE(3),6,0.07830730
AE(3),6,0.01814150
AE(3),6,-0.00720182
AE(3),6,-0.03079045
AE(3),6,0.04738528
AE(3),6,0.01095716
AE(3),6,0.01523498
AE(3),6,0.00854055
AE(3),6,0.00167084
AE(3),6,0.04364725
AE(3),6,0.03479489
AE(3),6,-0.05077076
AE(3),6,-0.01288673
AE(3),6,0.07351936
AE(3),6,0.01185644
AE(3),6,0.02009384
AE(3),6,-0.06998689
AE(3),6,-0.04635078
AE(3),6,0.10212170
AE(3),6,0.01216682
AE(3),6,0.00052818
AE(3),6,-0.10138224
AE(3),6,-0.01810006
AE(3),6,-0.01898120
AE(3),6,0.01073475
AE(3),6,-0.03949117
AE(3),6,-0.08115303
AE(3),6,-0.05265759
AE(3),6,0.10482038
AE(3),6,-0.04581191
AE(3),6,-0.02784673
AE(3),6,-0.04360319
AE(3),6,-0.04767740
AE(3),6,-0.01827298
AE(3),6,-0.05327287
AE(3),6,0.06102990
AE(3),6,-0.01076465
AE(3),6,-0.00689858
AE(3),6,0.03626286
AE(3),6,-0.02781283
AE(3),6,-0.03861843
AE(3),6,-0.08205144
AE(3),6,-0.07668217
AE(3),6,-0.02867913
AE(3),6,-0.00547750
AE(3),6,0.05166278
AE(3),6,-0.00324889
AE(3),6,-0.00390472
AE(3),6,0.10391196
AE(3),6,0.02382525
AE(3),6,0.07628342
AE(3),6,0.00415430
AE(3),6,-0.03953939
AE(3),6,0.08913180
AE(3),6,0.23313338
AE(3),6,0.00371266
AE(3),6,0.04154803
AE(3),6,-0.02468195
AE(3),6,-0.02078214
AE(3),6,0.00527681
AE(3),6,0.02022134
AE(3),6,-0.00617825
AE(3),6,-0.06691881
AE(3),6,-0.02570756
AE(3),6,0.12007745
AE(3),6,-0.03785696
AE(3),6,0.02992135
AE(3),6,-0.02313831
AE(3),6,-0.02430482
AE(3),6,-0.04772343
AE(3),6,-0.03336611
AE(3),6,-0.03721566
AE(3),6,0.04721328
AE(3),6,0.02463042
AE(3),6,0.01156513
AE(3),6,0.13237932
AE(3),6,0.06870547
AE(3),6,0.00908627
AE(3),6,-0.01226825
AE(3),6,0.00275699
AE(3),6,-0.08834411
AE(3),6,-0.01366960
AE(3),6,-0.06085193
AE(3),6,-0.03342120
AE(3),6,-0.00616147
AE(3),6,-0.02657348
AE(3),6,-0.01580163
AE(3),6,0.01342191
AE(3),6,-0.00366321
AE(3),6,-0.00163940
AE(3),6,0.04419161
AE(3),6,0.01107665
AE(3),6,-0.00913445
AE(3),6,-0.04122302
AE(3),6,-0.01895290
AE(3),6,-0.03652903
AE(3),6,0.01865435
AE(3),6,0.12004382
AE(3),6,0.01555495
AE(3),6,0.00086085
AE(3),6,0.02338266
AE(3),6,0.01796323
AE(3),6,-0.00472895
AE(3),6,0.02751019
AE(3),6,0.05689481
AE(3),6,0.07553529
AE(3),6,0.12871015
AE(3),6,-0.09681244
AE(3),6,-0.04842380
AE(3),6,0.07327403
AE(3),6,-0.01505611
AE(3),6,0.04711435
AE(3),6,-0.01217478
AE(3),6,0.03739930
AE(3),6,-0.05058641
AE(3),6,0.00532352
AE(3),6,-0.00737484
AE(3),6,-0.05930227
AE(3),6,-0.04390459
AE(3),6,-0.02618186
AE(3),6,-0.00190130
AE(3),6,0.03163385
AE(3),6,0.01377488
AE(3),6,-0.00126043
AE(3),6,-0.04562886
AE(3),6,-0.00959081
AE(3),6,-0.00362063
AE(3),6,-0.04000183
AE(3),6,0.01342564
AE(3),6,0.01620847
AE(3),6,-0.02166351
AE(3),6,0.03267783
AE(3),6,-0.14898839
AE(3),6,-0.04315928
AE(3),6,-0.02093541
AE(3),6,0.08550598
AE(3),6,-0.03534358
AE(3),6,-0.00267227
AE(3),6,-0.08892785
AE(3),6,0.01203018
AE(3),6,-0.02715757
AE(3),6,-0.00644061
AE(3),6,-0.07639637
AE(3),6,-0.00582154
AE(3),6,-0.03110031
AE(3),6,-0.02782796
AE(3),6,0.00249759
AE(3),6,0.01445333
AE(3),6,-0.07606003
AE(3),6,-0.08430818
AE(3),6,0.08443189
AE(3),6,0.03945505
AE(3),6,-0.05376328
AE(3),6,-0.00800014
AE(3),6,-0.03322401
AE(3),6,0.03821102
AE(3),6,0.08956308
AE(3),6,-0.02552977
AE(3),6,-0.02531538
AE(3),6,-0.02936394
AE(3),6,-0.01531910
AE(3),6,-0.06522139
AE(3),6,0.00255220
AE(3),6,0.00517782
AE(3),6,-0.06587561
AE(3),6,0.06404350
AE(3),6,0.22754428
AE(3),6,-0.01262809
AE(3),6,-0.08664652
AE(3),6,-0.04893962
AE(3),6,0.01748281
AE(3),6,0.21539692
AE(3),6,-0.00796603
AE(3),6,0.00515348
AE(3),6,0.01099844
AE(3),6,-0.01315770
AE(3),6,-0.02918389
AE(3),6,-0.01486805
AE(3),6,-0.01109972
AE(3),6,0.16866986
AE(3),6,0.09872225
AE(3),6,-0.02121369
AE(3),6,-0.02184773
AE(3),6,-0.02043315
AE(3),6,-0.04272997
AE(3),6,-0.04414787
AE(3),6,-0.01799010
AE(3),6,0.02381957
AE(3),6,-0.01140966
AE(3),6,0.03040472
AE(3),6,-0.02127400
AE(3),6,-0.03558976
AE(3),6,0.01789747
AE(3),6,0.03098688
AE(3),6,-0.01287777
AE(3),6,0.02659063
AE(3),6,-0.09733063
AE(3),6,0.01745682
AE(3),6,0.00584358
AE(3),6,-0.04041527
AE(3),6,0.06608008
AE(3),6,0.01616170
AE(3),6,0.00409670
AE(3),6,0.00463727
AE(3),6,0.00794036
AE(3),6,-0.09313036
AE(3),6,0.04608728
AE(3),6,-0.03506059
AE(3),6,-0.00757312
AE(3),6,-0.07204064
AE(3),6,-0.10137162
AE(3),6,0.00416165
AE(3),6,-0.01108378
AE(3),6,0.00782991
AE(3),6,0.10268851
AE(3),6,-0.03405694
AE(3),6,0.04917778
AE(3),6,-0.03260749
AE(3),6,0.01010653
AE(3),6,-0.01567935
AE(3),6,-0.07489787
AE(3),6,-0.02469454
AE(3),6,-0.07397433
AE(3),6,-0.05269988
AE(3),6,-0.00613366
AE(3),6,0.01293412
AE(3),6,-0.02725158
AE(3),6,0.05443414
AE(3),6,-0.00607443
AE(3),6,0.02849474
AE(3),6,-0.02536899
AE(3),6,0.01820353
AE(3),6,-0.04587165
AE(3),6,0.04309672
AE(3),6,-0.01000274
AE(3),6,0.02388467
AE(3),6,-0.00355114
AE(3),6,0.03554669
AE(3),6,0.00332143
AE(3),6,-0.08908455
AE(3),6,-0.01846846
AE(3),6,0.00199005
AE(3),6,-0.02859825
AE(3),6,-0.00753185
AE(3),6,0.00522064
AE(3),6,0.02129726
AE(3),6,-0.00827769
AE(3),6,0.06208582
AE(3),6,-0.04922146
AE(3),6,-0.00221120
AE(3),6,0.15008519
AE(3),6,-0.03238381
AE(3),6,-0.00939510
AE(3),6,-0.05416468
AE(3),6,-0.02030366
AE(3),6,-0.03473755
AE(3),6,-0.05392664
AE(3),6,0.07757300
AE(3),6,-0.08280057
AE(3),6,0.05967629
AE(3),6,-0.00470754
AE(3),6,-0.01711618
AE(3),6,-0.05146933
AE(3),6,0.06100554
AE(3),6,0.00371081
AE(3),6,0.02360811
AE(3),6,0.07359238
AE(3),6,-0.01890110
AE(3),6,-0.02750653
AE(3),6,0.05072593
AE(3),6,0.00448335
AE(3),6,-0.00049007
AE(3),6,0.00170103
AE(3),6,-0.01605567
AE(3),6,0.00071352
AE(3),6,-0.02307238
AE(3),6,-0.14083688
AE(3),6,0.00975401
AE(3),6,-0.04185998
AE(3),6,0.00519952
AE(3),6,-0.04541264
AE(3),6,-0.02339824
AE(3),6,-0.10893484
AE(3),6,0.00187437
AE(3),6,0.00826343
AE(3),6,0.22767258
AE(3),6,0.00571312
AE(3),6,0.10484143
AE(3),6,-0.00283580
AE(3),6,-0.03976283
AE(3),6,0.00522316
AE(3),6,0.00028072
AE(3),6,-0.06446599
AE(3),6,-0.03896863
AE(3),6,-0.08963549
AE(3),6,-0.02788027
AE(3),6,-0.03144442
AE(3),6,0.14873042
AE(3),6,0.13364862
AE(3),6,-0.00202006
AE(3),6,-0.00062142
AE(3),6,-0.01333508
AE(3),6,-0.02363336
AE(3),6,-0.08203311
AE(3),6,-0.02593371
AE(3),6,-0.00131356
AE(3),6,-0.00901259
AE(3),6,0.06702200
AE(3),6,0.01630267
AE(3),6,-0.01250206
AE(3),6,-0.00383513
AE(3),6,0.00312626
AE(3),6,-0.06616783
AE(3),6,0.03332067
AE(3),6,0.06056776
AE(3),6,-0.06827721
AE(3),6,-0.03437992
AE(3),6,-0.00578777
AE(3),6,0.01238522
AE(3),6,0.04637230
AE(3),6,-0.04319090
AE(3),6,0.02282101
AE(3),6,-0.01880036
AE(3),6,0.13814332
AE(3),6,-0.01235330
AE(3),6,-0.04604921
AE(3),6,0.07644890
AE(3),6,-0.05337412
AE(3),6,-0.02507485
AE(3),6,0.04732172
AE(3),6,-0.00027195
AE(3),6,0.03737681
AE(3),6,0.01124926
AE(3),6,0.01073775
AE(3),6,-0.05964513
AE(3),6,-0.01924613
AE(3),6,-0.06009824
AE(3),6,0.02762436
AE(3),6,-0.05077897
AE(3),6,-0.01396544
AE(3),6,0.00368527
AE(3),6,-0.02958608
AE(3),6,-0.01015509
AE(3),6,0.00755489
AE(3),6,0.05674313
AE(3),6,-0.04388069
AE(3),6,-0.01248685
AE(3),6,0.02347672
AE(3),6,-0.02633046
AE(3),6,0.04196708
AE(3),6,-0.06762838
AE(3),6,-0.00436588
AE(3),6,-0.03691923
AE(3),6,0.12628125
AE(3),6,0.01946654
AE(3),6,-0.06608238
AE(3),6,-0.02833868
AE(3),6,-0.09223309
AE(3),6,-0.11515467
AE(3),6,0.02504331
AE(3),6,0.01227927
AE(3),6,-0.02063986
AE(3),6,-0.00450575
AE(3),6,-0.01081486
AE(3),6,-0.07922060
AE(3),6,0.01332569
AE(3),6,0.04007482
AE(3),6,-0.04672910
AE(3),6,0.03369355
AE(3),6,-0.02848794
AE(3),6,-0.04972338
AE(3),6,-0.01946758
AE(3),6,0.14137605
AE(3),6,0.05983233
AE(3),6,0.01798197
AE(3),6,-0.02801137
AE(3),6,0.04706505
AE(3),6,-0.02357757
AE(3),6,0.00369387
AE(3),6,-0.03024321
AE(3),6,-0.00826006
AE(3),6,0.13150709
AE(3),6,-0.03573538
AE(3),6,-0.02707395
AE(3),6,0.01618667
AE(3),6,0.05253115
AE(3),6,0.01594542
AE(3),6,-0.11215534
AE(3),6,0.01618098
AE(3),6,-0.03886241
AE(3),6,-0.01910858
AE(3),6,-0.05013262
AE(3),6,-0.07843755
AE(3),6,-0.03193570
AE(3),6,0.02561738
AE(3),6,-0.07908864
AE(3),6,-0.01598269
AE(3),6,0.05159233
AE(3),6,-0.00822613
AE(3),6,-0.12321756
AE(3),6,0.00460066
AE(3),6,0.05882147
AE(3),6,-0.00592334
AE(3),6,0.05837590
AE(3),6,-0.05268929
AE(3),6,-0.05209121
AE(3),6,-0.03186859
AE(3),6,-0.13602727
AE(3),6,-0.08223489
AE(3),6,0.01729431
AE(3),6,-0.01339358
AE(3),6,-0.12159042
AE(3),6,0.09046617
AE(3),6,-0.02504467
AE(3),6,-0.04658010
AE(3),6,-0.03021516
AE(3),6,0.04800845
AE(3),6,-0.01562187
AE(3),6,-0.00894611
AE(3),6,-0.00629686
AE(3),6,-0.02562040
AE(5),1,-0.01549637
AE(5),1,0.04365384
AE(5),1,0.00647322
AE(5),1,-0.02455507
AE(5),1,0.00819371
AE(5),1,0.00014412
AE(5),1,-0.06223441
AE(5),1,0.06854629
AE(5),1,0.04732944
AE(5),1,-0.05032707
AE(5),1,-0.12759410
AE(5),1,0.01385926
AE(5),1,0.07461790
AE(5),1,0.00873722
AE(5),1,-0.00273295
AE(5),1,-0.01332048
AE(5),1,-0.05622018
AE(5),1,-0.00380518
AE(5),1,0.03430317
AE(5),1,0.01176487
AE(5),1,-0.03747116
AE(5),1,-0.08601327
AE(5),1,-0.05801431
AE(5),1,-0.01536212
AE(5),1,0.03367242
AE(5),1,0.01502130
AE(5),1,0.01349023
AE(5),1,-0.05365495
AE(5),1,0.02079282
AE(5),1,0.04125927
AE(5),1,-0.01853034
AE(5),1,0.11896945
AE(5),1,-0.00154637
AE(5),1,-0.00730602
AE(5),1,0.01016065
AE(5),1,-0.01705531
AE(5),1,0.07926120
AE(5),1,0.07939861
AE(5),1,0.05563035
AE(5),1,0.11045893
AE(5),1,-0.04171279
AE(5),1,-0.02602653
AE(5),1,0.01640825
AE(5),1,-0.01725761
AE(5),1,-0.02962432
AE(5),1,-0.04053060
AE(5),1,0.04074702
AE(5),1,0.08655219
AE(5),1,0.09840374
AE(5),1,0.03643326
AE(5),1,0.05232380
AE(5),1,0.04128607
AE(5),1,-0.02939874
AE(5),1,0.04783924
AE(5),1,0.00072730
AE(5),1,0.04016524
AE(5),1,-0.02864658
AE(5),1,0.08343995
AE(5),1,-0.02139520
AE(5),1,-0.02784870
AE(5),1,-0.08346007
AE(5),1,0.31140897
AE(5),1,0.05814325
AE(5),1,-0.04165581
AE(5),1,-0.04367274
AE(5),1,-0.02382008
AE(5),1,0.08400879
AE(5),1,0.04578455
AE(5),1,0.12317408
AE(5),1,0.04537335
AE(5),1,-0.03598369
AE(5),1,0.02401347
AE(5),1,0.05797416
AE(5),1,0.04725150
AE(5),1,-0.06532083
AE(5),1,-0.06618776
AE(5),1,0.00047698
AE(5),1,-0.03924265
AE(5),1,-0.00362051
AE(5),1,0.06074086
AE(5),1,-0.05209100
AE(5),1,0.00828464
AE(5),1,-0.05572426
AE(5),1,-0.04871412
AE(5),1,0.14312152
AE(5),1,-0.04805885
AE(5),1,0.01929373
AE(5),1,-0.00861495
AE(5),1,0.05345448
AE(5),1,0.06422691
AE(5),1,-0.00835386
AE(5),1,-0.01855772
AE(5),1,-0.04230117
AE(5),1,-0.01907372
AE(5),1,-0.02754596
AE(5),1,0.06377149
AE(5),1,0.01925538
AE(5),1,0.02184458
AE(5),1,0.05395007
AE(5),1,-0.04353985
AE(5),1,-0.03831192
AE(5),1,0.00482122
AE(5),1,0.00465519
AE(5),1,0.00906018
AE(5),1,0.01522481
AE(5),1,0.08653033
AE(5),1,0.08569964
AE(5),1,-0.05517627
AE(5),1,-0.01949713
AE(5),1,0.02073712
AE(5),1,0.03647029
AE(5),1,-0.01463953
AE(5),1,0.13380369
AE(5),1,0.06627072
AE(5),1,-0.09615065
AE(5),1,-0.03574396
AE(5),1,-0.00354396
AE(5),1,-0.12620717
AE(5),1,-0.00135796
AE(5),1,0.04404015
AE(5),1,0.12331753
AE(5),1,0.08955358
AE(5),1,0.01333540
AE(5),1,-0.03516331
AE(5),1,-0.10535845
AE(5),1,-0.08358991
AE(5),1,0.04424898
AE(5),1,0.01157808
AE(5),1,-0.00151605
AE(5),1,-0.03623479
AE(5),1,0.01071162
AE(5),1,0.07990044
AE(5),1,0.02738971
AE(5),1,-0.04011184
AE(5),1,-0.04708245
AE(5),1,-0.03946754
AE(5),1,-0.09399307
AE(5),1,-0.14759475
AE(5),1,-0.07952562
AE(5),1,-0.05319114
AE(5),1,-0.09339429
AE(5),1,-0.07556698
AE(5),1,0.00983296
AE(5),1,0.09589920
AE(5),1,0.16181905
AE(5),1,0.03896931
AE(5),1,0.03687499
AE(5),1,0.00495463
AE(5),1,0.12793989
AE(5),1,-0.07921914
AE(5),1,0.07855987
AE(5),1,-0.01564009
AE(5),1,0.04472886
AE(5),1,0.01838015
AE(5),1,-0.00925886
AE(5),1,-0.05323240
AE(5),1,0.01792524
AE(5),1,0.01453635
AE(5),1,0.03672318
AE(5),1,0.05534365
AE(5),1,-0.01673883
AE(5),1,0.23749708
AE(5),1,0.02406966
AE(5),1,0.04645975
AE(5),1,0.03972235
AE(5),1,-0.03377225
AE(5),1,0.01390108
AE(5),1,-0.02527055
AE(5),1,0.09390825
AE(5),1,0.04489740
AE(5),1,0.02853797
AE(5),1,-0.00935900
AE(5),1,0.05442605
AE(5),1,-0.01637242
AE(5),1,-0.01631981
AE(5),1,0.04084116
AE(5),1,0.06950097
AE(5),1,0.07499307
AE(5),1,-0.01627773
AE(5),1,0.11405082
AE(5),1,0.01492461
AE(5),1,0.02797435
AE(5),1,-0.03057642
AE(5),1,-0.05801316
AE(5),1,0.06211211
AE(5),1,-0.09262195
AE(5),1,-0.04298561
AE(5),1,-0.03011577
AE(5),1,0.03949085
AE(5),1,-0.06418817
AE(5),1,-0.01369068
AE(5),1,0.03642918
AE(5),1,-0.03856481
AE(5),1,0.06181405
AE(5),1,-0.01990152
AE(5),1,-0.02355843
AE(5),1,-0.00025772
AE(5),1,0.04351958
AE(5),1,0.07441005
AE(5),1,-0.05762884
AE(5),1,-0.02796549
AE(5),1,0.07587062
AE(5),1,-0.03538170
AE(5),1,0.03745524
AE(5),1,0.06013383
AE(5),1,-0.02317042
AE(5),1,-0.02604358
AE(5),1,0.04618793
AE(5),1,0.18553915
AE(5),1,-0.02850610
AE(5),1,0.02733861
AE(5),1,-0.05630858
AE(5),1,0.01896668
AE(5),1,-0.04419136
AE(5),1,0.08170100
AE(5),1,-0.00511877
AE(5),1,-0.00096587
AE(5),1,0.15299401
AE(5),1,-0.02982236
AE(5),1,-0.04431296
AE(5),1,0.01491584
AE(5),1,0.01824962
AE(5),1,0.00019729
AE(5),1,-0.03889790
AE(5),1,0.02840724
AE(5),1,-0.07608719
AE(5),1,0.13225005
AE(5),1,-0.04468823
AE(5),1,-0.02131461
AE(5),1,-0.03149035
AE(5),1,0.07294562
AE(5),1,0.00286742
AE(5),1,0.01825964
AE(5),1,-0.00178242
AE(5),1,0.05162019
AE(5),1,-0.02194446
AE(5),1,0.02782904
AE(5),1,0.05928368
AE(5),1,0.15498441
AE(5),1,0.07432208
AE(5),1,-0.00243437
AE(5),1,0.08050215
AE(5),1,0.02042211
AE(5),1,0.01110717
AE(5),1,-0.00001656
AE(5),1,0.14749456
AE(5),1,-0.06401101
AE(5),1,-0.00485916
AE(5),1,-0.04185157
AE(5),1,-0.01485381
AE(5),1,0.14123747
AE(5),1,0.04609879
AE(5),1,-0.03753856
AE(5),1,0.06198858
AE(5),1,-0.01577524
AE(5),1,-0.00686253
AE(5),1,-0.05133091
AE(5),1,-0.00690931
AE(5),1,0.02788398
AE(5),1,0.03381265
AE(5),1,-0.00605380
AE(5),1,-0.01753058
AE(5),1,0.00193535
AE(5),1,0.03489099
AE(5),1,0.03667006
AE(5),1,-0.01275885
AE(5),1,0.02159052
AE(5),1,-0.00164303
AE(5),1,0.00934727
AE(5),1,-0.01880114
AE(5),1,-0.00668215
AE(5),1,0.04815407
AE(5),1,0.03592874
AE(5),1,-0.02640533
AE(5),1,0.02184510
AE(5),1,-0.01991910
AE(5),1,0.00260113
AE(5),1,-0.08711297
AE(5),1,-0.01163184
AE(5),1,0.07023985
AE(5),1,-0.03886444
AE(5),1,0.02994813
AE(5),1,0.02295053
AE(5),1,0.04127435
AE(5),1,-0.03543431
AE(5),1,0.00894694
AE(5),1,0.04658826
AE(5),1,0.01400960
AE(5),1,-0.04565098
AE(5),1,-0.01091177
AE(5),1,-0.07015504
AE(5),1,-0.03113193
AE(5),1,-0.01052775
AE(5),1,0.00335975
AE(5),1,-0.03400771
AE(5),2,0.01002008
AE(5),2,0.08732753
AE(5),2,-0.00640988
AE(5),2,0.01292118
AE(5),2,-0.01365526
AE(5),2,0.08283684
AE(5),2,0.03270833
AE(5),2,0.00898574
AE(5),2,0.13141833
AE(5),2,0.07876182
AE(5),2,0.13307412
AE(5),2,-0.02403299
AE(5),2,0.11878582
AE(5),2,0.00918062
AE(5),2,0.01178464
AE(5),2,0.08859336
AE(5),2,0.02147232
AE(5),2,-0.02929329
AE(5),2,0.01826446
AE(5),2,-0.02725737
AE(5),2,0.08143555
AE(5),2,-0.05859074
AE(5),2,-0.00604426
AE(5),2,0.00505801
AE(5),2,-0.02026801
AE(5),2,0.04332124
AE(5),2,0.19907989
AE(5),2,0.08785622
AE(5),2,0.01777542
AE(5),2,0.23531639
AE(5),2,0.02186272
AE(5),2,-0.05002419
AE(5),2,-0.04731642
AE(5),2,-0.01465628
AE(5),2,0.03072104
AE(5),2,0.10490940
AE(5),2,0.00998254
AE(5),2,0.09345957
AE(5),2,0.01014725
AE(5),2,0.00321250
AE(5),2,0.09920508
AE(5),2,0.05579848
AE(5),2,-0.06217471
AE(5),2,0.06411709
AE(5),2,-0.05445765
AE(5),2,0.02016388
AE(5),2,0.01519834
AE(5),2,-0.01129128
AE(5),2,0.01112630
AE(5),2,0.10679948
AE(5),2,0.01947437
AE(5),2,-0.02153606
AE(5),2,0.02131678
AE(5),2,-0.04662411
AE(5),2,-0.02955345
AE(5),2,-0.03660104
AE(5),2,0.05271530
AE(5),2,-0.03314702
AE(5),2,0.00718993
AE(5),2,0.07084662
AE(5),2,0.05562661
AE(5),2,0.02831789
AE(5),2,-0.01210631
AE(5),2,-0.04301854
AE(5),2,-0.03079087
AE(5),2,0.04051897
AE(5),2,-0.01363918
AE(5),2,0.04063399
AE(5),2,-0.02109758
AE(5),2,0.02337939
AE(5),2,-0.02711177
AE(5),2,0.13112492
AE(5),2,-0.02471910
AE(5),2,0.02940092
AE(5),2,0.04647756
AE(5),2,-0.01297314
AE(5),2,0.06275511
AE(5),2,0.01069345
AE(5),2,0.03027088
AE(5),2,0.05194394
AE(5),2,-0.02046293
AE(5),2,-0.02383228
AE(5),2,-0.00101872
AE(5),2,-0.02055973
AE(5),2,0.02557883
AE(5),2,0.04447293
AE(5),2,-0.04973823
AE(5),2,0.02336595
AE(5),2,0.05401190
AE(5),2,-0.04513549
AE(5),2,-0.00559158
AE(5),2,-0.00718103
AE(5),2,0.02048011
AE(5),2,-0.02662703
AE(5),2,0.00863654
AE(5),2,-0.04738590
AE(5),2,0.07193153
AE(5),2,-0.03873845
AE(5),2,0.00608847
AE(5),2,0.10725080
AE(5),2,-0.04410779
AE(5),2,0.01844638
AE(5),2,0.01319609
AE(5),2,0.07698725
AE(5),2,0.00030118
AE(5),2,0.04533841
AE(5),2,0.01499784
AE(5),2,0.06409369
AE(5),2,0.09935185
AE(5),2,0.01982109
AE(5),2,0.02051881
AE(5),2,0.06786997
AE(5),2,-0.00005425
AE(5),2,-0.02087613
AE(5),2,-0.00118511
AE(5),2,0.00238173
AE(5),2,0.02060416
AE(5),2,0.07162226
AE(5),2,-0.05138851
AE(5),2,0.08124670
AE(5),2,0.04003494
AE(5),2,0.00699904
AE(5),2,0.09687716
AE(5),2,0.10914263
AE(5),2,0.00662864
AE(5),2,0.01814253
AE(5),2,-0.03883702
AE(5),2,-0.09753208
AE(5),2,0.00598660
AE(5),2,0.03388926
AE(5),2,0.02077241
AE(5),2,-0.00139853
AE(5),2,0.03849673
AE(5),2,-0.05634535
AE(5),2,0.04658929
AE(5),2,-0.02677631
AE(5),2,-0.05036713
AE(5),2,0.01771180
AE(5),2,0.02066207
AE(5),2,-0.03905142
AE(5),2,0.07033045
AE(5),2,0.03555395
AE(5),2,0.01348273
AE(5),2,0.07386095
AE(5),2,0.02409403
AE(5),2,0.02930726
AE(5),2,-0.03438474
AE(5),2,0.07506261
AE(5),2,-0.00182099
AE(5),2,0.03077353
AE(5),2,0.07222330
AE(5),2,-0.02386109
AE(5),2,0.11555271
AE(5),2,0.14846713
AE(5),2,0.01805963
AE(5),2,-0.02093740
AE(5),2,0.16642406
AE(5),2,-0.01614055
AE(5),2,-0.06458454
AE(5),2,-0.02078414
AE(5),2,-0.04484321
AE(5),2,-0.01936969
AE(5),2,0.01077768
AE(5),2,0.12577775
AE(5),2,0.05919187
AE(5),2,-0.08853551
AE(5),2,-0.07918717
AE(5),2,0.08342502
AE(5),2,-0.06851228
AE(5),2,0.12431304
AE(5),2,-0.00683827
AE(5),2,-0.03493643
AE(5),2,-0.01970019
AE(5),2,-0.00813238
AE(5),2,0.09848076
AE(5),2,-0.03284066
AE(5),2,0.06450425
AE(5),2,0.03521037
AE(5),2,-0.06731714
AE(5),2,0.06108068
AE(5),2,-0.02412369
AE(5),2,-0.01374997
AE(5),2,-0.00995651
AE(5),2,0.06672351
AE(5),2,-0.06098055
AE(5),2,0.00656780
AE(5),2,0.16555537
AE(5),2,0.05559060
AE(5),2,0.00797911
AE(5),2,0.08254861
AE(5),2,-0.03692547
AE(5),2,0.11809630
AE(5),2,0.07682910
AE(5),2,-0.03788250
AE(5),2,-0.02314555
AE(5),2,0.00950540
AE(5),2,0.04342067
AE(5),2,0.05888979
AE(5),2,0.10780389
AE(5),2,-0.01483361
AE(5),2,0.06779899
AE(5),2,0.01077683
AE(5),2,0.01822766
AE(5),2,0.00338063
AE(5),2,0.02570724
AE(5),2,0.04074796
AE(5),2,0.00864998
AE(5),2,0.02795931
AE(5),2,-0.05346949
AE(5),2,0.00706201
AE(5),2,0.03609252
AE(5),2,0.04967489
AE(5),2,-0.03533794
AE(5),2,0.03183914
AE(5),2,0.03697407
AE(5),2,0.04253615
AE(5),2,-0.03359989
AE(5),2,-0.05606306
AE(5),2,0.03703046
AE(5),2,-0.01463800
AE(5),2,-0.06175823
AE(5),2,0.03230788
AE(5),2,0.12906848
AE(5),2,-0.00387921
AE(5),2,0.02738786
AE(5),2,-0.03492324
AE(5),2,0.06070950
AE(5),2,0.06477051
AE(5),2,0.05505466
AE(5),2,-0.01694724
AE(5),2,-0.04433823
AE(5),2,-0.00471915
AE(5),2,0.09526595
AE(5),2,0.02829413
AE(5),2,0.04728361
AE(5),2,0.06295396
AE(5),2,0.03085681
AE(5),2,0.00097933
AE(5),2,-0.02735885
AE(5),2,0.03809556
AE(5),2,0.01039126
AE(5),2,0.04937327
AE(5),2,-0.00248229
AE(5),2,0.03652883
AE(5),2,0.12200275
AE(5),2,0.00024347
AE(5),2,0.00989889
AE(5),2,-0.00679811
AE(5),2,0.06167315
AE(5),2,0.21590566
AE(5),2,0.04190334
AE(5),2,0.02989913
AE(5),2,0.06985706
AE(5),2,-0.00821450
AE(5),2,0.00805662
AE(5),2,0.03972633
AE(5),2,0.04774069
AE(5),2,0.04557522
AE(5),2,0.06625301
AE(5),2,0.07976505
AE(5),2,0.02202160
AE(5),2,-0.03380462
AE(5),2,-0.00444137
AE(5),2,0.02440971
AE(5),2,0.15850853
AE(5),2,-0.00209370
AE(5),2,0.00480486
AE(5),2,-0.08280171
AE(5),2,0.03765739
AE(5),2,0.06334357
AE(5),2,0.00056310
AE(5),2,0.06450102
AE(5),2,0.05941118
AE(5),2,0.05268641
AE(5),2,0.06730022
AE(5),2,0.00209544
AE(5),2,0.01678745
AE(5),2,0.07910806
AE(5),2,0.02462605
AE(5),2,-0.05225345
AE(5),2,0.05776402
AE(5),2,0.05781716
AE(5),2,-0.04945103
AE(5),2,0.15448060
AE(5),2,0.11034802
AE(5),2,-0.03240312
AE(5),2,-0.11413861
AE(5),2,-0.00416635
AE(5),2,-0.06875633
AE(5),2,-0.00172259
AE(5),2,-0.00213934
AE(5),2,-0.01896766
AE(5),2,0.00631924
AE(5),2,0.05145840
AE(5),2,0.05720058
AE(5),2,0.03048411
AE(5),2,0.00528764
AE(5),2,0.02920365
AE(5),2,-0.00547118
AE(5),2,-0.04475806
AE(5),2,-0.00169433
AE(5),2,0.10991920
AE(5),2,0.03229046
AE(5),2,0.00540088
AE(5),2,-0.00597729
AE(5),2,0.01738109
AE(5),2,0.05127657
AE(5),2,0.08141526
AE(5),2,0.03797382
AE(5),2,0.02847080
AE(5),2,-0.08355541
AE(5),2,0.05900945
AE(5),2,0.05812034
AE(5),2,0.03150675
AE(5),2,0.02014995
AE(5),2,0.02137310
AE(5),2,0.06177690
AE(5),2,0.08906680
AE(5),2,0.01971320
AE(5),2,-0.04289232
AE(5),2,0.11303164
AE(5),2,0.15758703
AE(5),2,-0.00643600
AE(5),2,0.01683211
AE(5),2,-0.03885379
AE(5),2,0.02184770
AE(5),2,0.02754589
AE(5),2,0.00280540
AE(5),2,-0.02586127
AE(5),2,-0.00745784
AE(5),2,-0.01089087
AE(5),2,-0.00496315
AE(5),2,0.00029089
AE(5),2,0.03014679
AE(5),2,-0.04884454
AE(5),2,0.03425475
AE(5),2,0.00803230
AE(5),2,0.10925926
AE(5),2,-0.02081592
AE(5),2,-0.06591304
AE(5),2,-0.00270571
AE(5),3,0.08892123
AE(5),3,0.06788153
AE(5),3,0.30439347
AE(5),3,0.09141054
AE(5),3,0.09193967
AE(5),3,0.09128578
AE(5),3,0.14344967
AE(5),3,0.17693682
AE(5),3,0.04321958
AE(5),3,0.05477773
AE(5),3,0.09312347
AE(5),3,0.03211893
AE(5),3,0.10770305
AE(5),3,0.09164221
AE(5),3,0.20898505
AE(5),3,-0.00118610
AE(5),3,0.04286362
AE(5),3,0.07205410
AE(5),3,0.02495230
AE(5),3,0.10772884
AE(5),3,0.06933212
AE(5),3,0.06140913
AE(5),3,0.03161625
AE(5),3,0.14512675
AE(5),3,0.03423074
AE(5),3,0.17031489
AE(5),3,-0.00685130
AE(5),3,-0.09201560
AE(5),3,0.18455215
AE(5),3,0.07728349
AE(5),3,0.09130433
AE(5),3,0.03228926
AE(5),3,0.03818274
AE(5),3,0.08346984
AE(5),3,0.10776098
AE(5),3,0.14071522
AE(5),3,0.05734529
AE(5),3,0.14860428
AE(5),3,0.09668812
AE(5),3,0.12865487
AE(5),3,0.14397320
AE(5),3,-0.03361084
AE(5),3,0.00861889
AE(5),3,0.01060806
AE(5),3,0.07713959
AE(5),3,0.00649122
AE(5),3,0.15737820
AE(5),3,0.14018563
AE(5),3,0.29927671
AE(5),3,0.04786030
AE(5),3,0.04779460
AE(5),3,0.12256784
AE(5),3,0.10289855
AE(5),3,0.12545211
AE(5),3,0.00657351
AE(5),3,0.07280138
AE(5),3,0.02604016
AE(5),3,0.14874742
AE(5),3,0.08980675
AE(5),3,0.13786898
AE(5),3,-0.00104643
AE(5),3,0.03481757
AE(5),3,0.29136836
AE(5),3,0.06805942
AE(5),3,-0.00460737
AE(5),3,-0.01432302
AE(5),3,0.10345054
AE(5),3,0.15285764
AE(5),3,0.09066576
AE(5),3,0.11763172
AE(5),3,0.12568229
AE(5),3,0.11984483
AE(5),3,0.12398397
AE(5),3,0.07995402
AE(5),3,0.04167632
AE(5),3,0.20411811
AE(5),3,0.06356823
AE(5),3,0.09749603
AE(5),3,0.11415935
AE(5),3,0.12801060
AE(5),3,0.07010586
AE(5),3,0.11704245
AE(5),3,0.11232121
AE(5),3,0.12661682
AE(5),3,0.32726165
AE(5),3,0.08023880
AE(5),3,0.08415318
AE(5),3,0.11347649
AE(5),3,0.07893020
AE(5),3,0.01196429
AE(5),3,0.03460837
AE(5),3,-0.02877260
AE(5),3,0.02380479
AE(5),3,0.26261442
AE(5),3,0.08596944
AE(5),3,0.07814802
AE(5),3,0.06610354
AE(5),3,0.17783167
AE(5),3,0.16730222
AE(5),3,0.05152617
AE(5),3,0.12249306
AE(5),3,0.01046858
AE(5),3,0.11855334
AE(5),3,0.15668504
AE(5),3,0.15435059
AE(5),3,0.05059114
AE(5),3,0.08034729
AE(5),3,0.06919167
AE(5),3,0.15243710
AE(5),3,0.05669932
AE(5),3,0.16027942
AE(5),3,0.07438286
AE(5),3,-0.02024795
AE(5),3,0.05017172
AE(5),3,0.02745750
AE(5),3,0.17599774
AE(5),3,0.10829994
AE(5),3,0.07157252
AE(5),3,0.09813421
AE(5),3,0.15098601
AE(5),3,0.10115774
AE(5),3,0.06492870
AE(5),3,0.21232649
AE(5),3,0.04449380
AE(5),3,0.24431075
AE(5),3,0.05489690
AE(5),3,0.04670738
AE(5),3,0.11592907
AE(5),3,0.06976911
AE(5),3,0.10744954
AE(5),3,0.12007541
AE(5),3,0.02580176
AE(5),3,0.06416693
AE(5),3,0.07467866
AE(5),3,0.05109757
AE(5),3,0.20572435
AE(5),3,0.01668326
AE(5),3,-0.00654372
AE(5),3,-0.02074025
AE(5),3,0.09581480
AE(5),3,0.10115653
AE(5),3,0.08956678
AE(5),3,0.04022441
AE(5),3,0.19069173
AE(5),3,-0.00666857
AE(5),3,0.10239790
AE(5),3,0.30261593
AE(5),3,0.24625657
AE(5),3,0.16745412
AE(5),3,0.15762540
AE(5),3,0.10893891
AE(5),3,0.09090356
AE(5),3,0.07522070
AE(5),3,0.10174369
AE(5),3,0.00224603
AE(5),3,0.16372203
AE(5),3,0.23366525
AE(5),3,0.10863309
AE(5),3,-0.10022523
AE(5),3,0.04979349
AE(5),3,0.11299793
AE(5),3,0.09083176
AE(5),3,0.08037428
AE(5),3,0.22175765
AE(5),3,0.20580089
AE(5),3,0.12982759
AE(5),3,0.26066497
AE(5),3,0.05892442
AE(5),3,0.11297880
AE(5),3,0.08036430
AE(5),3,0.05333186
AE(5),3,0.04731746
AE(5),3,0.37116501
AE(5),3,0.12913248
AE(5),3,0.08233980
AE(5),3,0.03753964
AE(5),3,0.07451959
AE(5),3,0.09681992
AE(5),3,0.05116405
AE(5),3,0.02211689
AE(5),3,0.16737363
AE(5),3,0.07951060
AE(5),3,0.02557855
AE(5),3,0.13478664
AE(5),3,0.06800417
AE(5),3,0.07815906
AE(5),3,0.07806529
AE(5),3,0.04110596
AE(5),3,0.00262162
AE(5),3,0.03721771
AE(5),3,0.05869635
AE(5),3,0.11703694
AE(5),3,0.01010673
AE(5),3,0.01118184
AE(5),3,0.09015000
AE(5),3,0.12429567
AE(5),3,0.09293298
AE(5),3,0.03802118
AE(5),3,0.04102056
AE(5),3,0.18853729
AE(5),3,0.14813275
AE(5),3,0.14381278
AE(5),3,0.13887529
AE(5),3,0.15376705
AE(5),3,0.06675421
AE(5),3,0.14704839
AE(5),3,0.04830084
AE(5),3,0.04978508
AE(5),3,0.00677495
AE(5),3,0.16672925
AE(5),3,0.02718113
AE(5),3,0.10222357
AE(5),3,0.01461423
AE(5),3,0.07183574
AE(5),3,0.29967356
AE(5),3,0.33721453
AE(5),3,0.06970060
AE(5),3,0.08080599
AE(5),3,0.05939823
AE(5),3,0.05950408
AE(5),3,-0.00206056
AE(5),3,0.04820252
AE(5),3,0.13805586
AE(5),3,0.02302667
AE(5),3,0.08631094
AE(5),3,0.09358098
AE(5),3,0.04838797
AE(5),3,0.20100577
AE(5),3,0.12269615
AE(5),3,0.08151315
AE(5),3,0.05917494
AE(5),3,0.04720386
AE(5),3,0.15039916
AE(5),3,0.00134294
AE(5),3,0.08946840
AE(5),3,0.08019598
AE(5),3,0.16022357
AE(5),3,0.20907250
AE(5),3,0.07203494
AE(5),3,0.09240263
AE(5),3,-0.05212638
AE(5),3,0.09857080
AE(5),3,0.14377243
AE(5),3,0.17355014
AE(5),3,-0.06037882
AE(5),3,-0.06235734
AE(5),3,0.12865029
AE(5),3,0.07431979
AE(5),3,0.06275458
AE(5),3,0.23283560
AE(5),3,-0.00680191
AE(5),3,0.06411036
AE(5),3,0.16511456
AE(5),3,-0.05980548
AE(5),3,0.13698186
AE(5),3,0.09452933
AE(5),3,0.07368643
AE(5),3,0.17427320
AE(5),3,0.19469639
AE(5),3,0.07762161
AE(5),3,0.02528944
AE(5),3,-0.02596526
AE(5),3,0.16368434
AE(5),3,0.01812309
AE(5),3,0.07512446
AE(5),3,0.15658232
AE(5),3,0.03912977
AE(5),3,-0.13288648
AE(5),3,0.09614900
AE(5),3,0.17404683
AE(5),3,0.18107635
AE(5),3,0.03309203
AE(5),3,0.04738570
AE(5),3,-0.02139469
AE(5),3,0.16741333
AE(5),3,0.10826385
AE(5),3,0.09502645
AE(5),3,0.13194629
AE(5),3,0.02355016
AE(5),3,0.17893193
AE(5),3,0.20865581
AE(5),3,0.03432485
AE(5),3,0.14569824
AE(5),3,0.13481590
AE(5),3,0.02490206
AE(5),3,0.20702129
AE(5),3,0.04546951
AE(5),3,0.05446655
AE(5),3,0.05645440
AE(5),3,0.16306285
AE(5),3,0.08093799
AE(5),3,0.10492191
AE(5),3,0.19162224
AE(5),3,0.17616089
AE(5),3,0.00592320
AE(5),3,0.19740640
AE(5),3,0.10472270
AE(5),3,0.14281954
AE(5),3,0.08577337
AE(5),3,0.07317470
AE(5),3,0.17173473
AE(5),3,0.03728916
AE(5),3,0.04842023
AE(5),3,-0.04623429
AE(5),3,0.08992977
AE(5),3,0.08873090
AE(5),3,0.09064388
AE(5),3,0.07454847
AE(5),3,0.19772143
AE(5),3,0.09766093
AE(5),3,0.04004922
AE(5),3,0.12452569
AE(5),3,0.00220573
AE(5),3,0.06572266
AE(5),3,0.09924433
AE(5),3,0.18988457
AE(5),3,0.08107730
AE(5),3,0.06493655
AE(5),3,0.05273882
AE(5),3,0.12654180
AE(5),3,0.20474840
AE(5),3,0.11671290
AE(5),3,0.16791775
AE(5),3,0.02554364
AE(5),3,0.17126504
AE(5),3,0.08536655
AE(5),3,0.16878421
AE(5),3,0.08853014
AE(5),3,0.05542483
AE(5),3,0.06960016
AE(5),3,0.15984218
AE(5),3,0.27743000
AE(5),3,0.11086042
AE(5),3,0.00740462
AE(5),3,0.12910919
AE(5),3,-0.04305746
AE(5),3,0.15913962
AE(5),3,0.17176016
AE(5),3,0.12526894
AE(5),3,0.08313838
AE(5),3,0.13403328
AE(5),3,0.14501476
AE(5),3,0.16468233
AE(5),3,0.05013050
AE(5),3,0.03939069
AE(5),3,0.07515516
AE(5),3,0.21398052
AE(5),3,0.03708788
AE(5),3,0.15519873
AE(5),3,0.09400331
AE(5),3,0.06096322
AE(5),3,0.16891465
AE(5),3,0.33482564
AE(5),3,0.03083221
AE(5),3,0.15004471
AE(5),3,0.04644727
AE(5),3,0.22248060
AE(5),3,0.17487770
AE(5),3,0.04240981
AE(5),3,0.02962268
AE(5),3,0.11183421
AE(5),3,0.15775205
AE(5),3,0.06212927
AE(5),3,0.29266472
AE(5),3,0.16399483
AE(5),4,0.04739513
AE(5),4,0.01182071
AE(5),4,0.21831185
AE(5),4,0.11110201
AE(5),4,0.00789537
AE(5),4,0.12545360
AE(5),4,0.00906129
AE(5),4,0.07978199
AE(5),4,0.01407142
AE(5),4,0.15544636
AE(5),4,0.09285129
AE(5),4,0.01134337
AE(5),4,0.04483804
AE(5),4,-0.13894085
AE(5),4,0.16371733
AE(5),4,0.04623281
AE(5),4,0.02463704
AE(5),4,0.00791439
AE(5),4,-0.02164050
AE(5),4,0.01281337
AE(5),4,-0.01006131
AE(5),4,0.04308873
AE(5),4,-0.00146681
AE(5),4,-0.09092050
AE(5),4,0.02673821
AE(5),4,0.11680825
AE(5),4,0.06282741
AE(5),4,0.08540610
AE(5),4,0.17840636
AE(5),4,-0.01357721
AE(5),4,0.06070233
AE(5),4,0.01118463
AE(5),4,0.03091943
AE(5),4,0.12821715
AE(5),4,0.07909177
AE(5),4,-0.05813509
AE(5),4,0.00708348
AE(5),4,0.01187510
AE(5),4,0.13065704
AE(5),4,0.11885890
AE(5),4,0.08630140
AE(5),4,0.01915499
AE(5),4,0.05394626
AE(5),4,0.03780065
AE(5),4,-0.00862378
AE(5),4,-0.04854086
AE(5),4,-0.03624321
AE(5),4,0.09503153
AE(5),4,0.20362294
AE(5),4,0.01974349
AE(5),4,0.06777855
AE(5),4,0.10191674
AE(5),4,0.25308597
AE(5),4,0.05478871
AE(5),4,0.09515386
AE(5),4,0.02650332
AE(5),4,-0.08503694
AE(5),4,-0.00994123
AE(5),4,0.06011549
AE(5),4,0.24031571
AE(5),4,0.09886318
AE(5),4,0.04602761
AE(5),4,-0.01590029
AE(5),4,-0.02174726
AE(5),4,0.02260347
AE(5),4,0.02470936
AE(5),4,0.01893284
AE(5),4,0.05641844
AE(5),4,0.08589616
AE(5),4,-0.00217064
AE(5),4,-0.02438630
AE(5),4,0.08160087
AE(5),4,0.03589837
AE(5),4,0.11059778
AE(5),4,0.15303578
AE(5),4,0.14339553
AE(5),4,0.09769411
AE(5),4,0.07523713
AE(5),4,0.18156206
AE(5),4,0.06081711
AE(5),4,0.01560845
AE(5),4,0.04173852
AE(5),4,0.04712932
AE(5),4,0.07002707
AE(5),4,-0.00973971
AE(5),4,-0.11956964
AE(5),4,-0.03384411
AE(5),4,-0.00236443
AE(5),4,0.07395322
AE(5),4,-0.03052599
AE(5),4,0.03568928
AE(5),4,0.02949539
AE(5),4,0.04089016
AE(5),4,0.02409571
AE(5),4,0.16547358
AE(5),4,0.05219839
AE(5),4,0.21844827
AE(5),4,0.00585525
AE(5),4,0.01411331
AE(5),4,0.01011379
AE(5),4,0.00958784
AE(5),4,0.15477077
AE(5),4,0.01190642
AE(5),4,0.04274982
AE(5),4,0.05739304
AE(5),4,0.03121190
AE(5),4,0.08385829
AE(5),4,0.12553294
AE(5),4,0.18007523
AE(5),4,0.12630861
AE(5),4,0.04802400
AE(5),4,0.05333835
AE(5),4,0.05610772
AE(5),4,0.04988983
AE(5),4,0.11235622
AE(5),4,0.00665134
AE(5),4,-0.00121252
AE(5),4,-0.04491782
AE(5),4,0.04744400
AE(5),4,0.03899872
AE(5),4,0.05240225
AE(5),4,0.07576401
AE(5),4,0.06474370
AE(5),4,0.01391152
AE(5),4,-0.07458859
AE(5),4,0.08986911
AE(5),4,-0.11960978
AE(5),4,0.01119730
AE(5),4,0.03662426
AE(5),4,0.02141109
AE(5),4,-0.05122010
AE(5),4,0.01188379
AE(5),4,0.04879868
AE(5),4,-0.01252040
AE(5),4,0.17212950
AE(5),4,-0.06708929
AE(5),4,0.00696582
AE(5),4,-0.03877349
AE(5),4,0.07205301
AE(5),4,0.24012636
AE(5),4,0.06472744
AE(5),4,0.06119252
AE(5),4,0.00235049
AE(5),4,-0.02010466
AE(5),4,-0.03351615
AE(5),4,-0.00371532
AE(5),4,-0.02284175
AE(5),4,0.02000042
AE(5),4,0.12388427
AE(5),4,0.20469510
AE(5),4,0.02806939
AE(5),4,0.03943940
AE(5),4,0.06880645
AE(5),4,0.02047982
AE(5),4,0.01384388
AE(5),4,0.01523666
AE(5),4,0.07286037
AE(5),4,0.13566014
AE(5),4,-0.04199261
AE(5),4,0.00837796
AE(5),4,0.05298619
AE(5),4,0.01749157
AE(5),4,0.12528380
AE(5),4,0.04701089
AE(5),4,0.03613806
AE(5),4,0.07554778
AE(5),4,0.06260543
AE(5),4,0.07726822
AE(5),4,0.03775288
AE(5),4,0.05545792
AE(5),4,-0.02047441
AE(5),4,-0.03564686
AE(5),4,0.02653579
AE(5),4,0.04797660
AE(5),4,0.01019727
AE(5),4,0.12102772
AE(5),4,0.13890169
AE(5),4,-0.02057856
AE(5),4,0.17251926
AE(5),4,0.10554155
AE(5),4,-0.00489726
AE(5),4,0.02461882
AE(5),4,0.03598618
AE(5),4,-0.02066823
AE(5),4,0.06764771
AE(5),4,0.06108200
AE(5),4,0.02773825
AE(5),4,-0.04883730
AE(5),4,-0.01950816
AE(5),4,-0.11320255
AE(5),4,-0.10247635
AE(5),4,0.01716327
AE(5),4,-0.06855690
AE(5),4,-0.00292646
AE(5),4,0.04971429
AE(5),4,0.05232019
AE(5),4,0.11433898
AE(5),4,0.01946320
AE(5),4,0.03125462
AE(5),4,0.02491809
AE(5),4,0.14569185
AE(5),4,-0.01462894
AE(5),4,0.01544467
AE(5),4,-0.00623898
AE(5),4,0.03138251
AE(5),4,0.06010045
AE(5),4,0.02426055
AE(5),4,-0.01026473
AE(5),4,0.15515683
AE(5),4,-0.03542512
AE(5),4,-0.06734412
AE(5),4,0.15766902
AE(5),4,0.04330938
AE(5),4,0.00440328
AE(5),4,0.04066508
AE(5),4,0.15997612
AE(5),4,0.04955248
AE(5),4,0.09973218
AE(5),4,0.06477599
AE(5),4,0.01671224
AE(5),4,0.08159785
AE(5),4,-0.00018776
AE(5),4,0.08122675
AE(5),4,0.07063649
AE(5),4,0.21346213
AE(5),4,0.14394657
AE(5),4,0.10845564
AE(5),4,0.06824173
AE(5),4,0.02956405
AE(5),4,0.01323044
AE(5),4,0.04909589
AE(5),4,-0.00522931
AE(5),4,-0.05065668
AE(5),4,-0.05934293
AE(5),4,-0.02288146
AE(5),4,-0.00888966
AE(5),4,0.03877543
AE(5),4,0.00570106
AE(5),4,-0.01031738
AE(5),4,0.06323109
AE(5),4,0.00454081
AE(5),4,-0.07897432
AE(5),4,0.02065237
AE(5),4,0.01861586
AE(5),4,0.16536299
AE(5),4,0.04573752
AE(5),4,0.07028710
AE(5),4,-0.01006557
AE(5),4,-0.03279444
AE(5),4,0.08813133
AE(5),4,0.13611341
AE(5),4,0.13646003
AE(5),4,0.02407321
AE(5),4,0.08473437
AE(5),4,0.42121929
AE(5),4,0.08665752
AE(5),4,0.00726957
AE(5),4,0.13994067
AE(5),4,0.06490325
AE(5),4,0.05963121
AE(5),4,0.09135974
AE(5),4,-0.03472569
AE(5),4,0.13397326
AE(5),4,-0.02385758
AE(5),4,0.05980345
AE(5),4,-0.00160892
AE(5),4,0.12277088
AE(5),4,0.05542191
AE(5),4,-0.05488353
AE(5),4,0.06641298
AE(5),4,-0.03995489
AE(5),4,0.18877955
AE(5),4,0.11069840
AE(5),4,0.01974275
AE(5),4,0.08218278
AE(5),4,0.17519020
AE(5),4,0.25825730
AE(5),4,0.02992036
AE(5),4,-0.06728389
AE(5),4,0.03550797
AE(5),4,0.16073724
AE(5),4,-0.00595837
AE(5),4,0.03351042
AE(5),4,-0.01881640
AE(5),4,0.01290255
AE(5),4,0.12110879
AE(5),4,-0.01773904
AE(5),4,-0.10137325
AE(5),4,0.10240175
AE(5),4,-0.03337864
AE(5),4,0.02412307
AE(5),4,0.03830839
AE(5),4,-0.06017076
AE(5),4,0.05856031
AE(5),4,0.05582550
AE(5),4,0.04509812
AE(5),4,0.12341560
AE(5),4,0.06641503
AE(5),4,0.10158205
AE(5),4,0.00932363
AE(5),4,0.02325184
AE(5),4,0.08513499
AE(5),4,0.04693212
AE(5),4,0.08577272
AE(5),4,-0.00462595
AE(5),4,0.21343182
AE(5),4,0.04204586
AE(5),4,0.09415272
AE(5),4,0.01157188
AE(5),4,0.04394169
AE(5),4,-0.06795238
AE(5),4,0.01627238
AE(5),4,0.04654619
AE(5),4,0.01250472
AE(5),4,0.09601495
AE(5),4,0.19937105
AE(5),4,0.04298827
AE(5),4,0.05194156
AE(5),4,-0.00057778
AE(5),4,0.04428560
AE(5),4,-0.00433844
AE(5),4,0.04621481
AE(5),4,0.01762003
AE(5),4,0.03846939
AE(5),4,-0.04308294
AE(5),4,0.12249181
AE(5),4,-0.14512059
AE(5),4,0.14137505
AE(5),4,0.00397236
AE(5),4,-0.04812184
AE(5),4,0.14066362
AE(5),4,0.01310811
AE(5),4,0.08600865
AE(5),4,0.03220196
AE(5),4,0.08528986
AE(5),4,0.13184758
AE(5),4,0.05682904
AE(5),4,-0.00362882
AE(5),4,-0.01809835
AE(5),4,0.10092030
AE(5),4,0.04019698
AE(5),4,0.02861065
AE(5),4,-0.01375670
AE(5),4,0.04888365
AE(5),4,0.11310326
AE(5),4,-0.01655216
AE(5),4,-0.03045962
AE(5),4,0.02614852
AE(5),4,0.04405579
AE(5),4,0.03054797
AE(5),4,-0.01092766
AE(5),4,0.06352817
AE(5),4,0.02202943
AE(5),4,0.07125186
AE(5),4,-0.05173867
AE(5),4,-0.05880997
AE(5),4,-0.01275025
AE(5),4,0.13865733
AE(5),4,0.02303301
AE(5),4,0.05633382
AE(5),4,0.04939740
AE(5),4,0.13900313
AE(5),4,-0.01339879
AE(5),4,0.01126319
AE(5),4,0.07442445
AE(5),4,-0.08717759
AE(5),4,-0.03202613
AE(5),4,-0.02406063
AE(5),4,0.11799700
AE(5),4,0.06778537
AE(5),4,0.10603189
AE(5),4,0.05724661
AE(5),4,0.08548929
AE(5),4,-0.08268403
AE(5),4,0.15623621
AE(5),4,0.02855951
AE(5),4,0.03389936
AE(5),4,-0.01641526
AE(5),4,0.04412404
AE(5),4,0.02370084
AE(5),4,0.08886270
AE(5),4,0.00366219
AE(5),4,0.04262422
AE(5),4,-0.01340992
AE(5),4,0.05163511
AE(5),4,0.14018380
AE(5),4,0.02325499
AE(5),4,0.00266734
AE(5),4,0.08974220
AE(5),4,0.11070224
AE(5),4,-0.00834851
AE(5),4,-0.05924604
AE(5),4,0.05140331
AE(5),4,0.10498530
AE(5),4,0.14597080
AE(5),4,0.04639920
AE(5),4,0.00588195
AE(5),4,0.08598214
AE(5),4,0.11773382
AE(5),4,0.04354831
AE(5),4,-0.07796542
AE(5),4,0.03054286
AE(5),4,0.04670664
AE(5),4,0.05192423
AE(5),4,0.03501273
AE(5),4,0.13675395
AE(5),4,0.04140429
AE(5),4,0.15950162
AE(5),4,0.01008567
AE(5),4,0.07165386
AE(5),4,0.05717225
AE(5),4,0.06746679
AE(5),4,-0.04119946
AE(5),4,0.10694392
AE(5),4,-0.05208795
AE(5),4,-0.03058316
AE(5),4,0.03387171
AE(5),5,-0.04869461
AE(5),5,-0.06325793
AE(5),5,-0.11470492
AE(5),5,-0.14776281
AE(5),5,-0.03671930
AE(5),5,-0.06389078
AE(5),5,-0.09147506
AE(5),5,0.02363925
AE(5),5,-0.04106833
AE(5),5,-0.06568051
AE(5),5,-0.08746512
AE(5),5,-0.09563494
AE(5),5,-0.05917285
AE(5),5,0.01604727
AE(5),5,-0.09228152
AE(5),5,-0.04967422
AE(5),5,-0.07203143
AE(5),5,-0.02978323
AE(5),5,-0.08095207
AE(5),5,-0.12923240
AE(5),5,-0.10254890
AE(5),5,0.04319928
AE(5),5,-0.02500478
AE(5),5,-0.07033659
AE(5),5,-0.03242672
AE(5),5,-0.05166778
AE(5),5,-0.06274280
AE(5),5,-0.06191246
AE(5),5,-0.06501573
AE(5),5,-0.05549394
AE(5),5,-0.02068137
AE(5),5,-0.07697546
AE(5),5,-0.12652830
AE(5),5,0.05809129
AE(5),5,-0.03278508
AE(5),5,-0.08706683
AE(5),5,-0.05470413
AE(5),5,-0.07891529
AE(5),5,-0.10405043
AE(5),5,0.00410184
AE(5),5,-0.03677372
AE(5),5,-0.06269263
AE(5),5,-0.04982140
AE(5),5,-0.06584986
AE(5),5,-0.09958011
AE(5),5,-0.06756691
AE(5),5,-0.06708818
AE(5),5,-0.05793829
AE(5),5,-0.07597351
AE(5),5,-0.02508223
AE(5),5,-0.07040771
AE(5),5,-0.07116898
AE(5),5,-0.00757273
AE(5),5,-0.09665314
AE(5),5,-0.04533509
AE(5),5,-0.06480849
AE(5),5,-0.03064074
AE(5),5,-0.07967152
AE(5),5,-0.05236224
AE(5),5,-0.05143264
AE(5),5,-0.04008585
AE(5),5,-0.12936942
AE(5),5,-0.01332020
AE(5),5,-0.00609206
AE(5),5,0.01570957
AE(5),5,-0.04753713
AE(5),5,0.08809473
AE(5),5,-0.03359072
AE(5),5,-0.06511036
AE(5),5,-0.17210861
AE(5),5,-0.03594674
AE(5),5,0.04088729
AE(5),5,-0.03052219
AE(5),5,-0.02896097
AE(5),5,-0.07018374
AE(5),5,-0.05855970
AE(5),5,0.03425248
AE(5),5,-0.07102958
AE(5),5,-0.09271836
AE(5),5,-0.07035768
AE(5),5,-0.06578212
AE(5),5,-0.14437794
AE(5),5,-0.05156486
AE(5),5,-0.01156053
AE(5),5,-0.06771288
AE(5),5,-0.01190998
AE(5),5,-0.06802747
AE(5),5,-0.05070006
AE(5),5,-0.14300095
AE(5),5,-0.05544285
AE(5),5,-0.04376477
AE(5),5,-0.06680143
AE(5),5,-0.05940168
AE(5),5,-0.05572414
AE(5),5,-0.08016975
AE(5),5,-0.13523310
AE(5),5,-0.04635222
AE(5),5,0.02052222
AE(5),5,-0.04193167
AE(5),5,-0.01110480
AE(5),5,0.03337991
AE(5),5,-0.09438333
AE(5),5,0.00938040
AE(5),5,-0.05240093
AE(5),5,-0.07381461
AE(5),5,-0.05053476
AE(5),5,-0.07935673
AE(5),5,-0.04808241
AE(5),5,-0.07694834
AE(5),5,-0.04924671
AE(5),5,-0.09436104
AE(5),5,-0.13341053
AE(5),5,-0.06111562
AE(5),5,-0.06852030
AE(5),5,-0.10960964
AE(5),5,0.04820987
AE(5),5,-0.07182284
AE(5),5,0.10051366
AE(5),5,-0.04514950
AE(5),5,-0.09705066
AE(5),5,-0.02410817
AE(5),5,-0.07111108
AE(5),5,0.02955985
AE(5),5,-0.09097043
AE(5),5,-0.02926492
AE(5),5,0.00631901
AE(5),5,0.02819185
AE(5),5,-0.02138096
AE(5),5,0.01565270
AE(5),5,-0.06452678
AE(5),5,-0.03174828
AE(5),5,-0.07944699
AE(5),5,-0.03880701
AE(5),5,-0.08093999
AE(5),5,-0.10587035
AE(5),5,-0.06155560
AE(5),5,-0.11649865
AE(5),5,-0.03715221
AE(5),5,-0.04783311
AE(5),5,-0.12165648
AE(5),5,0.12660621
AE(5),5,-0.08944370
AE(5),5,-0.07736837
AE(5),5,0.04598474
AE(5),5,-0.10586186
AE(5),5,-0.05255797
AE(5),5,-0.06588913
AE(5),5,-0.07847293
AE(5),5,-0.11232521
AE(5),5,-0.02404507
AE(5),5,0.08873010
AE(5),5,-0.08900013
AE(5),5,-0.03049149
AE(5),5,-0.04880621
AE(5),5,0.01453999
AE(5),5,-0.03119779
AE(5),5,-0.01256827
AE(5),5,-0.06323764
AE(5),5,-0.07218169
AE(5),5,-0.08198871
AE(5),5,-0.09343853
AE(5),5,-0.05921839
AE(5),5,-0.07702856
AE(5),5,-0.11840912
AE(5),5,0.08732493
AE(5),5,0.00271609
AE(5),5,0.15916416
AE(5),5,-0.10920897
AE(5),5,-0.10628828
AE(5),5,-0.06438881
AE(5),5,-0.18834430
AE(5),5,-0.00210138
AE(5),5,-0.05307596
AE(5),5,-0.04631002
AE(5),5,0.00203855
AE(5),5,0.00518537
AE(5),5,-0.04559820
AE(5),5,-0.09912287
AE(5),5,0.14813198
AE(5),5,-0.03703643
AE(5),5,0.05007579
AE(5),5,0.08310478
AE(5),5,-0.08609743
AE(5),5,-0.05927176
AE(5),5,0.09570587
AE(5),5,-0.04684207
AE(5),5,-0.04378775
AE(5),5,0.01433822
AE(5),5,-0.04672282
AE(5),5,-0.07390981
AE(5),5,-0.06071573
AE(5),5,0.03087539
AE(5),5,0.13354478
AE(5),5,-0.04030089
AE(5),5,-0.04148417
AE(5),5,-0.13961063
AE(5),5,0.01227450
AE(5),5,-0.04506480
AE(5),5,-0.06524249
AE(5),5,0.18464679
AE(5),5,0.05340448
AE(5),5,-0.06461172
AE(5),5,-0.02387821
AE(5),5,-0.12448568
AE(5),5,-0.07630887
AE(5),5,-0.03131366
AE(5),5,-0.02476869
AE(5),5,-0.05958851
AE(5),5,-0.04709722
AE(5),5,0.01159392
AE(5),5,0.07585721
AE(5),5,-0.02397971
AE(5),5,-0.07912716
AE(5),5,-0.03202982
AE(5),5,-0.05975806
AE(5),5,-0.01117412
AE(5),5,-0.11225093
AE(5),5,-0.09141900
AE(5),5,-0.05954695
AE(5),5,-0.07356792
AE(5),5,-0.06959112
AE(5),5,-0.11440159
AE(5),5,-0.07315376
AE(5),5,-0.04307514
AE(5),5,0.03551082
AE(5),5,-0.08416741
AE(5),5,-0.10307975
AE(5),5,0.09819635
AE(5),5,-0.05368858
AE(5),5,-0.05828795
AE(5),5,-0.06709623
AE(5),5,-0.04615688
AE(5),5,-0.08706366
AE(5),5,-0.08758832
AE(5),5,-0.07029608
AE(5),5,-0.03346660
AE(5),5,-0.07574170
AE(5),5,-0.12057208
AE(5),5,-0.13551841
AE(5),5,-0.06351393
AE(5),5,-0.06971431
AE(5),5,-0.04688719
AE(5),5,-0.01982231
AE(5),5,-0.03584320
AE(5),5,-0.06245894
AE(5),5,0.01224439
AE(5),5,-0.07617196
AE(5),5,-0.03763064
AE(5),5,-0.13510127
AE(5),5,-0.01766621
AE(5),5,-0.07785689
AE(5),5,-0.08075210
AE(5),5,-0.18803625
AE(5),5,-0.08265966
AE(5),5,-0.14294737
AE(5),5,-0.08601180
AE(5),5,-0.07561316
AE(5),5,-0.10868363
AE(5),5,-0.04957612
AE(5),5,-0.04112635
AE(5),5,-0.05566579
AE(5),5,-0.14224302
AE(5),5,-0.03846955
AE(5),5,-0.04735988
AE(5),5,-0.04387439
AE(5),5,0.05126704
AE(5),5,0.06429919
AE(5),5,0.08152263
AE(5),5,-0.04398571
AE(5),5,-0.02331111
AE(5),5,-0.12192342
AE(5),5,-0.01107644
AE(5),5,0.00386960
AE(5),5,-0.06099544
AE(5),5,-0.03141810
AE(5),5,-0.06619905
AE(5),5,-0.03904049
AE(5),5,-0.01390547
AE(5),5,-0.07613725
AE(5),5,0.00699421
AE(5),5,-0.08841364
AE(5),5,-0.05052261
AE(5),5,-0.07163827
AE(5),5,-0.05137484
AE(5),5,-0.10571128
AE(5),5,-0.04219420
AE(5),5,-0.06362827
AE(5),5,-0.06448141
AE(5),5,-0.06663046
AE(5),5,-0.03711680
AE(5),5,0.03597605
AE(5),5,-0.12862300
AE(5),5,-0.02107881
AE(5),5,-0.00547504
AE(5),5,-0.04096455
AE(5),5,-0.09171051
AE(5),5,-0.01179693
AE(5),5,-0.04790921
AE(5),5,-0.05894190
AE(5),5,-0.02715756
AE(5),5,-0.07722039
AE(5),5,-0.04014868
AE(5),5,-0.07523608
AE(5),5,-0.11072093
AE(5),5,-0.06097084
AE(5),5,-0.02337143
AE(5),5,-0.07155861
AE(5),5,-0.03111433
AE(5),5,-0.03968297
AE(5),5,-0.02079757
AE(5),5,-0.04608595
AE(5),5,-0.00175423
AE(5),5,-0.06257895
AE(5),5,-0.08668407
AE(5),5,0.03531251
AE(5),5,-0.02811955
AE(5),5,-0.06532928
AE(5),5,-0.05045269
AE(5),5,-0.08162119
AE(5),5,-0.01376174
AE(5),5,-0.06114367
AE(5),5,-0.04117449
AE(5),5,-0.06500253
AE(5),5,0.02125925
AE(5),5,-0.07346694
AE(5),5,-0.04583471
AE(5),5,0.03687831
AE(5),5,-0.11983074
AE(5),5,-0.05927549
AE(5),5,-0.04196657
AE(5),5,-0.07480586
AE(5),5,-0.05076288
AE(5),5,-0.06824516
AE(5),5,0.08781155
AE(5),5,-0.10167135
AE(5),5,-0.06618520
AE(5),5,-0.01945925
AE(5),5,-0.05718643
AE(5),5,-0.05706872
AE(5),5,-0.14284067
AE(5),5,-0.02550075
AE(5),5,-0.12080190
AE(5),5,-0.07470919
AE(5),5,-0.06267492
AE(5),5,0.00812004
AE(5),5,-0.07080126
AE(5),5,-0.14812830
AE(5),5,-0.05866322
AE(5),5,-0.06351585
AE(5),5,-0.06504160
AE(5),5,-0.07434505
AE(5),5,-0.09728316
AE(5),5,-0.02250739
AE(5),5,0.02292839
AE(5),5,-0.03403470
AE(5),5,-0.15182500
AE(5),5,-0.03119874
AE(5),5,-0.14802435
AE(5),5,-0.11032589
AE(5),5,-0.07990074
AE(5),5,-0.01560654
AE(5),5,-0.09254088
AE(5),5,0.02363518
AE(5),5,-0.04002460
AE(5),5,-0.10935700
AE(5),5,-0.04450649
AE(5),5,-0.11031374
AE(5),5,-0.06277726
AE(5),5,-0.09257054
AE(5),5,-0.15255818
AE(5),5,-0.07108058
AE(5),5,-0.06484229
AE(5),5,-0.04707658
AE(5),5,0.02007417
AE(5),5,0.04033207
AE(5),5,-0.11803152
AE(5),5,-0.12397357
AE(5),5,-0.05945668
AE(5),5,-0.06485290
AE(5),5,-0.04737111
AE(5),5,-0.06605855
AE(5),5,-0.07382443
AE(5),5,-0.09679561
AE(5),5,-0.09645527
AE(5),5,-0.06994966
AE(5),5,-0.07463787
AE(5),5,-0.06604171
AE(5),5,-0.08965936
AE(5),5,-0.00328290
AE(5),5,-0.07171167
AE(5),5,0.03047527
AE(5),5,-0.08056276
AE(5),5,-0.05240111
AE(5),5,-0.06841247
AE(5),5,-0.00698235
AE(5),5,-0.10200806
AE(5),5,-0.03050492
AE(5),5,0.01486593
AE(5),5,-0.04010923
AE(5),5,-0.00211750
AE(5),5,-0.08431990
AE(5),5,0.02762555
AE(5),5,-0.01378206
AE(5),5,-0.01017482
AE(5),5,-0.04411667
AE(5),5,0.06585355
AE(5),5,-0.05490811
AE(5),5,-0.06713875
AE(5),5,-0.04833589
AE(5),5,-0.05515022
AE(5),5,-0.07945269
AE(5),5,-0.08391517
AE(5),5,-0.01413862
AE(5),5,0.02352301
AE(5),5,-0.05082527
AE(5),5,0.00999840
AE(5),5,-0.07943984
AE(5),5,-0.02093521
AE(5),5,-0.06863916
AE(5),5,-0.05602001
AE(5),5,-0.07896057
AE(5),5,-0.05064069
AE(5),5,0.03753587
AE(5),5,-0.07989605
AE(5),5,-0.03444709
AE(5),5,-0.10416430
AE(5),5,0.02031851
AE(5),5,-0.11848039
AE(5),5,0.04109753
AE(5),5,-0.06400288
AE(5),5,-0.03297704
AE(5),5,-0.10941503
AE(5),5,-0.10600872
AE(5),5,-0.06496851
AE(5),5,-0.06203357
AE(5),5,-0.05986646
AE(5),5,0.00331504
AE(5),5,-0.02637134
AE(5),5,-0.14728218
AE(5),5,-0.06628750
AE(5),5,-0.14770545
AE(5),5,-0.05431621
AE(5),5,-0.15880422
AE(5),5,-0.11778392
AE(5),5,-0.05049822
AE(5),5,-0.07749259
AE(5),5,-0.09282107
AE(5),6,-0.03676998
AE(5),6,0.01591884
AE(5),6,-0.01267486
AE(5),6,0.00301329
AE(5),6,-0.02497192
AE(5),6,-0.06381065
AE(5),6,-0.10185288
AE(5),6,-0.00631566
AE(5),6,0.02669645
AE(5),6,-0.01521951
AE(5),6,0.08285386
AE(5),6,-0.00048554
AE(5),6,-0.01984456
AE(5),6,0.05943412
AE(5),6,0.04535739
AE(5),6,-0.03448689
AE(5),6,-0.00842979
AE(5),6,-0.04494135
AE(5),6,-0.00242282
AE(5),6,-0.00131135
AE(5),6,0.03074922
AE(5),6,-0.00962523
AE(5),6,0.17499048
AE(5),6,-0.10785695
AE(5),6,-0.13874518
AE(5),6,0.11907268
AE(5),6,-0.02148492
AE(5),6,0.05612051
AE(5),6,-0.04234597
AE(5),6,0.06307297
AE(5),6,-0.01602242
AE(5),6,0.12239571
AE(5),6,-0.06537285
AE(5),6,0.01293511
AE(5),6,-0.06877567
AE(5),6,0.06964233
AE(5),6,0.10372939
AE(5),6,-0.01566642
AE(5),6,-0.00554609
AE(5),6,0.07384740
AE(5),6,0.01424110
AE(5),6,-0.00783792
AE(5),6,-0.02898842
AE(5),6,0.04357489
AE(5),6,0.01361776
AE(5),6,0.01662799
AE(5),6,0.00680835
AE(5),6,0.00173104
AE(5),6,0.04565371
AE(5),6,0.03616886
AE(5),6,-0.04693215
AE(5),6,-0.01269576
AE(5),6,0.07244527
AE(5),6,0.01273961
AE(5),6,0.01866121
AE(5),6,-0.06896305
AE(5),6,-0.04358028
AE(5),6,0.10390020
AE(5),6,0.01382475
AE(5),6,-0.00001154
AE(5),6,-0.09716648
AE(5),6,-0.01865684
AE(5),6,-0.01737933
AE(5),6,0.00860979
AE(5),6,-0.03907723
AE(5),6,-0.07895337
AE(5),6,-0.05171938
AE(5),6,0.11221980
AE(5),6,-0.04712106
AE(5),6,-0.02755375
AE(5),6,-0.04297328
AE(5),6,-0.04711921
AE(5),6,-0.01746965
AE(5),6,-0.05200487
AE(5),6,0.05941764
AE(5),6,-0.01365559
AE(5),6,-0.00855504
AE(5),6,0.03775946
AE(5),6,-0.02544954
AE(5),6,-0.03768417
AE(5),6,-0.08073833
AE(5),6,-0.07093551
AE(5),6,-0.02838060
AE(5),6,-0.00579607
AE(5),6,0.04727987
AE(5),6,-0.00636954
AE(5),6,-0.00354006
AE(5),6,0.09772566
AE(5),6,0.01835586
AE(5),6,0.07489979
AE(5),6,0.00391945
AE(5),6,-0.03872087
AE(5),6,0.08637364
AE(5),6,0.23068942
AE(5),6,0.00233969
AE(5),6,0.04157202
AE(5),6,-0.02705651
AE(5),6,-0.01737793
AE(5),6,0.00646173
AE(5),6,0.02087931
AE(5),6,0.00087412
AE(5),6,-0.06352873
AE(5),6,-0.02591197
AE(5),6,0.10668156
AE(5),6,-0.03824655
AE(5),6,0.02381274
AE(5),6,-0.02071429
AE(5),6,-0.02282639
AE(5),6,-0.04643294
AE(5),6,-0.03359106
AE(5),6,-0.03631236
AE(5),6,0.04138126
AE(5),6,0.02639146
AE(5),6,0.00854578
AE(5),6,0.12805048
AE(5),6,0.06686136
AE(5),6,0.00587665
AE(5),6,-0.01600880
AE(5),6,0.00197796
AE(5),6,-0.08173681
AE(5),6,-0.01318310
AE(5),6,-0.05499033
AE(5),6,-0.03187657
AE(5),6,-0.00885099
AE(5),6,-0.02726674
AE(5),6,-0.01612783
AE(5),6,0.01504606
AE(5),6,0.00454044
AE(5),6,-0.00683119
AE(5),6,0.04334912
AE(5),6,0.01896626
AE(5),6,-0.00800541
AE(5),6,-0.03991053
AE(5),6,-0.01907650
AE(5),6,-0.03746603
AE(5),6,0.02105235
AE(5),6,0.12025022
AE(5),6,0.01496464
AE(5),6,0.00024472
AE(5),6,0.02762784
AE(5),6,0.01824396
AE(5),6,-0.00004422
AE(5),6,0.02811303
AE(5),6,0.05073717
AE(5),6,0.07686296
AE(5),6,0.12988962
AE(5),6,-0.09610352
AE(5),6,-0.04825996
AE(5),6,0.07374577
AE(5),6,-0.01534508
AE(5),6,0.04723422
AE(5),6,-0.01003960
AE(5),6,0.03070588
AE(5),6,-0.04781016
AE(5),6,0.00691096
AE(5),6,-0.00521714
AE(5),6,-0.05442389
AE(5),6,-0.04418266
AE(5),6,-0.02255714
AE(5),6,-0.00363000
AE(5),6,0.02883702
AE(5),6,0.01400660
AE(5),6,-0.01140177
AE(5),6,-0.04536999
AE(5),6,-0.00945729
AE(5),6,-0.00365856
AE(5),6,-0.03630736
AE(5),6,0.01316508
AE(5),6,0.01676344
AE(5),6,-0.01448332
AE(5),6,0.03500740
AE(5),6,-0.13649363
AE(5),6,-0.03405307
AE(5),6,-0.02129702
AE(5),6,0.08930096
AE(5),6,-0.03785448
AE(5),6,-0.00342747
AE(5),6,-0.08298549
AE(5),6,0.01262623
AE(5),6,-0.02745722
AE(5),6,-0.00476150
AE(5),6,-0.07572514
AE(5),6,-0.00499525
AE(5),6,-0.03749293
AE(5),6,-0.02963185
AE(5),6,0.00596629
AE(5),6,0.01337620
AE(5),6,-0.07345044
AE(5),6,-0.07468748
AE(5),6,0.08965441
AE(5),6,0.04221373
AE(5),6,-0.05354278
AE(5),6,-0.00813173
AE(5),6,-0.03173245
AE(5),6,0.03806824
AE(5),6,0.09201864
AE(5),6,-0.02370936
AE(5),6,-0.02452718
AE(5),6,-0.02852465
AE(5),6,-0.01728636
AE(5),6,-0.06437861
AE(5),6,0.00339243
AE(5),6,0.00468688
AE(5),6,-0.06667431
AE(5),6,0.06164398
AE(5),6,0.22299683
AE(5),6,-0.01193035
AE(5),6,-0.08826046
AE(5),6,-0.04494212
AE(5),6,0.01787818
AE(5),6,0.19949070
AE(5),6,-0.00575747
AE(5),6,0.00728289
AE(5),6,0.01567852
AE(5),6,-0.01060396
AE(5),6,-0.02854540
AE(5),6,-0.01132837
AE(5),6,-0.00746110
AE(5),6,0.16350821
AE(5),6,0.09970119
AE(5),6,-0.02112453
AE(5),6,-0.01991421
AE(5),6,-0.02304050
AE(5),6,-0.04197535
AE(5),6,-0.04493277
AE(5),6,-0.01564923
AE(5),6,0.02425078
AE(5),6,-0.01089317
AE(5),6,0.02506788
AE(5),6,-0.02309577
AE(5),6,-0.03271845
AE(5),6,0.01872127
AE(5),6,0.04093317
AE(5),6,-0.01141038
AE(5),6,0.02678722
AE(5),6,-0.09015982
AE(5),6,0.01977368
AE(5),6,0.00477425
AE(5),6,-0.03964329
AE(5),6,0.06332594
AE(5),6,0.01734992
AE(5),6,0.00360169
AE(5),6,0.00925306
AE(5),6,0.00751085
AE(5),6,-0.09066315
AE(5),6,0.04643886
AE(5),6,-0.03446649
AE(5),6,-0.00669947
AE(5),6,-0.07106212
AE(5),6,-0.08819851
AE(5),6,0.00440946
AE(5),6,-0.01518788
AE(5),6,0.00405105
AE(5),6,0.09359775
AE(5),6,-0.03181754
AE(5),6,0.05078175
AE(5),6,-0.03151326
AE(5),6,0.01136910
AE(5),6,-0.01473308
AE(5),6,-0.07102624
AE(5),6,-0.02702850
AE(5),6,-0.07095265
AE(5),6,-0.04987766
AE(5),6,-0.00653577
AE(5),6,0.01424383
AE(5),6,-0.02821909
AE(5),6,0.05196611
AE(5),6,-0.00657541
AE(5),6,0.02833688
AE(5),6,-0.02809824
AE(5),6,0.01721042
AE(5),6,-0.04455273
AE(5),6,0.04777158
AE(5),6,-0.01164488
AE(5),6,0.02261386
AE(5),6,-0.00510809
AE(5),6,0.02849657
AE(5),6,0.00036290
AE(5),6,-0.08848818
AE(5),6,-0.02023674
AE(5),6,0.00507379
AE(5),6,-0.02850141
AE(5),6,-0.00994939
AE(5),6,0.00247730
AE(5),6,0.01974337
AE(5),6,-0.00685644
AE(5),6,0.06359777
AE(5),6,-0.04728739
AE(5),6,-0.00067646
AE(5),6,0.15223305
AE(5),6,-0.03049573
AE(5),6,-0.00656684
AE(5),6,-0.04955419
AE(5),6,-0.02022916
AE(5),6,-0.03153253
AE(5),6,-0.05245692
AE(5),6,0.07481082
AE(5),6,-0.07520353
AE(5),6,0.05382323
AE(5),6,-0.00325519
AE(5),6,-0.01735504
AE(5),6,-0.05296493
AE(5),6,0.05877001
AE(5),6,0.00632184
AE(5),6,0.02213539
AE(5),6,0.06218152
AE(5),6,-0.02074275
AE(5),6,-0.02670039
AE(5),6,0.05104793
AE(5),6,0.00473518
AE(5),6,-0.00226769
AE(5),6,0.00326537
AE(5),6,-0.01835680
AE(5),6,0.00343449
AE(5),6,-0.02194299
AE(5),6,-0.12980760
AE(5),6,0.00588285
AE(5),6,-0.04263884
AE(5),6,0.00684432
AE(5),6,-0.04401542
AE(5),6,-0.02329979
AE(5),6,-0.10462133
AE(5),6,0.00288540
AE(5),6,0.00872345
AE(5),6,0.22398875
AE(5),6,0.00372211
AE(5),6,0.10035935
AE(5),6,-0.00351067
AE(5),6,-0.03778235
AE(5),6,0.00715545
AE(5),6,0.00072365
AE(5),6,-0.06333087
AE(5),6,-0.03650673
AE(5),6,-0.08863755
AE(5),6,-0.02623686
AE(5),6,-0.03082704
AE(5),6,0.15602812
AE(5),6,0.13145558
AE(5),6,0.00126654
AE(5),6,-0.00217068
AE(5),6,-0.01173101
AE(5),6,-0.02345524
AE(5),6,-0.07700473
AE(5),6,-0.02610395
AE(5),6,-0.00264751
AE(5),6,-0.00708177
AE(5),6,0.06228512
AE(5),6,0.01888821
AE(5),6,-0.01146194
AE(5),6,-0.00364465
AE(5),6,0.00198478
AE(5),6,-0.06444077
AE(5),6,0.03069826
AE(5),6,0.06555758
AE(5),6,-0.06680070
AE(5),6,-0.03470897
AE(5),6,-0.00762052
AE(5),6,0.01251432
AE(5),6,0.04178272
AE(5),6,-0.04511864
AE(5),6,0.02156779
AE(5),6,-0.01910149
AE(5),6,0.14727183
AE(5),6,-0.01529895
AE(5),6,-0.04750292
AE(5),6,0.08011016
AE(5),6,-0.05292422
AE(5),6,-0.02156883
AE(5),6,0.04376597
AE(5),6,-0.00289133
AE(5),6,0.03399568
AE(5),6,0.00687436
AE(5),6,0.01161801
AE(5),6,-0.05676655
AE(5),6,-0.01768428
AE(5),6,-0.05556539
AE(5),6,0.02859657
AE(5),6,-0.04554536
AE(5),6,-0.01316663
AE(5),6,0.00362889
AE(5),6,-0.03139929
AE(5),6,-0.00660484
AE(5),6,0.00573044
AE(5),6,0.05653035
AE(5),6,-0.04535472
AE(5),6,-0.00886679
AE(5),6,0.02358911
AE(5),6,-0.02558995
AE(5),6,0.03439747
AE(5),6,-0.06112708
AE(5),6,-0.00438134
AE(5),6,-0.03297571
AE(5),6,0.12295140
AE(5),6,0.01873643
AE(5),6,-0.06065172
AE(5),6,-0.02771407
AE(5),6,-0.08862920
AE(5),6,-0.11498046
AE(5),6,0.02620158
AE(5),6,0.01125674
AE(5),6,-0.02156752
AE(5),6,-0.00263273
AE(5),6,-0.01326949
AE(5),6,-0.08056675
AE(5),6,0.01281676
AE(5),6,0.04022385
AE(5),6,-0.04951666
AE(5),6,0.03291482
AE(5),6,-0.02920490
AE(5),6,-0.05105932
AE(5),6,-0.01974925
AE(5),6,0.14167837
AE(5),6,0.05267704
AE(5),6,0.01416057
AE(5),6,-0.02699045
AE(5),6,0.04107316
AE(5),6,-0.02464542
AE(5),6,0.00847958
AE(5),6,-0.03066100
AE(5),6,-0.01056217
AE(5),6,0.12280383
AE(5),6,-0.03501593
AE(5),6,-0.02054612
AE(5),6,0.01501866
AE(5),6,0.05087091
AE(5),6,0.01146197
AE(5),6,-0.11627004
AE(5),6,0.01299390
AE(5),6,-0.03876724
AE(5),6,-0.01824585
AE(5),6,-0.04962847
AE(5),6,-0.07915872
AE(5),6,-0.03321948
AE(5),6,0.02607823
AE(5),6,-0.07499291
AE(5),6,-0.01504039
AE(5),6,0.05576040
AE(5),6,-0.00646033
AE(5),6,-0.11842611
AE(5),6,0.00398935
AE(5),6,0.06104774
AE(5),6,-0.00396028
AE(5),6,0.05544876
AE(5),6,-0.05381478
AE(5),6,-0.05140913
AE(5),6,-0.02473568
AE(5),6,-0.12271748
AE(5),6,-0.07895219
AE(5),6,0.01413688
AE(5),6,-0.01344195
AE(5),6,-0.11423750
AE(5),6,0.09462691
AE(5),6,-0.02505692
AE(5),6,-0.04176389
AE(5),6,-0.02992065
AE(5),6,0.04452680
AE(5),6,-0.01324978
AE(5),6,-0.00874359
AE(5),6,-0.00363920
AE(5),6,-0.02545682
