model,window,alpha
AE(1),1,0.06672769
AE(1),1,0.14015687
AE(1),1,0.11669762
AE(1),1,0.09244213
AE(1),1,-0.00928106
AE(1),1,0.11439740
AE(1),1,0.13501630
AE(1),1,0.07714943
AE(1),1,0.16286254
AE(1),1,0.06968605
AE(1),1,0.10551496
AE(1),1,0.10392597
AE(1),1,0.08496314
AE(1),1,0.03158456
AE(1),1,0.10848771
AE(1),1,0.16328035
AE(1),1,0.02248155
AE(1),1,0.02160142
AE(1),1,0.10560163
AE(1),1,0.12314569
AE(1),1,0.00249984
AE(1),1,0.04538353
AE(1),1,0.03588119
AE(1),1,0.15704268
AE(1),1,0.15316663
AE(1),1,0.12246751
AE(1),1,0.14051521
AE(1),1,0.02127480
AE(1),1,0.23958481
AE(1),1,0.05207941
AE(1),1,0.13816207
AE(1),1,0.15255407
AE(1),1,-0.01400601
AE(1),1,0.16846113
AE(1),1,0.06029268
AE(1),1,0.17849619
AE(1),1,0.10320140
AE(1),1,0.07734337
AE(1),1,0.13043836
AE(1),1,0.03097265
AE(1),1,0.03923382
AE(1),1,0.00593914
AE(1),1,0.05307388
AE(1),1,0.23814959
AE(1),1,0.11587193
AE(1),1,-0.00017502
AE(1),1,0.03151893
AE(1),1,0.10423861
AE(1),1,0.04930162
AE(1),1,0.11015935
AE(1),1,-0.02545281
AE(1),1,0.20012351
AE(1),1,-0.01956497
AE(1),1,0.10949172
AE(1),1,0.22382866
AE(1),1,0.15578458
AE(1),1,0.05609927
AE(1),1,0.21586882
AE(1),1,0.00323932
AE(1),1,0.08721036
AE(1),1,0.05469140
AE(1),1,0.10981447
AE(1),1,0.03748985
AE(1),1,0.02752385
AE(1),1,0.10158169
AE(1),1,0.14612706
AE(1),1,0.11655522
AE(1),1,0.12936567
AE(1),1,0.06308467
AE(1),1,0.19051003
AE(1),1,0.03880660
AE(1),1,0.18624921
AE(1),1,0.09660460
AE(1),1,0.10581758
AE(1),1,0.12028084
AE(1),1,0.11551401
AE(1),1,0.18140168
AE(1),1,0.10490613
AE(1),1,0.10430948
AE(1),1,-0.00682254
AE(1),1,0.06410321
AE(1),1,0.01277034
AE(1),1,0.06980045
AE(1),1,0.03350684
AE(1),1,0.08479425
AE(1),1,0.01283310
AE(1),1,0.25830293
AE(1),1,0.00811599
AE(1),1,0.02163399
AE(1),1,0.05404139
AE(1),1,0.06728705
AE(1),1,0.14681825
AE(1),1,0.17856989
AE(1),1,0.08234877
AE(1),1,0.02833712
AE(1),1,0.08633643
AE(1),1,0.01574872
AE(1),1,0.02455890
AE(1),1,0.02389466
AE(1),1,0.05826556
AE(1),1,-0.02219696
AE(1),1,0.09179726
AE(1),1,0.14688302
AE(1),1,0.14240222
AE(1),1,0.04628641
AE(1),1,0.03962375
AE(1),1,0.09267745
AE(1),1,0.24120378
AE(1),1,0.14504739
AE(1),1,0.06525601
AE(1),1,0.24211334
AE(1),1,0.18184323
AE(1),1,0.10519306
AE(1),1,0.09868878
AE(1),1,-0.00516535
AE(1),1,0.06139805
AE(1),1,0.02238627
AE(1),1,0.18519320
AE(1),1,0.04169319
AE(1),1,0.01121768
AE(1),1,0.07551528
AE(1),1,0.18856236
AE(1),1,0.10095336
AE(1),1,0.03681139
AE(1),1,0.01073226
AE(1),1,0.01290980
AE(1),1,0.10087109
AE(1),1,0.05419071
AE(1),1,0.12689994
AE(1),1,-0.01198319
AE(1),1,0.21374544
AE(1),1,0.08195595
AE(1),1,0.08384989
AE(1),1,0.03074472
AE(1),1,0.12274613
AE(1),1,0.05778532
AE(1),1,0.08640756
AE(1),1,-0.11536340
AE(1),1,0.01620848
AE(1),1,0.09681221
AE(1),1,0.13898403
AE(1),1,0.03238791
AE(1),1,0.03094728
AE(1),1,0.14376466
AE(1),1,0.18097339
AE(1),1,0.18796796
AE(1),1,0.04176548
AE(1),1,-0.03592530
AE(1),1,0.06448282
AE(1),1,0.00788847
AE(1),1,0.15167503
AE(1),1,0.11907867
AE(1),1,-0.00699960
AE(1),1,0.02096468
AE(1),1,0.05495245
AE(1),1,0.04763883
AE(1),1,0.13282417
AE(1),1,0.00271566
AE(1),1,0.19731831
AE(1),1,0.01687493
AE(1),1,0.19196825
AE(1),1,-0.03101132
AE(1),1,0.09501473
AE(1),1,0.20667974
AE(1),1,0.22989833
AE(1),1,0.20426173
AE(1),1,0.17066600
AE(1),1,0.07620215
AE(1),1,0.07495664
AE(1),1,0.12637252
AE(1),1,0.00772518
AE(1),1,-0.04169319
AE(1),1,0.03723006
AE(1),1,0.10165614
AE(1),1,0.12192826
AE(1),1,0.08577607
AE(1),1,0.10787890
AE(1),1,0.02846131
AE(1),1,0.08513209
AE(1),1,0.07984234
AE(1),1,0.03905471
AE(1),1,0.09422612
AE(1),1,0.14576045
AE(1),1,-0.03669414
AE(1),1,0.04970529
AE(1),1,0.06779295
AE(1),1,0.00726626
AE(1),1,0.26037547
AE(1),1,0.06431351
AE(1),1,0.15094606
AE(1),1,-0.02428735
AE(1),1,0.00655653
AE(1),1,0.09623477
AE(1),1,0.07014881
AE(1),1,0.05111542
AE(1),1,0.00956242
AE(1),1,0.01428132
AE(1),1,0.09995567
AE(1),1,0.06068682
AE(1),1,0.08613837
AE(1),1,0.06009566
AE(1),1,0.01125299
AE(1),1,0.11259225
AE(1),1,0.09049890
AE(1),1,-0.01524918
AE(1),1,0.03285802
AE(1),1,0.01324414
AE(1),1,0.07795652
AE(1),1,0.18473244
AE(1),1,0.14089230
AE(1),1,0.04136798
AE(1),1,0.03082931
AE(1),1,-0.02160599
AE(1),1,0.08100799
AE(1),1,0.06080000
AE(1),1,-0.03316335
AE(1),1,0.04453027
AE(1),1,0.08712897
AE(1),1,0.04363803
AE(1),1,0.20980966
AE(1),1,0.10025997
AE(1),1,0.11844276
AE(1),1,-0.05952679
AE(1),1,0.10142895
AE(1),1,0.04920392
AE(1),1,-0.02519465
AE(1),1,0.01364047
AE(1),1,-0.00473659
AE(1),1,0.10651364
AE(1),1,0.05646467
AE(1),1,0.00643861
AE(1),1,0.13211933
AE(1),1,-0.00620764
AE(1),1,-0.02583485
AE(1),1,0.11374356
AE(1),1,0.07139206
AE(1),1,-0.03180802
AE(1),1,0.05428713
AE(1),1,0.03014632
AE(1),1,0.09973199
AE(1),1,0.10153399
AE(1),1,-0.02771769
AE(1),1,0.18535921
AE(1),1,0.00516108
AE(1),1,0.02574889
AE(1),1,0.17459450
AE(1),1,0.11904498
AE(1),1,-0.02147386
AE(1),1,0.04787059
AE(1),1,0.04738250
AE(1),1,-0.04938733
AE(1),1,0.08180572
AE(1),1,-0.03595887
AE(1),1,0.06644599
AE(1),1,0.00367773
AE(1),1,0.04139023
AE(1),1,0.04407959
AE(1),1,0.08657960
AE(1),1,-0.02537309
AE(1),1,0.12083331
AE(1),1,0.14579600
AE(1),1,0.12425148
AE(1),1,0.02528604
AE(1),1,0.10093439
AE(1),1,0.04635705
AE(1),1,0.13561116
AE(1),1,0.00183371
AE(1),1,0.02946872
AE(1),1,0.12829698
AE(1),1,0.06317177
AE(1),1,0.01774798
AE(1),1,0.03406507
AE(1),1,0.22621115
AE(1),1,0.10161469
AE(1),1,0.10884187
AE(1),1,0.08325701
AE(1),1,0.00674816
AE(1),1,0.17922735
AE(1),1,0.01298785
AE(1),1,0.07187532
AE(1),1,0.17148730
AE(1),1,0.08103051
AE(1),1,0.02949563
AE(1),1,0.06571427
AE(1),1,0.04538878
AE(1),1,0.01876278
AE(1),1,0.12558682
AE(1),1,0.10203616
AE(1),1,0.11189304
AE(1),1,0.00069638
AE(1),1,0.08619278
AE(1),1,0.03698539
AE(1),1,0.01572840
AE(1),1,0.15397379
AE(1),1,0.02528181
AE(1),1,0.07208380
AE(1),1,0.06195729
AE(1),1,0.10980434
AE(1),1,0.11240364
AE(1),1,0.16594660
AE(1),1,0.06895727
AE(1),1,-0.03298127
AE(1),1,0.13320615
AE(1),1,0.03392008
AE(1),1,0.13195745
AE(1),1,0.25741497
AE(1),1,0.18796887
AE(1),1,0.10475589
AE(1),1,0.24836299
AE(1),1,0.13271379
AE(1),1,0.18897381
AE(1),1,0.09242452
AE(1),1,0.11022518
AE(1),1,0.11670239
AE(1),1,0.02907543
AE(1),1,0.08049874
AE(1),1,0.04629570
AE(1),1,0.06788996
AE(1),1,0.09483250
AE(1),1,0.07486244
AE(1),1,0.02868442
AE(1),1,0.07650738
AE(1),2,-0.01279739
AE(1),2,-0.00546114
AE(1),2,-0.00958894
AE(1),2,0.02571272
AE(1),2,0.04934855
AE(1),2,-0.02044640
AE(1),2,0.05465962
AE(1),2,-0.01756423
AE(1),2,-0.00891357
AE(1),2,0.00080828
AE(1),2,0.00098886
AE(1),2,0.13078573
AE(1),2,-0.00878917
AE(1),2,-0.02019307
AE(1),2,0.01780944
AE(1),2,0.00138865
AE(1),2,0.04704464
AE(1),2,0.00041786
AE(1),2,0.02359721
AE(1),2,0.01272167
AE(1),2,-0.01927431
AE(1),2,0.00240615
AE(1),2,0.01129439
AE(1),2,0.04648197
AE(1),2,0.02671149
AE(1),2,-0.01128775
AE(1),2,-0.01381617
AE(1),2,0.01566136
AE(1),2,-0.00731578
AE(1),2,0.02290250
AE(1),2,0.05232858
AE(1),2,0.05964673
AE(1),2,-0.05695372
AE(1),2,0.00109529
AE(1),2,0.06523587
AE(1),2,-0.00218015
AE(1),2,0.00960486
AE(1),2,0.05216187
AE(1),2,0.01818943
AE(1),2,-0.03783629
AE(1),2,0.11815804
AE(1),2,-0.00483895
AE(1),2,-0.00061172
AE(1),2,-0.02315525
AE(1),2,0.04122185
AE(1),2,0.07598311
AE(1),2,-0.01193449
AE(1),2,-0.00715043
AE(1),2,-0.01943081
AE(1),2,0.06126881
AE(1),2,-0.02985725
AE(1),2,0.03673059
AE(1),2,-0.01994125
AE(1),2,0.01577735
AE(1),2,-0.06502608
AE(1),2,-0.02968497
AE(1),2,-0.00332867
AE(1),2,0.02800757
AE(1),2,-0.02087891
AE(1),2,0.03418688
AE(1),2,0.04238804
AE(1),2,0.07443026
AE(1),2,0.09958865
AE(1),2,-0.00468851
AE(1),2,0.01767028
AE(1),2,0.08711880
AE(1),2,-0.01421998
AE(1),2,0.08608869
AE(1),2,0.03971894
AE(1),2,-0.05757642
AE(1),2,0.08573990
AE(1),2,-0.00429050
AE(1),2,0.06025309
AE(1),2,0.01960618
AE(1),2,0.08278724
AE(1),2,0.02116357
AE(1),2,0.07553566
AE(1),2,0.00678581
AE(1),2,0.02657482
AE(1),2,0.05160529
AE(1),2,0.02727648
AE(1),2,-0.01188221
AE(1),2,0.02367485
AE(1),2,-0.01746653
AE(1),2,0.00315217
AE(1),2,0.03281334
AE(1),2,-0.00482545
AE(1),2,-0.01252671
AE(1),2,0.02326752
AE(1),2,-0.02042544
AE(1),2,-0.00944120
AE(1),2,0.00807209
AE(1),2,-0.01106742
AE(1),2,-0.00256163
AE(1),2,0.03652305
AE(1),2,-0.01688612
AE(1),2,0.05199361
AE(1),2,-0.02120816
AE(1),2,0.07289517
AE(1),2,0.02933973
AE(1),2,0.02930801
AE(1),2,-0.00919886
AE(1),2,-0.03367042
AE(1),2,0.03156509
AE(1),2,0.09664535
AE(1),2,0.02597081
AE(1),2,0.09225643
AE(1),2,-0.00566008
AE(1),2,-0.01557633
AE(1),2,0.00884426
AE(1),2,-0.02210495
AE(1),2,0.00637159
AE(1),2,0.01850914
AE(1),2,-0.01360243
AE(1),2,0.02107950
AE(1),2,0.02008694
AE(1),2,-0.02122406
AE(1),2,0.08402463
AE(1),2,-0.07773633
AE(1),2,-0.01311567
AE(1),2,-0.00493943
AE(1),2,0.03441123
AE(1),2,0.00101733
AE(1),2,-0.00566482
AE(1),2,0.03928896
AE(1),2,-0.01066696
AE(1),2,-0.01344933
AE(1),2,0.09315164
AE(1),2,0.00486382
AE(1),2,0.00250263
AE(1),2,0.01044705
AE(1),2,-0.00779308
AE(1),2,0.04806352
AE(1),2,-0.04907076
AE(1),2,0.00187707
AE(1),2,0.11375592
AE(1),2,-0.01175416
AE(1),2,0.01570551
AE(1),2,-0.02795925
AE(1),2,-0.00446183
AE(1),2,-0.00133960
AE(1),2,-0.00587443
AE(1),2,0.07505762
AE(1),2,0.00364338
AE(1),2,-0.00637090
AE(1),2,0.00688422
AE(1),2,0.00421814
AE(1),2,0.00435974
AE(1),2,0.04540104
AE(1),2,0.08543648
AE(1),2,0.02824993
AE(1),2,0.08041533
AE(1),2,-0.00741453
AE(1),2,0.04330817
AE(1),2,-0.02111597
AE(1),2,-0.00205778
AE(1),2,0.00067245
AE(1),2,0.08496692
AE(1),2,0.04220855
AE(1),2,0.02394551
AE(1),2,0.06955059
AE(1),2,-0.02000616
AE(1),2,-0.01373124
AE(1),2,0.02206178
AE(1),2,0.01936311
AE(1),2,0.01515079
AE(1),2,-0.00792927
AE(1),2,0.01013132
AE(1),2,0.03754364
AE(1),2,0.01788587
AE(1),2,0.00650233
AE(1),2,-0.00127139
AE(1),2,0.00544960
AE(1),2,0.07196105
AE(1),2,0.00117824
AE(1),2,-0.00973288
AE(1),2,0.05154221
AE(1),2,0.04467386
AE(1),2,0.01156978
AE(1),2,-0.00345796
AE(1),2,0.03623587
AE(1),2,-0.04358544
AE(1),2,0.06757383
AE(1),2,-0.00288460
AE(1),2,0.19131098
AE(1),2,0.01481966
AE(1),2,0.03824056
AE(1),2,-0.01743193
AE(1),2,0.05296515
AE(1),2,-0.02668687
AE(1),2,0.01511518
AE(1),2,0.06616796
AE(1),2,-0.01329840
AE(1),2,-0.01331803
AE(1),2,0.07094508
AE(1),2,0.04428032
AE(1),2,-0.01010842
AE(1),2,-0.01181251
AE(1),2,-0.01805432
AE(1),2,0.07603594
AE(1),2,0.09846637
AE(1),2,-0.00354909
AE(1),2,-0.02258507
AE(1),2,0.07564619
AE(1),2,-0.00522410
AE(1),2,0.04357679
AE(1),2,-0.01579548
AE(1),2,0.00548132
AE(1),2,-0.00355193
AE(1),2,-0.03449296
AE(1),2,0.00928222
AE(1),2,0.05220849
AE(1),2,0.02583949
AE(1),2,-0.01013020
AE(1),2,-0.03075848
AE(1),2,-0.01728458
AE(1),2,-0.00240310
AE(1),2,0.03732939
AE(1),2,-0.00872323
AE(1),2,-0.06506654
AE(1),2,-0.01477496
AE(1),2,-0.01052708
AE(1),2,0.03243050
AE(1),2,-0.02143165
AE(1),2,-0.02038031
AE(1),2,0.04506928
AE(1),2,0.02265939
AE(1),2,0.03839747
AE(1),2,-0.00717428
AE(1),2,0.02232602
AE(1),2,0.02803351
AE(1),2,-0.00411333
AE(1),2,0.09625707
AE(1),2,-0.01456632
AE(1),2,-0.04309587
AE(1),2,0.02906827
AE(1),2,-0.00544303
AE(1),2,0.16896310
AE(1),2,0.05414779
AE(1),2,0.02516300
AE(1),2,0.07438146
AE(1),2,0.01233830
AE(1),2,-0.02482806
AE(1),2,-0.00342265
AE(1),2,0.06261836
AE(1),2,0.02302695
AE(1),2,0.08703532
AE(1),2,-0.00547433
AE(1),2,-0.01732077
AE(1),2,0.01291909
AE(1),2,0.05673463
AE(1),2,0.00753383
AE(1),2,-0.02439325
AE(1),2,0.02512226
AE(1),2,-0.02479875
AE(1),2,-0.02698100
AE(1),2,-0.04269718
AE(1),2,0.12572819
AE(1),2,0.05811146
AE(1),2,0.00866927
AE(1),2,0.10333859
AE(1),2,-0.02155452
AE(1),2,-0.04149072
AE(1),2,0.00099833
AE(1),2,-0.01592042
AE(1),2,-0.04429785
AE(1),2,-0.02466514
AE(1),2,-0.00271575
AE(1),2,-0.01402483
AE(1),2,0.00813924
AE(1),2,0.02303038
AE(1),2,0.01084745
AE(1),2,0.04032183
AE(1),2,0.07759669
AE(1),2,0.01762081
AE(1),2,-0.02472651
AE(1),2,-0.01455705
AE(1),2,-0.00573882
AE(1),2,-0.00355475
AE(1),2,-0.01020251
AE(1),2,-0.03834793
AE(1),2,0.12169702
AE(1),2,0.09149535
AE(1),2,0.07599518
AE(1),2,-0.01448181
AE(1),2,0.08052771
AE(1),2,0.00249928
AE(1),2,0.01008543
AE(1),2,0.03273253
AE(1),2,0.08250988
AE(1),2,0.04582365
AE(1),2,0.05431991
AE(1),2,0.16867865
AE(1),2,0.00835057
AE(1),2,-0.01131741
AE(1),2,0.01094066
AE(1),2,0.00840531
AE(1),2,0.01443248
AE(1),2,0.03749388
AE(1),2,0.12067396
AE(1),2,0.15666481
AE(1),2,0.04316323
AE(1),2,0.05838936
AE(1),2,0.10598043
AE(1),2,0.00995303
AE(1),2,0.05811569
AE(1),2,-0.03522006
AE(1),2,0.03393193
AE(1),2,-0.03429448
AE(1),2,-0.00159056
AE(1),2,0.06384824
AE(1),2,0.01562737
AE(1),2,0.02345525
AE(1),2,-0.02706329
AE(1),2,0.05892383
AE(1),2,0.02957272
AE(1),2,0.07550726
AE(1),2,0.01982363
AE(1),2,-0.02012950
AE(1),2,0.06432428
AE(1),3,-0.00381459
AE(1),3,-0.03287082
AE(1),3,-0.04326433
AE(1),3,-0.01854043
AE(1),3,-0.02666839
AE(1),3,0.02781502
AE(1),3,0.01252473
AE(1),3,-0.05041149
AE(1),3,-0.05686695
AE(1),3,0.03082512
AE(1),3,-0.03665857
AE(1),3,-0.05703131
AE(1),3,-0.00718927
AE(1),3,-0.01453773
AE(1),3,-0.02496985
AE(1),3,-0.06382608
AE(1),3,-0.06199503
AE(1),3,0.03520163
AE(1),3,0.00478353
AE(1),3,-0.04638581
AE(1),3,-0.06939708
AE(1),3,-0.01973150
AE(1),3,-0.00624152
AE(1),3,-0.01871866
AE(1),3,-0.05085384
AE(1),3,-0.03104616
AE(1),3,-0.06282825
AE(1),3,-0.03561113
AE(1),3,-0.01181887
AE(1),3,-0.03952806
AE(1),3,-0.02475628
AE(1),3,-0.01866511
AE(1),3,-0.04723783
AE(1),3,-0.05412360
AE(1),3,0.01316733
AE(1),3,0.02178949
AE(1),3,-0.08934870
AE(1),3,-0.03893104
AE(1),3,-0.02490673
AE(1),3,-0.02148062
AE(1),3,-0.01000733
AE(1),3,-0.05422779
AE(1),3,-0.02775757
AE(1),3,-0.03439285
AE(1),3,-0.03238159
AE(1),3,-0.02965084
AE(1),3,-0.00258527
AE(1),3,-0.05592211
AE(1),3,-0.01622348
AE(1),3,-0.01914724
AE(1),3,-0.04106251
AE(1),3,-0.01814890
AE(1),3,0.04929279
AE(1),3,-0.01421789
AE(1),3,-0.01979315
AE(1),3,-0.05493434
AE(1),3,-0.06680088
AE(1),3,-0.00855432
AE(1),3,-0.03957622
AE(1),3,-0.04746071
AE(1),3,-0.03625117
AE(1),3,-0.03932590
AE(1),3,-0.04160547
AE(1),3,-0.05216043
AE(1),3,-0.03473150
AE(1),3,-0.00837832
AE(1),3,-0.05317202
AE(1),3,-0.04792935
AE(1),3,-0.05650312
AE(1),3,-0.03759954
AE(1),3,-0.00918026
AE(1),3,-0.04908377
AE(1),3,0.00043293
AE(1),3,-0.03420675
AE(1),3,0.02653098
AE(1),3,-0.00810376
AE(1),3,-0.05759073
AE(1),3,-0.05333925
AE(1),3,-0.02535044
AE(1),3,-0.03312248
AE(1),3,0.00075363
AE(1),3,-0.00588648
AE(1),3,-0.04621402
AE(1),3,-0.02509802
AE(1),3,-0.00401209
AE(1),3,0.01463800
AE(1),3,-0.04325157
AE(1),3,-0.00936622
AE(1),3,0.01423548
AE(1),3,-0.02187740
AE(1),3,-0.04010444
AE(1),3,-0.00797494
AE(1),3,-0.05379361
AE(1),3,-0.02075017
AE(1),3,-0.00979294
AE(1),3,-0.07757422
AE(1),3,-0.05874239
AE(1),3,-0.02965213
AE(1),3,0.02920090
AE(1),3,0.01333598
AE(1),3,-0.02307117
AE(1),3,-0.02508149
AE(1),3,-0.05665184
AE(1),3,-0.03548843
AE(1),3,-0.05671934
AE(1),3,-0.06806826
AE(1),3,-0.04635008
AE(1),3,-0.06755635
AE(1),3,-0.02627546
AE(1),3,-0.03099373
AE(1),3,-0.04370974
AE(1),3,-0.03189346
AE(1),3,-0.03628822
AE(1),3,-0.04629145
AE(1),3,-0.02158313
AE(1),3,0.01413995
AE(1),3,-0.02997248
AE(1),3,-0.00381983
AE(1),3,-0.03610939
AE(1),3,-0.01362453
AE(1),3,-0.01216103
AE(1),3,-0.04137566
AE(1),3,-0.02209588
AE(1),3,-0.05362583
AE(1),3,-0.01774956
AE(1),3,-0.04024920
AE(1),3,-0.06919092
AE(1),3,-0.04495380
AE(1),3,-0.01338763
AE(1),3,-0.00169911
AE(1),3,-0.04255227
AE(1),3,0.01139486
AE(1),3,-0.05901886
AE(1),3,-0.02369018
AE(1),3,-0.00911530
AE(1),3,0.01990467
AE(1),3,-0.01912109
AE(1),3,-0.02384590
AE(1),3,-0.01913167
AE(1),3,-0.04420580
AE(1),3,-0.02478911
AE(1),3,-0.04911645
AE(1),3,-0.01266283
AE(1),3,0.01008289
AE(1),3,-0.03389425
AE(1),3,-0.06491529
AE(1),3,-0.06602037
AE(1),3,-0.05962071
AE(1),3,0.00996272
AE(1),3,-0.02407052
AE(1),3,-0.02616871
AE(1),3,-0.04432982
AE(1),3,-0.04678911
AE(1),3,-0.01895406
AE(1),3,-0.01736442
AE(1),3,0.02557101
AE(1),3,-0.03040194
AE(1),3,-0.04693234
AE(1),3,0.00339903
AE(1),3,-0.01256071
AE(1),3,-0.00439654
AE(1),3,-0.02482360
AE(1),3,-0.05169976
AE(1),3,-0.04145510
AE(1),3,-0.05145771
AE(1),3,0.01557608
AE(1),3,-0.05902433
AE(1),3,-0.02771749
AE(1),3,0.00049619
AE(1),3,-0.03021440
AE(1),3,-0.05736352
AE(1),3,0.04251447
AE(1),3,-0.02510573
AE(1),3,-0.02764372
AE(1),3,-0.03592893
AE(1),3,-0.02366786
AE(1),3,-0.00812345
AE(1),3,-0.02034178
AE(1),3,0.06677305
AE(1),3,-0.05006009
AE(1),3,-0.10214810
AE(1),3,0.01357440
AE(1),3,0.01752004
AE(1),3,-0.02479794
AE(1),3,0.04192596
AE(1),3,-0.02783863
AE(1),3,-0.01216240
AE(1),3,-0.01862489
AE(1),3,-0.02862132
AE(1),3,-0.03780866
AE(1),3,-0.02590316
AE(1),3,-0.00689081
AE(1),3,-0.04293430
AE(1),3,-0.03367563
AE(1),3,-0.07134965
AE(1),3,0.00111142
AE(1),3,-0.01386923
AE(1),3,-0.02723764
AE(1),3,-0.04110439
AE(1),3,-0.03160534
AE(1),3,-0.02039787
AE(1),3,0.00109770
AE(1),3,-0.02183774
AE(1),3,-0.05412799
AE(1),3,0.02643479
AE(1),3,-0.01780855
AE(1),3,-0.00293997
AE(1),3,-0.05727328
AE(1),3,0.00645394
AE(1),3,-0.04749047
AE(1),3,-0.05121231
AE(1),3,-0.00969964
AE(1),3,-0.02052112
AE(1),3,-0.03051404
AE(1),3,-0.02812949
AE(1),3,-0.00945712
AE(1),3,-0.00700065
AE(1),3,-0.01210054
AE(1),3,-0.04480764
AE(1),3,-0.00558015
AE(1),3,-0.02557303
AE(1),3,-0.03727536
AE(1),3,-0.02010943
AE(1),3,-0.04442857
AE(1),3,0.02139732
AE(1),3,-0.01322570
AE(1),3,-0.02225830
AE(1),3,-0.02533057
AE(1),3,-0.02001161
AE(1),3,-0.02730671
AE(1),3,-0.02239877
AE(1),3,0.05769026
AE(1),3,-0.00536436
AE(1),3,-0.01174643
AE(1),3,-0.02687465
AE(1),3,-0.03236017
AE(1),3,-0.02682987
AE(1),3,-0.01390086
AE(1),3,-0.03502883
AE(1),3,-0.04533640
AE(1),3,-0.01474599
AE(1),3,-0.02331853
AE(1),3,0.05500323
AE(1),3,-0.01301358
AE(1),3,-0.01212428
AE(1),3,-0.01213827
AE(1),3,-0.04469649
AE(1),3,-0.04124693
AE(1),3,-0.00045217
AE(1),3,-0.01789082
AE(1),3,-0.01991806
AE(1),3,0.05496971
AE(1),3,0.00539424
AE(1),3,-0.02039137
AE(1),3,0.00659693
AE(1),3,-0.07219105
AE(1),3,-0.01208816
AE(1),3,-0.06304981
AE(1),3,-0.05329529
AE(1),3,-0.02204723
AE(1),3,-0.07476633
AE(1),3,0.02374431
AE(1),3,-0.02117633
AE(1),3,0.00733124
AE(1),3,0.00938097
AE(1),3,-0.02939306
AE(1),3,-0.01510335
AE(1),3,-0.05558703
AE(1),3,-0.02753679
AE(1),3,-0.01006838
AE(1),3,0.02052464
AE(1),3,0.00786088
AE(1),3,-0.01872801
AE(1),3,-0.01047634
AE(1),3,0.03266738
AE(1),3,-0.01830273
AE(1),3,-0.00532938
AE(1),3,-0.01108055
AE(1),3,-0.02953527
AE(1),3,-0.05833856
AE(1),3,-0.02818615
AE(1),3,0.00069686
AE(1),3,-0.02985617
AE(1),3,-0.01586917
AE(1),3,-0.05438867
AE(1),3,-0.03632625
AE(1),3,-0.06711501
AE(1),3,0.00043038
AE(1),3,-0.06724582
AE(1),3,-0.03466210
AE(1),3,-0.03482282
AE(1),3,-0.03184019
AE(1),3,-0.04342128
AE(1),3,-0.00010193
AE(1),3,-0.04955135
AE(1),3,0.00607168
AE(1),3,-0.03220094
AE(1),3,-0.03604430
AE(1),3,-0.01797932
AE(1),3,-0.04996991
AE(1),3,-0.01595972
AE(1),3,-0.07816163
AE(1),3,-0.07389792
AE(1),3,-0.05696250
AE(1),3,-0.05896821
AE(1),3,-0.01135605
AE(1),3,-0.03289494
AE(1),3,-0.04665282
AE(1),3,-0.02849249
AE(1),3,-0.03418965
AE(1),3,-0.01705029
AE(1),3,-0.03023039
AE(1),3,0.01556519
AE(1),3,-0.05352606
AE(1),3,-0.04602487
AE(1),3,-0.07860505
AE(1),3,0.04078093
AE(1),3,-0.03650537
AE(1),3,-0.01255981
AE(1),3,0.02505348
AE(1),3,-0.04402361
AE(1),4,0.04099635
AE(1),4,-0.05140774
AE(1),4,0.00001162
AE(1),4,0.01716220
AE(1),4,-0.02555063
AE(1),4,0.03328158
AE(1),4,-0.04550577
AE(1),4,-0.05387239
AE(1),4,0.03656121
AE(1),4,-0.04948664
AE(1),4,-0.03696068
AE(1),4,-0.03235387
AE(1),4,-0.03501897
AE(1),4,-0.01184486
AE(1),4,-0.03814595
AE(1),4,-0.01912042
AE(1),4,-0.00818716
AE(1),4,-0.02910237
AE(1),4,-0.01234508
AE(1),4,-0.03242333
AE(1),4,-0.04011962
AE(1),4,-0.00863628
AE(1),4,-0.02945848
AE(1),4,-0.05792592
AE(1),4,-0.01242884
AE(1),4,-0.05138732
AE(1),4,-0.02778361
AE(1),4,0.05098542
AE(1),4,0.03246079
AE(1),4,-0.03011336
AE(1),4,0.04273896
AE(1),4,-0.03422309
AE(1),4,-0.05793318
AE(1),4,-0.03869046
AE(1),4,-0.03794315
AE(1),4,-0.01198287
AE(1),4,-0.05049166
AE(1),4,-0.03772189
AE(1),4,-0.00289256
AE(1),4,-0.02221003
AE(1),4,-0.01046832
AE(1),4,-0.01076877
AE(1),4,-0.05152463
AE(1),4,-0.04240788
AE(1),4,-0.03250496
AE(1),4,-0.03027335
AE(1),4,-0.03586202
AE(1),4,0.00668252
AE(1),4,0.02556266
AE(1),4,-0.01622705
AE(1),4,-0.06981713
AE(1),4,-0.08419415
AE(1),4,-0.01418091
AE(1),4,-0.00266559
AE(1),4,-0.04917965
AE(1),4,-0.03775564
AE(1),4,-0.02919288
AE(1),4,-0.03430347
AE(1),4,-0.02544015
AE(1),4,-0.03222011
AE(1),4,-0.03449186
AE(1),4,-0.04882123
AE(1),4,-0.02707980
AE(1),4,-0.01557721
AE(1),4,-0.05479029
AE(1),4,-0.02923147
AE(1),4,0.08729159
AE(1),4,-0.00912130
AE(1),4,-0.03248209
AE(1),4,0.03841220
AE(1),4,-0.04686935
AE(1),4,0.01915262
AE(1),4,-0.00223214
AE(1),4,-0.04207529
AE(1),4,-0.02699201
AE(1),4,-0.02193621
AE(1),4,-0.00864667
AE(1),4,0.03315369
AE(1),4,-0.03297160
AE(1),4,-0.06671106
AE(1),4,-0.01686162
AE(1),4,-0.01275315
AE(1),4,-0.04651183
AE(1),4,0.00016457
AE(1),4,-0.01042606
AE(1),4,-0.03867841
AE(1),4,-0.00081904
AE(1),4,0.01603833
AE(1),4,-0.02408016
AE(1),4,-0.03729702
AE(1),4,-0.03394130
AE(1),4,-0.01972845
AE(1),4,-0.01411492
AE(1),4,-0.03226728
AE(1),4,-0.03788735
AE(1),4,-0.02189347
AE(1),4,0.00271457
AE(1),4,-0.02404852
AE(1),4,0.01536071
AE(1),4,-0.02520677
AE(1),4,0.00100330
AE(1),4,-0.04869781
AE(1),4,-0.02014233
AE(1),4,0.00016953
AE(1),4,-0.03698064
AE(1),4,-0.04955516
AE(1),4,-0.01766215
AE(1),4,-0.05258924
AE(1),4,-0.04899938
AE(1),4,-0.04689705
AE(1),4,-0.01694880
AE(1),4,-0.06852921
AE(1),4,-0.04278980
AE(1),4,-0.02260918
AE(1),4,0.00925345
AE(1),4,-0.05304187
AE(1),4,-0.03146409
AE(1),4,0.00264883
AE(1),4,-0.01294900
AE(1),4,-0.02313288
AE(1),4,-0.04024299
AE(1),4,-0.03687063
AE(1),4,-0.02735524
AE(1),4,-0.00315151
AE(1),4,-0.05064943
AE(1),4,0.01078280
AE(1),4,-0.02502203
AE(1),4,0.03053630
AE(1),4,0.05500669
AE(1),4,0.00985574
AE(1),4,-0.03684325
AE(1),4,0.01317360
AE(1),4,-0.02988413
AE(1),4,-0.05803123
AE(1),4,-0.05452574
AE(1),4,-0.03409205
AE(1),4,-0.00104815
AE(1),4,-0.01726878
AE(1),4,-0.01575396
AE(1),4,0.00632111
AE(1),4,0.00930243
AE(1),4,-0.03029258
AE(1),4,-0.01517769
AE(1),4,0.15889771
AE(1),4,0.00181974
AE(1),4,0.02617320
AE(1),4,-0.01867983
AE(1),4,0.06091738
AE(1),4,0.00011116
AE(1),4,0.03368697
AE(1),4,-0.02892943
AE(1),4,-0.01779195
AE(1),4,-0.00784107
AE(1),4,-0.03314492
AE(1),4,0.04913215
AE(1),4,0.04958292
AE(1),4,0.01834026
AE(1),4,-0.00507566
AE(1),4,-0.01930430
AE(1),4,-0.01282987
AE(1),4,-0.02346599
AE(1),4,0.02151403
AE(1),4,-0.03894358
AE(1),4,0.11317468
AE(1),4,-0.01464116
AE(1),4,-0.00836525
AE(1),4,-0.02334349
AE(1),4,0.01626433
AE(1),4,-0.02602753
AE(1),4,-0.00687560
AE(1),4,-0.02373399
AE(1),4,0.05237706
AE(1),4,0.00137175
AE(1),4,-0.00737311
AE(1),4,-0.01412924
AE(1),4,-0.04392140
AE(1),4,-0.04541399
AE(1),4,-0.01047100
AE(1),4,-0.01643621
AE(1),4,-0.03112981
AE(1),4,-0.06264787
AE(1),4,-0.00145865
AE(1),4,0.01955980
AE(1),4,0.01161647
AE(1),4,-0.00190992
AE(1),4,-0.02507432
AE(1),4,-0.06305235
AE(1),4,-0.02823707
AE(1),4,-0.05378508
AE(1),4,-0.02668970
AE(1),4,-0.02764053
AE(1),4,-0.05152138
AE(1),4,-0.01828496
AE(1),4,0.03561128
AE(1),4,0.00836068
AE(1),4,-0.02203397
AE(1),4,0.01634489
AE(1),4,-0.01849484
AE(1),4,-0.02399564
AE(1),4,0.00580459
AE(1),4,-0.00238327
AE(1),4,-0.00612947
AE(1),4,-0.03651071
AE(1),4,0.01129588
AE(1),4,-0.00698477
AE(1),4,-0.05873556
AE(1),4,-0.00204433
AE(1),4,-0.04200716
AE(1),4,-0.04061449
AE(1),4,0.01210837
AE(1),4,-0.03683788
AE(1),4,-0.02991789
AE(1),4,-0.03721098
AE(1),4,-0.00161235
AE(1),4,0.01372845
AE(1),4,0.01974045
AE(1),4,-0.04035238
AE(1),4,-0.03630181
AE(1),4,0.01400762
AE(1),4,0.06115836
AE(1),4,-0.01989273
AE(1),4,-0.03104433
AE(1),4,-0.01325603
AE(1),4,-0.00339682
AE(1),4,-0.04644508
AE(1),4,0.01493562
AE(1),4,-0.02966285
AE(1),4,0.00872341
AE(1),4,-0.04142217
AE(1),4,-0.06260559
AE(1),4,-0.01039619
AE(1),4,-0.04498826
AE(1),4,-0.01775581
AE(1),4,-0.03147195
AE(1),4,-0.02553551
AE(1),4,-0.06160703
AE(1),4,-0.02178774
AE(1),4,-0.02615111
AE(1),4,-0.00704651
AE(1),4,-0.00476595
AE(1),4,0.04324895
AE(1),4,-0.03248921
AE(1),4,-0.00527298
AE(1),4,-0.02786375
AE(1),4,-0.02564455
AE(1),4,0.00519336
AE(1),4,-0.06780906
AE(1),4,-0.06996441
AE(1),4,-0.01963528
AE(1),4,-0.05497787
AE(1),4,-0.00711933
AE(1),4,-0.01241790
AE(1),4,-0.00848132
AE(1),4,0.04331866
AE(1),4,-0.00465973
AE(1),4,-0.08533486
AE(1),4,-0.04326471
AE(1),4,-0.01837852
AE(1),4,-0.02297198
AE(1),4,-0.01229136
AE(1),4,-0.01451779
AE(1),4,-0.00371027
AE(1),4,-0.03339687
AE(1),4,-0.05734848
AE(1),4,0.00767501
AE(1),4,-0.05813490
AE(1),4,-0.03332457
AE(1),4,0.03590219
AE(1),4,0.05209282
AE(1),4,-0.01863942
AE(1),4,-0.01749688
AE(1),4,-0.01724742
AE(1),4,0.00498603
AE(1),4,-0.02579069
AE(1),4,-0.06392337
AE(1),4,0.01990684
AE(1),4,-0.02049057
AE(1),4,-0.03782777
AE(1),4,-0.01268281
AE(1),4,-0.00971715
AE(1),4,-0.01276962
AE(1),4,-0.02793045
AE(1),4,-0.01286740
AE(1),4,-0.04571883
AE(1),4,-0.02186876
AE(1),4,-0.02753738
AE(1),4,-0.03835323
AE(1),4,-0.04626606
AE(1),4,-0.05837241
AE(1),4,-0.00843939
AE(1),4,-0.01106259
AE(1),4,-0.03128256
AE(1),4,-0.02879892
AE(1),4,-0.02345720
AE(1),4,-0.01468476
AE(1),4,-0.00299846
AE(1),4,-0.01680548
AE(1),4,0.05396618
AE(1),4,-0.04757374
AE(1),4,-0.05215389
AE(1),4,-0.02173605
AE(1),4,-0.02154070
AE(1),4,-0.03284103
AE(1),4,-0.02744370
AE(1),4,0.01280628
AE(1),4,0.04242799
AE(1),4,-0.04317232
AE(1),4,-0.00652304
AE(1),4,0.01738858
AE(1),4,-0.02765504
AE(1),4,-0.01372437
AE(1),4,-0.05334508
AE(1),4,-0.00295680
AE(1),4,-0.03497949
AE(1),4,-0.00208514
AE(1),4,0.05958356
AE(1),4,-0.01637225
AE(1),5,-0.01008392
AE(1),5,0.06217050
AE(1),5,-0.00677559
AE(1),5,0.00620062
AE(1),5,-0.03686635
AE(1),5,0.02831837
AE(1),5,0.01049025
AE(1),5,0.14513558
AE(1),5,0.06072896
AE(1),5,0.00216434
AE(1),5,0.02911110
AE(1),5,0.05807138
AE(1),5,-0.00153835
AE(1),5,0.17230509
AE(1),5,0.01145049
AE(1),5,0.01340321
AE(1),5,0.01664532
AE(1),5,0.01547999
AE(1),5,0.00504553
AE(1),5,0.03116484
AE(1),5,0.01461085
AE(1),5,-0.04951431
AE(1),5,0.06236156
AE(1),5,0.04421668
AE(1),5,0.00142468
AE(1),5,-0.01108328
AE(1),5,-0.01785040
AE(1),5,0.01881302
AE(1),5,0.07140665
AE(1),5,0.00760052
AE(1),5,0.00083021
AE(1),5,0.03695580
AE(1),5,0.12098057
AE(1),5,-0.02017724
AE(1),5,0.09229248
AE(1),5,-0.02004279
AE(1),5,0.03698449
AE(1),5,0.00666046
AE(1),5,-0.00703421
AE(1),5,0.06376691
AE(1),5,0.25872941
AE(1),5,-0.01402784
AE(1),5,0.03916535
AE(1),5,0.05462775
AE(1),5,-0.06200215
AE(1),5,0.09036941
AE(1),5,0.01406317
AE(1),5,-0.04394390
AE(1),5,0.07329459
AE(1),5,-0.00448644
AE(1),5,0.04258418
AE(1),5,-0.00609472
AE(1),5,0.01409736
AE(1),5,0.11797474
AE(1),5,0.12255472
AE(1),5,-0.02174569
AE(1),5,0.02846920
AE(1),5,-0.00237660
AE(1),5,-0.01156565
AE(1),5,0.12349024
AE(1),5,0.12070097
AE(1),5,0.24950901
AE(1),5,0.22647141
AE(1),5,0.02337475
AE(1),5,0.07836058
AE(1),5,0.06424742
AE(1),5,0.05360634
AE(1),5,0.04539630
AE(1),5,-0.05399393
AE(1),5,-0.07554757
AE(1),5,-0.00032602
AE(1),5,-0.02491050
AE(1),5,0.07541562
AE(1),5,0.01096036
AE(1),5,0.17702574
AE(1),5,0.08600396
AE(1),5,0.05623692
AE(1),5,0.02729046
AE(1),5,0.04050549
AE(1),5,0.06688011
AE(1),5,0.01257056
AE(1),5,-0.02033397
AE(1),5,0.02129667
AE(1),5,0.00589693
AE(1),5,-0.02716399
AE(1),5,-0.00489856
AE(1),5,0.08317914
AE(1),5,-0.05511027
AE(1),5,0.05122998
AE(1),5,0.06498834
AE(1),5,0.00103980
AE(1),5,0.05655173
AE(1),5,0.05825809
AE(1),5,0.11779333
AE(1),5,0.06182986
AE(1),5,0.01865938
AE(1),5,0.11450682
AE(1),5,-0.03545444
AE(1),5,-0.01215651
AE(1),5,-0.03239093
AE(1),5,-0.00883489
AE(1),5,-0.01937588
AE(1),5,0.23888164
AE(1),5,-0.01083940
AE(1),5,-0.00043281
AE(1),5,0.08202817
AE(1),5,-0.00566736
AE(1),5,-0.01188469
AE(1),5,-0.00736640
AE(1),5,0.10396615
AE(1),5,0.07592257
AE(1),5,0.02008779
AE(1),5,0.03951507
AE(1),5,0.01200733
AE(1),5,0.04609308
AE(1),5,0.04088230
AE(1),5,0.11220720
AE(1),5,0.02275029
AE(1),5,0.02112088
AE(1),5,0.02578348
AE(1),5,0.04065671
AE(1),5,0.12575580
AE(1),5,-0.03155982
AE(1),5,0.03572419
AE(1),5,0.02053254
AE(1),5,0.06000351
AE(1),5,0.02141370
AE(1),5,-0.00452136
AE(1),5,0.01552996
AE(1),5,-0.01316695
AE(1),5,-0.00138856
AE(1),5,-0.04351516
AE(1),5,-0.03533391
AE(1),5,-0.00992817
AE(1),5,0.03343509
AE(1),5,0.00788966
AE(1),5,0.04413063
AE(1),5,0.03475963
AE(1),5,-0.00138560
AE(1),5,0.10360836
AE(1),5,0.03251356
AE(1),5,-0.00493271
AE(1),5,0.01852520
AE(1),5,0.03493686
AE(1),5,0.00904491
AE(1),5,0.01006319
AE(1),5,0.03438975
AE(1),5,0.01176622
AE(1),5,0.10692470
AE(1),5,-0.01603156
AE(1),5,-0.00034858
AE(1),5,-0.00275134
AE(1),5,0.07181518
AE(1),5,-0.03703169
AE(1),5,-0.04519499
AE(1),5,-0.03815265
AE(1),5,0.03929136
AE(1),5,-0.01669905
AE(1),5,0.07001103
AE(1),5,0.05948419
AE(1),5,-0.00192268
AE(1),5,0.18759261
AE(1),5,0.01090036
AE(1),5,0.01736848
AE(1),5,0.01394290
AE(1),5,0.00832870
AE(1),5,0.08508940
AE(1),5,0.03171853
AE(1),5,-0.05979987
AE(1),5,0.20743182
AE(1),5,0.01274965
AE(1),5,0.02876093
AE(1),5,-0.00733054
AE(1),5,0.01841477
AE(1),5,0.04989608
AE(1),5,-0.01095585
AE(1),5,0.01125766
AE(1),5,0.09227786
AE(1),5,-0.02522392
AE(1),5,-0.03463193
AE(1),5,-0.00502774
AE(1),5,-0.11763603
AE(1),5,-0.01168208
AE(1),5,-0.07261791
AE(1),5,0.02221644
AE(1),5,0.01643360
AE(1),5,0.03425181
AE(1),5,0.05524307
AE(1),5,-0.03705204
AE(1),5,0.02693242
AE(1),5,0.00337526
AE(1),5,0.12697170
AE(1),5,0.00433960
AE(1),5,-0.01753008
AE(1),5,0.03752458
AE(1),5,-0.01093338
AE(1),5,-0.00643394
AE(1),5,0.05370775
AE(1),5,0.02293749
AE(1),5,-0.01109601
AE(1),5,0.01354618
AE(1),5,0.07629554
AE(1),5,0.01891423
AE(1),5,-0.01109390
AE(1),5,0.04640646
AE(1),5,0.02871902
AE(1),5,0.09487411
AE(1),5,0.07884976
AE(1),5,-0.02190893
AE(1),5,0.04280874
AE(1),5,0.01331129
AE(1),5,0.02816627
AE(1),5,0.09546898
AE(1),5,0.21256800
AE(1),5,0.12455667
AE(1),5,0.02468388
AE(1),5,-0.06289132
AE(1),5,0.05308840
AE(1),5,0.08795321
AE(1),5,0.01312418
AE(1),5,0.01529925
AE(1),5,-0.02982196
AE(1),5,0.02516157
AE(1),5,-0.01465286
AE(1),5,0.01998482
AE(1),5,0.02962636
AE(1),5,0.04629588
AE(1),5,-0.00123859
AE(1),5,-0.04580315
AE(1),5,0.03536625
AE(1),5,-0.00908685
AE(1),5,0.00068542
AE(1),5,0.28342544
AE(1),5,0.01350092
AE(1),5,-0.00313608
AE(1),5,0.06415061
AE(1),5,0.05378340
AE(1),5,-0.01643560
AE(1),5,0.02907691
AE(1),5,0.00055356
AE(1),5,0.01715266
AE(1),5,-0.00040898
AE(1),5,-0.02337496
AE(1),5,0.03349060
AE(1),5,0.05573064
AE(1),5,-0.02198643
AE(1),5,0.01815940
AE(1),5,0.03384584
AE(1),5,-0.01308413
AE(1),5,0.02313095
AE(1),5,0.02900414
AE(1),5,0.20039495
AE(1),5,-0.02722771
AE(1),5,0.03620398
AE(1),5,0.08863813
AE(1),5,0.01517326
AE(1),5,0.03851938
AE(1),5,0.00470445
AE(1),5,0.06715892
AE(1),5,0.05540495
AE(1),5,0.11789524
AE(1),5,0.02884308
AE(1),5,-0.00551931
AE(1),5,-0.01582013
AE(1),5,0.02439939
AE(1),5,0.01301245
AE(1),5,0.05368923
AE(1),5,-0.03656669
AE(1),5,0.00689465
AE(1),5,-0.02272476
AE(1),5,0.01113522
AE(1),5,-0.03564437
AE(1),5,0.00909609
AE(1),5,0.01671235
AE(1),5,0.12724690
AE(1),5,0.01966511
AE(1),5,-0.01721815
AE(1),5,0.11813029
AE(1),5,-0.01836401
AE(1),5,0.03622102
AE(1),5,-0.02620733
AE(1),5,0.04312018
AE(1),5,-0.03305187
AE(1),5,-0.01400811
AE(1),5,-0.01378394
AE(1),5,0.01594244
AE(1),5,-0.02244109
AE(1),5,-0.00895515
AE(1),5,-0.09393023
AE(1),5,-0.02891245
AE(1),5,-0.00557654
AE(1),5,0.01912296
AE(1),5,0.04392192
AE(1),5,0.16037712
AE(1),5,-0.00085184
AE(1),5,0.04795386
AE(1),5,-0.03315994
AE(1),5,-0.00579188
AE(1),5,-0.05411995
AE(1),5,0.00062597
AE(1),5,-0.02810549
AE(1),5,-0.06093433
AE(1),5,-0.01373087
AE(1),5,-0.01377626
AE(1),5,-0.02264488
AE(1),5,0.05389834
AE(1),5,0.00583291
AE(1),5,-0.01032884
AE(1),5,-0.03256515
AE(1),5,0.00938724
AE(1),5,-0.01402049
AE(1),5,-0.00608942
AE(1),5,0.05160669
AE(1),5,-0.00886604
AE(1),5,-0.02145479
AE(1),5,0.01629333
AE(1),6,0.03713443
AE(1),6,0.03194258
AE(1),6,0.09778590
AE(1),6,0.03266671
AE(1),6,0.01899753
AE(1),6,-0.01619779
AE(1),6,0.03857154
AE(1),6,0.06620170
AE(1),6,0.03951072
AE(1),6,0.02683712
AE(1),6,-0.00647704
AE(1),6,0.03494914
AE(1),6,0.02584337
AE(1),6,0.01620828
AE(1),6,0.00859810
AE(1),6,0.02787269
AE(1),6,0.01239009
AE(1),6,-0.03984566
AE(1),6,0.01598682
AE(1),6,0.03584161
AE(1),6,0.08704067
AE(1),6,0.00922024
AE(1),6,0.03253378
AE(1),6,0.01198348
AE(1),6,0.08564668
AE(1),6,0.06200828
AE(1),6,0.01621171
AE(1),6,0.07956707
AE(1),6,-0.03111444
AE(1),6,0.05788904
AE(1),6,0.05951354
AE(1),6,-0.01381540
AE(1),6,0.16571668
AE(1),6,0.04156481
AE(1),6,-0.01851944
AE(1),6,-0.00171301
AE(1),6,0.16626581
AE(1),6,0.02228501
AE(1),6,0.02398565
AE(1),6,-0.01585335
AE(1),6,0.03467125
AE(1),6,0.14861120
AE(1),6,0.22140099
AE(1),6,0.09553674
AE(1),6,-0.00204598
AE(1),6,0.02514365
AE(1),6,-0.00173735
AE(1),6,0.07777975
AE(1),6,0.04179853
AE(1),6,-0.01414498
AE(1),6,-0.00006758
AE(1),6,0.00697066
AE(1),6,0.00058133
AE(1),6,0.06588970
AE(1),6,0.05418150
AE(1),6,0.00361482
AE(1),6,0.02339554
AE(1),6,-0.00410420
AE(1),6,0.08695120
AE(1),6,0.00196088
AE(1),6,0.05335614
AE(1),6,0.01827766
AE(1),6,0.02661329
AE(1),6,-0.02546673
AE(1),6,0.01461443
AE(1),6,0.02705077
AE(1),6,0.04922092
AE(1),6,-0.03366347
AE(1),6,0.04497591
AE(1),6,0.10037607
AE(1),6,0.07636895
AE(1),6,0.03086690
AE(1),6,0.17012685
AE(1),6,-0.04614925
AE(1),6,0.02454002
AE(1),6,0.04262198
AE(1),6,0.09667022
AE(1),6,0.04177439
AE(1),6,0.03011987
AE(1),6,0.02072869
AE(1),6,0.03385262
AE(1),6,0.11050982
AE(1),6,0.00294950
AE(1),6,0.10771895
AE(1),6,0.02247300
AE(1),6,0.05585025
AE(1),6,-0.01584475
AE(1),6,0.00769926
AE(1),6,-0.02931974
AE(1),6,0.02662256
AE(1),6,0.05168742
AE(1),6,0.06671228
AE(1),6,0.03361218
AE(1),6,0.11213771
AE(1),6,0.01817442
AE(1),6,0.05120983
AE(1),6,0.07418402
AE(1),6,0.10230995
AE(1),6,-0.00779932
AE(1),6,0.07877211
AE(1),6,0.01210321
AE(1),6,0.04812789
AE(1),6,0.06504610
AE(1),6,-0.04128652
AE(1),6,-0.04153240
AE(1),6,0.04780732
AE(1),6,0.02814684
AE(1),6,0.06074574
AE(1),6,0.08133586
AE(1),6,0.04128139
AE(1),6,0.07489972
AE(1),6,0.06381721
AE(1),6,0.03943958
AE(1),6,0.06470669
AE(1),6,0.02642536
AE(1),6,0.08038441
AE(1),6,0.00450190
AE(1),6,0.05396766
AE(1),6,0.03108296
AE(1),6,0.06006399
AE(1),6,0.04682470
AE(1),6,0.03567625
AE(1),6,0.03353297
AE(1),6,-0.01463008
AE(1),6,0.02195969
AE(1),6,0.05155434
AE(1),6,0.04149781
AE(1),6,0.01710478
AE(1),6,0.05894990
AE(1),6,-0.02077335
AE(1),6,0.04410171
AE(1),6,0.06687276
AE(1),6,0.06203451
AE(1),6,0.05371097
AE(1),6,0.02367558
AE(1),6,-0.00304123
AE(1),6,0.05711323
AE(1),6,0.01237269
AE(1),6,0.03142167
AE(1),6,0.14868526
AE(1),6,0.00327568
AE(1),6,0.04744102
AE(1),6,0.04066186
AE(1),6,-0.05100770
AE(1),6,0.03296021
AE(1),6,0.03519269
AE(1),6,0.15834754
AE(1),6,0.10220451
AE(1),6,0.05125451
AE(1),6,0.05475339
AE(1),6,0.00412332
AE(1),6,0.10534300
AE(1),6,0.04537967
AE(1),6,0.03441998
AE(1),6,0.13365652
AE(1),6,0.11994790
AE(1),6,0.00887671
AE(1),6,-0.03592947
AE(1),6,0.09091417
AE(1),6,0.12151831
AE(1),6,0.04022011
AE(1),6,-0.01315991
AE(1),6,-0.04019835
AE(1),6,0.03860091
AE(1),6,0.02806751
AE(1),6,0.07936152
AE(1),6,0.14148999
AE(1),6,0.03626420
AE(1),6,0.03320766
AE(1),6,0.02641915
AE(1),6,0.02319406
AE(1),6,0.04089465
AE(1),6,0.06647283
AE(1),6,0.04102312
AE(1),6,0.06213573
AE(1),6,-0.04416167
AE(1),6,0.01738528
AE(1),6,0.02457547
AE(1),6,0.04874597
AE(1),6,0.01963870
AE(1),6,0.09561437
AE(1),6,0.00512836
AE(1),6,0.03460145
AE(1),6,0.00581672
AE(1),6,-0.00681078
AE(1),6,-0.01303698
AE(1),6,0.00270708
AE(1),6,0.05160819
AE(1),6,0.01527195
AE(1),6,0.05844529
AE(1),6,0.05106229
AE(1),6,-0.00857476
AE(1),6,-0.01243082
AE(1),6,0.00595161
AE(1),6,0.00416689
AE(1),6,0.03624585
AE(1),6,0.07244793
AE(1),6,0.01105346
AE(1),6,-0.00772106
AE(1),6,0.04633509
AE(1),6,0.04113527
AE(1),6,0.10442721
AE(1),6,0.04434466
AE(1),6,0.03945656
AE(1),6,0.09258186
AE(1),6,0.05344069
AE(1),6,0.08808783
AE(1),6,0.06300386
AE(1),6,0.12527147
AE(1),6,0.04143888
AE(1),6,0.04601520
AE(1),6,0.03466722
AE(1),6,-0.03818727
AE(1),6,0.06954423
AE(1),6,0.00772144
AE(1),6,0.01745491
AE(1),6,0.01550040
AE(1),6,0.02145264
AE(1),6,0.09486727
AE(1),6,-0.03365437
AE(1),6,0.00276235
AE(1),6,0.06941770
AE(1),6,0.04798208
AE(1),6,0.04731346
AE(1),6,0.04947011
AE(1),6,0.10497210
AE(1),6,0.03797235
AE(1),6,0.03553876
AE(1),6,0.04158832
AE(1),6,0.01739988
AE(1),6,0.08845987
AE(1),6,0.06539267
AE(1),6,0.07291814
AE(1),6,0.01938003
AE(1),6,0.04234469
AE(1),6,0.03147786
AE(1),6,0.00390023
AE(1),6,0.09873981
AE(1),6,0.04246288
AE(1),6,0.02330583
AE(1),6,0.01557549
AE(1),6,0.04834691
AE(1),6,0.05340107
AE(1),6,0.07228972
AE(1),6,0.08744158
AE(1),6,0.00526644
AE(1),6,0.05143891
AE(1),6,0.14709336
AE(1),6,0.04700859
AE(1),6,0.05098092
AE(1),6,0.05325596
AE(1),6,0.02067389
AE(1),6,0.00738060
AE(1),6,0.07833332
AE(1),6,-0.00180286
AE(1),6,0.02200493
AE(1),6,0.03453585
AE(1),6,0.04677415
AE(1),6,0.12462329
AE(1),6,0.08717274
AE(1),6,0.09805537
AE(1),6,0.05188405
AE(1),6,0.01955996
AE(1),6,0.06303700
AE(1),6,0.09209400
AE(1),6,0.08028407
AE(1),6,-0.01175715
AE(1),6,0.07639145
AE(1),6,0.07326787
AE(1),6,0.00494520
AE(1),6,0.05899134
AE(1),6,0.04060271
AE(1),6,0.03633299
AE(1),6,-0.04374826
AE(1),6,0.00232825
AE(1),6,0.13779077
AE(1),6,0.06772340
AE(1),6,0.16006169
AE(1),6,0.01158346
AE(1),6,0.02130637
AE(1),6,0.01657468
AE(1),6,0.02622253
AE(1),6,-0.00601751
AE(1),6,0.06100121
AE(1),6,0.02718032
AE(1),6,0.07288482
AE(1),6,0.12717726
AE(1),6,0.01103200
AE(1),6,0.06368988
AE(1),6,0.02057835
AE(1),6,0.09495691
AE(1),6,0.06691634
AE(1),6,0.05266588
AE(1),6,0.01929619
AE(1),6,0.05222818
AE(1),6,0.03899295
AE(1),6,-0.01893462
AE(1),6,0.06392961
AE(1),6,0.02873554
AE(1),6,0.00397797
AE(1),6,0.10623508
AE(1),6,0.04780666
AE(1),6,0.05055545
AE(1),6,0.07400114
AE(1),6,-0.00498863
AE(1),6,0.04284516
AE(1),6,0.05258376
AE(1),6,0.04554445
AE(1),6,0.02049727
AE(1),6,0.04005027
AE(1),6,0.12563633
AE(1),6,0.04364860
AE(1),6,0.02438498
AE(3),1,0.03863506
AE(3),1,0.07563213
AE(3),1,0.07702733
AE(3),1,0.04379831
AE(3),1,-0.01019252
AE(3),1,0.05196242
AE(3),1,0.12555464
AE(3),1,0.03643846
AE(3),1,0.07555078
AE(3),1,0.04376454
AE(3),1,0.04594790
AE(3),1,0.03378768
AE(3),1,0.06229387
AE(3),1,0.02007856
AE(3),1,0.05100948
AE(3),1,0.08548466
AE(3),1,0.00182209
AE(3),1,0.00704914
AE(3),1,0.00562089
AE(3),1,0.07326514
AE(3),1,0.01672636
AE(3),1,0.00960041
AE(3),1,0.00783412
AE(3),1,0.06732843
AE(3),1,0.08884980
AE(3),1,0.06617371
AE(3),1,0.07525181
AE(3),1,0.00482811
AE(3),1,0.10988525
AE(3),1,0.02465502
AE(3),1,0.07092327
AE(3),1,0.08542302
AE(3),1,-0.02134191
AE(3),1,0.07292109
AE(3),1,0.02329704
AE(3),1,0.09019107
AE(3),1,0.08901368
AE(3),1,0.02469290
AE(3),1,0.06863657
AE(3),1,0.01754957
AE(3),1,0.00422854
AE(3),1,0.00211731
AE(3),1,0.02970759
AE(3),1,0.18079077
AE(3),1,0.03504481
AE(3),1,-0.00331161
AE(3),1,0.00678024
AE(3),1,0.05633206
AE(3),1,0.03782493
AE(3),1,0.06538026
AE(3),1,-0.00905702
AE(3),1,0.12556469
AE(3),1,-0.01359179
AE(3),1,0.07192307
AE(3),1,0.14394579
AE(3),1,0.04591121
AE(3),1,0.03861256
AE(3),1,0.09504385
AE(3),1,-0.01803021
AE(3),1,0.04937574
AE(3),1,0.02915537
AE(3),1,0.03923182
AE(3),1,0.01740342
AE(3),1,0.01259124
AE(3),1,0.05516629
AE(3),1,0.06055691
AE(3),1,0.04797058
AE(3),1,0.07518129
AE(3),1,0.02052598
AE(3),1,0.13396208
AE(3),1,0.00026829
AE(3),1,0.11425411
AE(3),1,0.03482228
AE(3),1,0.05181610
AE(3),1,0.07501952
AE(3),1,0.04941319
AE(3),1,0.13714275
AE(3),1,0.08312308
AE(3),1,0.04972033
AE(3),1,-0.01184405
AE(3),1,0.05254744
AE(3),1,0.01193986
AE(3),1,0.04970761
AE(3),1,0.00673854
AE(3),1,0.04523748
AE(3),1,-0.00682402
AE(3),1,0.11611786
AE(3),1,-0.00000635
AE(3),1,0.00292009
AE(3),1,0.03366546
AE(3),1,0.02708202
AE(3),1,0.06576798
AE(3),1,0.11478327
AE(3),1,0.02887401
AE(3),1,0.00726889
AE(3),1,0.03793595
AE(3),1,-0.01101953
AE(3),1,0.00828172
AE(3),1,0.01704621
AE(3),1,0.02972810
AE(3),1,-0.02817168
AE(3),1,0.04813160
AE(3),1,0.06176617
AE(3),1,0.04877052
AE(3),1,0.03106786
AE(3),1,0.00335910
AE(3),1,0.04706426
AE(3),1,0.11822384
AE(3),1,0.07590678
AE(3),1,0.02119810
AE(3),1,0.13110410
AE(3),1,0.08078131
AE(3),1,0.04562164
AE(3),1,0.07216551
AE(3),1,-0.00635394
AE(3),1,0.02718208
AE(3),1,0.00529907
AE(3),1,0.09890126
AE(3),1,0.01342158
AE(3),1,-0.00672895
AE(3),1,0.03630192
AE(3),1,0.09362654
AE(3),1,0.04850891
AE(3),1,-0.00926700
AE(3),1,0.00742941
AE(3),1,-0.00224235
AE(3),1,0.04176557
AE(3),1,0.01169686
AE(3),1,0.05028501
AE(3),1,-0.00572563
AE(3),1,0.12976050
AE(3),1,0.03842024
AE(3),1,0.03799703
AE(3),1,0.01773563
AE(3),1,0.08947693
AE(3),1,0.04484817
AE(3),1,0.04054712
AE(3),1,-0.08421236
AE(3),1,-0.00146033
AE(3),1,0.03845763
AE(3),1,0.07520392
AE(3),1,0.02829544
AE(3),1,0.02103000
AE(3),1,0.07520353
AE(3),1,0.09700523
AE(3),1,0.13246014
AE(3),1,0.03618876
AE(3),1,-0.03833388
AE(3),1,0.06653914
AE(3),1,0.00037136
AE(3),1,0.07196130
AE(3),1,0.03051393
AE(3),1,-0.02139343
AE(3),1,-0.01204857
AE(3),1,0.00955643
AE(3),1,0.01501053
AE(3),1,0.05525907
AE(3),1,-0.00682444
AE(3),1,0.12709870
AE(3),1,-0.00606392
AE(3),1,0.07105183
AE(3),1,-0.02172322
AE(3),1,0.05167113
AE(3),1,0.08831733
AE(3),1,0.24410166
AE(3),1,0.11862797
AE(3),1,0.09716895
AE(3),1,0.01958089
AE(3),1,0.05888156
AE(3),1,0.05656122
AE(3),1,-0.00319449
AE(3),1,-0.02409139
AE(3),1,0.00582235
AE(3),1,0.06081798
AE(3),1,0.06239510
AE(3),1,0.04348999
AE(3),1,0.03567724
AE(3),1,0.03077253
AE(3),1,0.03047727
AE(3),1,0.05103272
AE(3),1,0.00053369
AE(3),1,0.04016945
AE(3),1,0.08165890
AE(3),1,-0.00736002
AE(3),1,0.02086790
AE(3),1,0.02156922
AE(3),1,-0.00971236
AE(3),1,0.17326230
AE(3),1,0.02284934
AE(3),1,0.08703552
AE(3),1,-0.02166885
AE(3),1,-0.02356313
AE(3),1,0.03690578
AE(3),1,0.03009614
AE(3),1,0.04156220
AE(3),1,-0.01720353
AE(3),1,0.01082736
AE(3),1,0.03395920
AE(3),1,0.03241352
AE(3),1,0.03558584
AE(3),1,0.02479801
AE(3),1,-0.00850115
AE(3),1,0.06019376
AE(3),1,0.04936796
AE(3),1,-0.00256933
AE(3),1,0.00011791
AE(3),1,0.00302350
AE(3),1,0.01852159
AE(3),1,0.09215282
AE(3),1,0.06803340
AE(3),1,0.03423807
AE(3),1,0.01330888
AE(3),1,-0.03511917
AE(3),1,0.02881065
AE(3),1,0.05023116
AE(3),1,-0.03679892
AE(3),1,0.00353915
AE(3),1,0.04339281
AE(3),1,0.01877143
AE(3),1,0.12594447
AE(3),1,0.03940750
AE(3),1,0.05937162
AE(3),1,-0.04818309
AE(3),1,0.08543694
AE(3),1,0.01699903
AE(3),1,-0.03049781
AE(3),1,-0.01438714
AE(3),1,-0.00872052
AE(3),1,0.05010137
AE(3),1,0.02058028
AE(3),1,-0.00293494
AE(3),1,0.06322206
AE(3),1,-0.00872820
AE(3),1,-0.02157261
AE(3),1,0.03397651
AE(3),1,0.02822336
AE(3),1,-0.02775056
AE(3),1,0.03042336
AE(3),1,0.03332262
AE(3),1,0.06099545
AE(3),1,0.06402309
AE(3),1,-0.01822904
AE(3),1,0.11288938
AE(3),1,-0.00992414
AE(3),1,0.02259279
AE(3),1,0.10889448
AE(3),1,0.10959619
AE(3),1,-0.01525573
AE(3),1,0.02217588
AE(3),1,0.04443077
AE(3),1,-0.03783908
AE(3),1,0.03529345
AE(3),1,-0.02496254
AE(3),1,0.04494848
AE(3),1,-0.00173759
AE(3),1,0.01109369
AE(3),1,0.02472057
AE(3),1,0.05523314
AE(3),1,-0.02322169
AE(3),1,0.08325328
AE(3),1,0.11435273
AE(3),1,0.07911693
AE(3),1,0.01796595
AE(3),1,0.11567919
AE(3),1,0.00547510
AE(3),1,0.07161963
AE(3),1,-0.01941668
AE(3),1,0.00923376
AE(3),1,0.06614423
AE(3),1,0.02277165
AE(3),1,-0.01093251
AE(3),1,0.01753890
AE(3),1,0.18399073
AE(3),1,0.03320741
AE(3),1,0.08801093
AE(3),1,0.04206541
AE(3),1,0.01344095
AE(3),1,0.05916664
AE(3),1,0.01036736
AE(3),1,0.02174603
AE(3),1,0.08384111
AE(3),1,0.03277656
AE(3),1,0.00455725
AE(3),1,0.03512413
AE(3),1,0.00530511
AE(3),1,-0.00455234
AE(3),1,0.08683229
AE(3),1,0.04689355
AE(3),1,0.03472105
AE(3),1,-0.00136543
AE(3),1,0.03472674
AE(3),1,0.02832055
AE(3),1,0.03344626
AE(3),1,0.10786479
AE(3),1,0.02190047
AE(3),1,0.04285676
AE(3),1,0.01948166
AE(3),1,0.05008116
AE(3),1,0.04898150
AE(3),1,0.11118555
AE(3),1,0.02299881
AE(3),1,-0.01194564
AE(3),1,0.06355785
AE(3),1,0.01644942
AE(3),1,0.05959700
AE(3),1,0.15879941
AE(3),1,0.12053886
AE(3),1,0.02726340
AE(3),1,0.20359649
AE(3),1,0.05319088
AE(3),1,0.13233151
AE(3),1,0.04551209
AE(3),1,0.06004505
AE(3),1,0.08810401
AE(3),1,0.00586770
AE(3),1,0.02711292
AE(3),1,-0.00009114
AE(3),1,0.02705658
AE(3),1,0.04799315
AE(3),1,0.03585413
AE(3),1,0.01301878
AE(3),1,0.02856819
AE(3),2,-0.01137430
AE(3),2,-0.00591486
AE(3),2,-0.01318346
AE(3),2,0.01626351
AE(3),2,0.03174229
AE(3),2,-0.01982750
AE(3),2,0.04957153
AE(3),2,-0.02883037
AE(3),2,-0.01346740
AE(3),2,-0.00424281
AE(3),2,-0.00185953
AE(3),2,0.10578046
AE(3),2,-0.00915419
AE(3),2,-0.02188603
AE(3),2,0.01581470
AE(3),2,0.00369335
AE(3),2,0.04028470
AE(3),2,0.00191328
AE(3),2,0.01335021
AE(3),2,0.01121206
AE(3),2,-0.01970191
AE(3),2,0.00322728
AE(3),2,0.01055695
AE(3),2,0.03016194
AE(3),2,0.01687445
AE(3),2,-0.01562498
AE(3),2,-0.01654647
AE(3),2,0.00510175
AE(3),2,-0.00962109
AE(3),2,0.01643688
AE(3),2,0.04737252
AE(3),2,0.06454322
AE(3),2,-0.05229190
AE(3),2,0.00075880
AE(3),2,0.06039015
AE(3),2,0.00648502
AE(3),2,0.00678624
AE(3),2,0.04307883
AE(3),2,0.01895790
AE(3),2,-0.04153946
AE(3),2,0.09491167
AE(3),2,-0.01273252
AE(3),2,-0.00527534
AE(3),2,-0.02542020
AE(3),2,0.03955078
AE(3),2,0.07151592
AE(3),2,-0.01530942
AE(3),2,-0.00426028
AE(3),2,-0.01961454
AE(3),2,0.05860035
AE(3),2,-0.03736101
AE(3),2,0.03294078
AE(3),2,-0.01643298
AE(3),2,0.01000846
AE(3),2,-0.06810615
AE(3),2,-0.02698936
AE(3),2,-0.00796150
AE(3),2,0.00962076
AE(3),2,-0.02712045
AE(3),2,0.02006539
AE(3),2,0.02793225
AE(3),2,0.07273101
AE(3),2,0.09352338
AE(3),2,-0.01355823
AE(3),2,0.00564456
AE(3),2,0.06659339
AE(3),2,-0.01833569
AE(3),2,0.08313882
AE(3),2,0.02770647
AE(3),2,-0.05796315
AE(3),2,0.06538039
AE(3),2,-0.00557795
AE(3),2,0.05784356
AE(3),2,0.01126273
AE(3),2,0.07271211
AE(3),2,0.01646819
AE(3),2,0.05797041
AE(3),2,0.00453276
AE(3),2,0.02529369
AE(3),2,0.05326072
AE(3),2,0.02055741
AE(3),2,-0.01251153
AE(3),2,0.02313410
AE(3),2,-0.01863297
AE(3),2,-0.00131740
AE(3),2,0.02469213
AE(3),2,-0.00419519
AE(3),2,-0.01481477
AE(3),2,0.01270225
AE(3),2,-0.02483274
AE(3),2,-0.01097387
AE(3),2,0.00400258
AE(3),2,-0.01229823
AE(3),2,-0.00721273
AE(3),2,0.02595581
AE(3),2,-0.01760516
AE(3),2,0.04452944
AE(3),2,-0.01842289
AE(3),2,0.07197094
AE(3),2,0.02451577
AE(3),2,0.02635705
AE(3),2,-0.01201120
AE(3),2,-0.03301506
AE(3),2,0.02819328
AE(3),2,0.09380627
AE(3),2,0.01198608
AE(3),2,0.08644715
AE(3),2,-0.00964752
AE(3),2,-0.02367557
AE(3),2,-0.00138763
AE(3),2,-0.02598012
AE(3),2,-0.00986343
AE(3),2,0.01594052
AE(3),2,-0.01712748
AE(3),2,0.01837435
AE(3),2,0.00738976
AE(3),2,-0.02111223
AE(3),2,0.08029371
AE(3),2,-0.07465056
AE(3),2,-0.01950284
AE(3),2,-0.00407316
AE(3),2,0.02276123
AE(3),2,-0.00010205
AE(3),2,-0.00224665
AE(3),2,0.03406497
AE(3),2,-0.01244203
AE(3),2,-0.01475407
AE(3),2,0.08125276
AE(3),2,-0.00156976
AE(3),2,0.00184752
AE(3),2,0.00270212
AE(3),2,-0.01143117
AE(3),2,0.03424734
AE(3),2,-0.05434524
AE(3),2,-0.00032957
AE(3),2,0.11127630
AE(3),2,-0.01296835
AE(3),2,0.01027013
AE(3),2,-0.03087232
AE(3),2,-0.00575833
AE(3),2,-0.00772086
AE(3),2,-0.00914360
AE(3),2,0.06815240
AE(3),2,0.00459632
AE(3),2,-0.00566002
AE(3),2,0.00354774
AE(3),2,-0.00262971
AE(3),2,0.00111895
AE(3),2,0.03341024
AE(3),2,0.08536932
AE(3),2,0.02679902
AE(3),2,0.07118616
AE(3),2,-0.00761117
AE(3),2,0.03769514
AE(3),2,-0.02440378
AE(3),2,-0.00664864
AE(3),2,-0.00478680
AE(3),2,0.07502094
AE(3),2,0.03515632
AE(3),2,0.01387323
AE(3),2,0.05723033
AE(3),2,-0.02368537
AE(3),2,-0.01440644
AE(3),2,0.01485212
AE(3),2,0.02828415
AE(3),2,0.01608035
AE(3),2,-0.01506054
AE(3),2,0.00865460
AE(3),2,0.02863161
AE(3),2,0.01810734
AE(3),2,0.00352714
AE(3),2,-0.00277245
AE(3),2,0.00616755
AE(3),2,0.06175460
AE(3),2,-0.00202776
AE(3),2,-0.01218935
AE(3),2,0.03834811
AE(3),2,0.02926471
AE(3),2,0.01285041
AE(3),2,-0.00987365
AE(3),2,0.03402811
AE(3),2,-0.04092059
AE(3),2,0.05791516
AE(3),2,-0.00936850
AE(3),2,0.17976772
AE(3),2,0.01089114
AE(3),2,0.03091377
AE(3),2,-0.02076063
AE(3),2,0.04857744
AE(3),2,-0.02694050
AE(3),2,0.01369000
AE(3),2,0.05725052
AE(3),2,-0.01556811
AE(3),2,-0.01271455
AE(3),2,0.04797986
AE(3),2,0.04687770
AE(3),2,-0.01178565
AE(3),2,-0.01528431
AE(3),2,-0.01691727
AE(3),2,0.05505925
AE(3),2,0.09159512
AE(3),2,-0.00810694
AE(3),2,-0.02275140
AE(3),2,0.06335792
AE(3),2,-0.00876193
AE(3),2,0.02732152
AE(3),2,-0.02325823
AE(3),2,-0.01486540
AE(3),2,-0.00245973
AE(3),2,-0.03646645
AE(3),2,0.00457403
AE(3),2,0.04489403
AE(3),2,0.01316588
AE(3),2,-0.01628064
AE(3),2,-0.03384800
AE(3),2,-0.01735904
AE(3),2,-0.00809170
AE(3),2,0.03826231
AE(3),2,-0.01230720
AE(3),2,-0.06830791
AE(3),2,-0.01413071
AE(3),2,-0.00982953
AE(3),2,0.02383195
AE(3),2,-0.02035102
AE(3),2,-0.02271650
AE(3),2,0.04074047
AE(3),2,0.01495442
AE(3),2,0.03768517
AE(3),2,-0.01252748
AE(3),2,0.01699811
AE(3),2,0.02031036
AE(3),2,-0.00499633
AE(3),2,0.08852977
AE(3),2,-0.01580223
AE(3),2,-0.04926926
AE(3),2,0.02540868
AE(3),2,-0.01214110
AE(3),2,0.16009871
AE(3),2,0.05507064
AE(3),2,0.02684483
AE(3),2,0.06345803
AE(3),2,0.00878494
AE(3),2,-0.03382639
AE(3),2,-0.01069250
AE(3),2,0.05852423
AE(3),2,0.01621542
AE(3),2,0.08520406
AE(3),2,-0.00735179
AE(3),2,-0.01508957
AE(3),2,0.01301659
AE(3),2,0.04267316
AE(3),2,0.00471095
AE(3),2,-0.02850470
AE(3),2,0.01435395
AE(3),2,-0.02710689
AE(3),2,-0.02662851
AE(3),2,-0.04281738
AE(3),2,0.11221673
AE(3),2,0.05592952
AE(3),2,0.00751939
AE(3),2,0.08802751
AE(3),2,-0.02720203
AE(3),2,-0.04744928
AE(3),2,-0.00492597
AE(3),2,-0.01808493
AE(3),2,-0.04047177
AE(3),2,-0.02611391
AE(3),2,-0.00800097
AE(3),2,-0.01155359
AE(3),2,-0.00268400
AE(3),2,0.01757106
AE(3),2,0.01104512
AE(3),2,0.03327968
AE(3),2,0.07258412
AE(3),2,0.01166501
AE(3),2,-0.02464365
AE(3),2,-0.01542080
AE(3),2,-0.00844659
AE(3),2,0.00015643
AE(3),2,-0.01093823
AE(3),2,-0.03771043
AE(3),2,0.10701513
AE(3),2,0.09583364
AE(3),2,0.06387418
AE(3),2,-0.01354934
AE(3),2,0.07822453
AE(3),2,-0.01088842
AE(3),2,0.00772468
AE(3),2,0.02413442
AE(3),2,0.07497847
AE(3),2,0.04752707
AE(3),2,0.04802222
AE(3),2,0.15162235
AE(3),2,0.00365883
AE(3),2,-0.01489241
AE(3),2,0.00506285
AE(3),2,0.00103322
AE(3),2,0.00908340
AE(3),2,0.02260514
AE(3),2,0.10402509
AE(3),2,0.14170465
AE(3),2,0.03599371
AE(3),2,0.04310340
AE(3),2,0.10020577
AE(3),2,0.01085762
AE(3),2,0.06298031
AE(3),2,-0.02999363
AE(3),2,0.02719697
AE(3),2,-0.04302377
AE(3),2,-0.01532711
AE(3),2,0.05273715
AE(3),2,0.01503697
AE(3),2,0.02036692
AE(3),2,-0.03200531
AE(3),2,0.04837798
AE(3),2,0.02902859
AE(3),2,0.06264167
AE(3),2,0.01583729
AE(3),2,-0.02079571
AE(3),2,0.05526346
AE(3),3,-0.00314436
AE(3),3,-0.03557628
AE(3),3,-0.02487792
AE(3),3,-0.02137447
AE(3),3,-0.02134803
AE(3),3,0.03068406
AE(3),3,0.03833012
AE(3),3,-0.04240099
AE(3),3,-0.05585674
AE(3),3,0.02605362
AE(3),3,-0.03763413
AE(3),3,-0.04511089
AE(3),3,0.00131454
AE(3),3,-0.01354146
AE(3),3,-0.02701980
AE(3),3,-0.06782389
AE(3),3,-0.06198798
AE(3),3,0.02446274
AE(3),3,-0.01185800
AE(3),3,-0.04873573
AE(3),3,-0.07407037
AE(3),3,-0.02720726
AE(3),3,-0.00188485
AE(3),3,-0.01871891
AE(3),3,-0.06178450
AE(3),3,-0.04897993
AE(3),3,-0.07380475
AE(3),3,-0.02046139
AE(3),3,-0.01112327
AE(3),3,-0.02648572
AE(3),3,-0.02373995
AE(3),3,-0.01197384
AE(3),3,-0.06102963
AE(3),3,-0.06728600
AE(3),3,0.02432397
AE(3),3,0.02849924
AE(3),3,-0.11486843
AE(3),3,-0.02628465
AE(3),3,-0.02748391
AE(3),3,-0.01917750
AE(3),3,-0.00620988
AE(3),3,-0.05602734
AE(3),3,-0.01777266
AE(3),3,-0.02952008
AE(3),3,-0.02192406
AE(3),3,-0.03003108
AE(3),3,0.00232346
AE(3),3,-0.05812530
AE(3),3,-0.00980264
AE(3),3,-0.00964961
AE(3),3,-0.05737118
AE(3),3,-0.00936485
AE(3),3,0.06737345
AE(3),3,-0.00875068
AE(3),3,0.00476746
AE(3),3,-0.05135041
AE(3),3,-0.06657847
AE(3),3,0.00145822
AE(3),3,-0.04325343
AE(3),3,-0.04303078
AE(3),3,-0.04085488
AE(3),3,-0.04792702
AE(3),3,-0.04206498
AE(3),3,-0.05950905
AE(3),3,-0.04482881
AE(3),3,-0.02434190
AE(3),3,-0.05197391
AE(3),3,-0.03556445
AE(3),3,-0.05310496
AE(3),3,-0.03055291
AE(3),3,-0.01235824
AE(3),3,-0.04334737
AE(3),3,0.02875756
AE(3),3,-0.01855663
AE(3),3,0.03499431
AE(3),3,-0.01083498
AE(3),3,-0.07441688
AE(3),3,-0.06498119
AE(3),3,-0.03133228
AE(3),3,-0.04920228
AE(3),3,0.01168570
AE(3),3,0.01461999
AE(3),3,-0.04754005
AE(3),3,-0.02227328
AE(3),3,0.00098836
AE(3),3,0.01508215
AE(3),3,-0.04125141
AE(3),3,-0.00432940
AE(3),3,0.02838811
AE(3),3,-0.00939636
AE(3),3,-0.04171300
AE(3),3,-0.01554245
AE(3),3,-0.05035655
AE(3),3,-0.01479232
AE(3),3,-0.00664580
AE(3),3,-0.07839214
AE(3),3,-0.04656606
AE(3),3,-0.03745280
AE(3),3,0.05388233
AE(3),3,0.01370540
AE(3),3,-0.02063790
AE(3),3,-0.02003110
AE(3),3,-0.06544677
AE(3),3,-0.03936588
AE(3),3,-0.05460249
AE(3),3,-0.08387867
AE(3),3,-0.04099447
AE(3),3,-0.06442667
AE(3),3,-0.02952974
AE(3),3,-0.02080738
AE(3),3,-0.03816685
AE(3),3,-0.03524444
AE(3),3,-0.04268191
AE(3),3,-0.04029854
AE(3),3,-0.02408338
AE(3),3,0.01895804
AE(3),3,-0.01854353
AE(3),3,-0.00166049
AE(3),3,-0.04825509
AE(3),3,-0.01729217
AE(3),3,0.01656423
AE(3),3,-0.04651711
AE(3),3,-0.02287472
AE(3),3,-0.07495108
AE(3),3,-0.02857372
AE(3),3,-0.04232531
AE(3),3,-0.06517188
AE(3),3,-0.05152346
AE(3),3,-0.01232757
AE(3),3,0.00262007
AE(3),3,-0.04210794
AE(3),3,0.02255506
AE(3),3,-0.05553594
AE(3),3,-0.02823289
AE(3),3,-0.01674168
AE(3),3,0.02585953
AE(3),3,-0.02509440
AE(3),3,-0.01975853
AE(3),3,-0.01908739
AE(3),3,-0.04060319
AE(3),3,-0.01848957
AE(3),3,-0.05061604
AE(3),3,-0.02008644
AE(3),3,0.00899509
AE(3),3,-0.03278835
AE(3),3,-0.06691905
AE(3),3,-0.08441809
AE(3),3,-0.06312227
AE(3),3,0.00377187
AE(3),3,-0.03082945
AE(3),3,-0.01794005
AE(3),3,-0.04942213
AE(3),3,-0.04470846
AE(3),3,-0.01338366
AE(3),3,-0.01142456
AE(3),3,0.01822576
AE(3),3,-0.03100259
AE(3),3,-0.05749300
AE(3),3,-0.00390808
AE(3),3,0.00431989
AE(3),3,-0.00262688
AE(3),3,-0.02915279
AE(3),3,-0.06813961
AE(3),3,-0.04239394
AE(3),3,-0.05063045
AE(3),3,0.00533293
AE(3),3,-0.06893448
AE(3),3,-0.02006178
AE(3),3,-0.00195140
AE(3),3,-0.03487611
AE(3),3,-0.05434795
AE(3),3,0.03449567
AE(3),3,-0.03088025
AE(3),3,-0.02963980
AE(3),3,-0.01989843
AE(3),3,-0.01754488
AE(3),3,-0.00601296
AE(3),3,-0.01083203
AE(3),3,0.09034958
AE(3),3,-0.04875264
AE(3),3,-0.13197110
AE(3),3,0.04135823
AE(3),3,0.02342620
AE(3),3,-0.00739936
AE(3),3,0.00402264
AE(3),3,-0.03299327
AE(3),3,-0.00947409
AE(3),3,-0.02023096
AE(3),3,-0.03134082
AE(3),3,-0.02206300
AE(3),3,-0.03368506
AE(3),3,-0.02485046
AE(3),3,-0.04758748
AE(3),3,-0.04756078
AE(3),3,-0.09662951
AE(3),3,-0.00665572
AE(3),3,-0.01874290
AE(3),3,-0.03171985
AE(3),3,-0.04431840
AE(3),3,-0.02430859
AE(3),3,-0.02651415
AE(3),3,-0.00381257
AE(3),3,-0.01007502
AE(3),3,-0.05366902
AE(3),3,0.05167536
AE(3),3,-0.01718030
AE(3),3,0.01703946
AE(3),3,-0.06190791
AE(3),3,0.02672308
AE(3),3,-0.03826793
AE(3),3,-0.04989600
AE(3),3,-0.00806888
AE(3),3,-0.01919404
AE(3),3,-0.04246410
AE(3),3,-0.02819701
AE(3),3,-0.01368414
AE(3),3,-0.03189417
AE(3),3,-0.00017496
AE(3),3,-0.04755218
AE(3),3,-0.00691121
AE(3),3,-0.01382984
AE(3),3,-0.03692143
AE(3),3,-0.01869316
AE(3),3,-0.05153214
AE(3),3,0.02019540
AE(3),3,-0.01626486
AE(3),3,-0.02698803
AE(3),3,-0.02484461
AE(3),3,-0.01840895
AE(3),3,-0.02184515
AE(3),3,-0.01784286
AE(3),3,0.07479364
AE(3),3,0.00496531
AE(3),3,-0.00889212
AE(3),3,-0.04482151
AE(3),3,-0.02622600
AE(3),3,-0.03348596
AE(3),3,-0.01150043
AE(3),3,-0.04061962
AE(3),3,-0.05682748
AE(3),3,-0.01746123
AE(3),3,-0.02077491
AE(3),3,0.07796864
AE(3),3,-0.03731997
AE(3),3,-0.00275618
AE(3),3,-0.01842712
AE(3),3,-0.04655812
AE(3),3,-0.06894647
AE(3),3,-0.00286926
AE(3),3,-0.01966799
AE(3),3,-0.01973596
AE(3),3,0.04397655
AE(3),3,0.02118662
AE(3),3,-0.02769680
AE(3),3,-0.00892261
AE(3),3,-0.07581211
AE(3),3,-0.01409605
AE(3),3,-0.06816810
AE(3),3,-0.04204455
AE(3),3,-0.01999926
AE(3),3,-0.08559061
AE(3),3,0.04100529
AE(3),3,-0.01414863
AE(3),3,-0.00064894
AE(3),3,0.04784224
AE(3),3,-0.01709322
AE(3),3,-0.01543150
AE(3),3,-0.05843557
AE(3),3,-0.02916314
AE(3),3,-0.01230026
AE(3),3,0.01508354
AE(3),3,-0.00099577
AE(3),3,-0.02128227
AE(3),3,-0.00618641
AE(3),3,0.03457187
AE(3),3,-0.02257305
AE(3),3,-0.02387596
AE(3),3,-0.01809918
AE(3),3,-0.02824688
AE(3),3,-0.07017893
AE(3),3,-0.01865153
AE(3),3,0.00954478
AE(3),3,-0.02198623
AE(3),3,-0.02575259
AE(3),3,-0.06348272
AE(3),3,-0.06781037
AE(3),3,-0.07615707
AE(3),3,-0.01395365
AE(3),3,-0.09703634
AE(3),3,-0.03587455
AE(3),3,-0.03872541
AE(3),3,-0.02578271
AE(3),3,-0.03365673
AE(3),3,0.00454905
AE(3),3,-0.04707397
AE(3),3,0.02783329
AE(3),3,-0.01182822
AE(3),3,-0.02064482
AE(3),3,-0.01146393
AE(3),3,-0.05561283
AE(3),3,-0.02454537
AE(3),3,-0.07794121
AE(3),3,-0.07906685
AE(3),3,-0.06152114
AE(3),3,-0.05403519
AE(3),3,-0.03355021
AE(3),3,-0.02751059
AE(3),3,-0.04361600
AE(3),3,-0.05693833
AE(3),3,-0.03914609
AE(3),3,-0.00045952
AE(3),3,-0.02478607
AE(3),3,0.01906788
AE(3),3,-0.06418846
AE(3),3,-0.04285691
AE(3),3,-0.08258611
AE(3),3,0.06322649
AE(3),3,-0.03146182
AE(3),3,-0.00823348
AE(3),3,0.00126792
AE(3),3,-0.05241346
AE(3),4,0.04780446
AE(3),4,-0.04811648
AE(3),4,0.00245275
AE(3),4,0.01992702
AE(3),4,-0.02306016
AE(3),4,0.01338578
AE(3),4,-0.04742187
AE(3),4,-0.06087101
AE(3),4,0.02869909
AE(3),4,-0.05257442
AE(3),4,-0.04280857
AE(3),4,-0.02978588
AE(3),4,-0.03765122
AE(3),4,-0.01938131
AE(3),4,-0.03609876
AE(3),4,-0.02899989
AE(3),4,-0.01039442
AE(3),4,-0.04083368
AE(3),4,-0.01856349
AE(3),4,-0.03783031
AE(3),4,-0.04686332
AE(3),4,-0.01199943
AE(3),4,-0.02944643
AE(3),4,-0.06058200
AE(3),4,-0.02382550
AE(3),4,-0.05862840
AE(3),4,-0.03088453
AE(3),4,0.05382671
AE(3),4,0.03612747
AE(3),4,-0.03030745
AE(3),4,0.03883454
AE(3),4,-0.03543400
AE(3),4,-0.06137741
AE(3),4,-0.04142073
AE(3),4,-0.04180295
AE(3),4,-0.01273367
AE(3),4,-0.05187073
AE(3),4,-0.03629374
AE(3),4,-0.00353476
AE(3),4,-0.01620264
AE(3),4,-0.01071230
AE(3),4,-0.02020154
AE(3),4,-0.05317774
AE(3),4,-0.04868379
AE(3),4,-0.03523697
AE(3),4,-0.02237254
AE(3),4,-0.03809995
AE(3),4,0.00846648
AE(3),4,0.02490999
AE(3),4,-0.01405114
AE(3),4,-0.06610181
AE(3),4,-0.08796412
AE(3),4,-0.02116072
AE(3),4,-0.00089429
AE(3),4,-0.04927601
AE(3),4,-0.04155085
AE(3),4,-0.03052843
AE(3),4,-0.03831692
AE(3),4,-0.02055568
AE(3),4,-0.03578282
AE(3),4,-0.02913315
AE(3),4,-0.04825519
AE(3),4,-0.02874094
AE(3),4,-0.01870021
AE(3),4,-0.06284810
AE(3),4,-0.03189450
AE(3),4,0.08709313
AE(3),4,-0.00568697
AE(3),4,-0.03181021
AE(3),4,0.04963295
AE(3),4,-0.04460509
AE(3),4,0.02462224
AE(3),4,-0.00515154
AE(3),4,-0.04718308
AE(3),4,-0.02519260
AE(3),4,-0.01879309
AE(3),4,-0.00687141
AE(3),4,0.03348674
AE(3),4,-0.03362131
AE(3),4,-0.06811590
AE(3),4,-0.01646536
AE(3),4,-0.01168263
AE(3),4,-0.04496285
AE(3),4,0.00216680
AE(3),4,-0.00909632
AE(3),4,-0.04478699
AE(3),4,-0.00678019
AE(3),4,0.01514458
AE(3),4,-0.01839938
AE(3),4,-0.04328684
AE(3),4,-0.03574598
AE(3),4,-0.01477341
AE(3),4,-0.01477105
AE(3),4,-0.02659172
AE(3),4,-0.04228297
AE(3),4,-0.02212117
AE(3),4,-0.00324286
AE(3),4,-0.02538420
AE(3),4,0.01588212
AE(3),4,-0.02232708
AE(3),4,-0.00034306
AE(3),4,-0.04651049
AE(3),4,-0.02167047
AE(3),4,-0.00453741
AE(3),4,-0.01976935
AE(3),4,-0.04655442
AE(3),4,-0.02442297
AE(3),4,-0.05933540
AE(3),4,-0.05136175
AE(3),4,-0.04327649
AE(3),4,-0.02221728
AE(3),4,-0.07508085
AE(3),4,-0.04554018
AE(3),4,-0.02687770
AE(3),4,0.00943709
AE(3),4,-0.05613376
AE(3),4,-0.03367805
AE(3),4,0.00420793
AE(3),4,-0.01496933
AE(3),4,-0.03899865
AE(3),4,-0.04185121
AE(3),4,-0.03259557
AE(3),4,-0.03394667
AE(3),4,-0.00301416
AE(3),4,-0.05481301
AE(3),4,0.01208867
AE(3),4,-0.02488906
AE(3),4,0.01895619
AE(3),4,0.03174347
AE(3),4,0.00995769
AE(3),4,-0.04143864
AE(3),4,0.01867196
AE(3),4,-0.03230026
AE(3),4,-0.07977597
AE(3),4,-0.05097672
AE(3),4,-0.03310837
AE(3),4,-0.00141766
AE(3),4,-0.01309953
AE(3),4,-0.01232700
AE(3),4,0.00455844
AE(3),4,0.00754097
AE(3),4,-0.02735344
AE(3),4,-0.02511898
AE(3),4,0.14883092
AE(3),4,-0.00111371
AE(3),4,0.03708637
AE(3),4,-0.02111724
AE(3),4,0.05942567
AE(3),4,-0.00122234
AE(3),4,0.04267408
AE(3),4,-0.03159169
AE(3),4,-0.01945317
AE(3),4,-0.01016346
AE(3),4,-0.03102278
AE(3),4,0.06564649
AE(3),4,0.04953593
AE(3),4,0.01889591
AE(3),4,-0.00450114
AE(3),4,-0.01932759
AE(3),4,-0.02213742
AE(3),4,-0.01393353
AE(3),4,0.01863534
AE(3),4,-0.04863937
AE(3),4,0.10200684
AE(3),4,-0.01629250
AE(3),4,-0.00815821
AE(3),4,-0.02695488
AE(3),4,0.00972403
AE(3),4,-0.03403953
AE(3),4,-0.01205880
AE(3),4,-0.02779809
AE(3),4,0.05151750
AE(3),4,0.00602636
AE(3),4,-0.00408072
AE(3),4,-0.01399431
AE(3),4,-0.04886976
AE(3),4,-0.03817989
AE(3),4,-0.00757354
AE(3),4,-0.02110334
AE(3),4,-0.03395763
AE(3),4,-0.05457904
AE(3),4,0.00201128
AE(3),4,0.01883707
AE(3),4,0.01409355
AE(3),4,-0.01024307
AE(3),4,-0.01608500
AE(3),4,-0.06309973
AE(3),4,-0.03017077
AE(3),4,-0.05359580
AE(3),4,-0.02371353
AE(3),4,-0.03180008
AE(3),4,-0.05751201
AE(3),4,-0.03645938
AE(3),4,0.03024399
AE(3),4,0.01562773
AE(3),4,-0.02432990
AE(3),4,0.01288456
AE(3),4,-0.01790346
AE(3),4,-0.02438137
AE(3),4,0.00073732
AE(3),4,-0.00425106
AE(3),4,-0.00731806
AE(3),4,-0.03977706
AE(3),4,0.00765989
AE(3),4,-0.01635861
AE(3),4,-0.06746736
AE(3),4,0.00369922
AE(3),4,-0.04877984
AE(3),4,-0.04451835
AE(3),4,0.00949566
AE(3),4,-0.04112421
AE(3),4,-0.03422704
AE(3),4,-0.03144619
AE(3),4,-0.00352426
AE(3),4,0.00406441
AE(3),4,0.00902239
AE(3),4,-0.04831182
AE(3),4,-0.02820644
AE(3),4,0.01628593
AE(3),4,0.05918631
AE(3),4,-0.01782771
AE(3),4,-0.02630764
AE(3),4,-0.01256829
AE(3),4,0.00257830
AE(3),4,-0.04173924
AE(3),4,0.00646619
AE(3),4,-0.03550790
AE(3),4,0.01904962
AE(3),4,-0.03632335
AE(3),4,-0.06026012
AE(3),4,-0.01145753
AE(3),4,-0.04442558
AE(3),4,-0.01773619
AE(3),4,-0.03277430
AE(3),4,-0.03542554
AE(3),4,-0.04711857
AE(3),4,-0.02406663
AE(3),4,-0.02656277
AE(3),4,0.00323610
AE(3),4,-0.00285324
AE(3),4,0.04299192
AE(3),4,-0.03441844
AE(3),4,-0.00044065
AE(3),4,-0.02428421
AE(3),4,-0.03000443
AE(3),4,0.00271707
AE(3),4,-0.07865146
AE(3),4,-0.07435945
AE(3),4,-0.02743535
AE(3),4,-0.05681155
AE(3),4,-0.00844075
AE(3),4,-0.01403020
AE(3),4,-0.01012344
AE(3),4,0.04184557
AE(3),4,-0.01498473
AE(3),4,-0.08636600
AE(3),4,-0.04372580
AE(3),4,-0.02298924
AE(3),4,-0.02163968
AE(3),4,-0.00153613
AE(3),4,-0.01370594
AE(3),4,-0.00022098
AE(3),4,-0.03327113
AE(3),4,-0.06474612
AE(3),4,-0.00589460
AE(3),4,-0.05919072
AE(3),4,-0.03627943
AE(3),4,0.01301720
AE(3),4,0.05208923
AE(3),4,-0.01184580
AE(3),4,-0.01754154
AE(3),4,-0.01320708
AE(3),4,0.00586706
AE(3),4,-0.03000707
AE(3),4,-0.06408063
AE(3),4,0.01749152
AE(3),4,-0.01899328
AE(3),4,-0.03974389
AE(3),4,-0.01592453
AE(3),4,-0.00660816
AE(3),4,-0.01717357
AE(3),4,-0.02860398
AE(3),4,-0.01433582
AE(3),4,-0.04431788
AE(3),4,-0.02438608
AE(3),4,-0.02498933
AE(3),4,-0.04061459
AE(3),4,-0.04119224
AE(3),4,-0.06256420
AE(3),4,-0.00451480
AE(3),4,-0.01292291
AE(3),4,-0.03760672
AE(3),4,-0.03200321
AE(3),4,-0.02067465
AE(3),4,-0.01844302
AE(3),4,-0.00920545
AE(3),4,-0.01079991
AE(3),4,0.04499550
AE(3),4,-0.05812645
AE(3),4,-0.05878956
AE(3),4,-0.02558070
AE(3),4,-0.02490476
AE(3),4,-0.03857716
AE(3),4,-0.02927146
AE(3),4,0.01372670
AE(3),4,0.05403365
AE(3),4,-0.05183138
AE(3),4,-0.00403753
AE(3),4,0.01086259
AE(3),4,-0.02247167
AE(3),4,-0.01279836
AE(3),4,-0.05532178
AE(3),4,0.00564210
AE(3),4,-0.03721367
AE(3),4,-0.00029730
AE(3),4,0.06192924
AE(3),4,-0.01631712
AE(3),5,-0.01252700
AE(3),5,0.07200421
AE(3),5,-0.00523786
AE(3),5,0.00289351
AE(3),5,-0.03450590
AE(3),5,-0.00228241
AE(3),5,0.01503286
AE(3),5,0.15841205
AE(3),5,0.06395431
AE(3),5,0.00104818
AE(3),5,0.02540930
AE(3),5,0.05437951
AE(3),5,0.00389590
AE(3),5,0.16440725
AE(3),5,0.01814743
AE(3),5,0.01155039
AE(3),5,0.02230398
AE(3),5,0.01611838
AE(3),5,0.00123005
AE(3),5,0.01752548
AE(3),5,0.00968851
AE(3),5,-0.05079347
AE(3),5,0.06553616
AE(3),5,0.04380891
AE(3),5,-0.00057775
AE(3),5,-0.01491690
AE(3),5,-0.01748155
AE(3),5,0.01213821
AE(3),5,0.07540311
AE(3),5,0.00645698
AE(3),5,0.00644548
AE(3),5,0.02991825
AE(3),5,0.11729365
AE(3),5,-0.02049459
AE(3),5,0.11708289
AE(3),5,-0.01957742
AE(3),5,0.02829372
AE(3),5,0.00750053
AE(3),5,-0.00559815
AE(3),5,0.06281759
AE(3),5,0.22053454
AE(3),5,-0.01147918
AE(3),5,0.03366999
AE(3),5,0.05784152
AE(3),5,-0.06484156
AE(3),5,0.08854817
AE(3),5,0.01515482
AE(3),5,-0.04498841
AE(3),5,0.07646707
AE(3),5,0.00272369
AE(3),5,0.02900111
AE(3),5,-0.00403777
AE(3),5,0.01677709
AE(3),5,0.12182229
AE(3),5,0.13108465
AE(3),5,-0.02433539
AE(3),5,0.03035312
AE(3),5,-0.00249113
AE(3),5,-0.01190300
AE(3),5,0.10869803
AE(3),5,0.08934079
AE(3),5,0.27218048
AE(3),5,0.27330800
AE(3),5,0.01902391
AE(3),5,0.06225117
AE(3),5,0.06520981
AE(3),5,0.04529715
AE(3),5,0.05115609
AE(3),5,-0.05352715
AE(3),5,-0.07672355
AE(3),5,-0.00115193
AE(3),5,-0.02400684
AE(3),5,0.08137488
AE(3),5,0.00396823
AE(3),5,0.18482936
AE(3),5,0.08059282
AE(3),5,0.06334758
AE(3),5,0.02490715
AE(3),5,0.03800030
AE(3),5,0.07231605
AE(3),5,0.00440712
AE(3),5,-0.02060655
AE(3),5,0.02855730
AE(3),5,0.00353130
AE(3),5,-0.02513472
AE(3),5,-0.00810121
AE(3),5,0.08693619
AE(3),5,-0.05780723
AE(3),5,0.06059517
AE(3),5,0.06698540
AE(3),5,0.00366653
AE(3),5,0.05453821
AE(3),5,0.05410979
AE(3),5,0.12612118
AE(3),5,0.06905831
AE(3),5,0.02059590
AE(3),5,0.09687610
AE(3),5,-0.03638970
AE(3),5,-0.00360688
AE(3),5,-0.03851906
AE(3),5,-0.01348329
AE(3),5,-0.01744348
AE(3),5,0.22579502
AE(3),5,-0.01003873
AE(3),5,0.00306667
AE(3),5,0.09038078
AE(3),5,-0.00885162
AE(3),5,-0.01339678
AE(3),5,-0.00493187
AE(3),5,0.11198495
AE(3),5,0.08165261
AE(3),5,0.02338468
AE(3),5,0.04754895
AE(3),5,0.01612095
AE(3),5,0.05341793
AE(3),5,0.03957047
AE(3),5,0.09366521
AE(3),5,0.02503404
AE(3),5,0.01129180
AE(3),5,0.02671301
AE(3),5,0.04317665
AE(3),5,0.13273650
AE(3),5,-0.03234808
AE(3),5,0.03507514
AE(3),5,0.02212823
AE(3),5,0.06136880
AE(3),5,0.00464322
AE(3),5,-0.01020961
AE(3),5,0.01714753
AE(3),5,-0.01152343
AE(3),5,-0.00161186
AE(3),5,-0.05336922
AE(3),5,-0.04908832
AE(3),5,-0.00819481
AE(3),5,0.03570204
AE(3),5,0.00597981
AE(3),5,0.04254394
AE(3),5,0.03625036
AE(3),5,-0.01364674
AE(3),5,0.10871721
AE(3),5,0.03291447
AE(3),5,-0.01468058
AE(3),5,0.02272371
AE(3),5,0.01970721
AE(3),5,0.00822828
AE(3),5,0.01045794
AE(3),5,0.03598528
AE(3),5,0.00492071
AE(3),5,0.09231324
AE(3),5,-0.01550558
AE(3),5,0.00153471
AE(3),5,-0.00938793
AE(3),5,0.06367832
AE(3),5,-0.04302475
AE(3),5,-0.08792029
AE(3),5,-0.03987190
AE(3),5,0.04665125
AE(3),5,-0.00883742
AE(3),5,0.06397308
AE(3),5,0.04003821
AE(3),5,0.00108266
AE(3),5,0.15858826
AE(3),5,-0.00336166
AE(3),5,0.01154230
AE(3),5,0.01989077
AE(3),5,0.00572670
AE(3),5,0.04356797
AE(3),5,0.03479876
AE(3),5,-0.05706076
AE(3),5,0.20358065
AE(3),5,0.01596753
AE(3),5,0.03423919
AE(3),5,-0.01390199
AE(3),5,0.00989037
AE(3),5,0.05673721
AE(3),5,-0.01253344
AE(3),5,0.01585950
AE(3),5,0.08868977
AE(3),5,-0.02494267
AE(3),5,-0.03229795
AE(3),5,-0.00600232
AE(3),5,-0.12216335
AE(3),5,-0.01455090
AE(3),5,-0.08007091
AE(3),5,0.01357236
AE(3),5,0.02254987
AE(3),5,0.03374102
AE(3),5,0.06523200
AE(3),5,-0.03344892
AE(3),5,0.02808803
AE(3),5,0.00199170
AE(3),5,0.14607087
AE(3),5,0.00262809
AE(3),5,-0.01812597
AE(3),5,0.04642055
AE(3),5,-0.00821106
AE(3),5,-0.00500384
AE(3),5,0.04469985
AE(3),5,0.02435806
AE(3),5,-0.00921505
AE(3),5,0.01611036
AE(3),5,0.07007756
AE(3),5,0.01674064
AE(3),5,-0.00392903
AE(3),5,0.04588952
AE(3),5,0.02819801
AE(3),5,0.10071640
AE(3),5,0.08130812
AE(3),5,-0.02315379
AE(3),5,0.01956156
AE(3),5,0.01948003
AE(3),5,0.02776983
AE(3),5,0.08878148
AE(3),5,0.16346021
AE(3),5,0.13848485
AE(3),5,0.02798924
AE(3),5,-0.06395358
AE(3),5,0.05816784
AE(3),5,0.09193035
AE(3),5,0.01571881
AE(3),5,0.00072628
AE(3),5,-0.03274766
AE(3),5,0.02351795
AE(3),5,-0.01556598
AE(3),5,0.02112203
AE(3),5,0.03612193
AE(3),5,0.03469367
AE(3),5,-0.01254045
AE(3),5,-0.04922547
AE(3),5,0.03002376
AE(3),5,-0.00107724
AE(3),5,0.00839443
AE(3),5,0.25749924
AE(3),5,0.01486239
AE(3),5,-0.00242356
AE(3),5,0.07235411
AE(3),5,0.05394566
AE(3),5,-0.01524240
AE(3),5,0.02104550
AE(3),5,0.00444174
AE(3),5,0.02229597
AE(3),5,0.00689787
AE(3),5,-0.02335657
AE(3),5,0.02063332
AE(3),5,0.03373426
AE(3),5,-0.02686031
AE(3),5,0.01836660
AE(3),5,0.04196957
AE(3),5,-0.01648294
AE(3),5,0.01668191
AE(3),5,0.03189593
AE(3),5,0.20552108
AE(3),5,-0.02730143
AE(3),5,0.03942034
AE(3),5,0.06851983
AE(3),5,0.01885578
AE(3),5,0.04910091
AE(3),5,0.00837071
AE(3),5,0.07525238
AE(3),5,0.06458303
AE(3),5,0.12681781
AE(3),5,0.02666623
AE(3),5,-0.00845990
AE(3),5,-0.01807167
AE(3),5,0.03112274
AE(3),5,0.01537493
AE(3),5,0.06470100
AE(3),5,-0.04382392
AE(3),5,0.01310117
AE(3),5,-0.02427492
AE(3),5,0.01598338
AE(3),5,-0.03645343
AE(3),5,0.00501572
AE(3),5,0.02007057
AE(3),5,0.11745330
AE(3),5,0.00463677
AE(3),5,-0.02246667
AE(3),5,0.11833018
AE(3),5,-0.02131924
AE(3),5,0.02684981
AE(3),5,-0.02092251
AE(3),5,0.04200761
AE(3),5,-0.03593779
AE(3),5,-0.01593111
AE(3),5,-0.02223394
AE(3),5,0.01573498
AE(3),5,-0.01669360
AE(3),5,-0.01031626
AE(3),5,-0.09586960
AE(3),5,-0.02400935
AE(3),5,-0.00367521
AE(3),5,0.02209430
AE(3),5,0.05208795
AE(3),5,0.16794986
AE(3),5,-0.00845986
AE(3),5,0.05594426
AE(3),5,-0.03280028
AE(3),5,-0.00778010
AE(3),5,-0.05956499
AE(3),5,-0.01095159
AE(3),5,-0.02923967
AE(3),5,-0.05721825
AE(3),5,-0.01468100
AE(3),5,-0.01203100
AE(3),5,-0.03833135
AE(3),5,0.06309956
AE(3),5,-0.00028749
AE(3),5,-0.00238890
AE(3),5,-0.03633769
AE(3),5,0.00378210
AE(3),5,-0.01359345
AE(3),5,-0.00547969
AE(3),5,0.03015108
AE(3),5,-0.00436380
AE(3),5,-0.03171640
AE(3),5,0.00520470
AE(3),6,0.02808484
AE(3),6,0.04706600
AE(3),6,0.12265015
AE(3),6,0.02335468
AE(3),6,0.00826228
AE(3),6,-0.01313188
AE(3),6,0.04307084
AE(3),6,0.09811757
AE(3),6,0.05182390
AE(3),6,0.01815988
AE(3),6,-0.00269770
AE(3),6,0.04195054
AE(3),6,0.02594139
AE(3),6,0.00775710
AE(3),6,-0.00373799
AE(3),6,0.03074202
AE(3),6,0.01044447
AE(3),6,-0.05776076
AE(3),6,-0.00375689
AE(3),6,0.02912769
AE(3),6,0.05330808
AE(3),6,0.00552317
AE(3),6,0.03746298
AE(3),6,-0.00458163
AE(3),6,0.07205471
AE(3),6,0.05106991
AE(3),6,0.00302963
AE(3),6,0.08049660
AE(3),6,-0.02968346
AE(3),6,0.07225634
AE(3),6,0.06892665
AE(3),6,-0.01854245
AE(3),6,0.17641418
AE(3),6,-0.03182044
AE(3),6,-0.01487296
AE(3),6,-0.01715208
AE(3),6,0.15540177
AE(3),6,0.02290656
AE(3),6,0.01563187
AE(3),6,-0.03300886
AE(3),6,0.02396470
AE(3),6,0.15158511
AE(3),6,0.22006417
AE(3),6,0.08084900
AE(3),6,-0.01707851
AE(3),6,0.02520759
AE(3),6,-0.00894101
AE(3),6,0.09598987
AE(3),6,0.05715781
AE(3),6,-0.02983591
AE(3),6,-0.01970553
AE(3),6,-0.00470479
AE(3),6,-0.00730725
AE(3),6,0.05848292
AE(3),6,0.07446522
AE(3),6,0.00142711
AE(3),6,-0.01154201
AE(3),6,-0.00145480
AE(3),6,0.09444335
AE(3),6,-0.01217354
AE(3),6,0.04431129
AE(3),6,0.03125543
AE(3),6,0.00447883
AE(3),6,0.00899434
AE(3),6,0.01079763
AE(3),6,0.02035634
AE(3),6,0.04304555
AE(3),6,-0.03848258
AE(3),6,0.02765945
AE(3),6,0.10799683
AE(3),6,0.10728901
AE(3),6,0.03531300
AE(3),6,0.10143404
AE(3),6,-0.03804721
AE(3),6,0.02499766
AE(3),6,0.03076217
AE(3),6,0.12881217
AE(3),6,0.03168441
AE(3),6,0.04610780
AE(3),6,-0.00214663
AE(3),6,0.02223772
AE(3),6,0.04946586
AE(3),6,0.00113627
AE(3),6,0.12844953
AE(3),6,0.02825533
AE(3),6,0.02618612
AE(3),6,-0.01546478
AE(3),6,0.01470136
AE(3),6,-0.03266179
AE(3),6,0.02003184
AE(3),6,0.05493714
AE(3),6,0.09196782
AE(3),6,0.04835522
AE(3),6,0.15734374
AE(3),6,0.00645431
AE(3),6,0.06201023
AE(3),6,0.08586074
AE(3),6,0.06654119
AE(3),6,-0.01985885
AE(3),6,0.05591038
AE(3),6,0.01050666
AE(3),6,0.03674400
AE(3),6,0.06318611
AE(3),6,-0.03958131
AE(3),6,-0.06175981
AE(3),6,0.04693963
AE(3),6,0.00376995
AE(3),6,0.05854156
AE(3),6,0.07105332
AE(3),6,0.03738767
AE(3),6,0.09600375
AE(3),6,0.08804661
AE(3),6,-0.01060138
AE(3),6,0.04074484
AE(3),6,0.01084560
AE(3),6,0.10675845
AE(3),6,0.00352384
AE(3),6,0.02087654
AE(3),6,0.03780250
AE(3),6,0.06408918
AE(3),6,0.03765968
AE(3),6,0.04959461
AE(3),6,0.01395176
AE(3),6,-0.02153682
AE(3),6,0.02713356
AE(3),6,0.05301264
AE(3),6,0.06560184
AE(3),6,-0.00049438
AE(3),6,0.05554117
AE(3),6,-0.02000017
AE(3),6,0.01922331
AE(3),6,0.05939366
AE(3),6,0.06247690
AE(3),6,0.04255284
AE(3),6,0.00181602
AE(3),6,-0.01228256
AE(3),6,0.07663784
AE(3),6,0.01933366
AE(3),6,0.02696823
AE(3),6,0.16282282
AE(3),6,-0.00796191
AE(3),6,0.04090854
AE(3),6,0.03187543
AE(3),6,-0.06309821
AE(3),6,0.02009027
AE(3),6,0.04135740
AE(3),6,0.16437672
AE(3),6,0.12968122
AE(3),6,0.05428985
AE(3),6,0.05474998
AE(3),6,0.00000014
AE(3),6,0.10848291
AE(3),6,0.04427282
AE(3),6,0.01657511
AE(3),6,0.08285068
AE(3),6,0.12519106
AE(3),6,0.01747970
AE(3),6,-0.04226743
AE(3),6,0.10064201
AE(3),6,0.06644272
AE(3),6,0.04391120
AE(3),6,-0.02137562
AE(3),6,-0.04359510
AE(3),6,0.01029698
AE(3),6,0.05758470
AE(3),6,0.08948314
AE(3),6,0.16992410
AE(3),6,0.03865100
AE(3),6,0.03067460
AE(3),6,0.03338302
AE(3),6,0.03552315
AE(3),6,0.05668632
AE(3),6,0.03818930
AE(3),6,0.04604886
AE(3),6,0.04437036
AE(3),6,-0.05733458
AE(3),6,0.01201285
AE(3),6,0.01909185
AE(3),6,0.03577839
AE(3),6,0.00498726
AE(3),6,0.10437978
AE(3),6,0.00040885
AE(3),6,0.02937741
AE(3),6,-0.00782190
AE(3),6,-0.02839115
AE(3),6,-0.01905954
AE(3),6,-0.00682344
AE(3),6,0.05982330
AE(3),6,0.00396085
AE(3),6,0.05574361
AE(3),6,0.05828375
AE(3),6,-0.02167693
AE(3),6,0.00036227
AE(3),6,0.00362070
AE(3),6,0.00023215
AE(3),6,0.03554750
AE(3),6,0.08053739
AE(3),6,0.00487086
AE(3),6,-0.01041136
AE(3),6,0.04246249
AE(3),6,0.03819957
AE(3),6,0.10325409
AE(3),6,0.06158841
AE(3),6,0.00347427
AE(3),6,0.03145442
AE(3),6,0.05466882
AE(3),6,0.09326460
AE(3),6,0.06880901
AE(3),6,0.05278965
AE(3),6,0.03386412
AE(3),6,0.07568707
AE(3),6,0.03401902
AE(3),6,-0.05403571
AE(3),6,0.08543591
AE(3),6,0.03204984
AE(3),6,0.02270005
AE(3),6,0.01086453
AE(3),6,0.01535061
AE(3),6,0.13386397
AE(3),6,-0.02507611
AE(3),6,-0.00436406
AE(3),6,0.02345309
AE(3),6,0.07044112
AE(3),6,0.03362258
AE(3),6,0.03787109
AE(3),6,0.13767100
AE(3),6,0.05566628
AE(3),6,0.02747123
AE(3),6,0.03247243
AE(3),6,0.02059214
AE(3),6,0.11868039
AE(3),6,0.04385798
AE(3),6,0.07894991
AE(3),6,0.01009310
AE(3),6,0.04650486
AE(3),6,0.03131462
AE(3),6,0.00607491
AE(3),6,0.12245130
AE(3),6,0.06626412
AE(3),6,0.02399034
AE(3),6,0.00013173
AE(3),6,0.03438231
AE(3),6,0.03704455
AE(3),6,0.04745800
AE(3),6,0.09022849
AE(3),6,-0.00106455
AE(3),6,0.03523721
AE(3),6,0.14865388
AE(3),6,0.05285861
AE(3),6,0.06330625
AE(3),6,0.06486699
AE(3),6,0.02043466
AE(3),6,0.00475353
AE(3),6,0.07318709
AE(3),6,0.00134200
AE(3),6,0.02447361
AE(3),6,0.02456061
AE(3),6,0.03738724
AE(3),6,0.07144515
AE(3),6,0.07832359
AE(3),6,0.14365151
AE(3),6,0.06210560
AE(3),6,0.02994419
AE(3),6,0.10578929
AE(3),6,0.09631901
AE(3),6,0.09431771
AE(3),6,-0.03782760
AE(3),6,0.08704715
AE(3),6,0.03698749
AE(3),6,-0.01007486
AE(3),6,0.07738322
AE(3),6,0.04361314
AE(3),6,0.02528517
AE(3),6,-0.05950878
AE(3),6,-0.00278531
AE(3),6,0.16345147
AE(3),6,0.09013817
AE(3),6,0.11035542
AE(3),6,-0.00087072
AE(3),6,0.01384504
AE(3),6,0.01340493
AE(3),6,0.01650092
AE(3),6,-0.00982405
AE(3),6,0.03412883
AE(3),6,0.03826095
AE(3),6,0.07207943
AE(3),6,0.09011442
AE(3),6,0.00406316
AE(3),6,0.06258969
AE(3),6,0.02202936
AE(3),6,0.13139041
AE(3),6,0.05875384
AE(3),6,0.06128421
AE(3),6,0.01296997
AE(3),6,0.03915394
AE(3),6,0.03093875
AE(3),6,-0.02592250
AE(3),6,0.06313928
AE(3),6,0.03906974
AE(3),6,-0.00413466
AE(3),6,0.06777924
AE(3),6,0.04847032
AE(3),6,0.03635817
AE(3),6,0.08990923
AE(3),6,-0.00316314
AE(3),6,0.04850386
AE(3),6,0.03114376
AE(3),6,0.05016120
AE(3),6,0.01067250
AE(3),6,0.03147901
AE(3),6,0.10575132
AE(3),6,0.02918028
AE(3),6,0.02163398
AE(5),1,0.04026368
AE(5),1,0.09065579
AE(5),1,0.08272317
AE(5),1,0.04652253
AE(5),1,-0.01123103
AE(5),1,0.05589528
AE(5),1,0.11115846
AE(5),1,0.04325850
AE(5),1,0.08698535
AE(5),1,0.04119280
AE(5),1,0.05194136
AE(5),1,0.04766796
AE(5),1,0.06390039
AE(5),1,0.02619451
AE(5),1,0.05534343
AE(5),1,0.09214263
AE(5),1,0.01130770
AE(5),1,0.01026273
AE(5),1,0.01113919
AE(5),1,0.07282266
AE(5),1,0.01356556
AE(5),1,0.01489030
AE(5),1,0.01037519
AE(5),1,0.06976908
AE(5),1,0.10082944
AE(5),1,0.07442908
AE(5),1,0.08258294
AE(5),1,0.01446039
AE(5),1,0.12869982
AE(5),1,0.02635964
AE(5),1,0.08203214
AE(5),1,0.09851496
AE(5),1,0.00097068
AE(5),1,0.08023893
AE(5),1,0.02282935
AE(5),1,0.09779163
AE(5),1,0.06354018
AE(5),1,0.03258428
AE(5),1,0.06894260
AE(5),1,0.02166631
AE(5),1,0.00958288
AE(5),1,-0.00324062
AE(5),1,0.03607647
AE(5),1,0.16974065
AE(5),1,0.05012294
AE(5),1,0.00065415
AE(5),1,0.00846502
AE(5),1,0.06529557
AE(5),1,0.03539086
AE(5),1,0.06597184
AE(5),1,-0.01134569
AE(5),1,0.13547316
AE(5),1,-0.00916842
AE(5),1,0.07563841
AE(5),1,0.15630891
AE(5),1,0.05850452
AE(5),1,0.04843097
AE(5),1,0.12188121
AE(5),1,-0.01186045
AE(5),1,0.05949872
AE(5),1,0.03007122
AE(5),1,0.05177134
AE(5),1,0.01492960
AE(5),1,0.01710697
AE(5),1,0.06208286
AE(5),1,0.06334283
AE(5),1,0.05802977
AE(5),1,0.08244625
AE(5),1,0.03281473
AE(5),1,0.12855130
AE(5),1,0.00882136
AE(5),1,0.12253541
AE(5),1,0.05451870
AE(5),1,0.05003246
AE(5),1,0.06919407
AE(5),1,0.05730047
AE(5),1,0.12662496
AE(5),1,0.07623152
AE(5),1,0.06815092
AE(5),1,-0.01284999
AE(5),1,0.06481552
AE(5),1,0.01284050
AE(5),1,0.04837807
AE(5),1,0.00799619
AE(5),1,0.04710510
AE(5),1,-0.00697857
AE(5),1,0.13838181
AE(5),1,-0.00170158
AE(5),1,0.00692238
AE(5),1,0.03551432
AE(5),1,0.03352344
AE(5),1,0.07650066
AE(5),1,0.12425721
AE(5),1,0.03494172
AE(5),1,0.01162097
AE(5),1,0.04358598
AE(5),1,-0.00850894
AE(5),1,0.00881063
AE(5),1,0.02002946
AE(5),1,0.02710729
AE(5),1,-0.01861309
AE(5),1,0.05033434
AE(5),1,0.07556949
AE(5),1,0.06989287
AE(5),1,0.03217397
AE(5),1,0.01457122
AE(5),1,0.04253225
AE(5),1,0.12594598
AE(5),1,0.07873559
AE(5),1,0.02534838
AE(5),1,0.15134659
AE(5),1,0.09933505
AE(5),1,0.05063131
AE(5),1,0.06525170
AE(5),1,-0.00911995
AE(5),1,0.02804633
AE(5),1,0.00310034
AE(5),1,0.11472322
AE(5),1,0.01228824
AE(5),1,-0.00843625
AE(5),1,0.03448886
AE(5),1,0.09973449
AE(5),1,0.05188667
AE(5),1,-0.00362812
AE(5),1,0.00974993
AE(5),1,-0.00035475
AE(5),1,0.05222314
AE(5),1,0.02058023
AE(5),1,0.07309129
AE(5),1,-0.00767988
AE(5),1,0.12946920
AE(5),1,0.04607812
AE(5),1,0.04896378
AE(5),1,0.01969692
AE(5),1,0.08749197
AE(5),1,0.04729865
AE(5),1,0.04619452
AE(5),1,-0.07893096
AE(5),1,0.00472307
AE(5),1,0.04566533
AE(5),1,0.08450622
AE(5),1,0.02421609
AE(5),1,0.01358307
AE(5),1,0.08585482
AE(5),1,0.10267327
AE(5),1,0.13592750
AE(5),1,0.02916463
AE(5),1,-0.03543319
AE(5),1,0.05584800
AE(5),1,0.00533857
AE(5),1,0.07555385
AE(5),1,0.04660064
AE(5),1,-0.01808365
AE(5),1,0.00183386
AE(5),1,0.01327660
AE(5),1,0.01851500
AE(5),1,0.06457434
AE(5),1,-0.00844371
AE(5),1,0.13758808
AE(5),1,0.00295418
AE(5),1,0.08600969
AE(5),1,-0.02078853
AE(5),1,0.05125987
AE(5),1,0.10881861
AE(5),1,0.22189879
AE(5),1,0.11470282
AE(5),1,0.10921899
AE(5),1,0.03126379
AE(5),1,0.05993350
AE(5),1,0.06664568
AE(5),1,-0.00804144
AE(5),1,-0.02486555
AE(5),1,0.01541270
AE(5),1,0.06508963
AE(5),1,0.08147525
AE(5),1,0.04875594
AE(5),1,0.05858162
AE(5),1,0.02345641
AE(5),1,0.03827515
AE(5),1,0.04564704
AE(5),1,0.01000826
AE(5),1,0.04550567
AE(5),1,0.09082095
AE(5),1,-0.02017106
AE(5),1,0.01770334
AE(5),1,0.03073561
AE(5),1,-0.00453702
AE(5),1,0.16458146
AE(5),1,0.03439701
AE(5),1,0.09577696
AE(5),1,-0.02154852
AE(5),1,-0.01567175
AE(5),1,0.04705770
AE(5),1,0.03634088
AE(5),1,0.04274411
AE(5),1,-0.01241954
AE(5),1,0.00500944
AE(5),1,0.04985332
AE(5),1,0.03938985
AE(5),1,0.04437870
AE(5),1,0.03603813
AE(5),1,-0.00785371
AE(5),1,0.06569278
AE(5),1,0.05066148
AE(5),1,-0.00112699
AE(5),1,0.00878077
AE(5),1,0.01246420
AE(5),1,0.03105497
AE(5),1,0.11184441
AE(5),1,0.07766078
AE(5),1,0.02927217
AE(5),1,0.00590726
AE(5),1,-0.03036680
AE(5),1,0.03514818
AE(5),1,0.04620492
AE(5),1,-0.02528101
AE(5),1,0.00796122
AE(5),1,0.04479460
AE(5),1,0.02512376
AE(5),1,0.14331951
AE(5),1,0.05534011
AE(5),1,0.06956766
AE(5),1,-0.04896681
AE(5),1,0.09343577
AE(5),1,0.02035560
AE(5),1,-0.02373164
AE(5),1,-0.00514160
AE(5),1,-0.00877468
AE(5),1,0.06270695
AE(5),1,0.02430943
AE(5),1,0.00114212
AE(5),1,0.07542801
AE(5),1,-0.00601849
AE(5),1,-0.02042054
AE(5),1,0.04902743
AE(5),1,0.03551631
AE(5),1,-0.02883723
AE(5),1,0.03102925
AE(5),1,0.03599046
AE(5),1,0.05639373
AE(5),1,0.06589143
AE(5),1,-0.01882632
AE(5),1,0.11512130
AE(5),1,-0.01021041
AE(5),1,0.02029229
AE(5),1,0.11351861
AE(5),1,0.09875192
AE(5),1,-0.01975948
AE(5),1,0.02608123
AE(5),1,0.04137154
AE(5),1,-0.03659243
AE(5),1,0.04228089
AE(5),1,-0.02170487
AE(5),1,0.03957562
AE(5),1,-0.01410140
AE(5),1,0.01524927
AE(5),1,0.02576313
AE(5),1,0.05583655
AE(5),1,-0.02128095
AE(5),1,0.07854416
AE(5),1,0.10052203
AE(5),1,0.07932508
AE(5),1,0.02429951
AE(5),1,0.11218576
AE(5),1,0.01827480
AE(5),1,0.07842934
AE(5),1,-0.02310221
AE(5),1,0.01187131
AE(5),1,0.07457951
AE(5),1,0.02064019
AE(5),1,-0.00846171
AE(5),1,0.01947188
AE(5),1,0.16330173
AE(5),1,0.03309095
AE(5),1,0.07108835
AE(5),1,0.04683465
AE(5),1,0.00849904
AE(5),1,0.06905834
AE(5),1,0.00463153
AE(5),1,0.03363077
AE(5),1,0.09886182
AE(5),1,0.04109380
AE(5),1,0.00882908
AE(5),1,0.03052076
AE(5),1,0.01491945
AE(5),1,0.00101894
AE(5),1,0.08781409
AE(5),1,0.05625716
AE(5),1,0.04903986
AE(5),1,-0.00285112
AE(5),1,0.04239100
AE(5),1,0.02966250
AE(5),1,0.02997565
AE(5),1,0.10854115
AE(5),1,0.02455189
AE(5),1,0.04416512
AE(5),1,0.02258937
AE(5),1,0.06280608
AE(5),1,0.05876122
AE(5),1,0.10176697
AE(5),1,0.02786936
AE(5),1,-0.01655267
AE(5),1,0.07108836
AE(5),1,0.02960109
AE(5),1,0.07203754
AE(5),1,0.17268946
AE(5),1,0.13063359
AE(5),1,0.03899596
AE(5),1,0.18994151
AE(5),1,0.06910651
AE(5),1,0.13110960
AE(5),1,0.05100747
AE(5),1,0.06403485
AE(5),1,0.08707509
AE(5),1,0.01362712
AE(5),1,0.03582243
AE(5),1,0.00972633
AE(5),1,0.03160057
AE(5),1,0.05680184
AE(5),1,0.03597033
AE(5),1,0.01070662
AE(5),1,0.03703504
AE(5),2,-0.01232420
AE(5),2,-0.00472354
AE(5),2,-0.01176839
AE(5),2,0.02100151
AE(5),2,0.03620345
AE(5),2,-0.01826982
AE(5),2,0.04781850
AE(5),2,-0.02472172
AE(5),2,-0.01077320
AE(5),2,-0.00140403
AE(5),2,0.00015564
AE(5),2,0.11802121
AE(5),2,-0.00793342
AE(5),2,-0.02029914
AE(5),2,0.01639619
AE(5),2,0.00110319
AE(5),2,0.04128861
AE(5),2,0.00184984
AE(5),2,0.01562096
AE(5),2,0.00898708
AE(5),2,-0.01819478
AE(5),2,0.00398358
AE(5),2,0.01083286
AE(5),2,0.03322943
AE(5),2,0.02329234
AE(5),2,-0.01156490
AE(5),2,-0.01843989
AE(5),2,0.00635742
AE(5),2,-0.01005788
AE(5),2,0.01935364
AE(5),2,0.05214701
AE(5),2,0.06422772
AE(5),2,-0.04931909
AE(5),2,0.00154048
AE(5),2,0.06413589
AE(5),2,0.00310005
AE(5),2,0.00866695
AE(5),2,0.04966258
AE(5),2,0.01784994
AE(5),2,-0.03904989
AE(5),2,0.10302633
AE(5),2,-0.00520082
AE(5),2,-0.00292478
AE(5),2,-0.02329929
AE(5),2,0.03929702
AE(5),2,0.07223556
AE(5),2,-0.01470268
AE(5),2,-0.00560453
AE(5),2,-0.01820693
AE(5),2,0.05907539
AE(5),2,-0.03274078
AE(5),2,0.03610561
AE(5),2,-0.01725162
AE(5),2,0.01172459
AE(5),2,-0.06564104
AE(5),2,-0.02591620
AE(5),2,-0.00776491
AE(5),2,0.01912920
AE(5),2,-0.02439526
AE(5),2,0.02776635
AE(5),2,0.03049837
AE(5),2,0.07558459
AE(5),2,0.09732696
AE(5),2,-0.00970471
AE(5),2,0.01013246
AE(5),2,0.07249020
AE(5),2,-0.01699466
AE(5),2,0.08424736
AE(5),2,0.03202471
AE(5),2,-0.05282758
AE(5),2,0.07297613
AE(5),2,-0.00246591
AE(5),2,0.05827087
AE(5),2,0.01384028
AE(5),2,0.07805510
AE(5),2,0.01848850
AE(5),2,0.05735221
AE(5),2,0.00499222
AE(5),2,0.02609826
AE(5),2,0.05181850
AE(5),2,0.02168855
AE(5),2,-0.01177546
AE(5),2,0.02446061
AE(5),2,-0.01818649
AE(5),2,-0.00123440
AE(5),2,0.02787981
AE(5),2,-0.00317630
AE(5),2,-0.01421119
AE(5),2,0.01918622
AE(5),2,-0.02424636
AE(5),2,-0.00785261
AE(5),2,0.00420425
AE(5),2,-0.01126008
AE(5),2,-0.00316885
AE(5),2,0.02953351
AE(5),2,-0.01596017
AE(5),2,0.04266756
AE(5),2,-0.01796509
AE(5),2,0.07444627
AE(5),2,0.02800191
AE(5),2,0.02839333
AE(5),2,-0.01156266
AE(5),2,-0.03248499
AE(5),2,0.03070314
AE(5),2,0.09469162
AE(5),2,0.01761662
AE(5),2,0.08959350
AE(5),2,-0.00766185
AE(5),2,-0.02077354
AE(5),2,0.00306327
AE(5),2,-0.02295066
AE(5),2,0.00076684
AE(5),2,0.01792130
AE(5),2,-0.01369243
AE(5),2,0.02042980
AE(5),2,0.01009689
AE(5),2,-0.02118324
AE(5),2,0.08290255
AE(5),2,-0.06993786
AE(5),2,-0.01699249
AE(5),2,-0.00389038
AE(5),2,0.02578340
AE(5),2,0.00154550
AE(5),2,-0.00353602
AE(5),2,0.03714515
AE(5),2,-0.01204822
AE(5),2,-0.01367658
AE(5),2,0.09050669
AE(5),2,0.00163559
AE(5),2,0.00304890
AE(5),2,0.00231743
AE(5),2,-0.01123437
AE(5),2,0.03838358
AE(5),2,-0.05185793
AE(5),2,0.00354710
AE(5),2,0.11091912
AE(5),2,-0.01096254
AE(5),2,0.01443538
AE(5),2,-0.02705241
AE(5),2,-0.00327235
AE(5),2,-0.00250437
AE(5),2,-0.00765694
AE(5),2,0.06968863
AE(5),2,0.00426174
AE(5),2,-0.00736136
AE(5),2,0.00781293
AE(5),2,-0.00240076
AE(5),2,-0.00042912
AE(5),2,0.03778681
AE(5),2,0.08704023
AE(5),2,0.02673940
AE(5),2,0.07470188
AE(5),2,-0.00592340
AE(5),2,0.03588156
AE(5),2,-0.02072214
AE(5),2,-0.00666859
AE(5),2,-0.00158739
AE(5),2,0.07811092
AE(5),2,0.03628010
AE(5),2,0.01219176
AE(5),2,0.05806434
AE(5),2,-0.02346710
AE(5),2,-0.01446900
AE(5),2,0.01890888
AE(5),2,0.02432181
AE(5),2,0.01667504
AE(5),2,-0.01131638
AE(5),2,0.01091393
AE(5),2,0.03278132
AE(5),2,0.01799236
AE(5),2,0.00390626
AE(5),2,0.00074422
AE(5),2,0.00710211
AE(5),2,0.06504023
AE(5),2,-0.00201282
AE(5),2,-0.01028451
AE(5),2,0.03724786
AE(5),2,0.03672495
AE(5),2,0.01139583
AE(5),2,-0.00923321
AE(5),2,0.03408783
AE(5),2,-0.04073211
AE(5),2,0.06316382
AE(5),2,-0.00480037
AE(5),2,0.17907969
AE(5),2,0.01183431
AE(5),2,0.03463092
AE(5),2,-0.01854140
AE(5),2,0.05101502
AE(5),2,-0.02319060
AE(5),2,0.01614575
AE(5),2,0.05978155
AE(5),2,-0.01286145
AE(5),2,-0.01262252
AE(5),2,0.05978808
AE(5),2,0.04370731
AE(5),2,-0.00784947
AE(5),2,-0.01349013
AE(5),2,-0.01671406
AE(5),2,0.06640124
AE(5),2,0.09998760
AE(5),2,-0.00421132
AE(5),2,-0.02086676
AE(5),2,0.06435982
AE(5),2,-0.00724032
AE(5),2,0.03357241
AE(5),2,-0.01850987
AE(5),2,-0.00356404
AE(5),2,-0.00269711
AE(5),2,-0.03584345
AE(5),2,0.00866662
AE(5),2,0.04457039
AE(5),2,0.02041340
AE(5),2,-0.01277994
AE(5),2,-0.03262994
AE(5),2,-0.01835112
AE(5),2,-0.00550647
AE(5),2,0.03729410
AE(5),2,-0.00988479
AE(5),2,-0.06598965
AE(5),2,-0.01769476
AE(5),2,-0.00632488
AE(5),2,0.02957230
AE(5),2,-0.01881234
AE(5),2,-0.02203265
AE(5),2,0.04310367
AE(5),2,0.01915331
AE(5),2,0.03778704
AE(5),2,-0.00826873
AE(5),2,0.01879881
AE(5),2,0.02229128
AE(5),2,-0.00372023
AE(5),2,0.09290727
AE(5),2,-0.01382948
AE(5),2,-0.04663874
AE(5),2,0.02258294
AE(5),2,-0.00880062
AE(5),2,0.16582844
AE(5),2,0.05396573
AE(5),2,0.02513673
AE(5),2,0.06523553
AE(5),2,0.01131899
AE(5),2,-0.03065143
AE(5),2,-0.01045026
AE(5),2,0.06195070
AE(5),2,0.01978642
AE(5),2,0.08798676
AE(5),2,-0.00346479
AE(5),2,-0.01485747
AE(5),2,0.01553002
AE(5),2,0.04988594
AE(5),2,0.00566286
AE(5),2,-0.02522289
AE(5),2,0.01810083
AE(5),2,-0.02550283
AE(5),2,-0.02550129
AE(5),2,-0.03978611
AE(5),2,0.10956733
AE(5),2,0.05665771
AE(5),2,0.00781841
AE(5),2,0.09327796
AE(5),2,-0.02565557
AE(5),2,-0.04421503
AE(5),2,-0.00335349
AE(5),2,-0.01679439
AE(5),2,-0.03894199
AE(5),2,-0.02513072
AE(5),2,-0.00586104
AE(5),2,-0.01304585
AE(5),2,0.00103220
AE(5),2,0.02091893
AE(5),2,0.01206806
AE(5),2,0.03336389
AE(5),2,0.07596166
AE(5),2,0.01721609
AE(5),2,-0.02356054
AE(5),2,-0.01433812
AE(5),2,-0.00676895
AE(5),2,-0.00078929
AE(5),2,-0.01076856
AE(5),2,-0.03571311
AE(5),2,0.11528844
AE(5),2,0.09944805
AE(5),2,0.06644952
AE(5),2,-0.01494818
AE(5),2,0.08105758
AE(5),2,-0.00412742
AE(5),2,0.01106208
AE(5),2,0.02435303
AE(5),2,0.07698458
AE(5),2,0.04573297
AE(5),2,0.05081072
AE(5),2,0.16107236
AE(5),2,0.00566832
AE(5),2,-0.01328574
AE(5),2,0.00881756
AE(5),2,0.00148616
AE(5),2,0.01193863
AE(5),2,0.02770175
AE(5),2,0.10483289
AE(5),2,0.14500349
AE(5),2,0.03750457
AE(5),2,0.04518997
AE(5),2,0.10687773
AE(5),2,0.01161112
AE(5),2,0.06343381
AE(5),2,-0.02942315
AE(5),2,0.03196258
AE(5),2,-0.03577612
AE(5),2,-0.00712584
AE(5),2,0.05406736
AE(5),2,0.01793385
AE(5),2,0.01691876
AE(5),2,-0.02870671
AE(5),2,0.05322619
AE(5),2,0.02994583
AE(5),2,0.07009586
AE(5),2,0.01747226
AE(5),2,-0.02142142
AE(5),2,0.05903942
AE(5),3,-0.00258094
AE(5),3,-0.03454384
AE(5),3,-0.03173669
AE(5),3,-0.01714778
AE(5),3,-0.01954969
AE(5),3,0.02405271
AE(5),3,0.03042096
AE(5),3,-0.04376720
AE(5),3,-0.05828771
AE(5),3,0.03230279
AE(5),3,-0.03633568
AE(5),3,-0.05394452
AE(5),3,-0.00390235
AE(5),3,-0.01374330
AE(5),3,-0.02671783
AE(5),3,-0.06680757
AE(5),3,-0.06049980
AE(5),3,0.02827639
AE(5),3,-0.01013444
AE(5),3,-0.04741611
AE(5),3,-0.06976433
AE(5),3,-0.02189450
AE(5),3,-0.00047020
AE(5),3,-0.01557308
AE(5),3,-0.05795600
AE(5),3,-0.04328334
AE(5),3,-0.06683351
AE(5),3,-0.02515625
AE(5),3,-0.00420870
AE(5),3,-0.02728112
AE(5),3,-0.02472524
AE(5),3,-0.01330641
AE(5),3,-0.05198182
AE(5),3,-0.06751352
AE(5),3,0.03372943
AE(5),3,0.02746375
AE(5),3,-0.10478600
AE(5),3,-0.02687944
AE(5),3,-0.02846186
AE(5),3,-0.01433164
AE(5),3,-0.00972134
AE(5),3,-0.05382870
AE(5),3,-0.00635073
AE(5),3,-0.03084760
AE(5),3,-0.02644401
AE(5),3,-0.03069332
AE(5),3,0.00382875
AE(5),3,-0.05738230
AE(5),3,-0.01369673
AE(5),3,-0.01234217
AE(5),3,-0.05437358
AE(5),3,-0.01212727
AE(5),3,0.05565327
AE(5),3,-0.01028092
AE(5),3,-0.00293087
AE(5),3,-0.05038831
AE(5),3,-0.06873086
AE(5),3,0.00322232
AE(5),3,-0.04177492
AE(5),3,-0.04239441
AE(5),3,-0.03821073
AE(5),3,-0.04509424
AE(5),3,-0.03805709
AE(5),3,-0.05469055
AE(5),3,-0.04587291
AE(5),3,-0.02175526
AE(5),3,-0.05156564
AE(5),3,-0.03839619
AE(5),3,-0.05395880
AE(5),3,-0.03221093
AE(5),3,-0.01115085
AE(5),3,-0.04529062
AE(5),3,0.02335275
AE(5),3,-0.02344440
AE(5),3,0.03993323
AE(5),3,-0.01053207
AE(5),3,-0.06431471
AE(5),3,-0.06860392
AE(5),3,-0.02881605
AE(5),3,-0.03955776
AE(5),3,0.00882369
AE(5),3,0.00710638
AE(5),3,-0.04718048
AE(5),3,-0.02421822
AE(5),3,-0.00326548
AE(5),3,0.01108823
AE(5),3,-0.04090414
AE(5),3,-0.00869941
AE(5),3,0.02519691
AE(5),3,-0.01366401
AE(5),3,-0.03704790
AE(5),3,-0.01196563
AE(5),3,-0.04824483
AE(5),3,-0.01772302
AE(5),3,-0.00742661
AE(5),3,-0.07552261
AE(5),3,-0.04981773
AE(5),3,-0.03501654
AE(5),3,0.04655915
AE(5),3,0.01440822
AE(5),3,-0.02272880
AE(5),3,-0.02095773
AE(5),3,-0.05983599
AE(5),3,-0.03971967
AE(5),3,-0.05656194
AE(5),3,-0.08026392
AE(5),3,-0.04107494
AE(5),3,-0.06722608
AE(5),3,-0.03061060
AE(5),3,-0.02441088
AE(5),3,-0.03908715
AE(5),3,-0.03394073
AE(5),3,-0.03775194
AE(5),3,-0.04557847
AE(5),3,-0.02177394
AE(5),3,0.02169267
AE(5),3,-0.01820402
AE(5),3,-0.00419989
AE(5),3,-0.04365919
AE(5),3,-0.01677245
AE(5),3,0.00725758
AE(5),3,-0.04458311
AE(5),3,-0.02138894
AE(5),3,-0.06852779
AE(5),3,-0.02289908
AE(5),3,-0.04260398
AE(5),3,-0.06804911
AE(5),3,-0.04816813
AE(5),3,-0.01121233
AE(5),3,0.00152959
AE(5),3,-0.03682250
AE(5),3,0.02057958
AE(5),3,-0.05532056
AE(5),3,-0.02600002
AE(5),3,-0.01095848
AE(5),3,0.02533323
AE(5),3,-0.02479778
AE(5),3,-0.02049092
AE(5),3,-0.02006469
AE(5),3,-0.04065404
AE(5),3,-0.02359563
AE(5),3,-0.04831200
AE(5),3,-0.02337029
AE(5),3,0.00369820
AE(5),3,-0.02992741
AE(5),3,-0.06489036
AE(5),3,-0.07802402
AE(5),3,-0.05880206
AE(5),3,0.00967510
AE(5),3,-0.03015349
AE(5),3,-0.02083824
AE(5),3,-0.04985314
AE(5),3,-0.04510578
AE(5),3,-0.01391168
AE(5),3,-0.00828419
AE(5),3,0.02055433
AE(5),3,-0.03088045
AE(5),3,-0.05354837
AE(5),3,-0.00413736
AE(5),3,-0.00190124
AE(5),3,-0.00011345
AE(5),3,-0.02782296
AE(5),3,-0.06048013
AE(5),3,-0.04146751
AE(5),3,-0.04822665
AE(5),3,0.01383966
AE(5),3,-0.06171483
AE(5),3,-0.02667468
AE(5),3,-0.00780686
AE(5),3,-0.03253586
AE(5),3,-0.05385747
AE(5),3,0.03691382
AE(5),3,-0.02140133
AE(5),3,-0.02933373
AE(5),3,-0.02311476
AE(5),3,-0.02148195
AE(5),3,-0.00580329
AE(5),3,-0.00964400
AE(5),3,0.09423189
AE(5),3,-0.04713007
AE(5),3,-0.12028607
AE(5),3,0.03193662
AE(5),3,0.02165321
AE(5),3,-0.01165540
AE(5),3,0.02818504
AE(5),3,-0.03241947
AE(5),3,-0.01261465
AE(5),3,-0.01992840
AE(5),3,-0.03338653
AE(5),3,-0.02564644
AE(5),3,-0.03365661
AE(5),3,-0.01593467
AE(5),3,-0.04414079
AE(5),3,-0.04374541
AE(5),3,-0.08747660
AE(5),3,-0.00403866
AE(5),3,-0.01703097
AE(5),3,-0.02890484
AE(5),3,-0.04502766
AE(5),3,-0.02437772
AE(5),3,-0.02567707
AE(5),3,0.00053234
AE(5),3,-0.01687514
AE(5),3,-0.05503247
AE(5),3,0.04062832
AE(5),3,-0.01799489
AE(5),3,0.00697709
AE(5),3,-0.05829937
AE(5),3,0.02193940
AE(5),3,-0.03771334
AE(5),3,-0.05305082
AE(5),3,-0.00732536
AE(5),3,-0.01885449
AE(5),3,-0.04242173
AE(5),3,-0.02424402
AE(5),3,-0.01396940
AE(5),3,-0.02013329
AE(5),3,-0.00137373
AE(5),3,-0.04757597
AE(5),3,-0.00491783
AE(5),3,-0.01384109
AE(5),3,-0.03647772
AE(5),3,-0.01886152
AE(5),3,-0.04946996
AE(5),3,0.02034628
AE(5),3,-0.01228390
AE(5),3,-0.02403605
AE(5),3,-0.02571380
AE(5),3,-0.01733951
AE(5),3,-0.03100757
AE(5),3,-0.01653816
AE(5),3,0.05997524
AE(5),3,0.00102566
AE(5),3,-0.00884863
AE(5),3,-0.03820079
AE(5),3,-0.02660220
AE(5),3,-0.03142139
AE(5),3,-0.01206034
AE(5),3,-0.03744062
AE(5),3,-0.05085866
AE(5),3,-0.01503185
AE(5),3,-0.01965741
AE(5),3,0.07063346
AE(5),3,-0.02983554
AE(5),3,-0.00929911
AE(5),3,-0.01578940
AE(5),3,-0.04509906
AE(5),3,-0.05274884
AE(5),3,-0.00003266
AE(5),3,-0.02020392
AE(5),3,-0.02180059
AE(5),3,0.04538519
AE(5),3,0.01249543
AE(5),3,-0.03213073
AE(5),3,0.00001613
AE(5),3,-0.07605868
AE(5),3,-0.00811095
AE(5),3,-0.06504278
AE(5),3,-0.04571302
AE(5),3,-0.02044409
AE(5),3,-0.07737826
AE(5),3,0.02908362
AE(5),3,-0.01467655
AE(5),3,-0.00080612
AE(5),3,0.03553264
AE(5),3,-0.02107429
AE(5),3,-0.01456236
AE(5),3,-0.05929839
AE(5),3,-0.02870930
AE(5),3,-0.00946932
AE(5),3,0.01802437
AE(5),3,0.00091748
AE(5),3,-0.01904222
AE(5),3,-0.00434772
AE(5),3,0.03445562
AE(5),3,-0.02121828
AE(5),3,-0.01080291
AE(5),3,-0.01115622
AE(5),3,-0.02660931
AE(5),3,-0.06556235
AE(5),3,-0.02082556
AE(5),3,0.00927595
AE(5),3,-0.02390079
AE(5),3,-0.02069567
AE(5),3,-0.06243421
AE(5),3,-0.05504217
AE(5),3,-0.06914942
AE(5),3,-0.00495905
AE(5),3,-0.08843923
AE(5),3,-0.03366125
AE(5),3,-0.03879602
AE(5),3,-0.02837479
AE(5),3,-0.03937169
AE(5),3,0.00274644
AE(5),3,-0.04387506
AE(5),3,0.02191711
AE(5),3,-0.01851159
AE(5),3,-0.02518782
AE(5),3,-0.01359307
AE(5),3,-0.05180731
AE(5),3,-0.02510416
AE(5),3,-0.08241380
AE(5),3,-0.08210249
AE(5),3,-0.06264096
AE(5),3,-0.05494092
AE(5),3,-0.03095036
AE(5),3,-0.02903683
AE(5),3,-0.04558749
AE(5),3,-0.04804714
AE(5),3,-0.03774283
AE(5),3,-0.00359256
AE(5),3,-0.02244981
AE(5),3,0.02154194
AE(5),3,-0.06165108
AE(5),3,-0.04101821
AE(5),3,-0.07901486
AE(5),3,0.05566370
AE(5),3,-0.02972898
AE(5),3,-0.00873118
AE(5),3,0.01032418
AE(5),3,-0.04865441
AE(5),4,0.04781349
AE(5),4,-0.05157760
AE(5),4,0.00205262
AE(5),4,0.01925712
AE(5),4,-0.02445542
AE(5),4,0.01896273
AE(5),4,-0.05008367
AE(5),4,-0.06293676
AE(5),4,0.02500484
AE(5),4,-0.05312083
AE(5),4,-0.04273466
AE(5),4,-0.03184026
AE(5),4,-0.03677066
AE(5),4,-0.01695919
AE(5),4,-0.03699212
AE(5),4,-0.03301368
AE(5),4,-0.00762980
AE(5),4,-0.03827048
AE(5),4,-0.01895844
AE(5),4,-0.03905288
AE(5),4,-0.04644579
AE(5),4,-0.01245013
AE(5),4,-0.02972938
AE(5),4,-0.06604667
AE(5),4,-0.02208111
AE(5),4,-0.06186209
AE(5),4,-0.03121788
AE(5),4,0.05168511
AE(5),4,0.03591619
AE(5),4,-0.03192599
AE(5),4,0.03994339
AE(5),4,-0.03735811
AE(5),4,-0.05798230
AE(5),4,-0.04251940
AE(5),4,-0.04381888
AE(5),4,-0.01488487
AE(5),4,-0.05335124
AE(5),4,-0.03922980
AE(5),4,-0.00578441
AE(5),4,-0.01872277
AE(5),4,-0.01195708
AE(5),4,-0.02488799
AE(5),4,-0.05245147
AE(5),4,-0.05090022
AE(5),4,-0.03365029
AE(5),4,-0.02176559
AE(5),4,-0.04094869
AE(5),4,0.00855627
AE(5),4,0.02825499
AE(5),4,-0.01480817
AE(5),4,-0.07475372
AE(5),4,-0.08854527
AE(5),4,-0.02357579
AE(5),4,-0.00220121
AE(5),4,-0.05055231
AE(5),4,-0.04304417
AE(5),4,-0.03138409
AE(5),4,-0.03972046
AE(5),4,-0.02186552
AE(5),4,-0.03544208
AE(5),4,-0.03210698
AE(5),4,-0.04980416
AE(5),4,-0.03111328
AE(5),4,-0.01634324
AE(5),4,-0.06557167
AE(5),4,-0.03358193
AE(5),4,0.08730718
AE(5),4,-0.00733214
AE(5),4,-0.03540925
AE(5),4,0.04966841
AE(5),4,-0.04439125
AE(5),4,0.02304272
AE(5),4,-0.00823967
AE(5),4,-0.04854797
AE(5),4,-0.02837708
AE(5),4,-0.01821902
AE(5),4,-0.01213669
AE(5),4,0.03678753
AE(5),4,-0.03465159
AE(5),4,-0.06878511
AE(5),4,-0.01710756
AE(5),4,-0.01270468
AE(5),4,-0.04709327
AE(5),4,0.00308060
AE(5),4,-0.00873640
AE(5),4,-0.04536178
AE(5),4,-0.00851597
AE(5),4,0.01618488
AE(5),4,-0.01928995
AE(5),4,-0.04384619
AE(5),4,-0.03718183
AE(5),4,-0.01556735
AE(5),4,-0.01472706
AE(5),4,-0.02688418
AE(5),4,-0.04231899
AE(5),4,-0.02202596
AE(5),4,-0.00566640
AE(5),4,-0.02681573
AE(5),4,0.01467569
AE(5),4,-0.02401397
AE(5),4,-0.00156430
AE(5),4,-0.04626000
AE(5),4,-0.02233021
AE(5),4,-0.00457949
AE(5),4,-0.02234678
AE(5),4,-0.05061710
AE(5),4,-0.02521050
AE(5),4,-0.06098118
AE(5),4,-0.05440045
AE(5),4,-0.04698789
AE(5),4,-0.02429837
AE(5),4,-0.07683140
AE(5),4,-0.04761189
AE(5),4,-0.02600918
AE(5),4,0.00637335
AE(5),4,-0.06251732
AE(5),4,-0.03526459
AE(5),4,0.00095343
AE(5),4,-0.01592269
AE(5),4,-0.04060901
AE(5),4,-0.04378658
AE(5),4,-0.03567461
AE(5),4,-0.03666978
AE(5),4,-0.00386880
AE(5),4,-0.05815490
AE(5),4,0.01183168
AE(5),4,-0.02400485
AE(5),4,0.01726554
AE(5),4,0.04080277
AE(5),4,0.01023186
AE(5),4,-0.04382355
AE(5),4,0.01966399
AE(5),4,-0.03169822
AE(5),4,-0.07802399
AE(5),4,-0.05361471
AE(5),4,-0.03487441
AE(5),4,-0.00422461
AE(5),4,-0.01474931
AE(5),4,-0.01568065
AE(5),4,0.00580554
AE(5),4,0.00636426
AE(5),4,-0.02955828
AE(5),4,-0.02846560
AE(5),4,0.14353894
AE(5),4,-0.00457455
AE(5),4,0.03630693
AE(5),4,-0.02073246
AE(5),4,0.05657384
AE(5),4,-0.00323119
AE(5),4,0.04266978
AE(5),4,-0.03094796
AE(5),4,-0.01916227
AE(5),4,-0.01113041
AE(5),4,-0.03365674
AE(5),4,0.06365763
AE(5),4,0.04353254
AE(5),4,0.01961668
AE(5),4,-0.00527626
AE(5),4,-0.01883738
AE(5),4,-0.02415468
AE(5),4,-0.01395599
AE(5),4,0.01591213
AE(5),4,-0.05043090
AE(5),4,0.09993256
AE(5),4,-0.02352394
AE(5),4,-0.00884183
AE(5),4,-0.02893918
AE(5),4,0.01013999
AE(5),4,-0.03811719
AE(5),4,-0.01415447
AE(5),4,-0.02837173
AE(5),4,0.04842821
AE(5),4,0.00526318
AE(5),4,-0.00475124
AE(5),4,-0.01417565
AE(5),4,-0.05130848
AE(5),4,-0.04116422
AE(5),4,-0.00384833
AE(5),4,-0.02342242
AE(5),4,-0.03366453
AE(5),4,-0.05844315
AE(5),4,-0.00012576
AE(5),4,0.01749070
AE(5),4,0.01002477
AE(5),4,-0.01449686
AE(5),4,-0.01451819
AE(5),4,-0.06422808
AE(5),4,-0.03125925
AE(5),4,-0.05485075
AE(5),4,-0.02286248
AE(5),4,-0.03192638
AE(5),4,-0.05863224
AE(5),4,-0.03585341
AE(5),4,0.03073877
AE(5),4,0.01465648
AE(5),4,-0.02452788
AE(5),4,0.01232206
AE(5),4,-0.01951818
AE(5),4,-0.02159247
AE(5),4,-0.00069310
AE(5),4,-0.00594107
AE(5),4,-0.00891278
AE(5),4,-0.04063073
AE(5),4,0.00798979
AE(5),4,-0.01815769
AE(5),4,-0.06790296
AE(5),4,0.00494510
AE(5),4,-0.04997021
AE(5),4,-0.04817415
AE(5),4,0.00837350
AE(5),4,-0.04479105
AE(5),4,-0.03272171
AE(5),4,-0.03483689
AE(5),4,-0.00486297
AE(5),4,0.00396515
AE(5),4,0.00965453
AE(5),4,-0.05076422
AE(5),4,-0.02975954
AE(5),4,0.01279207
AE(5),4,0.05535851
AE(5),4,-0.01891685
AE(5),4,-0.02600577
AE(5),4,-0.01332145
AE(5),4,0.00237940
AE(5),4,-0.04127437
AE(5),4,0.00626539
AE(5),4,-0.03295186
AE(5),4,0.02111760
AE(5),4,-0.03571061
AE(5),4,-0.05745301
AE(5),4,-0.01132750
AE(5),4,-0.04732564
AE(5),4,-0.01333666
AE(5),4,-0.03395917
AE(5),4,-0.03693556
AE(5),4,-0.05280355
AE(5),4,-0.02474468
AE(5),4,-0.03104441
AE(5),4,-0.00385243
AE(5),4,-0.00302257
AE(5),4,0.04290771
AE(5),4,-0.03173975
AE(5),4,0.00008189
AE(5),4,-0.02396941
AE(5),4,-0.03357439
AE(5),4,0.00458748
AE(5),4,-0.07890225
AE(5),4,-0.07407140
AE(5),4,-0.03151810
AE(5),4,-0.05809205
AE(5),4,-0.00903604
AE(5),4,-0.01481427
AE(5),4,-0.01123542
AE(5),4,0.04216590
AE(5),4,-0.01849310
AE(5),4,-0.08886734
AE(5),4,-0.04204575
AE(5),4,-0.02381300
AE(5),4,-0.02561615
AE(5),4,-0.00152111
AE(5),4,-0.01827557
AE(5),4,-0.00061724
AE(5),4,-0.03517591
AE(5),4,-0.06429663
AE(5),4,-0.00001491
AE(5),4,-0.05932721
AE(5),4,-0.03717896
AE(5),4,0.01132228
AE(5),4,0.04895686
AE(5),4,-0.01208982
AE(5),4,-0.01945648
AE(5),4,-0.01365487
AE(5),4,0.00983622
AE(5),4,-0.02440127
AE(5),4,-0.06906571
AE(5),4,0.01685532
AE(5),4,-0.02172428
AE(5),4,-0.04092970
AE(5),4,-0.01808881
AE(5),4,-0.00562513
AE(5),4,-0.01741309
AE(5),4,-0.02878077
AE(5),4,-0.01636945
AE(5),4,-0.04764076
AE(5),4,-0.02708013
AE(5),4,-0.02479806
AE(5),4,-0.04348413
AE(5),4,-0.04126197
AE(5),4,-0.06016512
AE(5),4,-0.00523793
AE(5),4,-0.01499526
AE(5),4,-0.04296849
AE(5),4,-0.03725225
AE(5),4,-0.02058180
AE(5),4,-0.01733984
AE(5),4,-0.01142461
AE(5),4,-0.01099522
AE(5),4,0.03132340
AE(5),4,-0.05804147
AE(5),4,-0.06014215
AE(5),4,-0.02705271
AE(5),4,-0.02735310
AE(5),4,-0.04139228
AE(5),4,-0.03110992
AE(5),4,0.00660774
AE(5),4,0.05586893
AE(5),4,-0.05100844
AE(5),4,-0.00257294
AE(5),4,0.01187357
AE(5),4,-0.02001965
AE(5),4,-0.01471056
AE(5),4,-0.05881085
AE(5),4,0.00456502
AE(5),4,-0.04045364
AE(5),4,-0.00080916
AE(5),4,0.05656162
AE(5),4,-0.01435128
AE(5),5,-0.01995413
AE(5),5,0.05997179
AE(5),5,-0.00159476
AE(5),5,-0.00330801
AE(5),5,-0.03308185
AE(5),5,-0.03538421
AE(5),5,0.01313104
AE(5),5,0.12776054
AE(5),5,0.05015924
AE(5),5,-0.01328939
AE(5),5,0.00686288
AE(5),5,0.04664995
AE(5),5,0.02110805
AE(5),5,0.11376946
AE(5),5,0.01502560
AE(5),5,0.00288325
AE(5),5,0.02401761
AE(5),5,0.01603889
AE(5),5,-0.00708104
AE(5),5,0.00223496
AE(5),5,0.00478129
AE(5),5,-0.04448976
AE(5),5,0.06749531
AE(5),5,0.03954444
AE(5),5,-0.00221561
AE(5),5,-0.01619532
AE(5),5,-0.01930857
AE(5),5,0.00847919
AE(5),5,0.05950174
AE(5),5,-0.00090738
AE(5),5,-0.00384860
AE(5),5,0.04392052
AE(5),5,0.09832215
AE(5),5,-0.01497492
AE(5),5,0.09825525
AE(5),5,-0.02148725
AE(5),5,0.00500470
AE(5),5,-0.00243513
AE(5),5,-0.00529410
AE(5),5,0.04174989
AE(5),5,0.15130954
AE(5),5,-0.01779407
AE(5),5,0.01293694
AE(5),5,0.03635828
AE(5),5,-0.05509216
AE(5),5,0.06017535
AE(5),5,0.01301548
AE(5),5,-0.03463621
AE(5),5,0.06604966
AE(5),5,0.00453358
AE(5),5,-0.00434755
AE(5),5,-0.00048229
AE(5),5,0.01285792
AE(5),5,0.10249332
AE(5),5,0.09494318
AE(5),5,-0.02825430
AE(5),5,0.01788662
AE(5),5,-0.00297706
AE(5),5,-0.01743566
AE(5),5,0.06474401
AE(5),5,0.03914885
AE(5),5,0.22709365
AE(5),5,0.29114555
AE(5),5,0.00604878
AE(5),5,0.03611257
AE(5),5,0.04713187
AE(5),5,0.02650680
AE(5),5,0.04250662
AE(5),5,-0.04331306
AE(5),5,-0.06866774
AE(5),5,-0.00501559
AE(5),5,-0.02067254
AE(5),5,0.06856544
AE(5),5,-0.00190018
AE(5),5,0.17094528
AE(5),5,0.07382126
AE(5),5,0.06098485
AE(5),5,0.01381136
AE(5),5,0.02707312
AE(5),5,0.06525302
AE(5),5,-0.00538855
AE(5),5,-0.01309118
AE(5),5,0.01915664
AE(5),5,-0.00276446
AE(5),5,-0.01607833
AE(5),5,-0.01179786
AE(5),5,0.07471656
AE(5),5,-0.05115107
AE(5),5,0.04475276
AE(5),5,0.05551214
AE(5),5,-0.00330219
AE(5),5,0.05367622
AE(5),5,0.03602550
AE(5),5,0.09841127
AE(5),5,0.05606838
AE(5),5,0.01789205
AE(5),5,0.05079223
AE(5),5,-0.03001193
AE(5),5,-0.00135472
AE(5),5,-0.04855453
AE(5),5,-0.02326270
AE(5),5,-0.01794846
AE(5),5,0.15596186
AE(5),5,-0.00875369
AE(5),5,-0.00245692
AE(5),5,0.06112970
AE(5),5,-0.01564870
AE(5),5,-0.02143332
AE(5),5,-0.00925172
AE(5),5,0.07904739
AE(5),5,0.06991636
AE(5),5,0.01088945
AE(5),5,0.04141261
AE(5),5,0.01901702
AE(5),5,0.05066918
AE(5),5,0.04344912
AE(5),5,0.04751094
AE(5),5,0.02181895
AE(5),5,0.01005735
AE(5),5,0.01293857
AE(5),5,0.03593905
AE(5),5,0.09382838
AE(5),5,-0.02521438
AE(5),5,0.02767677
AE(5),5,0.01438666
AE(5),5,0.05780983
AE(5),5,-0.00416963
AE(5),5,-0.01769972
AE(5),5,0.00871652
AE(5),5,-0.01577731
AE(5),5,-0.00128891
AE(5),5,-0.05739831
AE(5),5,-0.04727091
AE(5),5,-0.01098006
AE(5),5,0.03184165
AE(5),5,-0.01408657
AE(5),5,0.03569202
AE(5),5,0.03917005
AE(5),5,-0.01986002
AE(5),5,0.09343453
AE(5),5,0.03077331
AE(5),5,-0.02093189
AE(5),5,0.02328147
AE(5),5,-0.00443963
AE(5),5,0.01455688
AE(5),5,0.00963577
AE(5),5,0.04754515
AE(5),5,-0.00168763
AE(5),5,0.07877960
AE(5),5,-0.01214287
AE(5),5,0.00868395
AE(5),5,-0.02089319
AE(5),5,0.05562313
AE(5),5,-0.03590927
AE(5),5,-0.11337834
AE(5),5,-0.04179446
AE(5),5,0.04280279
AE(5),5,-0.01151686
AE(5),5,0.04094541
AE(5),5,0.00123825
AE(5),5,-0.00939006
AE(5),5,0.09394305
AE(5),5,-0.01120863
AE(5),5,0.00117318
AE(5),5,0.01592071
AE(5),5,0.01354137
AE(5),5,-0.01790651
AE(5),5,0.02192340
AE(5),5,-0.05022709
AE(5),5,0.16022221
AE(5),5,0.00706080
AE(5),5,0.02701637
AE(5),5,-0.01935810
AE(5),5,0.00493423
AE(5),5,0.04318013
AE(5),5,-0.00225977
AE(5),5,0.01789199
AE(5),5,0.05320852
AE(5),5,-0.02385384
AE(5),5,-0.03302267
AE(5),5,-0.00710416
AE(5),5,-0.10826502
AE(5),5,-0.01422252
AE(5),5,-0.07712746
AE(5),5,0.00166252
AE(5),5,0.01843208
AE(5),5,0.03498692
AE(5),5,0.05419349
AE(5),5,-0.02429162
AE(5),5,0.02576363
AE(5),5,-0.00263922
AE(5),5,0.14240505
AE(5),5,0.00534684
AE(5),5,-0.01828761
AE(5),5,0.03892875
AE(5),5,-0.00456319
AE(5),5,-0.00445888
AE(5),5,0.01704902
AE(5),5,0.02108852
AE(5),5,-0.01591454
AE(5),5,0.01522679
AE(5),5,0.04911118
AE(5),5,0.01542588
AE(5),5,0.00680503
AE(5),5,0.02566569
AE(5),5,0.02125631
AE(5),5,0.08084816
AE(5),5,0.07152844
AE(5),5,-0.01950895
AE(5),5,-0.00839227
AE(5),5,0.02215657
AE(5),5,0.03180987
AE(5),5,0.06222860
AE(5),5,0.08294269
AE(5),5,0.13255512
AE(5),5,0.02292945
AE(5),5,-0.06046123
AE(5),5,0.05043904
AE(5),5,0.08820717
AE(5),5,0.01886649
AE(5),5,-0.00910708
AE(5),5,-0.02969989
AE(5),5,0.01711556
AE(5),5,-0.01089738
AE(5),5,0.02249833
AE(5),5,0.03553269
AE(5),5,0.03354738
AE(5),5,-0.02772666
AE(5),5,-0.04397007
AE(5),5,0.01556838
AE(5),5,0.00281895
AE(5),5,0.00454419
AE(5),5,0.17186787
AE(5),5,0.00596794
AE(5),5,-0.00588616
AE(5),5,0.07231796
AE(5),5,0.03315097
AE(5),5,-0.01778756
AE(5),5,0.00437816
AE(5),5,0.00513447
AE(5),5,0.01984098
AE(5),5,0.01154621
AE(5),5,-0.02380858
AE(5),5,-0.00476747
AE(5),5,0.01971473
AE(5),5,-0.02636875
AE(5),5,0.00870317
AE(5),5,0.06006070
AE(5),5,0.00366817
AE(5),5,0.00808430
AE(5),5,0.03050754
AE(5),5,0.15796318
AE(5),5,-0.03116753
AE(5),5,0.02792512
AE(5),5,0.03073962
AE(5),5,0.01726978
AE(5),5,0.03389762
AE(5),5,0.02107011
AE(5),5,0.07816498
AE(5),5,0.06779973
AE(5),5,0.10759924
AE(5),5,0.01321499
AE(5),5,-0.01866540
AE(5),5,-0.01887855
AE(5),5,0.03285723
AE(5),5,0.02056089
AE(5),5,0.05977705
AE(5),5,-0.05099150
AE(5),5,0.02013770
AE(5),5,-0.02039842
AE(5),5,0.01839044
AE(5),5,-0.03025503
AE(5),5,-0.00013058
AE(5),5,0.01592037
AE(5),5,0.08482720
AE(5),5,-0.01957722
AE(5),5,-0.02117176
AE(5),5,0.11253018
AE(5),5,-0.02500530
AE(5),5,0.01775074
AE(5),5,-0.01621804
AE(5),5,0.02405135
AE(5),5,-0.03207544
AE(5),5,-0.01288966
AE(5),5,-0.03166029
AE(5),5,0.00388356
AE(5),5,-0.01911227
AE(5),5,-0.01114984
AE(5),5,-0.08594902
AE(5),5,-0.01858832
AE(5),5,-0.00941576
AE(5),5,0.01349473
AE(5),5,0.04823379
AE(5),5,0.14188928
AE(5),5,-0.00838177
AE(5),5,0.03980149
AE(5),5,-0.02945377
AE(5),5,-0.01424337
AE(5),5,-0.05781673
AE(5),5,-0.01711556
AE(5),5,-0.02633774
AE(5),5,-0.04525002
AE(5),5,-0.01649610
AE(5),5,-0.00814977
AE(5),5,-0.04760877
AE(5),5,0.04417534
AE(5),5,-0.01168950
AE(5),5,-0.00210904
AE(5),5,-0.03416510
AE(5),5,-0.00022294
AE(5),5,-0.01615404
AE(5),5,-0.01067614
AE(5),5,0.00102330
AE(5),5,-0.00506030
AE(5),5,-0.02499683
AE(5),5,-0.00885522
AE(5),6,0.04507947
AE(5),6,0.06182675
AE(5),6,0.13671763
AE(5),6,0.03008264
AE(5),6,0.01427770
AE(5),6,-0.01275686
AE(5),6,0.05724168
AE(5),6,0.10523470
AE(5),6,0.05696188
AE(5),6,0.03353344
AE(5),6,0.02087557
AE(5),6,0.04911357
AE(5),6,0.02279137
AE(5),6,0.06574124
AE(5),6,0.00396769
AE(5),6,0.04499435
AE(5),6,0.01340270
AE(5),6,-0.02441942
AE(5),6,0.01740527
AE(5),6,0.04585559
AE(5),6,0.03986731
AE(5),6,0.01499194
AE(5),6,0.06032503
AE(5),6,-0.00304310
AE(5),6,0.06228121
AE(5),6,0.09870304
AE(5),6,0.02366394
AE(5),6,0.08011127
AE(5),6,-0.02399306
AE(5),6,0.05949085
AE(5),6,0.09646225
AE(5),6,-0.00480502
AE(5),6,0.22490922
AE(5),6,-0.01840273
AE(5),6,-0.00773472
AE(5),6,-0.00732225
AE(5),6,0.20855415
AE(5),6,0.02787438
AE(5),6,0.03210964
AE(5),6,-0.02337103
AE(5),6,0.04923503
AE(5),6,0.15671425
AE(5),6,0.23752905
AE(5),6,0.07816509
AE(5),6,-0.00273721
AE(5),6,0.05552241
AE(5),6,-0.00864465
AE(5),6,0.10730464
AE(5),6,0.05356362
AE(5),6,-0.03638695
AE(5),6,-0.00857656
AE(5),6,0.01059529
AE(5),6,0.00170595
AE(5),6,0.09106339
AE(5),6,0.06747385
AE(5),6,0.02021675
AE(5),6,-0.00024061
AE(5),6,-0.00114062
AE(5),6,0.13149552
AE(5),6,-0.00605499
AE(5),6,0.05631765
AE(5),6,0.01493319
AE(5),6,0.00883349
AE(5),6,-0.03274130
AE(5),6,0.07130217
AE(5),6,0.04000015
AE(5),6,0.04493288
AE(5),6,-0.03010423
AE(5),6,0.03525223
AE(5),6,0.13617975
AE(5),6,0.13907760
AE(5),6,0.03344127
AE(5),6,0.09474478
AE(5),6,-0.03417301
AE(5),6,0.03803596
AE(5),6,0.04307916
AE(5),6,0.14022101
AE(5),6,0.02423416
AE(5),6,0.04287855
AE(5),6,0.01935678
AE(5),6,0.03846485
AE(5),6,0.05697385
AE(5),6,0.00732080
AE(5),6,0.15806379
AE(5),6,0.04686487
AE(5),6,0.02209756
AE(5),6,-0.00684501
AE(5),6,0.01665453
AE(5),6,-0.03551063
AE(5),6,0.05315522
AE(5),6,0.06776564
AE(5),6,0.09749137
AE(5),6,0.03811318
AE(5),6,0.18932022
AE(5),6,0.00656321
AE(5),6,0.06874103
AE(5),6,0.13202029
AE(5),6,0.05951559
AE(5),6,-0.02029908
AE(5),6,0.11984110
AE(5),6,0.02130973
AE(5),6,0.05353446
AE(5),6,0.07599071
AE(5),6,-0.07096767
AE(5),6,-0.06516591
AE(5),6,0.06971823
AE(5),6,0.00838357
AE(5),6,0.10453487
AE(5),6,0.11911920
AE(5),6,0.05762607
AE(5),6,0.14230792
AE(5),6,0.09611480
AE(5),6,-0.00772095
AE(5),6,0.06225998
AE(5),6,0.03795578
AE(5),6,0.12877661
AE(5),6,0.01043008
AE(5),6,0.02085858
AE(5),6,0.04086514
AE(5),6,0.09803838
AE(5),6,0.06552800
AE(5),6,0.04786353
AE(5),6,0.03064518
AE(5),6,-0.01822700
AE(5),6,0.04038371
AE(5),6,0.09286262
AE(5),6,0.06633716
AE(5),6,0.01496082
AE(5),6,0.05356233
AE(5),6,-0.02377555
AE(5),6,0.01975777
AE(5),6,0.08202679
AE(5),6,0.07469258
AE(5),6,0.06149767
AE(5),6,0.00270347
AE(5),6,0.00079712
AE(5),6,0.09860304
AE(5),6,0.02646916
AE(5),6,0.05148798
AE(5),6,0.21702264
AE(5),6,0.01707106
AE(5),6,0.07100982
AE(5),6,0.05165314
AE(5),6,-0.08106947
AE(5),6,0.01378954
AE(5),6,0.04347053
AE(5),6,0.18536983
AE(5),6,0.13904965
AE(5),6,0.07607604
AE(5),6,0.07698797
AE(5),6,0.00734911
AE(5),6,0.10761044
AE(5),6,0.05228723
AE(5),6,0.02850248
AE(5),6,0.13782296
AE(5),6,0.15763925
AE(5),6,0.00587301
AE(5),6,-0.02272644
AE(5),6,0.13766769
AE(5),6,0.06677324
AE(5),6,0.05438290
AE(5),6,-0.01421518
AE(5),6,-0.05423088
AE(5),6,0.01682268
AE(5),6,0.04074284
AE(5),6,0.08321939
AE(5),6,0.18978471
AE(5),6,0.06065041
AE(5),6,0.04587575
AE(5),6,0.08839187
AE(5),6,0.03691114
AE(5),6,0.07802120
AE(5),6,0.03610472
AE(5),6,0.10422586
AE(5),6,0.08734079
AE(5),6,-0.04925269
AE(5),6,0.01577679
AE(5),6,0.04313593
AE(5),6,0.09145262
AE(5),6,0.00308003
AE(5),6,0.11693303
AE(5),6,0.01045729
AE(5),6,0.03197471
AE(5),6,0.00330894
AE(5),6,-0.01743219
AE(5),6,-0.01637456
AE(5),6,0.01002455
AE(5),6,0.06193058
AE(5),6,0.01099634
AE(5),6,0.06731730
AE(5),6,0.05692004
AE(5),6,-0.02806612
AE(5),6,-0.00485364
AE(5),6,0.01878283
AE(5),6,0.01752586
AE(5),6,0.04460288
AE(5),6,0.11876493
AE(5),6,0.00911925
AE(5),6,0.00504362
AE(5),6,0.08589751
AE(5),6,0.05927301
AE(5),6,0.10344266
AE(5),6,0.07889905
AE(5),6,0.04063159
AE(5),6,0.05392581
AE(5),6,0.09816502
AE(5),6,0.14679069
AE(5),6,0.13347896
AE(5),6,0.10683275
AE(5),6,0.03875195
AE(5),6,0.07775155
AE(5),6,0.06984134
AE(5),6,-0.07258507
AE(5),6,0.12584455
AE(5),6,0.03222893
AE(5),6,0.02262418
AE(5),6,-0.01845993
AE(5),6,0.03177455
AE(5),6,0.09771447
AE(5),6,-0.03215287
AE(5),6,0.01168011
AE(5),6,0.05985720
AE(5),6,0.09054106
AE(5),6,0.10229644
AE(5),6,0.06702184
AE(5),6,0.15973003
AE(5),6,0.04948072
AE(5),6,0.09445997
AE(5),6,0.03208640
AE(5),6,0.02080277
AE(5),6,0.16530779
AE(5),6,0.07803970
AE(5),6,0.11008897
AE(5),6,0.03071229
AE(5),6,0.04001563
AE(5),6,0.03380376
AE(5),6,0.01784621
AE(5),6,0.10599938
AE(5),6,0.07785870
AE(5),6,0.03083150
AE(5),6,0.01138407
AE(5),6,0.05240065
AE(5),6,0.06091484
AE(5),6,0.05192253
AE(5),6,0.10934320
AE(5),6,0.00487000
AE(5),6,0.04170527
AE(5),6,0.18460273
AE(5),6,0.06606146
AE(5),6,0.06916372
AE(5),6,0.08737514
AE(5),6,0.03139049
AE(5),6,0.01653020
AE(5),6,0.08024041
AE(5),6,0.01004161
AE(5),6,0.04663524
AE(5),6,0.05790071
AE(5),6,0.04439843
AE(5),6,0.06604462
AE(5),6,0.10153801
AE(5),6,0.12903706
AE(5),6,0.06135016
AE(5),6,0.03752456
AE(5),6,0.08590183
AE(5),6,0.12355167
AE(5),6,0.11589176
AE(5),6,-0.02200352
AE(5),6,0.10481386
AE(5),6,0.03944184
AE(5),6,0.02546156
AE(5),6,0.10313323
AE(5),6,0.06052011
AE(5),6,0.03540170
AE(5),6,-0.03943576
AE(5),6,0.01594210
AE(5),6,0.22567018
AE(5),6,0.08823744
AE(5),6,0.10186449
AE(5),6,0.02179132
AE(5),6,0.01714895
AE(5),6,0.01586051
AE(5),6,0.02567844
AE(5),6,0.00378343
AE(5),6,0.02777598
AE(5),6,0.04909716
AE(5),6,0.06789106
AE(5),6,0.09974963
AE(5),6,0.02937717
AE(5),6,0.08463372
AE(5),6,0.02236613
AE(5),6,0.17751274
AE(5),6,0.07029708
AE(5),6,0.08544751
AE(5),6,0.01960397
AE(5),6,0.08436253
AE(5),6,0.10357156
AE(5),6,-0.01486449
AE(5),6,0.13155932
AE(5),6,0.06671169
AE(5),6,0.00577534
AE(5),6,0.05975581
AE(5),6,0.06261500
AE(5),6,0.09656883
AE(5),6,0.12384499
AE(5),6,0.00939697
AE(5),6,0.05439081
AE(5),6,0.05863087
AE(5),6,0.07523334
AE(5),6,0.03981269
AE(5),6,0.04390260
AE(5),6,0.12797328
AE(5),6,0.02748340
AE(5),6,0.03074359
