model,window,alpha
IPCA(1),1,0.07173217
IPCA(1),1,0.14926191
IPCA(1),1,0.12456676
IPCA(1),1,0.10138563
IPCA(1),1,-0.00817440
IPCA(1),1,0.12475096
IPCA(1),1,0.13794943
IPCA(1),1,0.08277042
IPCA(1),1,0.17634189
IPCA(1),1,0.07442398
IPCA(1),1,0.11602245
IPCA(1),1,0.11420976
IPCA(1),1,0.08911550
IPCA(1),1,0.03380804
IPCA(1),1,0.11576184
IPCA(1),1,0.17297437
IPCA(1),1,0.02599712
IPCA(1),1,0.02393804
IPCA(1),1,0.12017627
IPCA(1),1,0.13127670
IPCA(1),1,0.00015804
IPCA(1),1,0.05085920
IPCA(1),1,0.03966104
IPCA(1),1,0.16746977
IPCA(1),1,0.16346771
IPCA(1),1,0.13185751
IPCA(1),1,0.15266657
IPCA(1),1,0.02408087
IPCA(1),1,0.25903460
IPCA(1),1,0.05614972
IPCA(1),1,0.15032448
IPCA(1),1,0.16483945
IPCA(1),1,-0.01371857
IPCA(1),1,0.17984281
IPCA(1),1,0.06598511
IPCA(1),1,0.19381669
IPCA(1),1,0.10933245
IPCA(1),1,0.08568689
IPCA(1),1,0.14007715
IPCA(1),1,0.03426446
IPCA(1),1,0.04438906
IPCA(1),1,0.00697572
IPCA(1),1,0.05639107
IPCA(1),1,0.24889671
IPCA(1),1,0.12745517
IPCA(1),1,0.00089679
IPCA(1),1,0.03588125
IPCA(1),1,0.11210895
IPCA(1),1,0.05139986
IPCA(1),1,0.11829176
IPCA(1),1,-0.02894865
IPCA(1),1,0.21204804
IPCA(1),1,-0.02049559
IPCA(1),1,0.11625766
IPCA(1),1,0.23815598
IPCA(1),1,0.16957771
IPCA(1),1,0.05895028
IPCA(1),1,0.23191610
IPCA(1),1,0.00674878
IPCA(1),1,0.09354728
IPCA(1),1,0.05874965
IPCA(1),1,0.12076536
IPCA(1),1,0.04044864
IPCA(1),1,0.02880029
IPCA(1),1,0.11027416
IPCA(1),1,0.15831405
IPCA(1),1,0.12708292
IPCA(1),1,0.13928272
IPCA(1),1,0.07256606
IPCA(1),1,0.20056280
IPCA(1),1,0.04469872
IPCA(1),1,0.19759741
IPCA(1),1,0.10621892
IPCA(1),1,0.11613832
IPCA(1),1,0.12702467
IPCA(1),1,0.12695635
IPCA(1),1,0.19305058
IPCA(1),1,0.10975012
IPCA(1),1,0.11152060
IPCA(1),1,-0.00541324
IPCA(1),1,0.06728429
IPCA(1),1,0.01307143
IPCA(1),1,0.07486295
IPCA(1),1,0.03792841
IPCA(1),1,0.09194226
IPCA(1),1,0.01604776
IPCA(1),1,0.27958294
IPCA(1),1,0.00959874
IPCA(1),1,0.02461446
IPCA(1),1,0.05845093
IPCA(1),1,0.07390132
IPCA(1),1,0.15937895
IPCA(1),1,0.19048649
IPCA(1),1,0.09109362
IPCA(1),1,0.03164239
IPCA(1),1,0.09391430
IPCA(1),1,0.02053875
IPCA(1),1,0.02729061
IPCA(1),1,0.02653110
IPCA(1),1,0.06315469
IPCA(1),1,-0.02334745
IPCA(1),1,0.09972093
IPCA(1),1,0.15931100
IPCA(1),1,0.15322782
IPCA(1),1,0.04940160
IPCA(1),1,0.04584909
IPCA(1),1,0.09959993
IPCA(1),1,0.26086178
IPCA(1),1,0.15583290
IPCA(1),1,0.07191857
IPCA(1),1,0.26052158
IPCA(1),1,0.19840853
IPCA(1),1,0.11324083
IPCA(1),1,0.10371610
IPCA(1),1,-0.00469931
IPCA(1),1,0.06738882
IPCA(1),1,0.02631489
IPCA(1),1,0.19817615
IPCA(1),1,0.04629068
IPCA(1),1,0.01420641
IPCA(1),1,0.08441563
IPCA(1),1,0.20251288
IPCA(1),1,0.10884844
IPCA(1),1,0.04403458
IPCA(1),1,0.01204489
IPCA(1),1,0.01515358
IPCA(1),1,0.10970096
IPCA(1),1,0.06103506
IPCA(1),1,0.13729842
IPCA(1),1,-0.01322720
IPCA(1),1,0.22788963
IPCA(1),1,0.08939910
IPCA(1),1,0.09115789
IPCA(1),1,0.03202364
IPCA(1),1,0.12899235
IPCA(1),1,0.06183734
IPCA(1),1,0.09371666
IPCA(1),1,-0.12095593
IPCA(1),1,0.01913247
IPCA(1),1,0.10668414
IPCA(1),1,0.15007700
IPCA(1),1,0.03308939
IPCA(1),1,0.03117272
IPCA(1),1,0.15580387
IPCA(1),1,0.19390565
IPCA(1),1,0.19911511
IPCA(1),1,0.04407099
IPCA(1),1,-0.03605291
IPCA(1),1,0.06533395
IPCA(1),1,0.01013689
IPCA(1),1,0.16370477
IPCA(1),1,0.12983082
IPCA(1),1,-0.00548768
IPCA(1),1,0.02665816
IPCA(1),1,0.05965120
IPCA(1),1,0.05308746
IPCA(1),1,0.14589372
IPCA(1),1,0.00347840
IPCA(1),1,0.20967110
IPCA(1),1,0.02117935
IPCA(1),1,0.20877666
IPCA(1),1,-0.03271074
IPCA(1),1,0.10212860
IPCA(1),1,0.22490983
IPCA(1),1,0.23044904
IPCA(1),1,0.21578834
IPCA(1),1,0.18374426
IPCA(1),1,0.08480363
IPCA(1),1,0.07774757
IPCA(1),1,0.13803871
IPCA(1),1,0.01105697
IPCA(1),1,-0.04396291
IPCA(1),1,0.04157574
IPCA(1),1,0.10905038
IPCA(1),1,0.12989356
IPCA(1),1,0.09362910
IPCA(1),1,0.11835171
IPCA(1),1,0.02773731
IPCA(1),1,0.09367977
IPCA(1),1,0.08443709
IPCA(1),1,0.04564433
IPCA(1),1,0.10411582
IPCA(1),1,0.15620629
IPCA(1),1,-0.04119120
IPCA(1),1,0.05473912
IPCA(1),1,0.07494662
IPCA(1),1,0.01093914
IPCA(1),1,0.27370838
IPCA(1),1,0.07091158
IPCA(1),1,0.16268256
IPCA(1),1,-0.02492022
IPCA(1),1,0.00959013
IPCA(1),1,0.10366280
IPCA(1),1,0.07747012
IPCA(1),1,0.05364999
IPCA(1),1,0.01302091
IPCA(1),1,0.01488161
IPCA(1),1,0.11137420
IPCA(1),1,0.06558063
IPCA(1),1,0.09511410
IPCA(1),1,0.06507258
IPCA(1),1,0.01331973
IPCA(1),1,0.12273337
IPCA(1),1,0.09732455
IPCA(1),1,-0.01676855
IPCA(1),1,0.03914107
IPCA(1),1,0.01377146
IPCA(1),1,0.08349061
IPCA(1),1,0.19929350
IPCA(1),1,0.15279227
IPCA(1),1,0.04205578
IPCA(1),1,0.03297989
IPCA(1),1,-0.02003906
IPCA(1),1,0.08934531
IPCA(1),1,0.06396388
IPCA(1),1,-0.03174017
IPCA(1),1,0.05141922
IPCA(1),1,0.09516327
IPCA(1),1,0.04812038
IPCA(1),1,0.22363568
IPCA(1),1,0.10892473
IPCA(1),1,0.12809838
IPCA(1),1,-0.06092711
IPCA(1),1,0.10371224
IPCA(1),1,0.05509374
IPCA(1),1,-0.02582120
IPCA(1),1,0.01884590
IPCA(1),1,-0.00454511
IPCA(1),1,0.11661301
IPCA(1),1,0.06175337
IPCA(1),1,0.00780817
IPCA(1),1,0.14482526
IPCA(1),1,-0.00585060
IPCA(1),1,-0.02693320
IPCA(1),1,0.12594140
IPCA(1),1,0.07858138
IPCA(1),1,-0.03279911
IPCA(1),1,0.05757757
IPCA(1),1,0.03085641
IPCA(1),1,0.10657162
IPCA(1),1,0.10967346
IPCA(1),1,-0.02893108
IPCA(1),1,0.19851808
IPCA(1),1,0.00788260
IPCA(1),1,0.02707198
IPCA(1),1,0.18608885
IPCA(1),1,0.12262135
IPCA(1),1,-0.02188847
IPCA(1),1,0.05227921
IPCA(1),1,0.04845384
IPCA(1),1,-0.05111936
IPCA(1),1,0.08767146
IPCA(1),1,-0.03770599
IPCA(1),1,0.07067221
IPCA(1),1,0.00451791
IPCA(1),1,0.04666082
IPCA(1),1,0.04807011
IPCA(1),1,0.09302819
IPCA(1),1,-0.02558210
IPCA(1),1,0.12653293
IPCA(1),1,0.15067767
IPCA(1),1,0.13482936
IPCA(1),1,0.02743751
IPCA(1),1,0.09997850
IPCA(1),1,0.05323685
IPCA(1),1,0.14674780
IPCA(1),1,0.00468521
IPCA(1),1,0.03381930
IPCA(1),1,0.13679712
IPCA(1),1,0.07027279
IPCA(1),1,0.02183069
IPCA(1),1,0.03672145
IPCA(1),1,0.23485649
IPCA(1),1,0.11353982
IPCA(1),1,0.11456684
IPCA(1),1,0.09198208
IPCA(1),1,0.00518548
IPCA(1),1,0.19726174
IPCA(1),1,0.01450116
IPCA(1),1,0.08078145
IPCA(1),1,0.18432561
IPCA(1),1,0.08905539
IPCA(1),1,0.03360279
IPCA(1),1,0.07113397
IPCA(1),1,0.05189099
IPCA(1),1,0.02184157
IPCA(1),1,0.13194886
IPCA(1),1,0.11130073
IPCA(1),1,0.12179185
IPCA(1),1,0.00106312
IPCA(1),1,0.09468178
IPCA(1),1,0.03713080
IPCA(1),1,0.01347639
IPCA(1),1,0.16194451
IPCA(1),1,0.02604297
IPCA(1),1,0.07642315
IPCA(1),1,0.06815077
IPCA(1),1,0.12002312
IPCA(1),1,0.12164655
IPCA(1),1,0.17545171
IPCA(1),1,0.07619230
IPCA(1),1,-0.03642797
IPCA(1),1,0.14391847
IPCA(1),1,0.03741544
IPCA(1),1,0.14405311
IPCA(1),1,0.27504983
IPCA(1),1,0.19996203
IPCA(1),1,0.11581591
IPCA(1),1,0.25648768
IPCA(1),1,0.14411479
IPCA(1),1,0.19820691
IPCA(1),1,0.10000458
IPCA(1),1,0.11859790
IPCA(1),1,0.12190772
IPCA(1),1,0.03405230
IPCA(1),1,0.08913933
IPCA(1),1,0.05328288
IPCA(1),1,0.07421530
IPCA(1),1,0.10212904
IPCA(1),1,0.08090248
IPCA(1),1,0.03201029
IPCA(1),1,0.08474661
IPCA(1),2,-0.01275616
IPCA(1),2,-0.00544383
IPCA(1),2,-0.00934777
IPCA(1),2,0.02607530
IPCA(1),2,0.04997200
IPCA(1),2,-0.02029515
IPCA(1),2,0.05461911
IPCA(1),2,-0.01706897
IPCA(1),2,-0.00877647
IPCA(1),2,0.00132536
IPCA(1),2,0.00117150
IPCA(1),2,0.13159646
IPCA(1),2,-0.00864959
IPCA(1),2,-0.02006316
IPCA(1),2,0.01785028
IPCA(1),2,0.00136533
IPCA(1),2,0.04732162
IPCA(1),2,0.00037305
IPCA(1),2,0.02398415
IPCA(1),2,0.01271073
IPCA(1),2,-0.01915292
IPCA(1),2,0.00243321
IPCA(1),2,0.01118858
IPCA(1),2,0.04705844
IPCA(1),2,0.02724361
IPCA(1),2,-0.01094857
IPCA(1),2,-0.01366500
IPCA(1),2,0.01607071
IPCA(1),2,-0.00721084
IPCA(1),2,0.02326640
IPCA(1),2,0.05266199
IPCA(1),2,0.05946107
IPCA(1),2,-0.05678684
IPCA(1),2,0.00108218
IPCA(1),2,0.06565003
IPCA(1),2,-0.00257773
IPCA(1),2,0.00983719
IPCA(1),2,0.05241554
IPCA(1),2,0.01806829
IPCA(1),2,-0.03759176
IPCA(1),2,0.11898793
IPCA(1),2,-0.00431209
IPCA(1),2,-0.00031075
IPCA(1),2,-0.02287298
IPCA(1),2,0.04117881
IPCA(1),2,0.07633402
IPCA(1),2,-0.01177284
IPCA(1),2,-0.00716778
IPCA(1),2,-0.01922577
IPCA(1),2,0.06137421
IPCA(1),2,-0.02936708
IPCA(1),2,0.03708129
IPCA(1),2,-0.02007690
IPCA(1),2,0.01610263
IPCA(1),2,-0.06462719
IPCA(1),2,-0.02958709
IPCA(1),2,-0.00317312
IPCA(1),2,0.02863186
IPCA(1),2,-0.02041127
IPCA(1),2,0.03482969
IPCA(1),2,0.04293671
IPCA(1),2,0.07465442
IPCA(1),2,0.09981436
IPCA(1),2,-0.00422793
IPCA(1),2,0.01844010
IPCA(1),2,0.08783673
IPCA(1),2,-0.01393353
IPCA(1),2,0.08640094
IPCA(1),2,0.03984788
IPCA(1),2,-0.05730922
IPCA(1),2,0.08642025
IPCA(1),2,-0.00404608
IPCA(1),2,0.06072597
IPCA(1),2,0.01991488
IPCA(1),2,0.08315795
IPCA(1),2,0.02146740
IPCA(1),2,0.07591828
IPCA(1),2,0.00690749
IPCA(1),2,0.02644582
IPCA(1),2,0.05163280
IPCA(1),2,0.02768329
IPCA(1),2,-0.01181635
IPCA(1),2,0.02379301
IPCA(1),2,-0.01732421
IPCA(1),2,0.00344588
IPCA(1),2,0.03301633
IPCA(1),2,-0.00473934
IPCA(1),2,-0.01232426
IPCA(1),2,0.02369938
IPCA(1),2,-0.02005434
IPCA(1),2,-0.00921775
IPCA(1),2,0.00830061
IPCA(1),2,-0.01099108
IPCA(1),2,-0.00215848
IPCA(1),2,0.03716866
IPCA(1),2,-0.01678682
IPCA(1),2,0.05226060
IPCA(1),2,-0.02130097
IPCA(1),2,0.07300497
IPCA(1),2,0.02967000
IPCA(1),2,0.02970379
IPCA(1),2,-0.00903092
IPCA(1),2,-0.03369229
IPCA(1),2,0.03175218
IPCA(1),2,0.09693845
IPCA(1),2,0.02658817
IPCA(1),2,0.09232301
IPCA(1),2,-0.00552643
IPCA(1),2,-0.01516287
IPCA(1),2,0.00939843
IPCA(1),2,-0.02190340
IPCA(1),2,0.00705039
IPCA(1),2,0.01863131
IPCA(1),2,-0.01346714
IPCA(1),2,0.02139238
IPCA(1),2,0.02056831
IPCA(1),2,-0.02116766
IPCA(1),2,0.08425721
IPCA(1),2,-0.07756954
IPCA(1),2,-0.01278300
IPCA(1),2,-0.00490593
IPCA(1),2,0.03496747
IPCA(1),2,0.00100133
IPCA(1),2,-0.00564948
IPCA(1),2,0.03976224
IPCA(1),2,-0.01051801
IPCA(1),2,-0.01312031
IPCA(1),2,0.09348604
IPCA(1),2,0.00520805
IPCA(1),2,0.00263447
IPCA(1),2,0.01082987
IPCA(1),2,-0.00759773
IPCA(1),2,0.04843047
IPCA(1),2,-0.04869320
IPCA(1),2,0.00207587
IPCA(1),2,0.11398743
IPCA(1),2,-0.01157898
IPCA(1),2,0.01615539
IPCA(1),2,-0.02779737
IPCA(1),2,-0.00446203
IPCA(1),2,-0.00091697
IPCA(1),2,-0.00545670
IPCA(1),2,0.07528076
IPCA(1),2,0.00370171
IPCA(1),2,-0.00638348
IPCA(1),2,0.00714584
IPCA(1),2,0.00446610
IPCA(1),2,0.00451891
IPCA(1),2,0.04593190
IPCA(1),2,0.08545051
IPCA(1),2,0.02851324
IPCA(1),2,0.08080103
IPCA(1),2,-0.00729460
IPCA(1),2,0.04377074
IPCA(1),2,-0.02092733
IPCA(1),2,-0.00179880
IPCA(1),2,0.00081537
IPCA(1),2,0.08555888
IPCA(1),2,0.04230428
IPCA(1),2,0.02420554
IPCA(1),2,0.07006128
IPCA(1),2,-0.01982899
IPCA(1),2,-0.01359914
IPCA(1),2,0.02251040
IPCA(1),2,0.01920038
IPCA(1),2,0.01545861
IPCA(1),2,-0.00746082
IPCA(1),2,0.01034702
IPCA(1),2,0.03798779
IPCA(1),2,0.01812472
IPCA(1),2,0.00667869
IPCA(1),2,-0.00094899
IPCA(1),2,0.00545877
IPCA(1),2,0.07247955
IPCA(1),2,0.00133720
IPCA(1),2,-0.00958469
IPCA(1),2,0.05190541
IPCA(1),2,0.04531689
IPCA(1),2,0.01165163
IPCA(1),2,-0.00315370
IPCA(1),2,0.03638301
IPCA(1),2,-0.04352170
IPCA(1),2,0.06789922
IPCA(1),2,-0.00261969
IPCA(1),2,0.19189997
IPCA(1),2,0.01497376
IPCA(1),2,0.03855011
IPCA(1),2,-0.01725288
IPCA(1),2,0.05331315
IPCA(1),2,-0.02651384
IPCA(1),2,0.01531931
IPCA(1),2,0.06648485
IPCA(1),2,-0.01299670
IPCA(1),2,-0.01335231
IPCA(1),2,0.07192863
IPCA(1),2,0.04414305
IPCA(1),2,-0.00982642
IPCA(1),2,-0.01173458
IPCA(1),2,-0.01803443
IPCA(1),2,0.07681532
IPCA(1),2,0.09916570
IPCA(1),2,-0.00333583
IPCA(1),2,-0.02243095
IPCA(1),2,0.07590364
IPCA(1),2,-0.00514395
IPCA(1),2,0.04430975
IPCA(1),2,-0.01537555
IPCA(1),2,0.00612301
IPCA(1),2,-0.00353577
IPCA(1),2,-0.03440394
IPCA(1),2,0.00956805
IPCA(1),2,0.05290629
IPCA(1),2,0.02616404
IPCA(1),2,-0.00978663
IPCA(1),2,-0.03049777
IPCA(1),2,-0.01725852
IPCA(1),2,-0.00203206
IPCA(1),2,0.03768575
IPCA(1),2,-0.00851181
IPCA(1),2,-0.06476556
IPCA(1),2,-0.01481095
IPCA(1),2,-0.01040228
IPCA(1),2,0.03310932
IPCA(1),2,-0.02130470
IPCA(1),2,-0.02022563
IPCA(1),2,0.04532924
IPCA(1),2,0.02298742
IPCA(1),2,0.03847014
IPCA(1),2,-0.00672701
IPCA(1),2,0.02240218
IPCA(1),2,0.02840397
IPCA(1),2,-0.00391698
IPCA(1),2,0.09657203
IPCA(1),2,-0.01436496
IPCA(1),2,-0.04257081
IPCA(1),2,0.02920545
IPCA(1),2,-0.00514353
IPCA(1),2,0.16946756
IPCA(1),2,0.05399347
IPCA(1),2,0.02521333
IPCA(1),2,0.07485853
IPCA(1),2,0.01242204
IPCA(1),2,-0.02434539
IPCA(1),2,-0.00322327
IPCA(1),2,0.06284326
IPCA(1),2,0.02335393
IPCA(1),2,0.08726189
IPCA(1),2,-0.00532761
IPCA(1),2,-0.01722560
IPCA(1),2,0.01302057
IPCA(1),2,0.05723914
IPCA(1),2,0.00758727
IPCA(1),2,-0.02408629
IPCA(1),2,0.02545537
IPCA(1),2,-0.02459939
IPCA(1),2,-0.02705506
IPCA(1),2,-0.04255356
IPCA(1),2,0.12609914
IPCA(1),2,0.05839531
IPCA(1),2,0.00871137
IPCA(1),2,0.10388572
IPCA(1),2,-0.02131480
IPCA(1),2,-0.04122425
IPCA(1),2,0.00109864
IPCA(1),2,-0.01570690
IPCA(1),2,-0.04426917
IPCA(1),2,-0.02461332
IPCA(1),2,-0.00252107
IPCA(1),2,-0.01395067
IPCA(1),2,0.00868603
IPCA(1),2,0.02326218
IPCA(1),2,0.01104278
IPCA(1),2,0.04044621
IPCA(1),2,0.07803176
IPCA(1),2,0.01793609
IPCA(1),2,-0.02457864
IPCA(1),2,-0.01443096
IPCA(1),2,-0.00539559
IPCA(1),2,-0.00354850
IPCA(1),2,-0.01004457
IPCA(1),2,-0.03813059
IPCA(1),2,0.12223353
IPCA(1),2,0.09166754
IPCA(1),2,0.07647453
IPCA(1),2,-0.01462450
IPCA(1),2,0.08096230
IPCA(1),2,0.00310191
IPCA(1),2,0.01021115
IPCA(1),2,0.03302654
IPCA(1),2,0.08282888
IPCA(1),2,0.04558905
IPCA(1),2,0.05475838
IPCA(1),2,0.16909062
IPCA(1),2,0.00860556
IPCA(1),2,-0.01122719
IPCA(1),2,0.01132334
IPCA(1),2,0.00867437
IPCA(1),2,0.01469531
IPCA(1),2,0.03804330
IPCA(1),2,0.12122026
IPCA(1),2,0.15705917
IPCA(1),2,0.04341229
IPCA(1),2,0.05900071
IPCA(1),2,0.10631507
IPCA(1),2,0.01009599
IPCA(1),2,0.05797089
IPCA(1),2,-0.03545597
IPCA(1),2,0.03436420
IPCA(1),2,-0.03374688
IPCA(1),2,-0.00099416
IPCA(1),2,0.06444289
IPCA(1),2,0.01571151
IPCA(1),2,0.02350150
IPCA(1),2,-0.02666627
IPCA(1),2,0.05950416
IPCA(1),2,0.03001467
IPCA(1),2,0.07608553
IPCA(1),2,0.01987989
IPCA(1),2,-0.02012096
IPCA(1),2,0.06476816
IPCA(1),3,-0.00379537
IPCA(1),3,-0.03280178
IPCA(1),3,-0.04302522
IPCA(1),3,-0.01844174
IPCA(1),3,-0.02647717
IPCA(1),3,0.02780708
IPCA(1),3,0.01255336
IPCA(1),3,-0.05021541
IPCA(1),3,-0.05671691
IPCA(1),3,0.03076326
IPCA(1),3,-0.03654270
IPCA(1),3,-0.05700001
IPCA(1),3,-0.00715347
IPCA(1),3,-0.01448297
IPCA(1),3,-0.02492980
IPCA(1),3,-0.06367563
IPCA(1),3,-0.06176898
IPCA(1),3,0.03510071
IPCA(1),3,0.00460717
IPCA(1),3,-0.04625720
IPCA(1),3,-0.06917908
IPCA(1),3,-0.01972746
IPCA(1),3,-0.00609037
IPCA(1),3,-0.01865787
IPCA(1),3,-0.05065324
IPCA(1),3,-0.03101038
IPCA(1),3,-0.06263572
IPCA(1),3,-0.03546278
IPCA(1),3,-0.01163242
IPCA(1),3,-0.03926894
IPCA(1),3,-0.02473311
IPCA(1),3,-0.01852102
IPCA(1),3,-0.04707769
IPCA(1),3,-0.05415686
IPCA(1),3,0.01336690
IPCA(1),3,0.02176589
IPCA(1),3,-0.08926533
IPCA(1),3,-0.03875384
IPCA(1),3,-0.02484546
IPCA(1),3,-0.02132358
IPCA(1),3,-0.00999235
IPCA(1),3,-0.05404885
IPCA(1),3,-0.02745236
IPCA(1),3,-0.03422643
IPCA(1),3,-0.03223365
IPCA(1),3,-0.02958187
IPCA(1),3,-0.00252263
IPCA(1),3,-0.05575164
IPCA(1),3,-0.01617557
IPCA(1),3,-0.01895165
IPCA(1),3,-0.04107359
IPCA(1),3,-0.01804239
IPCA(1),3,0.04917321
IPCA(1),3,-0.01412638
IPCA(1),3,-0.01962866
IPCA(1),3,-0.05479651
IPCA(1),3,-0.06663965
IPCA(1),3,-0.00840975
IPCA(1),3,-0.03944816
IPCA(1),3,-0.04726968
IPCA(1),3,-0.03615154
IPCA(1),3,-0.03920732
IPCA(1),3,-0.04139055
IPCA(1),3,-0.05195383
IPCA(1),3,-0.03472361
IPCA(1),3,-0.00845508
IPCA(1),3,-0.05299643
IPCA(1),3,-0.04771848
IPCA(1),3,-0.05632755
IPCA(1),3,-0.03744750
IPCA(1),3,-0.00916890
IPCA(1),3,-0.04895691
IPCA(1),3,0.00063728
IPCA(1),3,-0.03398201
IPCA(1),3,0.02662156
IPCA(1),3,-0.00813427
IPCA(1),3,-0.05741850
IPCA(1),3,-0.05328136
IPCA(1),3,-0.02525938
IPCA(1),3,-0.03309535
IPCA(1),3,0.00080717
IPCA(1),3,-0.00576394
IPCA(1),3,-0.04612504
IPCA(1),3,-0.02503357
IPCA(1),3,-0.00400470
IPCA(1),3,0.01457369
IPCA(1),3,-0.04312733
IPCA(1),3,-0.00934922
IPCA(1),3,0.01420650
IPCA(1),3,-0.02175379
IPCA(1),3,-0.03993252
IPCA(1),3,-0.00790361
IPCA(1),3,-0.05357249
IPCA(1),3,-0.02070946
IPCA(1),3,-0.00975225
IPCA(1),3,-0.07731479
IPCA(1),3,-0.05848440
IPCA(1),3,-0.02958169
IPCA(1),3,0.02915811
IPCA(1),3,0.01333104
IPCA(1),3,-0.02303041
IPCA(1),3,-0.02496698
IPCA(1),3,-0.05653750
IPCA(1),3,-0.03546730
IPCA(1),3,-0.05657175
IPCA(1),3,-0.06790794
IPCA(1),3,-0.04618203
IPCA(1),3,-0.06741260
IPCA(1),3,-0.02622762
IPCA(1),3,-0.03088321
IPCA(1),3,-0.04355259
IPCA(1),3,-0.03181459
IPCA(1),3,-0.03612714
IPCA(1),3,-0.04618774
IPCA(1),3,-0.02150524
IPCA(1),3,0.01422235
IPCA(1),3,-0.02975893
IPCA(1),3,-0.00382941
IPCA(1),3,-0.03603031
IPCA(1),3,-0.01362000
IPCA(1),3,-0.01197423
IPCA(1),3,-0.04127073
IPCA(1),3,-0.02202791
IPCA(1),3,-0.05357378
IPCA(1),3,-0.01766089
IPCA(1),3,-0.04015527
IPCA(1),3,-0.06907880
IPCA(1),3,-0.04481348
IPCA(1),3,-0.01333309
IPCA(1),3,-0.00162019
IPCA(1),3,-0.04229336
IPCA(1),3,0.01145826
IPCA(1),3,-0.05879486
IPCA(1),3,-0.02362466
IPCA(1),3,-0.00898208
IPCA(1),3,0.01988477
IPCA(1),3,-0.01912477
IPCA(1),3,-0.02376815
IPCA(1),3,-0.01907522
IPCA(1),3,-0.04401418
IPCA(1),3,-0.02474231
IPCA(1),3,-0.04894010
IPCA(1),3,-0.01268016
IPCA(1),3,0.01001720
IPCA(1),3,-0.03373081
IPCA(1),3,-0.06471489
IPCA(1),3,-0.06586757
IPCA(1),3,-0.05944425
IPCA(1),3,0.00998595
IPCA(1),3,-0.02408249
IPCA(1),3,-0.02603599
IPCA(1),3,-0.04427343
IPCA(1),3,-0.04667803
IPCA(1),3,-0.01888816
IPCA(1),3,-0.01726540
IPCA(1),3,0.02546367
IPCA(1),3,-0.03028683
IPCA(1),3,-0.04680955
IPCA(1),3,0.00334060
IPCA(1),3,-0.01246258
IPCA(1),3,-0.00439871
IPCA(1),3,-0.02478680
IPCA(1),3,-0.05156175
IPCA(1),3,-0.04132191
IPCA(1),3,-0.05126876
IPCA(1),3,0.01564321
IPCA(1),3,-0.05889221
IPCA(1),3,-0.02761402
IPCA(1),3,0.00039095
IPCA(1),3,-0.03023645
IPCA(1),3,-0.05715935
IPCA(1),3,0.04240812
IPCA(1),3,-0.02484675
IPCA(1),3,-0.02762845
IPCA(1),3,-0.03571252
IPCA(1),3,-0.02360698
IPCA(1),3,-0.00807816
IPCA(1),3,-0.02018664
IPCA(1),3,0.06681088
IPCA(1),3,-0.04985989
IPCA(1),3,-0.10195387
IPCA(1),3,0.01371205
IPCA(1),3,0.01753345
IPCA(1),3,-0.02463379
IPCA(1),3,0.04185515
IPCA(1),3,-0.02779157
IPCA(1),3,-0.01214380
IPCA(1),3,-0.01858330
IPCA(1),3,-0.02858684
IPCA(1),3,-0.03761893
IPCA(1),3,-0.02587085
IPCA(1),3,-0.00688303
IPCA(1),3,-0.04279736
IPCA(1),3,-0.03363862
IPCA(1),3,-0.07118680
IPCA(1),3,0.00109406
IPCA(1),3,-0.01383146
IPCA(1),3,-0.02714253
IPCA(1),3,-0.04105990
IPCA(1),3,-0.03148666
IPCA(1),3,-0.02040370
IPCA(1),3,0.00111253
IPCA(1),3,-0.02176804
IPCA(1),3,-0.05395737
IPCA(1),3,0.02652884
IPCA(1),3,-0.01774810
IPCA(1),3,-0.00289682
IPCA(1),3,-0.05710397
IPCA(1),3,0.00655299
IPCA(1),3,-0.04731816
IPCA(1),3,-0.05105116
IPCA(1),3,-0.00960502
IPCA(1),3,-0.02047359
IPCA(1),3,-0.03051521
IPCA(1),3,-0.02798139
IPCA(1),3,-0.00945953
IPCA(1),3,-0.00702160
IPCA(1),3,-0.01197534
IPCA(1),3,-0.04470309
IPCA(1),3,-0.00555642
IPCA(1),3,-0.02536924
IPCA(1),3,-0.03723771
IPCA(1),3,-0.02004362
IPCA(1),3,-0.04432305
IPCA(1),3,0.02138067
IPCA(1),3,-0.01310795
IPCA(1),3,-0.02219773
IPCA(1),3,-0.02524408
IPCA(1),3,-0.01994855
IPCA(1),3,-0.02727039
IPCA(1),3,-0.02223462
IPCA(1),3,0.05749455
IPCA(1),3,-0.00524268
IPCA(1),3,-0.01165838
IPCA(1),3,-0.02689827
IPCA(1),3,-0.03223470
IPCA(1),3,-0.02675608
IPCA(1),3,-0.01386910
IPCA(1),3,-0.03494024
IPCA(1),3,-0.04522404
IPCA(1),3,-0.01465520
IPCA(1),3,-0.02322775
IPCA(1),3,0.05507254
IPCA(1),3,-0.01306002
IPCA(1),3,-0.01204580
IPCA(1),3,-0.01214246
IPCA(1),3,-0.04454318
IPCA(1),3,-0.04115394
IPCA(1),3,-0.00043404
IPCA(1),3,-0.01786018
IPCA(1),3,-0.01980719
IPCA(1),3,0.05496193
IPCA(1),3,0.00544120
IPCA(1),3,-0.02041892
IPCA(1),3,0.00653249
IPCA(1),3,-0.07198980
IPCA(1),3,-0.01196206
IPCA(1),3,-0.06285092
IPCA(1),3,-0.05306272
IPCA(1),3,-0.02195034
IPCA(1),3,-0.07455327
IPCA(1),3,0.02364566
IPCA(1),3,-0.02109961
IPCA(1),3,0.00739443
IPCA(1),3,0.00953906
IPCA(1),3,-0.02923531
IPCA(1),3,-0.01502341
IPCA(1),3,-0.05544520
IPCA(1),3,-0.02749041
IPCA(1),3,-0.00997862
IPCA(1),3,0.02043016
IPCA(1),3,0.00778217
IPCA(1),3,-0.01866066
IPCA(1),3,-0.01040224
IPCA(1),3,0.03257063
IPCA(1),3,-0.01825624
IPCA(1),3,-0.00524271
IPCA(1),3,-0.01099711
IPCA(1),3,-0.02946805
IPCA(1),3,-0.05814780
IPCA(1),3,-0.02803372
IPCA(1),3,0.00079414
IPCA(1),3,-0.02979610
IPCA(1),3,-0.01584020
IPCA(1),3,-0.05424570
IPCA(1),3,-0.03629659
IPCA(1),3,-0.06691326
IPCA(1),3,0.00045757
IPCA(1),3,-0.06719500
IPCA(1),3,-0.03457379
IPCA(1),3,-0.03477672
IPCA(1),3,-0.03173886
IPCA(1),3,-0.04328785
IPCA(1),3,-0.00010579
IPCA(1),3,-0.04935924
IPCA(1),3,0.00620204
IPCA(1),3,-0.03199807
IPCA(1),3,-0.03588761
IPCA(1),3,-0.01792997
IPCA(1),3,-0.04980881
IPCA(1),3,-0.01598218
IPCA(1),3,-0.07807251
IPCA(1),3,-0.07378374
IPCA(1),3,-0.05683766
IPCA(1),3,-0.05880367
IPCA(1),3,-0.01138474
IPCA(1),3,-0.03280389
IPCA(1),3,-0.04640738
IPCA(1),3,-0.02849833
IPCA(1),3,-0.03408011
IPCA(1),3,-0.01694659
IPCA(1),3,-0.03000298
IPCA(1),3,0.01560179
IPCA(1),3,-0.05342780
IPCA(1),3,-0.04587706
IPCA(1),3,-0.07834902
IPCA(1),3,0.04063900
IPCA(1),3,-0.03628791
IPCA(1),3,-0.01249482
IPCA(1),3,0.02502199
IPCA(1),3,-0.04387393
IPCA(1),4,0.04104273
IPCA(1),4,-0.05128322
IPCA(1),4,0.00012600
IPCA(1),4,0.01725800
IPCA(1),4,-0.02548022
IPCA(1),4,0.03328330
IPCA(1),4,-0.04542523
IPCA(1),4,-0.05366835
IPCA(1),4,0.03673895
IPCA(1),4,-0.04938077
IPCA(1),4,-0.03688207
IPCA(1),4,-0.03224372
IPCA(1),4,-0.03505472
IPCA(1),4,-0.01179142
IPCA(1),4,-0.03804470
IPCA(1),4,-0.01897010
IPCA(1),4,-0.00827324
IPCA(1),4,-0.02903531
IPCA(1),4,-0.01227061
IPCA(1),4,-0.03233443
IPCA(1),4,-0.04010458
IPCA(1),4,-0.00857076
IPCA(1),4,-0.02937308
IPCA(1),4,-0.05777914
IPCA(1),4,-0.01250209
IPCA(1),4,-0.05124197
IPCA(1),4,-0.02772678
IPCA(1),4,0.05101595
IPCA(1),4,0.03248598
IPCA(1),4,-0.03000555
IPCA(1),4,0.04270796
IPCA(1),4,-0.03414699
IPCA(1),4,-0.05800150
IPCA(1),4,-0.03860368
IPCA(1),4,-0.03793098
IPCA(1),4,-0.01176944
IPCA(1),4,-0.05033430
IPCA(1),4,-0.03756908
IPCA(1),4,-0.00284026
IPCA(1),4,-0.02208961
IPCA(1),4,-0.01035107
IPCA(1),4,-0.01049438
IPCA(1),4,-0.05144150
IPCA(1),4,-0.04221753
IPCA(1),4,-0.03252404
IPCA(1),4,-0.03021721
IPCA(1),4,-0.03569567
IPCA(1),4,0.00668161
IPCA(1),4,0.02539641
IPCA(1),4,-0.01620081
IPCA(1),4,-0.06950784
IPCA(1),4,-0.08418231
IPCA(1),4,-0.01404907
IPCA(1),4,-0.00261002
IPCA(1),4,-0.04908267
IPCA(1),4,-0.03760956
IPCA(1),4,-0.02907145
IPCA(1),4,-0.03425749
IPCA(1),4,-0.02536751
IPCA(1),4,-0.03211539
IPCA(1),4,-0.03438886
IPCA(1),4,-0.04871293
IPCA(1),4,-0.02698156
IPCA(1),4,-0.01551307
IPCA(1),4,-0.05465465
IPCA(1),4,-0.02912728
IPCA(1),4,0.08719705
IPCA(1),4,-0.00915640
IPCA(1),4,-0.03230269
IPCA(1),4,0.03824147
IPCA(1),4,-0.04685935
IPCA(1),4,0.01926099
IPCA(1),4,-0.00216060
IPCA(1),4,-0.04194657
IPCA(1),4,-0.02685207
IPCA(1),4,-0.02194087
IPCA(1),4,-0.00847127
IPCA(1),4,0.03319959
IPCA(1),4,-0.03290320
IPCA(1),4,-0.06664313
IPCA(1),4,-0.01682463
IPCA(1),4,-0.01278628
IPCA(1),4,-0.04631956
IPCA(1),4,0.00016663
IPCA(1),4,-0.01044162
IPCA(1),4,-0.03861152
IPCA(1),4,-0.00071375
IPCA(1),4,0.01605304
IPCA(1),4,-0.02401960
IPCA(1),4,-0.03721259
IPCA(1),4,-0.03384619
IPCA(1),4,-0.01968947
IPCA(1),4,-0.01396750
IPCA(1),4,-0.03218897
IPCA(1),4,-0.03783292
IPCA(1),4,-0.02187594
IPCA(1),4,0.00283629
IPCA(1),4,-0.02393519
IPCA(1),4,0.01547523
IPCA(1),4,-0.02507988
IPCA(1),4,0.00110041
IPCA(1),4,-0.04859295
IPCA(1),4,-0.01998458
IPCA(1),4,0.00028430
IPCA(1),4,-0.03685845
IPCA(1),4,-0.04939356
IPCA(1),4,-0.01760248
IPCA(1),4,-0.05246386
IPCA(1),4,-0.04881837
IPCA(1),4,-0.04681474
IPCA(1),4,-0.01679630
IPCA(1),4,-0.06833416
IPCA(1),4,-0.04262862
IPCA(1),4,-0.02257203
IPCA(1),4,0.00932476
IPCA(1),4,-0.05289545
IPCA(1),4,-0.03140368
IPCA(1),4,0.00273581
IPCA(1),4,-0.01287135
IPCA(1),4,-0.02297456
IPCA(1),4,-0.04013392
IPCA(1),4,-0.03679387
IPCA(1),4,-0.02724748
IPCA(1),4,-0.00309909
IPCA(1),4,-0.05044893
IPCA(1),4,0.01080729
IPCA(1),4,-0.02501367
IPCA(1),4,0.03058135
IPCA(1),4,0.05483119
IPCA(1),4,0.00993502
IPCA(1),4,-0.03670507
IPCA(1),4,0.01315149
IPCA(1),4,-0.02988858
IPCA(1),4,-0.05789747
IPCA(1),4,-0.05432279
IPCA(1),4,-0.03403355
IPCA(1),4,-0.00089276
IPCA(1),4,-0.01721491
IPCA(1),4,-0.01561255
IPCA(1),4,0.00627011
IPCA(1),4,0.00930992
IPCA(1),4,-0.03020187
IPCA(1),4,-0.01502909
IPCA(1),4,0.15882130
IPCA(1),4,0.00199345
IPCA(1),4,0.02615655
IPCA(1),4,-0.01865852
IPCA(1),4,0.06102336
IPCA(1),4,0.00023846
IPCA(1),4,0.03365672
IPCA(1),4,-0.02893616
IPCA(1),4,-0.01774779
IPCA(1),4,-0.00779694
IPCA(1),4,-0.03303996
IPCA(1),4,0.04917642
IPCA(1),4,0.04957339
IPCA(1),4,0.01825780
IPCA(1),4,-0.00497003
IPCA(1),4,-0.01931724
IPCA(1),4,-0.01275636
IPCA(1),4,-0.02342840
IPCA(1),4,0.02157278
IPCA(1),4,-0.03884245
IPCA(1),4,0.11324233
IPCA(1),4,-0.01440015
IPCA(1),4,-0.00837321
IPCA(1),4,-0.02319746
IPCA(1),4,0.01637668
IPCA(1),4,-0.02586731
IPCA(1),4,-0.00672588
IPCA(1),4,-0.02364583
IPCA(1),4,0.05255575
IPCA(1),4,0.00148531
IPCA(1),4,-0.00733592
IPCA(1),4,-0.01412074
IPCA(1),4,-0.04380715
IPCA(1),4,-0.04533909
IPCA(1),4,-0.01057158
IPCA(1),4,-0.01630219
IPCA(1),4,-0.03108090
IPCA(1),4,-0.06253950
IPCA(1),4,-0.00137021
IPCA(1),4,0.01955699
IPCA(1),4,0.01170024
IPCA(1),4,-0.00189095
IPCA(1),4,-0.02509521
IPCA(1),4,-0.06297617
IPCA(1),4,-0.02813635
IPCA(1),4,-0.05372925
IPCA(1),4,-0.02663906
IPCA(1),4,-0.02754995
IPCA(1),4,-0.05137553
IPCA(1),4,-0.01822430
IPCA(1),4,0.03564573
IPCA(1),4,0.00845520
IPCA(1),4,-0.02194743
IPCA(1),4,0.01647296
IPCA(1),4,-0.01838233
IPCA(1),4,-0.02402916
IPCA(1),4,0.00587711
IPCA(1),4,-0.00225643
IPCA(1),4,-0.00605411
IPCA(1),4,-0.03651072
IPCA(1),4,0.01126875
IPCA(1),4,-0.00685403
IPCA(1),4,-0.05865270
IPCA(1),4,-0.00207599
IPCA(1),4,-0.04190813
IPCA(1),4,-0.04044885
IPCA(1),4,0.01216523
IPCA(1),4,-0.03671319
IPCA(1),4,-0.02992093
IPCA(1),4,-0.03706155
IPCA(1),4,-0.00156923
IPCA(1),4,0.01383458
IPCA(1),4,0.01978099
IPCA(1),4,-0.04019975
IPCA(1),4,-0.03634798
IPCA(1),4,0.01414704
IPCA(1),4,0.06136079
IPCA(1),4,-0.01977458
IPCA(1),4,-0.03095994
IPCA(1),4,-0.01324147
IPCA(1),4,-0.00337383
IPCA(1),4,-0.04646255
IPCA(1),4,0.01494235
IPCA(1),4,-0.02967679
IPCA(1),4,0.00858653
IPCA(1),4,-0.04141602
IPCA(1),4,-0.06252152
IPCA(1),4,-0.01031741
IPCA(1),4,-0.04484064
IPCA(1),4,-0.01790297
IPCA(1),4,-0.03136359
IPCA(1),4,-0.02540945
IPCA(1),4,-0.06149859
IPCA(1),4,-0.02169678
IPCA(1),4,-0.02596567
IPCA(1),4,-0.00673800
IPCA(1),4,-0.00475607
IPCA(1),4,0.04318665
IPCA(1),4,-0.03251249
IPCA(1),4,-0.00526905
IPCA(1),4,-0.02781363
IPCA(1),4,-0.02550148
IPCA(1),4,0.00519838
IPCA(1),4,-0.06767764
IPCA(1),4,-0.06977731
IPCA(1),4,-0.01950028
IPCA(1),4,-0.05485437
IPCA(1),4,-0.00712478
IPCA(1),4,-0.01244294
IPCA(1),4,-0.00843429
IPCA(1),4,0.04338557
IPCA(1),4,-0.00452333
IPCA(1),4,-0.08518372
IPCA(1),4,-0.04327013
IPCA(1),4,-0.01829476
IPCA(1),4,-0.02283403
IPCA(1),4,-0.01228697
IPCA(1),4,-0.01432728
IPCA(1),4,-0.00370226
IPCA(1),4,-0.03325824
IPCA(1),4,-0.05725093
IPCA(1),4,0.00766605
IPCA(1),4,-0.05808106
IPCA(1),4,-0.03325860
IPCA(1),4,0.03601976
IPCA(1),4,0.05220679
IPCA(1),4,-0.01860988
IPCA(1),4,-0.01748507
IPCA(1),4,-0.01727504
IPCA(1),4,0.00484623
IPCA(1),4,-0.02590323
IPCA(1),4,-0.06378456
IPCA(1),4,0.01995697
IPCA(1),4,-0.02037453
IPCA(1),4,-0.03774621
IPCA(1),4,-0.01260811
IPCA(1),4,-0.00969525
IPCA(1),4,-0.01270413
IPCA(1),4,-0.02778816
IPCA(1),4,-0.01276033
IPCA(1),4,-0.04553906
IPCA(1),4,-0.02180806
IPCA(1),4,-0.02765727
IPCA(1),4,-0.03820057
IPCA(1),4,-0.04611068
IPCA(1),4,-0.05828729
IPCA(1),4,-0.00843789
IPCA(1),4,-0.01091676
IPCA(1),4,-0.03110014
IPCA(1),4,-0.02854559
IPCA(1),4,-0.02341565
IPCA(1),4,-0.01464018
IPCA(1),4,-0.00299633
IPCA(1),4,-0.01678692
IPCA(1),4,0.05422689
IPCA(1),4,-0.04749042
IPCA(1),4,-0.05202515
IPCA(1),4,-0.02170461
IPCA(1),4,-0.02138314
IPCA(1),4,-0.03264951
IPCA(1),4,-0.02731709
IPCA(1),4,0.01276549
IPCA(1),4,0.04224227
IPCA(1),4,-0.04315546
IPCA(1),4,-0.00655664
IPCA(1),4,0.01746668
IPCA(1),4,-0.02762593
IPCA(1),4,-0.01358463
IPCA(1),4,-0.05319050
IPCA(1),4,-0.00290585
IPCA(1),4,-0.03483370
IPCA(1),4,-0.00202134
IPCA(1),4,0.05973613
IPCA(1),4,-0.01638150
IPCA(1),5,-0.01053601
IPCA(1),5,0.06351889
IPCA(1),5,-0.00638277
IPCA(1),5,0.00677819
IPCA(1),5,-0.03634078
IPCA(1),5,0.03003018
IPCA(1),5,0.01131145
IPCA(1),5,0.14665701
IPCA(1),5,0.06189898
IPCA(1),5,0.00285191
IPCA(1),5,0.03039467
IPCA(1),5,0.05846888
IPCA(1),5,-0.00181467
IPCA(1),5,0.17567817
IPCA(1),5,0.01202097
IPCA(1),5,0.01353407
IPCA(1),5,0.01655133
IPCA(1),5,0.01626330
IPCA(1),5,0.00636976
IPCA(1),5,0.03166015
IPCA(1),5,0.01518890
IPCA(1),5,-0.04927746
IPCA(1),5,0.06387250
IPCA(1),5,0.04599509
IPCA(1),5,0.00251674
IPCA(1),5,-0.00986231
IPCA(1),5,-0.01845132
IPCA(1),5,0.01893945
IPCA(1),5,0.07226282
IPCA(1),5,0.00804175
IPCA(1),5,0.00166452
IPCA(1),5,0.03663918
IPCA(1),5,0.12262283
IPCA(1),5,-0.02039072
IPCA(1),5,0.09349840
IPCA(1),5,-0.01937866
IPCA(1),5,0.03846857
IPCA(1),5,0.00760828
IPCA(1),5,-0.00705380
IPCA(1),5,0.06628189
IPCA(1),5,0.26077570
IPCA(1),5,-0.01352193
IPCA(1),5,0.04094104
IPCA(1),5,0.05484908
IPCA(1),5,-0.06282267
IPCA(1),5,0.09079782
IPCA(1),5,0.01431729
IPCA(1),5,-0.04415014
IPCA(1),5,0.07448797
IPCA(1),5,-0.00316229
IPCA(1),5,0.04466158
IPCA(1),5,-0.00542120
IPCA(1),5,0.01449334
IPCA(1),5,0.12088850
IPCA(1),5,0.12190099
IPCA(1),5,-0.02110311
IPCA(1),5,0.02921144
IPCA(1),5,-0.00173572
IPCA(1),5,-0.01055205
IPCA(1),5,0.12513137
IPCA(1),5,0.12307086
IPCA(1),5,0.24980667
IPCA(1),5,0.22840664
IPCA(1),5,0.02330905
IPCA(1),5,0.08127395
IPCA(1),5,0.06545156
IPCA(1),5,0.05537092
IPCA(1),5,0.04749351
IPCA(1),5,-0.05392125
IPCA(1),5,-0.07562733
IPCA(1),5,0.00092884
IPCA(1),5,-0.02454653
IPCA(1),5,0.07670550
IPCA(1),5,0.01204405
IPCA(1),5,0.17629674
IPCA(1),5,0.08801920
IPCA(1),5,0.05642746
IPCA(1),5,0.02874562
IPCA(1),5,0.04119058
IPCA(1),5,0.06753110
IPCA(1),5,0.01375466
IPCA(1),5,-0.02056432
IPCA(1),5,0.02259447
IPCA(1),5,0.00613151
IPCA(1),5,-0.02676684
IPCA(1),5,-0.00408035
IPCA(1),5,0.08385968
IPCA(1),5,-0.05508723
IPCA(1),5,0.05175415
IPCA(1),5,0.06667461
IPCA(1),5,0.00258907
IPCA(1),5,0.05828657
IPCA(1),5,0.05966279
IPCA(1),5,0.11968656
IPCA(1),5,0.06218326
IPCA(1),5,0.01996204
IPCA(1),5,0.11625985
IPCA(1),5,-0.03573966
IPCA(1),5,-0.01237438
IPCA(1),5,-0.03190721
IPCA(1),5,-0.00795691
IPCA(1),5,-0.01857930
IPCA(1),5,0.23920511
IPCA(1),5,-0.00950040
IPCA(1),5,0.00085035
IPCA(1),5,0.08345754
IPCA(1),5,-0.00462455
IPCA(1),5,-0.01087709
IPCA(1),5,-0.00618339
IPCA(1),5,0.10632966
IPCA(1),5,0.07701941
IPCA(1),5,0.02159860
IPCA(1),5,0.03915480
IPCA(1),5,0.01250989
IPCA(1),5,0.04861240
IPCA(1),5,0.04120489
IPCA(1),5,0.11439878
IPCA(1),5,0.02296733
IPCA(1),5,0.02128792
IPCA(1),5,0.02759118
IPCA(1),5,0.04179521
IPCA(1),5,0.12857872
IPCA(1),5,-0.03158977
IPCA(1),5,0.03720502
IPCA(1),5,0.02186124
IPCA(1),5,0.06209159
IPCA(1),5,0.02161299
IPCA(1),5,-0.00462260
IPCA(1),5,0.01651816
IPCA(1),5,-0.01219170
IPCA(1),5,-0.00056262
IPCA(1),5,-0.04334362
IPCA(1),5,-0.03550649
IPCA(1),5,-0.00900617
IPCA(1),5,0.03482069
IPCA(1),5,0.00969133
IPCA(1),5,0.04468395
IPCA(1),5,0.03605189
IPCA(1),5,-0.00141208
IPCA(1),5,0.10680220
IPCA(1),5,0.03415572
IPCA(1),5,-0.00368863
IPCA(1),5,0.01826069
IPCA(1),5,0.03672278
IPCA(1),5,0.00884060
IPCA(1),5,0.01134821
IPCA(1),5,0.03425730
IPCA(1),5,0.01204311
IPCA(1),5,0.10814093
IPCA(1),5,-0.01627646
IPCA(1),5,0.00043234
IPCA(1),5,-0.00289744
IPCA(1),5,0.07352530
IPCA(1),5,-0.03731021
IPCA(1),5,-0.04597243
IPCA(1),5,-0.03792007
IPCA(1),5,0.03990909
IPCA(1),5,-0.01602768
IPCA(1),5,0.07201817
IPCA(1),5,0.06143431
IPCA(1),5,-0.00158164
IPCA(1),5,0.19111419
IPCA(1),5,0.01185720
IPCA(1),5,0.01802760
IPCA(1),5,0.01510089
IPCA(1),5,0.00921935
IPCA(1),5,0.08575549
IPCA(1),5,0.03291078
IPCA(1),5,-0.05973743
IPCA(1),5,0.20809462
IPCA(1),5,0.01439822
IPCA(1),5,0.02991809
IPCA(1),5,-0.00649024
IPCA(1),5,0.01907819
IPCA(1),5,0.05124622
IPCA(1),5,-0.01113510
IPCA(1),5,0.01233826
IPCA(1),5,0.09546629
IPCA(1),5,-0.02441051
IPCA(1),5,-0.03403480
IPCA(1),5,-0.00427174
IPCA(1),5,-0.11900818
IPCA(1),5,-0.01088484
IPCA(1),5,-0.07315451
IPCA(1),5,0.02309367
IPCA(1),5,0.01761845
IPCA(1),5,0.03577532
IPCA(1),5,0.05662402
IPCA(1),5,-0.03725187
IPCA(1),5,0.02762507
IPCA(1),5,0.00447522
IPCA(1),5,0.12704186
IPCA(1),5,0.00494847
IPCA(1),5,-0.01707854
IPCA(1),5,0.03871551
IPCA(1),5,-0.01087540
IPCA(1),5,-0.00532440
IPCA(1),5,0.05604592
IPCA(1),5,0.02404716
IPCA(1),5,-0.01021398
IPCA(1),5,0.01321202
IPCA(1),5,0.07839050
IPCA(1),5,0.01915580
IPCA(1),5,-0.01216035
IPCA(1),5,0.04841538
IPCA(1),5,0.02983070
IPCA(1),5,0.09630760
IPCA(1),5,0.08065070
IPCA(1),5,-0.02154072
IPCA(1),5,0.04371071
IPCA(1),5,0.01451698
IPCA(1),5,0.02934317
IPCA(1),5,0.09778907
IPCA(1),5,0.21516004
IPCA(1),5,0.12432415
IPCA(1),5,0.02576642
IPCA(1),5,-0.06329289
IPCA(1),5,0.05376631
IPCA(1),5,0.09039554
IPCA(1),5,0.01346607
IPCA(1),5,0.01614560
IPCA(1),5,-0.03037337
IPCA(1),5,0.02540734
IPCA(1),5,-0.01432926
IPCA(1),5,0.02073572
IPCA(1),5,0.02952140
IPCA(1),5,0.04644377
IPCA(1),5,-0.00043603
IPCA(1),5,-0.04568480
IPCA(1),5,0.03681286
IPCA(1),5,-0.00867554
IPCA(1),5,0.00187407
IPCA(1),5,0.29028707
IPCA(1),5,0.01450054
IPCA(1),5,-0.00365847
IPCA(1),5,0.06432235
IPCA(1),5,0.05574704
IPCA(1),5,-0.01729803
IPCA(1),5,0.02954319
IPCA(1),5,-0.00023577
IPCA(1),5,0.01797866
IPCA(1),5,-0.00009220
IPCA(1),5,-0.02256757
IPCA(1),5,0.03488059
IPCA(1),5,0.05629150
IPCA(1),5,-0.02185826
IPCA(1),5,0.01908405
IPCA(1),5,0.03407103
IPCA(1),5,-0.01357022
IPCA(1),5,0.02309884
IPCA(1),5,0.02872906
IPCA(1),5,0.20266917
IPCA(1),5,-0.02653637
IPCA(1),5,0.03775998
IPCA(1),5,0.09039926
IPCA(1),5,0.01573736
IPCA(1),5,0.03999433
IPCA(1),5,0.00514975
IPCA(1),5,0.06864715
IPCA(1),5,0.05624813
IPCA(1),5,0.11666482
IPCA(1),5,0.02963797
IPCA(1),5,-0.00535831
IPCA(1),5,-0.01494477
IPCA(1),5,0.02477413
IPCA(1),5,0.01319195
IPCA(1),5,0.05396409
IPCA(1),5,-0.03611855
IPCA(1),5,0.00749344
IPCA(1),5,-0.02283142
IPCA(1),5,0.01170362
IPCA(1),5,-0.03562677
IPCA(1),5,0.01040741
IPCA(1),5,0.01760703
IPCA(1),5,0.12721618
IPCA(1),5,0.02074383
IPCA(1),5,-0.01714988
IPCA(1),5,0.12035560
IPCA(1),5,-0.01770368
IPCA(1),5,0.03810828
IPCA(1),5,-0.02628574
IPCA(1),5,0.04457914
IPCA(1),5,-0.03313247
IPCA(1),5,-0.01412863
IPCA(1),5,-0.01261685
IPCA(1),5,0.01751762
IPCA(1),5,-0.02175343
IPCA(1),5,-0.00828845
IPCA(1),5,-0.09388717
IPCA(1),5,-0.02858194
IPCA(1),5,-0.00507271
IPCA(1),5,0.02001645
IPCA(1),5,0.04491109
IPCA(1),5,0.16116723
IPCA(1),5,-0.00040301
IPCA(1),5,0.04843231
IPCA(1),5,-0.03246627
IPCA(1),5,-0.00475627
IPCA(1),5,-0.05377588
IPCA(1),5,0.00055178
IPCA(1),5,-0.02798203
IPCA(1),5,-0.06083792
IPCA(1),5,-0.01311951
IPCA(1),5,-0.01398421
IPCA(1),5,-0.02202005
IPCA(1),5,0.05526837
IPCA(1),5,0.00636633
IPCA(1),5,-0.00997379
IPCA(1),5,-0.03263651
IPCA(1),5,0.01011316
IPCA(1),5,-0.01330205
IPCA(1),5,-0.00522943
IPCA(1),5,0.05317855
IPCA(1),5,-0.00900227
IPCA(1),5,-0.02092803
IPCA(1),5,0.01733464
IPCA(1),6,0.03731031
IPCA(1),6,0.03223551
IPCA(1),6,0.09817060
IPCA(1),6,0.03278689
IPCA(1),6,0.01891570
IPCA(1),6,-0.01619609
IPCA(1),6,0.03863167
IPCA(1),6,0.06650992
IPCA(1),6,0.03959473
IPCA(1),6,0.02693684
IPCA(1),6,-0.00619832
IPCA(1),6,0.03489644
IPCA(1),6,0.02558931
IPCA(1),6,0.01691531
IPCA(1),6,0.00871083
IPCA(1),6,0.02793384
IPCA(1),6,0.01235366
IPCA(1),6,-0.03941859
IPCA(1),6,0.01629352
IPCA(1),6,0.03595943
IPCA(1),6,0.08677579
IPCA(1),6,0.00936417
IPCA(1),6,0.03281442
IPCA(1),6,0.01206079
IPCA(1),6,0.08520002
IPCA(1),6,0.06262855
IPCA(1),6,0.01659045
IPCA(1),6,0.07928737
IPCA(1),6,-0.03100167
IPCA(1),6,0.05771620
IPCA(1),6,0.05999664
IPCA(1),6,-0.01360189
IPCA(1),6,0.16615313
IPCA(1),6,0.04165829
IPCA(1),6,-0.01845840
IPCA(1),6,-0.00173735
IPCA(1),6,0.16655948
IPCA(1),6,0.02241742
IPCA(1),6,0.02425467
IPCA(1),6,-0.01577236
IPCA(1),6,0.03511069
IPCA(1),6,0.14866083
IPCA(1),6,0.22115251
IPCA(1),6,0.09521355
IPCA(1),6,-0.00197832
IPCA(1),6,0.02539181
IPCA(1),6,-0.00167976
IPCA(1),6,0.07788542
IPCA(1),6,0.04180246
IPCA(1),6,-0.01429634
IPCA(1),6,0.00016655
IPCA(1),6,0.00714734
IPCA(1),6,0.00059239
IPCA(1),6,0.06597706
IPCA(1),6,0.05423410
IPCA(1),6,0.00378067
IPCA(1),6,0.02356199
IPCA(1),6,-0.00405146
IPCA(1),6,0.08743741
IPCA(1),6,0.00216739
IPCA(1),6,0.05341529
IPCA(1),6,0.01807278
IPCA(1),6,0.02656668
IPCA(1),6,-0.02573666
IPCA(1),6,0.01528444
IPCA(1),6,0.02722451
IPCA(1),6,0.04930792
IPCA(1),6,-0.03357593
IPCA(1),6,0.04480335
IPCA(1),6,0.10081554
IPCA(1),6,0.07668005
IPCA(1),6,0.03067100
IPCA(1),6,0.17004274
IPCA(1),6,-0.04626391
IPCA(1),6,0.02469022
IPCA(1),6,0.04274486
IPCA(1),6,0.09668114
IPCA(1),6,0.04159866
IPCA(1),6,0.03012204
IPCA(1),6,0.02112851
IPCA(1),6,0.03401358
IPCA(1),6,0.11082304
IPCA(1),6,0.00300833
IPCA(1),6,0.10839444
IPCA(1),6,0.02261142
IPCA(1),6,0.05556523
IPCA(1),6,-0.01567001
IPCA(1),6,0.00777467
IPCA(1),6,-0.02928811
IPCA(1),6,0.02688426
IPCA(1),6,0.05181999
IPCA(1),6,0.06696415
IPCA(1),6,0.03358715
IPCA(1),6,0.11271818
IPCA(1),6,0.01821653
IPCA(1),6,0.05124541
IPCA(1),6,0.07490660
IPCA(1),6,0.10243605
IPCA(1),6,-0.00789300
IPCA(1),6,0.07941000
IPCA(1),6,0.01220005
IPCA(1),6,0.04811884
IPCA(1),6,0.06497603
IPCA(1),6,-0.04158632
IPCA(1),6,-0.04159540
IPCA(1),6,0.04803355
IPCA(1),6,0.02794701
IPCA(1),6,0.06124527
IPCA(1),6,0.08189696
IPCA(1),6,0.04148637
IPCA(1),6,0.07537170
IPCA(1),6,0.06407350
IPCA(1),6,0.03955464
IPCA(1),6,0.06467725
IPCA(1),6,0.02658633
IPCA(1),6,0.08080666
IPCA(1),6,0.00462372
IPCA(1),6,0.05396132
IPCA(1),6,0.03099839
IPCA(1),6,0.06071942
IPCA(1),6,0.04702055
IPCA(1),6,0.03571538
IPCA(1),6,0.03375285
IPCA(1),6,-0.01452895
IPCA(1),6,0.02229791
IPCA(1),6,0.05208718
IPCA(1),6,0.04158065
IPCA(1),6,0.01717036
IPCA(1),6,0.05889329
IPCA(1),6,-0.02080539
IPCA(1),6,0.04420191
IPCA(1),6,0.06725325
IPCA(1),6,0.06247921
IPCA(1),6,0.05356846
IPCA(1),6,0.02357416
IPCA(1),6,-0.00297093
IPCA(1),6,0.05739065
IPCA(1),6,0.01243094
IPCA(1),6,0.03176774
IPCA(1),6,0.14908326
IPCA(1),6,0.00344959
IPCA(1),6,0.04782457
IPCA(1),6,0.04093586
IPCA(1),6,-0.05128248
IPCA(1),6,0.03280104
IPCA(1),6,0.03521373
IPCA(1),6,0.15856120
IPCA(1),6,0.10251930
IPCA(1),6,0.05160385
IPCA(1),6,0.05516094
IPCA(1),6,0.00423605
IPCA(1),6,0.10475001
IPCA(1),6,0.04566591
IPCA(1),6,0.03440007
IPCA(1),6,0.13432460
IPCA(1),6,0.12024717
IPCA(1),6,0.00872843
IPCA(1),6,-0.03577009
IPCA(1),6,0.09133798
IPCA(1),6,0.12174829
IPCA(1),6,0.04029888
IPCA(1),6,-0.01304451
IPCA(1),6,-0.04036308
IPCA(1),6,0.03875684
IPCA(1),6,0.02795530
IPCA(1),6,0.07922584
IPCA(1),6,0.14170682
IPCA(1),6,0.03665403
IPCA(1),6,0.03348729
IPCA(1),6,0.02707398
IPCA(1),6,0.02322321
IPCA(1),6,0.04122971
IPCA(1),6,0.06614740
IPCA(1),6,0.04181769
IPCA(1),6,0.06254895
IPCA(1),6,-0.04412516
IPCA(1),6,0.01747190
IPCA(1),6,0.02493677
IPCA(1),6,0.04936722
IPCA(1),6,0.01977511
IPCA(1),6,0.09583950
IPCA(1),6,0.00511957
IPCA(1),6,0.03456454
IPCA(1),6,0.00586967
IPCA(1),6,-0.00686603
IPCA(1),6,-0.01303291
IPCA(1),6,0.00304144
IPCA(1),6,0.05165728
IPCA(1),6,0.01518024
IPCA(1),6,0.05844635
IPCA(1),6,0.05101546
IPCA(1),6,-0.00864204
IPCA(1),6,-0.01242609
IPCA(1),6,0.00611501
IPCA(1),6,0.00441784
IPCA(1),6,0.03634824
IPCA(1),6,0.07287241
IPCA(1),6,0.01111058
IPCA(1),6,-0.00753585
IPCA(1),6,0.04710192
IPCA(1),6,0.04129016
IPCA(1),6,0.10422345
IPCA(1),6,0.04465159
IPCA(1),6,0.03992325
IPCA(1),6,0.09303729
IPCA(1),6,0.05381803
IPCA(1),6,0.08890067
IPCA(1),6,0.06384291
IPCA(1),6,0.12592687
IPCA(1),6,0.04133104
IPCA(1),6,0.04614869
IPCA(1),6,0.03499989
IPCA(1),6,-0.03849527
IPCA(1),6,0.07009657
IPCA(1),6,0.00773363
IPCA(1),6,0.01753058
IPCA(1),6,0.01506790
IPCA(1),6,0.02169339
IPCA(1),6,0.09458731
IPCA(1),6,-0.03381004
IPCA(1),6,0.00291589
IPCA(1),6,0.06986193
IPCA(1),6,0.04841411
IPCA(1),6,0.04790213
IPCA(1),6,0.04977667
IPCA(1),6,0.10554780
IPCA(1),6,0.03794995
IPCA(1),6,0.03644410
IPCA(1),6,0.04155095
IPCA(1),6,0.01736110
IPCA(1),6,0.08925634
IPCA(1),6,0.06569088
IPCA(1),6,0.07349756
IPCA(1),6,0.01966428
IPCA(1),6,0.04254899
IPCA(1),6,0.03157811
IPCA(1),6,0.00404946
IPCA(1),6,0.09871926
IPCA(1),6,0.04266002
IPCA(1),6,0.02342773
IPCA(1),6,0.01574261
IPCA(1),6,0.04875487
IPCA(1),6,0.05349987
IPCA(1),6,0.07219704
IPCA(1),6,0.08760805
IPCA(1),6,0.00526950
IPCA(1),6,0.05122227
IPCA(1),6,0.14726439
IPCA(1),6,0.04712367
IPCA(1),6,0.05099301
IPCA(1),6,0.05377065
IPCA(1),6,0.02081518
IPCA(1),6,0.00751014
IPCA(1),6,0.07823676
IPCA(1),6,-0.00169575
IPCA(1),6,0.02244824
IPCA(1),6,0.03503547
IPCA(1),6,0.04681640
IPCA(1),6,0.12474218
IPCA(1),6,0.08735346
IPCA(1),6,0.09807139
IPCA(1),6,0.05180719
IPCA(1),6,0.01964504
IPCA(1),6,0.06297913
IPCA(1),6,0.09237475
IPCA(1),6,0.08056799
IPCA(1),6,-0.01156679
IPCA(1),6,0.07655388
IPCA(1),6,0.07315817
IPCA(1),6,0.00527317
IPCA(1),6,0.05938441
IPCA(1),6,0.04090842
IPCA(1),6,0.03637350
IPCA(1),6,-0.04353404
IPCA(1),6,0.00251057
IPCA(1),6,0.13872162
IPCA(1),6,0.06800624
IPCA(1),6,0.16003809
IPCA(1),6,0.01184570
IPCA(1),6,0.02140616
IPCA(1),6,0.01645005
IPCA(1),6,0.02630173
IPCA(1),6,-0.00596329
IPCA(1),6,0.06081228
IPCA(1),6,0.02735095
IPCA(1),6,0.07257577
IPCA(1),6,0.12667949
IPCA(1),6,0.01140444
IPCA(1),6,0.06393682
IPCA(1),6,0.02059230
IPCA(1),6,0.09584970
IPCA(1),6,0.06670194
IPCA(1),6,0.05310045
IPCA(1),6,0.01934616
IPCA(1),6,0.05294141
IPCA(1),6,0.03989625
IPCA(1),6,-0.01876463
IPCA(1),6,0.06479124
IPCA(1),6,0.02920085
IPCA(1),6,0.00419851
IPCA(1),6,0.10604393
IPCA(1),6,0.04780409
IPCA(1),6,0.05123104
IPCA(1),6,0.07436526
IPCA(1),6,-0.00479010
IPCA(1),6,0.04273328
IPCA(1),6,0.05282832
IPCA(1),6,0.04597261
IPCA(1),6,0.02086116
IPCA(1),6,0.04022545
IPCA(1),6,0.12530608
IPCA(1),6,0.04356168
IPCA(1),6,0.02428826
IPCA(3),1,0.05639435
IPCA(3),1,0.12187398
IPCA(3),1,0.10914165
IPCA(3),1,0.08327750
IPCA(3),1,-0.00772083
IPCA(3),1,0.09632406
IPCA(3),1,0.14704943
IPCA(3),1,0.06946748
IPCA(3),1,0.13698090
IPCA(3),1,0.06603087
IPCA(3),1,0.09131135
IPCA(3),1,0.08179879
IPCA(3),1,0.08099077
IPCA(3),1,0.02700635
IPCA(3),1,0.09797290
IPCA(3),1,0.15078411
IPCA(3),1,0.01822565
IPCA(3),1,0.02072611
IPCA(3),1,0.09147807
IPCA(3),1,0.11339062
IPCA(3),1,0.00990781
IPCA(3),1,0.03520747
IPCA(3),1,0.03006276
IPCA(3),1,0.13838027
IPCA(3),1,0.12731995
IPCA(3),1,0.10573469
IPCA(3),1,0.12226488
IPCA(3),1,0.01328074
IPCA(3),1,0.20509284
IPCA(3),1,0.04549769
IPCA(3),1,0.11793962
IPCA(3),1,0.13016803
IPCA(3),1,-0.02967557
IPCA(3),1,0.14785618
IPCA(3),1,0.05505119
IPCA(3),1,0.14589704
IPCA(3),1,0.10696023
IPCA(3),1,0.06026966
IPCA(3),1,0.11509728
IPCA(3),1,0.02568244
IPCA(3),1,0.03254888
IPCA(3),1,0.00636954
IPCA(3),1,0.05327295
IPCA(3),1,0.22244974
IPCA(3),1,0.09413509
IPCA(3),1,-0.00294144
IPCA(3),1,0.02496156
IPCA(3),1,0.09141705
IPCA(3),1,0.04110296
IPCA(3),1,0.10399364
IPCA(3),1,-0.01739607
IPCA(3),1,0.18356173
IPCA(3),1,-0.01725409
IPCA(3),1,0.10269992
IPCA(3),1,0.20130827
IPCA(3),1,0.13671107
IPCA(3),1,0.05253464
IPCA(3),1,0.18211337
IPCA(3),1,-0.00535205
IPCA(3),1,0.07567563
IPCA(3),1,0.04973993
IPCA(3),1,0.09274424
IPCA(3),1,0.03972714
IPCA(3),1,0.02277244
IPCA(3),1,0.09152140
IPCA(3),1,0.13089608
IPCA(3),1,0.09703367
IPCA(3),1,0.11592895
IPCA(3),1,0.04724874
IPCA(3),1,0.18161428
IPCA(3),1,0.02945556
IPCA(3),1,0.17120518
IPCA(3),1,0.07680476
IPCA(3),1,0.09459376
IPCA(3),1,0.11160339
IPCA(3),1,0.10348204
IPCA(3),1,0.18614179
IPCA(3),1,0.09791457
IPCA(3),1,0.07885860
IPCA(3),1,-0.00750314
IPCA(3),1,0.05592270
IPCA(3),1,0.01125110
IPCA(3),1,0.05464758
IPCA(3),1,0.03001897
IPCA(3),1,0.07616319
IPCA(3),1,0.00762449
IPCA(3),1,0.21630604
IPCA(3),1,0.00184727
IPCA(3),1,0.01268848
IPCA(3),1,0.04773896
IPCA(3),1,0.05804760
IPCA(3),1,0.12065071
IPCA(3),1,0.15643687
IPCA(3),1,0.06912803
IPCA(3),1,0.02428997
IPCA(3),1,0.07239297
IPCA(3),1,0.01140093
IPCA(3),1,0.02195048
IPCA(3),1,0.02225270
IPCA(3),1,0.05212779
IPCA(3),1,-0.02481834
IPCA(3),1,0.08631528
IPCA(3),1,0.12634659
IPCA(3),1,0.11118974
IPCA(3),1,0.04465464
IPCA(3),1,0.03168455
IPCA(3),1,0.08178083
IPCA(3),1,0.20824911
IPCA(3),1,0.13796634
IPCA(3),1,0.05630315
IPCA(3),1,0.20455131
IPCA(3),1,0.14701686
IPCA(3),1,0.09156685
IPCA(3),1,0.09339413
IPCA(3),1,-0.00034203
IPCA(3),1,0.05066558
IPCA(3),1,0.01661162
IPCA(3),1,0.15735886
IPCA(3),1,0.03305988
IPCA(3),1,0.00781770
IPCA(3),1,0.07221949
IPCA(3),1,0.16300518
IPCA(3),1,0.08658197
IPCA(3),1,0.02264718
IPCA(3),1,0.00932636
IPCA(3),1,0.01535653
IPCA(3),1,0.08391343
IPCA(3),1,0.04667481
IPCA(3),1,0.09723123
IPCA(3),1,-0.01046936
IPCA(3),1,0.20076411
IPCA(3),1,0.07263613
IPCA(3),1,0.06923591
IPCA(3),1,0.02927746
IPCA(3),1,0.10728949
IPCA(3),1,0.05876665
IPCA(3),1,0.07677081
IPCA(3),1,-0.10969866
IPCA(3),1,0.01313829
IPCA(3),1,0.07893057
IPCA(3),1,0.12292021
IPCA(3),1,0.03256238
IPCA(3),1,0.03317910
IPCA(3),1,0.12707369
IPCA(3),1,0.16095547
IPCA(3),1,0.18504388
IPCA(3),1,0.04511424
IPCA(3),1,-0.03310525
IPCA(3),1,0.07073191
IPCA(3),1,0.00710410
IPCA(3),1,0.13608479
IPCA(3),1,0.09820359
IPCA(3),1,-0.01243218
IPCA(3),1,0.00839885
IPCA(3),1,0.04307644
IPCA(3),1,0.04061015
IPCA(3),1,0.11462027
IPCA(3),1,0.00863422
IPCA(3),1,0.18037719
IPCA(3),1,0.01124144
IPCA(3),1,0.16660246
IPCA(3),1,-0.03212650
IPCA(3),1,0.08713365
IPCA(3),1,0.17263768
IPCA(3),1,0.25429753
IPCA(3),1,0.19199610
IPCA(3),1,0.15539449
IPCA(3),1,0.06441135
IPCA(3),1,0.07440136
IPCA(3),1,0.10990113
IPCA(3),1,0.00521387
IPCA(3),1,-0.03760257
IPCA(3),1,0.02788310
IPCA(3),1,0.09292555
IPCA(3),1,0.09496261
IPCA(3),1,0.07745620
IPCA(3),1,0.08495066
IPCA(3),1,0.03387145
IPCA(3),1,0.06688718
IPCA(3),1,0.08448677
IPCA(3),1,0.02988566
IPCA(3),1,0.08368886
IPCA(3),1,0.12972578
IPCA(3),1,-0.02748066
IPCA(3),1,0.04587385
IPCA(3),1,0.05050159
IPCA(3),1,0.00234753
IPCA(3),1,0.26833061
IPCA(3),1,0.05170303
IPCA(3),1,0.13363452
IPCA(3),1,-0.02190580
IPCA(3),1,-0.00011374
IPCA(3),1,0.08608856
IPCA(3),1,0.06551663
IPCA(3),1,0.05513215
IPCA(3),1,0.00538873
IPCA(3),1,0.01643566
IPCA(3),1,0.08136827
IPCA(3),1,0.05312458
IPCA(3),1,0.07647164
IPCA(3),1,0.04341575
IPCA(3),1,0.00787403
IPCA(3),1,0.09652651
IPCA(3),1,0.08027547
IPCA(3),1,-0.01263973
IPCA(3),1,0.02597125
IPCA(3),1,0.00942076
IPCA(3),1,0.07097725
IPCA(3),1,0.15875403
IPCA(3),1,0.12181416
IPCA(3),1,0.04393600
IPCA(3),1,0.03375028
IPCA(3),1,-0.02637374
IPCA(3),1,0.06570430
IPCA(3),1,0.04957510
IPCA(3),1,-0.03810344
IPCA(3),1,0.03537129
IPCA(3),1,0.07757616
IPCA(3),1,0.03711024
IPCA(3),1,0.18362594
IPCA(3),1,0.08249455
IPCA(3),1,0.10565897
IPCA(3),1,-0.05420597
IPCA(3),1,0.09811233
IPCA(3),1,0.04289364
IPCA(3),1,-0.02795412
IPCA(3),1,0.01025221
IPCA(3),1,-0.00305819
IPCA(3),1,0.09149289
IPCA(3),1,0.04916618
IPCA(3),1,0.00377216
IPCA(3),1,0.11482448
IPCA(3),1,-0.00854611
IPCA(3),1,-0.02538342
IPCA(3),1,0.09300695
IPCA(3),1,0.06437676
IPCA(3),1,-0.02786574
IPCA(3),1,0.05150763
IPCA(3),1,0.02872450
IPCA(3),1,0.09085592
IPCA(3),1,0.08957031
IPCA(3),1,-0.02663533
IPCA(3),1,0.17493834
IPCA(3),1,0.00490925
IPCA(3),1,0.02365430
IPCA(3),1,0.16080161
IPCA(3),1,0.13148419
IPCA(3),1,-0.01912105
IPCA(3),1,0.04257427
IPCA(3),1,0.04770028
IPCA(3),1,-0.04443767
IPCA(3),1,0.06570311
IPCA(3),1,-0.03519806
IPCA(3),1,0.06667440
IPCA(3),1,0.00882903
IPCA(3),1,0.03305447
IPCA(3),1,0.04128536
IPCA(3),1,0.07698856
IPCA(3),1,-0.02647723
IPCA(3),1,0.11791927
IPCA(3),1,0.14847128
IPCA(3),1,0.12030831
IPCA(3),1,0.02351724
IPCA(3),1,0.13882888
IPCA(3),1,0.03292031
IPCA(3),1,0.11736189
IPCA(3),1,0.00584571
IPCA(3),1,0.02867764
IPCA(3),1,0.11596460
IPCA(3),1,0.05085794
IPCA(3),1,0.00980755
IPCA(3),1,0.02937956
IPCA(3),1,0.22262206
IPCA(3),1,0.08957497
IPCA(3),1,0.11836074
IPCA(3),1,0.06813664
IPCA(3),1,0.01518870
IPCA(3),1,0.15221057
IPCA(3),1,0.01221654
IPCA(3),1,0.06233602
IPCA(3),1,0.15089261
IPCA(3),1,0.06548206
IPCA(3),1,0.02674120
IPCA(3),1,0.06638256
IPCA(3),1,0.03759060
IPCA(3),1,0.01520005
IPCA(3),1,0.11071904
IPCA(3),1,0.08610054
IPCA(3),1,0.08451797
IPCA(3),1,0.00356446
IPCA(3),1,0.06659994
IPCA(3),1,0.03660404
IPCA(3),1,0.02269649
IPCA(3),1,0.14632354
IPCA(3),1,0.02245227
IPCA(3),1,0.06680281
IPCA(3),1,0.05182098
IPCA(3),1,0.10292685
IPCA(3),1,0.09892287
IPCA(3),1,0.15956490
IPCA(3),1,0.05336060
IPCA(3),1,-0.02311563
IPCA(3),1,0.11440732
IPCA(3),1,0.02143399
IPCA(3),1,0.11298530
IPCA(3),1,0.22052155
IPCA(3),1,0.17401565
IPCA(3),1,0.08180088
IPCA(3),1,0.24715704
IPCA(3),1,0.11361947
IPCA(3),1,0.19730129
IPCA(3),1,0.08262496
IPCA(3),1,0.09821824
IPCA(3),1,0.11314831
IPCA(3),1,0.02434484
IPCA(3),1,0.06450666
IPCA(3),1,0.02897051
IPCA(3),1,0.05474568
IPCA(3),1,0.08251144
IPCA(3),1,0.07008362
IPCA(3),1,0.02806984
IPCA(3),1,0.06377910
IPCA(3),2,-0.01249810
IPCA(3),2,-0.00648549
IPCA(3),2,-0.01411998
IPCA(3),2,0.01982465
IPCA(3),2,0.04410771
IPCA(3),2,-0.01942411
IPCA(3),2,0.05501329
IPCA(3),2,-0.02477766
IPCA(3),2,-0.01229909
IPCA(3),2,-0.00702243
IPCA(3),2,-0.00052179
IPCA(3),2,0.11644113
IPCA(3),2,-0.01025228
IPCA(3),2,-0.02178068
IPCA(3),2,0.01656925
IPCA(3),2,0.00316625
IPCA(3),2,0.04382824
IPCA(3),2,0.00219307
IPCA(3),2,0.01977083
IPCA(3),2,0.01080203
IPCA(3),2,-0.01961227
IPCA(3),2,0.00380606
IPCA(3),2,0.01021474
IPCA(3),2,0.03148238
IPCA(3),2,0.02022242
IPCA(3),2,-0.01387678
IPCA(3),2,-0.01521986
IPCA(3),2,0.00939444
IPCA(3),2,-0.00698518
IPCA(3),2,0.01643816
IPCA(3),2,0.04981983
IPCA(3),2,0.06505818
IPCA(3),2,-0.05420981
IPCA(3),2,0.00097490
IPCA(3),2,0.06069727
IPCA(3),2,0.00290914
IPCA(3),2,0.00930364
IPCA(3),2,0.04466597
IPCA(3),2,0.01801698
IPCA(3),2,-0.03994199
IPCA(3),2,0.09795144
IPCA(3),2,-0.01127267
IPCA(3),2,-0.00356220
IPCA(3),2,-0.02501720
IPCA(3),2,0.03866741
IPCA(3),2,0.07756631
IPCA(3),2,-0.01421354
IPCA(3),2,-0.00672447
IPCA(3),2,-0.02236808
IPCA(3),2,0.06005220
IPCA(3),2,-0.03559044
IPCA(3),2,0.03036200
IPCA(3),2,-0.01467217
IPCA(3),2,0.01183162
IPCA(3),2,-0.06876494
IPCA(3),2,-0.02816032
IPCA(3),2,-0.00541257
IPCA(3),2,0.01934512
IPCA(3),2,-0.02678982
IPCA(3),2,0.02598974
IPCA(3),2,0.03332220
IPCA(3),2,0.07403229
IPCA(3),2,0.09999866
IPCA(3),2,-0.01174435
IPCA(3),2,0.00475983
IPCA(3),2,0.07369705
IPCA(3),2,-0.01830813
IPCA(3),2,0.08067719
IPCA(3),2,0.03383733
IPCA(3),2,-0.05881990
IPCA(3),2,0.07228225
IPCA(3),2,-0.01091457
IPCA(3),2,0.05035760
IPCA(3),2,0.01348800
IPCA(3),2,0.07791285
IPCA(3),2,0.02058598
IPCA(3),2,0.06631003
IPCA(3),2,0.00536387
IPCA(3),2,0.02551230
IPCA(3),2,0.05249679
IPCA(3),2,0.02235278
IPCA(3),2,-0.01233287
IPCA(3),2,0.02451281
IPCA(3),2,-0.01874136
IPCA(3),2,-0.00130832
IPCA(3),2,0.02937333
IPCA(3),2,-0.00508977
IPCA(3),2,-0.01398163
IPCA(3),2,0.01692246
IPCA(3),2,-0.02464261
IPCA(3),2,-0.01215671
IPCA(3),2,0.00653939
IPCA(3),2,-0.01190673
IPCA(3),2,-0.00634051
IPCA(3),2,0.02519545
IPCA(3),2,-0.01684075
IPCA(3),2,0.04519046
IPCA(3),2,-0.01744341
IPCA(3),2,0.07248742
IPCA(3),2,0.02573613
IPCA(3),2,0.02364557
IPCA(3),2,-0.01255247
IPCA(3),2,-0.03193322
IPCA(3),2,0.02713952
IPCA(3),2,0.08894878
IPCA(3),2,0.01380703
IPCA(3),2,0.08681725
IPCA(3),2,-0.00529478
IPCA(3),2,-0.02026288
IPCA(3),2,0.00168475
IPCA(3),2,-0.02461912
IPCA(3),2,-0.00333322
IPCA(3),2,0.01938415
IPCA(3),2,-0.01519061
IPCA(3),2,0.01788495
IPCA(3),2,0.01446755
IPCA(3),2,-0.02132263
IPCA(3),2,0.08143675
IPCA(3),2,-0.07526425
IPCA(3),2,-0.02158644
IPCA(3),2,-0.00382416
IPCA(3),2,0.02591533
IPCA(3),2,-0.00135556
IPCA(3),2,-0.00544526
IPCA(3),2,0.03454762
IPCA(3),2,-0.01109481
IPCA(3),2,-0.01698834
IPCA(3),2,0.08529086
IPCA(3),2,-0.00135041
IPCA(3),2,0.00121200
IPCA(3),2,0.00544795
IPCA(3),2,-0.01038329
IPCA(3),2,0.04118485
IPCA(3),2,-0.05355943
IPCA(3),2,-0.00077095
IPCA(3),2,0.11150112
IPCA(3),2,-0.01278712
IPCA(3),2,0.01305724
IPCA(3),2,-0.03015303
IPCA(3),2,-0.00511825
IPCA(3),2,-0.00560741
IPCA(3),2,-0.00914087
IPCA(3),2,0.06553275
IPCA(3),2,0.00365659
IPCA(3),2,-0.00668412
IPCA(3),2,0.00494434
IPCA(3),2,-0.00026557
IPCA(3),2,0.00230217
IPCA(3),2,0.03523564
IPCA(3),2,0.08474328
IPCA(3),2,0.02808009
IPCA(3),2,0.07157737
IPCA(3),2,-0.00879390
IPCA(3),2,0.04311616
IPCA(3),2,-0.02143536
IPCA(3),2,-0.00463514
IPCA(3),2,-0.00328321
IPCA(3),2,0.07301827
IPCA(3),2,0.03907740
IPCA(3),2,0.02157653
IPCA(3),2,0.06268217
IPCA(3),2,-0.02493057
IPCA(3),2,-0.01111919
IPCA(3),2,0.01637003
IPCA(3),2,0.02473788
IPCA(3),2,0.00999834
IPCA(3),2,-0.01553755
IPCA(3),2,0.00777968
IPCA(3),2,0.02988563
IPCA(3),2,0.01716057
IPCA(3),2,0.00219822
IPCA(3),2,-0.00424865
IPCA(3),2,0.00434194
IPCA(3),2,0.05815789
IPCA(3),2,-0.00085037
IPCA(3),2,-0.01227459
IPCA(3),2,0.04669543
IPCA(3),2,0.03558599
IPCA(3),2,0.01127949
IPCA(3),2,-0.00701206
IPCA(3),2,0.03600901
IPCA(3),2,-0.04330961
IPCA(3),2,0.06280982
IPCA(3),2,-0.00544671
IPCA(3),2,0.18517771
IPCA(3),2,0.01132906
IPCA(3),2,0.03068277
IPCA(3),2,-0.01940153
IPCA(3),2,0.05017719
IPCA(3),2,-0.02859185
IPCA(3),2,0.01302950
IPCA(3),2,0.05831384
IPCA(3),2,-0.01504581
IPCA(3),2,-0.01285289
IPCA(3),2,0.05821815
IPCA(3),2,0.04502083
IPCA(3),2,-0.01262162
IPCA(3),2,-0.01401531
IPCA(3),2,-0.01708186
IPCA(3),2,0.06281181
IPCA(3),2,0.09246494
IPCA(3),2,-0.00431575
IPCA(3),2,-0.02360091
IPCA(3),2,0.06721849
IPCA(3),2,-0.00725534
IPCA(3),2,0.02885344
IPCA(3),2,-0.01982276
IPCA(3),2,-0.00369934
IPCA(3),2,-0.00296119
IPCA(3),2,-0.03524570
IPCA(3),2,0.00707497
IPCA(3),2,0.04316103
IPCA(3),2,0.02085423
IPCA(3),2,-0.01561587
IPCA(3),2,-0.03332131
IPCA(3),2,-0.01755993
IPCA(3),2,-0.00716143
IPCA(3),2,0.03619119
IPCA(3),2,-0.01251456
IPCA(3),2,-0.06807439
IPCA(3),2,-0.01338711
IPCA(3),2,-0.01196114
IPCA(3),2,0.02597397
IPCA(3),2,-0.02238432
IPCA(3),2,-0.02275858
IPCA(3),2,0.03957439
IPCA(3),2,0.01722743
IPCA(3),2,0.03534034
IPCA(3),2,-0.01132150
IPCA(3),2,0.01994334
IPCA(3),2,0.01983216
IPCA(3),2,-0.00541926
IPCA(3),2,0.09251839
IPCA(3),2,-0.01842335
IPCA(3),2,-0.04827606
IPCA(3),2,0.02789484
IPCA(3),2,-0.01059278
IPCA(3),2,0.16079847
IPCA(3),2,0.05601771
IPCA(3),2,0.02151273
IPCA(3),2,0.06752898
IPCA(3),2,0.01090316
IPCA(3),2,-0.02982848
IPCA(3),2,-0.00765131
IPCA(3),2,0.05903092
IPCA(3),2,0.01630179
IPCA(3),2,0.08528388
IPCA(3),2,-0.00684653
IPCA(3),2,-0.01843092
IPCA(3),2,0.01397013
IPCA(3),2,0.05047506
IPCA(3),2,0.00518188
IPCA(3),2,-0.02732489
IPCA(3),2,0.01900148
IPCA(3),2,-0.02730422
IPCA(3),2,-0.02497352
IPCA(3),2,-0.04300492
IPCA(3),2,0.11668977
IPCA(3),2,0.05407424
IPCA(3),2,0.00938002
IPCA(3),2,0.09276499
IPCA(3),2,-0.02298647
IPCA(3),2,-0.04636208
IPCA(3),2,-0.00003811
IPCA(3),2,-0.01766742
IPCA(3),2,-0.04166026
IPCA(3),2,-0.02590094
IPCA(3),2,-0.00783177
IPCA(3),2,-0.01456235
IPCA(3),2,0.00045901
IPCA(3),2,0.01803722
IPCA(3),2,0.00772027
IPCA(3),2,0.03521422
IPCA(3),2,0.07505342
IPCA(3),2,0.01544207
IPCA(3),2,-0.02684935
IPCA(3),2,-0.01601207
IPCA(3),2,-0.00697306
IPCA(3),2,-0.00370951
IPCA(3),2,-0.01189936
IPCA(3),2,-0.04008812
IPCA(3),2,0.11280661
IPCA(3),2,0.08870401
IPCA(3),2,0.07074895
IPCA(3),2,-0.01510168
IPCA(3),2,0.07568502
IPCA(3),2,-0.00638096
IPCA(3),2,0.00901289
IPCA(3),2,0.02299986
IPCA(3),2,0.07764464
IPCA(3),2,0.04707360
IPCA(3),2,0.04782907
IPCA(3),2,0.15409526
IPCA(3),2,0.00353226
IPCA(3),2,-0.01309628
IPCA(3),2,0.00925006
IPCA(3),2,0.00405692
IPCA(3),2,0.00854341
IPCA(3),2,0.02686453
IPCA(3),2,0.10386541
IPCA(3),2,0.14192923
IPCA(3),2,0.03567317
IPCA(3),2,0.04735868
IPCA(3),2,0.10109144
IPCA(3),2,0.00998228
IPCA(3),2,0.05886239
IPCA(3),2,-0.02998077
IPCA(3),2,0.02905627
IPCA(3),2,-0.04140591
IPCA(3),2,-0.00868868
IPCA(3),2,0.05660894
IPCA(3),2,0.01482044
IPCA(3),2,0.02195236
IPCA(3),2,-0.03156998
IPCA(3),2,0.04226470
IPCA(3),2,0.02204451
IPCA(3),2,0.06850106
IPCA(3),2,0.02057973
IPCA(3),2,-0.01875915
IPCA(3),2,0.05749437
IPCA(3),3,-0.00140366
IPCA(3),3,-0.03040823
IPCA(3),3,-0.03001446
IPCA(3),3,-0.01679736
IPCA(3),3,-0.01840228
IPCA(3),3,0.01185948
IPCA(3),3,0.03822929
IPCA(3),3,-0.03959381
IPCA(3),3,-0.05406398
IPCA(3),3,0.03368013
IPCA(3),3,-0.03228742
IPCA(3),3,-0.05467713
IPCA(3),3,-0.00376074
IPCA(3),3,-0.01284733
IPCA(3),3,-0.02485818
IPCA(3),3,-0.06092817
IPCA(3),3,-0.05177742
IPCA(3),3,0.02818509
IPCA(3),3,-0.00509808
IPCA(3),3,-0.04447333
IPCA(3),3,-0.06599004
IPCA(3),3,-0.01877480
IPCA(3),3,0.00311303
IPCA(3),3,-0.01290921
IPCA(3),3,-0.04499911
IPCA(3),3,-0.03424600
IPCA(3),3,-0.06417216
IPCA(3),3,-0.02419144
IPCA(3),3,0.00000334
IPCA(3),3,-0.02598575
IPCA(3),3,-0.02398965
IPCA(3),3,-0.01377398
IPCA(3),3,-0.04782597
IPCA(3),3,-0.06221630
IPCA(3),3,0.03141188
IPCA(3),3,0.02766437
IPCA(3),3,-0.09812697
IPCA(3),3,-0.03182211
IPCA(3),3,-0.02480784
IPCA(3),3,-0.01047641
IPCA(3),3,-0.01050473
IPCA(3),3,-0.04813743
IPCA(3),3,-0.00548076
IPCA(3),3,-0.02950868
IPCA(3),3,-0.02549467
IPCA(3),3,-0.02717010
IPCA(3),3,0.00047526
IPCA(3),3,-0.05019496
IPCA(3),3,-0.01239288
IPCA(3),3,-0.01189054
IPCA(3),3,-0.05049704
IPCA(3),3,-0.01070791
IPCA(3),3,0.05550444
IPCA(3),3,-0.00297250
IPCA(3),3,-0.00436599
IPCA(3),3,-0.05125986
IPCA(3),3,-0.07256978
IPCA(3),3,0.00505982
IPCA(3),3,-0.04012453
IPCA(3),3,-0.03507636
IPCA(3),3,-0.03479838
IPCA(3),3,-0.04093549
IPCA(3),3,-0.03388929
IPCA(3),3,-0.05315468
IPCA(3),3,-0.04078328
IPCA(3),3,-0.02555611
IPCA(3),3,-0.04619324
IPCA(3),3,-0.03671148
IPCA(3),3,-0.04804921
IPCA(3),3,-0.02973916
IPCA(3),3,-0.00633818
IPCA(3),3,-0.04121740
IPCA(3),3,0.02002863
IPCA(3),3,-0.02447260
IPCA(3),3,0.03569786
IPCA(3),3,-0.00711442
IPCA(3),3,-0.05482586
IPCA(3),3,-0.06271858
IPCA(3),3,-0.02212541
IPCA(3),3,-0.03864713
IPCA(3),3,0.00753513
IPCA(3),3,0.00497672
IPCA(3),3,-0.04269648
IPCA(3),3,-0.02233543
IPCA(3),3,-0.00386336
IPCA(3),3,0.01296570
IPCA(3),3,-0.03644241
IPCA(3),3,-0.00823040
IPCA(3),3,0.02083081
IPCA(3),3,-0.01120795
IPCA(3),3,-0.03413415
IPCA(3),3,-0.00312372
IPCA(3),3,-0.04004405
IPCA(3),3,-0.01593582
IPCA(3),3,-0.00748004
IPCA(3),3,-0.07036380
IPCA(3),3,-0.04442820
IPCA(3),3,-0.02672015
IPCA(3),3,0.03876018
IPCA(3),3,0.00997559
IPCA(3),3,-0.02146076
IPCA(3),3,-0.01815124
IPCA(3),3,-0.05559990
IPCA(3),3,-0.03057796
IPCA(3),3,-0.05330342
IPCA(3),3,-0.07502997
IPCA(3),3,-0.03821441
IPCA(3),3,-0.06171683
IPCA(3),3,-0.03012969
IPCA(3),3,-0.02349281
IPCA(3),3,-0.03829627
IPCA(3),3,-0.02978746
IPCA(3),3,-0.02831765
IPCA(3),3,-0.04475062
IPCA(3),3,-0.01813210
IPCA(3),3,0.02166243
IPCA(3),3,-0.01723157
IPCA(3),3,-0.00317503
IPCA(3),3,-0.04230002
IPCA(3),3,-0.01569324
IPCA(3),3,-0.00087012
IPCA(3),3,-0.03918339
IPCA(3),3,-0.01807871
IPCA(3),3,-0.06196058
IPCA(3),3,-0.02184905
IPCA(3),3,-0.03725379
IPCA(3),3,-0.06289913
IPCA(3),3,-0.04469192
IPCA(3),3,-0.00914377
IPCA(3),3,0.00550219
IPCA(3),3,-0.02950405
IPCA(3),3,0.01878495
IPCA(3),3,-0.04686884
IPCA(3),3,-0.02184185
IPCA(3),3,-0.00966216
IPCA(3),3,0.02393676
IPCA(3),3,-0.02636533
IPCA(3),3,-0.01865003
IPCA(3),3,-0.01731811
IPCA(3),3,-0.04115858
IPCA(3),3,-0.02132493
IPCA(3),3,-0.04131494
IPCA(3),3,-0.01913401
IPCA(3),3,0.00808918
IPCA(3),3,-0.02630480
IPCA(3),3,-0.05771333
IPCA(3),3,-0.07356879
IPCA(3),3,-0.05449682
IPCA(3),3,0.00779578
IPCA(3),3,-0.02552591
IPCA(3),3,-0.02023465
IPCA(3),3,-0.04645358
IPCA(3),3,-0.03857078
IPCA(3),3,-0.01838141
IPCA(3),3,-0.01342007
IPCA(3),3,0.01498826
IPCA(3),3,-0.02728123
IPCA(3),3,-0.04947234
IPCA(3),3,-0.00453350
IPCA(3),3,-0.00041661
IPCA(3),3,0.00056660
IPCA(3),3,-0.02887357
IPCA(3),3,-0.05774236
IPCA(3),3,-0.04029785
IPCA(3),3,-0.04531208
IPCA(3),3,0.02416285
IPCA(3),3,-0.04887191
IPCA(3),3,-0.02351775
IPCA(3),3,-0.00734851
IPCA(3),3,-0.02884990
IPCA(3),3,-0.04963795
IPCA(3),3,0.03094518
IPCA(3),3,-0.01397974
IPCA(3),3,-0.02858006
IPCA(3),3,-0.01955823
IPCA(3),3,-0.01678980
IPCA(3),3,-0.00197119
IPCA(3),3,-0.01235752
IPCA(3),3,0.09254391
IPCA(3),3,-0.04441829
IPCA(3),3,-0.09984314
IPCA(3),3,0.02233851
IPCA(3),3,0.02026629
IPCA(3),3,-0.00938071
IPCA(3),3,0.02993651
IPCA(3),3,-0.03210009
IPCA(3),3,-0.01293096
IPCA(3),3,-0.02014926
IPCA(3),3,-0.03223189
IPCA(3),3,-0.02495415
IPCA(3),3,-0.03160132
IPCA(3),3,-0.01118400
IPCA(3),3,-0.04320896
IPCA(3),3,-0.03835676
IPCA(3),3,-0.07688338
IPCA(3),3,-0.00584453
IPCA(3),3,-0.01586552
IPCA(3),3,-0.02674432
IPCA(3),3,-0.04097202
IPCA(3),3,-0.02173042
IPCA(3),3,-0.02206809
IPCA(3),3,-0.00104041
IPCA(3),3,-0.01905632
IPCA(3),3,-0.05160151
IPCA(3),3,0.02691707
IPCA(3),3,-0.01580812
IPCA(3),3,-0.00355574
IPCA(3),3,-0.05413693
IPCA(3),3,0.01679408
IPCA(3),3,-0.03769696
IPCA(3),3,-0.04830910
IPCA(3),3,-0.00568177
IPCA(3),3,-0.01795333
IPCA(3),3,-0.03774301
IPCA(3),3,-0.02264977
IPCA(3),3,-0.00579683
IPCA(3),3,-0.00947165
IPCA(3),3,-0.00251667
IPCA(3),3,-0.04581120
IPCA(3),3,-0.00420028
IPCA(3),3,-0.01178615
IPCA(3),3,-0.03499385
IPCA(3),3,-0.01397062
IPCA(3),3,-0.03858662
IPCA(3),3,0.01865472
IPCA(3),3,-0.01093178
IPCA(3),3,-0.01781735
IPCA(3),3,-0.02263468
IPCA(3),3,-0.01568131
IPCA(3),3,-0.02691969
IPCA(3),3,-0.01484325
IPCA(3),3,0.05683963
IPCA(3),3,-0.00289270
IPCA(3),3,-0.00554590
IPCA(3),3,-0.03245827
IPCA(3),3,-0.02621678
IPCA(3),3,-0.02747221
IPCA(3),3,-0.00977970
IPCA(3),3,-0.03604135
IPCA(3),3,-0.04622649
IPCA(3),3,-0.01839209
IPCA(3),3,-0.02072991
IPCA(3),3,0.06106158
IPCA(3),3,-0.02245757
IPCA(3),3,-0.00765744
IPCA(3),3,-0.01259155
IPCA(3),3,-0.04059674
IPCA(3),3,-0.05108867
IPCA(3),3,-0.00037925
IPCA(3),3,-0.01538380
IPCA(3),3,-0.01964695
IPCA(3),3,0.04569028
IPCA(3),3,0.01654008
IPCA(3),3,-0.03242407
IPCA(3),3,0.00038662
IPCA(3),3,-0.06919066
IPCA(3),3,-0.00980729
IPCA(3),3,-0.05822336
IPCA(3),3,-0.04363361
IPCA(3),3,-0.01900747
IPCA(3),3,-0.07148663
IPCA(3),3,0.01773851
IPCA(3),3,-0.01375267
IPCA(3),3,-0.00317735
IPCA(3),3,0.02657298
IPCA(3),3,-0.01736699
IPCA(3),3,-0.01113451
IPCA(3),3,-0.05424885
IPCA(3),3,-0.02635318
IPCA(3),3,-0.00654678
IPCA(3),3,0.01700214
IPCA(3),3,0.00024484
IPCA(3),3,-0.02069735
IPCA(3),3,-0.00329417
IPCA(3),3,0.02704306
IPCA(3),3,-0.01616143
IPCA(3),3,0.00268435
IPCA(3),3,-0.00980398
IPCA(3),3,-0.02314695
IPCA(3),3,-0.05769374
IPCA(3),3,-0.01764388
IPCA(3),3,0.01126403
IPCA(3),3,-0.02340405
IPCA(3),3,-0.01811305
IPCA(3),3,-0.05514097
IPCA(3),3,-0.05026303
IPCA(3),3,-0.06632810
IPCA(3),3,-0.00007292
IPCA(3),3,-0.08129269
IPCA(3),3,-0.03167566
IPCA(3),3,-0.03641763
IPCA(3),3,-0.02538746
IPCA(3),3,-0.03574455
IPCA(3),3,0.00557757
IPCA(3),3,-0.04079797
IPCA(3),3,0.01970091
IPCA(3),3,-0.01915784
IPCA(3),3,-0.01898187
IPCA(3),3,-0.00731578
IPCA(3),3,-0.04540866
IPCA(3),3,-0.02304256
IPCA(3),3,-0.07900857
IPCA(3),3,-0.07192053
IPCA(3),3,-0.05932626
IPCA(3),3,-0.05107693
IPCA(3),3,-0.03279506
IPCA(3),3,-0.02397085
IPCA(3),3,-0.03919801
IPCA(3),3,-0.03879682
IPCA(3),3,-0.03490769
IPCA(3),3,-0.00525717
IPCA(3),3,-0.02324501
IPCA(3),3,0.02102065
IPCA(3),3,-0.05740540
IPCA(3),3,-0.03941302
IPCA(3),3,-0.07484816
IPCA(3),3,0.04669159
IPCA(3),3,-0.02895776
IPCA(3),3,-0.00518334
IPCA(3),3,0.01152486
IPCA(3),3,-0.04726736
IPCA(3),4,0.03419718
IPCA(3),4,-0.06434183
IPCA(3),4,-0.00936897
IPCA(3),4,0.01444116
IPCA(3),4,-0.02661889
IPCA(3),4,0.03793630
IPCA(3),4,-0.05781520
IPCA(3),4,-0.06006489
IPCA(3),4,-0.00604066
IPCA(3),4,-0.05662335
IPCA(3),4,-0.03982383
IPCA(3),4,-0.04180137
IPCA(3),4,-0.03981949
IPCA(3),4,0.00737012
IPCA(3),4,-0.05370703
IPCA(3),4,-0.04250355
IPCA(3),4,-0.00702100
IPCA(3),4,-0.01284730
IPCA(3),4,-0.02981535
IPCA(3),4,-0.05445624
IPCA(3),4,-0.04012433
IPCA(3),4,-0.01338930
IPCA(3),4,-0.03141358
IPCA(3),4,-0.06962612
IPCA(3),4,-0.01223983
IPCA(3),4,-0.07195958
IPCA(3),4,-0.04591477
IPCA(3),4,0.02736335
IPCA(3),4,0.02111148
IPCA(3),4,-0.04193968
IPCA(3),4,0.02287114
IPCA(3),4,-0.05583336
IPCA(3),4,-0.05508797
IPCA(3),4,-0.04673549
IPCA(3),4,-0.04006336
IPCA(3),4,-0.02639914
IPCA(3),4,-0.06586325
IPCA(3),4,-0.05305396
IPCA(3),4,-0.00649726
IPCA(3),4,-0.01979017
IPCA(3),4,-0.01597657
IPCA(3),4,-0.02616863
IPCA(3),4,-0.04895144
IPCA(3),4,-0.04435964
IPCA(3),4,-0.02966611
IPCA(3),4,-0.02706475
IPCA(3),4,-0.05084664
IPCA(3),4,0.00242588
IPCA(3),4,0.03114343
IPCA(3),4,-0.02187120
IPCA(3),4,-0.09701617
IPCA(3),4,-0.09147022
IPCA(3),4,-0.02513627
IPCA(3),4,-0.01197659
IPCA(3),4,-0.05839172
IPCA(3),4,-0.05571414
IPCA(3),4,-0.05148043
IPCA(3),4,-0.04784411
IPCA(3),4,-0.03281312
IPCA(3),4,-0.03980900
IPCA(3),4,-0.05728555
IPCA(3),4,-0.06293612
IPCA(3),4,-0.04323482
IPCA(3),4,-0.00878972
IPCA(3),4,-0.06516459
IPCA(3),4,-0.04447872
IPCA(3),4,0.07408891
IPCA(3),4,-0.01861235
IPCA(3),4,-0.04567076
IPCA(3),4,0.03174209
IPCA(3),4,-0.04588631
IPCA(3),4,0.01676861
IPCA(3),4,-0.01516282
IPCA(3),4,-0.06325380
IPCA(3),4,-0.03479452
IPCA(3),4,-0.02883384
IPCA(3),4,-0.03233205
IPCA(3),4,0.04120578
IPCA(3),4,-0.04125096
IPCA(3),4,-0.07499652
IPCA(3),4,-0.01764985
IPCA(3),4,-0.01898824
IPCA(3),4,-0.05153522
IPCA(3),4,0.00316065
IPCA(3),4,-0.00727983
IPCA(3),4,-0.04520205
IPCA(3),4,-0.01718286
IPCA(3),4,0.01338604
IPCA(3),4,-0.02769348
IPCA(3),4,-0.03753752
IPCA(3),4,-0.04314079
IPCA(3),4,-0.03521296
IPCA(3),4,-0.01830858
IPCA(3),4,-0.04199329
IPCA(3),4,-0.05012274
IPCA(3),4,-0.02332627
IPCA(3),4,-0.02308107
IPCA(3),4,-0.03718303
IPCA(3),4,0.01391054
IPCA(3),4,-0.02932600
IPCA(3),4,-0.00514524
IPCA(3),4,-0.03803175
IPCA(3),4,-0.02026160
IPCA(3),4,-0.00507196
IPCA(3),4,-0.04337510
IPCA(3),4,-0.06368163
IPCA(3),4,-0.03193179
IPCA(3),4,-0.07124954
IPCA(3),4,-0.06862056
IPCA(3),4,-0.05846668
IPCA(3),4,-0.04608619
IPCA(3),4,-0.07676766
IPCA(3),4,-0.05372177
IPCA(3),4,-0.01773646
IPCA(3),4,-0.00068030
IPCA(3),4,-0.07595851
IPCA(3),4,-0.04233902
IPCA(3),4,-0.00929753
IPCA(3),4,-0.01642482
IPCA(3),4,-0.03584396
IPCA(3),4,-0.05377155
IPCA(3),4,-0.04851516
IPCA(3),4,-0.05396019
IPCA(3),4,-0.00579348
IPCA(3),4,-0.07007059
IPCA(3),4,0.00045348
IPCA(3),4,-0.02612137
IPCA(3),4,0.03771790
IPCA(3),4,0.05989240
IPCA(3),4,0.01646021
IPCA(3),4,-0.04746551
IPCA(3),4,0.01532640
IPCA(3),4,-0.02399783
IPCA(3),4,-0.05455212
IPCA(3),4,-0.06231113
IPCA(3),4,-0.04573370
IPCA(3),4,-0.03040498
IPCA(3),4,-0.02012567
IPCA(3),4,-0.03544597
IPCA(3),4,0.00720114
IPCA(3),4,0.00355335
IPCA(3),4,-0.04388321
IPCA(3),4,-0.04984346
IPCA(3),4,0.14449858
IPCA(3),4,-0.01676270
IPCA(3),4,0.01583115
IPCA(3),4,-0.01746700
IPCA(3),4,0.03333675
IPCA(3),4,-0.00812341
IPCA(3),4,0.01290395
IPCA(3),4,-0.03316386
IPCA(3),4,-0.02098939
IPCA(3),4,-0.01093006
IPCA(3),4,-0.05673849
IPCA(3),4,0.04486925
IPCA(3),4,0.00875684
IPCA(3),4,0.02213964
IPCA(3),4,-0.01052165
IPCA(3),4,-0.02191292
IPCA(3),4,-0.01995724
IPCA(3),4,-0.01741109
IPCA(3),4,0.01968295
IPCA(3),4,-0.05429402
IPCA(3),4,0.08806215
IPCA(3),4,-0.03638847
IPCA(3),4,-0.01042029
IPCA(3),4,-0.03534002
IPCA(3),4,0.01696782
IPCA(3),4,-0.05205428
IPCA(3),4,-0.01920271
IPCA(3),4,-0.02703907
IPCA(3),4,0.02240950
IPCA(3),4,-0.00281832
IPCA(3),4,-0.01403852
IPCA(3),4,-0.02069980
IPCA(3),4,-0.05612723
IPCA(3),4,-0.05677699
IPCA(3),4,-0.01338708
IPCA(3),4,-0.02380526
IPCA(3),4,-0.03575650
IPCA(3),4,-0.06944631
IPCA(3),4,-0.01381606
IPCA(3),4,0.02069986
IPCA(3),4,-0.01432138
IPCA(3),4,-0.02198784
IPCA(3),4,-0.00759853
IPCA(3),4,-0.06205103
IPCA(3),4,-0.04276312
IPCA(3),4,-0.05291698
IPCA(3),4,-0.01786739
IPCA(3),4,-0.03503319
IPCA(3),4,-0.06132370
IPCA(3),4,-0.01412837
IPCA(3),4,0.02225735
IPCA(3),4,0.00598654
IPCA(3),4,-0.03960063
IPCA(3),4,0.00196434
IPCA(3),4,-0.03118205
IPCA(3),4,-0.02499853
IPCA(3),4,-0.01318950
IPCA(3),4,-0.03347033
IPCA(3),4,-0.02104330
IPCA(3),4,-0.03116322
IPCA(3),4,0.00181434
IPCA(3),4,-0.01102406
IPCA(3),4,-0.05921756
IPCA(3),4,-0.00870085
IPCA(3),4,-0.05706850
IPCA(3),4,-0.06706441
IPCA(3),4,0.01055107
IPCA(3),4,-0.04302246
IPCA(3),4,-0.02690033
IPCA(3),4,-0.04899056
IPCA(3),4,-0.00045654
IPCA(3),4,0.00663422
IPCA(3),4,0.00118744
IPCA(3),4,-0.05428928
IPCA(3),4,-0.03623054
IPCA(3),4,-0.00052852
IPCA(3),4,0.04824616
IPCA(3),4,-0.01922299
IPCA(3),4,-0.02817728
IPCA(3),4,-0.01257641
IPCA(3),4,-0.00436869
IPCA(3),4,-0.04156480
IPCA(3),4,0.00045124
IPCA(3),4,-0.03934116
IPCA(3),4,0.02006363
IPCA(3),4,-0.04915308
IPCA(3),4,-0.05556063
IPCA(3),4,-0.03009901
IPCA(3),4,-0.05406663
IPCA(3),4,0.00312940
IPCA(3),4,-0.04974692
IPCA(3),4,-0.04451402
IPCA(3),4,-0.07148106
IPCA(3),4,-0.03010949
IPCA(3),4,-0.05417716
IPCA(3),4,-0.01638048
IPCA(3),4,-0.01567549
IPCA(3),4,0.03601238
IPCA(3),4,-0.03399779
IPCA(3),4,-0.00260849
IPCA(3),4,-0.03137974
IPCA(3),4,-0.05551206
IPCA(3),4,0.00251475
IPCA(3),4,-0.07179860
IPCA(3),4,-0.06855286
IPCA(3),4,-0.03219088
IPCA(3),4,-0.05877994
IPCA(3),4,-0.01182010
IPCA(3),4,-0.00770018
IPCA(3),4,-0.01828569
IPCA(3),4,0.02370465
IPCA(3),4,-0.02442922
IPCA(3),4,-0.10120444
IPCA(3),4,-0.03564329
IPCA(3),4,-0.02642447
IPCA(3),4,-0.03263440
IPCA(3),4,-0.01082214
IPCA(3),4,-0.04095441
IPCA(3),4,-0.00380008
IPCA(3),4,-0.03208216
IPCA(3),4,-0.05897419
IPCA(3),4,0.00233634
IPCA(3),4,-0.06991816
IPCA(3),4,-0.04136122
IPCA(3),4,0.01576071
IPCA(3),4,0.03327597
IPCA(3),4,-0.02213684
IPCA(3),4,-0.02130078
IPCA(3),4,-0.01340310
IPCA(3),4,0.01584293
IPCA(3),4,-0.00495313
IPCA(3),4,-0.07031010
IPCA(3),4,0.00724315
IPCA(3),4,-0.03760600
IPCA(3),4,-0.04830970
IPCA(3),4,-0.02286736
IPCA(3),4,-0.01466332
IPCA(3),4,-0.02262330
IPCA(3),4,-0.04088969
IPCA(3),4,-0.00934575
IPCA(3),4,-0.06342294
IPCA(3),4,-0.02957033
IPCA(3),4,-0.01907512
IPCA(3),4,-0.06025318
IPCA(3),4,-0.02961360
IPCA(3),4,-0.05316125
IPCA(3),4,-0.01338808
IPCA(3),4,-0.01479853
IPCA(3),4,-0.06474905
IPCA(3),4,-0.05000841
IPCA(3),4,-0.03025993
IPCA(3),4,-0.01883694
IPCA(3),4,-0.01876843
IPCA(3),4,-0.02053319
IPCA(3),4,0.03270320
IPCA(3),4,-0.05239469
IPCA(3),4,-0.05669148
IPCA(3),4,-0.02118903
IPCA(3),4,-0.04922192
IPCA(3),4,-0.04520045
IPCA(3),4,-0.03525125
IPCA(3),4,-0.02051603
IPCA(3),4,0.06671654
IPCA(3),4,-0.04582768
IPCA(3),4,-0.00708093
IPCA(3),4,-0.01091451
IPCA(3),4,-0.02016595
IPCA(3),4,-0.01665530
IPCA(3),4,-0.07550931
IPCA(3),4,-0.01592270
IPCA(3),4,-0.06534175
IPCA(3),4,0.00474527
IPCA(3),4,0.05738545
IPCA(3),4,-0.00752982
IPCA(3),5,-0.01098981
IPCA(3),5,0.06454839
IPCA(3),5,0.00039521
IPCA(3),5,0.01389366
IPCA(3),5,-0.02789463
IPCA(3),5,0.02737178
IPCA(3),5,0.01064496
IPCA(3),5,0.17691546
IPCA(3),5,0.06089290
IPCA(3),5,0.00046084
IPCA(3),5,0.02139091
IPCA(3),5,0.04655727
IPCA(3),5,-0.01203844
IPCA(3),5,0.18081517
IPCA(3),5,0.03680360
IPCA(3),5,0.02013343
IPCA(3),5,0.00378432
IPCA(3),5,0.01657882
IPCA(3),5,0.01319543
IPCA(3),5,0.04290223
IPCA(3),5,0.02085494
IPCA(3),5,-0.04902009
IPCA(3),5,0.07887182
IPCA(3),5,0.04014109
IPCA(3),5,-0.00206274
IPCA(3),5,-0.00093674
IPCA(3),5,-0.00962884
IPCA(3),5,0.03373886
IPCA(3),5,0.08585515
IPCA(3),5,-0.00030000
IPCA(3),5,0.01394493
IPCA(3),5,0.03600249
IPCA(3),5,0.12696622
IPCA(3),5,-0.02271541
IPCA(3),5,0.08082027
IPCA(3),5,-0.02098918
IPCA(3),5,0.05512214
IPCA(3),5,0.01829189
IPCA(3),5,-0.00712842
IPCA(3),5,0.08295739
IPCA(3),5,0.26183457
IPCA(3),5,-0.00692083
IPCA(3),5,0.06411945
IPCA(3),5,0.05618135
IPCA(3),5,-0.06852649
IPCA(3),5,0.12334264
IPCA(3),5,0.01708317
IPCA(3),5,-0.06215011
IPCA(3),5,0.09153609
IPCA(3),5,0.01005444
IPCA(3),5,0.02898087
IPCA(3),5,-0.00684704
IPCA(3),5,0.01114484
IPCA(3),5,0.14137548
IPCA(3),5,0.17103968
IPCA(3),5,-0.01563168
IPCA(3),5,0.03688509
IPCA(3),5,-0.00192930
IPCA(3),5,0.00394428
IPCA(3),5,0.10363362
IPCA(3),5,0.14810155
IPCA(3),5,0.28239375
IPCA(3),5,0.23768702
IPCA(3),5,0.05123035
IPCA(3),5,0.07892081
IPCA(3),5,0.07715865
IPCA(3),5,0.08211472
IPCA(3),5,0.04939697
IPCA(3),5,-0.06150508
IPCA(3),5,-0.07419641
IPCA(3),5,0.00722111
IPCA(3),5,-0.01702251
IPCA(3),5,0.08289192
IPCA(3),5,0.01289862
IPCA(3),5,0.17550922
IPCA(3),5,0.09774923
IPCA(3),5,0.06220836
IPCA(3),5,0.03998817
IPCA(3),5,0.04151818
IPCA(3),5,0.06013078
IPCA(3),5,0.03807634
IPCA(3),5,-0.01833061
IPCA(3),5,0.04605805
IPCA(3),5,-0.00018830
IPCA(3),5,-0.02278446
IPCA(3),5,-0.00974953
IPCA(3),5,0.11421085
IPCA(3),5,-0.05139483
IPCA(3),5,0.04543688
IPCA(3),5,0.06124027
IPCA(3),5,0.00382880
IPCA(3),5,0.07254226
IPCA(3),5,0.05116305
IPCA(3),5,0.11705664
IPCA(3),5,0.05842484
IPCA(3),5,0.02439508
IPCA(3),5,0.12260993
IPCA(3),5,-0.03757035
IPCA(3),5,-0.01129392
IPCA(3),5,-0.05431996
IPCA(3),5,0.00300499
IPCA(3),5,-0.00447056
IPCA(3),5,0.22521365
IPCA(3),5,0.00533096
IPCA(3),5,0.01006961
IPCA(3),5,0.07909582
IPCA(3),5,0.00199426
IPCA(3),5,-0.00810039
IPCA(3),5,0.01034611
IPCA(3),5,0.12246198
IPCA(3),5,0.08057437
IPCA(3),5,0.04556031
IPCA(3),5,0.07371727
IPCA(3),5,0.01014472
IPCA(3),5,0.06656717
IPCA(3),5,0.03844428
IPCA(3),5,0.05547754
IPCA(3),5,0.01762009
IPCA(3),5,0.02011704
IPCA(3),5,0.02336651
IPCA(3),5,0.04436385
IPCA(3),5,0.14686420
IPCA(3),5,-0.02521537
IPCA(3),5,0.04954215
IPCA(3),5,0.02515685
IPCA(3),5,0.08252071
IPCA(3),5,0.04605333
IPCA(3),5,-0.00381738
IPCA(3),5,0.00957027
IPCA(3),5,0.00138030
IPCA(3),5,0.00122034
IPCA(3),5,-0.04305679
IPCA(3),5,-0.02715327
IPCA(3),5,0.00182230
IPCA(3),5,0.04304977
IPCA(3),5,0.02513657
IPCA(3),5,0.04956168
IPCA(3),5,0.03111741
IPCA(3),5,-0.00801676
IPCA(3),5,0.13094453
IPCA(3),5,0.02915196
IPCA(3),5,0.00046788
IPCA(3),5,0.01154089
IPCA(3),5,0.06089566
IPCA(3),5,0.01354583
IPCA(3),5,0.00432490
IPCA(3),5,0.02045913
IPCA(3),5,0.01135746
IPCA(3),5,0.07697515
IPCA(3),5,-0.00330845
IPCA(3),5,0.01654775
IPCA(3),5,0.00307730
IPCA(3),5,0.03404431
IPCA(3),5,-0.03240528
IPCA(3),5,-0.02453833
IPCA(3),5,-0.04328128
IPCA(3),5,0.03893895
IPCA(3),5,-0.01423038
IPCA(3),5,0.08068921
IPCA(3),5,0.04639973
IPCA(3),5,0.00974140
IPCA(3),5,0.23107928
IPCA(3),5,-0.00778919
IPCA(3),5,0.02293272
IPCA(3),5,0.01384408
IPCA(3),5,0.02540245
IPCA(3),5,0.11931735
IPCA(3),5,0.04346670
IPCA(3),5,-0.05303437
IPCA(3),5,0.25155739
IPCA(3),5,0.02383621
IPCA(3),5,0.02988445
IPCA(3),5,0.00164392
IPCA(3),5,0.02817588
IPCA(3),5,0.05434350
IPCA(3),5,0.00307281
IPCA(3),5,0.01542681
IPCA(3),5,0.11267410
IPCA(3),5,-0.01524491
IPCA(3),5,-0.04208995
IPCA(3),5,-0.01026340
IPCA(3),5,-0.12689447
IPCA(3),5,-0.02404291
IPCA(3),5,-0.07924754
IPCA(3),5,0.03318078
IPCA(3),5,0.02301620
IPCA(3),5,0.04063841
IPCA(3),5,0.07453498
IPCA(3),5,-0.03046209
IPCA(3),5,0.03705206
IPCA(3),5,0.00683341
IPCA(3),5,0.12009091
IPCA(3),5,0.00743684
IPCA(3),5,-0.01207535
IPCA(3),5,0.04590947
IPCA(3),5,-0.00024309
IPCA(3),5,0.00432357
IPCA(3),5,0.01457063
IPCA(3),5,0.03171859
IPCA(3),5,-0.01952222
IPCA(3),5,0.01057863
IPCA(3),5,0.07540058
IPCA(3),5,0.01790792
IPCA(3),5,-0.01774384
IPCA(3),5,0.05740425
IPCA(3),5,0.03181142
IPCA(3),5,0.09782582
IPCA(3),5,0.07353350
IPCA(3),5,-0.01088914
IPCA(3),5,0.06477733
IPCA(3),5,0.01749047
IPCA(3),5,0.03496125
IPCA(3),5,0.11277989
IPCA(3),5,0.18093584
IPCA(3),5,0.12773239
IPCA(3),5,0.01603672
IPCA(3),5,-0.04978786
IPCA(3),5,0.04232326
IPCA(3),5,0.10773920
IPCA(3),5,0.00350878
IPCA(3),5,-0.00488964
IPCA(3),5,-0.02221740
IPCA(3),5,0.03278440
IPCA(3),5,-0.01250850
IPCA(3),5,0.01648765
IPCA(3),5,0.02915635
IPCA(3),5,0.03807064
IPCA(3),5,0.01088459
IPCA(3),5,-0.04502621
IPCA(3),5,0.02480176
IPCA(3),5,0.00458681
IPCA(3),5,0.00984404
IPCA(3),5,0.22864992
IPCA(3),5,0.01299973
IPCA(3),5,0.01196860
IPCA(3),5,0.04552767
IPCA(3),5,0.04990919
IPCA(3),5,-0.01914077
IPCA(3),5,0.06027011
IPCA(3),5,0.01581716
IPCA(3),5,0.01569491
IPCA(3),5,0.00400078
IPCA(3),5,-0.01263232
IPCA(3),5,0.03871903
IPCA(3),5,0.07543530
IPCA(3),5,-0.00925244
IPCA(3),5,0.02611133
IPCA(3),5,0.03213502
IPCA(3),5,-0.01542413
IPCA(3),5,0.00714234
IPCA(3),5,0.02261895
IPCA(3),5,0.18464606
IPCA(3),5,-0.02527839
IPCA(3),5,0.04588580
IPCA(3),5,0.03488515
IPCA(3),5,0.02281537
IPCA(3),5,0.04882205
IPCA(3),5,0.00783522
IPCA(3),5,0.06083325
IPCA(3),5,0.05440361
IPCA(3),5,0.17725457
IPCA(3),5,0.04097444
IPCA(3),5,-0.01248878
IPCA(3),5,0.00019708
IPCA(3),5,0.02082396
IPCA(3),5,0.00681041
IPCA(3),5,0.04850265
IPCA(3),5,-0.04688223
IPCA(3),5,0.01235343
IPCA(3),5,-0.02847012
IPCA(3),5,0.01875931
IPCA(3),5,-0.03557668
IPCA(3),5,0.02015817
IPCA(3),5,0.01849028
IPCA(3),5,0.18275117
IPCA(3),5,-0.00612486
IPCA(3),5,-0.01847065
IPCA(3),5,0.11952622
IPCA(3),5,-0.01936707
IPCA(3),5,0.06151770
IPCA(3),5,-0.00357031
IPCA(3),5,0.02961116
IPCA(3),5,-0.03768076
IPCA(3),5,-0.00362610
IPCA(3),5,-0.00767869
IPCA(3),5,0.03169943
IPCA(3),5,-0.01202849
IPCA(3),5,-0.00265616
IPCA(3),5,-0.09705200
IPCA(3),5,-0.03205694
IPCA(3),5,-0.00253856
IPCA(3),5,0.02104279
IPCA(3),5,0.03680443
IPCA(3),5,0.16719894
IPCA(3),5,-0.01411040
IPCA(3),5,0.05294461
IPCA(3),5,-0.01700458
IPCA(3),5,-0.00012468
IPCA(3),5,-0.05151124
IPCA(3),5,-0.00164587
IPCA(3),5,-0.02994539
IPCA(3),5,-0.05116894
IPCA(3),5,-0.00379247
IPCA(3),5,-0.00926936
IPCA(3),5,-0.04994736
IPCA(3),5,0.09168618
IPCA(3),5,-0.00302681
IPCA(3),5,-0.00361964
IPCA(3),5,-0.03618952
IPCA(3),5,0.01499951
IPCA(3),5,-0.01261726
IPCA(3),5,-0.00340155
IPCA(3),5,0.07818268
IPCA(3),5,-0.00635169
IPCA(3),5,-0.01435523
IPCA(3),5,0.03026627
IPCA(3),6,0.07152195
IPCA(3),6,0.05891232
IPCA(3),6,0.13933200
IPCA(3),6,0.06168255
IPCA(3),6,0.05108481
IPCA(3),6,-0.02090930
IPCA(3),6,0.06752481
IPCA(3),6,0.08551200
IPCA(3),6,0.05468016
IPCA(3),6,0.06633162
IPCA(3),6,0.02135372
IPCA(3),6,0.04449799
IPCA(3),6,0.03147186
IPCA(3),6,0.08121206
IPCA(3),6,0.03349074
IPCA(3),6,0.04625386
IPCA(3),6,0.01577210
IPCA(3),6,-0.00385269
IPCA(3),6,0.06252711
IPCA(3),6,0.07771691
IPCA(3),6,0.12667685
IPCA(3),6,0.03256800
IPCA(3),6,0.07672986
IPCA(3),6,0.03389651
IPCA(3),6,0.12811540
IPCA(3),6,0.13709662
IPCA(3),6,0.05080859
IPCA(3),6,0.12022610
IPCA(3),6,-0.02257141
IPCA(3),6,0.04480216
IPCA(3),6,0.11259164
IPCA(3),6,0.00608538
IPCA(3),6,0.24618059
IPCA(3),6,0.10899137
IPCA(3),6,-0.01210846
IPCA(3),6,0.02268224
IPCA(3),6,0.25286867
IPCA(3),6,0.04399964
IPCA(3),6,0.05334465
IPCA(3),6,0.00042617
IPCA(3),6,0.09272971
IPCA(3),6,0.13836362
IPCA(3),6,0.29944858
IPCA(3),6,0.15902979
IPCA(3),6,0.02223453
IPCA(3),6,0.06366332
IPCA(3),6,0.02302290
IPCA(3),6,0.10217815
IPCA(3),6,0.05116480
IPCA(3),6,-0.02398486
IPCA(3),6,0.03175449
IPCA(3),6,0.01459286
IPCA(3),6,0.01586115
IPCA(3),6,0.13924280
IPCA(3),6,0.05915795
IPCA(3),6,0.02318090
IPCA(3),6,0.07482173
IPCA(3),6,0.00257751
IPCA(3),6,0.13927105
IPCA(3),6,0.03060301
IPCA(3),6,0.09737016
IPCA(3),6,-0.00556980
IPCA(3),6,0.05760875
IPCA(3),6,-0.07912262
IPCA(3),6,0.08831330
IPCA(3),6,0.05380399
IPCA(3),6,0.06850775
IPCA(3),6,-0.02848399
IPCA(3),6,0.09255225
IPCA(3),6,0.14728093
IPCA(3),6,0.11389902
IPCA(3),6,0.04021778
IPCA(3),6,0.20228528
IPCA(3),6,-0.06407812
IPCA(3),6,0.04599348
IPCA(3),6,0.07501007
IPCA(3),6,0.08926043
IPCA(3),6,0.04467574
IPCA(3),6,0.02864606
IPCA(3),6,0.07352115
IPCA(3),6,0.06449992
IPCA(3),6,0.17857647
IPCA(3),6,0.01754575
IPCA(3),6,0.16871867
IPCA(3),6,0.04650659
IPCA(3),6,0.06981582
IPCA(3),6,-0.00216749
IPCA(3),6,0.01615224
IPCA(3),6,-0.02885589
IPCA(3),6,0.07829529
IPCA(3),6,0.08363506
IPCA(3),6,0.08182078
IPCA(3),6,0.02379662
IPCA(3),6,0.17759749
IPCA(3),6,0.04768300
IPCA(3),6,0.07360832
IPCA(3),6,0.13688153
IPCA(3),6,0.15506632
IPCA(3),6,0.00389331
IPCA(3),6,0.17202320
IPCA(3),6,0.02062327
IPCA(3),6,0.09619498
IPCA(3),6,0.10183320
IPCA(3),6,-0.07255392
IPCA(3),6,-0.03543133
IPCA(3),6,0.09213652
IPCA(3),6,0.03803530
IPCA(3),6,0.12173927
IPCA(3),6,0.16717343
IPCA(3),6,0.08499404
IPCA(3),6,0.13092750
IPCA(3),6,0.09368381
IPCA(3),6,0.08555691
IPCA(3),6,0.11644649
IPCA(3),6,0.07102892
IPCA(3),6,0.11640897
IPCA(3),6,0.02097697
IPCA(3),6,0.10340642
IPCA(3),6,0.04960907
IPCA(3),6,0.13084326
IPCA(3),6,0.10298544
IPCA(3),6,0.04603416
IPCA(3),6,0.07358270
IPCA(3),6,-0.01227882
IPCA(3),6,0.05155242
IPCA(3),6,0.09274888
IPCA(3),6,0.04717273
IPCA(3),6,0.03379845
IPCA(3),6,0.10381927
IPCA(3),6,-0.02931816
IPCA(3),6,0.09629010
IPCA(3),6,0.12217744
IPCA(3),6,0.10457044
IPCA(3),6,0.08843272
IPCA(3),6,0.04363365
IPCA(3),6,0.02240829
IPCA(3),6,0.09677509
IPCA(3),6,0.02278318
IPCA(3),6,0.07346536
IPCA(3),6,0.22958995
IPCA(3),6,0.03857031
IPCA(3),6,0.10100413
IPCA(3),6,0.08089819
IPCA(3),6,-0.05590005
IPCA(3),6,0.06586037
IPCA(3),6,0.04850585
IPCA(3),6,0.24919922
IPCA(3),6,0.12978092
IPCA(3),6,0.09609243
IPCA(3),6,0.10445900
IPCA(3),6,0.02414751
IPCA(3),6,0.15405399
IPCA(3),6,0.07302372
IPCA(3),6,0.06135769
IPCA(3),6,0.24448200
IPCA(3),6,0.18044465
IPCA(3),6,0.00532654
IPCA(3),6,-0.01034469
IPCA(3),6,0.13076980
IPCA(3),6,0.20155149
IPCA(3),6,0.05773325
IPCA(3),6,0.00508089
IPCA(3),6,-0.05271872
IPCA(3),6,0.07491213
IPCA(3),6,0.00811709
IPCA(3),6,0.10727082
IPCA(3),6,0.19851347
IPCA(3),6,0.07674136
IPCA(3),6,0.05852783
IPCA(3),6,0.08281067
IPCA(3),6,0.03527916
IPCA(3),6,0.07197759
IPCA(3),6,0.12246800
IPCA(3),6,0.10837821
IPCA(3),6,0.12914728
IPCA(3),6,-0.03001809
IPCA(3),6,0.03388678
IPCA(3),6,0.07077842
IPCA(3),6,0.13845110
IPCA(3),6,0.04048229
IPCA(3),6,0.12575305
IPCA(3),6,0.02330174
IPCA(3),6,0.05704581
IPCA(3),6,0.03068627
IPCA(3),6,0.02236896
IPCA(3),6,-0.00578486
IPCA(3),6,0.02555319
IPCA(3),6,0.06592804
IPCA(3),6,0.02978345
IPCA(3),6,0.08686103
IPCA(3),6,0.06756651
IPCA(3),6,-0.01013159
IPCA(3),6,-0.02192588
IPCA(3),6,0.02678545
IPCA(3),6,0.03140533
IPCA(3),6,0.05676076
IPCA(3),6,0.13040344
IPCA(3),6,0.02194097
IPCA(3),6,0.01006125
IPCA(3),6,0.10812984
IPCA(3),6,0.06175645
IPCA(3),6,0.15953829
IPCA(3),6,0.07512000
IPCA(3),6,0.11759209
IPCA(3),6,0.17605285
IPCA(3),6,0.11913467
IPCA(3),6,0.15217995
IPCA(3),6,0.13753580
IPCA(3),6,0.26272394
IPCA(3),6,0.06385475
IPCA(3),6,0.04857131
IPCA(3),6,0.07919477
IPCA(3),6,-0.05597328
IPCA(3),6,0.12949824
IPCA(3),6,0.00371714
IPCA(3),6,0.02555800
IPCA(3),6,0.00367523
IPCA(3),6,0.06169722
IPCA(3),6,0.06767840
IPCA(3),6,-0.05235063
IPCA(3),6,0.02666629
IPCA(3),6,0.13322235
IPCA(3),6,0.08301792
IPCA(3),6,0.13958052
IPCA(3),6,0.10506261
IPCA(3),6,0.13664771
IPCA(3),6,0.04806334
IPCA(3),6,0.12123148
IPCA(3),6,0.06643567
IPCA(3),6,0.02141381
IPCA(3),6,0.15831940
IPCA(3),6,0.13441901
IPCA(3),6,0.13282652
IPCA(3),6,0.05649435
IPCA(3),6,0.08048168
IPCA(3),6,0.04418500
IPCA(3),6,0.01170756
IPCA(3),6,0.10030353
IPCA(3),6,0.06821482
IPCA(3),6,0.03624629
IPCA(3),6,0.04933944
IPCA(3),6,0.08665087
IPCA(3),6,0.12100156
IPCA(3),6,0.12813539
IPCA(3),6,0.11098814
IPCA(3),6,0.01899129
IPCA(3),6,0.09989095
IPCA(3),6,0.21695815
IPCA(3),6,0.05963075
IPCA(3),6,0.05705294
IPCA(3),6,0.10355577
IPCA(3),6,0.03370627
IPCA(3),6,0.02512915
IPCA(3),6,0.12196437
IPCA(3),6,-0.00336204
IPCA(3),6,0.06279982
IPCA(3),6,0.08198809
IPCA(3),6,0.07713342
IPCA(3),6,0.20143973
IPCA(3),6,0.12520464
IPCA(3),6,0.11200059
IPCA(3),6,0.05324738
IPCA(3),6,0.03123426
IPCA(3),6,0.04973142
IPCA(3),6,0.12649570
IPCA(3),6,0.09794908
IPCA(3),6,0.03230487
IPCA(3),6,0.10486528
IPCA(3),6,0.09044998
IPCA(3),6,0.04766301
IPCA(3),6,0.08619910
IPCA(3),6,0.06963248
IPCA(3),6,0.05718906
IPCA(3),6,-0.02416468
IPCA(3),6,0.03027046
IPCA(3),6,0.24968784
IPCA(3),6,0.08547641
IPCA(3),6,0.21050297
IPCA(3),6,0.05117653
IPCA(3),6,0.02792123
IPCA(3),6,0.03090641
IPCA(3),6,0.05525118
IPCA(3),6,0.00619725
IPCA(3),6,0.06001476
IPCA(3),6,0.04370436
IPCA(3),6,0.10377793
IPCA(3),6,0.22875145
IPCA(3),6,0.04674526
IPCA(3),6,0.10532601
IPCA(3),6,0.03231097
IPCA(3),6,0.14680005
IPCA(3),6,0.10485966
IPCA(3),6,0.08316667
IPCA(3),6,0.04854763
IPCA(3),6,0.13493318
IPCA(3),6,0.13514526
IPCA(3),6,0.00806778
IPCA(3),6,0.15285208
IPCA(3),6,0.05402788
IPCA(3),6,0.02682493
IPCA(3),6,0.15061566
IPCA(3),6,0.06741378
IPCA(3),6,0.12522375
IPCA(3),6,0.11749122
IPCA(3),6,0.01523838
IPCA(3),6,0.06231495
IPCA(3),6,0.11142307
IPCA(3),6,0.08606960
IPCA(3),6,0.06257126
IPCA(3),6,0.07604105
IPCA(3),6,0.20643557
IPCA(3),6,0.05002993
IPCA(3),6,0.04737638
IPCA(5),1,0.07975859
IPCA(5),1,0.18159961
IPCA(5),1,0.13878954
IPCA(5),1,0.11765024
IPCA(5),1,-0.00565151
IPCA(5),1,0.14502711
IPCA(5),1,0.14827013
IPCA(5),1,0.09758014
IPCA(5),1,0.21096967
IPCA(5),1,0.08535373
IPCA(5),1,0.13975590
IPCA(5),1,0.14024516
IPCA(5),1,0.09263473
IPCA(5),1,0.03545390
IPCA(5),1,0.13538196
IPCA(5),1,0.19628962
IPCA(5),1,0.03406382
IPCA(5),1,0.02546476
IPCA(5),1,0.16102245
IPCA(5),1,0.16314376
IPCA(5),1,0.00064579
IPCA(5),1,0.06517079
IPCA(5),1,0.05241891
IPCA(5),1,0.19520957
IPCA(5),1,0.18454256
IPCA(5),1,0.15293041
IPCA(5),1,0.17606822
IPCA(5),1,0.02994885
IPCA(5),1,0.30460256
IPCA(5),1,0.06716217
IPCA(5),1,0.17516886
IPCA(5),1,0.18955908
IPCA(5),1,-0.01465416
IPCA(5),1,0.20479596
IPCA(5),1,0.07635331
IPCA(5),1,0.22335119
IPCA(5),1,0.12149722
IPCA(5),1,0.10280154
IPCA(5),1,0.16667343
IPCA(5),1,0.04252036
IPCA(5),1,0.06070111
IPCA(5),1,0.00155479
IPCA(5),1,0.07188243
IPCA(5),1,0.27417009
IPCA(5),1,0.15985588
IPCA(5),1,0.00341156
IPCA(5),1,0.04648053
IPCA(5),1,0.12764799
IPCA(5),1,0.05164336
IPCA(5),1,0.13673153
IPCA(5),1,-0.03274429
IPCA(5),1,0.24462248
IPCA(5),1,-0.02619867
IPCA(5),1,0.13376177
IPCA(5),1,0.27004863
IPCA(5),1,0.21008372
IPCA(5),1,0.06611761
IPCA(5),1,0.27836525
IPCA(5),1,0.01343637
IPCA(5),1,0.10645778
IPCA(5),1,0.07695486
IPCA(5),1,0.14703408
IPCA(5),1,0.05235598
IPCA(5),1,0.03024852
IPCA(5),1,0.13047638
IPCA(5),1,0.19388556
IPCA(5),1,0.14947439
IPCA(5),1,0.16073571
IPCA(5),1,0.08326996
IPCA(5),1,0.21718218
IPCA(5),1,0.05666745
IPCA(5),1,0.22455637
IPCA(5),1,0.13041712
IPCA(5),1,0.13462602
IPCA(5),1,0.14504554
IPCA(5),1,0.15183769
IPCA(5),1,0.21784460
IPCA(5),1,0.12126403
IPCA(5),1,0.14229498
IPCA(5),1,-0.00566221
IPCA(5),1,0.07389694
IPCA(5),1,0.01447045
IPCA(5),1,0.07455646
IPCA(5),1,0.04722366
IPCA(5),1,0.10420048
IPCA(5),1,0.02105903
IPCA(5),1,0.33396479
IPCA(5),1,0.01102766
IPCA(5),1,0.02974428
IPCA(5),1,0.06669188
IPCA(5),1,0.09162779
IPCA(5),1,0.18475216
IPCA(5),1,0.21247441
IPCA(5),1,0.11010508
IPCA(5),1,0.04126224
IPCA(5),1,0.10606380
IPCA(5),1,0.03132010
IPCA(5),1,0.03518293
IPCA(5),1,0.02959340
IPCA(5),1,0.06192766
IPCA(5),1,-0.01994141
IPCA(5),1,0.11971293
IPCA(5),1,0.19881809
IPCA(5),1,0.19055358
IPCA(5),1,0.05749829
IPCA(5),1,0.06130778
IPCA(5),1,0.11487878
IPCA(5),1,0.30624781
IPCA(5),1,0.18865977
IPCA(5),1,0.08847138
IPCA(5),1,0.30204439
IPCA(5),1,0.23430277
IPCA(5),1,0.13654250
IPCA(5),1,0.11414674
IPCA(5),1,0.00657668
IPCA(5),1,0.08230521
IPCA(5),1,0.03103818
IPCA(5),1,0.23100783
IPCA(5),1,0.05526701
IPCA(5),1,0.01564399
IPCA(5),1,0.09692141
IPCA(5),1,0.23230376
IPCA(5),1,0.12596594
IPCA(5),1,0.05931729
IPCA(5),1,0.01275635
IPCA(5),1,0.02508767
IPCA(5),1,0.13303039
IPCA(5),1,0.07639501
IPCA(5),1,0.17146216
IPCA(5),1,-0.01624063
IPCA(5),1,0.25671040
IPCA(5),1,0.10614547
IPCA(5),1,0.10787489
IPCA(5),1,0.03782723
IPCA(5),1,0.13406674
IPCA(5),1,0.06218575
IPCA(5),1,0.11020630
IPCA(5),1,-0.12883479
IPCA(5),1,0.02486632
IPCA(5),1,0.12757269
IPCA(5),1,0.17190349
IPCA(5),1,0.03936632
IPCA(5),1,0.03298831
IPCA(5),1,0.18154824
IPCA(5),1,0.22368757
IPCA(5),1,0.22705944
IPCA(5),1,0.04089954
IPCA(5),1,-0.03511510
IPCA(5),1,0.06211379
IPCA(5),1,0.00786573
IPCA(5),1,0.18815234
IPCA(5),1,0.16647021
IPCA(5),1,-0.00211125
IPCA(5),1,0.03684065
IPCA(5),1,0.07860870
IPCA(5),1,0.06250615
IPCA(5),1,0.17430142
IPCA(5),1,0.01187917
IPCA(5),1,0.24020610
IPCA(5),1,0.03037146
IPCA(5),1,0.25670703
IPCA(5),1,-0.03631396
IPCA(5),1,0.12169270
IPCA(5),1,0.26845326
IPCA(5),1,0.26042079
IPCA(5),1,0.24424354
IPCA(5),1,0.21341126
IPCA(5),1,0.11024222
IPCA(5),1,0.08146780
IPCA(5),1,0.16502000
IPCA(5),1,0.01420848
IPCA(5),1,-0.04944819
IPCA(5),1,0.05153556
IPCA(5),1,0.12525429
IPCA(5),1,0.16450118
IPCA(5),1,0.10949087
IPCA(5),1,0.15129644
IPCA(5),1,0.02551467
IPCA(5),1,0.11930235
IPCA(5),1,0.09074007
IPCA(5),1,0.06016187
IPCA(5),1,0.12187627
IPCA(5),1,0.18059625
IPCA(5),1,-0.04189039
IPCA(5),1,0.06130352
IPCA(5),1,0.08851290
IPCA(5),1,0.01871656
IPCA(5),1,0.31981928
IPCA(5),1,0.08712854
IPCA(5),1,0.18739152
IPCA(5),1,-0.02594034
IPCA(5),1,0.01664610
IPCA(5),1,0.12927460
IPCA(5),1,0.09269474
IPCA(5),1,0.06765879
IPCA(5),1,0.02627114
IPCA(5),1,0.01082353
IPCA(5),1,0.13752910
IPCA(5),1,0.07677889
IPCA(5),1,0.11565625
IPCA(5),1,0.07746444
IPCA(5),1,0.02265999
IPCA(5),1,0.14066106
IPCA(5),1,0.11289713
IPCA(5),1,-0.02014223
IPCA(5),1,0.05065926
IPCA(5),1,0.02072335
IPCA(5),1,0.10811088
IPCA(5),1,0.23583845
IPCA(5),1,0.17874400
IPCA(5),1,0.04287680
IPCA(5),1,0.04781022
IPCA(5),1,-0.01707038
IPCA(5),1,0.10889564
IPCA(5),1,0.07657786
IPCA(5),1,-0.02885915
IPCA(5),1,0.06517545
IPCA(5),1,0.11095622
IPCA(5),1,0.05743528
IPCA(5),1,0.25854945
IPCA(5),1,0.12901493
IPCA(5),1,0.15237434
IPCA(5),1,-0.06651089
IPCA(5),1,0.12919610
IPCA(5),1,0.06786606
IPCA(5),1,-0.02352031
IPCA(5),1,0.02795850
IPCA(5),1,-0.00401749
IPCA(5),1,0.13934376
IPCA(5),1,0.07237120
IPCA(5),1,0.00772626
IPCA(5),1,0.16923084
IPCA(5),1,-0.00404367
IPCA(5),1,-0.02909966
IPCA(5),1,0.15559692
IPCA(5),1,0.09564169
IPCA(5),1,-0.02974099
IPCA(5),1,0.06603461
IPCA(5),1,0.02266666
IPCA(5),1,0.12854484
IPCA(5),1,0.12091583
IPCA(5),1,-0.03392204
IPCA(5),1,0.22828353
IPCA(5),1,0.01249005
IPCA(5),1,0.02574053
IPCA(5),1,0.20838622
IPCA(5),1,0.13579984
IPCA(5),1,-0.03185615
IPCA(5),1,0.05921963
IPCA(5),1,0.05415541
IPCA(5),1,-0.05892691
IPCA(5),1,0.10228890
IPCA(5),1,-0.04608962
IPCA(5),1,0.08442362
IPCA(5),1,0.00188911
IPCA(5),1,0.05666690
IPCA(5),1,0.05006833
IPCA(5),1,0.10322011
IPCA(5),1,-0.02521791
IPCA(5),1,0.14249154
IPCA(5),1,0.16396404
IPCA(5),1,0.15320959
IPCA(5),1,0.02707473
IPCA(5),1,0.12073824
IPCA(5),1,0.07040964
IPCA(5),1,0.16480690
IPCA(5),1,0.00763626
IPCA(5),1,0.03587000
IPCA(5),1,0.15686731
IPCA(5),1,0.08269793
IPCA(5),1,0.03093975
IPCA(5),1,0.04040356
IPCA(5),1,0.23692872
IPCA(5),1,0.13567664
IPCA(5),1,0.13486970
IPCA(5),1,0.10678917
IPCA(5),1,0.01728547
IPCA(5),1,0.24187025
IPCA(5),1,0.01258883
IPCA(5),1,0.10112800
IPCA(5),1,0.21796526
IPCA(5),1,0.10523756
IPCA(5),1,0.04219258
IPCA(5),1,0.08867549
IPCA(5),1,0.06571804
IPCA(5),1,0.03730167
IPCA(5),1,0.14940996
IPCA(5),1,0.13331562
IPCA(5),1,0.14040044
IPCA(5),1,0.00240935
IPCA(5),1,0.11311939
IPCA(5),1,0.03909973
IPCA(5),1,0.01043109
IPCA(5),1,0.18210574
IPCA(5),1,0.02722392
IPCA(5),1,0.09160277
IPCA(5),1,0.08255886
IPCA(5),1,0.14229808
IPCA(5),1,0.14864869
IPCA(5),1,0.18903262
IPCA(5),1,0.08660203
IPCA(5),1,-0.03929826
IPCA(5),1,0.17829901
IPCA(5),1,0.04692736
IPCA(5),1,0.17197115
IPCA(5),1,0.31029996
IPCA(5),1,0.22765697
IPCA(5),1,0.14550724
IPCA(5),1,0.27039065
IPCA(5),1,0.17868576
IPCA(5),1,0.23926577
IPCA(5),1,0.12522351
IPCA(5),1,0.12814045
IPCA(5),1,0.13215651
IPCA(5),1,0.04423985
IPCA(5),1,0.11010320
IPCA(5),1,0.06804659
IPCA(5),1,0.08927457
IPCA(5),1,0.12058781
IPCA(5),1,0.09794463
IPCA(5),1,0.03874802
IPCA(5),1,0.10339662
IPCA(5),2,-0.01379822
IPCA(5),2,-0.00903866
IPCA(5),2,-0.02539613
IPCA(5),2,0.00597397
IPCA(5),2,0.06012817
IPCA(5),2,-0.03117855
IPCA(5),2,0.06449384
IPCA(5),2,-0.03871138
IPCA(5),2,-0.02173578
IPCA(5),2,-0.02479362
IPCA(5),2,-0.01784170
IPCA(5),2,0.12475119
IPCA(5),2,-0.01518327
IPCA(5),2,-0.03277986
IPCA(5),2,0.01782974
IPCA(5),2,0.00237265
IPCA(5),2,0.03440288
IPCA(5),2,-0.00680856
IPCA(5),2,0.01997134
IPCA(5),2,0.00313634
IPCA(5),2,-0.02765904
IPCA(5),2,-0.00226921
IPCA(5),2,0.00985182
IPCA(5),2,0.01139644
IPCA(5),2,0.00646113
IPCA(5),2,-0.02854842
IPCA(5),2,-0.01450491
IPCA(5),2,0.00827039
IPCA(5),2,-0.00398427
IPCA(5),2,0.00997037
IPCA(5),2,0.03521946
IPCA(5),2,0.05440074
IPCA(5),2,-0.08217655
IPCA(5),2,0.00136940
IPCA(5),2,0.05208994
IPCA(5),2,0.01064597
IPCA(5),2,-0.00456857
IPCA(5),2,0.04323043
IPCA(5),2,0.02059897
IPCA(5),2,-0.05134880
IPCA(5),2,0.09900644
IPCA(5),2,-0.04706842
IPCA(5),2,-0.01595199
IPCA(5),2,-0.03942811
IPCA(5),2,0.03855336
IPCA(5),2,0.08666469
IPCA(5),2,-0.01683213
IPCA(5),2,-0.00392602
IPCA(5),2,-0.03726318
IPCA(5),2,0.08035386
IPCA(5),2,-0.05386405
IPCA(5),2,0.02171541
IPCA(5),2,-0.01078928
IPCA(5),2,0.00815806
IPCA(5),2,-0.08784259
IPCA(5),2,-0.03969318
IPCA(5),2,0.00301071
IPCA(5),2,0.01364788
IPCA(5),2,-0.04276725
IPCA(5),2,0.00034807
IPCA(5),2,0.02371103
IPCA(5),2,0.05310441
IPCA(5),2,0.09712238
IPCA(5),2,-0.02479024
IPCA(5),2,-0.02556336
IPCA(5),2,0.07247007
IPCA(5),2,-0.02485198
IPCA(5),2,0.07028569
IPCA(5),2,0.04462755
IPCA(5),2,-0.08111123
IPCA(5),2,0.07037878
IPCA(5),2,-0.01229200
IPCA(5),2,0.03502626
IPCA(5),2,0.00201741
IPCA(5),2,0.07493655
IPCA(5),2,0.00967701
IPCA(5),2,0.08933143
IPCA(5),2,0.00348467
IPCA(5),2,0.02675187
IPCA(5),2,0.03994702
IPCA(5),2,0.00401482
IPCA(5),2,-0.01425851
IPCA(5),2,0.02630744
IPCA(5),2,-0.02892281
IPCA(5),2,-0.01436128
IPCA(5),2,0.02949076
IPCA(5),2,-0.01203756
IPCA(5),2,-0.02277529
IPCA(5),2,-0.00024889
IPCA(5),2,-0.03943567
IPCA(5),2,-0.03134783
IPCA(5),2,0.00407612
IPCA(5),2,-0.01625324
IPCA(5),2,-0.02560446
IPCA(5),2,0.00487652
IPCA(5),2,-0.03041116
IPCA(5),2,0.05212722
IPCA(5),2,-0.01893203
IPCA(5),2,0.05315037
IPCA(5),2,0.00941603
IPCA(5),2,0.00355726
IPCA(5),2,-0.01665809
IPCA(5),2,-0.03100262
IPCA(5),2,0.01555564
IPCA(5),2,0.08222056
IPCA(5),2,0.00434924
IPCA(5),2,0.09966583
IPCA(5),2,0.00270339
IPCA(5),2,-0.02587956
IPCA(5),2,-0.00942892
IPCA(5),2,-0.03445461
IPCA(5),2,-0.01550079
IPCA(5),2,0.02103178
IPCA(5),2,-0.02111895
IPCA(5),2,0.00104641
IPCA(5),2,0.01490324
IPCA(5),2,-0.02304814
IPCA(5),2,0.06801606
IPCA(5),2,-0.09298952
IPCA(5),2,-0.05105766
IPCA(5),2,-0.00890509
IPCA(5),2,0.01523299
IPCA(5),2,-0.00824115
IPCA(5),2,-0.01695205
IPCA(5),2,0.00278971
IPCA(5),2,-0.01799326
IPCA(5),2,-0.04254123
IPCA(5),2,0.09836949
IPCA(5),2,-0.00945813
IPCA(5),2,-0.00996849
IPCA(5),2,0.00303274
IPCA(5),2,-0.01068384
IPCA(5),2,0.04319750
IPCA(5),2,-0.07703413
IPCA(5),2,-0.01623473
IPCA(5),2,0.11933898
IPCA(5),2,-0.02125405
IPCA(5),2,-0.01340463
IPCA(5),2,-0.04685573
IPCA(5),2,-0.01204026
IPCA(5),2,-0.02073653
IPCA(5),2,-0.03084935
IPCA(5),2,0.07172504
IPCA(5),2,-0.00979482
IPCA(5),2,-0.00830409
IPCA(5),2,-0.01432690
IPCA(5),2,-0.00821285
IPCA(5),2,-0.00659469
IPCA(5),2,0.01988044
IPCA(5),2,0.09145346
IPCA(5),2,0.00351736
IPCA(5),2,0.06388895
IPCA(5),2,-0.02377226
IPCA(5),2,0.03271667
IPCA(5),2,-0.02862317
IPCA(5),2,-0.00270837
IPCA(5),2,-0.00278918
IPCA(5),2,0.07153696
IPCA(5),2,0.02760011
IPCA(5),2,0.04378347
IPCA(5),2,0.06167271
IPCA(5),2,-0.02948407
IPCA(5),2,-0.01884971
IPCA(5),2,-0.00023742
IPCA(5),2,0.02028085
IPCA(5),2,-0.01975509
IPCA(5),2,-0.03125205
IPCA(5),2,-0.00161872
IPCA(5),2,0.02050660
IPCA(5),2,-0.01221690
IPCA(5),2,-0.00108459
IPCA(5),2,-0.02631947
IPCA(5),2,-0.00001096
IPCA(5),2,0.04537549
IPCA(5),2,-0.00666756
IPCA(5),2,-0.02044982
IPCA(5),2,0.06284559
IPCA(5),2,0.02130191
IPCA(5),2,0.00143597
IPCA(5),2,-0.00656579
IPCA(5),2,0.00042530
IPCA(5),2,-0.05107906
IPCA(5),2,0.05888920
IPCA(5),2,-0.02505800
IPCA(5),2,0.18931159
IPCA(5),2,0.01473468
IPCA(5),2,0.02927599
IPCA(5),2,-0.02394037
IPCA(5),2,0.02685734
IPCA(5),2,-0.05077355
IPCA(5),2,-0.00171831
IPCA(5),2,0.03904298
IPCA(5),2,-0.03927835
IPCA(5),2,-0.01481186
IPCA(5),2,0.04194367
IPCA(5),2,0.05827653
IPCA(5),2,-0.03275970
IPCA(5),2,-0.00765722
IPCA(5),2,-0.02565018
IPCA(5),2,0.04916696
IPCA(5),2,0.06658388
IPCA(5),2,-0.02955159
IPCA(5),2,-0.03493753
IPCA(5),2,0.07277799
IPCA(5),2,-0.00693916
IPCA(5),2,0.00248797
IPCA(5),2,-0.03239349
IPCA(5),2,-0.00727687
IPCA(5),2,-0.00635638
IPCA(5),2,-0.04450116
IPCA(5),2,-0.00829930
IPCA(5),2,0.02628358
IPCA(5),2,0.02565479
IPCA(5),2,-0.02894403
IPCA(5),2,-0.04509375
IPCA(5),2,-0.01533334
IPCA(5),2,-0.02117455
IPCA(5),2,0.00528049
IPCA(5),2,-0.01616469
IPCA(5),2,-0.08548027
IPCA(5),2,-0.00644055
IPCA(5),2,-0.02742575
IPCA(5),2,-0.00876318
IPCA(5),2,-0.03203468
IPCA(5),2,-0.02564956
IPCA(5),2,0.03884116
IPCA(5),2,0.00422704
IPCA(5),2,0.03253659
IPCA(5),2,-0.02835856
IPCA(5),2,0.02587856
IPCA(5),2,0.01378375
IPCA(5),2,-0.01724765
IPCA(5),2,0.08383459
IPCA(5),2,-0.03517706
IPCA(5),2,-0.06769739
IPCA(5),2,0.01942323
IPCA(5),2,-0.01914454
IPCA(5),2,0.14664559
IPCA(5),2,0.05584992
IPCA(5),2,0.01673826
IPCA(5),2,0.06358346
IPCA(5),2,0.01030549
IPCA(5),2,-0.04300640
IPCA(5),2,-0.00610973
IPCA(5),2,0.05414503
IPCA(5),2,-0.00116742
IPCA(5),2,0.07235924
IPCA(5),2,-0.02902780
IPCA(5),2,-0.02869777
IPCA(5),2,0.00511430
IPCA(5),2,0.05067354
IPCA(5),2,0.01345659
IPCA(5),2,-0.03997421
IPCA(5),2,0.02463010
IPCA(5),2,-0.03929567
IPCA(5),2,-0.02281696
IPCA(5),2,-0.05441726
IPCA(5),2,0.12737571
IPCA(5),2,0.04102777
IPCA(5),2,0.01523062
IPCA(5),2,0.10106690
IPCA(5),2,-0.02812705
IPCA(5),2,-0.04943433
IPCA(5),2,0.00245398
IPCA(5),2,-0.03365340
IPCA(5),2,-0.05323529
IPCA(5),2,-0.02078594
IPCA(5),2,-0.01988646
IPCA(5),2,-0.02123269
IPCA(5),2,-0.02042617
IPCA(5),2,0.00879996
IPCA(5),2,-0.00225226
IPCA(5),2,0.04743821
IPCA(5),2,0.04504470
IPCA(5),2,-0.00092791
IPCA(5),2,-0.04131799
IPCA(5),2,-0.02292946
IPCA(5),2,-0.03144031
IPCA(5),2,-0.01815454
IPCA(5),2,-0.02526012
IPCA(5),2,-0.05748111
IPCA(5),2,0.11597818
IPCA(5),2,0.07796242
IPCA(5),2,0.06820822
IPCA(5),2,-0.00892634
IPCA(5),2,0.05373349
IPCA(5),2,-0.01534113
IPCA(5),2,-0.00134857
IPCA(5),2,0.02297121
IPCA(5),2,0.07750153
IPCA(5),2,0.05434270
IPCA(5),2,0.03777851
IPCA(5),2,0.16586117
IPCA(5),2,-0.00642121
IPCA(5),2,-0.00945653
IPCA(5),2,0.00450616
IPCA(5),2,-0.00286021
IPCA(5),2,0.00186750
IPCA(5),2,0.01477614
IPCA(5),2,0.09621465
IPCA(5),2,0.13625050
IPCA(5),2,0.02457577
IPCA(5),2,0.03570484
IPCA(5),2,0.08759585
IPCA(5),2,-0.00367487
IPCA(5),2,0.06308846
IPCA(5),2,-0.04091483
IPCA(5),2,0.00451360
IPCA(5),2,-0.06322919
IPCA(5),2,-0.02808101
IPCA(5),2,0.05793917
IPCA(5),2,0.00765586
IPCA(5),2,0.02538163
IPCA(5),2,-0.04783155
IPCA(5),2,0.02942049
IPCA(5),2,0.01088689
IPCA(5),2,0.07036870
IPCA(5),2,0.01787069
IPCA(5),2,-0.01745837
IPCA(5),2,0.05389237
IPCA(5),3,-0.00241430
IPCA(5),3,-0.03877449
IPCA(5),3,-0.03403397
IPCA(5),3,-0.02490491
IPCA(5),3,-0.03077937
IPCA(5),3,0.01133567
IPCA(5),3,0.03746423
IPCA(5),3,-0.05383415
IPCA(5),3,-0.06556129
IPCA(5),3,0.05196514
IPCA(5),3,-0.04521340
IPCA(5),3,-0.05090732
IPCA(5),3,-0.01190390
IPCA(5),3,-0.02244934
IPCA(5),3,-0.02738576
IPCA(5),3,-0.06751149
IPCA(5),3,-0.07704485
IPCA(5),3,0.03197161
IPCA(5),3,0.01017902
IPCA(5),3,-0.04877147
IPCA(5),3,-0.08166102
IPCA(5),3,-0.01847598
IPCA(5),3,-0.00952161
IPCA(5),3,-0.01727465
IPCA(5),3,-0.06662495
IPCA(5),3,-0.03436470
IPCA(5),3,-0.07770404
IPCA(5),3,-0.03288608
IPCA(5),3,-0.01718139
IPCA(5),3,-0.04597803
IPCA(5),3,-0.02774914
IPCA(5),3,-0.03337197
IPCA(5),3,-0.05892710
IPCA(5),3,-0.06580661
IPCA(5),3,0.02189430
IPCA(5),3,0.02280185
IPCA(5),3,-0.10807779
IPCA(5),3,-0.03990988
IPCA(5),3,-0.02037944
IPCA(5),3,-0.02728870
IPCA(5),3,-0.00796509
IPCA(5),3,-0.06098804
IPCA(5),3,-0.01609094
IPCA(5),3,-0.03869908
IPCA(5),3,-0.03441540
IPCA(5),3,-0.03723897
IPCA(5),3,-0.00521123
IPCA(5),3,-0.06649790
IPCA(5),3,-0.01594908
IPCA(5),3,-0.03496937
IPCA(5),3,-0.05439086
IPCA(5),3,-0.01597539
IPCA(5),3,0.07568490
IPCA(5),3,-0.02070263
IPCA(5),3,-0.00726713
IPCA(5),3,-0.06274378
IPCA(5),3,-0.09278643
IPCA(5),3,-0.00899832
IPCA(5),3,-0.04411359
IPCA(5),3,-0.04450743
IPCA(5),3,-0.04297047
IPCA(5),3,-0.05575347
IPCA(5),3,-0.04569585
IPCA(5),3,-0.06149093
IPCA(5),3,-0.04098473
IPCA(5),3,-0.02071442
IPCA(5),3,-0.05754970
IPCA(5),3,-0.04916188
IPCA(5),3,-0.06664996
IPCA(5),3,-0.04035020
IPCA(5),3,-0.00651540
IPCA(5),3,-0.04875779
IPCA(5),3,0.01445058
IPCA(5),3,-0.03664854
IPCA(5),3,0.03219271
IPCA(5),3,-0.01127588
IPCA(5),3,-0.07029602
IPCA(5),3,-0.06498725
IPCA(5),3,-0.02686571
IPCA(5),3,-0.04512623
IPCA(5),3,0.00446811
IPCA(5),3,-0.00278679
IPCA(5),3,-0.04690844
IPCA(5),3,-0.02837612
IPCA(5),3,-0.01038969
IPCA(5),3,0.03198384
IPCA(5),3,-0.05033553
IPCA(5),3,-0.00485751
IPCA(5),3,0.02156958
IPCA(5),3,-0.01488588
IPCA(5),3,-0.04556018
IPCA(5),3,-0.00911703
IPCA(5),3,-0.05900120
IPCA(5),3,-0.02154373
IPCA(5),3,-0.01084538
IPCA(5),3,-0.08704452
IPCA(5),3,-0.06162013
IPCA(5),3,-0.03062689
IPCA(5),3,0.04098073
IPCA(5),3,0.00897108
IPCA(5),3,-0.03110232
IPCA(5),3,-0.03163033
IPCA(5),3,-0.06077649
IPCA(5),3,-0.03308522
IPCA(5),3,-0.05729089
IPCA(5),3,-0.08300797
IPCA(5),3,-0.05326080
IPCA(5),3,-0.07793866
IPCA(5),3,-0.03210429
IPCA(5),3,-0.03284946
IPCA(5),3,-0.04973219
IPCA(5),3,-0.03472487
IPCA(5),3,-0.04417583
IPCA(5),3,-0.04608760
IPCA(5),3,-0.02627632
IPCA(5),3,0.02400938
IPCA(5),3,-0.02917460
IPCA(5),3,-0.00472275
IPCA(5),3,-0.05754935
IPCA(5),3,-0.01712257
IPCA(5),3,-0.00585936
IPCA(5),3,-0.05028995
IPCA(5),3,-0.02323443
IPCA(5),3,-0.06416301
IPCA(5),3,-0.02597444
IPCA(5),3,-0.04391656
IPCA(5),3,-0.07444909
IPCA(5),3,-0.05280252
IPCA(5),3,-0.01397130
IPCA(5),3,-0.00383343
IPCA(5),3,-0.03583153
IPCA(5),3,0.01851504
IPCA(5),3,-0.06871377
IPCA(5),3,-0.02725870
IPCA(5),3,-0.01841611
IPCA(5),3,0.02400288
IPCA(5),3,-0.02849427
IPCA(5),3,-0.02996281
IPCA(5),3,-0.01585031
IPCA(5),3,-0.04572435
IPCA(5),3,-0.02084914
IPCA(5),3,-0.05765909
IPCA(5),3,-0.01068791
IPCA(5),3,0.02559438
IPCA(5),3,-0.03952756
IPCA(5),3,-0.06861502
IPCA(5),3,-0.07300116
IPCA(5),3,-0.06872467
IPCA(5),3,0.00184084
IPCA(5),3,-0.03046286
IPCA(5),3,-0.02561374
IPCA(5),3,-0.05954694
IPCA(5),3,-0.04551941
IPCA(5),3,-0.02094503
IPCA(5),3,-0.02318269
IPCA(5),3,0.02241769
IPCA(5),3,-0.03243714
IPCA(5),3,-0.06402369
IPCA(5),3,-0.00037929
IPCA(5),3,-0.00316981
IPCA(5),3,-0.00543193
IPCA(5),3,-0.03461344
IPCA(5),3,-0.07114907
IPCA(5),3,-0.04476679
IPCA(5),3,-0.05777028
IPCA(5),3,0.05524377
IPCA(5),3,-0.06851923
IPCA(5),3,-0.02236533
IPCA(5),3,0.02007827
IPCA(5),3,-0.02233582
IPCA(5),3,-0.06538661
IPCA(5),3,0.03887153
IPCA(5),3,-0.03011943
IPCA(5),3,-0.03232696
IPCA(5),3,-0.02935774
IPCA(5),3,-0.02808639
IPCA(5),3,-0.00614831
IPCA(5),3,-0.02273481
IPCA(5),3,0.09431942
IPCA(5),3,-0.05272117
IPCA(5),3,-0.11298659
IPCA(5),3,0.02849674
IPCA(5),3,0.02465610
IPCA(5),3,-0.01933003
IPCA(5),3,0.02847589
IPCA(5),3,-0.03668987
IPCA(5),3,-0.02639555
IPCA(5),3,-0.02672163
IPCA(5),3,-0.02883801
IPCA(5),3,-0.03243049
IPCA(5),3,-0.03309680
IPCA(5),3,-0.01490153
IPCA(5),3,-0.05187524
IPCA(5),3,-0.04089610
IPCA(5),3,-0.09030401
IPCA(5),3,-0.01109208
IPCA(5),3,-0.02064873
IPCA(5),3,-0.03870220
IPCA(5),3,-0.04013175
IPCA(5),3,-0.03006173
IPCA(5),3,-0.02104709
IPCA(5),3,-0.00736734
IPCA(5),3,-0.03528264
IPCA(5),3,-0.05752937
IPCA(5),3,0.01208781
IPCA(5),3,-0.01934261
IPCA(5),3,-0.00512942
IPCA(5),3,-0.08576361
IPCA(5),3,0.01111974
IPCA(5),3,-0.05149178
IPCA(5),3,-0.06099053
IPCA(5),3,-0.01069631
IPCA(5),3,-0.01374599
IPCA(5),3,-0.04012245
IPCA(5),3,-0.03255506
IPCA(5),3,-0.00689192
IPCA(5),3,-0.02442700
IPCA(5),3,-0.00596183
IPCA(5),3,-0.05358865
IPCA(5),3,-0.00719419
IPCA(5),3,-0.02497192
IPCA(5),3,-0.04394790
IPCA(5),3,-0.01939590
IPCA(5),3,-0.05313023
IPCA(5),3,0.02315851
IPCA(5),3,-0.02178878
IPCA(5),3,-0.03052947
IPCA(5),3,-0.02985546
IPCA(5),3,-0.02027049
IPCA(5),3,-0.02389928
IPCA(5),3,-0.01478163
IPCA(5),3,0.08092362
IPCA(5),3,-0.01875266
IPCA(5),3,-0.01464185
IPCA(5),3,-0.03477232
IPCA(5),3,-0.03706686
IPCA(5),3,-0.03466706
IPCA(5),3,-0.01483416
IPCA(5),3,-0.04255288
IPCA(5),3,-0.05921754
IPCA(5),3,-0.01528723
IPCA(5),3,-0.02623822
IPCA(5),3,0.06270761
IPCA(5),3,-0.01904711
IPCA(5),3,-0.01256325
IPCA(5),3,-0.00708935
IPCA(5),3,-0.04848206
IPCA(5),3,-0.05362248
IPCA(5),3,0.00303929
IPCA(5),3,-0.01600363
IPCA(5),3,-0.01247624
IPCA(5),3,0.04593703
IPCA(5),3,0.00986665
IPCA(5),3,-0.02638723
IPCA(5),3,0.00056168
IPCA(5),3,-0.08270808
IPCA(5),3,-0.01430696
IPCA(5),3,-0.07314366
IPCA(5),3,-0.06138232
IPCA(5),3,-0.02702128
IPCA(5),3,-0.08487386
IPCA(5),3,0.02294387
IPCA(5),3,-0.01900009
IPCA(5),3,-0.00895682
IPCA(5),3,0.02466744
IPCA(5),3,-0.03164601
IPCA(5),3,-0.01529189
IPCA(5),3,-0.06548654
IPCA(5),3,-0.02930858
IPCA(5),3,-0.01852103
IPCA(5),3,0.02267601
IPCA(5),3,0.00467420
IPCA(5),3,-0.02281736
IPCA(5),3,-0.00516049
IPCA(5),3,0.04865253
IPCA(5),3,-0.00691231
IPCA(5),3,-0.00442556
IPCA(5),3,-0.02285801
IPCA(5),3,-0.02946112
IPCA(5),3,-0.06863999
IPCA(5),3,-0.02515136
IPCA(5),3,0.00121310
IPCA(5),3,-0.02704132
IPCA(5),3,-0.01794731
IPCA(5),3,-0.06205660
IPCA(5),3,-0.04446058
IPCA(5),3,-0.08429608
IPCA(5),3,-0.00459714
IPCA(5),3,-0.07869833
IPCA(5),3,-0.04198842
IPCA(5),3,-0.04378932
IPCA(5),3,-0.03886159
IPCA(5),3,-0.04525578
IPCA(5),3,0.01342255
IPCA(5),3,-0.05711914
IPCA(5),3,0.01906838
IPCA(5),3,-0.02694043
IPCA(5),3,-0.03131673
IPCA(5),3,-0.02130815
IPCA(5),3,-0.05181872
IPCA(5),3,-0.01715835
IPCA(5),3,-0.08252065
IPCA(5),3,-0.07529973
IPCA(5),3,-0.06186879
IPCA(5),3,-0.07168542
IPCA(5),3,-0.03036871
IPCA(5),3,-0.03591258
IPCA(5),3,-0.05613879
IPCA(5),3,-0.03436674
IPCA(5),3,-0.04779257
IPCA(5),3,-0.01470163
IPCA(5),3,-0.03125427
IPCA(5),3,0.01580664
IPCA(5),3,-0.06737103
IPCA(5),3,-0.05275396
IPCA(5),3,-0.09474353
IPCA(5),3,0.05124247
IPCA(5),3,-0.04132262
IPCA(5),3,-0.01078417
IPCA(5),3,0.01311900
IPCA(5),3,-0.05608651
IPCA(5),4,0.07639990
IPCA(5),4,-0.03584945
IPCA(5),4,0.03564306
IPCA(5),4,0.04296139
IPCA(5),4,-0.02331967
IPCA(5),4,0.02342652
IPCA(5),4,-0.03944031
IPCA(5),4,-0.05884897
IPCA(5),4,0.11700015
IPCA(5),4,-0.03471051
IPCA(5),4,-0.01329505
IPCA(5),4,-0.01870781
IPCA(5),4,-0.03679457
IPCA(5),4,-0.03335520
IPCA(5),4,-0.02145489
IPCA(5),4,0.01251139
IPCA(5),4,-0.01290442
IPCA(5),4,-0.07175195
IPCA(5),4,0.01630089
IPCA(5),4,0.01038290
IPCA(5),4,-0.03852651
IPCA(5),4,0.00633411
IPCA(5),4,-0.01975122
IPCA(5),4,-0.04635980
IPCA(5),4,-0.04300017
IPCA(5),4,-0.03211091
IPCA(5),4,0.00581710
IPCA(5),4,0.07030984
IPCA(5),4,0.06868089
IPCA(5),4,-0.00640949
IPCA(5),4,0.09371102
IPCA(5),4,0.00985041
IPCA(5),4,-0.05940332
IPCA(5),4,-0.02702548
IPCA(5),4,-0.06507450
IPCA(5),4,0.03428770
IPCA(5),4,-0.01331186
IPCA(5),4,-0.00826231
IPCA(5),4,0.00628888
IPCA(5),4,-0.01470118
IPCA(5),4,0.01129151
IPCA(5),4,0.01224108
IPCA(5),4,-0.02634508
IPCA(5),4,-0.04120298
IPCA(5),4,-0.03618525
IPCA(5),4,-0.02079076
IPCA(5),4,0.00423918
IPCA(5),4,0.02489245
IPCA(5),4,-0.00177954
IPCA(5),4,0.00152372
IPCA(5),4,-0.02468758
IPCA(5),4,-0.06896019
IPCA(5),4,0.00685874
IPCA(5),4,0.02145071
IPCA(5),4,-0.02828512
IPCA(5),4,0.00907001
IPCA(5),4,0.01304051
IPCA(5),4,-0.00648953
IPCA(5),4,-0.00885436
IPCA(5),4,-0.00965185
IPCA(5),4,0.01239342
IPCA(5),4,-0.02730904
IPCA(5),4,-0.00308393
IPCA(5),4,-0.03185436
IPCA(5),4,-0.04754698
IPCA(5),4,0.00505139
IPCA(5),4,0.08083135
IPCA(5),4,-0.01241739
IPCA(5),4,-0.01495369
IPCA(5),4,0.04758526
IPCA(5),4,-0.06453466
IPCA(5),4,0.03761465
IPCA(5),4,0.01722454
IPCA(5),4,-0.00291141
IPCA(5),4,0.00063589
IPCA(5),4,-0.00854897
IPCA(5),4,0.03317969
IPCA(5),4,0.04440533
IPCA(5),4,-0.04129606
IPCA(5),4,-0.04957703
IPCA(5),4,-0.00587134
IPCA(5),4,0.00296104
IPCA(5),4,-0.03897531
IPCA(5),4,0.00137340
IPCA(5),4,-0.00197504
IPCA(5),4,-0.02171828
IPCA(5),4,0.03158005
IPCA(5),4,0.02937568
IPCA(5),4,-0.01078130
IPCA(5),4,-0.04933333
IPCA(5),4,-0.01166302
IPCA(5),4,0.02057696
IPCA(5),4,0.00549980
IPCA(5),4,0.01730285
IPCA(5),4,-0.02833691
IPCA(5),4,-0.01318930
IPCA(5),4,0.06315201
IPCA(5),4,0.01119163
IPCA(5),4,0.01956097
IPCA(5),4,-0.01996668
IPCA(5),4,0.01406498
IPCA(5),4,-0.06759987
IPCA(5),4,-0.02172229
IPCA(5),4,0.02821159
IPCA(5),4,-0.00686591
IPCA(5),4,-0.03400213
IPCA(5),4,0.00086779
IPCA(5),4,-0.02030408
IPCA(5),4,-0.00784724
IPCA(5),4,-0.02956489
IPCA(5),4,0.03089321
IPCA(5),4,-0.07439581
IPCA(5),4,-0.01902539
IPCA(5),4,-0.01834566
IPCA(5),4,0.02904467
IPCA(5),4,-0.01510583
IPCA(5),4,-0.00942411
IPCA(5),4,0.00508805
IPCA(5),4,-0.01921396
IPCA(5),4,-0.00804644
IPCA(5),4,-0.02066542
IPCA(5),4,-0.02475440
IPCA(5),4,0.01218278
IPCA(5),4,0.00516164
IPCA(5),4,-0.02032097
IPCA(5),4,0.04537815
IPCA(5),4,-0.01731439
IPCA(5),4,-0.03583224
IPCA(5),4,0.08355684
IPCA(5),4,-0.00064847
IPCA(5),4,-0.02879799
IPCA(5),4,0.03783563
IPCA(5),4,-0.04790130
IPCA(5),4,-0.09097602
IPCA(5),4,-0.04392664
IPCA(5),4,-0.01896488
IPCA(5),4,0.06979383
IPCA(5),4,-0.01708465
IPCA(5),4,0.02153043
IPCA(5),4,0.00479682
IPCA(5),4,-0.00360551
IPCA(5),4,-0.00691202
IPCA(5),4,0.03532879
IPCA(5),4,0.21599491
IPCA(5),4,0.02938386
IPCA(5),4,0.03941771
IPCA(5),4,-0.00239303
IPCA(5),4,0.08648920
IPCA(5),4,0.01591722
IPCA(5),4,0.07725102
IPCA(5),4,-0.02012814
IPCA(5),4,-0.00496618
IPCA(5),4,0.00099052
IPCA(5),4,0.00038333
IPCA(5),4,0.09016007
IPCA(5),4,0.11474048
IPCA(5),4,0.01533508
IPCA(5),4,0.01621538
IPCA(5),4,-0.01927143
IPCA(5),4,-0.00849232
IPCA(5),4,-0.00994860
IPCA(5),4,0.02214185
IPCA(5),4,-0.01370672
IPCA(5),4,0.15676666
IPCA(5),4,0.00535377
IPCA(5),4,-0.01160015
IPCA(5),4,0.02441478
IPCA(5),4,0.00941663
IPCA(5),4,0.00581529
IPCA(5),4,0.01944907
IPCA(5),4,-0.01885098
IPCA(5),4,0.12013066
IPCA(5),4,0.01403552
IPCA(5),4,0.01816788
IPCA(5),4,-0.00484503
IPCA(5),4,-0.02457481
IPCA(5),4,-0.01626872
IPCA(5),4,-0.00288407
IPCA(5),4,0.00410966
IPCA(5),4,-0.02614375
IPCA(5),4,-0.02927584
IPCA(5),4,0.04161250
IPCA(5),4,0.03478173
IPCA(5),4,0.05767177
IPCA(5),4,0.01268733
IPCA(5),4,-0.04278214
IPCA(5),4,-0.05664967
IPCA(5),4,0.01264143
IPCA(5),4,-0.06448913
IPCA(5),4,-0.03659305
IPCA(5),4,-0.00908283
IPCA(5),4,-0.02840439
IPCA(5),4,-0.04181446
IPCA(5),4,0.06127665
IPCA(5),4,0.01483563
IPCA(5),4,0.01326435
IPCA(5),4,0.04858148
IPCA(5),4,0.00996248
IPCA(5),4,0.00229590
IPCA(5),4,0.03173153
IPCA(5),4,0.05452458
IPCA(5),4,0.01972337
IPCA(5),4,-0.06537503
IPCA(5),4,0.02764861
IPCA(5),4,-0.00892924
IPCA(5),4,-0.07112680
IPCA(5),4,0.02946796
IPCA(5),4,-0.01882590
IPCA(5),4,-0.00290021
IPCA(5),4,0.01592525
IPCA(5),4,-0.02096377
IPCA(5),4,-0.05751172
IPCA(5),4,-0.01807868
IPCA(5),4,0.00041499
IPCA(5),4,0.03002279
IPCA(5),4,0.05724816
IPCA(5),4,-0.02806435
IPCA(5),4,-0.04827853
IPCA(5),4,0.05981051
IPCA(5),4,0.08707557
IPCA(5),4,-0.01705653
IPCA(5),4,-0.03762388
IPCA(5),4,-0.01113782
IPCA(5),4,0.01119368
IPCA(5),4,-0.04818157
IPCA(5),4,0.03264073
IPCA(5),4,-0.01438361
IPCA(5),4,0.03093502
IPCA(5),4,-0.01279281
IPCA(5),4,-0.03753333
IPCA(5),4,0.04672445
IPCA(5),4,-0.02478912
IPCA(5),4,-0.03688918
IPCA(5),4,-0.01112501
IPCA(5),4,-0.00628139
IPCA(5),4,-0.02392864
IPCA(5),4,-0.00052678
IPCA(5),4,0.00994714
IPCA(5),4,0.04526934
IPCA(5),4,0.02279639
IPCA(5),4,0.04690567
IPCA(5),4,-0.04993542
IPCA(5),4,0.03161294
IPCA(5),4,-0.01243825
IPCA(5),4,0.02353838
IPCA(5),4,-0.00885406
IPCA(5),4,-0.08863386
IPCA(5),4,-0.05987818
IPCA(5),4,-0.02556437
IPCA(5),4,-0.06910016
IPCA(5),4,-0.01133310
IPCA(5),4,-0.03584350
IPCA(5),4,0.01156063
IPCA(5),4,0.09950076
IPCA(5),4,0.02538534
IPCA(5),4,-0.04842398
IPCA(5),4,-0.04955278
IPCA(5),4,-0.00522051
IPCA(5),4,-0.01212902
IPCA(5),4,-0.01428587
IPCA(5),4,0.02399178
IPCA(5),4,0.01086247
IPCA(5),4,-0.03180379
IPCA(5),4,-0.05015619
IPCA(5),4,0.01266224
IPCA(5),4,-0.04774865
IPCA(5),4,-0.01502149
IPCA(5),4,0.05947676
IPCA(5),4,0.10847053
IPCA(5),4,-0.01504220
IPCA(5),4,-0.01157006
IPCA(5),4,-0.02441521
IPCA(5),4,-0.02011544
IPCA(5),4,-0.05802865
IPCA(5),4,-0.04302948
IPCA(5),4,0.05331322
IPCA(5),4,0.02553242
IPCA(5),4,-0.02073299
IPCA(5),4,0.00132593
IPCA(5),4,-0.02234587
IPCA(5),4,0.02341694
IPCA(5),4,-0.00110581
IPCA(5),4,-0.00896161
IPCA(5),4,-0.00476051
IPCA(5),4,-0.04026694
IPCA(5),4,-0.05555326
IPCA(5),4,0.00951903
IPCA(5),4,-0.08026476
IPCA(5),4,-0.04549823
IPCA(5),4,0.00047925
IPCA(5),4,0.00279391
IPCA(5),4,0.02086982
IPCA(5),4,0.00691837
IPCA(5),4,-0.01622456
IPCA(5),4,-0.00048227
IPCA(5),4,0.01210285
IPCA(5),4,0.00184738
IPCA(5),4,0.06356791
IPCA(5),4,-0.04372219
IPCA(5),4,-0.05521212
IPCA(5),4,-0.04730279
IPCA(5),4,0.04392759
IPCA(5),4,-0.00386003
IPCA(5),4,-0.01263591
IPCA(5),4,0.03942861
IPCA(5),4,0.04342267
IPCA(5),4,-0.04636519
IPCA(5),4,-0.00151810
IPCA(5),4,0.07230921
IPCA(5),4,-0.03327635
IPCA(5),4,0.00798398
IPCA(5),4,-0.01565980
IPCA(5),4,0.04431364
IPCA(5),4,0.01878642
IPCA(5),4,0.00810092
IPCA(5),4,0.07302060
IPCA(5),4,-0.03822641
IPCA(5),5,-0.03473329
IPCA(5),5,0.10034865
IPCA(5),5,0.02447007
IPCA(5),5,0.01877061
IPCA(5),5,-0.01022292
IPCA(5),5,0.03776903
IPCA(5),5,0.04927206
IPCA(5),5,0.28502572
IPCA(5),5,0.09602586
IPCA(5),5,0.00055804
IPCA(5),5,0.05762695
IPCA(5),5,0.06452753
IPCA(5),5,0.00670630
IPCA(5),5,0.26362857
IPCA(5),5,0.07491973
IPCA(5),5,0.00928244
IPCA(5),5,0.03059146
IPCA(5),5,0.04486202
IPCA(5),5,0.04787329
IPCA(5),5,0.02312048
IPCA(5),5,0.03438862
IPCA(5),5,-0.03335595
IPCA(5),5,0.06742843
IPCA(5),5,0.08682290
IPCA(5),5,0.03962995
IPCA(5),5,0.02132680
IPCA(5),5,-0.01377506
IPCA(5),5,0.01476782
IPCA(5),5,0.10736285
IPCA(5),5,0.02515459
IPCA(5),5,0.03001901
IPCA(5),5,0.03905587
IPCA(5),5,0.14579593
IPCA(5),5,-0.02346646
IPCA(5),5,0.18013852
IPCA(5),5,-0.00679184
IPCA(5),5,0.08491417
IPCA(5),5,0.00877456
IPCA(5),5,-0.00242038
IPCA(5),5,0.17671504
IPCA(5),5,0.27158645
IPCA(5),5,-0.00400846
IPCA(5),5,0.10490940
IPCA(5),5,0.07986158
IPCA(5),5,-0.08429110
IPCA(5),5,0.12324996
IPCA(5),5,0.01921352
IPCA(5),5,-0.04182459
IPCA(5),5,0.12988623
IPCA(5),5,0.07196515
IPCA(5),5,0.08562552
IPCA(5),5,0.02667430
IPCA(5),5,0.02797474
IPCA(5),5,0.25153506
IPCA(5),5,0.14408445
IPCA(5),5,0.00724218
IPCA(5),5,0.04553802
IPCA(5),5,0.02156167
IPCA(5),5,0.03962672
IPCA(5),5,0.15457143
IPCA(5),5,0.16260334
IPCA(5),5,0.38908337
IPCA(5),5,0.14903161
IPCA(5),5,0.01256853
IPCA(5),5,0.14481736
IPCA(5),5,0.06840649
IPCA(5),5,0.11072138
IPCA(5),5,0.11642381
IPCA(5),5,-0.05796648
IPCA(5),5,-0.07931184
IPCA(5),5,0.03822125
IPCA(5),5,-0.01396626
IPCA(5),5,0.11914080
IPCA(5),5,0.05073461
IPCA(5),5,0.09126996
IPCA(5),5,0.14726639
IPCA(5),5,0.01711498
IPCA(5),5,0.05915723
IPCA(5),5,0.06112385
IPCA(5),5,0.09451733
IPCA(5),5,0.06416344
IPCA(5),5,-0.01318453
IPCA(5),5,0.07009397
IPCA(5),5,0.01204435
IPCA(5),5,0.00076327
IPCA(5),5,0.01477620
IPCA(5),5,0.11033628
IPCA(5),5,-0.05097066
IPCA(5),5,0.05551213
IPCA(5),5,0.12155551
IPCA(5),5,0.05979165
IPCA(5),5,0.14160343
IPCA(5),5,0.09075314
IPCA(5),5,0.18555724
IPCA(5),5,0.06805284
IPCA(5),5,0.08847364
IPCA(5),5,0.13977334
IPCA(5),5,-0.04998155
IPCA(5),5,-0.01963344
IPCA(5),5,-0.03159614
IPCA(5),5,0.02484519
IPCA(5),5,0.02171157
IPCA(5),5,0.20269332
IPCA(5),5,0.04946559
IPCA(5),5,0.05342508
IPCA(5),5,0.09948599
IPCA(5),5,0.02831571
IPCA(5),5,0.02158030
IPCA(5),5,0.04833375
IPCA(5),5,0.17616491
IPCA(5),5,0.09920879
IPCA(5),5,0.09517770
IPCA(5),5,0.04869027
IPCA(5),5,0.04872669
IPCA(5),5,0.15784960
IPCA(5),5,0.08491136
IPCA(5),5,0.07359965
IPCA(5),5,0.00968714
IPCA(5),5,0.03665062
IPCA(5),5,0.07769741
IPCA(5),5,0.07051258
IPCA(5),5,0.17124685
IPCA(5),5,-0.01975129
IPCA(5),5,0.07269046
IPCA(5),5,0.05343220
IPCA(5),5,0.13625977
IPCA(5),5,0.02880119
IPCA(5),5,0.00967137
IPCA(5),5,0.04005806
IPCA(5),5,0.03113864
IPCA(5),5,0.02491959
IPCA(5),5,-0.04799870
IPCA(5),5,-0.05977112
IPCA(5),5,0.03308784
IPCA(5),5,0.11234215
IPCA(5),5,0.04845264
IPCA(5),5,0.07240631
IPCA(5),5,0.08056574
IPCA(5),5,-0.01321571
IPCA(5),5,0.23973402
IPCA(5),5,0.08796519
IPCA(5),5,0.03344105
IPCA(5),5,-0.02198807
IPCA(5),5,0.09273689
IPCA(5),5,0.01097216
IPCA(5),5,0.00860754
IPCA(5),5,0.04994865
IPCA(5),5,0.00314880
IPCA(5),5,0.11476346
IPCA(5),5,-0.01705367
IPCA(5),5,0.03315268
IPCA(5),5,-0.02086055
IPCA(5),5,0.11543330
IPCA(5),5,-0.05909407
IPCA(5),5,-0.10482034
IPCA(5),5,-0.03335023
IPCA(5),5,0.07703984
IPCA(5),5,0.00442087
IPCA(5),5,0.14322163
IPCA(5),5,0.09202637
IPCA(5),5,0.00707994
IPCA(5),5,0.30300828
IPCA(5),5,0.01372331
IPCA(5),5,0.04339584
IPCA(5),5,0.09204537
IPCA(5),5,0.04514465
IPCA(5),5,0.05653846
IPCA(5),5,0.07708048
IPCA(5),5,-0.04368384
IPCA(5),5,0.23020121
IPCA(5),5,0.06173351
IPCA(5),5,0.07319239
IPCA(5),5,0.02247728
IPCA(5),5,0.03596361
IPCA(5),5,0.11358411
IPCA(5),5,-0.03230495
IPCA(5),5,0.05497439
IPCA(5),5,0.20981340
IPCA(5),5,0.01642621
IPCA(5),5,-0.01163443
IPCA(5),5,0.01309771
IPCA(5),5,-0.15335590
IPCA(5),5,0.01155665
IPCA(5),5,-0.09901735
IPCA(5),5,0.03488341
IPCA(5),5,0.06662108
IPCA(5),5,0.08098391
IPCA(5),5,0.10930566
IPCA(5),5,-0.03241333
IPCA(5),5,0.06413396
IPCA(5),5,0.03817354
IPCA(5),5,0.11564764
IPCA(5),5,0.03272446
IPCA(5),5,0.00505122
IPCA(5),5,0.08536993
IPCA(5),5,-0.00297784
IPCA(5),5,0.04371939
IPCA(5),5,0.06658643
IPCA(5),5,0.05330076
IPCA(5),5,0.02033864
IPCA(5),5,0.00347526
IPCA(5),5,0.16904926
IPCA(5),5,0.02272467
IPCA(5),5,-0.03801587
IPCA(5),5,0.12897245
IPCA(5),5,0.07627504
IPCA(5),5,0.15902049
IPCA(5),5,0.15985830
IPCA(5),5,-0.00059311
IPCA(5),5,0.04740459
IPCA(5),5,0.07929272
IPCA(5),5,0.07559228
IPCA(5),5,0.19451346
IPCA(5),5,0.19100777
IPCA(5),5,0.22310149
IPCA(5),5,0.06355180
IPCA(5),5,-0.07647985
IPCA(5),5,0.06282935
IPCA(5),5,0.18188600
IPCA(5),5,0.03921135
IPCA(5),5,0.02443055
IPCA(5),5,-0.05751491
IPCA(5),5,0.03369134
IPCA(5),5,0.00405310
IPCA(5),5,0.05034784
IPCA(5),5,0.03178929
IPCA(5),5,0.03916731
IPCA(5),5,-0.00069398
IPCA(5),5,-0.04273567
IPCA(5),5,0.08647763
IPCA(5),5,0.03122418
IPCA(5),5,0.07792020
IPCA(5),5,0.46399518
IPCA(5),5,0.05567669
IPCA(5),5,-0.01142502
IPCA(5),5,0.14345798
IPCA(5),5,0.12099127
IPCA(5),5,-0.05070927
IPCA(5),5,0.04526333
IPCA(5),5,-0.00762701
IPCA(5),5,0.03112360
IPCA(5),5,0.03340425
IPCA(5),5,0.01803039
IPCA(5),5,0.04600160
IPCA(5),5,0.02869950
IPCA(5),5,-0.00941909
IPCA(5),5,0.06021130
IPCA(5),5,0.04981319
IPCA(5),5,-0.01627690
IPCA(5),5,0.00614454
IPCA(5),5,0.00316287
IPCA(5),5,0.22624756
IPCA(5),5,-0.02589713
IPCA(5),5,0.10003983
IPCA(5),5,0.08033590
IPCA(5),5,0.04404510
IPCA(5),5,0.04667693
IPCA(5),5,0.04252749
IPCA(5),5,0.13629375
IPCA(5),5,0.02506397
IPCA(5),5,0.10579512
IPCA(5),5,0.05658332
IPCA(5),5,-0.01128710
IPCA(5),5,0.03416306
IPCA(5),5,0.05685528
IPCA(5),5,0.02509592
IPCA(5),5,0.12184089
IPCA(5),5,-0.04233413
IPCA(5),5,0.03186743
IPCA(5),5,-0.03031657
IPCA(5),5,0.02044695
IPCA(5),5,-0.04584666
IPCA(5),5,0.05345552
IPCA(5),5,0.05609692
IPCA(5),5,0.13885475
IPCA(5),5,0.01141561
IPCA(5),5,-0.01585705
IPCA(5),5,0.19869701
IPCA(5),5,0.00068795
IPCA(5),5,0.11935367
IPCA(5),5,-0.01335956
IPCA(5),5,0.09121796
IPCA(5),5,-0.03606209
IPCA(5),5,-0.00047836
IPCA(5),5,0.01926453
IPCA(5),5,0.07549816
IPCA(5),5,0.01529151
IPCA(5),5,0.01290735
IPCA(5),5,-0.09178904
IPCA(5),5,-0.00922336
IPCA(5),5,0.03522626
IPCA(5),5,0.05315881
IPCA(5),5,0.08506309
IPCA(5),5,0.19159099
IPCA(5),5,-0.00136594
IPCA(5),5,0.08732540
IPCA(5),5,0.01130132
IPCA(5),5,0.04481834
IPCA(5),5,-0.03695600
IPCA(5),5,-0.01292200
IPCA(5),5,-0.02459808
IPCA(5),5,-0.04011977
IPCA(5),5,0.02891318
IPCA(5),5,-0.02285556
IPCA(5),5,-0.03179704
IPCA(5),5,0.13280892
IPCA(5),5,0.00422952
IPCA(5),5,-0.00626674
IPCA(5),5,-0.03852933
IPCA(5),5,0.02000466
IPCA(5),5,0.02861410
IPCA(5),5,0.02679365
IPCA(5),5,0.09180326
IPCA(5),5,-0.02073930
IPCA(5),5,-0.00292680
IPCA(5),5,0.04612407
IPCA(5),6,0.07468178
IPCA(5),6,0.07254470
IPCA(5),6,0.14164985
IPCA(5),6,0.06647798
IPCA(5),6,0.07010004
IPCA(5),6,-0.01368348
IPCA(5),6,0.07121380
IPCA(5),6,0.07959501
IPCA(5),6,0.05150377
IPCA(5),6,0.07886298
IPCA(5),6,0.03177869
IPCA(5),6,0.02710104
IPCA(5),6,0.03052064
IPCA(5),6,0.10743766
IPCA(5),6,0.03499383
IPCA(5),6,0.06385474
IPCA(5),6,0.01929317
IPCA(5),6,0.01666247
IPCA(5),6,0.06411775
IPCA(5),6,0.09694641
IPCA(5),6,0.13880744
IPCA(5),6,0.03471320
IPCA(5),6,0.07487490
IPCA(5),6,0.03872584
IPCA(5),6,0.17060390
IPCA(5),6,0.15735355
IPCA(5),6,0.06161528
IPCA(5),6,0.09971730
IPCA(5),6,-0.02013843
IPCA(5),6,0.04731754
IPCA(5),6,0.11945826
IPCA(5),6,0.01185290
IPCA(5),6,0.25473052
IPCA(5),6,0.09831944
IPCA(5),6,-0.00094357
IPCA(5),6,0.04988149
IPCA(5),6,0.30247817
IPCA(5),6,0.03996816
IPCA(5),6,0.06254361
IPCA(5),6,0.01290850
IPCA(5),6,0.09050195
IPCA(5),6,0.16660549
IPCA(5),6,0.38655495
IPCA(5),6,0.20841113
IPCA(5),6,0.03271779
IPCA(5),6,0.09648511
IPCA(5),6,0.03742127
IPCA(5),6,0.11123141
IPCA(5),6,0.05772252
IPCA(5),6,-0.02552768
IPCA(5),6,0.03332451
IPCA(5),6,0.02733664
IPCA(5),6,0.01173938
IPCA(5),6,0.16091791
IPCA(5),6,0.06107618
IPCA(5),6,0.01737593
IPCA(5),6,0.07377636
IPCA(5),6,-0.00501710
IPCA(5),6,0.14885123
IPCA(5),6,0.02455047
IPCA(5),6,0.13058071
IPCA(5),6,0.00398804
IPCA(5),6,0.07098729
IPCA(5),6,-0.08066384
IPCA(5),6,0.15503825
IPCA(5),6,0.04667643
IPCA(5),6,0.07701993
IPCA(5),6,-0.03414498
IPCA(5),6,0.14193387
IPCA(5),6,0.14874229
IPCA(5),6,0.12437669
IPCA(5),6,0.04810211
IPCA(5),6,0.22318480
IPCA(5),6,-0.09291607
IPCA(5),6,0.05196218
IPCA(5),6,0.06964210
IPCA(5),6,0.10728741
IPCA(5),6,0.03695779
IPCA(5),6,0.04155563
IPCA(5),6,0.04088649
IPCA(5),6,0.06652082
IPCA(5),6,0.15704511
IPCA(5),6,0.00676100
IPCA(5),6,0.15490741
IPCA(5),6,0.05382833
IPCA(5),6,0.09126911
IPCA(5),6,-0.01553370
IPCA(5),6,0.01664618
IPCA(5),6,-0.02898862
IPCA(5),6,0.11317437
IPCA(5),6,0.08925962
IPCA(5),6,0.07573740
IPCA(5),6,0.01294701
IPCA(5),6,0.20945610
IPCA(5),6,0.04336311
IPCA(5),6,0.07721364
IPCA(5),6,0.15727310
IPCA(5),6,0.12391877
IPCA(5),6,0.00464972
IPCA(5),6,0.22807950
IPCA(5),6,0.02846847
IPCA(5),6,0.11794015
IPCA(5),6,0.11252553
IPCA(5),6,-0.08913001
IPCA(5),6,-0.03988448
IPCA(5),6,0.10771631
IPCA(5),6,0.05437403
IPCA(5),6,0.13133480
IPCA(5),6,0.18830167
IPCA(5),6,0.10326442
IPCA(5),6,0.15366697
IPCA(5),6,0.09354919
IPCA(5),6,0.05586310
IPCA(5),6,0.12634367
IPCA(5),6,0.09019517
IPCA(5),6,0.14742831
IPCA(5),6,0.03099326
IPCA(5),6,0.10243500
IPCA(5),6,0.05661778
IPCA(5),6,0.11853862
IPCA(5),6,0.12102848
IPCA(5),6,0.05105014
IPCA(5),6,0.08094365
IPCA(5),6,-0.01371538
IPCA(5),6,0.05947221
IPCA(5),6,0.10521736
IPCA(5),6,0.05422323
IPCA(5),6,0.04115574
IPCA(5),6,0.08678895
IPCA(5),6,-0.03093661
IPCA(5),6,0.09245991
IPCA(5),6,0.11137910
IPCA(5),6,0.06501814
IPCA(5),6,0.08718654
IPCA(5),6,0.05865862
IPCA(5),6,0.03294719
IPCA(5),6,0.10556494
IPCA(5),6,0.02086935
IPCA(5),6,0.08029321
IPCA(5),6,0.26226302
IPCA(5),6,0.04992073
IPCA(5),6,0.11463612
IPCA(5),6,0.08888002
IPCA(5),6,-0.05049471
IPCA(5),6,0.07737016
IPCA(5),6,0.04709391
IPCA(5),6,0.26557050
IPCA(5),6,0.12840863
IPCA(5),6,0.11721824
IPCA(5),6,0.10479254
IPCA(5),6,0.01452559
IPCA(5),6,0.21081064
IPCA(5),6,0.06821349
IPCA(5),6,0.05339287
IPCA(5),6,0.26108125
IPCA(5),6,0.21287166
IPCA(5),6,-0.00698716
IPCA(5),6,-0.00728706
IPCA(5),6,0.15159543
IPCA(5),6,0.19596109
IPCA(5),6,0.05062257
IPCA(5),6,0.00872678
IPCA(5),6,-0.04966991
IPCA(5),6,0.05612621
IPCA(5),6,0.00337050
IPCA(5),6,0.08828431
IPCA(5),6,0.23192648
IPCA(5),6,0.06927197
IPCA(5),6,0.06373019
IPCA(5),6,0.13268335
IPCA(5),6,0.01818655
IPCA(5),6,0.05495790
IPCA(5),6,0.18303151
IPCA(5),6,0.14411273
IPCA(5),6,0.15311874
IPCA(5),6,-0.01811901
IPCA(5),6,0.03300428
IPCA(5),6,0.07699163
IPCA(5),6,0.16831495
IPCA(5),6,0.02087393
IPCA(5),6,0.12767851
IPCA(5),6,0.01168135
IPCA(5),6,0.05777611
IPCA(5),6,0.04269515
IPCA(5),6,0.02713228
IPCA(5),6,-0.01254103
IPCA(5),6,0.02206904
IPCA(5),6,0.06826706
IPCA(5),6,0.05279616
IPCA(5),6,0.10733858
IPCA(5),6,0.06422600
IPCA(5),6,-0.02094268
IPCA(5),6,-0.01649895
IPCA(5),6,0.03057688
IPCA(5),6,0.04332523
IPCA(5),6,0.05978015
IPCA(5),6,0.15329140
IPCA(5),6,0.01907550
IPCA(5),6,0.01173827
IPCA(5),6,0.11573153
IPCA(5),6,0.09452218
IPCA(5),6,0.19122567
IPCA(5),6,0.08077573
IPCA(5),6,0.13616829
IPCA(5),6,0.14229484
IPCA(5),6,0.15641778
IPCA(5),6,0.17903929
IPCA(5),6,0.16115494
IPCA(5),6,0.29799034
IPCA(5),6,0.08360133
IPCA(5),6,0.06018307
IPCA(5),6,0.08052284
IPCA(5),6,-0.06276093
IPCA(5),6,0.12833701
IPCA(5),6,0.01807348
IPCA(5),6,0.01599333
IPCA(5),6,-0.01151655
IPCA(5),6,0.05310365
IPCA(5),6,0.08552181
IPCA(5),6,-0.05004948
IPCA(5),6,0.04127517
IPCA(5),6,0.15993238
IPCA(5),6,0.09012328
IPCA(5),6,0.18052847
IPCA(5),6,0.12263466
IPCA(5),6,0.13350808
IPCA(5),6,0.05226005
IPCA(5),6,0.15272239
IPCA(5),6,0.06787991
IPCA(5),6,0.00047486
IPCA(5),6,0.18815943
IPCA(5),6,0.13849995
IPCA(5),6,0.13886429
IPCA(5),6,0.06542486
IPCA(5),6,0.05665500
IPCA(5),6,0.03473107
IPCA(5),6,0.01883149
IPCA(5),6,0.09725243
IPCA(5),6,0.07930986
IPCA(5),6,0.03636138
IPCA(5),6,0.05542110
IPCA(5),6,0.08820102
IPCA(5),6,0.15756836
IPCA(5),6,0.13297925
IPCA(5),6,0.09036671
IPCA(5),6,0.02236908
IPCA(5),6,0.11408916
IPCA(5),6,0.20542460
IPCA(5),6,0.07186072
IPCA(5),6,0.07400946
IPCA(5),6,0.10726951
IPCA(5),6,0.03743147
IPCA(5),6,0.02897684
IPCA(5),6,0.15953425
IPCA(5),6,0.00945883
IPCA(5),6,0.05236200
IPCA(5),6,0.07725846
IPCA(5),6,0.08741395
IPCA(5),6,0.17285462
IPCA(5),6,0.16528424
IPCA(5),6,0.09953393
IPCA(5),6,0.05745462
IPCA(5),6,0.03198525
IPCA(5),6,0.04924498
IPCA(5),6,0.15288631
IPCA(5),6,0.10269244
IPCA(5),6,0.02748873
IPCA(5),6,0.13335703
IPCA(5),6,0.12696585
IPCA(5),6,0.07562829
IPCA(5),6,0.11218754
IPCA(5),6,0.07961312
IPCA(5),6,0.06286044
IPCA(5),6,-0.02853535
IPCA(5),6,0.03323842
IPCA(5),6,0.30011863
IPCA(5),6,0.06454265
IPCA(5),6,0.22081754
IPCA(5),6,0.06019705
IPCA(5),6,0.02701404
IPCA(5),6,0.05939682
IPCA(5),6,0.05290101
IPCA(5),6,0.01837904
IPCA(5),6,0.08492857
IPCA(5),6,0.04514282
IPCA(5),6,0.15000210
IPCA(5),6,0.29225964
IPCA(5),6,0.05584259
IPCA(5),6,0.10652869
IPCA(5),6,0.03061599
IPCA(5),6,0.17491023
IPCA(5),6,0.10820871
IPCA(5),6,0.08980460
IPCA(5),6,0.07525865
IPCA(5),6,0.14047154
IPCA(5),6,0.17160319
IPCA(5),6,0.01877856
IPCA(5),6,0.19516098
IPCA(5),6,0.06901391
IPCA(5),6,0.03924888
IPCA(5),6,0.16174452
IPCA(5),6,0.05756075
IPCA(5),6,0.15869305
IPCA(5),6,0.13422418
IPCA(5),6,0.01830619
IPCA(5),6,0.06761614
IPCA(5),6,0.12373296
IPCA(5),6,0.09380229
IPCA(5),6,0.08898530
IPCA(5),6,0.09306907
IPCA(5),6,0.27364423
IPCA(5),6,0.08063359
IPCA(5),6,0.06581780
