model,window,alpha
Market,1,0.02045740
Market,1,0.01827617
Market,1,-0.04505614
Market,1,0.03575318
Market,1,0.02050401
Market,1,0.09625248
Market,1,0.06372478
Market,1,0.08377846
Market,1,0.14832720
Market,1,-0.00113975
Market,1,0.01746505
Market,1,0.00679268
Market,1,0.06919315
Market,1,0.02499132
Market,1,0.06764637
Market,1,-0.04225874
Market,1,-0.01957205
Market,1,-0.05170610
Market,1,0.01266052
Market,1,0.00361479
Market,1,0.04910899
Market,1,-0.01858810
Market,1,-0.02335294
Market,1,0.05865394
Market,1,0.00505758
Market,1,0.01088066
Market,1,0.02850686
Market,1,0.08728518
Market,1,0.12957153
Market,1,-0.00554282
Market,1,0.08288331
Market,1,0.12687711
Market,1,0.07067973
Market,1,0.04787040
Market,1,0.11167449
Market,1,0.02084334
Market,1,0.09983935
Market,1,0.04228573
Market,1,0.10472490
Market,1,0.00827162
Market,1,0.07280024
Market,1,0.07338980
Market,1,0.06465945
Market,1,0.14125983
Market,1,0.05961849
Market,1,0.08036275
Market,1,0.05036148
Market,1,0.07510910
Market,1,0.16418769
Market,1,0.09625505
Market,1,0.03063080
Market,1,0.05187196
Market,1,0.04673293
Market,1,0.04168590
Market,1,0.04939613
Market,1,0.02716693
Market,1,0.03858171
Market,1,0.08142811
Market,1,-0.00686688
Market,1,0.05306584
Market,1,0.01158762
Market,1,0.06711550
Market,1,0.07108032
Market,1,0.12925142
Market,1,0.05183607
Market,1,0.01673020
Market,1,0.03147035
Market,1,0.04820008
Market,1,0.02644261
Market,1,0.09679880
Market,1,0.04646280
Market,1,0.02545593
Market,1,0.05380779
Market,1,0.01887729
Market,1,0.19541387
Market,1,0.00284307
Market,1,0.05508644
Market,1,0.00585169
Market,1,0.04649904
Market,1,0.01211340
Market,1,0.02158611
Market,1,-0.02382807
Market,1,-0.01572760
Market,1,-0.00319880
Market,1,0.00469021
Market,1,-0.02886119
Market,1,-0.01768377
Market,1,-0.01486053
Market,1,0.06233078
Market,1,0.03173795
Market,1,0.01873901
Market,1,0.00897608
Market,1,0.02600621
Market,1,-0.00197983
Market,1,0.06028495
Market,1,0.01046005
Market,1,0.00539652
Market,1,0.07933774
Market,1,0.00756500
Market,1,0.01839251
Market,1,0.13266956
Market,1,0.01953126
Market,1,0.01326372
Market,1,-0.00911910
Market,1,0.02158647
Market,1,-0.00977786
Market,1,-0.02264556
Market,1,0.02530050
Market,1,0.03903043
Market,1,0.02817586
Market,1,0.04488083
Market,1,-0.02543007
Market,1,0.04345224
Market,1,0.03388248
Market,1,0.02752712
Market,1,-0.06062331
Market,1,0.06848814
Market,1,0.05936825
Market,1,0.02062700
Market,1,0.01624565
Market,1,0.07763933
Market,1,-0.00378929
Market,1,0.08767908
Market,1,-0.00430248
Market,1,-0.01321817
Market,1,-0.07016680
Market,1,-0.02298592
Market,1,-0.01867408
Market,1,0.00238812
Market,1,-0.03944761
Market,1,-0.03110613
Market,1,0.11355782
Market,1,0.04128555
Market,1,0.00567876
Market,1,-0.01423037
Market,1,0.08336242
Market,1,0.06112458
Market,1,0.01250441
Market,1,-0.00964591
Market,1,-0.02450185
Market,1,-0.04631116
Market,1,-0.01701389
Market,1,0.06528873
Market,1,-0.01365201
Market,1,-0.01357117
Market,1,0.00612259
Market,1,0.03041058
Market,1,0.03558550
Market,1,0.01436718
Market,1,0.07036216
Market,1,0.02551787
Market,1,0.03366552
Market,1,-0.01405429
Market,1,-0.04190841
Market,1,0.08898051
Market,1,0.05347859
Market,1,0.00190865
Market,1,0.00550726
Market,1,-0.00794250
Market,1,0.02977984
Market,1,-0.05076935
Market,1,0.04426762
Market,1,-0.03498243
Market,1,-0.04751152
Market,1,0.08542221
Market,1,-0.02340534
Market,1,-0.01633250
Market,1,0.05887896
Market,1,-0.00388311
Market,1,-0.05434542
Market,1,0.08454767
Market,1,0.01121986
Market,1,-0.01213848
Market,1,0.00020591
Market,1,0.01744454
Market,1,0.04123129
Market,1,-0.00131985
Market,1,0.06156954
Market,1,-0.02448767
Market,1,0.03070165
Market,1,-0.06853607
Market,1,0.06254873
Market,1,0.05664930
Market,1,0.13528038
Market,1,0.06326441
Market,1,0.02133349
Market,1,-0.00657270
Market,1,0.03435591
Market,1,0.03103391
Market,1,0.01025382
Market,1,0.02147257
Market,1,0.00698893
Market,1,0.04608956
Market,1,-0.01097137
Market,1,-0.02063081
Market,1,0.00531143
Market,1,0.10106877
Market,1,0.00412497
Market,1,-0.02993575
Market,1,0.01963451
Market,1,0.03587401
Market,1,0.00601703
Market,1,0.06483516
Market,1,0.01079760
Market,1,0.00863510
Market,1,0.04377759
Market,1,-0.00742461
Market,1,0.03285496
Market,1,0.04054001
Market,1,0.02756196
Market,1,-0.00604451
Market,1,-0.04020345
Market,1,-0.03932406
Market,1,-0.02092093
Market,1,0.01393171
Market,1,0.04396966
Market,1,-0.01469112
Market,1,0.02050064
Market,1,0.08827821
Market,1,0.12606959
Market,1,-0.00699142
Market,1,0.00790382
Market,1,0.00522092
Market,1,0.10852444
Market,1,0.09749870
Market,1,0.05734800
Market,1,-0.01183826
Market,1,0.11506300
Market,1,0.08439368
Market,1,0.02724572
Market,1,0.08895732
Market,1,0.03895142
Market,1,-0.00438082
Market,1,0.15537076
Market,1,0.04460661
Market,1,0.05260420
Market,1,0.08443372
Market,1,-0.03818996
Market,1,0.06777976
Market,1,0.10969617
Market,1,0.02816693
Market,1,-0.00564896
Market,1,0.00317182
Market,1,-0.00291628
Market,2,0.04567323
Market,2,-0.02080372
Market,2,0.03019745
Market,2,0.02413294
Market,2,0.00224881
Market,2,0.04732104
Market,2,-0.01674616
Market,2,-0.04778395
Market,2,-0.01699537
Market,2,-0.01918127
Market,2,-0.01743707
Market,2,0.02021627
Market,2,-0.05984062
Market,2,0.04901140
Market,2,0.05893441
Market,2,-0.02222160
Market,2,-0.01525234
Market,2,-0.00413308
Market,2,-0.01423380
Market,2,-0.00259296
Market,2,-0.00564390
Market,2,0.04971247
Market,2,-0.00487134
Market,2,0.01194203
Market,2,0.01246216
Market,2,-0.02793901
Market,2,0.04708514
Market,2,-0.01194878
Market,2,-0.00260180
Market,2,0.06864615
Market,2,0.02716757
Market,2,0.02893320
Market,2,0.00392575
Market,2,0.02165248
Market,2,0.01551881
Market,2,0.10022899
Market,2,-0.02959342
Market,2,0.01950373
Market,2,0.00239104
Market,2,-0.00546834
Market,2,-0.01257419
Market,2,0.02363189
Market,2,0.00150731
Market,2,0.01645794
Market,2,-0.02002554
Market,2,-0.04796919
Market,2,0.02170372
Market,2,-0.01082091
Market,2,0.00125969
Market,2,0.01646548
Market,2,-0.02980880
Market,2,-0.00064392
Market,2,0.04894710
Market,2,0.05433153
Market,2,-0.03303400
Market,2,0.01471766
Market,2,-0.02326334
Market,2,0.04492283
Market,2,0.02296749
Market,2,0.03490522
Market,2,-0.00760282
Market,2,0.02761641
Market,2,0.01576002
Market,2,0.01490342
Market,2,-0.00640552
Market,2,0.00411267
Market,2,0.01679928
Market,2,-0.00621368
Market,2,-0.00740748
Market,2,-0.03729127
Market,2,-0.00493282
Market,2,-0.01442211
Market,2,-0.06622207
Market,2,-0.03133620
Market,2,0.01594264
Market,2,0.03229244
Market,2,0.01557477
Market,2,0.00650494
Market,2,0.01178073
Market,2,-0.04922913
Market,2,-0.00303874
Market,2,-0.06447199
Market,2,0.00908019
Market,2,-0.04680814
Market,2,0.02182464
Market,2,-0.02284776
Market,2,-0.02533340
Market,2,-0.03568895
Market,2,-0.05548637
Market,2,-0.02995060
Market,2,-0.03581335
Market,2,-0.03259902
Market,2,-0.06410204
Market,2,-0.06343244
Market,2,-0.08991463
Market,2,-0.04328228
Market,2,0.00155597
Market,2,-0.00801349
Market,2,-0.05709321
Market,2,0.03628679
Market,2,-0.06577309
Market,2,-0.01098003
Market,2,-0.00280926
Market,2,-0.02851644
Market,2,-0.01777169
Market,2,-0.01859642
Market,2,-0.06600259
Market,2,-0.07326155
Market,2,-0.08287990
Market,2,0.02390541
Market,2,-0.02255233
Market,2,-0.02796667
Market,2,-0.02948113
Market,2,0.01850729
Market,2,0.01298362
Market,2,-0.00866251
Market,2,-0.03154812
Market,2,-0.04645743
Market,2,-0.04886860
Market,2,0.01254990
Market,2,-0.02527967
Market,2,-0.05045667
Market,2,-0.01773917
Market,2,0.02977826
Market,2,-0.04374421
Market,2,0.01997076
Market,2,0.02110089
Market,2,-0.01108693
Market,2,-0.01006914
Market,2,-0.02911955
Market,2,-0.00064476
Market,2,0.04258139
Market,2,-0.05585687
Market,2,0.00705563
Market,2,-0.04497199
Market,2,0.07044051
Market,2,0.01928736
Market,2,-0.03625279
Market,2,-0.00516551
Market,2,0.02184665
Market,2,0.02613156
Market,2,-0.02542762
Market,2,0.01189972
Market,2,-0.00590861
Market,2,-0.00220315
Market,2,-0.02995001
Market,2,0.01903350
Market,2,0.01568920
Market,2,0.03578386
Market,2,0.01606063
Market,2,0.02083507
Market,2,-0.03691988
Market,2,-0.04735903
Market,2,0.00821135
Market,2,0.00569049
Market,2,-0.00967201
Market,2,-0.01782233
Market,2,-0.02867401
Market,2,-0.05874310
Market,2,-0.08815510
Market,2,-0.04849662
Market,2,-0.06232210
Market,2,-0.01669237
Market,2,0.01669622
Market,2,-0.05032811
Market,2,-0.09947269
Market,2,-0.03357091
Market,2,0.07075422
Market,2,-0.05894692
Market,2,-0.04332370
Market,2,-0.03210694
Market,2,0.01051851
Market,2,-0.02827395
Market,2,-0.07772043
Market,2,-0.03312106
Market,2,-0.07889419
Market,2,-0.08201921
Market,2,-0.03080483
Market,2,-0.10647739
Market,2,-0.05555132
Market,2,-0.04326218
Market,2,-0.05261611
Market,2,-0.02127488
Market,2,0.01809545
Market,2,-0.04944301
Market,2,0.00334679
Market,2,0.16448868
Market,2,-0.01353073
Market,2,0.00145521
Market,2,-0.01059895
Market,2,0.02776916
Market,2,0.01280070
Market,2,-0.03019342
Market,2,-0.00066409
Market,2,-0.01417249
Market,2,-0.01158326
Market,2,0.02481430
Market,2,-0.04637935
Market,2,-0.00554025
Market,2,0.01313898
Market,2,-0.02228721
Market,2,-0.03115611
Market,2,-0.06560818
Market,2,-0.03174079
Market,2,0.03803900
Market,2,-0.01846695
Market,2,-0.00399644
Market,2,-0.01906791
Market,2,-0.02012073
Market,2,-0.01777712
Market,2,-0.00581461
Market,2,0.00967735
Market,2,-0.02316549
Market,2,0.02235203
Market,2,-0.02388840
Market,2,-0.01590710
Market,2,0.00037908
Market,2,0.03769115
Market,2,-0.02899077
Market,2,-0.02201986
Market,2,-0.06617695
Market,2,-0.07288409
Market,2,-0.02682224
Market,2,-0.07228461
Market,2,0.03126970
Market,2,-0.05322744
Market,2,-0.01064735
Market,2,0.02913731
Market,2,-0.00776395
Market,2,-0.06577622
Market,2,-0.02377442
Market,2,-0.04113241
Market,2,-0.03119639
Market,2,-0.01940296
Market,2,-0.05148351
Market,2,-0.01558341
Market,2,0.01216767
Market,2,-0.05764704
Market,2,-0.10917155
Market,2,-0.01165782
Market,2,-0.01989530
Market,2,0.00678111
Market,2,-0.04111719
Market,2,-0.00162439
Market,2,-0.03473289
Market,3,-0.02178028
Market,3,0.02732451
Market,3,0.02143933
Market,3,0.04246604
Market,3,0.05218864
Market,3,-0.00694375
Market,3,-0.00941909
Market,3,0.03984959
Market,3,0.02755286
Market,3,0.03923079
Market,3,-0.01742964
Market,3,-0.00943055
Market,3,0.04207502
Market,3,-0.01724189
Market,3,-0.01783927
Market,3,-0.00231138
Market,3,0.02188108
Market,3,-0.01736445
Market,3,0.00750122
Market,3,0.00426393
Market,3,0.00452015
Market,3,0.05787408
Market,3,-0.00434652
Market,3,-0.03596337
Market,3,0.00893626
Market,3,0.02590804
Market,3,0.02666133
Market,3,0.02997295
Market,3,-0.01041919
Market,3,0.01650944
Market,3,-0.00469788
Market,3,0.08375725
Market,3,0.03248224
Market,3,0.03999969
Market,3,-0.02149726
Market,3,-0.00384850
Market,3,0.04070239
Market,3,0.02399767
Market,3,0.03640063
Market,3,0.04042679
Market,3,0.07225608
Market,3,0.04130414
Market,3,0.00797789
Market,3,-0.02226016
Market,3,0.02587654
Market,3,0.07030198
Market,3,0.02713176
Market,3,-0.02308661
Market,3,0.00506676
Market,3,0.02382618
Market,3,0.03392768
Market,3,0.04175632
Market,3,0.05504156
Market,3,0.02340880
Market,3,-0.00783757
Market,3,0.04022830
Market,3,0.00846818
Market,3,0.02981555
Market,3,0.01619252
Market,3,0.06333924
Market,3,0.00064732
Market,3,0.06612717
Market,3,0.03243502
Market,3,-0.03723403
Market,3,0.02505973
Market,3,-0.00920589
Market,3,0.04108703
Market,3,0.04466477
Market,3,0.06150661
Market,3,-0.01455122
Market,3,0.09866935
Market,3,0.03210363
Market,3,0.03690224
Market,3,0.06394983
Market,3,0.00075112
Market,3,0.00308893
Market,3,-0.00666498
Market,3,0.01523324
Market,3,0.01984108
Market,3,0.03039173
Market,3,0.06311883
Market,3,0.00168119
Market,3,0.05379983
Market,3,-0.00556671
Market,3,-0.01824666
Market,3,-0.01586224
Market,3,-0.03983319
Market,3,-0.03077560
Market,3,-0.08345920
Market,3,-0.01994802
Market,3,-0.00696931
Market,3,-0.01671418
Market,3,-0.02659493
Market,3,0.04152525
Market,3,0.00393673
Market,3,-0.03323458
Market,3,-0.00996948
Market,3,-0.00718463
Market,3,-0.02867272
Market,3,-0.04750340
Market,3,-0.02890740
Market,3,-0.01936302
Market,3,-0.00309637
Market,3,-0.01339847
Market,3,-0.06031606
Market,3,-0.01624695
Market,3,-0.01511707
Market,3,-0.01961396
Market,3,-0.04235855
Market,3,-0.01324223
Market,3,-0.03100025
Market,3,0.00004725
Market,3,-0.01629342
Market,3,-0.03233939
Market,3,-0.00608507
Market,3,0.00628837
Market,3,-0.02517520
Market,3,-0.00188981
Market,3,-0.02063606
Market,3,-0.02745268
Market,3,-0.00854484
Market,3,-0.02419508
Market,3,0.09298581
Market,3,0.05957530
Market,3,-0.01523323
Market,3,-0.00370765
Market,3,-0.01609564
Market,3,-0.01566937
Market,3,0.03479668
Market,3,-0.00469103
Market,3,-0.00194700
Market,3,-0.01157407
Market,3,0.01779665
Market,3,0.05581520
Market,3,-0.02653208
Market,3,0.01765463
Market,3,-0.00013887
Market,3,0.01404421
Market,3,0.00735387
Market,3,0.04372929
Market,3,-0.01792288
Market,3,-0.00533304
Market,3,-0.01538933
Market,3,0.00379901
Market,3,0.00524029
Market,3,0.03478131
Market,3,-0.01203001
Market,3,0.03782283
Market,3,-0.00785846
Market,3,0.05715125
Market,3,0.05271545
Market,3,0.00572382
Market,3,0.00982664
Market,3,0.01966774
Market,3,0.04830520
Market,3,0.12629624
Market,3,-0.01077052
Market,3,-0.02320288
Market,3,0.01360487
Market,3,0.07747100
Market,3,-0.05033383
Market,3,-0.04421995
Market,3,-0.00860088
Market,3,0.03406758
Market,3,0.02687373
Market,3,0.04988607
Market,3,-0.03123061
Market,3,-0.00686186
Market,3,0.10336782
Market,3,-0.00160609
Market,3,-0.01535737
Market,3,-0.02684705
Market,3,-0.00659828
Market,3,-0.01551328
Market,3,0.01711686
Market,3,0.03448579
Market,3,0.01763971
Market,3,0.07234347
Market,3,0.08583264
Market,3,0.04918837
Market,3,0.03576542
Market,3,-0.00707360
Market,3,0.06668183
Market,3,0.04850533
Market,3,0.00990989
Market,3,0.04305053
Market,3,-0.00313371
Market,3,0.00254865
Market,3,0.03993455
Market,3,-0.00330032
Market,3,-0.03801177
Market,3,0.01869471
Market,3,0.03823258
Market,3,-0.01619355
Market,3,0.01608786
Market,3,0.03536891
Market,3,0.03374455
Market,3,-0.01524072
Market,3,-0.00564975
Market,3,0.03416069
Market,3,-0.03132857
Market,3,0.03546680
Market,3,0.02250326
Market,3,0.02841767
Market,3,0.00289616
Market,3,0.00568943
Market,3,-0.01026463
Market,3,-0.00252525
Market,3,0.02835347
Market,3,0.02022739
Market,3,0.01648594
Market,3,-0.01378649
Market,3,0.00346071
Market,3,0.02803467
Market,3,-0.02037305
Market,3,-0.05957095
Market,3,0.02344245
Market,3,0.00466496
Market,3,-0.01524502
Market,3,0.04818918
Market,3,0.02446220
Market,3,-0.01447839
Market,3,-0.02246560
Market,3,0.05626326
Market,3,0.03421880
Market,3,0.00731825
Market,3,0.01937145
Market,3,0.00072432
Market,3,0.01375182
Market,3,0.04858245
Market,3,-0.00883196
Market,3,-0.01473676
Market,3,0.03593447
Market,3,-0.01299112
Market,3,-0.00747075
Market,3,-0.03309017
Market,3,0.03557290
Market,3,-0.03183640
Market,3,-0.01265754
Market,3,-0.01090411
Market,3,0.00725513
Market,3,0.02022005
Market,3,-0.01508975
Market,3,0.01941858
Market,3,-0.01235823
Market,3,0.00313582
Market,3,0.03452758
Market,3,-0.00168528
Market,3,0.08503592
Market,3,-0.02513699
Market,3,0.06529971
Market,3,-0.02806595
Market,4,0.04461741
Market,4,0.09259106
Market,4,-0.00407601
Market,4,0.07023431
Market,4,0.00553908
Market,4,0.02995956
Market,4,0.02539521
Market,4,-0.00856585
Market,4,-0.01776398
Market,4,0.07572716
Market,4,0.03251650
Market,4,0.00185168
Market,4,-0.00882239
Market,4,0.02094028
Market,4,0.02082570
Market,4,0.10200634
Market,4,-0.01035259
Market,4,0.02198817
Market,4,0.00114825
Market,4,-0.02880621
Market,4,0.00777975
Market,4,-0.01289019
Market,4,-0.01959975
Market,4,0.00237429
Market,4,-0.03317875
Market,4,-0.01572300
Market,4,0.00465794
Market,4,-0.00537980
Market,4,0.00598276
Market,4,0.08735212
Market,4,-0.01013600
Market,4,0.02338144
Market,4,-0.04215084
Market,4,-0.01402335
Market,4,-0.03099231
Market,4,0.00727631
Market,4,-0.02044061
Market,4,-0.01357895
Market,4,-0.05314235
Market,4,-0.02453069
Market,4,-0.03704140
Market,4,-0.02775216
Market,4,0.00004803
Market,4,-0.02490750
Market,4,0.05535987
Market,4,0.01011859
Market,4,-0.02483468
Market,4,-0.04527483
Market,4,-0.03577420
Market,4,0.02779775
Market,4,0.04744656
Market,4,-0.03518818
Market,4,-0.05341669
Market,4,-0.04760907
Market,4,0.04535136
Market,4,-0.02003899
Market,4,-0.01797314
Market,4,-0.01854314
Market,4,0.00405340
Market,4,-0.02460848
Market,4,-0.01338508
Market,4,0.00596404
Market,4,-0.01227041
Market,4,-0.01388474
Market,4,-0.00879572
Market,4,0.01096715
Market,4,-0.00147088
Market,4,0.01113729
Market,4,0.01007667
Market,4,-0.01527550
Market,4,-0.03817924
Market,4,0.02947191
Market,4,0.04218300
Market,4,0.10121561
Market,4,-0.01600279
Market,4,0.04114968
Market,4,-0.02506878
Market,4,0.07325462
Market,4,-0.00141280
Market,4,-0.00740183
Market,4,0.00702403
Market,4,0.01013889
Market,4,0.03181585
Market,4,-0.00456985
Market,4,0.02531085
Market,4,-0.01934250
Market,4,0.01344911
Market,4,-0.04982488
Market,4,0.03571980
Market,4,0.07448820
Market,4,0.02728180
Market,4,0.00314341
Market,4,0.00853482
Market,4,0.04299736
Market,4,0.01843469
Market,4,-0.02746970
Market,4,-0.00180595
Market,4,0.01462591
Market,4,-0.01022391
Market,4,0.01743677
Market,4,0.01582944
Market,4,0.00481465
Market,4,0.03773613
Market,4,-0.02128002
Market,4,-0.00319925
Market,4,-0.00922191
Market,4,0.03363092
Market,4,-0.00537025
Market,4,-0.01457537
Market,4,0.01256463
Market,4,0.01044315
Market,4,-0.00894443
Market,4,0.00417605
Market,4,-0.00610710
Market,4,-0.00684780
Market,4,-0.00882498
Market,4,0.00510481
Market,4,0.00965388
Market,4,0.00307189
Market,4,0.02116651
Market,4,0.00489057
Market,4,0.00815868
Market,4,-0.01595776
Market,4,0.02453185
Market,4,-0.00501916
Market,4,-0.01649872
Market,4,0.00915493
Market,4,0.03022582
Market,4,0.03615021
Market,4,-0.00439117
Market,4,-0.00354181
Market,4,0.02808714
Market,4,-0.02451967
Market,4,0.00802193
Market,4,-0.00317816
Market,4,0.04463969
Market,4,-0.00706917
Market,4,-0.01521189
Market,4,0.00082091
Market,4,0.10234687
Market,4,0.01760158
Market,4,0.00200588
Market,4,0.00135489
Market,4,-0.03005453
Market,4,-0.01533189
Market,4,0.01446583
Market,4,0.01484159
Market,4,0.04360302
Market,4,0.02417226
Market,4,0.02076023
Market,4,0.08228528
Market,4,-0.00948145
Market,4,0.00824936
Market,4,0.02633162
Market,4,0.01276688
Market,4,-0.00711938
Market,4,-0.01220390
Market,4,-0.05799077
Market,4,-0.06974456
Market,4,-0.01439960
Market,4,0.02331560
Market,4,0.08034613
Market,4,-0.01442084
Market,4,0.03216053
Market,4,0.03115656
Market,4,0.02046111
Market,4,0.06484684
Market,4,-0.01446361
Market,4,0.02587196
Market,4,-0.00422591
Market,4,0.04362233
Market,4,0.04508715
Market,4,0.02402278
Market,4,0.01708081
Market,4,0.00405680
Market,4,0.00573157
Market,4,0.00439889
Market,4,0.00925354
Market,4,-0.01905051
Market,4,0.02651046
Market,4,0.04524824
Market,4,0.07826840
Market,4,0.00393014
Market,4,0.06347978
Market,4,0.07547242
Market,4,0.06804984
Market,4,0.02820483
Market,4,0.05307258
Market,4,0.04507070
Market,4,0.02837215
Market,4,0.00966598
Market,4,0.01537708
Market,4,0.09306845
Market,4,-0.02619712
Market,4,0.00406893
Market,4,0.03760624
Market,4,-0.02286123
Market,4,0.01791451
Market,4,0.01688532
Market,4,-0.01008498
Market,4,0.02716681
Market,4,0.00486718
Market,4,-0.04955211
Market,4,0.02380512
Market,4,-0.00602691
Market,4,-0.03020386
Market,4,-0.05340905
Market,4,-0.02130630
Market,4,-0.00896512
Market,4,-0.01853736
Market,4,0.00338843
Market,4,0.04988438
Market,4,-0.03392507
Market,4,0.05609407
Market,4,-0.00749813
Market,4,-0.04105379
Market,4,-0.00154778
Market,4,-0.01456039
Market,4,0.00823912
Market,4,0.00727916
Market,4,0.00451823
Market,4,-0.01461072
Market,4,0.06020623
Market,4,0.04137951
Market,4,0.01375731
Market,4,0.02919692
Market,4,0.02594797
Market,4,0.04098972
Market,4,0.03950408
Market,4,0.05814570
Market,4,0.03236051
Market,4,0.03623272
Market,4,0.03964980
Market,4,0.08130532
Market,4,0.04779099
Market,4,0.00974447
Market,4,0.05653504
Market,4,-0.01961049
Market,4,0.02081728
Market,4,0.02318766
Market,4,0.00437036
Market,4,0.02547579
Market,4,-0.01582283
Market,4,0.07845058
Market,4,0.00122040
Market,4,-0.03314311
Market,4,0.01540835
Market,4,0.09611014
Market,4,0.00337097
Market,4,0.02175795
Market,4,-0.00619065
Market,4,0.03177535
Market,4,-0.02934998
Market,4,-0.00346860
Market,4,-0.02107658
Market,4,0.02239811
Market,5,-0.04959154
Market,5,0.02517813
Market,5,0.00404265
Market,5,-0.03514384
Market,5,-0.01682694
Market,5,-0.01500568
Market,5,-0.01372439
Market,5,-0.06111868
Market,5,-0.00868422
Market,5,-0.02012548
Market,5,-0.04703559
Market,5,-0.05096931
Market,5,-0.03292559
Market,5,0.00368443
Market,5,0.00955969
Market,5,-0.02575634
Market,5,-0.04955912
Market,5,-0.01052354
Market,5,0.03697740
Market,5,-0.01776006
Market,5,-0.02668973
Market,5,-0.00883580
Market,5,-0.00859451
Market,5,-0.03430811
Market,5,-0.03694500
Market,5,-0.00189204
Market,5,0.00027331
Market,5,0.02641747
Market,5,-0.02779135
Market,5,-0.03819856
Market,5,-0.02376939
Market,5,-0.05031499
Market,5,-0.04704853
Market,5,-0.00976923
Market,5,0.01757419
Market,5,-0.01196516
Market,5,-0.02939416
Market,5,-0.02436451
Market,5,0.03070632
Market,5,-0.03401096
Market,5,0.01566889
Market,5,-0.01858046
Market,5,-0.01374215
Market,5,-0.05992523
Market,5,0.06171566
Market,5,-0.04354498
Market,5,-0.00875478
Market,5,-0.01569283
Market,5,0.01230033
Market,5,0.00296615
Market,5,0.00961671
Market,5,-0.02374030
Market,5,-0.01959114
Market,5,0.02397743
Market,5,0.00908550
Market,5,-0.03965967
Market,5,0.04319794
Market,5,0.00474217
Market,5,-0.03592705
Market,5,-0.01298762
Market,5,0.02869593
Market,5,-0.00858312
Market,5,-0.02557147
Market,5,-0.00057599
Market,5,-0.00912123
Market,5,-0.01354697
Market,5,-0.07018362
Market,5,-0.02102813
Market,5,-0.02108706
Market,5,-0.08044136
Market,5,-0.01151008
Market,5,-0.04708324
Market,5,-0.03352726
Market,5,-0.02682703
Market,5,0.03772227
Market,5,-0.06960697
Market,5,-0.03411861
Market,5,-0.03315269
Market,5,-0.06842269
Market,5,-0.02357384
Market,5,-0.03554583
Market,5,-0.02179020
Market,5,-0.05229605
Market,5,-0.00138050
Market,5,-0.01332179
Market,5,-0.01553014
Market,5,-0.00472840
Market,5,-0.02930041
Market,5,-0.03656092
Market,5,-0.01778378
Market,5,0.00161293
Market,5,-0.05460062
Market,5,-0.01201392
Market,5,-0.04062899
Market,5,-0.00197673
Market,5,-0.03208598
Market,5,-0.01104014
Market,5,-0.02887412
Market,5,-0.04466343
Market,5,-0.02005139
Market,5,-0.03565550
Market,5,-0.03011209
Market,5,-0.06098353
Market,5,-0.02694955
Market,5,-0.01056072
Market,5,-0.01698831
Market,5,-0.02074429
Market,5,-0.01088470
Market,5,0.02431880
Market,5,-0.03966726
Market,5,-0.01735401
Market,5,0.00797689
Market,5,-0.01672263
Market,5,-0.04268356
Market,5,-0.05075355
Market,5,0.02271170
Market,5,-0.00213191
Market,5,0.01878432
Market,5,-0.06126685
Market,5,0.04730608
Market,5,0.00734922
Market,5,0.03889669
Market,5,0.03853699
Market,5,0.03535682
Market,5,0.04900060
Market,5,0.06861847
Market,5,0.08132927
Market,5,0.04545148
Market,5,-0.07026381
Market,5,-0.01467677
Market,5,0.06040551
Market,5,-0.02623648
Market,5,0.04481275
Market,5,-0.01749706
Market,5,-0.01816117
Market,5,0.01884322
Market,5,0.03645425
Market,5,0.05772654
Market,5,0.02353219
Market,5,-0.00793960
Market,5,0.01379877
Market,5,-0.01499358
Market,5,-0.06630496
Market,5,-0.03506620
Market,5,-0.02911582
Market,5,-0.02374896
Market,5,-0.01940928
Market,5,-0.01454164
Market,5,0.04503656
Market,5,0.05757274
Market,5,-0.01524682
Market,5,-0.01107654
Market,5,-0.04408453
Market,5,-0.03121364
Market,5,-0.02037147
Market,5,-0.01449105
Market,5,-0.02266596
Market,5,-0.01893372
Market,5,-0.01151777
Market,5,-0.02137440
Market,5,-0.06786290
Market,5,0.01655421
Market,5,-0.00058689
Market,5,0.09657354
Market,5,0.04957266
Market,5,-0.04015301
Market,5,0.00021448
Market,5,0.01221065
Market,5,0.07793737
Market,5,0.04180582
Market,5,0.03930090
Market,5,0.02082319
Market,5,-0.03172123
Market,5,0.00009795
Market,5,-0.03277387
Market,5,0.04841872
Market,5,0.06368721
Market,5,0.01360520
Market,5,0.01948853
Market,5,0.08306096
Market,5,-0.02184070
Market,5,-0.01341295
Market,5,0.04850356
Market,5,0.02809953
Market,5,-0.00344419
Market,5,-0.01447171
Market,5,0.01777706
Market,5,-0.03136568
Market,5,-0.01707716
Market,5,0.00225745
Market,5,0.00579566
Market,5,0.00157749
Market,5,-0.04904227
Market,5,0.00416140
Market,5,-0.01549209
Market,5,-0.03867638
Market,5,-0.05153106
Market,5,0.03075585
Market,5,-0.01979616
Market,5,-0.02160011
Market,5,0.00419417
Market,5,-0.01092275
Market,5,-0.03207352
Market,5,0.03300927
Market,5,0.02497785
Market,5,-0.00225463
Market,5,-0.05235623
Market,5,0.00187999
Market,5,0.00387549
Market,5,-0.02823430
Market,5,-0.01699383
Market,5,0.01720944
Market,5,0.01740559
Market,5,0.05485336
Market,5,-0.00014806
Market,5,-0.01552403
Market,5,-0.00641045
Market,5,0.02201112
Market,5,-0.03827170
Market,5,0.03473302
Market,5,-0.03206617
Market,5,0.01974501
Market,5,-0.01687715
Market,5,-0.00848381
Market,5,-0.01629512
Market,5,-0.02213311
Market,5,-0.05399247
Market,5,-0.01891999
Market,5,0.00133385
Market,5,-0.01597234
Market,5,0.01505201
Market,5,0.02617059
Market,5,0.02362825
Market,5,0.01067529
Market,5,-0.04185083
Market,5,-0.02526845
Market,5,0.02392656
Market,5,0.04847401
Market,5,0.00921031
Market,5,-0.00678159
Market,5,-0.02978738
Market,5,0.00771838
Market,5,-0.02475034
Market,5,0.03191094
Market,5,-0.02461537
Market,5,-0.04923111
Market,5,-0.03169025
Market,5,-0.01545465
Market,5,-0.02238875
Market,5,0.01538418
Market,5,0.05739319
Market,5,-0.03958119
Market,5,0.05913053
Market,5,-0.05745670
Market,5,0.07443402
Market,5,0.03052416
Market,5,-0.01373689
Market,5,-0.04342471
Market,5,-0.03740187
Market,5,0.06507442
Market,5,-0.00640088
Market,5,0.08855271
Market,6,0.01313515
Market,6,-0.00809437
Market,6,0.03020237
Market,6,0.06677509
Market,6,-0.00651690
Market,6,0.03364985
Market,6,0.07144806
Market,6,0.09666207
Market,6,0.03426076
Market,6,0.12169263
Market,6,0.03840859
Market,6,0.06231758
Market,6,0.11137793
Market,6,0.00936932
Market,6,0.07772644
Market,6,0.07222288
Market,6,0.10546489
Market,6,0.04577509
Market,6,0.02157566
Market,6,0.05867552
Market,6,0.01022616
Market,6,0.11960478
Market,6,0.01338605
Market,6,0.02621402
Market,6,0.01120375
Market,6,0.00990570
Market,6,0.05105217
Market,6,0.01958891
Market,6,0.10778628
Market,6,0.07054347
Market,6,0.07493367
Market,6,0.04581819
Market,6,0.06897693
Market,6,0.00341717
Market,6,0.03617510
Market,6,0.03369894
Market,6,0.07586005
Market,6,0.04566686
Market,6,0.03088662
Market,6,0.13696864
Market,6,0.06983698
Market,6,0.02001995
Market,6,0.07994793
Market,6,0.03426015
Market,6,-0.01563433
Market,6,0.13273112
Market,6,0.24260176
Market,6,0.04100388
Market,6,0.06705186
Market,6,0.04151388
Market,6,0.07183522
Market,6,0.08471429
Market,6,0.04293439
Market,6,0.07954756
Market,6,0.04773590
Market,6,0.04015232
Market,6,0.00944334
Market,6,0.10096024
Market,6,0.06012414
Market,6,0.06598677
Market,6,0.07866623
Market,6,0.00855004
Market,6,0.02717331
Market,6,0.08178965
Market,6,0.06910099
Market,6,0.01158410
Market,6,0.21903086
Market,6,0.00660009
Market,6,0.04030355
Market,6,0.10883219
Market,6,0.03174774
Market,6,0.02558471
Market,6,0.04104664
Market,6,0.06295628
Market,6,0.09814613
Market,6,0.13080295
Market,6,0.06977142
Market,6,0.13620380
Market,6,0.05163308
Market,6,0.12435633
Market,6,0.06225776
Market,6,0.05687486
Market,6,0.09325451
Market,6,0.01647811
Market,6,-0.00086332
Market,6,0.05895046
Market,6,-0.00147217
Market,6,0.06065885
Market,6,0.23490014
Market,6,0.10515343
Market,6,0.05916159
Market,6,0.04795794
Market,6,0.08950455
Market,6,0.04771830
Market,6,0.15936740
Market,6,0.03087657
Market,6,-0.00195254
Market,6,0.07792166
Market,6,0.02532593
Market,6,0.06894199
Market,6,0.06715375
Market,6,0.04719407
Market,6,0.07301370
Market,6,0.04608294
Market,6,0.04249411
Market,6,0.06747135
Market,6,0.06071619
Market,6,0.09834928
Market,6,0.11900921
Market,6,0.08998191
Market,6,0.01942927
Market,6,0.07677785
Market,6,0.03178775
Market,6,0.08503091
Market,6,0.02517129
Market,6,0.05225839
Market,6,0.07394426
Market,6,0.04664441
Market,6,0.04715191
Market,6,0.03078844
Market,6,0.08392613
Market,6,0.04724850
Market,6,0.11575946
Market,6,0.07182259
Market,6,0.03833426
Market,6,0.02471650
Market,6,0.05020485
Market,6,0.04290418
Market,6,0.08182232
Market,6,0.07184973
Market,6,0.11179107
Market,6,0.03753046
Market,6,0.06819175
Market,6,0.04458250
Market,6,0.03936986
Market,6,0.07581223
Market,6,0.07216395
Market,6,0.06889491
Market,6,0.10183617
Market,6,0.03637722
Market,6,0.04861648
Market,6,0.09768394
Market,6,0.06732039
Market,6,0.09177095
Market,6,0.06351921
Market,6,0.09660125
Market,6,0.06879935
Market,6,0.10730717
Market,6,0.06152134
Market,6,0.06139917
Market,6,0.16759213
Market,6,0.13133348
Market,6,0.13794071
Market,6,0.02986305
Market,6,0.07877789
Market,6,0.10165865
Market,6,0.15411815
Market,6,0.05796949
Market,6,-0.00298010
Market,6,0.01948557
Market,6,0.03410266
Market,6,0.14062610
Market,6,0.08098268
Market,6,0.05406466
Market,6,-0.00012624
Market,6,0.01113146
Market,6,0.02054053
Market,6,0.04303918
Market,6,0.05772777
Market,6,0.02280146
Market,6,0.06610882
Market,6,0.07946330
Market,6,0.05951144
Market,6,0.02329107
Market,6,0.04667080
Market,6,0.03929961
Market,6,0.11069705
Market,6,0.09670283
Market,6,0.10599564
Market,6,0.03476091
Market,6,0.10432204
Market,6,0.02940214
Market,6,0.04001343
Market,6,0.05124826
Market,6,0.03800135
Market,6,0.09510825
Market,6,0.10615643
Market,6,0.19174518
Market,6,0.05745933
Market,6,0.07670347
Market,6,0.15112037
Market,6,0.05164597
Market,6,0.05812646
Market,6,0.08342723
Market,6,0.12930859
Market,6,0.08354769
Market,6,0.07481822
Market,6,0.22136684
Market,6,0.06531425
Market,6,0.06378369
Market,6,0.07496561
Market,6,0.07578176
Market,6,0.02674687
Market,6,0.05182295
Market,6,0.09732210
Market,6,0.00668698
Market,6,0.02892539
Market,6,0.05879964
Market,6,0.01856579
Market,6,0.04154432
Market,6,0.03144254
Market,6,0.03511697
Market,6,0.03091345
Market,6,0.03370610
Market,6,0.05558669
Market,6,0.02379186
Market,6,0.05004103
Market,6,0.02357898
Market,6,0.02167461
Market,6,0.04612159
Market,6,0.03001426
Market,6,0.07687700
Market,6,-0.00835090
Market,6,0.07618324
Market,6,0.03328063
Market,6,0.07731733
Market,6,0.03834192
Market,6,0.02549917
Market,6,0.11745538
Market,6,0.09614888
Market,6,0.08985120
Market,6,0.02014095
Market,6,0.19482624
Market,6,0.02447901
Market,6,0.06897537
Market,6,0.03783780
Market,6,0.01221625
Market,6,0.03738356
Market,6,0.06335156
Market,6,0.09219961
Market,6,0.06379829
Market,6,0.09825671
Market,6,0.06347706
Market,6,0.07862704
Market,6,0.05494718
Market,6,0.05055042
Market,6,0.08536633
Market,6,0.06104201
Market,6,0.09747974
Market,6,0.10688431
Market,6,0.07335561
Market,6,0.04661824
Market,6,0.06044119
Market,6,0.05635921
Market,6,0.07422290
Market,6,0.15760326
Market,6,0.08684182
Market,6,0.08199885
Market,6,0.06323471
Market,6,0.09664266
Market,6,0.00781841
Market,6,0.07028170
Market,6,0.07801040
Market,6,0.01989123
Market,6,0.06138169
Market,6,0.07800449
Market,6,0.07986621
Market,6,0.03213877
Market,6,0.05121785
Market,6,0.03372179
Market,7,0.08447019
Market,7,-0.00353739
Market,7,0.04069416
Market,7,0.03340394
Market,7,0.09007438
Market,7,0.05934772
Market,7,0.05807227
Market,7,0.17098440
Market,7,0.04547837
Market,7,0.00199552
Market,7,0.00914347
Market,7,0.05565439
Market,7,0.07827586
Market,7,0.18832284
Market,7,0.00099984
Market,7,-0.02579919
Market,7,-0.02418899
Market,7,0.05496487
Market,7,0.06679070
Market,7,0.06871313
Market,7,0.06018614
Market,7,0.11794186
Market,7,0.04945002
Market,7,-0.00564604
Market,7,0.03876378
Market,7,0.02979913
Market,7,0.08738402
Market,7,0.04472555
Market,7,0.10503963
Market,7,-0.02264093
Market,7,-0.02166235
Market,7,-0.00116716
Market,7,0.10680829
Market,7,0.05008835
Market,7,0.00405423
Market,7,0.12289850
Market,7,0.05116448
Market,7,0.03714362
Market,7,0.01832963
Market,7,0.07527572
Market,7,0.19635075
Market,7,0.01295503
Market,7,0.01353487
Market,7,0.03160246
Market,7,0.09030246
Market,7,0.03343363
Market,7,0.05094385
Market,7,0.02202492
Market,7,0.05114075
Market,7,-0.02518259
Market,7,0.03102552
Market,7,0.16299802
Market,7,0.02703449
Market,7,0.04407499
Market,7,0.01682215
Market,7,0.06110144
Market,7,-0.07207378
Market,7,0.07609459
Market,7,0.02303546
Market,7,0.04514131
Market,7,0.04435640
Market,7,0.01261797
Market,7,0.08161608
Market,7,0.10215381
Market,7,0.08927867
Market,7,0.03565147
Market,7,0.03415820
Market,7,0.05197621
Market,7,0.06626182
Market,7,0.06985217
Market,7,0.07769703
Market,7,0.05693409
Market,7,0.07880839
Market,7,0.10710389
Market,7,0.04350616
Market,7,0.05434216
Market,7,0.04296001
Market,7,0.15355188
Market,7,0.03055588
Market,7,0.13494905
Market,7,0.00649804
Market,7,0.09035660
Market,7,0.08393053
Market,7,0.07625076
Market,7,0.08748244
Market,7,0.03163653
Market,7,0.09289914
Market,7,-0.02444833
Market,7,0.03185143
Market,7,0.00409387
Market,7,0.01494702
Market,7,0.05432375
Market,7,-0.01302625
Market,7,0.02692477
Market,7,0.03596925
Market,7,0.04726063
Market,7,0.01150846
Market,7,0.00756153
Market,7,0.05121146
Market,7,0.06353338
Market,7,0.01827405
Market,7,0.02456890
Market,7,0.17478054
Market,7,0.02370223
Market,7,0.04298642
Market,7,0.05819101
Market,7,0.03498043
Market,7,0.09759770
Market,7,0.04838763
Market,7,0.05610728
Market,7,0.09867076
Market,7,-0.01148487
Market,7,0.02710805
Market,7,0.02416278
Market,7,0.01766335
Market,7,0.04723563
Market,7,0.00048601
Market,7,0.03511371
Market,7,0.01341532
Market,7,0.02422999
Market,7,0.01998109
Market,7,0.02423787
Market,7,-0.03032803
Market,7,-0.01137146
Market,7,0.03416355
Market,7,0.09823881
Market,7,-0.00761393
Market,7,0.02247077
Market,7,-0.05163525
Market,7,-0.07610368
Market,7,-0.02128570
Market,7,-0.02763763
Market,7,-0.03250682
Market,7,0.05384273
Market,7,-0.01081998
Market,7,0.06346323
Market,7,0.07407915
Market,7,0.06668044
Market,7,-0.00350263
Market,7,0.17778999
Market,7,-0.03342371
Market,7,0.11574642
Market,7,0.09543213
Market,7,0.09487655
Market,7,-0.00633855
Market,7,-0.09270689
Market,7,0.02287604
Market,7,0.07347905
Market,7,0.09218269
Market,7,0.02876443
Market,7,-0.03198158
Market,7,0.09250629
Market,7,0.04562039
Market,7,0.07513479
Market,7,0.04274673
Market,7,0.02769581
Market,7,0.10000262
Market,7,0.10826452
Market,7,0.07082634
Market,7,0.19720178
Market,7,0.12889502
Market,7,0.06963658
Market,7,0.11981199
Market,7,0.18981713
Market,7,-0.00504467
Market,7,0.12220514
Market,7,0.00649545
Market,7,0.09026623
Market,7,0.04472060
Market,7,0.13022552
Market,7,0.07103739
Market,7,-0.03721978
Market,7,0.05006068
Market,7,0.00756826
Market,7,0.03835276
Market,7,0.05169374
Market,7,-0.00388113
Market,7,0.02426913
Market,7,-0.01726800
Market,7,-0.01418119
Market,7,0.01728739
Market,7,0.06453268
Market,7,0.01939774
Market,7,0.03534664
Market,7,0.05567243
Market,7,0.03275755
Market,7,0.04405587
Market,7,-0.05209691
Market,7,0.07402095
Market,7,0.07378858
Market,7,-0.05841985
Market,7,-0.01582834
Market,7,0.07665140
Market,7,0.07169485
Market,7,0.01883776
Market,7,0.00226785
Market,7,0.02683868
Market,7,0.06503647
Market,7,0.03603059
Market,7,0.04949060
Market,7,0.01058626
Market,7,0.04033299
Market,7,0.05248721
Market,7,-0.03404122
Market,7,0.02436337
Market,7,0.03303881
Market,7,0.07406440
Market,7,0.09621491
Market,7,-0.00561355
Market,7,0.07310288
Market,7,0.05522008
Market,7,0.00998007
Market,7,0.00708216
Market,7,-0.00461085
Market,7,0.20070555
Market,7,0.08502647
Market,7,0.02213410
Market,7,-0.01825353
Market,7,0.04642807
Market,7,0.01764039
Market,7,0.06060600
Market,7,0.03351655
Market,7,0.01106781
Market,7,0.08405366
Market,7,-0.01224701
Market,7,-0.01133791
Market,7,-0.01024082
Market,7,0.03913720
Market,7,0.00577657
Market,7,0.07330420
Market,7,0.04872973
Market,7,0.04241725
Market,7,0.08200384
Market,7,0.01818727
Market,7,-0.00361512
Market,7,0.00105388
Market,7,-0.01916826
Market,7,0.04654329
Market,7,0.00386808
Market,7,-0.02375073
Market,7,0.00154689
Market,7,0.09651447
Market,7,0.07796746
Market,7,0.04646475
Market,7,0.06489161
Market,7,0.02803374
Market,7,0.00619386
Market,7,0.01412990
Market,7,0.12018471
Market,7,0.08469762
Market,7,0.12001883
Market,7,-0.02852940
Market,7,-0.01977138
Market,7,0.03398592
Market,7,0.10254547
Market,7,0.10809831
Market,7,0.01758747
Market,7,0.02191681
Market,7,-0.00607597
Market,7,0.08908638
Market,7,0.13146463
Market,7,0.06379987
Market,7,0.09656943
Market,7,0.08084235
Market,7,0.05031351
Market,7,0.09816654
Market,7,0.24674721
Market,7,0.09357824
Market,7,0.12519388
Market,7,0.05168177
Market,7,-0.00054171
Market,7,0.06344569
Market,7,0.14773481
Market,7,0.08781571
Market,7,0.07787729
Market,7,-0.01545177
Market,7,0.16399906
Market,7,-0.03302164
Market,8,0.06561013
Market,8,-0.06872951
Market,8,-0.09286004
Market,8,-0.10110926
Market,8,-0.04357377
Market,8,0.08843019
Market,8,-0.23512257
Market,8,0.01268481
Market,8,-0.09964715
Market,8,0.08543183
Market,8,-0.06528875
Market,8,-0.01663105
Market,8,-0.15110894
Market,8,0.06408819
Market,8,0.14343698
Market,8,-0.21397332
Market,8,-0.05966289
Market,8,-0.05388288
Market,8,-0.06094318
Market,8,-0.17133769
Market,8,-0.03468410
Market,8,-0.09861638
Market,8,0.00475417
Market,8,-0.07522759
Market,8,-0.18516901
Market,8,-0.02196087
Market,8,-0.02645035
Market,8,-0.00471210
Market,8,-0.14600173
Market,8,-0.06799673
Market,8,-0.06309716
Market,8,-0.15667283
Market,8,0.01829430
Market,8,-0.02206928
Market,8,-0.01370634
Market,8,-0.00573564
Market,8,0.00272666
Market,8,-0.09675568
Market,8,-0.14242884
Market,8,0.06868511
Market,8,-0.18835291
Market,8,-0.16602724
Market,8,-0.12806209
Market,8,-0.05863493
Market,8,-0.15459871
Market,8,-0.18201787
Market,8,-0.03649867
Market,8,-0.12685923
Market,8,-0.01996878
Market,8,-0.19270659
Market,8,0.10174709
Market,8,-0.14484710
Market,8,-0.13187676
Market,8,-0.12797770
Market,8,-0.05814981
Market,8,-0.20955648
Market,8,-0.00338206
Market,8,-0.22835674
Market,8,0.01896898
Market,8,0.10035517
Market,8,-0.16792885
Market,8,-0.08729557
Market,8,-0.00873329
Market,8,-0.10126990
Market,8,-0.12412005
Market,8,-0.14743233
Market,8,-0.18575382
Market,8,-0.06388739
Market,8,-0.14290188
Market,8,-0.04749289
Market,8,-0.11783271
Market,8,-0.16259911
Market,8,-0.07417241
Market,8,-0.20073812
Market,8,-0.03065302
Market,8,-0.09688817
Market,8,0.04047751
Market,8,-0.17678238
Market,8,-0.08657652
Market,8,-0.08339064
Market,8,-0.11139877
Market,8,-0.09591504
Market,8,-0.08309344
Market,8,-0.09161515
Market,8,-0.04791645
Market,8,-0.18287283
Market,8,-0.02888267
Market,8,-0.14577000
Market,8,-0.13960744
Market,8,-0.06838801
Market,8,-0.10506806
Market,8,-0.20148244
Market,8,-0.15175997
Market,8,-0.16232540
Market,8,-0.03014327
Market,8,-0.07347461
Market,8,0.00645112
Market,8,-0.10165407
Market,8,-0.00172579
Market,8,-0.09039010
Market,8,-0.01729865
Market,8,-0.01868296
Market,8,0.02837857
Market,8,-0.15945715
Market,8,0.02879610
Market,8,-0.10492452
Market,8,-0.02303382
Market,8,0.03637249
Market,8,0.01026462
Market,8,0.00144199
Market,8,-0.10551684
Market,8,-0.06254629
Market,8,-0.00592502
Market,8,-0.07406303
Market,8,0.00811241
Market,8,0.01214471
Market,8,-0.07753654
Market,8,-0.04864787
Market,8,0.01612778
Market,8,-0.04188129
Market,8,0.15819404
Market,8,0.00783548
Market,8,-0.06987461
Market,8,-0.04801683
Market,8,-0.11382089
Market,8,-0.07621152
Market,8,-0.06395524
Market,8,-0.04580012
Market,8,-0.09517234
Market,8,-0.05248567
Market,8,-0.06993375
Market,8,-0.07846502
Market,8,-0.00330430
Market,8,-0.12278871
Market,8,-0.09811162
Market,8,-0.12756264
Market,8,-0.15800282
Market,8,-0.19170188
Market,8,-0.03769420
Market,8,-0.03331606
Market,8,-0.15136778
Market,8,-0.08962977
Market,8,-0.12466691
Market,8,-0.08400319
Market,8,-0.00287826
Market,8,-0.02808766
Market,8,-0.03662869
Market,8,-0.09869079
Market,8,-0.13605692
Market,8,-0.04431924
Market,8,-0.11187714
Market,8,-0.00964210
Market,8,-0.16665669
Market,8,-0.02510081
Market,8,-0.05147919
Market,8,-0.15108081
Market,8,-0.01342971
Market,8,-0.08429436
Market,8,0.01726694
Market,8,-0.02409835
Market,8,-0.06507894
Market,8,-0.05638471
Market,8,0.09975346
Market,8,0.02881349
Market,8,-0.09115922
Market,8,-0.12717352
Market,8,-0.11137829
Market,8,-0.16676477
Market,8,-0.02575394
Market,8,-0.09091465
Market,8,0.07199453
Market,8,-0.08920952
Market,8,-0.01516921
Market,8,-0.07032729
Market,8,-0.05647100
Market,8,-0.19882235
Market,8,-0.16735291
Market,8,-0.17983105
Market,8,-0.23192644
Market,8,-0.09855975
Market,8,-0.11787520
Market,8,-0.06907503
Market,8,-0.12519158
Market,8,-0.19616636
Market,8,-0.08927057
Market,8,-0.10491213
Market,8,-0.14037821
Market,8,0.03884346
Market,8,-0.21506951
Market,8,-0.02310226
Market,8,-0.14991973
Market,8,-0.07542783
Market,8,-0.09175047
Market,8,-0.09318276
Market,8,-0.02530452
Market,8,-0.13582121
Market,8,-0.10821697
Market,8,0.06541845
Market,8,-0.09367668
Market,8,-0.11864790
Market,8,0.07975176
Market,8,-0.10256911
Market,8,-0.10674440
Market,8,-0.09500925
Market,8,-0.02788119
Market,8,-0.17746181
Market,8,-0.12980782
Market,8,-0.00946949
Market,8,-0.04539507
Market,8,-0.01490423
Market,8,-0.07168921
Market,8,-0.05692849
Market,8,-0.01633805
Market,8,-0.08136118
Market,8,-0.01195790
Market,8,-0.07043500
Market,8,-0.16776043
Market,8,-0.09832744
Market,8,-0.12330043
Market,8,-0.01441377
Market,8,-0.10147981
Market,8,-0.15727612
Market,8,-0.15123026
Market,8,-0.08739401
Market,8,-0.13771440
Market,8,-0.10914656
Market,8,-0.14925687
Market,8,-0.14522476
Market,8,-0.07089235
Market,8,-0.13961311
Market,8,-0.10133913
Market,8,-0.19145932
Market,8,-0.06976393
Market,8,-0.06911592
Market,8,-0.07499279
Market,8,-0.07450783
Market,8,-0.19443259
Market,8,-0.08319954
Market,8,-0.16970499
Market,8,-0.10056501
Market,8,-0.10091827
Market,8,-0.07530398
Market,8,-0.00701674
Market,8,-0.06501479
Market,8,-0.06777906
Market,8,-0.05653342
Market,8,-0.07143717
Market,8,-0.07763296
Market,8,-0.17960728
Market,8,-0.10984711
Market,8,-0.06701157
Market,8,-0.09322673
Market,8,-0.05679562
Market,8,-0.09997057
Market,8,-0.11414112
Market,8,-0.13673238
Market,8,0.03796618
Market,8,-0.13649014
Market,8,-0.11826683
Market,8,-0.14282963
Market,8,-0.05223008
Market,8,-0.31194148
Market,8,-0.02075177
Market,8,0.01897850
Market,8,0.02005500
Market,8,-0.07167849
Market,8,-0.10248841
Market,8,0.06526944
Market,8,-0.05432701
Market,8,0.02956611
Market,8,0.02771478
Market,8,-0.11058352
Market,8,-0.04241304
Market,8,-0.13044564
Market,8,-0.00652380
Market,8,-0.10489472
Market,8,-0.25712272
Market,8,-0.01032572
Market,8,-0.12961596
Market,8,-0.02088684
Market,8,-0.00369864
Market,8,-0.15672710
Market,8,-0.09908460
Market,8,-0.02221449
Market,8,0.01611658
Market,8,0.02462255
Market,8,-0.13847663
Market,8,-0.02493694
Market,9,-0.06179570
Market,9,-0.00599700
Market,9,-0.09098743
Market,9,-0.03702242
Market,9,-0.01199953
Market,9,-0.00339115
Market,9,-0.02303822
Market,9,-0.01511359
Market,9,-0.08148084
Market,9,-0.05202936
Market,9,-0.05226027
Market,9,0.02300759
Market,9,-0.07767330
Market,9,-0.06262454
Market,9,0.05984519
Market,9,-0.12980962
Market,9,-0.05596328
Market,9,-0.01386968
Market,9,0.01579321
Market,9,-0.03285494
Market,9,-0.00192060
Market,9,0.00251824
Market,9,-0.02194793
Market,9,-0.08553158
Market,9,-0.04657149
Market,9,-0.00126713
Market,9,-0.04950914
Market,9,-0.01269472
Market,9,-0.02558907
Market,9,-0.06614880
Market,9,-0.05138269
Market,9,-0.00259581
Market,9,-0.03155939
Market,9,-0.09458502
Market,9,-0.00051728
Market,9,0.05298128
Market,9,-0.07605113
Market,9,-0.00411653
Market,9,0.07067055
Market,9,-0.04648492
Market,9,-0.02449566
Market,9,0.01544832
Market,9,-0.02568755
Market,9,0.01336490
Market,9,-0.03708998
Market,9,-0.02894144
Market,9,0.03132358
Market,9,0.03833920
Market,9,-0.00094206
Market,9,-0.04722181
Market,9,0.05899716
Market,9,-0.15495198
Market,9,-0.01056472
Market,9,0.01453561
Market,9,0.01712525
Market,9,0.00803283
Market,9,-0.01261363
Market,9,-0.08650589
Market,9,-0.01112375
Market,9,-0.05242862
Market,9,-0.06245409
Market,9,-0.00721287
Market,9,0.00186752
Market,9,-0.04209132
Market,9,0.05468702
Market,9,-0.14078501
Market,9,-0.00075453
Market,9,0.03529522
Market,9,-0.03042728
Market,9,-0.02080328
Market,9,0.03399362
Market,9,-0.03479633
Market,9,-0.04203846
Market,9,-0.02607481
Market,9,-0.02719762
Market,9,-0.01452003
Market,9,-0.05210422
Market,9,-0.04376497
Market,9,-0.04939752
Market,9,-0.01363858
Market,9,-0.07358720
Market,9,0.00257183
Market,9,0.01920634
Market,9,-0.01378662
Market,9,-0.09647474
Market,9,-0.01621279
Market,9,-0.02639817
Market,9,-0.11663744
Market,9,-0.01844634
Market,9,-0.06159877
Market,9,-0.00328102
Market,9,0.00257468
Market,9,-0.06679397
Market,9,-0.03445613
Market,9,-0.02545517
Market,9,0.00494165
Market,9,-0.11043323
Market,9,-0.03251311
Market,9,-0.12198692
Market,9,-0.03654768
Market,9,-0.00611840
Market,9,-0.04229361
Market,9,-0.00299967
Market,9,0.00881554
Market,9,-0.03461912
Market,9,0.02491663
Market,9,-0.03425075
Market,9,0.01631151
Market,9,-0.00499376
Market,9,-0.07480146
Market,9,-0.02176601
Market,9,0.00751915
Market,9,0.01541274
Market,9,0.00125118
Market,9,0.00708526
Market,9,0.01492868
Market,9,-0.02319024
Market,9,-0.03274509
Market,9,0.00202747
Market,9,0.03081716
Market,9,-0.00851079
Market,9,-0.00178227
Market,9,-0.13866136
Market,9,-0.01250947
Market,9,0.01657976
Market,9,-0.02322079
Market,9,0.02458254
Market,9,0.00678286
Market,9,0.05963654
Market,9,-0.00851203
Market,9,-0.04315810
Market,9,0.01235927
Market,9,-0.07507093
Market,9,-0.01686674
Market,9,0.01844432
Market,9,0.03352425
Market,9,-0.09723687
Market,9,-0.02332351
Market,9,-0.02983647
Market,9,0.00845279
Market,9,-0.04299093
Market,9,-0.00841429
Market,9,-0.03077559
Market,9,-0.07485545
Market,9,-0.06783054
Market,9,-0.15329270
Market,9,0.01866183
Market,9,-0.04738433
Market,9,-0.11181038
Market,9,-0.07996866
Market,9,-0.07626046
Market,9,-0.06041998
Market,9,-0.03016134
Market,9,-0.11591263
Market,9,-0.14586393
Market,9,0.02434331
Market,9,-0.04948550
Market,9,-0.11882887
Market,9,-0.02043746
Market,9,-0.04354289
Market,9,0.00809727
Market,9,-0.01431899
Market,9,0.04296749
Market,9,-0.04822009
Market,9,-0.08085486
Market,9,-0.00289508
Market,9,-0.15661255
Market,9,-0.08904255
Market,9,-0.06951134
Market,9,-0.01004543
Market,9,-0.04550252
Market,9,-0.03523571
Market,9,-0.02713663
Market,9,-0.00107086
Market,9,-0.11922270
Market,9,-0.07947092
Market,9,-0.05093703
Market,9,-0.09226467
Market,9,-0.04638067
Market,9,0.00174943
Market,9,-0.14703876
Market,9,0.02808475
Market,9,-0.02411770
Market,9,-0.04559779
Market,9,-0.01800566
Market,9,-0.04750104
Market,9,0.01262101
Market,9,0.02154479
Market,9,-0.06131890
Market,9,-0.05982611
Market,9,-0.01802399
Market,9,-0.08379768
Market,9,-0.01557565
Market,9,0.00917478
Market,9,-0.13606479
Market,9,-0.01265898
Market,9,-0.13587568
Market,9,-0.07329744
Market,9,-0.04020065
Market,9,0.01816884
Market,9,-0.01332927
Market,9,-0.05475808
Market,9,0.00640547
Market,9,0.01540104
Market,9,-0.00869656
Market,9,-0.04862811
Market,9,0.03207626
Market,9,-0.11769350
Market,9,-0.03848885
Market,9,-0.07383016
Market,9,-0.04449598
Market,9,-0.03824114
Market,9,-0.01522754
Market,9,-0.03240032
Market,9,-0.05226146
Market,9,-0.05859173
Market,9,-0.00960759
Market,9,-0.00943492
Market,9,-0.06835855
Market,9,-0.00938820
Market,9,-0.02274122
Market,9,0.01944877
Market,9,0.00174362
Market,9,0.04903560
Market,9,0.02142766
Market,9,-0.05408395
Market,9,0.00285850
Market,9,0.03087802
Market,9,-0.01020281
Market,9,-0.06717141
Market,9,-0.00050685
Market,9,-0.03326639
Market,9,0.01698329
Market,9,0.01158061
Market,9,-0.02443983
Market,9,-0.04785135
Market,9,-0.02143580
Market,9,0.01400641
Market,9,0.03456385
Market,9,-0.04563414
Market,9,-0.00914987
Market,9,0.01244074
Market,9,-0.03717909
Market,9,-0.01784685
Market,9,-0.07569443
Market,9,0.00440673
Market,9,-0.01207410
Market,9,-0.04314136
Market,9,-0.03906514
Market,9,-0.07884062
Market,9,0.02169133
Market,9,-0.05082285
Market,9,-0.00001104
Market,9,-0.07566189
Market,9,-0.11722792
Market,9,-0.09967645
Market,9,0.00158412
Market,9,0.00721977
Market,9,-0.07012684
Market,9,-0.05356391
Market,9,-0.07300789
Market,9,-0.08411522
Market,9,-0.07401339
Market,9,-0.03969710
Market,9,-0.01578415
Market,9,-0.05403917
Market,9,-0.03537795
Market,9,-0.02445671
Market,9,-0.04137202
Market,9,-0.09564754
Market,9,-0.02750343
Market,9,-0.04879958
Market,9,-0.03061568
Market,9,-0.06741809
Market,9,-0.06568302
Market,9,0.03510017
Market,9,-0.03066885
Market,9,0.01847220
Market,9,-0.05135927
Market,9,-0.02428709
Market,9,-0.03383200
Market,9,-0.04161641
Market,9,-0.04993067
Market,9,0.02289388
Market,9,0.00809841
Market,9,-0.11003765
Market,9,-0.06814946
Market,9,-0.04129226
Market,9,0.00691089
Market,9,-0.08304710
Market,9,-0.07512956
Market,9,-0.09496662
Market,9,-0.02879800
Market,9,-0.01318433
Market,9,-0.01944125
Market,9,0.00576358
Market,10,0.13630721
Market,10,-0.00322587
Market,10,0.01215101
Market,10,0.02419861
Market,10,0.19451024
Market,10,-0.03344404
Market,10,-0.02293020
Market,10,-0.04183512
Market,10,-0.03192783
Market,10,0.00879040
Market,10,-0.01589492
Market,10,-0.03463689
Market,10,-0.04391549
Market,10,0.02396198
Market,10,0.01318997
Market,10,0.05076833
Market,10,0.00123457
Market,10,-0.00912151
Market,10,0.07248674
Market,10,0.00312671
Market,10,0.00517583
Market,10,0.02910654
Market,10,0.00041383
Market,10,0.03149827
Market,10,0.01068500
Market,10,-0.01066713
Market,10,0.03920638
Market,10,0.03443216
Market,10,0.04171175
Market,10,0.03086880
Market,10,0.04991644
Market,10,0.06752971
Market,10,0.04751839
Market,10,0.14841209
Market,10,0.05151831
Market,10,0.04365529
Market,10,0.01570721
Market,10,0.00029322
Market,10,0.00789190
Market,10,-0.08911885
Market,10,0.01174396
Market,10,0.02128133
Market,10,0.02180902
Market,10,-0.01297694
Market,10,0.03858773
Market,10,0.00214517
Market,10,0.04007594
Market,10,-0.06150540
Market,10,0.05261828
Market,10,0.03083681
Market,10,0.05326876
Market,10,0.05946150
Market,10,0.01146909
Market,10,0.03238318
Market,10,0.01350538
Market,10,0.00109439
Market,10,0.05058230
Market,10,-0.02643346
Market,10,0.07339856
Market,10,0.05266280
Market,10,0.04713645
Market,10,-0.00050717
Market,10,-0.00605772
Market,10,0.01107862
Market,10,0.11021272
Market,10,-0.00802898
Market,10,0.02563341
Market,10,0.04934494
Market,10,0.08447919
Market,10,0.00466101
Market,10,-0.00628917
Market,10,0.05003244
Market,10,0.00757322
Market,10,-0.01426829
Market,10,0.06197729
Market,10,0.02487682
Market,10,0.03162123
Market,10,0.02836430
Market,10,-0.00019104
Market,10,0.00002864
Market,10,0.02783636
Market,10,-0.03640436
Market,10,0.01517603
Market,10,-0.01386143
Market,10,0.01958302
Market,10,0.03041886
Market,10,0.09271748
Market,10,0.06588130
Market,10,0.03435041
Market,10,0.04224865
Market,10,0.06071442
Market,10,0.12197245
Market,10,0.04148391
Market,10,-0.01658011
Market,10,0.02862170
Market,10,0.03439005
Market,10,-0.00684498
Market,10,-0.03509835
Market,10,-0.00582947
Market,10,0.03591245
Market,10,0.00132410
Market,10,0.04466530
Market,10,0.03924583
Market,10,0.03199928
Market,10,0.00642203
Market,10,0.02889415
Market,10,0.04121520
Market,10,0.05500100
Market,10,0.06112394
Market,10,0.02135074
Market,10,0.02024307
Market,10,0.07218874
Market,10,0.04038942
Market,10,0.04012618
Market,10,0.04644588
Market,10,0.06112033
Market,10,0.05794266
Market,10,0.05081569
Market,10,0.02495752
Market,10,0.06469243
Market,10,0.09523228
Market,10,0.05182937
Market,10,0.08672710
Market,10,0.06357482
Market,10,0.05792270
Market,10,0.02965087
Market,10,0.03422207
Market,10,0.05896170
Market,10,-0.04510043
Market,10,0.03783675
Market,10,-0.00810535
Market,10,-0.02272358
Market,10,0.06045748
Market,10,0.04046751
Market,10,0.05822425
Market,10,0.06509980
Market,10,0.10049054
Market,10,-0.00765940
Market,10,-0.02197522
Market,10,0.04247265
Market,10,-0.03304439
Market,10,0.02585779
Market,10,0.05528240
Market,10,-0.01693121
Market,10,0.00716752
Market,10,0.01326593
Market,10,0.02002311
Market,10,0.04556440
Market,10,0.07833252
Market,10,-0.01885026
Market,10,0.01197514
Market,10,0.05658621
Market,10,-0.05656621
Market,10,0.13472845
Market,10,0.01553697
Market,10,0.00771628
Market,10,0.03991281
Market,10,0.01045799
Market,10,-0.01628115
Market,10,0.01014759
Market,10,0.00881965
Market,10,0.04928334
Market,10,0.02930435
Market,10,-0.07881961
Market,10,-0.02496471
Market,10,-0.08079396
Market,10,0.15858434
Market,10,-0.00977815
Market,10,0.02071483
Market,10,0.00745499
Market,10,-0.00706928
Market,10,-0.04714139
Market,10,0.03369079
Market,10,0.02966217
Market,10,0.05532512
Market,10,0.00116206
Market,10,0.04264807
Market,10,-0.01306780
Market,10,-0.00657624
Market,10,0.03462990
Market,10,0.04242526
Market,10,-0.05430772
Market,10,-0.02177765
Market,10,0.01736624
Market,10,-0.02371751
Market,10,0.05653492
Market,10,0.01971157
Market,10,0.02777326
Market,10,0.02408389
Market,10,-0.01432539
Market,10,-0.00010115
Market,10,0.02612327
Market,10,-0.02117483
Market,10,-0.02886798
Market,10,-0.03867699
Market,10,0.01906061
Market,10,0.01708303
Market,10,0.05181457
Market,10,0.01568996
Market,10,0.03862371
Market,10,-0.04905918
Market,10,-0.01293603
Market,10,0.07342144
Market,10,-0.04165130
Market,10,-0.00325728
Market,10,0.01049337
Market,10,-0.04520831
Market,10,-0.04642204
Market,10,0.05929591
Market,10,-0.00382390
Market,10,0.01331206
Market,10,-0.01180295
Market,10,0.04023864
Market,10,0.02853886
Market,10,0.01531397
Market,10,0.04903469
Market,10,-0.02520802
Market,10,-0.01602630
Market,10,-0.02659862
Market,10,0.02104395
Market,10,0.02050167
Market,10,0.00746842
Market,10,-0.02494450
Market,10,-0.05504191
Market,10,0.01250355
Market,10,0.01287416
Market,10,0.00949665
Market,10,-0.05320056
Market,10,-0.04442067
Market,10,0.00424477
Market,10,-0.00005069
Market,10,-0.06637002
Market,10,-0.04228583
Market,10,-0.05853818
Market,10,-0.01636433
Market,10,-0.00485544
Market,10,0.01464624
Market,10,-0.01854130
Market,10,0.07638568
Market,10,0.00491132
Market,10,-0.06884575
Market,10,-0.00422123
Market,10,0.01472045
Market,10,0.02637274
Market,10,0.01901616
Market,10,-0.01566629
Market,10,0.06728066
Market,10,0.03452332
Market,10,0.01998415
Market,10,-0.00467189
Market,10,0.10160170
Market,10,-0.01214916
Market,10,-0.00738204
Market,10,-0.00258210
Market,10,0.00635784
Market,10,-0.01564311
Market,10,0.06893374
Market,10,-0.00869813
Market,10,0.02883313
Market,10,-0.05858513
Market,10,0.03477851
Market,10,0.08981608
Market,10,0.01936900
Market,10,0.02312474
Market,10,0.02095757
Market,10,0.03004803
Market,10,0.04044870
Market,10,0.05844079
Market,10,0.09555625
Market,10,0.00213299
Market,10,-0.01399111
Market,10,-0.00236835
Market,10,0.04657892
Market,10,-0.00259375
Market,10,0.00957227
Market,10,0.01594498
Market,10,0.00803775
Market,10,-0.00412507
Market,10,-0.00856848
Market,10,0.02625568
Market,10,0.08204932
Market,10,-0.01567206
Market,10,0.00064476
Market,10,0.01359908
Market,10,-0.01077796
Market,10,0.02310183
Market,10,0.00635626
Market,10,0.03790245
Market,10,0.10401623
Market,10,-0.00359878
Market,10,0.00003099
Market,10,-0.05177078
Market,10,-0.02872251
Market,10,0.00543598
Market,10,0.06024545
Market,10,-0.05481779
Market,10,0.06263028
Market,10,-0.05995241
Market,10,-0.03166761
Market,11,-0.10888232
Market,11,-0.04706014
Market,11,-0.09017231
Market,11,-0.05376625
Market,11,-0.04854008
Market,11,-0.04568095
Market,11,-0.03167243
Market,11,-0.01549921
Market,11,-0.05062693
Market,11,-0.05431787
Market,11,-0.11132271
Market,11,0.00000289
Market,11,-0.11173041
Market,11,-0.03774067
Market,11,-0.05851772
Market,11,-0.08307664
Market,11,-0.00067036
Market,11,-0.06069029
Market,11,-0.06434009
Market,11,-0.00629953
Market,11,-0.01784145
Market,11,-0.03226244
Market,11,-0.04420411
Market,11,-0.06614908
Market,11,-0.02312206
Market,11,-0.05002612
Market,11,-0.03564007
Market,11,-0.02910637
Market,11,-0.00693613
Market,11,-0.03984040
Market,11,-0.04578822
Market,11,-0.07753236
Market,11,0.12061585
Market,11,-0.01030713
Market,11,-0.04107354
Market,11,-0.02683583
Market,11,-0.02239459
Market,11,-0.00747285
Market,11,-0.01772323
Market,11,-0.06351569
Market,11,-0.05145060
Market,11,-0.01195289
Market,11,-0.06412491
Market,11,-0.05286759
Market,11,-0.04203865
Market,11,-0.04613683
Market,11,-0.05435832
Market,11,-0.08548210
Market,11,-0.03338401
Market,11,-0.04201089
Market,11,-0.05003812
Market,11,-0.11658299
Market,11,-0.08245701
Market,11,-0.05914061
Market,11,-0.02436539
Market,11,-0.10065191
Market,11,-0.07277650
Market,11,-0.04473261
Market,11,-0.06678814
Market,11,-0.03377084
Market,11,-0.04949036
Market,11,-0.04236710
Market,11,-0.07600936
Market,11,-0.02712208
Market,11,-0.03171131
Market,11,-0.04737040
Market,11,-0.04430196
Market,11,-0.05684176
Market,11,-0.04591977
Market,11,-0.04350417
Market,11,-0.04648517
Market,11,-0.06224261
Market,11,-0.02772823
Market,11,-0.06318485
Market,11,0.02643695
Market,11,0.00204095
Market,11,-0.05253945
Market,11,-0.03270103
Market,11,-0.05433415
Market,11,-0.07646456
Market,11,-0.04809920
Market,11,-0.05187443
Market,11,-0.06545378
Market,11,-0.01221447
Market,11,-0.03662959
Market,11,-0.06311520
Market,11,-0.03129723
Market,11,-0.02011511
Market,11,-0.02571271
Market,11,-0.04587486
Market,11,-0.03040399
Market,11,0.00911971
Market,11,-0.04561503
Market,11,-0.07818737
Market,11,-0.09663488
Market,11,-0.03992060
Market,11,-0.08149013
Market,11,-0.03753457
Market,11,-0.09423950
Market,11,-0.00822822
Market,11,-0.06664001
Market,11,-0.03188330
Market,11,0.00638880
Market,11,-0.00503376
Market,11,0.00646314
Market,11,-0.01463706
Market,11,-0.10228256
Market,11,-0.02501893
Market,11,-0.05930332
Market,11,-0.11539821
Market,11,-0.04481910
Market,11,-0.04053310
Market,11,-0.00151722
Market,11,-0.03614164
Market,11,-0.01031143
Market,11,-0.02715218
Market,11,-0.01774508
Market,11,-0.12054791
Market,11,0.00996545
Market,11,-0.02410831
Market,11,-0.02966313
Market,11,-0.01591250
Market,11,-0.03934323
Market,11,-0.08724809
Market,11,-0.01534272
Market,11,-0.02137509
Market,11,0.00306130
Market,11,-0.01958365
Market,11,-0.01884797
Market,11,-0.02796018
Market,11,-0.08442703
Market,11,-0.03238401
Market,11,-0.00177608
Market,11,-0.04442584
Market,11,0.00976757
Market,11,0.02694499
Market,11,-0.07035854
Market,11,0.00098448
Market,11,-0.03854372
Market,11,0.00612809
Market,11,-0.02907220
Market,11,-0.02551528
Market,11,-0.07374369
Market,11,-0.05660361
Market,11,-0.01203159
Market,11,0.01754693
Market,11,-0.02999601
Market,11,-0.02129415
Market,11,-0.02922124
Market,11,-0.03622930
Market,11,-0.01899956
Market,11,-0.06122956
Market,11,-0.05280140
Market,11,-0.04723796
Market,11,-0.15337275
Market,11,-0.05407623
Market,11,-0.05102685
Market,11,-0.08391941
Market,11,-0.06026734
Market,11,-0.00317575
Market,11,-0.04374789
Market,11,0.03905750
Market,11,-0.10568569
Market,11,-0.02122367
Market,11,-0.05561122
Market,11,-0.01489445
Market,11,-0.07086599
Market,11,-0.05442705
Market,11,-0.01109263
Market,11,-0.07262388
Market,11,-0.06062560
Market,11,-0.04991663
Market,11,-0.09147097
Market,11,-0.08348003
Market,11,-0.05380954
Market,11,-0.05196890
Market,11,-0.07666480
Market,11,-0.09316460
Market,11,-0.04715578
Market,11,-0.06435463
Market,11,-0.06225065
Market,11,-0.10612950
Market,11,-0.04176626
Market,11,-0.01813900
Market,11,-0.07087992
Market,11,-0.03661178
Market,11,-0.04608680
Market,11,-0.08849629
Market,11,-0.06676486
Market,11,-0.06673368
Market,11,-0.06484906
Market,11,-0.04448780
Market,11,-0.02127088
Market,11,-0.01712909
Market,11,-0.04404324
Market,11,-0.07953163
Market,11,-0.02614473
Market,11,-0.04336400
Market,11,-0.09520229
Market,11,-0.07731741
Market,11,0.02006480
Market,11,-0.05362415
Market,11,-0.00621210
Market,11,-0.06094315
Market,11,-0.08005108
Market,11,-0.08665632
Market,11,-0.00590809
Market,11,-0.07053039
Market,11,-0.02380150
Market,11,-0.02059561
Market,11,-0.06771758
Market,11,-0.03142468
Market,11,-0.06176290
Market,11,-0.04423588
Market,11,-0.01814283
Market,11,-0.04301983
Market,11,-0.04742898
Market,11,-0.02763228
Market,11,-0.03925249
Market,11,-0.06106947
Market,11,-0.04514393
Market,11,-0.00165900
Market,11,-0.05465559
Market,11,-0.00727348
Market,11,-0.00672639
Market,11,-0.08992574
Market,11,-0.03607208
Market,11,-0.08094891
Market,11,-0.07331845
Market,11,-0.05335487
Market,11,-0.08567691
Market,11,-0.03939035
Market,11,0.01279308
Market,11,-0.12127499
Market,11,-0.04736972
Market,11,-0.06308110
Market,11,-0.04748065
Market,11,0.00167197
Market,11,0.02862371
Market,11,-0.07670885
Market,11,-0.00518059
Market,11,-0.06453071
Market,11,-0.03893234
Market,11,-0.03876297
Market,11,-0.04775264
Market,11,-0.00905075
Market,11,-0.01146046
Market,11,-0.06711937
Market,11,-0.04311770
Market,11,-0.04582876
Market,11,-0.00782823
Market,11,-0.02814337
Market,11,0.00995859
Market,11,-0.05517765
Market,11,-0.05237822
Market,11,-0.03337707
Market,11,-0.00448991
Market,11,-0.01319363
Market,11,-0.02841772
Market,11,-0.04496569
Market,11,-0.05267062
Market,11,-0.06941485
Market,11,-0.07426539
Market,11,-0.01013765
Market,11,-0.04319771
Market,11,-0.00188935
Market,11,-0.01735818
Market,11,-0.07211411
Market,11,-0.00686803
Market,11,-0.05453375
Market,11,-0.05559607
Market,11,-0.05010476
Market,11,-0.07722727
Market,11,-0.07215655
Market,11,-0.05189465
Market,11,-0.06566792
Market,11,-0.02317350
Market,11,-0.03892728
Market,11,-0.08533607
Market,11,-0.09658807
Market,11,-0.02956866
Market,11,-0.04184254
Market,11,-0.07124503
Market,11,-0.10011066
Market,11,-0.12879196
Market,11,-0.08904183
Market,11,-0.00369603
Market,11,-0.02664156
Market,11,-0.10394000
Market,11,-0.04197629
Market,11,-0.08216623
Market,11,-0.07031989
Market,11,-0.03723895
Market,11,-0.09384505
Market,11,-0.07449811
Market,11,-0.07589144
Market,11,-0.05915201
Market,11,-0.02912734
Market,11,-0.02722693
Market,11,-0.07055406
Market,11,-0.01998094
Market,11,-0.07519188
Market,11,-0.08698956
Market,11,-0.02978864
Market,12,-0.01665233
Market,12,-0.02665123
Market,12,0.11171195
Market,12,-0.06660343
Market,12,0.03992653
Market,12,-0.05296676
Market,12,0.00899952
Market,12,-0.03121800
Market,12,-0.01726607
Market,12,0.03868061
Market,12,-0.04713102
Market,12,0.00193378
Market,12,-0.02785887
Market,12,0.05214184
Market,12,-0.02043496
Market,12,0.01076648
Market,12,0.00081660
Market,12,0.10036156
Market,12,-0.04668107
Market,12,0.02468929
Market,12,0.01105235
Market,12,0.00528320
Market,12,-0.01685597
Market,12,-0.07924133
Market,12,-0.11782477
Market,12,-0.02592876
Market,12,-0.07102597
Market,12,0.00321351
Market,12,0.01209125
Market,12,0.08375126
Market,12,-0.00387503
Market,12,0.00999863
Market,12,-0.02443120
Market,12,0.03124994
Market,12,-0.05648674
Market,12,-0.05535603
Market,12,-0.02705887
Market,12,0.00934414
Market,12,-0.02503210
Market,12,0.02539046
Market,12,-0.01391848
Market,12,-0.01851647
Market,12,0.01273599
Market,12,-0.04653876
Market,12,0.01872685
Market,12,-0.03051610
Market,12,0.01751039
Market,12,-0.01304059
Market,12,-0.02613438
Market,12,-0.02698860
Market,12,0.02043488
Market,12,-0.05533507
Market,12,-0.02083365
Market,12,-0.04514005
Market,12,-0.04809722
Market,12,-0.06911494
Market,12,-0.03912881
Market,12,-0.05585159
Market,12,-0.07133164
Market,12,-0.01531631
Market,12,-0.03422922
Market,12,-0.01517087
Market,12,0.02699187
Market,12,-0.06454544
Market,12,-0.06825115
Market,12,-0.02897933
Market,12,-0.02503551
Market,12,-0.04236223
Market,12,-0.05230083
Market,12,-0.00455693
Market,12,0.01162556
Market,12,-0.00282564
Market,12,0.02181205
Market,12,-0.03206330
Market,12,-0.02948093
Market,12,0.02802770
Market,12,0.00024916
Market,12,-0.01055913
Market,12,-0.07288312
Market,12,-0.02953757
Market,12,-0.00404937
Market,12,-0.02613469
Market,12,-0.04015697
Market,12,-0.05450981
Market,12,0.04555199
Market,12,-0.03483731
Market,12,-0.02369246
Market,12,0.01805325
Market,12,-0.01362813
Market,12,0.00938293
Market,12,-0.03556382
Market,12,0.00874305
Market,12,-0.04480561
Market,12,-0.02808105
Market,12,-0.05476377
Market,12,-0.01744975
Market,12,-0.00940609
Market,12,-0.01947084
Market,12,0.02454226
Market,12,-0.03635838
Market,12,-0.00424594
Market,12,-0.02414542
Market,12,0.02546747
Market,12,0.06847165
Market,12,0.01870047
Market,12,0.08535653
Market,12,0.07720894
Market,12,0.07512958
Market,12,0.00153460
Market,12,0.04729459
Market,12,0.05712950
Market,12,-0.02776940
Market,12,0.03953888
Market,12,-0.06537882
Market,12,0.01014751
Market,12,-0.02052874
Market,12,0.01922069
Market,12,0.04874358
Market,12,0.00812515
Market,12,0.09482050
Market,12,0.04522926
Market,12,-0.00854764
Market,12,-0.02471167
Market,12,0.00258297
Market,12,0.03542504
Market,12,0.05449248
Market,12,-0.02012548
Market,12,0.06248358
Market,12,0.07188373
Market,12,-0.03342273
Market,12,0.03359510
Market,12,-0.01364023
Market,12,0.03174129
Market,12,0.03625337
Market,12,0.04839362
Market,12,0.02650346
Market,12,0.01665220
Market,12,-0.05040769
Market,12,0.02733854
Market,12,-0.04084300
Market,12,-0.05547579
Market,12,-0.04075197
Market,12,0.04055244
Market,12,-0.00043339
Market,12,0.01425195
Market,12,-0.01348265
Market,12,0.05389662
Market,12,-0.00299698
Market,12,0.03690328
Market,12,0.01496239
Market,12,0.02040570
Market,12,-0.03158835
Market,12,-0.04776742
Market,12,-0.00937465
Market,12,0.02099071
Market,12,0.00800553
Market,12,-0.03642234
Market,12,0.04605149
Market,12,0.01332654
Market,12,0.00221878
Market,12,0.01185867
Market,12,0.04859115
Market,12,-0.03163303
Market,12,0.01098412
Market,12,0.01628613
Market,12,-0.03567601
Market,12,-0.04087804
Market,12,0.02425227
Market,12,0.02860302
Market,12,0.00575487
Market,12,-0.03423807
Market,12,0.09645445
Market,12,0.00947753
Market,12,-0.01045124
Market,12,-0.02055727
Market,12,-0.10300148
Market,12,-0.01304347
Market,12,-0.01192832
Market,12,0.03139549
Market,12,-0.02326786
Market,12,-0.00181223
Market,12,0.01714730
Market,12,0.03853803
Market,12,-0.00605439
Market,12,-0.00555006
Market,12,0.03556336
Market,12,-0.04890728
Market,12,-0.04318091
Market,12,-0.03441175
Market,12,0.01860965
Market,12,-0.01341282
Market,12,-0.00131973
Market,12,0.00419303
Market,12,-0.04871033
Market,12,-0.03670090
Market,12,0.03179583
Market,12,0.00252067
Market,12,-0.04277372
Market,12,-0.04155512
Market,12,-0.06292018
Market,12,0.00164796
Market,12,0.00574567
Market,12,-0.00466638
Market,12,-0.01994063
Market,12,-0.03910752
Market,12,-0.06822049
Market,12,-0.02196690
Market,12,0.04263907
Market,12,-0.02286324
Market,12,-0.02100417
Market,12,0.00042252
Market,12,-0.03614431
Market,12,-0.04210805
Market,12,-0.05717521
Market,12,0.00104322
Market,12,-0.02558889
Market,12,0.00547860
Market,12,-0.00675064
Market,12,-0.01867920
Market,12,0.01798075
Market,12,-0.00709725
Market,12,0.01741203
Market,12,-0.03829256
Market,12,0.01028124
Market,12,-0.02881474
Market,12,-0.00856877
Market,12,-0.07118430
Market,12,-0.03811802
Market,12,-0.00630140
Market,12,-0.03297322
Market,12,-0.03285042
Market,12,0.08669640
Market,12,0.18584135
Market,12,-0.03089706
Market,12,-0.04029549
Market,12,-0.06899672
Market,12,-0.04754252
Market,12,-0.03749099
Market,12,0.01677329
Market,12,-0.03314944
Market,12,-0.05871598
Market,12,-0.02193602
Market,12,0.01905137
Market,12,0.03769595
Market,12,-0.07566362
Market,12,-0.00380938
Market,12,0.02381594
Market,12,-0.00694841
Market,12,-0.02390050
Market,12,0.00693104
Market,12,-0.01430448
Market,12,-0.03590487
Market,12,-0.00594610
Market,12,0.00100308
Market,12,0.01815012
Market,12,-0.01278724
Market,12,0.01165272
Market,12,-0.01421721
Market,12,-0.03876585
Market,12,0.02974127
Market,12,0.03833384
Market,12,0.02086181
Market,12,-0.03296904
Market,12,0.01476335
Market,12,-0.00191235
Market,12,-0.03983972
Market,12,0.02438058
Market,12,-0.02221049
Market,12,-0.03326448
Market,12,-0.04178173
Market,12,0.01944558
Market,12,-0.05069129
Market,12,0.00951813
Market,12,-0.02174012
Market,12,-0.04421175
Market,12,-0.03966888
Market,12,-0.02801478
Market,12,-0.05302551
Market,12,-0.02848218
Market,12,-0.02803033
Market,12,-0.07712092
Market,12,-0.02855320
Market,12,-0.03826781
Market,12,0.03674964
Market,12,0.03966366
Market,12,-0.02720648
Market,12,0.01280244
Market,12,-0.03430259
Market,12,-0.05472254
Market,12,-0.01620888
Market,12,-0.04276418
Market,12,-0.01631268
Market,12,0.01075937
Market,12,-0.10494700
Market,12,-0.01128525
Market,12,0.02496687
Market,12,-0.01870197
Market,12,-0.04196364
Market,12,-0.06151866
Market,12,-0.04724314
Market,12,-0.04974911
Market,12,-0.01426071
Market,12,0.03629051
Market,12,-0.04015286
Market,12,-0.01164878
Market,12,-0.05416190
Market,12,-0.02452303
Market,12,-0.02191127
FF5,1,-0.08928144
FF5,1,-0.02138556
FF5,1,-0.09953772
FF5,1,-0.04328087
FF5,1,-0.06428604
FF5,1,-0.03165188
FF5,1,0.05865937
FF5,1,0.00105348
FF5,1,0.01291750
FF5,1,-0.01813873
FF5,1,0.00290964
FF5,1,-0.05312913
FF5,1,0.02512225
FF5,1,0.03504254
FF5,1,-0.04278290
FF5,1,-0.09011583
FF5,1,-0.02809968
FF5,1,-0.09468900
FF5,1,-0.04708512
FF5,1,-0.02412453
FF5,1,0.01182389
FF5,1,-0.05392649
FF5,1,-0.08981710
FF5,1,-0.00905190
FF5,1,-0.04721467
FF5,1,-0.03114869
FF5,1,-0.03992858
FF5,1,-0.01861273
FF5,1,0.01295898
FF5,1,-0.07343658
FF5,1,-0.02192391
FF5,1,0.08351492
FF5,1,-0.01714294
FF5,1,0.00071804
FF5,1,-0.00832536
FF5,1,-0.06583726
FF5,1,-0.02992041
FF5,1,-0.01245555
FF5,1,-0.02156618
FF5,1,0.00674638
FF5,1,-0.02930184
FF5,1,0.00232500
FF5,1,-0.00287714
FF5,1,0.01357806
FF5,1,-0.00435808
FF5,1,0.05015846
FF5,1,0.00325199
FF5,1,0.02778965
FF5,1,-0.00398444
FF5,1,0.09778430
FF5,1,-0.02037425
FF5,1,-0.02780984
FF5,1,-0.01894102
FF5,1,-0.01381233
FF5,1,-0.01995801
FF5,1,-0.01455175
FF5,1,-0.00924346
FF5,1,0.03677025
FF5,1,-0.01494822
FF5,1,-0.04031780
FF5,1,-0.01926625
FF5,1,0.02190372
FF5,1,0.05745329
FF5,1,0.03745391
FF5,1,-0.02757449
FF5,1,-0.01947490
FF5,1,-0.02159151
FF5,1,-0.00671784
FF5,1,-0.02775323
FF5,1,0.08002033
FF5,1,-0.04730763
FF5,1,-0.05150290
FF5,1,0.02314795
FF5,1,-0.06653606
FF5,1,-0.12238167
FF5,1,-0.06090700
FF5,1,0.04573572
FF5,1,-0.03550014
FF5,1,-0.04194028
FF5,1,-0.02095499
FF5,1,-0.00359675
FF5,1,-0.05512957
FF5,1,-0.03178620
FF5,1,-0.03909874
FF5,1,-0.00782448
FF5,1,-0.04936158
FF5,1,-0.04910734
FF5,1,-0.05571682
FF5,1,-0.05947071
FF5,1,0.03085936
FF5,1,-0.01120005
FF5,1,-0.01857709
FF5,1,-0.03251151
FF5,1,-0.01470423
FF5,1,-0.01826311
FF5,1,-0.04177203
FF5,1,-0.02555532
FF5,1,0.06463681
FF5,1,-0.02835151
FF5,1,-0.00435177
FF5,1,-0.06115564
FF5,1,0.00549036
FF5,1,-0.01579601
FF5,1,-0.01666134
FF5,1,-0.01505044
FF5,1,-0.04501521
FF5,1,-0.03208789
FF5,1,0.01740404
FF5,1,0.00682124
FF5,1,-0.00100418
FF5,1,0.01179783
FF5,1,-0.03478002
FF5,1,0.02049087
FF5,1,0.01155735
FF5,1,0.01958187
FF5,1,-0.06576084
FF5,1,0.03771238
FF5,1,0.00419310
FF5,1,0.01748279
FF5,1,-0.03152644
FF5,1,0.00576765
FF5,1,-0.07150777
FF5,1,-0.09015194
FF5,1,-0.01921130
FF5,1,-0.00246319
FF5,1,-0.08611317
FF5,1,-0.01486665
FF5,1,-0.01210574
FF5,1,-0.01320192
FF5,1,-0.03798454
FF5,1,-0.07214314
FF5,1,0.03479952
FF5,1,-0.13808164
FF5,1,-0.03375431
FF5,1,-0.03374572
FF5,1,0.06730597
FF5,1,0.02688980
FF5,1,-0.10053085
FF5,1,-0.06292878
FF5,1,-0.06355237
FF5,1,-0.08899734
FF5,1,-0.02696955
FF5,1,-0.06133985
FF5,1,-0.05078181
FF5,1,-0.04110118
FF5,1,-0.01860431
FF5,1,0.00529760
FF5,1,0.03721976
FF5,1,-0.00068456
FF5,1,-0.01657262
FF5,1,0.03305206
FF5,1,0.01642110
FF5,1,-0.08422891
FF5,1,-0.06680131
FF5,1,0.05612940
FF5,1,0.05244108
FF5,1,-0.00851365
FF5,1,-0.02968519
FF5,1,-0.01229330
FF5,1,0.03139829
FF5,1,-0.07605331
FF5,1,-0.02370967
FF5,1,-0.03168132
FF5,1,-0.04554351
FF5,1,0.06388279
FF5,1,-0.04081456
FF5,1,-0.08446191
FF5,1,0.04651590
FF5,1,-0.01263618
FF5,1,-0.05485762
FF5,1,0.04554401
FF5,1,0.00888718
FF5,1,-0.06187524
FF5,1,-0.02162145
FF5,1,0.00687531
FF5,1,-0.06197633
FF5,1,-0.04257586
FF5,1,-0.00465625
FF5,1,-0.03482232
FF5,1,-0.00775681
FF5,1,-0.08099725
FF5,1,0.00114975
FF5,1,0.04017988
FF5,1,0.01552508
FF5,1,-0.00330885
FF5,1,0.00046096
FF5,1,-0.06462102
FF5,1,0.03270488
FF5,1,0.02479149
FF5,1,-0.04198264
FF5,1,-0.06213717
FF5,1,-0.01666022
FF5,1,0.01502370
FF5,1,-0.04125442
FF5,1,-0.03009825
FF5,1,-0.06158056
FF5,1,0.06171089
FF5,1,-0.08148845
FF5,1,-0.07952191
FF5,1,-0.00080318
FF5,1,0.01477739
FF5,1,-0.03802791
FF5,1,0.07326544
FF5,1,-0.01296109
FF5,1,-0.07228943
FF5,1,-0.01237431
FF5,1,-0.06400703
FF5,1,-0.01602067
FF5,1,0.01765070
FF5,1,-0.03163956
FF5,1,0.01712157
FF5,1,-0.07824475
FF5,1,-0.07389682
FF5,1,-0.03130342
FF5,1,0.00536166
FF5,1,-0.02878284
FF5,1,-0.07900155
FF5,1,-0.05318447
FF5,1,0.01518267
FF5,1,0.07397046
FF5,1,-0.03681955
FF5,1,-0.01215396
FF5,1,-0.08462943
FF5,1,0.07452353
FF5,1,-0.00069365
FF5,1,0.06050725
FF5,1,-0.01660449
FF5,1,0.00908534
FF5,1,0.05607089
FF5,1,-0.00010551
FF5,1,0.02080472
FF5,1,-0.03367751
FF5,1,-0.04837021
FF5,1,-0.10108201
FF5,1,-0.08936753
FF5,1,-0.05096925
FF5,1,0.03026500
FF5,1,-0.05251994
FF5,1,-0.01009470
FF5,1,-0.04753093
FF5,1,-0.02771718
FF5,1,-0.02670896
FF5,1,-0.08033723
FF5,1,-0.01201016
FF5,2,0.03641380
FF5,2,-0.02909570
FF5,2,0.04142153
FF5,2,0.04081504
FF5,2,-0.00323126
FF5,2,0.04623641
FF5,2,-0.02400784
FF5,2,-0.08173961
FF5,2,-0.03595242
FF5,2,-0.04123739
FF5,2,-0.01355520
FF5,2,0.02560030
FF5,2,-0.08317841
FF5,2,0.06495590
FF5,2,0.04032129
FF5,2,-0.03916866
FF5,2,-0.01663884
FF5,2,-0.01914351
FF5,2,-0.02817123
FF5,2,-0.01162325
FF5,2,-0.01318768
FF5,2,0.04055245
FF5,2,-0.00063008
FF5,2,-0.02353062
FF5,2,-0.01211963
FF5,2,-0.03287533
FF5,2,0.03935764
FF5,2,-0.02095984
FF5,2,-0.01167962
FF5,2,0.07093001
FF5,2,0.04216115
FF5,2,0.03655730
FF5,2,-0.00979887
FF5,2,0.02581939
FF5,2,0.00964063
FF5,2,0.08222434
FF5,2,-0.05226772
FF5,2,0.00737911
FF5,2,-0.00854614
FF5,2,-0.00854872
FF5,2,-0.03115529
FF5,2,0.03084662
FF5,2,-0.01186025
FF5,2,-0.00181563
FF5,2,-0.04035515
FF5,2,-0.07300704
FF5,2,0.01458375
FF5,2,0.00793075
FF5,2,0.00061178
FF5,2,0.00709933
FF5,2,-0.05026039
FF5,2,-0.00552287
FF5,2,0.05792334
FF5,2,0.05478898
FF5,2,-0.06284617
FF5,2,0.00578878
FF5,2,-0.03635182
FF5,2,0.04591348
FF5,2,0.02587237
FF5,2,0.01786620
FF5,2,-0.01558010
FF5,2,0.03032018
FF5,2,0.00637819
FF5,2,0.01231950
FF5,2,0.00973604
FF5,2,-0.00958501
FF5,2,0.01916941
FF5,2,-0.01236815
FF5,2,-0.02219326
FF5,2,-0.05325136
FF5,2,-0.01142414
FF5,2,-0.02807580
FF5,2,-0.07685686
FF5,2,-0.05485939
FF5,2,0.00610896
FF5,2,0.03559910
FF5,2,0.02150976
FF5,2,0.00189840
FF5,2,0.01993475
FF5,2,-0.06764967
FF5,2,-0.00032720
FF5,2,-0.08567136
FF5,2,0.01305872
FF5,2,-0.06253674
FF5,2,0.03563879
FF5,2,-0.03732543
FF5,2,-0.03153080
FF5,2,-0.04863586
FF5,2,-0.07462494
FF5,2,-0.03371606
FF5,2,-0.05617580
FF5,2,-0.03961138
FF5,2,-0.08477938
FF5,2,-0.08726184
FF5,2,-0.12593211
FF5,2,-0.05440997
FF5,2,0.00809749
FF5,2,-0.00810745
FF5,2,-0.08649997
FF5,2,0.02956284
FF5,2,-0.09733406
FF5,2,-0.02293185
FF5,2,-0.01193553
FF5,2,-0.03227482
FF5,2,-0.01897839
FF5,2,-0.02600120
FF5,2,-0.09469864
FF5,2,-0.10363485
FF5,2,-0.10305489
FF5,2,0.01540337
FF5,2,-0.03404554
FF5,2,-0.03507903
FF5,2,-0.03480916
FF5,2,0.01617653
FF5,2,0.01427130
FF5,2,-0.00814181
FF5,2,-0.03642558
FF5,2,-0.06280185
FF5,2,-0.07512925
FF5,2,-0.00294827
FF5,2,-0.03866251
FF5,2,-0.07812200
FF5,2,-0.01622761
FF5,2,0.03211390
FF5,2,-0.05295973
FF5,2,0.02422355
FF5,2,0.01764752
FF5,2,-0.03420621
FF5,2,-0.02674070
FF5,2,-0.03931800
FF5,2,-0.00143442
FF5,2,0.04866109
FF5,2,-0.08885435
FF5,2,0.00355403
FF5,2,-0.07036480
FF5,2,0.05288277
FF5,2,0.00771601
FF5,2,-0.05167390
FF5,2,-0.01999915
FF5,2,0.00245910
FF5,2,0.02245720
FF5,2,-0.03134055
FF5,2,-0.00249443
FF5,2,-0.00819379
FF5,2,-0.02003029
FF5,2,-0.05365129
FF5,2,0.01657748
FF5,2,0.01161464
FF5,2,0.04318757
FF5,2,0.00705075
FF5,2,0.02159848
FF5,2,-0.04387603
FF5,2,-0.06496968
FF5,2,-0.00891801
FF5,2,0.01250036
FF5,2,-0.02367614
FF5,2,-0.01782801
FF5,2,-0.03957034
FF5,2,-0.07912519
FF5,2,-0.10613978
FF5,2,-0.06295789
FF5,2,-0.07942347
FF5,2,-0.01949131
FF5,2,0.00668140
FF5,2,-0.06851982
FF5,2,-0.10496070
FF5,2,-0.04688611
FF5,2,0.07724543
FF5,2,-0.06333035
FF5,2,-0.05297070
FF5,2,-0.04333552
FF5,2,0.00361895
FF5,2,-0.02793451
FF5,2,-0.11275958
FF5,2,-0.05656198
FF5,2,-0.10242361
FF5,2,-0.10990896
FF5,2,-0.04112311
FF5,2,-0.13856558
FF5,2,-0.09467456
FF5,2,-0.04326470
FF5,2,-0.06638740
FF5,2,-0.01870479
FF5,2,-0.01473165
FF5,2,-0.07693326
FF5,2,-0.01595364
FF5,2,0.15307812
FF5,2,-0.01869209
FF5,2,-0.00028172
FF5,2,-0.00710957
FF5,2,0.00688999
FF5,2,0.01808782
FF5,2,-0.03519350
FF5,2,0.00022122
FF5,2,-0.01174666
FF5,2,-0.00642717
FF5,2,0.02644159
FF5,2,-0.05779194
FF5,2,-0.01880521
FF5,2,0.00093499
FF5,2,-0.02626656
FF5,2,-0.03559749
FF5,2,-0.07926097
FF5,2,-0.03425013
FF5,2,0.03764981
FF5,2,-0.01917553
FF5,2,-0.00993889
FF5,2,-0.03635723
FF5,2,-0.02482058
FF5,2,-0.01096926
FF5,2,-0.01902748
FF5,2,0.01272907
FF5,2,-0.03872757
FF5,2,0.01601810
FF5,2,-0.03168859
FF5,2,-0.02901088
FF5,2,-0.00136721
FF5,2,0.00911267
FF5,2,-0.04482372
FF5,2,-0.04870163
FF5,2,-0.08767934
FF5,2,-0.09884952
FF5,2,-0.02048301
FF5,2,-0.09095389
FF5,2,0.04391751
FF5,2,-0.07342934
FF5,2,-0.01375939
FF5,2,0.04709980
FF5,2,-0.00857152
FF5,2,-0.08151386
FF5,2,-0.04910514
FF5,2,-0.05768544
FF5,2,-0.04441210
FF5,2,-0.03085420
FF5,2,-0.07575396
FF5,2,-0.02871907
FF5,2,0.00173211
FF5,2,-0.08617523
FF5,2,-0.13299630
FF5,2,-0.02256390
FF5,2,-0.01536097
FF5,2,-0.01724329
FF5,2,-0.05397098
FF5,2,-0.03263952
FF5,2,-0.03390439
FF5,3,-0.03607821
FF5,3,0.02038814
FF5,3,-0.00507929
FF5,3,0.05511987
FF5,3,0.04961057
FF5,3,-0.03106371
FF5,3,-0.01497916
FF5,3,0.02530040
FF5,3,0.02274622
FF5,3,0.03405779
FF5,3,-0.01893295
FF5,3,-0.01284148
FF5,3,0.04274497
FF5,3,-0.02661105
FF5,3,-0.02282193
FF5,3,-0.01131540
FF5,3,0.01192040
FF5,3,-0.02360046
FF5,3,0.01139299
FF5,3,-0.00554274
FF5,3,-0.00590589
FF5,3,0.05069598
FF5,3,-0.00724549
FF5,3,-0.04359715
FF5,3,0.00080606
FF5,3,0.01888846
FF5,3,0.01822983
FF5,3,0.02959722
FF5,3,-0.02231277
FF5,3,0.00912808
FF5,3,-0.00942528
FF5,3,0.07795097
FF5,3,0.02948782
FF5,3,0.03070591
FF5,3,-0.03308226
FF5,3,-0.02336467
FF5,3,0.02787286
FF5,3,0.00383798
FF5,3,0.04737078
FF5,3,0.03299573
FF5,3,0.06737325
FF5,3,0.01998082
FF5,3,-0.00552330
FF5,3,-0.02821719
FF5,3,0.01683164
FF5,3,0.06099022
FF5,3,0.02644752
FF5,3,-0.02339637
FF5,3,-0.02387370
FF5,3,0.01024551
FF5,3,0.02013936
FF5,3,0.03313088
FF5,3,0.06377921
FF5,3,-0.00570917
FF5,3,-0.01031187
FF5,3,0.01772101
FF5,3,0.00464935
FF5,3,0.02441126
FF5,3,0.01517510
FF5,3,0.05777000
FF5,3,-0.00098365
FF5,3,0.06203973
FF5,3,0.02643097
FF5,3,-0.03054085
FF5,3,0.02117405
FF5,3,0.00051953
FF5,3,0.02331749
FF5,3,0.04431454
FF5,3,0.07316543
FF5,3,-0.01793769
FF5,3,0.09560938
FF5,3,0.01133398
FF5,3,0.02221450
FF5,3,0.05590783
FF5,3,-0.01260152
FF5,3,0.00763399
FF5,3,-0.02224188
FF5,3,-0.00056382
FF5,3,0.01224266
FF5,3,0.02020908
FF5,3,0.04444933
FF5,3,-0.00348231
FF5,3,0.05114988
FF5,3,-0.00117986
FF5,3,-0.01597419
FF5,3,-0.01518291
FF5,3,-0.04791463
FF5,3,-0.03284029
FF5,3,-0.08027279
FF5,3,-0.01439601
FF5,3,-0.01085344
FF5,3,-0.03137023
FF5,3,-0.02053345
FF5,3,0.04729589
FF5,3,-0.02303150
FF5,3,-0.04177859
FF5,3,-0.01053099
FF5,3,-0.01012220
FF5,3,-0.02715898
FF5,3,-0.04527906
FF5,3,-0.02774406
FF5,3,-0.01937019
FF5,3,0.00024973
FF5,3,-0.01479961
FF5,3,-0.07772538
FF5,3,-0.01699795
FF5,3,-0.01393924
FF5,3,-0.02263124
FF5,3,-0.04223161
FF5,3,-0.01105546
FF5,3,-0.03761226
FF5,3,0.00475156
FF5,3,-0.01946962
FF5,3,-0.03069250
FF5,3,-0.00724238
FF5,3,0.00126304
FF5,3,-0.03139648
FF5,3,-0.01510312
FF5,3,-0.03515174
FF5,3,-0.03023295
FF5,3,-0.02181055
FF5,3,-0.03602631
FF5,3,0.08811812
FF5,3,0.02823893
FF5,3,-0.01799120
FF5,3,-0.02040830
FF5,3,-0.02280915
FF5,3,-0.02699102
FF5,3,0.03454629
FF5,3,-0.00611262
FF5,3,-0.02061939
FF5,3,-0.01290637
FF5,3,-0.00276248
FF5,3,0.05482410
FF5,3,-0.02964564
FF5,3,0.00576718
FF5,3,-0.01442307
FF5,3,0.01101509
FF5,3,0.00319095
FF5,3,0.03814739
FF5,3,-0.01823295
FF5,3,-0.00451951
FF5,3,-0.01472530
FF5,3,-0.00089797
FF5,3,-0.00271432
FF5,3,0.04047335
FF5,3,-0.01238432
FF5,3,0.03499561
FF5,3,-0.00736661
FF5,3,0.06016238
FF5,3,0.04960971
FF5,3,-0.00154133
FF5,3,0.01290082
FF5,3,0.01855022
FF5,3,0.05582543
FF5,3,0.09569443
FF5,3,-0.01820979
FF5,3,-0.02787261
FF5,3,0.00078125
FF5,3,0.08668527
FF5,3,-0.05464083
FF5,3,-0.04980091
FF5,3,0.01388020
FF5,3,0.03718197
FF5,3,0.00847215
FF5,3,0.04335061
FF5,3,-0.02956288
FF5,3,-0.00979182
FF5,3,0.08586353
FF5,3,-0.01908325
FF5,3,-0.01839779
FF5,3,-0.03700825
FF5,3,-0.00651619
FF5,3,-0.01019135
FF5,3,0.00131975
FF5,3,0.03093298
FF5,3,0.00782038
FF5,3,0.06370460
FF5,3,0.06517474
FF5,3,0.04881371
FF5,3,0.04959736
FF5,3,-0.01985612
FF5,3,0.05231661
FF5,3,0.04176139
FF5,3,0.00488753
FF5,3,0.04857584
FF5,3,-0.01928670
FF5,3,-0.01202224
FF5,3,0.02019941
FF5,3,-0.01499167
FF5,3,-0.05565947
FF5,3,0.01961175
FF5,3,0.02188181
FF5,3,-0.01627857
FF5,3,0.01275739
FF5,3,0.02601647
FF5,3,0.02390471
FF5,3,-0.01139029
FF5,3,-0.01050920
FF5,3,0.01761980
FF5,3,-0.02947278
FF5,3,0.02760121
FF5,3,0.01838665
FF5,3,0.00439241
FF5,3,-0.00427304
FF5,3,-0.00731930
FF5,3,-0.01331892
FF5,3,0.00997680
FF5,3,0.03477396
FF5,3,0.00299942
FF5,3,-0.01136307
FF5,3,-0.01668754
FF5,3,0.00977481
FF5,3,0.02364706
FF5,3,-0.02213667
FF5,3,-0.06686258
FF5,3,0.02364169
FF5,3,0.01759019
FF5,3,-0.02612059
FF5,3,0.01857080
FF5,3,0.00131703
FF5,3,-0.01972289
FF5,3,-0.02642317
FF5,3,0.06046950
FF5,3,0.05729020
FF5,3,-0.00758328
FF5,3,-0.00701698
FF5,3,-0.01248660
FF5,3,0.04302383
FF5,3,0.05437392
FF5,3,-0.03027923
FF5,3,-0.01520744
FF5,3,0.02462866
FF5,3,-0.01357672
FF5,3,-0.00403433
FF5,3,-0.04668874
FF5,3,0.01214239
FF5,3,-0.04654314
FF5,3,-0.00265538
FF5,3,-0.02629855
FF5,3,-0.00527970
FF5,3,0.02042380
FF5,3,-0.01705272
FF5,3,0.00602592
FF5,3,-0.01330595
FF5,3,0.01576510
FF5,3,0.02151955
FF5,3,-0.00331318
FF5,3,0.07072497
FF5,3,-0.02868941
FF5,3,0.07368222
FF5,3,-0.00636650
FF5,4,0.04760286
FF5,4,0.08018715
FF5,4,-0.00400675
FF5,4,0.03286794
FF5,4,0.00140295
FF5,4,0.03188676
FF5,4,0.01720204
FF5,4,-0.00657179
FF5,4,-0.02164461
FF5,4,0.05082526
FF5,4,0.01251063
FF5,4,-0.01228591
FF5,4,-0.01122376
FF5,4,0.01885432
FF5,4,0.00624010
FF5,4,0.09297837
FF5,4,-0.01505780
FF5,4,0.01172549
FF5,4,0.00020253
FF5,4,-0.03779386
FF5,4,-0.00939805
FF5,4,-0.01849322
FF5,4,-0.03099902
FF5,4,-0.00444751
FF5,4,-0.04449320
FF5,4,-0.03629878
FF5,4,0.00839169
FF5,4,-0.02587774
FF5,4,-0.00074479
FF5,4,0.10768180
FF5,4,-0.01558504
FF5,4,0.00966348
FF5,4,-0.04771420
FF5,4,-0.02965865
FF5,4,-0.04083893
FF5,4,-0.01676787
FF5,4,-0.02577590
FF5,4,-0.03065298
FF5,4,-0.07461909
FF5,4,-0.03775718
FF5,4,-0.05009751
FF5,4,-0.03408965
FF5,4,-0.01250422
FF5,4,-0.04028085
FF5,4,0.03046831
FF5,4,0.01056472
FF5,4,-0.04270741
FF5,4,-0.06360368
FF5,4,-0.04960678
FF5,4,0.01175754
FF5,4,0.06084799
FF5,4,-0.04311164
FF5,4,-0.06675047
FF5,4,-0.05536019
FF5,4,0.05214594
FF5,4,-0.03218088
FF5,4,-0.02995517
FF5,4,-0.02728817
FF5,4,0.00229655
FF5,4,-0.03784561
FF5,4,-0.01199007
FF5,4,0.00385254
FF5,4,-0.02572324
FF5,4,-0.01762368
FF5,4,-0.00754687
FF5,4,-0.02675540
FF5,4,-0.00249864
FF5,4,0.02205888
FF5,4,0.01000803
FF5,4,-0.01720457
FF5,4,-0.04491418
FF5,4,0.02887088
FF5,4,0.04164037
FF5,4,0.08447544
FF5,4,-0.01624326
FF5,4,0.05586276
FF5,4,-0.03729356
FF5,4,0.07278498
FF5,4,-0.00564565
FF5,4,-0.01670071
FF5,4,0.00911118
FF5,4,0.00132634
FF5,4,0.02944187
FF5,4,-0.03102583
FF5,4,0.01200296
FF5,4,-0.02245820
FF5,4,0.00698549
FF5,4,-0.05689105
FF5,4,0.03404916
FF5,4,0.08290741
FF5,4,0.03552354
FF5,4,0.00216233
FF5,4,0.00684175
FF5,4,0.04806651
FF5,4,0.02241269
FF5,4,-0.03114355
FF5,4,-0.02231895
FF5,4,0.02077364
FF5,4,-0.01645358
FF5,4,0.00791618
FF5,4,-0.00702027
FF5,4,0.01247497
FF5,4,0.03193434
FF5,4,-0.02259684
FF5,4,-0.00672327
FF5,4,-0.00831490
FF5,4,0.04850472
FF5,4,-0.00538032
FF5,4,-0.01555042
FF5,4,0.01547202
FF5,4,0.00772256
FF5,4,-0.01439452
FF5,4,0.00769636
FF5,4,-0.01358610
FF5,4,-0.00885921
FF5,4,-0.01801254
FF5,4,0.02433258
FF5,4,0.01306778
FF5,4,0.00103604
FF5,4,0.00292518
FF5,4,-0.00129292
FF5,4,0.00870458
FF5,4,-0.04069412
FF5,4,0.03872933
FF5,4,0.00089833
FF5,4,-0.02788883
FF5,4,0.00578495
FF5,4,0.05071747
FF5,4,0.03963126
FF5,4,-0.00359591
FF5,4,-0.02692966
FF5,4,0.01631056
FF5,4,-0.02029224
FF5,4,-0.00401613
FF5,4,-0.01396806
FF5,4,0.01569485
FF5,4,-0.00664447
FF5,4,-0.01843661
FF5,4,-0.01128193
FF5,4,0.11767488
FF5,4,0.00909955
FF5,4,0.00105168
FF5,4,-0.02213851
FF5,4,-0.02726087
FF5,4,-0.01644622
FF5,4,0.01717378
FF5,4,-0.00610107
FF5,4,0.01289403
FF5,4,0.00287738
FF5,4,0.02824899
FF5,4,0.10135471
FF5,4,-0.01056995
FF5,4,0.00527004
FF5,4,0.02322393
FF5,4,0.00031821
FF5,4,-0.02219748
FF5,4,-0.01972032
FF5,4,-0.08192264
FF5,4,-0.07323992
FF5,4,-0.02121449
FF5,4,0.02207721
FF5,4,0.06005541
FF5,4,-0.01349529
FF5,4,0.04111642
FF5,4,0.03968299
FF5,4,0.02751445
FF5,4,0.08729328
FF5,4,-0.03246491
FF5,4,0.03075269
FF5,4,-0.00089286
FF5,4,0.04978843
FF5,4,0.05972258
FF5,4,0.03559236
FF5,4,0.02254630
FF5,4,-0.00618001
FF5,4,0.00644134
FF5,4,0.00914413
FF5,4,0.00367785
FF5,4,-0.02327251
FF5,4,-0.01721526
FF5,4,0.02277965
FF5,4,0.04955793
FF5,4,-0.00968689
FF5,4,0.02328269
FF5,4,0.05596243
FF5,4,0.03808872
FF5,4,0.00903663
FF5,4,0.02477989
FF5,4,0.02706841
FF5,4,0.00322571
FF5,4,-0.00066399
FF5,4,0.00787980
FF5,4,0.10687264
FF5,4,-0.04507518
FF5,4,0.00407160
FF5,4,0.00216215
FF5,4,-0.02537393
FF5,4,0.02169903
FF5,4,0.02190397
FF5,4,-0.01197759
FF5,4,0.03415097
FF5,4,-0.00167296
FF5,4,-0.05529712
FF5,4,0.02662111
FF5,4,-0.01025681
FF5,4,-0.04230992
FF5,4,-0.06734057
FF5,4,-0.03115537
FF5,4,-0.00687830
FF5,4,-0.01598160
FF5,4,0.00408489
FF5,4,0.06019862
FF5,4,-0.04750865
FF5,4,0.04884569
FF5,4,-0.01085738
FF5,4,-0.04939528
FF5,4,-0.00011001
FF5,4,-0.01424197
FF5,4,-0.00908291
FF5,4,0.01124765
FF5,4,-0.00768806
FF5,4,-0.01725757
FF5,4,0.07165943
FF5,4,-0.00212869
FF5,4,-0.00005029
FF5,4,0.03193819
FF5,4,0.01253819
FF5,4,0.04243646
FF5,4,0.03850322
FF5,4,0.05396685
FF5,4,-0.00935614
FF5,4,0.03980233
FF5,4,0.06114285
FF5,4,0.10572074
FF5,4,0.00927720
FF5,4,0.00361474
FF5,4,0.07244427
FF5,4,-0.01828681
FF5,4,-0.00175295
FF5,4,0.02431799
FF5,4,-0.00069463
FF5,4,0.03265269
FF5,4,-0.02625341
FF5,4,0.04295284
FF5,4,-0.00565576
FF5,4,-0.04911104
FF5,4,0.00455183
FF5,4,0.10421536
FF5,4,-0.00446625
FF5,4,0.00885001
FF5,4,-0.00613019
FF5,4,0.04383591
FF5,4,-0.04272189
FF5,4,0.00020354
FF5,4,-0.05552132
FF5,4,0.03678688
FF5,5,-0.07081089
FF5,5,0.03546267
FF5,5,0.01268416
FF5,5,-0.04561521
FF5,5,-0.01225148
FF5,5,-0.01554652
FF5,5,-0.01052294
FF5,5,-0.07431724
FF5,5,-0.01033820
FF5,5,-0.03276696
FF5,5,-0.05648740
FF5,5,-0.06834649
FF5,5,-0.03044604
FF5,5,0.02076436
FF5,5,0.01359949
FF5,5,-0.03695509
FF5,5,-0.06698691
FF5,5,-0.00234376
FF5,5,0.01850651
FF5,5,-0.02085210
FF5,5,-0.03298640
FF5,5,-0.02445998
FF5,5,-0.01805258
FF5,5,-0.05304241
FF5,5,-0.04037829
FF5,5,-0.01014059
FF5,5,-0.01678868
FF5,5,0.04693110
FF5,5,-0.02976146
FF5,5,-0.05408398
FF5,5,-0.04474068
FF5,5,-0.05951611
FF5,5,-0.06400233
FF5,5,-0.00827859
FF5,5,0.03362083
FF5,5,-0.00910275
FF5,5,-0.03371287
FF5,5,-0.02718901
FF5,5,0.04385346
FF5,5,-0.05377498
FF5,5,0.00995074
FF5,5,-0.02301625
FF5,5,-0.01791326
FF5,5,-0.07251925
FF5,5,0.07203914
FF5,5,-0.04083887
FF5,5,-0.03256983
FF5,5,-0.02854822
FF5,5,0.02292893
FF5,5,-0.00751987
FF5,5,-0.00162341
FF5,5,-0.02792321
FF5,5,-0.02233405
FF5,5,0.01053479
FF5,5,0.01362911
FF5,5,-0.04815689
FF5,5,0.05070693
FF5,5,-0.00396143
FF5,5,-0.04359524
FF5,5,-0.01059045
FF5,5,0.05272451
FF5,5,-0.00955613
FF5,5,-0.02887507
FF5,5,0.00751646
FF5,5,0.00810038
FF5,5,-0.01459808
FF5,5,-0.09382019
FF5,5,-0.02614862
FF5,5,-0.01546848
FF5,5,-0.11098485
FF5,5,-0.01352485
FF5,5,-0.05619793
FF5,5,-0.03980475
FF5,5,-0.03786384
FF5,5,0.05231399
FF5,5,-0.09721356
FF5,5,-0.04118646
FF5,5,-0.03945686
FF5,5,-0.09133760
FF5,5,-0.04096186
FF5,5,-0.04944865
FF5,5,-0.02337871
FF5,5,-0.06732081
FF5,5,-0.00505692
FF5,5,-0.01382796
FF5,5,-0.01891758
FF5,5,-0.01797267
FF5,5,-0.03091604
FF5,5,-0.04765327
FF5,5,-0.02089229
FF5,5,-0.00073522
FF5,5,-0.07582356
FF5,5,-0.01438797
FF5,5,-0.04957517
FF5,5,0.00084196
FF5,5,-0.03866905
FF5,5,-0.01094318
FF5,5,-0.03678135
FF5,5,-0.06173253
FF5,5,-0.02446046
FF5,5,-0.04931502
FF5,5,-0.04579856
FF5,5,-0.07869861
FF5,5,-0.02524028
FF5,5,-0.01402851
FF5,5,-0.02266675
FF5,5,-0.02744639
FF5,5,-0.01215053
FF5,5,0.02655679
FF5,5,-0.04974853
FF5,5,-0.02112624
FF5,5,0.00823389
FF5,5,-0.02675056
FF5,5,-0.06179475
FF5,5,-0.06726146
FF5,5,0.02530086
FF5,5,0.00380610
FF5,5,0.02826819
FF5,5,-0.07531871
FF5,5,0.08029274
FF5,5,0.01442466
FF5,5,0.05493454
FF5,5,0.05054185
FF5,5,0.06022612
FF5,5,0.06728963
FF5,5,0.11160002
FF5,5,0.11146472
FF5,5,0.08046672
FF5,5,-0.09512888
FF5,5,-0.02862208
FF5,5,0.08912842
FF5,5,-0.03990740
FF5,5,0.07301441
FF5,5,-0.01423337
FF5,5,-0.03213539
FF5,5,0.04222294
FF5,5,0.05230202
FF5,5,0.09179915
FF5,5,0.03273575
FF5,5,-0.00916234
FF5,5,0.04108817
FF5,5,-0.00388235
FF5,5,-0.07960533
FF5,5,-0.05444590
FF5,5,-0.03189092
FF5,5,-0.02714796
FF5,5,-0.02249013
FF5,5,-0.01752118
FF5,5,0.02983939
FF5,5,0.07235422
FF5,5,-0.02470390
FF5,5,-0.01200224
FF5,5,-0.05108737
FF5,5,-0.03425810
FF5,5,-0.02378238
FF5,5,-0.02354029
FF5,5,-0.03025881
FF5,5,-0.02938035
FF5,5,-0.01761070
FF5,5,-0.03602945
FF5,5,-0.08205676
FF5,5,0.03586446
FF5,5,-0.00051688
FF5,5,0.10025271
FF5,5,0.04577874
FF5,5,-0.05092941
FF5,5,0.00108107
FF5,5,0.01025368
FF5,5,0.09631927
FF5,5,0.06802190
FF5,5,0.03110641
FF5,5,0.02647602
FF5,5,-0.04125817
FF5,5,0.00701947
FF5,5,-0.04844900
FF5,5,0.03963532
FF5,5,0.09157225
FF5,5,0.01662010
FF5,5,0.04383090
FF5,5,0.11104575
FF5,5,-0.02170532
FF5,5,-0.01261185
FF5,5,0.05628835
FF5,5,0.02319336
FF5,5,-0.00319948
FF5,5,-0.02555290
FF5,5,0.01261430
FF5,5,-0.03525141
FF5,5,-0.01627223
FF5,5,0.00289820
FF5,5,0.00770757
FF5,5,-0.00399229
FF5,5,-0.05889022
FF5,5,0.01871146
FF5,5,-0.01591686
FF5,5,-0.04732873
FF5,5,-0.04768566
FF5,5,0.03914885
FF5,5,-0.03691983
FF5,5,-0.02361683
FF5,5,0.00736654
FF5,5,-0.01134535
FF5,5,-0.04023949
FF5,5,0.04988116
FF5,5,0.04054820
FF5,5,-0.00862141
FF5,5,-0.05970123
FF5,5,0.01393520
FF5,5,0.01104105
FF5,5,-0.02848601
FF5,5,-0.02780923
FF5,5,0.03171420
FF5,5,0.03946949
FF5,5,0.07391814
FF5,5,0.00181043
FF5,5,-0.01631021
FF5,5,0.00894986
FF5,5,0.04747459
FF5,5,-0.04870219
FF5,5,0.06044100
FF5,5,-0.04841657
FF5,5,0.00562207
FF5,5,-0.03507639
FF5,5,-0.00447662
FF5,5,-0.03113754
FF5,5,-0.03500262
FF5,5,-0.07186055
FF5,5,-0.02875667
FF5,5,0.01515033
FF5,5,-0.01052360
FF5,5,0.03125159
FF5,5,0.02370418
FF5,5,0.03507640
FF5,5,0.00926039
FF5,5,-0.05062125
FF5,5,-0.04172189
FF5,5,0.04351208
FF5,5,0.07969419
FF5,5,0.02812064
FF5,5,-0.03090217
FF5,5,-0.03779103
FF5,5,0.01163959
FF5,5,-0.02419906
FF5,5,0.05512017
FF5,5,-0.04548940
FF5,5,-0.05158056
FF5,5,-0.03217912
FF5,5,-0.03423671
FF5,5,-0.03451208
FF5,5,0.02827258
FF5,5,0.07200765
FF5,5,-0.05735812
FF5,5,0.06301331
FF5,5,-0.07502191
FF5,5,0.08237342
FF5,5,0.05219743
FF5,5,-0.01546000
FF5,5,-0.05757522
FF5,5,-0.04586140
FF5,5,0.09103343
FF5,5,-0.00708874
FF5,5,0.11203690
FF5,6,-0.04271885
FF5,6,-0.03340166
FF5,6,-0.02607813
FF5,6,-0.02053673
FF5,6,-0.05615139
FF5,6,-0.05068126
FF5,6,-0.02778651
FF5,6,0.02383454
FF5,6,0.02276801
FF5,6,0.07556656
FF5,6,-0.03319396
FF5,6,-0.04368451
FF5,6,-0.03330981
FF5,6,-0.02243114
FF5,6,0.02715054
FF5,6,0.00900795
FF5,6,0.03299338
FF5,6,-0.04463464
FF5,6,-0.04975043
FF5,6,0.00881869
FF5,6,-0.05699648
FF5,6,0.06425255
FF5,6,-0.00960967
FF5,6,-0.03296087
FF5,6,-0.04287598
FF5,6,-0.04871156
FF5,6,-0.01897079
FF5,6,0.00335017
FF5,6,0.08965831
FF5,6,0.02038567
FF5,6,0.03827945
FF5,6,0.04718024
FF5,6,0.03525156
FF5,6,-0.04103428
FF5,6,-0.04614706
FF5,6,-0.01546529
FF5,6,0.00217185
FF5,6,-0.00102573
FF5,6,0.00006887
FF5,6,0.00941236
FF5,6,0.00373653
FF5,6,-0.02858979
FF5,6,0.04460301
FF5,6,0.01068961
FF5,6,-0.07212628
FF5,6,0.07750020
FF5,6,0.14546025
FF5,6,-0.02470726
FF5,6,0.08107816
FF5,6,-0.00992538
FF5,6,0.05541463
FF5,6,0.03663426
FF5,6,-0.00069374
FF5,6,0.02858149
FF5,6,-0.01015534
FF5,6,-0.01127677
FF5,6,-0.04353997
FF5,6,0.07023253
FF5,6,-0.01625844
FF5,6,0.02897857
FF5,6,0.00106764
FF5,6,-0.03525455
FF5,6,-0.03496701
FF5,6,0.01092900
FF5,6,0.02021067
FF5,6,-0.03164449
FF5,6,0.10770900
FF5,6,-0.04637294
FF5,6,0.00648490
FF5,6,-0.03894729
FF5,6,-0.00030684
FF5,6,-0.05960746
FF5,6,-0.00054685
FF5,6,-0.03660896
FF5,6,0.10242270
FF5,6,0.09059995
FF5,6,-0.00333397
FF5,6,0.07759114
FF5,6,-0.02209273
FF5,6,0.05804149
FF5,6,0.01718932
FF5,6,-0.02429646
FF5,6,0.01763237
FF5,6,-0.00167112
FF5,6,-0.04017752
FF5,6,0.04427687
FF5,6,-0.04146070
FF5,6,-0.00449226
FF5,6,0.21205205
FF5,6,0.05990433
FF5,6,0.03397990
FF5,6,0.04301331
FF5,6,0.03884391
FF5,6,0.00672167
FF5,6,0.05482865
FF5,6,-0.01058228
FF5,6,-0.06013102
FF5,6,0.04885951
FF5,6,-0.05100497
FF5,6,-0.03761639
FF5,6,0.00695381
FF5,6,-0.01932891
FF5,6,0.02483586
FF5,6,-0.04060482
FF5,6,-0.00751738
FF5,6,0.03371408
FF5,6,0.03825557
FF5,6,0.02753184
FF5,6,0.05487310
FF5,6,0.05581897
FF5,6,-0.02069215
FF5,6,0.02356864
FF5,6,-0.02673116
FF5,6,0.01003815
FF5,6,0.02334726
FF5,6,-0.01171223
FF5,6,0.02355143
FF5,6,0.02858062
FF5,6,-0.00623497
FF5,6,0.00414364
FF5,6,-0.05780461
FF5,6,0.02088586
FF5,6,0.07145322
FF5,6,0.03801721
FF5,6,0.00816215
FF5,6,0.01381523
FF5,6,0.00901122
FF5,6,0.01172502
FF5,6,0.01963773
FF5,6,0.05262410
FF5,6,0.02290465
FF5,6,-0.01724157
FF5,6,0.00440575
FF5,6,0.01838359
FF5,6,-0.04399865
FF5,6,0.04746381
FF5,6,0.02680746
FF5,6,0.00241742
FF5,6,0.07750852
FF5,6,0.03642394
FF5,6,0.00237184
FF5,6,0.01706409
FF5,6,0.00762453
FF5,6,0.04290374
FF5,6,0.02529091
FF5,6,0.02592871
FF5,6,-0.00565528
FF5,6,0.01241212
FF5,6,-0.01016230
FF5,6,0.00422118
FF5,6,0.14386359
FF5,6,0.11258913
FF5,6,0.10212433
FF5,6,0.03187620
FF5,6,0.00350938
FF5,6,0.07086431
FF5,6,0.01954725
FF5,6,0.05062961
FF5,6,-0.00629441
FF5,6,-0.04514132
FF5,6,-0.02376637
FF5,6,0.06719127
FF5,6,0.03125447
FF5,6,-0.01459695
FF5,6,-0.05128292
FF5,6,0.00474828
FF5,6,0.00326805
FF5,6,-0.02820727
FF5,6,0.06222831
FF5,6,-0.00791209
FF5,6,0.01196816
FF5,6,0.07007515
FF5,6,0.07800709
FF5,6,0.02000819
FF5,6,0.04012163
FF5,6,-0.02987316
FF5,6,0.07444560
FF5,6,0.06939639
FF5,6,0.04693741
FF5,6,-0.03117915
FF5,6,0.02597488
FF5,6,0.02773197
FF5,6,0.00667675
FF5,6,0.02405157
FF5,6,0.01000341
FF5,6,0.03638423
FF5,6,-0.02294769
FF5,6,0.03039603
FF5,6,0.01838121
FF5,6,0.05648801
FF5,6,0.07033204
FF5,6,-0.02679957
FF5,6,0.00993151
FF5,6,0.00794431
FF5,6,0.05226777
FF5,6,0.03306866
FF5,6,0.03939907
FF5,6,0.13031634
FF5,6,0.01969077
FF5,6,0.05484961
FF5,6,0.01803247
FF5,6,0.00588558
FF5,6,0.02160502
FF5,6,-0.01274197
FF5,6,0.05530114
FF5,6,-0.03262058
FF5,6,0.01155687
FF5,6,0.01776334
FF5,6,-0.02898251
FF5,6,0.00971325
FF5,6,0.00738582
FF5,6,-0.02740665
FF5,6,-0.04555688
FF5,6,-0.00053343
FF5,6,0.00245300
FF5,6,-0.02622020
FF5,6,-0.02518412
FF5,6,0.00246633
FF5,6,-0.00357335
FF5,6,0.02593317
FF5,6,0.02622052
FF5,6,0.01622519
FF5,6,-0.05973749
FF5,6,0.05813361
FF5,6,-0.03467888
FF5,6,-0.00249583
FF5,6,0.02254185
FF5,6,0.01973820
FF5,6,0.03980190
FF5,6,0.07152032
FF5,6,0.03901345
FF5,6,-0.03803390
FF5,6,0.12989020
FF5,6,-0.00033438
FF5,6,0.01261777
FF5,6,-0.03285977
FF5,6,-0.04042081
FF5,6,-0.01112079
FF5,6,0.06240076
FF5,6,0.01965829
FF5,6,0.03912174
FF5,6,0.04770695
FF5,6,-0.00656355
FF5,6,-0.01700804
FF5,6,0.06416891
FF5,6,0.06037981
FF5,6,0.04356163
FF5,6,0.01310411
FF5,6,0.05927427
FF5,6,0.06478217
FF5,6,0.03135811
FF5,6,0.03119438
FF5,6,0.00929778
FF5,6,0.03409616
FF5,6,-0.02408508
FF5,6,0.07150149
FF5,6,0.03213860
FF5,6,0.06150534
FF5,6,0.01651704
FF5,6,0.00536518
FF5,6,-0.03985003
FF5,6,0.03467679
FF5,6,0.04030897
FF5,6,-0.02062687
FF5,6,0.00514785
FF5,6,-0.00127568
FF5,6,0.01669812
FF5,6,-0.01043229
FF5,6,0.00538368
FF5,6,-0.00717248
FF5,7,0.10191998
FF5,7,0.03852915
FF5,7,0.09482074
FF5,7,0.05771489
FF5,7,0.08703670
FF5,7,0.11038712
FF5,7,0.08806945
FF5,7,0.16110783
FF5,7,0.05851515
FF5,7,0.08215133
FF5,7,0.05906716
FF5,7,0.10305438
FF5,7,0.07196242
FF5,7,0.17985011
FF5,7,0.12756062
FF5,7,0.11083205
FF5,7,0.05300099
FF5,7,0.11291493
FF5,7,0.06119158
FF5,7,0.12280469
FF5,7,0.07342923
FF5,7,0.10923135
FF5,7,0.10095553
FF5,7,0.02775954
FF5,7,0.17127352
FF5,7,0.09182287
FF5,7,0.16635614
FF5,7,0.10709800
FF5,7,0.11128662
FF5,7,0.05486388
FF5,7,0.04958140
FF5,7,0.05440741
FF5,7,0.10002906
FF5,7,0.06313727
FF5,7,0.07638605
FF5,7,0.10992519
FF5,7,0.10565098
FF5,7,0.09080934
FF5,7,0.14792603
FF5,7,0.07087047
FF5,7,0.19545543
FF5,7,0.09189025
FF5,7,0.08929414
FF5,7,0.08291374
FF5,7,0.13079668
FF5,7,0.14636672
FF5,7,0.07679541
FF5,7,0.12044474
FF5,7,0.11504145
FF5,7,0.03674071
FF5,7,0.02680987
FF5,7,0.21709759
FF5,7,0.07283803
FF5,7,0.11615398
FF5,7,0.06946029
FF5,7,0.10337544
FF5,7,0.00069477
FF5,7,0.08225592
FF5,7,0.04038424
FF5,7,0.09544744
FF5,7,0.13299151
FF5,7,0.09946533
FF5,7,0.10284859
FF5,7,0.05685519
FF5,7,0.08743026
FF5,7,0.04874672
FF5,7,0.09133525
FF5,7,0.05965792
FF5,7,0.05902293
FF5,7,0.10676222
FF5,7,0.06106684
FF5,7,0.06734241
FF5,7,0.06660961
FF5,7,0.08148973
FF5,7,0.09219532
FF5,7,0.06655858
FF5,7,0.05359502
FF5,7,0.15096674
FF5,7,0.01111768
FF5,7,0.13383266
FF5,7,0.04034036
FF5,7,0.10161582
FF5,7,0.09543121
FF5,7,0.11353435
FF5,7,0.12011632
FF5,7,0.06294490
FF5,7,0.07823057
FF5,7,0.06161824
FF5,7,0.09433141
FF5,7,0.07842434
FF5,7,0.08983135
FF5,7,0.11397878
FF5,7,0.04682734
FF5,7,0.08430805
FF5,7,0.08542784
FF5,7,0.09252108
FF5,7,0.06308377
FF5,7,0.06949501
FF5,7,0.07771124
FF5,7,0.08831147
FF5,7,0.09061104
FF5,7,0.08680175
FF5,7,0.18615209
FF5,7,0.08898184
FF5,7,0.09896557
FF5,7,0.10094210
FF5,7,0.08435560
FF5,7,0.13023886
FF5,7,0.12205835
FF5,7,0.09145401
FF5,7,0.12215447
FF5,7,0.09243625
FF5,7,0.05410109
FF5,7,0.04636931
FF5,7,0.08345150
FF5,7,0.07899387
FF5,7,0.06361064
FF5,7,0.09556267
FF5,7,0.08120902
FF5,7,0.10819810
FF5,7,0.08842544
FF5,7,0.07775588
FF5,7,0.08121297
FF5,7,0.06486992
FF5,7,0.06637260
FF5,7,0.14097326
FF5,7,0.08413860
FF5,7,0.06458757
FF5,7,0.03851778
FF5,7,0.05038981
FF5,7,0.07732758
FF5,7,0.07785365
FF5,7,0.04365951
FF5,7,0.09170991
FF5,7,0.07782988
FF5,7,0.12035011
FF5,7,0.11451542
FF5,7,0.15415176
FF5,7,0.08767220
FF5,7,0.12629933
FF5,7,0.09684895
FF5,7,0.11789948
FF5,7,0.09353722
FF5,7,0.09565192
FF5,7,0.10018405
FF5,7,0.04264756
FF5,7,0.08804685
FF5,7,0.07470521
FF5,7,0.08358416
FF5,7,0.08742740
FF5,7,0.05949816
FF5,7,0.08379852
FF5,7,0.06321857
FF5,7,0.10066352
FF5,7,0.11954881
FF5,7,0.04513151
FF5,7,0.06905852
FF5,7,0.08048514
FF5,7,0.12630190
FF5,7,0.17141102
FF5,7,0.11193481
FF5,7,0.06508459
FF5,7,0.11097428
FF5,7,0.29679771
FF5,7,0.10135097
FF5,7,0.09483101
FF5,7,0.04745335
FF5,7,0.08049920
FF5,7,0.04400055
FF5,7,0.14970258
FF5,7,0.12470630
FF5,7,0.08785560
FF5,7,0.10520917
FF5,7,0.08072551
FF5,7,0.11327626
FF5,7,0.06557231
FF5,7,0.04378250
FF5,7,0.05789202
FF5,7,0.06428353
FF5,7,0.02382139
FF5,7,0.05750240
FF5,7,0.07759898
FF5,7,0.11281836
FF5,7,0.07629581
FF5,7,0.06000028
FF5,7,0.03887016
FF5,7,0.05824243
FF5,7,0.08657946
FF5,7,0.11340091
FF5,7,0.09974106
FF5,7,0.06467906
FF5,7,0.06160537
FF5,7,0.06212891
FF5,7,0.09471911
FF5,7,0.05327859
FF5,7,0.01922544
FF5,7,0.06901615
FF5,7,0.13220716
FF5,7,0.07280593
FF5,7,0.08851534
FF5,7,0.07247458
FF5,7,0.04483057
FF5,7,0.06819838
FF5,7,0.01136617
FF5,7,0.06080833
FF5,7,0.07941656
FF5,7,0.06719526
FF5,7,0.15946579
FF5,7,0.05924350
FF5,7,0.11245252
FF5,7,0.06594138
FF5,7,0.11148146
FF5,7,0.07518367
FF5,7,0.06658993
FF5,7,0.24830890
FF5,7,0.11487921
FF5,7,0.10123593
FF5,7,0.10215428
FF5,7,0.12724283
FF5,7,0.07215058
FF5,7,0.08956825
FF5,7,0.11557559
FF5,7,0.12518171
FF5,7,0.11010834
FF5,7,0.11297184
FF5,7,0.10772803
FF5,7,0.05777345
FF5,7,0.19177130
FF5,7,0.06998181
FF5,7,0.11082482
FF5,7,0.08759915
FF5,7,0.08923126
FF5,7,0.10390704
FF5,7,0.08575544
FF5,7,0.09502659
FF5,7,0.06636286
FF5,7,0.00571583
FF5,7,0.11776622
FF5,7,0.09156278
FF5,7,0.06371673
FF5,7,0.04946377
FF5,7,0.12704565
FF5,7,0.09684925
FF5,7,0.10646520
FF5,7,0.13919223
FF5,7,0.06310904
FF5,7,0.07565518
FF5,7,0.08023375
FF5,7,0.10965910
FF5,7,0.12154786
FF5,7,0.11971490
FF5,7,0.13672015
FF5,7,0.07085367
FF5,7,0.05446263
FF5,7,0.13120173
FF5,7,0.12987217
FF5,7,0.09590326
FF5,7,0.12944562
FF5,7,0.07595906
FF5,7,0.10803927
FF5,7,0.13258166
FF5,7,0.08536183
FF5,7,0.10967640
FF5,7,0.09509943
FF5,7,0.06840911
FF5,7,0.08388475
FF5,7,0.22148081
FF5,7,0.07894083
FF5,7,0.20258721
FF5,7,0.07558610
FF5,7,0.09918261
FF5,7,0.11992879
FF5,7,0.17008531
FF5,7,0.10624909
FF5,7,0.08823990
FF5,7,0.08005373
FF5,7,0.13500679
FF5,7,0.05021064
FF5,8,0.05178266
FF5,8,-0.04846417
FF5,8,-0.10334801
FF5,8,-0.07711398
FF5,8,-0.06578178
FF5,8,0.06167231
FF5,8,-0.23485781
FF5,8,0.04065960
FF5,8,-0.11716539
FF5,8,0.08065948
FF5,8,-0.05977481
FF5,8,-0.03267148
FF5,8,-0.16171973
FF5,8,0.05325676
FF5,8,0.15364760
FF5,8,-0.23323496
FF5,8,-0.05624148
FF5,8,-0.02723119
FF5,8,-0.05731835
FF5,8,-0.16156543
FF5,8,-0.00851631
FF5,8,-0.12898985
FF5,8,-0.01408116
FF5,8,-0.06189006
FF5,8,-0.19930865
FF5,8,-0.01973721
FF5,8,-0.01442502
FF5,8,0.01331404
FF5,8,-0.10738461
FF5,8,-0.08544415
FF5,8,-0.10670848
FF5,8,-0.15810961
FF5,8,0.00450160
FF5,8,0.00149841
FF5,8,0.00212297
FF5,8,-0.00317998
FF5,8,-0.03766883
FF5,8,-0.10134402
FF5,8,-0.13668115
FF5,8,0.04070466
FF5,8,-0.14139384
FF5,8,-0.17098996
FF5,8,-0.08809096
FF5,8,-0.08413514
FF5,8,-0.18681899
FF5,8,-0.18874394
FF5,8,-0.02427455
FF5,8,-0.11235922
FF5,8,-0.03935534
FF5,8,-0.17624280
FF5,8,0.08862863
FF5,8,-0.10190660
FF5,8,-0.14953738
FF5,8,-0.14469787
FF5,8,-0.07263715
FF5,8,-0.23158694
FF5,8,0.00362939
FF5,8,-0.23238818
FF5,8,-0.02749202
FF5,8,0.10032426
FF5,8,-0.12741370
FF5,8,-0.09973955
FF5,8,-0.01784751
FF5,8,-0.10603552
FF5,8,-0.11467342
FF5,8,-0.12700553
FF5,8,-0.14960476
FF5,8,-0.06144187
FF5,8,-0.14870484
FF5,8,-0.05749695
FF5,8,-0.12534810
FF5,8,-0.18408447
FF5,8,-0.05740903
FF5,8,-0.18350470
FF5,8,-0.06349510
FF5,8,-0.09752681
FF5,8,0.02851375
FF5,8,-0.18659611
FF5,8,-0.10406536
FF5,8,-0.10031870
FF5,8,-0.12668794
FF5,8,-0.10213904
FF5,8,-0.08016359
FF5,8,-0.12520677
FF5,8,-0.06000581
FF5,8,-0.16015010
FF5,8,-0.00491153
FF5,8,-0.17065760
FF5,8,-0.15292588
FF5,8,-0.08770152
FF5,8,-0.11090091
FF5,8,-0.21107405
FF5,8,-0.15932004
FF5,8,-0.14476256
FF5,8,-0.05176345
FF5,8,-0.08503822
FF5,8,-0.01220972
FF5,8,-0.12025811
FF5,8,-0.02409280
FF5,8,-0.07184534
FF5,8,-0.02357926
FF5,8,-0.04143281
FF5,8,-0.01295722
FF5,8,-0.15674124
FF5,8,-0.01241574
FF5,8,-0.11136417
FF5,8,-0.01459789
FF5,8,0.02486268
FF5,8,-0.02803040
FF5,8,-0.01939559
FF5,8,-0.10863020
FF5,8,-0.08818077
FF5,8,-0.04690136
FF5,8,-0.07484770
FF5,8,-0.03060522
FF5,8,-0.00912346
FF5,8,-0.06771786
FF5,8,-0.06127693
FF5,8,-0.00477726
FF5,8,-0.04851724
FF5,8,0.14843460
FF5,8,-0.01262886
FF5,8,-0.08021528
FF5,8,-0.05911384
FF5,8,-0.12584588
FF5,8,-0.10920411
FF5,8,-0.08493663
FF5,8,-0.02223184
FF5,8,-0.10259670
FF5,8,-0.02711421
FF5,8,-0.09081950
FF5,8,-0.10183226
FF5,8,0.00106386
FF5,8,-0.13022775
FF5,8,-0.07059539
FF5,8,-0.10357996
FF5,8,-0.13832499
FF5,8,-0.12674741
FF5,8,-0.03025266
FF5,8,-0.05435727
FF5,8,-0.10131899
FF5,8,-0.07261021
FF5,8,-0.08695605
FF5,8,-0.10478893
FF5,8,-0.01847758
FF5,8,-0.00173857
FF5,8,-0.07522050
FF5,8,-0.09137306
FF5,8,-0.13760085
FF5,8,-0.08359105
FF5,8,-0.12344971
FF5,8,0.01366038
FF5,8,-0.11084178
FF5,8,-0.03829171
FF5,8,-0.06585198
FF5,8,-0.16735356
FF5,8,0.01045039
FF5,8,-0.07834368
FF5,8,0.03846016
FF5,8,-0.05686192
FF5,8,-0.06730283
FF5,8,-0.08924863
FF5,8,0.10598324
FF5,8,0.06180515
FF5,8,-0.08471175
FF5,8,-0.15601293
FF5,8,-0.14388763
FF5,8,-0.19788285
FF5,8,-0.04374960
FF5,8,-0.12834171
FF5,8,0.04083423
FF5,8,-0.08682109
FF5,8,-0.04147661
FF5,8,-0.09455088
FF5,8,-0.08526447
FF5,8,-0.18649713
FF5,8,-0.15239061
FF5,8,-0.24096957
FF5,8,-0.24127461
FF5,8,-0.07810401
FF5,8,-0.11889098
FF5,8,-0.08527857
FF5,8,-0.13900842
FF5,8,-0.19007862
FF5,8,-0.06993636
FF5,8,-0.10415827
FF5,8,-0.09592170
FF5,8,0.01280806
FF5,8,-0.19524292
FF5,8,-0.03062920
FF5,8,-0.14345559
FF5,8,-0.05982631
FF5,8,-0.11834848
FF5,8,-0.11307917
FF5,8,-0.01803025
FF5,8,-0.11069313
FF5,8,-0.09315051
FF5,8,0.07235793
FF5,8,-0.07523587
FF5,8,-0.09984968
FF5,8,0.06972940
FF5,8,-0.11492529
FF5,8,-0.12117728
FF5,8,-0.09128013
FF5,8,-0.03722351
FF5,8,-0.18050690
FF5,8,-0.11937671
FF5,8,-0.01690130
FF5,8,-0.09418939
FF5,8,0.01366431
FF5,8,-0.06983228
FF5,8,-0.10332372
FF5,8,-0.05602012
FF5,8,-0.07943044
FF5,8,-0.01453534
FF5,8,-0.07094510
FF5,8,-0.13020769
FF5,8,-0.08047808
FF5,8,-0.13788957
FF5,8,-0.01668027
FF5,8,-0.05530371
FF5,8,-0.14192208
FF5,8,-0.12766176
FF5,8,-0.09262275
FF5,8,-0.15436111
FF5,8,-0.11121991
FF5,8,-0.13196272
FF5,8,-0.14079076
FF5,8,-0.03951470
FF5,8,-0.17734131
FF5,8,-0.11803615
FF5,8,-0.16360146
FF5,8,-0.04155509
FF5,8,-0.05685652
FF5,8,-0.04634885
FF5,8,-0.05651841
FF5,8,-0.16957769
FF5,8,-0.07433298
FF5,8,-0.15559539
FF5,8,-0.09579862
FF5,8,-0.10270962
FF5,8,-0.07227116
FF5,8,0.00611492
FF5,8,-0.04504885
FF5,8,-0.07602621
FF5,8,-0.04786743
FF5,8,-0.06463942
FF5,8,-0.01871060
FF5,8,-0.19672688
FF5,8,-0.10432626
FF5,8,-0.09171084
FF5,8,-0.09136250
FF5,8,-0.05446377
FF5,8,-0.11497183
FF5,8,-0.12796905
FF5,8,-0.17386748
FF5,8,-0.01708238
FF5,8,-0.16700415
FF5,8,-0.12690140
FF5,8,-0.14886937
FF5,8,-0.09253380
FF5,8,-0.26609491
FF5,8,-0.01295967
FF5,8,-0.01695437
FF5,8,0.00558620
FF5,8,-0.08466229
FF5,8,-0.11426154
FF5,8,0.06562773
FF5,8,-0.03318793
FF5,8,0.02097649
FF5,8,-0.01167477
FF5,8,-0.13378823
FF5,8,-0.06831796
FF5,8,-0.10088016
FF5,8,-0.01090026
FF5,8,-0.13030939
FF5,8,-0.24682826
FF5,8,-0.02846235
FF5,8,-0.16673522
FF5,8,-0.03565818
FF5,8,0.01428576
FF5,8,-0.16159758
FF5,8,-0.11147704
FF5,8,-0.02902643
FF5,8,-0.00794973
FF5,8,0.04798511
FF5,8,-0.15842537
FF5,8,0.00200794
FF5,9,-0.06777740
FF5,9,-0.00977212
FF5,9,-0.09454179
FF5,9,-0.04337512
FF5,9,-0.01280386
FF5,9,-0.00222820
FF5,9,-0.03101354
FF5,9,-0.02056362
FF5,9,-0.08708884
FF5,9,-0.06268339
FF5,9,-0.05960368
FF5,9,0.01708976
FF5,9,-0.07866631
FF5,9,-0.07511604
FF5,9,0.06218393
FF5,9,-0.14504567
FF5,9,-0.06501653
FF5,9,-0.01813803
FF5,9,0.01385033
FF5,9,-0.04061687
FF5,9,-0.00018782
FF5,9,0.00067547
FF5,9,-0.02960951
FF5,9,-0.09434732
FF5,9,-0.05271804
FF5,9,-0.00408825
FF5,9,-0.05485238
FF5,9,-0.01734185
FF5,9,-0.03152268
FF5,9,-0.07694007
FF5,9,-0.05710398
FF5,9,-0.00946261
FF5,9,-0.04314287
FF5,9,-0.10684868
FF5,9,-0.00281680
FF5,9,0.05558890
FF5,9,-0.08566257
FF5,9,-0.00838421
FF5,9,0.07231607
FF5,9,-0.05518765
FF5,9,-0.02774949
FF5,9,0.01038917
FF5,9,-0.02884723
FF5,9,0.01408691
FF5,9,-0.04734811
FF5,9,-0.03358991
FF5,9,0.03257493
FF5,9,0.03783296
FF5,9,-0.00804927
FF5,9,-0.05625574
FF5,9,0.05963720
FF5,9,-0.16189192
FF5,9,-0.01166690
FF5,9,0.00729724
FF5,9,0.01233284
FF5,9,0.01065038
FF5,9,-0.02006720
FF5,9,-0.08998303
FF5,9,-0.01139835
FF5,9,-0.06602238
FF5,9,-0.07343959
FF5,9,-0.00546222
FF5,9,-0.00154273
FF5,9,-0.04023043
FF5,9,0.04428717
FF5,9,-0.16093424
FF5,9,-0.00239795
FF5,9,0.03791482
FF5,9,-0.03319598
FF5,9,-0.02818790
FF5,9,0.02874448
FF5,9,-0.03847516
FF5,9,-0.05351743
FF5,9,-0.03045621
FF5,9,-0.03679383
FF5,9,-0.02309774
FF5,9,-0.06152799
FF5,9,-0.04609526
FF5,9,-0.05793524
FF5,9,-0.01769431
FF5,9,-0.08675807
FF5,9,0.00045875
FF5,9,0.01633234
FF5,9,-0.01948562
FF5,9,-0.10187245
FF5,9,-0.02085157
FF5,9,-0.03482349
FF5,9,-0.13286325
FF5,9,-0.02213516
FF5,9,-0.07345149
FF5,9,-0.01120525
FF5,9,-0.01042154
FF5,9,-0.07357876
FF5,9,-0.04327472
FF5,9,-0.02817316
FF5,9,0.00270349
FF5,9,-0.11989649
FF5,9,-0.04041125
FF5,9,-0.12095706
FF5,9,-0.04330726
FF5,9,-0.00909260
FF5,9,-0.05022454
FF5,9,-0.00352896
FF5,9,0.00635941
FF5,9,-0.03771813
FF5,9,0.02035641
FF5,9,-0.04188542
FF5,9,0.01110708
FF5,9,-0.00932926
FF5,9,-0.08793648
FF5,9,-0.02634338
FF5,9,0.00469882
FF5,9,0.01333222
FF5,9,-0.00664539
FF5,9,-0.00127935
FF5,9,0.01010111
FF5,9,-0.02864592
FF5,9,-0.04546657
FF5,9,-0.00215548
FF5,9,0.03159962
FF5,9,-0.01113397
FF5,9,-0.00419609
FF5,9,-0.16044502
FF5,9,-0.01905586
FF5,9,0.01463172
FF5,9,-0.02845769
FF5,9,0.02322179
FF5,9,0.00687226
FF5,9,0.05557597
FF5,9,-0.01335515
FF5,9,-0.05004601
FF5,9,0.00923840
FF5,9,-0.08878768
FF5,9,-0.01909367
FF5,9,0.01738601
FF5,9,0.03245657
FF5,9,-0.10922199
FF5,9,-0.02504463
FF5,9,-0.02884280
FF5,9,0.00658819
FF5,9,-0.05100761
FF5,9,-0.01070066
FF5,9,-0.03782044
FF5,9,-0.07979381
FF5,9,-0.06929233
FF5,9,-0.17233050
FF5,9,0.01543809
FF5,9,-0.06144203
FF5,9,-0.12740687
FF5,9,-0.09106066
FF5,9,-0.08972302
FF5,9,-0.06914000
FF5,9,-0.03988291
FF5,9,-0.12674250
FF5,9,-0.15237675
FF5,9,0.02305747
FF5,9,-0.05823071
FF5,9,-0.12402239
FF5,9,-0.02990287
FF5,9,-0.05279251
FF5,9,0.00283371
FF5,9,-0.01894362
FF5,9,0.03871733
FF5,9,-0.05427532
FF5,9,-0.08991517
FF5,9,-0.00669875
FF5,9,-0.16753228
FF5,9,-0.11326580
FF5,9,-0.08473233
FF5,9,-0.01356922
FF5,9,-0.05431039
FF5,9,-0.04410150
FF5,9,-0.03822622
FF5,9,-0.00475535
FF5,9,-0.13324200
FF5,9,-0.09887512
FF5,9,-0.05656768
FF5,9,-0.10510775
FF5,9,-0.05488595
FF5,9,-0.00149490
FF5,9,-0.15773325
FF5,9,0.02352070
FF5,9,-0.03029291
FF5,9,-0.05272598
FF5,9,-0.02328765
FF5,9,-0.04879073
FF5,9,0.01076317
FF5,9,0.02035926
FF5,9,-0.07427476
FF5,9,-0.06850655
FF5,9,-0.02337239
FF5,9,-0.09420609
FF5,9,-0.01961306
FF5,9,0.00978530
FF5,9,-0.15302921
FF5,9,-0.01472861
FF5,9,-0.14771886
FF5,9,-0.08094997
FF5,9,-0.04814950
FF5,9,0.00854425
FF5,9,-0.02528838
FF5,9,-0.05775401
FF5,9,0.00038898
FF5,9,0.01395701
FF5,9,-0.01028019
FF5,9,-0.05586099
FF5,9,0.02441935
FF5,9,-0.13319474
FF5,9,-0.04214760
FF5,9,-0.09189647
FF5,9,-0.04847604
FF5,9,-0.04739774
FF5,9,-0.02415360
FF5,9,-0.03635836
FF5,9,-0.06289142
FF5,9,-0.05917840
FF5,9,-0.01779234
FF5,9,-0.01507817
FF5,9,-0.07411392
FF5,9,-0.01476079
FF5,9,-0.02904251
FF5,9,0.01817325
FF5,9,-0.01013703
FF5,9,0.04825139
FF5,9,0.01776226
FF5,9,-0.06198506
FF5,9,-0.00564421
FF5,9,0.03051143
FF5,9,-0.01507151
FF5,9,-0.07726817
FF5,9,-0.01690701
FF5,9,-0.03714684
FF5,9,0.01670465
FF5,9,0.00823077
FF5,9,-0.03335514
FF5,9,-0.05756313
FF5,9,-0.02755434
FF5,9,0.00558210
FF5,9,0.02787786
FF5,9,-0.05267625
FF5,9,-0.01530398
FF5,9,0.01032764
FF5,9,-0.03681948
FF5,9,-0.02761338
FF5,9,-0.07708322
FF5,9,-0.00117116
FF5,9,-0.01577531
FF5,9,-0.05237471
FF5,9,-0.04475920
FF5,9,-0.07769489
FF5,9,0.02076235
FF5,9,-0.06030960
FF5,9,-0.00006008
FF5,9,-0.08307342
FF5,9,-0.12391079
FF5,9,-0.11568852
FF5,9,0.00185503
FF5,9,0.00112015
FF5,9,-0.07972437
FF5,9,-0.06194591
FF5,9,-0.08659978
FF5,9,-0.09824131
FF5,9,-0.08436670
FF5,9,-0.04498153
FF5,9,-0.02244498
FF5,9,-0.06731302
FF5,9,-0.04120896
FF5,9,-0.02930254
FF5,9,-0.04724660
FF5,9,-0.10851768
FF5,9,-0.03758828
FF5,9,-0.05309618
FF5,9,-0.03188111
FF5,9,-0.07682361
FF5,9,-0.07878398
FF5,9,0.03482214
FF5,9,-0.03988776
FF5,9,0.01374696
FF5,9,-0.05310226
FF5,9,-0.02822510
FF5,9,-0.04181950
FF5,9,-0.04247343
FF5,9,-0.06221088
FF5,9,0.01427828
FF5,9,0.00427238
FF5,9,-0.12485243
FF5,9,-0.08291845
FF5,9,-0.03808153
FF5,9,0.00282289
FF5,9,-0.09362179
FF5,9,-0.08359378
FF5,9,-0.10848828
FF5,9,-0.03118971
FF5,9,-0.01964282
FF5,9,-0.01622309
FF5,9,0.00239696
FF5,10,0.09575096
FF5,10,-0.03516819
FF5,10,-0.01004486
FF5,10,-0.00150792
FF5,10,0.18670434
FF5,10,-0.05288952
FF5,10,-0.03384786
FF5,10,-0.05650753
FF5,10,-0.03157435
FF5,10,-0.01612556
FF5,10,-0.04636848
FF5,10,-0.05877986
FF5,10,-0.06229084
FF5,10,0.00662759
FF5,10,-0.00737936
FF5,10,0.04124473
FF5,10,0.01284497
FF5,10,-0.02151535
FF5,10,0.04095187
FF5,10,-0.00526017
FF5,10,0.00261834
FF5,10,0.00702062
FF5,10,-0.03559356
FF5,10,0.01020889
FF5,10,-0.02926362
FF5,10,-0.01870834
FF5,10,0.03071379
FF5,10,0.01146369
FF5,10,0.01201422
FF5,10,0.00353612
FF5,10,0.01279988
FF5,10,0.01167125
FF5,10,0.02774343
FF5,10,0.09324484
FF5,10,0.00938859
FF5,10,0.00754570
FF5,10,0.00724619
FF5,10,-0.01013826
FF5,10,-0.02113457
FF5,10,-0.11035267
FF5,10,-0.01698758
FF5,10,-0.00898607
FF5,10,0.00146916
FF5,10,-0.04146898
FF5,10,0.00985810
FF5,10,-0.02313771
FF5,10,0.02393619
FF5,10,-0.08530613
FF5,10,0.02807649
FF5,10,0.01356988
FF5,10,0.03714764
FF5,10,0.03637376
FF5,10,-0.02630852
FF5,10,0.00515761
FF5,10,-0.01519817
FF5,10,-0.03497453
FF5,10,0.02646577
FF5,10,-0.05758385
FF5,10,0.03227638
FF5,10,0.03178030
FF5,10,0.02590006
FF5,10,-0.02311794
FF5,10,-0.02082188
FF5,10,-0.01094850
FF5,10,0.08842992
FF5,10,-0.03006273
FF5,10,-0.00210535
FF5,10,0.02383076
FF5,10,0.08248879
FF5,10,-0.02409521
FF5,10,-0.03178873
FF5,10,0.04013170
FF5,10,-0.00860923
FF5,10,-0.02938374
FF5,10,0.02509564
FF5,10,0.00007475
FF5,10,0.00841605
FF5,10,-0.01042796
FF5,10,-0.02568849
FF5,10,-0.01873678
FF5,10,-0.00162211
FF5,10,-0.04517914
FF5,10,-0.00261799
FF5,10,-0.02857852
FF5,10,-0.00930425
FF5,10,0.01703384
FF5,10,0.07197678
FF5,10,0.05889898
FF5,10,0.01869186
FF5,10,0.02154699
FF5,10,0.03917719
FF5,10,0.09615065
FF5,10,0.00495343
FF5,10,-0.03656625
FF5,10,0.00296351
FF5,10,0.01811123
FF5,10,-0.04214567
FF5,10,-0.05874178
FF5,10,-0.03780847
FF5,10,0.01119263
FF5,10,0.00124870
FF5,10,0.01116832
FF5,10,0.02041492
FF5,10,0.01045835
FF5,10,-0.03125667
FF5,10,0.01409823
FF5,10,0.03266729
FF5,10,0.02788186
FF5,10,0.05084455
FF5,10,0.00942700
FF5,10,0.01117741
FF5,10,0.06283465
FF5,10,0.02787911
FF5,10,0.01555984
FF5,10,0.03121055
FF5,10,0.04101400
FF5,10,0.03236259
FF5,10,0.02994247
FF5,10,0.01533491
FF5,10,0.04375996
FF5,10,0.07150961
FF5,10,0.03481375
FF5,10,0.08206168
FF5,10,0.04950404
FF5,10,0.05166326
FF5,10,0.00423396
FF5,10,0.01525537
FF5,10,0.04675574
FF5,10,-0.05146967
FF5,10,0.01305295
FF5,10,-0.02689061
FF5,10,-0.03745806
FF5,10,0.05135468
FF5,10,0.02356210
FF5,10,0.04009946
FF5,10,0.05114378
FF5,10,0.07897175
FF5,10,-0.02403271
FF5,10,-0.04117492
FF5,10,0.02029389
FF5,10,-0.03985405
FF5,10,0.02052586
FF5,10,0.05112380
FF5,10,-0.02474416
FF5,10,-0.00860564
FF5,10,-0.00247866
FF5,10,0.00905378
FF5,10,0.03139510
FF5,10,0.03171813
FF5,10,-0.02970562
FF5,10,0.00031693
FF5,10,0.00886967
FF5,10,-0.07779249
FF5,10,0.11100835
FF5,10,-0.00807534
FF5,10,-0.02699222
FF5,10,0.02153037
FF5,10,-0.02723620
FF5,10,-0.02714975
FF5,10,0.00880931
FF5,10,-0.01283030
FF5,10,0.02871554
FF5,10,0.00674404
FF5,10,-0.09320927
FF5,10,-0.06322998
FF5,10,-0.09353520
FF5,10,0.14484877
FF5,10,-0.03337633
FF5,10,-0.00260238
FF5,10,-0.01751252
FF5,10,-0.02406630
FF5,10,-0.07001922
FF5,10,0.01303864
FF5,10,0.00274386
FF5,10,0.02441264
FF5,10,-0.01792566
FF5,10,0.02691141
FF5,10,-0.04379640
FF5,10,-0.03428825
FF5,10,0.00520924
FF5,10,0.01949254
FF5,10,-0.08200472
FF5,10,-0.05282249
FF5,10,-0.00104383
FF5,10,-0.04390015
FF5,10,0.03030077
FF5,10,-0.00963565
FF5,10,0.02352745
FF5,10,-0.00429555
FF5,10,-0.02182100
FF5,10,-0.00450189
FF5,10,0.00674117
FF5,10,-0.04712091
FF5,10,-0.04247171
FF5,10,-0.06202048
FF5,10,-0.01323056
FF5,10,0.00265314
FF5,10,0.01838836
FF5,10,0.00037239
FF5,10,0.00005242
FF5,10,-0.08314534
FF5,10,-0.04166610
FF5,10,0.03372939
FF5,10,-0.07915619
FF5,10,-0.01325085
FF5,10,-0.00407657
FF5,10,-0.04988035
FF5,10,-0.04195956
FF5,10,0.05101338
FF5,10,-0.03258676
FF5,10,-0.01718054
FF5,10,-0.03989854
FF5,10,0.01429939
FF5,10,0.00837697
FF5,10,-0.01151093
FF5,10,0.00338090
FF5,10,-0.05502376
FF5,10,-0.04360745
FF5,10,-0.06667897
FF5,10,-0.01195434
FF5,10,0.00114428
FF5,10,-0.02159794
FF5,10,-0.04068467
FF5,10,-0.07941483
FF5,10,-0.01387724
FF5,10,-0.02255591
FF5,10,-0.00388279
FF5,10,-0.07525309
FF5,10,-0.06303946
FF5,10,-0.03566821
FF5,10,-0.00914594
FF5,10,-0.06933978
FF5,10,-0.06235729
FF5,10,-0.07835773
FF5,10,-0.02743360
FF5,10,-0.02026392
FF5,10,-0.01363152
FF5,10,-0.04503585
FF5,10,0.04154864
FF5,10,-0.01238414
FF5,10,-0.09898701
FF5,10,-0.03752211
FF5,10,-0.01918460
FF5,10,0.00991581
FF5,10,0.00564710
FF5,10,-0.02906273
FF5,10,0.05144684
FF5,10,0.01853236
FF5,10,-0.00824876
FF5,10,-0.02786901
FF5,10,0.06957142
FF5,10,-0.03354211
FF5,10,-0.01360792
FF5,10,-0.01486960
FF5,10,-0.01364855
FF5,10,-0.02822562
FF5,10,0.03358956
FF5,10,-0.02603360
FF5,10,0.01798957
FF5,10,-0.06045196
FF5,10,0.01179985
FF5,10,0.06650778
FF5,10,-0.01259758
FF5,10,-0.01098548
FF5,10,-0.00521215
FF5,10,-0.00981043
FF5,10,0.02264723
FF5,10,0.02228998
FF5,10,0.07940960
FF5,10,-0.02386825
FF5,10,-0.05016952
FF5,10,-0.04836782
FF5,10,0.03399726
FF5,10,-0.03187520
FF5,10,-0.03430442
FF5,10,-0.00240865
FF5,10,-0.01166788
FF5,10,-0.04262429
FF5,10,-0.02320184
FF5,10,0.00195016
FF5,10,0.06993948
FF5,10,-0.04615833
FF5,10,-0.01536847
FF5,10,-0.02005041
FF5,10,-0.03387931
FF5,10,-0.00939138
FF5,10,-0.02427641
FF5,10,0.02110412
FF5,10,0.07405083
FF5,10,-0.01694601
FF5,10,-0.01299215
FF5,10,-0.08017751
FF5,10,-0.05821428
FF5,10,-0.01936440
FF5,10,0.05017699
FF5,10,-0.06555016
FF5,10,0.04042686
FF5,10,-0.06445497
FF5,10,-0.04882923
FF5,11,-0.12135731
FF5,11,-0.05495659
FF5,11,-0.10519232
FF5,11,-0.06529698
FF5,11,-0.05188995
FF5,11,-0.05174792
FF5,11,-0.03795834
FF5,11,-0.01782038
FF5,11,-0.05729105
FF5,11,-0.06579754
FF5,11,-0.13024294
FF5,11,0.00184659
FF5,11,-0.13047699
FF5,11,-0.04523489
FF5,11,-0.06710620
FF5,11,-0.09994011
FF5,11,-0.00167632
FF5,11,-0.08161631
FF5,11,-0.08070363
FF5,11,-0.00755110
FF5,11,-0.01880104
FF5,11,-0.04176093
FF5,11,-0.05066548
FF5,11,-0.07172642
FF5,11,-0.03289287
FF5,11,-0.05283577
FF5,11,-0.04103297
FF5,11,-0.03761668
FF5,11,-0.00398029
FF5,11,-0.04853075
FF5,11,-0.05448370
FF5,11,-0.09025644
FF5,11,0.13243458
FF5,11,-0.00202241
FF5,11,-0.04944190
FF5,11,-0.03957968
FF5,11,-0.02662126
FF5,11,-0.00788368
FF5,11,-0.02236825
FF5,11,-0.07475385
FF5,11,-0.05881059
FF5,11,-0.01123400
FF5,11,-0.08415960
FF5,11,-0.06103877
FF5,11,-0.05376944
FF5,11,-0.05331700
FF5,11,-0.06116256
FF5,11,-0.10235295
FF5,11,-0.04181142
FF5,11,-0.04616080
FF5,11,-0.06244599
FF5,11,-0.13041650
FF5,11,-0.09490583
FF5,11,-0.06811730
FF5,11,-0.02618457
FF5,11,-0.12046217
FF5,11,-0.08091636
FF5,11,-0.06665197
FF5,11,-0.07883049
FF5,11,-0.04403227
FF5,11,-0.05974304
FF5,11,-0.04935648
FF5,11,-0.08902367
FF5,11,-0.02975564
FF5,11,-0.03197619
FF5,11,-0.05322843
FF5,11,-0.04723468
FF5,11,-0.06263214
FF5,11,-0.05658256
FF5,11,-0.04941964
FF5,11,-0.05399178
FF5,11,-0.07132708
FF5,11,-0.03254896
FF5,11,-0.07145985
FF5,11,0.02359979
FF5,11,0.00054222
FF5,11,-0.05959322
FF5,11,-0.04103952
FF5,11,-0.06260920
FF5,11,-0.08852978
FF5,11,-0.05817228
FF5,11,-0.06128087
FF5,11,-0.07638860
FF5,11,-0.01514181
FF5,11,-0.04368152
FF5,11,-0.07536571
FF5,11,-0.03584074
FF5,11,-0.02302174
FF5,11,-0.03009892
FF5,11,-0.05545587
FF5,11,-0.03607453
FF5,11,0.01226580
FF5,11,-0.05349425
FF5,11,-0.09351372
FF5,11,-0.12103362
FF5,11,-0.04524835
FF5,11,-0.09641820
FF5,11,-0.04516313
FF5,11,-0.11120887
FF5,11,-0.00675926
FF5,11,-0.07930709
FF5,11,-0.03757722
FF5,11,0.00705411
FF5,11,-0.00779057
FF5,11,0.00435925
FF5,11,-0.01925173
FF5,11,-0.12426347
FF5,11,-0.02706961
FF5,11,-0.06988388
FF5,11,-0.12696469
FF5,11,-0.04993910
FF5,11,-0.05009696
FF5,11,-0.00871701
FF5,11,-0.04236089
FF5,11,-0.01284159
FF5,11,-0.03044182
FF5,11,-0.02048260
FF5,11,-0.13759098
FF5,11,0.01204160
FF5,11,-0.02746281
FF5,11,-0.03376232
FF5,11,-0.01656338
FF5,11,-0.04510058
FF5,11,-0.10131868
FF5,11,-0.01782940
FF5,11,-0.02340865
FF5,11,0.00242676
FF5,11,-0.02472343
FF5,11,-0.02099514
FF5,11,-0.02828403
FF5,11,-0.09178013
FF5,11,-0.03727596
FF5,11,-0.00097840
FF5,11,-0.05038648
FF5,11,0.00800385
FF5,11,0.03134113
FF5,11,-0.08084635
FF5,11,-0.00169365
FF5,11,-0.04289954
FF5,11,0.00652108
FF5,11,-0.03445204
FF5,11,-0.02778799
FF5,11,-0.08655944
FF5,11,-0.05870282
FF5,11,-0.01384477
FF5,11,0.02743463
FF5,11,-0.03414093
FF5,11,-0.02241473
FF5,11,-0.03180482
FF5,11,-0.04263087
FF5,11,-0.02342122
FF5,11,-0.07202828
FF5,11,-0.06210536
FF5,11,-0.05465581
FF5,11,-0.18819290
FF5,11,-0.06341410
FF5,11,-0.05932137
FF5,11,-0.09827539
FF5,11,-0.07063435
FF5,11,-0.00241976
FF5,11,-0.04162025
FF5,11,0.04684433
FF5,11,-0.12869710
FF5,11,-0.02225131
FF5,11,-0.06465621
FF5,11,-0.01676588
FF5,11,-0.08280753
FF5,11,-0.06253727
FF5,11,-0.00730962
FF5,11,-0.08405858
FF5,11,-0.06513794
FF5,11,-0.06046200
FF5,11,-0.10256512
FF5,11,-0.09208855
FF5,11,-0.06260875
FF5,11,-0.06480116
FF5,11,-0.09283214
FF5,11,-0.11630005
FF5,11,-0.05526742
FF5,11,-0.06729793
FF5,11,-0.07266083
FF5,11,-0.12293518
FF5,11,-0.04477368
FF5,11,-0.01850819
FF5,11,-0.08458565
FF5,11,-0.04377627
FF5,11,-0.05379851
FF5,11,-0.10048229
FF5,11,-0.07717864
FF5,11,-0.07989790
FF5,11,-0.06576849
FF5,11,-0.04856305
FF5,11,-0.02409530
FF5,11,-0.02196226
FF5,11,-0.05221529
FF5,11,-0.09851266
FF5,11,-0.03310471
FF5,11,-0.04972243
FF5,11,-0.10615905
FF5,11,-0.08635219
FF5,11,0.02287240
FF5,11,-0.06158336
FF5,11,-0.00590807
FF5,11,-0.07989728
FF5,11,-0.09428008
FF5,11,-0.09563601
FF5,11,-0.00156580
FF5,11,-0.07850079
FF5,11,-0.02298401
FF5,11,-0.01951856
FF5,11,-0.08254149
FF5,11,-0.03520439
FF5,11,-0.07308195
FF5,11,-0.04522695
FF5,11,-0.02296275
FF5,11,-0.04517677
FF5,11,-0.05801153
FF5,11,-0.03523758
FF5,11,-0.04654208
FF5,11,-0.06968973
FF5,11,-0.04860404
FF5,11,-0.00187507
FF5,11,-0.06302533
FF5,11,-0.00810960
FF5,11,-0.01290222
FF5,11,-0.10691227
FF5,11,-0.04471977
FF5,11,-0.08886114
FF5,11,-0.08017640
FF5,11,-0.05894245
FF5,11,-0.10138384
FF5,11,-0.04823968
FF5,11,0.01443139
FF5,11,-0.14352336
FF5,11,-0.05378435
FF5,11,-0.07437152
FF5,11,-0.05550858
FF5,11,0.00176144
FF5,11,0.03489543
FF5,11,-0.08606418
FF5,11,-0.00458460
FF5,11,-0.07115210
FF5,11,-0.04117652
FF5,11,-0.04654199
FF5,11,-0.05935110
FF5,11,-0.01232398
FF5,11,-0.01170606
FF5,11,-0.08093532
FF5,11,-0.05523430
FF5,11,-0.05027481
FF5,11,-0.00968862
FF5,11,-0.03369195
FF5,11,0.00893033
FF5,11,-0.06442683
FF5,11,-0.06243315
FF5,11,-0.03799069
FF5,11,-0.00452223
FF5,11,-0.01198687
FF5,11,-0.03091147
FF5,11,-0.05319146
FF5,11,-0.05962338
FF5,11,-0.08254917
FF5,11,-0.08491270
FF5,11,-0.01268319
FF5,11,-0.05093082
FF5,11,-0.00814768
FF5,11,-0.02258393
FF5,11,-0.07763937
FF5,11,-0.01209507
FF5,11,-0.05943321
FF5,11,-0.05866912
FF5,11,-0.06127407
FF5,11,-0.08974976
FF5,11,-0.08354554
FF5,11,-0.06574276
FF5,11,-0.08030322
FF5,11,-0.02825815
FF5,11,-0.04653805
FF5,11,-0.09589852
FF5,11,-0.11263792
FF5,11,-0.03323636
FF5,11,-0.05204013
FF5,11,-0.08021399
FF5,11,-0.10942490
FF5,11,-0.13771428
FF5,11,-0.10623153
FF5,11,-0.01639422
FF5,11,-0.03463502
FF5,11,-0.12615522
FF5,11,-0.05445592
FF5,11,-0.08739401
FF5,11,-0.08667372
FF5,11,-0.04959336
FF5,11,-0.11559503
FF5,11,-0.08033899
FF5,11,-0.08218530
FF5,11,-0.06918162
FF5,11,-0.03308939
FF5,11,-0.02588131
FF5,11,-0.07987417
FF5,11,-0.01723090
FF5,11,-0.08553709
FF5,11,-0.10326296
FF5,11,-0.03179214
FF5,12,-0.01804388
FF5,12,-0.02506061
FF5,12,0.12387904
FF5,12,-0.08455776
FF5,12,0.04407835
FF5,12,-0.05318700
FF5,12,0.01296388
FF5,12,-0.03326493
FF5,12,-0.01185545
FF5,12,0.04746398
FF5,12,-0.04857838
FF5,12,0.00482400
FF5,12,-0.03301180
FF5,12,0.05736358
FF5,12,-0.02083728
FF5,12,0.01003842
FF5,12,-0.00408216
FF5,12,0.10395700
FF5,12,-0.04555986
FF5,12,0.02990424
FF5,12,0.00794282
FF5,12,0.00313825
FF5,12,-0.00992862
FF5,12,-0.09440151
FF5,12,-0.13817542
FF5,12,-0.02380716
FF5,12,-0.07359494
FF5,12,0.00665133
FF5,12,0.01680923
FF5,12,0.09239663
FF5,12,-0.00181783
FF5,12,0.01203202
FF5,12,-0.02437958
FF5,12,0.03087890
FF5,12,-0.06340935
FF5,12,-0.04806398
FF5,12,-0.02114403
FF5,12,0.00909783
FF5,12,-0.02706787
FF5,12,0.03540623
FF5,12,-0.00712546
FF5,12,-0.01772530
FF5,12,0.01827591
FF5,12,-0.05654710
FF5,12,0.02293547
FF5,12,-0.03020408
FF5,12,0.02246779
FF5,12,-0.00589056
FF5,12,-0.03174001
FF5,12,-0.02670981
FF5,12,0.02104589
FF5,12,-0.05967994
FF5,12,-0.02534938
FF5,12,-0.04180773
FF5,12,-0.04576214
FF5,12,-0.08399517
FF5,12,-0.03723469
FF5,12,-0.05323251
FF5,12,-0.07288570
FF5,12,-0.01506146
FF5,12,-0.02703488
FF5,12,-0.01627532
FF5,12,0.03343014
FF5,12,-0.06308404
FF5,12,-0.09371359
FF5,12,-0.02855880
FF5,12,-0.01791858
FF5,12,-0.04575849
FF5,12,-0.04558655
FF5,12,-0.01485024
FF5,12,0.01337567
FF5,12,-0.00174329
FF5,12,0.02555041
FF5,12,-0.03820447
FF5,12,-0.02334205
FF5,12,0.02848050
FF5,12,0.00677170
FF5,12,-0.00569552
FF5,12,-0.07214473
FF5,12,-0.02844270
FF5,12,-0.00314904
FF5,12,-0.02621599
FF5,12,-0.03850816
FF5,12,-0.04680590
FF5,12,0.05260245
FF5,12,-0.03385865
FF5,12,-0.02258795
FF5,12,0.02623070
FF5,12,-0.01292365
FF5,12,0.01205558
FF5,12,-0.03289651
FF5,12,0.02256725
FF5,12,-0.04304396
FF5,12,-0.03384094
FF5,12,-0.05418454
FF5,12,-0.02220065
FF5,12,-0.01332584
FF5,12,-0.02107293
FF5,12,0.03058647
FF5,12,-0.03659457
FF5,12,0.00129253
FF5,12,-0.02464092
FF5,12,0.03227011
FF5,12,0.07824205
FF5,12,0.02156368
FF5,12,0.09562459
FF5,12,0.08822115
FF5,12,0.07794681
FF5,12,0.00306447
FF5,12,0.05437456
FF5,12,0.06394791
FF5,12,-0.04018078
FF5,12,0.04100326
FF5,12,-0.07161342
FF5,12,0.01153386
FF5,12,-0.01362714
FF5,12,0.01863363
FF5,12,0.05260995
FF5,12,0.01857791
FF5,12,0.10406563
FF5,12,0.05095822
FF5,12,-0.00190223
FF5,12,-0.03824807
FF5,12,-0.00020108
FF5,12,0.04050634
FF5,12,0.06075981
FF5,12,-0.01927896
FF5,12,0.06135779
FF5,12,0.08316679
FF5,12,-0.03694687
FF5,12,0.04356297
FF5,12,-0.01570245
FF5,12,0.03823544
FF5,12,0.04160244
FF5,12,0.05305219
FF5,12,0.03038579
FF5,12,0.01484830
FF5,12,-0.05039455
FF5,12,0.03469068
FF5,12,-0.04667114
FF5,12,-0.05971604
FF5,12,-0.04075432
FF5,12,0.04072020
FF5,12,-0.00647421
FF5,12,0.02045352
FF5,12,-0.01882037
FF5,12,0.05606556
FF5,12,-0.00235852
FF5,12,0.03708503
FF5,12,0.01385142
FF5,12,0.02257686
FF5,12,-0.03144591
FF5,12,-0.05728860
FF5,12,-0.00986860
FF5,12,0.02368366
FF5,12,0.01037631
FF5,12,-0.03728457
FF5,12,0.05283725
FF5,12,0.02029470
FF5,12,0.00497844
FF5,12,0.01980853
FF5,12,0.04910874
FF5,12,-0.03965974
FF5,12,0.00850942
FF5,12,0.01839205
FF5,12,-0.03409002
FF5,12,-0.05272878
FF5,12,0.02494384
FF5,12,0.03435481
FF5,12,0.00711560
FF5,12,-0.02353516
FF5,12,0.11320660
FF5,12,0.01601746
FF5,12,-0.00649345
FF5,12,-0.02156671
FF5,12,-0.11346171
FF5,12,-0.00693936
FF5,12,-0.00448875
FF5,12,0.03752875
FF5,12,-0.02257246
FF5,12,0.00078237
FF5,12,0.01821467
FF5,12,0.04493874
FF5,12,0.00148971
FF5,12,-0.00017460
FF5,12,0.04768531
FF5,12,-0.05447691
FF5,12,-0.04337915
FF5,12,-0.03470271
FF5,12,0.02849021
FF5,12,-0.01148123
FF5,12,0.00245701
FF5,12,0.00467980
FF5,12,-0.04821543
FF5,12,-0.04030735
FF5,12,0.02830270
FF5,12,0.00054824
FF5,12,-0.04934421
FF5,12,-0.04682311
FF5,12,-0.07349851
FF5,12,0.00474323
FF5,12,0.01107732
FF5,12,-0.01179265
FF5,12,-0.02359498
FF5,12,-0.04121925
FF5,12,-0.06994765
FF5,12,-0.02555942
FF5,12,0.05158775
FF5,12,-0.02350521
FF5,12,-0.03185393
FF5,12,0.00035020
FF5,12,-0.03844947
FF5,12,-0.04873884
FF5,12,-0.06118994
FF5,12,0.00386909
FF5,12,-0.02631533
FF5,12,0.00635842
FF5,12,-0.00521407
FF5,12,-0.02159676
FF5,12,0.01583723
FF5,12,-0.00501033
FF5,12,0.01993891
FF5,12,-0.04021155
FF5,12,0.01487616
FF5,12,-0.02606341
FF5,12,-0.00626920
FF5,12,-0.07304017
FF5,12,-0.03798661
FF5,12,-0.00726630
FF5,12,-0.04862350
FF5,12,-0.03473016
FF5,12,0.09837578
FF5,12,0.21056825
FF5,12,-0.03311987
FF5,12,-0.04519396
FF5,12,-0.07020930
FF5,12,-0.06980587
FF5,12,-0.04125994
FF5,12,0.02116735
FF5,12,-0.03363447
FF5,12,-0.06428504
FF5,12,-0.02217311
FF5,12,0.02338960
FF5,12,0.04317007
FF5,12,-0.07895602
FF5,12,0.00143475
FF5,12,0.03010273
FF5,12,0.00045057
FF5,12,-0.02284542
FF5,12,0.00307563
FF5,12,-0.02530338
FF5,12,-0.03737794
FF5,12,-0.00147824
FF5,12,0.00318400
FF5,12,0.02948487
FF5,12,-0.01658365
FF5,12,0.00905164
FF5,12,-0.01062810
FF5,12,-0.03945404
FF5,12,0.02972408
FF5,12,0.03325640
FF5,12,0.02371993
FF5,12,-0.03020775
FF5,12,0.02001305
FF5,12,-0.00125341
FF5,12,-0.03958332
FF5,12,0.03050940
FF5,12,-0.02169274
FF5,12,-0.03172014
FF5,12,-0.04176859
FF5,12,0.02483350
FF5,12,-0.05303099
FF5,12,0.01330122
FF5,12,-0.02616222
FF5,12,-0.04695317
FF5,12,-0.04237263
FF5,12,-0.02887809
FF5,12,-0.05886981
FF5,12,-0.02707151
FF5,12,-0.02748191
FF5,12,-0.08355647
FF5,12,-0.03178180
FF5,12,-0.03637582
FF5,12,0.04289832
FF5,12,0.04202999
FF5,12,-0.02791908
FF5,12,0.01508759
FF5,12,-0.03637534
FF5,12,-0.05609024
FF5,12,-0.01186030
FF5,12,-0.04248671
FF5,12,-0.01497461
FF5,12,0.01238076
FF5,12,-0.12655051
FF5,12,-0.00957067
FF5,12,0.02953989
FF5,12,-0.01234310
FF5,12,-0.04110436
FF5,12,-0.07443053
FF5,12,-0.04877913
FF5,12,-0.05124846
FF5,12,-0.01498600
FF5,12,0.03799026
FF5,12,-0.04684700
FF5,12,-0.00786774
FF5,12,-0.05924961
FF5,12,-0.02511353
FF5,12,-0.01560998
q-factor,1,-0.10290289
q-factor,1,-0.00315349
q-factor,1,-0.07932337
q-factor,1,-0.03560074
q-factor,1,-0.08079365
q-factor,1,-0.02823981
q-factor,1,0.04846949
q-factor,1,-0.04251031
q-factor,1,0.00535895
q-factor,1,-0.02745060
q-factor,1,0.00844965
q-factor,1,-0.04518364
q-factor,1,-0.00311836
q-factor,1,0.03606171
q-factor,1,-0.03332551
q-factor,1,-0.08674910
q-factor,1,-0.03736740
q-factor,1,-0.09827619
q-factor,1,-0.04813487
q-factor,1,-0.03963350
q-factor,1,-0.00451482
q-factor,1,-0.06555107
q-factor,1,-0.08777262
q-factor,1,-0.03051725
q-factor,1,-0.06018441
q-factor,1,-0.04158793
q-factor,1,-0.07395559
q-factor,1,0.01319514
q-factor,1,-0.00909455
q-factor,1,-0.06535021
q-factor,1,-0.05447418
q-factor,1,0.07157382
q-factor,1,-0.01621948
q-factor,1,-0.00032147
q-factor,1,-0.02920754
q-factor,1,-0.04561477
q-factor,1,-0.06597638
q-factor,1,-0.01029136
q-factor,1,0.00375387
q-factor,1,0.00599363
q-factor,1,-0.02383442
q-factor,1,-0.01956711
q-factor,1,-0.05127302
q-factor,1,0.01956175
q-factor,1,-0.01385902
q-factor,1,0.02486094
q-factor,1,0.00149371
q-factor,1,0.00680653
q-factor,1,-0.03355511
q-factor,1,0.07105025
q-factor,1,-0.01394920
q-factor,1,-0.03232807
q-factor,1,-0.02817298
q-factor,1,-0.01291510
q-factor,1,-0.01918742
q-factor,1,-0.00920767
q-factor,1,-0.00243901
q-factor,1,0.02470657
q-factor,1,-0.01391946
q-factor,1,-0.02553216
q-factor,1,-0.02056575
q-factor,1,0.01745243
q-factor,1,0.05728235
q-factor,1,0.03306436
q-factor,1,-0.01755368
q-factor,1,-0.01255176
q-factor,1,-0.02573252
q-factor,1,0.00341483
q-factor,1,-0.02633229
q-factor,1,0.07187395
q-factor,1,-0.03223479
q-factor,1,-0.04470908
q-factor,1,0.02269364
q-factor,1,-0.05173269
q-factor,1,-0.08428957
q-factor,1,-0.04927399
q-factor,1,0.03384388
q-factor,1,-0.03479325
q-factor,1,-0.04885549
q-factor,1,-0.01803638
q-factor,1,-0.01339187
q-factor,1,-0.05252965
q-factor,1,-0.03011910
q-factor,1,-0.03737939
q-factor,1,-0.00952443
q-factor,1,-0.03869846
q-factor,1,-0.04515095
q-factor,1,-0.05654860
q-factor,1,-0.04635671
q-factor,1,0.02044271
q-factor,1,-0.00998188
q-factor,1,-0.01433633
q-factor,1,-0.01187976
q-factor,1,-0.01258160
q-factor,1,-0.01760698
q-factor,1,-0.03783830
q-factor,1,-0.01249321
q-factor,1,0.05650201
q-factor,1,-0.00927502
q-factor,1,-0.00335873
q-factor,1,-0.02455244
q-factor,1,-0.00027374
q-factor,1,-0.01212850
q-factor,1,-0.02221956
q-factor,1,-0.00585956
q-factor,1,-0.04259371
q-factor,1,-0.03674518
q-factor,1,0.01227212
q-factor,1,0.00401740
q-factor,1,-0.00078809
q-factor,1,0.01026921
q-factor,1,-0.03488423
q-factor,1,-0.00188198
q-factor,1,0.00267069
q-factor,1,0.01964896
q-factor,1,-0.06904771
q-factor,1,0.01088321
q-factor,1,-0.04270618
q-factor,1,0.01550670
q-factor,1,-0.01840544
q-factor,1,0.02545372
q-factor,1,-0.06469387
q-factor,1,-0.07107217
q-factor,1,-0.01230301
q-factor,1,-0.00525010
q-factor,1,-0.07862918
q-factor,1,-0.01516244
q-factor,1,-0.02272350
q-factor,1,-0.01105504
q-factor,1,-0.04215074
q-factor,1,-0.06319785
q-factor,1,-0.00234233
q-factor,1,-0.10714206
q-factor,1,-0.02873901
q-factor,1,-0.02698626
q-factor,1,0.06891802
q-factor,1,0.00687942
q-factor,1,-0.10844788
q-factor,1,-0.07186565
q-factor,1,-0.07157828
q-factor,1,-0.08483484
q-factor,1,-0.04145878
q-factor,1,-0.04061717
q-factor,1,-0.06019149
q-factor,1,-0.04834973
q-factor,1,-0.03192589
q-factor,1,0.00768145
q-factor,1,0.02855214
q-factor,1,-0.00857274
q-factor,1,-0.01515640
q-factor,1,0.02908263
q-factor,1,0.00337190
q-factor,1,-0.06889641
q-factor,1,-0.06206290
q-factor,1,0.04841115
q-factor,1,0.04757886
q-factor,1,-0.01453206
q-factor,1,-0.02656979
q-factor,1,-0.00896808
q-factor,1,0.02065150
q-factor,1,-0.08538560
q-factor,1,-0.00798909
q-factor,1,-0.03247017
q-factor,1,-0.05741626
q-factor,1,0.05832208
q-factor,1,-0.04925457
q-factor,1,-0.06379934
q-factor,1,0.04223083
q-factor,1,-0.01399203
q-factor,1,-0.06432798
q-factor,1,0.04383370
q-factor,1,0.01483623
q-factor,1,-0.06276759
q-factor,1,-0.03439791
q-factor,1,-0.01464346
q-factor,1,-0.06661253
q-factor,1,-0.04543763
q-factor,1,-0.01040018
q-factor,1,-0.03946978
q-factor,1,-0.01923446
q-factor,1,-0.07164774
q-factor,1,-0.00504350
q-factor,1,0.01626747
q-factor,1,0.00145256
q-factor,1,-0.01173871
q-factor,1,-0.03395940
q-factor,1,-0.05935803
q-factor,1,0.02125193
q-factor,1,0.02979291
q-factor,1,-0.05925037
q-factor,1,-0.05348555
q-factor,1,-0.00965650
q-factor,1,0.02140520
q-factor,1,-0.03643943
q-factor,1,-0.03547050
q-factor,1,-0.05728921
q-factor,1,0.04841458
q-factor,1,-0.07734377
q-factor,1,-0.09032677
q-factor,1,-0.00034084
q-factor,1,0.02449897
q-factor,1,-0.02784464
q-factor,1,0.06423900
q-factor,1,-0.00690328
q-factor,1,-0.06452185
q-factor,1,-0.00019044
q-factor,1,-0.04856076
q-factor,1,-0.01444433
q-factor,1,0.01605804
q-factor,1,-0.02107329
q-factor,1,0.00680885
q-factor,1,-0.06546254
q-factor,1,-0.07207541
q-factor,1,-0.04896924
q-factor,1,0.00214185
q-factor,1,-0.05040293
q-factor,1,-0.09336317
q-factor,1,-0.02936459
q-factor,1,0.00315006
q-factor,1,0.07482943
q-factor,1,-0.03714128
q-factor,1,-0.01828111
q-factor,1,-0.06509118
q-factor,1,0.03740356
q-factor,1,0.00856343
q-factor,1,0.05946609
q-factor,1,-0.01005490
q-factor,1,0.00890748
q-factor,1,0.01880850
q-factor,1,-0.00941965
q-factor,1,0.03171127
q-factor,1,-0.02366047
q-factor,1,-0.04445596
q-factor,1,-0.06988641
q-factor,1,-0.16272004
q-factor,1,-0.02288926
q-factor,1,0.03411389
q-factor,1,-0.04367883
q-factor,1,-0.01422954
q-factor,1,-0.00985519
q-factor,1,-0.03007510
q-factor,1,-0.01516825
q-factor,1,-0.07205973
q-factor,1,-0.00197738
q-factor,2,0.05722987
q-factor,2,-0.01913093
q-factor,2,0.03112175
q-factor,2,0.03359730
q-factor,2,-0.00008049
q-factor,2,0.03925722
q-factor,2,-0.01917196
q-factor,2,-0.07704890
q-factor,2,-0.02575234
q-factor,2,-0.03372774
q-factor,2,0.00237880
q-factor,2,0.04490121
q-factor,2,-0.07251039
q-factor,2,0.06119604
q-factor,2,0.04725072
q-factor,2,-0.02404864
q-factor,2,-0.01003685
q-factor,2,-0.01474873
q-factor,2,-0.02417960
q-factor,2,-0.00270155
q-factor,2,-0.01336154
q-factor,2,0.03971166
q-factor,2,0.00242981
q-factor,2,-0.00808937
q-factor,2,0.00663924
q-factor,2,-0.01606559
q-factor,2,0.04418703
q-factor,2,-0.02049341
q-factor,2,-0.00870039
q-factor,2,0.08433614
q-factor,2,0.03126718
q-factor,2,0.04474671
q-factor,2,0.00064050
q-factor,2,0.02455454
q-factor,2,0.01303109
q-factor,2,0.09436166
q-factor,2,-0.04115365
q-factor,2,0.02543467
q-factor,2,-0.00403764
q-factor,2,0.00751947
q-factor,2,-0.02204941
q-factor,2,0.04943516
q-factor,2,-0.01883983
q-factor,2,0.00537604
q-factor,2,-0.02732460
q-factor,2,-0.06125648
q-factor,2,0.01952920
q-factor,2,0.01871479
q-factor,2,0.01148650
q-factor,2,0.02469919
q-factor,2,-0.05390079
q-factor,2,0.00478914
q-factor,2,0.05661819
q-factor,2,0.06318591
q-factor,2,-0.04217665
q-factor,2,0.00924568
q-factor,2,-0.02463918
q-factor,2,0.04604765
q-factor,2,0.02689832
q-factor,2,0.02745836
q-factor,2,-0.00928565
q-factor,2,0.03899037
q-factor,2,0.00581288
q-factor,2,0.01080447
q-factor,2,0.00712573
q-factor,2,-0.00450214
q-factor,2,0.02470791
q-factor,2,-0.00840494
q-factor,2,-0.02070748
q-factor,2,-0.04741639
q-factor,2,-0.00441542
q-factor,2,-0.01748915
q-factor,2,-0.06245168
q-factor,2,-0.04949010
q-factor,2,0.01445494
q-factor,2,0.03787869
q-factor,2,0.02971624
q-factor,2,0.01895638
q-factor,2,0.01998699
q-factor,2,-0.05464832
q-factor,2,0.01162292
q-factor,2,-0.06958137
q-factor,2,0.00744856
q-factor,2,-0.04932413
q-factor,2,0.02748338
q-factor,2,-0.03377592
q-factor,2,-0.02863834
q-factor,2,-0.04551276
q-factor,2,-0.05312093
q-factor,2,-0.03173780
q-factor,2,-0.05143309
q-factor,2,-0.03677554
q-factor,2,-0.07782781
q-factor,2,-0.07530825
q-factor,2,-0.10564721
q-factor,2,-0.05124413
q-factor,2,0.00418666
q-factor,2,-0.00644027
q-factor,2,-0.07646037
q-factor,2,0.02506373
q-factor,2,-0.08794761
q-factor,2,-0.01823465
q-factor,2,-0.01240184
q-factor,2,-0.03162955
q-factor,2,-0.01630662
q-factor,2,-0.02409385
q-factor,2,-0.07727681
q-factor,2,-0.08592627
q-factor,2,-0.09864973
q-factor,2,0.01041994
q-factor,2,-0.02976825
q-factor,2,-0.03310967
q-factor,2,-0.02437537
q-factor,2,0.02752109
q-factor,2,0.01516356
q-factor,2,-0.00153184
q-factor,2,-0.02383511
q-factor,2,-0.04813100
q-factor,2,-0.07052831
q-factor,2,-0.00320044
q-factor,2,-0.03717630
q-factor,2,-0.06762117
q-factor,2,-0.00670205
q-factor,2,0.04091307
q-factor,2,-0.03640188
q-factor,2,0.02044119
q-factor,2,0.03152207
q-factor,2,-0.02931028
q-factor,2,-0.01798074
q-factor,2,-0.03318577
q-factor,2,0.00468469
q-factor,2,0.04530570
q-factor,2,-0.06994695
q-factor,2,0.01007002
q-factor,2,-0.06859088
q-factor,2,0.04922676
q-factor,2,0.00238450
q-factor,2,-0.05071289
q-factor,2,-0.01779597
q-factor,2,0.00868278
q-factor,2,0.01786199
q-factor,2,-0.02963599
q-factor,2,-0.00069054
q-factor,2,-0.00757666
q-factor,2,-0.01981160
q-factor,2,-0.04487959
q-factor,2,0.01523545
q-factor,2,0.01170401
q-factor,2,0.03793738
q-factor,2,0.01832542
q-factor,2,0.01939899
q-factor,2,-0.03584365
q-factor,2,-0.05473116
q-factor,2,-0.00483027
q-factor,2,0.01471355
q-factor,2,-0.02395894
q-factor,2,-0.01483459
q-factor,2,-0.03496114
q-factor,2,-0.07118684
q-factor,2,-0.09062903
q-factor,2,-0.05483971
q-factor,2,-0.06878184
q-factor,2,-0.01850588
q-factor,2,0.00153876
q-factor,2,-0.05683134
q-factor,2,-0.10522776
q-factor,2,-0.02977526
q-factor,2,0.05837092
q-factor,2,-0.05050467
q-factor,2,-0.04284554
q-factor,2,-0.03287133
q-factor,2,0.00318490
q-factor,2,-0.01310222
q-factor,2,-0.10736967
q-factor,2,-0.04747388
q-factor,2,-0.08854787
q-factor,2,-0.10069844
q-factor,2,-0.03727698
q-factor,2,-0.12577199
q-factor,2,-0.08231422
q-factor,2,-0.04440397
q-factor,2,-0.05965388
q-factor,2,-0.00784535
q-factor,2,-0.01173508
q-factor,2,-0.07750493
q-factor,2,-0.02350452
q-factor,2,0.14291591
q-factor,2,-0.00822262
q-factor,2,0.00326426
q-factor,2,-0.00442521
q-factor,2,0.00045094
q-factor,2,0.02804601
q-factor,2,-0.03210748
q-factor,2,0.01353018
q-factor,2,0.00181123
q-factor,2,-0.00951830
q-factor,2,0.04302097
q-factor,2,-0.03942788
q-factor,2,0.00189698
q-factor,2,0.02039946
q-factor,2,-0.01843327
q-factor,2,-0.02520256
q-factor,2,-0.06118583
q-factor,2,-0.03388669
q-factor,2,0.04443559
q-factor,2,-0.00517939
q-factor,2,-0.00455157
q-factor,2,-0.02153908
q-factor,2,-0.01980025
q-factor,2,-0.00623575
q-factor,2,-0.01369426
q-factor,2,0.01776300
q-factor,2,-0.03424961
q-factor,2,0.00712145
q-factor,2,-0.01956276
q-factor,2,-0.02146768
q-factor,2,-0.00391057
q-factor,2,-0.00090806
q-factor,2,-0.03853455
q-factor,2,-0.03901755
q-factor,2,-0.07864645
q-factor,2,-0.09446183
q-factor,2,-0.00578060
q-factor,2,-0.07652851
q-factor,2,0.03096425
q-factor,2,-0.07471391
q-factor,2,-0.00814162
q-factor,2,0.03315921
q-factor,2,-0.00766190
q-factor,2,-0.07838306
q-factor,2,-0.03309137
q-factor,2,-0.04821489
q-factor,2,-0.04336181
q-factor,2,-0.02375604
q-factor,2,-0.06491631
q-factor,2,-0.02743810
q-factor,2,0.01492737
q-factor,2,-0.06828768
q-factor,2,-0.11541843
q-factor,2,-0.01248569
q-factor,2,-0.01228514
q-factor,2,-0.02621519
q-factor,2,-0.04438976
q-factor,2,-0.02785509
q-factor,2,-0.01877519
q-factor,3,-0.03469219
q-factor,3,0.01830268
q-factor,3,-0.01551788
q-factor,3,0.06099700
q-factor,3,0.03773070
q-factor,3,-0.04308178
q-factor,3,-0.01695955
q-factor,3,0.00019985
q-factor,3,0.03233679
q-factor,3,0.02780736
q-factor,3,-0.01972709
q-factor,3,-0.01536805
q-factor,3,0.03940350
q-factor,3,-0.03242474
q-factor,3,-0.02072081
q-factor,3,-0.02294901
q-factor,3,0.00718279
q-factor,3,-0.02047073
q-factor,3,0.01700569
q-factor,3,-0.01010302
q-factor,3,-0.00836677
q-factor,3,0.04705713
q-factor,3,-0.00757552
q-factor,3,-0.04050242
q-factor,3,-0.00218546
q-factor,3,0.01672803
q-factor,3,0.01406024
q-factor,3,0.03226083
q-factor,3,-0.02879160
q-factor,3,0.00619766
q-factor,3,-0.01236558
q-factor,3,0.06946301
q-factor,3,0.03260490
q-factor,3,0.02320542
q-factor,3,-0.03647456
q-factor,3,-0.03758550
q-factor,3,0.02795702
q-factor,3,-0.01979639
q-factor,3,0.04568572
q-factor,3,0.02282977
q-factor,3,0.06292234
q-factor,3,-0.00226415
q-factor,3,-0.00304447
q-factor,3,-0.02635629
q-factor,3,0.01575941
q-factor,3,0.04974436
q-factor,3,0.01934405
q-factor,3,-0.02577911
q-factor,3,-0.04036115
q-factor,3,0.00837899
q-factor,3,0.01191674
q-factor,3,0.01951205
q-factor,3,0.07096032
q-factor,3,-0.01394662
q-factor,3,-0.00648368
q-factor,3,0.01782148
q-factor,3,0.00835212
q-factor,3,0.01630565
q-factor,3,0.01547902
q-factor,3,0.05665022
q-factor,3,-0.00142021
q-factor,3,0.06469324
q-factor,3,0.02321067
q-factor,3,-0.02508295
q-factor,3,0.02326966
q-factor,3,0.00528143
q-factor,3,0.02777768
q-factor,3,0.04445152
q-factor,3,0.08039182
q-factor,3,-0.01710654
q-factor,3,0.09336170
q-factor,3,0.00124483
q-factor,3,0.01092027
q-factor,3,0.05516569
q-factor,3,-0.02210778
q-factor,3,0.00126520
q-factor,3,-0.02168572
q-factor,3,-0.00405594
q-factor,3,0.01207007
q-factor,3,0.02079553
q-factor,3,0.04867667
q-factor,3,-0.00678815
q-factor,3,0.05255335
q-factor,3,-0.00071445
q-factor,3,-0.01726709
q-factor,3,-0.01487504
q-factor,3,-0.04579508
q-factor,3,-0.03279483
q-factor,3,-0.08154757
q-factor,3,-0.01370710
q-factor,3,-0.00983473
q-factor,3,-0.03995350
q-factor,3,-0.02051399
q-factor,3,0.04933437
q-factor,3,-0.02370762
q-factor,3,-0.04355233
q-factor,3,-0.01213489
q-factor,3,-0.00880554
q-factor,3,-0.02398614
q-factor,3,-0.04512183
q-factor,3,-0.03179542
q-factor,3,-0.01902195
q-factor,3,-0.00176561
q-factor,3,-0.01045982
q-factor,3,-0.08050563
q-factor,3,-0.01595840
q-factor,3,-0.01225207
q-factor,3,-0.02361276
q-factor,3,-0.04282268
q-factor,3,-0.01386554
q-factor,3,-0.03966519
q-factor,3,0.00439163
q-factor,3,-0.02050042
q-factor,3,-0.02586716
q-factor,3,-0.00835958
q-factor,3,0.00011010
q-factor,3,-0.02545726
q-factor,3,-0.01352189
q-factor,3,-0.03313965
q-factor,3,-0.03006291
q-factor,3,-0.02288826
q-factor,3,-0.03691707
q-factor,3,0.08749220
q-factor,3,0.02732107
q-factor,3,-0.01686121
q-factor,3,-0.02627171
q-factor,3,-0.02376513
q-factor,3,-0.03754941
q-factor,3,0.03278678
q-factor,3,-0.00513124
q-factor,3,-0.02278594
q-factor,3,-0.01988764
q-factor,3,-0.01258036
q-factor,3,0.04648863
q-factor,3,-0.02472665
q-factor,3,0.00341412
q-factor,3,-0.02809565
q-factor,3,0.00710795
q-factor,3,0.00496404
q-factor,3,0.03463875
q-factor,3,-0.01553198
q-factor,3,-0.00296736
q-factor,3,-0.01412374
q-factor,3,-0.00614798
q-factor,3,-0.01211183
q-factor,3,0.03908598
q-factor,3,-0.01914972
q-factor,3,0.03480618
q-factor,3,-0.00684283
q-factor,3,0.05431469
q-factor,3,0.05260405
q-factor,3,0.00185371
q-factor,3,0.01069356
q-factor,3,0.00599960
q-factor,3,0.05404079
q-factor,3,0.09138091
q-factor,3,-0.01988696
q-factor,3,-0.03193648
q-factor,3,-0.00461789
q-factor,3,0.06759451
q-factor,3,-0.05170485
q-factor,3,-0.04422083
q-factor,3,0.01055498
q-factor,3,0.04076440
q-factor,3,0.00833269
q-factor,3,0.03952209
q-factor,3,-0.02666145
q-factor,3,-0.00801638
q-factor,3,0.06479523
q-factor,3,-0.02902672
q-factor,3,-0.01807477
q-factor,3,-0.04605591
q-factor,3,-0.00543406
q-factor,3,-0.00668072
q-factor,3,-0.01160036
q-factor,3,0.03520708
q-factor,3,0.00375810
q-factor,3,0.05623643
q-factor,3,0.06716276
q-factor,3,0.05301923
q-factor,3,0.05557641
q-factor,3,-0.02054175
q-factor,3,0.04908306
q-factor,3,0.04208705
q-factor,3,0.00719384
q-factor,3,0.05067341
q-factor,3,-0.03404243
q-factor,3,-0.01185160
q-factor,3,0.00379004
q-factor,3,-0.01960891
q-factor,3,-0.04799961
q-factor,3,0.02034278
q-factor,3,0.01272599
q-factor,3,-0.01406517
q-factor,3,0.01348593
q-factor,3,0.01745963
q-factor,3,0.02556599
q-factor,3,-0.01300474
q-factor,3,-0.01574904
q-factor,3,0.00930439
q-factor,3,-0.02224408
q-factor,3,0.02487297
q-factor,3,0.01157705
q-factor,3,0.01048480
q-factor,3,0.00203247
q-factor,3,-0.00821045
q-factor,3,-0.01447288
q-factor,3,0.00822364
q-factor,3,0.03535866
q-factor,3,-0.00726967
q-factor,3,-0.01270084
q-factor,3,-0.01916951
q-factor,3,0.00893805
q-factor,3,0.02068597
q-factor,3,-0.02455871
q-factor,3,-0.07487295
q-factor,3,0.02379785
q-factor,3,0.02299245
q-factor,3,-0.03471758
q-factor,3,0.01043530
q-factor,3,-0.01166853
q-factor,3,-0.02487261
q-factor,3,-0.02551755
q-factor,3,0.04685898
q-factor,3,0.04782771
q-factor,3,-0.01775038
q-factor,3,-0.02177409
q-factor,3,-0.02221434
q-factor,3,0.04104495
q-factor,3,0.04392869
q-factor,3,-0.03824104
q-factor,3,-0.01438274
q-factor,3,0.02291962
q-factor,3,-0.01296499
q-factor,3,-0.00232131
q-factor,3,-0.04862562
q-factor,3,0.01359189
q-factor,3,-0.04918015
q-factor,3,-0.00022976
q-factor,3,-0.02893166
q-factor,3,-0.00973844
q-factor,3,0.01258691
q-factor,3,-0.01747148
q-factor,3,-0.00692439
q-factor,3,-0.01297395
q-factor,3,0.00831004
q-factor,3,0.02017657
q-factor,3,0.00630194
q-factor,3,0.06499562
q-factor,3,-0.03095793
q-factor,3,0.06360129
q-factor,3,-0.00536562
q-factor,4,0.04325169
q-factor,4,0.05841107
q-factor,4,-0.00315674
q-factor,4,-0.01245020
q-factor,4,-0.00171359
q-factor,4,0.03022516
q-factor,4,0.00524851
q-factor,4,-0.00344941
q-factor,4,-0.02168108
q-factor,4,0.02031975
q-factor,4,-0.01070109
q-factor,4,-0.02582437
q-factor,4,-0.01410164
q-factor,4,0.01720829
q-factor,4,-0.01273969
q-factor,4,0.07563560
q-factor,4,-0.01645858
q-factor,4,-0.00333448
q-factor,4,0.00078330
q-factor,4,-0.04210164
q-factor,4,-0.02446341
q-factor,4,-0.02361202
q-factor,4,-0.03990569
q-factor,4,-0.01030837
q-factor,4,-0.05066224
q-factor,4,-0.05681061
q-factor,4,0.01101696
q-factor,4,-0.04067709
q-factor,4,-0.00988708
q-factor,4,0.11581099
q-factor,4,-0.02071254
q-factor,4,-0.01368446
q-factor,4,-0.04679375
q-factor,4,-0.04315040
q-factor,4,-0.04459232
q-factor,4,-0.04022748
q-factor,4,-0.02870271
q-factor,4,-0.04927811
q-factor,4,-0.08927216
q-factor,4,-0.04847870
q-factor,4,-0.05692531
q-factor,4,-0.03494779
q-factor,4,-0.02074163
q-factor,4,-0.05120431
q-factor,4,0.00825193
q-factor,4,0.00792793
q-factor,4,-0.05820149
q-factor,4,-0.07711494
q-factor,4,-0.05702289
q-factor,4,-0.00664313
q-factor,4,0.06694258
q-factor,4,-0.04575939
q-factor,4,-0.07700083
q-factor,4,-0.05880800
q-factor,4,0.05011270
q-factor,4,-0.04183131
q-factor,4,-0.04149767
q-factor,4,-0.03348299
q-factor,4,0.00263499
q-factor,4,-0.04755790
q-factor,4,-0.00831161
q-factor,4,0.00245914
q-factor,4,-0.03682932
q-factor,4,-0.02341322
q-factor,4,-0.00586656
q-factor,4,-0.05820373
q-factor,4,-0.00474150
q-factor,4,0.03882664
q-factor,4,0.01014142
q-factor,4,-0.01674564
q-factor,4,-0.04532453
q-factor,4,0.02381146
q-factor,4,0.03340036
q-factor,4,0.05846045
q-factor,4,-0.01805091
q-factor,4,0.06212882
q-factor,4,-0.04705885
q-factor,4,0.06984723
q-factor,4,-0.00991110
q-factor,4,-0.02608935
q-factor,4,0.00767725
q-factor,4,-0.00689850
q-factor,4,0.02910275
q-factor,4,-0.05432551
q-factor,4,-0.00109913
q-factor,4,-0.02382499
q-factor,4,-0.00455848
q-factor,4,-0.05384618
q-factor,4,0.02587273
q-factor,4,0.07336760
q-factor,4,0.03821315
q-factor,4,-0.00112930
q-factor,4,0.00334494
q-factor,4,0.04179149
q-factor,4,0.01975348
q-factor,4,-0.03029826
q-factor,4,-0.04227772
q-factor,4,0.02146878
q-factor,4,-0.02158882
q-factor,4,-0.00553305
q-factor,4,-0.02942234
q-factor,4,0.01259107
q-factor,4,0.01870018
q-factor,4,-0.02326925
q-factor,4,-0.01103256
q-factor,4,-0.00426432
q-factor,4,0.05398422
q-factor,4,-0.00521137
q-factor,4,-0.01484390
q-factor,4,0.01409279
q-factor,4,-0.00094205
q-factor,4,-0.02075070
q-factor,4,0.00937464
q-factor,4,-0.01915515
q-factor,4,-0.00841988
q-factor,4,-0.02428958
q-factor,4,0.03396531
q-factor,4,0.01468284
q-factor,4,0.00084428
q-factor,4,-0.00923555
q-factor,4,-0.00229111
q-factor,4,0.01116239
q-factor,4,-0.06121392
q-factor,4,0.04845169
q-factor,4,0.00786530
q-factor,4,-0.03292962
q-factor,4,-0.00022901
q-factor,4,0.06205379
q-factor,4,0.03501365
q-factor,4,0.00022933
q-factor,4,-0.05258014
q-factor,4,-0.00060387
q-factor,4,-0.01836383
q-factor,4,-0.01254061
q-factor,4,-0.02253701
q-factor,4,-0.01329148
q-factor,4,-0.00346268
q-factor,4,-0.02201078
q-factor,4,-0.02018520
q-factor,4,0.11213439
q-factor,4,-0.00514616
q-factor,4,0.00160357
q-factor,4,-0.04611148
q-factor,4,-0.01804251
q-factor,4,-0.01529020
q-factor,4,0.01730464
q-factor,4,-0.02981419
q-factor,4,-0.02892618
q-factor,4,-0.02116986
q-factor,4,0.04021750
q-factor,4,0.10116504
q-factor,4,-0.01073213
q-factor,4,0.00849367
q-factor,4,0.01643657
q-factor,4,-0.01387120
q-factor,4,-0.03723938
q-factor,4,-0.02325911
q-factor,4,-0.09811925
q-factor,4,-0.07160442
q-factor,4,-0.02478504
q-factor,4,0.01547358
q-factor,4,0.02757408
q-factor,4,-0.01052894
q-factor,4,0.04407930
q-factor,4,0.04309582
q-factor,4,0.02992765
q-factor,4,0.09812833
q-factor,4,-0.04718069
q-factor,4,0.03511047
q-factor,4,0.00475098
q-factor,4,0.05621309
q-factor,4,0.05858285
q-factor,4,0.04250319
q-factor,4,0.02703476
q-factor,4,-0.01640888
q-factor,4,0.01005945
q-factor,4,0.01532898
q-factor,4,0.00227702
q-factor,4,-0.02669660
q-factor,4,-0.06064995
q-factor,4,-0.00508496
q-factor,4,0.01866782
q-factor,4,-0.02028211
q-factor,4,-0.01631499
q-factor,4,0.02762148
q-factor,4,0.00422144
q-factor,4,-0.00898052
q-factor,4,-0.00740298
q-factor,4,0.00592670
q-factor,4,-0.02271131
q-factor,4,-0.01687320
q-factor,4,-0.00549788
q-factor,4,0.10706121
q-factor,4,-0.05724259
q-factor,4,0.00424493
q-factor,4,-0.03378781
q-factor,4,-0.02260068
q-factor,4,0.02542456
q-factor,4,0.02035026
q-factor,4,-0.01173543
q-factor,4,0.04133278
q-factor,4,-0.00589228
q-factor,4,-0.05405720
q-factor,4,0.02590426
q-factor,4,-0.01138343
q-factor,4,-0.04967693
q-factor,4,-0.07410939
q-factor,4,-0.04055850
q-factor,4,-0.00279266
q-factor,4,-0.00999491
q-factor,4,0.00728251
q-factor,4,0.06770107
q-factor,4,-0.05705453
q-factor,4,0.03345776
q-factor,4,-0.01256409
q-factor,4,-0.05152964
q-factor,4,0.00154333
q-factor,4,-0.01149318
q-factor,4,-0.02780561
q-factor,4,0.01274813
q-factor,4,-0.02044010
q-factor,4,-0.01260509
q-factor,4,0.06708269
q-factor,4,-0.04629754
q-factor,4,-0.01356490
q-factor,4,0.03269835
q-factor,4,-0.00327214
q-factor,4,0.04215641
q-factor,4,0.03254634
q-factor,4,0.04807691
q-factor,4,-0.05010667
q-factor,4,0.04662089
q-factor,4,0.07402517
q-factor,4,0.11507861
q-factor,4,-0.03674711
q-factor,4,0.00059578
q-factor,4,0.08020061
q-factor,4,-0.01561928
q-factor,4,-0.02374575
q-factor,4,0.02558215
q-factor,4,-0.01559885
q-factor,4,0.02903694
q-factor,4,-0.03614286
q-factor,4,0.00478824
q-factor,4,-0.00745869
q-factor,4,-0.06153055
q-factor,4,-0.01241513
q-factor,4,0.09460648
q-factor,4,-0.01267171
q-factor,4,-0.00075425
q-factor,4,-0.00375178
q-factor,4,0.05655961
q-factor,4,-0.05198334
q-factor,4,0.00807473
q-factor,4,-0.08826112
q-factor,4,0.05101534
q-factor,5,-0.08005611
q-factor,5,0.03769173
q-factor,5,0.01868189
q-factor,5,-0.04643090
q-factor,5,-0.00529275
q-factor,5,-0.01492056
q-factor,5,-0.00383711
q-factor,5,-0.07086895
q-factor,5,-0.01196008
q-factor,5,-0.03865849
q-factor,5,-0.05172575
q-factor,5,-0.08046849
q-factor,5,-0.01646652
q-factor,5,0.03747794
q-factor,5,0.02015086
q-factor,5,-0.04402162
q-factor,5,-0.07527844
q-factor,5,0.00406000
q-factor,5,-0.00128997
q-factor,5,-0.02072755
q-factor,5,-0.03266297
q-factor,5,-0.03715351
q-factor,5,-0.02623790
q-factor,5,-0.06193747
q-factor,5,-0.03306988
q-factor,5,-0.01529397
q-factor,5,-0.03188517
q-factor,5,0.06363810
q-factor,5,-0.02497378
q-factor,5,-0.05464565
q-factor,5,-0.06029042
q-factor,5,-0.05861140
q-factor,5,-0.06851309
q-factor,5,-0.00905399
q-factor,5,0.04552871
q-factor,5,-0.00360416
q-factor,5,-0.03483694
q-factor,5,-0.02531487
q-factor,5,0.05080045
q-factor,5,-0.06941877
q-factor,5,-0.00358279
q-factor,5,-0.02442890
q-factor,5,-0.02186121
q-factor,5,-0.06980536
q-factor,5,0.06932621
q-factor,5,-0.03365474
q-factor,5,-0.04656167
q-factor,5,-0.03694732
q-factor,5,0.02716345
q-factor,5,-0.01828967
q-factor,5,-0.01947686
q-factor,5,-0.02900708
q-factor,5,-0.02471651
q-factor,5,-0.00826398
q-factor,5,0.01386830
q-factor,5,-0.04839133
q-factor,5,0.05898869
q-factor,5,-0.03113529
q-factor,5,-0.04425192
q-factor,5,-0.00865869
q-factor,5,0.07275461
q-factor,5,-0.01122532
q-factor,5,-0.02434651
q-factor,5,0.01439265
q-factor,5,0.02455338
q-factor,5,-0.01472162
q-factor,5,-0.10464932
q-factor,5,-0.02639243
q-factor,5,-0.00763377
q-factor,5,-0.12827221
q-factor,5,-0.01025092
q-factor,5,-0.05868490
q-factor,5,-0.03641265
q-factor,5,-0.04316977
q-factor,5,0.05576932
q-factor,5,-0.11290710
q-factor,5,-0.03885332
q-factor,5,-0.03979316
q-factor,5,-0.09349951
q-factor,5,-0.05217045
q-factor,5,-0.05758648
q-factor,5,-0.01972124
q-factor,5,-0.07144213
q-factor,5,-0.00721446
q-factor,5,-0.01019058
q-factor,5,-0.01903938
q-factor,5,-0.02630702
q-factor,5,-0.02670432
q-factor,5,-0.04856831
q-factor,5,-0.02096783
q-factor,5,-0.00310724
q-factor,5,-0.08312087
q-factor,5,-0.01361961
q-factor,5,-0.04890750
q-factor,5,0.00801253
q-factor,5,-0.03927975
q-factor,5,-0.00716580
q-factor,5,-0.03890404
q-factor,5,-0.06694885
q-factor,5,-0.02376978
q-factor,5,-0.05429448
q-factor,5,-0.05238488
q-factor,5,-0.08389260
q-factor,5,-0.01485310
q-factor,5,-0.01003050
q-factor,5,-0.02483715
q-factor,5,-0.02689405
q-factor,5,-0.01122839
q-factor,5,0.02547315
q-factor,5,-0.05032726
q-factor,5,-0.02156580
q-factor,5,0.01108237
q-factor,5,-0.02807663
q-factor,5,-0.07139873
q-factor,5,-0.06472256
q-factor,5,0.02684674
q-factor,5,0.01106577
q-factor,5,0.03223998
q-factor,5,-0.07013753
q-factor,5,0.10519868
q-factor,5,0.01746069
q-factor,5,0.05666566
q-factor,5,0.05459184
q-factor,5,0.07973557
q-factor,5,0.06701504
q-factor,5,0.13972962
q-factor,5,0.11202537
q-factor,5,0.10377061
q-factor,5,-0.10131925
q-factor,5,-0.03460745
q-factor,5,0.10593880
q-factor,5,-0.05367122
q-factor,5,0.09505381
q-factor,5,-0.01145784
q-factor,5,-0.03525036
q-factor,5,0.05942966
q-factor,5,0.05765080
q-factor,5,0.11388368
q-factor,5,0.04914528
q-factor,5,-0.00885736
q-factor,5,0.06220075
q-factor,5,0.00947604
q-factor,5,-0.07983350
q-factor,5,-0.06622457
q-factor,5,-0.02797275
q-factor,5,-0.02881311
q-factor,5,-0.02502176
q-factor,5,-0.01761766
q-factor,5,0.00655986
q-factor,5,0.06927406
q-factor,5,-0.02952574
q-factor,5,-0.01069572
q-factor,5,-0.04835188
q-factor,5,-0.02981719
q-factor,5,-0.02659638
q-factor,5,-0.03371238
q-factor,5,-0.03339784
q-factor,5,-0.03936644
q-factor,5,-0.02370241
q-factor,5,-0.04536011
q-factor,5,-0.09017375
q-factor,5,0.05015911
q-factor,5,0.00307258
q-factor,5,0.05935838
q-factor,5,0.03231033
q-factor,5,-0.05549476
q-factor,5,0.00052555
q-factor,5,0.00811786
q-factor,5,0.10520327
q-factor,5,0.08130388
q-factor,5,0.01863338
q-factor,5,0.03282894
q-factor,5,-0.04852819
q-factor,5,0.01486014
q-factor,5,-0.06068062
q-factor,5,0.02337720
q-factor,5,0.10830312
q-factor,5,0.02092744
q-factor,5,0.06411204
q-factor,5,0.12385345
q-factor,5,-0.01585111
q-factor,5,-0.01268012
q-factor,5,0.04728183
q-factor,5,0.01340622
q-factor,5,-0.00338065
q-factor,5,-0.03289520
q-factor,5,0.00508105
q-factor,5,-0.03036837
q-factor,5,-0.01712133
q-factor,5,0.00523579
q-factor,5,0.00917041
q-factor,5,-0.01224259
q-factor,5,-0.05743914
q-factor,5,0.02812111
q-factor,5,-0.01249997
q-factor,5,-0.05061529
q-factor,5,-0.03453233
q-factor,5,0.03949222
q-factor,5,-0.04845689
q-factor,5,-0.01959194
q-factor,5,0.00683597
q-factor,5,-0.01554932
q-factor,5,-0.04249031
q-factor,5,0.06399720
q-factor,5,0.05357979
q-factor,5,-0.01036643
q-factor,5,-0.05748991
q-factor,5,0.02491292
q-factor,5,0.02227709
q-factor,5,-0.02142534
q-factor,5,-0.03238299
q-factor,5,0.04006541
q-factor,5,0.05846601
q-factor,5,0.08022788
q-factor,5,-0.00061685
q-factor,5,-0.01225300
q-factor,5,0.02545064
q-factor,5,0.06874447
q-factor,5,-0.05187711
q-factor,5,0.07839718
q-factor,5,-0.06179484
q-factor,5,-0.00288097
q-factor,5,-0.04603458
q-factor,5,-0.00438635
q-factor,5,-0.04158871
q-factor,5,-0.04292275
q-factor,5,-0.07968591
q-factor,5,-0.03440354
q-factor,5,0.02870750
q-factor,5,0.00001772
q-factor,5,0.04499975
q-factor,5,-0.00204030
q-factor,5,0.04190408
q-factor,5,0.00213956
q-factor,5,-0.04966460
q-factor,5,-0.05417686
q-factor,5,0.05864051
q-factor,5,0.10364816
q-factor,5,0.04315524
q-factor,5,-0.05147906
q-factor,5,-0.03777665
q-factor,5,0.01318472
q-factor,5,-0.01873522
q-factor,5,0.06943466
q-factor,5,-0.05841888
q-factor,5,-0.04353074
q-factor,5,-0.02373540
q-factor,5,-0.05108924
q-factor,5,-0.04612176
q-factor,5,0.04269123
q-factor,5,0.07799210
q-factor,5,-0.06121672
q-factor,5,0.06105201
q-factor,5,-0.07942163
q-factor,5,0.07832329
q-factor,5,0.07547362
q-factor,5,-0.01513998
q-factor,5,-0.06176237
q-factor,5,-0.05131473
q-factor,5,0.10536524
q-factor,5,-0.00446681
q-factor,5,0.12094317
q-factor,6,-0.11438791
q-factor,6,-0.06922838
q-factor,6,-0.07304649
q-factor,6,-0.09328123
q-factor,6,-0.09157522
q-factor,6,-0.11764445
q-factor,6,-0.09869132
q-factor,6,-0.04927348
q-factor,6,-0.01691781
q-factor,6,0.01551579
q-factor,6,-0.09596990
q-factor,6,-0.14030642
q-factor,6,-0.12689890
q-factor,6,-0.04740856
q-factor,6,-0.02441363
q-factor,6,-0.07036053
q-factor,6,-0.03893117
q-factor,6,-0.11983433
q-factor,6,-0.08975851
q-factor,6,-0.04668981
q-factor,6,-0.13560547
q-factor,6,-0.03386894
q-factor,6,-0.05040673
q-factor,6,-0.09442925
q-factor,6,-0.09760084
q-factor,6,-0.11451969
q-factor,6,-0.10710708
q-factor,6,-0.01576209
q-factor,6,0.02599683
q-factor,6,-0.05999082
q-factor,6,-0.01640035
q-factor,6,0.01810919
q-factor,6,-0.03214585
q-factor,6,-0.07695592
q-factor,6,-0.11685463
q-factor,6,-0.06535209
q-factor,6,-0.07676948
q-factor,6,-0.05366618
q-factor,6,-0.04314391
q-factor,6,-0.07869604
q-factor,6,-0.08070817
q-factor,6,-0.06472595
q-factor,6,-0.04062214
q-factor,6,-0.01995188
q-factor,6,-0.12311069
q-factor,6,0.02799768
q-factor,6,0.06350173
q-factor,6,-0.10715041
q-factor,6,0.05240687
q-factor,6,-0.05256342
q-factor,6,-0.00551833
q-factor,6,-0.01818315
q-factor,6,-0.05204250
q-factor,6,-0.03408204
q-factor,6,-0.06536951
q-factor,6,-0.07697199
q-factor,6,-0.09796676
q-factor,6,0.00393622
q-factor,6,-0.08061110
q-factor,6,-0.02515130
q-factor,6,-0.07613323
q-factor,6,-0.08740620
q-factor,6,-0.09090421
q-factor,6,-0.08033364
q-factor,6,-0.02196698
q-factor,6,-0.08565990
q-factor,6,-0.04950528
q-factor,6,-0.10000093
q-factor,6,-0.00834342
q-factor,6,-0.17204382
q-factor,6,-0.04171636
q-factor,6,-0.12964953
q-factor,6,-0.03895493
q-factor,6,-0.13019176
q-factor,6,0.08702016
q-factor,6,0.03433847
q-factor,6,-0.04457979
q-factor,6,0.02312589
q-factor,6,-0.10362574
q-factor,6,-0.04614518
q-factor,6,-0.04754609
q-factor,6,-0.09384583
q-factor,6,-0.07523827
q-factor,6,-0.02383908
q-factor,6,-0.07361422
q-factor,6,0.01209677
q-factor,6,-0.07863337
q-factor,6,-0.08300899
q-factor,6,0.18378167
q-factor,6,0.01516220
q-factor,6,-0.01685711
q-factor,6,0.01125816
q-factor,6,-0.04535641
q-factor,6,-0.07287122
q-factor,6,-0.06094223
q-factor,6,-0.05940843
q-factor,6,-0.10659941
q-factor,6,0.00493931
q-factor,6,-0.10888807
q-factor,6,-0.12327800
q-factor,6,-0.05970422
q-factor,6,-0.08959834
q-factor,6,-0.02124106
q-factor,6,-0.11332235
q-factor,6,-0.05714427
q-factor,6,-0.01394691
q-factor,6,0.01625828
q-factor,6,-0.03893785
q-factor,6,-0.00652598
q-factor,6,0.01461039
q-factor,6,-0.06754234
q-factor,6,-0.02756406
q-factor,6,-0.06514532
q-factor,6,-0.06432526
q-factor,6,0.02512511
q-factor,6,-0.07171503
q-factor,6,-0.03620328
q-factor,6,-0.00686738
q-factor,6,-0.05196588
q-factor,6,-0.01972027
q-factor,6,-0.15595727
q-factor,6,-0.01034754
q-factor,6,0.02318778
q-factor,6,0.00614746
q-factor,6,-0.01263889
q-factor,6,-0.02285185
q-factor,6,-0.02603071
q-factor,6,-0.00917050
q-factor,6,-0.05764940
q-factor,6,0.03505621
q-factor,6,-0.06350677
q-factor,6,-0.08412940
q-factor,6,-0.04966246
q-factor,6,0.00106198
q-factor,6,-0.12863225
q-factor,6,0.02606486
q-factor,6,-0.02840839
q-factor,6,-0.06757420
q-factor,6,0.02870205
q-factor,6,0.02401130
q-factor,6,-0.03695126
q-factor,6,-0.07410771
q-factor,6,-0.07135272
q-factor,6,-0.01840496
q-factor,6,0.00701000
q-factor,6,-0.03137584
q-factor,6,-0.09556315
q-factor,6,-0.07684838
q-factor,6,-0.08941599
q-factor,6,-0.05099281
q-factor,6,0.11397873
q-factor,6,0.08605221
q-factor,6,0.06829647
q-factor,6,0.00406748
q-factor,6,-0.07749152
q-factor,6,0.03224330
q-factor,6,-0.13310720
q-factor,6,0.02970675
q-factor,6,-0.00685869
q-factor,6,-0.10246735
q-factor,6,-0.08531397
q-factor,6,-0.00702820
q-factor,6,-0.03168659
q-factor,6,-0.07518724
q-factor,6,-0.08854168
q-factor,6,-0.03667270
q-factor,6,-0.00734736
q-factor,6,-0.08544113
q-factor,6,0.03722006
q-factor,6,-0.05457871
q-factor,6,-0.03597976
q-factor,6,0.05063860
q-factor,6,0.06282576
q-factor,6,0.00647394
q-factor,6,-0.00903540
q-factor,6,-0.11177231
q-factor,6,0.02409506
q-factor,6,0.00576774
q-factor,6,-0.00672674
q-factor,6,-0.08408872
q-factor,6,-0.06061983
q-factor,6,0.01707837
q-factor,6,-0.03684945
q-factor,6,0.00676639
q-factor,6,-0.00699716
q-factor,6,-0.02936747
q-factor,6,-0.11889424
q-factor,6,-0.08049133
q-factor,6,-0.04014189
q-factor,6,0.03341470
q-factor,6,-0.02103321
q-factor,6,-0.09795598
q-factor,6,-0.04782023
q-factor,6,-0.06393831
q-factor,6,-0.01905501
q-factor,6,-0.03014302
q-factor,6,-0.01029599
q-factor,6,0.00526951
q-factor,6,-0.04077840
q-factor,6,0.01525753
q-factor,6,-0.05112499
q-factor,6,-0.06641536
q-factor,6,-0.00789467
q-factor,6,-0.08024649
q-factor,6,0.03562689
q-factor,6,-0.04629407
q-factor,6,-0.00862435
q-factor,6,-0.01297844
q-factor,6,-0.09353669
q-factor,6,-0.00587103
q-factor,6,-0.01147364
q-factor,6,-0.08066415
q-factor,6,-0.10732097
q-factor,6,-0.05694346
q-factor,6,-0.04714716
q-factor,6,-0.07584617
q-factor,6,-0.09969740
q-factor,6,-0.02408422
q-factor,6,-0.02615820
q-factor,6,0.01040502
q-factor,6,0.01813673
q-factor,6,-0.03888348
q-factor,6,-0.10440429
q-factor,6,0.01455778
q-factor,6,-0.10296310
q-factor,6,-0.07192128
q-factor,6,0.01621308
q-factor,6,0.01161127
q-factor,6,-0.02522253
q-factor,6,0.04242204
q-factor,6,-0.04066884
q-factor,6,-0.07839573
q-factor,6,0.04423150
q-factor,6,-0.03994677
q-factor,6,-0.07296161
q-factor,6,-0.10968534
q-factor,6,-0.08691360
q-factor,6,-0.06784619
q-factor,6,0.01151557
q-factor,6,-0.03422646
q-factor,6,-0.02966305
q-factor,6,-0.02194600
q-factor,6,-0.09858649
q-factor,6,-0.09495138
q-factor,6,0.01722746
q-factor,6,0.04661855
q-factor,6,-0.05437250
q-factor,6,-0.04545498
q-factor,6,0.05510116
q-factor,6,0.01848072
q-factor,6,-0.04976476
q-factor,6,0.00724034
q-factor,6,-0.05664607
q-factor,6,-0.01531667
q-factor,6,-0.11428712
q-factor,6,-0.01393114
q-factor,6,-0.07349626
q-factor,6,0.00850601
q-factor,6,-0.02423996
q-factor,6,-0.08054725
q-factor,6,-0.11620988
q-factor,6,-0.01579870
q-factor,6,-0.01100111
q-factor,6,-0.04467355
q-factor,6,-0.05981720
q-factor,6,-0.07341256
q-factor,6,-0.06760341
q-factor,6,-0.03404054
q-factor,6,-0.05056412
q-factor,6,-0.02884674
q-factor,7,0.11166393
q-factor,7,0.07529293
q-factor,7,0.15916889
q-factor,7,0.06744237
q-factor,7,0.06572472
q-factor,7,0.15059352
q-factor,7,0.10317564
q-factor,7,0.13520877
q-factor,7,0.05484569
q-factor,7,0.15963018
q-factor,7,0.07932903
q-factor,7,0.15781006
q-factor,7,0.05322571
q-factor,7,0.17958177
q-factor,7,0.27130894
q-factor,7,0.26424011
q-factor,7,0.14596953
q-factor,7,0.17042335
q-factor,7,0.04400210
q-factor,7,0.18256936
q-factor,7,0.08265372
q-factor,7,0.08608408
q-factor,7,0.14917446
q-factor,7,0.05135885
q-factor,7,0.32034600
q-factor,7,0.15958710
q-factor,7,0.25576768
q-factor,7,0.16269960
q-factor,7,0.12415115
q-factor,7,0.14032077
q-factor,7,0.12439856
q-factor,7,0.10554303
q-factor,7,0.07423169
q-factor,7,0.08224897
q-factor,7,0.14858152
q-factor,7,0.08189496
q-factor,7,0.17572760
q-factor,7,0.14198762
q-factor,7,0.30107873
q-factor,7,0.05701673
q-factor,7,0.15071332
q-factor,7,0.13898677
q-factor,7,0.16036549
q-factor,7,0.13758308
q-factor,7,0.18615917
q-factor,7,0.27762667
q-factor,7,0.09320065
q-factor,7,0.23327480
q-factor,7,0.17205692
q-factor,7,0.08582058
q-factor,7,0.02777361
q-factor,7,0.29179040
q-factor,7,0.12422515
q-factor,7,0.19463091
q-factor,7,0.12963585
q-factor,7,0.14797492
q-factor,7,0.02021034
q-factor,7,0.09469183
q-factor,7,0.05723259
q-factor,7,0.12394800
q-factor,7,0.20720200
q-factor,7,0.17763774
q-factor,7,0.10373333
q-factor,7,-0.00798804
q-factor,7,0.09004848
q-factor,7,0.05200769
q-factor,7,0.12626836
q-factor,7,0.06761442
q-factor,7,0.04913149
q-factor,7,0.15364120
q-factor,7,0.05566833
q-factor,7,0.08820943
q-factor,7,0.05491836
q-factor,7,0.05563028
q-factor,7,0.12631650
q-factor,7,0.06491452
q-factor,7,0.08897065
q-factor,7,0.13065336
q-factor,7,0.00212663
q-factor,7,0.13113533
q-factor,7,0.07878005
q-factor,7,0.11412749
q-factor,7,0.11792613
q-factor,7,0.15093960
q-factor,7,0.13028544
q-factor,7,0.09751830
q-factor,7,0.06145205
q-factor,7,0.15996041
q-factor,7,0.16262427
q-factor,7,0.14094882
q-factor,7,0.16826387
q-factor,7,0.18378614
q-factor,7,0.09442763
q-factor,7,0.14758545
q-factor,7,0.13824436
q-factor,7,0.12499586
q-factor,7,0.10954172
q-factor,7,0.11408823
q-factor,7,0.08594640
q-factor,7,0.08774679
q-factor,7,0.15347834
q-factor,7,0.15134923
q-factor,7,0.15011657
q-factor,7,0.14748615
q-factor,7,0.15169765
q-factor,7,0.13038262
q-factor,7,0.11984134
q-factor,7,0.14875881
q-factor,7,0.20187799
q-factor,7,0.13038153
q-factor,7,0.11291459
q-factor,7,0.19703156
q-factor,7,0.07238010
q-factor,7,0.07787041
q-factor,7,0.15663138
q-factor,7,0.07904099
q-factor,7,0.11217116
q-factor,7,0.13781634
q-factor,7,0.16238366
q-factor,7,0.19124135
q-factor,7,0.16165411
q-factor,7,0.11622877
q-factor,7,0.19116911
q-factor,7,0.11665690
q-factor,7,0.09606009
q-factor,7,0.15175778
q-factor,7,0.19195276
q-factor,7,0.09745201
q-factor,7,0.13459458
q-factor,7,0.18947599
q-factor,7,0.19061428
q-factor,7,0.18517083
q-factor,7,0.11491333
q-factor,7,0.13660228
q-factor,7,0.17111932
q-factor,7,0.15885578
q-factor,7,0.14770274
q-factor,7,0.27831829
q-factor,7,0.18423389
q-factor,7,0.05217715
q-factor,7,0.21745764
q-factor,7,0.09631519
q-factor,7,0.07041478
q-factor,7,0.07105496
q-factor,7,0.21223474
q-factor,7,0.18357214
q-factor,7,0.16643456
q-factor,7,0.05600286
q-factor,7,0.05229711
q-factor,7,0.13744593
q-factor,7,0.16336204
q-factor,7,0.05289349
q-factor,7,0.06943401
q-factor,7,0.11451791
q-factor,7,0.19916597
q-factor,7,0.08567008
q-factor,7,0.02638413
q-factor,7,0.01676348
q-factor,7,0.19125850
q-factor,7,0.11545036
q-factor,7,0.08569014
q-factor,7,0.03270506
q-factor,7,0.10880908
q-factor,7,0.41586208
q-factor,7,0.18764981
q-factor,7,0.03860872
q-factor,7,0.07919834
q-factor,7,0.05968474
q-factor,7,0.03812946
q-factor,7,0.18037171
q-factor,7,0.18381651
q-factor,7,0.21525906
q-factor,7,0.16323029
q-factor,7,0.16496276
q-factor,7,0.19944289
q-factor,7,0.04172613
q-factor,7,0.08773433
q-factor,7,0.09317512
q-factor,7,0.15745151
q-factor,7,0.06180274
q-factor,7,0.08711893
q-factor,7,0.07944124
q-factor,7,0.22367291
q-factor,7,0.10400856
q-factor,7,0.04800027
q-factor,7,0.02872102
q-factor,7,0.06369729
q-factor,7,0.22447623
q-factor,7,0.16081317
q-factor,7,0.11654059
q-factor,7,0.20120852
q-factor,7,0.14390490
q-factor,7,0.01601588
q-factor,7,0.13960395
q-factor,7,0.08990390
q-factor,7,0.03436804
q-factor,7,0.09040918
q-factor,7,0.22041740
q-factor,7,0.10815723
q-factor,7,0.13761610
q-factor,7,0.14542227
q-factor,7,0.05823831
q-factor,7,0.10098528
q-factor,7,0.05664224
q-factor,7,0.08643523
q-factor,7,0.11250649
q-factor,7,0.05547942
q-factor,7,0.21720663
q-factor,7,0.12757991
q-factor,7,0.14275578
q-factor,7,0.07702538
q-factor,7,0.20409597
q-factor,7,0.15047929
q-factor,7,0.13446336
q-factor,7,0.29136940
q-factor,7,0.13486405
q-factor,7,0.18378393
q-factor,7,0.23721769
q-factor,7,0.21395169
q-factor,7,0.12541806
q-factor,7,0.11208736
q-factor,7,0.20482218
q-factor,7,0.26255064
q-factor,7,0.13917133
q-factor,7,0.24322972
q-factor,7,0.23738012
q-factor,7,0.13144858
q-factor,7,0.32498496
q-factor,7,0.14507602
q-factor,7,0.14180779
q-factor,7,0.13459122
q-factor,7,0.14736718
q-factor,7,0.13127302
q-factor,7,0.16792218
q-factor,7,0.20539461
q-factor,7,0.14764565
q-factor,7,0.02515810
q-factor,7,0.18938680
q-factor,7,0.20177594
q-factor,7,0.16310806
q-factor,7,0.08681200
q-factor,7,0.14579281
q-factor,7,0.11338960
q-factor,7,0.17754438
q-factor,7,0.22709552
q-factor,7,0.09091460
q-factor,7,0.17252913
q-factor,7,0.14716547
q-factor,7,0.09082850
q-factor,7,0.13571717
q-factor,7,0.09790450
q-factor,7,0.30731222
q-factor,7,0.18056006
q-factor,7,0.07443067
q-factor,7,0.18358253
q-factor,7,0.11223268
q-factor,7,0.18313196
q-factor,7,0.25465636
q-factor,7,0.15245199
q-factor,7,0.14189666
q-factor,7,0.10602288
q-factor,7,0.09679548
q-factor,7,0.09521921
q-factor,7,0.08255546
q-factor,7,0.06809013
q-factor,7,0.08237147
q-factor,7,0.18864801
q-factor,7,0.07054396
q-factor,7,0.25486974
q-factor,7,0.07424155
q-factor,7,0.19252462
q-factor,7,0.17354942
q-factor,7,0.17045507
q-factor,7,0.11137186
q-factor,7,0.08261009
q-factor,7,0.18904593
q-factor,7,0.07587270
q-factor,7,0.13633659
q-factor,8,0.05651660
q-factor,8,-0.06613864
q-factor,8,-0.10105170
q-factor,8,-0.09139002
q-factor,8,-0.06330584
q-factor,8,0.06784451
q-factor,8,-0.24545763
q-factor,8,0.04892139
q-factor,8,-0.11661639
q-factor,8,0.08111515
q-factor,8,-0.05628727
q-factor,8,-0.02443287
q-factor,8,-0.17035914
q-factor,8,0.06411370
q-factor,8,0.16598483
q-factor,8,-0.24335571
q-factor,8,-0.06046125
q-factor,8,-0.03476952
q-factor,8,-0.05133337
q-factor,8,-0.17196117
q-factor,8,-0.02858609
q-factor,8,-0.12371632
q-factor,8,-0.00757766
q-factor,8,-0.06311454
q-factor,8,-0.19465742
q-factor,8,-0.02068423
q-factor,8,-0.01295043
q-factor,8,-0.00164949
q-factor,8,-0.13004019
q-factor,8,-0.08585820
q-factor,8,-0.10110795
q-factor,8,-0.15947165
q-factor,8,-0.00272127
q-factor,8,0.00337913
q-factor,8,0.00068992
q-factor,8,-0.00383836
q-factor,8,-0.02715987
q-factor,8,-0.10016586
q-factor,8,-0.13868613
q-factor,8,0.04490203
q-factor,8,-0.15806243
q-factor,8,-0.17819327
q-factor,8,-0.10455541
q-factor,8,-0.09209860
q-factor,8,-0.17992249
q-factor,8,-0.18558556
q-factor,8,-0.02971780
q-factor,8,-0.11566715
q-factor,8,-0.02511930
q-factor,8,-0.18082372
q-factor,8,0.10742799
q-factor,8,-0.10211109
q-factor,8,-0.14778088
q-factor,8,-0.14507003
q-factor,8,-0.07703969
q-factor,8,-0.23087040
q-factor,8,-0.00758821
q-factor,8,-0.24000475
q-factor,8,-0.02336228
q-factor,8,0.10532130
q-factor,8,-0.12339530
q-factor,8,-0.10133736
q-factor,8,-0.03898002
q-factor,8,-0.11395543
q-factor,8,-0.12521153
q-factor,8,-0.14187860
q-factor,8,-0.15287122
q-factor,8,-0.05789283
q-factor,8,-0.15204732
q-factor,8,-0.05836654
q-factor,8,-0.12818366
q-factor,8,-0.18778766
q-factor,8,-0.04674032
q-factor,8,-0.19424547
q-factor,8,-0.05839395
q-factor,8,-0.09546253
q-factor,8,0.03232226
q-factor,8,-0.18485303
q-factor,8,-0.09783980
q-factor,8,-0.09976546
q-factor,8,-0.12828746
q-factor,8,-0.09965027
q-factor,8,-0.08055560
q-factor,8,-0.12591968
q-factor,8,-0.06155732
q-factor,8,-0.16465328
q-factor,8,-0.00850080
q-factor,8,-0.17011130
q-factor,8,-0.15831693
q-factor,8,-0.08748097
q-factor,8,-0.11299663
q-factor,8,-0.20923392
q-factor,8,-0.15877789
q-factor,8,-0.15413906
q-factor,8,-0.05788337
q-factor,8,-0.08164060
q-factor,8,-0.00811589
q-factor,8,-0.11844512
q-factor,8,-0.01819306
q-factor,8,-0.09169936
q-factor,8,-0.02075339
q-factor,8,-0.03800187
q-factor,8,-0.00685341
q-factor,8,-0.15606766
q-factor,8,-0.01120115
q-factor,8,-0.11029728
q-factor,8,-0.00847740
q-factor,8,0.02610096
q-factor,8,-0.01873782
q-factor,8,-0.01372603
q-factor,8,-0.10708569
q-factor,8,-0.08919999
q-factor,8,-0.04060814
q-factor,8,-0.06618891
q-factor,8,-0.02927425
q-factor,8,-0.00516614
q-factor,8,-0.06271534
q-factor,8,-0.06279990
q-factor,8,0.00015180
q-factor,8,-0.04161574
q-factor,8,0.14330390
q-factor,8,-0.00513110
q-factor,8,-0.06930129
q-factor,8,-0.05606083
q-factor,8,-0.12477618
q-factor,8,-0.11584207
q-factor,8,-0.08147016
q-factor,8,-0.03525411
q-factor,8,-0.09775547
q-factor,8,-0.02118508
q-factor,8,-0.09199335
q-factor,8,-0.10165661
q-factor,8,0.00235787
q-factor,8,-0.13648041
q-factor,8,-0.06736656
q-factor,8,-0.11271900
q-factor,8,-0.14177396
q-factor,8,-0.14271296
q-factor,8,-0.03040429
q-factor,8,-0.05566605
q-factor,8,-0.11183213
q-factor,8,-0.07073330
q-factor,8,-0.10283761
q-factor,8,-0.10503463
q-factor,8,-0.01054870
q-factor,8,-0.00012329
q-factor,8,-0.07339068
q-factor,8,-0.09388148
q-factor,8,-0.13678614
q-factor,8,-0.07465842
q-factor,8,-0.11522631
q-factor,8,0.01234546
q-factor,8,-0.12464038
q-factor,8,-0.02825321
q-factor,8,-0.06201172
q-factor,8,-0.16795352
q-factor,8,0.00528413
q-factor,8,-0.07145725
q-factor,8,0.02234368
q-factor,8,-0.05673452
q-factor,8,-0.06300183
q-factor,8,-0.08281925
q-factor,8,0.12012752
q-factor,8,0.04965258
q-factor,8,-0.10253795
q-factor,8,-0.14790818
q-factor,8,-0.14192012
q-factor,8,-0.20236869
q-factor,8,-0.04612708
q-factor,8,-0.13189609
q-factor,8,0.03741419
q-factor,8,-0.10221058
q-factor,8,-0.04388739
q-factor,8,-0.08162079
q-factor,8,-0.07876963
q-factor,8,-0.19757069
q-factor,8,-0.15276066
q-factor,8,-0.25654315
q-factor,8,-0.25356643
q-factor,8,-0.09406769
q-factor,8,-0.11364270
q-factor,8,-0.08712799
q-factor,8,-0.14458198
q-factor,8,-0.19942210
q-factor,8,-0.06792931
q-factor,8,-0.11098321
q-factor,8,-0.10698108
q-factor,8,0.01857473
q-factor,8,-0.19743088
q-factor,8,-0.03252118
q-factor,8,-0.14287070
q-factor,8,-0.06140107
q-factor,8,-0.11974567
q-factor,8,-0.11855745
q-factor,8,-0.02267180
q-factor,8,-0.12668971
q-factor,8,-0.09842137
q-factor,8,0.07944747
q-factor,8,-0.08292670
q-factor,8,-0.10430704
q-factor,8,0.07497969
q-factor,8,-0.11583335
q-factor,8,-0.11940981
q-factor,8,-0.10144661
q-factor,8,-0.04755465
q-factor,8,-0.19246249
q-factor,8,-0.13080220
q-factor,8,-0.01630963
q-factor,8,-0.09582170
q-factor,8,-0.00167762
q-factor,8,-0.07675941
q-factor,8,-0.10701741
q-factor,8,-0.04751825
q-factor,8,-0.08053412
q-factor,8,-0.02254158
q-factor,8,-0.07132587
q-factor,8,-0.15785688
q-factor,8,-0.08517551
q-factor,8,-0.13971939
q-factor,8,-0.02297989
q-factor,8,-0.05861168
q-factor,8,-0.14921187
q-factor,8,-0.13477639
q-factor,8,-0.09243412
q-factor,8,-0.15594345
q-factor,8,-0.12313026
q-factor,8,-0.14361573
q-factor,8,-0.14180907
q-factor,8,-0.05453049
q-factor,8,-0.18606836
q-factor,8,-0.11379412
q-factor,8,-0.17226277
q-factor,8,-0.03697887
q-factor,8,-0.06114039
q-factor,8,-0.05435355
q-factor,8,-0.06086907
q-factor,8,-0.18404184
q-factor,8,-0.07153142
q-factor,8,-0.17338855
q-factor,8,-0.10890579
q-factor,8,-0.09872466
q-factor,8,-0.07051642
q-factor,8,0.00436030
q-factor,8,-0.04782619
q-factor,8,-0.07857618
q-factor,8,-0.04887507
q-factor,8,-0.06539533
q-factor,8,-0.02889339
q-factor,8,-0.21560097
q-factor,8,-0.10548126
q-factor,8,-0.09376857
q-factor,8,-0.09041981
q-factor,8,-0.04320122
q-factor,8,-0.10839606
q-factor,8,-0.12989796
q-factor,8,-0.18135461
q-factor,8,-0.01388338
q-factor,8,-0.16755610
q-factor,8,-0.13599469
q-factor,8,-0.15768769
q-factor,8,-0.08154710
q-factor,8,-0.27526331
q-factor,8,-0.01234210
q-factor,8,-0.00626414
q-factor,8,0.02034193
q-factor,8,-0.08562273
q-factor,8,-0.12416236
q-factor,8,0.07101101
q-factor,8,-0.03356023
q-factor,8,0.02390910
q-factor,8,-0.00685246
q-factor,8,-0.13317737
q-factor,8,-0.07678764
q-factor,8,-0.12595858
q-factor,8,-0.01484811
q-factor,8,-0.12264953
q-factor,8,-0.27696521
q-factor,8,-0.02705367
q-factor,8,-0.16141298
q-factor,8,-0.03607016
q-factor,8,0.01100474
q-factor,8,-0.17137560
q-factor,8,-0.10103839
q-factor,8,-0.01887610
q-factor,8,-0.01962826
q-factor,8,0.04650348
q-factor,8,-0.15590862
q-factor,8,-0.00299765
q-factor,9,-0.06573118
q-factor,9,0.01323634
q-factor,9,-0.09784927
q-factor,9,-0.05651655
q-factor,9,-0.01764206
q-factor,9,0.00081788
q-factor,9,-0.04338871
q-factor,9,-0.04280234
q-factor,9,-0.09956042
q-factor,9,-0.07855227
q-factor,9,-0.05746591
q-factor,9,0.01869491
q-factor,9,-0.00285161
q-factor,9,-0.10314600
q-factor,9,0.05170275
q-factor,9,-0.09717159
q-factor,9,-0.06051339
q-factor,9,-0.04010360
q-factor,9,0.00656850
q-factor,9,-0.06701623
q-factor,9,0.01615729
q-factor,9,0.00609632
q-factor,9,-0.04935097
q-factor,9,-0.11485041
q-factor,9,-0.07454915
q-factor,9,-0.01300134
q-factor,9,-0.04405668
q-factor,9,-0.01710960
q-factor,9,-0.03736017
q-factor,9,-0.07485904
q-factor,9,-0.07053520
q-factor,9,-0.00453232
q-factor,9,-0.05956842
q-factor,9,-0.09885840
q-factor,9,-0.00093195
q-factor,9,0.04693938
q-factor,9,-0.03950338
q-factor,9,-0.02324360
q-factor,9,0.08009736
q-factor,9,-0.05462708
q-factor,9,-0.06461662
q-factor,9,-0.02300089
q-factor,9,-0.04289080
q-factor,9,0.00013537
q-factor,9,-0.06199432
q-factor,9,-0.04323298
q-factor,9,-0.01704409
q-factor,9,0.02870055
q-factor,9,-0.01094928
q-factor,9,-0.06797616
q-factor,9,0.02414143
q-factor,9,-0.11790145
q-factor,9,-0.02840103
q-factor,9,-0.01459889
q-factor,9,0.01186782
q-factor,9,0.00964646
q-factor,9,-0.03583487
q-factor,9,-0.14981381
q-factor,9,-0.03999825
q-factor,9,-0.06166947
q-factor,9,-0.04708920
q-factor,9,-0.01818875
q-factor,9,-0.01042497
q-factor,9,0.04016409
q-factor,9,-0.03793889
q-factor,9,-0.16534855
q-factor,9,-0.03300638
q-factor,9,0.01187109
q-factor,9,-0.03811200
q-factor,9,-0.03909091
q-factor,9,0.00011675
q-factor,9,-0.04377053
q-factor,9,-0.06455958
q-factor,9,-0.03036288
q-factor,9,-0.06399507
q-factor,9,-0.04768227
q-factor,9,-0.07198613
q-factor,9,-0.02661336
q-factor,9,-0.06246765
q-factor,9,-0.01516602
q-factor,9,-0.10289825
q-factor,9,-0.00408195
q-factor,9,0.00023260
q-factor,9,-0.01414408
q-factor,9,-0.08808127
q-factor,9,-0.05482501
q-factor,9,-0.05296026
q-factor,9,-0.13507234
q-factor,9,-0.04661415
q-factor,9,-0.07687550
q-factor,9,-0.03260394
q-factor,9,0.00189913
q-factor,9,-0.06711936
q-factor,9,-0.05072969
q-factor,9,-0.04621480
q-factor,9,-0.00111893
q-factor,9,-0.11944500
q-factor,9,-0.06085514
q-factor,9,-0.03568384
q-factor,9,-0.04957256
q-factor,9,0.01108535
q-factor,9,-0.05716544
q-factor,9,0.01226871
q-factor,9,-0.00044294
q-factor,9,-0.03234770
q-factor,9,-0.00135308
q-factor,9,-0.03289014
q-factor,9,0.01278669
q-factor,9,-0.01113007
q-factor,9,-0.07558485
q-factor,9,-0.03307319
q-factor,9,0.00732518
q-factor,9,0.01947421
q-factor,9,-0.02326952
q-factor,9,-0.04662468
q-factor,9,-0.00248328
q-factor,9,-0.02817116
q-factor,9,-0.09530900
q-factor,9,0.00429835
q-factor,9,0.02927991
q-factor,9,-0.00611509
q-factor,9,0.00383194
q-factor,9,-0.15361482
q-factor,9,-0.04355675
q-factor,9,0.00377199
q-factor,9,-0.02351260
q-factor,9,0.02928056
q-factor,9,-0.00248208
q-factor,9,-0.01291159
q-factor,9,-0.00811143
q-factor,9,-0.06340447
q-factor,9,-0.00637452
q-factor,9,-0.08895037
q-factor,9,-0.03898069
q-factor,9,0.00823374
q-factor,9,0.03253453
q-factor,9,-0.13804849
q-factor,9,0.02085478
q-factor,9,-0.01442747
q-factor,9,-0.00619259
q-factor,9,-0.05693559
q-factor,9,-0.00109143
q-factor,9,-0.03619803
q-factor,9,-0.06317379
q-factor,9,-0.05235055
q-factor,9,-0.18330224
q-factor,9,0.00780633
q-factor,9,-0.04917491
q-factor,9,-0.13010039
q-factor,9,-0.06158715
q-factor,9,-0.08800299
q-factor,9,-0.07194513
q-factor,9,-0.05800709
q-factor,9,-0.11678903
q-factor,9,-0.05168858
q-factor,9,0.02307594
q-factor,9,-0.05245594
q-factor,9,-0.04319978
q-factor,9,-0.06321050
q-factor,9,-0.07878091
q-factor,9,-0.00441180
q-factor,9,-0.03335834
q-factor,9,-0.05364226
q-factor,9,-0.06823194
q-factor,9,-0.13380630
q-factor,9,-0.03352020
q-factor,9,-0.17836332
q-factor,9,-0.17799076
q-factor,9,-0.08194018
q-factor,9,-0.03101282
q-factor,9,-0.06864649
q-factor,9,-0.06499394
q-factor,9,-0.01761515
q-factor,9,-0.01168988
q-factor,9,-0.16549612
q-factor,9,-0.11494717
q-factor,9,-0.07538691
q-factor,9,-0.12189146
q-factor,9,-0.08098625
q-factor,9,-0.02005696
q-factor,9,-0.13504447
q-factor,9,0.01689190
q-factor,9,-0.05938297
q-factor,9,-0.06007173
q-factor,9,-0.00649848
q-factor,9,-0.06676358
q-factor,9,0.01263460
q-factor,9,0.01990994
q-factor,9,-0.07319983
q-factor,9,-0.05581010
q-factor,9,-0.03374799
q-factor,9,-0.07157267
q-factor,9,-0.04692423
q-factor,9,0.01482350
q-factor,9,-0.18184196
q-factor,9,0.00067726
q-factor,9,-0.16686127
q-factor,9,-0.09180452
q-factor,9,-0.07086883
q-factor,9,0.00446012
q-factor,9,-0.12102450
q-factor,9,-0.07089487
q-factor,9,-0.00875142
q-factor,9,0.00125501
q-factor,9,-0.01109190
q-factor,9,-0.05345237
q-factor,9,0.01725101
q-factor,9,-0.17753620
q-factor,9,-0.04186864
q-factor,9,-0.11685501
q-factor,9,-0.05485129
q-factor,9,-0.05935886
q-factor,9,-0.05031767
q-factor,9,-0.07144382
q-factor,9,-0.07179698
q-factor,9,-0.06608840
q-factor,9,-0.00586709
q-factor,9,-0.03146157
q-factor,9,-0.08243058
q-factor,9,-0.04499143
q-factor,9,-0.05797351
q-factor,9,-0.00787231
q-factor,9,0.00973289
q-factor,9,0.03873746
q-factor,9,-0.01239925
q-factor,9,-0.05733651
q-factor,9,-0.00431399
q-factor,9,0.02455508
q-factor,9,-0.02353221
q-factor,9,-0.08990314
q-factor,9,-0.06719229
q-factor,9,-0.05525432
q-factor,9,0.00706389
q-factor,9,0.00402941
q-factor,9,-0.01920440
q-factor,9,-0.07110071
q-factor,9,-0.03181359
q-factor,9,-0.01755185
q-factor,9,-0.00364516
q-factor,9,-0.06887813
q-factor,9,-0.00615237
q-factor,9,0.00326831
q-factor,9,0.01029266
q-factor,9,-0.00524205
q-factor,9,-0.08158088
q-factor,9,-0.03135998
q-factor,9,-0.02221106
q-factor,9,-0.05560040
q-factor,9,-0.08586777
q-factor,9,0.00322138
q-factor,9,0.01571529
q-factor,9,-0.06654211
q-factor,9,-0.00594835
q-factor,9,-0.09397049
q-factor,9,-0.11275452
q-factor,9,-0.10906701
q-factor,9,-0.02197242
q-factor,9,-0.04799126
q-factor,9,-0.07253204
q-factor,9,-0.07072213
q-factor,9,-0.06668817
q-factor,9,-0.10468423
q-factor,9,-0.08608319
q-factor,9,-0.04676346
q-factor,9,-0.02536016
q-factor,9,-0.03710059
q-factor,9,-0.05440230
q-factor,9,-0.04230925
q-factor,9,-0.04385100
q-factor,9,-0.11919270
q-factor,9,-0.05814640
q-factor,9,-0.02622581
q-factor,9,-0.02895236
q-factor,9,-0.11090534
q-factor,9,-0.08949991
q-factor,9,0.02261724
q-factor,9,-0.04575329
q-factor,9,-0.05064400
q-factor,9,-0.07872588
q-factor,9,-0.05137827
q-factor,9,-0.03957833
q-factor,9,-0.05860279
q-factor,9,-0.11685801
q-factor,9,-0.00166233
q-factor,9,-0.00253163
q-factor,9,-0.12070017
q-factor,9,-0.09537840
q-factor,9,-0.01322918
q-factor,9,-0.01895483
q-factor,9,-0.07028914
q-factor,9,-0.09708457
q-factor,9,-0.13802690
q-factor,9,-0.01774665
q-factor,9,-0.03442646
q-factor,9,-0.03658556
q-factor,9,0.00968041
q-factor,10,0.09716021
q-factor,10,-0.03306234
q-factor,10,-0.00730529
q-factor,10,0.00069686
q-factor,10,0.18614601
q-factor,10,-0.04599779
q-factor,10,-0.03282228
q-factor,10,-0.05461656
q-factor,10,-0.03414837
q-factor,10,-0.01427297
q-factor,10,-0.04297157
q-factor,10,-0.05850178
q-factor,10,-0.04937399
q-factor,10,0.00835024
q-factor,10,-0.00521173
q-factor,10,0.04207810
q-factor,10,0.00971615
q-factor,10,-0.01934438
q-factor,10,0.04536571
q-factor,10,-0.00442445
q-factor,10,0.00170851
q-factor,10,0.00828740
q-factor,10,-0.03199290
q-factor,10,0.00818763
q-factor,10,-0.02484082
q-factor,10,-0.01367461
q-factor,10,0.03336573
q-factor,10,0.01262924
q-factor,10,0.01259621
q-factor,10,0.00477824
q-factor,10,0.01400096
q-factor,10,0.01651536
q-factor,10,0.02432627
q-factor,10,0.09736482
q-factor,10,0.01516564
q-factor,10,0.01099155
q-factor,10,0.00512288
q-factor,10,-0.01027137
q-factor,10,-0.01869781
q-factor,10,-0.10756075
q-factor,10,-0.01307072
q-factor,10,-0.00894406
q-factor,10,0.00242470
q-factor,10,-0.03956815
q-factor,10,0.00961737
q-factor,10,-0.01970910
q-factor,10,0.02027069
q-factor,10,-0.08043937
q-factor,10,0.02547159
q-factor,10,0.01374788
q-factor,10,0.04073722
q-factor,10,0.03515505
q-factor,10,-0.01582444
q-factor,10,0.00571682
q-factor,10,-0.01368174
q-factor,10,-0.03301187
q-factor,10,0.02845109
q-factor,10,-0.05178824
q-factor,10,0.03178955
q-factor,10,0.02798558
q-factor,10,0.02323441
q-factor,10,-0.02607215
q-factor,10,-0.01861623
q-factor,10,-0.00910241
q-factor,10,0.08819601
q-factor,10,-0.02776106
q-factor,10,-0.00090745
q-factor,10,0.02423946
q-factor,10,0.07636055
q-factor,10,-0.02292774
q-factor,10,-0.02688410
q-factor,10,0.04053216
q-factor,10,-0.00272272
q-factor,10,-0.02830085
q-factor,10,0.03085996
q-factor,10,0.00223270
q-factor,10,0.01228261
q-factor,10,-0.00481500
q-factor,10,-0.02175036
q-factor,10,-0.01372604
q-factor,10,0.00017351
q-factor,10,-0.04240837
q-factor,10,-0.00034608
q-factor,10,-0.03037646
q-factor,10,-0.00220699
q-factor,10,0.01420042
q-factor,10,0.07515181
q-factor,10,0.05898431
q-factor,10,0.02260793
q-factor,10,0.02578652
q-factor,10,0.04273270
q-factor,10,0.09995643
q-factor,10,0.01261632
q-factor,10,-0.03387541
q-factor,10,0.00211491
q-factor,10,0.01878960
q-factor,10,-0.03959984
q-factor,10,-0.05741798
q-factor,10,-0.03619461
q-factor,10,0.01157048
q-factor,10,0.00095350
q-factor,10,0.01245452
q-factor,10,0.02117580
q-factor,10,0.01212686
q-factor,10,-0.02716281
q-factor,10,0.01328762
q-factor,10,0.03342108
q-factor,10,0.02884531
q-factor,10,0.05043384
q-factor,10,0.01006112
q-factor,10,0.01152793
q-factor,10,0.06033628
q-factor,10,0.02854185
q-factor,10,0.01497435
q-factor,10,0.03290658
q-factor,10,0.04312162
q-factor,10,0.03392063
q-factor,10,0.02860080
q-factor,10,0.01493775
q-factor,10,0.04456999
q-factor,10,0.07265804
q-factor,10,0.03398754
q-factor,10,0.08273992
q-factor,10,0.04870297
q-factor,10,0.04874307
q-factor,10,0.00389694
q-factor,10,0.01965864
q-factor,10,0.04779142
q-factor,10,-0.04845455
q-factor,10,0.01325014
q-factor,10,-0.02678008
q-factor,10,-0.03314199
q-factor,10,0.05097799
q-factor,10,0.02299752
q-factor,10,0.04025344
q-factor,10,0.05133406
q-factor,10,0.07870853
q-factor,10,-0.02333188
q-factor,10,-0.04090824
q-factor,10,0.02099228
q-factor,10,-0.03988271
q-factor,10,0.01844459
q-factor,10,0.04887045
q-factor,10,-0.02520132
q-factor,10,-0.01179306
q-factor,10,-0.00501178
q-factor,10,0.00806947
q-factor,10,0.02984036
q-factor,10,0.03629314
q-factor,10,-0.02836762
q-factor,10,0.00363807
q-factor,10,0.01421946
q-factor,10,-0.07867781
q-factor,10,0.10799929
q-factor,10,-0.00337207
q-factor,10,-0.02394855
q-factor,10,0.01841507
q-factor,10,-0.02349166
q-factor,10,-0.02675023
q-factor,10,0.00633333
q-factor,10,-0.01250933
q-factor,10,0.02891513
q-factor,10,0.00926772
q-factor,10,-0.08938554
q-factor,10,-0.06122464
q-factor,10,-0.08882313
q-factor,10,0.14480916
q-factor,10,-0.03170313
q-factor,10,-0.00075598
q-factor,10,-0.01454812
q-factor,10,-0.02173442
q-factor,10,-0.06891740
q-factor,10,0.01190626
q-factor,10,0.00191395
q-factor,10,0.02515956
q-factor,10,-0.01312859
q-factor,10,0.02256418
q-factor,10,-0.04126945
q-factor,10,-0.03159980
q-factor,10,0.00727035
q-factor,10,0.02004455
q-factor,10,-0.08027531
q-factor,10,-0.04998304
q-factor,10,0.00077799
q-factor,10,-0.04241705
q-factor,10,0.03821627
q-factor,10,-0.00608442
q-factor,10,0.02292529
q-factor,10,-0.00289355
q-factor,10,-0.02105517
q-factor,10,-0.00409631
q-factor,10,0.00925265
q-factor,10,-0.04546047
q-factor,10,-0.04100729
q-factor,10,-0.06023026
q-factor,10,-0.01072030
q-factor,10,0.00262919
q-factor,10,0.01836100
q-factor,10,-0.00213773
q-factor,10,0.00275286
q-factor,10,-0.07664566
q-factor,10,-0.03901288
q-factor,10,0.03824113
q-factor,10,-0.07597236
q-factor,10,-0.01414953
q-factor,10,-0.00552003
q-factor,10,-0.04631294
q-factor,10,-0.04310167
q-factor,10,0.04829292
q-factor,10,-0.02103794
q-factor,10,-0.01218765
q-factor,10,-0.03219050
q-factor,10,0.01874238
q-factor,10,0.01091335
q-factor,10,-0.00960326
q-factor,10,0.00868260
q-factor,10,-0.04102534
q-factor,10,-0.03907483
q-factor,10,-0.06397833
q-factor,10,-0.00856083
q-factor,10,0.00308663
q-factor,10,-0.02242838
q-factor,10,-0.03293257
q-factor,10,-0.06669426
q-factor,10,-0.01036274
q-factor,10,-0.02048708
q-factor,10,-0.00085975
q-factor,10,-0.07269024
q-factor,10,-0.06243523
q-factor,10,-0.02146185
q-factor,10,-0.01035834
q-factor,10,-0.06643143
q-factor,10,-0.05993704
q-factor,10,-0.07141498
q-factor,10,-0.02498442
q-factor,10,-0.02012047
q-factor,10,-0.00945436
q-factor,10,-0.04197625
q-factor,10,0.04412676
q-factor,10,-0.01339402
q-factor,10,-0.09966005
q-factor,10,-0.03338274
q-factor,10,-0.01337489
q-factor,10,0.01092769
q-factor,10,0.00575515
q-factor,10,-0.02938383
q-factor,10,0.04726438
q-factor,10,0.01830120
q-factor,10,-0.00630446
q-factor,10,-0.02386863
q-factor,10,0.06985293
q-factor,10,-0.03361519
q-factor,10,-0.01571957
q-factor,10,-0.01393652
q-factor,10,-0.01392676
q-factor,10,-0.02591209
q-factor,10,0.03682627
q-factor,10,-0.02471841
q-factor,10,0.02394897
q-factor,10,-0.06057453
q-factor,10,0.01470550
q-factor,10,0.06153264
q-factor,10,-0.00995404
q-factor,10,-0.00471362
q-factor,10,-0.00148444
q-factor,10,-0.00565157
q-factor,10,0.02184677
q-factor,10,0.02524556
q-factor,10,0.07695770
q-factor,10,-0.02204601
q-factor,10,-0.04350916
q-factor,10,-0.04041130
q-factor,10,0.03152437
q-factor,10,-0.02819300
q-factor,10,-0.03069505
q-factor,10,-0.00104210
q-factor,10,-0.00948730
q-factor,10,-0.03868267
q-factor,10,-0.02139559
q-factor,10,0.00269797
q-factor,10,0.06730677
q-factor,10,-0.04031474
q-factor,10,-0.01594744
q-factor,10,-0.02024157
q-factor,10,-0.03510461
q-factor,10,-0.00368647
q-factor,10,-0.02362643
q-factor,10,0.02080015
q-factor,10,0.07295444
q-factor,10,-0.01457212
q-factor,10,-0.01214080
q-factor,10,-0.06953282
q-factor,10,-0.05489098
q-factor,10,-0.01599985
q-factor,10,0.05229746
q-factor,10,-0.05617423
q-factor,10,0.03672354
q-factor,10,-0.06033115
q-factor,10,-0.04477117
q-factor,11,-0.12099733
q-factor,11,-0.05237910
q-factor,11,-0.10427446
q-factor,11,-0.06295455
q-factor,11,-0.04466133
q-factor,11,-0.05213758
q-factor,11,-0.03463237
q-factor,11,-0.01662168
q-factor,11,-0.05735396
q-factor,11,-0.06343152
q-factor,11,-0.12739327
q-factor,11,0.00144496
q-factor,11,-0.12610053
q-factor,11,-0.04351588
q-factor,11,-0.06544620
q-factor,11,-0.09627328
q-factor,11,-0.00280607
q-factor,11,-0.07026530
q-factor,11,-0.07720654
q-factor,11,-0.00742636
q-factor,11,-0.01832123
q-factor,11,-0.03959919
q-factor,11,-0.05066766
q-factor,11,-0.06877355
q-factor,11,-0.03569861
q-factor,11,-0.05502292
q-factor,11,-0.03910484
q-factor,11,-0.03951266
q-factor,11,0.00038730
q-factor,11,-0.04673935
q-factor,11,-0.05308182
q-factor,11,-0.09003939
q-factor,11,0.12484405
q-factor,11,-0.00409052
q-factor,11,-0.04998075
q-factor,11,-0.04098945
q-factor,11,-0.02677910
q-factor,11,-0.00698684
q-factor,11,-0.02044836
q-factor,11,-0.07176807
q-factor,11,-0.05975661
q-factor,11,-0.01600099
q-factor,11,-0.07990624
q-factor,11,-0.06094795
q-factor,11,-0.05141698
q-factor,11,-0.05207825
q-factor,11,-0.05959469
q-factor,11,-0.09981668
q-factor,11,-0.03852136
q-factor,11,-0.04645030
q-factor,11,-0.05878479
q-factor,11,-0.12894034
q-factor,11,-0.09329772
q-factor,11,-0.06741927
q-factor,11,-0.02770491
q-factor,11,-0.11968933
q-factor,11,-0.08212863
q-factor,11,-0.06239677
q-factor,11,-0.07730392
q-factor,11,-0.03864232
q-factor,11,-0.05644206
q-factor,11,-0.04810549
q-factor,11,-0.08430096
q-factor,11,-0.03091211
q-factor,11,-0.03448152
q-factor,11,-0.05018945
q-factor,11,-0.04884493
q-factor,11,-0.06064170
q-factor,11,-0.05213119
q-factor,11,-0.05016275
q-factor,11,-0.05085908
q-factor,11,-0.06909916
q-factor,11,-0.02792756
q-factor,11,-0.07173919
q-factor,11,0.02699680
q-factor,11,0.00262279
q-factor,11,-0.05398097
q-factor,11,-0.03622033
q-factor,11,-0.05921411
q-factor,11,-0.08376381
q-factor,11,-0.05539445
q-factor,11,-0.05771915
q-factor,11,-0.07060587
q-factor,11,-0.01495379
q-factor,11,-0.04156378
q-factor,11,-0.07356958
q-factor,11,-0.03395551
q-factor,11,-0.02400994
q-factor,11,-0.02983925
q-factor,11,-0.04994931
q-factor,11,-0.03267027
q-factor,11,0.01435147
q-factor,11,-0.05298987
q-factor,11,-0.08835476
q-factor,11,-0.11782789
q-factor,11,-0.04388866
q-factor,11,-0.09270529
q-factor,11,-0.04244156
q-factor,11,-0.10518477
q-factor,11,-0.00893359
q-factor,11,-0.07715263
q-factor,11,-0.03348821
q-factor,11,0.00563143
q-factor,11,-0.00502300
q-factor,11,0.00496538
q-factor,11,-0.01937971
q-factor,11,-0.11882010
q-factor,11,-0.02783510
q-factor,11,-0.06489363
q-factor,11,-0.11852386
q-factor,11,-0.04611058
q-factor,11,-0.04857213
q-factor,11,-0.01142420
q-factor,11,-0.04202514
q-factor,11,-0.01054265
q-factor,11,-0.03074139
q-factor,11,-0.02081359
q-factor,11,-0.12302659
q-factor,11,0.00992453
q-factor,11,-0.02631672
q-factor,11,-0.03279837
q-factor,11,-0.01840891
q-factor,11,-0.04359347
q-factor,11,-0.09634093
q-factor,11,-0.01847499
q-factor,11,-0.02699974
q-factor,11,0.00067781
q-factor,11,-0.02326418
q-factor,11,-0.02059266
q-factor,11,-0.03109852
q-factor,11,-0.08150690
q-factor,11,-0.03742269
q-factor,11,-0.00056845
q-factor,11,-0.04268642
q-factor,11,0.00884829
q-factor,11,0.03181450
q-factor,11,-0.07935944
q-factor,11,0.00173820
q-factor,11,-0.04178123
q-factor,11,0.00498954
q-factor,11,-0.03425702
q-factor,11,-0.03020722
q-factor,11,-0.08344143
q-factor,11,-0.06291771
q-factor,11,-0.01504593
q-factor,11,0.02226928
q-factor,11,-0.03255666
q-factor,11,-0.02338959
q-factor,11,-0.03257900
q-factor,11,-0.03789235
q-factor,11,-0.02332797
q-factor,11,-0.06560031
q-factor,11,-0.06298777
q-factor,11,-0.05256247
q-factor,11,-0.17889753
q-factor,11,-0.06125535
q-factor,11,-0.05716186
q-factor,11,-0.09619191
q-factor,11,-0.06945875
q-factor,11,-0.00425037
q-factor,11,-0.04762548
q-factor,11,0.04427231
q-factor,11,-0.12501482
q-factor,11,-0.02668483
q-factor,11,-0.06277508
q-factor,11,-0.01822926
q-factor,11,-0.07808682
q-factor,11,-0.05880676
q-factor,11,-0.00933137
q-factor,11,-0.08154709
q-factor,11,-0.06403487
q-factor,11,-0.05855486
q-factor,11,-0.10066043
q-factor,11,-0.08998579
q-factor,11,-0.05975085
q-factor,11,-0.06302531
q-factor,11,-0.09028392
q-factor,11,-0.10789193
q-factor,11,-0.05300213
q-factor,11,-0.06616006
q-factor,11,-0.07214911
q-factor,11,-0.12036233
q-factor,11,-0.04386548
q-factor,11,-0.02051782
q-factor,11,-0.07873820
q-factor,11,-0.04114436
q-factor,11,-0.05306433
q-factor,11,-0.09836242
q-factor,11,-0.07561229
q-factor,11,-0.07852617
q-factor,11,-0.06838116
q-factor,11,-0.04854183
q-factor,11,-0.02491110
q-factor,11,-0.02059277
q-factor,11,-0.05190733
q-factor,11,-0.09563510
q-factor,11,-0.03276345
q-factor,11,-0.04547420
q-factor,11,-0.10293054
q-factor,11,-0.08283651
q-factor,11,0.02255109
q-factor,11,-0.05940735
q-factor,11,-0.00909159
q-factor,11,-0.07208005
q-factor,11,-0.09042864
q-factor,11,-0.09244745
q-factor,11,-0.00423659
q-factor,11,-0.07273762
q-factor,11,-0.02369557
q-factor,11,-0.02263221
q-factor,11,-0.08005427
q-factor,11,-0.03323951
q-factor,11,-0.06937711
q-factor,11,-0.04601306
q-factor,11,-0.02113834
q-factor,11,-0.04183698
q-factor,11,-0.05567906
q-factor,11,-0.03442083
q-factor,11,-0.04298927
q-factor,11,-0.06957094
q-factor,11,-0.05017978
q-factor,11,-0.00139853
q-factor,11,-0.06285623
q-factor,11,-0.00702877
q-factor,11,-0.01450537
q-factor,11,-0.10663572
q-factor,11,-0.04302000
q-factor,11,-0.08949061
q-factor,11,-0.07781691
q-factor,11,-0.05801981
q-factor,11,-0.09986989
q-factor,11,-0.04277299
q-factor,11,0.01288156
q-factor,11,-0.13826567
q-factor,11,-0.05275160
q-factor,11,-0.07193111
q-factor,11,-0.05445224
q-factor,11,0.00126729
q-factor,11,0.03335446
q-factor,11,-0.08472448
q-factor,11,-0.00596518
q-factor,11,-0.07093361
q-factor,11,-0.04319326
q-factor,11,-0.04606556
q-factor,11,-0.05898430
q-factor,11,-0.01162512
q-factor,11,-0.01449906
q-factor,11,-0.07896735
q-factor,11,-0.05092405
q-factor,11,-0.05021667
q-factor,11,-0.00227705
q-factor,11,-0.03228790
q-factor,11,0.00778332
q-factor,11,-0.06196715
q-factor,11,-0.05665039
q-factor,11,-0.03747825
q-factor,11,-0.00693594
q-factor,11,-0.01378011
q-factor,11,-0.02957168
q-factor,11,-0.05319175
q-factor,11,-0.05989748
q-factor,11,-0.08014125
q-factor,11,-0.08371503
q-factor,11,-0.01365005
q-factor,11,-0.05228383
q-factor,11,-0.00635395
q-factor,11,-0.02060689
q-factor,11,-0.07928284
q-factor,11,-0.00871422
q-factor,11,-0.06260057
q-factor,11,-0.06032138
q-factor,11,-0.06029735
q-factor,11,-0.08323294
q-factor,11,-0.08134491
q-factor,11,-0.06252960
q-factor,11,-0.07785202
q-factor,11,-0.02734559
q-factor,11,-0.04217836
q-factor,11,-0.09666627
q-factor,11,-0.11042704
q-factor,11,-0.03574424
q-factor,11,-0.04929747
q-factor,11,-0.08378056
q-factor,11,-0.10066933
q-factor,11,-0.14061358
q-factor,11,-0.10419263
q-factor,11,-0.01756408
q-factor,11,-0.03455909
q-factor,11,-0.12205640
q-factor,11,-0.05068830
q-factor,11,-0.08557200
q-factor,11,-0.08420501
q-factor,11,-0.04557135
q-factor,11,-0.11074826
q-factor,11,-0.08193436
q-factor,11,-0.08342756
q-factor,11,-0.06320780
q-factor,11,-0.03274995
q-factor,11,-0.03348272
q-factor,11,-0.07978029
q-factor,11,-0.02279085
q-factor,11,-0.08516702
q-factor,11,-0.09913444
q-factor,11,-0.03345864
q-factor,12,-0.01696714
q-factor,12,-0.02752983
q-factor,12,0.11754617
q-factor,12,-0.08240965
q-factor,12,0.04493058
q-factor,12,-0.05955855
q-factor,12,0.01204961
q-factor,12,-0.03625113
q-factor,12,-0.01364002
q-factor,12,0.04531199
q-factor,12,-0.05291625
q-factor,12,0.00510436
q-factor,12,-0.04632274
q-factor,12,0.05798529
q-factor,12,-0.02492120
q-factor,12,0.00570453
q-factor,12,-0.00394160
q-factor,12,0.12079961
q-factor,12,-0.05425532
q-factor,12,0.02326511
q-factor,12,0.00551161
q-factor,12,-0.00209469
q-factor,12,-0.01437329
q-factor,12,-0.09856153
q-factor,12,-0.13599885
q-factor,12,-0.02792546
q-factor,12,-0.07473138
q-factor,12,0.00636575
q-factor,12,0.01484762
q-factor,12,0.09272321
q-factor,12,-0.00568634
q-factor,12,0.00519336
q-factor,12,-0.03066185
q-factor,12,0.02329312
q-factor,12,-0.06489582
q-factor,12,-0.04884134
q-factor,12,-0.02412683
q-factor,12,0.01103633
q-factor,12,-0.02737949
q-factor,12,0.03770524
q-factor,12,-0.01295732
q-factor,12,-0.02325408
q-factor,12,0.01813099
q-factor,12,-0.04650729
q-factor,12,0.02189720
q-factor,12,-0.03681998
q-factor,12,0.01940802
q-factor,12,-0.00903065
q-factor,12,-0.03535608
q-factor,12,-0.03447182
q-factor,12,0.01998564
q-factor,12,-0.06446672
q-factor,12,-0.03282611
q-factor,12,-0.04926689
q-factor,12,-0.05071497
q-factor,12,-0.09115948
q-factor,12,-0.04571291
q-factor,12,-0.05103555
q-factor,12,-0.07888998
q-factor,12,-0.02211042
q-factor,12,-0.03140950
q-factor,12,-0.02159130
q-factor,12,0.02787323
q-factor,12,-0.07158791
q-factor,12,-0.09443495
q-factor,12,-0.03570219
q-factor,12,-0.01715659
q-factor,12,-0.05388151
q-factor,12,-0.05168762
q-factor,12,-0.01442633
q-factor,12,0.00919569
q-factor,12,-0.00282067
q-factor,12,0.02590825
q-factor,12,-0.03567311
q-factor,12,-0.02276845
q-factor,12,0.03083227
q-factor,12,0.00952107
q-factor,12,-0.00741144
q-factor,12,-0.07667216
q-factor,12,-0.03072622
q-factor,12,-0.00255947
q-factor,12,-0.02691546
q-factor,12,-0.04054225
q-factor,12,-0.05190020
q-factor,12,0.06074012
q-factor,12,-0.03141910
q-factor,12,-0.02012624
q-factor,12,0.02570661
q-factor,12,-0.02478806
q-factor,12,0.01431979
q-factor,12,-0.03650729
q-factor,12,0.02333713
q-factor,12,-0.04178434
q-factor,12,-0.03069840
q-factor,12,-0.05793796
q-factor,12,-0.02987887
q-factor,12,-0.01605967
q-factor,12,-0.02348484
q-factor,12,0.02344860
q-factor,12,-0.04145216
q-factor,12,0.00114098
q-factor,12,-0.02714400
q-factor,12,0.03014969
q-factor,12,0.08456035
q-factor,12,0.03042843
q-factor,12,0.09897785
q-factor,12,0.09103214
q-factor,12,0.08704995
q-factor,12,0.00264124
q-factor,12,0.05889844
q-factor,12,0.06796580
q-factor,12,-0.02586354
q-factor,12,0.04874605
q-factor,12,-0.07368620
q-factor,12,0.01506194
q-factor,12,-0.00849059
q-factor,12,0.02547696
q-factor,12,0.05319554
q-factor,12,0.01874974
q-factor,12,0.10912867
q-factor,12,0.06249095
q-factor,12,-0.00179677
q-factor,12,-0.03085990
q-factor,12,0.00327800
q-factor,12,0.04449877
q-factor,12,0.06304398
q-factor,12,-0.01907652
q-factor,12,0.06610156
q-factor,12,0.08860490
q-factor,12,-0.03815528
q-factor,12,0.05191464
q-factor,12,-0.01894880
q-factor,12,0.04439525
q-factor,12,0.04702914
q-factor,12,0.05768988
q-factor,12,0.03468292
q-factor,12,0.00968314
q-factor,12,-0.04962521
q-factor,12,0.03407579
q-factor,12,-0.04715668
q-factor,12,-0.06328884
q-factor,12,-0.03794929
q-factor,12,0.03904702
q-factor,12,-0.01194846
q-factor,12,0.01966992
q-factor,12,-0.02666034
q-factor,12,0.05427026
q-factor,12,-0.00371586
q-factor,12,0.03482819
q-factor,12,0.00874632
q-factor,12,0.02027857
q-factor,12,-0.03428380
q-factor,12,-0.05937238
q-factor,12,-0.00704519
q-factor,12,0.01953594
q-factor,12,0.00775242
q-factor,12,-0.03963010
q-factor,12,0.05527812
q-factor,12,0.02034826
q-factor,12,0.00012652
q-factor,12,0.01887284
q-factor,12,0.05030539
q-factor,12,-0.04650964
q-factor,12,0.00792103
q-factor,12,0.02014935
q-factor,12,-0.03683650
q-factor,12,-0.06016293
q-factor,12,0.02295063
q-factor,12,0.03115702
q-factor,12,0.01177321
q-factor,12,-0.02779315
q-factor,12,0.13560699
q-factor,12,0.02215029
q-factor,12,-0.00529837
q-factor,12,-0.02618330
q-factor,12,-0.12717526
q-factor,12,-0.01039068
q-factor,12,-0.00722440
q-factor,12,0.03341457
q-factor,12,-0.02300797
q-factor,12,-0.00338873
q-factor,12,0.01691734
q-factor,12,0.04436888
q-factor,12,-0.00369238
q-factor,12,0.00135953
q-factor,12,0.04750188
q-factor,12,-0.05658138
q-factor,12,-0.05664195
q-factor,12,-0.03988962
q-factor,12,0.02224468
q-factor,12,-0.01935507
q-factor,12,-0.00647539
q-factor,12,0.00308753
q-factor,12,-0.05190668
q-factor,12,-0.04005186
q-factor,12,0.03319674
q-factor,12,-0.00347378
q-factor,12,-0.05585267
q-factor,12,-0.05349149
q-factor,12,-0.07887504
q-factor,12,0.00402766
q-factor,12,0.00580298
q-factor,12,-0.02189023
q-factor,12,-0.02411181
q-factor,12,-0.04828420
q-factor,12,-0.07473687
q-factor,12,-0.02930609
q-factor,12,0.05057605
q-factor,12,-0.03076366
q-factor,12,-0.03343303
q-factor,12,-0.00176742
q-factor,12,-0.04508112
q-factor,12,-0.05444640
q-factor,12,-0.06318910
q-factor,12,0.00152488
q-factor,12,-0.02912041
q-factor,12,0.00888257
q-factor,12,-0.01754363
q-factor,12,-0.02169842
q-factor,12,0.00956342
q-factor,12,-0.00588214
q-factor,12,0.02359648
q-factor,12,-0.03863118
q-factor,12,0.01073655
q-factor,12,-0.02467101
q-factor,12,-0.00552773
q-factor,12,-0.06945389
q-factor,12,-0.02856098
q-factor,12,-0.00389554
q-factor,12,-0.05271546
q-factor,12,-0.04179377
q-factor,12,0.10033558
q-factor,12,0.21484601
q-factor,12,-0.03701848
q-factor,12,-0.04521592
q-factor,12,-0.06552233
q-factor,12,-0.06339914
q-factor,12,-0.04794688
q-factor,12,0.02037038
q-factor,12,-0.03870544
q-factor,12,-0.07051131
q-factor,12,-0.02302670
q-factor,12,0.02254347
q-factor,12,0.04434927
q-factor,12,-0.08581873
q-factor,12,-0.00172296
q-factor,12,0.02978681
q-factor,12,-0.00625969
q-factor,12,-0.02871488
q-factor,12,-0.00027284
q-factor,12,-0.03071318
q-factor,12,-0.04570360
q-factor,12,-0.00516151
q-factor,12,-0.00106995
q-factor,12,0.02247105
q-factor,12,-0.03043606
q-factor,12,0.00342109
q-factor,12,-0.00727919
q-factor,12,-0.03959067
q-factor,12,0.02936409
q-factor,12,0.02925416
q-factor,12,0.02413842
q-factor,12,-0.02727034
q-factor,12,0.01876982
q-factor,12,-0.00399656
q-factor,12,-0.04572295
q-factor,12,0.02228119
q-factor,12,-0.03602017
q-factor,12,-0.03710535
q-factor,12,-0.04250031
q-factor,12,0.02715096
q-factor,12,-0.06643692
q-factor,12,0.00911498
q-factor,12,-0.03297504
q-factor,12,-0.04583022
q-factor,12,-0.04365617
q-factor,12,-0.03309819
q-factor,12,-0.06598548
q-factor,12,-0.03497986
q-factor,12,-0.03001802
q-factor,12,-0.09373712
q-factor,12,-0.03709260
q-factor,12,-0.03977720
q-factor,12,0.04098605
q-factor,12,0.04142677
q-factor,12,-0.03386502
q-factor,12,0.01751257
q-factor,12,-0.04000817
q-factor,12,-0.06038750
q-factor,12,-0.01933485
q-factor,12,-0.04376685
q-factor,12,-0.01978973
q-factor,12,0.00922637
q-factor,12,-0.12611823
q-factor,12,-0.01748560
q-factor,12,0.03087915
q-factor,12,-0.01632694
q-factor,12,-0.04820725
q-factor,12,-0.07725849
q-factor,12,-0.05686025
q-factor,12,-0.05928761
q-factor,12,-0.01543650
q-factor,12,0.04204722
q-factor,12,-0.05038653
q-factor,12,-0.01111182
q-factor,12,-0.06450066
q-factor,12,-0.02808892
q-factor,12,-0.01693194
PCA(5),1,-0.12841798
PCA(5),1,-0.02170419
PCA(5),1,-0.09781609
PCA(5),1,-0.04577829
PCA(5),1,-0.07902976
PCA(5),1,-0.00567252
PCA(5),1,0.06000147
PCA(5),1,0.00327865
PCA(5),1,0.00875813
PCA(5),1,-0.03493173
PCA(5),1,-0.00201971
PCA(5),1,-0.05314016
PCA(5),1,0.00435284
PCA(5),1,0.00618017
PCA(5),1,-0.05399860
PCA(5),1,-0.11486439
PCA(5),1,-0.02339558
PCA(5),1,-0.12754361
PCA(5),1,-0.05489385
PCA(5),1,-0.05481413
PCA(5),1,-0.01529950
PCA(5),1,-0.07922943
PCA(5),1,-0.11579187
PCA(5),1,-0.04182337
PCA(5),1,-0.07531348
PCA(5),1,-0.02701397
PCA(5),1,-0.07613090
PCA(5),1,-0.02766694
PCA(5),1,0.02538393
PCA(5),1,-0.08732272
PCA(5),1,-0.03074511
PCA(5),1,0.07777984
PCA(5),1,-0.01106431
PCA(5),1,0.01446481
PCA(5),1,-0.01529302
PCA(5),1,-0.06424074
PCA(5),1,-0.05121720
PCA(5),1,-0.00677504
PCA(5),1,-0.01765922
PCA(5),1,0.00990393
PCA(5),1,-0.01481715
PCA(5),1,0.00583760
PCA(5),1,-0.02450095
PCA(5),1,0.05188412
PCA(5),1,-0.00118116
PCA(5),1,0.08417044
PCA(5),1,0.00945195
PCA(5),1,0.03437857
PCA(5),1,0.00624776
PCA(5),1,0.14299081
PCA(5),1,-0.02119716
PCA(5),1,-0.04949984
PCA(5),1,-0.02503539
PCA(5),1,-0.02902440
PCA(5),1,-0.00130232
PCA(5),1,-0.03644901
PCA(5),1,-0.02468255
PCA(5),1,0.01393820
PCA(5),1,-0.03053185
PCA(5),1,-0.05717776
PCA(5),1,-0.02744604
PCA(5),1,0.02907245
PCA(5),1,0.07389272
PCA(5),1,0.07939882
PCA(5),1,-0.03750896
PCA(5),1,-0.03220385
PCA(5),1,0.00126588
PCA(5),1,-0.00005854
PCA(5),1,-0.04955835
PCA(5),1,0.08874124
PCA(5),1,-0.03611732
PCA(5),1,-0.04715212
PCA(5),1,0.00194836
PCA(5),1,-0.09111948
PCA(5),1,-0.09877569
PCA(5),1,-0.08558661
PCA(5),1,0.05384314
PCA(5),1,-0.04332628
PCA(5),1,-0.05098475
PCA(5),1,-0.03767645
PCA(5),1,-0.02481516
PCA(5),1,-0.07426731
PCA(5),1,-0.03329533
PCA(5),1,-0.04841491
PCA(5),1,-0.01910503
PCA(5),1,-0.06123196
PCA(5),1,-0.07175408
PCA(5),1,-0.06845401
PCA(5),1,-0.03386198
PCA(5),1,0.05087689
PCA(5),1,-0.02565639
PCA(5),1,-0.02638153
PCA(5),1,-0.04584824
PCA(5),1,-0.02884404
PCA(5),1,0.00132037
PCA(5),1,-0.03658286
PCA(5),1,-0.02490371
PCA(5),1,0.09260339
PCA(5),1,-0.04081555
PCA(5),1,-0.01092811
PCA(5),1,-0.01113191
PCA(5),1,0.00322809
PCA(5),1,-0.01306257
PCA(5),1,-0.02735128
PCA(5),1,-0.02054223
PCA(5),1,-0.06163219
PCA(5),1,-0.04516295
PCA(5),1,0.00134671
PCA(5),1,0.00576081
PCA(5),1,-0.01030423
PCA(5),1,-0.00511094
PCA(5),1,-0.04149828
PCA(5),1,0.01782573
PCA(5),1,0.00520730
PCA(5),1,0.01527712
PCA(5),1,-0.09654212
PCA(5),1,0.02445520
PCA(5),1,-0.05014230
PCA(5),1,0.01015602
PCA(5),1,-0.04386733
PCA(5),1,0.00891613
PCA(5),1,-0.08678215
PCA(5),1,-0.04967436
PCA(5),1,-0.01794971
PCA(5),1,-0.00787342
PCA(5),1,-0.11135741
PCA(5),1,-0.03480477
PCA(5),1,-0.03720620
PCA(5),1,-0.01593418
PCA(5),1,-0.04836145
PCA(5),1,-0.07796563
PCA(5),1,0.01305102
PCA(5),1,-0.11163261
PCA(5),1,-0.03980921
PCA(5),1,-0.03079161
PCA(5),1,0.07820629
PCA(5),1,0.02798435
PCA(5),1,-0.11342964
PCA(5),1,-0.08214009
PCA(5),1,-0.08112737
PCA(5),1,-0.10450107
PCA(5),1,-0.04850795
PCA(5),1,-0.02471513
PCA(5),1,-0.07588615
PCA(5),1,-0.06288724
PCA(5),1,-0.03651020
PCA(5),1,0.00826179
PCA(5),1,0.03278668
PCA(5),1,-0.01659070
PCA(5),1,-0.01717227
PCA(5),1,0.01696973
PCA(5),1,0.01269937
PCA(5),1,-0.08876388
PCA(5),1,-0.09039048
PCA(5),1,0.02888268
PCA(5),1,0.05744488
PCA(5),1,-0.01265498
PCA(5),1,-0.03974079
PCA(5),1,-0.02281203
PCA(5),1,0.03170959
PCA(5),1,-0.10666246
PCA(5),1,-0.01537947
PCA(5),1,-0.04894924
PCA(5),1,-0.07378214
PCA(5),1,0.05757082
PCA(5),1,-0.06126394
PCA(5),1,-0.07896891
PCA(5),1,0.04448895
PCA(5),1,-0.02632330
PCA(5),1,-0.07339331
PCA(5),1,0.05183961
PCA(5),1,0.00099691
PCA(5),1,-0.07329359
PCA(5),1,-0.02720642
PCA(5),1,0.00297822
PCA(5),1,-0.05871765
PCA(5),1,-0.04524808
PCA(5),1,0.00277591
PCA(5),1,-0.04585792
PCA(5),1,-0.00448557
PCA(5),1,-0.10190888
PCA(5),1,0.00943571
PCA(5),1,0.06678836
PCA(5),1,0.02697184
PCA(5),1,0.00250421
PCA(5),1,-0.05397946
PCA(5),1,-0.07008578
PCA(5),1,0.02361672
PCA(5),1,0.02308486
PCA(5),1,-0.05198671
PCA(5),1,-0.07830416
PCA(5),1,-0.02719562
PCA(5),1,0.00967871
PCA(5),1,-0.06123982
PCA(5),1,-0.04415184
PCA(5),1,-0.07555609
PCA(5),1,0.03371124
PCA(5),1,-0.08149188
PCA(5),1,-0.12442652
PCA(5),1,-0.01024238
PCA(5),1,0.01820227
PCA(5),1,-0.04616904
PCA(5),1,0.08763723
PCA(5),1,-0.04100599
PCA(5),1,-0.07260450
PCA(5),1,-0.01720312
PCA(5),1,-0.07161826
PCA(5),1,-0.00877306
PCA(5),1,0.01911690
PCA(5),1,-0.03598242
PCA(5),1,0.00456918
PCA(5),1,-0.07762452
PCA(5),1,-0.10335863
PCA(5),1,-0.06509968
PCA(5),1,-0.00289591
PCA(5),1,-0.03515272
PCA(5),1,-0.11253212
PCA(5),1,-0.06211522
PCA(5),1,0.01426962
PCA(5),1,0.05573784
PCA(5),1,-0.05544335
PCA(5),1,-0.01222949
PCA(5),1,-0.09478377
PCA(5),1,0.06243703
PCA(5),1,-0.00321964
PCA(5),1,0.07020358
PCA(5),1,-0.01577793
PCA(5),1,0.02381234
PCA(5),1,0.03795619
PCA(5),1,-0.03515400
PCA(5),1,0.02602427
PCA(5),1,-0.03889480
PCA(5),1,-0.06929807
PCA(5),1,-0.06262746
PCA(5),1,-0.13838338
PCA(5),1,-0.06365898
PCA(5),1,0.01008711
PCA(5),1,-0.06213519
PCA(5),1,-0.02888878
PCA(5),1,-0.03638072
PCA(5),1,-0.03435105
PCA(5),1,-0.03659508
PCA(5),1,-0.09136709
PCA(5),1,-0.02021353
PCA(5),2,0.03680953
PCA(5),2,-0.02913197
PCA(5),2,0.03709089
PCA(5),2,0.03410277
PCA(5),2,-0.00089763
PCA(5),2,0.05652374
PCA(5),2,-0.02312932
PCA(5),2,-0.07022067
PCA(5),2,-0.03645580
PCA(5),2,-0.04145730
PCA(5),2,-0.01907768
PCA(5),2,0.01763579
PCA(5),2,-0.08281307
PCA(5),2,0.05775132
PCA(5),2,0.04998576
PCA(5),2,-0.03440616
PCA(5),2,-0.01755484
PCA(5),2,-0.01734779
PCA(5),2,-0.02220865
PCA(5),2,-0.01276326
PCA(5),2,-0.00893457
PCA(5),2,0.03754768
PCA(5),2,-0.00741145
PCA(5),2,-0.01383191
PCA(5),2,-0.00008797
PCA(5),2,-0.03678673
PCA(5),2,0.03842046
PCA(5),2,-0.02457729
PCA(5),2,-0.01700215
PCA(5),2,0.07717015
PCA(5),2,0.03801271
PCA(5),2,0.02984637
PCA(5),2,-0.00365940
PCA(5),2,0.02502253
PCA(5),2,0.00862131
PCA(5),2,0.09635827
PCA(5),2,-0.04707047
PCA(5),2,0.01153429
PCA(5),2,-0.01069063
PCA(5),2,-0.00876281
PCA(5),2,-0.02858869
PCA(5),2,0.01617979
PCA(5),2,-0.00461264
PCA(5),2,0.00469008
PCA(5),2,-0.03469765
PCA(5),2,-0.07254112
PCA(5),2,0.01670669
PCA(5),2,-0.00794876
PCA(5),2,-0.00371849
PCA(5),2,0.01021770
PCA(5),2,-0.04324990
PCA(5),2,-0.01255632
PCA(5),2,0.05827812
PCA(5),2,0.05572701
PCA(5),2,-0.05890498
PCA(5),2,0.01542568
PCA(5),2,-0.03208369
PCA(5),2,0.05158221
PCA(5),2,0.02764653
PCA(5),2,0.01766870
PCA(5),2,-0.01099328
PCA(5),2,0.02874950
PCA(5),2,0.01050912
PCA(5),2,0.01684832
PCA(5),2,0.01171966
PCA(5),2,-0.00151476
PCA(5),2,0.02072039
PCA(5),2,-0.00860658
PCA(5),2,-0.01485392
PCA(5),2,-0.05055671
PCA(5),2,-0.01073275
PCA(5),2,-0.01960927
PCA(5),2,-0.08349425
PCA(5),2,-0.04494935
PCA(5),2,0.01598870
PCA(5),2,0.03615228
PCA(5),2,0.01665968
PCA(5),2,0.00112693
PCA(5),2,0.01648482
PCA(5),2,-0.06880990
PCA(5),2,-0.00670891
PCA(5),2,-0.08432635
PCA(5),2,0.00818562
PCA(5),2,-0.06012864
PCA(5),2,0.03353775
PCA(5),2,-0.03237504
PCA(5),2,-0.03076656
PCA(5),2,-0.04569873
PCA(5),2,-0.07469034
PCA(5),2,-0.03454259
PCA(5),2,-0.05240664
PCA(5),2,-0.03935834
PCA(5),2,-0.08027207
PCA(5),2,-0.08371435
PCA(5),2,-0.12053388
PCA(5),2,-0.05784923
PCA(5),2,0.00612837
PCA(5),2,-0.01061236
PCA(5),2,-0.07769443
PCA(5),2,0.03036558
PCA(5),2,-0.09043366
PCA(5),2,-0.01990895
PCA(5),2,-0.01385538
PCA(5),2,-0.03428810
PCA(5),2,-0.02108056
PCA(5),2,-0.02282439
PCA(5),2,-0.08723436
PCA(5),2,-0.09868373
PCA(5),2,-0.10066684
PCA(5),2,0.01828696
PCA(5),2,-0.03226912
PCA(5),2,-0.03491306
PCA(5),2,-0.03842728
PCA(5),2,0.01458242
PCA(5),2,0.01097263
PCA(5),2,-0.01284228
PCA(5),2,-0.04254739
PCA(5),2,-0.06197662
PCA(5),2,-0.06702437
PCA(5),2,0.00571863
PCA(5),2,-0.03828417
PCA(5),2,-0.07396969
PCA(5),2,-0.02068922
PCA(5),2,0.04186018
PCA(5),2,-0.05759323
PCA(5),2,0.02425576
PCA(5),2,0.01448486
PCA(5),2,-0.02468708
PCA(5),2,-0.02359850
PCA(5),2,-0.04007971
PCA(5),2,-0.00714037
PCA(5),2,0.04358325
PCA(5),2,-0.08270628
PCA(5),2,0.00191256
PCA(5),2,-0.06745032
PCA(5),2,0.06814383
PCA(5),2,0.01274447
PCA(5),2,-0.05190891
PCA(5),2,-0.01971996
PCA(5),2,0.00452188
PCA(5),2,0.02329247
PCA(5),2,-0.03503919
PCA(5),2,0.00292349
PCA(5),2,-0.00789992
PCA(5),2,-0.01157730
PCA(5),2,-0.04846670
PCA(5),2,0.01810164
PCA(5),2,0.01586437
PCA(5),2,0.04651451
PCA(5),2,0.00504012
PCA(5),2,0.02080161
PCA(5),2,-0.04558199
PCA(5),2,-0.06472248
PCA(5),2,0.00263307
PCA(5),2,0.00547822
PCA(5),2,-0.02293123
PCA(5),2,-0.02020994
PCA(5),2,-0.03856997
PCA(5),2,-0.07766913
PCA(5),2,-0.11165832
PCA(5),2,-0.06333830
PCA(5),2,-0.08287213
PCA(5),2,-0.02020823
PCA(5),2,0.01573543
PCA(5),2,-0.06983759
PCA(5),2,-0.11060160
PCA(5),2,-0.04987138
PCA(5),2,0.07812975
PCA(5),2,-0.07253323
PCA(5),2,-0.05409222
PCA(5),2,-0.04650865
PCA(5),2,0.00597483
PCA(5),2,-0.04010351
PCA(5),2,-0.11334984
PCA(5),2,-0.05000797
PCA(5),2,-0.10572190
PCA(5),2,-0.11167187
PCA(5),2,-0.04043872
PCA(5),2,-0.13925640
PCA(5),2,-0.08471892
PCA(5),2,-0.04473038
PCA(5),2,-0.06899178
PCA(5),2,-0.02611033
PCA(5),2,0.00279770
PCA(5),2,-0.06696694
PCA(5),2,-0.00056587
PCA(5),2,0.18472040
PCA(5),2,-0.02482606
PCA(5),2,0.00278729
PCA(5),2,-0.01035728
PCA(5),2,0.01244284
PCA(5),2,0.01489496
PCA(5),2,-0.03707696
PCA(5),2,-0.00330327
PCA(5),2,-0.02246682
PCA(5),2,-0.01202308
PCA(5),2,0.02708200
PCA(5),2,-0.06576902
PCA(5),2,-0.01863346
PCA(5),2,-0.00571421
PCA(5),2,-0.02851783
PCA(5),2,-0.03768923
PCA(5),2,-0.08524541
PCA(5),2,-0.03748699
PCA(5),2,0.03587804
PCA(5),2,-0.02214624
PCA(5),2,-0.01041687
PCA(5),2,-0.03673372
PCA(5),2,-0.02508718
PCA(5),2,-0.01499745
PCA(5),2,-0.01149686
PCA(5),2,0.01358307
PCA(5),2,-0.03935860
PCA(5),2,0.02498083
PCA(5),2,-0.03745694
PCA(5),2,-0.02579118
PCA(5),2,-0.00306126
PCA(5),2,0.02570188
PCA(5),2,-0.04111890
PCA(5),2,-0.04652330
PCA(5),2,-0.08881585
PCA(5),2,-0.10089577
PCA(5),2,-0.03025849
PCA(5),2,-0.08980041
PCA(5),2,0.03425532
PCA(5),2,-0.06705277
PCA(5),2,-0.01774437
PCA(5),2,0.04097677
PCA(5),2,-0.00927129
PCA(5),2,-0.08319116
PCA(5),2,-0.04308468
PCA(5),2,-0.05470682
PCA(5),2,-0.04206776
PCA(5),2,-0.03177408
PCA(5),2,-0.07303340
PCA(5),2,-0.02567982
PCA(5),2,-0.00026184
PCA(5),2,-0.08085437
PCA(5),2,-0.13479928
PCA(5),2,-0.02643436
PCA(5),2,-0.02239085
PCA(5),2,-0.00798328
PCA(5),2,-0.05440637
PCA(5),2,-0.02149559
PCA(5),2,-0.04760505
PCA(5),3,-0.03410474
PCA(5),3,0.02146262
PCA(5),3,0.00511903
PCA(5),3,0.03616975
PCA(5),3,0.04651548
PCA(5),3,-0.02558771
PCA(5),3,-0.01417084
PCA(5),3,0.03690337
PCA(5),3,0.01840111
PCA(5),3,0.03793138
PCA(5),3,-0.02323776
PCA(5),3,-0.01220415
PCA(5),3,0.04242890
PCA(5),3,-0.03038643
PCA(5),3,-0.02908178
PCA(5),3,-0.01001757
PCA(5),3,0.00666336
PCA(5),3,-0.03049215
PCA(5),3,-0.00602732
PCA(5),3,-0.00978661
PCA(5),3,-0.01109639
PCA(5),3,0.05609896
PCA(5),3,-0.01195751
PCA(5),3,-0.05206013
PCA(5),3,0.00214900
PCA(5),3,0.01960707
PCA(5),3,0.01605657
PCA(5),3,0.03121867
PCA(5),3,-0.03170207
PCA(5),3,0.00641738
PCA(5),3,-0.01219393
PCA(5),3,0.04478220
PCA(5),3,0.02069983
PCA(5),3,0.03593607
PCA(5),3,-0.03802261
PCA(5),3,-0.02992758
PCA(5),3,0.03422333
PCA(5),3,-0.00567302
PCA(5),3,0.01432921
PCA(5),3,0.02936559
PCA(5),3,0.03789098
PCA(5),3,0.01499796
PCA(5),3,-0.00339402
PCA(5),3,-0.02928538
PCA(5),3,-0.00604554
PCA(5),3,0.07171254
PCA(5),3,0.00253679
PCA(5),3,-0.03490159
PCA(5),3,-0.02442344
PCA(5),3,-0.00568937
PCA(5),3,-0.00080121
PCA(5),3,0.03889841
PCA(5),3,0.04447850
PCA(5),3,-0.00874114
PCA(5),3,-0.01802134
PCA(5),3,-0.00337403
PCA(5),3,0.00532185
PCA(5),3,0.02228888
PCA(5),3,0.01530855
PCA(5),3,0.06459756
PCA(5),3,-0.00120144
PCA(5),3,0.06765043
PCA(5),3,0.02512990
PCA(5),3,-0.03426766
PCA(5),3,0.02465646
PCA(5),3,-0.00410258
PCA(5),3,0.02583425
PCA(5),3,0.04201668
PCA(5),3,0.05940292
PCA(5),3,-0.01731128
PCA(5),3,0.10166620
PCA(5),3,0.00600799
PCA(5),3,0.02627849
PCA(5),3,0.03755284
PCA(5),3,-0.01182765
PCA(5),3,-0.00749127
PCA(5),3,-0.01829493
PCA(5),3,0.00310451
PCA(5),3,0.01294620
PCA(5),3,0.02391716
PCA(5),3,0.04215673
PCA(5),3,-0.01017970
PCA(5),3,0.05105433
PCA(5),3,-0.00893102
PCA(5),3,-0.02144473
PCA(5),3,-0.01577553
PCA(5),3,-0.04778518
PCA(5),3,-0.03341479
PCA(5),3,-0.08929706
PCA(5),3,-0.03014587
PCA(5),3,-0.01746042
PCA(5),3,-0.01747653
PCA(5),3,-0.02995929
PCA(5),3,0.04240252
PCA(5),3,-0.02152644
PCA(5),3,-0.04016173
PCA(5),3,-0.02370333
PCA(5),3,-0.01088989
PCA(5),3,-0.02965943
PCA(5),3,-0.04692523
PCA(5),3,-0.03086819
PCA(5),3,-0.02037608
PCA(5),3,-0.01137122
PCA(5),3,-0.01915392
PCA(5),3,-0.07957254
PCA(5),3,-0.01741495
PCA(5),3,-0.01444503
PCA(5),3,-0.02419600
PCA(5),3,-0.04730151
PCA(5),3,-0.02257323
PCA(5),3,-0.03940618
PCA(5),3,0.00007774
PCA(5),3,-0.02235900
PCA(5),3,-0.03285784
PCA(5),3,-0.00829697
PCA(5),3,-0.00114633
PCA(5),3,-0.04905843
PCA(5),3,-0.02566371
PCA(5),3,-0.03772235
PCA(5),3,-0.03055318
PCA(5),3,-0.02230275
PCA(5),3,-0.03848871
PCA(5),3,0.08258512
PCA(5),3,0.02698091
PCA(5),3,-0.01750294
PCA(5),3,-0.02573148
PCA(5),3,-0.02624388
PCA(5),3,-0.02335115
PCA(5),3,0.03069410
PCA(5),3,-0.00999928
PCA(5),3,-0.02619650
PCA(5),3,-0.02058363
PCA(5),3,0.00575700
PCA(5),3,0.05359625
PCA(5),3,-0.02793344
PCA(5),3,0.00467572
PCA(5),3,-0.00392491
PCA(5),3,0.01061820
PCA(5),3,0.00046183
PCA(5),3,0.03437042
PCA(5),3,-0.01904932
PCA(5),3,-0.00433774
PCA(5),3,-0.01554503
PCA(5),3,-0.00145273
PCA(5),3,0.00104735
PCA(5),3,0.03821534
PCA(5),3,-0.01175115
PCA(5),3,0.04083424
PCA(5),3,-0.00770677
PCA(5),3,0.05345820
PCA(5),3,0.04791804
PCA(5),3,-0.00114632
PCA(5),3,0.01445967
PCA(5),3,0.02417046
PCA(5),3,0.04408846
PCA(5),3,0.09309449
PCA(5),3,-0.01742681
PCA(5),3,-0.02407823
PCA(5),3,-0.00340869
PCA(5),3,0.08595628
PCA(5),3,-0.05291530
PCA(5),3,-0.04323374
PCA(5),3,-0.00960321
PCA(5),3,0.03093274
PCA(5),3,0.02221300
PCA(5),3,0.04826522
PCA(5),3,-0.02870846
PCA(5),3,-0.01182957
PCA(5),3,0.10105201
PCA(5),3,-0.01381837
PCA(5),3,-0.02782574
PCA(5),3,-0.04006208
PCA(5),3,-0.00415931
PCA(5),3,-0.02295980
PCA(5),3,0.00699254
PCA(5),3,0.03929701
PCA(5),3,0.00945878
PCA(5),3,0.06122251
PCA(5),3,0.07296862
PCA(5),3,0.04550998
PCA(5),3,0.04379916
PCA(5),3,-0.01802009
PCA(5),3,0.06834497
PCA(5),3,0.05033726
PCA(5),3,0.00961828
PCA(5),3,0.04852744
PCA(5),3,-0.02718052
PCA(5),3,-0.00791261
PCA(5),3,0.01870171
PCA(5),3,-0.01372291
PCA(5),3,-0.05017698
PCA(5),3,0.01345321
PCA(5),3,0.02018300
PCA(5),3,-0.01512251
PCA(5),3,0.01032828
PCA(5),3,0.03532736
PCA(5),3,0.02541640
PCA(5),3,-0.01501111
PCA(5),3,-0.01376412
PCA(5),3,0.01402483
PCA(5),3,-0.03230274
PCA(5),3,0.02659826
PCA(5),3,0.01963117
PCA(5),3,0.00148173
PCA(5),3,-0.02072895
PCA(5),3,-0.00585533
PCA(5),3,-0.02150058
PCA(5),3,-0.00469931
PCA(5),3,0.03656182
PCA(5),3,-0.00148536
PCA(5),3,-0.00459386
PCA(5),3,-0.03106605
PCA(5),3,-0.00060807
PCA(5),3,0.02269431
PCA(5),3,-0.03253168
PCA(5),3,-0.07778887
PCA(5),3,0.02059721
PCA(5),3,-0.00215973
PCA(5),3,-0.02462790
PCA(5),3,0.02795661
PCA(5),3,0.00183893
PCA(5),3,-0.02123125
PCA(5),3,-0.02612728
PCA(5),3,0.06236195
PCA(5),3,0.03484978
PCA(5),3,-0.00528641
PCA(5),3,0.00180281
PCA(5),3,-0.00898029
PCA(5),3,0.01901836
PCA(5),3,0.04940210
PCA(5),3,-0.03031449
PCA(5),3,-0.01483143
PCA(5),3,0.02593470
PCA(5),3,-0.01339913
PCA(5),3,-0.00699193
PCA(5),3,-0.04233182
PCA(5),3,0.01252807
PCA(5),3,-0.04178613
PCA(5),3,-0.01323345
PCA(5),3,-0.02206010
PCA(5),3,-0.00275186
PCA(5),3,0.00141604
PCA(5),3,-0.01730928
PCA(5),3,0.00466528
PCA(5),3,-0.02142393
PCA(5),3,-0.00760430
PCA(5),3,0.02174486
PCA(5),3,-0.00512775
PCA(5),3,0.08566872
PCA(5),3,-0.03466332
PCA(5),3,0.06748183
PCA(5),3,-0.02849926
PCA(5),4,0.04582231
PCA(5),4,0.07929268
PCA(5),4,-0.00360213
PCA(5),4,0.04929155
PCA(5),4,0.00540739
PCA(5),4,0.03118247
PCA(5),4,0.01630961
PCA(5),4,-0.00758101
PCA(5),4,-0.02091230
PCA(5),4,0.05714826
PCA(5),4,0.01814257
PCA(5),4,-0.00607228
PCA(5),4,-0.01189605
PCA(5),4,0.01878178
PCA(5),4,0.00815254
PCA(5),4,0.08815171
PCA(5),4,-0.01589922
PCA(5),4,0.01810489
PCA(5),4,0.00066202
PCA(5),4,-0.03348918
PCA(5),4,-0.00491924
PCA(5),4,-0.01546217
PCA(5),4,-0.02744665
PCA(5),4,0.00118579
PCA(5),4,-0.04093461
PCA(5),4,-0.03152572
PCA(5),4,0.00642183
PCA(5),4,-0.01718636
PCA(5),4,0.00010081
PCA(5),4,0.10223358
PCA(5),4,-0.01617929
PCA(5),4,0.01106867
PCA(5),4,-0.04481429
PCA(5),4,-0.02282449
PCA(5),4,-0.03372656
PCA(5),4,-0.00493205
PCA(5),4,-0.02401542
PCA(5),4,-0.02360156
PCA(5),4,-0.06536694
PCA(5),4,-0.03118645
PCA(5),4,-0.04563559
PCA(5),4,-0.03205455
PCA(5),4,-0.01013103
PCA(5),4,-0.03307076
PCA(5),4,0.04250739
PCA(5),4,0.00938572
PCA(5),4,-0.03583605
PCA(5),4,-0.05304360
PCA(5),4,-0.04405066
PCA(5),4,0.01807007
PCA(5),4,0.05175796
PCA(5),4,-0.03936326
PCA(5),4,-0.06177529
PCA(5),4,-0.05014915
PCA(5),4,0.04942191
PCA(5),4,-0.02753539
PCA(5),4,-0.02680202
PCA(5),4,-0.02341415
PCA(5),4,0.00293750
PCA(5),4,-0.03187368
PCA(5),4,-0.01369364
PCA(5),4,0.00373150
PCA(5),4,-0.02251855
PCA(5),4,-0.01744704
PCA(5),4,-0.00847622
PCA(5),4,-0.01237504
PCA(5),4,-0.00029268
PCA(5),4,0.01698761
PCA(5),4,0.00994344
PCA(5),4,-0.01594884
PCA(5),4,-0.03971502
PCA(5),4,0.02780171
PCA(5),4,0.04030049
PCA(5),4,0.08757755
PCA(5),4,-0.01705807
PCA(5),4,0.04209899
PCA(5),4,-0.03371196
PCA(5),4,0.07284333
PCA(5),4,-0.00319551
PCA(5),4,-0.01501403
PCA(5),4,0.00534697
PCA(5),4,0.00507150
PCA(5),4,0.02995419
PCA(5),4,-0.01978900
PCA(5),4,0.01669858
PCA(5),4,-0.02132150
PCA(5),4,0.00171192
PCA(5),4,-0.05234003
PCA(5),4,0.02422552
PCA(5),4,0.07305017
PCA(5),4,0.02289820
PCA(5),4,-0.00646055
PCA(5),4,0.00648450
PCA(5),4,0.04361115
PCA(5),4,0.01531713
PCA(5),4,-0.02801037
PCA(5),4,-0.01986396
PCA(5),4,0.01112776
PCA(5),4,-0.01847132
PCA(5),4,0.00752186
PCA(5),4,0.00169769
PCA(5),4,0.00049477
PCA(5),4,0.02244034
PCA(5),4,-0.02110688
PCA(5),4,-0.01225604
PCA(5),4,-0.00942200
PCA(5),4,0.03784866
PCA(5),4,-0.00509106
PCA(5),4,-0.01486530
PCA(5),4,0.01198759
PCA(5),4,0.00216932
PCA(5),4,-0.01628731
PCA(5),4,-0.00365358
PCA(5),4,-0.01318112
PCA(5),4,-0.01027680
PCA(5),4,-0.01362416
PCA(5),4,0.00666971
PCA(5),4,0.01297664
PCA(5),4,0.00304089
PCA(5),4,0.00622281
PCA(5),4,0.00130405
PCA(5),4,0.00846664
PCA(5),4,-0.02855292
PCA(5),4,0.03281332
PCA(5),4,-0.00325657
PCA(5),4,-0.02143895
PCA(5),4,0.00525454
PCA(5),4,0.03765020
PCA(5),4,0.03180448
PCA(5),4,-0.00685639
PCA(5),4,-0.02135585
PCA(5),4,0.01972090
PCA(5),4,-0.02464827
PCA(5),4,-0.00062671
PCA(5),4,-0.01191731
PCA(5),4,0.02640834
PCA(5),4,-0.00566077
PCA(5),4,-0.02187967
PCA(5),4,-0.00542719
PCA(5),4,0.11223475
PCA(5),4,0.00895659
PCA(5),4,-0.00186991
PCA(5),4,-0.01391528
PCA(5),4,-0.02946877
PCA(5),4,-0.01590910
PCA(5),4,0.01711484
PCA(5),4,-0.00048246
PCA(5),4,0.02295291
PCA(5),4,0.00980858
PCA(5),4,0.02678791
PCA(5),4,0.08537522
PCA(5),4,-0.01015830
PCA(5),4,-0.00166588
PCA(5),4,0.02155799
PCA(5),4,0.00564411
PCA(5),4,-0.01457401
PCA(5),4,-0.01676645
PCA(5),4,-0.07133200
PCA(5),4,-0.07134660
PCA(5),4,-0.01789843
PCA(5),4,0.02049597
PCA(5),4,0.07049867
PCA(5),4,-0.01119718
PCA(5),4,0.03998614
PCA(5),4,0.03464485
PCA(5),4,0.02193792
PCA(5),4,0.06569124
PCA(5),4,-0.02441300
PCA(5),4,0.02047251
PCA(5),4,-0.00155847
PCA(5),4,0.04768807
PCA(5),4,0.05358138
PCA(5),4,0.02039926
PCA(5),4,0.01566707
PCA(5),4,-0.00278837
PCA(5),4,0.00129825
PCA(5),4,0.00609339
PCA(5),4,0.00448975
PCA(5),4,-0.01889820
PCA(5),4,-0.00105820
PCA(5),4,0.02910470
PCA(5),4,0.05905968
PCA(5),4,-0.00423731
PCA(5),4,0.03930387
PCA(5),4,0.06829244
PCA(5),4,0.04832889
PCA(5),4,0.01715431
PCA(5),4,0.03741029
PCA(5),4,0.03477570
PCA(5),4,0.00992556
PCA(5),4,-0.00008644
PCA(5),4,0.00328449
PCA(5),4,0.09395965
PCA(5),4,-0.03888514
PCA(5),4,0.00429138
PCA(5),4,0.01698021
PCA(5),4,-0.02468540
PCA(5),4,0.02099435
PCA(5),4,0.02054153
PCA(5),4,-0.00972029
PCA(5),4,0.02991532
PCA(5),4,0.00320772
PCA(5),4,-0.05338702
PCA(5),4,0.02267321
PCA(5),4,-0.00992108
PCA(5),4,-0.03809559
PCA(5),4,-0.06149207
PCA(5),4,-0.02933533
PCA(5),4,-0.00528779
PCA(5),4,-0.01643411
PCA(5),4,0.00161968
PCA(5),4,0.05397957
PCA(5),4,-0.04241950
PCA(5),4,0.05700880
PCA(5),4,-0.00816610
PCA(5),4,-0.04658321
PCA(5),4,-0.00063679
PCA(5),4,-0.01565958
PCA(5),4,-0.00267900
PCA(5),4,0.01050982
PCA(5),4,-0.00387395
PCA(5),4,-0.01597136
PCA(5),4,0.05834512
PCA(5),4,0.01426612
PCA(5),4,0.00459990
PCA(5),4,0.02843223
PCA(5),4,0.01504236
PCA(5),4,0.04156529
PCA(5),4,0.03822867
PCA(5),4,0.05578145
PCA(5),4,0.00630572
PCA(5),4,0.03714712
PCA(5),4,0.04295041
PCA(5),4,0.08657020
PCA(5),4,0.02561718
PCA(5),4,0.00630702
PCA(5),4,0.06505916
PCA(5),4,-0.02231750
PCA(5),4,0.00521697
PCA(5),4,0.02098135
PCA(5),4,-0.00988221
PCA(5),4,0.02558431
PCA(5),4,-0.02327555
PCA(5),4,0.05614318
PCA(5),4,-0.00398828
PCA(5),4,-0.04763829
PCA(5),4,0.00586580
PCA(5),4,0.10210482
PCA(5),4,-0.00451932
PCA(5),4,0.00916218
PCA(5),4,-0.00860440
PCA(5),4,0.03824061
PCA(5),4,-0.03776026
PCA(5),4,-0.00319918
PCA(5),4,-0.04495580
PCA(5),4,0.02713334
PCA(5),5,-0.05464884
PCA(5),5,0.02893300
PCA(5),5,0.00412400
PCA(5),5,-0.04258130
PCA(5),5,-0.01899246
PCA(5),5,-0.01914601
PCA(5),5,-0.01433137
PCA(5),5,-0.07350017
PCA(5),5,-0.00872968
PCA(5),5,-0.02922362
PCA(5),5,-0.05579864
PCA(5),5,-0.05497279
PCA(5),5,-0.04066114
PCA(5),5,0.00424133
PCA(5),5,0.00885698
PCA(5),5,-0.03468008
PCA(5),5,-0.05812754
PCA(5),5,-0.01348144
PCA(5),5,0.03174597
PCA(5),5,-0.02139092
PCA(5),5,-0.03295409
PCA(5),5,-0.01924057
PCA(5),5,-0.01382272
PCA(5),5,-0.04438307
PCA(5),5,-0.04168656
PCA(5),5,-0.00577512
PCA(5),5,-0.00509953
PCA(5),5,0.02703374
PCA(5),5,-0.03320625
PCA(5),5,-0.04971051
PCA(5),5,-0.03810326
PCA(5),5,-0.06014922
PCA(5),5,-0.05971007
PCA(5),5,-0.00953866
PCA(5),5,0.01351850
PCA(5),5,-0.01464173
PCA(5),5,-0.03731647
PCA(5),5,-0.02870262
PCA(5),5,0.03037319
PCA(5),5,-0.04171964
PCA(5),5,0.01352477
PCA(5),5,-0.02358730
PCA(5),5,-0.01731003
PCA(5),5,-0.07563892
PCA(5),5,0.07267271
PCA(5),5,-0.04641778
PCA(5),5,-0.02107115
PCA(5),5,-0.02834281
PCA(5),5,0.00018293
PCA(5),5,0.00119866
PCA(5),5,-0.00159724
PCA(5),5,-0.02929592
PCA(5),5,-0.02105444
PCA(5),5,0.02362805
PCA(5),5,0.01443637
PCA(5),5,-0.04913580
PCA(5),5,0.05193996
PCA(5),5,0.00029805
PCA(5),5,-0.04145907
PCA(5),5,-0.01721532
PCA(5),5,0.02341606
PCA(5),5,-0.00563230
PCA(5),5,-0.03138878
PCA(5),5,-0.00576598
PCA(5),5,-0.01770304
PCA(5),5,-0.01883057
PCA(5),5,-0.08177085
PCA(5),5,-0.02372439
PCA(5),5,-0.02762907
PCA(5),5,-0.09108855
PCA(5),5,-0.01738138
PCA(5),5,-0.06036842
PCA(5),5,-0.03802294
PCA(5),5,-0.03291703
PCA(5),5,0.04936818
PCA(5),5,-0.07802236
PCA(5),5,-0.04024757
PCA(5),5,-0.04106531
PCA(5),5,-0.08840837
PCA(5),5,-0.03103751
PCA(5),5,-0.04350017
PCA(5),5,-0.02872072
PCA(5),5,-0.06336671
PCA(5),5,-0.00098911
PCA(5),5,-0.01988254
PCA(5),5,-0.01907388
PCA(5),5,-0.01616892
PCA(5),5,-0.03832715
PCA(5),5,-0.04848057
PCA(5),5,-0.01956850
PCA(5),5,-0.00760849
PCA(5),5,-0.05970393
PCA(5),5,-0.02082989
PCA(5),5,-0.05165009
PCA(5),5,-0.00205734
PCA(5),5,-0.03363290
PCA(5),5,-0.02064804
PCA(5),5,-0.03349907
PCA(5),5,-0.06010642
PCA(5),5,-0.03035176
PCA(5),5,-0.04877543
PCA(5),5,-0.04026041
PCA(5),5,-0.06951448
PCA(5),5,-0.03733134
PCA(5),5,-0.01861526
PCA(5),5,-0.01976120
PCA(5),5,-0.03202333
PCA(5),5,-0.01281842
PCA(5),5,0.02679515
PCA(5),5,-0.04484330
PCA(5),5,-0.01903576
PCA(5),5,0.00884187
PCA(5),5,-0.03064141
PCA(5),5,-0.05512767
PCA(5),5,-0.06330807
PCA(5),5,0.02184630
PCA(5),5,-0.00620400
PCA(5),5,0.02172415
PCA(5),5,-0.06915850
PCA(5),5,0.05112604
PCA(5),5,0.00757147
PCA(5),5,0.04558109
PCA(5),5,0.04444727
PCA(5),5,0.03977968
PCA(5),5,0.05742480
PCA(5),5,0.08145948
PCA(5),5,0.08342600
PCA(5),5,0.05709431
PCA(5),5,-0.08336655
PCA(5),5,-0.02665633
PCA(5),5,0.06677373
PCA(5),5,-0.03562989
PCA(5),5,0.05496850
PCA(5),5,-0.02119240
PCA(5),5,-0.02541498
PCA(5),5,0.02427035
PCA(5),5,0.04180472
PCA(5),5,0.06148800
PCA(5),5,0.01946347
PCA(5),5,-0.01161842
PCA(5),5,0.01494581
PCA(5),5,-0.01696864
PCA(5),5,-0.07989508
PCA(5),5,-0.04644093
PCA(5),5,-0.03552189
PCA(5),5,-0.02740169
PCA(5),5,-0.02040887
PCA(5),5,-0.01610059
PCA(5),5,0.03992825
PCA(5),5,0.05833478
PCA(5),5,-0.02109173
PCA(5),5,-0.01536930
PCA(5),5,-0.05156022
PCA(5),5,-0.03356739
PCA(5),5,-0.02267879
PCA(5),5,-0.02363243
PCA(5),5,-0.03220547
PCA(5),5,-0.02015807
PCA(5),5,-0.01466441
PCA(5),5,-0.02378734
PCA(5),5,-0.08682423
PCA(5),5,0.01947341
PCA(5),5,0.00097362
PCA(5),5,0.10274201
PCA(5),5,0.04185086
PCA(5),5,-0.04426466
PCA(5),5,0.00197399
PCA(5),5,0.00961660
PCA(5),5,0.07771474
PCA(5),5,0.04965424
PCA(5),5,0.03776058
PCA(5),5,0.02061975
PCA(5),5,-0.04585248
PCA(5),5,0.00050176
PCA(5),5,-0.04337628
PCA(5),5,0.04682802
PCA(5),5,0.07010173
PCA(5),5,0.01113249
PCA(5),5,0.02200553
PCA(5),5,0.08869570
PCA(5),5,-0.03103985
PCA(5),5,-0.01414366
PCA(5),5,0.05321093
PCA(5),5,0.02181323
PCA(5),5,-0.00249927
PCA(5),5,-0.02275414
PCA(5),5,0.01133142
PCA(5),5,-0.03458584
PCA(5),5,-0.01733259
PCA(5),5,0.00212254
PCA(5),5,0.00481400
PCA(5),5,-0.00037881
PCA(5),5,-0.05940033
PCA(5),5,0.00461216
PCA(5),5,-0.02175183
PCA(5),5,-0.04604173
PCA(5),5,-0.06618105
PCA(5),5,0.03420626
PCA(5),5,-0.03330384
PCA(5),5,-0.02576317
PCA(5),5,0.00539494
PCA(5),5,-0.00958659
PCA(5),5,-0.04044453
PCA(5),5,0.03491196
PCA(5),5,0.02402807
PCA(5),5,-0.00369887
PCA(5),5,-0.05803635
PCA(5),5,-0.00029941
PCA(5),5,-0.00459021
PCA(5),5,-0.03612700
PCA(5),5,-0.02824116
PCA(5),5,0.01844361
PCA(5),5,0.01853739
PCA(5),5,0.05644352
PCA(5),5,-0.00115363
PCA(5),5,-0.02149885
PCA(5),5,-0.00830418
PCA(5),5,0.01841170
PCA(5),5,-0.04445260
PCA(5),5,0.03724363
PCA(5),5,-0.04583916
PCA(5),5,0.01318151
PCA(5),5,-0.03363459
PCA(5),5,-0.00749260
PCA(5),5,-0.02596969
PCA(5),5,-0.02969396
PCA(5),5,-0.06598929
PCA(5),5,-0.02410950
PCA(5),5,-0.00679875
PCA(5),5,-0.02576333
PCA(5),5,0.01345149
PCA(5),5,0.02090822
PCA(5),5,0.02102129
PCA(5),5,0.01088430
PCA(5),5,-0.05761768
PCA(5),5,-0.04086115
PCA(5),5,0.02489967
PCA(5),5,0.05436619
PCA(5),5,0.01209485
PCA(5),5,-0.02135444
PCA(5),5,-0.03397600
PCA(5),5,0.00483187
PCA(5),5,-0.02831942
PCA(5),5,0.03639642
PCA(5),5,-0.03580615
PCA(5),5,-0.06150191
PCA(5),5,-0.03961338
PCA(5),5,-0.02031362
PCA(5),5,-0.03035264
PCA(5),5,0.01256210
PCA(5),5,0.05778203
PCA(5),5,-0.05246123
PCA(5),5,0.05419128
PCA(5),5,-0.06515920
PCA(5),5,0.08822736
PCA(5),5,0.02299677
PCA(5),5,-0.01841108
PCA(5),5,-0.05316924
PCA(5),5,-0.04150562
PCA(5),5,0.06856293
PCA(5),5,-0.01581557
PCA(5),5,0.09066930
PCA(5),6,-0.02160055
PCA(5),6,-0.02422992
PCA(5),6,-0.00015140
PCA(5),6,0.02129522
PCA(5),6,-0.03207488
PCA(5),6,-0.00911738
PCA(5),6,0.02168463
PCA(5),6,0.05831519
PCA(5),6,0.01970907
PCA(5),6,0.09523390
PCA(5),6,-0.00187620
PCA(5),6,0.00575635
PCA(5),6,0.04544175
PCA(5),6,-0.00919510
PCA(5),6,0.04694257
PCA(5),6,0.03144041
PCA(5),6,0.06543219
PCA(5),6,-0.00286107
PCA(5),6,-0.01116256
PCA(5),6,0.02821130
PCA(5),6,-0.03081609
PCA(5),6,0.08013232
PCA(5),6,-0.00354587
PCA(5),6,-0.00723245
PCA(5),6,-0.01839661
PCA(5),6,-0.02511986
PCA(5),6,0.00596310
PCA(5),6,0.00909936
PCA(5),6,0.08543969
PCA(5),6,0.03611124
PCA(5),6,0.04943914
PCA(5),6,0.03569445
PCA(5),6,0.04076863
PCA(5),6,-0.02040195
PCA(5),6,-0.01233784
PCA(5),6,0.00446313
PCA(5),6,0.03320508
PCA(5),6,0.01713064
PCA(5),6,0.00926450
PCA(5),6,0.07591077
PCA(5),6,0.02769849
PCA(5),6,-0.00656372
PCA(5),6,0.04856922
PCA(5),6,0.01583325
PCA(5),6,-0.04606025
PCA(5),6,0.10586927
PCA(5),6,0.19470841
PCA(5),6,-0.00057266
PCA(5),6,0.06401377
PCA(5),6,0.01171899
PCA(5),6,0.05036336
PCA(5),6,0.05454785
PCA(5),6,0.01654632
PCA(5),6,0.04689712
PCA(5),6,0.01518530
PCA(5),6,0.00599582
PCA(5),6,-0.02049540
PCA(5),6,0.07421685
PCA(5),6,0.01722041
PCA(5),6,0.04142986
PCA(5),6,0.03718155
PCA(5),6,-0.01884742
PCA(5),6,-0.00651182
PCA(5),6,0.03349175
PCA(5),6,0.04295791
PCA(5),6,-0.01695561
PCA(5),6,0.14656474
PCA(5),6,-0.02250923
PCA(5),6,0.02678038
PCA(5),6,0.02915845
PCA(5),6,0.01085186
PCA(5),6,-0.01789345
PCA(5),6,0.01676200
PCA(5),6,0.00511136
PCA(5),6,0.09557330
PCA(5),6,0.10083390
PCA(5),6,0.03738137
PCA(5),6,0.10347830
PCA(5),6,0.00807049
PCA(5),6,0.08146771
PCA(5),6,0.03076406
PCA(5),6,0.01123346
PCA(5),6,0.04645892
PCA(5),6,0.00486879
PCA(5),6,-0.02264518
PCA(5),6,0.04476057
PCA(5),6,-0.02364737
PCA(5),6,0.01751047
PCA(5),6,0.22279643
PCA(5),6,0.07882613
PCA(5),6,0.03883702
PCA(5),6,0.03914537
PCA(5),6,0.05205373
PCA(5),6,0.01461880
PCA(5),6,0.10465950
PCA(5),6,0.00738122
PCA(5),6,-0.03119646
PCA(5),6,0.05858651
PCA(5),6,-0.01516127
PCA(5),6,0.01384866
PCA(5),6,0.03223718
PCA(5),6,0.00968338
PCA(5),6,0.04785139
PCA(5),6,0.00223375
PCA(5),6,0.01458027
PCA(5),6,0.04664076
PCA(5),6,0.04827172
PCA(5),6,0.06099788
PCA(5),6,0.08596999
PCA(5),6,0.06867134
PCA(5),6,-0.00220530
PCA(5),6,0.05065875
PCA(5),6,0.00158247
PCA(5),6,0.04516717
PCA(5),6,0.02416538
PCA(5),6,0.01813751
PCA(5),6,0.04501315
PCA(5),6,0.03094751
PCA(5),6,0.01849339
PCA(5),6,0.01547506
PCA(5),6,0.01181691
PCA(5),6,0.03000140
PCA(5),6,0.09009858
PCA(5),6,0.05203572
PCA(5),6,0.02320608
PCA(5),6,0.01010525
PCA(5),6,0.02753824
PCA(5),6,0.02739176
PCA(5),6,0.04516169
PCA(5),6,0.06045778
PCA(5),6,0.06112097
PCA(5),6,0.00461624
PCA(5),6,0.03263176
PCA(5),6,0.03193810
PCA(5),6,-0.00828516
PCA(5),6,0.05972884
PCA(5),6,0.04100801
PCA(5),6,0.02881200
PCA(5),6,0.07877247
PCA(5),6,0.03185269
PCA(5),6,0.02284473
PCA(5),6,0.05262977
PCA(5),6,0.02899168
PCA(5),6,0.05962259
PCA(5),6,0.04521685
PCA(5),6,0.05879226
PCA(5),6,0.02450702
PCA(5),6,0.05607946
PCA(5),6,0.01723268
PCA(5),6,0.03140308
PCA(5),6,0.15537062
PCA(5),6,0.12110758
PCA(5),6,0.11834135
PCA(5),6,0.02474774
PCA(5),6,0.03800223
PCA(5),6,0.08040645
PCA(5),6,0.06909333
PCA(5),6,0.05068044
PCA(5),6,-0.00416061
PCA(5),6,-0.01601365
PCA(5),6,0.00091617
PCA(5),6,0.09863219
PCA(5),6,0.05101185
PCA(5),6,0.01854251
PCA(5),6,-0.02480751
PCA(5),6,-0.00193199
PCA(5),6,0.01074455
PCA(5),6,0.00572185
PCA(5),6,0.05276572
PCA(5),6,-0.00008912
PCA(5),6,0.03596915
PCA(5),6,0.07046263
PCA(5),6,0.06112848
PCA(5),6,0.01877488
PCA(5),6,0.03000957
PCA(5),6,-0.00372588
PCA(5),6,0.08841198
PCA(5),6,0.07098221
PCA(5),6,0.07426881
PCA(5),6,0.00097881
PCA(5),6,0.06231411
PCA(5),6,0.02495045
PCA(5),6,0.01710794
PCA(5),6,0.03845884
PCA(5),6,0.02423003
PCA(5),6,0.05822734
PCA(5),6,0.03766067
PCA(5),6,0.11279238
PCA(5),6,0.02978671
PCA(5),6,0.06376736
PCA(5),6,0.10436750
PCA(5),6,0.00677380
PCA(5),6,0.02822094
PCA(5),6,0.04066795
PCA(5),6,0.08712940
PCA(5),6,0.04939557
PCA(5),6,0.05104795
PCA(5),6,0.16450070
PCA(5),6,0.03421878
PCA(5),6,0.05009924
PCA(5),6,0.04080705
PCA(5),6,0.03647916
PCA(5),6,0.01524577
PCA(5),6,0.01525849
PCA(5),6,0.08150626
PCA(5),6,-0.00958108
PCA(5),6,0.01766662
PCA(5),6,0.03744877
PCA(5),6,-0.01312500
PCA(5),6,0.02650821
PCA(5),6,0.01834669
PCA(5),6,0.00029311
PCA(5),6,-0.00957116
PCA(5),6,0.00849027
PCA(5),6,0.02510049
PCA(5),6,-0.00612424
PCA(5),6,0.00643436
PCA(5),6,0.00924954
PCA(5),6,0.00642705
PCA(5),6,0.03367443
PCA(5),6,0.02651281
PCA(5),6,0.04113922
PCA(5),6,-0.03734595
PCA(5),6,0.06039627
PCA(5),6,-0.00533327
PCA(5),6,0.03610115
PCA(5),6,0.03057700
PCA(5),6,0.01989929
PCA(5),6,0.07699882
PCA(5),6,0.08096121
PCA(5),6,0.05561926
PCA(5),6,-0.00893466
PCA(5),6,0.15628404
PCA(5),6,0.00527210
PCA(5),6,0.03028649
PCA(5),6,-0.00442433
PCA(5),6,-0.01675160
PCA(5),6,0.00684393
PCA(5),6,0.04957171
PCA(5),6,0.05462820
PCA(5),6,0.03993994
PCA(5),6,0.06534106
PCA(5),6,0.01827060
PCA(5),6,0.03052181
PCA(5),6,0.04410542
PCA(5),6,0.04971694
PCA(5),6,0.04450888
PCA(5),6,0.02993363
PCA(5),6,0.08119538
PCA(5),6,0.07892322
PCA(5),6,0.04077607
PCA(5),6,0.03457392
PCA(5),6,0.02670140
PCA(5),6,0.03513359
PCA(5),6,0.02248532
PCA(5),6,0.11156789
PCA(5),6,0.04565039
PCA(5),6,0.06077873
PCA(5),6,0.03645998
PCA(5),6,0.04441137
PCA(5),6,-0.02615429
PCA(5),6,0.04765120
PCA(5),6,0.05461175
PCA(5),6,-0.00023263
PCA(5),6,0.02682362
PCA(5),6,0.03367355
PCA(5),6,0.03949226
PCA(5),6,0.01107297
PCA(5),6,0.02185802
PCA(5),6,0.01406509
PCA(5),7,0.08472859
PCA(5),7,0.02244752
PCA(5),7,0.07712923
PCA(5),7,0.05306901
PCA(5),7,0.07237696
PCA(5),7,0.08590745
PCA(5),7,0.08053039
PCA(5),7,0.15509609
PCA(5),7,0.03894818
PCA(5),7,0.05896182
PCA(5),7,0.04358917
PCA(5),7,0.07647922
PCA(5),7,0.05376678
PCA(5),7,0.18143907
PCA(5),7,0.08481642
PCA(5),7,0.06345470
PCA(5),7,0.02542314
PCA(5),7,0.08668750
PCA(5),7,0.04560721
PCA(5),7,0.10182644
PCA(5),7,0.06336329
PCA(5),7,0.11142297
PCA(5),7,0.07596237
PCA(5),7,0.00830298
PCA(5),7,0.13213272
PCA(5),7,0.06272184
PCA(5),7,0.12067806
PCA(5),7,0.08161823
PCA(5),7,0.09424069
PCA(5),7,0.03324029
PCA(5),7,0.02576317
PCA(5),7,0.03403475
PCA(5),7,0.07579699
PCA(5),7,0.04044783
PCA(5),7,0.04860929
PCA(5),7,0.09674919
PCA(5),7,0.07418944
PCA(5),7,0.05632065
PCA(5),7,0.10482053
PCA(5),7,0.05242015
PCA(5),7,0.17665260
PCA(5),7,0.05452831
PCA(5),7,0.06558124
PCA(5),7,0.05270674
PCA(5),7,0.09486460
PCA(5),7,0.11953033
PCA(5),7,0.04496366
PCA(5),7,0.12072350
PCA(5),7,0.09180074
PCA(5),7,0.00761104
PCA(5),7,0.01250590
PCA(5),7,0.19343123
PCA(5),7,0.05885770
PCA(5),7,0.07997039
PCA(5),7,0.05338401
PCA(5),7,0.08146083
PCA(5),7,-0.01086712
PCA(5),7,0.06778349
PCA(5),7,0.03122375
PCA(5),7,0.07144110
PCA(5),7,0.09791362
PCA(5),7,0.06789832
PCA(5),7,0.10353878
PCA(5),7,0.05917366
PCA(5),7,0.08284599
PCA(5),7,0.03933570
PCA(5),7,0.08188916
PCA(5),7,0.04783488
PCA(5),7,0.05257170
PCA(5),7,0.09093080
PCA(5),7,0.05609613
PCA(5),7,0.05354159
PCA(5),7,0.06780418
PCA(5),7,0.07645343
PCA(5),7,0.08167226
PCA(5),7,0.06528174
PCA(5),7,0.04492882
PCA(5),7,0.14578745
PCA(5),7,0.01140094
PCA(5),7,0.13185517
PCA(5),7,0.02536360
PCA(5),7,0.09069650
PCA(5),7,0.09180625
PCA(5),7,0.10175342
PCA(5),7,0.10642609
PCA(5),7,0.04953801
PCA(5),7,0.07138880
PCA(5),7,0.02712600
PCA(5),7,0.06340748
PCA(5),7,0.05267579
PCA(5),7,0.06418546
PCA(5),7,0.08587905
PCA(5),7,0.02582356
PCA(5),7,0.06334326
PCA(5),7,0.06312536
PCA(5),7,0.07226136
PCA(5),7,0.03584330
PCA(5),7,0.03648509
PCA(5),7,0.06715434
PCA(5),7,0.07271330
PCA(5),7,0.06350338
PCA(5),7,0.05548799
PCA(5),7,0.17596814
PCA(5),7,0.05289912
PCA(5),7,0.07948709
PCA(5),7,0.07733776
PCA(5),7,0.06017826
PCA(5),7,0.11009828
PCA(5),7,0.09803340
PCA(5),7,0.08498017
PCA(5),7,0.09600749
PCA(5),7,0.05498715
PCA(5),7,0.03592322
PCA(5),7,0.04126664
PCA(5),7,0.04862785
PCA(5),7,0.05997835
PCA(5),7,0.04641936
PCA(5),7,0.06532515
PCA(5),7,0.04698324
PCA(5),7,0.07095557
PCA(5),7,0.04900387
PCA(5),7,0.05021445
PCA(5),7,0.04889805
PCA(5),7,0.04194442
PCA(5),7,0.04967456
PCA(5),7,0.12762263
PCA(5),7,0.05022478
PCA(5),7,0.05266545
PCA(5),7,0.01839013
PCA(5),7,0.02894388
PCA(5),7,0.04599026
PCA(5),7,0.05097502
PCA(5),7,0.02796357
PCA(5),7,0.07748441
PCA(5),7,0.04733764
PCA(5),7,0.10402939
PCA(5),7,0.10216463
PCA(5),7,0.13776747
PCA(5),7,0.06405902
PCA(5),7,0.12947451
PCA(5),7,0.07213779
PCA(5),7,0.10998550
PCA(5),7,0.08170135
PCA(5),7,0.09328168
PCA(5),7,0.06818785
PCA(5),7,0.01534692
PCA(5),7,0.06715369
PCA(5),7,0.06444615
PCA(5),7,0.08057514
PCA(5),7,0.06913015
PCA(5),7,0.03687716
PCA(5),7,0.07837631
PCA(5),7,0.06032153
PCA(5),7,0.08723030
PCA(5),7,0.09605551
PCA(5),7,0.03158202
PCA(5),7,0.06141360
PCA(5),7,0.06496077
PCA(5),7,0.09685753
PCA(5),7,0.16331840
PCA(5),7,0.11536325
PCA(5),7,0.05102066
PCA(5),7,0.10381625
PCA(5),7,0.27220576
PCA(5),7,0.08598293
PCA(5),7,0.08371605
PCA(5),7,0.02943571
PCA(5),7,0.07784230
PCA(5),7,0.04200553
PCA(5),7,0.12679087
PCA(5),7,0.09101270
PCA(5),7,0.04917705
PCA(5),7,0.07524657
PCA(5),7,0.04909752
PCA(5),7,0.09173609
PCA(5),7,0.05180696
PCA(5),7,0.01687516
PCA(5),7,0.04126611
PCA(5),7,0.03777673
PCA(5),7,0.00869142
PCA(5),7,0.03030158
PCA(5),7,0.06736181
PCA(5),7,0.07730077
PCA(5),7,0.06162835
PCA(5),7,0.04881497
PCA(5),7,0.02679363
PCA(5),7,0.04760690
PCA(5),7,0.05411669
PCA(5),7,0.09525208
PCA(5),7,0.08605819
PCA(5),7,0.02591234
PCA(5),7,0.02738291
PCA(5),7,0.04514742
PCA(5),7,0.08201083
PCA(5),7,0.03594862
PCA(5),7,0.00224572
PCA(5),7,0.05623179
PCA(5),7,0.09688692
PCA(5),7,0.05073692
PCA(5),7,0.06870899
PCA(5),7,0.05252433
PCA(5),7,0.03144984
PCA(5),7,0.05500986
PCA(5),7,-0.01230888
PCA(5),7,0.04271021
PCA(5),7,0.06472773
PCA(5),7,0.05346900
PCA(5),7,0.14576458
PCA(5),7,0.03711897
PCA(5),7,0.09909670
PCA(5),7,0.05302269
PCA(5),7,0.08560181
PCA(5),7,0.04695261
PCA(5),7,0.04945560
PCA(5),7,0.23696296
PCA(5),7,0.10624452
PCA(5),7,0.08770194
PCA(5),7,0.05735784
PCA(5),7,0.09437684
PCA(5),7,0.04932829
PCA(5),7,0.06816680
PCA(5),7,0.08144909
PCA(5),7,0.08299035
PCA(5),7,0.08796414
PCA(5),7,0.07572694
PCA(5),7,0.06726354
PCA(5),7,0.04428710
PCA(5),7,0.16190668
PCA(5),7,0.04324374
PCA(5),7,0.09909556
PCA(5),7,0.07336023
PCA(5),7,0.05864754
PCA(5),7,0.09124618
PCA(5),7,0.06520306
PCA(5),7,0.06508294
PCA(5),7,0.04113894
PCA(5),7,0.00583201
PCA(5),7,0.09642327
PCA(5),7,0.04357595
PCA(5),7,0.04174311
PCA(5),7,0.02987753
PCA(5),7,0.10583953
PCA(5),7,0.08050731
PCA(5),7,0.07512025
PCA(5),7,0.10731460
PCA(5),7,0.04264242
PCA(5),7,0.05082996
PCA(5),7,0.05893142
PCA(5),7,0.10225445
PCA(5),7,0.10790706
PCA(5),7,0.10548658
PCA(5),7,0.10853344
PCA(5),7,0.03978818
PCA(5),7,0.05286570
PCA(5),7,0.10575832
PCA(5),7,0.11205412
PCA(5),7,0.06712528
PCA(5),7,0.11782996
PCA(5),7,0.06320617
PCA(5),7,0.09241220
PCA(5),7,0.12338765
PCA(5),7,0.07371002
PCA(5),7,0.08197069
PCA(5),7,0.08349878
PCA(5),7,0.06090507
PCA(5),7,0.06901981
PCA(5),7,0.21931169
PCA(5),7,0.06037444
PCA(5),7,0.19375789
PCA(5),7,0.05647473
PCA(5),7,0.07165098
PCA(5),7,0.08032040
PCA(5),7,0.15640693
PCA(5),7,0.08641932
PCA(5),7,0.07353341
PCA(5),7,0.04473986
PCA(5),7,0.13368296
PCA(5),7,0.02071248
PCA(5),8,0.04343122
PCA(5),8,-0.05399678
PCA(5),8,-0.10855929
PCA(5),8,-0.08387868
PCA(5),8,-0.07574929
PCA(5),8,0.04627055
PCA(5),8,-0.22643455
PCA(5),8,0.04557761
PCA(5),8,-0.11290843
PCA(5),8,0.07508371
PCA(5),8,-0.05727169
PCA(5),8,-0.04402723
PCA(5),8,-0.15876950
PCA(5),8,0.02331754
PCA(5),8,0.14214889
PCA(5),8,-0.21123153
PCA(5),8,-0.06772834
PCA(5),8,-0.02950542
PCA(5),8,-0.05446831
PCA(5),8,-0.13894722
PCA(5),8,0.00783802
PCA(5),8,-0.13251325
PCA(5),8,-0.01168418
PCA(5),8,-0.06535722
PCA(5),8,-0.19059875
PCA(5),8,-0.01441623
PCA(5),8,-0.00437894
PCA(5),8,0.00118563
PCA(5),8,-0.07851088
PCA(5),8,-0.07977762
PCA(5),8,-0.12117824
PCA(5),8,-0.13886609
PCA(5),8,-0.01903810
PCA(5),8,-0.00661514
PCA(5),8,-0.00716296
PCA(5),8,-0.01833085
PCA(5),8,-0.04996200
PCA(5),8,-0.08761051
PCA(5),8,-0.12483741
PCA(5),8,0.02757374
PCA(5),8,-0.11725683
PCA(5),8,-0.15169203
PCA(5),8,-0.09104006
PCA(5),8,-0.09553391
PCA(5),8,-0.17264741
PCA(5),8,-0.17076975
PCA(5),8,-0.03280401
PCA(5),8,-0.10805031
PCA(5),8,-0.03962730
PCA(5),8,-0.14183787
PCA(5),8,0.08717502
PCA(5),8,-0.06687829
PCA(5),8,-0.12941451
PCA(5),8,-0.14477579
PCA(5),8,-0.07477190
PCA(5),8,-0.23019082
PCA(5),8,0.00715008
PCA(5),8,-0.20824688
PCA(5),8,-0.04570968
PCA(5),8,0.10081160
PCA(5),8,-0.08702209
PCA(5),8,-0.09188414
PCA(5),8,-0.03889021
PCA(5),8,-0.08925733
PCA(5),8,-0.08763195
PCA(5),8,-0.08266690
PCA(5),8,-0.12092725
PCA(5),8,-0.05995259
PCA(5),8,-0.11966824
PCA(5),8,-0.05473882
PCA(5),8,-0.11837184
PCA(5),8,-0.18361085
PCA(5),8,-0.04142176
PCA(5),8,-0.14339928
PCA(5),8,-0.06440328
PCA(5),8,-0.10425869
PCA(5),8,0.02076289
PCA(5),8,-0.17580002
PCA(5),8,-0.10583783
PCA(5),8,-0.10459454
PCA(5),8,-0.12544565
PCA(5),8,-0.08276541
PCA(5),8,-0.07762949
PCA(5),8,-0.12149641
PCA(5),8,-0.06775640
PCA(5),8,-0.13235817
PCA(5),8,-0.00404019
PCA(5),8,-0.15485020
PCA(5),8,-0.15703408
PCA(5),8,-0.09541477
PCA(5),8,-0.10165947
PCA(5),8,-0.18413474
PCA(5),8,-0.14113861
PCA(5),8,-0.13909256
PCA(5),8,-0.05354725
PCA(5),8,-0.08949999
PCA(5),8,-0.01556903
PCA(5),8,-0.11872813
PCA(5),8,-0.03490878
PCA(5),8,-0.05581042
PCA(5),8,-0.03054193
PCA(5),8,-0.04558069
PCA(5),8,-0.01657959
PCA(5),8,-0.14308577
PCA(5),8,-0.02434416
PCA(5),8,-0.09883838
PCA(5),8,-0.01395328
PCA(5),8,0.02624003
PCA(5),8,-0.04125355
PCA(5),8,-0.03429296
PCA(5),8,-0.11173737
PCA(5),8,-0.09670682
PCA(5),8,-0.04774197
PCA(5),8,-0.07547051
PCA(5),8,-0.04162398
PCA(5),8,-0.01158194
PCA(5),8,-0.06576340
PCA(5),8,-0.05795239
PCA(5),8,-0.00993778
PCA(5),8,-0.05291689
PCA(5),8,0.12310638
PCA(5),8,-0.02207859
PCA(5),8,-0.07465411
PCA(5),8,-0.07359694
PCA(5),8,-0.12431777
PCA(5),8,-0.10123566
PCA(5),8,-0.09053894
PCA(5),8,-0.01415577
PCA(5),8,-0.10136934
PCA(5),8,-0.02777136
PCA(5),8,-0.07705639
PCA(5),8,-0.10604726
PCA(5),8,-0.01569794
PCA(5),8,-0.12726254
PCA(5),8,-0.05599548
PCA(5),8,-0.08331946
PCA(5),8,-0.13438986
PCA(5),8,-0.09771751
PCA(5),8,-0.03613344
PCA(5),8,-0.05657092
PCA(5),8,-0.06441996
PCA(5),8,-0.07605840
PCA(5),8,-0.03830156
PCA(5),8,-0.09917218
PCA(5),8,-0.02336556
PCA(5),8,0.00136005
PCA(5),8,-0.08061954
PCA(5),8,-0.08521652
PCA(5),8,-0.12785825
PCA(5),8,-0.08340949
PCA(5),8,-0.11496648
PCA(5),8,0.00636588
PCA(5),8,-0.08813167
PCA(5),8,-0.04664730
PCA(5),8,-0.05544374
PCA(5),8,-0.16039136
PCA(5),8,0.00155180
PCA(5),8,-0.06732900
PCA(5),8,0.03658781
PCA(5),8,-0.06120667
PCA(5),8,-0.06759053
PCA(5),8,-0.09966301
PCA(5),8,0.10954548
PCA(5),8,0.07107243
PCA(5),8,-0.08818923
PCA(5),8,-0.14913809
PCA(5),8,-0.14895958
PCA(5),8,-0.17611671
PCA(5),8,-0.04377295
PCA(5),8,-0.13027668
PCA(5),8,0.00389396
PCA(5),8,-0.07105891
PCA(5),8,-0.04448540
PCA(5),8,-0.09424206
PCA(5),8,-0.10303397
PCA(5),8,-0.16875170
PCA(5),8,-0.13452449
PCA(5),8,-0.20637440
PCA(5),8,-0.22452690
PCA(5),8,-0.08562962
PCA(5),8,-0.10721801
PCA(5),8,-0.07834554
PCA(5),8,-0.13069214
PCA(5),8,-0.16965946
PCA(5),8,-0.06157870
PCA(5),8,-0.09358867
PCA(5),8,-0.06733026
PCA(5),8,-0.00724975
PCA(5),8,-0.15609762
PCA(5),8,-0.04822127
PCA(5),8,-0.12785070
PCA(5),8,-0.05626257
PCA(5),8,-0.10003220
PCA(5),8,-0.10507644
PCA(5),8,-0.01192985
PCA(5),8,-0.09417347
PCA(5),8,-0.06774410
PCA(5),8,0.05564123
PCA(5),8,-0.07071501
PCA(5),8,-0.08861863
PCA(5),8,0.05383871
PCA(5),8,-0.09997946
PCA(5),8,-0.11488414
PCA(5),8,-0.06566237
PCA(5),8,-0.04181407
PCA(5),8,-0.16326596
PCA(5),8,-0.08963396
PCA(5),8,-0.01964756
PCA(5),8,-0.09391733
PCA(5),8,0.02952483
PCA(5),8,-0.05722185
PCA(5),8,-0.09105650
PCA(5),8,-0.06575603
PCA(5),8,-0.07053381
PCA(5),8,-0.01483771
PCA(5),8,-0.05926551
PCA(5),8,-0.10216002
PCA(5),8,-0.07338560
PCA(5),8,-0.13245069
PCA(5),8,-0.01119439
PCA(5),8,-0.04291026
PCA(5),8,-0.12604934
PCA(5),8,-0.11130921
PCA(5),8,-0.07741790
PCA(5),8,-0.14785924
PCA(5),8,-0.10678499
PCA(5),8,-0.13125485
PCA(5),8,-0.13206025
PCA(5),8,-0.00970489
PCA(5),8,-0.15216856
PCA(5),8,-0.12404165
PCA(5),8,-0.13301543
PCA(5),8,-0.02814788
PCA(5),8,-0.06115119
PCA(5),8,-0.04513651
PCA(5),8,-0.05738569
PCA(5),8,-0.14133917
PCA(5),8,-0.06657561
PCA(5),8,-0.15440465
PCA(5),8,-0.09425816
PCA(5),8,-0.09772954
PCA(5),8,-0.07143775
PCA(5),8,-0.00603715
PCA(5),8,-0.04514693
PCA(5),8,-0.06992083
PCA(5),8,-0.04458266
PCA(5),8,-0.07558825
PCA(5),8,0.00624532
PCA(5),8,-0.14851768
PCA(5),8,-0.08670382
PCA(5),8,-0.08369006
PCA(5),8,-0.07660220
PCA(5),8,-0.05091191
PCA(5),8,-0.11583616
PCA(5),8,-0.11464849
PCA(5),8,-0.15097245
PCA(5),8,-0.02931758
PCA(5),8,-0.17159353
PCA(5),8,-0.10287401
PCA(5),8,-0.14730384
PCA(5),8,-0.08431909
PCA(5),8,-0.20207301
PCA(5),8,-0.01046055
PCA(5),8,-0.02797065
PCA(5),8,0.00541303
PCA(5),8,-0.06345460
PCA(5),8,-0.11982894
PCA(5),8,0.03211218
PCA(5),8,-0.03973841
PCA(5),8,0.00220591
PCA(5),8,-0.02380267
PCA(5),8,-0.13342679
PCA(5),8,-0.10201014
PCA(5),8,-0.04891827
PCA(5),8,-0.01627117
PCA(5),8,-0.12401599
PCA(5),8,-0.24400768
PCA(5),8,-0.04039896
PCA(5),8,-0.17627005
PCA(5),8,-0.04265175
PCA(5),8,0.00559805
PCA(5),8,-0.16704337
PCA(5),8,-0.10419650
PCA(5),8,-0.01848370
PCA(5),8,-0.02848887
PCA(5),8,0.03323802
PCA(5),8,-0.14124631
PCA(5),8,-0.01511483
PCA(5),9,-0.07546286
PCA(5),9,-0.01374685
PCA(5),9,-0.10734375
PCA(5),9,-0.05293418
PCA(5),9,-0.01934775
PCA(5),9,-0.00322315
PCA(5),9,-0.03197960
PCA(5),9,-0.02949877
PCA(5),9,-0.10314703
PCA(5),9,-0.07645627
PCA(5),9,-0.05933822
PCA(5),9,0.02176338
PCA(5),9,-0.09281556
PCA(5),9,-0.08150352
PCA(5),9,0.06241631
PCA(5),9,-0.15925988
PCA(5),9,-0.07542191
PCA(5),9,-0.02300007
PCA(5),9,0.00769634
PCA(5),9,-0.05018796
PCA(5),9,-0.00582215
PCA(5),9,0.00301104
PCA(5),9,-0.04319893
PCA(5),9,-0.10732554
PCA(5),9,-0.05613709
PCA(5),9,-0.01236157
PCA(5),9,-0.05780234
PCA(5),9,-0.02622572
PCA(5),9,-0.04135459
PCA(5),9,-0.08625934
PCA(5),9,-0.07139061
PCA(5),9,-0.01583398
PCA(5),9,-0.04828935
PCA(5),9,-0.11955786
PCA(5),9,-0.00554852
PCA(5),9,0.05029095
PCA(5),9,-0.08506609
PCA(5),9,-0.01895389
PCA(5),9,0.07317973
PCA(5),9,-0.06479683
PCA(5),9,-0.04367927
PCA(5),9,0.00348247
PCA(5),9,-0.03677683
PCA(5),9,0.00723870
PCA(5),9,-0.05173254
PCA(5),9,-0.04940984
PCA(5),9,0.01924408
PCA(5),9,0.03515254
PCA(5),9,-0.01002870
PCA(5),9,-0.07143541
PCA(5),9,0.04693318
PCA(5),9,-0.18467601
PCA(5),9,-0.02330332
PCA(5),9,-0.00474298
PCA(5),9,0.00479268
PCA(5),9,0.00384983
PCA(5),9,-0.03216527
PCA(5),9,-0.12033981
PCA(5),9,-0.02486472
PCA(5),9,-0.06946267
PCA(5),9,-0.07506317
PCA(5),9,-0.01545575
PCA(5),9,-0.01343737
PCA(5),9,-0.04831573
PCA(5),9,0.03654612
PCA(5),9,-0.18312024
PCA(5),9,-0.00621422
PCA(5),9,0.01794523
PCA(5),9,-0.03864572
PCA(5),9,-0.03247835
PCA(5),9,0.02349641
PCA(5),9,-0.04352649
PCA(5),9,-0.06668690
PCA(5),9,-0.03655960
PCA(5),9,-0.04651360
PCA(5),9,-0.02614336
PCA(5),9,-0.07416470
PCA(5),9,-0.04450383
PCA(5),9,-0.06823681
PCA(5),9,-0.01989917
PCA(5),9,-0.09755598
PCA(5),9,-0.00740102
PCA(5),9,0.00939428
PCA(5),9,-0.02377782
PCA(5),9,-0.11288916
PCA(5),9,-0.03000768
PCA(5),9,-0.03884784
PCA(5),9,-0.14907414
PCA(5),9,-0.03226129
PCA(5),9,-0.08486360
PCA(5),9,-0.02224301
PCA(5),9,-0.01186011
PCA(5),9,-0.08376642
PCA(5),9,-0.04894933
PCA(5),9,-0.03842414
PCA(5),9,-0.00575836
PCA(5),9,-0.12577798
PCA(5),9,-0.04887149
PCA(5),9,-0.13727030
PCA(5),9,-0.05203330
PCA(5),9,-0.01278998
PCA(5),9,-0.06332446
PCA(5),9,-0.01577492
PCA(5),9,-0.00022055
PCA(5),9,-0.05257623
PCA(5),9,0.01194369
PCA(5),9,-0.04988839
PCA(5),9,-0.00031446
PCA(5),9,-0.01583031
PCA(5),9,-0.09843059
PCA(5),9,-0.03842600
PCA(5),9,0.00035812
PCA(5),9,0.01059110
PCA(5),9,-0.01305969
PCA(5),9,-0.01031009
PCA(5),9,0.00410688
PCA(5),9,-0.04033590
PCA(5),9,-0.05526920
PCA(5),9,-0.01029850
PCA(5),9,0.02477508
PCA(5),9,-0.01920906
PCA(5),9,-0.00515011
PCA(5),9,-0.17186528
PCA(5),9,-0.01861267
PCA(5),9,0.00734733
PCA(5),9,-0.03130846
PCA(5),9,0.01887463
PCA(5),9,-0.00023901
PCA(5),9,0.05723792
PCA(5),9,-0.01338983
PCA(5),9,-0.06068663
PCA(5),9,0.00204622
PCA(5),9,-0.10613127
PCA(5),9,-0.03472136
PCA(5),9,0.01481462
PCA(5),9,0.03093774
PCA(5),9,-0.12128027
PCA(5),9,-0.03580061
PCA(5),9,-0.03557239
PCA(5),9,0.00117536
PCA(5),9,-0.06712005
PCA(5),9,-0.01375848
PCA(5),9,-0.04148351
PCA(5),9,-0.07480225
PCA(5),9,-0.07668142
PCA(5),9,-0.19281317
PCA(5),9,0.01162313
PCA(5),9,-0.07122369
PCA(5),9,-0.14365907
PCA(5),9,-0.09353857
PCA(5),9,-0.10408334
PCA(5),9,-0.08794522
PCA(5),9,-0.04939680
PCA(5),9,-0.14047282
PCA(5),9,-0.16946690
PCA(5),9,0.01896315
PCA(5),9,-0.06262750
PCA(5),9,-0.13977989
PCA(5),9,-0.04078701
PCA(5),9,-0.06168119
PCA(5),9,-0.00428623
PCA(5),9,-0.02732895
PCA(5),9,0.04287292
PCA(5),9,-0.06414442
PCA(5),9,-0.10701311
PCA(5),9,-0.02089146
PCA(5),9,-0.19903237
PCA(5),9,-0.11783777
PCA(5),9,-0.10265818
PCA(5),9,-0.02430265
PCA(5),9,-0.06295715
PCA(5),9,-0.05476814
PCA(5),9,-0.04604513
PCA(5),9,-0.01095074
PCA(5),9,-0.15112181
PCA(5),9,-0.09877569
PCA(5),9,-0.07292041
PCA(5),9,-0.12074791
PCA(5),9,-0.06195339
PCA(5),9,-0.00690542
PCA(5),9,-0.17522856
PCA(5),9,0.01455626
PCA(5),9,-0.03681354
PCA(5),9,-0.06212101
PCA(5),9,-0.01771245
PCA(5),9,-0.05892362
PCA(5),9,0.00934433
PCA(5),9,0.01565739
PCA(5),9,-0.08098107
PCA(5),9,-0.07616470
PCA(5),9,-0.02828099
PCA(5),9,-0.10038785
PCA(5),9,-0.02740082
PCA(5),9,0.01113196
PCA(5),9,-0.16778518
PCA(5),9,-0.01353538
PCA(5),9,-0.16598581
PCA(5),9,-0.09433191
PCA(5),9,-0.06465288
PCA(5),9,-0.01734520
PCA(5),9,-0.03484190
PCA(5),9,-0.06657673
PCA(5),9,-0.00073024
PCA(5),9,0.00949999
PCA(5),9,-0.01226683
PCA(5),9,-0.06542406
PCA(5),9,0.01458921
PCA(5),9,-0.14454020
PCA(5),9,-0.05205452
PCA(5),9,-0.10411651
PCA(5),9,-0.05489766
PCA(5),9,-0.05384486
PCA(5),9,-0.03062402
PCA(5),9,-0.04088672
PCA(5),9,-0.06736584
PCA(5),9,-0.06570149
PCA(5),9,-0.01166028
PCA(5),9,-0.01110020
PCA(5),9,-0.07667140
PCA(5),9,-0.02525669
PCA(5),9,-0.04058390
PCA(5),9,0.00443359
PCA(5),9,-0.01134707
PCA(5),9,0.04685254
PCA(5),9,0.01076342
PCA(5),9,-0.05956854
PCA(5),9,-0.01241010
PCA(5),9,0.02558751
PCA(5),9,-0.02126572
PCA(5),9,-0.08387767
PCA(5),9,-0.03305729
PCA(5),9,-0.04742832
PCA(5),9,0.01639860
PCA(5),9,0.00299623
PCA(5),9,-0.03601209
PCA(5),9,-0.06897301
PCA(5),9,-0.03613762
PCA(5),9,-0.00240135
PCA(5),9,0.00662637
PCA(5),9,-0.06252945
PCA(5),9,-0.01752826
PCA(5),9,0.00569037
PCA(5),9,-0.04522227
PCA(5),9,-0.03485307
PCA(5),9,-0.08857202
PCA(5),9,-0.01237519
PCA(5),9,-0.02154847
PCA(5),9,-0.06252784
PCA(5),9,-0.04941208
PCA(5),9,-0.09181956
PCA(5),9,0.01727470
PCA(5),9,-0.07000361
PCA(5),9,-0.00179457
PCA(5),9,-0.09300776
PCA(5),9,-0.13755924
PCA(5),9,-0.13039376
PCA(5),9,-0.00942951
PCA(5),9,-0.00520902
PCA(5),9,-0.08635088
PCA(5),9,-0.06982840
PCA(5),9,-0.09055132
PCA(5),9,-0.11440742
PCA(5),9,-0.09797524
PCA(5),9,-0.05528440
PCA(5),9,-0.02812711
PCA(5),9,-0.07388831
PCA(5),9,-0.05125039
PCA(5),9,-0.03834736
PCA(5),9,-0.06010526
PCA(5),9,-0.11783091
PCA(5),9,-0.04751334
PCA(5),9,-0.05947237
PCA(5),9,-0.03839590
PCA(5),9,-0.08965164
PCA(5),9,-0.09578317
PCA(5),9,0.03002118
PCA(5),9,-0.04290645
PCA(5),9,0.00267782
PCA(5),9,-0.06802880
PCA(5),9,-0.04084377
PCA(5),9,-0.05211960
PCA(5),9,-0.06210638
PCA(5),9,-0.07201093
PCA(5),9,0.00918238
PCA(5),9,0.00127705
PCA(5),9,-0.14488236
PCA(5),9,-0.09814956
PCA(5),9,-0.04065110
PCA(5),9,-0.00242122
PCA(5),9,-0.10160345
PCA(5),9,-0.09761107
PCA(5),9,-0.12217906
PCA(5),9,-0.02599479
PCA(5),9,-0.03078713
PCA(5),9,-0.02324229
PCA(5),9,-0.00008860
PCA(5),10,0.11168281
PCA(5),10,-0.02285809
PCA(5),10,-0.00267704
PCA(5),10,0.00554428
PCA(5),10,0.18793083
PCA(5),10,-0.04544754
PCA(5),10,-0.03081462
PCA(5),10,-0.05334166
PCA(5),10,-0.02997107
PCA(5),10,-0.00754970
PCA(5),10,-0.03849385
PCA(5),10,-0.05491877
PCA(5),10,-0.05889429
PCA(5),10,0.01039703
PCA(5),10,-0.00368363
PCA(5),10,0.03806119
PCA(5),10,0.00115960
PCA(5),10,-0.02465768
PCA(5),10,0.05017730
PCA(5),10,-0.00611448
PCA(5),10,-0.00124491
PCA(5),10,0.01617034
PCA(5),10,-0.02300788
PCA(5),10,0.01714157
PCA(5),10,-0.01287077
PCA(5),10,-0.01835586
PCA(5),10,0.03107593
PCA(5),10,0.02168698
PCA(5),10,0.02136500
PCA(5),10,0.01263653
PCA(5),10,0.02446425
PCA(5),10,0.02965095
PCA(5),10,0.03291075
PCA(5),10,0.11446321
PCA(5),10,0.02724128
PCA(5),10,0.02140015
PCA(5),10,0.00803385
PCA(5),10,-0.00856672
PCA(5),10,-0.00949185
PCA(5),10,-0.10021923
PCA(5),10,-0.00542176
PCA(5),10,0.00399868
PCA(5),10,0.00783526
PCA(5),10,-0.02664225
PCA(5),10,0.01984364
PCA(5),10,-0.01409329
PCA(5),10,0.02694542
PCA(5),10,-0.08073380
PCA(5),10,0.03667777
PCA(5),10,0.01912352
PCA(5),10,0.04015549
PCA(5),10,0.04381408
PCA(5),10,-0.01270296
PCA(5),10,0.01164384
PCA(5),10,-0.00318084
PCA(5),10,-0.02049212
PCA(5),10,0.03114320
PCA(5),10,-0.04863549
PCA(5),10,0.04871898
PCA(5),10,0.04032865
PCA(5),10,0.02969904
PCA(5),10,-0.01655801
PCA(5),10,-0.01614063
PCA(5),10,-0.00239084
PCA(5),10,0.09714001
PCA(5),10,-0.02154876
PCA(5),10,0.00340276
PCA(5),10,0.03387915
PCA(5),10,0.08534898
PCA(5),10,-0.01253413
PCA(5),10,-0.02309318
PCA(5),10,0.04185291
PCA(5),10,-0.00390562
PCA(5),10,-0.02540577
PCA(5),10,0.03952558
PCA(5),10,0.00809400
PCA(5),10,0.01510921
PCA(5),10,0.00612686
PCA(5),10,-0.01590399
PCA(5),10,-0.01390058
PCA(5),10,0.00950930
PCA(5),10,-0.05059805
PCA(5),10,0.00798563
PCA(5),10,-0.02219033
PCA(5),10,-0.00011845
PCA(5),10,0.01762662
PCA(5),10,0.07838932
PCA(5),10,0.05988253
PCA(5),10,0.02419448
PCA(5),10,0.02604788
PCA(5),10,0.04454183
PCA(5),10,0.10439138
PCA(5),10,0.01820603
PCA(5),10,-0.03033945
PCA(5),10,0.01229512
PCA(5),10,0.02160425
PCA(5),10,-0.02740603
PCA(5),10,-0.04686208
PCA(5),10,-0.02726230
PCA(5),10,0.02146423
PCA(5),10,0.00168375
PCA(5),10,0.02546001
PCA(5),10,0.02631197
PCA(5),10,0.02003990
PCA(5),10,-0.01482059
PCA(5),10,0.01757479
PCA(5),10,0.03385372
PCA(5),10,0.03787433
PCA(5),10,0.05255131
PCA(5),10,0.01128187
PCA(5),10,0.01278145
PCA(5),10,0.06376948
PCA(5),10,0.03199589
PCA(5),10,0.02376064
PCA(5),10,0.03316860
PCA(5),10,0.04718211
PCA(5),10,0.04185630
PCA(5),10,0.03441537
PCA(5),10,0.01679050
PCA(5),10,0.05041191
PCA(5),10,0.07700514
PCA(5),10,0.04053248
PCA(5),10,0.08085164
PCA(5),10,0.05619277
PCA(5),10,0.05200961
PCA(5),10,0.01191784
PCA(5),10,0.02313185
PCA(5),10,0.05026891
PCA(5),10,-0.05064155
PCA(5),10,0.02032015
PCA(5),10,-0.02132883
PCA(5),10,-0.03980598
PCA(5),10,0.05271615
PCA(5),10,0.02842872
PCA(5),10,0.04399304
PCA(5),10,0.05359618
PCA(5),10,0.08332104
PCA(5),10,-0.01916083
PCA(5),10,-0.03582520
PCA(5),10,0.02558411
PCA(5),10,-0.03893884
PCA(5),10,0.02135758
PCA(5),10,0.04926654
PCA(5),10,-0.02389988
PCA(5),10,-0.00388470
PCA(5),10,0.00358210
PCA(5),10,0.01185766
PCA(5),10,0.03400838
PCA(5),10,0.04532475
PCA(5),10,-0.02857508
PCA(5),10,-0.00307431
PCA(5),10,0.02455830
PCA(5),10,-0.07103695
PCA(5),10,0.12107756
PCA(5),10,-0.00256379
PCA(5),10,-0.01357068
PCA(5),10,0.02778516
PCA(5),10,-0.01286553
PCA(5),10,-0.02375895
PCA(5),10,0.00881519
PCA(5),10,-0.00599123
PCA(5),10,0.03562601
PCA(5),10,0.01280551
PCA(5),10,-0.08646950
PCA(5),10,-0.05088382
PCA(5),10,-0.09143287
PCA(5),10,0.14518378
PCA(5),10,-0.02640686
PCA(5),10,0.00445126
PCA(5),10,-0.00763769
PCA(5),10,-0.01537679
PCA(5),10,-0.05769385
PCA(5),10,0.02198138
PCA(5),10,0.01420150
PCA(5),10,0.03679937
PCA(5),10,-0.01440365
PCA(5),10,0.03447874
PCA(5),10,-0.02779155
PCA(5),10,-0.02442413
PCA(5),10,0.01479752
PCA(5),10,0.02797407
PCA(5),10,-0.07151495
PCA(5),10,-0.04343285
PCA(5),10,0.00293061
PCA(5),10,-0.03664857
PCA(5),10,0.03744332
PCA(5),10,0.00076214
PCA(5),10,0.02028190
PCA(5),10,0.00442629
PCA(5),10,-0.02519341
PCA(5),10,-0.00485717
PCA(5),10,0.01378062
PCA(5),10,-0.03639151
PCA(5),10,-0.03546556
PCA(5),10,-0.05779007
PCA(5),10,-0.00291139
PCA(5),10,0.00696418
PCA(5),10,0.03202528
PCA(5),10,0.00522813
PCA(5),10,0.01316886
PCA(5),10,-0.07339782
PCA(5),10,-0.02728000
PCA(5),10,0.04770041
PCA(5),10,-0.06580895
PCA(5),10,-0.01016011
PCA(5),10,-0.00295959
PCA(5),10,-0.05729037
PCA(5),10,-0.04985789
PCA(5),10,0.05170836
PCA(5),10,-0.02466967
PCA(5),10,-0.01013934
PCA(5),10,-0.03041214
PCA(5),10,0.01931390
PCA(5),10,0.01120938
PCA(5),10,-0.00399696
PCA(5),10,0.01612198
PCA(5),10,-0.04912753
PCA(5),10,-0.03540480
PCA(5),10,-0.05143028
PCA(5),10,-0.00402269
PCA(5),10,0.00677131
PCA(5),10,-0.01226928
PCA(5),10,-0.04314102
PCA(5),10,-0.07343881
PCA(5),10,-0.00468952
PCA(5),10,-0.01111729
PCA(5),10,-0.00251375
PCA(5),10,-0.07069045
PCA(5),10,-0.05433882
PCA(5),10,-0.02348607
PCA(5),10,-0.00798180
PCA(5),10,-0.07554982
PCA(5),10,-0.05455176
PCA(5),10,-0.06755703
PCA(5),10,-0.02883480
PCA(5),10,-0.01486387
PCA(5),10,-0.00393534
PCA(5),10,-0.03894086
PCA(5),10,0.05421657
PCA(5),10,-0.00640103
PCA(5),10,-0.08927313
PCA(5),10,-0.02523594
PCA(5),10,-0.00453714
PCA(5),10,0.01237835
PCA(5),10,0.00796922
PCA(5),10,-0.02710504
PCA(5),10,0.06069117
PCA(5),10,0.02124012
PCA(5),10,0.00368010
PCA(5),10,-0.02547832
PCA(5),10,0.08243559
PCA(5),10,-0.02801577
PCA(5),10,-0.01317800
PCA(5),10,-0.01212315
PCA(5),10,-0.00827882
PCA(5),10,-0.02503473
PCA(5),10,0.04399927
PCA(5),10,-0.02130799
PCA(5),10,0.01494717
PCA(5),10,-0.06219280
PCA(5),10,0.02076428
PCA(5),10,0.07453295
PCA(5),10,0.00145148
PCA(5),10,-0.00006678
PCA(5),10,0.00226839
PCA(5),10,0.00445545
PCA(5),10,0.02678048
PCA(5),10,0.03548537
PCA(5),10,0.08422357
PCA(5),10,-0.01541144
PCA(5),10,-0.03758944
PCA(5),10,-0.03132593
PCA(5),10,0.03683848
PCA(5),10,-0.02256688
PCA(5),10,-0.01703677
PCA(5),10,0.00202476
PCA(5),10,-0.00524906
PCA(5),10,-0.03134075
PCA(5),10,-0.01931013
PCA(5),10,0.01117615
PCA(5),10,0.07459248
PCA(5),10,-0.03782656
PCA(5),10,-0.01149519
PCA(5),10,-0.00486451
PCA(5),10,-0.02498598
PCA(5),10,0.00231722
PCA(5),10,-0.01281829
PCA(5),10,0.02588464
PCA(5),10,0.08543432
PCA(5),10,-0.01720135
PCA(5),10,-0.01155665
PCA(5),10,-0.07276448
PCA(5),10,-0.04930669
PCA(5),10,-0.01263208
PCA(5),10,0.04514440
PCA(5),10,-0.06806998
PCA(5),10,0.04777427
PCA(5),10,-0.06680396
PCA(5),10,-0.04513029
PCA(5),11,-0.12285203
PCA(5),11,-0.05528154
PCA(5),11,-0.10415467
PCA(5),11,-0.06566867
PCA(5),11,-0.05593422
PCA(5),11,-0.05363774
PCA(5),11,-0.03777445
PCA(5),11,-0.01747952
PCA(5),11,-0.05754956
PCA(5),11,-0.06312718
PCA(5),11,-0.12657873
PCA(5),11,0.00195536
PCA(5),11,-0.12468353
PCA(5),11,-0.04362297
PCA(5),11,-0.06801305
PCA(5),11,-0.09594428
PCA(5),11,-0.00264025
PCA(5),11,-0.07736745
PCA(5),11,-0.07576264
PCA(5),11,-0.00873740
PCA(5),11,-0.02185745
PCA(5),11,-0.03946301
PCA(5),11,-0.05165827
PCA(5),11,-0.07247961
PCA(5),11,-0.03086301
PCA(5),11,-0.05444229
PCA(5),11,-0.04061591
PCA(5),11,-0.03530076
PCA(5),11,-0.01052517
PCA(5),11,-0.04746450
PCA(5),11,-0.05328624
PCA(5),11,-0.08951526
PCA(5),11,0.13092617
PCA(5),11,-0.01026634
PCA(5),11,-0.04754722
PCA(5),11,-0.03691453
PCA(5),11,-0.02558913
PCA(5),11,-0.00846658
PCA(5),11,-0.02282584
PCA(5),11,-0.07300131
PCA(5),11,-0.05749661
PCA(5),11,-0.01327010
PCA(5),11,-0.07151103
PCA(5),11,-0.06274701
PCA(5),11,-0.05322662
PCA(5),11,-0.05512596
PCA(5),11,-0.06328070
PCA(5),11,-0.09957133
PCA(5),11,-0.04152368
PCA(5),11,-0.04672019
PCA(5),11,-0.06123530
PCA(5),11,-0.13304211
PCA(5),11,-0.09556989
PCA(5),11,-0.07015334
PCA(5),11,-0.03081862
PCA(5),11,-0.11438878
PCA(5),11,-0.08471372
PCA(5),11,-0.05555953
PCA(5),11,-0.08010517
PCA(5),11,-0.04239103
PCA(5),11,-0.05984796
PCA(5),11,-0.05164637
PCA(5),11,-0.08953845
PCA(5),11,-0.03310123
PCA(5),11,-0.03659576
PCA(5),11,-0.05569285
PCA(5),11,-0.05014762
PCA(5),11,-0.06615094
PCA(5),11,-0.05871305
PCA(5),11,-0.05178941
PCA(5),11,-0.05455802
PCA(5),11,-0.07164325
PCA(5),11,-0.03239059
PCA(5),11,-0.07152883
PCA(5),11,0.02648308
PCA(5),11,-0.00141958
PCA(5),11,-0.06137061
PCA(5),11,-0.04064339
PCA(5),11,-0.06430402
PCA(5),11,-0.08723895
PCA(5),11,-0.05862070
PCA(5),11,-0.06027407
PCA(5),11,-0.07658823
PCA(5),11,-0.01480990
PCA(5),11,-0.04438139
PCA(5),11,-0.07189414
PCA(5),11,-0.03744279
PCA(5),11,-0.02302300
PCA(5),11,-0.03062260
PCA(5),11,-0.05482611
PCA(5),11,-0.03645595
PCA(5),11,0.00883422
PCA(5),11,-0.05303939
PCA(5),11,-0.09155039
PCA(5),11,-0.10932553
PCA(5),11,-0.04498006
PCA(5),11,-0.09463621
PCA(5),11,-0.04635494
PCA(5),11,-0.10756693
PCA(5),11,-0.00974482
PCA(5),11,-0.07733375
PCA(5),11,-0.03961252
PCA(5),11,0.00373377
PCA(5),11,-0.00622429
PCA(5),11,0.00480341
PCA(5),11,-0.01963767
PCA(5),11,-0.11303501
PCA(5),11,-0.02726825
PCA(5),11,-0.07180057
PCA(5),11,-0.13067020
PCA(5),11,-0.05378852
PCA(5),11,-0.04836305
PCA(5),11,-0.00139796
PCA(5),11,-0.04230360
PCA(5),11,-0.01426285
PCA(5),11,-0.03272531
PCA(5),11,-0.02293368
PCA(5),11,-0.13574493
PCA(5),11,0.00885447
PCA(5),11,-0.02804024
PCA(5),11,-0.03306073
PCA(5),11,-0.01965895
PCA(5),11,-0.04648539
PCA(5),11,-0.10006807
PCA(5),11,-0.01864312
PCA(5),11,-0.02381507
PCA(5),11,0.00135585
PCA(5),11,-0.02501463
PCA(5),11,-0.02075646
PCA(5),11,-0.03253557
PCA(5),11,-0.09719176
PCA(5),11,-0.03814244
PCA(5),11,-0.00499093
PCA(5),11,-0.05112916
PCA(5),11,0.00949705
PCA(5),11,0.02845634
PCA(5),11,-0.08423903
PCA(5),11,-0.00071099
PCA(5),11,-0.04462147
PCA(5),11,0.00448507
PCA(5),11,-0.03394770
PCA(5),11,-0.02965582
PCA(5),11,-0.08291954
PCA(5),11,-0.06381313
PCA(5),11,-0.01398177
PCA(5),11,0.01951281
PCA(5),11,-0.03460797
PCA(5),11,-0.02529324
PCA(5),11,-0.03259952
PCA(5),11,-0.04393764
PCA(5),11,-0.02262867
PCA(5),11,-0.07111748
PCA(5),11,-0.06269105
PCA(5),11,-0.05504831
PCA(5),11,-0.17337912
PCA(5),11,-0.06136857
PCA(5),11,-0.06030371
PCA(5),11,-0.09406851
PCA(5),11,-0.06864264
PCA(5),11,-0.00525528
PCA(5),11,-0.04862280
PCA(5),11,0.04229803
PCA(5),11,-0.11856904
PCA(5),11,-0.02423637
PCA(5),11,-0.06500872
PCA(5),11,-0.01782391
PCA(5),11,-0.08204852
PCA(5),11,-0.06239803
PCA(5),11,-0.01284899
PCA(5),11,-0.08309531
PCA(5),11,-0.06726891
PCA(5),11,-0.05984282
PCA(5),11,-0.10471786
PCA(5),11,-0.09464905
PCA(5),11,-0.06403175
PCA(5),11,-0.05975855
PCA(5),11,-0.08952472
PCA(5),11,-0.10881563
PCA(5),11,-0.05697174
PCA(5),11,-0.07177990
PCA(5),11,-0.07294400
PCA(5),11,-0.12245416
PCA(5),11,-0.04877861
PCA(5),11,-0.02286967
PCA(5),11,-0.08244072
PCA(5),11,-0.04178330
PCA(5),11,-0.05225528
PCA(5),11,-0.10011484
PCA(5),11,-0.07760923
PCA(5),11,-0.07408068
PCA(5),11,-0.07043344
PCA(5),11,-0.04930153
PCA(5),11,-0.02486936
PCA(5),11,-0.02112693
PCA(5),11,-0.04856546
PCA(5),11,-0.08709041
PCA(5),11,-0.03232172
PCA(5),11,-0.05093937
PCA(5),11,-0.10644834
PCA(5),11,-0.08843812
PCA(5),11,0.02228643
PCA(5),11,-0.06419554
PCA(5),11,-0.00770190
PCA(5),11,-0.07107765
PCA(5),11,-0.09401780
PCA(5),11,-0.09957233
PCA(5),11,-0.00717884
PCA(5),11,-0.08194727
PCA(5),11,-0.02574942
PCA(5),11,-0.02362896
PCA(5),11,-0.07439405
PCA(5),11,-0.03706970
PCA(5),11,-0.07248756
PCA(5),11,-0.04819585
PCA(5),11,-0.02368654
PCA(5),11,-0.04809677
PCA(5),11,-0.05750729
PCA(5),11,-0.03353120
PCA(5),11,-0.04630273
PCA(5),11,-0.07237418
PCA(5),11,-0.05108326
PCA(5),11,-0.00297735
PCA(5),11,-0.06308428
PCA(5),11,-0.01142278
PCA(5),11,-0.01097376
PCA(5),11,-0.10019516
PCA(5),11,-0.04333817
PCA(5),11,-0.09254471
PCA(5),11,-0.08156729
PCA(5),11,-0.06125029
PCA(5),11,-0.09554800
PCA(5),11,-0.04569421
PCA(5),11,0.01348137
PCA(5),11,-0.13671616
PCA(5),11,-0.05494067
PCA(5),11,-0.07343949
PCA(5),11,-0.05525605
PCA(5),11,0.00205138
PCA(5),11,0.02871959
PCA(5),11,-0.08964078
PCA(5),11,-0.00549206
PCA(5),11,-0.07382360
PCA(5),11,-0.04469219
PCA(5),11,-0.04722238
PCA(5),11,-0.05895757
PCA(5),11,-0.01101234
PCA(5),11,-0.01410416
PCA(5),11,-0.07591716
PCA(5),11,-0.05352904
PCA(5),11,-0.05301989
PCA(5),11,-0.01293253
PCA(5),11,-0.03282051
PCA(5),11,0.00900382
PCA(5),11,-0.06306624
PCA(5),11,-0.06182279
PCA(5),11,-0.03790512
PCA(5),11,-0.00626073
PCA(5),11,-0.01627431
PCA(5),11,-0.03136183
PCA(5),11,-0.05390850
PCA(5),11,-0.06129967
PCA(5),11,-0.08034994
PCA(5),11,-0.08406630
PCA(5),11,-0.01437913
PCA(5),11,-0.04955585
PCA(5),11,-0.00415168
PCA(5),11,-0.02158012
PCA(5),11,-0.08058447
PCA(5),11,-0.01091055
PCA(5),11,-0.06193557
PCA(5),11,-0.06007834
PCA(5),11,-0.05661809
PCA(5),11,-0.09122626
PCA(5),11,-0.08462935
PCA(5),11,-0.06365751
PCA(5),11,-0.07595513
PCA(5),11,-0.02733195
PCA(5),11,-0.04780409
PCA(5),11,-0.09738503
PCA(5),11,-0.10804299
PCA(5),11,-0.03385714
PCA(5),11,-0.05137436
PCA(5),11,-0.07959164
PCA(5),11,-0.11411190
PCA(5),11,-0.14358279
PCA(5),11,-0.10273263
PCA(5),11,-0.01227386
PCA(5),11,-0.03511358
PCA(5),11,-0.11714437
PCA(5),11,-0.05181500
PCA(5),11,-0.09068194
PCA(5),11,-0.07759740
PCA(5),11,-0.04688459
PCA(5),11,-0.10656227
PCA(5),11,-0.08371938
PCA(5),11,-0.08654878
PCA(5),11,-0.06906923
PCA(5),11,-0.03373811
PCA(5),11,-0.02975168
PCA(5),11,-0.07873780
PCA(5),11,-0.02184424
PCA(5),11,-0.08328935
PCA(5),11,-0.09908048
PCA(5),11,-0.03364935
PCA(5),12,-0.02010956
PCA(5),12,-0.03266634
PCA(5),12,0.10524144
PCA(5),12,-0.06440741
PCA(5),12,0.03474370
PCA(5),12,-0.06071165
PCA(5),12,0.00694549
PCA(5),12,-0.03331936
PCA(5),12,-0.02181126
PCA(5),12,0.03432426
PCA(5),12,-0.05450080
PCA(5),12,-0.00049459
PCA(5),12,-0.03081488
PCA(5),12,0.05043876
PCA(5),12,-0.02738700
PCA(5),12,0.00655660
PCA(5),12,0.00105863
PCA(5),12,0.09816995
PCA(5),12,-0.05572781
PCA(5),12,0.01863594
PCA(5),12,0.00981029
PCA(5),12,-0.00040497
PCA(5),12,-0.02577487
PCA(5),12,-0.07810742
PCA(5),12,-0.11712990
PCA(5),12,-0.03123480
PCA(5),12,-0.07239521
PCA(5),12,-0.00204892
PCA(5),12,0.00631869
PCA(5),12,0.07543223
PCA(5),12,-0.00979633
PCA(5),12,0.00285149
PCA(5),12,-0.03149164
PCA(5),12,0.02575507
PCA(5),12,-0.05789342
PCA(5),12,-0.06167837
PCA(5),12,-0.03375617
PCA(5),12,0.00835372
PCA(5),12,-0.02673056
PCA(5),12,0.02217739
PCA(5),12,-0.02175350
PCA(5),12,-0.02028119
PCA(5),12,0.00542549
PCA(5),12,-0.04326219
PCA(5),12,0.01343217
PCA(5),12,-0.03824471
PCA(5),12,0.01014612
PCA(5),12,-0.02122642
PCA(5),12,-0.02955675
PCA(5),12,-0.03416711
PCA(5),12,0.01911957
PCA(5),12,-0.05921606
PCA(5),12,-0.02835179
PCA(5),12,-0.05466111
PCA(5),12,-0.05648490
PCA(5),12,-0.07395560
PCA(5),12,-0.04904490
PCA(5),12,-0.05787002
PCA(5),12,-0.08071941
PCA(5),12,-0.02142654
PCA(5),12,-0.03776638
PCA(5),12,-0.02223762
PCA(5),12,0.01943837
PCA(5),12,-0.07415298
PCA(5),12,-0.06577732
PCA(5),12,-0.03351669
PCA(5),12,-0.03077145
PCA(5),12,-0.04831139
PCA(5),12,-0.05791589
PCA(5),12,-0.00671984
PCA(5),12,0.00473196
PCA(5),12,-0.00735271
PCA(5),12,0.01888589
PCA(5),12,-0.03440484
PCA(5),12,-0.03533409
PCA(5),12,0.02686520
PCA(5),12,-0.00261174
PCA(5),12,-0.01638343
PCA(5),12,-0.08105129
PCA(5),12,-0.03343804
PCA(5),12,-0.00481478
PCA(5),12,-0.03295898
PCA(5),12,-0.04678488
PCA(5),12,-0.06253204
PCA(5),12,0.04351671
PCA(5),12,-0.03906632
PCA(5),12,-0.02334186
PCA(5),12,0.01169727
PCA(5),12,-0.01578608
PCA(5),12,0.00524940
PCA(5),12,-0.03899264
PCA(5),12,-0.00193051
PCA(5),12,-0.05054813
PCA(5),12,-0.03043004
PCA(5),12,-0.06057196
PCA(5),12,-0.02267282
PCA(5),12,-0.01192859
PCA(5),12,-0.02247383
PCA(5),12,0.01723997
PCA(5),12,-0.04283151
PCA(5),12,-0.01084195
PCA(5),12,-0.02909509
PCA(5),12,0.01802910
PCA(5),12,0.06436325
PCA(5),12,0.01691002
PCA(5),12,0.08105991
PCA(5),12,0.07274440
PCA(5),12,0.07369695
PCA(5),12,-0.00681652
PCA(5),12,0.04168494
PCA(5),12,0.05118961
PCA(5),12,-0.02521819
PCA(5),12,0.03645002
PCA(5),12,-0.06814116
PCA(5),12,0.00691919
PCA(5),12,-0.02169794
PCA(5),12,0.01647193
PCA(5),12,0.04414936
PCA(5),12,0.00125001
PCA(5),12,0.09111272
PCA(5),12,0.04809269
PCA(5),12,-0.01524464
PCA(5),12,-0.02312456
PCA(5),12,-0.00281566
PCA(5),12,0.03363936
PCA(5),12,0.05047562
PCA(5),12,-0.02621808
PCA(5),12,0.06272351
PCA(5),12,0.06788376
PCA(5),12,-0.03410883
PCA(5),12,0.02869590
PCA(5),12,-0.01969002
PCA(5),12,0.02686070
PCA(5),12,0.03243099
PCA(5),12,0.04443060
PCA(5),12,0.02612140
PCA(5),12,0.01429879
PCA(5),12,-0.05612742
PCA(5),12,0.02213261
PCA(5),12,-0.04293364
PCA(5),12,-0.06162159
PCA(5),12,-0.04241959
PCA(5),12,0.03553723
PCA(5),12,-0.00434063
PCA(5),12,0.00820558
PCA(5),12,-0.01990548
PCA(5),12,0.05220787
PCA(5),12,-0.00763353
PCA(5),12,0.03266858
PCA(5),12,0.01042702
PCA(5),12,0.01523593
PCA(5),12,-0.03695468
PCA(5),12,-0.05176844
PCA(5),12,-0.01384823
PCA(5),12,0.01427773
PCA(5),12,0.00280777
PCA(5),12,-0.04087876
PCA(5),12,0.03986319
PCA(5),12,0.00697322
PCA(5),12,-0.00362252
PCA(5),12,0.00580535
PCA(5),12,0.04949183
PCA(5),12,-0.03792405
PCA(5),12,0.00776791
PCA(5),12,0.01042356
PCA(5),12,-0.03780084
PCA(5),12,-0.04641739
PCA(5),12,0.02244461
PCA(5),12,0.02412780
PCA(5),12,0.00355580
PCA(5),12,-0.04172015
PCA(5),12,0.09429621
PCA(5),12,0.00312150
PCA(5),12,-0.01576070
PCA(5),12,-0.02420817
PCA(5),12,-0.11024894
PCA(5),12,-0.02186997
PCA(5),12,-0.01902291
PCA(5),12,0.02508591
PCA(5),12,-0.02912049
PCA(5),12,-0.00847297
PCA(5),12,0.01217509
PCA(5),12,0.03488399
PCA(5),12,-0.01179316
PCA(5),12,-0.01137776
PCA(5),12,0.02788904
PCA(5),12,-0.05230097
PCA(5),12,-0.04839563
PCA(5),12,-0.03921880
PCA(5),12,0.00932472
PCA(5),12,-0.02098884
PCA(5),12,-0.01068443
PCA(5),12,-0.00268675
PCA(5),12,-0.05705337
PCA(5),12,-0.03883072
PCA(5),12,0.03301986
PCA(5),12,-0.00223344
PCA(5),12,-0.04731741
PCA(5),12,-0.04511901
PCA(5),12,-0.06605790
PCA(5),12,-0.00408358
PCA(5),12,0.00091471
PCA(5),12,-0.00900611
PCA(5),12,-0.02327298
PCA(5),12,-0.04502159
PCA(5),12,-0.07065690
PCA(5),12,-0.02440253
PCA(5),12,0.03951832
PCA(5),12,-0.02771072
PCA(5),12,-0.02120240
PCA(5),12,-0.00575401
PCA(5),12,-0.04372763
PCA(5),12,-0.04697065
PCA(5),12,-0.05975534
PCA(5),12,-0.00308113
PCA(5),12,-0.03205271
PCA(5),12,0.00114359
PCA(5),12,-0.01050490
PCA(5),12,-0.02444881
PCA(5),12,0.01443891
PCA(5),12,-0.01342462
PCA(5),12,0.01351510
PCA(5),12,-0.04098824
PCA(5),12,0.00637763
PCA(5),12,-0.03427608
PCA(5),12,-0.01146980
PCA(5),12,-0.07895023
PCA(5),12,-0.03911050
PCA(5),12,-0.00809349
PCA(5),12,-0.03659288
PCA(5),12,-0.03778637
PCA(5),12,0.08364091
PCA(5),12,0.18691029
PCA(5),12,-0.03451116
PCA(5),12,-0.04177625
PCA(5),12,-0.07270807
PCA(5),12,-0.04107216
PCA(5),12,-0.04238310
PCA(5),12,0.01295923
PCA(5),12,-0.03843341
PCA(5),12,-0.06481596
PCA(5),12,-0.02488827
PCA(5),12,0.01558474
PCA(5),12,0.03241450
PCA(5),12,-0.08137247
PCA(5),12,-0.01135280
PCA(5),12,0.01943990
PCA(5),12,-0.01766808
PCA(5),12,-0.03032404
PCA(5),12,0.00424631
PCA(5),12,-0.01687754
PCA(5),12,-0.04294538
PCA(5),12,-0.01113163
PCA(5),12,-0.00461054
PCA(5),12,0.01224138
PCA(5),12,-0.01735378
PCA(5),12,0.00598077
PCA(5),12,-0.01789137
PCA(5),12,-0.04216864
PCA(5),12,0.02891066
PCA(5),12,0.03497012
PCA(5),12,0.01380653
PCA(5),12,-0.03753903
PCA(5),12,0.00924273
PCA(5),12,-0.00890333
PCA(5),12,-0.04647197
PCA(5),12,0.01929364
PCA(5),12,-0.02730512
PCA(5),12,-0.03920493
PCA(5),12,-0.04854291
PCA(5),12,0.01417668
PCA(5),12,-0.05714051
PCA(5),12,0.00384120
PCA(5),12,-0.02955316
PCA(5),12,-0.04800903
PCA(5),12,-0.04133977
PCA(5),12,-0.03125188
PCA(5),12,-0.05878216
PCA(5),12,-0.03683678
PCA(5),12,-0.03478552
PCA(5),12,-0.08434772
PCA(5),12,-0.03253384
PCA(5),12,-0.04338632
PCA(5),12,0.03081820
PCA(5),12,0.03544088
PCA(5),12,-0.03376625
PCA(5),12,0.01089754
PCA(5),12,-0.04102484
PCA(5),12,-0.06195968
PCA(5),12,-0.02385341
PCA(5),12,-0.04919837
PCA(5),12,-0.02099618
PCA(5),12,0.00615573
PCA(5),12,-0.10333502
PCA(5),12,-0.01873945
PCA(5),12,0.02015521
PCA(5),12,-0.02806800
PCA(5),12,-0.04884657
PCA(5),12,-0.06154259
PCA(5),12,-0.05498253
PCA(5),12,-0.05465074
PCA(5),12,-0.01901117
PCA(5),12,0.03325926
PCA(5),12,-0.04334638
PCA(5),12,-0.01565647
PCA(5),12,-0.05871016
PCA(5),12,-0.03126708
PCA(5),12,-0.02419611
LASSO,1,0.02500299
LASSO,1,-0.03899856
LASSO,1,0.04444122
LASSO,1,0.03578027
LASSO,1,-0.00021538
LASSO,1,0.06258818
LASSO,1,0.09031997
LASSO,1,0.16097774
LASSO,1,0.00175638
LASSO,1,0.01773996
LASSO,1,0.03670191
LASSO,1,-0.04001748
LASSO,1,0.02034686
LASSO,1,0.01379502
LASSO,1,0.05799381
LASSO,1,0.07301017
LASSO,1,0.04121488
LASSO,1,0.10184198
LASSO,1,0.14323559
LASSO,1,0.00733833
LASSO,1,0.10435478
LASSO,1,0.13344110
LASSO,1,0.03145052
LASSO,1,0.04584982
LASSO,1,0.12073309
LASSO,1,0.00769728
LASSO,1,0.08578976
LASSO,1,0.08212436
LASSO,1,0.07941008
LASSO,1,0.07149407
LASSO,1,0.07608779
LASSO,1,0.05571988
LASSO,1,0.19581481
LASSO,1,0.08755319
LASSO,1,0.03069266
LASSO,1,0.06097117
LASSO,1,0.05516260
LASSO,1,0.05861021
LASSO,1,0.03789986
LASSO,1,0.04986760
LASSO,1,0.09567210
LASSO,1,-0.00197456
LASSO,1,0.07531223
LASSO,1,0.01832394
LASSO,1,0.07393683
LASSO,1,0.06987157
LASSO,1,0.13693939
LASSO,1,0.02640364
LASSO,1,0.05233140
LASSO,1,0.04142894
LASSO,1,0.09239043
LASSO,1,0.05679935
LASSO,1,0.03641470
LASSO,1,0.06434560
LASSO,1,0.03917088
LASSO,1,-0.10682303
LASSO,1,0.01947322
LASSO,1,0.05641635
LASSO,1,0.00987857
LASSO,1,0.10332558
LASSO,1,0.03306829
LASSO,1,-0.01619780
LASSO,1,-0.01116861
LASSO,1,0.00554171
LASSO,1,0.00913001
LASSO,1,-0.02065047
LASSO,1,-0.00945644
LASSO,1,-0.00655181
LASSO,1,0.07815311
LASSO,1,0.03711641
LASSO,1,0.02454981
LASSO,1,0.00525233
LASSO,1,0.03641721
LASSO,1,-0.00853095
LASSO,1,0.06977547
LASSO,1,0.01930107
LASSO,1,0.01102132
LASSO,1,0.02367166
LASSO,1,0.00507884
LASSO,1,0.02172118
LASSO,1,0.00897961
LASSO,1,-0.00517948
LASSO,1,0.02740010
LASSO,1,-0.00304794
LASSO,1,-0.01856854
LASSO,1,0.02909171
LASSO,1,0.04455090
LASSO,1,0.03575298
LASSO,1,-0.03352042
LASSO,1,0.03581439
LASSO,1,0.03346347
LASSO,1,-0.04911320
LASSO,1,0.06027412
LASSO,1,0.07556304
LASSO,1,0.02656303
LASSO,1,0.02626250
LASSO,1,0.02671472
LASSO,1,-0.02686612
LASSO,1,-0.00460371
LASSO,1,-0.06095919
LASSO,1,-0.01812751
LASSO,1,-0.01139150
LASSO,1,0.00855570
LASSO,1,-0.03589429
LASSO,1,-0.02146211
LASSO,1,0.03301020
LASSO,1,-0.07029587
LASSO,1,-0.00991440
LASSO,1,0.08243830
LASSO,1,0.05824505
LASSO,1,0.03925475
LASSO,1,0.00355825
LASSO,1,-0.03979457
LASSO,1,-0.01741008
LASSO,1,-0.00083419
LASSO,1,-0.00115520
LASSO,1,0.03467591
LASSO,1,0.03620404
LASSO,1,0.01655567
LASSO,1,0.03374613
LASSO,1,0.03650748
LASSO,1,-0.06194035
LASSO,1,-0.03180427
LASSO,1,0.10133041
LASSO,1,0.05219794
LASSO,1,0.00429306
LASSO,1,0.01671796
LASSO,1,-0.00689381
LASSO,1,0.02951781
LASSO,1,-0.03880450
LASSO,1,0.05286762
LASSO,1,-0.03007592
LASSO,1,-0.04288781
LASSO,1,0.07691104
LASSO,1,-0.01630703
LASSO,1,-0.00031901
LASSO,1,0.00349669
LASSO,1,-0.05065921
LASSO,1,0.01436771
LASSO,1,-0.00024370
LASSO,1,-0.00154317
LASSO,1,0.01877846
LASSO,1,0.04806746
LASSO,1,0.00200485
LASSO,1,0.06433026
LASSO,1,-0.02295330
LASSO,1,0.03029501
LASSO,1,-0.06214667
LASSO,1,0.10073104
LASSO,1,0.05572091
LASSO,1,0.06373090
LASSO,1,0.06622267
LASSO,1,0.00588727
LASSO,1,0.03728114
LASSO,1,0.11333798
LASSO,1,0.04099904
LASSO,1,0.00496796
LASSO,1,-0.03332898
LASSO,1,-0.02843132
LASSO,1,0.01885620
LASSO,1,0.00240881
LASSO,1,0.03353782
LASSO,1,0.09346100
LASSO,1,0.00674491
LASSO,1,0.01467520
LASSO,1,0.11666259
LASSO,1,0.11179890
LASSO,1,-0.01539668
LASSO,1,0.09317013
LASSO,1,0.03962272
LASSO,1,0.09499757
LASSO,1,0.04991516
LASSO,1,0.00953209
LASSO,1,-0.10210858
LASSO,1,0.06799018
LASSO,1,-0.03337024
LASSO,1,0.08389202
LASSO,1,0.13245135
LASSO,1,0.00231534
LASSO,1,0.00309143
LASSO,2,0.03597953
LASSO,2,-0.01511539
LASSO,2,0.02800802
LASSO,2,0.02623048
LASSO,2,0.00468514
LASSO,2,0.05006444
LASSO,2,-0.01423761
LASSO,2,-0.04968321
LASSO,2,-0.03171159
LASSO,2,-0.01110719
LASSO,2,0.03666094
LASSO,2,0.05161318
LASSO,2,-0.02637061
LASSO,2,-0.00071273
LASSO,2,-0.01260258
LASSO,2,0.00507202
LASSO,2,0.05680075
LASSO,2,0.02341932
LASSO,2,-0.01593427
LASSO,2,0.00184152
LASSO,2,0.12401301
LASSO,2,0.05245244
LASSO,2,0.03538849
LASSO,2,0.00749244
LASSO,2,0.02007835
LASSO,2,0.02700037
LASSO,2,-0.01624543
LASSO,2,0.00307425
LASSO,2,-0.01018807
LASSO,2,0.04132304
LASSO,2,-0.00095591
LASSO,2,0.01820259
LASSO,2,-0.01353142
LASSO,2,0.02584649
LASSO,2,0.00347881
LASSO,2,0.00846806
LASSO,2,-0.03644571
LASSO,2,0.01121879
LASSO,2,0.04783343
LASSO,2,0.05732878
LASSO,2,0.01202560
LASSO,2,-0.02168664
LASSO,2,0.04465443
LASSO,2,0.02200505
LASSO,2,0.04201617
LASSO,2,-0.00700810
LASSO,2,0.03405059
LASSO,2,0.01549227
LASSO,2,0.01096301
LASSO,2,0.00339221
LASSO,2,-0.00590191
LASSO,2,-0.00705210
LASSO,2,-0.02049639
LASSO,2,-0.00031148
LASSO,2,-0.01271936
LASSO,2,-0.03440728
LASSO,2,-0.02822837
LASSO,2,0.01494494
LASSO,2,0.04069197
LASSO,2,0.02611951
LASSO,2,0.02283461
LASSO,2,0.01416459
LASSO,2,-0.03866179
LASSO,2,0.00677442
LASSO,2,-0.03912906
LASSO,2,0.02522784
LASSO,2,-0.02226091
LASSO,2,-0.02114336
LASSO,2,-0.03041888
LASSO,2,-0.03951852
LASSO,2,-0.02433264
LASSO,2,-0.02759900
LASSO,2,-0.03095605
LASSO,2,-0.05607777
LASSO,2,-0.05475351
LASSO,2,-0.07972645
LASSO,2,-0.04445940
LASSO,2,0.00277326
LASSO,2,-0.00527195
LASSO,2,-0.05290365
LASSO,2,-0.00846174
LASSO,2,-0.00115794
LASSO,2,-0.02750530
LASSO,2,-0.01293222
LASSO,2,-0.06093095
LASSO,2,-0.06242705
LASSO,2,-0.08085912
LASSO,2,0.01817469
LASSO,2,-0.02688411
LASSO,2,-0.02084221
LASSO,2,0.01223669
LASSO,2,0.01633947
LASSO,2,-0.00006053
LASSO,2,-0.01755273
LASSO,2,-0.04641172
LASSO,2,0.00924454
LASSO,2,-0.02142455
LASSO,2,-0.04668580
LASSO,2,-0.03062024
LASSO,2,-0.03453805
LASSO,2,-0.02885469
LASSO,2,0.02088947
LASSO,2,0.02786499
LASSO,2,-0.00918409
LASSO,2,-0.00251538
LASSO,2,-0.02426566
LASSO,2,0.00637396
LASSO,2,0.04834475
LASSO,2,-0.04685384
LASSO,2,0.01362475
LASSO,2,-0.02930784
LASSO,2,0.10091935
LASSO,2,-0.03332752
LASSO,2,-0.03465022
LASSO,2,-0.00672150
LASSO,2,0.02683176
LASSO,2,0.02860453
LASSO,2,-0.02330349
LASSO,2,0.00854279
LASSO,2,-0.00451190
LASSO,2,-0.00544664
LASSO,2,-0.02284372
LASSO,2,-0.01006012
LASSO,2,0.01432840
LASSO,2,0.03011910
LASSO,2,0.02343041
LASSO,2,0.01822871
LASSO,2,-0.04467770
LASSO,2,0.01610410
LASSO,2,0.01194242
LASSO,2,-0.00854544
LASSO,2,-0.01349252
LASSO,2,-0.02550644
LASSO,2,-0.05317941
LASSO,2,-0.06844827
LASSO,2,-0.04393498
LASSO,2,-0.04722433
LASSO,2,-0.01560249
LASSO,2,0.00973005
LASSO,2,-0.03882249
LASSO,2,-0.01985354
LASSO,2,-0.03603058
LASSO,2,-0.02112092
LASSO,2,-0.01139736
LASSO,2,-0.07034152
LASSO,2,-0.02842328
LASSO,2,-0.06648302
LASSO,2,-0.06849846
LASSO,2,-0.02308708
LASSO,2,-0.09655208
LASSO,2,-0.05081769
LASSO,2,-0.04440290
LASSO,2,-0.04321406
LASSO,2,-0.00471546
LASSO,2,0.01672851
LASSO,2,-0.05308255
LASSO,2,0.01845635
LASSO,2,-0.00203983
LASSO,2,-0.00016017
LASSO,2,-0.01654037
LASSO,2,-0.00231069
LASSO,2,-0.01797466
LASSO,2,0.02019150
LASSO,2,-0.01053603
LASSO,2,-0.01339412
LASSO,2,0.00669659
LASSO,2,0.04028450
LASSO,2,-0.02182733
LASSO,2,-0.01750155
LASSO,2,-0.06105698
LASSO,2,-0.06333231
LASSO,2,-0.00750153
LASSO,2,-0.06496518
LASSO,2,0.02363807
LASSO,2,-0.05838172
LASSO,2,-0.00345820
LASSO,2,-0.00649332
LASSO,2,-0.06690080
LASSO,2,-0.01840383
LASSO,2,-0.03829491
LASSO,2,-0.03144369
LASSO,2,-0.01287963
LASSO,2,-0.04330481
LASSO,2,-0.01847517
LASSO,2,0.00686856
LASSO,2,-0.04840764
LASSO,2,-0.00243174
LASSO,2,-0.00726811
LASSO,2,-0.03758490
LASSO,2,-0.01521671
LASSO,3,-0.01873051
LASSO,3,0.02671055
LASSO,3,0.05279897
LASSO,3,0.05579098
LASSO,3,-0.00374979
LASSO,3,-0.00958563
LASSO,3,0.04197560
LASSO,3,0.02851848
LASSO,3,0.03828578
LASSO,3,-0.00638059
LASSO,3,-0.01031088
LASSO,3,-0.02402560
LASSO,3,0.00211388
LASSO,3,-0.01216724
LASSO,3,0.01557151
LASSO,3,0.00947756
LASSO,3,0.01010208
LASSO,3,0.05733394
LASSO,3,-0.02880955
LASSO,3,0.02992164
LASSO,3,0.00024980
LASSO,3,0.01986644
LASSO,3,-0.00084936
LASSO,3,0.04610710
LASSO,3,-0.01376375
LASSO,3,0.05684925
LASSO,3,0.04736418
LASSO,3,0.09346783
LASSO,3,0.05548479
LASSO,3,0.00828031
LASSO,3,-0.02074925
LASSO,3,0.04496765
LASSO,3,0.07600752
LASSO,3,0.04798875
LASSO,3,-0.01475618
LASSO,3,0.01397251
LASSO,3,0.03635950
LASSO,3,0.04698465
LASSO,3,0.06391152
LASSO,3,0.03419017
LASSO,3,-0.00335687
LASSO,3,0.00876375
LASSO,3,0.03213456
LASSO,3,0.01909808
LASSO,3,0.06105420
LASSO,3,0.00243694
LASSO,3,0.06665927
LASSO,3,0.03739405
LASSO,3,-0.03579190
LASSO,3,0.02421875
LASSO,3,0.04056281
LASSO,3,0.06979842
LASSO,3,-0.01338737
LASSO,3,0.09266915
LASSO,3,0.03913911
LASSO,3,0.04046990
LASSO,3,0.07654335
LASSO,3,0.00760718
LASSO,3,0.01447178
LASSO,3,-0.00587979
LASSO,3,0.01865770
LASSO,3,0.02206361
LASSO,3,0.02918627
LASSO,3,0.06519606
LASSO,3,0.00818393
LASSO,3,-0.01428872
LASSO,3,-0.01771817
LASSO,3,-0.03967924
LASSO,3,-0.03113530
LASSO,3,-0.07577065
LASSO,3,-0.01098900
LASSO,3,-0.00230572
LASSO,3,-0.02102507
LASSO,3,0.05398266
LASSO,3,0.00335188
LASSO,3,-0.03096850
LASSO,3,-0.00116274
LASSO,3,-0.00841626
LASSO,3,-0.02581602
LASSO,3,-0.04637152
LASSO,3,-0.02537781
LASSO,3,-0.01189765
LASSO,3,-0.04543540
LASSO,3,-0.02042791
LASSO,3,-0.03874038
LASSO,3,-0.00460775
LASSO,3,-0.02801108
LASSO,3,0.00404692
LASSO,3,-0.03594823
LASSO,3,-0.00363474
LASSO,3,0.00992556
LASSO,3,-0.01758320
LASSO,3,-0.02660245
LASSO,3,-0.00727148
LASSO,3,-0.02177042
LASSO,3,0.09312698
LASSO,3,0.05781275
LASSO,3,-0.01533132
LASSO,3,0.00316472
LASSO,3,-0.01104638
LASSO,3,-0.01410157
LASSO,3,0.03793903
LASSO,3,-0.00166632
LASSO,3,-0.00492451
LASSO,3,0.01459030
LASSO,3,0.05886044
LASSO,3,-0.02799352
LASSO,3,0.02125317
LASSO,3,-0.00199670
LASSO,3,0.02646774
LASSO,3,0.00931594
LASSO,3,0.04554916
LASSO,3,-0.01853550
LASSO,3,-0.00412876
LASSO,3,-0.01505308
LASSO,3,0.00679748
LASSO,3,0.00404644
LASSO,3,0.03461209
LASSO,3,-0.01020197
LASSO,3,0.03490959
LASSO,3,-0.00553625
LASSO,3,0.05960777
LASSO,3,0.05115717
LASSO,3,0.00413333
LASSO,3,0.00723951
LASSO,3,0.02003463
LASSO,3,0.05493243
LASSO,3,0.12126750
LASSO,3,-0.02434892
LASSO,3,0.01969148
LASSO,3,0.08164182
LASSO,3,-0.03971790
LASSO,3,0.01963513
LASSO,3,0.04192671
LASSO,3,0.02145040
LASSO,3,0.04888110
LASSO,3,-0.03965921
LASSO,3,-0.00551680
LASSO,3,0.10503840
LASSO,3,-0.00845551
LASSO,3,-0.00679498
LASSO,3,0.00515902
LASSO,3,0.01911376
LASSO,3,0.01738971
LASSO,3,0.07209829
LASSO,3,0.08180066
LASSO,3,0.04575251
LASSO,3,0.03176387
LASSO,3,-0.00833289
LASSO,3,0.05547384
LASSO,3,0.03960333
LASSO,3,0.00581812
LASSO,3,0.03971740
LASSO,3,0.01037696
LASSO,3,-0.00082599
LASSO,3,0.04585187
LASSO,3,0.00014238
LASSO,3,-0.00134236
LASSO,3,-0.01648616
LASSO,3,0.01508135
LASSO,3,0.03295313
LASSO,3,-0.00934934
LASSO,3,-0.03016025
LASSO,3,0.02061407
LASSO,3,-0.04909555
LASSO,3,0.02333750
LASSO,3,0.01369208
LASSO,3,-0.01268816
LASSO,3,0.04779359
LASSO,3,0.03110572
LASSO,3,-0.00979588
LASSO,3,0.05990056
LASSO,3,0.04441780
LASSO,3,0.01249887
LASSO,3,0.01899255
LASSO,3,0.00350035
LASSO,3,0.02828639
LASSO,3,0.05490717
LASSO,3,-0.00579107
LASSO,3,-0.01537814
LASSO,3,0.03727478
LASSO,3,-0.00721118
LASSO,3,-0.03337091
LASSO,3,0.03501028
LASSO,3,-0.03103968
LASSO,3,-0.00848389
LASSO,3,-0.00985260
LASSO,3,0.00883171
LASSO,3,-0.01231386
LASSO,3,0.02374203
LASSO,3,-0.00775418
LASSO,3,0.02822807
LASSO,3,0.03466537
LASSO,3,-0.00001965
LASSO,3,-0.01222007
LASSO,3,-0.01106595
LASSO,4,0.04399494
LASSO,4,-0.00854286
LASSO,4,0.06863336
LASSO,4,0.00488992
LASSO,4,0.02958434
LASSO,4,0.02602345
LASSO,4,-0.00766323
LASSO,4,0.07660979
LASSO,4,0.03197362
LASSO,4,0.00129431
LASSO,4,0.02064236
LASSO,4,0.08779189
LASSO,4,-0.00977407
LASSO,4,0.02098407
LASSO,4,-0.02889794
LASSO,4,0.00800372
LASSO,4,-0.01350155
LASSO,4,-0.01996810
LASSO,4,0.00112774
LASSO,4,-0.01548311
LASSO,4,-0.00592828
LASSO,4,0.00588889
LASSO,4,0.02356093
LASSO,4,-0.04280267
LASSO,4,-0.01209669
LASSO,4,0.00592147
LASSO,4,-0.02047288
LASSO,4,-0.04890962
LASSO,4,-0.01791640
LASSO,4,-0.02782293
LASSO,4,0.02540609
LASSO,4,-0.02566312
LASSO,4,0.02489286
LASSO,4,0.03922713
LASSO,4,-0.02549102
LASSO,4,-0.03794207
LASSO,4,-0.03605842
LASSO,4,0.02695436
LASSO,4,0.04839762
LASSO,4,-0.03512462
LASSO,4,-0.04096570
LASSO,4,0.04608263
LASSO,4,-0.02037843
LASSO,4,0.00401448
LASSO,4,-0.02426185
LASSO,4,-0.01305299
LASSO,4,0.00625026
LASSO,4,-0.01180634
LASSO,4,-0.01376323
LASSO,4,-0.00865860
LASSO,4,0.03240559
LASSO,4,-0.00212543
LASSO,4,0.02527824
LASSO,4,0.00999212
LASSO,4,0.03007754
LASSO,4,0.04191055
LASSO,4,0.10132720
LASSO,4,-0.01551711
LASSO,4,0.04388727
LASSO,4,-0.02489589
LASSO,4,0.07231373
LASSO,4,-0.00913045
LASSO,4,-0.00710871
LASSO,4,0.00798538
LASSO,4,0.00998513
LASSO,4,0.03248255
LASSO,4,-0.00548921
LASSO,4,0.01538965
LASSO,4,-0.04710797
LASSO,4,0.03816307
LASSO,4,0.07499873
LASSO,4,0.02895933
LASSO,4,0.02422011
LASSO,4,0.00861893
LASSO,4,0.02664916
LASSO,4,-0.02778306
LASSO,4,-0.00068592
LASSO,4,0.01604106
LASSO,4,-0.00908761
LASSO,4,0.01811479
LASSO,4,0.01527939
LASSO,4,0.01783839
LASSO,4,0.03967695
LASSO,4,-0.02176633
LASSO,4,-0.00896074
LASSO,4,0.03405100
LASSO,4,-0.00545963
LASSO,4,0.01664240
LASSO,4,0.01198266
LASSO,4,-0.00798291
LASSO,4,0.00684570
LASSO,4,-0.00574928
LASSO,4,0.02135000
LASSO,4,0.00939974
LASSO,4,0.00273989
LASSO,4,-0.01836500
LASSO,4,-0.01124182
LASSO,4,0.00825717
LASSO,4,0.02499280
LASSO,4,-0.00431838
LASSO,4,-0.01698970
LASSO,4,0.00947002
LASSO,4,0.03139856
LASSO,4,0.03639596
LASSO,4,-0.00341524
LASSO,4,-0.00335504
LASSO,4,0.02807717
LASSO,4,-0.02377006
LASSO,4,-0.00288159
LASSO,4,0.04404081
LASSO,4,-0.00737620
LASSO,4,-0.01410226
LASSO,4,0.00026605
LASSO,4,0.10084703
LASSO,4,0.01824477
LASSO,4,0.00303368
LASSO,4,-0.02712617
LASSO,4,-0.03355147
LASSO,4,-0.01494304
LASSO,4,0.01402288
LASSO,4,0.01483327
LASSO,4,0.04765676
LASSO,4,0.02702171
LASSO,4,0.02764080
LASSO,4,0.08255362
LASSO,4,0.01429990
LASSO,4,0.02594161
LASSO,4,0.00903123
LASSO,4,-0.00787714
LASSO,4,-0.01191859
LASSO,4,-0.05870144
LASSO,4,-0.06124719
LASSO,4,0.07671933
LASSO,4,-0.01508715
LASSO,4,0.03139796
LASSO,4,0.03188301
LASSO,4,0.02133228
LASSO,4,0.06726916
LASSO,4,-0.01502463
LASSO,4,0.02773466
LASSO,4,-0.00412635
LASSO,4,0.04319668
LASSO,4,0.04482005
LASSO,4,0.04262514
LASSO,4,0.01851134
LASSO,4,0.00691875
LASSO,4,0.00483125
LASSO,4,0.00945263
LASSO,4,0.04860489
LASSO,4,0.04484561
LASSO,4,0.07716319
LASSO,4,0.00360231
LASSO,4,0.06043076
LASSO,4,0.07436166
LASSO,4,0.03357324
LASSO,4,0.02717669
LASSO,4,0.05146537
LASSO,4,0.04424048
LASSO,4,0.02846087
LASSO,4,0.01008674
LASSO,4,0.01699979
LASSO,4,0.09903167
LASSO,4,0.03653024
LASSO,4,-0.02252573
LASSO,4,0.01787370
LASSO,4,0.02434251
LASSO,4,-0.02483407
LASSO,4,0.02896329
LASSO,4,0.00700968
LASSO,4,0.06111793
LASSO,4,0.04127908
LASSO,4,0.01358519
LASSO,4,0.03001371
LASSO,4,0.03287204
LASSO,4,0.04111606
LASSO,4,0.03932147
LASSO,4,0.05760892
LASSO,4,0.06115524
LASSO,4,0.04376188
LASSO,4,0.08458634
LASSO,4,0.04599432
LASSO,4,0.00959069
LASSO,4,-0.01881611
LASSO,4,0.02052323
LASSO,4,0.02615299
LASSO,4,-0.01582762
LASSO,4,0.08314382
LASSO,4,0.00692860
LASSO,4,-0.03951159
LASSO,4,0.01550887
LASSO,4,0.11410733
LASSO,4,0.01895203
LASSO,4,0.02268644
LASSO,4,-0.00550248
LASSO,4,0.03246105
LASSO,4,-0.00280012
LASSO,4,0.02381129
LASSO,5,-0.05182352
LASSO,5,0.00622323
LASSO,5,-0.03370618
LASSO,5,-0.01500547
LASSO,5,-0.01286187
LASSO,5,-0.05869426
LASSO,5,-0.00734382
LASSO,5,-0.01851740
LASSO,5,-0.04593385
LASSO,5,-0.05395946
LASSO,5,0.01362918
LASSO,5,0.01169918
LASSO,5,-0.05284613
LASSO,5,-0.00560764
LASSO,5,0.03374174
LASSO,5,-0.02447159
LASSO,5,-0.00649903
LASSO,5,-0.00820803
LASSO,5,-0.03442796
LASSO,5,-0.03511855
LASSO,5,-0.00211582
LASSO,5,0.03802182
LASSO,5,-0.02412305
LASSO,5,-0.03797626
LASSO,5,-0.04516987
LASSO,5,-0.01014026
LASSO,5,0.02586995
LASSO,5,-0.02730271
LASSO,5,-0.02250291
LASSO,5,-0.03533178
LASSO,5,-0.01723477
LASSO,5,-0.01157062
LASSO,5,-0.03389369
LASSO,5,0.06321279
LASSO,5,-0.04192572
LASSO,5,-0.00916053
LASSO,5,-0.01246217
LASSO,5,0.02105046
LASSO,5,0.00203971
LASSO,5,0.01132399
LASSO,5,-0.02160065
LASSO,5,-0.01856814
LASSO,5,0.00690859
LASSO,5,-0.03678390
LASSO,5,0.04094165
LASSO,5,0.00451227
LASSO,5,-0.01008282
LASSO,5,0.03755983
LASSO,5,-0.00832210
LASSO,5,-0.02347669
LASSO,5,0.00596419
LASSO,5,-0.00143199
LASSO,5,-0.01196202
LASSO,5,-0.02176633
LASSO,5,-0.01757366
LASSO,5,-0.08380894
LASSO,5,-0.04789672
LASSO,5,-0.03553708
LASSO,5,-0.02707016
LASSO,5,0.03704577
LASSO,5,-0.07338902
LASSO,5,-0.03498877
LASSO,5,-0.03106526
LASSO,5,-0.06449420
LASSO,5,-0.02652659
LASSO,5,-0.03495335
LASSO,5,-0.01896310
LASSO,5,-0.05260674
LASSO,5,-0.00410024
LASSO,5,-0.01003447
LASSO,5,-0.03413550
LASSO,5,-0.01786232
LASSO,5,0.00664254
LASSO,5,-0.05898078
LASSO,5,-0.00914700
LASSO,5,-0.03663407
LASSO,5,-0.00184745
LASSO,5,-0.00631416
LASSO,5,-0.02941076
LASSO,5,-0.01918535
LASSO,5,-0.01477068
LASSO,5,-0.03242325
LASSO,5,-0.02941332
LASSO,5,-0.06425565
LASSO,5,-0.01992591
LASSO,5,-0.00728564
LASSO,5,-0.01854603
LASSO,5,-0.01054176
LASSO,5,0.02308544
LASSO,5,-0.03102814
LASSO,5,-0.01871981
LASSO,5,0.00656952
LASSO,5,-0.01306548
LASSO,5,-0.04191040
LASSO,5,-0.05068396
LASSO,5,0.02385967
LASSO,5,-0.06253741
LASSO,5,0.05742553
LASSO,5,0.01033676
LASSO,5,0.04158565
LASSO,5,0.03796377
LASSO,5,0.04084201
LASSO,5,0.07792629
LASSO,5,0.05211769
LASSO,5,-0.06851443
LASSO,5,-0.01155175
LASSO,5,0.06692532
LASSO,5,-0.02444477
LASSO,5,0.05072822
LASSO,5,-0.01156296
LASSO,5,-0.01834039
LASSO,5,0.02328252
LASSO,5,0.06422146
LASSO,5,0.03088973
LASSO,5,-0.00572188
LASSO,5,0.02003253
LASSO,5,-0.01055090
LASSO,5,-0.05021225
LASSO,5,-0.03501560
LASSO,5,-0.02653898
LASSO,5,-0.02272475
LASSO,5,-0.01412277
LASSO,5,0.04271508
LASSO,5,0.05830285
LASSO,5,-0.01413613
LASSO,5,-0.00995085
LASSO,5,-0.04251596
LASSO,5,-0.03059340
LASSO,5,-0.01311914
LASSO,5,-0.02035311
LASSO,5,-0.02085118
LASSO,5,-0.01230616
LASSO,5,-0.02465528
LASSO,5,0.05366404
LASSO,5,-0.04178707
LASSO,5,-0.01340486
LASSO,5,0.01353469
LASSO,5,0.08511221
LASSO,5,0.04995508
LASSO,5,0.04107623
LASSO,5,0.02575988
LASSO,5,-0.02619896
LASSO,5,0.00036411
LASSO,5,-0.02229188
LASSO,5,0.05795213
LASSO,5,0.07145478
LASSO,5,0.02722586
LASSO,5,0.09040235
LASSO,5,-0.01656783
LASSO,5,-0.01179708
LASSO,5,0.03528703
LASSO,5,0.03181504
LASSO,5,-0.00350749
LASSO,5,-0.01235551
LASSO,5,0.01935754
LASSO,5,-0.03016322
LASSO,5,-0.01638943
LASSO,5,0.00175855
LASSO,5,0.00824272
LASSO,5,0.00279149
LASSO,5,-0.04540709
LASSO,5,0.01050861
LASSO,5,-0.01154917
LASSO,5,-0.03584368
LASSO,5,-0.01770274
LASSO,5,-0.02033756
LASSO,5,0.00490405
LASSO,5,-0.05265802
LASSO,5,0.00960263
LASSO,5,-0.02214154
LASSO,5,-0.02889201
LASSO,5,0.02171436
LASSO,5,-0.05188172
LASSO,5,-0.01472936
LASSO,5,-0.05406263
LASSO,5,-0.01873795
LASSO,5,0.00906328
LASSO,5,-0.01021132
LASSO,5,0.02106717
LASSO,5,0.03014735
LASSO,5,0.00998481
LASSO,5,-0.03820572
LASSO,5,-0.04271118
LASSO,5,0.03371679
LASSO,5,0.01655205
LASSO,5,-0.00718136
LASSO,5,0.01104540
LASSO,5,0.03988938
LASSO,5,-0.02530995
LASSO,5,-0.03547001
LASSO,5,-0.02675686
LASSO,5,-0.01838983
LASSO,5,-0.02120310
LASSO,5,0.02420782
LASSO,5,0.06335112
LASSO,5,-0.04431582
LASSO,5,0.06196989
LASSO,5,-0.05766381
LASSO,5,0.06721203
LASSO,5,0.04043701
LASSO,5,-0.01050488
LASSO,5,-0.04453422
LASSO,5,0.07212217
LASSO,5,0.09670064
LASSO,6,0.05506091
LASSO,6,0.05944774
LASSO,6,0.11345042
LASSO,6,0.02179480
LASSO,6,0.12869920
LASSO,6,0.13589278
LASSO,6,0.06720282
LASSO,6,0.15504745
LASSO,6,0.09691157
LASSO,6,0.12811203
LASSO,6,0.16774063
LASSO,6,0.11878591
LASSO,6,0.10612782
LASSO,6,0.04998509
LASSO,6,0.06616603
LASSO,6,0.18063508
LASSO,6,0.04379358
LASSO,6,0.06838023
LASSO,6,0.04598839
LASSO,6,0.04482649
LASSO,6,0.15103985
LASSO,6,0.11426797
LASSO,6,0.09748360
LASSO,6,0.11543276
LASSO,6,0.03702008
LASSO,6,0.10125388
LASSO,6,0.12426326
LASSO,6,0.07801320
LASSO,6,0.13123145
LASSO,6,0.13102604
LASSO,6,0.05391149
LASSO,6,0.13169922
LASSO,6,0.06476862
LASSO,6,0.01236393
LASSO,6,0.15500776
LASSO,6,0.27976750
LASSO,6,0.09439588
LASSO,6,0.09491049
LASSO,6,0.08068679
LASSO,6,0.13131348
LASSO,6,0.10515331
LASSO,6,0.07605267
LASSO,6,0.08478697
LASSO,6,0.04443811
LASSO,6,0.14273915
LASSO,6,0.10550273
LASSO,6,0.11514819
LASSO,6,0.04635742
LASSO,6,0.06757262
LASSO,6,0.14975808
LASSO,6,0.09032581
LASSO,6,0.05798443
LASSO,6,0.03707579
LASSO,6,0.05231179
LASSO,6,0.06726359
LASSO,6,0.07214678
LASSO,6,0.13612493
LASSO,6,0.13688756
LASSO,6,0.17914632
LASSO,6,0.09556892
LASSO,6,0.18159603
LASSO,6,0.10128927
LASSO,6,0.17478599
LASSO,6,0.10900504
LASSO,6,0.11736914
LASSO,6,0.14805692
LASSO,6,0.03753382
LASSO,6,0.02927713
LASSO,6,0.08438574
LASSO,6,0.14574697
LASSO,6,0.09648502
LASSO,6,0.07600378
LASSO,6,0.13245816
LASSO,6,0.11019171
LASSO,6,0.22883672
LASSO,6,0.05806998
LASSO,6,0.05132850
LASSO,6,0.11773947
LASSO,6,0.07122858
LASSO,6,0.13767680
LASSO,6,0.11341736
LASSO,6,0.09867704
LASSO,6,0.10941930
LASSO,6,0.09349952
LASSO,6,0.08809433
LASSO,6,0.10327025
LASSO,6,0.07789821
LASSO,6,0.16265346
LASSO,6,0.14033250
LASSO,6,0.04634311
LASSO,6,0.11110325
LASSO,6,0.07383153
LASSO,6,0.13035248
LASSO,6,0.09609841
LASSO,6,0.11295682
LASSO,6,0.08222573
LASSO,6,0.05386226
LASSO,6,0.16659286
LASSO,6,0.07867687
LASSO,6,0.14503543
LASSO,6,0.11863356
LASSO,6,0.06881612
LASSO,6,0.06485158
LASSO,6,0.07169842
LASSO,6,0.10078082
LASSO,6,0.17440384
LASSO,6,0.10972741
LASSO,6,0.06841135
LASSO,6,0.10155074
LASSO,6,0.10128359
LASSO,6,0.12553953
LASSO,6,0.14510790
LASSO,6,0.06835659
LASSO,6,0.14330895
LASSO,6,0.11509445
LASSO,6,0.14179078
LASSO,6,0.14249084
LASSO,6,0.15928982
LASSO,6,0.11805263
LASSO,6,0.09181871
LASSO,6,0.20817307
LASSO,6,0.14290188
LASSO,6,0.15278247
LASSO,6,0.05132243
LASSO,6,0.11940098
LASSO,6,0.13391225
LASSO,6,0.24268431
LASSO,6,0.08011960
LASSO,6,0.06095970
LASSO,6,0.06646571
LASSO,6,0.18839424
LASSO,6,0.11195817
LASSO,6,0.08807242
LASSO,6,0.06823942
LASSO,6,0.10211288
LASSO,6,0.09824163
LASSO,6,0.08332405
LASSO,6,0.04480486
LASSO,6,0.10946453
LASSO,6,0.10886000
LASSO,6,0.14549924
LASSO,6,0.16251026
LASSO,6,0.14275205
LASSO,6,0.07394074
LASSO,6,0.13489667
LASSO,6,0.05239869
LASSO,6,0.06600613
LASSO,6,0.06492283
LASSO,6,0.15779967
LASSO,6,0.18928369
LASSO,6,0.17303397
LASSO,6,0.09919887
LASSO,6,0.11315626
LASSO,6,0.20322298
LASSO,6,0.10919629
LASSO,6,0.09853220
LASSO,6,0.13052479
LASSO,6,0.17817418
LASSO,6,0.13533794
LASSO,6,0.11617463
LASSO,6,0.29752423
LASSO,6,0.11009957
LASSO,6,0.10102879
LASSO,6,0.12027527
LASSO,6,0.07335761
LASSO,6,0.08916182
LASSO,6,0.10201495
LASSO,6,0.04714589
LASSO,6,0.10516408
LASSO,6,0.16350854
LASSO,6,0.11880599
LASSO,6,0.13434466
LASSO,6,0.23445595
LASSO,6,0.08541633
LASSO,6,0.12617864
LASSO,6,0.09258748
LASSO,6,0.05377336
LASSO,6,0.07341664
LASSO,6,0.09490755
LASSO,6,0.10278168
LASSO,6,0.12218377
LASSO,6,0.11652845
LASSO,6,0.12839156
LASSO,6,0.11004815
LASSO,6,0.17090451
LASSO,6,0.11112599
LASSO,6,0.14640868
LASSO,6,0.08178856
LASSO,6,0.11330341
LASSO,6,0.10021573
LASSO,6,0.14097472
LASSO,6,0.21332922
LASSO,6,0.16586497
LASSO,6,0.13633786
LASSO,6,0.10079238
LASSO,6,0.18458906
LASSO,6,0.06536963
LASSO,6,0.10804145
LASSO,6,0.05514588
LASSO,6,0.10985174
LASSO,6,0.13813101
LASSO,6,0.06686557
LASSO,6,0.06594184
LASSO,7,0.21360737
LASSO,7,0.10391605
LASSO,7,0.15914288
LASSO,7,0.16536864
LASSO,7,0.20639386
LASSO,7,0.21568656
LASSO,7,0.13424147
LASSO,7,0.14470184
LASSO,7,0.13788516
LASSO,7,0.20328459
LASSO,7,0.14356385
LASSO,7,0.22986513
LASSO,7,0.12419387
LASSO,7,0.22428236
LASSO,7,0.14122786
LASSO,7,0.18988084
LASSO,7,0.08743557
LASSO,7,0.30205908
LASSO,7,0.16887340
LASSO,7,0.25895914
LASSO,7,0.12100805
LASSO,7,0.11604553
LASSO,7,0.17841033
LASSO,7,0.14931041
LASSO,7,0.16677425
LASSO,7,0.20707448
LASSO,7,0.17146199
LASSO,7,0.14030988
LASSO,7,0.30904739
LASSO,7,0.16466805
LASSO,7,0.25369964
LASSO,7,0.17122913
LASSO,7,0.21212203
LASSO,7,0.10744234
LASSO,7,0.06744651
LASSO,7,0.30010254
LASSO,7,0.15573987
LASSO,7,0.19606560
LASSO,7,0.11949052
LASSO,7,0.19110298
LASSO,7,0.17757845
LASSO,7,0.25348011
LASSO,7,0.20329595
LASSO,7,0.14507117
LASSO,7,0.15688457
LASSO,7,0.13684160
LASSO,7,0.25628484
LASSO,7,0.10897060
LASSO,7,0.15149380
LASSO,7,0.18746331
LASSO,7,0.14787924
LASSO,7,0.13535348
LASSO,7,0.16244791
LASSO,7,0.20119267
LASSO,7,0.15769750
LASSO,7,0.10998333
LASSO,7,0.20137958
LASSO,7,0.01674280
LASSO,7,0.20512753
LASSO,7,0.11389250
LASSO,7,0.16025048
LASSO,7,0.18797810
LASSO,7,0.20341044
LASSO,7,0.21505061
LASSO,7,0.15792873
LASSO,7,0.17870336
LASSO,7,0.12905503
LASSO,7,0.16401919
LASSO,7,0.17087353
LASSO,7,0.19277595
LASSO,7,0.17031834
LASSO,7,0.20374680
LASSO,7,0.14322895
LASSO,7,0.14123262
LASSO,7,0.18530178
LASSO,7,0.15391718
LASSO,7,0.20547479
LASSO,7,0.15411712
LASSO,7,0.24562854
LASSO,7,0.19011454
LASSO,7,0.20069218
LASSO,7,0.18728100
LASSO,7,0.18019616
LASSO,7,0.26211797
LASSO,7,0.21394274
LASSO,7,0.16038924
LASSO,7,0.17476682
LASSO,7,0.11888117
LASSO,7,0.10112537
LASSO,7,0.17185815
LASSO,7,0.12681888
LASSO,7,0.15576155
LASSO,7,0.19393672
LASSO,7,0.14276456
LASSO,7,0.21255200
LASSO,7,0.17586085
LASSO,7,0.16925308
LASSO,7,0.15424310
LASSO,7,0.14106206
LASSO,7,0.15173873
LASSO,7,0.12159597
LASSO,7,0.11097223
LASSO,7,0.12443381
LASSO,7,0.15065605
LASSO,7,0.12598189
LASSO,7,0.17786716
LASSO,7,0.18460916
LASSO,7,0.23151574
LASSO,7,0.14820423
LASSO,7,0.21295719
LASSO,7,0.19161073
LASSO,7,0.15078458
LASSO,7,0.15049747
LASSO,7,0.16942131
LASSO,7,0.14580966
LASSO,7,0.12377963
LASSO,7,0.13949498
LASSO,7,0.15846778
LASSO,7,0.12827998
LASSO,7,0.12505041
LASSO,7,0.14149959
LASSO,7,0.15596465
LASSO,7,0.24378963
LASSO,7,0.08406567
LASSO,7,0.11585911
LASSO,7,0.21699630
LASSO,7,0.21755512
LASSO,7,0.15085596
LASSO,7,0.09309738
LASSO,7,0.14728389
LASSO,7,0.53757508
LASSO,7,0.24575265
LASSO,7,0.15920606
LASSO,7,0.11210053
LASSO,7,0.15392790
LASSO,7,0.09869549
LASSO,7,0.23054824
LASSO,7,0.18051339
LASSO,7,0.18007126
LASSO,7,0.12665401
LASSO,7,0.10975718
LASSO,7,0.11627812
LASSO,7,0.13741751
LASSO,7,0.06286814
LASSO,7,0.16033832
LASSO,7,0.23065106
LASSO,7,0.15370490
LASSO,7,0.13105850
LASSO,7,0.11142212
LASSO,7,0.12822921
LASSO,7,0.19851441
LASSO,7,0.16496494
LASSO,7,0.15234544
LASSO,7,0.14639423
LASSO,7,0.13003968
LASSO,7,0.18080243
LASSO,7,0.10318697
LASSO,7,0.06322375
LASSO,7,0.11629775
LASSO,7,0.19320587
LASSO,7,0.13591186
LASSO,7,0.16045238
LASSO,7,0.12110886
LASSO,7,0.09672941
LASSO,7,0.10588881
LASSO,7,0.07753099
LASSO,7,0.13178178
LASSO,7,0.16564257
LASSO,7,0.14324249
LASSO,7,0.30989305
LASSO,7,0.12418275
LASSO,7,0.19154566
LASSO,7,0.11382235
LASSO,7,0.12856563
LASSO,7,0.22886440
LASSO,7,0.19910544
LASSO,7,0.13534688
LASSO,7,0.13623751
LASSO,7,0.01749668
LASSO,7,0.20858301
LASSO,7,0.14801793
LASSO,7,0.10208021
LASSO,7,0.20785967
LASSO,7,0.16606276
LASSO,7,0.19474141
LASSO,7,0.25141406
LASSO,7,0.17661235
LASSO,7,0.17090814
LASSO,7,0.15349770
LASSO,7,0.15146510
LASSO,7,0.21391196
LASSO,7,0.19007338
LASSO,7,0.27952805
LASSO,7,0.08453408
LASSO,7,0.21748316
LASSO,7,0.15947470
LASSO,7,0.16345220
LASSO,7,0.20976123
LASSO,7,0.18227396
LASSO,7,0.16285862
LASSO,7,0.17542252
LASSO,7,0.14956664
LASSO,7,0.12225771
LASSO,7,0.12695135
LASSO,7,0.26613285
LASSO,7,0.15958775
LASSO,7,0.24482120
LASSO,7,0.15708738
LASSO,7,0.18575269
LASSO,7,0.21291473
LASSO,7,0.22175642
LASSO,7,0.13091278
LASSO,7,0.10221106
LASSO,8,0.04391554
LASSO,8,-0.05853940
LASSO,8,-0.05954814
LASSO,8,-0.02535026
LASSO,8,0.04206173
LASSO,8,-0.07912525
LASSO,8,-0.07521492
LASSO,8,0.06635992
LASSO,8,-0.04315918
LASSO,8,-0.02399412
LASSO,8,-0.10587174
LASSO,8,0.11919385
LASSO,8,-0.08596865
LASSO,8,-0.00808727
LASSO,8,-0.09246967
LASSO,8,-0.00860461
LASSO,8,-0.11928401
LASSO,8,-0.01371831
LASSO,8,-0.04736331
LASSO,8,-0.07635368
LASSO,8,-0.00044537
LASSO,8,0.00046680
LASSO,8,-0.00121436
LASSO,8,-0.01613877
LASSO,8,-0.07790178
LASSO,8,0.02240249
LASSO,8,-0.05119562
LASSO,8,-0.09154602
LASSO,8,-0.05072778
LASSO,8,-0.14340181
LASSO,8,-0.11884127
LASSO,8,-0.06244527
LASSO,8,-0.05446548
LASSO,8,0.08717772
LASSO,8,-0.07471952
LASSO,8,-0.07884244
LASSO,8,-0.10049738
LASSO,8,-0.05319452
LASSO,8,-0.11447534
LASSO,8,0.03132628
LASSO,8,-0.13053721
LASSO,8,-0.03349275
LASSO,8,0.11008998
LASSO,8,-0.09001519
LASSO,8,-0.04662534
LASSO,8,-0.04545579
LASSO,8,-0.03192113
LASSO,8,-0.02941549
LASSO,8,-0.09530780
LASSO,8,-0.02918107
LASSO,8,-0.07589098
LASSO,8,-0.12035824
LASSO,8,-0.00623872
LASSO,8,-0.08556058
LASSO,8,-0.04921646
LASSO,8,-0.05411088
LASSO,8,0.01947548
LASSO,8,-0.09813508
LASSO,8,-0.05828149
LASSO,8,-0.08142788
LASSO,8,-0.04336806
LASSO,8,-0.04913554
LASSO,8,-0.08261911
LASSO,8,-0.04829579
LASSO,8,-0.09507300
LASSO,8,0.01061578
LASSO,8,-0.10945411
LASSO,8,-0.09777749
LASSO,8,-0.05526545
LASSO,8,-0.03829300
LASSO,8,-0.11634336
LASSO,8,-0.07415184
LASSO,8,-0.07947769
LASSO,8,-0.00620175
LASSO,8,-0.02955529
LASSO,8,-0.02475467
LASSO,8,-0.00859355
LASSO,8,-0.02057924
LASSO,8,-0.00978710
LASSO,8,-0.08257537
LASSO,8,-0.00808078
LASSO,8,-0.03333887
LASSO,8,-0.00356741
LASSO,8,0.01856314
LASSO,8,-0.02540246
LASSO,8,-0.02045231
LASSO,8,-0.06466286
LASSO,8,-0.05687651
LASSO,8,-0.01213526
LASSO,8,-0.01735853
LASSO,8,-0.02571763
LASSO,8,0.01089535
LASSO,8,-0.03858683
LASSO,8,-0.00891234
LASSO,8,-0.01787754
LASSO,8,0.07783842
LASSO,8,-0.01352519
LASSO,8,-0.03851029
LASSO,8,-0.03581330
LASSO,8,-0.07890634
LASSO,8,-0.08053860
LASSO,8,-0.05027520
LASSO,8,-0.00438647
LASSO,8,-0.05705131
LASSO,8,-0.01119918
LASSO,8,-0.07708704
LASSO,8,-0.01055567
LASSO,8,-0.03587240
LASSO,8,-0.08575656
LASSO,8,-0.12274528
LASSO,8,-0.02024527
LASSO,8,-0.04206429
LASSO,8,0.04823664
LASSO,8,0.00753134
LASSO,8,0.01954283
LASSO,8,-0.02699056
LASSO,8,-0.04935750
LASSO,8,-0.04624372
LASSO,8,-0.06396641
LASSO,8,0.01358340
LASSO,8,-0.10000426
LASSO,8,-0.02319793
LASSO,8,-0.03090495
LASSO,8,-0.12341370
LASSO,8,0.01340875
LASSO,8,-0.03417503
LASSO,8,0.00673494
LASSO,8,-0.04917881
LASSO,8,-0.03767103
LASSO,8,-0.05561318
LASSO,8,0.10949464
LASSO,8,-0.09494345
LASSO,8,-0.12205943
LASSO,8,-0.10042261
LASSO,8,-0.03959108
LASSO,8,-0.09548101
LASSO,8,0.01807263
LASSO,8,-0.03986245
LASSO,8,-0.03130821
LASSO,8,-0.04842659
LASSO,8,-0.06348667
LASSO,8,-0.11443205
LASSO,8,-0.06581814
LASSO,8,-0.14958873
LASSO,8,-0.04862080
LASSO,8,-0.08819384
LASSO,8,-0.03270248
LASSO,8,-0.02064709
LASSO,8,-0.05582717
LASSO,8,-0.04179949
LASSO,8,-0.00241842
LASSO,8,-0.03425765
LASSO,8,-0.07255241
LASSO,8,-0.01559121
LASSO,8,-0.05939078
LASSO,8,-0.06671870
LASSO,8,0.01395114
LASSO,8,-0.06373822
LASSO,8,0.05293679
LASSO,8,-0.03573604
LASSO,8,-0.04803174
LASSO,8,0.04704245
LASSO,8,-0.05906256
LASSO,8,-0.01810628
LASSO,8,-0.02768616
LASSO,8,-0.09068125
LASSO,8,-0.03400226
LASSO,8,-0.00960939
LASSO,8,-0.08112864
LASSO,8,0.02697917
LASSO,8,-0.02545869
LASSO,8,-0.07083179
LASSO,8,-0.03901917
LASSO,8,-0.01730888
LASSO,8,-0.00324258
LASSO,8,-0.03608682
LASSO,8,-0.04125005
LASSO,8,-0.05276017
LASSO,8,-0.08241607
LASSO,8,0.00643329
LASSO,8,-0.11928673
LASSO,8,-0.05169149
LASSO,8,-0.06378026
LASSO,8,-0.07101318
LASSO,8,0.01060606
LASSO,8,-0.00113576
LASSO,8,-0.04103645
LASSO,8,-0.03945965
LASSO,8,-0.04661573
LASSO,8,-0.03022748
LASSO,8,-0.06533904
LASSO,8,-0.04927335
LASSO,8,-0.04809466
LASSO,8,-0.02822216
LASSO,8,-0.06441611
LASSO,8,-0.08398118
LASSO,8,-0.10105261
LASSO,8,-0.02749270
LASSO,8,-0.10030537
LASSO,8,-0.05240944
LASSO,8,-0.12179267
LASSO,8,-0.00373756
LASSO,8,0.02311673
LASSO,8,-0.05424926
LASSO,8,-0.07600259
LASSO,8,0.06923410
LASSO,8,-0.02043759
LASSO,8,0.01702553
LASSO,8,-0.00706475
LASSO,8,-0.08182126
LASSO,8,-0.02861737
LASSO,8,0.01381574
LASSO,8,-0.06970421
LASSO,8,-0.00336637
LASSO,8,-0.11516431
LASSO,8,-0.02553458
LASSO,8,0.01849986
LASSO,8,-0.11026109
LASSO,8,0.01729354
LASSO,8,-0.01968948
LASSO,8,0.04146404
LASSO,8,0.00129575
LASSO,9,-0.05305297
LASSO,9,-0.01701159
LASSO,9,-0.08053546
LASSO,9,-0.02717204
LASSO,9,-0.00965104
LASSO,9,-0.02100223
LASSO,9,-0.00707139
LASSO,9,-0.03809701
LASSO,9,-0.04770877
LASSO,9,0.02433128
LASSO,9,0.03951159
LASSO,9,-0.05856552
LASSO,9,-0.11234938
LASSO,9,-0.04702721
LASSO,9,-0.02283110
LASSO,9,-0.01228750
LASSO,9,-0.07130867
LASSO,9,0.00357064
LASSO,9,-0.04803947
LASSO,9,-0.05080070
LASSO,9,-0.04162998
LASSO,9,0.00453356
LASSO,9,-0.08275570
LASSO,9,0.00442959
LASSO,9,-0.00006004
LASSO,9,0.00155276
LASSO,9,-0.03803842
LASSO,9,-0.01776826
LASSO,9,0.02029373
LASSO,9,-0.01937308
LASSO,9,0.01670416
LASSO,9,-0.02810658
LASSO,9,-0.01619086
LASSO,9,0.03282570
LASSO,9,0.00194319
LASSO,9,0.06192262
LASSO,9,-0.14160744
LASSO,9,-0.00511054
LASSO,9,0.02555926
LASSO,9,0.02570831
LASSO,9,0.01399056
LASSO,9,-0.00218687
LASSO,9,0.03314783
LASSO,9,-0.00321292
LASSO,9,-0.04245236
LASSO,9,-0.06125713
LASSO,9,-0.00427677
LASSO,9,0.05992791
LASSO,9,-0.11871854
LASSO,9,0.00346874
LASSO,9,-0.02610704
LASSO,9,-0.00948232
LASSO,9,0.04061630
LASSO,9,-0.02727843
LASSO,9,-0.02847961
LASSO,9,-0.01893214
LASSO,9,-0.01597476
LASSO,9,-0.01053695
LASSO,9,-0.03614665
LASSO,9,-0.04178981
LASSO,9,-0.03822078
LASSO,9,-0.05679804
LASSO,9,0.00892269
LASSO,9,0.02349773
LASSO,9,-0.00911863
LASSO,9,-0.08544489
LASSO,9,-0.00732418
LASSO,9,-0.01461074
LASSO,9,-0.09423823
LASSO,9,-0.00937200
LASSO,9,-0.04836099
LASSO,9,0.00745657
LASSO,9,0.01323373
LASSO,9,-0.02607182
LASSO,9,-0.01720759
LASSO,9,0.01329219
LASSO,9,-0.00328867
LASSO,9,-0.03397616
LASSO,9,0.00545890
LASSO,9,0.01550005
LASSO,9,-0.02295397
LASSO,9,0.03121515
LASSO,9,-0.02189688
LASSO,9,0.02549337
LASSO,9,0.00055852
LASSO,9,-0.06210611
LASSO,9,-0.01211464
LASSO,9,0.01254759
LASSO,9,0.01936310
LASSO,9,0.00951978
LASSO,9,0.01263709
LASSO,9,0.02114672
LASSO,9,-0.01532580
LASSO,9,-0.02386253
LASSO,9,0.03440118
LASSO,9,-0.00127839
LASSO,9,0.00146147
LASSO,9,-0.11881254
LASSO,9,-0.01177287
LASSO,9,0.02157787
LASSO,9,-0.01866454
LASSO,9,0.02829088
LASSO,9,0.05843522
LASSO,9,-0.00433056
LASSO,9,0.03298576
LASSO,9,-0.00323519
LASSO,9,0.02069953
LASSO,9,0.03878662
LASSO,9,-0.08390318
LASSO,9,-0.01484233
LASSO,9,0.02770442
LASSO,9,0.01381992
LASSO,9,-0.03173665
LASSO,9,-0.00357033
LASSO,9,-0.03955838
LASSO,9,-0.06739469
LASSO,9,-0.00826662
LASSO,9,-0.05244338
LASSO,9,-0.07112543
LASSO,9,-0.06099354
LASSO,9,0.00562814
LASSO,9,-0.09747729
LASSO,9,-0.03054929
LASSO,9,0.02972816
LASSO,9,-0.04195519
LASSO,9,-0.01374791
LASSO,9,-0.00864339
LASSO,9,-0.03269651
LASSO,9,0.01646157
LASSO,9,-0.00621074
LASSO,9,0.03488982
LASSO,9,-0.04075044
LASSO,9,-0.06666290
LASSO,9,0.00765679
LASSO,9,-0.13221421
LASSO,9,-0.05622964
LASSO,9,-0.00261197
LASSO,9,-0.03546307
LASSO,9,-0.02294045
LASSO,9,-0.01432506
LASSO,9,0.00402475
LASSO,9,-0.10598774
LASSO,9,-0.07094501
LASSO,9,-0.03920153
LASSO,9,-0.07587928
LASSO,9,-0.03674165
LASSO,9,-0.06622538
LASSO,9,0.03579815
LASSO,9,-0.01756964
LASSO,9,-0.03680147
LASSO,9,-0.02330243
LASSO,9,0.01436240
LASSO,9,0.02786604
LASSO,9,-0.05283572
LASSO,9,-0.04874876
LASSO,9,-0.01097124
LASSO,9,-0.07468965
LASSO,9,-0.00835892
LASSO,9,0.00966958
LASSO,9,-0.12329719
LASSO,9,-0.11904730
LASSO,9,-0.05868816
LASSO,9,-0.02821715
LASSO,9,0.11844833
LASSO,9,0.07252896
LASSO,9,-0.04986877
LASSO,9,0.01862598
LASSO,9,-0.00537343
LASSO,9,-0.03687590
LASSO,9,0.04339151
LASSO,9,-0.00543292
LASSO,9,-0.04404592
LASSO,9,0.03544010
LASSO,9,-0.03739522
LASSO,9,-0.02948556
LASSO,9,-0.00570682
LASSO,9,-0.02934351
LASSO,9,-0.04034921
LASSO,9,-0.05044653
LASSO,9,0.07656223
LASSO,9,-0.00992194
LASSO,9,-0.02588660
LASSO,9,-0.00082449
LASSO,9,-0.01390330
LASSO,9,0.02519414
LASSO,9,0.00863917
LASSO,9,0.05199707
LASSO,9,0.02671580
LASSO,9,0.01278081
LASSO,9,-0.00391865
LASSO,9,-0.06265272
LASSO,9,-0.03477274
LASSO,9,-0.01348147
LASSO,9,0.00998672
LASSO,9,0.01135011
LASSO,9,-0.03924433
LASSO,9,0.00148089
LASSO,9,-0.06783067
LASSO,9,-0.07063790
LASSO,9,0.00555649
LASSO,9,0.01254061
LASSO,9,-0.06056996
LASSO,9,-0.04308374
LASSO,9,-0.06135815
LASSO,9,-0.06668203
LASSO,9,-0.06126656
LASSO,9,-0.03127840
LASSO,9,-0.00859703
LASSO,9,-0.04697444
LASSO,9,-0.02936547
LASSO,9,-0.01604169
LASSO,9,-0.02942955
LASSO,9,-0.08817090
LASSO,9,-0.01636386
LASSO,9,-0.04677549
LASSO,9,-0.02751011
LASSO,9,-0.05574007
LASSO,9,-0.10096693
LASSO,9,0.03995385
LASSO,9,-0.02573677
LASSO,9,0.02215760
LASSO,9,-0.03851689
LASSO,9,-0.01175320
LASSO,9,-0.02459796
LASSO,9,-0.02637396
LASSO,9,-0.03661185
LASSO,9,0.03119524
LASSO,9,0.01252589
LASSO,9,-0.02221170
LASSO,9,-0.04656424
LASSO,9,-0.04266767
LASSO,9,0.01209420
LASSO,9,-0.07815345
LASSO,9,-0.06431850
LASSO,9,-0.08013918
LASSO,9,-0.02859672
LASSO,9,-0.01257781
LASSO,10,0.13241600
LASSO,10,0.01018363
LASSO,10,0.03593670
LASSO,10,-0.01475848
LASSO,10,-0.02936743
LASSO,10,-0.02937767
LASSO,10,0.02104029
LASSO,10,-0.01331163
LASSO,10,0.00557598
LASSO,10,0.04260869
LASSO,10,0.02649466
LASSO,10,0.05988270
LASSO,10,-0.00177986
LASSO,10,0.00506973
LASSO,10,0.08408441
LASSO,10,0.04264648
LASSO,10,0.02623644
LASSO,10,0.04186177
LASSO,10,0.05201830
LASSO,10,0.05894482
LASSO,10,0.09235552
LASSO,10,0.09170020
LASSO,10,0.06134345
LASSO,10,0.16567406
LASSO,10,0.05473005
LASSO,10,0.02717212
LASSO,10,0.02371970
LASSO,10,0.02040934
LASSO,10,-0.08157911
LASSO,10,0.03380791
LASSO,10,0.02806928
LASSO,10,-0.00243686
LASSO,10,0.04820987
LASSO,10,0.02419755
LASSO,10,0.03923678
LASSO,10,0.05955624
LASSO,10,0.01320567
LASSO,10,0.04774302
LASSO,10,0.01593586
LASSO,10,0.06473319
LASSO,10,-0.00853600
LASSO,10,0.09037328
LASSO,10,0.06009031
LASSO,10,0.06038021
LASSO,10,0.01532121
LASSO,10,0.03983407
LASSO,10,0.05767310
LASSO,10,0.07721958
LASSO,10,0.00651517
LASSO,10,0.05451253
LASSO,10,0.01130392
LASSO,10,-0.00463415
LASSO,10,0.07269100
LASSO,10,0.03687192
LASSO,10,0.04091380
LASSO,10,0.02960953
LASSO,10,0.00986258
LASSO,10,0.00891639
LASSO,10,0.04097087
LASSO,10,0.01745992
LASSO,10,-0.00506367
LASSO,10,0.03296304
LASSO,10,0.10239620
LASSO,10,0.09618058
LASSO,10,0.06993311
LASSO,10,0.03965377
LASSO,10,0.05439048
LASSO,10,0.07104012
LASSO,10,0.12373473
LASSO,10,0.05381054
LASSO,10,-0.00536976
LASSO,10,0.04420151
LASSO,10,0.00804896
LASSO,10,-0.02353867
LASSO,10,0.00136552
LASSO,10,0.04016111
LASSO,10,0.01847564
LASSO,10,0.03852844
LASSO,10,0.04355557
LASSO,10,0.06064445
LASSO,10,0.06573800
LASSO,10,0.02826620
LASSO,10,0.02855036
LASSO,10,0.08015416
LASSO,10,0.04450755
LASSO,10,0.05100293
LASSO,10,0.05378226
LASSO,10,0.06833807
LASSO,10,0.06493675
LASSO,10,0.06761027
LASSO,10,0.03346259
LASSO,10,0.06920299
LASSO,10,0.10367230
LASSO,10,0.08939804
LASSO,10,0.06205862
LASSO,10,0.06611613
LASSO,10,0.03937108
LASSO,10,0.03372245
LASSO,10,0.06483500
LASSO,10,-0.04259975
LASSO,10,0.05122271
LASSO,10,0.01130615
LASSO,10,-0.00508419
LASSO,10,0.06593343
LASSO,10,0.07392097
LASSO,10,0.10681157
LASSO,10,0.00373148
LASSO,10,-0.00705874
LASSO,10,0.05363289
LASSO,10,-0.02431642
LASSO,10,0.03419531
LASSO,10,0.06378003
LASSO,10,-0.01005883
LASSO,10,0.02229740
LASSO,10,0.02656519
LASSO,10,0.06189957
LASSO,10,0.09645605
LASSO,10,0.00209847
LASSO,10,0.07341791
LASSO,10,-0.03783689
LASSO,10,0.13061226
LASSO,10,0.02574087
LASSO,10,0.05055669
LASSO,10,0.02506344
LASSO,10,-0.00660788
LASSO,10,0.01716189
LASSO,10,0.02409378
LASSO,10,0.06081565
LASSO,10,0.03940264
LASSO,10,-0.04215436
LASSO,10,-0.00483394
LASSO,10,-0.06779493
LASSO,10,0.16216450
LASSO,10,0.00166729
LASSO,10,0.03211809
LASSO,10,0.01487698
LASSO,10,-0.03810544
LASSO,10,0.04323002
LASSO,10,0.03922837
LASSO,10,0.06782894
LASSO,10,0.01084487
LASSO,10,0.04648863
LASSO,10,-0.00269803
LASSO,10,0.00432688
LASSO,10,0.04476630
LASSO,10,0.05016318
LASSO,10,-0.04067419
LASSO,10,0.02792554
LASSO,10,-0.01127875
LASSO,10,0.02375330
LASSO,10,0.03310984
LASSO,10,-0.00862933
LASSO,10,0.00949955
LASSO,10,0.03279743
LASSO,10,-0.00465513
LASSO,10,-0.02273436
LASSO,10,-0.01640070
LASSO,10,0.03490656
LASSO,10,0.02697364
LASSO,10,0.06638844
LASSO,10,0.06126079
LASSO,10,-0.03814426
LASSO,10,-0.00593687
LASSO,10,0.08884427
LASSO,10,-0.02888561
LASSO,10,0.00956280
LASSO,10,-0.02626143
LASSO,10,-0.03309529
LASSO,10,0.07198886
LASSO,10,-0.00617251
LASSO,10,0.03179986
LASSO,10,-0.00830715
LASSO,10,0.05401033
LASSO,10,0.03818516
LASSO,10,0.02950943
LASSO,10,0.06355317
LASSO,10,-0.02105324
LASSO,10,-0.00342654
LASSO,10,0.02951211
LASSO,10,0.03785816
LASSO,10,0.02906168
LASSO,10,0.02127383
LASSO,10,0.07367019
LASSO,10,0.01100897
LASSO,10,0.02467098
LASSO,10,0.02952209
LASSO,10,0.01961602
LASSO,10,-0.03373066
LASSO,10,0.00749045
LASSO,10,0.02464585
LASSO,10,-0.03182100
LASSO,10,0.01185996
LASSO,10,0.09008323
LASSO,10,-0.02702843
LASSO,10,0.00363541
LASSO,10,0.01911262
LASSO,10,-0.00924095
LASSO,10,0.08094723
LASSO,10,0.03649096
LASSO,10,-0.05575926
LASSO,10,0.04155896
LASSO,10,0.09547440
LASSO,10,0.03104037
LASSO,10,0.03189604
LASSO,10,0.03298931
LASSO,10,0.04763491
LASSO,10,0.04769177
LASSO,10,0.07163153
LASSO,10,0.09629935
LASSO,10,0.01701620
LASSO,10,0.00527512
LASSO,10,0.01573461
LASSO,10,0.06027887
LASSO,10,0.01273715
LASSO,10,0.06698344
LASSO,10,0.02846712
LASSO,10,0.01926121
LASSO,10,0.01589229
LASSO,10,0.00091587
LASSO,10,0.03800177
LASSO,10,0.08361901
LASSO,10,-0.00122141
LASSO,10,0.01257232
LASSO,10,0.02599849
LASSO,10,0.00715314
LASSO,10,0.03493659
LASSO,10,0.02333776
LASSO,10,0.04773715
LASSO,10,0.11743420
LASSO,10,0.01177691
LASSO,10,0.01042844
LASSO,10,-0.04410369
LASSO,10,-0.01194651
LASSO,10,0.01978382
LASSO,10,0.06296542
LASSO,10,-0.04746948
LASSO,10,-0.05668163
LASSO,11,-0.08275409
LASSO,11,-0.04050936
LASSO,11,-0.04558266
LASSO,11,-0.03831512
LASSO,11,-0.02967680
LASSO,11,-0.01451812
LASSO,11,-0.04639175
LASSO,11,-0.04852974
LASSO,11,-0.00134863
LASSO,11,-0.10218729
LASSO,11,-0.03419424
LASSO,11,-0.05327377
LASSO,11,-0.07357380
LASSO,11,0.00234472
LASSO,11,-0.01371527
LASSO,11,-0.05555874
LASSO,11,-0.02659378
LASSO,11,-0.01745430
LASSO,11,-0.02519488
LASSO,11,-0.00614821
LASSO,11,-0.03495467
LASSO,11,-0.04133508
LASSO,11,-0.06842142
LASSO,11,0.11386462
LASSO,11,-0.00741913
LASSO,11,-0.02062729
LASSO,11,-0.02025715
LASSO,11,-0.00663413
LASSO,11,-0.01323125
LASSO,11,-0.05705077
LASSO,11,-0.00856862
LASSO,11,-0.06036082
LASSO,11,-0.04754791
LASSO,11,-0.04854452
LASSO,11,-0.07481763
LASSO,11,-0.04440839
LASSO,11,-0.07600308
LASSO,11,-0.05067068
LASSO,11,-0.09016384
LASSO,11,-0.06261541
LASSO,11,-0.04086511
LASSO,11,-0.05735318
LASSO,11,-0.02943954
LASSO,11,-0.04326615
LASSO,11,-0.03550458
LASSO,11,-0.03932838
LASSO,11,-0.04881503
LASSO,11,-0.04131089
LASSO,11,-0.01941986
LASSO,11,-0.04128563
LASSO,11,-0.05444264
LASSO,11,-0.02672932
LASSO,11,-0.05750560
LASSO,11,0.02582601
LASSO,11,0.00323758
LASSO,11,-0.04761679
LASSO,11,-0.02769418
LASSO,11,-0.04727442
LASSO,11,-0.06856161
LASSO,11,-0.03909152
LASSO,11,-0.06267494
LASSO,11,-0.00965821
LASSO,11,-0.03221758
LASSO,11,-0.05684642
LASSO,11,-0.02667195
LASSO,11,-0.01751547
LASSO,11,-0.02192999
LASSO,11,-0.04006566
LASSO,11,-0.02781549
LASSO,11,0.01143592
LASSO,11,-0.04092777
LASSO,11,-0.07003008
LASSO,11,-0.07724125
LASSO,11,-0.03631447
LASSO,11,-0.07124557
LASSO,11,-0.03288026
LASSO,11,-0.06238001
LASSO,11,-0.02679941
LASSO,11,0.01084643
LASSO,11,-0.00626576
LASSO,11,0.00714493
LASSO,11,-0.01065603
LASSO,11,-0.09874542
LASSO,11,-0.02245159
LASSO,11,-0.01455033
LASSO,11,-0.10454480
LASSO,11,-0.04137811
LASSO,11,-0.03549423
LASSO,11,-0.00366827
LASSO,11,-0.03219797
LASSO,11,-0.00787355
LASSO,11,-0.02212025
LASSO,11,-0.01304517
LASSO,11,-0.11599448
LASSO,11,0.01094498
LASSO,11,-0.02055686
LASSO,11,-0.03013940
LASSO,11,-0.03514571
LASSO,11,-0.08180457
LASSO,11,-0.01176309
LASSO,11,-0.01769390
LASSO,11,0.00388938
LASSO,11,-0.01627601
LASSO,11,-0.01780278
LASSO,11,-0.02393219
LASSO,11,-0.07722083
LASSO,11,-0.02682785
LASSO,11,0.00086787
LASSO,11,0.02746080
LASSO,11,-0.06368564
LASSO,11,0.00215810
LASSO,11,-0.03484141
LASSO,11,0.00727307
LASSO,11,-0.02426648
LASSO,11,-0.02029506
LASSO,11,-0.07059271
LASSO,11,-0.04904868
LASSO,11,-0.00850082
LASSO,11,0.01919033
LASSO,11,-0.02546870
LASSO,11,-0.03162028
LASSO,11,-0.01653793
LASSO,11,-0.04348892
LASSO,11,-0.04168585
LASSO,11,-0.05940959
LASSO,11,-0.04960332
LASSO,11,-0.07256764
LASSO,11,-0.05192067
LASSO,11,-0.00025302
LASSO,11,-0.03619135
LASSO,11,0.03877034
LASSO,11,-0.09800187
LASSO,11,-0.04846695
LASSO,11,-0.01046953
LASSO,11,-0.06827107
LASSO,11,-0.04845232
LASSO,11,-0.01030464
LASSO,11,-0.06648651
LASSO,11,-0.04195499
LASSO,11,-0.07006879
LASSO,11,-0.07684066
LASSO,11,-0.04691026
LASSO,11,-0.04724860
LASSO,11,-0.06949650
LASSO,11,-0.08328158
LASSO,11,-0.04001011
LASSO,11,-0.06091556
LASSO,11,-0.05617240
LASSO,11,-0.03597561
LASSO,11,-0.01271411
LASSO,11,-0.06378270
LASSO,11,-0.03176468
LASSO,11,-0.04087942
LASSO,11,-0.08149106
LASSO,11,-0.05800743
LASSO,11,-0.04101194
LASSO,11,-0.01736653
LASSO,11,-0.01643484
LASSO,11,-0.04175614
LASSO,11,-0.07703520
LASSO,11,-0.02218449
LASSO,11,-0.03916362
LASSO,11,-0.08774003
LASSO,11,-0.06727444
LASSO,11,0.00935820
LASSO,11,-0.04539868
LASSO,11,-0.00262014
LASSO,11,-0.05595987
LASSO,11,-0.07044007
LASSO,11,-0.07834371
LASSO,11,-0.00239006
LASSO,11,-0.06118355
LASSO,11,-0.02176859
LASSO,11,-0.01621296
LASSO,11,-0.06675246
LASSO,11,-0.02821028
LASSO,11,-0.05408256
LASSO,11,-0.03964208
LASSO,11,-0.01358390
LASSO,11,-0.03777135
LASSO,11,-0.03810199
LASSO,11,-0.02104019
LASSO,11,-0.03545873
LASSO,11,-0.05205511
LASSO,11,-0.03817805
LASSO,11,0.00103351
LASSO,11,-0.04870223
LASSO,11,-0.00463359
LASSO,11,-0.08217698
LASSO,11,-0.04812420
LASSO,11,-0.07333332
LASSO,11,-0.07158124
LASSO,11,-0.04559962
LASSO,11,-0.03525151
LASSO,11,0.01520262
LASSO,11,-0.04112237
LASSO,11,0.00199353
LASSO,11,-0.00269569
LASSO,11,-0.03246187
LASSO,11,-0.03025391
LASSO,11,-0.00917569
LASSO,11,-0.02724943
LASSO,11,-0.03885708
LASSO,11,-0.06349970
LASSO,11,-0.06857504
LASSO,11,-0.00664063
LASSO,11,-0.03631595
LASSO,11,-0.00243328
LASSO,11,-0.01498960
LASSO,11,-0.00708958
LASSO,11,-0.04809624
LASSO,11,-0.04961194
LASSO,11,-0.04607740
LASSO,11,-0.06868630
LASSO,11,-0.06247616
LASSO,11,-0.04351103
LASSO,11,-0.05804720
LASSO,11,-0.03370905
LASSO,11,-0.07682409
LASSO,11,-0.08825679
LASSO,11,-0.02592630
LASSO,11,-0.03444205
LASSO,11,-0.06286373
LASSO,11,-0.08838640
LASSO,11,-0.12097845
LASSO,11,-0.07904612
LASSO,11,0.00198958
LASSO,11,-0.01988360
LASSO,11,-0.09533284
LASSO,11,-0.03363145
LASSO,11,-0.07287188
LASSO,11,-0.06678202
LASSO,11,-0.02945866
LASSO,11,-0.08571254
LASSO,11,-0.06714865
LASSO,11,-0.06635757
LASSO,11,-0.05267864
LASSO,11,-0.02483133
LASSO,11,-0.02307094
LASSO,11,-0.06681205
LASSO,11,-0.07124861
LASSO,11,-0.02737807
LASSO,12,-0.01451150
LASSO,12,-0.02287902
LASSO,12,-0.06677728
LASSO,12,0.04556256
LASSO,12,-0.04899869
LASSO,12,0.01042387
LASSO,12,-0.02976494
LASSO,12,-0.01610977
LASSO,12,0.04039625
LASSO,12,-0.03584631
LASSO,12,0.00324030
LASSO,12,-0.02406138
LASSO,12,-0.01631026
LASSO,12,0.01377035
LASSO,12,-0.02674613
LASSO,12,-0.04141969
LASSO,12,0.02720326
LASSO,12,0.01166403
LASSO,12,0.01591586
LASSO,12,-0.01127750
LASSO,12,-0.05778844
LASSO,12,-0.02309759
LASSO,12,0.01221447
LASSO,12,0.01479002
LASSO,12,0.09095185
LASSO,12,-0.00016206
LASSO,12,0.01478027
LASSO,12,-0.02024564
LASSO,12,0.03744971
LASSO,12,-0.05776429
LASSO,12,-0.04949126
LASSO,12,-0.02429136
LASSO,12,-0.01123203
LASSO,12,-0.02608415
LASSO,12,0.02646777
LASSO,12,-0.00987277
LASSO,12,-0.02893435
LASSO,12,0.01684295
LASSO,12,-0.04761435
LASSO,12,0.02292092
LASSO,12,0.02970381
LASSO,12,-0.00748784
LASSO,12,-0.02276320
LASSO,12,-0.01549668
LASSO,12,-0.05377299
LASSO,12,-0.04018199
LASSO,12,-0.04292071
LASSO,12,-0.03263230
LASSO,12,-0.05606918
LASSO,12,-0.06540666
LASSO,12,-0.01160727
LASSO,12,-0.03357200
LASSO,12,-0.01038224
LASSO,12,0.03110781
LASSO,12,-0.03849713
LASSO,12,-0.04989825
LASSO,12,-0.00198439
LASSO,12,0.01565880
LASSO,12,-0.00040369
LASSO,12,0.02139404
LASSO,12,-0.02965499
LASSO,12,-0.02787656
LASSO,12,0.02901854
LASSO,12,0.00147111
LASSO,12,-0.00741582
LASSO,12,-0.06722139
LASSO,12,-0.02633920
LASSO,12,-0.00422332
LASSO,12,-0.02144110
LASSO,12,-0.03323025
LASSO,12,-0.05200088
LASSO,12,0.04652268
LASSO,12,-0.03352372
LASSO,12,-0.02573573
LASSO,12,0.02097721
LASSO,12,-0.01237455
LASSO,12,0.01200380
LASSO,12,-0.03318172
LASSO,12,0.01382506
LASSO,12,-0.04249566
LASSO,12,-0.02616048
LASSO,12,-0.05158472
LASSO,12,-0.01336939
LASSO,12,-0.00707070
LASSO,12,-0.01702032
LASSO,12,0.02891861
LASSO,12,-0.02102450
LASSO,12,-0.02081088
LASSO,12,0.07159295
LASSO,12,0.01973756
LASSO,12,0.09030890
LASSO,12,0.08127582
LASSO,12,0.07850856
LASSO,12,0.00733637
LASSO,12,0.05159773
LASSO,12,0.06262506
LASSO,12,-0.03060733
LASSO,12,0.04255927
LASSO,12,-0.06602672
LASSO,12,0.01222916
LASSO,12,0.00157308
LASSO,12,0.02317152
LASSO,12,0.05162187
LASSO,12,0.01098515
LASSO,12,0.09932843
LASSO,12,0.04277981
LASSO,12,-0.00586828
LASSO,12,-0.03532554
LASSO,12,0.01941172
LASSO,12,0.03618004
LASSO,12,0.05809334
LASSO,12,-0.00148728
LASSO,12,0.06340926
LASSO,12,0.07448292
LASSO,12,-0.02320343
LASSO,12,0.03645365
LASSO,12,-0.00945380
LASSO,12,0.03395964
LASSO,12,0.03897454
LASSO,12,0.01818541
LASSO,12,0.01948091
LASSO,12,0.04213470
LASSO,12,-0.03822820
LASSO,12,-0.05109358
LASSO,12,-0.04123122
LASSO,12,0.04531719
LASSO,12,0.00328057
LASSO,12,0.01726908
LASSO,12,-0.00805618
LASSO,12,0.05608896
LASSO,12,0.00082340
LASSO,12,0.04396089
LASSO,12,0.02218178
LASSO,12,0.02412991
LASSO,12,-0.02806142
LASSO,12,-0.05016075
LASSO,12,0.00211199
LASSO,12,0.02470362
LASSO,12,0.02240025
LASSO,12,-0.03484117
LASSO,12,0.04986061
LASSO,12,0.02460845
LASSO,12,0.00555742
LASSO,12,0.01466245
LASSO,12,0.03268329
LASSO,12,-0.02692534
LASSO,12,0.01399892
LASSO,12,0.02002108
LASSO,12,-0.03425114
LASSO,12,0.02655701
LASSO,12,0.03115121
LASSO,12,0.00669396
LASSO,12,-0.03249402
LASSO,12,0.01198688
LASSO,12,-0.01788040
LASSO,12,-0.09336796
LASSO,12,-0.00828297
LASSO,12,-0.00824251
LASSO,12,0.03474531
LASSO,12,-0.01988205
LASSO,12,0.00203057
LASSO,12,0.02039785
LASSO,12,0.04018764
LASSO,12,-0.00366519
LASSO,12,0.03909030
LASSO,12,-0.04625298
LASSO,12,-0.03065960
LASSO,12,0.02282228
LASSO,12,-0.00843929
LASSO,12,0.00430117
LASSO,12,0.00798297
LASSO,12,-0.03554184
LASSO,12,0.03282081
LASSO,12,-0.03738511
LASSO,12,-0.03916885
LASSO,12,-0.03847965
LASSO,12,-0.06017565
LASSO,12,0.00451925
LASSO,12,0.00766870
LASSO,12,-0.00071369
LASSO,12,-0.01727547
LASSO,12,-0.03479567
LASSO,12,-0.06674767
LASSO,12,-0.01950742
LASSO,12,0.03081657
LASSO,12,-0.01955904
LASSO,12,-0.01922386
LASSO,12,0.00461699
LASSO,12,-0.03085379
LASSO,12,-0.03824681
LASSO,12,-0.05614743
LASSO,12,0.00312118
LASSO,12,-0.02135075
LASSO,12,0.00812926
LASSO,12,-0.00434851
LASSO,12,-0.01347913
LASSO,12,0.02095344
LASSO,12,-0.00417227
LASSO,12,0.01978018
LASSO,12,-0.03631609
LASSO,12,0.01154616
LASSO,12,-0.02621196
LASSO,12,-0.00715880
LASSO,12,-0.06625405
LASSO,12,-0.00507155
LASSO,12,0.04575904
LASSO,12,-0.02954571
LASSO,12,-0.02828765
LASSO,12,-0.03580789
LASSO,12,-0.06839745
LASSO,12,-0.09418960
LASSO,12,0.01895301
LASSO,12,-0.01093959
LASSO,12,-0.05473307
LASSO,12,-0.02009468
LASSO,12,0.01683745
LASSO,12,0.04060013
LASSO,12,-0.07138261
LASSO,12,-0.00048363
LASSO,12,-0.01268075
LASSO,12,0.00577364
LASSO,12,0.04090196
LASSO,12,-0.03284363
LASSO,12,0.00927445
LASSO,12,0.01557266
LASSO,12,-0.00815815
LASSO,12,-0.00834666
LASSO,12,-0.04638524
LASSO,12,0.01652674
LASSO,12,0.03374252
LASSO,12,0.02563582
LASSO,12,-0.03124251
LASSO,12,0.01735261
LASSO,12,-0.03529517
LASSO,12,0.02749485
LASSO,12,-0.01947711
LASSO,12,-0.02990537
LASSO,12,-0.03786070
LASSO,12,0.02237714
LASSO,12,-0.04359603
LASSO,12,0.01315387
LASSO,12,-0.01600812
LASSO,12,-0.04132353
LASSO,12,-0.03858677
LASSO,12,-0.02602426
LASSO,12,-0.04795294
LASSO,12,-0.02287815
LASSO,12,-0.02399992
LASSO,12,-0.02593236
LASSO,12,-0.03599063
LASSO,12,0.03970433
LASSO,12,0.04289062
LASSO,12,-0.02291839
LASSO,12,0.01436028
LASSO,12,-0.02921360
LASSO,12,-0.04994560
LASSO,12,-0.01126520
LASSO,12,-0.04027412
LASSO,12,-0.01388913
LASSO,12,0.01329995
LASSO,12,-0.10353110
LASSO,12,-0.00671796
LASSO,12,0.02777194
LASSO,12,-0.01367520
LASSO,12,-0.03730397
LASSO,12,-0.05985984
LASSO,12,-0.04201001
LASSO,12,-0.04757401
LASSO,12,-0.01098970
LASSO,12,0.03977915
LASSO,12,-0.03754979
LASSO,12,-0.05137609
LASSO,12,0.00418541
LASSO,12,-0.02172300
