model,window,alpha
AE(1),1,-0.14498574
AE(1),1,-0.01960229
AE(1),1,-0.09892272
AE(1),1,-0.04910435
AE(1),1,-0.08334619
AE(1),1,0.00276708
AE(1),1,0.05821105
AE(1),1,-0.01104718
AE(1),1,-0.00802209
AE(1),1,-0.03864288
AE(1),1,-0.00230196
AE(1),1,-0.05363457
AE(1),1,-0.01345253
AE(1),1,0.00780544
AE(1),1,-0.05585128
AE(1),1,-0.11766338
AE(1),1,-0.02370023
AE(1),1,-0.13503601
AE(1),1,-0.06383611
AE(1),1,-0.06653705
AE(1),1,-0.02012874
AE(1),1,-0.08484086
AE(1),1,-0.12258225
AE(1),1,-0.06066570
AE(1),1,-0.08488454
AE(1),1,-0.02575249
AE(1),1,-0.09078510
AE(1),1,-0.04289905
AE(1),1,0.00751278
AE(1),1,-0.09293135
AE(1),1,-0.04717070
AE(1),1,0.05834886
AE(1),1,-0.02558197
AE(1),1,0.00885013
AE(1),1,-0.03482158
AE(1),1,-0.06796396
AE(1),1,-0.07300237
AE(1),1,-0.01185768
AE(1),1,-0.03353234
AE(1),1,0.00892851
AE(1),1,-0.00761071
AE(1),1,-0.00586716
AE(1),1,-0.04790917
AE(1),1,0.04226052
AE(1),1,-0.01174153
AE(1),1,0.07855283
AE(1),1,0.00823922
AE(1),1,0.02972583
AE(1),1,-0.00476599
AE(1),1,0.13281122
AE(1),1,-0.03400959
AE(1),1,-0.06760629
AE(1),1,-0.03404252
AE(1),1,-0.03799454
AE(1),1,0.00404138
AE(1),1,-0.04376442
AE(1),1,-0.03062332
AE(1),1,0.00487282
AE(1),1,-0.03569768
AE(1),1,-0.06359875
AE(1),1,-0.03051568
AE(1),1,0.02632700
AE(1),1,0.06833189
AE(1),1,0.07792920
AE(1),1,-0.04646380
AE(1),1,-0.03731275
AE(1),1,0.00724675
AE(1),1,0.00015744
AE(1),1,-0.05713606
AE(1),1,0.08769521
AE(1),1,-0.03616090
AE(1),1,-0.04997775
AE(1),1,-0.00563153
AE(1),1,-0.10137385
AE(1),1,-0.10984742
AE(1),1,-0.09274651
AE(1),1,0.04838349
AE(1),1,-0.05128151
AE(1),1,-0.05137137
AE(1),1,-0.04153126
AE(1),1,-0.03066750
AE(1),1,-0.07905580
AE(1),1,-0.03115022
AE(1),1,-0.04983822
AE(1),1,-0.02172419
AE(1),1,-0.05885196
AE(1),1,-0.08172102
AE(1),1,-0.07225288
AE(1),1,-0.02737372
AE(1),1,0.04989778
AE(1),1,-0.03562438
AE(1),1,-0.03020921
AE(1),1,-0.05459136
AE(1),1,-0.03230836
AE(1),1,0.00618368
AE(1),1,-0.03470564
AE(1),1,-0.02396070
AE(1),1,0.08294747
AE(1),1,-0.04584822
AE(1),1,-0.01573794
AE(1),1,0.00608601
AE(1),1,0.00160416
AE(1),1,-0.01476869
AE(1),1,-0.03051050
AE(1),1,-0.02364102
AE(1),1,-0.06928519
AE(1),1,-0.04842008
AE(1),1,-0.00707279
AE(1),1,0.00118644
AE(1),1,-0.01178987
AE(1),1,-0.00663142
AE(1),1,-0.03782608
AE(1),1,0.01993041
AE(1),1,0.00295536
AE(1),1,0.01306916
AE(1),1,-0.09817115
AE(1),1,0.01793495
AE(1),1,-0.07324759
AE(1),1,0.01101322
AE(1),1,-0.04727474
AE(1),1,0.00292643
AE(1),1,-0.08529120
AE(1),1,-0.03220400
AE(1),1,-0.01740597
AE(1),1,-0.00503586
AE(1),1,-0.11066193
AE(1),1,-0.03542238
AE(1),1,-0.03914674
AE(1),1,-0.01371810
AE(1),1,-0.04715263
AE(1),1,-0.07679221
AE(1),1,-0.00290771
AE(1),1,-0.09233868
AE(1),1,-0.03720943
AE(1),1,-0.02523008
AE(1),1,0.07338519
AE(1),1,0.02444746
AE(1),1,-0.11634537
AE(1),1,-0.08767923
AE(1),1,-0.08386883
AE(1),1,-0.10291264
AE(1),1,-0.05686570
AE(1),1,-0.01216589
AE(1),1,-0.08041385
AE(1),1,-0.06577929
AE(1),1,-0.04465298
AE(1),1,0.01083129
AE(1),1,0.03103040
AE(1),1,-0.02053834
AE(1),1,-0.01504847
AE(1),1,0.01360289
AE(1),1,0.00823170
AE(1),1,-0.08307401
AE(1),1,-0.09764155
AE(1),1,0.02286810
AE(1),1,0.04968961
AE(1),1,-0.01459294
AE(1),1,-0.03666417
AE(1),1,-0.02746929
AE(1),1,0.02902851
AE(1),1,-0.11331324
AE(1),1,-0.01727429
AE(1),1,-0.04712806
AE(1),1,-0.07945496
AE(1),1,0.05821450
AE(1),1,-0.06387627
AE(1),1,-0.07079141
AE(1),1,0.03570587
AE(1),1,-0.02681172
AE(1),1,-0.07526801
AE(1),1,0.04667189
AE(1),1,0.00268588
AE(1),1,-0.07091773
AE(1),1,-0.02696720
AE(1),1,-0.00451915
AE(1),1,-0.05821206
AE(1),1,-0.04538938
AE(1),1,0.00206485
AE(1),1,-0.04737276
AE(1),1,-0.00818072
AE(1),1,-0.09996594
AE(1),1,0.01320321
AE(1),1,0.06385223
AE(1),1,0.03100811
AE(1),1,0.00255527
AE(1),1,-0.06507902
AE(1),1,-0.06892750
AE(1),1,0.01792150
AE(1),1,0.02054762
AE(1),1,-0.05824643
AE(1),1,-0.08885362
AE(1),1,-0.02867807
AE(1),1,0.00719504
AE(1),1,-0.06727274
AE(1),1,-0.04695076
AE(1),1,-0.07621702
AE(1),1,0.01831231
AE(1),1,-0.08382945
AE(1),1,-0.13959493
AE(1),1,-0.01212024
AE(1),1,0.01761009
AE(1),1,-0.04377787
AE(1),1,0.08052789
AE(1),1,-0.04267842
AE(1),1,-0.07503766
AE(1),1,-0.01714972
AE(1),1,-0.07650836
AE(1),1,-0.00870523
AE(1),1,0.01417134
AE(1),1,-0.03333026
AE(1),1,0.00080639
AE(1),1,-0.06828882
AE(1),1,-0.11428578
AE(1),1,-0.06943026
AE(1),1,-0.00450201
AE(1),1,-0.04510037
AE(1),1,-0.12856812
AE(1),1,-0.06613902
AE(1),1,0.00420403
AE(1),1,0.04361614
AE(1),1,-0.05558674
AE(1),1,-0.01472412
AE(1),1,-0.09743130
AE(1),1,0.04307212
AE(1),1,-0.00582188
AE(1),1,0.06721502
AE(1),1,-0.01375661
AE(1),1,0.01697250
AE(1),1,0.02573044
AE(1),1,-0.04211427
AE(1),1,0.01889308
AE(1),1,-0.04111061
AE(1),1,-0.07297727
AE(1),1,-0.05978464
AE(1),1,-0.16521270
AE(1),1,-0.07655092
AE(1),1,-0.00274991
AE(1),1,-0.05870542
AE(1),1,-0.04006150
AE(1),1,-0.04685151
AE(1),1,-0.04403838
AE(1),1,-0.03504279
AE(1),1,-0.09054160
AE(1),1,-0.01909720
AE(1),2,0.03190607
AE(1),2,-0.02693526
AE(1),2,0.03385863
AE(1),2,0.03146446
AE(1),2,-0.00230152
AE(1),2,0.04861673
AE(1),2,-0.02079050
AE(1),2,-0.06668733
AE(1),2,-0.03322148
AE(1),2,-0.03861695
AE(1),2,-0.01733588
AE(1),2,0.01691720
AE(1),2,-0.07637687
AE(1),2,0.05358081
AE(1),2,0.04237912
AE(1),2,-0.03260132
AE(1),2,-0.01602665
AE(1),2,-0.01659694
AE(1),2,-0.02147532
AE(1),2,-0.01267250
AE(1),2,-0.00869509
AE(1),2,0.03217887
AE(1),2,-0.00560417
AE(1),2,-0.01568212
AE(1),2,-0.00206684
AE(1),2,-0.03394897
AE(1),2,0.03518519
AE(1),2,-0.02258504
AE(1),2,-0.01520766
AE(1),2,0.06832603
AE(1),2,0.03721835
AE(1),2,0.02856845
AE(1),2,-0.00491483
AE(1),2,0.02204217
AE(1),2,0.00680502
AE(1),2,0.08577406
AE(1),2,-0.04351211
AE(1),2,0.01026647
AE(1),2,-0.00983488
AE(1),2,-0.00828088
AE(1),2,-0.02688421
AE(1),2,0.01569129
AE(1),2,-0.00655550
AE(1),2,0.00203871
AE(1),2,-0.03354559
AE(1),2,-0.06679763
AE(1),2,0.01388063
AE(1),2,-0.00484584
AE(1),2,-0.00319664
AE(1),2,0.00694530
AE(1),2,-0.04082950
AE(1),2,-0.01254710
AE(1),2,0.05196810
AE(1),2,0.05083977
AE(1),2,-0.05577267
AE(1),2,0.01234333
AE(1),2,-0.03006878
AE(1),2,0.04620656
AE(1),2,0.02537683
AE(1),2,0.01326993
AE(1),2,-0.01096479
AE(1),2,0.02695926
AE(1),2,0.00794764
AE(1),2,0.01456336
AE(1),2,0.00833260
AE(1),2,-0.00264410
AE(1),2,0.01843085
AE(1),2,-0.00858981
AE(1),2,-0.01494971
AE(1),2,-0.04695096
AE(1),2,-0.01027252
AE(1),2,-0.01940858
AE(1),2,-0.07661898
AE(1),2,-0.04315639
AE(1),2,0.01382212
AE(1),2,0.03177260
AE(1),2,0.01542908
AE(1),2,0.00036990
AE(1),2,0.01596260
AE(1),2,-0.06306603
AE(1),2,-0.00559843
AE(1),2,-0.07890532
AE(1),2,0.00849851
AE(1),2,-0.05565073
AE(1),2,0.03099206
AE(1),2,-0.03061800
AE(1),2,-0.02844432
AE(1),2,-0.04287247
AE(1),2,-0.06910518
AE(1),2,-0.03174903
AE(1),2,-0.04921697
AE(1),2,-0.03617584
AE(1),2,-0.07502275
AE(1),2,-0.07752444
AE(1),2,-0.11154629
AE(1),2,-0.05266378
AE(1),2,0.00597768
AE(1),2,-0.00944600
AE(1),2,-0.07264780
AE(1),2,0.02629534
AE(1),2,-0.08399552
AE(1),2,-0.01858947
AE(1),2,-0.01316164
AE(1),2,-0.03096914
AE(1),2,-0.01901029
AE(1),2,-0.02166967
AE(1),2,-0.08046670
AE(1),2,-0.09151795
AE(1),2,-0.09214380
AE(1),2,0.01830177
AE(1),2,-0.03045817
AE(1),2,-0.03213703
AE(1),2,-0.03432618
AE(1),2,0.01288979
AE(1),2,0.01062550
AE(1),2,-0.01148229
AE(1),2,-0.03848210
AE(1),2,-0.05745829
AE(1),2,-0.06360361
AE(1),2,0.00242435
AE(1),2,-0.03566573
AE(1),2,-0.06878514
AE(1),2,-0.01870239
AE(1),2,0.03620667
AE(1),2,-0.05301217
AE(1),2,0.02296735
AE(1),2,0.01251474
AE(1),2,-0.02485804
AE(1),2,-0.02350137
AE(1),2,-0.03635282
AE(1),2,-0.00590827
AE(1),2,0.04004016
AE(1),2,-0.07650383
AE(1),2,0.00160227
AE(1),2,-0.06333730
AE(1),2,0.05815499
AE(1),2,0.00849231
AE(1),2,-0.04839944
AE(1),2,-0.01839385
AE(1),2,0.00320581
AE(1),2,0.02130088
AE(1),2,-0.03159956
AE(1),2,0.00096884
AE(1),2,-0.00734784
AE(1),2,-0.01247085
AE(1),2,-0.04591273
AE(1),2,0.01533949
AE(1),2,0.01403292
AE(1),2,0.04225268
AE(1),2,0.00420178
AE(1),2,0.01903010
AE(1),2,-0.04136615
AE(1),2,-0.05859254
AE(1),2,0.00066807
AE(1),2,0.00489611
AE(1),2,-0.02226437
AE(1),2,-0.01868880
AE(1),2,-0.03571150
AE(1),2,-0.07121897
AE(1),2,-0.10195374
AE(1),2,-0.05771363
AE(1),2,-0.07609991
AE(1),2,-0.01848482
AE(1),2,0.01272696
AE(1),2,-0.06421578
AE(1),2,-0.10399597
AE(1),2,-0.04613285
AE(1),2,0.07264728
AE(1),2,-0.06481246
AE(1),2,-0.05006230
AE(1),2,-0.04277103
AE(1),2,0.00416746
AE(1),2,-0.03610710
AE(1),2,-0.10454407
AE(1),2,-0.04746150
AE(1),2,-0.09660992
AE(1),2,-0.10223887
AE(1),2,-0.03737810
AE(1),2,-0.12710005
AE(1),2,-0.07990234
AE(1),2,-0.04072046
AE(1),2,-0.06289538
AE(1),2,-0.02379554
AE(1),2,-0.00109216
AE(1),2,-0.06362412
AE(1),2,-0.00361143
AE(1),2,0.16409621
AE(1),2,-0.02307655
AE(1),2,0.00333567
AE(1),2,-0.00927785
AE(1),2,0.00805730
AE(1),2,0.01439206
AE(1),2,-0.03356145
AE(1),2,-0.00284193
AE(1),2,-0.01960875
AE(1),2,-0.01049553
AE(1),2,0.02301627
AE(1),2,-0.05938090
AE(1),2,-0.01755132
AE(1),2,-0.00496459
AE(1),2,-0.02565088
AE(1),2,-0.03463546
AE(1),2,-0.07791680
AE(1),2,-0.03370563
AE(1),2,0.03144748
AE(1),2,-0.02054833
AE(1),2,-0.00918124
AE(1),2,-0.03421271
AE(1),2,-0.02327301
AE(1),2,-0.01373193
AE(1),2,-0.01210008
AE(1),2,0.01259084
AE(1),2,-0.03768622
AE(1),2,0.01831745
AE(1),2,-0.03406203
AE(1),2,-0.02468782
AE(1),2,-0.00369704
AE(1),2,0.02056665
AE(1),2,-0.03954690
AE(1),2,-0.04302181
AE(1),2,-0.08105778
AE(1),2,-0.09416195
AE(1),2,-0.02669171
AE(1),2,-0.08281940
AE(1),2,0.03144040
AE(1),2,-0.06226039
AE(1),2,-0.01696447
AE(1),2,0.03931350
AE(1),2,-0.00857435
AE(1),2,-0.07516279
AE(1),2,-0.03997095
AE(1),2,-0.05041660
AE(1),2,-0.04003782
AE(1),2,-0.03011494
AE(1),2,-0.06831533
AE(1),2,-0.02421053
AE(1),2,0.00009896
AE(1),2,-0.07515579
AE(1),2,-0.12383468
AE(1),2,-0.02532160
AE(1),2,-0.02037198
AE(1),2,-0.00923430
AE(1),2,-0.04955856
AE(1),2,-0.02301735
AE(1),2,-0.04240598
AE(1),3,-0.03649738
AE(1),3,0.01913206
AE(1),3,0.00399752
AE(1),3,0.03152950
AE(1),3,0.04425931
AE(1),3,-0.02806595
AE(1),3,-0.01321797
AE(1),3,0.03307114
AE(1),3,0.01625741
AE(1),3,0.03702379
AE(1),3,-0.02246002
AE(1),3,-0.01339716
AE(1),3,0.04096345
AE(1),3,-0.03092737
AE(1),3,-0.03056788
AE(1),3,-0.01179139
AE(1),3,0.00344019
AE(1),3,-0.03208112
AE(1),3,-0.00823916
AE(1),3,-0.01222731
AE(1),3,-0.01335496
AE(1),3,0.05199890
AE(1),3,-0.01449277
AE(1),3,-0.05476545
AE(1),3,0.00131897
AE(1),3,0.01812986
AE(1),3,0.01345972
AE(1),3,0.03210434
AE(1),3,-0.03391886
AE(1),3,0.00421883
AE(1),3,-0.01327307
AE(1),3,0.03310314
AE(1),3,0.01642243
AE(1),3,0.02885365
AE(1),3,-0.04107770
AE(1),3,-0.03489491
AE(1),3,0.02879820
AE(1),3,-0.01388305
AE(1),3,0.00691913
AE(1),3,0.02450285
AE(1),3,0.02641332
AE(1),3,0.00661368
AE(1),3,-0.00577904
AE(1),3,-0.02936942
AE(1),3,-0.01396081
AE(1),3,0.06240536
AE(1),3,-0.00304409
AE(1),3,-0.03590071
AE(1),3,-0.03001927
AE(1),3,-0.01233514
AE(1),3,-0.00826718
AE(1),3,0.03637730
AE(1),3,0.04140131
AE(1),3,-0.01609325
AE(1),3,-0.01957421
AE(1),3,-0.01389485
AE(1),3,0.00392465
AE(1),3,0.02059906
AE(1),3,0.01259882
AE(1),3,0.06083570
AE(1),3,-0.00214848
AE(1),3,0.06144670
AE(1),3,0.02063688
AE(1),3,-0.03255302
AE(1),3,0.02211171
AE(1),3,-0.00166620
AE(1),3,0.02209899
AE(1),3,0.03879495
AE(1),3,0.05407262
AE(1),3,-0.01728818
AE(1),3,0.09907836
AE(1),3,0.00049631
AE(1),3,0.02182425
AE(1),3,0.02924118
AE(1),3,-0.01582014
AE(1),3,-0.01075109
AE(1),3,-0.02128375
AE(1),3,-0.00128467
AE(1),3,0.00988948
AE(1),3,0.02216315
AE(1),3,0.03669287
AE(1),3,-0.01236422
AE(1),3,0.04837282
AE(1),3,-0.00955583
AE(1),3,-0.02149258
AE(1),3,-0.01507055
AE(1),3,-0.04715290
AE(1),3,-0.03200636
AE(1),3,-0.08737154
AE(1),3,-0.03063972
AE(1),3,-0.01873090
AE(1),3,-0.01780289
AE(1),3,-0.02857948
AE(1),3,0.04067512
AE(1),3,-0.02459837
AE(1),3,-0.03908175
AE(1),3,-0.02609665
AE(1),3,-0.00946770
AE(1),3,-0.02842403
AE(1),3,-0.04525655
AE(1),3,-0.02965068
AE(1),3,-0.01964380
AE(1),3,-0.01227927
AE(1),3,-0.01839601
AE(1),3,-0.08034077
AE(1),3,-0.01654029
AE(1),3,-0.01352533
AE(1),3,-0.02400970
AE(1),3,-0.04643879
AE(1),3,-0.02401328
AE(1),3,-0.03950957
AE(1),3,0.00018192
AE(1),3,-0.02237115
AE(1),3,-0.03116439
AE(1),3,-0.00861367
AE(1),3,-0.00321259
AE(1),3,-0.05004274
AE(1),3,-0.02862813
AE(1),3,-0.03920224
AE(1),3,-0.02987337
AE(1),3,-0.02280693
AE(1),3,-0.04005466
AE(1),3,0.07622909
AE(1),3,0.02242476
AE(1),3,-0.01655887
AE(1),3,-0.02845802
AE(1),3,-0.02801315
AE(1),3,-0.02384396
AE(1),3,0.02847939
AE(1),3,-0.01058877
AE(1),3,-0.02959857
AE(1),3,-0.02100809
AE(1),3,0.00559490
AE(1),3,0.05031793
AE(1),3,-0.02639392
AE(1),3,0.00154302
AE(1),3,-0.00446902
AE(1),3,0.00927506
AE(1),3,-0.00055920
AE(1),3,0.03156220
AE(1),3,-0.01826424
AE(1),3,-0.00358427
AE(1),3,-0.01483497
AE(1),3,-0.00335856
AE(1),3,0.00068584
AE(1),3,0.03770860
AE(1),3,-0.01224591
AE(1),3,0.03820788
AE(1),3,-0.00718235
AE(1),3,0.04946922
AE(1),3,0.04502482
AE(1),3,-0.00153640
AE(1),3,0.01560096
AE(1),3,0.02280972
AE(1),3,0.04126546
AE(1),3,0.07731658
AE(1),3,-0.01742831
AE(1),3,-0.02202076
AE(1),3,-0.00680466
AE(1),3,0.08069815
AE(1),3,-0.05107780
AE(1),3,-0.04115588
AE(1),3,-0.00909621
AE(1),3,0.02404175
AE(1),3,0.02015203
AE(1),3,0.04675885
AE(1),3,-0.02636000
AE(1),3,-0.01202685
AE(1),3,0.09161722
AE(1),3,-0.01617584
AE(1),3,-0.02953546
AE(1),3,-0.04120444
AE(1),3,-0.00426988
AE(1),3,-0.02256430
AE(1),3,0.00417386
AE(1),3,0.03575887
AE(1),3,0.00820805
AE(1),3,0.05804522
AE(1),3,0.07110343
AE(1),3,0.04475788
AE(1),3,0.04598145
AE(1),3,-0.01700991
AE(1),3,0.06737735
AE(1),3,0.05096459
AE(1),3,0.01033736
AE(1),3,0.04911154
AE(1),3,-0.03176947
AE(1),3,-0.00804578
AE(1),3,0.01434283
AE(1),3,-0.01554817
AE(1),3,-0.04975363
AE(1),3,0.01165639
AE(1),3,0.01475564
AE(1),3,-0.01403259
AE(1),3,0.00867150
AE(1),3,0.03342482
AE(1),3,0.02191563
AE(1),3,-0.01320540
AE(1),3,-0.01475209
AE(1),3,0.00874030
AE(1),3,-0.03219374
AE(1),3,0.02340260
AE(1),3,0.01742208
AE(1),3,-0.00371370
AE(1),3,-0.02657525
AE(1),3,-0.00752419
AE(1),3,-0.02224858
AE(1),3,-0.00544095
AE(1),3,0.03653774
AE(1),3,-0.00776317
AE(1),3,-0.00741640
AE(1),3,-0.03411105
AE(1),3,-0.00223432
AE(1),3,0.02031994
AE(1),3,-0.03212908
AE(1),3,-0.07903438
AE(1),3,0.01826711
AE(1),3,-0.00419923
AE(1),3,-0.02589771
AE(1),3,0.02359218
AE(1),3,-0.00287052
AE(1),3,-0.02269791
AE(1),3,-0.02421014
AE(1),3,0.05896188
AE(1),3,0.03334393
AE(1),3,-0.00872311
AE(1),3,-0.00021350
AE(1),3,-0.01019941
AE(1),3,0.01642632
AE(1),3,0.04531158
AE(1),3,-0.03178804
AE(1),3,-0.01409221
AE(1),3,0.02344473
AE(1),3,-0.01270588
AE(1),3,-0.00524676
AE(1),3,-0.04184483
AE(1),3,0.00870881
AE(1),3,-0.04238183
AE(1),3,-0.01297851
AE(1),3,-0.02267763
AE(1),3,-0.00481854
AE(1),3,-0.00099211
AE(1),3,-0.01869133
AE(1),3,0.00360597
AE(1),3,-0.02279087
AE(1),3,-0.01033202
AE(1),3,0.01901314
AE(1),3,-0.00726141
AE(1),3,0.08021829
AE(1),3,-0.03494088
AE(1),3,0.06548284
AE(1),3,-0.02784567
AE(1),4,0.04575499
AE(1),4,0.08008156
AE(1),4,-0.00382317
AE(1),4,0.05312324
AE(1),4,0.00505978
AE(1),4,0.03100994
AE(1),4,0.01891202
AE(1),4,-0.00825281
AE(1),4,-0.02059623
AE(1),4,0.06102525
AE(1),4,0.02145061
AE(1),4,-0.00519405
AE(1),4,-0.01121769
AE(1),4,0.01989296
AE(1),4,0.01126275
AE(1),4,0.09255801
AE(1),4,-0.01659538
AE(1),4,0.01819314
AE(1),4,0.00073791
AE(1),4,-0.03308880
AE(1),4,-0.00268236
AE(1),4,-0.01529545
AE(1),4,-0.02590933
AE(1),4,0.00125105
AE(1),4,-0.03988496
AE(1),4,-0.02801817
AE(1),4,0.00610247
AE(1),4,-0.01510787
AE(1),4,0.00128057
AE(1),4,0.10067385
AE(1),4,-0.01443842
AE(1),4,0.01377449
AE(1),4,-0.04475620
AE(1),4,-0.02124761
AE(1),4,-0.03348236
AE(1),4,-0.00259631
AE(1),4,-0.02470453
AE(1),4,-0.02267671
AE(1),4,-0.06407804
AE(1),4,-0.03108916
AE(1),4,-0.04412781
AE(1),4,-0.03252548
AE(1),4,-0.00758889
AE(1),4,-0.03199777
AE(1),4,0.04584222
AE(1),4,0.00817322
AE(1),4,-0.03516608
AE(1),4,-0.05174440
AE(1),4,-0.04331013
AE(1),4,0.01855430
AE(1),4,0.04887482
AE(1),4,-0.03943043
AE(1),4,-0.06077845
AE(1),4,-0.04990079
AE(1),4,0.04631468
AE(1),4,-0.02646446
AE(1),4,-0.02578970
AE(1),4,-0.02373603
AE(1),4,0.00329175
AE(1),4,-0.03050087
AE(1),4,-0.01358615
AE(1),4,0.00454930
AE(1),4,-0.01993038
AE(1),4,-0.01644229
AE(1),4,-0.00865508
AE(1),4,-0.00698525
AE(1),4,-0.00026646
AE(1),4,0.01579858
AE(1),4,0.01059940
AE(1),4,-0.01614924
AE(1),4,-0.04083155
AE(1),4,0.02828960
AE(1),4,0.04160298
AE(1),4,0.09136334
AE(1),4,-0.01751913
AE(1),4,0.04392397
AE(1),4,-0.03176003
AE(1),4,0.07368525
AE(1),4,-0.00290152
AE(1),4,-0.01305858
AE(1),4,0.00564258
AE(1),4,0.00655352
AE(1),4,0.03030619
AE(1),4,-0.01710193
AE(1),4,0.01754995
AE(1),4,-0.02270178
AE(1),4,0.00453767
AE(1),4,-0.05263702
AE(1),4,0.02648295
AE(1),4,0.07486974
AE(1),4,0.02320633
AE(1),4,-0.00636508
AE(1),4,0.00684430
AE(1),4,0.04286182
AE(1),4,0.01663876
AE(1),4,-0.02834890
AE(1),4,-0.01648246
AE(1),4,0.01083290
AE(1),4,-0.01692601
AE(1),4,0.00979567
AE(1),4,0.00498641
AE(1),4,0.00238067
AE(1),4,0.02499248
AE(1),4,-0.02095488
AE(1),4,-0.01153097
AE(1),4,-0.00952665
AE(1),4,0.03830413
AE(1),4,-0.00521170
AE(1),4,-0.01484406
AE(1),4,0.01175723
AE(1),4,0.00212245
AE(1),4,-0.01497969
AE(1),4,-0.00341908
AE(1),4,-0.01260124
AE(1),4,-0.01067660
AE(1),4,-0.01299354
AE(1),4,0.00826432
AE(1),4,0.01141131
AE(1),4,0.00344246
AE(1),4,0.00831626
AE(1),4,0.00144775
AE(1),4,0.00801258
AE(1),4,-0.02699192
AE(1),4,0.03157291
AE(1),4,-0.00396059
AE(1),4,-0.02181415
AE(1),4,0.00531620
AE(1),4,0.03717809
AE(1),4,0.03165092
AE(1),4,-0.00707780
AE(1),4,-0.01793873
AE(1),4,0.02050104
AE(1),4,-0.02424264
AE(1),4,-0.00010711
AE(1),4,-0.01036459
AE(1),4,0.03005825
AE(1),4,-0.00637933
AE(1),4,-0.01950503
AE(1),4,-0.00393168
AE(1),4,0.11234571
AE(1),4,0.01141535
AE(1),4,-0.00205523
AE(1),4,-0.01076146
AE(1),4,-0.02936739
AE(1),4,-0.01593639
AE(1),4,0.01686949
AE(1),4,0.00283534
AE(1),4,0.02762581
AE(1),4,0.01248244
AE(1),4,0.02597980
AE(1),4,0.08564362
AE(1),4,-0.01005461
AE(1),4,-0.00133148
AE(1),4,0.02323702
AE(1),4,0.00721376
AE(1),4,-0.01332759
AE(1),4,-0.01681978
AE(1),4,-0.06923664
AE(1),4,-0.07136097
AE(1),4,-0.01745518
AE(1),4,0.02118723
AE(1),4,0.07256095
AE(1),4,-0.01202009
AE(1),4,0.03857820
AE(1),4,0.03405042
AE(1),4,0.02176367
AE(1),4,0.06846161
AE(1),4,-0.02300326
AE(1),4,0.02244194
AE(1),4,-0.00234943
AE(1),4,0.04700645
AE(1),4,0.05135235
AE(1),4,0.02000597
AE(1),4,0.01614851
AE(1),4,-0.00230883
AE(1),4,0.00215769
AE(1),4,0.00604401
AE(1),4,0.00559177
AE(1),4,-0.01979634
AE(1),4,0.00507722
AE(1),4,0.03373130
AE(1),4,0.06554914
AE(1),4,-0.00165281
AE(1),4,0.04604773
AE(1),4,0.07130215
AE(1),4,0.05385736
AE(1),4,0.02055043
AE(1),4,0.04234416
AE(1),4,0.03796548
AE(1),4,0.01468947
AE(1),4,0.00243261
AE(1),4,0.00665609
AE(1),4,0.09595441
AE(1),4,-0.03769717
AE(1),4,0.00369928
AE(1),4,0.02049507
AE(1),4,-0.02446390
AE(1),4,0.02047590
AE(1),4,0.01956421
AE(1),4,-0.00998606
AE(1),4,0.02945952
AE(1),4,0.00332138
AE(1),4,-0.05333156
AE(1),4,0.02264484
AE(1),4,-0.00876373
AE(1),4,-0.03617294
AE(1),4,-0.06018443
AE(1),4,-0.02741837
AE(1),4,-0.00612575
AE(1),4,-0.01711388
AE(1),4,0.00160292
AE(1),4,0.05271796
AE(1),4,-0.04143260
AE(1),4,0.05678701
AE(1),4,-0.00879442
AE(1),4,-0.04658547
AE(1),4,-0.00118464
AE(1),4,-0.01591680
AE(1),4,-0.00038395
AE(1),4,0.00975352
AE(1),4,-0.00233386
AE(1),4,-0.01560039
AE(1),4,0.05816342
AE(1),4,0.01885809
AE(1),4,0.00566124
AE(1),4,0.02828328
AE(1),4,0.01660604
AE(1),4,0.04124513
AE(1),4,0.03814723
AE(1),4,0.05657056
AE(1),4,0.01118413
AE(1),4,0.03765440
AE(1),4,0.04333956
AE(1),4,0.08532003
AE(1),4,0.03040385
AE(1),4,0.00752489
AE(1),4,0.06577476
AE(1),4,-0.02239550
AE(1),4,0.00905692
AE(1),4,0.02216277
AE(1),4,-0.00477637
AE(1),4,0.02542449
AE(1),4,-0.02162067
AE(1),4,0.06146614
AE(1),4,-0.00278243
AE(1),4,-0.04458697
AE(1),4,0.00894673
AE(1),4,0.10057856
AE(1),4,-0.00418760
AE(1),4,0.01059284
AE(1),4,-0.00881204
AE(1),4,0.03643871
AE(1),4,-0.03564915
AE(1),4,-0.00397480
AE(1),4,-0.04158546
AE(1),4,0.02576715
AE(1),5,-0.05567028
AE(1),5,0.02865189
AE(1),5,0.00454572
AE(1),5,-0.04378480
AE(1),5,-0.01896421
AE(1),5,-0.01932622
AE(1),5,-0.01485531
AE(1),5,-0.07363615
AE(1),5,-0.00880828
AE(1),5,-0.02881154
AE(1),5,-0.05588953
AE(1),5,-0.05475861
AE(1),5,-0.03973513
AE(1),5,0.00457931
AE(1),5,0.00913424
AE(1),5,-0.03584733
AE(1),5,-0.05819651
AE(1),5,-0.01409514
AE(1),5,0.03255873
AE(1),5,-0.02050477
AE(1),5,-0.03336792
AE(1),5,-0.01914396
AE(1),5,-0.01400078
AE(1),5,-0.04491641
AE(1),5,-0.04192502
AE(1),5,-0.00663477
AE(1),5,-0.00718337
AE(1),5,0.02709725
AE(1),5,-0.03340996
AE(1),5,-0.04926983
AE(1),5,-0.04044582
AE(1),5,-0.05950648
AE(1),5,-0.05986857
AE(1),5,-0.01019222
AE(1),5,0.01320999
AE(1),5,-0.01461589
AE(1),5,-0.03938125
AE(1),5,-0.02967793
AE(1),5,0.02772484
AE(1),5,-0.04414579
AE(1),5,0.00960482
AE(1),5,-0.02512222
AE(1),5,-0.01813884
AE(1),5,-0.07642593
AE(1),5,0.06914878
AE(1),5,-0.04640283
AE(1),5,-0.02071385
AE(1),5,-0.02896365
AE(1),5,-0.00112622
AE(1),5,-0.00134252
AE(1),5,-0.00042375
AE(1),5,-0.02874195
AE(1),5,-0.02126202
AE(1),5,0.02002153
AE(1),5,0.01451711
AE(1),5,-0.05054170
AE(1),5,0.05047034
AE(1),5,-0.00185287
AE(1),5,-0.04171386
AE(1),5,-0.01752636
AE(1),5,0.02301804
AE(1),5,-0.00608626
AE(1),5,-0.03149391
AE(1),5,-0.00530425
AE(1),5,-0.01709536
AE(1),5,-0.01820301
AE(1),5,-0.08151079
AE(1),5,-0.02377334
AE(1),5,-0.02730383
AE(1),5,-0.09121242
AE(1),5,-0.01660452
AE(1),5,-0.05851873
AE(1),5,-0.03644528
AE(1),5,-0.03326578
AE(1),5,0.04884451
AE(1),5,-0.07845977
AE(1),5,-0.03991512
AE(1),5,-0.04127007
AE(1),5,-0.08712723
AE(1),5,-0.03027728
AE(1),5,-0.04376403
AE(1),5,-0.02885625
AE(1),5,-0.06246446
AE(1),5,-0.00072906
AE(1),5,-0.01844207
AE(1),5,-0.01838158
AE(1),5,-0.01501000
AE(1),5,-0.03801784
AE(1),5,-0.04805438
AE(1),5,-0.01941856
AE(1),5,-0.00709832
AE(1),5,-0.05987244
AE(1),5,-0.01989942
AE(1),5,-0.05163537
AE(1),5,-0.00125070
AE(1),5,-0.03339695
AE(1),5,-0.02030642
AE(1),5,-0.03362930
AE(1),5,-0.05999655
AE(1),5,-0.03065705
AE(1),5,-0.04877961
AE(1),5,-0.04041615
AE(1),5,-0.06894808
AE(1),5,-0.03776337
AE(1),5,-0.01853547
AE(1),5,-0.01965061
AE(1),5,-0.03178937
AE(1),5,-0.01234947
AE(1),5,0.02597285
AE(1),5,-0.04409736
AE(1),5,-0.01920648
AE(1),5,0.00964977
AE(1),5,-0.02927150
AE(1),5,-0.05532445
AE(1),5,-0.06224118
AE(1),5,0.02220372
AE(1),5,-0.00597434
AE(1),5,0.02089328
AE(1),5,-0.06869644
AE(1),5,0.05075168
AE(1),5,0.00794105
AE(1),5,0.04610890
AE(1),5,0.04492336
AE(1),5,0.04055553
AE(1),5,0.05763623
AE(1),5,0.08092632
AE(1),5,0.08213782
AE(1),5,0.05684388
AE(1),5,-0.08384643
AE(1),5,-0.02529708
AE(1),5,0.06677838
AE(1),5,-0.03697175
AE(1),5,0.05359549
AE(1),5,-0.02213927
AE(1),5,-0.02494625
AE(1),5,0.02347662
AE(1),5,0.04290828
AE(1),5,0.06127290
AE(1),5,0.02178917
AE(1),5,-0.01187760
AE(1),5,0.01472432
AE(1),5,-0.01623413
AE(1),5,-0.08075374
AE(1),5,-0.04676392
AE(1),5,-0.03482969
AE(1),5,-0.02921868
AE(1),5,-0.02069695
AE(1),5,-0.01608872
AE(1),5,0.04144921
AE(1),5,0.05964114
AE(1),5,-0.02122839
AE(1),5,-0.01590420
AE(1),5,-0.05134762
AE(1),5,-0.03327800
AE(1),5,-0.02321972
AE(1),5,-0.02399107
AE(1),5,-0.03206478
AE(1),5,-0.02043278
AE(1),5,-0.01478999
AE(1),5,-0.02328229
AE(1),5,-0.08761634
AE(1),5,0.02002317
AE(1),5,0.00139611
AE(1),5,0.10096136
AE(1),5,0.04261248
AE(1),5,-0.04452590
AE(1),5,0.00161054
AE(1),5,0.00851050
AE(1),5,0.07868499
AE(1),5,0.04774193
AE(1),5,0.03782190
AE(1),5,0.01946781
AE(1),5,-0.04747492
AE(1),5,0.00132896
AE(1),5,-0.04219541
AE(1),5,0.04612274
AE(1),5,0.07035853
AE(1),5,0.01191604
AE(1),5,0.02194205
AE(1),5,0.08880173
AE(1),5,-0.03096020
AE(1),5,-0.01421692
AE(1),5,0.05252206
AE(1),5,0.02355926
AE(1),5,-0.00315167
AE(1),5,-0.02192734
AE(1),5,0.01317560
AE(1),5,-0.03433525
AE(1),5,-0.01720981
AE(1),5,0.00336792
AE(1),5,0.00516209
AE(1),5,-0.00070573
AE(1),5,-0.05884142
AE(1),5,0.00384791
AE(1),5,-0.02189253
AE(1),5,-0.04613228
AE(1),5,-0.06470436
AE(1),5,0.03423142
AE(1),5,-0.03282855
AE(1),5,-0.02568370
AE(1),5,0.00530397
AE(1),5,-0.00923180
AE(1),5,-0.03979941
AE(1),5,0.03514000
AE(1),5,0.02459674
AE(1),5,-0.00307191
AE(1),5,-0.05765578
AE(1),5,-0.00016812
AE(1),5,-0.00339528
AE(1),5,-0.03650909
AE(1),5,-0.02935599
AE(1),5,0.01870542
AE(1),5,0.01887085
AE(1),5,0.05630100
AE(1),5,-0.00072421
AE(1),5,-0.02082855
AE(1),5,-0.00753165
AE(1),5,0.01820616
AE(1),5,-0.04385148
AE(1),5,0.03738521
AE(1),5,-0.04584878
AE(1),5,0.01394851
AE(1),5,-0.03327661
AE(1),5,-0.00878698
AE(1),5,-0.02655146
AE(1),5,-0.02841811
AE(1),5,-0.06680547
AE(1),5,-0.02615750
AE(1),5,-0.00636042
AE(1),5,-0.02516736
AE(1),5,0.01453496
AE(1),5,0.02126689
AE(1),5,0.02072095
AE(1),5,0.00974101
AE(1),5,-0.05707946
AE(1),5,-0.04043704
AE(1),5,0.02479958
AE(1),5,0.05432687
AE(1),5,0.01136177
AE(1),5,-0.01912054
AE(1),5,-0.03420612
AE(1),5,0.00548050
AE(1),5,-0.02757800
AE(1),5,0.03573413
AE(1),5,-0.03578070
AE(1),5,-0.06325553
AE(1),5,-0.03827870
AE(1),5,-0.02003549
AE(1),5,-0.03121322
AE(1),5,0.01255208
AE(1),5,0.05733579
AE(1),5,-0.05422756
AE(1),5,0.05594571
AE(1),5,-0.06590537
AE(1),5,0.08872832
AE(1),5,0.02412366
AE(1),5,-0.01838621
AE(1),5,-0.05306153
AE(1),5,-0.04165693
AE(1),5,0.06864192
AE(1),5,-0.01659826
AE(1),5,0.09091352
AE(1),6,-0.05908957
AE(1),6,-0.03677849
AE(1),6,-0.02910808
AE(1),6,-0.02212853
AE(1),6,-0.05516837
AE(1),6,-0.04979012
AE(1),6,-0.02733837
AE(1),6,0.01565796
AE(1),6,-0.00414683
AE(1),6,0.05825557
AE(1),6,-0.04709148
AE(1),6,-0.05283096
AE(1),6,-0.01478647
AE(1),6,-0.03198093
AE(1),6,0.01218025
AE(1),6,-0.01279160
AE(1),6,0.02224061
AE(1),6,-0.05085894
AE(1),6,-0.03836410
AE(1),6,-0.00617048
AE(1),6,-0.07537923
AE(1),6,0.02376738
AE(1),6,-0.02716235
AE(1),6,-0.04270536
AE(1),6,-0.04869339
AE(1),6,-0.06401357
AE(1),6,-0.04250594
AE(1),6,-0.00877584
AE(1),6,0.04777976
AE(1),6,-0.00603465
AE(1),6,0.01657638
AE(1),6,0.00499945
AE(1),6,0.00245922
AE(1),6,-0.04521753
AE(1),6,-0.05923855
AE(1),6,-0.02783804
AE(1),6,-0.01310945
AE(1),6,-0.01288606
AE(1),6,-0.01716542
AE(1),6,0.01785751
AE(1),6,-0.01707336
AE(1),6,-0.03254838
AE(1),6,0.00268478
AE(1),6,-0.00508654
AE(1),6,-0.07210715
AE(1),6,0.07312365
AE(1),6,0.13932763
AE(1),6,-0.04601338
AE(1),6,0.04263586
AE(1),6,-0.01777196
AE(1),6,0.00770389
AE(1),6,0.02813531
AE(1),6,-0.01369185
AE(1),6,0.00485953
AE(1),6,-0.01669275
AE(1),6,-0.03010030
AE(1),6,-0.05179211
AE(1),6,0.03516405
AE(1),6,-0.02439252
AE(1),6,0.00877804
AE(1),6,-0.00520217
AE(1),6,-0.04931621
AE(1),6,-0.04077500
AE(1),6,-0.02021383
AE(1),6,0.01962238
AE(1),6,-0.05065387
AE(1),6,0.06010311
AE(1),6,-0.05123786
AE(1),6,0.01411714
AE(1),6,-0.05053853
AE(1),6,-0.01518597
AE(1),6,-0.05771655
AE(1),6,-0.00807977
AE(1),6,-0.05394954
AE(1),6,0.08353928
AE(1),6,0.06091131
AE(1),6,0.00954259
AE(1),6,0.06262157
AE(1),6,-0.03766461
AE(1),6,0.03178434
AE(1),6,-0.00752850
AE(1),6,-0.03573707
AE(1),6,-0.00596963
AE(1),6,-0.01031706
AE(1),6,-0.04455365
AE(1),6,0.01780893
AE(1),6,-0.04690078
AE(1),6,-0.02857500
AE(1),6,0.20634731
AE(1),6,0.04603425
AE(1),6,0.00604919
AE(1),6,0.01799032
AE(1),6,0.01042387
AE(1),6,-0.03518213
AE(1),6,0.03524400
AE(1),6,-0.01945927
AE(1),6,-0.05824157
AE(1),6,0.02564129
AE(1),6,-0.05208358
AE(1),6,-0.04356944
AE(1),6,-0.00777446
AE(1),6,-0.03314106
AE(1),6,0.01439667
AE(1),6,-0.04276685
AE(1),6,-0.02070793
AE(1),6,0.01439058
AE(1),6,0.03178739
AE(1),6,0.01724686
AE(1),6,0.04426386
AE(1),6,0.03305615
AE(1),6,-0.02808916
AE(1),6,0.01526773
AE(1),6,-0.03019849
AE(1),6,0.00330685
AE(1),6,0.02152780
AE(1),6,-0.01964609
AE(1),6,0.00735170
AE(1),6,0.00664951
AE(1),6,-0.01252737
AE(1),6,-0.00029092
AE(1),6,-0.05739667
AE(1),6,0.00579103
AE(1),6,0.06093690
AE(1),6,0.01780513
AE(1),6,-0.00057339
AE(1),6,-0.01587003
AE(1),6,-0.00544190
AE(1),6,0.00572103
AE(1),6,-0.00343022
AE(1),6,0.03810027
AE(1),6,0.00289136
AE(1),6,-0.03149222
AE(1),6,-0.00350070
AE(1),6,0.01165714
AE(1),6,-0.06077248
AE(1),6,0.04011030
AE(1),6,0.00277034
AE(1),6,-0.01573051
AE(1),6,0.04656248
AE(1),6,0.01362855
AE(1),6,-0.01075823
AE(1),6,0.00601210
AE(1),6,-0.01447023
AE(1),6,0.02029718
AE(1),6,0.01992546
AE(1),6,0.01903660
AE(1),6,-0.02105342
AE(1),6,0.00439558
AE(1),6,-0.03006001
AE(1),6,-0.00079585
AE(1),6,0.13103283
AE(1),6,0.10209181
AE(1),6,0.09773959
AE(1),6,0.00562479
AE(1),6,-0.00402561
AE(1),6,0.05004176
AE(1),6,-0.02182230
AE(1),6,0.03128418
AE(1),6,-0.00434909
AE(1),6,-0.05098116
AE(1),6,-0.03264118
AE(1),6,0.05540587
AE(1),6,0.01886146
AE(1),6,-0.01524868
AE(1),6,-0.04689278
AE(1),6,-0.02862506
AE(1),6,-0.00524988
AE(1),6,-0.03725812
AE(1),6,0.02815606
AE(1),6,-0.03091979
AE(1),6,0.00290291
AE(1),6,0.05474414
AE(1),6,0.04637449
AE(1),6,0.00412109
AE(1),6,-0.00963124
AE(1),6,-0.05525680
AE(1),6,0.05366879
AE(1),6,0.02439632
AE(1),6,0.03921841
AE(1),6,-0.03436201
AE(1),6,0.01934674
AE(1),6,0.01123788
AE(1),6,-0.01558941
AE(1),6,0.02152095
AE(1),6,0.00404263
AE(1),6,0.01090692
AE(1),6,-0.02999210
AE(1),6,0.04232413
AE(1),6,-0.00426053
AE(1),6,0.03684772
AE(1),6,0.05447217
AE(1),6,-0.03916169
AE(1),6,-0.00479349
AE(1),6,-0.00123333
AE(1),6,0.04039615
AE(1),6,0.01002570
AE(1),6,0.01733868
AE(1),6,0.09098602
AE(1),6,-0.00203588
AE(1),6,0.02130765
AE(1),6,0.00063351
AE(1),6,-0.00594059
AE(1),6,-0.01001468
AE(1),6,-0.02068034
AE(1),6,0.06786216
AE(1),6,-0.01702626
AE(1),6,0.00397101
AE(1),6,0.01934764
AE(1),6,-0.04937615
AE(1),6,0.00779093
AE(1),6,0.00013964
AE(1),6,-0.03408174
AE(1),6,-0.05125259
AE(1),6,-0.02500891
AE(1),6,-0.00684317
AE(1),6,-0.03760321
AE(1),6,-0.03997266
AE(1),6,-0.01393320
AE(1),6,-0.01600872
AE(1),6,0.01314654
AE(1),6,0.02040087
AE(1),6,0.00718414
AE(1),6,-0.06537119
AE(1),6,0.03118797
AE(1),6,-0.04790888
AE(1),6,-0.00782001
AE(1),6,0.01357549
AE(1),6,0.00356914
AE(1),6,0.03480235
AE(1),6,0.05959145
AE(1),6,0.01150228
AE(1),6,-0.03942902
AE(1),6,0.11020544
AE(1),6,-0.01771245
AE(1),6,-0.01640389
AE(1),6,-0.05085175
AE(1),6,-0.04764993
AE(1),6,-0.02246042
AE(1),6,0.02407580
AE(1),6,0.01693091
AE(1),6,0.00876435
AE(1),6,0.03733329
AE(1),6,-0.03000743
AE(1),6,-0.01764364
AE(1),6,0.01167342
AE(1),6,0.03176259
AE(1),6,-0.01568360
AE(1),6,-0.00729369
AE(1),6,0.06366663
AE(1),6,0.04974436
AE(1),6,-0.01480314
AE(1),6,0.01207823
AE(1),6,-0.01437023
AE(1),6,0.00098457
AE(1),6,-0.03326205
AE(1),6,0.06107322
AE(1),6,-0.01874833
AE(1),6,0.02243945
AE(1),6,0.00647954
AE(1),6,-0.00483161
AE(1),6,-0.06956292
AE(1),6,0.01449869
AE(1),6,0.02637147
AE(1),6,-0.02490118
AE(1),6,-0.01172423
AE(1),6,-0.01455326
AE(1),6,-0.00730272
AE(1),6,-0.01416417
AE(1),6,-0.01368107
AE(1),6,-0.00955264
AE(1),7,0.08521629
AE(1),7,0.02058381
AE(1),7,0.07496435
AE(1),7,0.05070662
AE(1),7,0.06205901
AE(1),7,0.08528035
AE(1),7,0.08033593
AE(1),7,0.14994874
AE(1),7,0.03466617
AE(1),7,0.05495501
AE(1),7,0.04417408
AE(1),7,0.07263213
AE(1),7,0.04974939
AE(1),7,0.17064260
AE(1),7,0.08127491
AE(1),7,0.06164945
AE(1),7,0.02355156
AE(1),7,0.07468468
AE(1),7,0.03674378
AE(1),7,0.10005017
AE(1),7,0.06223685
AE(1),7,0.10774665
AE(1),7,0.07157646
AE(1),7,0.01150366
AE(1),7,0.13030535
AE(1),7,0.05881125
AE(1),7,0.10251659
AE(1),7,0.08021146
AE(1),7,0.08846039
AE(1),7,0.03342468
AE(1),7,0.02735677
AE(1),7,0.03393275
AE(1),7,0.07095346
AE(1),7,0.04026945
AE(1),7,0.04581271
AE(1),7,0.09405810
AE(1),7,0.07487458
AE(1),7,0.04181740
AE(1),7,0.09859492
AE(1),7,0.05099115
AE(1),7,0.17462461
AE(1),7,0.04426389
AE(1),7,0.06265707
AE(1),7,0.04331796
AE(1),7,0.09032178
AE(1),7,0.11664871
AE(1),7,0.03960836
AE(1),7,0.13340939
AE(1),7,0.09209024
AE(1),7,0.00631350
AE(1),7,0.01729011
AE(1),7,0.17811521
AE(1),7,0.05458955
AE(1),7,0.06993916
AE(1),7,0.04738987
AE(1),7,0.08007203
AE(1),7,-0.00014365
AE(1),7,0.06175436
AE(1),7,0.03203020
AE(1),7,0.06590416
AE(1),7,0.08906008
AE(1),7,0.06872568
AE(1),7,0.10254872
AE(1),7,0.05011667
AE(1),7,0.08272911
AE(1),7,0.04029996
AE(1),7,0.09167800
AE(1),7,0.04121784
AE(1),7,0.04837370
AE(1),7,0.08269327
AE(1),7,0.05338801
AE(1),7,0.04569899
AE(1),7,0.06429290
AE(1),7,0.06744378
AE(1),7,0.08348793
AE(1),7,0.06487011
AE(1),7,0.04409590
AE(1),7,0.13186727
AE(1),7,0.00428573
AE(1),7,0.12618934
AE(1),7,0.02512901
AE(1),7,0.08877373
AE(1),7,0.09078078
AE(1),7,0.10530647
AE(1),7,0.09980476
AE(1),7,0.05081733
AE(1),7,0.07457317
AE(1),7,0.02553541
AE(1),7,0.05489070
AE(1),7,0.04875433
AE(1),7,0.06486067
AE(1),7,0.07787590
AE(1),7,0.02613252
AE(1),7,0.06103000
AE(1),7,0.06575955
AE(1),7,0.07379240
AE(1),7,0.03364094
AE(1),7,0.03121429
AE(1),7,0.06460238
AE(1),7,0.06635948
AE(1),7,0.06492327
AE(1),7,0.05062822
AE(1),7,0.16260383
AE(1),7,0.04836732
AE(1),7,0.07859097
AE(1),7,0.07210001
AE(1),7,0.05930140
AE(1),7,0.11149467
AE(1),7,0.09597569
AE(1),7,0.08400159
AE(1),7,0.08818122
AE(1),7,0.04991710
AE(1),7,0.03332080
AE(1),7,0.03899669
AE(1),7,0.04294799
AE(1),7,0.05246295
AE(1),7,0.04723131
AE(1),7,0.06003915
AE(1),7,0.03503751
AE(1),7,0.06791459
AE(1),7,0.04369342
AE(1),7,0.05104875
AE(1),7,0.04980159
AE(1),7,0.04208034
AE(1),7,0.05047013
AE(1),7,0.11256833
AE(1),7,0.04792711
AE(1),7,0.05313223
AE(1),7,0.02784319
AE(1),7,0.03958805
AE(1),7,0.04588437
AE(1),7,0.05864662
AE(1),7,0.03050393
AE(1),7,0.07510838
AE(1),7,0.04475280
AE(1),7,0.10362963
AE(1),7,0.10396888
AE(1),7,0.13642124
AE(1),7,0.06525626
AE(1),7,0.11704923
AE(1),7,0.08100894
AE(1),7,0.10469828
AE(1),7,0.07317040
AE(1),7,0.08831114
AE(1),7,0.06557886
AE(1),7,0.02724138
AE(1),7,0.06791658
AE(1),7,0.05732198
AE(1),7,0.07690739
AE(1),7,0.06649349
AE(1),7,0.04416108
AE(1),7,0.07512070
AE(1),7,0.05408652
AE(1),7,0.08204694
AE(1),7,0.09271875
AE(1),7,0.03181995
AE(1),7,0.05839314
AE(1),7,0.05058857
AE(1),7,0.08808214
AE(1),7,0.15350500
AE(1),7,0.10754232
AE(1),7,0.03771667
AE(1),7,0.10259574
AE(1),7,0.27163316
AE(1),7,0.09373401
AE(1),7,0.05536032
AE(1),7,0.03457290
AE(1),7,0.07173823
AE(1),7,0.04529832
AE(1),7,0.11651522
AE(1),7,0.08387660
AE(1),7,0.04251053
AE(1),7,0.07169719
AE(1),7,0.04557732
AE(1),7,0.09392917
AE(1),7,0.04728466
AE(1),7,0.02008991
AE(1),7,0.04790803
AE(1),7,0.04286499
AE(1),7,0.00501593
AE(1),7,0.03021649
AE(1),7,0.05513105
AE(1),7,0.08508381
AE(1),7,0.05967836
AE(1),7,0.05217386
AE(1),7,0.02703797
AE(1),7,0.05523882
AE(1),7,0.05951381
AE(1),7,0.09418127
AE(1),7,0.08747504
AE(1),7,0.02668652
AE(1),7,0.03098855
AE(1),7,0.04493694
AE(1),7,0.08731698
AE(1),7,0.03163754
AE(1),7,0.00003548
AE(1),7,0.05305554
AE(1),7,0.08464297
AE(1),7,0.04406585
AE(1),7,0.06589950
AE(1),7,0.04791606
AE(1),7,0.03046047
AE(1),7,0.05472237
AE(1),7,-0.00911435
AE(1),7,0.03977069
AE(1),7,0.06928723
AE(1),7,0.05089495
AE(1),7,0.14546141
AE(1),7,0.03629647
AE(1),7,0.09933695
AE(1),7,0.05376790
AE(1),7,0.08849084
AE(1),7,0.03682601
AE(1),7,0.04803202
AE(1),7,0.22812283
AE(1),7,0.10232034
AE(1),7,0.09173238
AE(1),7,0.05021760
AE(1),7,0.08558389
AE(1),7,0.04985564
AE(1),7,0.06167386
AE(1),7,0.07952201
AE(1),7,0.07385509
AE(1),7,0.08287447
AE(1),7,0.07290361
AE(1),7,0.06523689
AE(1),7,0.04834120
AE(1),7,0.15862248
AE(1),7,0.04006774
AE(1),7,0.08916869
AE(1),7,0.07284293
AE(1),7,0.05677612
AE(1),7,0.08933983
AE(1),7,0.06386584
AE(1),7,0.06519197
AE(1),7,0.04147927
AE(1),7,0.00957641
AE(1),7,0.09250186
AE(1),7,0.03173338
AE(1),7,0.04901197
AE(1),7,0.02425811
AE(1),7,0.10067907
AE(1),7,0.07030721
AE(1),7,0.06701047
AE(1),7,0.10383178
AE(1),7,0.04015759
AE(1),7,0.04201119
AE(1),7,0.06295536
AE(1),7,0.08632504
AE(1),7,0.10627467
AE(1),7,0.09982013
AE(1),7,0.11887981
AE(1),7,0.03768664
AE(1),7,0.04703027
AE(1),7,0.10264890
AE(1),7,0.10126797
AE(1),7,0.06586923
AE(1),7,0.13138263
AE(1),7,0.06914370
AE(1),7,0.09035413
AE(1),7,0.11262414
AE(1),7,0.06667546
AE(1),7,0.07592123
AE(1),7,0.07839402
AE(1),7,0.05257779
AE(1),7,0.06324122
AE(1),7,0.20236824
AE(1),7,0.06045390
AE(1),7,0.18263625
AE(1),7,0.05562741
AE(1),7,0.07600460
AE(1),7,0.06741428
AE(1),7,0.15754713
AE(1),7,0.08738819
AE(1),7,0.07063559
AE(1),7,0.03755698
AE(1),7,0.12639147
AE(1),7,0.01934319
AE(1),8,0.03519032
AE(1),8,-0.04757330
AE(1),8,-0.11598593
AE(1),8,-0.07828178
AE(1),8,-0.08425582
AE(1),8,0.03420406
AE(1),8,-0.22624862
AE(1),8,0.04487192
AE(1),8,-0.12325931
AE(1),8,0.07045344
AE(1),8,-0.05725657
AE(1),8,-0.05501020
AE(1),8,-0.15731237
AE(1),8,0.01359638
AE(1),8,0.13203907
AE(1),8,-0.21093475
AE(1),8,-0.07050345
AE(1),8,-0.02412199
AE(1),8,-0.06015892
AE(1),8,-0.13498167
AE(1),8,0.02063943
AE(1),8,-0.14477265
AE(1),8,-0.02239487
AE(1),8,-0.06528141
AE(1),8,-0.19909724
AE(1),8,-0.01515627
AE(1),8,0.00220802
AE(1),8,0.00655934
AE(1),8,-0.06379958
AE(1),8,-0.08507385
AE(1),8,-0.14180099
AE(1),8,-0.14001097
AE(1),8,-0.02799332
AE(1),8,-0.00671685
AE(1),8,-0.00625521
AE(1),8,-0.02339987
AE(1),8,-0.06926153
AE(1),8,-0.09515305
AE(1),8,-0.12602263
AE(1),8,0.02005365
AE(1),8,-0.10625323
AE(1),8,-0.15086676
AE(1),8,-0.08641258
AE(1),8,-0.10700646
AE(1),8,-0.17658972
AE(1),8,-0.17381727
AE(1),8,-0.03198973
AE(1),8,-0.10685955
AE(1),8,-0.05198501
AE(1),8,-0.13366077
AE(1),8,0.07030545
AE(1),8,-0.05847293
AE(1),8,-0.13498367
AE(1),8,-0.15601975
AE(1),8,-0.08194435
AE(1),8,-0.23949222
AE(1),8,0.01228518
AE(1),8,-0.20661670
AE(1),8,-0.06472229
AE(1),8,0.09542625
AE(1),8,-0.07885258
AE(1),8,-0.09574985
AE(1),8,-0.04100238
AE(1),8,-0.08926464
AE(1),8,-0.08006957
AE(1),8,-0.07001540
AE(1),8,-0.11344237
AE(1),8,-0.06134836
AE(1),8,-0.11756504
AE(1),8,-0.06561545
AE(1),8,-0.12294089
AE(1),8,-0.19429576
AE(1),8,-0.04272903
AE(1),8,-0.13484323
AE(1),8,-0.07899786
AE(1),8,-0.11144785
AE(1),8,0.01523283
AE(1),8,-0.18260175
AE(1),8,-0.11477226
AE(1),8,-0.11211028
AE(1),8,-0.13183311
AE(1),8,-0.08433363
AE(1),8,-0.07917880
AE(1),8,-0.12878940
AE(1),8,-0.07395521
AE(1),8,-0.12183449
AE(1),8,0.00438711
AE(1),8,-0.16071191
AE(1),8,-0.16631845
AE(1),8,-0.10474069
AE(1),8,-0.11166186
AE(1),8,-0.19078359
AE(1),8,-0.14439538
AE(1),8,-0.14123240
AE(1),8,-0.06275487
AE(1),8,-0.09787146
AE(1),8,-0.02870023
AE(1),8,-0.12773162
AE(1),8,-0.04367039
AE(1),8,-0.04582898
AE(1),8,-0.03618898
AE(1),8,-0.05549439
AE(1),8,-0.03645323
AE(1),8,-0.14502089
AE(1),8,-0.04037598
AE(1),8,-0.10634859
AE(1),8,-0.01525942
AE(1),8,0.02404358
AE(1),8,-0.06465884
AE(1),8,-0.04348796
AE(1),8,-0.11870045
AE(1),8,-0.10498320
AE(1),8,-0.07183872
AE(1),8,-0.08168764
AE(1),8,-0.05323138
AE(1),8,-0.02356899
AE(1),8,-0.06853102
AE(1),8,-0.06321514
AE(1),8,-0.02438069
AE(1),8,-0.05862206
AE(1),8,0.11432586
AE(1),8,-0.03309885
AE(1),8,-0.08229152
AE(1),8,-0.08215723
AE(1),8,-0.13132271
AE(1),8,-0.10622799
AE(1),8,-0.09996802
AE(1),8,-0.00496659
AE(1),8,-0.10540756
AE(1),8,-0.02838540
AE(1),8,-0.07864547
AE(1),8,-0.11428585
AE(1),8,-0.02145199
AE(1),8,-0.12839857
AE(1),8,-0.05281567
AE(1),8,-0.07690004
AE(1),8,-0.13554203
AE(1),8,-0.08519843
AE(1),8,-0.03935442
AE(1),8,-0.06529211
AE(1),8,-0.04968556
AE(1),8,-0.08094941
AE(1),8,-0.01707185
AE(1),8,-0.10300434
AE(1),8,-0.02982786
AE(1),8,0.00297153
AE(1),8,-0.09608236
AE(1),8,-0.08631103
AE(1),8,-0.13147687
AE(1),8,-0.09665038
AE(1),8,-0.12448842
AE(1),8,0.00728743
AE(1),8,-0.07753670
AE(1),8,-0.05541844
AE(1),8,-0.06064357
AE(1),8,-0.16973540
AE(1),8,0.00260988
AE(1),8,-0.06882081
AE(1),8,0.04774303
AE(1),8,-0.06968493
AE(1),8,-0.06990423
AE(1),8,-0.11406057
AE(1),8,0.10560588
AE(1),8,0.08115564
AE(1),8,-0.08094718
AE(1),8,-0.15884364
AE(1),8,-0.16357674
AE(1),8,-0.17595841
AE(1),8,-0.04439910
AE(1),8,-0.14106101
AE(1),8,-0.01301430
AE(1),8,-0.06449425
AE(1),8,-0.05165364
AE(1),8,-0.10613096
AE(1),8,-0.12240497
AE(1),8,-0.16782858
AE(1),8,-0.13343551
AE(1),8,-0.21003154
AE(1),8,-0.22732623
AE(1),8,-0.08125742
AE(1),8,-0.11088021
AE(1),8,-0.08462074
AE(1),8,-0.13558087
AE(1),8,-0.16357776
AE(1),8,-0.06430726
AE(1),8,-0.09200570
AE(1),8,-0.05193130
AE(1),8,-0.01985571
AE(1),8,-0.14216405
AE(1),8,-0.05689527
AE(1),8,-0.12740995
AE(1),8,-0.05586033
AE(1),8,-0.10469398
AE(1),8,-0.10939345
AE(1),8,-0.01347116
AE(1),8,-0.08358246
AE(1),8,-0.06136516
AE(1),8,0.05234581
AE(1),8,-0.06879035
AE(1),8,-0.08508584
AE(1),8,0.04879160
AE(1),8,-0.09950031
AE(1),8,-0.12471924
AE(1),8,-0.06285227
AE(1),8,-0.04297646
AE(1),8,-0.16095233
AE(1),8,-0.08642156
AE(1),8,-0.02610383
AE(1),8,-0.10132689
AE(1),8,0.04101352
AE(1),8,-0.05659747
AE(1),8,-0.10237701
AE(1),8,-0.08425636
AE(1),8,-0.07386266
AE(1),8,-0.01055954
AE(1),8,-0.05951172
AE(1),8,-0.08681155
AE(1),8,-0.06810342
AE(1),8,-0.14077243
AE(1),8,-0.00949910
AE(1),8,-0.02775112
AE(1),8,-0.12672748
AE(1),8,-0.10863937
AE(1),8,-0.07519011
AE(1),8,-0.15629409
AE(1),8,-0.10921203
AE(1),8,-0.13128034
AE(1),8,-0.13332814
AE(1),8,0.00729214
AE(1),8,-0.16033996
AE(1),8,-0.13656172
AE(1),8,-0.12605355
AE(1),8,-0.02628825
AE(1),8,-0.06131462
AE(1),8,-0.04192978
AE(1),8,-0.05203739
AE(1),8,-0.13130852
AE(1),8,-0.07140266
AE(1),8,-0.15054939
AE(1),8,-0.08706292
AE(1),8,-0.10204412
AE(1),8,-0.07351498
AE(1),8,-0.00598695
AE(1),8,-0.04336404
AE(1),8,-0.07552521
AE(1),8,-0.04154631
AE(1),8,-0.08653385
AE(1),8,0.01952877
AE(1),8,-0.14181871
AE(1),8,-0.08749172
AE(1),8,-0.08538187
AE(1),8,-0.07952530
AE(1),8,-0.05462126
AE(1),8,-0.12472881
AE(1),8,-0.11426634
AE(1),8,-0.15773710
AE(1),8,-0.04622640
AE(1),8,-0.18347313
AE(1),8,-0.09629736
AE(1),8,-0.15322333
AE(1),8,-0.10105049
AE(1),8,-0.18483236
AE(1),8,-0.00999888
AE(1),8,-0.04284186
AE(1),8,-0.00422364
AE(1),8,-0.05909435
AE(1),8,-0.12358109
AE(1),8,0.02795060
AE(1),8,-0.04016745
AE(1),8,-0.00860546
AE(1),8,-0.04087840
AE(1),8,-0.14384716
AE(1),8,-0.12111603
AE(1),8,-0.02723843
AE(1),8,-0.02478049
AE(1),8,-0.13449663
AE(1),8,-0.23809692
AE(1),8,-0.05664282
AE(1),8,-0.19085585
AE(1),8,-0.04709863
AE(1),8,0.00589533
AE(1),8,-0.17529887
AE(1),8,-0.11716886
AE(1),8,-0.02604443
AE(1),8,-0.04017392
AE(1),8,0.03198304
AE(1),8,-0.14519801
AE(1),8,-0.01458499
AE(1),9,-0.07557073
AE(1),9,-0.01207947
AE(1),9,-0.10625598
AE(1),9,-0.05494419
AE(1),9,-0.01930294
AE(1),9,-0.00283342
AE(1),9,-0.03469205
AE(1),9,-0.03158081
AE(1),9,-0.10259200
AE(1),9,-0.07977632
AE(1),9,-0.06284165
AE(1),9,0.02066178
AE(1),9,-0.08757342
AE(1),9,-0.08687526
AE(1),9,0.06180730
AE(1),9,-0.15770773
AE(1),9,-0.07631337
AE(1),9,-0.02454074
AE(1),9,0.00673814
AE(1),9,-0.05373326
AE(1),9,-0.00470840
AE(1),9,0.00172491
AE(1),9,-0.04587351
AE(1),9,-0.10893981
AE(1),9,-0.05903398
AE(1),9,-0.01347889
AE(1),9,-0.05896833
AE(1),9,-0.02705726
AE(1),9,-0.04262204
AE(1),9,-0.08816062
AE(1),9,-0.07183980
AE(1),9,-0.01806719
AE(1),9,-0.05227194
AE(1),9,-0.12123025
AE(1),9,-0.00607751
AE(1),9,0.04987904
AE(1),9,-0.08281248
AE(1),9,-0.02051866
AE(1),9,0.07307399
AE(1),9,-0.06521136
AE(1),9,-0.04413762
AE(1),9,0.00056805
AE(1),9,-0.04018509
AE(1),9,0.00581833
AE(1),9,-0.05299481
AE(1),9,-0.04955644
AE(1),9,0.01565733
AE(1),9,0.03407435
AE(1),9,-0.01243680
AE(1),9,-0.07417950
AE(1),9,0.04345939
AE(1),9,-0.18046156
AE(1),9,-0.02350218
AE(1),9,-0.00852615
AE(1),9,0.00312416
AE(1),9,0.00541391
AE(1),9,-0.03542302
AE(1),9,-0.12276375
AE(1),9,-0.02594478
AE(1),9,-0.07202296
AE(1),9,-0.07757425
AE(1),9,-0.01501516
AE(1),9,-0.01425232
AE(1),9,-0.04301821
AE(1),9,0.02772936
AE(1),9,-0.18797731
AE(1),9,-0.01010316
AE(1),9,0.01781479
AE(1),9,-0.03850532
AE(1),9,-0.03505040
AE(1),9,0.02077885
AE(1),9,-0.04478160
AE(1),9,-0.06996109
AE(1),9,-0.03685359
AE(1),9,-0.05103929
AE(1),9,-0.03035790
AE(1),9,-0.07612941
AE(1),9,-0.04387248
AE(1),9,-0.06978401
AE(1),9,-0.02095440
AE(1),9,-0.10081390
AE(1),9,-0.00783813
AE(1),9,0.00786746
AE(1),9,-0.02410382
AE(1),9,-0.11025737
AE(1),9,-0.03245015
AE(1),9,-0.04174493
AE(1),9,-0.15062666
AE(1),9,-0.03346314
AE(1),9,-0.08736305
AE(1),9,-0.02603409
AE(1),9,-0.01617374
AE(1),9,-0.08372586
AE(1),9,-0.05111601
AE(1),9,-0.03978275
AE(1),9,-0.00625519
AE(1),9,-0.12805540
AE(1),9,-0.05149079
AE(1),9,-0.12975049
AE(1),9,-0.05343381
AE(1),9,-0.01262941
AE(1),9,-0.06425858
AE(1),9,-0.01456984
AE(1),9,-0.00081271
AE(1),9,-0.05138730
AE(1),9,0.01011854
AE(1),9,-0.05251675
AE(1),9,-0.00019769
AE(1),9,-0.01702644
AE(1),9,-0.10063892
AE(1),9,-0.03780774
AE(1),9,0.00037040
AE(1),9,0.01057277
AE(1),9,-0.01579483
AE(1),9,-0.01269102
AE(1),9,0.00260289
AE(1),9,-0.03853413
AE(1),9,-0.06090807
AE(1),9,-0.00987113
AE(1),9,0.02538961
AE(1),9,-0.01810255
AE(1),9,-0.00663863
AE(1),9,-0.17372421
AE(1),9,-0.02187652
AE(1),9,0.00654738
AE(1),9,-0.03236420
AE(1),9,0.01930182
AE(1),9,-0.00281692
AE(1),9,0.05257811
AE(1),9,-0.01541410
AE(1),9,-0.06212561
AE(1),9,0.00094988
AE(1),9,-0.10773627
AE(1),9,-0.03707616
AE(1),9,0.01389129
AE(1),9,0.03037015
AE(1),9,-0.12383014
AE(1),9,-0.03301647
AE(1),9,-0.03240366
AE(1),9,0.00051712
AE(1),9,-0.06776491
AE(1),9,-0.01304973
AE(1),9,-0.04161698
AE(1),9,-0.07645791
AE(1),9,-0.07388058
AE(1),9,-0.19630770
AE(1),9,0.01055207
AE(1),9,-0.07305850
AE(1),9,-0.14699667
AE(1),9,-0.09236875
AE(1),9,-0.10677544
AE(1),9,-0.08938721
AE(1),9,-0.05267186
AE(1),9,-0.14094214
AE(1),9,-0.16315672
AE(1),9,0.01906241
AE(1),9,-0.06244828
AE(1),9,-0.13527782
AE(1),9,-0.04591808
AE(1),9,-0.06498617
AE(1),9,-0.00592442
AE(1),9,-0.02878461
AE(1),9,0.03411498
AE(1),9,-0.06673697
AE(1),9,-0.11044014
AE(1),9,-0.02388363
AE(1),9,-0.19890143
AE(1),9,-0.13185365
AE(1),9,-0.10612144
AE(1),9,-0.02593117
AE(1),9,-0.06551791
AE(1),9,-0.05785794
AE(1),9,-0.04638783
AE(1),9,-0.01205856
AE(1),9,-0.15498720
AE(1),9,-0.10471108
AE(1),9,-0.07491928
AE(1),9,-0.12381069
AE(1),9,-0.06461283
AE(1),9,-0.00932134
AE(1),9,-0.17304928
AE(1),9,0.01324225
AE(1),9,-0.03965812
AE(1),9,-0.06349255
AE(1),9,-0.01956063
AE(1),9,-0.06059200
AE(1),9,0.00934407
AE(1),9,0.01521538
AE(1),9,-0.08364982
AE(1),9,-0.07631178
AE(1),9,-0.03050738
AE(1),9,-0.09878770
AE(1),9,-0.02906556
AE(1),9,0.01159598
AE(1),9,-0.17152025
AE(1),9,-0.01332811
AE(1),9,-0.16769124
AE(1),9,-0.09519119
AE(1),9,-0.06823105
AE(1),9,-0.01837124
AE(1),9,-0.04275585
AE(1),9,-0.06663120
AE(1),9,-0.00280640
AE(1),9,0.00833170
AE(1),9,-0.01211001
AE(1),9,-0.06611445
AE(1),9,0.01102909
AE(1),9,-0.14684072
AE(1),9,-0.05207638
AE(1),9,-0.10956608
AE(1),9,-0.05548957
AE(1),9,-0.05610423
AE(1),9,-0.03427941
AE(1),9,-0.04285758
AE(1),9,-0.06962638
AE(1),9,-0.06502290
AE(1),9,-0.01106937
AE(1),9,-0.01426680
AE(1),9,-0.07995082
AE(1),9,-0.02855967
AE(1),9,-0.04444548
AE(1),9,0.00175833
AE(1),9,-0.01515117
AE(1),9,0.04539156
AE(1),9,0.00804321
AE(1),9,-0.06137610
AE(1),9,-0.01428635
AE(1),9,0.02548617
AE(1),9,-0.02305391
AE(1),9,-0.08706551
AE(1),9,-0.03896827
AE(1),9,-0.04865559
AE(1),9,0.01541003
AE(1),9,0.00158930
AE(1),9,-0.03667477
AE(1),9,-0.07096877
AE(1),9,-0.03798010
AE(1),9,-0.00571729
AE(1),9,0.00270365
AE(1),9,-0.06512327
AE(1),9,-0.01753687
AE(1),9,0.00505071
AE(1),9,-0.04046508
AE(1),9,-0.03629174
AE(1),9,-0.08892671
AE(1),9,-0.01605715
AE(1),9,-0.02258442
AE(1),9,-0.06459708
AE(1),9,-0.05405062
AE(1),9,-0.08542373
AE(1),9,0.01686699
AE(1),9,-0.07205756
AE(1),9,-0.00253074
AE(1),9,-0.09363820
AE(1),9,-0.13505072
AE(1),9,-0.13300763
AE(1),9,-0.00887854
AE(1),9,-0.00972265
AE(1),9,-0.08832850
AE(1),9,-0.07187259
AE(1),9,-0.09149351
AE(1),9,-0.11759847
AE(1),9,-0.09936089
AE(1),9,-0.05711784
AE(1),9,-0.03077380
AE(1),9,-0.07520880
AE(1),9,-0.05275248
AE(1),9,-0.03990482
AE(1),9,-0.05965159
AE(1),9,-0.11993252
AE(1),9,-0.04950394
AE(1),9,-0.05775827
AE(1),9,-0.03729490
AE(1),9,-0.09292513
AE(1),9,-0.09732992
AE(1),9,0.02918276
AE(1),9,-0.04622050
AE(1),9,-0.00266910
AE(1),9,-0.06929841
AE(1),9,-0.04255260
AE(1),9,-0.05328393
AE(1),9,-0.06197685
AE(1),9,-0.07783165
AE(1),9,0.00507950
AE(1),9,0.00013120
AE(1),9,-0.14459019
AE(1),9,-0.10192212
AE(1),9,-0.03595168
AE(1),9,-0.00499494
AE(1),9,-0.10082436
AE(1),9,-0.09980518
AE(1),9,-0.12600726
AE(1),9,-0.02716744
AE(1),9,-0.03261761
AE(1),9,-0.02298048
AE(1),9,-0.00096106
AE(1),10,0.10314334
AE(1),10,-0.02764431
AE(1),10,-0.00708515
AE(1),10,0.00038532
AE(1),10,0.18224008
AE(1),10,-0.05008611
AE(1),10,-0.03534044
AE(1),10,-0.05482292
AE(1),10,-0.02938190
AE(1),10,-0.01290848
AE(1),10,-0.04252748
AE(1),10,-0.05981806
AE(1),10,-0.06185528
AE(1),10,0.00705349
AE(1),10,-0.00812793
AE(1),10,0.03365883
AE(1),10,0.00247166
AE(1),10,-0.02698086
AE(1),10,0.04280624
AE(1),10,-0.00737596
AE(1),10,-0.00138594
AE(1),10,0.01222546
AE(1),10,-0.02839103
AE(1),10,0.01323176
AE(1),10,-0.01950523
AE(1),10,-0.01556422
AE(1),10,0.02969679
AE(1),10,0.01676797
AE(1),10,0.01688768
AE(1),10,0.00883652
AE(1),10,0.01834721
AE(1),10,0.01903458
AE(1),10,0.02813582
AE(1),10,0.10026835
AE(1),10,0.01989467
AE(1),10,0.01412217
AE(1),10,0.00729229
AE(1),10,-0.00935047
AE(1),10,-0.01536942
AE(1),10,-0.09882108
AE(1),10,-0.01009346
AE(1),10,-0.00207276
AE(1),10,0.00283711
AE(1),10,-0.02737480
AE(1),10,0.01392054
AE(1),10,-0.01816434
AE(1),10,0.02561606
AE(1),10,-0.08162342
AE(1),10,0.02994049
AE(1),10,0.01581364
AE(1),10,0.03508200
AE(1),10,0.03829593
AE(1),10,-0.01786196
AE(1),10,0.00815529
AE(1),10,-0.00885393
AE(1),10,-0.02405789
AE(1),10,0.02620072
AE(1),10,-0.05345938
AE(1),10,0.03984366
AE(1),10,0.03524200
AE(1),10,0.02481419
AE(1),10,-0.01890769
AE(1),10,-0.02009005
AE(1),10,-0.00633571
AE(1),10,0.09066601
AE(1),10,-0.02576664
AE(1),10,-0.00282354
AE(1),10,0.02755270
AE(1),10,0.08249170
AE(1),10,-0.01703481
AE(1),10,-0.02904111
AE(1),10,0.03970626
AE(1),10,-0.00573503
AE(1),10,-0.02734905
AE(1),10,0.03277462
AE(1),10,0.00402249
AE(1),10,0.00996873
AE(1),10,-0.00112988
AE(1),10,-0.01960381
AE(1),10,-0.01640359
AE(1),10,0.00363966
AE(1),10,-0.04825767
AE(1),10,0.00386203
AE(1),10,-0.02552435
AE(1),10,-0.00654276
AE(1),10,0.01490726
AE(1),10,0.07383450
AE(1),10,0.05833607
AE(1),10,0.02075506
AE(1),10,0.02243458
AE(1),10,0.04093719
AE(1),10,0.09934245
AE(1),10,0.01181563
AE(1),10,-0.03260442
AE(1),10,0.00583452
AE(1),10,0.01738960
AE(1),10,-0.03377766
AE(1),10,-0.05151775
AE(1),10,-0.03228848
AE(1),10,0.01400699
AE(1),10,0.00241567
AE(1),10,0.01892870
AE(1),10,0.02203406
AE(1),10,0.01567405
AE(1),10,-0.02096827
AE(1),10,0.01535866
AE(1),10,0.03168619
AE(1),10,0.03358163
AE(1),10,0.04902811
AE(1),10,0.00813375
AE(1),10,0.01127197
AE(1),10,0.06083724
AE(1),10,0.02832567
AE(1),10,0.01879018
AE(1),10,0.03065430
AE(1),10,0.04305572
AE(1),10,0.03735785
AE(1),10,0.03151978
AE(1),10,0.01417506
AE(1),10,0.04585111
AE(1),10,0.07214380
AE(1),10,0.03702113
AE(1),10,0.07787504
AE(1),10,0.05143314
AE(1),10,0.04908475
AE(1),10,0.00744064
AE(1),10,0.01506171
AE(1),10,0.04713323
AE(1),10,-0.05241312
AE(1),10,0.01569166
AE(1),10,-0.02427218
AE(1),10,-0.04136904
AE(1),10,0.04926425
AE(1),10,0.02512931
AE(1),10,0.03968897
AE(1),10,0.05001927
AE(1),10,0.08000895
AE(1),10,-0.02229169
AE(1),10,-0.03844849
AE(1),10,0.02278261
AE(1),10,-0.03877256
AE(1),10,0.02083117
AE(1),10,0.04703151
AE(1),10,-0.02432137
AE(1),10,-0.00596519
AE(1),10,0.00093043
AE(1),10,0.00985303
AE(1),10,0.03102525
AE(1),10,0.03654905
AE(1),10,-0.02927292
AE(1),10,-0.00523321
AE(1),10,0.01648573
AE(1),10,-0.07111840
AE(1),10,0.11489098
AE(1),10,-0.00609260
AE(1),10,-0.01869426
AE(1),10,0.02538448
AE(1),10,-0.01890658
AE(1),10,-0.02577461
AE(1),10,0.00960028
AE(1),10,-0.01064359
AE(1),10,0.03104492
AE(1),10,0.00894403
AE(1),10,-0.08340515
AE(1),10,-0.05551556
AE(1),10,-0.08987073
AE(1),10,0.14324303
AE(1),10,-0.03020204
AE(1),10,0.00061875
AE(1),10,-0.01255379
AE(1),10,-0.01819500
AE(1),10,-0.06054104
AE(1),10,0.01759622
AE(1),10,0.00894396
AE(1),10,0.03126233
AE(1),10,-0.01720287
AE(1),10,0.03264059
AE(1),10,-0.03144896
AE(1),10,-0.02938643
AE(1),10,0.01031971
AE(1),10,0.02274120
AE(1),10,-0.07627005
AE(1),10,-0.05079975
AE(1),10,-0.00183183
AE(1),10,-0.03677746
AE(1),10,0.03053525
AE(1),10,-0.00469593
AE(1),10,0.02001471
AE(1),10,-0.00001745
AE(1),10,-0.02488584
AE(1),10,-0.00524577
AE(1),10,0.00940917
AE(1),10,-0.03635712
AE(1),10,-0.03783571
AE(1),10,-0.05874858
AE(1),10,-0.00847276
AE(1),10,0.00513622
AE(1),10,0.02605011
AE(1),10,0.00240182
AE(1),10,0.00758428
AE(1),10,-0.07382838
AE(1),10,-0.02745938
AE(1),10,0.03998630
AE(1),10,-0.07225486
AE(1),10,-0.00940555
AE(1),10,-0.00509411
AE(1),10,-0.05630141
AE(1),10,-0.04502610
AE(1),10,0.04988066
AE(1),10,-0.02865316
AE(1),10,-0.01456273
AE(1),10,-0.03363491
AE(1),10,0.01485999
AE(1),10,0.00742992
AE(1),10,-0.00844263
AE(1),10,0.00906735
AE(1),10,-0.05311182
AE(1),10,-0.03662488
AE(1),10,-0.05682974
AE(1),10,-0.00926903
AE(1),10,0.00319364
AE(1),10,-0.01633936
AE(1),10,-0.04340740
AE(1),10,-0.07489526
AE(1),10,-0.00969113
AE(1),10,-0.01801839
AE(1),10,-0.00415045
AE(1),10,-0.07267628
AE(1),10,-0.05720390
AE(1),10,-0.02745725
AE(1),10,-0.00945202
AE(1),10,-0.07446270
AE(1),10,-0.05481134
AE(1),10,-0.06785723
AE(1),10,-0.02820517
AE(1),10,-0.01626710
AE(1),10,-0.01035619
AE(1),10,-0.04273546
AE(1),10,0.04975812
AE(1),10,-0.00903808
AE(1),10,-0.09114358
AE(1),10,-0.03062868
AE(1),10,-0.01102830
AE(1),10,0.01030862
AE(1),10,0.00601860
AE(1),10,-0.02836137
AE(1),10,0.05729555
AE(1),10,0.01587848
AE(1),10,-0.00344925
AE(1),10,-0.02627002
AE(1),10,0.07553135
AE(1),10,-0.02929675
AE(1),10,-0.01423288
AE(1),10,-0.01417318
AE(1),10,-0.01191786
AE(1),10,-0.02621292
AE(1),10,0.03694328
AE(1),10,-0.02514232
AE(1),10,0.01242070
AE(1),10,-0.06120750
AE(1),10,0.01595701
AE(1),10,0.06919388
AE(1),10,-0.00442287
AE(1),10,-0.00596611
AE(1),10,-0.00262923
AE(1),10,-0.00212202
AE(1),10,0.02065656
AE(1),10,0.03019712
AE(1),10,0.07912777
AE(1),10,-0.02004077
AE(1),10,-0.04296756
AE(1),10,-0.03416051
AE(1),10,0.03497206
AE(1),10,-0.02742362
AE(1),10,-0.02501752
AE(1),10,-0.00072066
AE(1),10,-0.00890913
AE(1),10,-0.03759658
AE(1),10,-0.02230541
AE(1),10,0.00752296
AE(1),10,0.07038669
AE(1),10,-0.04155530
AE(1),10,-0.01555737
AE(1),10,-0.00854572
AE(1),10,-0.02887086
AE(1),10,-0.00310229
AE(1),10,-0.01847582
AE(1),10,0.02306116
AE(1),10,0.07614765
AE(1),10,-0.01821723
AE(1),10,-0.01293517
AE(1),10,-0.07640664
AE(1),10,-0.05404686
AE(1),10,-0.01614070
AE(1),10,0.04198860
AE(1),10,-0.06991895
AE(1),10,0.04088998
AE(1),10,-0.06613741
AE(1),10,-0.04601767
AE(1),11,-0.12241515
AE(1),11,-0.05569554
AE(1),11,-0.10497402
AE(1),11,-0.06768768
AE(1),11,-0.05761423
AE(1),11,-0.05399258
AE(1),11,-0.03738817
AE(1),11,-0.01778403
AE(1),11,-0.05823667
AE(1),11,-0.06414646
AE(1),11,-0.12850978
AE(1),11,0.00288019
AE(1),11,-0.12508217
AE(1),11,-0.04344428
AE(1),11,-0.06861519
AE(1),11,-0.09803637
AE(1),11,-0.00266924
AE(1),11,-0.07841545
AE(1),11,-0.07771244
AE(1),11,-0.00916295
AE(1),11,-0.02286404
AE(1),11,-0.04016746
AE(1),11,-0.05202487
AE(1),11,-0.07305173
AE(1),11,-0.03128009
AE(1),11,-0.05476973
AE(1),11,-0.04067390
AE(1),11,-0.03579641
AE(1),11,-0.01053736
AE(1),11,-0.04814139
AE(1),11,-0.05345113
AE(1),11,-0.09065039
AE(1),11,0.12995623
AE(1),11,-0.01304292
AE(1),11,-0.04814296
AE(1),11,-0.03718889
AE(1),11,-0.02535685
AE(1),11,-0.00828239
AE(1),11,-0.02306762
AE(1),11,-0.07311495
AE(1),11,-0.05945729
AE(1),11,-0.01488841
AE(1),11,-0.07216355
AE(1),11,-0.06394860
AE(1),11,-0.05568841
AE(1),11,-0.05648857
AE(1),11,-0.06480343
AE(1),11,-0.10112563
AE(1),11,-0.04295501
AE(1),11,-0.04737254
AE(1),11,-0.06164113
AE(1),11,-0.13385041
AE(1),11,-0.09588490
AE(1),11,-0.07153841
AE(1),11,-0.03237240
AE(1),11,-0.11661255
AE(1),11,-0.08492979
AE(1),11,-0.05643364
AE(1),11,-0.08131156
AE(1),11,-0.04377741
AE(1),11,-0.06087466
AE(1),11,-0.05322138
AE(1),11,-0.09025751
AE(1),11,-0.03441717
AE(1),11,-0.03656862
AE(1),11,-0.05620136
AE(1),11,-0.05091960
AE(1),11,-0.06864633
AE(1),11,-0.05901363
AE(1),11,-0.05364882
AE(1),11,-0.05529380
AE(1),11,-0.07182246
AE(1),11,-0.03148261
AE(1),11,-0.07236343
AE(1),11,0.02714320
AE(1),11,-0.00154983
AE(1),11,-0.06174801
AE(1),11,-0.04147805
AE(1),11,-0.06521392
AE(1),11,-0.08653514
AE(1),11,-0.05967686
AE(1),11,-0.06067732
AE(1),11,-0.07552072
AE(1),11,-0.01557338
AE(1),11,-0.04491242
AE(1),11,-0.07346815
AE(1),11,-0.03828282
AE(1),11,-0.02310297
AE(1),11,-0.03117014
AE(1),11,-0.05520351
AE(1),11,-0.03660146
AE(1),11,0.00857338
AE(1),11,-0.05272981
AE(1),11,-0.09164089
AE(1),11,-0.11222895
AE(1),11,-0.04542464
AE(1),11,-0.09553022
AE(1),11,-0.04738051
AE(1),11,-0.10795615
AE(1),11,-0.01059681
AE(1),11,-0.07681389
AE(1),11,-0.04047181
AE(1),11,0.00246884
AE(1),11,-0.00594946
AE(1),11,0.00486583
AE(1),11,-0.02004633
AE(1),11,-0.11337720
AE(1),11,-0.02684465
AE(1),11,-0.07321011
AE(1),11,-0.13295194
AE(1),11,-0.05335594
AE(1),11,-0.04878997
AE(1),11,-0.00054497
AE(1),11,-0.04184759
AE(1),11,-0.01448444
AE(1),11,-0.03380522
AE(1),11,-0.02348971
AE(1),11,-0.13752217
AE(1),11,0.00825021
AE(1),11,-0.02835137
AE(1),11,-0.03350058
AE(1),11,-0.02084512
AE(1),11,-0.04617135
AE(1),11,-0.10098160
AE(1),11,-0.01957129
AE(1),11,-0.02381239
AE(1),11,0.00102080
AE(1),11,-0.02550134
AE(1),11,-0.02078516
AE(1),11,-0.03325584
AE(1),11,-0.09938280
AE(1),11,-0.03911838
AE(1),11,-0.00561008
AE(1),11,-0.05331529
AE(1),11,0.00921316
AE(1),11,0.02901289
AE(1),11,-0.08573994
AE(1),11,-0.00091506
AE(1),11,-0.04501935
AE(1),11,0.00436451
AE(1),11,-0.03505851
AE(1),11,-0.03070722
AE(1),11,-0.08342730
AE(1),11,-0.06520348
AE(1),11,-0.01493437
AE(1),11,0.01899540
AE(1),11,-0.03549365
AE(1),11,-0.02651633
AE(1),11,-0.03350890
AE(1),11,-0.04394609
AE(1),11,-0.02228422
AE(1),11,-0.07092456
AE(1),11,-0.06415568
AE(1),11,-0.05596055
AE(1),11,-0.17303828
AE(1),11,-0.06192767
AE(1),11,-0.06106168
AE(1),11,-0.09512045
AE(1),11,-0.06974355
AE(1),11,-0.00606875
AE(1),11,-0.05006586
AE(1),11,0.04117483
AE(1),11,-0.12057492
AE(1),11,-0.02346028
AE(1),11,-0.06546574
AE(1),11,-0.01865108
AE(1),11,-0.08148676
AE(1),11,-0.06295358
AE(1),11,-0.01392821
AE(1),11,-0.08449278
AE(1),11,-0.06752223
AE(1),11,-0.06098916
AE(1),11,-0.10576068
AE(1),11,-0.09519486
AE(1),11,-0.06501040
AE(1),11,-0.05950746
AE(1),11,-0.09036527
AE(1),11,-0.11069757
AE(1),11,-0.05762978
AE(1),11,-0.07175074
AE(1),11,-0.07443742
AE(1),11,-0.12343592
AE(1),11,-0.04904466
AE(1),11,-0.02361257
AE(1),11,-0.08166439
AE(1),11,-0.04230946
AE(1),11,-0.05352310
AE(1),11,-0.10072659
AE(1),11,-0.07853073
AE(1),11,-0.07457999
AE(1),11,-0.07107230
AE(1),11,-0.04910536
AE(1),11,-0.02482915
AE(1),11,-0.02046509
AE(1),11,-0.04853016
AE(1),11,-0.08715989
AE(1),11,-0.03260169
AE(1),11,-0.05007461
AE(1),11,-0.10579223
AE(1),11,-0.09058055
AE(1),11,0.02274303
AE(1),11,-0.06522755
AE(1),11,-0.00842622
AE(1),11,-0.07146607
AE(1),11,-0.09522572
AE(1),11,-0.10028800
AE(1),11,-0.00717343
AE(1),11,-0.08357121
AE(1),11,-0.02440698
AE(1),11,-0.02414112
AE(1),11,-0.07514762
AE(1),11,-0.03695077
AE(1),11,-0.07324442
AE(1),11,-0.04802394
AE(1),11,-0.02506598
AE(1),11,-0.04791049
AE(1),11,-0.05933103
AE(1),11,-0.03423776
AE(1),11,-0.04667561
AE(1),11,-0.07291341
AE(1),11,-0.05235610
AE(1),11,-0.00367989
AE(1),11,-0.06364430
AE(1),11,-0.01199558
AE(1),11,-0.01116063
AE(1),11,-0.10082434
AE(1),11,-0.04422288
AE(1),11,-0.09212874
AE(1),11,-0.08066158
AE(1),11,-0.06217834
AE(1),11,-0.09632594
AE(1),11,-0.04657676
AE(1),11,0.01267528
AE(1),11,-0.13788831
AE(1),11,-0.05629717
AE(1),11,-0.07315312
AE(1),11,-0.05595151
AE(1),11,0.00245474
AE(1),11,0.02755662
AE(1),11,-0.09138799
AE(1),11,-0.00580900
AE(1),11,-0.07428700
AE(1),11,-0.04608274
AE(1),11,-0.04938125
AE(1),11,-0.06028020
AE(1),11,-0.01134792
AE(1),11,-0.01552824
AE(1),11,-0.07719116
AE(1),11,-0.05379071
AE(1),11,-0.05420115
AE(1),11,-0.01376100
AE(1),11,-0.03344571
AE(1),11,0.00794045
AE(1),11,-0.06300520
AE(1),11,-0.06094534
AE(1),11,-0.03812917
AE(1),11,-0.00746686
AE(1),11,-0.01778209
AE(1),11,-0.03115001
AE(1),11,-0.05550342
AE(1),11,-0.06258566
AE(1),11,-0.08046438
AE(1),11,-0.08449701
AE(1),11,-0.01463013
AE(1),11,-0.05074126
AE(1),11,-0.00456468
AE(1),11,-0.02261773
AE(1),11,-0.08191558
AE(1),11,-0.01083862
AE(1),11,-0.06256154
AE(1),11,-0.06139159
AE(1),11,-0.05728377
AE(1),11,-0.09162631
AE(1),11,-0.08577945
AE(1),11,-0.06540737
AE(1),11,-0.07741935
AE(1),11,-0.02721294
AE(1),11,-0.04801583
AE(1),11,-0.10046923
AE(1),11,-0.10910681
AE(1),11,-0.03355111
AE(1),11,-0.05206850
AE(1),11,-0.08130244
AE(1),11,-0.11674677
AE(1),11,-0.14696687
AE(1),11,-0.10442130
AE(1),11,-0.01302941
AE(1),11,-0.03546337
AE(1),11,-0.11857229
AE(1),11,-0.05365893
AE(1),11,-0.09234374
AE(1),11,-0.07810219
AE(1),11,-0.05014102
AE(1),11,-0.10725361
AE(1),11,-0.08369006
AE(1),11,-0.08695994
AE(1),11,-0.07075920
AE(1),11,-0.03417203
AE(1),11,-0.03051277
AE(1),11,-0.07939560
AE(1),11,-0.02354155
AE(1),11,-0.08418243
AE(1),11,-0.09940995
AE(1),11,-0.03423669
AE(1),12,-0.02068641
AE(1),12,-0.03386526
AE(1),12,0.10447124
AE(1),12,-0.06351913
AE(1),12,0.03415762
AE(1),12,-0.06194661
AE(1),12,0.00655780
AE(1),12,-0.03368330
AE(1),12,-0.02291462
AE(1),12,0.03344177
AE(1),12,-0.05589273
AE(1),12,-0.00088191
AE(1),12,-0.03120220
AE(1),12,0.05042416
AE(1),12,-0.02867555
AE(1),12,0.00610610
AE(1),12,0.00149134
AE(1),12,0.09877908
AE(1),12,-0.05727765
AE(1),12,0.01735768
AE(1),12,0.00998883
AE(1),12,-0.00097405
AE(1),12,-0.02719616
AE(1),12,-0.07703833
AE(1),12,-0.11682560
AE(1),12,-0.03220380
AE(1),12,-0.07303107
AE(1),12,-0.00285958
AE(1),12,0.00525813
AE(1),12,0.07458183
AE(1),12,-0.01077885
AE(1),12,0.00166755
AE(1),12,-0.03284716
AE(1),12,0.02512128
AE(1),12,-0.05794562
AE(1),12,-0.06352287
AE(1),12,-0.03544809
AE(1),12,0.00851114
AE(1),12,-0.02693945
AE(1),12,0.02157869
AE(1),12,-0.02331304
AE(1),12,-0.02072320
AE(1),12,0.00389958
AE(1),12,-0.04227679
AE(1),12,0.01265651
AE(1),12,-0.03979195
AE(1),12,0.00883755
AE(1),12,-0.02245600
AE(1),12,-0.02987146
AE(1),12,-0.03547537
AE(1),12,0.01903311
AE(1),12,-0.05977012
AE(1),12,-0.02931564
AE(1),12,-0.05626089
AE(1),12,-0.05798040
AE(1),12,-0.07444279
AE(1),12,-0.05058262
AE(1),12,-0.05904780
AE(1),12,-0.08240221
AE(1),12,-0.02264633
AE(1),12,-0.03887804
AE(1),12,-0.02348180
AE(1),12,0.01861393
AE(1),12,-0.07630998
AE(1),12,-0.06464496
AE(1),12,-0.03443458
AE(1),12,-0.03188561
AE(1),12,-0.04933658
AE(1),12,-0.05949220
AE(1),12,-0.00667542
AE(1),12,0.00346609
AE(1),12,-0.00816917
AE(1),12,0.01828883
AE(1),12,-0.03469664
AE(1),12,-0.03664083
AE(1),12,0.02679395
AE(1),12,-0.00325125
AE(1),12,-0.01752359
AE(1),12,-0.08244752
AE(1),12,-0.03414646
AE(1),12,-0.00503394
AE(1),12,-0.03405233
AE(1),12,-0.04805432
AE(1),12,-0.06478141
AE(1),12,0.04312595
AE(1),12,-0.04009342
AE(1),12,-0.02355435
AE(1),12,0.01059054
AE(1),12,-0.01613788
AE(1),12,0.00459669
AE(1),12,-0.03977746
AE(1),12,-0.00390225
AE(1),12,-0.05180447
AE(1),12,-0.03071206
AE(1),12,-0.06194630
AE(1),12,-0.02332044
AE(1),12,-0.01227341
AE(1),12,-0.02290888
AE(1),12,0.01588783
AE(1),12,-0.04407678
AE(1),12,-0.01215594
AE(1),12,-0.02994944
AE(1),12,0.01666654
AE(1),12,0.06373135
AE(1),12,0.01675098
AE(1),12,0.08057275
AE(1),12,0.07208070
AE(1),12,0.07376928
AE(1),12,-0.00836994
AE(1),12,0.04088200
AE(1),12,0.05019549
AE(1),12,-0.02435233
AE(1),12,0.03626293
AE(1),12,-0.06877196
AE(1),12,0.00653322
AE(1),12,-0.02253234
AE(1),12,0.01681468
AE(1),12,0.04348661
AE(1),12,0.00006520
AE(1),12,0.09105237
AE(1),12,0.04870546
AE(1),12,-0.01672959
AE(1),12,-0.02213039
AE(1),12,-0.00345300
AE(1),12,0.03339595
AE(1),12,0.05014213
AE(1),12,-0.02736162
AE(1),12,0.06328040
AE(1),12,0.06734135
AE(1),12,-0.03433355
AE(1),12,0.02776025
AE(1),12,-0.02057600
AE(1),12,0.02612139
AE(1),12,0.03201152
AE(1),12,0.04409517
AE(1),12,0.02612852
AE(1),12,0.01419602
AE(1),12,-0.05718693
AE(1),12,0.02112973
AE(1),12,-0.04264565
AE(1),12,-0.06256896
AE(1),12,-0.04284010
AE(1),12,0.03526316
AE(1),12,-0.00446467
AE(1),12,0.00705564
AE(1),12,-0.02042123
AE(1),12,0.05221486
AE(1),12,-0.00804256
AE(1),12,0.03249530
AE(1),12,0.01004213
AE(1),12,0.01459479
AE(1),12,-0.03786489
AE(1),12,-0.05213154
AE(1),12,-0.01456687
AE(1),12,0.01316787
AE(1),12,0.00198226
AE(1),12,-0.04195469
AE(1),12,0.03924958
AE(1),12,0.00584899
AE(1),12,-0.00448869
AE(1),12,0.00473961
AE(1),12,0.05031231
AE(1),12,-0.03834600
AE(1),12,0.00769040
AE(1),12,0.00945126
AE(1),12,-0.03851162
AE(1),12,-0.04693885
AE(1),12,0.02253519
AE(1),12,0.02322169
AE(1),12,0.00340199
AE(1),12,-0.04369339
AE(1),12,0.09446841
AE(1),12,0.00177081
AE(1),12,-0.01688872
AE(1),12,-0.02490188
AE(1),12,-0.11133289
AE(1),12,-0.02329941
AE(1),12,-0.02037579
AE(1),12,0.02407068
AE(1),12,-0.03023531
AE(1),12,-0.00961177
AE(1),12,0.01158096
AE(1),12,0.03423337
AE(1),12,-0.01314918
AE(1),12,-0.01254377
AE(1),12,0.02662535
AE(1),12,-0.05317115
AE(1),12,-0.04927776
AE(1),12,-0.04017740
AE(1),12,0.00753350
AE(1),12,-0.02227198
AE(1),12,-0.01214356
AE(1),12,-0.00335765
AE(1),12,-0.05847446
AE(1),12,-0.03926631
AE(1),12,0.03369615
AE(1),12,-0.00266855
AE(1),12,-0.04791247
AE(1),12,-0.04537594
AE(1),12,-0.06626247
AE(1),12,-0.00519905
AE(1),12,-0.00015172
AE(1),12,-0.00928242
AE(1),12,-0.02358003
AE(1),12,-0.04619978
AE(1),12,-0.07129236
AE(1),12,-0.02460511
AE(1),12,0.03902194
AE(1),12,-0.02858465
AE(1),12,-0.02080132
AE(1),12,-0.00641126
AE(1),12,-0.04503185
AE(1),12,-0.04728155
AE(1),12,-0.06020310
AE(1),12,-0.00413585
AE(1),12,-0.03323818
AE(1),12,0.00043004
AE(1),12,-0.01099960
AE(1),12,-0.02537145
AE(1),12,0.01423198
AE(1),12,-0.01437480
AE(1),12,0.01313076
AE(1),12,-0.04146194
AE(1),12,0.00562669
AE(1),12,-0.03550116
AE(1),12,-0.01201023
AE(1),12,-0.08012953
AE(1),12,-0.03942634
AE(1),12,-0.00837417
AE(1),12,-0.03654461
AE(1),12,-0.03864411
AE(1),12,0.08323579
AE(1),12,0.18715585
AE(1),12,-0.03526521
AE(1),12,-0.04204774
AE(1),12,-0.07360845
AE(1),12,-0.03900837
AE(1),12,-0.04325324
AE(1),12,0.01231159
AE(1),12,-0.03961819
AE(1),12,-0.06589866
AE(1),12,-0.02533320
AE(1),12,0.01525356
AE(1),12,0.03163624
AE(1),12,-0.08252937
AE(1),12,-0.01267034
AE(1),12,0.01872217
AE(1),12,-0.01956232
AE(1),12,-0.03155508
AE(1),12,0.00435184
AE(1),12,-0.01601703
AE(1),12,-0.04423801
AE(1),12,-0.01226579
AE(1),12,-0.00559977
AE(1),12,0.01100906
AE(1),12,-0.01781642
AE(1),12,0.00549513
AE(1),12,-0.01850604
AE(1),12,-0.04268618
AE(1),12,0.02904920
AE(1),12,0.03525088
AE(1),12,0.01270223
AE(1),12,-0.03835123
AE(1),12,0.00817830
AE(1),12,-0.01001634
AE(1),12,-0.04771840
AE(1),12,0.01828759
AE(1),12,-0.02807515
AE(1),12,-0.04040948
AE(1),12,-0.04931645
AE(1),12,0.01313015
AE(1),12,-0.05838650
AE(1),12,0.00294316
AE(1),12,-0.03060011
AE(1),12,-0.04883876
AE(1),12,-0.04197257
AE(1),12,-0.03217997
AE(1),12,-0.05978916
AE(1),12,-0.03811623
AE(1),12,-0.03604507
AE(1),12,-0.08528474
AE(1),12,-0.03323170
AE(1),12,-0.04455574
AE(1),12,0.02986911
AE(1),12,0.03503322
AE(1),12,-0.03488462
AE(1),12,0.01069952
AE(1),12,-0.04177152
AE(1),12,-0.06317185
AE(1),12,-0.02518930
AE(1),12,-0.05025717
AE(1),12,-0.02211977
AE(1),12,0.00543582
AE(1),12,-0.10271249
AE(1),12,-0.02016752
AE(1),12,0.01941897
AE(1),12,-0.02938956
AE(1),12,-0.05016458
AE(1),12,-0.06124968
AE(1),12,-0.05623111
AE(1),12,-0.05575021
AE(1),12,-0.01960940
AE(1),12,0.03276988
AE(1),12,-0.04361717
AE(1),12,-0.01656522
AE(1),12,-0.05948783
AE(1),12,-0.03256887
AE(1),12,-0.02497503
AE(3),1,0.02101643
AE(3),1,0.01807420
AE(3),1,-0.05130509
AE(3),1,0.02589496
AE(3),1,0.01708964
AE(3),1,0.09453963
AE(3),1,0.06401032
AE(3),1,0.07700570
AE(3),1,0.13947924
AE(3),1,-0.00438674
AE(3),1,0.02025638
AE(3),1,0.00624771
AE(3),1,0.06454089
AE(3),1,0.03439827
AE(3),1,0.06928237
AE(3),1,-0.04300834
AE(3),1,-0.01944037
AE(3),1,-0.05474975
AE(3),1,0.00525255
AE(3),1,0.00311676
AE(3),1,0.04708070
AE(3),1,-0.01813490
AE(3),1,-0.02584085
AE(3),1,0.05832924
AE(3),1,0.00806177
AE(3),1,0.01236077
AE(3),1,0.02556795
AE(3),1,0.08082295
AE(3),1,0.12196422
AE(3),1,-0.00933448
AE(3),1,0.07737365
AE(3),1,0.12460401
AE(3),1,0.06239759
AE(3),1,0.04919671
AE(3),1,0.10888487
AE(3),1,0.01239979
AE(3),1,0.09491693
AE(3),1,0.03454734
AE(3),1,0.09734643
AE(3),1,0.00721220
AE(3),1,0.07138280
AE(3),1,0.07034327
AE(3),1,0.06183058
AE(3),1,0.14172150
AE(3),1,0.05874658
AE(3),1,0.08039040
AE(3),1,0.04795450
AE(3),1,0.07582420
AE(3),1,0.16506507
AE(3),1,0.09412002
AE(3),1,0.01726957
AE(3),1,0.04433667
AE(3),1,0.04483709
AE(3),1,0.04403460
AE(3),1,0.05277843
AE(3),1,0.02570757
AE(3),1,0.03817699
AE(3),1,0.08753354
AE(3),1,-0.00607522
AE(3),1,0.05214806
AE(3),1,0.01143129
AE(3),1,0.06729480
AE(3),1,0.06581611
AE(3),1,0.12488606
AE(3),1,0.05116783
AE(3),1,0.01840765
AE(3),1,0.02961209
AE(3),1,0.04507189
AE(3),1,0.02996581
AE(3),1,0.09766441
AE(3),1,0.04334017
AE(3),1,0.02398371
AE(3),1,0.05669399
AE(3),1,0.01759366
AE(3),1,0.19052461
AE(3),1,0.00309533
AE(3),1,0.05626693
AE(3),1,0.00250178
AE(3),1,0.04876492
AE(3),1,0.01410721
AE(3),1,0.02464239
AE(3),1,-0.02701582
AE(3),1,-0.01440887
AE(3),1,-0.00345789
AE(3),1,0.00472362
AE(3),1,-0.02572947
AE(3),1,-0.02197443
AE(3),1,-0.01535092
AE(3),1,0.06049945
AE(3),1,0.03315234
AE(3),1,0.01417188
AE(3),1,0.00635090
AE(3),1,0.02105613
AE(3),1,-0.00319545
AE(3),1,0.05938368
AE(3),1,0.01008728
AE(3),1,0.00364612
AE(3),1,0.06881096
AE(3),1,0.00562350
AE(3),1,0.01603361
AE(3),1,0.13415107
AE(3),1,0.01860575
AE(3),1,0.01102582
AE(3),1,-0.00991164
AE(3),1,0.01896237
AE(3),1,-0.01593327
AE(3),1,-0.02225136
AE(3),1,0.02259691
AE(3),1,0.03922373
AE(3),1,0.02837820
AE(3),1,0.04433229
AE(3),1,-0.02283623
AE(3),1,0.04024630
AE(3),1,0.03099653
AE(3),1,0.03166681
AE(3),1,-0.06204019
AE(3),1,0.07207893
AE(3),1,0.06286528
AE(3),1,0.02586652
AE(3),1,0.01501631
AE(3),1,0.06786227
AE(3),1,-0.00091730
AE(3),1,0.09245230
AE(3),1,-0.00182207
AE(3),1,-0.01160196
AE(3),1,-0.07069311
AE(3),1,-0.01960260
AE(3),1,-0.01302836
AE(3),1,0.00674984
AE(3),1,-0.03857016
AE(3),1,-0.03248676
AE(3),1,0.10735644
AE(3),1,0.04372628
AE(3),1,0.01056641
AE(3),1,-0.01309057
AE(3),1,0.07952577
AE(3),1,0.05272930
AE(3),1,0.01390220
AE(3),1,-0.01112508
AE(3),1,-0.02500473
AE(3),1,-0.04685232
AE(3),1,-0.01662908
AE(3),1,0.06729359
AE(3),1,-0.01312296
AE(3),1,-0.01114520
AE(3),1,0.00136059
AE(3),1,0.03121645
AE(3),1,0.03811709
AE(3),1,0.00742342
AE(3),1,0.06107220
AE(3),1,0.03084970
AE(3),1,0.03369465
AE(3),1,-0.01812581
AE(3),1,-0.04219406
AE(3),1,0.09174611
AE(3),1,0.04835459
AE(3),1,0.00177235
AE(3),1,0.00718995
AE(3),1,-0.01398635
AE(3),1,0.03107745
AE(3),1,-0.05103064
AE(3),1,0.04245738
AE(3),1,-0.03772677
AE(3),1,-0.04925507
AE(3),1,0.09137206
AE(3),1,-0.02241587
AE(3),1,-0.01752224
AE(3),1,0.05308632
AE(3),1,-0.00098235
AE(3),1,-0.05070165
AE(3),1,0.08734523
AE(3),1,0.01530459
AE(3),1,-0.01002889
AE(3),1,-0.00556532
AE(3),1,0.01815748
AE(3),1,0.03082329
AE(3),1,-0.00532919
AE(3),1,0.05391359
AE(3),1,-0.02764649
AE(3),1,0.02550503
AE(3),1,-0.06865698
AE(3),1,0.06639492
AE(3),1,0.06290504
AE(3),1,0.14203979
AE(3),1,0.05742843
AE(3),1,0.03066221
AE(3),1,-0.00297399
AE(3),1,0.03653852
AE(3),1,0.03117562
AE(3),1,0.01619936
AE(3),1,0.01853833
AE(3),1,0.00818464
AE(3),1,0.04699507
AE(3),1,-0.01266705
AE(3),1,-0.02091115
AE(3),1,0.00688168
AE(3),1,0.10326992
AE(3),1,-0.00035201
AE(3),1,-0.03359376
AE(3),1,0.02164554
AE(3),1,0.04236174
AE(3),1,0.00924946
AE(3),1,0.06172761
AE(3),1,0.01540537
AE(3),1,0.00687161
AE(3),1,0.04438590
AE(3),1,-0.01130784
AE(3),1,0.03523410
AE(3),1,0.04156743
AE(3),1,0.02726031
AE(3),1,-0.00725072
AE(3),1,-0.03936986
AE(3),1,-0.04159131
AE(3),1,-0.02002616
AE(3),1,0.01609363
AE(3),1,0.04096958
AE(3),1,-0.01782262
AE(3),1,0.01954978
AE(3),1,0.08144020
AE(3),1,0.13610010
AE(3),1,-0.00169600
AE(3),1,0.01090848
AE(3),1,-0.00137226
AE(3),1,0.11237027
AE(3),1,0.09647424
AE(3),1,0.05987524
AE(3),1,-0.00865486
AE(3),1,0.10678749
AE(3),1,0.08194881
AE(3),1,0.02708122
AE(3),1,0.07755605
AE(3),1,0.03450055
AE(3),1,-0.00408869
AE(3),1,0.14308720
AE(3),1,0.03799494
AE(3),1,0.04693270
AE(3),1,0.08622291
AE(3),1,-0.03779340
AE(3),1,0.06398219
AE(3),1,0.10376749
AE(3),1,0.02429141
AE(3),1,-0.00340517
AE(3),1,0.00337550
AE(3),1,-0.00060766
AE(3),2,0.08747937
AE(3),2,-0.01327385
AE(3),2,0.02661999
AE(3),2,0.03040935
AE(3),2,0.00688117
AE(3),2,0.04022238
AE(3),2,-0.01589554
AE(3),2,-0.05157186
AE(3),2,-0.00834585
AE(3),2,-0.00485837
AE(3),2,0.00097962
AE(3),2,0.05266241
AE(3),2,-0.05656058
AE(3),2,0.05959165
AE(3),2,0.07688352
AE(3),2,-0.01165258
AE(3),2,-0.01081056
AE(3),2,-0.00099159
AE(3),2,-0.01706465
AE(3),2,0.01133559
AE(3),2,-0.01130891
AE(3),2,0.06705718
AE(3),2,0.00780564
AE(3),2,0.03644310
AE(3),2,0.02823990
AE(3),2,-0.00957695
AE(3),2,0.06307099
AE(3),2,-0.01101206
AE(3),2,0.00959852
AE(3),2,0.08409323
AE(3),2,0.03345301
AE(3),2,0.04777930
AE(3),2,0.00971690
AE(3),2,0.02036994
AE(3),2,0.02271665
AE(3),2,0.11641994
AE(3),2,-0.02992334
AE(3),2,0.03549293
AE(3),2,0.01771273
AE(3),2,0.00927772
AE(3),2,-0.00656734
AE(3),2,0.06338514
AE(3),2,-0.00383310
AE(3),2,0.01915389
AE(3),2,-0.01265454
AE(3),2,-0.03926852
AE(3),2,0.03599953
AE(3),2,0.00959241
AE(3),2,0.01417574
AE(3),2,0.03919059
AE(3),2,-0.04175251
AE(3),2,0.02028965
AE(3),2,0.05602965
AE(3),2,0.07951593
AE(3),2,-0.01758245
AE(3),2,0.01061143
AE(3),2,-0.02939908
AE(3),2,0.04435165
AE(3),2,0.02361659
AE(3),2,0.04746041
AE(3),2,-0.01293794
AE(3),2,0.03922181
AE(3),2,0.01710967
AE(3),2,0.00912013
AE(3),2,-0.00760836
AE(3),2,-0.00077202
AE(3),2,0.02261326
AE(3),2,-0.00825034
AE(3),2,-0.01730076
AE(3),2,-0.04038648
AE(3),2,-0.00057171
AE(3),2,-0.01308559
AE(3),2,-0.06147720
AE(3),2,-0.03773628
AE(3),2,0.01198245
AE(3),2,0.04033700
AE(3),2,0.02871506
AE(3),2,0.02763816
AE(3),2,0.01727326
AE(3),2,-0.04000436
AE(3),2,0.01541511
AE(3),2,-0.05815537
AE(3),2,0.00631127
AE(3),2,-0.04127516
AE(3),2,0.01617013
AE(3),2,-0.02600707
AE(3),2,-0.02706070
AE(3),2,-0.03469577
AE(3),2,-0.03908792
AE(3),2,-0.02748196
AE(3),2,-0.02800924
AE(3),2,-0.03423735
AE(3),2,-0.06211299
AE(3),2,-0.06105101
AE(3),2,-0.08657854
AE(3),2,-0.03994174
AE(3),2,0.00524343
AE(3),2,-0.00447768
AE(3),2,-0.06039240
AE(3),2,0.03954716
AE(3),2,-0.06706970
AE(3),2,-0.00836832
AE(3),2,0.00221352
AE(3),2,-0.03157427
AE(3),2,-0.01550120
AE(3),2,-0.02099326
AE(3),2,-0.06625157
AE(3),2,-0.06463295
AE(3),2,-0.09111702
AE(3),2,0.02183555
AE(3),2,-0.01924273
AE(3),2,-0.02955637
AE(3),2,-0.02085142
AE(3),2,0.03687586
AE(3),2,0.02071417
AE(3),2,0.00409745
AE(3),2,-0.01598360
AE(3),2,-0.03776782
AE(3),2,-0.05377121
AE(3),2,0.00627974
AE(3),2,-0.02662709
AE(3),2,-0.05277228
AE(3),2,0.00140994
AE(3),2,0.03695190
AE(3),2,-0.02790225
AE(3),2,0.01663760
AE(3),2,0.04157029
AE(3),2,-0.01672361
AE(3),2,-0.00152049
AE(3),2,-0.02691884
AE(3),2,0.01049839
AE(3),2,0.05833334
AE(3),2,-0.04639414
AE(3),2,0.02054674
AE(3),2,-0.04754339
AE(3),2,0.06392816
AE(3),2,0.01325721
AE(3),2,-0.03912818
AE(3),2,-0.00231003
AE(3),2,0.02820236
AE(3),2,0.02789327
AE(3),2,-0.02254230
AE(3),2,0.01072484
AE(3),2,-0.00619297
AE(3),2,-0.01460725
AE(3),2,-0.02419310
AE(3),2,0.02059693
AE(3),2,0.01555946
AE(3),2,0.03368949
AE(3),2,0.03582247
AE(3),2,0.01730421
AE(3),2,-0.03358830
AE(3),2,-0.04897551
AE(3),2,0.01030514
AE(3),2,0.02186487
AE(3),2,-0.00890478
AE(3),2,-0.01459192
AE(3),2,-0.02762051
AE(3),2,-0.06014011
AE(3),2,-0.07256456
AE(3),2,-0.04593982
AE(3),2,-0.04869334
AE(3),2,-0.01711828
AE(3),2,0.00249506
AE(3),2,-0.03921383
AE(3),2,-0.10111247
AE(3),2,-0.01451487
AE(3),2,0.07280427
AE(3),2,-0.04598835
AE(3),2,-0.03839224
AE(3),2,-0.02084259
AE(3),2,0.01062631
AE(3),2,-0.00298506
AE(3),2,-0.07923828
AE(3),2,-0.03319962
AE(3),2,-0.06994212
AE(3),2,-0.07811210
AE(3),2,-0.02293620
AE(3),2,-0.10420967
AE(3),2,-0.06296276
AE(3),2,-0.05191420
AE(3),2,-0.04843823
AE(3),2,-0.00452296
AE(3),2,0.01154274
AE(3),2,-0.06274311
AE(3),2,-0.01400137
AE(3),2,0.13794623
AE(3),2,0.00553598
AE(3),2,0.00032827
AE(3),2,-0.00464942
AE(3),2,0.02598600
AE(3),2,0.02863685
AE(3),2,-0.02860895
AE(3),2,0.01757194
AE(3),2,0.00946903
AE(3),2,-0.01314610
AE(3),2,0.04688559
AE(3),2,-0.02198658
AE(3),2,0.01891806
AE(3),2,0.04859631
AE(3),2,-0.01644582
AE(3),2,-0.02153864
AE(3),2,-0.05209377
AE(3),2,-0.02999632
AE(3),2,0.06303503
AE(3),2,-0.00415791
AE(3),2,0.00267769
AE(3),2,-0.00478542
AE(3),2,-0.01874529
AE(3),2,-0.01379500
AE(3),2,0.00004892
AE(3),2,0.01322173
AE(3),2,-0.01860836
AE(3),2,0.01101940
AE(3),2,-0.00426720
AE(3),2,-0.01030515
AE(3),2,0.01000151
AE(3),2,0.02430833
AE(3),2,-0.02580831
AE(3),2,-0.01619145
AE(3),2,-0.06842102
AE(3),2,-0.06564932
AE(3),2,-0.00060070
AE(3),2,-0.07004662
AE(3),2,0.03951215
AE(3),2,-0.07012458
AE(3),2,0.00093497
AE(3),2,0.02610262
AE(3),2,-0.00740253
AE(3),2,-0.06923938
AE(3),2,-0.02478994
AE(3),2,-0.04164684
AE(3),2,-0.03694418
AE(3),2,-0.01443971
AE(3),2,-0.04722975
AE(3),2,-0.02179209
AE(3),2,0.03360769
AE(3),2,-0.05191840
AE(3),2,-0.10617740
AE(3),2,0.00294268
AE(3),2,-0.00533507
AE(3),2,-0.00542943
AE(3),2,-0.04136962
AE(3),2,-0.00733915
AE(3),2,-0.01036724
AE(3),3,-0.02668447
AE(3),3,0.02622107
AE(3),3,0.00667617
AE(3),3,0.05242553
AE(3),3,0.05235868
AE(3),3,-0.01480762
AE(3),3,-0.01091868
AE(3),3,0.02844649
AE(3),3,0.02656534
AE(3),3,0.03457295
AE(3),3,-0.01650374
AE(3),3,-0.00839924
AE(3),3,0.04027864
AE(3),3,-0.01652878
AE(3),3,-0.01587564
AE(3),3,-0.00630305
AE(3),3,0.01962574
AE(3),3,-0.01872745
AE(3),3,0.01135940
AE(3),3,0.00080960
AE(3),3,0.00167550
AE(3),3,0.05355100
AE(3),3,-0.00334111
AE(3),3,-0.03582148
AE(3),3,0.00619151
AE(3),3,0.02557699
AE(3),3,0.02505174
AE(3),3,0.03097645
AE(3),3,-0.01134111
AE(3),3,0.01459901
AE(3),3,-0.00595562
AE(3),3,0.08363676
AE(3),3,0.03618121
AE(3),3,0.03726900
AE(3),3,-0.02421976
AE(3),3,-0.00799029
AE(3),3,0.03928530
AE(3),3,0.01674489
AE(3),3,0.04664651
AE(3),3,0.04094027
AE(3),3,0.07328983
AE(3),3,0.03485794
AE(3),3,0.00307783
AE(3),3,-0.02303329
AE(3),3,0.03094542
AE(3),3,0.06610162
AE(3),3,0.03289660
AE(3),3,-0.02049240
AE(3),3,-0.00635399
AE(3),3,0.02200016
AE(3),3,0.03445419
AE(3),3,0.03495784
AE(3),3,0.06507708
AE(3),3,0.01818219
AE(3),3,-0.00475627
AE(3),3,0.03434246
AE(3),3,0.00711051
AE(3),3,0.02686032
AE(3),3,0.01646995
AE(3),3,0.06125486
AE(3),3,0.00005421
AE(3),3,0.06613625
AE(3),3,0.03065239
AE(3),3,-0.03153110
AE(3),3,0.02350682
AE(3),3,-0.00476337
AE(3),3,0.03280283
AE(3),3,0.04610978
AE(3),3,0.06991036
AE(3),3,-0.01353848
AE(3),3,0.09521249
AE(3),3,0.02374186
AE(3),3,0.02956633
AE(3),3,0.06562807
AE(3),3,-0.00134990
AE(3),3,0.00932583
AE(3),3,-0.01353645
AE(3),3,0.00937001
AE(3),3,0.01829328
AE(3),3,0.02461982
AE(3),3,0.05453912
AE(3),3,0.00160913
AE(3),3,0.05166244
AE(3),3,-0.00239303
AE(3),3,-0.01569409
AE(3),3,-0.01536331
AE(3),3,-0.04262074
AE(3),3,-0.03034712
AE(3),3,-0.08064364
AE(3),3,-0.01464813
AE(3),3,-0.00748564
AE(3),3,-0.02716663
AE(3),3,-0.02331197
AE(3),3,0.04039681
AE(3),3,-0.01246383
AE(3),3,-0.03376211
AE(3),3,-0.01034109
AE(3),3,-0.01018793
AE(3),3,-0.02701058
AE(3),3,-0.04663205
AE(3),3,-0.02672281
AE(3),3,-0.01954848
AE(3),3,0.00008014
AE(3),3,-0.01122403
AE(3),3,-0.06830898
AE(3),3,-0.01627468
AE(3),3,-0.01430232
AE(3),3,-0.02012070
AE(3),3,-0.04182310
AE(3),3,-0.01083231
AE(3),3,-0.03366080
AE(3),3,0.00509735
AE(3),3,-0.01633649
AE(3),3,-0.02976789
AE(3),3,-0.00439617
AE(3),3,0.00615152
AE(3),3,-0.02451571
AE(3),3,-0.00709400
AE(3),3,-0.02506845
AE(3),3,-0.02779557
AE(3),3,-0.01382678
AE(3),3,-0.02763004
AE(3),3,0.08565938
AE(3),3,0.04335902
AE(3),3,-0.01524238
AE(3),3,-0.00848170
AE(3),3,-0.01632494
AE(3),3,-0.02198716
AE(3),3,0.03674591
AE(3),3,-0.00370437
AE(3),3,-0.00771321
AE(3),3,-0.01025051
AE(3),3,0.01072852
AE(3),3,0.05571340
AE(3),3,-0.02612264
AE(3),3,0.01475116
AE(3),3,-0.00884154
AE(3),3,0.01429093
AE(3),3,0.00724083
AE(3),3,0.03920376
AE(3),3,-0.01700079
AE(3),3,-0.00479926
AE(3),3,-0.01536881
AE(3),3,0.00429421
AE(3),3,0.00043577
AE(3),3,0.03832734
AE(3),3,-0.01547512
AE(3),3,0.03312100
AE(3),3,-0.00786296
AE(3),3,0.05307291
AE(3),3,0.05335241
AE(3),3,0.00301617
AE(3),3,0.01118319
AE(3),3,0.01739930
AE(3),3,0.05384634
AE(3),3,0.11578660
AE(3),3,-0.01340772
AE(3),3,-0.02468831
AE(3),3,0.01117899
AE(3),3,0.07445278
AE(3),3,-0.05025237
AE(3),3,-0.04540625
AE(3),3,0.00279627
AE(3),3,0.03773660
AE(3),3,0.01889965
AE(3),3,0.04720172
AE(3),3,-0.03084124
AE(3),3,-0.00653965
AE(3),3,0.08910565
AE(3),3,-0.00766660
AE(3),3,-0.01479431
AE(3),3,-0.02936938
AE(3),3,-0.00701346
AE(3),3,-0.01162560
AE(3),3,0.00938316
AE(3),3,0.03494980
AE(3),3,0.01228147
AE(3),3,0.06806867
AE(3),3,0.07717270
AE(3),3,0.04462105
AE(3),3,0.04241568
AE(3),3,-0.00832672
AE(3),3,0.05849936
AE(3),3,0.04244226
AE(3),3,0.00606606
AE(3),3,0.04292171
AE(3),3,-0.00363796
AE(3),3,-0.00548636
AE(3),3,0.03454508
AE(3),3,-0.00577478
AE(3),3,-0.04432557
AE(3),3,0.02045654
AE(3),3,0.03586388
AE(3),3,-0.01496636
AE(3),3,0.01479539
AE(3),3,0.02741353
AE(3),3,0.03038240
AE(3),3,-0.01263265
AE(3),3,-0.00485156
AE(3),3,0.02813556
AE(3),3,-0.02999759
AE(3),3,0.03507227
AE(3),3,0.02302083
AE(3),3,0.01584842
AE(3),3,0.00273725
AE(3),3,0.00089929
AE(3),3,-0.00924707
AE(3),3,0.00398172
AE(3),3,0.02672539
AE(3),3,0.01517244
AE(3),3,0.00145146
AE(3),3,-0.01237688
AE(3),3,0.00809942
AE(3),3,0.02879615
AE(3),3,-0.01832899
AE(3),3,-0.05956105
AE(3),3,0.02539923
AE(3),3,0.01647403
AE(3),3,-0.02121330
AE(3),3,0.03728505
AE(3),3,0.01694199
AE(3),3,-0.01519232
AE(3),3,-0.02351988
AE(3),3,0.05628280
AE(3),3,0.04302214
AE(3),3,0.00171813
AE(3),3,0.00789719
AE(3),3,-0.00343104
AE(3),3,0.02841616
AE(3),3,0.04647170
AE(3),3,-0.01891355
AE(3),3,-0.01483094
AE(3),3,0.03181824
AE(3),3,-0.01319257
AE(3),3,-0.00598783
AE(3),3,-0.03956733
AE(3),3,0.02417782
AE(3),3,-0.03784647
AE(3),3,-0.00752804
AE(3),3,-0.01494730
AE(3),3,0.00143916
AE(3),3,0.02649161
AE(3),3,-0.01549363
AE(3),3,0.01424945
AE(3),3,-0.01227337
AE(3),3,0.00794969
AE(3),3,0.02722997
AE(3),3,-0.00095742
AE(3),3,0.07931108
AE(3),3,-0.02694620
AE(3),3,0.07175439
AE(3),3,-0.01735831
AE(3),4,0.05326002
AE(3),4,0.09072579
AE(3),4,-0.00249028
AE(3),4,0.07778938
AE(3),4,0.00642369
AE(3),4,0.02838323
AE(3),4,0.02676742
AE(3),4,-0.01019545
AE(3),4,-0.02218401
AE(3),4,0.07797988
AE(3),4,0.03125194
AE(3),4,0.00811363
AE(3),4,-0.01078365
AE(3),4,0.02566815
AE(3),4,0.02218377
AE(3),4,0.10656963
AE(3),4,-0.01046156
AE(3),4,0.02395922
AE(3),4,0.00105930
AE(3),4,-0.02738233
AE(3),4,0.00859153
AE(3),4,-0.00864926
AE(3),4,-0.01536541
AE(3),4,0.00570470
AE(3),4,-0.03209819
AE(3),4,-0.00496287
AE(3),4,0.00309892
AE(3),4,-0.00217079
AE(3),4,0.01130932
AE(3),4,0.08458852
AE(3),4,-0.01580050
AE(3),4,0.02710660
AE(3),4,-0.04342579
AE(3),4,-0.01145118
AE(3),4,-0.02662110
AE(3),4,0.02408410
AE(3),4,-0.01886781
AE(3),4,-0.00814166
AE(3),4,-0.04768036
AE(3),4,-0.02133512
AE(3),4,-0.03868254
AE(3),4,-0.02852314
AE(3),4,-0.00119500
AE(3),4,-0.01735301
AE(3),4,0.05232766
AE(3),4,0.00622456
AE(3),4,-0.01785238
AE(3),4,-0.03830201
AE(3),4,-0.03208503
AE(3),4,0.02578908
AE(3),4,0.04241541
AE(3),4,-0.03258545
AE(3),4,-0.05043719
AE(3),4,-0.04676638
AE(3),4,0.05355361
AE(3),4,-0.01699055
AE(3),4,-0.01863069
AE(3),4,-0.01643613
AE(3),4,0.00425720
AE(3),4,-0.02440721
AE(3),4,-0.01623509
AE(3),4,0.00361657
AE(3),4,-0.01092296
AE(3),4,-0.01146461
AE(3),4,-0.00981323
AE(3),4,0.01048288
AE(3),4,-0.00049053
AE(3),4,0.00274950
AE(3),4,0.01478838
AE(3),4,-0.01789493
AE(3),4,-0.03583702
AE(3),4,0.03252679
AE(3),4,0.03939643
AE(3),4,0.10858017
AE(3),4,-0.01948083
AE(3),4,0.02622108
AE(3),4,-0.02662322
AE(3),4,0.06771387
AE(3),4,-0.00202151
AE(3),4,-0.00665593
AE(3),4,0.00402306
AE(3),4,0.00837897
AE(3),4,0.02946727
AE(3),4,-0.00227663
AE(3),4,0.02902494
AE(3),4,-0.01944126
AE(3),4,0.00892468
AE(3),4,-0.05075816
AE(3),4,0.02876264
AE(3),4,0.07721648
AE(3),4,0.01987683
AE(3),4,0.00051413
AE(3),4,0.00927824
AE(3),4,0.04701930
AE(3),4,0.01622433
AE(3),4,-0.02755360
AE(3),4,-0.00224852
AE(3),4,0.01297500
AE(3),4,-0.01028836
AE(3),4,0.01564015
AE(3),4,0.01618339
AE(3),4,-0.00460186
AE(3),4,0.03660035
AE(3),4,-0.02145744
AE(3),4,-0.00459212
AE(3),4,-0.00711292
AE(3),4,0.02480699
AE(3),4,-0.00447465
AE(3),4,-0.01422913
AE(3),4,0.01303949
AE(3),4,0.00594359
AE(3),4,-0.00932963
AE(3),4,-0.00135691
AE(3),4,-0.00445807
AE(3),4,-0.00730528
AE(3),4,-0.00796625
AE(3),4,-0.00996165
AE(3),4,0.00708743
AE(3),4,0.00134962
AE(3),4,0.02422060
AE(3),4,0.00497629
AE(3),4,0.00588752
AE(3),4,-0.01315347
AE(3),4,0.02084643
AE(3),4,-0.01071787
AE(3),4,-0.01293995
AE(3),4,0.01048013
AE(3),4,0.02145773
AE(3),4,0.04224093
AE(3),4,-0.00965431
AE(3),4,0.00158558
AE(3),4,0.02986123
AE(3),4,-0.02887714
AE(3),4,0.00558750
AE(3),4,0.00149981
AE(3),4,0.05073265
AE(3),4,-0.00804563
AE(3),4,-0.02112406
AE(3),4,0.00000027
AE(3),4,0.11884564
AE(3),4,0.01662385
AE(3),4,-0.00327653
AE(3),4,0.00233994
AE(3),4,-0.03447753
AE(3),4,-0.01590017
AE(3),4,0.01513298
AE(3),4,0.01916700
AE(3),4,0.05527363
AE(3),4,0.02540667
AE(3),4,0.01573576
AE(3),4,0.08463894
AE(3),4,-0.00961607
AE(3),4,0.00597156
AE(3),4,0.02832730
AE(3),4,0.01218159
AE(3),4,-0.00488489
AE(3),4,-0.01489084
AE(3),4,-0.05720895
AE(3),4,-0.07008917
AE(3),4,-0.01420403
AE(3),4,0.02270475
AE(3),4,0.09036759
AE(3),4,-0.01840267
AE(3),4,0.03086352
AE(3),4,0.03234258
AE(3),4,0.01791360
AE(3),4,0.06423339
AE(3),4,-0.01276704
AE(3),4,0.02713586
AE(3),4,-0.00678326
AE(3),4,0.03826179
AE(3),4,0.04489768
AE(3),4,0.01859264
AE(3),4,0.01556706
AE(3),4,0.00722257
AE(3),4,-0.00042346
AE(3),4,0.00418222
AE(3),4,0.00880666
AE(3),4,-0.01871524
AE(3),4,0.03597719
AE(3),4,0.05288273
AE(3),4,0.08577329
AE(3),4,0.00625873
AE(3),4,0.07178914
AE(3),4,0.08547468
AE(3),4,0.07417705
AE(3),4,0.03201256
AE(3),4,0.06855185
AE(3),4,0.05301858
AE(3),4,0.03906221
AE(3),4,0.01056823
AE(3),4,0.00667007
AE(3),4,0.08412568
AE(3),4,-0.01839489
AE(3),4,0.00291765
AE(3),4,0.04801920
AE(3),4,-0.02563667
AE(3),4,0.01750642
AE(3),4,0.02042234
AE(3),4,-0.00924826
AE(3),4,0.02537881
AE(3),4,0.00672662
AE(3),4,-0.04882159
AE(3),4,0.03169100
AE(3),4,-0.00489678
AE(3),4,-0.02976926
AE(3),4,-0.05304203
AE(3),4,-0.01759789
AE(3),4,-0.00986203
AE(3),4,-0.02253864
AE(3),4,0.00325962
AE(3),4,0.04636650
AE(3),4,-0.02996871
AE(3),4,0.07112178
AE(3),4,-0.00638087
AE(3),4,-0.04155943
AE(3),4,-0.00279090
AE(3),4,-0.01990084
AE(3),4,0.01066121
AE(3),4,0.00606860
AE(3),4,0.01532269
AE(3),4,-0.01721245
AE(3),4,0.06316386
AE(3),4,0.05022218
AE(3),4,0.01697226
AE(3),4,0.02442500
AE(3),4,0.02001142
AE(3),4,0.03666412
AE(3),4,0.04584271
AE(3),4,0.05747453
AE(3),4,0.03343504
AE(3),4,0.03216488
AE(3),4,0.03121990
AE(3),4,0.08339203
AE(3),4,0.05307536
AE(3),4,0.00662527
AE(3),4,0.05420605
AE(3),4,-0.02424031
AE(3),4,0.02662277
AE(3),4,0.02021299
AE(3),4,-0.00024797
AE(3),4,0.02186951
AE(3),4,-0.01725188
AE(3),4,0.10117709
AE(3),4,0.00123163
AE(3),4,-0.02589644
AE(3),4,0.01629229
AE(3),4,0.11274872
AE(3),4,0.00647647
AE(3),4,0.02175133
AE(3),4,-0.00798595
AE(3),4,0.03007309
AE(3),4,-0.02736110
AE(3),4,-0.00542531
AE(3),4,-0.01525233
AE(3),4,0.01689191
AE(3),5,-0.05626721
AE(3),5,0.03268809
AE(3),5,0.00675971
AE(3),5,-0.03606920
AE(3),5,-0.01692888
AE(3),5,-0.01127650
AE(3),5,-0.01247013
AE(3),5,-0.06804396
AE(3),5,-0.01080112
AE(3),5,-0.02177841
AE(3),5,-0.05253173
AE(3),5,-0.06342081
AE(3),5,-0.02953814
AE(3),5,0.01004370
AE(3),5,0.01453157
AE(3),5,-0.02874922
AE(3),5,-0.06183097
AE(3),5,-0.00509594
AE(3),5,0.03441331
AE(3),5,-0.02065065
AE(3),5,-0.02783261
AE(3),5,-0.00697023
AE(3),5,-0.00793030
AE(3),5,-0.03842325
AE(3),5,-0.03703548
AE(3),5,-0.00024136
AE(3),5,-0.00223786
AE(3),5,0.03922082
AE(3),5,-0.02465406
AE(3),5,-0.04634640
AE(3),5,-0.03165597
AE(3),5,-0.05593654
AE(3),5,-0.05214968
AE(3),5,-0.01131237
AE(3),5,0.03122761
AE(3),5,-0.01088325
AE(3),5,-0.03010166
AE(3),5,-0.02457223
AE(3),5,0.04308373
AE(3),5,-0.03900314
AE(3),5,0.02141955
AE(3),5,-0.01970151
AE(3),5,-0.01206199
AE(3),5,-0.06268068
AE(3),5,0.07764233
AE(3),5,-0.04847627
AE(3),5,-0.00933175
AE(3),5,-0.01242575
AE(3),5,0.02423345
AE(3),5,0.00274029
AE(3),5,0.01401040
AE(3),5,-0.02468661
AE(3),5,-0.02193658
AE(3),5,0.02468824
AE(3),5,0.00814587
AE(3),5,-0.03958366
AE(3),5,0.04725706
AE(3),5,0.00266415
AE(3),5,-0.03732015
AE(3),5,-0.01117583
AE(3),5,0.04665117
AE(3),5,-0.00803987
AE(3),5,-0.02673002
AE(3),5,0.00753597
AE(3),5,-0.00329545
AE(3),5,-0.01465171
AE(3),5,-0.08326053
AE(3),5,-0.02547838
AE(3),5,-0.02127033
AE(3),5,-0.09682571
AE(3),5,-0.01249507
AE(3),5,-0.05514742
AE(3),5,-0.04200610
AE(3),5,-0.03111319
AE(3),5,0.04238441
AE(3),5,-0.08544908
AE(3),5,-0.04023291
AE(3),5,-0.03571468
AE(3),5,-0.07348001
AE(3),5,-0.03415170
AE(3),5,-0.03885208
AE(3),5,-0.02165985
AE(3),5,-0.06086419
AE(3),5,-0.00557959
AE(3),5,-0.01197145
AE(3),5,-0.01708666
AE(3),5,-0.00230766
AE(3),5,-0.02965531
AE(3),5,-0.03843464
AE(3),5,-0.02049622
AE(3),5,0.00782202
AE(3),5,-0.06708191
AE(3),5,-0.01060040
AE(3),5,-0.04102965
AE(3),5,-0.00293919
AE(3),5,-0.03863835
AE(3),5,-0.00739287
AE(3),5,-0.03333605
AE(3),5,-0.04892675
AE(3),5,-0.01569758
AE(3),5,-0.03701466
AE(3),5,-0.03392507
AE(3),5,-0.07418069
AE(3),5,-0.01987767
AE(3),5,-0.00795755
AE(3),5,-0.02056174
AE(3),5,-0.01999050
AE(3),5,-0.01228754
AE(3),5,0.02634190
AE(3),5,-0.04607324
AE(3),5,-0.02036114
AE(3),5,0.00492263
AE(3),5,-0.01603625
AE(3),5,-0.04816050
AE(3),5,-0.06012105
AE(3),5,0.02622993
AE(3),5,0.00145929
AE(3),5,0.02733955
AE(3),5,-0.07072149
AE(3),5,0.06696101
AE(3),5,0.01210158
AE(3),5,0.04776451
AE(3),5,0.04372614
AE(3),5,0.04647743
AE(3),5,0.05681945
AE(3),5,0.09039304
AE(3),5,0.10027456
AE(3),5,0.06325239
AE(3),5,-0.08114651
AE(3),5,-0.01183844
AE(3),5,0.07751170
AE(3),5,-0.02633262
AE(3),5,0.06271581
AE(3),5,-0.01079845
AE(3),5,-0.02195391
AE(3),5,0.02732501
AE(3),5,0.04258358
AE(3),5,0.07748973
AE(3),5,0.03508111
AE(3),5,-0.00622732
AE(3),5,0.02449277
AE(3),5,-0.01099032
AE(3),5,-0.06636188
AE(3),5,-0.04057314
AE(3),5,-0.03038558
AE(3),5,-0.02403883
AE(3),5,-0.02217879
AE(3),5,-0.01636565
AE(3),5,0.04683450
AE(3),5,0.05966845
AE(3),5,-0.01705975
AE(3),5,-0.01174803
AE(3),5,-0.04803807
AE(3),5,-0.03523486
AE(3),5,-0.01928578
AE(3),5,-0.01778542
AE(3),5,-0.02362371
AE(3),5,-0.02349800
AE(3),5,-0.01406892
AE(3),5,-0.02923137
AE(3),5,-0.07210200
AE(3),5,0.02337779
AE(3),5,-0.00089167
AE(3),5,0.10424976
AE(3),5,0.06267479
AE(3),5,-0.04810404
AE(3),5,0.00052574
AE(3),5,0.01648816
AE(3),5,0.09675305
AE(3),5,0.06278689
AE(3),5,0.05083958
AE(3),5,0.03226836
AE(3),5,-0.02776388
AE(3),5,-0.00208795
AE(3),5,-0.03389026
AE(3),5,0.05169928
AE(3),5,0.08373664
AE(3),5,0.02666972
AE(3),5,0.03490254
AE(3),5,0.10335503
AE(3),5,-0.01849964
AE(3),5,-0.01355734
AE(3),5,0.06301557
AE(3),5,0.03590286
AE(3),5,-0.00276310
AE(3),5,-0.01336718
AE(3),5,0.02156618
AE(3),5,-0.03332072
AE(3),5,-0.01764715
AE(3),5,0.00165789
AE(3),5,0.00986985
AE(3),5,0.00359809
AE(3),5,-0.05176015
AE(3),5,0.01514052
AE(3),5,-0.01239697
AE(3),5,-0.03853376
AE(3),5,-0.05137581
AE(3),5,0.03600789
AE(3),5,-0.01915033
AE(3),5,-0.02328458
AE(3),5,0.00575784
AE(3),5,-0.01440604
AE(3),5,-0.03705911
AE(3),5,0.04338907
AE(3),5,0.03561242
AE(3),5,-0.00470561
AE(3),5,-0.05988065
AE(3),5,0.00796307
AE(3),5,0.00985586
AE(3),5,-0.02702861
AE(3),5,-0.01423245
AE(3),5,0.02517855
AE(3),5,0.02786302
AE(3),5,0.06827754
AE(3),5,-0.00059106
AE(3),5,-0.01338217
AE(3),5,-0.00217948
AE(3),5,0.04120806
AE(3),5,-0.04398035
AE(3),5,0.04928704
AE(3),5,-0.03477271
AE(3),5,0.02732668
AE(3),5,-0.01477066
AE(3),5,-0.00860924
AE(3),5,-0.01510320
AE(3),5,-0.02558741
AE(3),5,-0.06283214
AE(3),5,-0.01982320
AE(3),5,0.01000941
AE(3),5,-0.01220661
AE(3),5,0.02371815
AE(3),5,0.02449795
AE(3),5,0.03543168
AE(3),5,0.01257255
AE(3),5,-0.04707555
AE(3),5,-0.02509851
AE(3),5,0.04135754
AE(3),5,0.06426678
AE(3),5,0.02355324
AE(3),5,-0.00816090
AE(3),5,-0.03197552
AE(3),5,0.01223130
AE(3),5,-0.02723175
AE(3),5,0.04820628
AE(3),5,-0.03076718
AE(3),5,-0.04885320
AE(3),5,-0.03302415
AE(3),5,-0.02139423
AE(3),5,-0.02419354
AE(3),5,0.03142292
AE(3),5,0.07483414
AE(3),5,-0.04227001
AE(3),5,0.06804785
AE(3),5,-0.06427761
AE(3),5,0.07508542
AE(3),5,0.04688232
AE(3),5,-0.01124105
AE(3),5,-0.05082532
AE(3),5,-0.03746095
AE(3),5,0.08239319
AE(3),5,-0.00286472
AE(3),5,0.10900965
AE(3),6,-0.04116427
AE(3),6,-0.03772846
AE(3),6,-0.01413179
AE(3),6,-0.01051120
AE(3),6,-0.04127781
AE(3),6,-0.03837815
AE(3),6,-0.01784603
AE(3),6,0.01611225
AE(3),6,0.00822093
AE(3),6,0.05006723
AE(3),6,-0.02774849
AE(3),6,-0.03553126
AE(3),6,-0.00670509
AE(3),6,-0.02142166
AE(3),6,0.01517956
AE(3),6,-0.00196388
AE(3),6,0.02147458
AE(3),6,-0.02542682
AE(3),6,-0.03651900
AE(3),6,0.00080323
AE(3),6,-0.04355325
AE(3),6,0.00580485
AE(3),6,-0.01396259
AE(3),6,-0.02553713
AE(3),6,-0.03838271
AE(3),6,-0.04179521
AE(3),6,-0.01870814
AE(3),6,-0.00192433
AE(3),6,0.05061189
AE(3),6,-0.00139404
AE(3),6,0.05053652
AE(3),6,0.03823382
AE(3),6,0.02441324
AE(3),6,-0.03294368
AE(3),6,-0.02366409
AE(3),6,-0.01206729
AE(3),6,0.00167037
AE(3),6,-0.01296897
AE(3),6,-0.00848659
AE(3),6,0.02539918
AE(3),6,-0.00709307
AE(3),6,-0.02261203
AE(3),6,0.02693576
AE(3),6,0.01282234
AE(3),6,-0.07010183
AE(3),6,0.06934747
AE(3),6,0.09678002
AE(3),6,-0.02918153
AE(3),6,0.05753007
AE(3),6,0.00429329
AE(3),6,0.04168982
AE(3),6,0.01659427
AE(3),6,-0.00641669
AE(3),6,0.01549632
AE(3),6,-0.02088720
AE(3),6,-0.01096413
AE(3),6,-0.04240506
AE(3),6,0.02961642
AE(3),6,-0.00643929
AE(3),6,0.02308023
AE(3),6,-0.01518831
AE(3),6,-0.03774456
AE(3),6,-0.02745031
AE(3),6,0.00535928
AE(3),6,0.01203055
AE(3),6,-0.03116540
AE(3),6,0.08068706
AE(3),6,-0.04174165
AE(3),6,0.00129759
AE(3),6,-0.03153810
AE(3),6,-0.00717774
AE(3),6,-0.05203354
AE(3),6,-0.00192370
AE(3),6,-0.03093576
AE(3),6,0.06203910
AE(3),6,0.07283354
AE(3),6,0.01009309
AE(3),6,0.06379662
AE(3),6,-0.02416948
AE(3),6,0.05295196
AE(3),6,0.01006266
AE(3),6,-0.01508396
AE(3),6,-0.00325359
AE(3),6,0.00336213
AE(3),6,-0.03414281
AE(3),6,0.03275862
AE(3),6,-0.03524834
AE(3),6,-0.01351409
AE(3),6,0.15718396
AE(3),6,0.05820662
AE(3),6,-0.00875746
AE(3),6,0.02974586
AE(3),6,0.02719242
AE(3),6,-0.00853785
AE(3),6,0.03268586
AE(3),6,-0.01138246
AE(3),6,-0.02879454
AE(3),6,0.02799524
AE(3),6,-0.03546547
AE(3),6,-0.01191607
AE(3),6,0.00690460
AE(3),6,-0.00472733
AE(3),6,0.02068155
AE(3),6,-0.04196122
AE(3),6,-0.00602882
AE(3),6,0.03364530
AE(3),6,0.02271833
AE(3),6,0.01792083
AE(3),6,0.05312389
AE(3),6,0.06632923
AE(3),6,-0.02905214
AE(3),6,-0.00083033
AE(3),6,-0.01938288
AE(3),6,0.01560664
AE(3),6,0.03064255
AE(3),6,0.00029564
AE(3),6,0.01212613
AE(3),6,0.03076138
AE(3),6,0.00090110
AE(3),6,0.00103839
AE(3),6,-0.04135107
AE(3),6,0.01649589
AE(3),6,0.06738539
AE(3),6,0.03924694
AE(3),6,0.01161961
AE(3),6,0.00322735
AE(3),6,0.01432714
AE(3),6,0.00805717
AE(3),6,-0.00773914
AE(3),6,0.04923396
AE(3),6,0.01595100
AE(3),6,-0.01445136
AE(3),6,0.00762232
AE(3),6,0.01279421
AE(3),6,-0.03678583
AE(3),6,0.03329975
AE(3),6,0.01806202
AE(3),6,0.01450950
AE(3),6,0.05310911
AE(3),6,0.02943478
AE(3),6,0.00948170
AE(3),6,0.04192112
AE(3),6,-0.02097898
AE(3),6,0.02962790
AE(3),6,0.02258135
AE(3),6,0.01947782
AE(3),6,-0.00700431
AE(3),6,0.00611992
AE(3),6,-0.01267947
AE(3),6,-0.00438698
AE(3),6,0.09113573
AE(3),6,0.06569035
AE(3),6,0.07988635
AE(3),6,0.01006950
AE(3),6,0.01468943
AE(3),6,0.03877433
AE(3),6,0.02609656
AE(3),6,0.01592261
AE(3),6,-0.00561363
AE(3),6,-0.02933747
AE(3),6,-0.02702436
AE(3),6,0.06045425
AE(3),6,0.02944209
AE(3),6,-0.01450530
AE(3),6,-0.04278203
AE(3),6,-0.00085106
AE(3),6,0.00023802
AE(3),6,-0.02227702
AE(3),6,0.06203128
AE(3),6,0.00021729
AE(3),6,-0.00238445
AE(3),6,0.04564406
AE(3),6,0.06432391
AE(3),6,0.01263771
AE(3),6,0.02172659
AE(3),6,-0.01006841
AE(3),6,0.05740862
AE(3),6,0.05045474
AE(3),6,0.04311546
AE(3),6,-0.03144774
AE(3),6,0.00958114
AE(3),6,0.01932127
AE(3),6,0.00770960
AE(3),6,0.01030071
AE(3),6,0.00945748
AE(3),6,0.03101997
AE(3),6,0.00322652
AE(3),6,0.03717828
AE(3),6,0.01740132
AE(3),6,0.03507287
AE(3),6,0.06770718
AE(3),6,-0.01356691
AE(3),6,0.01504388
AE(3),6,0.02215491
AE(3),6,0.04604857
AE(3),6,0.03076239
AE(3),6,0.01161566
AE(3),6,0.08129365
AE(3),6,0.01010381
AE(3),6,0.03537233
AE(3),6,0.01802009
AE(3),6,0.00655271
AE(3),6,0.00536483
AE(3),6,-0.00797100
AE(3),6,0.04201467
AE(3),6,-0.01837037
AE(3),6,0.00868865
AE(3),6,0.00927122
AE(3),6,-0.03096426
AE(3),6,0.00974566
AE(3),6,0.00948585
AE(3),6,-0.01710467
AE(3),6,-0.04644919
AE(3),6,-0.00936959
AE(3),6,0.01413355
AE(3),6,-0.01978012
AE(3),6,-0.02234819
AE(3),6,-0.00073783
AE(3),6,-0.00187716
AE(3),6,0.02351937
AE(3),6,0.01617853
AE(3),6,0.02865459
AE(3),6,-0.04748349
AE(3),6,0.04796703
AE(3),6,-0.02641155
AE(3),6,-0.00159561
AE(3),6,0.02308929
AE(3),6,0.01798903
AE(3),6,0.04133769
AE(3),6,0.05093448
AE(3),6,0.01491547
AE(3),6,-0.01750636
AE(3),6,0.10474616
AE(3),6,-0.00250842
AE(3),6,0.01512262
AE(3),6,-0.03398730
AE(3),6,-0.03544520
AE(3),6,-0.00640519
AE(3),6,0.04606268
AE(3),6,0.02183622
AE(3),6,0.02999196
AE(3),6,0.04554929
AE(3),6,-0.00834592
AE(3),6,-0.00871520
AE(3),6,0.03888685
AE(3),6,0.04527862
AE(3),6,0.04437455
AE(3),6,0.02303103
AE(3),6,0.05842414
AE(3),6,0.07314703
AE(3),6,0.01617232
AE(3),6,0.03189647
AE(3),6,0.01026065
AE(3),6,0.01564636
AE(3),6,-0.01202846
AE(3),6,0.10088628
AE(3),6,-0.00171159
AE(3),6,0.02847035
AE(3),6,0.02668898
AE(3),6,0.01963457
AE(3),6,-0.03999252
AE(3),6,0.04369082
AE(3),6,0.02998587
AE(3),6,-0.01381205
AE(3),6,0.01030810
AE(3),6,0.00275680
AE(3),6,0.00998592
AE(3),6,-0.00475891
AE(3),6,0.00120758
AE(3),6,0.00070856
AE(3),7,0.10665534
AE(3),7,0.05033922
AE(3),7,0.10021219
AE(3),7,0.06358358
AE(3),7,0.07390563
AE(3),7,0.11655727
AE(3),7,0.11744672
AE(3),7,0.15260540
AE(3),7,0.05150095
AE(3),7,0.09710768
AE(3),7,0.07802385
AE(3),7,0.10185268
AE(3),7,0.05702810
AE(3),7,0.15473985
AE(3),7,0.14586953
AE(3),7,0.13313625
AE(3),7,0.07659205
AE(3),7,0.11300244
AE(3),7,0.03200780
AE(3),7,0.11490106
AE(3),7,0.07903723
AE(3),7,0.10698672
AE(3),7,0.11157980
AE(3),7,0.03957924
AE(3),7,0.19348745
AE(3),7,0.10034025
AE(3),7,0.14637609
AE(3),7,0.12060323
AE(3),7,0.10478189
AE(3),7,0.07457426
AE(3),7,0.06760421
AE(3),7,0.07064874
AE(3),7,0.08123846
AE(3),7,0.05425996
AE(3),7,0.09356189
AE(3),7,0.09495725
AE(3),7,0.11598885
AE(3),7,0.07128508
AE(3),7,0.16158255
AE(3),7,0.05911953
AE(3),7,0.18576828
AE(3),7,0.12568303
AE(3),7,0.10138335
AE(3),7,0.07759182
AE(3),7,0.10503719
AE(3),7,0.16602572
AE(3),7,0.05899912
AE(3),7,0.15946661
AE(3),7,0.11835326
AE(3),7,0.04293190
AE(3),7,0.01789604
AE(3),7,0.17746270
AE(3),7,0.08504034
AE(3),7,0.10954245
AE(3),7,0.07574294
AE(3),7,0.10834675
AE(3),7,0.08986454
AE(3),7,0.07484217
AE(3),7,0.04329522
AE(3),7,0.08554430
AE(3),7,0.14003605
AE(3),7,0.12847295
AE(3),7,0.11686098
AE(3),7,0.06215753
AE(3),7,0.09115632
AE(3),7,0.06243458
AE(3),7,0.15593931
AE(3),7,0.05346318
AE(3),7,0.06705836
AE(3),7,0.10495791
AE(3),7,0.05075901
AE(3),7,0.06529982
AE(3),7,0.08224048
AE(3),7,0.07909792
AE(3),7,0.12563893
AE(3),7,0.09164572
AE(3),7,0.04495938
AE(3),7,0.14251125
AE(3),7,-0.00323470
AE(3),7,0.12600484
AE(3),7,0.05273763
AE(3),7,0.09490104
AE(3),7,0.11003513
AE(3),7,0.12328896
AE(3),7,0.11842621
AE(3),7,0.08596640
AE(3),7,0.08813038
AE(3),7,0.08082425
AE(3),7,0.09592349
AE(3),7,0.09907533
AE(3),7,0.11099279
AE(3),7,0.11655589
AE(3),7,0.06270659
AE(3),7,0.09559391
AE(3),7,0.08136949
AE(3),7,0.11135071
AE(3),7,0.07804536
AE(3),7,0.05944065
AE(3),7,0.10588250
AE(3),7,0.07749965
AE(3),7,0.11181257
AE(3),7,0.07124601
AE(3),7,0.16554484
AE(3),7,0.08344710
AE(3),7,0.12079469
AE(3),7,0.09794542
AE(3),7,0.08959817
AE(3),7,0.15062070
AE(3),7,0.10818218
AE(3),7,0.10173089
AE(3),7,0.09039408
AE(3),7,0.11269637
AE(3),7,0.05293974
AE(3),7,0.04835585
AE(3),7,0.08363507
AE(3),7,0.05688420
AE(3),7,0.09314370
AE(3),7,0.08607228
AE(3),7,0.06730326
AE(3),7,0.11545484
AE(3),7,0.07827350
AE(3),7,0.07836319
AE(3),7,0.11646038
AE(3),7,0.09059447
AE(3),7,0.07508698
AE(3),7,0.12980582
AE(3),7,0.10004302
AE(3),7,0.07814325
AE(3),7,0.07721403
AE(3),7,0.10953132
AE(3),7,0.10058551
AE(3),7,0.11790665
AE(3),7,0.07433104
AE(3),7,0.09421168
AE(3),7,0.09226267
AE(3),7,0.12385237
AE(3),7,0.12520496
AE(3),7,0.15431377
AE(3),7,0.10723252
AE(3),7,0.11046396
AE(3),7,0.14357131
AE(3),7,0.10576462
AE(3),7,0.06490102
AE(3),7,0.09217857
AE(3),7,0.12084960
AE(3),7,0.09387712
AE(3),7,0.10525071
AE(3),7,0.06164818
AE(3),7,0.07241758
AE(3),7,0.09787687
AE(3),7,0.10718766
AE(3),7,0.07466303
AE(3),7,0.08343144
AE(3),7,0.09058573
AE(3),7,0.14460431
AE(3),7,0.02899315
AE(3),7,0.05405805
AE(3),7,0.06293001
AE(3),7,0.11597721
AE(3),7,0.13687179
AE(3),7,0.08843025
AE(3),7,0.06835692
AE(3),7,0.09596932
AE(3),7,0.32442390
AE(3),7,0.15682808
AE(3),7,0.08513045
AE(3),7,0.06541330
AE(3),7,0.08014759
AE(3),7,0.05168465
AE(3),7,0.12018684
AE(3),7,0.11297982
AE(3),7,0.10946057
AE(3),7,0.09305212
AE(3),7,0.07773047
AE(3),7,0.13706077
AE(3),7,0.05612178
AE(3),7,0.05183011
AE(3),7,0.07527942
AE(3),7,0.08526021
AE(3),7,0.02770317
AE(3),7,0.05902363
AE(3),7,0.08236634
AE(3),7,0.13897766
AE(3),7,0.07576221
AE(3),7,0.05679547
AE(3),7,0.04464494
AE(3),7,0.08333105
AE(3),7,0.13378355
AE(3),7,0.10906668
AE(3),7,0.09184659
AE(3),7,0.08910730
AE(3),7,0.07477788
AE(3),7,0.03338772
AE(3),7,0.09327432
AE(3),7,0.06028232
AE(3),7,0.01453944
AE(3),7,0.06992488
AE(3),7,0.11157397
AE(3),7,0.06882204
AE(3),7,0.08192624
AE(3),7,0.07371518
AE(3),7,0.02563598
AE(3),7,0.05806920
AE(3),7,0.02563308
AE(3),7,0.07235464
AE(3),7,0.10498650
AE(3),7,0.05860625
AE(3),7,0.18617888
AE(3),7,0.07761292
AE(3),7,0.10303396
AE(3),7,0.05550520
AE(3),7,0.13804862
AE(3),7,0.07693254
AE(3),7,0.09335079
AE(3),7,0.20908810
AE(3),7,0.13423279
AE(3),7,0.11930055
AE(3),7,0.12152386
AE(3),7,0.12495603
AE(3),7,0.08451545
AE(3),7,0.07379653
AE(3),7,0.12665960
AE(3),7,0.13204493
AE(3),7,0.09926151
AE(3),7,0.14209352
AE(3),7,0.12992656
AE(3),7,0.08230289
AE(3),7,0.23452463
AE(3),7,0.08282827
AE(3),7,0.10285330
AE(3),7,0.08269883
AE(3),7,0.09040550
AE(3),7,0.10394741
AE(3),7,0.09591247
AE(3),7,0.10846110
AE(3),7,0.06273850
AE(3),7,0.02766063
AE(3),7,0.13760684
AE(3),7,0.07753004
AE(3),7,0.08166640
AE(3),7,0.05745945
AE(3),7,0.11552546
AE(3),7,0.08892345
AE(3),7,0.11124294
AE(3),7,0.14455670
AE(3),7,0.07829267
AE(3),7,0.09233178
AE(3),7,0.09108773
AE(3),7,0.07370518
AE(3),7,0.13533807
AE(3),7,0.11031486
AE(3),7,0.19293956
AE(3),7,0.09115139
AE(3),7,0.06907984
AE(3),7,0.10491521
AE(3),7,0.10701881
AE(3),7,0.10231318
AE(3),7,0.15845763
AE(3),7,0.10757560
AE(3),7,0.09955768
AE(3),7,0.11713922
AE(3),7,0.09896166
AE(3),7,0.07989673
AE(3),7,0.09411678
AE(3),7,0.07044523
AE(3),7,0.05622331
AE(3),7,0.17912439
AE(3),7,0.07091033
AE(3),7,0.20314932
AE(3),7,0.06643990
AE(3),7,0.13450384
AE(3),7,0.10763311
AE(3),7,0.18296901
AE(3),7,0.10799384
AE(3),7,0.07872375
AE(3),7,0.08423960
AE(3),7,0.12197395
AE(3),7,0.07136750
AE(3),8,0.02403440
AE(3),8,-0.03378723
AE(3),8,-0.06277351
AE(3),8,-0.03095086
AE(3),8,-0.09598332
AE(3),8,0.01052419
AE(3),8,-0.15562579
AE(3),8,0.14725721
AE(3),8,-0.10769575
AE(3),8,0.06168476
AE(3),8,-0.03396776
AE(3),8,-0.04372063
AE(3),8,-0.14021114
AE(3),8,0.01443813
AE(3),8,0.15274833
AE(3),8,-0.17841761
AE(3),8,-0.05420148
AE(3),8,-0.00872108
AE(3),8,0.00341729
AE(3),8,-0.09769239
AE(3),8,0.00979630
AE(3),8,-0.13846329
AE(3),8,-0.03093851
AE(3),8,-0.02656399
AE(3),8,-0.13969918
AE(3),8,-0.01481123
AE(3),8,-0.00381065
AE(3),8,-0.01387530
AE(3),8,-0.01083501
AE(3),8,-0.07490134
AE(3),8,-0.14198058
AE(3),8,-0.08165307
AE(3),8,-0.03781037
AE(3),8,0.01493953
AE(3),8,-0.00033735
AE(3),8,-0.00038487
AE(3),8,-0.06881904
AE(3),8,-0.07259510
AE(3),8,-0.05322991
AE(3),8,-0.00639365
AE(3),8,-0.01578076
AE(3),8,-0.11738842
AE(3),8,0.00453808
AE(3),8,-0.11483080
AE(3),8,-0.17003981
AE(3),8,-0.10450531
AE(3),8,-0.02331839
AE(3),8,-0.06054736
AE(3),8,-0.01241597
AE(3),8,-0.06263725
AE(3),8,0.10303485
AE(3),8,0.05546152
AE(3),8,-0.10846723
AE(3),8,-0.12365627
AE(3),8,-0.09912596
AE(3),8,-0.19407123
AE(3),8,0.01884450
AE(3),8,-0.15749602
AE(3),8,-0.11407816
AE(3),8,0.10387866
AE(3),8,0.04401262
AE(3),8,-0.09144922
AE(3),8,-0.07295803
AE(3),8,-0.07391078
AE(3),8,-0.05190798
AE(3),8,-0.03680899
AE(3),8,-0.00252831
AE(3),8,-0.02028974
AE(3),8,-0.10433434
AE(3),8,-0.05632628
AE(3),8,-0.07895027
AE(3),8,-0.16926469
AE(3),8,0.02624280
AE(3),8,-0.07595595
AE(3),8,-0.08701010
AE(3),8,-0.05555612
AE(3),8,0.00378371
AE(3),8,-0.11354316
AE(3),8,-0.07748971
AE(3),8,-0.07383945
AE(3),8,-0.10284964
AE(3),8,-0.06530319
AE(3),8,-0.05493134
AE(3),8,-0.13065298
AE(3),8,-0.06990178
AE(3),8,-0.05725509
AE(3),8,0.03544538
AE(3),8,-0.14295684
AE(3),8,-0.13440479
AE(3),8,-0.08963616
AE(3),8,-0.06219651
AE(3),8,-0.12383289
AE(3),8,-0.07836137
AE(3),8,-0.07791126
AE(3),8,-0.05444721
AE(3),8,-0.04580967
AE(3),8,-0.00554987
AE(3),8,-0.08814886
AE(3),8,-0.04646621
AE(3),8,-0.02898567
AE(3),8,-0.00596812
AE(3),8,-0.04392862
AE(3),8,-0.06754223
AE(3),8,-0.07300610
AE(3),8,-0.06551289
AE(3),8,-0.05849320
AE(3),8,0.01511763
AE(3),8,0.00582020
AE(3),8,-0.07521638
AE(3),8,-0.03961847
AE(3),8,-0.07220600
AE(3),8,-0.09636558
AE(3),8,-0.05846377
AE(3),8,-0.00591670
AE(3),8,-0.07672647
AE(3),8,-0.02950501
AE(3),8,-0.00689031
AE(3),8,-0.05861540
AE(3),8,-0.03471608
AE(3),8,-0.01241183
AE(3),8,0.05969222
AE(3),8,-0.02970011
AE(3),8,-0.03205890
AE(3),8,-0.04987428
AE(3),8,-0.09884833
AE(3),8,-0.13237367
AE(3),8,-0.07531472
AE(3),8,0.02138343
AE(3),8,-0.05481670
AE(3),8,0.03468451
AE(3),8,-0.07211193
AE(3),8,-0.10957054
AE(3),8,-0.01452290
AE(3),8,-0.09225697
AE(3),8,0.02448153
AE(3),8,-0.02753006
AE(3),8,-0.07210279
AE(3),8,0.02767502
AE(3),8,-0.01958641
AE(3),8,-0.07097100
AE(3),8,0.03450756
AE(3),8,-0.02287820
AE(3),8,0.00026301
AE(3),8,-0.09475271
AE(3),8,0.01109584
AE(3),8,0.04030849
AE(3),8,-0.07679013
AE(3),8,-0.03696116
AE(3),8,-0.08324100
AE(3),8,-0.09638102
AE(3),8,-0.07357392
AE(3),8,0.03235538
AE(3),8,0.02318085
AE(3),8,-0.02630169
AE(3),8,-0.04130283
AE(3),8,-0.15631922
AE(3),8,0.02209355
AE(3),8,-0.01725888
AE(3),8,0.01998162
AE(3),8,-0.08963216
AE(3),8,-0.03390221
AE(3),8,-0.08650131
AE(3),8,0.13446987
AE(3),8,0.09433996
AE(3),8,-0.07105560
AE(3),8,-0.11432327
AE(3),8,-0.18439736
AE(3),8,-0.17820048
AE(3),8,-0.05857600
AE(3),8,-0.14827002
AE(3),8,-0.04548023
AE(3),8,-0.05328881
AE(3),8,-0.07411834
AE(3),8,-0.06719821
AE(3),8,-0.11654200
AE(3),8,-0.10762165
AE(3),8,-0.04643689
AE(3),8,-0.27333996
AE(3),8,-0.16995441
AE(3),8,-0.07214693
AE(3),8,-0.05726825
AE(3),8,-0.05457547
AE(3),8,-0.10294033
AE(3),8,-0.11696543
AE(3),8,-0.01222012
AE(3),8,-0.06510476
AE(3),8,0.00196168
AE(3),8,-0.03133727
AE(3),8,-0.06496722
AE(3),8,-0.05521780
AE(3),8,-0.06060381
AE(3),8,0.00109812
AE(3),8,-0.12244286
AE(3),8,-0.10918348
AE(3),8,-0.00551054
AE(3),8,-0.03822736
AE(3),8,-0.02455816
AE(3),8,0.07332389
AE(3),8,-0.03599898
AE(3),8,-0.04394987
AE(3),8,0.02744875
AE(3),8,-0.06711631
AE(3),8,-0.09906885
AE(3),8,-0.02542761
AE(3),8,-0.04493816
AE(3),8,-0.11768950
AE(3),8,-0.03651418
AE(3),8,-0.01803650
AE(3),8,-0.14534066
AE(3),8,0.02444531
AE(3),8,-0.02843609
AE(3),8,-0.14489282
AE(3),8,-0.09467191
AE(3),8,-0.03973330
AE(3),8,-0.01730886
AE(3),8,-0.03260981
AE(3),8,-0.04478021
AE(3),8,-0.03830556
AE(3),8,-0.11388824
AE(3),8,-0.01140428
AE(3),8,0.02427314
AE(3),8,-0.08444499
AE(3),8,-0.02827126
AE(3),8,-0.05564160
AE(3),8,-0.11047583
AE(3),8,-0.08746773
AE(3),8,-0.08712336
AE(3),8,-0.07374712
AE(3),8,0.03648641
AE(3),8,-0.16893575
AE(3),8,-0.10163424
AE(3),8,-0.04377041
AE(3),8,0.06387994
AE(3),8,-0.02554041
AE(3),8,0.00352711
AE(3),8,-0.03222153
AE(3),8,-0.07145105
AE(3),8,-0.00869194
AE(3),8,-0.12766935
AE(3),8,-0.07596625
AE(3),8,-0.04703943
AE(3),8,-0.03666627
AE(3),8,0.00084335
AE(3),8,-0.00093234
AE(3),8,-0.05766516
AE(3),8,-0.03659872
AE(3),8,-0.04205461
AE(3),8,0.07238015
AE(3),8,-0.16267864
AE(3),8,-0.05697703
AE(3),8,-0.08247895
AE(3),8,-0.05391885
AE(3),8,-0.00322318
AE(3),8,-0.07315872
AE(3),8,-0.10430501
AE(3),8,-0.16138608
AE(3),8,-0.11175286
AE(3),8,-0.15684429
AE(3),8,-0.11435138
AE(3),8,-0.12371799
AE(3),8,-0.11221394
AE(3),8,-0.05584296
AE(3),8,-0.00324307
AE(3),8,-0.03800936
AE(3),8,0.04537147
AE(3),8,-0.07660256
AE(3),8,-0.10330669
AE(3),8,0.01778482
AE(3),8,-0.00629984
AE(3),8,0.00904663
AE(3),8,-0.06103817
AE(3),8,-0.10858097
AE(3),8,-0.12419337
AE(3),8,-0.02422659
AE(3),8,-0.00565246
AE(3),8,-0.10251339
AE(3),8,-0.20803316
AE(3),8,-0.04413349
AE(3),8,-0.16691439
AE(3),8,-0.05245388
AE(3),8,0.03390748
AE(3),8,-0.13863355
AE(3),8,-0.05248901
AE(3),8,0.02608836
AE(3),8,-0.07178375
AE(3),8,0.05321476
AE(3),8,-0.12299193
AE(3),8,0.01374648
AE(3),9,-0.06086616
AE(3),9,0.00590156
AE(3),9,-0.08834896
AE(3),9,-0.03707014
AE(3),9,-0.00934972
AE(3),9,0.00185419
AE(3),9,-0.02807734
AE(3),9,-0.01368105
AE(3),9,-0.08455934
AE(3),9,-0.05196869
AE(3),9,-0.05912682
AE(3),9,0.03815326
AE(3),9,-0.06042102
AE(3),9,-0.08947131
AE(3),9,0.07199501
AE(3),9,-0.12487812
AE(3),9,-0.05513637
AE(3),9,-0.01324895
AE(3),9,0.01953347
AE(3),9,-0.03145243
AE(3),9,-0.00342020
AE(3),9,0.00276854
AE(3),9,-0.02071786
AE(3),9,-0.09151245
AE(3),9,-0.06906699
AE(3),9,0.00104186
AE(3),9,-0.06299763
AE(3),9,-0.01124185
AE(3),9,-0.01843528
AE(3),9,-0.06358701
AE(3),9,-0.05471543
AE(3),9,0.00503541
AE(3),9,-0.02259921
AE(3),9,-0.10100580
AE(3),9,0.00747778
AE(3),9,0.05715006
AE(3),9,-0.06157777
AE(3),9,-0.00434867
AE(3),9,0.06409383
AE(3),9,-0.04315955
AE(3),9,-0.03068287
AE(3),9,0.01391922
AE(3),9,-0.02078362
AE(3),9,0.01111882
AE(3),9,-0.02904360
AE(3),9,-0.01869269
AE(3),9,0.02011252
AE(3),9,0.04171662
AE(3),9,0.00312266
AE(3),9,-0.05073473
AE(3),9,0.05473580
AE(3),9,-0.17266270
AE(3),9,-0.01955307
AE(3),9,0.02214114
AE(3),9,0.03536309
AE(3),9,0.01483143
AE(3),9,-0.01158223
AE(3),9,-0.09850031
AE(3),9,-0.01166802
AE(3),9,-0.03960234
AE(3),9,-0.08765920
AE(3),9,-0.01552360
AE(3),9,0.00257181
AE(3),9,-0.03509798
AE(3),9,0.04955422
AE(3),9,-0.13798338
AE(3),9,-0.00705725
AE(3),9,0.02347720
AE(3),9,-0.03169174
AE(3),9,-0.00825034
AE(3),9,0.04034692
AE(3),9,-0.03439914
AE(3),9,-0.04079329
AE(3),9,-0.02074409
AE(3),9,-0.02795154
AE(3),9,-0.01934937
AE(3),9,-0.03678800
AE(3),9,-0.04404022
AE(3),9,-0.04705434
AE(3),9,-0.01277597
AE(3),9,-0.06060039
AE(3),9,0.00531184
AE(3),9,0.02459094
AE(3),9,-0.00842132
AE(3),9,-0.09706554
AE(3),9,-0.00814410
AE(3),9,-0.01583924
AE(3),9,-0.08987981
AE(3),9,-0.01722766
AE(3),9,-0.05913955
AE(3),9,0.00106307
AE(3),9,0.02272327
AE(3),9,-0.06476892
AE(3),9,-0.02521393
AE(3),9,-0.02328179
AE(3),9,0.01538628
AE(3),9,-0.13346888
AE(3),9,-0.03782018
AE(3),9,-0.11123626
AE(3),9,-0.03463207
AE(3),9,-0.00520931
AE(3),9,-0.04891466
AE(3),9,0.00615664
AE(3),9,0.02194613
AE(3),9,-0.02175238
AE(3),9,0.03742592
AE(3),9,-0.01044750
AE(3),9,0.03694265
AE(3),9,-0.00161476
AE(3),9,-0.07318879
AE(3),9,-0.00773914
AE(3),9,0.02159573
AE(3),9,0.02988405
AE(3),9,0.00516757
AE(3),9,0.01605912
AE(3),9,0.02425952
AE(3),9,-0.01789227
AE(3),9,-0.04668800
AE(3),9,0.01883245
AE(3),9,0.04023571
AE(3),9,0.01190670
AE(3),9,0.00816423
AE(3),9,-0.13124812
AE(3),9,-0.02571476
AE(3),9,0.02244329
AE(3),9,-0.01761889
AE(3),9,0.04065782
AE(3),9,0.02198732
AE(3),9,0.06216236
AE(3),9,0.00232639
AE(3),9,-0.04295467
AE(3),9,0.01973167
AE(3),9,-0.06392606
AE(3),9,-0.02775142
AE(3),9,0.02190684
AE(3),9,0.04859268
AE(3),9,-0.09487909
AE(3),9,-0.01290940
AE(3),9,-0.04088124
AE(3),9,0.01670349
AE(3),9,-0.04099630
AE(3),9,0.00103134
AE(3),9,-0.01700287
AE(3),9,-0.07282179
AE(3),9,-0.07693839
AE(3),9,-0.15315334
AE(3),9,0.03090395
AE(3),9,-0.03188879
AE(3),9,-0.14239338
AE(3),9,-0.05728520
AE(3),9,-0.08449707
AE(3),9,-0.04623680
AE(3),9,-0.02975459
AE(3),9,-0.11757543
AE(3),9,-0.13515096
AE(3),9,0.03437670
AE(3),9,-0.03827397
AE(3),9,-0.10252172
AE(3),9,-0.02499787
AE(3),9,-0.04176472
AE(3),9,0.01555947
AE(3),9,-0.00790230
AE(3),9,0.00916867
AE(3),9,-0.05619978
AE(3),9,-0.07893872
AE(3),9,-0.00217053
AE(3),9,-0.17032497
AE(3),9,-0.07300157
AE(3),9,-0.06303236
AE(3),9,-0.01111734
AE(3),9,-0.04346835
AE(3),9,-0.02842812
AE(3),9,-0.01177917
AE(3),9,-0.00152388
AE(3),9,-0.13479808
AE(3),9,-0.07406068
AE(3),9,-0.05932526
AE(3),9,-0.09677905
AE(3),9,-0.04262160
AE(3),9,0.00549957
AE(3),9,-0.15213839
AE(3),9,0.03176689
AE(3),9,-0.02565206
AE(3),9,-0.04805226
AE(3),9,-0.00641332
AE(3),9,-0.04865445
AE(3),9,0.01684751
AE(3),9,0.03355277
AE(3),9,-0.06276726
AE(3),9,-0.05173791
AE(3),9,-0.01321951
AE(3),9,-0.06967879
AE(3),9,-0.01686568
AE(3),9,0.01166826
AE(3),9,-0.13275643
AE(3),9,-0.00823260
AE(3),9,-0.13086626
AE(3),9,-0.06946992
AE(3),9,-0.05363376
AE(3),9,0.02812026
AE(3),9,-0.02422109
AE(3),9,-0.05144513
AE(3),9,0.01354699
AE(3),9,0.02020408
AE(3),9,-0.00720043
AE(3),9,-0.03748698
AE(3),9,0.03967362
AE(3),9,-0.12510849
AE(3),9,-0.03293139
AE(3),9,-0.05559292
AE(3),9,-0.05141302
AE(3),9,-0.03030390
AE(3),9,-0.00963767
AE(3),9,-0.04147647
AE(3),9,-0.04975825
AE(3),9,-0.05568434
AE(3),9,0.00333906
AE(3),9,-0.01800184
AE(3),9,-0.06381464
AE(3),9,-0.00870466
AE(3),9,-0.03464236
AE(3),9,0.01375591
AE(3),9,0.01010296
AE(3),9,0.05725552
AE(3),9,0.03096230
AE(3),9,-0.05621474
AE(3),9,0.02120630
AE(3),9,0.03959084
AE(3),9,-0.00997170
AE(3),9,-0.09082641
AE(3),9,-0.00834928
AE(3),9,-0.03776170
AE(3),9,0.02305218
AE(3),9,0.01934015
AE(3),9,-0.00809466
AE(3),9,-0.03797896
AE(3),9,-0.01911887
AE(3),9,0.01941660
AE(3),9,0.03059425
AE(3),9,-0.04383123
AE(3),9,0.00712897
AE(3),9,0.01938345
AE(3),9,-0.02312811
AE(3),9,-0.00599478
AE(3),9,-0.07656397
AE(3),9,0.00310501
AE(3),9,-0.00822954
AE(3),9,-0.04199095
AE(3),9,-0.07177110
AE(3),9,-0.06344002
AE(3),9,0.03127857
AE(3),9,-0.04357589
AE(3),9,-0.00086676
AE(3),9,-0.07182573
AE(3),9,-0.12211235
AE(3),9,-0.09846682
AE(3),9,-0.00861885
AE(3),9,0.00420235
AE(3),9,-0.06210262
AE(3),9,-0.05016425
AE(3),9,-0.05443655
AE(3),9,-0.07982050
AE(3),9,-0.06963652
AE(3),9,-0.04553290
AE(3),9,-0.01270347
AE(3),9,-0.04101390
AE(3),9,-0.03499758
AE(3),9,-0.02001792
AE(3),9,-0.01925382
AE(3),9,-0.09329484
AE(3),9,-0.02667544
AE(3),9,-0.05125677
AE(3),9,-0.03409185
AE(3),9,-0.06590251
AE(3),9,-0.04025360
AE(3),9,0.03859525
AE(3),9,-0.03539107
AE(3),9,0.00733521
AE(3),9,-0.05297113
AE(3),9,-0.03277110
AE(3),9,-0.03044482
AE(3),9,-0.04515791
AE(3),9,-0.04491279
AE(3),9,0.03060545
AE(3),9,0.01751585
AE(3),9,-0.08983420
AE(3),9,-0.05169776
AE(3),9,-0.04157354
AE(3),9,0.00684680
AE(3),9,-0.07051335
AE(3),9,-0.07006874
AE(3),9,-0.10618374
AE(3),9,-0.01541798
AE(3),9,-0.00531604
AE(3),9,-0.01425126
AE(3),9,0.00908551
AE(3),10,0.11245445
AE(3),10,0.00051080
AE(3),10,0.01000914
AE(3),10,0.02568550
AE(3),10,0.20778779
AE(3),10,-0.04195068
AE(3),10,-0.01825417
AE(3),10,-0.03352383
AE(3),10,-0.02976612
AE(3),10,0.01393603
AE(3),10,-0.00730603
AE(3),10,-0.01878828
AE(3),10,-0.07224541
AE(3),10,0.03502890
AE(3),10,0.01727424
AE(3),10,0.05087764
AE(3),10,0.01118255
AE(3),10,-0.00280777
AE(3),10,0.07740365
AE(3),10,0.02346151
AE(3),10,0.02205536
AE(3),10,0.04867774
AE(3),10,0.00574310
AE(3),10,0.03427332
AE(3),10,0.01698274
AE(3),10,0.00421515
AE(3),10,0.04131060
AE(3),10,0.03708249
AE(3),10,0.04213966
AE(3),10,0.03465417
AE(3),10,0.05487433
AE(3),10,0.07414865
AE(3),10,0.05964619
AE(3),10,0.15085572
AE(3),10,0.05328523
AE(3),10,0.04254978
AE(3),10,0.02962704
AE(3),10,0.01220975
AE(3),10,0.01419408
AE(3),10,-0.07920306
AE(3),10,0.00749043
AE(3),10,0.02890402
AE(3),10,0.01999636
AE(3),10,-0.00145342
AE(3),10,0.03891972
AE(3),10,0.00574698
AE(3),10,0.04214838
AE(3),10,-0.04953434
AE(3),10,0.05606136
AE(3),10,0.03320200
AE(3),10,0.05278632
AE(3),10,0.05944901
AE(3),10,-0.01941603
AE(3),10,0.03967059
AE(3),10,0.01485971
AE(3),10,0.01048401
AE(3),10,0.05668292
AE(3),10,-0.01643705
AE(3),10,0.08362035
AE(3),10,0.05248370
AE(3),10,0.05115303
AE(3),10,0.00979237
AE(3),10,-0.00417702
AE(3),10,0.01749682
AE(3),10,0.10162739
AE(3),10,-0.00989609
AE(3),10,0.02948267
AE(3),10,0.05726817
AE(3),10,0.07012786
AE(3),10,0.01109490
AE(3),10,-0.00201344
AE(3),10,0.05334748
AE(3),10,0.00797736
AE(3),10,-0.01201705
AE(3),10,0.06035998
AE(3),10,0.03043038
AE(3),10,0.03159114
AE(3),10,0.03013522
AE(3),10,0.00461019
AE(3),10,0.00368139
AE(3),10,0.03416031
AE(3),10,-0.01930696
AE(3),10,0.01278039
AE(3),10,-0.01581989
AE(3),10,0.02087086
AE(3),10,0.03570717
AE(3),10,0.08796898
AE(3),10,0.07222612
AE(3),10,0.03432704
AE(3),10,0.04720056
AE(3),10,0.06415240
AE(3),10,0.11309022
AE(3),10,0.04697500
AE(3),10,-0.01218447
AE(3),10,0.04387741
AE(3),10,0.03675544
AE(3),10,-0.00328764
AE(3),10,-0.02799670
AE(3),10,0.00212134
AE(3),10,0.03317788
AE(3),10,0.00292235
AE(3),10,0.04744542
AE(3),10,0.03928688
AE(3),10,0.03211563
AE(3),10,0.00807182
AE(3),10,0.03472121
AE(3),10,0.04292742
AE(3),10,0.06031242
AE(3),10,0.06069583
AE(3),10,0.02612445
AE(3),10,0.03294932
AE(3),10,0.07652026
AE(3),10,0.04019577
AE(3),10,0.04373934
AE(3),10,0.05018415
AE(3),10,0.06090305
AE(3),10,0.05804171
AE(3),10,0.06926283
AE(3),10,0.03034096
AE(3),10,0.06673271
AE(3),10,0.09593848
AE(3),10,0.05552856
AE(3),10,0.08898592
AE(3),10,0.05577843
AE(3),10,0.06683530
AE(3),10,0.03318402
AE(3),10,0.01618735
AE(3),10,0.06081654
AE(3),10,-0.04541751
AE(3),10,0.04509549
AE(3),10,-0.00148723
AE(3),10,-0.01019524
AE(3),10,0.06183899
AE(3),10,0.04658510
AE(3),10,0.05934336
AE(3),10,0.06823734
AE(3),10,0.10035632
AE(3),10,-0.00091249
AE(3),10,-0.00990639
AE(3),10,0.04627916
AE(3),10,-0.02469826
AE(3),10,0.03280927
AE(3),10,0.06318367
AE(3),10,-0.00820386
AE(3),10,0.02495815
AE(3),10,0.03134968
AE(3),10,0.03250403
AE(3),10,0.06246577
AE(3),10,0.07494500
AE(3),10,-0.00029731
AE(3),10,0.01667303
AE(3),10,0.06064374
AE(3),10,-0.03283044
AE(3),10,0.12120767
AE(3),10,0.01368905
AE(3),10,0.02085848
AE(3),10,0.05511735
AE(3),10,0.01200185
AE(3),10,-0.00677961
AE(3),10,0.02118172
AE(3),10,0.01899234
AE(3),10,0.05930511
AE(3),10,0.03444218
AE(3),10,-0.06453022
AE(3),10,-0.01536886
AE(3),10,-0.07415217
AE(3),10,0.16217750
AE(3),10,-0.00641554
AE(3),10,0.02718683
AE(3),10,0.00545965
AE(3),10,-0.00677149
AE(3),10,-0.04173367
AE(3),10,0.03893018
AE(3),10,0.03051252
AE(3),10,0.06085349
AE(3),10,-0.00122236
AE(3),10,0.04411301
AE(3),10,-0.00715900
AE(3),10,-0.00194287
AE(3),10,0.04032388
AE(3),10,0.04632793
AE(3),10,-0.05537447
AE(3),10,-0.01449988
AE(3),10,0.02170302
AE(3),10,-0.00973189
AE(3),10,0.05935900
AE(3),10,0.02513709
AE(3),10,0.03435839
AE(3),10,0.02869600
AE(3),10,-0.00753044
AE(3),10,0.01817161
AE(3),10,0.03052915
AE(3),10,0.00556883
AE(3),10,-0.02525810
AE(3),10,-0.01378555
AE(3),10,0.02733437
AE(3),10,0.02816822
AE(3),10,0.06498094
AE(3),10,0.03571561
AE(3),10,0.05703185
AE(3),10,-0.03325534
AE(3),10,-0.00631964
AE(3),10,0.07235998
AE(3),10,-0.04366317
AE(3),10,0.01858990
AE(3),10,0.01282205
AE(3),10,-0.02350669
AE(3),10,-0.01731850
AE(3),10,0.07675826
AE(3),10,-0.02957051
AE(3),10,0.01962655
AE(3),10,-0.02805797
AE(3),10,0.04662381
AE(3),10,0.03121352
AE(3),10,0.02598826
AE(3),10,0.05190383
AE(3),10,-0.04927807
AE(3),10,-0.00833170
AE(3),10,-0.02053872
AE(3),10,0.02602448
AE(3),10,0.01993513
AE(3),10,0.00850581
AE(3),10,-0.01573122
AE(3),10,-0.08022468
AE(3),10,0.02195326
AE(3),10,0.01615989
AE(3),10,0.01359270
AE(3),10,-0.04495793
AE(3),10,-0.04441082
AE(3),10,-0.01597468
AE(3),10,0.01043563
AE(3),10,-0.05621121
AE(3),10,-0.03180143
AE(3),10,-0.06039154
AE(3),10,-0.00520197
AE(3),10,0.00272583
AE(3),10,0.01492514
AE(3),10,-0.01186642
AE(3),10,0.08947578
AE(3),10,0.01152528
AE(3),10,-0.04143436
AE(3),10,0.00033295
AE(3),10,0.01516135
AE(3),10,0.03741981
AE(3),10,0.03165233
AE(3),10,0.00099037
AE(3),10,0.05364050
AE(3),10,0.03560245
AE(3),10,0.02176317
AE(3),10,0.00825310
AE(3),10,0.11637131
AE(3),10,-0.00800183
AE(3),10,0.00735726
AE(3),10,0.00608707
AE(3),10,0.00734681
AE(3),10,-0.01309817
AE(3),10,0.06964262
AE(3),10,0.00235108
AE(3),10,0.03609882
AE(3),10,-0.05501668
AE(3),10,0.03299213
AE(3),10,0.08545235
AE(3),10,0.02682974
AE(3),10,0.01060686
AE(3),10,0.02445999
AE(3),10,0.04116919
AE(3),10,0.03245135
AE(3),10,0.06786683
AE(3),10,0.08554632
AE(3),10,0.01456142
AE(3),10,-0.00361471
AE(3),10,0.01247837
AE(3),10,0.06617022
AE(3),10,0.00495221
AE(3),10,0.01095595
AE(3),10,0.02879571
AE(3),10,0.01500221
AE(3),10,0.00356331
AE(3),10,-0.00373516
AE(3),10,0.03761140
AE(3),10,0.07232514
AE(3),10,-0.01091696
AE(3),10,0.00647000
AE(3),10,0.02112447
AE(3),10,0.01224204
AE(3),10,0.02984971
AE(3),10,0.02088840
AE(3),10,0.04860552
AE(3),10,0.10702084
AE(3),10,0.01316431
AE(3),10,0.00720198
AE(3),10,-0.06523343
AE(3),10,-0.01654048
AE(3),10,0.01302179
AE(3),10,0.05743102
AE(3),10,-0.05760361
AE(3),10,0.06661554
AE(3),10,-0.05811594
AE(3),10,-0.02063567
AE(3),11,-0.11723669
AE(3),11,-0.04816086
AE(3),11,-0.09071524
AE(3),11,-0.05775970
AE(3),11,-0.05339757
AE(3),11,-0.04488700
AE(3),11,-0.03239034
AE(3),11,-0.01539619
AE(3),11,-0.05552563
AE(3),11,-0.05785746
AE(3),11,-0.11028652
AE(3),11,-0.00244016
AE(3),11,-0.12291997
AE(3),11,-0.03464075
AE(3),11,-0.06310105
AE(3),11,-0.08767730
AE(3),11,0.00213153
AE(3),11,-0.07173882
AE(3),11,-0.06593449
AE(3),11,-0.00566833
AE(3),11,-0.01546070
AE(3),11,-0.03018112
AE(3),11,-0.04450718
AE(3),11,-0.06148284
AE(3),11,-0.02207741
AE(3),11,-0.04399997
AE(3),11,-0.03716576
AE(3),11,-0.03256817
AE(3),11,-0.00694202
AE(3),11,-0.04231783
AE(3),11,-0.04725769
AE(3),11,-0.07428639
AE(3),11,0.11984812
AE(3),11,-0.01358097
AE(3),11,-0.04341569
AE(3),11,-0.02809173
AE(3),11,-0.01871558
AE(3),11,-0.00732223
AE(3),11,-0.01467699
AE(3),11,-0.06122152
AE(3),11,-0.05135427
AE(3),11,-0.01012371
AE(3),11,-0.07479618
AE(3),11,-0.05429587
AE(3),11,-0.04604567
AE(3),11,-0.04756935
AE(3),11,-0.05647846
AE(3),11,-0.08799552
AE(3),11,-0.03535094
AE(3),11,-0.04058463
AE(3),11,-0.05308258
AE(3),11,-0.11675701
AE(3),11,-0.08339838
AE(3),11,-0.06302299
AE(3),11,-0.02191267
AE(3),11,-0.10961944
AE(3),11,-0.07347909
AE(3),11,-0.04987958
AE(3),11,-0.06643827
AE(3),11,-0.03883462
AE(3),11,-0.05318882
AE(3),11,-0.04441748
AE(3),11,-0.07858088
AE(3),11,-0.02143036
AE(3),11,-0.03518307
AE(3),11,-0.05014200
AE(3),11,-0.04444319
AE(3),11,-0.06217940
AE(3),11,-0.05144839
AE(3),11,-0.03819210
AE(3),11,-0.04811022
AE(3),11,-0.06640855
AE(3),11,-0.03096322
AE(3),11,-0.06455814
AE(3),11,0.02903993
AE(3),11,0.00153654
AE(3),11,-0.05646822
AE(3),11,-0.03555722
AE(3),11,-0.05929556
AE(3),11,-0.07595479
AE(3),11,-0.04919784
AE(3),11,-0.05341928
AE(3),11,-0.07636660
AE(3),11,-0.01100356
AE(3),11,-0.03829568
AE(3),11,-0.06142571
AE(3),11,-0.03355621
AE(3),11,-0.01864641
AE(3),11,-0.02809632
AE(3),11,-0.04774791
AE(3),11,-0.03499153
AE(3),11,0.01270262
AE(3),11,-0.04468966
AE(3),11,-0.08447638
AE(3),11,-0.10977303
AE(3),11,-0.03895305
AE(3),11,-0.08342783
AE(3),11,-0.03994021
AE(3),11,-0.10316938
AE(3),11,-0.00500018
AE(3),11,-0.07015196
AE(3),11,-0.03581586
AE(3),11,0.00507167
AE(3),11,-0.00790564
AE(3),11,0.00569561
AE(3),11,-0.01260160
AE(3),11,-0.11610465
AE(3),11,-0.02521338
AE(3),11,-0.05669276
AE(3),11,-0.12597825
AE(3),11,-0.05407009
AE(3),11,-0.03932759
AE(3),11,-0.00402730
AE(3),11,-0.03695177
AE(3),11,-0.01135576
AE(3),11,-0.02750485
AE(3),11,-0.01445171
AE(3),11,-0.13024738
AE(3),11,0.01006438
AE(3),11,-0.02528952
AE(3),11,-0.03846556
AE(3),11,-0.01612542
AE(3),11,-0.03945303
AE(3),11,-0.09317890
AE(3),11,-0.01371170
AE(3),11,-0.02019234
AE(3),11,0.00411571
AE(3),11,-0.01960504
AE(3),11,-0.01951856
AE(3),11,-0.02815349
AE(3),11,-0.09416768
AE(3),11,-0.03132302
AE(3),11,-0.00073118
AE(3),11,-0.04891091
AE(3),11,0.01416338
AE(3),11,0.03083721
AE(3),11,-0.08049102
AE(3),11,0.00040178
AE(3),11,-0.03812678
AE(3),11,0.00840402
AE(3),11,-0.02488673
AE(3),11,-0.01759118
AE(3),11,-0.07783944
AE(3),11,-0.05173253
AE(3),11,-0.00786727
AE(3),11,0.02041939
AE(3),11,-0.02812749
AE(3),11,-0.02106603
AE(3),11,-0.02609174
AE(3),11,-0.03879005
AE(3),11,-0.01621970
AE(3),11,-0.06794225
AE(3),11,-0.05041367
AE(3),11,-0.04642241
AE(3),11,-0.17332356
AE(3),11,-0.05565343
AE(3),11,-0.05274434
AE(3),11,-0.08803993
AE(3),11,-0.06149069
AE(3),11,-0.00030657
AE(3),11,-0.03614143
AE(3),11,0.04117182
AE(3),11,-0.11749766
AE(3),11,-0.01988281
AE(3),11,-0.05968755
AE(3),11,-0.00872069
AE(3),11,-0.07824311
AE(3),11,-0.05589544
AE(3),11,-0.01255010
AE(3),11,-0.07578753
AE(3),11,-0.06369243
AE(3),11,-0.05132760
AE(3),11,-0.09328338
AE(3),11,-0.08801602
AE(3),11,-0.05595429
AE(3),11,-0.05499569
AE(3),11,-0.08351614
AE(3),11,-0.10368575
AE(3),11,-0.04790961
AE(3),11,-0.06848653
AE(3),11,-0.06408713
AE(3),11,-0.11016937
AE(3),11,-0.04363592
AE(3),11,-0.01216088
AE(3),11,-0.07808221
AE(3),11,-0.03618228
AE(3),11,-0.04772141
AE(3),11,-0.09406158
AE(3),11,-0.06598022
AE(3),11,-0.06986899
AE(3),11,-0.07101619
AE(3),11,-0.04497920
AE(3),11,-0.01583725
AE(3),11,-0.02012390
AE(3),11,-0.04923496
AE(3),11,-0.08790428
AE(3),11,-0.02422061
AE(3),11,-0.04805728
AE(3),11,-0.09597349
AE(3),11,-0.08040507
AE(3),11,0.01916559
AE(3),11,-0.05126879
AE(3),11,-0.00125959
AE(3),11,-0.06721642
AE(3),11,-0.08107955
AE(3),11,-0.09404172
AE(3),11,-0.00143700
AE(3),11,-0.07570006
AE(3),11,-0.01952753
AE(3),11,-0.01664370
AE(3),11,-0.07436776
AE(3),11,-0.03111240
AE(3),11,-0.06260826
AE(3),11,-0.03900202
AE(3),11,-0.01866734
AE(3),11,-0.04039266
AE(3),11,-0.04738792
AE(3),11,-0.02490654
AE(3),11,-0.04339227
AE(3),11,-0.06479374
AE(3),11,-0.04249273
AE(3),11,0.00046501
AE(3),11,-0.05757927
AE(3),11,-0.01025196
AE(3),11,0.00016271
AE(3),11,-0.09848867
AE(3),11,-0.03615160
AE(3),11,-0.08372610
AE(3),11,-0.07786385
AE(3),11,-0.05525379
AE(3),11,-0.08657602
AE(3),11,-0.04076659
AE(3),11,0.01802922
AE(3),11,-0.13128375
AE(3),11,-0.04778392
AE(3),11,-0.06315885
AE(3),11,-0.04990247
AE(3),11,0.00498084
AE(3),11,0.03324913
AE(3),11,-0.08341027
AE(3),11,-0.00206583
AE(3),11,-0.06696613
AE(3),11,-0.03609851
AE(3),11,-0.03074934
AE(3),11,-0.05033738
AE(3),11,-0.00688184
AE(3),11,-0.00651915
AE(3),11,-0.07103338
AE(3),11,-0.04442336
AE(3),11,-0.04511390
AE(3),11,-0.01357167
AE(3),11,-0.02735551
AE(3),11,0.01067827
AE(3),11,-0.05974811
AE(3),11,-0.06039422
AE(3),11,-0.03069765
AE(3),11,-0.00087901
AE(3),11,-0.01289639
AE(3),11,-0.03101978
AE(3),11,-0.04848682
AE(3),11,-0.05026904
AE(3),11,-0.07858509
AE(3),11,-0.07774071
AE(3),11,-0.00878906
AE(3),11,-0.04160330
AE(3),11,-0.00845515
AE(3),11,-0.02082097
AE(3),11,-0.06584915
AE(3),11,-0.00981169
AE(3),11,-0.05529136
AE(3),11,-0.05594812
AE(3),11,-0.05467696
AE(3),11,-0.08305650
AE(3),11,-0.07283013
AE(3),11,-0.05614097
AE(3),11,-0.06519029
AE(3),11,-0.02341407
AE(3),11,-0.04067308
AE(3),11,-0.08782631
AE(3),11,-0.10458480
AE(3),11,-0.02641687
AE(3),11,-0.03978460
AE(3),11,-0.06258757
AE(3),11,-0.10782705
AE(3),11,-0.14194043
AE(3),11,-0.09309873
AE(3),11,-0.00182751
AE(3),11,-0.02282923
AE(3),11,-0.11354231
AE(3),11,-0.04350343
AE(3),11,-0.08610586
AE(3),11,-0.08327498
AE(3),11,-0.03616465
AE(3),11,-0.09953118
AE(3),11,-0.07472505
AE(3),11,-0.07555859
AE(3),11,-0.06130439
AE(3),11,-0.02855509
AE(3),11,-0.02317479
AE(3),11,-0.07240540
AE(3),11,-0.02115113
AE(3),11,-0.07638863
AE(3),11,-0.09196461
AE(3),11,-0.03121007
AE(3),12,-0.01820720
AE(3),12,-0.02692236
AE(3),12,0.11835116
AE(3),12,-0.06732004
AE(3),12,0.04585398
AE(3),12,-0.05244863
AE(3),12,0.00880879
AE(3),12,-0.03198979
AE(3),12,-0.01967306
AE(3),12,0.04059850
AE(3),12,-0.04636680
AE(3),12,0.00326503
AE(3),12,-0.02499504
AE(3),12,0.05572699
AE(3),12,-0.01954726
AE(3),12,0.01359369
AE(3),12,0.00520874
AE(3),12,0.10440492
AE(3),12,-0.04779236
AE(3),12,0.02779676
AE(3),12,0.01402550
AE(3),12,0.00901774
AE(3),12,-0.01457545
AE(3),12,-0.07733118
AE(3),12,-0.12299840
AE(3),12,-0.02544812
AE(3),12,-0.07698706
AE(3),12,0.00461199
AE(3),12,0.01411543
AE(3),12,0.09026836
AE(3),12,-0.00166232
AE(3),12,0.01376810
AE(3),12,-0.02392687
AE(3),12,0.03431575
AE(3),12,-0.05712907
AE(3),12,-0.05721401
AE(3),12,-0.02860106
AE(3),12,0.01235082
AE(3),12,-0.02419017
AE(3),12,0.02665758
AE(3),12,-0.01405040
AE(3),12,-0.01804123
AE(3),12,0.01300203
AE(3),12,-0.04764493
AE(3),12,0.02245698
AE(3),12,-0.02961078
AE(3),12,0.02182295
AE(3),12,-0.01085314
AE(3),12,-0.02366739
AE(3),12,-0.02427087
AE(3),12,0.02161645
AE(3),12,-0.05688413
AE(3),12,-0.01939867
AE(3),12,-0.04334647
AE(3),12,-0.04789211
AE(3),12,-0.06546742
AE(3),12,-0.03715828
AE(3),12,-0.06044679
AE(3),12,-0.07219813
AE(3),12,-0.01457869
AE(3),12,-0.03705763
AE(3),12,-0.01188075
AE(3),12,0.03160042
AE(3),12,-0.06738587
AE(3),12,-0.06700926
AE(3),12,-0.03114156
AE(3),12,-0.02585952
AE(3),12,-0.04311513
AE(3),12,-0.05268473
AE(3),12,-0.00287621
AE(3),12,0.01451948
AE(3),12,-0.00266207
AE(3),12,0.02115557
AE(3),12,-0.03166197
AE(3),12,-0.03196625
AE(3),12,0.03147852
AE(3),12,0.00055570
AE(3),12,-0.00961113
AE(3),12,-0.07483604
AE(3),12,-0.03023430
AE(3),12,-0.00527890
AE(3),12,-0.02547274
AE(3),12,-0.04017394
AE(3),12,-0.05849240
AE(3),12,0.04745753
AE(3),12,-0.03696171
AE(3),12,-0.02796199
AE(3),12,0.02052628
AE(3),12,-0.01435300
AE(3),12,0.01114292
AE(3),12,-0.03835046
AE(3),12,0.01029359
AE(3),12,-0.04699215
AE(3),12,-0.02936546
AE(3),12,-0.05865160
AE(3),12,-0.01447870
AE(3),12,-0.00718476
AE(3),12,-0.01849471
AE(3),12,0.02761352
AE(3),12,-0.03654006
AE(3),12,-0.00360101
AE(3),12,-0.02321200
AE(3),12,0.02865150
AE(3),12,0.07298059
AE(3),12,0.01936468
AE(3),12,0.09286186
AE(3),12,0.08232662
AE(3),12,0.08038559
AE(3),12,0.00409530
AE(3),12,0.05169178
AE(3),12,0.06105826
AE(3),12,-0.02892373
AE(3),12,0.04384200
AE(3),12,-0.06883996
AE(3),12,0.01151776
AE(3),12,-0.02121360
AE(3),12,0.02457600
AE(3),12,0.05193455
AE(3),12,0.00939627
AE(3),12,0.10249342
AE(3),12,0.04602648
AE(3),12,-0.00892067
AE(3),12,-0.02358092
AE(3),12,0.00694973
AE(3),12,0.03665977
AE(3),12,0.06014983
AE(3),12,-0.01901209
AE(3),12,0.06822269
AE(3),12,0.07541667
AE(3),12,-0.03510859
AE(3),12,0.03551104
AE(3),12,-0.01112834
AE(3),12,0.03350312
AE(3),12,0.03975721
AE(3),12,0.05311660
AE(3),12,0.02756236
AE(3),12,0.01898249
AE(3),12,-0.05072072
AE(3),12,0.02850538
AE(3),12,-0.03740353
AE(3),12,-0.05624889
AE(3),12,-0.04348065
AE(3),12,0.04578037
AE(3),12,0.00240166
AE(3),12,0.01567461
AE(3),12,-0.00836179
AE(3),12,0.05599386
AE(3),12,0.00025871
AE(3),12,0.04126342
AE(3),12,0.01992737
AE(3),12,0.02325346
AE(3),12,-0.03139666
AE(3),12,-0.04662777
AE(3),12,-0.00936325
AE(3),12,0.02425846
AE(3),12,0.01082135
AE(3),12,-0.03784869
AE(3),12,0.04865711
AE(3),12,0.01494391
AE(3),12,0.00350292
AE(3),12,0.01342861
AE(3),12,0.05483131
AE(3),12,-0.02797473
AE(3),12,0.01344693
AE(3),12,0.01670294
AE(3),12,-0.03772828
AE(3),12,-0.03860746
AE(3),12,0.02719946
AE(3),12,0.02922440
AE(3),12,0.00790169
AE(3),12,-0.03541947
AE(3),12,0.10137581
AE(3),12,0.01088358
AE(3),12,-0.01126250
AE(3),12,-0.02054876
AE(3),12,-0.10376862
AE(3),12,-0.01112891
AE(3),12,-0.01164530
AE(3),12,0.03408145
AE(3),12,-0.02319073
AE(3),12,0.00029101
AE(3),12,0.01909927
AE(3),12,0.04009480
AE(3),12,-0.00522064
AE(3),12,-0.00552800
AE(3),12,0.03967655
AE(3),12,-0.05046565
AE(3),12,-0.04318879
AE(3),12,-0.03455238
AE(3),12,0.02249532
AE(3),12,-0.01015000
AE(3),12,0.00251541
AE(3),12,0.00752093
AE(3),12,-0.04793773
AE(3),12,-0.03805030
AE(3),12,0.03504682
AE(3),12,0.00374437
AE(3),12,-0.04146501
AE(3),12,-0.04179336
AE(3),12,-0.06197867
AE(3),12,0.00173497
AE(3),12,0.00478378
AE(3),12,-0.00123792
AE(3),12,-0.01834396
AE(3),12,-0.03978378
AE(3),12,-0.06776954
AE(3),12,-0.02125169
AE(3),12,0.04449946
AE(3),12,-0.02306306
AE(3),12,-0.01798621
AE(3),12,0.00217071
AE(3),12,-0.03516692
AE(3),12,-0.03988417
AE(3),12,-0.05838071
AE(3),12,0.00170854
AE(3),12,-0.02493317
AE(3),12,0.00855176
AE(3),12,-0.00549248
AE(3),12,-0.01712715
AE(3),12,0.02193609
AE(3),12,-0.00269203
AE(3),12,0.02080150
AE(3),12,-0.03884042
AE(3),12,0.01113782
AE(3),12,-0.03103650
AE(3),12,-0.00891981
AE(3),12,-0.07355573
AE(3),12,-0.04186189
AE(3),12,-0.00608801
AE(3),12,-0.02887205
AE(3),12,-0.03167530
AE(3),12,0.08911134
AE(3),12,0.19380697
AE(3),12,-0.03227732
AE(3),12,-0.04226256
AE(3),12,-0.07085729
AE(3),12,-0.04569882
AE(3),12,-0.03761720
AE(3),12,0.01844187
AE(3),12,-0.03463629
AE(3),12,-0.05732370
AE(3),12,-0.02149538
AE(3),12,0.02174918
AE(3),12,0.04059422
AE(3),12,-0.07638850
AE(3),12,-0.00127577
AE(3),12,0.02425784
AE(3),12,-0.00540756
AE(3),12,-0.02347906
AE(3),12,0.00961196
AE(3),12,-0.00754397
AE(3),12,-0.03503062
AE(3),12,-0.00717585
AE(3),12,0.00322734
AE(3),12,0.01976477
AE(3),12,-0.01127850
AE(3),12,0.01561546
AE(3),12,-0.01501145
AE(3),12,-0.03870873
AE(3),12,0.03359104
AE(3),12,0.04458644
AE(3),12,0.02422706
AE(3),12,-0.03363910
AE(3),12,0.01673645
AE(3),12,0.00114608
AE(3),12,-0.04018273
AE(3),12,0.02604594
AE(3),12,-0.02018913
AE(3),12,-0.03407690
AE(3),12,-0.04059547
AE(3),12,0.02107162
AE(3),12,-0.05089615
AE(3),12,0.01149676
AE(3),12,-0.01759103
AE(3),12,-0.04604202
AE(3),12,-0.04392844
AE(3),12,-0.02969827
AE(3),12,-0.05314243
AE(3),12,-0.02805855
AE(3),12,-0.02656357
AE(3),12,-0.07766796
AE(3),12,-0.02937860
AE(3),12,-0.03985809
AE(3),12,0.03986077
AE(3),12,0.04340767
AE(3),12,-0.02541290
AE(3),12,0.01389711
AE(3),12,-0.03235780
AE(3),12,-0.05546583
AE(3),12,-0.01407761
AE(3),12,-0.04477842
AE(3),12,-0.01619540
AE(3),12,0.01169929
AE(3),12,-0.10774522
AE(3),12,-0.00986012
AE(3),12,0.02809784
AE(3),12,-0.01521435
AE(3),12,-0.04338089
AE(3),12,-0.06302000
AE(3),12,-0.04662820
AE(3),12,-0.05045780
AE(3),12,-0.01282839
AE(3),12,0.03840459
AE(3),12,-0.03891064
AE(3),12,-0.01041056
AE(3),12,-0.05433606
AE(3),12,-0.02470022
AE(3),12,-0.02237013
AE(5),1,0.01897295
AE(5),1,0.02063061
AE(5),1,-0.04618744
AE(5),1,0.02926886
AE(5),1,0.01472692
AE(5),1,0.09853532
AE(5),1,0.06511890
AE(5),1,0.07924014
AE(5),1,0.14729205
AE(5),1,-0.00573026
AE(5),1,0.02249863
AE(5),1,0.00860964
AE(5),1,0.06313126
AE(5),1,0.02912297
AE(5),1,0.07063152
AE(5),1,-0.04432186
AE(5),1,-0.01846516
AE(5),1,-0.05816016
AE(5),1,0.00904324
AE(5),1,-0.00012450
AE(5),1,0.04165062
AE(5),1,-0.02029446
AE(5),1,-0.02692374
AE(5),1,0.05844088
AE(5),1,0.00555057
AE(5),1,0.01377093
AE(5),1,0.02162769
AE(5),1,0.09453979
AE(5),1,0.12933334
AE(5),1,-0.00759646
AE(5),1,0.07673479
AE(5),1,0.13235104
AE(5),1,0.07210016
AE(5),1,0.05600830
AE(5),1,0.11421461
AE(5),1,0.02115810
AE(5),1,0.09768995
AE(5),1,0.03875039
AE(5),1,0.11252773
AE(5),1,0.00817442
AE(5),1,0.07427763
AE(5),1,0.07282718
AE(5),1,0.06028658
AE(5),1,0.15524789
AE(5),1,0.06500451
AE(5),1,0.08749527
AE(5),1,0.05244188
AE(5),1,0.08011485
AE(5),1,0.16581407
AE(5),1,0.10357576
AE(5),1,0.02494016
AE(5),1,0.04738504
AE(5),1,0.04817380
AE(5),1,0.04590537
AE(5),1,0.05688788
AE(5),1,0.02655245
AE(5),1,0.03958621
AE(5),1,0.08918858
AE(5),1,-0.00613106
AE(5),1,0.05463165
AE(5),1,0.01216636
AE(5),1,0.06885316
AE(5),1,0.07028491
AE(5),1,0.13244926
AE(5),1,0.05517307
AE(5),1,0.01962678
AE(5),1,0.03264621
AE(5),1,0.04869081
AE(5),1,0.03081935
AE(5),1,0.09907095
AE(5),1,0.04908644
AE(5),1,0.02979638
AE(5),1,0.05662917
AE(5),1,0.02209516
AE(5),1,0.20785597
AE(5),1,0.00596745
AE(5),1,0.05810937
AE(5),1,0.00498439
AE(5),1,0.04851118
AE(5),1,0.01316435
AE(5),1,0.02154357
AE(5),1,-0.02930259
AE(5),1,-0.01534929
AE(5),1,-0.00402722
AE(5),1,0.00456927
AE(5),1,-0.02889510
AE(5),1,-0.02116962
AE(5),1,-0.01553418
AE(5),1,0.06444087
AE(5),1,0.03637751
AE(5),1,0.01479079
AE(5),1,0.00687274
AE(5),1,0.02704594
AE(5),1,-0.00262857
AE(5),1,0.06308269
AE(5),1,0.01042859
AE(5),1,0.00533216
AE(5),1,0.07686634
AE(5),1,0.00800909
AE(5),1,0.01675964
AE(5),1,0.14545857
AE(5),1,0.01823123
AE(5),1,0.01360404
AE(5),1,-0.01222513
AE(5),1,0.01977582
AE(5),1,-0.01550996
AE(5),1,-0.02324010
AE(5),1,0.02129377
AE(5),1,0.04295342
AE(5),1,0.02839294
AE(5),1,0.04477342
AE(5),1,-0.02511416
AE(5),1,0.04033842
AE(5),1,0.03152301
AE(5),1,0.03257158
AE(5),1,-0.06670814
AE(5),1,0.06943904
AE(5),1,0.05570927
AE(5),1,0.02634299
AE(5),1,0.01876288
AE(5),1,0.07834587
AE(5),1,-0.00398522
AE(5),1,0.09555473
AE(5),1,0.00006390
AE(5),1,-0.01411155
AE(5),1,-0.07382470
AE(5),1,-0.02287294
AE(5),1,-0.01862557
AE(5),1,0.00670785
AE(5),1,-0.04091455
AE(5),1,-0.03253523
AE(5),1,0.11070111
AE(5),1,0.04572769
AE(5),1,0.00858984
AE(5),1,-0.01368724
AE(5),1,0.08288050
AE(5),1,0.05320562
AE(5),1,0.01189414
AE(5),1,-0.01318054
AE(5),1,-0.02978373
AE(5),1,-0.04963691
AE(5),1,-0.01962299
AE(5),1,0.07162508
AE(5),1,-0.01826807
AE(5),1,-0.01464427
AE(5),1,0.00055751
AE(5),1,0.03127374
AE(5),1,0.03667444
AE(5),1,0.00872940
AE(5),1,0.06431348
AE(5),1,0.02989084
AE(5),1,0.03473818
AE(5),1,-0.01843754
AE(5),1,-0.04201792
AE(5),1,0.09221939
AE(5),1,0.05054033
AE(5),1,0.00160532
AE(5),1,0.00409370
AE(5),1,-0.01379767
AE(5),1,0.03010418
AE(5),1,-0.05700235
AE(5),1,0.04921032
AE(5),1,-0.04076238
AE(5),1,-0.05444249
AE(5),1,0.09302470
AE(5),1,-0.02619767
AE(5),1,-0.01771445
AE(5),1,0.05674488
AE(5),1,-0.00365640
AE(5),1,-0.05576237
AE(5),1,0.09318656
AE(5),1,0.01372504
AE(5),1,-0.01361993
AE(5),1,-0.00619093
AE(5),1,0.01924072
AE(5),1,0.03360025
AE(5),1,-0.00373018
AE(5),1,0.05597051
AE(5),1,-0.03023644
AE(5),1,0.02702018
AE(5),1,-0.07258163
AE(5),1,0.06460161
AE(5),1,0.06772966
AE(5),1,0.14048919
AE(5),1,0.06036400
AE(5),1,0.01894950
AE(5),1,-0.00276843
AE(5),1,0.03668124
AE(5),1,0.03289982
AE(5),1,0.01505849
AE(5),1,0.02193952
AE(5),1,0.00887464
AE(5),1,0.04879832
AE(5),1,-0.01399455
AE(5),1,-0.02300374
AE(5),1,0.00581329
AE(5),1,0.10400033
AE(5),1,0.00099998
AE(5),1,-0.03695850
AE(5),1,0.02223100
AE(5),1,0.04441410
AE(5),1,0.00894778
AE(5),1,0.06485910
AE(5),1,0.01564295
AE(5),1,0.00969343
AE(5),1,0.04648255
AE(5),1,-0.00664011
AE(5),1,0.03802629
AE(5),1,0.04486466
AE(5),1,0.02703054
AE(5),1,-0.00993122
AE(5),1,-0.04009395
AE(5),1,-0.04215273
AE(5),1,-0.02518254
AE(5),1,0.01512432
AE(5),1,0.04135685
AE(5),1,-0.01940613
AE(5),1,0.02654013
AE(5),1,0.08628920
AE(5),1,0.14386635
AE(5),1,-0.00502231
AE(5),1,0.01119267
AE(5),1,0.00329117
AE(5),1,0.11482268
AE(5),1,0.10267989
AE(5),1,0.06120810
AE(5),1,-0.00845642
AE(5),1,0.11699748
AE(5),1,0.07912796
AE(5),1,0.02581965
AE(5),1,0.08448060
AE(5),1,0.03863516
AE(5),1,-0.00696686
AE(5),1,0.15885575
AE(5),1,0.03184001
AE(5),1,0.05806753
AE(5),1,0.09356501
AE(5),1,-0.03951046
AE(5),1,0.06637432
AE(5),1,0.11990064
AE(5),1,0.02795698
AE(5),1,-0.00353331
AE(5),1,0.00382682
AE(5),1,0.00040746
AE(5),2,0.07375610
AE(5),2,-0.01449499
AE(5),2,0.02660830
AE(5),2,0.02833745
AE(5),2,0.00411544
AE(5),2,0.03740952
AE(5),2,-0.01505990
AE(5),2,-0.05231387
AE(5),2,-0.01469887
AE(5),2,-0.01138649
AE(5),2,-0.00297815
AE(5),2,0.04344421
AE(5),2,-0.05456720
AE(5),2,0.05430820
AE(5),2,0.06773621
AE(5),2,-0.01063141
AE(5),2,-0.01014956
AE(5),2,-0.00177147
AE(5),2,-0.01342046
AE(5),2,0.00625583
AE(5),2,-0.00846940
AE(5),2,0.05400760
AE(5),2,0.00437657
AE(5),2,0.02610776
AE(5),2,0.02150050
AE(5),2,-0.01463519
AE(5),2,0.04856820
AE(5),2,-0.01299855
AE(5),2,0.00162206
AE(5),2,0.07331178
AE(5),2,0.02980569
AE(5),2,0.04068485
AE(5),2,0.00884217
AE(5),2,0.01949651
AE(5),2,0.01952421
AE(5),2,0.10333168
AE(5),2,-0.02943191
AE(5),2,0.03080127
AE(5),2,0.00915631
AE(5),2,0.00625899
AE(5),2,-0.01220370
AE(5),2,0.04808861
AE(5),2,-0.00416422
AE(5),2,0.01562785
AE(5),2,-0.01295099
AE(5),2,-0.04105508
AE(5),2,0.02779657
AE(5),2,0.00707779
AE(5),2,0.01053940
AE(5),2,0.02952920
AE(5),2,-0.03829046
AE(5),2,0.01228469
AE(5),2,0.04759779
AE(5),2,0.06390183
AE(5),2,-0.02384597
AE(5),2,0.01208884
AE(5),2,-0.02488656
AE(5),2,0.04493969
AE(5),2,0.02347551
AE(5),2,0.04028401
AE(5),2,-0.00864401
AE(5),2,0.03576208
AE(5),2,0.01232107
AE(5),2,0.00983262
AE(5),2,-0.00132005
AE(5),2,0.00162372
AE(5),2,0.02138043
AE(5),2,-0.00625796
AE(5),2,-0.01195381
AE(5),2,-0.03636033
AE(5),2,-0.00161114
AE(5),2,-0.01215981
AE(5),2,-0.05881584
AE(5),2,-0.02985271
AE(5),2,0.01457246
AE(5),2,0.04044364
AE(5),2,0.02708186
AE(5),2,0.02452124
AE(5),2,0.01599410
AE(5),2,-0.03973162
AE(5),2,0.00958204
AE(5),2,-0.05706581
AE(5),2,0.00840898
AE(5),2,-0.03870090
AE(5),2,0.01753710
AE(5),2,-0.02283891
AE(5),2,-0.02474383
AE(5),2,-0.03170498
AE(5),2,-0.03879941
AE(5),2,-0.02358732
AE(5),2,-0.02822427
AE(5),2,-0.03155398
AE(5),2,-0.05712152
AE(5),2,-0.05689714
AE(5),2,-0.08094731
AE(5),2,-0.03753319
AE(5),2,0.00414362
AE(5),2,-0.00527430
AE(5),2,-0.05504598
AE(5),2,0.03386529
AE(5),2,-0.06244038
AE(5),2,-0.00818420
AE(5),2,-0.00043968
AE(5),2,-0.02907709
AE(5),2,-0.01505294
AE(5),2,-0.01800638
AE(5),2,-0.06074391
AE(5),2,-0.06159910
AE(5),2,-0.08268653
AE(5),2,0.02024732
AE(5),2,-0.01933352
AE(5),2,-0.02776398
AE(5),2,-0.02077250
AE(5),2,0.02790188
AE(5),2,0.01694998
AE(5),2,0.00008587
AE(5),2,-0.01929091
AE(5),2,-0.03705598
AE(5),2,-0.05241940
AE(5),2,0.00351953
AE(5),2,-0.02468336
AE(5),2,-0.05286310
AE(5),2,-0.00027736
AE(5),2,0.03390597
AE(5),2,-0.02816824
AE(5),2,0.01591153
AE(5),2,0.02850855
AE(5),2,-0.01283878
AE(5),2,-0.00291426
AE(5),2,-0.02523930
AE(5),2,0.00775715
AE(5),2,0.05119103
AE(5),2,-0.04686223
AE(5),2,0.01650874
AE(5),2,-0.04808083
AE(5),2,0.06160758
AE(5),2,0.00812672
AE(5),2,-0.03591384
AE(5),2,-0.01027496
AE(5),2,0.02581030
AE(5),2,0.02856134
AE(5),2,-0.02318058
AE(5),2,0.00952126
AE(5),2,-0.00581605
AE(5),2,-0.00885758
AE(5),2,-0.02486721
AE(5),2,0.01694547
AE(5),2,0.01475246
AE(5),2,0.03355390
AE(5),2,0.02708765
AE(5),2,0.01771331
AE(5),2,-0.03246392
AE(5),2,-0.04533789
AE(5),2,0.01220348
AE(5),2,0.01330675
AE(5),2,-0.01133282
AE(5),2,-0.01382551
AE(5),2,-0.02694438
AE(5),2,-0.05558793
AE(5),2,-0.07094598
AE(5),2,-0.04429566
AE(5),2,-0.04886754
AE(5),2,-0.01608979
AE(5),2,0.00658285
AE(5),2,-0.04103105
AE(5),2,-0.09199522
AE(5),2,-0.01833202
AE(5),2,0.06742012
AE(5),2,-0.04491423
AE(5),2,-0.03661762
AE(5),2,-0.02246634
AE(5),2,0.00778647
AE(5),2,-0.01385735
AE(5),2,-0.07590746
AE(5),2,-0.03278220
AE(5),2,-0.06806886
AE(5),2,-0.07434328
AE(5),2,-0.02505942
AE(5),2,-0.10045416
AE(5),2,-0.05674496
AE(5),2,-0.04504311
AE(5),2,-0.04487846
AE(5),2,-0.00475276
AE(5),2,0.01536107
AE(5),2,-0.05733849
AE(5),2,-0.00763326
AE(5),2,0.13923021
AE(5),2,-0.00251217
AE(5),2,0.00099199
AE(5),2,-0.00509364
AE(5),2,0.01738121
AE(5),2,0.02554483
AE(5),2,-0.02769686
AE(5),2,0.01234315
AE(5),2,0.00428306
AE(5),2,-0.01177605
AE(5),2,0.04209981
AE(5),2,-0.02733493
AE(5),2,0.01123109
AE(5),2,0.03629581
AE(5),2,-0.01643934
AE(5),2,-0.02326306
AE(5),2,-0.05129636
AE(5),2,-0.02845800
AE(5),2,0.04814675
AE(5),2,-0.00783462
AE(5),2,0.00106875
AE(5),2,-0.01199084
AE(5),2,-0.01733037
AE(5),2,-0.01347669
AE(5),2,-0.00058987
AE(5),2,0.01156239
AE(5),2,-0.02187760
AE(5),2,0.01342430
AE(5),2,-0.01209607
AE(5),2,-0.01198196
AE(5),2,0.00720391
AE(5),2,0.02114494
AE(5),2,-0.02643595
AE(5),2,-0.02103844
AE(5),2,-0.06512979
AE(5),2,-0.06634280
AE(5),2,-0.00384996
AE(5),2,-0.06421583
AE(5),2,0.03235425
AE(5),2,-0.06182684
AE(5),2,-0.00540641
AE(5),2,0.02441934
AE(5),2,-0.00691076
AE(5),2,-0.06277594
AE(5),2,-0.02156708
AE(5),2,-0.03981656
AE(5),2,-0.03765529
AE(5),2,-0.01661638
AE(5),2,-0.04815272
AE(5),2,-0.02205834
AE(5),2,0.02589443
AE(5),2,-0.05132069
AE(5),2,-0.10032011
AE(5),2,-0.00390958
AE(5),2,-0.00608245
AE(5),2,-0.00438576
AE(5),2,-0.03886801
AE(5),2,-0.01277314
AE(5),2,-0.01454191
AE(5),3,-0.01834931
AE(5),3,0.03004694
AE(5),3,0.01536883
AE(5),3,0.05672413
AE(5),3,0.05778611
AE(5),3,-0.00345802
AE(5),3,-0.00967010
AE(5),3,0.03849828
AE(5),3,0.03064762
AE(5),3,0.03767381
AE(5),3,-0.01426857
AE(5),3,-0.00536997
AE(5),3,0.04280370
AE(5),3,-0.00778042
AE(5),3,-0.01007213
AE(5),3,0.00152572
AE(5),3,0.02915332
AE(5),3,-0.01097149
AE(5),3,0.01743228
AE(5),3,0.00979810
AE(5),3,0.00898185
AE(5),3,0.05660592
AE(5),3,0.00248109
AE(5),3,-0.02707213
AE(5),3,0.00942250
AE(5),3,0.02924785
AE(5),3,0.03062503
AE(5),3,0.02971124
AE(5),3,0.00014468
AE(5),3,0.02074445
AE(5),3,-0.00020117
AE(5),3,0.10882218
AE(5),3,0.04281012
AE(5),3,0.04794403
AE(5),3,-0.01299063
AE(5),3,0.00857951
AE(5),3,0.04514976
AE(5),3,0.04053617
AE(5),3,0.06126497
AE(5),3,0.04969542
AE(5),3,0.09685028
AE(5),3,0.05666010
AE(5),3,0.00920142
AE(5),3,-0.02066173
AE(5),3,0.04961507
AE(5),3,0.07604027
AE(5),3,0.04830947
AE(5),3,-0.01352571
AE(5),3,0.01400892
AE(5),3,0.03871574
AE(5),3,0.05451168
AE(5),3,0.04004657
AE(5),3,0.06726969
AE(5),3,0.03814555
AE(5),3,-0.00209393
AE(5),3,0.06033363
AE(5),3,0.00966262
AE(5),3,0.03266641
AE(5),3,0.02000595
AE(5),3,0.06229694
AE(5),3,0.00303256
AE(5),3,0.06937056
AE(5),3,0.03824867
AE(5),3,-0.03487364
AE(5),3,0.02482508
AE(5),3,-0.00816868
AE(5),3,0.04111146
AE(5),3,0.04868231
AE(5),3,0.07335287
AE(5),3,-0.01283303
AE(5),3,0.09397229
AE(5),3,0.03941380
AE(5),3,0.04056568
AE(5),3,0.08091190
AE(5),3,0.00935613
AE(5),3,0.01666581
AE(5),3,-0.00612905
AE(5),3,0.01942842
AE(5),3,0.02291417
AE(5),3,0.02865263
AE(5),3,0.06485858
AE(5),3,0.00929527
AE(5),3,0.05536670
AE(5),3,-0.00100487
AE(5),3,-0.01366507
AE(5),3,-0.01568660
AE(5),3,-0.04009559
AE(5),3,-0.02983399
AE(5),3,-0.07758426
AE(5),3,-0.00934743
AE(5),3,-0.00144153
AE(5),3,-0.02442134
AE(5),3,-0.02085383
AE(5),3,0.04081037
AE(5),3,-0.00020114
AE(5),3,-0.03033669
AE(5),3,-0.00066501
AE(5),3,-0.00949733
AE(5),3,-0.02734512
AE(5),3,-0.04675599
AE(5),3,-0.02556768
AE(5),3,-0.01921887
AE(5),3,0.00642682
AE(5),3,-0.01052843
AE(5),3,-0.05791463
AE(5),3,-0.01632462
AE(5),3,-0.01551036
AE(5),3,-0.01757655
AE(5),3,-0.03871165
AE(5),3,-0.00358034
AE(5),3,-0.02818977
AE(5),3,0.00619200
AE(5),3,-0.01287228
AE(5),3,-0.03149629
AE(5),3,-0.00259405
AE(5),3,0.01118360
AE(5),3,-0.01586183
AE(5),3,0.00601486
AE(5),3,-0.01725341
AE(5),3,-0.02619094
AE(5),3,-0.00783776
AE(5),3,-0.01927938
AE(5),3,0.09286665
AE(5),3,0.05728096
AE(5),3,-0.01515292
AE(5),3,0.00411614
AE(5),3,-0.00982742
AE(5),3,-0.01604620
AE(5),3,0.03957622
AE(5),3,-0.00061382
AE(5),3,0.00654633
AE(5),3,-0.00389774
AE(5),3,0.01287183
AE(5),3,0.05924463
AE(5),3,-0.02729664
AE(5),3,0.02228683
AE(5),3,-0.00474301
AE(5),3,0.01490485
AE(5),3,0.01051594
AE(5),3,0.04434453
AE(5),3,-0.01748553
AE(5),3,-0.00635622
AE(5),3,-0.01545864
AE(5),3,0.00748126
AE(5),3,0.00198675
AE(5),3,0.03546662
AE(5),3,-0.01217953
AE(5),3,0.03566297
AE(5),3,-0.00822609
AE(5),3,0.05725864
AE(5),3,0.05328230
AE(5),3,0.00366502
AE(5),3,0.00653806
AE(5),3,0.01911735
AE(5),3,0.05673407
AE(5),3,0.14230043
AE(5),3,-0.01016185
AE(5),3,-0.02552953
AE(5),3,0.02127483
AE(5),3,0.07916960
AE(5),3,-0.05182301
AE(5),3,-0.04940022
AE(5),3,0.00571888
AE(5),3,0.04576143
AE(5),3,0.02127653
AE(5),3,0.05074461
AE(5),3,-0.03369100
AE(5),3,-0.00494436
AE(5),3,0.10312698
AE(5),3,0.00092516
AE(5),3,-0.00737639
AE(5),3,-0.02115951
AE(5),3,-0.00768562
AE(5),3,-0.00805850
AE(5),3,0.01796486
AE(5),3,0.03601149
AE(5),3,0.01678010
AE(5),3,0.07250592
AE(5),3,0.07550928
AE(5),3,0.04325568
AE(5),3,0.03424827
AE(5),3,-0.00802285
AE(5),3,0.05386671
AE(5),3,0.03819461
AE(5),3,0.00497304
AE(5),3,0.04014409
AE(5),3,0.01344037
AE(5),3,-0.00231457
AE(5),3,0.04801677
AE(5),3,0.00107970
AE(5),3,-0.03772677
AE(5),3,0.02355298
AE(5),3,0.04897018
AE(5),3,-0.01604351
AE(5),3,0.01823890
AE(5),3,0.03053898
AE(5),3,0.03564782
AE(5),3,-0.01458161
AE(5),3,0.00072453
AE(5),3,0.04108127
AE(5),3,-0.02943160
AE(5),3,0.04166475
AE(5),3,0.02580600
AE(5),3,0.02942076
AE(5),3,0.01754082
AE(5),3,0.00728806
AE(5),3,-0.00342793
AE(5),3,0.00700496
AE(5),3,0.02432214
AE(5),3,0.03251862
AE(5),3,0.01218742
AE(5),3,-0.00095882
AE(5),3,0.01182516
AE(5),3,0.03213622
AE(5),3,-0.01123590
AE(5),3,-0.04828656
AE(5),3,0.02804425
AE(5),3,0.01687027
AE(5),3,-0.01409539
AE(5),3,0.04825299
AE(5),3,0.03148195
AE(5),3,-0.00911847
AE(5),3,-0.02080107
AE(5),3,0.05836682
AE(5),3,0.04457753
AE(5),3,0.01292864
AE(5),3,0.01726210
AE(5),3,0.00356301
AE(5),3,0.03033035
AE(5),3,0.05369420
AE(5),3,-0.00708802
AE(5),3,-0.01508642
AE(5),3,0.03794547
AE(5),3,-0.01352374
AE(5),3,-0.00670067
AE(5),3,-0.03429622
AE(5),3,0.03474742
AE(5),3,-0.03230380
AE(5),3,-0.00790404
AE(5),3,-0.00943674
AE(5),3,0.00868374
AE(5),3,0.03650242
AE(5),3,-0.01207380
AE(5),3,0.02452990
AE(5),3,-0.00829693
AE(5),3,0.01744789
AE(5),3,0.03409399
AE(5),3,0.00155763
AE(5),3,0.08308722
AE(5),3,-0.02133722
AE(5),3,0.06946205
AE(5),3,-0.01750458
AE(5),4,0.04623254
AE(5),4,0.07882424
AE(5),4,-0.00251495
AE(5),4,0.05434322
AE(5),4,0.00476315
AE(5),4,0.02796060
AE(5),4,0.02015055
AE(5),4,-0.00791443
AE(5),4,-0.02125085
AE(5),4,0.05797682
AE(5),4,0.01918375
AE(5),4,-0.00030026
AE(5),4,-0.01119623
AE(5),4,0.02356825
AE(5),4,0.01185138
AE(5),4,0.09220971
AE(5),4,-0.01046180
AE(5),4,0.01506784
AE(5),4,0.00076154
AE(5),4,-0.02865378
AE(5),4,-0.00045444
AE(5),4,-0.01060760
AE(5),4,-0.01974764
AE(5),4,0.00391425
AE(5),4,-0.03499879
AE(5),4,-0.01712259
AE(5),4,0.00523625
AE(5),4,-0.01229136
AE(5),4,0.00583383
AE(5),4,0.08951532
AE(5),4,-0.01675356
AE(5),4,0.01522555
AE(5),4,-0.04260896
AE(5),4,-0.01828419
AE(5),4,-0.02917983
AE(5),4,0.00724795
AE(5),4,-0.01992017
AE(5),4,-0.01647006
AE(5),4,-0.05494847
AE(5),4,-0.02537984
AE(5),4,-0.04028649
AE(5),4,-0.02814289
AE(5),4,-0.00535573
AE(5),4,-0.02289907
AE(5),4,0.03643122
AE(5),4,0.00490167
AE(5),4,-0.02606041
AE(5),4,-0.04349471
AE(5),4,-0.03539237
AE(5),4,0.01543692
AE(5),4,0.04753818
AE(5),4,-0.03335758
AE(5),4,-0.05293464
AE(5),4,-0.04683775
AE(5),4,0.05144084
AE(5),4,-0.02146277
AE(5),4,-0.02309702
AE(5),4,-0.01859806
AE(5),4,0.00364496
AE(5),4,-0.02900171
AE(5),4,-0.01369996
AE(5),4,0.00226452
AE(5),4,-0.01718435
AE(5),4,-0.01410362
AE(5),4,-0.00862996
AE(5),4,-0.00677975
AE(5),4,-0.00002849
AE(5),4,0.01002453
AE(5),4,0.01398364
AE(5),4,-0.01677196
AE(5),4,-0.03500912
AE(5),4,0.02860324
AE(5),4,0.03674480
AE(5),4,0.09251574
AE(5),4,-0.01919913
AE(5),4,0.03228643
AE(5),4,-0.03085276
AE(5),4,0.06165313
AE(5),4,-0.00324404
AE(5),4,-0.01178073
AE(5),4,0.00372943
AE(5),4,0.00371185
AE(5),4,0.02668774
AE(5),4,-0.01509791
AE(5),4,0.02057652
AE(5),4,-0.02051073
AE(5),4,0.00401251
AE(5),4,-0.04801436
AE(5),4,0.02579596
AE(5),4,0.07160012
AE(5),4,0.02167789
AE(5),4,-0.00059812
AE(5),4,0.00802380
AE(5),4,0.04353269
AE(5),4,0.01465599
AE(5),4,-0.02641259
AE(5),4,-0.01368880
AE(5),4,0.01380448
AE(5),4,-0.01355655
AE(5),4,0.01005357
AE(5),4,0.00342885
AE(5),4,-0.00230555
AE(5),4,0.02925729
AE(5),4,-0.02100731
AE(5),4,-0.00665359
AE(5),4,-0.00699479
AE(5),4,0.03014259
AE(5),4,-0.00448166
AE(5),4,-0.01364770
AE(5),4,0.01225901
AE(5),4,0.00408283
AE(5),4,-0.01230402
AE(5),4,0.00065782
AE(5),4,-0.00620171
AE(5),4,-0.00698097
AE(5),4,-0.01129476
AE(5),4,-0.00281372
AE(5),4,0.01065539
AE(5),4,0.00146771
AE(5),4,0.01668405
AE(5),4,0.00443698
AE(5),4,0.00683073
AE(5),4,-0.02269578
AE(5),4,0.02803275
AE(5),4,-0.00528588
AE(5),4,-0.01698191
AE(5),4,0.00916915
AE(5),4,0.03069141
AE(5),4,0.03912603
AE(5),4,-0.00699167
AE(5),4,-0.01181401
AE(5),4,0.02206527
AE(5),4,-0.02538730
AE(5),4,0.00233751
AE(5),4,-0.00374740
AE(5),4,0.03280123
AE(5),4,-0.00654364
AE(5),4,-0.02103363
AE(5),4,-0.00511693
AE(5),4,0.11323814
AE(5),4,0.01111377
AE(5),4,-0.00283885
AE(5),4,-0.01058748
AE(5),4,-0.02986529
AE(5),4,-0.01498751
AE(5),4,0.01402234
AE(5),4,0.00534217
AE(5),4,0.03261545
AE(5),4,0.01244412
AE(5),4,0.01867514
AE(5),4,0.08338967
AE(5),4,-0.00956960
AE(5),4,0.00744008
AE(5),4,0.02271713
AE(5),4,0.00547426
AE(5),4,-0.01297200
AE(5),4,-0.01724151
AE(5),4,-0.06388918
AE(5),4,-0.06748739
AE(5),4,-0.01597972
AE(5),4,0.01913112
AE(5),4,0.07249817
AE(5),4,-0.01538276
AE(5),4,0.03345620
AE(5),4,0.03284395
AE(5),4,0.01946239
AE(5),4,0.06456446
AE(5),4,-0.02098466
AE(5),4,0.02569274
AE(5),4,-0.00421341
AE(5),4,0.03906920
AE(5),4,0.04793252
AE(5),4,0.02506998
AE(5),4,0.01686232
AE(5),4,0.00037328
AE(5),4,0.00195905
AE(5),4,0.00677844
AE(5),4,0.00767971
AE(5),4,-0.02137881
AE(5),4,0.01113839
AE(5),4,0.03644088
AE(5),4,0.06559391
AE(5),4,-0.00017326
AE(5),4,0.04704380
AE(5),4,0.06764487
AE(5),4,0.05356872
AE(5),4,0.02034380
AE(5),4,0.04637487
AE(5),4,0.04031516
AE(5),4,0.02376907
AE(5),4,0.00263011
AE(5),4,0.00186248
AE(5),4,0.08190003
AE(5),4,-0.02770836
AE(5),4,0.00308755
AE(5),4,0.02585478
AE(5),4,-0.02474501
AE(5),4,0.01824629
AE(5),4,0.02090318
AE(5),4,-0.00910374
AE(5),4,0.02761574
AE(5),4,0.00434043
AE(5),4,-0.04676627
AE(5),4,0.02761650
AE(5),4,-0.00648966
AE(5),4,-0.03267854
AE(5),4,-0.05533398
AE(5),4,-0.02266158
AE(5),4,-0.00657060
AE(5),4,-0.01809515
AE(5),4,0.00473180
AE(5),4,0.05099022
AE(5),4,-0.03484224
AE(5),4,0.06374030
AE(5),4,-0.00732213
AE(5),4,-0.04098439
AE(5),4,-0.00160514
AE(5),4,-0.01689853
AE(5),4,0.00184460
AE(5),4,0.00776707
AE(5),4,0.00697491
AE(5),4,-0.01605050
AE(5),4,0.05955482
AE(5),4,0.02304926
AE(5),4,0.00971729
AE(5),4,0.02460321
AE(5),4,0.01268083
AE(5),4,0.03600579
AE(5),4,0.04082011
AE(5),4,0.04938753
AE(5),4,0.01279708
AE(5),4,0.03599459
AE(5),4,0.03763826
AE(5),4,0.08565186
AE(5),4,0.02754722
AE(5),4,0.00593178
AE(5),4,0.05363861
AE(5),4,-0.02073208
AE(5),4,0.01486920
AE(5),4,0.01726084
AE(5),4,-0.00803425
AE(5),4,0.02075887
AE(5),4,-0.01987174
AE(5),4,0.07722052
AE(5),4,-0.00175558
AE(5),4,-0.03422032
AE(5),4,0.00920141
AE(5),4,0.10432911
AE(5),4,0.00219570
AE(5),4,0.01634383
AE(5),4,-0.00616031
AE(5),4,0.03743132
AE(5),4,-0.03253829
AE(5),4,-0.00073185
AE(5),4,-0.03426573
AE(5),4,0.02514286
AE(5),5,-0.05493046
AE(5),5,0.03571142
AE(5),5,0.00735034
AE(5),5,-0.04169380
AE(5),5,-0.01776187
AE(5),5,-0.01448264
AE(5),5,-0.01023490
AE(5),5,-0.07302690
AE(5),5,-0.01005735
AE(5),5,-0.02626951
AE(5),5,-0.05744396
AE(5),5,-0.06176040
AE(5),5,-0.03137737
AE(5),5,0.01037783
AE(5),5,0.01428358
AE(5),5,-0.03417244
AE(5),5,-0.06616262
AE(5),5,-0.00832935
AE(5),5,0.02885550
AE(5),5,-0.02014972
AE(5),5,-0.03049467
AE(5),5,-0.01138403
AE(5),5,-0.00886683
AE(5),5,-0.04318413
AE(5),5,-0.03778883
AE(5),5,-0.00157663
AE(5),5,-0.00692368
AE(5),5,0.03910734
AE(5),5,-0.02751377
AE(5),5,-0.04969965
AE(5),5,-0.04193770
AE(5),5,-0.05815328
AE(5),5,-0.05695888
AE(5),5,-0.01243800
AE(5),5,0.02498311
AE(5),5,-0.01315914
AE(5),5,-0.03568855
AE(5),5,-0.02842578
AE(5),5,0.03889540
AE(5),5,-0.04345115
AE(5),5,0.01525545
AE(5),5,-0.02314126
AE(5),5,-0.01692288
AE(5),5,-0.07235629
AE(5),5,0.07694519
AE(5),5,-0.04935165
AE(5),5,-0.01683177
AE(5),5,-0.02133571
AE(5),5,0.01566424
AE(5),5,0.00140626
AE(5),5,-0.00145077
AE(5),5,-0.02787324
AE(5),5,-0.02083234
AE(5),5,0.02068536
AE(5),5,0.01199881
AE(5),5,-0.04492851
AE(5),5,0.04870749
AE(5),5,-0.00092360
AE(5),5,-0.03763439
AE(5),5,-0.01277349
AE(5),5,0.04411234
AE(5),5,-0.00495328
AE(5),5,-0.02874812
AE(5),5,0.00341730
AE(5),5,-0.00879655
AE(5),5,-0.01652470
AE(5),5,-0.08698444
AE(5),5,-0.02615941
AE(5),5,-0.02415297
AE(5),5,-0.10049139
AE(5),5,-0.01410381
AE(5),5,-0.05758178
AE(5),5,-0.04132896
AE(5),5,-0.03346394
AE(5),5,0.04592086
AE(5),5,-0.08694182
AE(5),5,-0.04087506
AE(5),5,-0.04016564
AE(5),5,-0.08335037
AE(5),5,-0.03404450
AE(5),5,-0.04326419
AE(5),5,-0.02421290
AE(5),5,-0.06443132
AE(5),5,-0.00579948
AE(5),5,-0.01518966
AE(5),5,-0.01703927
AE(5),5,-0.00956163
AE(5),5,-0.03482939
AE(5),5,-0.04325416
AE(5),5,-0.02071692
AE(5),5,0.00023708
AE(5),5,-0.06698389
AE(5),5,-0.01521975
AE(5),5,-0.04676976
AE(5),5,-0.00140545
AE(5),5,-0.03777420
AE(5),5,-0.01244661
AE(5),5,-0.03555960
AE(5),5,-0.05733177
AE(5),5,-0.02227201
AE(5),5,-0.04442445
AE(5),5,-0.03799909
AE(5),5,-0.07595267
AE(5),5,-0.02432286
AE(5),5,-0.01472320
AE(5),5,-0.02125686
AE(5),5,-0.02606124
AE(5),5,-0.01275969
AE(5),5,0.02545812
AE(5),5,-0.04517896
AE(5),5,-0.02062203
AE(5),5,0.00813082
AE(5),5,-0.02342035
AE(5),5,-0.05495439
AE(5),5,-0.06385423
AE(5),5,0.02419230
AE(5),5,-0.00095951
AE(5),5,0.02846797
AE(5),5,-0.07456848
AE(5),5,0.06612318
AE(5),5,0.01164504
AE(5),5,0.04803298
AE(5),5,0.04660119
AE(5),5,0.04912506
AE(5),5,0.06116588
AE(5),5,0.09628340
AE(5),5,0.10148021
AE(5),5,0.07160297
AE(5),5,-0.08573725
AE(5),5,-0.01906649
AE(5),5,0.07729418
AE(5),5,-0.03476587
AE(5),5,0.06316768
AE(5),5,-0.01462912
AE(5),5,-0.02560499
AE(5),5,0.03163766
AE(5),5,0.04540611
AE(5),5,0.07672740
AE(5),5,0.03333227
AE(5),5,-0.00907603
AE(5),5,0.02669379
AE(5),5,-0.00969536
AE(5),5,-0.07609598
AE(5),5,-0.04937133
AE(5),5,-0.03256841
AE(5),5,-0.02787008
AE(5),5,-0.02462107
AE(5),5,-0.01635403
AE(5),5,0.04329477
AE(5),5,0.05896706
AE(5),5,-0.02157013
AE(5),5,-0.01406963
AE(5),5,-0.05223950
AE(5),5,-0.03483696
AE(5),5,-0.02204963
AE(5),5,-0.02377880
AE(5),5,-0.02848604
AE(5),5,-0.02539966
AE(5),5,-0.01848356
AE(5),5,-0.02726096
AE(5),5,-0.08082198
AE(5),5,0.02689027
AE(5),5,0.00065303
AE(5),5,0.09380567
AE(5),5,0.05254185
AE(5),5,-0.04798671
AE(5),5,0.00259212
AE(5),5,0.01469663
AE(5),5,0.09168058
AE(5),5,0.05797356
AE(5),5,0.04672459
AE(5),5,0.02977471
AE(5),5,-0.03681238
AE(5),5,-0.00586129
AE(5),5,-0.04252776
AE(5),5,0.04323618
AE(5),5,0.08344907
AE(5),5,0.02534902
AE(5),5,0.03494175
AE(5),5,0.10267899
AE(5),5,-0.02637058
AE(5),5,-0.01269881
AE(5),5,0.06227253
AE(5),5,0.03166738
AE(5),5,-0.00351792
AE(5),5,-0.01971074
AE(5),5,0.01634666
AE(5),5,-0.03626599
AE(5),5,-0.01291933
AE(5),5,0.00519567
AE(5),5,0.00972376
AE(5),5,0.00123174
AE(5),5,-0.05621213
AE(5),5,0.01254902
AE(5),5,-0.01738503
AE(5),5,-0.04394256
AE(5),5,-0.05634012
AE(5),5,0.03780116
AE(5),5,-0.02670993
AE(5),5,-0.02441915
AE(5),5,0.00762728
AE(5),5,-0.01208206
AE(5),5,-0.03954939
AE(5),5,0.04328778
AE(5),5,0.03391843
AE(5),5,-0.00683329
AE(5),5,-0.06175482
AE(5),5,0.00611972
AE(5),5,0.00465786
AE(5),5,-0.03072871
AE(5),5,-0.02150127
AE(5),5,0.02457209
AE(5),5,0.02997197
AE(5),5,0.06246333
AE(5),5,-0.00114206
AE(5),5,-0.01634587
AE(5),5,-0.00147040
AE(5),5,0.03717050
AE(5),5,-0.04610039
AE(5),5,0.04966244
AE(5),5,-0.04041015
AE(5),5,0.02266036
AE(5),5,-0.02453705
AE(5),5,-0.01122847
AE(5),5,-0.02300498
AE(5),5,-0.02945922
AE(5),5,-0.06665404
AE(5),5,-0.02454812
AE(5),5,0.00302928
AE(5),5,-0.01728092
AE(5),5,0.02019798
AE(5),5,0.01849237
AE(5),5,0.02824822
AE(5),5,0.01207802
AE(5),5,-0.05425224
AE(5),5,-0.03748682
AE(5),5,0.03964773
AE(5),5,0.06780568
AE(5),5,0.02234292
AE(5),5,-0.01231455
AE(5),5,-0.03539507
AE(5),5,0.00897727
AE(5),5,-0.02883539
AE(5),5,0.04863812
AE(5),5,-0.03772273
AE(5),5,-0.05621405
AE(5),5,-0.03561021
AE(5),5,-0.02660278
AE(5),5,-0.03232920
AE(5),5,0.02692257
AE(5),5,0.06905287
AE(5),5,-0.04996029
AE(5),5,0.05856625
AE(5),5,-0.06472028
AE(5),5,0.07490578
AE(5),5,0.03756655
AE(5),5,-0.01376772
AE(5),5,-0.05599386
AE(5),5,-0.03968118
AE(5),5,0.08012539
AE(5),5,-0.01015518
AE(5),5,0.10374735
AE(5),6,0.04609218
AE(5),6,0.00056284
AE(5),6,0.07071162
AE(5),6,0.11060758
AE(5),6,0.01881133
AE(5),6,0.07992638
AE(5),6,0.12106231
AE(5),6,0.13245394
AE(5),6,0.05843303
AE(5),6,0.15084623
AE(5),6,0.08909977
AE(5),6,0.12079507
AE(5),6,0.16667126
AE(5),6,0.03951008
AE(5),6,0.11306623
AE(5),6,0.10578140
AE(5),6,0.14128864
AE(5),6,0.10705302
AE(5),6,0.04170446
AE(5),6,0.08976646
AE(5),6,0.06282692
AE(5),6,0.16265074
AE(5),6,0.04105673
AE(5),6,0.06819306
AE(5),6,0.04162342
AE(5),6,0.05181688
AE(5),6,0.10564120
AE(5),6,0.04070793
AE(5),6,0.14389406
AE(5),6,0.10566168
AE(5),6,0.12328074
AE(5),6,0.09887804
AE(5),6,0.11410427
AE(5),6,0.03413935
AE(5),6,0.09542014
AE(5),6,0.07007510
AE(5),6,0.11792714
AE(5),6,0.07038869
AE(5),6,0.06165845
AE(5),6,0.19125516
AE(5),6,0.10613788
AE(5),6,0.04752625
AE(5),6,0.12669567
AE(5),6,0.06914525
AE(5),6,0.00320706
AE(5),6,0.15502844
AE(5),6,0.27133502
AE(5),6,0.08657934
AE(5),6,0.08819545
AE(5),6,0.08513053
AE(5),6,0.13212571
AE(5),6,0.08853763
AE(5),6,0.07894363
AE(5),6,0.13391062
AE(5),6,0.07786260
AE(5),6,0.08138707
AE(5),6,0.03999580
AE(5),6,0.12878357
AE(5),6,0.11278459
AE(5),6,0.10520101
AE(5),6,0.09889613
AE(5),6,0.03658293
AE(5),6,0.06209379
AE(5),6,0.13676155
AE(5),6,0.08717667
AE(5),6,0.04858691
AE(5),6,0.29927623
AE(5),6,0.03024187
AE(5),6,0.05049965
AE(5),6,0.18540062
AE(5),6,0.06168120
AE(5),6,0.05501890
AE(5),6,0.06770424
AE(5),6,0.12188053
AE(5),6,0.09952046
AE(5),6,0.17379154
AE(5),6,0.09564657
AE(5),6,0.17625813
AE(5),6,0.09077734
AE(5),6,0.17491169
AE(5),6,0.10142588
AE(5),6,0.11030107
AE(5),6,0.12553820
AE(5),6,0.03874114
AE(5),6,0.02781722
AE(5),6,0.09807361
AE(5),6,0.02643290
AE(5),6,0.10924109
AE(5),6,0.24990436
AE(5),6,0.15627310
AE(5),6,0.08394039
AE(5),6,0.08064767
AE(5),6,0.12233080
AE(5),6,0.10425575
AE(5),6,0.21726957
AE(5),6,0.05725960
AE(5),6,0.04091123
AE(5),6,0.11639589
AE(5),6,0.06842353
AE(5),6,0.14076046
AE(5),6,0.12682653
AE(5),6,0.10432558
AE(5),6,0.11751723
AE(5),6,0.08316804
AE(5),6,0.09386112
AE(5),6,0.10925446
AE(5),6,0.07141569
AE(5),6,0.14591936
AE(5),6,0.16482452
AE(5),6,0.15692022
AE(5),6,0.04836775
AE(5),6,0.10629360
AE(5),6,0.06830463
AE(5),6,0.13943258
AE(5),6,0.03503835
AE(5),6,0.09895708
AE(5),6,0.11112130
AE(5),6,0.09162897
AE(5),6,0.08913986
AE(5),6,0.04823724
AE(5),6,0.15115376
AE(5),6,0.07628024
AE(5),6,0.15070008
AE(5),6,0.11612429
AE(5),6,0.06923303
AE(5),6,0.05923355
AE(5),6,0.09462128
AE(5),6,0.06789916
AE(5),6,0.11984454
AE(5),6,0.09897983
AE(5),6,0.16956753
AE(5),6,0.08050805
AE(5),6,0.10672359
AE(5),6,0.06581408
AE(5),6,0.09503602
AE(5),6,0.09825464
AE(5),6,0.11738220
AE(5),6,0.12945550
AE(5),6,0.13657961
AE(5),6,0.06756407
AE(5),6,0.09277734
AE(5),6,0.15084671
AE(5),6,0.09478241
AE(5),6,0.14011097
AE(5),6,0.08992366
AE(5),6,0.14165856
AE(5),6,0.11059325
AE(5),6,0.14606021
AE(5),6,0.10808013
AE(5),6,0.08405186
AE(5),6,0.19788850
AE(5),6,0.13819950
AE(5),6,0.15530709
AE(5),6,0.04934442
AE(5),6,0.12210340
AE(5),6,0.12178394
AE(5),6,0.25076061
AE(5),6,0.07040335
AE(5),6,-0.00182433
AE(5),6,0.06019385
AE(5),6,0.06088062
AE(5),6,0.20047465
AE(5),6,0.11483539
AE(5),6,0.08326902
AE(5),6,0.02240710
AE(5),6,0.05272374
AE(5),6,0.04262777
AE(5),6,0.08177573
AE(5),6,0.09498391
AE(5),6,0.06996461
AE(5),6,0.09270311
AE(5),6,0.08788583
AE(5),6,0.08126952
AE(5),6,0.04054978
AE(5),6,0.10213900
AE(5),6,0.10688483
AE(5),6,0.14590325
AE(5),6,0.15461937
AE(5),6,0.14191065
AE(5),6,0.06408159
AE(5),6,0.12800976
AE(5),6,0.05096602
AE(5),6,0.08639925
AE(5),6,0.05688337
AE(5),6,0.06001257
AE(5),6,0.15904247
AE(5),6,0.18222745
AE(5),6,0.26196027
AE(5),6,0.09728068
AE(5),6,0.10603438
AE(5),6,0.21326716
AE(5),6,0.10528019
AE(5),6,0.09472512
AE(5),6,0.13226734
AE(5),6,0.16659763
AE(5),6,0.13067834
AE(5),6,0.10839094
AE(5),6,0.28459630
AE(5),6,0.10289183
AE(5),6,0.09487834
AE(5),6,0.11553993
AE(5),6,0.12379364
AE(5),6,0.05978359
AE(5),6,0.09384819
AE(5),6,0.09836965
AE(5),6,0.01729455
AE(5),6,0.04586010
AE(5),6,0.07663239
AE(5),6,0.06042228
AE(5),6,0.06173220
AE(5),6,0.05462471
AE(5),6,0.07562687
AE(5),6,0.06809250
AE(5),6,0.06736858
AE(5),6,0.09412680
AE(5),6,0.06628231
AE(5),6,0.09439642
AE(5),6,0.05471297
AE(5),6,0.05340880
AE(5),6,0.07660769
AE(5),6,0.04064693
AE(5),6,0.11724474
AE(5),6,0.02254462
AE(5),6,0.12123127
AE(5),6,0.08331755
AE(5),6,0.11234851
AE(5),6,0.06048238
AE(5),6,0.05123510
AE(5),6,0.15967164
AE(5),6,0.12169946
AE(5),6,0.12349618
AE(5),6,0.06186755
AE(5),6,0.23097691
AE(5),6,0.06372461
AE(5),6,0.12528883
AE(5),6,0.08122417
AE(5),6,0.04784776
AE(5),6,0.07435746
AE(5),6,0.08968070
AE(5),6,0.12868399
AE(5),6,0.10370389
AE(5),6,0.12390445
AE(5),6,0.10843622
AE(5),6,0.12391534
AE(5),6,0.10153268
AE(5),6,0.07871752
AE(5),6,0.16701113
AE(5),6,0.11482867
AE(5),6,0.11505860
AE(5),6,0.16277441
AE(5),6,0.14666742
AE(5),6,0.08140941
AE(5),6,0.10767526
AE(5),6,0.09081602
AE(5),6,0.13455334
AE(5),6,0.22534853
AE(5),6,0.15354920
AE(5),6,0.12580405
AE(5),6,0.10333363
AE(5),6,0.15788779
AE(5),6,0.06009300
AE(5),6,0.12325234
AE(5),6,0.11157470
AE(5),6,0.05529089
AE(5),6,0.10916321
AE(5),6,0.12863685
AE(5),6,0.13132138
AE(5),6,0.06092247
AE(5),6,0.09326542
AE(5),6,0.06235353
AE(5),7,0.20950984
AE(5),7,0.08937902
AE(5),7,0.13871161
AE(5),7,0.12042789
AE(5),7,0.16944588
AE(5),7,0.20406685
AE(5),7,0.21677160
AE(5),7,0.22217637
AE(5),7,0.09999215
AE(5),7,0.12855367
AE(5),7,0.13941238
AE(5),7,0.17267014
AE(5),7,0.12845989
AE(5),7,0.23830106
AE(5),7,0.17611993
AE(5),7,0.16023153
AE(5),7,0.11468957
AE(5),7,0.17101848
AE(5),7,0.03524412
AE(5),7,0.19607773
AE(5),7,0.14253224
AE(5),7,0.18893922
AE(5),7,0.19224411
AE(5),7,0.08333611
AE(5),7,0.27635296
AE(5),7,0.14811866
AE(5),7,0.23725638
AE(5),7,0.18864914
AE(5),7,0.19296319
AE(5),7,0.10239475
AE(5),7,0.09457593
AE(5),7,0.11841426
AE(5),7,0.19961705
AE(5),7,0.12403621
AE(5),7,0.13354124
AE(5),7,0.20217835
AE(5),7,0.18588396
AE(5),7,0.12382612
AE(5),7,0.19609026
AE(5),7,0.14030961
AE(5),7,0.33561638
AE(5),7,0.23127420
AE(5),7,0.14390622
AE(5),7,0.11661413
AE(5),7,0.17431406
AE(5),7,0.22570220
AE(5),7,0.14343262
AE(5),7,0.19937599
AE(5),7,0.19650414
AE(5),7,0.06016318
AE(5),7,0.05691711
AE(5),7,0.27077022
AE(5),7,0.12766752
AE(5),7,0.15313550
AE(5),7,0.09758073
AE(5),7,0.16843623
AE(5),7,0.15110347
AE(5),7,0.15684265
AE(5),7,0.07455872
AE(5),7,0.15222928
AE(5),7,0.23192796
AE(5),7,0.19015347
AE(5),7,0.20738736
AE(5),7,0.17362805
AE(5),7,0.16775551
AE(5),7,0.15097637
AE(5),7,0.29110162
AE(5),7,0.10490257
AE(5),7,0.15304330
AE(5),7,0.17244739
AE(5),7,0.09739345
AE(5),7,0.12534937
AE(5),7,0.16232751
AE(5),7,0.17249204
AE(5),7,0.22148564
AE(5),7,0.17548785
AE(5),7,0.08678018
AE(5),7,0.23822477
AE(5),7,0.00339157
AE(5),7,0.21899422
AE(5),7,0.10438803
AE(5),7,0.16121831
AE(5),7,0.18365077
AE(5),7,0.21244478
AE(5),7,0.19972358
AE(5),7,0.15743354
AE(5),7,0.18610278
AE(5),7,0.10727222
AE(5),7,0.15215436
AE(5),7,0.16748333
AE(5),7,0.16026020
AE(5),7,0.19691081
AE(5),7,0.10118256
AE(5),7,0.15647492
AE(5),7,0.14083300
AE(5),7,0.20289950
AE(5),7,0.14069222
AE(5),7,0.08651340
AE(5),7,0.17675610
AE(5),7,0.15874704
AE(5),7,0.18836922
AE(5),7,0.11101189
AE(5),7,0.25878106
AE(5),7,0.14879413
AE(5),7,0.19385723
AE(5),7,0.17872255
AE(5),7,0.16021064
AE(5),7,0.25906690
AE(5),7,0.16711337
AE(5),7,0.15532031
AE(5),7,0.12455257
AE(5),7,0.15744997
AE(5),7,0.09141675
AE(5),7,0.07142439
AE(5),7,0.12967978
AE(5),7,0.09390106
AE(5),7,0.14685947
AE(5),7,0.14498833
AE(5),7,0.10275154
AE(5),7,0.17648206
AE(5),7,0.13716595
AE(5),7,0.14049382
AE(5),7,0.15961897
AE(5),7,0.14480337
AE(5),7,0.12904997
AE(5),7,0.20532690
AE(5),7,0.12366816
AE(5),7,0.13242504
AE(5),7,0.09025318
AE(5),7,0.12488023
AE(5),7,0.13149219
AE(5),7,0.17174442
AE(5),7,0.09429598
AE(5),7,0.12782811
AE(5),7,0.12528818
AE(5),7,0.17961242
AE(5),7,0.22863374
AE(5),7,0.19047398
AE(5),7,0.13358201
AE(5),7,0.24989083
AE(5),7,0.18003355
AE(5),7,0.21039554
AE(5),7,0.15468623
AE(5),7,0.18229172
AE(5),7,0.16193434
AE(5),7,0.14216752
AE(5),7,0.12308294
AE(5),7,0.14167063
AE(5),7,0.16765819
AE(5),7,0.14671446
AE(5),7,0.12170071
AE(5),7,0.15701006
AE(5),7,0.15516406
AE(5),7,0.15811083
AE(5),7,0.23758998
AE(5),7,0.04118346
AE(5),7,0.14054678
AE(5),7,0.13329249
AE(5),7,0.17950039
AE(5),7,0.27047099
AE(5),7,0.13954390
AE(5),7,0.10570700
AE(5),7,0.16130557
AE(5),7,0.47344738
AE(5),7,0.24503343
AE(5),7,0.18808654
AE(5),7,0.12320178
AE(5),7,0.17842896
AE(5),7,0.07657424
AE(5),7,0.17575253
AE(5),7,0.17902443
AE(5),7,0.12090446
AE(5),7,0.15830213
AE(5),7,0.10057940
AE(5),7,0.17255930
AE(5),7,0.12487094
AE(5),7,0.08712217
AE(5),7,0.12508175
AE(5),7,0.11539847
AE(5),7,0.05397354
AE(5),7,0.14371741
AE(5),7,0.18599738
AE(5),7,0.21907011
AE(5),7,0.14028815
AE(5),7,0.12022090
AE(5),7,0.12799556
AE(5),7,0.14185807
AE(5),7,0.17977009
AE(5),7,0.18818551
AE(5),7,0.14258618
AE(5),7,0.11785163
AE(5),7,0.12053708
AE(5),7,0.10776088
AE(5),7,0.17229845
AE(5),7,0.09203908
AE(5),7,0.04748244
AE(5),7,0.11778220
AE(5),7,0.15997928
AE(5),7,0.11150715
AE(5),7,0.13238418
AE(5),7,0.10454540
AE(5),7,0.07963012
AE(5),7,0.08606904
AE(5),7,0.05875598
AE(5),7,0.12070127
AE(5),7,0.16909999
AE(5),7,0.12861024
AE(5),7,0.29846820
AE(5),7,0.11549342
AE(5),7,0.18188014
AE(5),7,0.09937040
AE(5),7,0.17911173
AE(5),7,0.12422065
AE(5),7,0.13173252
AE(5),7,0.32502851
AE(5),7,0.23734234
AE(5),7,0.16548413
AE(5),7,0.15701168
AE(5),7,0.17974152
AE(5),7,0.15055407
AE(5),7,0.12946442
AE(5),7,0.19853458
AE(5),7,0.16628209
AE(5),7,0.18729731
AE(5),7,0.18698179
AE(5),7,0.16548023
AE(5),7,0.10132241
AE(5),7,0.31919170
AE(5),7,0.10000882
AE(5),7,0.17066039
AE(5),7,0.12051787
AE(5),7,0.16394925
AE(5),7,0.17323651
AE(5),7,0.11404822
AE(5),7,0.15012231
AE(5),7,0.10218687
AE(5),7,0.01477319
AE(5),7,0.20553437
AE(5),7,0.09268875
AE(5),7,0.12540565
AE(5),7,0.09380304
AE(5),7,0.19897054
AE(5),7,0.15772874
AE(5),7,0.17510480
AE(5),7,0.22597405
AE(5),7,0.17311484
AE(5),7,0.13508822
AE(5),7,0.14179365
AE(5),7,0.13038024
AE(5),7,0.21979528
AE(5),7,0.20269563
AE(5),7,0.23980927
AE(5),7,0.11656729
AE(5),7,0.07513698
AE(5),7,0.18783892
AE(5),7,0.15380509
AE(5),7,0.14288581
AE(5),7,0.19610370
AE(5),7,0.16060728
AE(5),7,0.18121275
AE(5),7,0.19945936
AE(5),7,0.16604418
AE(5),7,0.14245604
AE(5),7,0.14830164
AE(5),7,0.13400047
AE(5),7,0.12168182
AE(5),7,0.30644495
AE(5),7,0.16193432
AE(5),7,0.29612186
AE(5),7,0.14484864
AE(5),7,0.18296211
AE(5),7,0.19494756
AE(5),7,0.23546512
AE(5),7,0.21810059
AE(5),7,0.15904381
AE(5),7,0.09642351
AE(5),7,0.23532586
AE(5),7,0.09094685
AE(5),8,0.04211717
AE(5),8,-0.04228788
AE(5),8,-0.07004998
AE(5),8,-0.05695309
AE(5),8,-0.09229642
AE(5),8,0.03956132
AE(5),8,-0.14832896
AE(5),8,0.13917663
AE(5),8,-0.09368451
AE(5),8,0.07904131
AE(5),8,-0.04030879
AE(5),8,-0.03941436
AE(5),8,-0.12902720
AE(5),8,0.01941269
AE(5),8,0.13806976
AE(5),8,-0.16611207
AE(5),8,-0.05108151
AE(5),8,0.00658598
AE(5),8,-0.01032291
AE(5),8,-0.07230256
AE(5),8,0.02378242
AE(5),8,-0.11484129
AE(5),8,-0.01257758
AE(5),8,-0.03626115
AE(5),8,-0.14311791
AE(5),8,-0.01189592
AE(5),8,-0.01077311
AE(5),8,-0.01225643
AE(5),8,0.00276349
AE(5),8,-0.05021286
AE(5),8,-0.10601016
AE(5),8,-0.08572327
AE(5),8,-0.01248719
AE(5),8,0.02390505
AE(5),8,0.01628477
AE(5),8,-0.00366684
AE(5),8,-0.05078224
AE(5),8,-0.05271636
AE(5),8,-0.09422696
AE(5),8,0.01034949
AE(5),8,-0.02065924
AE(5),8,-0.10420282
AE(5),8,-0.01040212
AE(5),8,-0.06104380
AE(5),8,-0.18328143
AE(5),8,-0.12094314
AE(5),8,-0.01281263
AE(5),8,-0.06264347
AE(5),8,-0.01511281
AE(5),8,-0.07059911
AE(5),8,0.10095510
AE(5),8,0.01931181
AE(5),8,-0.09140817
AE(5),8,-0.13528591
AE(5),8,-0.07326513
AE(5),8,-0.20180886
AE(5),8,0.03149197
AE(5),8,-0.14252451
AE(5),8,-0.06372153
AE(5),8,0.12896814
AE(5),8,0.00102254
AE(5),8,-0.07687018
AE(5),8,-0.01876343
AE(5),8,-0.04767489
AE(5),8,-0.03793775
AE(5),8,-0.01255488
AE(5),8,-0.02556632
AE(5),8,-0.03573633
AE(5),8,-0.10523692
AE(5),8,-0.03226234
AE(5),8,-0.08566344
AE(5),8,-0.14156302
AE(5),8,0.00838728
AE(5),8,-0.07417034
AE(5),8,-0.06990501
AE(5),8,-0.06109786
AE(5),8,0.01484878
AE(5),8,-0.10999494
AE(5),8,-0.07806097
AE(5),8,-0.08062229
AE(5),8,-0.10157028
AE(5),8,-0.05398794
AE(5),8,-0.04723914
AE(5),8,-0.10791661
AE(5),8,-0.06255370
AE(5),8,-0.08725722
AE(5),8,0.01924926
AE(5),8,-0.14019821
AE(5),8,-0.11983558
AE(5),8,-0.07326597
AE(5),8,-0.03683166
AE(5),8,-0.13079382
AE(5),8,-0.08415510
AE(5),8,-0.06513564
AE(5),8,-0.02416178
AE(5),8,-0.05055069
AE(5),8,0.01671567
AE(5),8,-0.07720463
AE(5),8,-0.04444238
AE(5),8,-0.00401325
AE(5),8,-0.01356234
AE(5),8,-0.03735101
AE(5),8,-0.03262541
AE(5),8,-0.09469881
AE(5),8,-0.03005293
AE(5),8,-0.03865439
AE(5),8,0.00279246
AE(5),8,0.01912564
AE(5),8,-0.05527357
AE(5),8,-0.03852549
AE(5),8,-0.06992585
AE(5),8,-0.08049950
AE(5),8,-0.03210003
AE(5),8,-0.02647536
AE(5),8,-0.05101970
AE(5),8,0.00764248
AE(5),8,-0.02892603
AE(5),8,-0.04726110
AE(5),8,-0.02102305
AE(5),8,-0.02272163
AE(5),8,0.07980358
AE(5),8,-0.02443505
AE(5),8,-0.04684748
AE(5),8,-0.03750784
AE(5),8,-0.09063531
AE(5),8,-0.10163333
AE(5),8,-0.06794382
AE(5),8,0.00785517
AE(5),8,-0.06856618
AE(5),8,0.00733517
AE(5),8,-0.05695106
AE(5),8,-0.08510027
AE(5),8,0.00081300
AE(5),8,-0.11017006
AE(5),8,0.00596247
AE(5),8,-0.01321988
AE(5),8,-0.07912643
AE(5),8,0.03065524
AE(5),8,-0.00557902
AE(5),8,-0.05916032
AE(5),8,-0.00599996
AE(5),8,-0.03611312
AE(5),8,-0.00000150
AE(5),8,-0.08332659
AE(5),8,-0.00459436
AE(5),8,0.04957014
AE(5),8,-0.06053106
AE(5),8,-0.04774465
AE(5),8,-0.09021239
AE(5),8,-0.06438557
AE(5),8,-0.07422099
AE(5),8,0.03642630
AE(5),8,0.02038804
AE(5),8,-0.04009911
AE(5),8,-0.05029445
AE(5),8,-0.14246513
AE(5),8,0.03473267
AE(5),8,-0.04457194
AE(5),8,0.01613377
AE(5),8,-0.06381823
AE(5),8,-0.04896657
AE(5),8,-0.08134737
AE(5),8,0.12912868
AE(5),8,0.10140716
AE(5),8,-0.07475137
AE(5),8,-0.12443996
AE(5),8,-0.15170726
AE(5),8,-0.16609055
AE(5),8,-0.06296321
AE(5),8,-0.11784775
AE(5),8,0.00937682
AE(5),8,-0.04138804
AE(5),8,-0.02955023
AE(5),8,-0.07050659
AE(5),8,-0.09013621
AE(5),8,-0.11186988
AE(5),8,-0.06719292
AE(5),8,-0.19317977
AE(5),8,-0.17684579
AE(5),8,-0.04144024
AE(5),8,-0.08111616
AE(5),8,-0.06527136
AE(5),8,-0.11489871
AE(5),8,-0.10285839
AE(5),8,-0.01093846
AE(5),8,-0.05631723
AE(5),8,-0.00705948
AE(5),8,-0.03242141
AE(5),8,-0.11364572
AE(5),8,-0.03359023
AE(5),8,-0.08123320
AE(5),8,-0.01422025
AE(5),8,-0.08863698
AE(5),8,-0.08230034
AE(5),8,0.00852046
AE(5),8,-0.04168954
AE(5),8,-0.02090986
AE(5),8,0.05349019
AE(5),8,-0.02052076
AE(5),8,-0.03079267
AE(5),8,0.03620741
AE(5),8,-0.07883048
AE(5),8,-0.08395097
AE(5),8,-0.00809562
AE(5),8,-0.04958498
AE(5),8,-0.09667852
AE(5),8,-0.01718093
AE(5),8,-0.00794283
AE(5),8,-0.11200977
AE(5),8,0.05056991
AE(5),8,-0.02116363
AE(5),8,-0.09385897
AE(5),8,-0.06311656
AE(5),8,-0.01220612
AE(5),8,-0.01403166
AE(5),8,-0.04409967
AE(5),8,-0.01293637
AE(5),8,-0.03379156
AE(5),8,-0.09820430
AE(5),8,0.01067230
AE(5),8,-0.00576437
AE(5),8,-0.06654052
AE(5),8,-0.03777664
AE(5),8,-0.06525184
AE(5),8,-0.08885756
AE(5),8,-0.08830878
AE(5),8,-0.06417454
AE(5),8,-0.08095936
AE(5),8,0.01430685
AE(5),8,-0.11588651
AE(5),8,-0.07595670
AE(5),8,-0.04481088
AE(5),8,0.03099881
AE(5),8,-0.02818927
AE(5),8,0.00607249
AE(5),8,-0.03553910
AE(5),8,-0.06106811
AE(5),8,-0.00991302
AE(5),8,-0.10256227
AE(5),8,-0.08216213
AE(5),8,-0.06633764
AE(5),8,-0.04936356
AE(5),8,0.01699521
AE(5),8,0.00029702
AE(5),8,-0.03543154
AE(5),8,-0.04113366
AE(5),8,-0.05482519
AE(5),8,0.09521980
AE(5),8,-0.11034995
AE(5),8,-0.07157278
AE(5),8,-0.07437990
AE(5),8,-0.04272406
AE(5),8,-0.02924465
AE(5),8,-0.07982747
AE(5),8,-0.09467763
AE(5),8,-0.12389736
AE(5),8,-0.06317459
AE(5),8,-0.14201224
AE(5),8,-0.10382392
AE(5),8,-0.10336611
AE(5),8,-0.09125191
AE(5),8,-0.09491869
AE(5),8,0.01559772
AE(5),8,-0.03888538
AE(5),8,0.02042991
AE(5),8,-0.08090003
AE(5),8,-0.10859892
AE(5),8,-0.01598444
AE(5),8,0.00054728
AE(5),8,0.01529400
AE(5),8,-0.02487809
AE(5),8,-0.10633373
AE(5),8,-0.06949482
AE(5),8,-0.00348670
AE(5),8,0.01949193
AE(5),8,-0.10227489
AE(5),8,-0.16983227
AE(5),8,-0.01298603
AE(5),8,-0.15156321
AE(5),8,-0.05716536
AE(5),8,0.03532361
AE(5),8,-0.10516407
AE(5),8,-0.05392299
AE(5),8,0.02062507
AE(5),8,-0.00374482
AE(5),8,0.07147458
AE(5),8,-0.10654364
AE(5),8,0.02557320
AE(5),9,-0.06716619
AE(5),9,-0.00258406
AE(5),9,-0.10503249
AE(5),9,-0.04145037
AE(5),9,-0.00507447
AE(5),9,-0.01520698
AE(5),9,0.00730391
AE(5),9,-0.02048640
AE(5),9,-0.08269079
AE(5),9,-0.04254224
AE(5),9,-0.04336195
AE(5),9,0.04525334
AE(5),9,-0.09546479
AE(5),9,-0.01891652
AE(5),9,0.04663829
AE(5),9,-0.09109995
AE(5),9,-0.04363121
AE(5),9,-0.02011601
AE(5),9,0.01186049
AE(5),9,-0.03390329
AE(5),9,-0.00631583
AE(5),9,0.00780423
AE(5),9,-0.01008972
AE(5),9,-0.07690975
AE(5),9,-0.02393425
AE(5),9,0.00444286
AE(5),9,-0.01855387
AE(5),9,-0.00681540
AE(5),9,-0.02849328
AE(5),9,-0.05336596
AE(5),9,-0.04523478
AE(5),9,0.01488058
AE(5),9,-0.03618510
AE(5),9,-0.06992968
AE(5),9,-0.00806177
AE(5),9,0.04194602
AE(5),9,-0.04993670
AE(5),9,0.00060282
AE(5),9,0.10112190
AE(5),9,-0.03592880
AE(5),9,-0.01201947
AE(5),9,0.02022920
AE(5),9,-0.04008254
AE(5),9,0.00018950
AE(5),9,-0.02953798
AE(5),9,-0.04022209
AE(5),9,0.01184888
AE(5),9,0.03103292
AE(5),9,0.01032429
AE(5),9,-0.03822388
AE(5),9,0.06293464
AE(5),9,-0.12234431
AE(5),9,-0.00951923
AE(5),9,0.01042765
AE(5),9,0.00520551
AE(5),9,-0.01564728
AE(5),9,-0.00942413
AE(5),9,-0.10842960
AE(5),9,-0.03531355
AE(5),9,-0.03518235
AE(5),9,-0.00563929
AE(5),9,-0.01192520
AE(5),9,0.00128603
AE(5),9,-0.02532302
AE(5),9,0.06769903
AE(5),9,-0.12580385
AE(5),9,-0.02032206
AE(5),9,0.03367691
AE(5),9,-0.03147643
AE(5),9,-0.05324963
AE(5),9,0.02899178
AE(5),9,-0.03860341
AE(5),9,-0.03574662
AE(5),9,-0.03052162
AE(5),9,-0.02986702
AE(5),9,-0.00718048
AE(5),9,-0.06573313
AE(5),9,-0.03927122
AE(5),9,-0.04863805
AE(5),9,-0.00991097
AE(5),9,-0.08829696
AE(5),9,-0.00274994
AE(5),9,0.02158998
AE(5),9,-0.00322601
AE(5),9,-0.09007720
AE(5),9,-0.04237367
AE(5),9,-0.05865988
AE(5),9,-0.13482173
AE(5),9,-0.03162088
AE(5),9,-0.05225690
AE(5),9,-0.00210935
AE(5),9,0.00695513
AE(5),9,-0.06643305
AE(5),9,-0.03554448
AE(5),9,-0.04503080
AE(5),9,-0.00582428
AE(5),9,-0.08232174
AE(5),9,-0.02370501
AE(5),9,-0.13898513
AE(5),9,-0.03693541
AE(5),9,0.01918362
AE(5),9,-0.02204605
AE(5),9,-0.00750770
AE(5),9,-0.00726651
AE(5),9,-0.05143144
AE(5),9,0.01911603
AE(5),9,-0.05489784
AE(5),9,0.00995578
AE(5),9,-0.00145068
AE(5),9,-0.05545076
AE(5),9,-0.03479114
AE(5),9,0.00222257
AE(5),9,0.00832343
AE(5),9,-0.00324835
AE(5),9,0.00869982
AE(5),9,0.01564932
AE(5),9,-0.01797332
AE(5),9,-0.01690490
AE(5),9,-0.00267104
AE(5),9,0.02279956
AE(5),9,-0.02806748
AE(5),9,-0.00035419
AE(5),9,-0.11368096
AE(5),9,0.00956039
AE(5),9,0.01459223
AE(5),9,-0.01571720
AE(5),9,0.02149776
AE(5),9,-0.03210405
AE(5),9,0.05338952
AE(5),9,-0.00734443
AE(5),9,-0.04144607
AE(5),9,0.00516465
AE(5),9,-0.05822449
AE(5),9,-0.01055379
AE(5),9,0.00908280
AE(5),9,0.01894958
AE(5),9,-0.11747342
AE(5),9,-0.02294142
AE(5),9,-0.00735758
AE(5),9,-0.00095711
AE(5),9,-0.03667064
AE(5),9,-0.01525195
AE(5),9,-0.03543301
AE(5),9,-0.07330892
AE(5),9,-0.04889047
AE(5),9,-0.15211813
AE(5),9,0.00527415
AE(5),9,-0.02562225
AE(5),9,-0.05468826
AE(5),9,-0.07807366
AE(5),9,-0.04701262
AE(5),9,-0.07264644
AE(5),9,-0.02800513
AE(5),9,-0.10950941
AE(5),9,-0.13342501
AE(5),9,0.01480876
AE(5),9,-0.04264566
AE(5),9,-0.12642343
AE(5),9,-0.03758637
AE(5),9,-0.04779191
AE(5),9,0.00528855
AE(5),9,-0.02072555
AE(5),9,0.05473934
AE(5),9,-0.04447814
AE(5),9,-0.11090338
AE(5),9,-0.01608739
AE(5),9,-0.15100703
AE(5),9,-0.06482857
AE(5),9,-0.05613306
AE(5),9,-0.01149771
AE(5),9,-0.04627792
AE(5),9,-0.04834954
AE(5),9,-0.02244813
AE(5),9,0.00419151
AE(5),9,-0.09648860
AE(5),9,-0.04674743
AE(5),9,-0.04798883
AE(5),9,-0.08490896
AE(5),9,-0.05823121
AE(5),9,-0.00601686
AE(5),9,-0.12579761
AE(5),9,0.03745765
AE(5),9,-0.02264180
AE(5),9,-0.03918541
AE(5),9,-0.01318647
AE(5),9,-0.06715653
AE(5),9,0.01748034
AE(5),9,0.00762349
AE(5),9,-0.03010335
AE(5),9,-0.05665661
AE(5),9,-0.02526299
AE(5),9,-0.07524771
AE(5),9,-0.02677588
AE(5),9,0.00557217
AE(5),9,-0.15236799
AE(5),9,-0.00922553
AE(5),9,-0.16172691
AE(5),9,-0.07466644
AE(5),9,-0.02831940
AE(5),9,0.05114236
AE(5),9,0.00004106
AE(5),9,-0.07848862
AE(5),9,0.01017405
AE(5),9,0.01078638
AE(5),9,-0.01231064
AE(5),9,-0.05545149
AE(5),9,0.03266057
AE(5),9,-0.10530548
AE(5),9,-0.05053114
AE(5),9,-0.08467918
AE(5),9,-0.04024767
AE(5),9,-0.04391701
AE(5),9,-0.02394405
AE(5),9,-0.03405452
AE(5),9,-0.06369127
AE(5),9,-0.07449957
AE(5),9,0.00917367
AE(5),9,0.00513180
AE(5),9,-0.08457864
AE(5),9,-0.01706271
AE(5),9,-0.01603892
AE(5),9,0.01913861
AE(5),9,0.01921441
AE(5),9,0.04938694
AE(5),9,0.01272608
AE(5),9,-0.06062973
AE(5),9,-0.00432785
AE(5),9,0.01878984
AE(5),9,-0.00508897
AE(5),9,-0.03281753
AE(5),9,0.01602681
AE(5),9,-0.03492078
AE(5),9,0.00432974
AE(5),9,0.00741812
AE(5),9,-0.01778952
AE(5),9,-0.05345486
AE(5),9,-0.01852762
AE(5),9,0.02459207
AE(5),9,0.04849798
AE(5),9,-0.04804938
AE(5),9,-0.01299657
AE(5),9,0.00526118
AE(5),9,-0.04436453
AE(5),9,-0.00743298
AE(5),9,-0.09762539
AE(5),9,-0.00116484
AE(5),9,-0.01822088
AE(5),9,-0.03582810
AE(5),9,-0.01028301
AE(5),9,-0.08695675
AE(5),9,0.00985983
AE(5),9,-0.05174118
AE(5),9,-0.00512217
AE(5),9,-0.08661206
AE(5),9,-0.10718642
AE(5),9,-0.07681308
AE(5),9,0.00298344
AE(5),9,-0.00319742
AE(5),9,-0.06049049
AE(5),9,-0.05366278
AE(5),9,-0.06552280
AE(5),9,-0.06865583
AE(5),9,-0.07107430
AE(5),9,-0.02929520
AE(5),9,-0.01270904
AE(5),9,-0.02767084
AE(5),9,-0.04041543
AE(5),9,-0.03496008
AE(5),9,-0.06387843
AE(5),9,-0.11034854
AE(5),9,-0.02143293
AE(5),9,-0.02427521
AE(5),9,-0.01858805
AE(5),9,-0.08623532
AE(5),9,-0.09185589
AE(5),9,0.02867181
AE(5),9,-0.01257693
AE(5),9,0.02937858
AE(5),9,-0.06921218
AE(5),9,-0.01585574
AE(5),9,-0.02240093
AE(5),9,-0.05819984
AE(5),9,-0.07497262
AE(5),9,0.03050934
AE(5),9,-0.00015476
AE(5),9,-0.12137031
AE(5),9,-0.07202485
AE(5),9,-0.03523670
AE(5),9,0.00255641
AE(5),9,-0.06474228
AE(5),9,-0.09675143
AE(5),9,-0.07979995
AE(5),9,-0.03905813
AE(5),9,-0.01985130
AE(5),9,-0.05372458
AE(5),9,0.01546155
AE(5),10,0.10361892
AE(5),10,-0.01766419
AE(5),10,-0.00242565
AE(5),10,0.00863763
AE(5),10,0.21318800
AE(5),10,-0.05991730
AE(5),10,-0.03513096
AE(5),10,-0.05042296
AE(5),10,-0.02785663
AE(5),10,0.00073331
AE(5),10,-0.03128711
AE(5),10,-0.05143297
AE(5),10,-0.08094779
AE(5),10,0.01670948
AE(5),10,0.00366606
AE(5),10,0.04795419
AE(5),10,0.01833810
AE(5),10,-0.01972772
AE(5),10,0.06179366
AE(5),10,0.01076162
AE(5),10,0.01115823
AE(5),10,0.03233502
AE(5),10,-0.02222989
AE(5),10,0.02522114
AE(5),10,-0.00800822
AE(5),10,-0.01682727
AE(5),10,0.03199683
AE(5),10,0.02671055
AE(5),10,0.02658083
AE(5),10,0.01852744
AE(5),10,0.03499465
AE(5),10,0.04155067
AE(5),10,0.05019615
AE(5),10,0.12478000
AE(5),10,0.03083723
AE(5),10,0.02810246
AE(5),10,0.02141564
AE(5),10,0.00099218
AE(5),10,-0.00204941
AE(5),10,-0.09308886
AE(5),10,-0.00676045
AE(5),10,0.01333485
AE(5),10,0.00265086
AE(5),10,-0.02298549
AE(5),10,0.02861837
AE(5),10,-0.00960047
AE(5),10,0.03486657
AE(5),10,-0.07477938
AE(5),10,0.04579446
AE(5),10,0.02051328
AE(5),10,0.04289024
AE(5),10,0.05042098
AE(5),10,-0.03411136
AE(5),10,0.02255678
AE(5),10,0.00250381
AE(5),10,-0.01036200
AE(5),10,0.03596771
AE(5),10,-0.04211322
AE(5),10,0.06295720
AE(5),10,0.04366417
AE(5),10,0.04159947
AE(5),10,-0.00062099
AE(5),10,-0.01331352
AE(5),10,0.00569985
AE(5),10,0.09881268
AE(5),10,-0.02135357
AE(5),10,0.01737065
AE(5),10,0.04593160
AE(5),10,0.08485709
AE(5),10,-0.00530801
AE(5),10,-0.02861883
AE(5),10,0.04711211
AE(5),10,-0.00108456
AE(5),10,-0.02212596
AE(5),10,0.03701937
AE(5),10,0.01273366
AE(5),10,0.01741327
AE(5),10,0.01186835
AE(5),10,-0.01124691
AE(5),10,-0.00937342
AE(5),10,0.01802912
AE(5),10,-0.03910727
AE(5),10,0.00337077
AE(5),10,-0.02774842
AE(5),10,-0.00724306
AE(5),10,0.03067440
AE(5),10,0.08166975
AE(5),10,0.06759437
AE(5),10,0.02260109
AE(5),10,0.03434515
AE(5),10,0.05063785
AE(5),10,0.10670950
AE(5),10,0.02109524
AE(5),10,-0.02558094
AE(5),10,0.03029305
AE(5),10,0.02768148
AE(5),10,-0.03103483
AE(5),10,-0.04757544
AE(5),10,-0.01997828
AE(5),10,0.02623238
AE(5),10,0.00525467
AE(5),10,0.02875031
AE(5),10,0.03353017
AE(5),10,0.02202228
AE(5),10,-0.01464355
AE(5),10,0.02344500
AE(5),10,0.03964273
AE(5),10,0.04608733
AE(5),10,0.06068898
AE(5),10,0.01820673
AE(5),10,0.01825292
AE(5),10,0.07612937
AE(5),10,0.03540734
AE(5),10,0.03036249
AE(5),10,0.04013126
AE(5),10,0.05255977
AE(5),10,0.04914530
AE(5),10,0.05936867
AE(5),10,0.02233997
AE(5),10,0.05647845
AE(5),10,0.08492298
AE(5),10,0.04883551
AE(5),10,0.08612781
AE(5),10,0.05596913
AE(5),10,0.06326659
AE(5),10,0.02010131
AE(5),10,0.01552541
AE(5),10,0.05539571
AE(5),10,-0.05958311
AE(5),10,0.03167888
AE(5),10,-0.01717814
AE(5),10,-0.03850851
AE(5),10,0.05718992
AE(5),10,0.03722730
AE(5),10,0.04994662
AE(5),10,0.06178463
AE(5),10,0.09241107
AE(5),10,-0.01301578
AE(5),10,-0.02615625
AE(5),10,0.03017316
AE(5),10,-0.03450320
AE(5),10,0.03018632
AE(5),10,0.06357722
AE(5),10,-0.01641290
AE(5),10,0.00857519
AE(5),10,0.01641876
AE(5),10,0.02366368
AE(5),10,0.04821498
AE(5),10,0.04795762
AE(5),10,-0.01608639
AE(5),10,0.00115854
AE(5),10,0.03380602
AE(5),10,-0.05265809
AE(5),10,0.12021306
AE(5),10,-0.00251017
AE(5),10,-0.00144792
AE(5),10,0.04346069
AE(5),10,-0.00939728
AE(5),10,-0.02005583
AE(5),10,0.01763093
AE(5),10,0.00105848
AE(5),10,0.04910191
AE(5),10,0.01956070
AE(5),10,-0.08510497
AE(5),10,-0.03428605
AE(5),10,-0.10078339
AE(5),10,0.16669108
AE(5),10,-0.02339063
AE(5),10,0.01151206
AE(5),10,-0.00703759
AE(5),10,-0.01603130
AE(5),10,-0.05544725
AE(5),10,0.03261015
AE(5),10,0.02034067
AE(5),10,0.04609250
AE(5),10,-0.01794949
AE(5),10,0.04389496
AE(5),10,-0.02588842
AE(5),10,-0.01622919
AE(5),10,0.02334623
AE(5),10,0.03644831
AE(5),10,-0.07449978
AE(5),10,-0.04156379
AE(5),10,0.01186416
AE(5),10,-0.02233377
AE(5),10,0.03916413
AE(5),10,0.00781783
AE(5),10,0.03054136
AE(5),10,0.01364997
AE(5),10,-0.01385799
AE(5),10,0.00925541
AE(5),10,0.01634231
AE(5),10,-0.02011994
AE(5),10,-0.03730905
AE(5),10,-0.03867097
AE(5),10,0.00509031
AE(5),10,0.01923043
AE(5),10,0.04406353
AE(5),10,0.01938033
AE(5),10,0.02877689
AE(5),10,-0.06702348
AE(5),10,-0.02594988
AE(5),10,0.05466287
AE(5),10,-0.06593643
AE(5),10,0.00583105
AE(5),10,0.00686096
AE(5),10,-0.04968911
AE(5),10,-0.03459908
AE(5),10,0.06933914
AE(5),10,-0.04329661
AE(5),10,-0.00614115
AE(5),10,-0.03979532
AE(5),10,0.02993325
AE(5),10,0.01648586
AE(5),10,0.00949519
AE(5),10,0.02282506
AE(5),10,-0.07513051
AE(5),10,-0.03053021
AE(5),10,-0.03793102
AE(5),10,0.00656887
AE(5),10,0.00753497
AE(5),10,-0.01021845
AE(5),10,-0.04519453
AE(5),10,-0.09212379
AE(5),10,0.00449891
AE(5),10,-0.00779446
AE(5),10,-0.00089336
AE(5),10,-0.07291856
AE(5),10,-0.06061472
AE(5),10,-0.03730727
AE(5),10,0.00354288
AE(5),10,-0.07414941
AE(5),10,-0.05228893
AE(5),10,-0.08416261
AE(5),10,-0.01949651
AE(5),10,-0.01155251
AE(5),10,-0.00589650
AE(5),10,-0.03272381
AE(5),10,0.07490483
AE(5),10,-0.00019048
AE(5),10,-0.07477911
AE(5),10,-0.02080902
AE(5),10,0.00715002
AE(5),10,0.02352287
AE(5),10,0.01843895
AE(5),10,-0.01169056
AE(5),10,0.05186908
AE(5),10,0.02874931
AE(5),10,0.00762719
AE(5),10,-0.01291029
AE(5),10,0.09724675
AE(5),10,-0.02755406
AE(5),10,0.00071455
AE(5),10,-0.00895466
AE(5),10,-0.00590881
AE(5),10,-0.02425940
AE(5),10,0.05176870
AE(5),10,-0.01014071
AE(5),10,0.02769339
AE(5),10,-0.05861430
AE(5),10,0.02001424
AE(5),10,0.07952201
AE(5),10,0.00726211
AE(5),10,-0.00482518
AE(5),10,0.00755702
AE(5),10,0.01201755
AE(5),10,0.02415445
AE(5),10,0.04982775
AE(5),10,0.08664945
AE(5),10,-0.00380626
AE(5),10,-0.03185542
AE(5),10,-0.02386057
AE(5),10,0.05625212
AE(5),10,-0.01632347
AE(5),10,-0.00589544
AE(5),10,0.01082230
AE(5),10,-0.00144746
AE(5),10,-0.02550964
AE(5),10,-0.01538918
AE(5),10,0.02309967
AE(5),10,0.07552096
AE(5),10,-0.03607990
AE(5),10,-0.00854203
AE(5),10,-0.00169558
AE(5),10,-0.01131975
AE(5),10,0.00818948
AE(5),10,0.00386072
AE(5),10,0.03419519
AE(5),10,0.09891345
AE(5),10,-0.00446804
AE(5),10,-0.00396798
AE(5),10,-0.08820939
AE(5),10,-0.04346249
AE(5),10,-0.00574785
AE(5),10,0.05678831
AE(5),10,-0.07465954
AE(5),10,0.05455356
AE(5),10,-0.06710103
AE(5),10,-0.03733512
AE(5),11,-0.11216254
AE(5),11,-0.04657576
AE(5),11,-0.08787564
AE(5),11,-0.05532468
AE(5),11,-0.05166840
AE(5),11,-0.04491463
AE(5),11,-0.03097918
AE(5),11,-0.01370353
AE(5),11,-0.05236359
AE(5),11,-0.05530394
AE(5),11,-0.10543014
AE(5),11,-0.00351006
AE(5),11,-0.11652024
AE(5),11,-0.03445070
AE(5),11,-0.05971517
AE(5),11,-0.08318623
AE(5),11,0.00064130
AE(5),11,-0.06724883
AE(5),11,-0.06186332
AE(5),11,-0.00653142
AE(5),11,-0.01625767
AE(5),11,-0.02950054
AE(5),11,-0.04340736
AE(5),11,-0.06061865
AE(5),11,-0.02125578
AE(5),11,-0.04505576
AE(5),11,-0.03607840
AE(5),11,-0.02968766
AE(5),11,-0.00627734
AE(5),11,-0.04027704
AE(5),11,-0.04560657
AE(5),11,-0.07307046
AE(5),11,0.11365754
AE(5),11,-0.01292735
AE(5),11,-0.04205302
AE(5),11,-0.02759751
AE(5),11,-0.01870819
AE(5),11,-0.00763757
AE(5),11,-0.01464011
AE(5),11,-0.05964617
AE(5),11,-0.04835801
AE(5),11,-0.01030291
AE(5),11,-0.06870188
AE(5),11,-0.05230004
AE(5),11,-0.04303651
AE(5),11,-0.04579015
AE(5),11,-0.05343396
AE(5),11,-0.08424683
AE(5),11,-0.03333753
AE(5),11,-0.03932603
AE(5),11,-0.05055436
AE(5),11,-0.11228716
AE(5),11,-0.08032833
AE(5),11,-0.06090731
AE(5),11,-0.02188703
AE(5),11,-0.10305010
AE(5),11,-0.07148144
AE(5),11,-0.04724118
AE(5),11,-0.06423629
AE(5),11,-0.03582331
AE(5),11,-0.05061606
AE(5),11,-0.04264180
AE(5),11,-0.07626489
AE(5),11,-0.02205095
AE(5),11,-0.03519461
AE(5),11,-0.04940980
AE(5),11,-0.04274531
AE(5),11,-0.05931167
AE(5),11,-0.04891856
AE(5),11,-0.03852023
AE(5),11,-0.04581162
AE(5),11,-0.06473560
AE(5),11,-0.03019690
AE(5),11,-0.06260870
AE(5),11,0.02821801
AE(5),11,0.00103064
AE(5),11,-0.05458103
AE(5),11,-0.03422590
AE(5),11,-0.05618608
AE(5),11,-0.07284657
AE(5),11,-0.04681207
AE(5),11,-0.05174880
AE(5),11,-0.07293598
AE(5),11,-0.01128681
AE(5),11,-0.03733260
AE(5),11,-0.05867684
AE(5),11,-0.03286588
AE(5),11,-0.01867729
AE(5),11,-0.02744621
AE(5),11,-0.04709917
AE(5),11,-0.03437387
AE(5),11,0.01189152
AE(5),11,-0.04406994
AE(5),11,-0.07988503
AE(5),11,-0.10221068
AE(5),11,-0.03694293
AE(5),11,-0.08024879
AE(5),11,-0.03877237
AE(5),11,-0.09814928
AE(5),11,-0.00626836
AE(5),11,-0.06762039
AE(5),11,-0.03493346
AE(5),11,0.00466427
AE(5),11,-0.00739988
AE(5),11,0.00581275
AE(5),11,-0.01278452
AE(5),11,-0.10869378
AE(5),11,-0.02533464
AE(5),11,-0.05501790
AE(5),11,-0.12117182
AE(5),11,-0.05158060
AE(5),11,-0.03823731
AE(5),11,-0.00395629
AE(5),11,-0.03667551
AE(5),11,-0.01148341
AE(5),11,-0.02709226
AE(5),11,-0.01544792
AE(5),11,-0.12380799
AE(5),11,0.00957660
AE(5),11,-0.02455582
AE(5),11,-0.03650491
AE(5),11,-0.01576054
AE(5),11,-0.03849076
AE(5),11,-0.08850129
AE(5),11,-0.01371833
AE(5),11,-0.02071902
AE(5),11,0.00402583
AE(5),11,-0.01933702
AE(5),11,-0.01842299
AE(5),11,-0.02783517
AE(5),11,-0.09099758
AE(5),11,-0.03046415
AE(5),11,-0.00182032
AE(5),11,-0.04698966
AE(5),11,0.01264648
AE(5),11,0.02797872
AE(5),11,-0.07628390
AE(5),11,-0.00109684
AE(5),11,-0.03691706
AE(5),11,0.00739998
AE(5),11,-0.02478460
AE(5),11,-0.01881216
AE(5),11,-0.07413342
AE(5),11,-0.05158358
AE(5),11,-0.00816672
AE(5),11,0.01752980
AE(5),11,-0.02740905
AE(5),11,-0.02096207
AE(5),11,-0.02584799
AE(5),11,-0.03857600
AE(5),11,-0.01648996
AE(5),11,-0.06535551
AE(5),11,-0.04970401
AE(5),11,-0.04523706
AE(5),11,-0.16328479
AE(5),11,-0.05322024
AE(5),11,-0.05106201
AE(5),11,-0.08444093
AE(5),11,-0.05981767
AE(5),11,-0.00164024
AE(5),11,-0.03728687
AE(5),11,0.03817244
AE(5),11,-0.10959736
AE(5),11,-0.02005994
AE(5),11,-0.05715248
AE(5),11,-0.01030819
AE(5),11,-0.07353486
AE(5),11,-0.05337172
AE(5),11,-0.01234099
AE(5),11,-0.07142382
AE(5),11,-0.06166495
AE(5),11,-0.04880414
AE(5),11,-0.08980818
AE(5),11,-0.08372461
AE(5),11,-0.05340927
AE(5),11,-0.05193671
AE(5),11,-0.07933477
AE(5),11,-0.09739037
AE(5),11,-0.04507242
AE(5),11,-0.06462044
AE(5),11,-0.06127798
AE(5),11,-0.10596921
AE(5),11,-0.04217522
AE(5),11,-0.01314512
AE(5),11,-0.07300385
AE(5),11,-0.03552215
AE(5),11,-0.04550160
AE(5),11,-0.09025089
AE(5),11,-0.06434213
AE(5),11,-0.06672951
AE(5),11,-0.06699048
AE(5),11,-0.04324632
AE(5),11,-0.01665424
AE(5),11,-0.01923019
AE(5),11,-0.04673949
AE(5),11,-0.08219229
AE(5),11,-0.02445030
AE(5),11,-0.04697058
AE(5),11,-0.09337923
AE(5),11,-0.07753346
AE(5),11,0.01717179
AE(5),11,-0.05026646
AE(5),11,-0.00261187
AE(5),11,-0.06336408
AE(5),11,-0.07735024
AE(5),11,-0.08878251
AE(5),11,-0.00358967
AE(5),11,-0.07283035
AE(5),11,-0.02094922
AE(5),11,-0.01805753
AE(5),11,-0.06976174
AE(5),11,-0.03051318
AE(5),11,-0.06031477
AE(5),11,-0.03875944
AE(5),11,-0.01846016
AE(5),11,-0.04120251
AE(5),11,-0.04608611
AE(5),11,-0.02558721
AE(5),11,-0.04102143
AE(5),11,-0.06255877
AE(5),11,-0.04241219
AE(5),11,-0.00086924
AE(5),11,-0.05539211
AE(5),11,-0.00972475
AE(5),11,-0.00208683
AE(5),11,-0.09285882
AE(5),11,-0.03531678
AE(5),11,-0.07998129
AE(5),11,-0.07358824
AE(5),11,-0.05294872
AE(5),11,-0.08206766
AE(5),11,-0.03783624
AE(5),11,0.01606447
AE(5),11,-0.12417842
AE(5),11,-0.04643106
AE(5),11,-0.06139414
AE(5),11,-0.04742682
AE(5),11,0.00485252
AE(5),11,0.03035837
AE(5),11,-0.07915138
AE(5),11,-0.00136863
AE(5),11,-0.06491857
AE(5),11,-0.03574726
AE(5),11,-0.03176667
AE(5),11,-0.04836927
AE(5),11,-0.00741216
AE(5),11,-0.00761998
AE(5),11,-0.06746566
AE(5),11,-0.04361871
AE(5),11,-0.04440588
AE(5),11,-0.01396513
AE(5),11,-0.02639377
AE(5),11,0.00988552
AE(5),11,-0.05659986
AE(5),11,-0.05655589
AE(5),11,-0.03034950
AE(5),11,-0.00263946
AE(5),11,-0.01354604
AE(5),11,-0.02970334
AE(5),11,-0.04504797
AE(5),11,-0.04935941
AE(5),11,-0.07468770
AE(5),11,-0.07484693
AE(5),11,-0.00948925
AE(5),11,-0.04070557
AE(5),11,-0.00835065
AE(5),11,-0.01974220
AE(5),11,-0.06542327
AE(5),11,-0.00978806
AE(5),11,-0.05339620
AE(5),11,-0.05458108
AE(5),11,-0.05084127
AE(5),11,-0.07995135
AE(5),11,-0.07067784
AE(5),11,-0.05323471
AE(5),11,-0.06293546
AE(5),11,-0.02365092
AE(5),11,-0.04009251
AE(5),11,-0.08253452
AE(5),11,-0.09951049
AE(5),11,-0.02624689
AE(5),11,-0.03905856
AE(5),11,-0.06089473
AE(5),11,-0.10389205
AE(5),11,-0.13590160
AE(5),11,-0.08901418
AE(5),11,-0.00250276
AE(5),11,-0.02355563
AE(5),11,-0.10791319
AE(5),11,-0.04167186
AE(5),11,-0.08405911
AE(5),11,-0.07752312
AE(5),11,-0.03394662
AE(5),11,-0.09447826
AE(5),11,-0.07279023
AE(5),11,-0.07419411
AE(5),11,-0.05821906
AE(5),11,-0.02879134
AE(5),11,-0.02216076
AE(5),11,-0.06908277
AE(5),11,-0.02187411
AE(5),11,-0.07294465
AE(5),11,-0.08752937
AE(5),11,-0.02960783
AE(5),12,-0.01929798
AE(5),12,-0.04016881
AE(5),12,0.15365653
AE(5),12,-0.08328637
AE(5),12,0.06419139
AE(5),12,-0.09885473
AE(5),12,0.00753098
AE(5),12,-0.04095706
AE(5),12,-0.03544347
AE(5),12,0.04345374
AE(5),12,-0.05519871
AE(5),12,0.00537013
AE(5),12,-0.02703179
AE(5),12,0.07564202
AE(5),12,-0.02116971
AE(5),12,0.02178522
AE(5),12,0.02212383
AE(5),12,0.12011029
AE(5),12,-0.08168023
AE(5),12,0.04691046
AE(5),12,0.02089426
AE(5),12,0.01508600
AE(5),12,-0.06058994
AE(5),12,-0.08291972
AE(5),12,-0.15949839
AE(5),12,-0.03278338
AE(5),12,-0.10708461
AE(5),12,0.00172767
AE(5),12,0.01159673
AE(5),12,0.11850062
AE(5),12,-0.00333667
AE(5),12,0.02765016
AE(5),12,-0.03231104
AE(5),12,0.04152991
AE(5),12,-0.07137446
AE(5),12,-0.08347642
AE(5),12,-0.04327333
AE(5),12,0.02240968
AE(5),12,-0.03157196
AE(5),12,0.01963972
AE(5),12,-0.04414145
AE(5),12,-0.02647649
AE(5),12,0.01066084
AE(5),12,-0.06389401
AE(5),12,0.02944826
AE(5),12,-0.03689745
AE(5),12,0.02575031
AE(5),12,-0.05181900
AE(5),12,-0.03367680
AE(5),12,-0.02496379
AE(5),12,0.02407337
AE(5),12,-0.08048107
AE(5),12,-0.03058008
AE(5),12,-0.08405625
AE(5),12,-0.08471361
AE(5),12,-0.06828522
AE(5),12,-0.07528986
AE(5),12,-0.08145481
AE(5),12,-0.12185803
AE(5),12,-0.00981927
AE(5),12,-0.06909128
AE(5),12,-0.00485924
AE(5),12,0.02085165
AE(5),12,-0.10282520
AE(5),12,-0.06880163
AE(5),12,-0.05152322
AE(5),12,-0.04658780
AE(5),12,-0.05588752
AE(5),12,-0.07682127
AE(5),12,0.01245563
AE(5),12,0.02842125
AE(5),12,-0.01118440
AE(5),12,0.01636448
AE(5),12,-0.03559289
AE(5),12,-0.05282227
AE(5),12,0.05913277
AE(5),12,-0.01763888
AE(5),12,-0.01980559
AE(5),12,-0.13673001
AE(5),12,-0.05162182
AE(5),12,-0.00964561
AE(5),12,-0.03594172
AE(5),12,-0.06021875
AE(5),12,-0.09167588
AE(5),12,0.05511089
AE(5),12,-0.06327919
AE(5),12,-0.04132337
AE(5),12,0.00843658
AE(5),12,-0.01665663
AE(5),12,-0.00079793
AE(5),12,-0.06603768
AE(5),12,-0.03719012
AE(5),12,-0.06894371
AE(5),12,-0.03632571
AE(5),12,-0.09613722
AE(5),12,-0.01008789
AE(5),12,0.01206826
AE(5),12,-0.02123390
AE(5),12,0.03732251
AE(5),12,-0.05193379
AE(5),12,-0.01207041
AE(5),12,-0.03195816
AE(5),12,0.03806394
AE(5),12,0.09284872
AE(5),12,0.02178576
AE(5),12,0.11652930
AE(5),12,0.10736802
AE(5),12,0.11583359
AE(5),12,0.01257678
AE(5),12,0.06567168
AE(5),12,0.08041030
AE(5),12,-0.04473238
AE(5),12,0.06835598
AE(5),12,-0.08551917
AE(5),12,0.01443217
AE(5),12,-0.02400906
AE(5),12,0.04887507
AE(5),12,0.07373954
AE(5),12,-0.00952453
AE(5),12,0.13034706
AE(5),12,0.06620954
AE(5),12,-0.01929335
AE(5),12,-0.02746414
AE(5),12,0.01790596
AE(5),12,0.06010249
AE(5),12,0.07858026
AE(5),12,-0.02401600
AE(5),12,0.09826892
AE(5),12,0.09393835
AE(5),12,-0.04330520
AE(5),12,0.04786842
AE(5),12,-0.01196080
AE(5),12,0.03871412
AE(5),12,0.04706070
AE(5),12,0.07341754
AE(5),12,0.03115248
AE(5),12,0.03120860
AE(5),12,-0.07727567
AE(5),12,0.03050360
AE(5),12,-0.03716064
AE(5),12,-0.07277547
AE(5),12,-0.06631474
AE(5),12,0.05775830
AE(5),12,0.01009119
AE(5),12,0.01360119
AE(5),12,-0.01120343
AE(5),12,0.06377827
AE(5),12,-0.01307300
AE(5),12,0.05532010
AE(5),12,0.03757545
AE(5),12,0.02627502
AE(5),12,-0.04708443
AE(5),12,-0.05036042
AE(5),12,-0.01674525
AE(5),12,0.04574555
AE(5),12,0.01512943
AE(5),12,-0.04721953
AE(5),12,0.05169616
AE(5),12,0.00846343
AE(5),12,-0.00206628
AE(5),12,0.00313148
AE(5),12,0.07725547
AE(5),12,-0.03936336
AE(5),12,0.01731828
AE(5),12,0.01525132
AE(5),12,-0.05688443
AE(5),12,-0.05150058
AE(5),12,0.02888110
AE(5),12,0.03023455
AE(5),12,0.00948219
AE(5),12,-0.06534639
AE(5),12,0.09550097
AE(5),12,0.00674984
AE(5),12,-0.01600182
AE(5),12,-0.01675939
AE(5),12,-0.16274577
AE(5),12,-0.03018323
AE(5),12,-0.03627857
AE(5),12,0.03886724
AE(5),12,-0.02889220
AE(5),12,-0.00161739
AE(5),12,0.02013601
AE(5),12,0.04306432
AE(5),12,-0.01688168
AE(5),12,-0.01444271
AE(5),12,0.02872605
AE(5),12,-0.04235460
AE(5),12,-0.05804242
AE(5),12,-0.04762156
AE(5),12,0.02634104
AE(5),12,-0.01547798
AE(5),12,-0.00329378
AE(5),12,-0.00547689
AE(5),12,-0.08666171
AE(5),12,-0.05011560
AE(5),12,0.05107580
AE(5),12,0.00478913
AE(5),12,-0.04814285
AE(5),12,-0.07118135
AE(5),12,-0.07245857
AE(5),12,-0.00188548
AE(5),12,0.00175520
AE(5),12,0.00696167
AE(5),12,-0.02364841
AE(5),12,-0.05409836
AE(5),12,-0.08892365
AE(5),12,-0.02506958
AE(5),12,0.04737049
AE(5),12,-0.02686234
AE(5),12,-0.00545854
AE(5),12,-0.01931992
AE(5),12,-0.04688183
AE(5),12,-0.05889481
AE(5),12,-0.07556358
AE(5),12,0.00687043
AE(5),12,-0.03068467
AE(5),12,0.01092689
AE(5),12,-0.00097951
AE(5),12,-0.03702770
AE(5),12,0.03487916
AE(5),12,-0.00250418
AE(5),12,0.02078130
AE(5),12,-0.05366446
AE(5),12,0.00666808
AE(5),12,-0.05154054
AE(5),12,-0.01143048
AE(5),12,-0.12609300
AE(5),12,-0.07293706
AE(5),12,-0.01422376
AE(5),12,-0.02665937
AE(5),12,-0.03490285
AE(5),12,0.11970067
AE(5),12,0.27081758
AE(5),12,-0.03687052
AE(5),12,-0.05481706
AE(5),12,-0.09813247
AE(5),12,-0.04280943
AE(5),12,-0.05483674
AE(5),12,0.02029236
AE(5),12,-0.04887379
AE(5),12,-0.07621203
AE(5),12,-0.02365065
AE(5),12,0.03648317
AE(5),12,0.04824153
AE(5),12,-0.09825043
AE(5),12,-0.01930422
AE(5),12,0.02105866
AE(5),12,-0.02614370
AE(5),12,-0.02768848
AE(5),12,0.01511069
AE(5),12,0.00824774
AE(5),12,-0.04936684
AE(5),12,-0.02575760
AE(5),12,0.00534799
AE(5),12,0.00654203
AE(5),12,-0.00600261
AE(5),12,0.02138915
AE(5),12,-0.03287715
AE(5),12,-0.05060314
AE(5),12,0.05256819
AE(5),12,0.06755470
AE(5),12,0.02543677
AE(5),12,-0.05154596
AE(5),12,0.02182152
AE(5),12,0.00442759
AE(5),12,-0.06323976
AE(5),12,0.03558198
AE(5),12,-0.01964784
AE(5),12,-0.05286393
AE(5),12,-0.09357912
AE(5),12,0.03259557
AE(5),12,-0.06300040
AE(5),12,0.01171337
AE(5),12,-0.01747910
AE(5),12,-0.06027573
AE(5),12,-0.04451359
AE(5),12,-0.02779056
AE(5),12,-0.06402500
AE(5),12,-0.06284603
AE(5),12,-0.03322493
AE(5),12,-0.12325573
AE(5),12,-0.03675638
AE(5),12,-0.05612768
AE(5),12,0.03408408
AE(5),12,0.04864787
AE(5),12,-0.02980376
AE(5),12,0.01049455
AE(5),12,-0.06380030
AE(5),12,-0.08541772
AE(5),12,-0.02794097
AE(5),12,-0.05914938
AE(5),12,-0.02600195
AE(5),12,0.01559172
AE(5),12,-0.12823080
AE(5),12,-0.00662568
AE(5),12,0.03144161
AE(5),12,-0.02957412
AE(5),12,-0.07621629
AE(5),12,-0.07883597
AE(5),12,-0.07655101
AE(5),12,-0.06716832
AE(5),12,-0.01768552
AE(5),12,0.04606531
AE(5),12,-0.04699284
AE(5),12,-0.01316256
AE(5),12,-0.06587440
AE(5),12,-0.03601976
AE(5),12,-0.03578906
