model,window,alpha
IPCA(1),1,-0.16729214
IPCA(1),1,-0.02563840
IPCA(1),1,-0.10594383
IPCA(1),1,-0.06101066
IPCA(1),1,-0.09897723
IPCA(1),1,-0.01471009
IPCA(1),1,0.05697282
IPCA(1),1,-0.02339110
IPCA(1),1,-0.02951846
IPCA(1),1,-0.04337691
IPCA(1),1,-0.00588855
IPCA(1),1,-0.06277931
IPCA(1),1,-0.02394056
IPCA(1),1,0.00320134
IPCA(1),1,-0.07428891
IPCA(1),1,-0.12796712
IPCA(1),1,-0.02444830
IPCA(1),1,-0.14536727
IPCA(1),1,-0.07371785
IPCA(1),1,-0.07481268
IPCA(1),1,-0.02923816
IPCA(1),1,-0.09425832
IPCA(1),1,-0.13581618
IPCA(1),1,-0.07627246
IPCA(1),1,-0.09632810
IPCA(1),1,-0.03221398
IPCA(1),1,-0.10626744
IPCA(1),1,-0.05912448
IPCA(1),1,-0.00957105
IPCA(1),1,-0.10479324
IPCA(1),1,-0.06604981
IPCA(1),1,0.04949274
IPCA(1),1,-0.03849055
IPCA(1),1,0.00334262
IPCA(1),1,-0.05484368
IPCA(1),1,-0.08082796
IPCA(1),1,-0.09664325
IPCA(1),1,-0.01887015
IPCA(1),1,-0.05236424
IPCA(1),1,0.00900266
IPCA(1),1,-0.02164418
IPCA(1),1,-0.01640789
IPCA(1),1,-0.06185460
IPCA(1),1,0.02711840
IPCA(1),1,-0.02228435
IPCA(1),1,0.07757407
IPCA(1),1,0.00136925
IPCA(1),1,0.02180561
IPCA(1),1,-0.03159575
IPCA(1),1,0.13811538
IPCA(1),1,-0.04102477
IPCA(1),1,-0.08272994
IPCA(1),1,-0.04493544
IPCA(1),1,-0.04842948
IPCA(1),1,-0.00556765
IPCA(1),1,-0.05336181
IPCA(1),1,-0.04069665
IPCA(1),1,-0.00698638
IPCA(1),1,-0.03922419
IPCA(1),1,-0.08130559
IPCA(1),1,-0.03623163
IPCA(1),1,0.01978797
IPCA(1),1,0.06807413
IPCA(1),1,0.06796799
IPCA(1),1,-0.06055387
IPCA(1),1,-0.04473690
IPCA(1),1,0.00223266
IPCA(1),1,-0.00745426
IPCA(1),1,-0.06883787
IPCA(1),1,0.08593505
IPCA(1),1,-0.04857873
IPCA(1),1,-0.06127235
IPCA(1),1,-0.01386626
IPCA(1),1,-0.11832254
IPCA(1),1,-0.15687445
IPCA(1),1,-0.10649432
IPCA(1),1,0.04740572
IPCA(1),1,-0.05842347
IPCA(1),1,-0.06691431
IPCA(1),1,-0.04899814
IPCA(1),1,-0.03830760
IPCA(1),1,-0.08593779
IPCA(1),1,-0.03401125
IPCA(1),1,-0.05667642
IPCA(1),1,-0.02560834
IPCA(1),1,-0.06325579
IPCA(1),1,-0.08917860
IPCA(1),1,-0.07967980
IPCA(1),1,-0.04314669
IPCA(1),1,0.05205728
IPCA(1),1,-0.04195730
IPCA(1),1,-0.03578131
IPCA(1),1,-0.06510227
IPCA(1),1,-0.03639420
IPCA(1),1,-0.00371103
IPCA(1),1,-0.04214831
IPCA(1),1,-0.02862862
IPCA(1),1,0.08347858
IPCA(1),1,-0.05255797
IPCA(1),1,-0.02052012
IPCA(1),1,-0.01831584
IPCA(1),1,-0.00109557
IPCA(1),1,-0.01866964
IPCA(1),1,-0.03324284
IPCA(1),1,-0.02951278
IPCA(1),1,-0.07660181
IPCA(1),1,-0.05156108
IPCA(1),1,-0.01057831
IPCA(1),1,-0.00427239
IPCA(1),1,-0.01802866
IPCA(1),1,-0.01409875
IPCA(1),1,-0.04020202
IPCA(1),1,0.01590456
IPCA(1),1,-0.00170145
IPCA(1),1,0.01075661
IPCA(1),1,-0.10276549
IPCA(1),1,0.00960725
IPCA(1),1,-0.08939678
IPCA(1),1,0.00819594
IPCA(1),1,-0.05682019
IPCA(1),1,-0.00765715
IPCA(1),1,-0.09739771
IPCA(1),1,-0.05560090
IPCA(1),1,-0.01935976
IPCA(1),1,-0.00444093
IPCA(1),1,-0.11608996
IPCA(1),1,-0.03712088
IPCA(1),1,-0.04193133
IPCA(1),1,-0.01685483
IPCA(1),1,-0.04871599
IPCA(1),1,-0.08390114
IPCA(1),1,-0.01843323
IPCA(1),1,-0.11815224
IPCA(1),1,-0.04489761
IPCA(1),1,-0.02816750
IPCA(1),1,0.07213229
IPCA(1),1,0.02006122
IPCA(1),1,-0.13643538
IPCA(1),1,-0.09879057
IPCA(1),1,-0.09246200
IPCA(1),1,-0.11163080
IPCA(1),1,-0.06143677
IPCA(1),1,-0.02791447
IPCA(1),1,-0.08968330
IPCA(1),1,-0.07362940
IPCA(1),1,-0.05098535
IPCA(1),1,0.00722132
IPCA(1),1,0.03057671
IPCA(1),1,-0.02601635
IPCA(1),1,-0.02767388
IPCA(1),1,0.01209307
IPCA(1),1,0.00475266
IPCA(1),1,-0.09462631
IPCA(1),1,-0.10397277
IPCA(1),1,0.01200446
IPCA(1),1,0.04977079
IPCA(1),1,-0.01682935
IPCA(1),1,-0.04432612
IPCA(1),1,-0.02920719
IPCA(1),1,0.02882863
IPCA(1),1,-0.12111588
IPCA(1),1,-0.02646359
IPCA(1),1,-0.04878632
IPCA(1),1,-0.08259765
IPCA(1),1,0.05116378
IPCA(1),1,-0.06906793
IPCA(1),1,-0.08058330
IPCA(1),1,0.03294382
IPCA(1),1,-0.03067034
IPCA(1),1,-0.07728359
IPCA(1),1,0.04094722
IPCA(1),1,0.00133914
IPCA(1),1,-0.07993123
IPCA(1),1,-0.03057197
IPCA(1),1,-0.00725089
IPCA(1),1,-0.07312624
IPCA(1),1,-0.05181645
IPCA(1),1,-0.00708971
IPCA(1),1,-0.05003901
IPCA(1),1,-0.01319234
IPCA(1),1,-0.10401756
IPCA(1),1,0.00465133
IPCA(1),1,0.06420525
IPCA(1),1,0.01164288
IPCA(1),1,-0.00655589
IPCA(1),1,-0.07581112
IPCA(1),1,-0.07862015
IPCA(1),1,0.01551986
IPCA(1),1,0.01898556
IPCA(1),1,-0.06852335
IPCA(1),1,-0.10369738
IPCA(1),1,-0.03412987
IPCA(1),1,0.00075601
IPCA(1),1,-0.07480595
IPCA(1),1,-0.05032622
IPCA(1),1,-0.08854278
IPCA(1),1,0.00812682
IPCA(1),1,-0.09742324
IPCA(1),1,-0.15309945
IPCA(1),1,-0.01730478
IPCA(1),1,0.01464978
IPCA(1),1,-0.05217936
IPCA(1),1,0.08303818
IPCA(1),1,-0.05136368
IPCA(1),1,-0.08788347
IPCA(1),1,-0.02727246
IPCA(1),1,-0.08596405
IPCA(1),1,-0.01574582
IPCA(1),1,0.01069484
IPCA(1),1,-0.04358142
IPCA(1),1,0.00219021
IPCA(1),1,-0.07370952
IPCA(1),1,-0.12268704
IPCA(1),1,-0.07712064
IPCA(1),1,-0.00757913
IPCA(1),1,-0.05758907
IPCA(1),1,-0.14258556
IPCA(1),1,-0.07830581
IPCA(1),1,-0.00642034
IPCA(1),1,0.03191338
IPCA(1),1,-0.06354693
IPCA(1),1,-0.01841068
IPCA(1),1,-0.11229789
IPCA(1),1,0.03444105
IPCA(1),1,-0.02251370
IPCA(1),1,0.06875617
IPCA(1),1,-0.01431748
IPCA(1),1,0.00272482
IPCA(1),1,0.01717777
IPCA(1),1,-0.05313583
IPCA(1),1,0.00871828
IPCA(1),1,-0.05332264
IPCA(1),1,-0.08282247
IPCA(1),1,-0.09468165
IPCA(1),1,-0.19369663
IPCA(1),1,-0.09334993
IPCA(1),1,-0.01509522
IPCA(1),1,-0.06183712
IPCA(1),1,-0.05583634
IPCA(1),1,-0.06908175
IPCA(1),1,-0.05352287
IPCA(1),1,-0.03973632
IPCA(1),1,-0.10551157
IPCA(1),1,-0.02221601
IPCA(1),2,0.03048441
IPCA(1),2,-0.02798340
IPCA(1),2,0.03470480
IPCA(1),2,0.03232201
IPCA(1),2,-0.00275205
IPCA(1),2,0.04955575
IPCA(1),2,-0.02154039
IPCA(1),2,-0.06835991
IPCA(1),2,-0.03504112
IPCA(1),2,-0.04073498
IPCA(1),2,-0.01864646
IPCA(1),2,0.01579987
IPCA(1),2,-0.07879377
IPCA(1),2,0.05440084
IPCA(1),2,0.04164385
IPCA(1),2,-0.03435574
IPCA(1),2,-0.01668625
IPCA(1),2,-0.01764657
IPCA(1),2,-0.02227588
IPCA(1),2,-0.01369309
IPCA(1),2,-0.00860878
IPCA(1),2,0.03128221
IPCA(1),2,-0.00614595
IPCA(1),2,-0.01747877
IPCA(1),2,-0.00314193
IPCA(1),2,-0.03557187
IPCA(1),2,0.03474455
IPCA(1),2,-0.02352473
IPCA(1),2,-0.01637186
IPCA(1),2,0.06948339
IPCA(1),2,0.03867561
IPCA(1),2,0.02865621
IPCA(1),2,-0.00548196
IPCA(1),2,0.02257052
IPCA(1),2,0.00647765
IPCA(1),2,0.08679700
IPCA(1),2,-0.04486691
IPCA(1),2,0.00951968
IPCA(1),2,-0.01098027
IPCA(1),2,-0.00912446
IPCA(1),2,-0.02816390
IPCA(1),2,0.01421673
IPCA(1),2,-0.00689626
IPCA(1),2,0.00125624
IPCA(1),2,-0.03489683
IPCA(1),2,-0.06918335
IPCA(1),2,0.01350601
IPCA(1),2,-0.00589185
IPCA(1),2,-0.00388941
IPCA(1),2,0.00603633
IPCA(1),2,-0.04125072
IPCA(1),2,-0.01394322
IPCA(1),2,0.05265266
IPCA(1),2,0.05137935
IPCA(1),2,-0.05802941
IPCA(1),2,0.01268812
IPCA(1),2,-0.03109155
IPCA(1),2,0.04693924
IPCA(1),2,0.02586690
IPCA(1),2,0.01172160
IPCA(1),2,-0.01147711
IPCA(1),2,0.02676465
IPCA(1),2,0.00744907
IPCA(1),2,0.01502473
IPCA(1),2,0.00881674
IPCA(1),2,-0.00308351
IPCA(1),2,0.01840094
IPCA(1),2,-0.00885300
IPCA(1),2,-0.01546788
IPCA(1),2,-0.04831148
IPCA(1),2,-0.01119885
IPCA(1),2,-0.01997244
IPCA(1),2,-0.07940642
IPCA(1),2,-0.04451085
IPCA(1),2,0.01393069
IPCA(1),2,0.03133296
IPCA(1),2,0.01481796
IPCA(1),2,-0.00125471
IPCA(1),2,0.01625822
IPCA(1),2,-0.06549792
IPCA(1),2,-0.00640664
IPCA(1),2,-0.08164042
IPCA(1),2,0.00846691
IPCA(1),2,-0.05739642
IPCA(1),2,0.03233058
IPCA(1),2,-0.03134740
IPCA(1),2,-0.02917036
IPCA(1),2,-0.04411454
IPCA(1),2,-0.07195153
IPCA(1),2,-0.03252364
IPCA(1),2,-0.05109501
IPCA(1),2,-0.03705566
IPCA(1),2,-0.07719619
IPCA(1),2,-0.07985187
IPCA(1),2,-0.11493925
IPCA(1),2,-0.05437002
IPCA(1),2,0.00616962
IPCA(1),2,-0.00986108
IPCA(1),2,-0.07455822
IPCA(1),2,0.02660455
IPCA(1),2,-0.08640032
IPCA(1),2,-0.01930978
IPCA(1),2,-0.01365521
IPCA(1),2,-0.03168455
IPCA(1),2,-0.01958380
IPCA(1),2,-0.02226606
IPCA(1),2,-0.08260513
IPCA(1),2,-0.09443453
IPCA(1),2,-0.09404051
IPCA(1),2,0.01893866
IPCA(1),2,-0.03159410
IPCA(1),2,-0.03292718
IPCA(1),2,-0.03577868
IPCA(1),2,0.01217594
IPCA(1),2,0.01046445
IPCA(1),2,-0.01253053
IPCA(1),2,-0.04063137
IPCA(1),2,-0.05969712
IPCA(1),2,-0.06546822
IPCA(1),2,0.00202413
IPCA(1),2,-0.03704148
IPCA(1),2,-0.07114383
IPCA(1),2,-0.02000904
IPCA(1),2,0.03738152
IPCA(1),2,-0.05538447
IPCA(1),2,0.02377653
IPCA(1),2,0.01158741
IPCA(1),2,-0.02629643
IPCA(1),2,-0.02498218
IPCA(1),2,-0.03763501
IPCA(1),2,-0.00670588
IPCA(1),2,0.04024630
IPCA(1),2,-0.07925241
IPCA(1),2,0.00113052
IPCA(1),2,-0.06501528
IPCA(1),2,0.05871096
IPCA(1),2,0.00814687
IPCA(1),2,-0.04966405
IPCA(1),2,-0.01931464
IPCA(1),2,0.00193941
IPCA(1),2,0.02106512
IPCA(1),2,-0.03230979
IPCA(1),2,0.00031875
IPCA(1),2,-0.00752196
IPCA(1),2,-0.01307213
IPCA(1),2,-0.04781994
IPCA(1),2,0.01558225
IPCA(1),2,0.01429847
IPCA(1),2,0.04357792
IPCA(1),2,0.00348557
IPCA(1),2,0.01970386
IPCA(1),2,-0.04260247
IPCA(1),2,-0.06019792
IPCA(1),2,0.00040874
IPCA(1),2,0.00440682
IPCA(1),2,-0.02313753
IPCA(1),2,-0.01939590
IPCA(1),2,-0.03683740
IPCA(1),2,-0.07331856
IPCA(1),2,-0.10551835
IPCA(1),2,-0.05939036
IPCA(1),2,-0.07897200
IPCA(1),2,-0.01897557
IPCA(1),2,0.01311741
IPCA(1),2,-0.06676645
IPCA(1),2,-0.10680394
IPCA(1),2,-0.04821422
IPCA(1),2,0.07469620
IPCA(1),2,-0.06723060
IPCA(1),2,-0.05161503
IPCA(1),2,-0.04473452
IPCA(1),2,0.00396507
IPCA(1),2,-0.03875468
IPCA(1),2,-0.10781113
IPCA(1),2,-0.04922205
IPCA(1),2,-0.09989972
IPCA(1),2,-0.10550210
IPCA(1),2,-0.03880766
IPCA(1),2,-0.13069750
IPCA(1),2,-0.08268309
IPCA(1),2,-0.04105502
IPCA(1),2,-0.06508935
IPCA(1),2,-0.02577981
IPCA(1),2,-0.00183235
IPCA(1),2,-0.06482090
IPCA(1),2,-0.00343197
IPCA(1),2,0.16775305
IPCA(1),2,-0.02483732
IPCA(1),2,0.00353356
IPCA(1),2,-0.00979672
IPCA(1),2,0.00751050
IPCA(1),2,0.01377362
IPCA(1),2,-0.03449269
IPCA(1),2,-0.00351132
IPCA(1),2,-0.02125089
IPCA(1),2,-0.01062804
IPCA(1),2,0.02199918
IPCA(1),2,-0.06203622
IPCA(1),2,-0.01916754
IPCA(1),2,-0.00703560
IPCA(1),2,-0.02674263
IPCA(1),2,-0.03586387
IPCA(1),2,-0.08066145
IPCA(1),2,-0.03446592
IPCA(1),2,0.03097318
IPCA(1),2,-0.02159574
IPCA(1),2,-0.00955159
IPCA(1),2,-0.03610595
IPCA(1),2,-0.02406465
IPCA(1),2,-0.01411596
IPCA(1),2,-0.01274815
IPCA(1),2,0.01284894
IPCA(1),2,-0.03947240
IPCA(1),2,0.01792247
IPCA(1),2,-0.03621465
IPCA(1),2,-0.02577025
IPCA(1),2,-0.00432907
IPCA(1),2,0.02059616
IPCA(1),2,-0.04131856
IPCA(1),2,-0.04512890
IPCA(1),2,-0.08351162
IPCA(1),2,-0.09713900
IPCA(1),2,-0.02850520
IPCA(1),2,-0.08502806
IPCA(1),2,0.03185860
IPCA(1),2,-0.06303570
IPCA(1),2,-0.01820317
IPCA(1),2,0.04089207
IPCA(1),2,-0.00882462
IPCA(1),2,-0.07711067
IPCA(1),2,-0.04192163
IPCA(1),2,-0.05184531
IPCA(1),2,-0.04143407
IPCA(1),2,-0.03179703
IPCA(1),2,-0.07066143
IPCA(1),2,-0.02490495
IPCA(1),2,-0.00128561
IPCA(1),2,-0.07771470
IPCA(1),2,-0.12725426
IPCA(1),2,-0.02696485
IPCA(1),2,-0.02174023
IPCA(1),2,-0.00957480
IPCA(1),2,-0.05095462
IPCA(1),2,-0.02432255
IPCA(1),2,-0.04501288
IPCA(1),3,-0.03746345
IPCA(1),3,0.01872546
IPCA(1),3,0.00291624
IPCA(1),3,0.03060918
IPCA(1),3,0.04398487
IPCA(1),3,-0.02920720
IPCA(1),3,-0.01342985
IPCA(1),3,0.03313750
IPCA(1),3,0.01534832
IPCA(1),3,0.03706330
IPCA(1),3,-0.02287118
IPCA(1),3,-0.01354151
IPCA(1),3,0.04099620
IPCA(1),3,-0.03160195
IPCA(1),3,-0.03137321
IPCA(1),3,-0.01226652
IPCA(1),3,0.00229115
IPCA(1),3,-0.03321601
IPCA(1),3,-0.00947154
IPCA(1),3,-0.01326821
IPCA(1),3,-0.01453653
IPCA(1),3,0.05175219
IPCA(1),3,-0.01517201
IPCA(1),3,-0.05612386
IPCA(1),3,0.00085592
IPCA(1),3,0.01771780
IPCA(1),3,0.01274014
IPCA(1),3,0.03236279
IPCA(1),3,-0.03548270
IPCA(1),3,0.00349472
IPCA(1),3,-0.01382121
IPCA(1),3,0.02962503
IPCA(1),3,0.01546178
IPCA(1),3,0.02846913
IPCA(1),3,-0.04249958
IPCA(1),3,-0.03687813
IPCA(1),3,0.02841202
IPCA(1),3,-0.01626716
IPCA(1),3,0.00469084
IPCA(1),3,0.02368671
IPCA(1),3,0.02322296
IPCA(1),3,0.00463355
IPCA(1),3,-0.00685258
IPCA(1),3,-0.02988455
IPCA(1),3,-0.01660352
IPCA(1),3,0.06241403
IPCA(1),3,-0.00513295
IPCA(1),3,-0.03688755
IPCA(1),3,-0.03221712
IPCA(1),3,-0.01486540
IPCA(1),3,-0.01115344
IPCA(1),3,0.03628408
IPCA(1),3,0.04040533
IPCA(1),3,-0.01849959
IPCA(1),3,-0.02040688
IPCA(1),3,-0.01770686
IPCA(1),3,0.00364584
IPCA(1),3,0.02001487
IPCA(1),3,0.01252256
IPCA(1),3,0.06097674
IPCA(1),3,-0.00233891
IPCA(1),3,0.06133056
IPCA(1),3,0.01999535
IPCA(1),3,-0.03235260
IPCA(1),3,0.02198717
IPCA(1),3,-0.00124912
IPCA(1),3,0.02089168
IPCA(1),3,0.03854650
IPCA(1),3,0.05361623
IPCA(1),3,-0.01748640
IPCA(1),3,0.09926008
IPCA(1),3,-0.00155036
IPCA(1),3,0.02104868
IPCA(1),3,0.02690408
IPCA(1),3,-0.01674178
IPCA(1),3,-0.01171815
IPCA(1),3,-0.02225107
IPCA(1),3,-0.00221500
IPCA(1),3,0.00932561
IPCA(1),3,0.02159802
IPCA(1),3,0.03503711
IPCA(1),3,-0.01326213
IPCA(1),3,0.04816645
IPCA(1),3,-0.01000493
IPCA(1),3,-0.02173527
IPCA(1),3,-0.01505927
IPCA(1),3,-0.04778969
IPCA(1),3,-0.03214416
IPCA(1),3,-0.08784031
IPCA(1),3,-0.03141597
IPCA(1),3,-0.01962590
IPCA(1),3,-0.01775079
IPCA(1),3,-0.02886434
IPCA(1),3,0.04044842
IPCA(1),3,-0.02664166
IPCA(1),3,-0.03942174
IPCA(1),3,-0.02740083
IPCA(1),3,-0.00969284
IPCA(1),3,-0.02850418
IPCA(1),3,-0.04522646
IPCA(1),3,-0.02967026
IPCA(1),3,-0.01974506
IPCA(1),3,-0.01290020
IPCA(1),3,-0.01873243
IPCA(1),3,-0.08194005
IPCA(1),3,-0.01662356
IPCA(1),3,-0.01348469
IPCA(1),3,-0.02435432
IPCA(1),3,-0.04675602
IPCA(1),3,-0.02479884
IPCA(1),3,-0.04015670
IPCA(1),3,0.00036893
IPCA(1),3,-0.02273571
IPCA(1),3,-0.03122389
IPCA(1),3,-0.00872280
IPCA(1),3,-0.00380917
IPCA(1),3,-0.05191959
IPCA(1),3,-0.03069520
IPCA(1),3,-0.04047495
IPCA(1),3,-0.03005762
IPCA(1),3,-0.02383624
IPCA(1),3,-0.04113629
IPCA(1),3,0.07519591
IPCA(1),3,0.01978444
IPCA(1),3,-0.01664486
IPCA(1),3,-0.03017926
IPCA(1),3,-0.02884518
IPCA(1),3,-0.02429215
IPCA(1),3,0.02817158
IPCA(1),3,-0.01098061
IPCA(1),3,-0.03145464
IPCA(1),3,-0.02158953
IPCA(1),3,0.00499279
IPCA(1),3,0.05021049
IPCA(1),3,-0.02643050
IPCA(1),3,0.00057476
IPCA(1),3,-0.00456815
IPCA(1),3,0.00901906
IPCA(1),3,-0.00107945
IPCA(1),3,0.03081829
IPCA(1),3,-0.01835254
IPCA(1),3,-0.00348048
IPCA(1),3,-0.01486824
IPCA(1),3,-0.00366026
IPCA(1),3,0.00050496
IPCA(1),3,0.03812708
IPCA(1),3,-0.01220377
IPCA(1),3,0.03818636
IPCA(1),3,-0.00719126
IPCA(1),3,0.04901018
IPCA(1),3,0.04463573
IPCA(1),3,-0.00209614
IPCA(1),3,0.01608894
IPCA(1),3,0.02330750
IPCA(1),3,0.04080686
IPCA(1),3,0.07440730
IPCA(1),3,-0.01785872
IPCA(1),3,-0.02196627
IPCA(1),3,-0.00797532
IPCA(1),3,0.08124667
IPCA(1),3,-0.05128378
IPCA(1),3,-0.04106823
IPCA(1),3,-0.00934432
IPCA(1),3,0.02357698
IPCA(1),3,0.01997447
IPCA(1),3,0.04677875
IPCA(1),3,-0.02613499
IPCA(1),3,-0.01237898
IPCA(1),3,0.09144674
IPCA(1),3,-0.01698164
IPCA(1),3,-0.03047925
IPCA(1),3,-0.04202635
IPCA(1),3,-0.00412854
IPCA(1),3,-0.02330566
IPCA(1),3,0.00357103
IPCA(1),3,0.03615876
IPCA(1),3,0.00746727
IPCA(1),3,0.05719027
IPCA(1),3,0.07021792
IPCA(1),3,0.04418302
IPCA(1),3,0.04666433
IPCA(1),3,-0.01770784
IPCA(1),3,0.06753007
IPCA(1),3,0.05106009
IPCA(1),3,0.01010880
IPCA(1),3,0.04943099
IPCA(1),3,-0.03343869
IPCA(1),3,-0.00875635
IPCA(1),3,0.01299058
IPCA(1),3,-0.01625947
IPCA(1),3,-0.05065203
IPCA(1),3,0.01120601
IPCA(1),3,0.01349338
IPCA(1),3,-0.01388261
IPCA(1),3,0.00813332
IPCA(1),3,0.03353722
IPCA(1),3,0.02121559
IPCA(1),3,-0.01312581
IPCA(1),3,-0.01520166
IPCA(1),3,0.00716043
IPCA(1),3,-0.03244306
IPCA(1),3,0.02285371
IPCA(1),3,0.01738268
IPCA(1),3,-0.00596665
IPCA(1),3,-0.02877566
IPCA(1),3,-0.00838487
IPCA(1),3,-0.02307344
IPCA(1),3,-0.00576196
IPCA(1),3,0.03707721
IPCA(1),3,-0.00943416
IPCA(1),3,-0.00902339
IPCA(1),3,-0.03557624
IPCA(1),3,-0.00261599
IPCA(1),3,0.01996502
IPCA(1),3,-0.03299527
IPCA(1),3,-0.08045598
IPCA(1),3,0.01797087
IPCA(1),3,-0.00485952
IPCA(1),3,-0.02653978
IPCA(1),3,0.02232507
IPCA(1),3,-0.00445324
IPCA(1),3,-0.02319949
IPCA(1),3,-0.02431088
IPCA(1),3,0.05951905
IPCA(1),3,0.03318285
IPCA(1),3,-0.00957101
IPCA(1),3,-0.00115184
IPCA(1),3,-0.01073506
IPCA(1),3,0.01657902
IPCA(1),3,0.04512829
IPCA(1),3,-0.03327814
IPCA(1),3,-0.01409007
IPCA(1),3,0.02274951
IPCA(1),3,-0.01272597
IPCA(1),3,-0.00518286
IPCA(1),3,-0.04246449
IPCA(1),3,0.00681724
IPCA(1),3,-0.04314772
IPCA(1),3,-0.01316203
IPCA(1),3,-0.02339238
IPCA(1),3,-0.00552311
IPCA(1),3,-0.00253257
IPCA(1),3,-0.01891308
IPCA(1),3,0.00271396
IPCA(1),3,-0.02358666
IPCA(1),3,-0.01138806
IPCA(1),3,0.01801951
IPCA(1),3,-0.00772268
IPCA(1),3,0.08039288
IPCA(1),3,-0.03572975
IPCA(1),3,0.06571403
IPCA(1),3,-0.02815254
IPCA(1),4,0.04583792
IPCA(1),4,0.07970212
IPCA(1),4,-0.00379287
IPCA(1),4,0.05237427
IPCA(1),4,0.00515776
IPCA(1),4,0.03120661
IPCA(1),4,0.01839284
IPCA(1),4,-0.00820562
IPCA(1),4,-0.02086254
IPCA(1),4,0.06001354
IPCA(1),4,0.02072697
IPCA(1),4,-0.00563424
IPCA(1),4,-0.01147359
IPCA(1),4,0.01993146
IPCA(1),4,0.01046825
IPCA(1),4,0.09179265
IPCA(1),4,-0.01681480
IPCA(1),4,0.01796567
IPCA(1),4,0.00073661
IPCA(1),4,-0.03335005
IPCA(1),4,-0.00348822
IPCA(1),4,-0.01541425
IPCA(1),4,-0.02639796
IPCA(1),4,0.00136276
IPCA(1),4,-0.04048065
IPCA(1),4,-0.02900126
IPCA(1),4,0.00624370
IPCA(1),4,-0.01590952
IPCA(1),4,0.00086786
IPCA(1),4,0.10198563
IPCA(1),4,-0.01492712
IPCA(1),4,0.01302173
IPCA(1),4,-0.04509946
IPCA(1),4,-0.02179577
IPCA(1),4,-0.03363412
IPCA(1),4,-0.00323997
IPCA(1),4,-0.02491374
IPCA(1),4,-0.02324581
IPCA(1),4,-0.06487845
IPCA(1),4,-0.03139110
IPCA(1),4,-0.04466992
IPCA(1),4,-0.03277026
IPCA(1),4,-0.00815532
IPCA(1),4,-0.03244613
IPCA(1),4,0.04506560
IPCA(1),4,0.00814803
IPCA(1),4,-0.03580067
IPCA(1),4,-0.05212978
IPCA(1),4,-0.04378544
IPCA(1),4,0.01803624
IPCA(1),4,0.04934121
IPCA(1),4,-0.03972728
IPCA(1),4,-0.06131628
IPCA(1),4,-0.05019330
IPCA(1),4,0.04676707
IPCA(1),4,-0.02689846
IPCA(1),4,-0.02631641
IPCA(1),4,-0.02398633
IPCA(1),4,0.00321216
IPCA(1),4,-0.03103624
IPCA(1),4,-0.01366190
IPCA(1),4,0.00436990
IPCA(1),4,-0.02062068
IPCA(1),4,-0.01674938
IPCA(1),4,-0.00868722
IPCA(1),4,-0.00837299
IPCA(1),4,-0.00009695
IPCA(1),4,0.01608463
IPCA(1),4,0.01070427
IPCA(1),4,-0.01624388
IPCA(1),4,-0.04089147
IPCA(1),4,0.02825947
IPCA(1),4,0.04164000
IPCA(1),4,0.09103195
IPCA(1),4,-0.01773280
IPCA(1),4,0.04390041
IPCA(1),4,-0.03243791
IPCA(1),4,0.07365800
IPCA(1),4,-0.00294644
IPCA(1),4,-0.01360004
IPCA(1),4,0.00549549
IPCA(1),4,0.00623419
IPCA(1),4,0.03021897
IPCA(1),4,-0.01807312
IPCA(1),4,0.01718003
IPCA(1),4,-0.02293386
IPCA(1),4,0.00368963
IPCA(1),4,-0.05283234
IPCA(1),4,0.02575656
IPCA(1),4,0.07482534
IPCA(1),4,0.02285635
IPCA(1),4,-0.00699802
IPCA(1),4,0.00681197
IPCA(1),4,0.04293715
IPCA(1),4,0.01629001
IPCA(1),4,-0.02842198
IPCA(1),4,-0.01775198
IPCA(1),4,0.01062166
IPCA(1),4,-0.01753888
IPCA(1),4,0.00923589
IPCA(1),4,0.00408596
IPCA(1),4,0.00187672
IPCA(1),4,0.02402280
IPCA(1),4,-0.02104856
IPCA(1),4,-0.01217849
IPCA(1),4,-0.00963632
IPCA(1),4,0.03856061
IPCA(1),4,-0.00521375
IPCA(1),4,-0.01491052
IPCA(1),4,0.01174825
IPCA(1),4,0.00157815
IPCA(1),4,-0.01550923
IPCA(1),4,-0.00396661
IPCA(1),4,-0.01291933
IPCA(1),4,-0.01086849
IPCA(1),4,-0.01327554
IPCA(1),4,0.00792918
IPCA(1),4,0.01176348
IPCA(1),4,0.00346919
IPCA(1),4,0.00762249
IPCA(1),4,0.00137666
IPCA(1),4,0.00808031
IPCA(1),4,-0.02767488
IPCA(1),4,0.03219288
IPCA(1),4,-0.00386959
IPCA(1),4,-0.02212916
IPCA(1),4,0.00524948
IPCA(1),4,0.03763777
IPCA(1),4,0.03147597
IPCA(1),4,-0.00724897
IPCA(1),4,-0.01903883
IPCA(1),4,0.02015005
IPCA(1),4,-0.02443788
IPCA(1),4,-0.00048279
IPCA(1),4,-0.01081520
IPCA(1),4,0.02907698
IPCA(1),4,-0.00633136
IPCA(1),4,-0.02007677
IPCA(1),4,-0.00433545
IPCA(1),4,0.11326782
IPCA(1),4,0.01099490
IPCA(1),4,-0.00233709
IPCA(1),4,-0.01181021
IPCA(1),4,-0.02948681
IPCA(1),4,-0.01602359
IPCA(1),4,0.01703095
IPCA(1),4,0.00185293
IPCA(1),4,0.02653059
IPCA(1),4,0.01163209
IPCA(1),4,0.02625393
IPCA(1),4,0.08586740
IPCA(1),4,-0.01014016
IPCA(1),4,-0.00181647
IPCA(1),4,0.02290301
IPCA(1),4,0.00681853
IPCA(1),4,-0.01381434
IPCA(1),4,-0.01715099
IPCA(1),4,-0.07016804
IPCA(1),4,-0.07181209
IPCA(1),4,-0.01768978
IPCA(1),4,0.02107164
IPCA(1),4,0.07237439
IPCA(1),4,-0.01185005
IPCA(1),4,0.03920893
IPCA(1),4,0.03433849
IPCA(1),4,0.02184086
IPCA(1),4,0.06829399
IPCA(1),4,-0.02367376
IPCA(1),4,0.02205699
IPCA(1),4,-0.00223346
IPCA(1),4,0.04727087
IPCA(1),4,0.05207018
IPCA(1),4,0.01992409
IPCA(1),4,0.01603005
IPCA(1),4,-0.00270213
IPCA(1),4,0.00186434
IPCA(1),4,0.00616774
IPCA(1),4,0.00537541
IPCA(1),4,-0.01995147
IPCA(1),4,0.00350922
IPCA(1),4,0.03294737
IPCA(1),4,0.06464774
IPCA(1),4,-0.00211317
IPCA(1),4,0.04481308
IPCA(1),4,0.07123615
IPCA(1),4,0.05284292
IPCA(1),4,0.01994393
IPCA(1),4,0.04164948
IPCA(1),4,0.03760459
IPCA(1),4,0.01384330
IPCA(1),4,0.00174218
IPCA(1),4,0.00577339
IPCA(1),4,0.09601094
IPCA(1),4,-0.03853075
IPCA(1),4,0.00375594
IPCA(1),4,0.01943522
IPCA(1),4,-0.02470920
IPCA(1),4,0.02072541
IPCA(1),4,0.01991750
IPCA(1),4,-0.00993966
IPCA(1),4,0.02970804
IPCA(1),4,0.00334799
IPCA(1),4,-0.05369878
IPCA(1),4,0.02251382
IPCA(1),4,-0.00900824
IPCA(1),4,-0.03672065
IPCA(1),4,-0.06085253
IPCA(1),4,-0.02794911
IPCA(1),4,-0.00584801
IPCA(1),4,-0.01702518
IPCA(1),4,0.00157481
IPCA(1),4,0.05327844
IPCA(1),4,-0.04202687
IPCA(1),4,0.05741324
IPCA(1),4,-0.00883367
IPCA(1),4,-0.04693625
IPCA(1),4,-0.00113056
IPCA(1),4,-0.01604378
IPCA(1),4,-0.00089820
IPCA(1),4,0.00998472
IPCA(1),4,-0.00280422
IPCA(1),4,-0.01575728
IPCA(1),4,0.05797860
IPCA(1),4,0.01730483
IPCA(1),4,0.00528466
IPCA(1),4,0.02832374
IPCA(1),4,0.01597325
IPCA(1),4,0.04141176
IPCA(1),4,0.03819196
IPCA(1),4,0.05643055
IPCA(1),4,0.00985123
IPCA(1),4,0.03810614
IPCA(1),4,0.04343070
IPCA(1),4,0.08576940
IPCA(1),4,0.02922048
IPCA(1),4,0.00742989
IPCA(1),4,0.06615260
IPCA(1),4,-0.02265370
IPCA(1),4,0.00830006
IPCA(1),4,0.02186139
IPCA(1),4,-0.00607659
IPCA(1),4,0.02538110
IPCA(1),4,-0.02209484
IPCA(1),4,0.06081283
IPCA(1),4,-0.00313642
IPCA(1),4,-0.04564782
IPCA(1),4,0.00844831
IPCA(1),4,0.10126106
IPCA(1),4,-0.00460968
IPCA(1),4,0.00999951
IPCA(1),4,-0.00894293
IPCA(1),4,0.03710876
IPCA(1),4,-0.03628562
IPCA(1),4,-0.00383854
IPCA(1),4,-0.04325713
IPCA(1),4,0.02618825
IPCA(1),5,-0.05643103
IPCA(1),5,0.02902164
IPCA(1),5,0.00457032
IPCA(1),5,-0.04459279
IPCA(1),5,-0.01916798
IPCA(1),5,-0.01979052
IPCA(1),5,-0.01506392
IPCA(1),5,-0.07480442
IPCA(1),5,-0.00884619
IPCA(1),5,-0.02971451
IPCA(1),5,-0.05664516
IPCA(1),5,-0.05525946
IPCA(1),5,-0.04048682
IPCA(1),5,0.00472313
IPCA(1),5,0.00905622
IPCA(1),5,-0.03663239
IPCA(1),5,-0.05897021
IPCA(1),5,-0.01439203
IPCA(1),5,0.03246260
IPCA(1),5,-0.02075311
IPCA(1),5,-0.03396926
IPCA(1),5,-0.02018743
IPCA(1),5,-0.01462781
IPCA(1),5,-0.04592521
IPCA(1),5,-0.04250969
IPCA(1),5,-0.00704583
IPCA(1),5,-0.00772460
IPCA(1),5,0.02725212
IPCA(1),5,-0.03403642
IPCA(1),5,-0.05014374
IPCA(1),5,-0.04148940
IPCA(1),5,-0.06053978
IPCA(1),5,-0.06103732
IPCA(1),5,-0.01012384
IPCA(1),5,0.01284759
IPCA(1),5,-0.01490787
IPCA(1),5,-0.04030460
IPCA(1),5,-0.03017666
IPCA(1),5,0.02764474
IPCA(1),5,-0.04513018
IPCA(1),5,0.00923182
IPCA(1),5,-0.02563117
IPCA(1),5,-0.01861458
IPCA(1),5,-0.07797318
IPCA(1),5,0.07004198
IPCA(1),5,-0.04674391
IPCA(1),5,-0.02206396
IPCA(1),5,-0.03032145
IPCA(1),5,-0.00220976
IPCA(1),5,-0.00158342
IPCA(1),5,-0.00141006
IPCA(1),5,-0.02931407
IPCA(1),5,-0.02146127
IPCA(1),5,0.01993396
IPCA(1),5,0.01496319
IPCA(1),5,-0.05161525
IPCA(1),5,0.05144859
IPCA(1),5,-0.00233620
IPCA(1),5,-0.04228642
IPCA(1),5,-0.01790932
IPCA(1),5,0.02262198
IPCA(1),5,-0.00592580
IPCA(1),5,-0.03200422
IPCA(1),5,-0.00573492
IPCA(1),5,-0.01770763
IPCA(1),5,-0.01863055
IPCA(1),5,-0.08269218
IPCA(1),5,-0.02401538
IPCA(1),5,-0.02778998
IPCA(1),5,-0.09239036
IPCA(1),5,-0.01703526
IPCA(1),5,-0.05964234
IPCA(1),5,-0.03679055
IPCA(1),5,-0.03387267
IPCA(1),5,0.05002939
IPCA(1),5,-0.07941500
IPCA(1),5,-0.04050118
IPCA(1),5,-0.04200714
IPCA(1),5,-0.08902499
IPCA(1),5,-0.03080371
IPCA(1),5,-0.04462203
IPCA(1),5,-0.02943031
IPCA(1),5,-0.06353164
IPCA(1),5,-0.00064804
IPCA(1),5,-0.01897304
IPCA(1),5,-0.01873791
IPCA(1),5,-0.01605927
IPCA(1),5,-0.03877740
IPCA(1),5,-0.04918801
IPCA(1),5,-0.01962835
IPCA(1),5,-0.00791521
IPCA(1),5,-0.06048266
IPCA(1),5,-0.02068622
IPCA(1),5,-0.05268871
IPCA(1),5,-0.00120086
IPCA(1),5,-0.03361292
IPCA(1),5,-0.02114587
IPCA(1),5,-0.03410873
IPCA(1),5,-0.06143429
IPCA(1),5,-0.03165705
IPCA(1),5,-0.05001715
IPCA(1),5,-0.04136247
IPCA(1),5,-0.06984924
IPCA(1),5,-0.03882985
IPCA(1),5,-0.01926615
IPCA(1),5,-0.01993177
IPCA(1),5,-0.03282008
IPCA(1),5,-0.01253619
IPCA(1),5,0.02632492
IPCA(1),5,-0.04466793
IPCA(1),5,-0.01939052
IPCA(1),5,0.00993637
IPCA(1),5,-0.03049281
IPCA(1),5,-0.05652808
IPCA(1),5,-0.06336589
IPCA(1),5,0.02228190
IPCA(1),5,-0.00629983
IPCA(1),5,0.02106167
IPCA(1),5,-0.06952203
IPCA(1),5,0.05123519
IPCA(1),5,0.00797843
IPCA(1),5,0.04671023
IPCA(1),5,0.04550467
IPCA(1),5,0.04111884
IPCA(1),5,0.05849342
IPCA(1),5,0.08217499
IPCA(1),5,0.08256928
IPCA(1),5,0.05783440
IPCA(1),5,-0.08516346
IPCA(1),5,-0.02653149
IPCA(1),5,0.06746731
IPCA(1),5,-0.03794491
IPCA(1),5,0.05448013
IPCA(1),5,-0.02262527
IPCA(1),5,-0.02553995
IPCA(1),5,0.02403387
IPCA(1),5,0.04346801
IPCA(1),5,0.06168639
IPCA(1),5,0.02158392
IPCA(1),5,-0.01217532
IPCA(1),5,0.01477644
IPCA(1),5,-0.01642278
IPCA(1),5,-0.08234026
IPCA(1),5,-0.04778902
IPCA(1),5,-0.03541866
IPCA(1),5,-0.02975035
IPCA(1),5,-0.02079397
IPCA(1),5,-0.01627340
IPCA(1),5,0.04103915
IPCA(1),5,0.06022779
IPCA(1),5,-0.02175086
IPCA(1),5,-0.01630868
IPCA(1),5,-0.05210593
IPCA(1),5,-0.03353931
IPCA(1),5,-0.02357889
IPCA(1),5,-0.02478316
IPCA(1),5,-0.03295078
IPCA(1),5,-0.02062769
IPCA(1),5,-0.01508605
IPCA(1),5,-0.02354066
IPCA(1),5,-0.08951649
IPCA(1),5,0.02037405
IPCA(1),5,0.00151189
IPCA(1),5,0.10193890
IPCA(1),5,0.04201054
IPCA(1),5,-0.04497738
IPCA(1),5,0.00167256
IPCA(1),5,0.00829482
IPCA(1),5,0.07884382
IPCA(1),5,0.04833164
IPCA(1),5,0.03751141
IPCA(1),5,0.01946665
IPCA(1),5,-0.04888728
IPCA(1),5,0.00156272
IPCA(1),5,-0.04335773
IPCA(1),5,0.04616237
IPCA(1),5,0.07096299
IPCA(1),5,0.01154523
IPCA(1),5,0.02210152
IPCA(1),5,0.08942672
IPCA(1),5,-0.03175236
IPCA(1),5,-0.01438447
IPCA(1),5,0.05285480
IPCA(1),5,0.02297455
IPCA(1),5,-0.00312693
IPCA(1),5,-0.02278813
IPCA(1),5,0.01260532
IPCA(1),5,-0.03470911
IPCA(1),5,-0.01736092
IPCA(1),5,0.00330947
IPCA(1),5,0.00512871
IPCA(1),5,-0.00093951
IPCA(1),5,-0.05986905
IPCA(1),5,0.00379795
IPCA(1),5,-0.02249458
IPCA(1),5,-0.04698769
IPCA(1),5,-0.06600770
IPCA(1),5,0.03464578
IPCA(1),5,-0.03422004
IPCA(1),5,-0.02608392
IPCA(1),5,0.00536791
IPCA(1),5,-0.00914396
IPCA(1),5,-0.04047559
IPCA(1),5,0.03541691
IPCA(1),5,0.02463178
IPCA(1),5,-0.00308637
IPCA(1),5,-0.05823673
IPCA(1),5,-0.00034469
IPCA(1),5,-0.00399171
IPCA(1),5,-0.03728852
IPCA(1),5,-0.03045528
IPCA(1),5,0.01885299
IPCA(1),5,0.01903470
IPCA(1),5,0.05666823
IPCA(1),5,-0.00076207
IPCA(1),5,-0.02139464
IPCA(1),5,-0.00769084
IPCA(1),5,0.01791244
IPCA(1),5,-0.04447719
IPCA(1),5,0.03763226
IPCA(1),5,-0.04713692
IPCA(1),5,0.01321181
IPCA(1),5,-0.03491481
IPCA(1),5,-0.00870346
IPCA(1),5,-0.02754595
IPCA(1),5,-0.02915510
IPCA(1),5,-0.06792186
IPCA(1),5,-0.02681292
IPCA(1),5,-0.00697737
IPCA(1),5,-0.02596760
IPCA(1),5,0.01453170
IPCA(1),5,0.02114300
IPCA(1),5,0.02057171
IPCA(1),5,0.00964917
IPCA(1),5,-0.05830280
IPCA(1),5,-0.04186927
IPCA(1),5,0.02477931
IPCA(1),5,0.05490109
IPCA(1),5,0.01148885
IPCA(1),5,-0.02055303
IPCA(1),5,-0.03474689
IPCA(1),5,0.00526830
IPCA(1),5,-0.02786754
IPCA(1),5,0.03608655
IPCA(1),5,-0.03670299
IPCA(1),5,-0.06451033
IPCA(1),5,-0.03892695
IPCA(1),5,-0.02058453
IPCA(1),5,-0.03196791
IPCA(1),5,0.01226881
IPCA(1),5,0.05754329
IPCA(1),5,-0.05551861
IPCA(1),5,0.05583396
IPCA(1),5,-0.06690405
IPCA(1),5,0.09032779
IPCA(1),5,0.02365943
IPCA(1),5,-0.01884215
IPCA(1),5,-0.05391771
IPCA(1),5,-0.04230245
IPCA(1),5,0.06915075
IPCA(1),5,-0.01742084
IPCA(1),5,0.09136670
IPCA(1),6,-0.06670991
IPCA(1),6,-0.03943985
IPCA(1),6,-0.03533257
IPCA(1),6,-0.03157545
IPCA(1),6,-0.06031257
IPCA(1),6,-0.05870561
IPCA(1),6,-0.03820914
IPCA(1),6,0.00701014
IPCA(1),6,-0.00893880
IPCA(1),6,0.05111752
IPCA(1),6,-0.05674321
IPCA(1),6,-0.06533553
IPCA(1),6,-0.02807335
IPCA(1),6,-0.03690926
IPCA(1),6,0.00466802
IPCA(1),6,-0.02207203
IPCA(1),6,0.01309260
IPCA(1),6,-0.06114774
IPCA(1),6,-0.04517803
IPCA(1),6,-0.01355296
IPCA(1),6,-0.08441135
IPCA(1),6,0.01285312
IPCA(1),6,-0.03169800
IPCA(1),6,-0.04994203
IPCA(1),6,-0.05500554
IPCA(1),6,-0.07203328
IPCA(1),6,-0.05236082
IPCA(1),6,-0.01225426
IPCA(1),6,0.04056169
IPCA(1),6,-0.01439493
IPCA(1),6,0.00998550
IPCA(1),6,-0.00093900
IPCA(1),6,-0.00506205
IPCA(1),6,-0.05055274
IPCA(1),6,-0.06958832
IPCA(1),6,-0.03471918
IPCA(1),6,-0.02269571
IPCA(1),6,-0.01925177
IPCA(1),6,-0.02244561
IPCA(1),6,0.00473858
IPCA(1),6,-0.02632399
IPCA(1),6,-0.03857142
IPCA(1),6,-0.00584020
IPCA(1),6,-0.00965602
IPCA(1),6,-0.07780901
IPCA(1),6,0.06693576
IPCA(1),6,0.12766342
IPCA(1),6,-0.05540463
IPCA(1),6,0.03904077
IPCA(1),6,-0.02409301
IPCA(1),6,-0.00037493
IPCA(1),6,0.02218250
IPCA(1),6,-0.01993074
IPCA(1),6,-0.00362416
IPCA(1),6,-0.02353098
IPCA(1),6,-0.03767966
IPCA(1),6,-0.05806561
IPCA(1),6,0.02751248
IPCA(1),6,-0.03375376
IPCA(1),6,0.00238018
IPCA(1),6,-0.01402459
IPCA(1),6,-0.05573548
IPCA(1),6,-0.04819336
IPCA(1),6,-0.03140865
IPCA(1),6,0.01448159
IPCA(1),6,-0.05778984
IPCA(1),6,0.04314228
IPCA(1),6,-0.05719313
IPCA(1),6,0.01104993
IPCA(1),6,-0.06788009
IPCA(1),6,-0.02061375
IPCA(1),6,-0.06637188
IPCA(1),6,-0.01346671
IPCA(1),6,-0.06674561
IPCA(1),6,0.08124806
IPCA(1),6,0.05235786
IPCA(1),6,0.00315995
IPCA(1),6,0.05411317
IPCA(1),6,-0.04722557
IPCA(1),6,0.02229788
IPCA(1),6,-0.01531075
IPCA(1),6,-0.04577405
IPCA(1),6,-0.01706769
IPCA(1),6,-0.01346174
IPCA(1),6,-0.04934916
IPCA(1),6,0.01217467
IPCA(1),6,-0.05172574
IPCA(1),6,-0.03824143
IPCA(1),6,0.20317753
IPCA(1),6,0.03954292
IPCA(1),6,-0.00032185
IPCA(1),6,0.01439378
IPCA(1),6,0.00224831
IPCA(1),6,-0.04472517
IPCA(1),6,0.02145747
IPCA(1),6,-0.02469114
IPCA(1),6,-0.06366387
IPCA(1),6,0.01943422
IPCA(1),6,-0.06024568
IPCA(1),6,-0.05542106
IPCA(1),6,-0.01555447
IPCA(1),6,-0.04156622
IPCA(1),6,0.00813484
IPCA(1),6,-0.05238213
IPCA(1),6,-0.02769596
IPCA(1),6,0.00860916
IPCA(1),6,0.02823671
IPCA(1),6,0.00817977
IPCA(1),6,0.03582520
IPCA(1),6,0.02623408
IPCA(1),6,-0.03306663
IPCA(1),6,0.00790700
IPCA(1),6,-0.03733663
IPCA(1),6,-0.00520167
IPCA(1),6,0.02096682
IPCA(1),6,-0.02734677
IPCA(1),6,-0.00016217
IPCA(1),6,0.00203361
IPCA(1),6,-0.01906581
IPCA(1),6,-0.00366306
IPCA(1),6,-0.07326433
IPCA(1),6,0.00107929
IPCA(1),6,0.05513587
IPCA(1),6,0.01116734
IPCA(1),6,-0.00541637
IPCA(1),6,-0.02092629
IPCA(1),6,-0.01207088
IPCA(1),6,0.00139851
IPCA(1),6,-0.01322540
IPCA(1),6,0.03390962
IPCA(1),6,-0.00934307
IPCA(1),6,-0.03870863
IPCA(1),6,-0.01130265
IPCA(1),6,0.00777341
IPCA(1),6,-0.07166481
IPCA(1),6,0.03589361
IPCA(1),6,-0.00531813
IPCA(1),6,-0.02498387
IPCA(1),6,0.04011138
IPCA(1),6,0.01015484
IPCA(1),6,-0.01761867
IPCA(1),6,-0.00293092
IPCA(1),6,-0.02335800
IPCA(1),6,0.01224530
IPCA(1),6,0.01441554
IPCA(1),6,0.01057331
IPCA(1),6,-0.03028456
IPCA(1),6,-0.00674811
IPCA(1),6,-0.04006085
IPCA(1),6,-0.00753953
IPCA(1),6,0.12656953
IPCA(1),6,0.09820244
IPCA(1),6,0.09329523
IPCA(1),6,0.00266500
IPCA(1),6,-0.01220865
IPCA(1),6,0.04386049
IPCA(1),6,-0.04100829
IPCA(1),6,0.02751717
IPCA(1),6,-0.00443848
IPCA(1),6,-0.05831609
IPCA(1),6,-0.03961965
IPCA(1),6,0.04669960
IPCA(1),6,0.01270656
IPCA(1),6,-0.02251868
IPCA(1),6,-0.05165010
IPCA(1),6,-0.03364893
IPCA(1),6,-0.00865998
IPCA(1),6,-0.04642615
IPCA(1),6,0.02394547
IPCA(1),6,-0.03706636
IPCA(1),6,-0.00423598
IPCA(1),6,0.05142514
IPCA(1),6,0.04387631
IPCA(1),6,0.00136112
IPCA(1),6,-0.01709207
IPCA(1),6,-0.06569954
IPCA(1),6,0.04715147
IPCA(1),6,0.01516877
IPCA(1),6,0.03204343
IPCA(1),6,-0.04221663
IPCA(1),6,0.01071546
IPCA(1),6,0.00863133
IPCA(1),6,-0.02226213
IPCA(1),6,0.01786335
IPCA(1),6,-0.00011527
IPCA(1),6,0.00135175
IPCA(1),6,-0.04493157
IPCA(1),6,0.02654126
IPCA(1),6,-0.01109401
IPCA(1),6,0.03170339
IPCA(1),6,0.04467508
IPCA(1),6,-0.04909312
IPCA(1),6,-0.01168868
IPCA(1),6,-0.01001227
IPCA(1),6,0.03041626
IPCA(1),6,0.00192385
IPCA(1),6,0.01061901
IPCA(1),6,0.07620214
IPCA(1),6,-0.00988133
IPCA(1),6,0.01570379
IPCA(1),6,-0.00762714
IPCA(1),6,-0.01462064
IPCA(1),6,-0.01505972
IPCA(1),6,-0.02803378
IPCA(1),6,0.06421235
IPCA(1),6,-0.01915995
IPCA(1),6,0.00112995
IPCA(1),6,0.01509348
IPCA(1),6,-0.05688432
IPCA(1),6,0.00373790
IPCA(1),6,-0.00342922
IPCA(1),6,-0.04162314
IPCA(1),6,-0.06022951
IPCA(1),6,-0.03170546
IPCA(1),6,-0.01358968
IPCA(1),6,-0.04436664
IPCA(1),6,-0.04982837
IPCA(1),6,-0.01851630
IPCA(1),6,-0.02066873
IPCA(1),6,0.00887789
IPCA(1),6,0.01923564
IPCA(1),6,-0.00031130
IPCA(1),6,-0.07149479
IPCA(1),6,0.02571422
IPCA(1),6,-0.05667644
IPCA(1),6,-0.01710634
IPCA(1),6,0.01031175
IPCA(1),6,0.00025623
IPCA(1),6,0.02543321
IPCA(1),6,0.05548591
IPCA(1),6,0.00270217
IPCA(1),6,-0.04580762
IPCA(1),6,0.10116646
IPCA(1),6,-0.02249808
IPCA(1),6,-0.02560601
IPCA(1),6,-0.06051879
IPCA(1),6,-0.05445122
IPCA(1),6,-0.02867964
IPCA(1),6,0.01935292
IPCA(1),6,0.00867970
IPCA(1),6,0.00298888
IPCA(1),6,0.03164876
IPCA(1),6,-0.03993932
IPCA(1),6,-0.02806134
IPCA(1),6,0.00579196
IPCA(1),6,0.02867362
IPCA(1),6,-0.02759606
IPCA(1),6,-0.01466323
IPCA(1),6,0.05929969
IPCA(1),6,0.04374084
IPCA(1),6,-0.02568091
IPCA(1),6,0.00766011
IPCA(1),6,-0.02304569
IPCA(1),6,-0.00578218
IPCA(1),6,-0.04508657
IPCA(1),6,0.05114851
IPCA(1),6,-0.03082058
IPCA(1),6,0.01478148
IPCA(1),6,0.00037355
IPCA(1),6,-0.01538050
IPCA(1),6,-0.07817217
IPCA(1),6,0.00820732
IPCA(1),6,0.02082348
IPCA(1),6,-0.03013651
IPCA(1),6,-0.01968305
IPCA(1),6,-0.02509511
IPCA(1),6,-0.01661407
IPCA(1),6,-0.01961779
IPCA(1),6,-0.02082732
IPCA(1),6,-0.01462618
IPCA(1),7,0.08082824
IPCA(1),7,0.01804436
IPCA(1),7,0.07187261
IPCA(1),7,0.04923115
IPCA(1),7,0.05909781
IPCA(1),7,0.08113654
IPCA(1),7,0.07663553
IPCA(1),7,0.14757693
IPCA(1),7,0.03132897
IPCA(1),7,0.05135181
IPCA(1),7,0.04077394
IPCA(1),7,0.06809689
IPCA(1),7,0.04673834
IPCA(1),7,0.16907677
IPCA(1),7,0.07535502
IPCA(1),7,0.05525194
IPCA(1),7,0.01961810
IPCA(1),7,0.07042576
IPCA(1),7,0.03523360
IPCA(1),7,0.09589845
IPCA(1),7,0.05970217
IPCA(1),7,0.10640350
IPCA(1),7,0.06724209
IPCA(1),7,0.00868520
IPCA(1),7,0.12345375
IPCA(1),7,0.05445775
IPCA(1),7,0.09681746
IPCA(1),7,0.07590544
IPCA(1),7,0.08457569
IPCA(1),7,0.02978460
IPCA(1),7,0.02379062
IPCA(1),7,0.03075908
IPCA(1),7,0.06818538
IPCA(1),7,0.03706863
IPCA(1),7,0.04170289
IPCA(1),7,0.09215016
IPCA(1),7,0.06985480
IPCA(1),7,0.03710169
IPCA(1),7,0.09243209
IPCA(1),7,0.04833566
IPCA(1),7,0.17085253
IPCA(1),7,0.03869781
IPCA(1),7,0.05908579
IPCA(1),7,0.03870878
IPCA(1),7,0.08546209
IPCA(1),7,0.11085880
IPCA(1),7,0.03519540
IPCA(1),7,0.12933318
IPCA(1),7,0.08763050
IPCA(1),7,0.00231862
IPCA(1),7,0.01558239
IPCA(1),7,0.17393630
IPCA(1),7,0.05079897
IPCA(1),7,0.06497959
IPCA(1),7,0.04435973
IPCA(1),7,0.07643190
IPCA(1),7,-0.00387572
IPCA(1),7,0.05883956
IPCA(1),7,0.03017346
IPCA(1),7,0.06214847
IPCA(1),7,0.08310400
IPCA(1),7,0.06334074
IPCA(1),7,0.09956719
IPCA(1),7,0.04837360
IPCA(1),7,0.08050110
IPCA(1),7,0.03760100
IPCA(1),7,0.08633032
IPCA(1),7,0.03899243
IPCA(1),7,0.04553773
IPCA(1),7,0.07930683
IPCA(1),7,0.05163793
IPCA(1),7,0.04275270
IPCA(1),7,0.06153762
IPCA(1),7,0.06442164
IPCA(1),7,0.07940823
IPCA(1),7,0.06226045
IPCA(1),7,0.04184891
IPCA(1),7,0.13025890
IPCA(1),7,0.00407477
IPCA(1),7,0.12387039
IPCA(1),7,0.02209290
IPCA(1),7,0.08645416
IPCA(1),7,0.08738590
IPCA(1),7,0.10200397
IPCA(1),7,0.09577509
IPCA(1),7,0.04724283
IPCA(1),7,0.07142553
IPCA(1),7,0.02102151
IPCA(1),7,0.05085612
IPCA(1),7,0.04452079
IPCA(1),7,0.06047052
IPCA(1),7,0.07302558
IPCA(1),7,0.02248999
IPCA(1),7,0.05618644
IPCA(1),7,0.06177243
IPCA(1),7,0.06917451
IPCA(1),7,0.02959724
IPCA(1),7,0.02670679
IPCA(1),7,0.06049369
IPCA(1),7,0.06376491
IPCA(1),7,0.05973828
IPCA(1),7,0.04658657
IPCA(1),7,0.15993827
IPCA(1),7,0.04317614
IPCA(1),7,0.07393737
IPCA(1),7,0.06828820
IPCA(1),7,0.05497481
IPCA(1),7,0.10735761
IPCA(1),7,0.09137392
IPCA(1),7,0.08137929
IPCA(1),7,0.08530027
IPCA(1),7,0.04387778
IPCA(1),7,0.03047553
IPCA(1),7,0.03665225
IPCA(1),7,0.03797668
IPCA(1),7,0.04969244
IPCA(1),7,0.04319069
IPCA(1),7,0.05513929
IPCA(1),7,0.03115850
IPCA(1),7,0.06237340
IPCA(1),7,0.03868168
IPCA(1),7,0.04667306
IPCA(1),7,0.04454843
IPCA(1),7,0.03769479
IPCA(1),7,0.04723914
IPCA(1),7,0.10992852
IPCA(1),7,0.04335201
IPCA(1),7,0.05084453
IPCA(1),7,0.02386870
IPCA(1),7,0.03524321
IPCA(1),7,0.04139273
IPCA(1),7,0.05359795
IPCA(1),7,0.02718736
IPCA(1),7,0.07222931
IPCA(1),7,0.04016949
IPCA(1),7,0.10020770
IPCA(1),7,0.09996136
IPCA(1),7,0.13196318
IPCA(1),7,0.06136765
IPCA(1),7,0.11511127
IPCA(1),7,0.07612062
IPCA(1),7,0.10287435
IPCA(1),7,0.07120882
IPCA(1),7,0.08708163
IPCA(1),7,0.06098155
IPCA(1),7,0.02155446
IPCA(1),7,0.06434737
IPCA(1),7,0.05572841
IPCA(1),7,0.07573844
IPCA(1),7,0.06323665
IPCA(1),7,0.04030949
IPCA(1),7,0.07333681
IPCA(1),7,0.05145206
IPCA(1),7,0.07975794
IPCA(1),7,0.08739967
IPCA(1),7,0.02990795
IPCA(1),7,0.05633543
IPCA(1),7,0.04907121
IPCA(1),7,0.08335751
IPCA(1),7,0.15208542
IPCA(1),7,0.10650042
IPCA(1),7,0.03626848
IPCA(1),7,0.10101105
IPCA(1),7,0.26341784
IPCA(1),7,0.08808910
IPCA(1),7,0.05289792
IPCA(1),7,0.03187227
IPCA(1),7,0.06961776
IPCA(1),7,0.04342372
IPCA(1),7,0.11339636
IPCA(1),7,0.07919661
IPCA(1),7,0.03737016
IPCA(1),7,0.06718173
IPCA(1),7,0.04103337
IPCA(1),7,0.09018233
IPCA(1),7,0.04498884
IPCA(1),7,0.01645816
IPCA(1),7,0.04505643
IPCA(1),7,0.03864642
IPCA(1),7,0.00281412
IPCA(1),7,0.02608028
IPCA(1),7,0.05167154
IPCA(1),7,0.07930811
IPCA(1),7,0.05647960
IPCA(1),7,0.04954080
IPCA(1),7,0.02477843
IPCA(1),7,0.05254348
IPCA(1),7,0.05354536
IPCA(1),7,0.09051416
IPCA(1),7,0.08487205
IPCA(1),7,0.02119688
IPCA(1),7,0.02636942
IPCA(1),7,0.04231810
IPCA(1),7,0.08396830
IPCA(1),7,0.02900611
IPCA(1),7,-0.00200522
IPCA(1),7,0.05083063
IPCA(1),7,0.08024348
IPCA(1),7,0.04071245
IPCA(1),7,0.06230350
IPCA(1),7,0.04486782
IPCA(1),7,0.02829466
IPCA(1),7,0.05282111
IPCA(1),7,-0.01243009
IPCA(1),7,0.03639506
IPCA(1),7,0.06592070
IPCA(1),7,0.04821546
IPCA(1),7,0.14083198
IPCA(1),7,0.03282493
IPCA(1),7,0.09599020
IPCA(1),7,0.05182425
IPCA(1),7,0.08387222
IPCA(1),7,0.03303940
IPCA(1),7,0.04501238
IPCA(1),7,0.22466707
IPCA(1),7,0.09833642
IPCA(1),7,0.08809209
IPCA(1),7,0.04417886
IPCA(1),7,0.08093294
IPCA(1),7,0.04556238
IPCA(1),7,0.05834716
IPCA(1),7,0.07458166
IPCA(1),7,0.06763090
IPCA(1),7,0.07930592
IPCA(1),7,0.06711961
IPCA(1),7,0.05957527
IPCA(1),7,0.04518290
IPCA(1),7,0.15291364
IPCA(1),7,0.03638302
IPCA(1),7,0.08655086
IPCA(1),7,0.06996196
IPCA(1),7,0.05244192
IPCA(1),7,0.08638199
IPCA(1),7,0.06054396
IPCA(1),7,0.06039966
IPCA(1),7,0.03755939
IPCA(1),7,0.00889400
IPCA(1),7,0.08807250
IPCA(1),7,0.02666237
IPCA(1),7,0.04486396
IPCA(1),7,0.02138594
IPCA(1),7,0.09719802
IPCA(1),7,0.06745160
IPCA(1),7,0.06240805
IPCA(1),7,0.09821917
IPCA(1),7,0.03601984
IPCA(1),7,0.03765955
IPCA(1),7,0.05943119
IPCA(1),7,0.08585509
IPCA(1),7,0.10272064
IPCA(1),7,0.09715198
IPCA(1),7,0.11230175
IPCA(1),7,0.03275703
IPCA(1),7,0.04551695
IPCA(1),7,0.09863343
IPCA(1),7,0.09910478
IPCA(1),7,0.06212036
IPCA(1),7,0.12683459
IPCA(1),7,0.06542444
IPCA(1),7,0.08636284
IPCA(1),7,0.11105672
IPCA(1),7,0.06351919
IPCA(1),7,0.07240943
IPCA(1),7,0.07614590
IPCA(1),7,0.05062089
IPCA(1),7,0.06136438
IPCA(1),7,0.20077760
IPCA(1),7,0.05745864
IPCA(1),7,0.17913205
IPCA(1),7,0.05226974
IPCA(1),7,0.07123350
IPCA(1),7,0.06218645
IPCA(1),7,0.15503670
IPCA(1),7,0.08360075
IPCA(1),7,0.06863155
IPCA(1),7,0.03330571
IPCA(1),7,0.12448355
IPCA(1),7,0.01565072
IPCA(1),8,0.03520897
IPCA(1),8,-0.04772137
IPCA(1),8,-0.11635792
IPCA(1),8,-0.07839536
IPCA(1),8,-0.08440770
IPCA(1),8,0.03420139
IPCA(1),8,-0.22684458
IPCA(1),8,0.04497017
IPCA(1),8,-0.12368886
IPCA(1),8,0.07052589
IPCA(1),8,-0.05749412
IPCA(1),8,-0.05524860
IPCA(1),8,-0.15778829
IPCA(1),8,0.01384158
IPCA(1),8,0.13280739
IPCA(1),8,-0.21181261
IPCA(1),8,-0.07066231
IPCA(1),8,-0.02431977
IPCA(1),8,-0.06019737
IPCA(1),8,-0.13566124
IPCA(1),8,0.02071731
IPCA(1),8,-0.14525168
IPCA(1),8,-0.02271597
IPCA(1),8,-0.06542495
IPCA(1),8,-0.19986289
IPCA(1),8,-0.01531299
IPCA(1),8,0.00225490
IPCA(1),8,0.00671573
IPCA(1),8,-0.06437574
IPCA(1),8,-0.08557851
IPCA(1),8,-0.14237084
IPCA(1),8,-0.14060092
IPCA(1),8,-0.02792991
IPCA(1),8,-0.00672075
IPCA(1),8,-0.00623092
IPCA(1),8,-0.02337418
IPCA(1),8,-0.06931490
IPCA(1),8,-0.09586015
IPCA(1),8,-0.12641609
IPCA(1),8,0.02005171
IPCA(1),8,-0.10696137
IPCA(1),8,-0.15151347
IPCA(1),8,-0.08652102
IPCA(1),8,-0.10757661
IPCA(1),8,-0.17715710
IPCA(1),8,-0.17453622
IPCA(1),8,-0.03209377
IPCA(1),8,-0.10746703
IPCA(1),8,-0.05165600
IPCA(1),8,-0.13432455
IPCA(1),8,0.07073498
IPCA(1),8,-0.05886971
IPCA(1),8,-0.13557526
IPCA(1),8,-0.15666902
IPCA(1),8,-0.08233099
IPCA(1),8,-0.24041008
IPCA(1),8,0.01256077
IPCA(1),8,-0.20738862
IPCA(1),8,-0.06494174
IPCA(1),8,0.09553851
IPCA(1),8,-0.07927470
IPCA(1),8,-0.09625399
IPCA(1),8,-0.04137779
IPCA(1),8,-0.08965516
IPCA(1),8,-0.08055699
IPCA(1),8,-0.07049228
IPCA(1),8,-0.11418149
IPCA(1),8,-0.06145185
IPCA(1),8,-0.11806222
IPCA(1),8,-0.06610511
IPCA(1),8,-0.12333850
IPCA(1),8,-0.19495796
IPCA(1),8,-0.04295842
IPCA(1),8,-0.13551912
IPCA(1),8,-0.07934633
IPCA(1),8,-0.11175124
IPCA(1),8,0.01522488
IPCA(1),8,-0.18313566
IPCA(1),8,-0.11506557
IPCA(1),8,-0.11229421
IPCA(1),8,-0.13226339
IPCA(1),8,-0.08465646
IPCA(1),8,-0.07951576
IPCA(1),8,-0.12916972
IPCA(1),8,-0.07419074
IPCA(1),8,-0.12226323
IPCA(1),8,0.00439271
IPCA(1),8,-0.16108903
IPCA(1),8,-0.16674394
IPCA(1),8,-0.10491507
IPCA(1),8,-0.11199544
IPCA(1),8,-0.19134436
IPCA(1),8,-0.14496644
IPCA(1),8,-0.14187787
IPCA(1),8,-0.06296877
IPCA(1),8,-0.09787688
IPCA(1),8,-0.02896757
IPCA(1),8,-0.12811905
IPCA(1),8,-0.04380936
IPCA(1),8,-0.04637110
IPCA(1),8,-0.03633066
IPCA(1),8,-0.05565702
IPCA(1),8,-0.03666537
IPCA(1),8,-0.14555136
IPCA(1),8,-0.04037273
IPCA(1),8,-0.10686283
IPCA(1),8,-0.01536941
IPCA(1),8,0.02413656
IPCA(1),8,-0.06491003
IPCA(1),8,-0.04367491
IPCA(1),8,-0.11919801
IPCA(1),8,-0.10541436
IPCA(1),8,-0.07190462
IPCA(1),8,-0.08193191
IPCA(1),8,-0.05341460
IPCA(1),8,-0.02387430
IPCA(1),8,-0.06883944
IPCA(1),8,-0.06346745
IPCA(1),8,-0.02463036
IPCA(1),8,-0.05873279
IPCA(1),8,0.11480860
IPCA(1),8,-0.03318944
IPCA(1),8,-0.08260264
IPCA(1),8,-0.08249483
IPCA(1),8,-0.13183086
IPCA(1),8,-0.10667971
IPCA(1),8,-0.10030096
IPCA(1),8,-0.00502015
IPCA(1),8,-0.10569916
IPCA(1),8,-0.02844564
IPCA(1),8,-0.07899039
IPCA(1),8,-0.11471330
IPCA(1),8,-0.02148852
IPCA(1),8,-0.12882395
IPCA(1),8,-0.05323197
IPCA(1),8,-0.07742643
IPCA(1),8,-0.13612605
IPCA(1),8,-0.08590931
IPCA(1),8,-0.03945458
IPCA(1),8,-0.06545198
IPCA(1),8,-0.05031771
IPCA(1),8,-0.08121042
IPCA(1),8,-0.01717544
IPCA(1),8,-0.10331215
IPCA(1),8,-0.02961108
IPCA(1),8,0.00286318
IPCA(1),8,-0.09648265
IPCA(1),8,-0.08658816
IPCA(1),8,-0.13190566
IPCA(1),8,-0.09699537
IPCA(1),8,-0.12484989
IPCA(1),8,0.00733915
IPCA(1),8,-0.07814086
IPCA(1),8,-0.05554104
IPCA(1),8,-0.06066889
IPCA(1),8,-0.17032451
IPCA(1),8,0.00262744
IPCA(1),8,-0.06903964
IPCA(1),8,0.04803752
IPCA(1),8,-0.06994158
IPCA(1),8,-0.06998133
IPCA(1),8,-0.11414173
IPCA(1),8,0.10620635
IPCA(1),8,0.08132800
IPCA(1),8,-0.08096308
IPCA(1),8,-0.15929321
IPCA(1),8,-0.16417186
IPCA(1),8,-0.17680385
IPCA(1),8,-0.04441927
IPCA(1),8,-0.14152692
IPCA(1),8,-0.01314283
IPCA(1),8,-0.06480502
IPCA(1),8,-0.05178321
IPCA(1),8,-0.10643281
IPCA(1),8,-0.12270515
IPCA(1),8,-0.16839974
IPCA(1),8,-0.13405692
IPCA(1),8,-0.21068013
IPCA(1),8,-0.22830663
IPCA(1),8,-0.08168423
IPCA(1),8,-0.11115407
IPCA(1),8,-0.08478862
IPCA(1),8,-0.13608105
IPCA(1),8,-0.16414321
IPCA(1),8,-0.06453090
IPCA(1),8,-0.09246393
IPCA(1),8,-0.05228250
IPCA(1),8,-0.01984803
IPCA(1),8,-0.14270828
IPCA(1),8,-0.05712319
IPCA(1),8,-0.12781579
IPCA(1),8,-0.05606628
IPCA(1),8,-0.10537691
IPCA(1),8,-0.10986572
IPCA(1),8,-0.01360293
IPCA(1),8,-0.08388847
IPCA(1),8,-0.06176083
IPCA(1),8,0.05282059
IPCA(1),8,-0.06908584
IPCA(1),8,-0.08538317
IPCA(1),8,0.04908460
IPCA(1),8,-0.09985095
IPCA(1),8,-0.12502856
IPCA(1),8,-0.06310191
IPCA(1),8,-0.04314492
IPCA(1),8,-0.16141191
IPCA(1),8,-0.08669177
IPCA(1),8,-0.02629018
IPCA(1),8,-0.10171478
IPCA(1),8,0.04092294
IPCA(1),8,-0.05669139
IPCA(1),8,-0.10262845
IPCA(1),8,-0.08449626
IPCA(1),8,-0.07426203
IPCA(1),8,-0.01052831
IPCA(1),8,-0.05970832
IPCA(1),8,-0.08748498
IPCA(1),8,-0.06841833
IPCA(1),8,-0.14144242
IPCA(1),8,-0.00948320
IPCA(1),8,-0.02787880
IPCA(1),8,-0.12725324
IPCA(1),8,-0.10908997
IPCA(1),8,-0.07541688
IPCA(1),8,-0.15666901
IPCA(1),8,-0.10967117
IPCA(1),8,-0.13194324
IPCA(1),8,-0.13377506
IPCA(1),8,0.00732175
IPCA(1),8,-0.16094276
IPCA(1),8,-0.13707578
IPCA(1),8,-0.12671823
IPCA(1),8,-0.02617624
IPCA(1),8,-0.06147057
IPCA(1),8,-0.04216670
IPCA(1),8,-0.05231230
IPCA(1),8,-0.13202293
IPCA(1),8,-0.07176066
IPCA(1),8,-0.15124317
IPCA(1),8,-0.08750916
IPCA(1),8,-0.10235414
IPCA(1),8,-0.07372554
IPCA(1),8,-0.00587177
IPCA(1),8,-0.04359066
IPCA(1),8,-0.07575771
IPCA(1),8,-0.04148288
IPCA(1),8,-0.08642205
IPCA(1),8,0.01928555
IPCA(1),8,-0.14237114
IPCA(1),8,-0.08785989
IPCA(1),8,-0.08570031
IPCA(1),8,-0.08007461
IPCA(1),8,-0.05463662
IPCA(1),8,-0.12496124
IPCA(1),8,-0.11472958
IPCA(1),8,-0.15807059
IPCA(1),8,-0.04652288
IPCA(1),8,-0.18410266
IPCA(1),8,-0.09683785
IPCA(1),8,-0.15371578
IPCA(1),8,-0.10163446
IPCA(1),8,-0.18564554
IPCA(1),8,-0.01003875
IPCA(1),8,-0.04275074
IPCA(1),8,-0.00387189
IPCA(1),8,-0.05921737
IPCA(1),8,-0.12404071
IPCA(1),8,0.02867808
IPCA(1),8,-0.04028707
IPCA(1),8,-0.00818204
IPCA(1),8,-0.04080875
IPCA(1),8,-0.14410885
IPCA(1),8,-0.12152864
IPCA(1),8,-0.02776260
IPCA(1),8,-0.02468977
IPCA(1),8,-0.13474480
IPCA(1),8,-0.23907981
IPCA(1),8,-0.05683967
IPCA(1),8,-0.19152652
IPCA(1),8,-0.04704230
IPCA(1),8,0.00596712
IPCA(1),8,-0.17604211
IPCA(1),8,-0.11755018
IPCA(1),8,-0.02577290
IPCA(1),8,-0.04059260
IPCA(1),8,0.03219748
IPCA(1),8,-0.14581398
IPCA(1),8,-0.01458444
IPCA(1),9,-0.07619710
IPCA(1),9,-0.01228798
IPCA(1),9,-0.10701858
IPCA(1),9,-0.05563911
IPCA(1),9,-0.01951820
IPCA(1),9,-0.00288545
IPCA(1),9,-0.03487255
IPCA(1),9,-0.03216593
IPCA(1),9,-0.10348154
IPCA(1),9,-0.08067792
IPCA(1),9,-0.06324715
IPCA(1),9,0.02086971
IPCA(1),9,-0.08848321
IPCA(1),9,-0.08753826
IPCA(1),9,0.06196441
IPCA(1),9,-0.15875946
IPCA(1),9,-0.07703018
IPCA(1),9,-0.02490647
IPCA(1),9,0.00643319
IPCA(1),9,-0.05446500
IPCA(1),9,-0.00495981
IPCA(1),9,0.00171633
IPCA(1),9,-0.04660030
IPCA(1),9,-0.10978422
IPCA(1),9,-0.05940415
IPCA(1),9,-0.01385131
IPCA(1),9,-0.05918712
IPCA(1),9,-0.02753593
IPCA(1),9,-0.04322469
IPCA(1),9,-0.08895076
IPCA(1),9,-0.07259682
IPCA(1),9,-0.01850726
IPCA(1),9,-0.05293696
IPCA(1),9,-0.12221173
IPCA(1),9,-0.00631687
IPCA(1),9,0.04981600
IPCA(1),9,-0.08299089
IPCA(1),9,-0.02097098
IPCA(1),9,0.07342399
IPCA(1),9,-0.06589849
IPCA(1),9,-0.04473739
IPCA(1),9,0.00020916
IPCA(1),9,-0.04072630
IPCA(1),9,0.00547617
IPCA(1),9,-0.05344903
IPCA(1),9,-0.05036956
IPCA(1),9,0.01511621
IPCA(1),9,0.03394810
IPCA(1),9,-0.01269107
IPCA(1),9,-0.07516171
IPCA(1),9,0.04305500
IPCA(1),9,-0.18174452
IPCA(1),9,-0.02402100
IPCA(1),9,-0.00923986
IPCA(1),9,0.00267060
IPCA(1),9,0.00512226
IPCA(1),9,-0.03617929
IPCA(1),9,-0.12427578
IPCA(1),9,-0.02658756
IPCA(1),9,-0.07259630
IPCA(1),9,-0.07801051
IPCA(1),9,-0.01538863
IPCA(1),9,-0.01485295
IPCA(1),9,-0.04333673
IPCA(1),9,0.02730538
IPCA(1),9,-0.18966831
IPCA(1),9,-0.01048228
IPCA(1),9,0.01720230
IPCA(1),9,-0.03879551
IPCA(1),9,-0.03568103
IPCA(1),9,0.02048597
IPCA(1),9,-0.04519604
IPCA(1),9,-0.07088989
IPCA(1),9,-0.03728138
IPCA(1),9,-0.05182956
IPCA(1),9,-0.03071984
IPCA(1),9,-0.07711273
IPCA(1),9,-0.04392195
IPCA(1),9,-0.07053388
IPCA(1),9,-0.02123783
IPCA(1),9,-0.10187787
IPCA(1),9,-0.00821860
IPCA(1),9,0.00758342
IPCA(1),9,-0.02439440
IPCA(1),9,-0.11089008
IPCA(1),9,-0.03301402
IPCA(1),9,-0.04240847
IPCA(1),9,-0.15201944
IPCA(1),9,-0.03404965
IPCA(1),9,-0.08824415
IPCA(1),9,-0.02672467
IPCA(1),9,-0.01670045
IPCA(1),9,-0.08451895
IPCA(1),9,-0.05167445
IPCA(1),9,-0.04040599
IPCA(1),9,-0.00667568
IPCA(1),9,-0.12875228
IPCA(1),9,-0.05209954
IPCA(1),9,-0.13068453
IPCA(1),9,-0.05406072
IPCA(1),9,-0.01276988
IPCA(1),9,-0.06494470
IPCA(1),9,-0.01508359
IPCA(1),9,-0.00116443
IPCA(1),9,-0.05211907
IPCA(1),9,0.00969204
IPCA(1),9,-0.05322895
IPCA(1),9,-0.00072776
IPCA(1),9,-0.01740791
IPCA(1),9,-0.10148280
IPCA(1),9,-0.03841542
IPCA(1),9,0.00013806
IPCA(1),9,0.01040181
IPCA(1),9,-0.01626043
IPCA(1),9,-0.01313291
IPCA(1),9,0.00228198
IPCA(1),9,-0.03908863
IPCA(1),9,-0.06165284
IPCA(1),9,-0.01029794
IPCA(1),9,0.02526064
IPCA(1),9,-0.01850467
IPCA(1),9,-0.00677375
IPCA(1),9,-0.17489560
IPCA(1),9,-0.02201045
IPCA(1),9,0.00627841
IPCA(1),9,-0.03270367
IPCA(1),9,0.01917648
IPCA(1),9,-0.00335370
IPCA(1),9,0.05269867
IPCA(1),9,-0.01558930
IPCA(1),9,-0.06280814
IPCA(1),9,0.00061033
IPCA(1),9,-0.10886445
IPCA(1),9,-0.03778355
IPCA(1),9,0.01371941
IPCA(1),9,0.03025523
IPCA(1),9,-0.12486765
IPCA(1),9,-0.03355816
IPCA(1),9,-0.03247991
IPCA(1),9,0.00027846
IPCA(1),9,-0.06867679
IPCA(1),9,-0.01328658
IPCA(1),9,-0.04199686
IPCA(1),9,-0.07661470
IPCA(1),9,-0.07417051
IPCA(1),9,-0.19796176
IPCA(1),9,0.01027182
IPCA(1),9,-0.07379548
IPCA(1),9,-0.14812978
IPCA(1),9,-0.09286161
IPCA(1),9,-0.10779627
IPCA(1),9,-0.09056279
IPCA(1),9,-0.05342772
IPCA(1),9,-0.14200160
IPCA(1),9,-0.16436736
IPCA(1),9,0.01884425
IPCA(1),9,-0.06291525
IPCA(1),9,-0.13640946
IPCA(1),9,-0.04685473
IPCA(1),9,-0.06573496
IPCA(1),9,-0.00639882
IPCA(1),9,-0.02930425
IPCA(1),9,0.03422669
IPCA(1),9,-0.06742448
IPCA(1),9,-0.11156930
IPCA(1),9,-0.02469443
IPCA(1),9,-0.20066066
IPCA(1),9,-0.13304655
IPCA(1),9,-0.10737871
IPCA(1),9,-0.02647718
IPCA(1),9,-0.06620700
IPCA(1),9,-0.05865374
IPCA(1),9,-0.04708514
IPCA(1),9,-0.01241436
IPCA(1),9,-0.15613582
IPCA(1),9,-0.10533470
IPCA(1),9,-0.07583725
IPCA(1),9,-0.12491929
IPCA(1),9,-0.06525311
IPCA(1),9,-0.00970184
IPCA(1),9,-0.17410472
IPCA(1),9,0.01288006
IPCA(1),9,-0.04013934
IPCA(1),9,-0.06415137
IPCA(1),9,-0.01956649
IPCA(1),9,-0.06127631
IPCA(1),9,0.00926707
IPCA(1),9,0.01497206
IPCA(1),9,-0.08432744
IPCA(1),9,-0.07699023
IPCA(1),9,-0.03098678
IPCA(1),9,-0.09942428
IPCA(1),9,-0.02956588
IPCA(1),9,0.01166833
IPCA(1),9,-0.17285728
IPCA(1),9,-0.01338197
IPCA(1),9,-0.16904723
IPCA(1),9,-0.09607339
IPCA(1),9,-0.06916674
IPCA(1),9,-0.01939858
IPCA(1),9,-0.04333778
IPCA(1),9,-0.06719983
IPCA(1),9,-0.00303038
IPCA(1),9,0.00816202
IPCA(1),9,-0.01227196
IPCA(1),9,-0.06686686
IPCA(1),9,0.01040767
IPCA(1),9,-0.14772413
IPCA(1),9,-0.05266016
IPCA(1),9,-0.11088995
IPCA(1),9,-0.05591321
IPCA(1),9,-0.05673125
IPCA(1),9,-0.03490182
IPCA(1),9,-0.04313488
IPCA(1),9,-0.07032900
IPCA(1),9,-0.06544087
IPCA(1),9,-0.01090430
IPCA(1),9,-0.01429186
IPCA(1),9,-0.08049727
IPCA(1),9,-0.02923162
IPCA(1),9,-0.04516497
IPCA(1),9,0.00118314
IPCA(1),9,-0.01560529
IPCA(1),9,0.04538287
IPCA(1),9,0.00773285
IPCA(1),9,-0.06173999
IPCA(1),9,-0.01480528
IPCA(1),9,0.02528922
IPCA(1),9,-0.02345520
IPCA(1),9,-0.08768431
IPCA(1),9,-0.04001597
IPCA(1),9,-0.04923841
IPCA(1),9,0.01534568
IPCA(1),9,0.00128010
IPCA(1),9,-0.03703325
IPCA(1),9,-0.07182524
IPCA(1),9,-0.03854040
IPCA(1),9,-0.00621075
IPCA(1),9,0.00179487
IPCA(1),9,-0.06581008
IPCA(1),9,-0.01780984
IPCA(1),9,0.00479026
IPCA(1),9,-0.04086057
IPCA(1),9,-0.03692696
IPCA(1),9,-0.08969100
IPCA(1),9,-0.01668924
IPCA(1),9,-0.02297958
IPCA(1),9,-0.06534073
IPCA(1),9,-0.05449189
IPCA(1),9,-0.08616296
IPCA(1),9,0.01666763
IPCA(1),9,-0.07281720
IPCA(1),9,-0.00263332
IPCA(1),9,-0.09444172
IPCA(1),9,-0.13585372
IPCA(1),9,-0.13425148
IPCA(1),9,-0.00921572
IPCA(1),9,-0.01022391
IPCA(1),9,-0.08900900
IPCA(1),9,-0.07254537
IPCA(1),9,-0.09212906
IPCA(1),9,-0.11878952
IPCA(1),9,-0.10033090
IPCA(1),9,-0.05778880
IPCA(1),9,-0.03127839
IPCA(1),9,-0.07584547
IPCA(1),9,-0.05341951
IPCA(1),9,-0.04052412
IPCA(1),9,-0.06044825
IPCA(1),9,-0.12098892
IPCA(1),9,-0.05024693
IPCA(1),9,-0.05803501
IPCA(1),9,-0.03751159
IPCA(1),9,-0.09385192
IPCA(1),9,-0.09852672
IPCA(1),9,0.02900776
IPCA(1),9,-0.04666523
IPCA(1),9,-0.00316207
IPCA(1),9,-0.07015217
IPCA(1),9,-0.04314518
IPCA(1),9,-0.05393813
IPCA(1),9,-0.06290793
IPCA(1),9,-0.07870133
IPCA(1),9,0.00467507
IPCA(1),9,-0.00011548
IPCA(1),9,-0.14594566
IPCA(1),9,-0.10317203
IPCA(1),9,-0.03587723
IPCA(1),9,-0.00535990
IPCA(1),9,-0.10147609
IPCA(1),9,-0.10070607
IPCA(1),9,-0.12705941
IPCA(1),9,-0.02718552
IPCA(1),9,-0.03332408
IPCA(1),9,-0.02333241
IPCA(1),9,-0.00113292
IPCA(1),10,0.10263829
IPCA(1),10,-0.02835435
IPCA(1),10,-0.00761568
IPCA(1),10,-0.00028009
IPCA(1),10,0.18237239
IPCA(1),10,-0.05064701
IPCA(1),10,-0.03593664
IPCA(1),10,-0.05539655
IPCA(1),10,-0.02935124
IPCA(1),10,-0.01353939
IPCA(1),10,-0.04341997
IPCA(1),10,-0.06080885
IPCA(1),10,-0.06234396
IPCA(1),10,0.00650955
IPCA(1),10,-0.00876557
IPCA(1),10,0.03324775
IPCA(1),10,0.00234632
IPCA(1),10,-0.02767370
IPCA(1),10,0.04212754
IPCA(1),10,-0.00776554
IPCA(1),10,-0.00167592
IPCA(1),10,0.01175100
IPCA(1),10,-0.02916584
IPCA(1),10,0.01270095
IPCA(1),10,-0.02036495
IPCA(1),10,-0.01580187
IPCA(1),10,0.02951356
IPCA(1),10,0.01636760
IPCA(1),10,0.01633008
IPCA(1),10,0.00825280
IPCA(1),10,0.01752130
IPCA(1),10,0.01772819
IPCA(1),10,0.02760284
IPCA(1),10,0.09916089
IPCA(1),10,0.01912863
IPCA(1),10,0.01339881
IPCA(1),10,0.00699494
IPCA(1),10,-0.00969666
IPCA(1),10,-0.01606674
IPCA(1),10,-0.09942532
IPCA(1),10,-0.01065886
IPCA(1),10,-0.00273689
IPCA(1),10,0.00222713
IPCA(1),10,-0.02783200
IPCA(1),10,0.01328194
IPCA(1),10,-0.01874433
IPCA(1),10,0.02534997
IPCA(1),10,-0.08243382
IPCA(1),10,0.02938389
IPCA(1),10,0.01539290
IPCA(1),10,0.03461173
IPCA(1),10,0.03781199
IPCA(1),10,-0.01846069
IPCA(1),10,0.00747704
IPCA(1),10,-0.00943942
IPCA(1),10,-0.02484158
IPCA(1),10,0.02554806
IPCA(1),10,-0.05437369
IPCA(1),10,0.03897361
IPCA(1),10,0.03481097
IPCA(1),10,0.02423171
IPCA(1),10,-0.01938781
IPCA(1),10,-0.02050675
IPCA(1),10,-0.00679617
IPCA(1),10,0.09046877
IPCA(1),10,-0.02631130
IPCA(1),10,-0.00368983
IPCA(1),10,0.02695012
IPCA(1),10,0.08270105
IPCA(1),10,-0.01765519
IPCA(1),10,-0.02981574
IPCA(1),10,0.03953461
IPCA(1),10,-0.00603171
IPCA(1),10,-0.02777623
IPCA(1),10,0.03211490
IPCA(1),10,0.00342984
IPCA(1),10,0.00943134
IPCA(1),10,-0.00191043
IPCA(1),10,-0.02017508
IPCA(1),10,-0.01692834
IPCA(1),10,0.00299789
IPCA(1),10,-0.04884550
IPCA(1),10,0.00360266
IPCA(1),10,-0.02594250
IPCA(1),10,-0.00731231
IPCA(1),10,0.01435982
IPCA(1),10,0.07360787
IPCA(1),10,0.05822872
IPCA(1),10,0.02044329
IPCA(1),10,0.02199131
IPCA(1),10,0.04052313
IPCA(1),10,0.09915750
IPCA(1),10,0.01107067
IPCA(1),10,-0.03311135
IPCA(1),10,0.00516389
IPCA(1),10,0.01691824
IPCA(1),10,-0.03465474
IPCA(1),10,-0.05212971
IPCA(1),10,-0.03315445
IPCA(1),10,0.01344485
IPCA(1),10,0.00250155
IPCA(1),10,0.01827705
IPCA(1),10,0.02162121
IPCA(1),10,0.01532048
IPCA(1),10,-0.02158987
IPCA(1),10,0.01495272
IPCA(1),10,0.03143079
IPCA(1),10,0.03306043
IPCA(1),10,0.04883470
IPCA(1),10,0.00774818
IPCA(1),10,0.01096415
IPCA(1),10,0.06065647
IPCA(1),10,0.02807221
IPCA(1),10,0.01822610
IPCA(1),10,0.03027748
IPCA(1),10,0.04268722
IPCA(1),10,0.03693184
IPCA(1),10,0.03109055
IPCA(1),10,0.01390253
IPCA(1),10,0.04542624
IPCA(1),10,0.07158646
IPCA(1),10,0.03670963
IPCA(1),10,0.07784326
IPCA(1),10,0.05122421
IPCA(1),10,0.04888779
IPCA(1),10,0.00680510
IPCA(1),10,0.01467190
IPCA(1),10,0.04693432
IPCA(1),10,-0.05282442
IPCA(1),10,0.01508191
IPCA(1),10,-0.02481252
IPCA(1),10,-0.04213577
IPCA(1),10,0.04907685
IPCA(1),10,0.02472789
IPCA(1),10,0.03928612
IPCA(1),10,0.04967342
IPCA(1),10,0.07966838
IPCA(1),10,-0.02276182
IPCA(1),10,-0.03906707
IPCA(1),10,0.02228797
IPCA(1),10,-0.03905694
IPCA(1),10,0.02073192
IPCA(1),10,0.04687468
IPCA(1),10,-0.02465484
IPCA(1),10,-0.00643370
IPCA(1),10,0.00047290
IPCA(1),10,0.00954705
IPCA(1),10,0.03059116
IPCA(1),10,0.03555045
IPCA(1),10,-0.02974956
IPCA(1),10,-0.00580015
IPCA(1),10,0.01539464
IPCA(1),10,-0.07181838
IPCA(1),10,0.11470903
IPCA(1),10,-0.00672514
IPCA(1),10,-0.01947930
IPCA(1),10,0.02497458
IPCA(1),10,-0.01970240
IPCA(1),10,-0.02615665
IPCA(1),10,0.00957879
IPCA(1),10,-0.01128326
IPCA(1),10,0.03060578
IPCA(1),10,0.00837937
IPCA(1),10,-0.08376524
IPCA(1),10,-0.05651982
IPCA(1),10,-0.09029550
IPCA(1),10,0.14327162
IPCA(1),10,-0.03089143
IPCA(1),10,-0.00001621
IPCA(1),10,-0.01306979
IPCA(1),10,-0.01851233
IPCA(1),10,-0.06108106
IPCA(1),10,0.01722171
IPCA(1),10,0.00842740
IPCA(1),10,0.03072890
IPCA(1),10,-0.01772485
IPCA(1),10,0.03248690
IPCA(1),10,-0.03200510
IPCA(1),10,-0.03012677
IPCA(1),10,0.00963671
IPCA(1),10,0.02226442
IPCA(1),10,-0.07710807
IPCA(1),10,-0.05189416
IPCA(1),10,-0.00240895
IPCA(1),10,-0.03724921
IPCA(1),10,0.02993046
IPCA(1),10,-0.00535838
IPCA(1),10,0.01982670
IPCA(1),10,-0.00068532
IPCA(1),10,-0.02537391
IPCA(1),10,-0.00547735
IPCA(1),10,0.00894588
IPCA(1),10,-0.03699241
IPCA(1),10,-0.03819815
IPCA(1),10,-0.05956047
IPCA(1),10,-0.00931488
IPCA(1),10,0.00474711
IPCA(1),10,0.02534059
IPCA(1),10,0.00186821
IPCA(1),10,0.00667646
IPCA(1),10,-0.07479304
IPCA(1),10,-0.02789877
IPCA(1),10,0.03914396
IPCA(1),10,-0.07335216
IPCA(1),10,-0.00967220
IPCA(1),10,-0.00564980
IPCA(1),10,-0.05696523
IPCA(1),10,-0.04531571
IPCA(1),10,0.04966734
IPCA(1),10,-0.02931174
IPCA(1),10,-0.01541104
IPCA(1),10,-0.03419585
IPCA(1),10,0.01416803
IPCA(1),10,0.00680728
IPCA(1),10,-0.00916896
IPCA(1),10,0.00793914
IPCA(1),10,-0.05391893
IPCA(1),10,-0.03735578
IPCA(1),10,-0.05779971
IPCA(1),10,-0.01017321
IPCA(1),10,0.00271090
IPCA(1),10,-0.01708856
IPCA(1),10,-0.04412150
IPCA(1),10,-0.07541154
IPCA(1),10,-0.01038086
IPCA(1),10,-0.01893728
IPCA(1),10,-0.00455545
IPCA(1),10,-0.07352275
IPCA(1),10,-0.05774482
IPCA(1),10,-0.02821203
IPCA(1),10,-0.00979106
IPCA(1),10,-0.07502292
IPCA(1),10,-0.05535538
IPCA(1),10,-0.06825845
IPCA(1),10,-0.02866841
IPCA(1),10,-0.01666274
IPCA(1),10,-0.01104983
IPCA(1),10,-0.04356315
IPCA(1),10,0.04917794
IPCA(1),10,-0.00948539
IPCA(1),10,-0.09206964
IPCA(1),10,-0.03140275
IPCA(1),10,-0.01160425
IPCA(1),10,0.00983697
IPCA(1),10,0.00563097
IPCA(1),10,-0.02889553
IPCA(1),10,0.05727193
IPCA(1),10,0.01540672
IPCA(1),10,-0.00412272
IPCA(1),10,-0.02697308
IPCA(1),10,0.07494671
IPCA(1),10,-0.02979091
IPCA(1),10,-0.01454372
IPCA(1),10,-0.01454951
IPCA(1),10,-0.01248784
IPCA(1),10,-0.02659475
IPCA(1),10,0.03610643
IPCA(1),10,-0.02570479
IPCA(1),10,0.01203692
IPCA(1),10,-0.06151831
IPCA(1),10,0.01551825
IPCA(1),10,0.06877922
IPCA(1),10,-0.00505955
IPCA(1),10,-0.00667430
IPCA(1),10,-0.00327914
IPCA(1),10,-0.00307522
IPCA(1),10,0.02019438
IPCA(1),10,0.02953677
IPCA(1),10,0.07894174
IPCA(1),10,-0.02074842
IPCA(1),10,-0.04388551
IPCA(1),10,-0.03513003
IPCA(1),10,0.03466022
IPCA(1),10,-0.02820222
IPCA(1),10,-0.02597256
IPCA(1),10,-0.00126508
IPCA(1),10,-0.00943143
IPCA(1),10,-0.03869014
IPCA(1),10,-0.02273814
IPCA(1),10,0.00701905
IPCA(1),10,0.07026470
IPCA(1),10,-0.04240558
IPCA(1),10,-0.01609788
IPCA(1),10,-0.00908583
IPCA(1),10,-0.02961441
IPCA(1),10,-0.00384339
IPCA(1),10,-0.01924163
IPCA(1),10,0.02266908
IPCA(1),10,0.07562097
IPCA(1),10,-0.01874824
IPCA(1),10,-0.01336323
IPCA(1),10,-0.07718866
IPCA(1),10,-0.05498338
IPCA(1),10,-0.01680009
IPCA(1),10,0.04145580
IPCA(1),10,-0.07051431
IPCA(1),10,0.04033869
IPCA(1),10,-0.06653580
IPCA(1),10,-0.04655653
IPCA(1),11,-0.12314022
IPCA(1),11,-0.05607752
IPCA(1),11,-0.10568741
IPCA(1),11,-0.06822380
IPCA(1),11,-0.05799517
IPCA(1),11,-0.05441248
IPCA(1),11,-0.03759660
IPCA(1),11,-0.01786035
IPCA(1),11,-0.05863720
IPCA(1),11,-0.06455614
IPCA(1),11,-0.12934003
IPCA(1),11,0.00288789
IPCA(1),11,-0.12576003
IPCA(1),11,-0.04376599
IPCA(1),11,-0.06907302
IPCA(1),11,-0.09867588
IPCA(1),11,-0.00278676
IPCA(1),11,-0.07901123
IPCA(1),11,-0.07825930
IPCA(1),11,-0.00928418
IPCA(1),11,-0.02307904
IPCA(1),11,-0.04049136
IPCA(1),11,-0.05239010
IPCA(1),11,-0.07343637
IPCA(1),11,-0.03160525
IPCA(1),11,-0.05511327
IPCA(1),11,-0.04092497
IPCA(1),11,-0.03606580
IPCA(1),11,-0.01057119
IPCA(1),11,-0.04847977
IPCA(1),11,-0.05381054
IPCA(1),11,-0.09126855
IPCA(1),11,0.13050071
IPCA(1),11,-0.01319930
IPCA(1),11,-0.04850407
IPCA(1),11,-0.03759338
IPCA(1),11,-0.02553109
IPCA(1),11,-0.00833647
IPCA(1),11,-0.02322678
IPCA(1),11,-0.07358666
IPCA(1),11,-0.05988310
IPCA(1),11,-0.01504732
IPCA(1),11,-0.07253421
IPCA(1),11,-0.06440748
IPCA(1),11,-0.05615493
IPCA(1),11,-0.05690259
IPCA(1),11,-0.06522455
IPCA(1),11,-0.10180325
IPCA(1),11,-0.04329407
IPCA(1),11,-0.04765992
IPCA(1),11,-0.06208322
IPCA(1),11,-0.13464754
IPCA(1),11,-0.09651868
IPCA(1),11,-0.07207806
IPCA(1),11,-0.03268245
IPCA(1),11,-0.11733117
IPCA(1),11,-0.08553085
IPCA(1),11,-0.05685728
IPCA(1),11,-0.08192442
IPCA(1),11,-0.04411003
IPCA(1),11,-0.06132558
IPCA(1),11,-0.05364183
IPCA(1),11,-0.09088002
IPCA(1),11,-0.03472457
IPCA(1),11,-0.03685096
IPCA(1),11,-0.05659689
IPCA(1),11,-0.05126015
IPCA(1),11,-0.06914920
IPCA(1),11,-0.05949864
IPCA(1),11,-0.05408329
IPCA(1),11,-0.05564038
IPCA(1),11,-0.07229249
IPCA(1),11,-0.03166000
IPCA(1),11,-0.07279722
IPCA(1),11,0.02724925
IPCA(1),11,-0.00162434
IPCA(1),11,-0.06215406
IPCA(1),11,-0.04179847
IPCA(1),11,-0.06562930
IPCA(1),11,-0.08698650
IPCA(1),11,-0.06013184
IPCA(1),11,-0.06107728
IPCA(1),11,-0.07599874
IPCA(1),11,-0.01571050
IPCA(1),11,-0.04525761
IPCA(1),11,-0.07394170
IPCA(1),11,-0.03857078
IPCA(1),11,-0.02326781
IPCA(1),11,-0.03141852
IPCA(1),11,-0.05558231
IPCA(1),11,-0.03686831
IPCA(1),11,0.00858233
IPCA(1),11,-0.05308855
IPCA(1),11,-0.09224380
IPCA(1),11,-0.11288507
IPCA(1),11,-0.04567694
IPCA(1),11,-0.09615976
IPCA(1),11,-0.04775272
IPCA(1),11,-0.10860816
IPCA(1),11,-0.01070372
IPCA(1),11,-0.07731986
IPCA(1),11,-0.04077820
IPCA(1),11,0.00238734
IPCA(1),11,-0.00596819
IPCA(1),11,0.00483993
IPCA(1),11,-0.02026564
IPCA(1),11,-0.11393445
IPCA(1),11,-0.02701750
IPCA(1),11,-0.07371658
IPCA(1),11,-0.13379455
IPCA(1),11,-0.05370057
IPCA(1),11,-0.04915477
IPCA(1),11,-0.00059584
IPCA(1),11,-0.04215004
IPCA(1),11,-0.01461684
IPCA(1),11,-0.03409271
IPCA(1),11,-0.02372674
IPCA(1),11,-0.13825817
IPCA(1),11,0.00823235
IPCA(1),11,-0.02854820
IPCA(1),11,-0.03375182
IPCA(1),11,-0.02104394
IPCA(1),11,-0.04648210
IPCA(1),11,-0.10153220
IPCA(1),11,-0.01974686
IPCA(1),11,-0.02400605
IPCA(1),11,0.00097926
IPCA(1),11,-0.02572053
IPCA(1),11,-0.02088793
IPCA(1),11,-0.03351520
IPCA(1),11,-0.10001215
IPCA(1),11,-0.03939235
IPCA(1),11,-0.00573405
IPCA(1),11,-0.05367462
IPCA(1),11,0.00920339
IPCA(1),11,0.02910920
IPCA(1),11,-0.08638772
IPCA(1),11,-0.00099880
IPCA(1),11,-0.04531371
IPCA(1),11,0.00432564
IPCA(1),11,-0.03532878
IPCA(1),11,-0.03096737
IPCA(1),11,-0.08389757
IPCA(1),11,-0.06566225
IPCA(1),11,-0.01507105
IPCA(1),11,0.01902872
IPCA(1),11,-0.03574345
IPCA(1),11,-0.02674111
IPCA(1),11,-0.03371741
IPCA(1),11,-0.04429339
IPCA(1),11,-0.02245823
IPCA(1),11,-0.07135702
IPCA(1),11,-0.06465946
IPCA(1),11,-0.05634801
IPCA(1),11,-0.17396460
IPCA(1),11,-0.06230412
IPCA(1),11,-0.06150479
IPCA(1),11,-0.09568485
IPCA(1),11,-0.07017361
IPCA(1),11,-0.00617300
IPCA(1),11,-0.05045491
IPCA(1),11,0.04133299
IPCA(1),11,-0.12123238
IPCA(1),11,-0.02363140
IPCA(1),11,-0.06590997
IPCA(1),11,-0.01882169
IPCA(1),11,-0.08197948
IPCA(1),11,-0.06331885
IPCA(1),11,-0.01403902
IPCA(1),11,-0.08499636
IPCA(1),11,-0.06789668
IPCA(1),11,-0.06143370
IPCA(1),11,-0.10643918
IPCA(1),11,-0.09575567
IPCA(1),11,-0.06546442
IPCA(1),11,-0.05987003
IPCA(1),11,-0.09094601
IPCA(1),11,-0.11139730
IPCA(1),11,-0.05799186
IPCA(1),11,-0.07211365
IPCA(1),11,-0.07497558
IPCA(1),11,-0.12425287
IPCA(1),11,-0.04935541
IPCA(1),11,-0.02382470
IPCA(1),11,-0.08213573
IPCA(1),11,-0.04261396
IPCA(1),11,-0.05385203
IPCA(1),11,-0.10136577
IPCA(1),11,-0.07907580
IPCA(1),11,-0.07499619
IPCA(1),11,-0.07143294
IPCA(1),11,-0.04938461
IPCA(1),11,-0.02501435
IPCA(1),11,-0.02059814
IPCA(1),11,-0.04877764
IPCA(1),11,-0.08757682
IPCA(1),11,-0.03288088
IPCA(1),11,-0.05039986
IPCA(1),11,-0.10637998
IPCA(1),11,-0.09117329
IPCA(1),11,0.02283854
IPCA(1),11,-0.06572441
IPCA(1),11,-0.00852477
IPCA(1),11,-0.07188892
IPCA(1),11,-0.09586399
IPCA(1),11,-0.10088508
IPCA(1),11,-0.00727618
IPCA(1),11,-0.08413517
IPCA(1),11,-0.02453953
IPCA(1),11,-0.02435334
IPCA(1),11,-0.07551936
IPCA(1),11,-0.03722295
IPCA(1),11,-0.07375762
IPCA(1),11,-0.04826876
IPCA(1),11,-0.02532344
IPCA(1),11,-0.04817749
IPCA(1),11,-0.05981899
IPCA(1),11,-0.03453083
IPCA(1),11,-0.04699523
IPCA(1),11,-0.07346137
IPCA(1),11,-0.05275085
IPCA(1),11,-0.00377366
IPCA(1),11,-0.06407148
IPCA(1),11,-0.01219945
IPCA(1),11,-0.01136903
IPCA(1),11,-0.10136191
IPCA(1),11,-0.04457618
IPCA(1),11,-0.09268071
IPCA(1),11,-0.08107231
IPCA(1),11,-0.06258048
IPCA(1),11,-0.09688908
IPCA(1),11,-0.04684575
IPCA(1),11,0.01268168
IPCA(1),11,-0.13865749
IPCA(1),11,-0.05668906
IPCA(1),11,-0.07362522
IPCA(1),11,-0.05631862
IPCA(1),11,0.00247725
IPCA(1),11,0.02760429
IPCA(1),11,-0.09201004
IPCA(1),11,-0.00588416
IPCA(1),11,-0.07476998
IPCA(1),11,-0.04643677
IPCA(1),11,-0.04980464
IPCA(1),11,-0.06078172
IPCA(1),11,-0.01145675
IPCA(1),11,-0.01570493
IPCA(1),11,-0.07764759
IPCA(1),11,-0.05421289
IPCA(1),11,-0.05458207
IPCA(1),11,-0.01395631
IPCA(1),11,-0.03367014
IPCA(1),11,0.00791827
IPCA(1),11,-0.06338407
IPCA(1),11,-0.06131216
IPCA(1),11,-0.03836535
IPCA(1),11,-0.00759780
IPCA(1),11,-0.01795311
IPCA(1),11,-0.03131971
IPCA(1),11,-0.05590784
IPCA(1),11,-0.06303192
IPCA(1),11,-0.08096570
IPCA(1),11,-0.08500585
IPCA(1),11,-0.01481179
IPCA(1),11,-0.05115982
IPCA(1),11,-0.00462645
IPCA(1),11,-0.02278627
IPCA(1),11,-0.08244270
IPCA(1),11,-0.01092903
IPCA(1),11,-0.06298133
IPCA(1),11,-0.06180270
IPCA(1),11,-0.05761014
IPCA(1),11,-0.09224828
IPCA(1),11,-0.08639054
IPCA(1),11,-0.06592543
IPCA(1),11,-0.07794858
IPCA(1),11,-0.02742453
IPCA(1),11,-0.04838786
IPCA(1),11,-0.10105792
IPCA(1),11,-0.10972332
IPCA(1),11,-0.03377451
IPCA(1),11,-0.05249363
IPCA(1),11,-0.08183027
IPCA(1),11,-0.11748136
IPCA(1),11,-0.14788945
IPCA(1),11,-0.10511732
IPCA(1),11,-0.01334778
IPCA(1),11,-0.03583055
IPCA(1),11,-0.11927705
IPCA(1),11,-0.05409553
IPCA(1),11,-0.09292735
IPCA(1),11,-0.07846517
IPCA(1),11,-0.05060350
IPCA(1),11,-0.10786342
IPCA(1),11,-0.08421133
IPCA(1),11,-0.08752144
IPCA(1),11,-0.07123173
IPCA(1),11,-0.03442064
IPCA(1),11,-0.03067897
IPCA(1),11,-0.07985826
IPCA(1),11,-0.02377527
IPCA(1),11,-0.08465862
IPCA(1),11,-0.09997770
IPCA(1),11,-0.03441886
IPCA(1),12,-0.02092019
IPCA(1),12,-0.03427409
IPCA(1),12,0.10418638
IPCA(1),12,-0.06352500
IPCA(1),12,0.03388180
IPCA(1),12,-0.06253307
IPCA(1),12,0.00640798
IPCA(1),12,-0.03386941
IPCA(1),12,-0.02318587
IPCA(1),12,0.03323346
IPCA(1),12,-0.05641450
IPCA(1),12,-0.00101836
IPCA(1),12,-0.03147857
IPCA(1),12,0.05040968
IPCA(1),12,-0.02916143
IPCA(1),12,0.00580583
IPCA(1),12,0.00150691
IPCA(1),12,0.09863220
IPCA(1),12,-0.05794299
IPCA(1),12,0.01702693
IPCA(1),12,0.00984674
IPCA(1),12,-0.00139556
IPCA(1),12,-0.02778873
IPCA(1),12,-0.07712835
IPCA(1),12,-0.11702470
IPCA(1),12,-0.03255699
IPCA(1),12,-0.07324161
IPCA(1),12,-0.00319148
IPCA(1),12,0.00489763
IPCA(1),12,0.07411718
IPCA(1),12,-0.01118910
IPCA(1),12,0.00121216
IPCA(1),12,-0.03334818
IPCA(1),12,0.02474582
IPCA(1),12,-0.05812097
IPCA(1),12,-0.06386721
IPCA(1),12,-0.03586721
IPCA(1),12,0.00846479
IPCA(1),12,-0.02708450
IPCA(1),12,0.02138765
IPCA(1),12,-0.02382916
IPCA(1),12,-0.02085185
IPCA(1),12,0.00342574
IPCA(1),12,-0.04213063
IPCA(1),12,0.01230186
IPCA(1),12,-0.04031160
IPCA(1),12,0.00841125
IPCA(1),12,-0.02300644
IPCA(1),12,-0.03014569
IPCA(1),12,-0.03594744
IPCA(1),12,0.01893268
IPCA(1),12,-0.06014223
IPCA(1),12,-0.02991897
IPCA(1),12,-0.05691764
IPCA(1),12,-0.05856823
IPCA(1),12,-0.07493052
IPCA(1),12,-0.05128353
IPCA(1),12,-0.05921072
IPCA(1),12,-0.08310849
IPCA(1),12,-0.02306558
IPCA(1),12,-0.03911983
IPCA(1),12,-0.02394093
IPCA(1),12,0.01817519
IPCA(1),12,-0.07701295
IPCA(1),12,-0.06467060
IPCA(1),12,-0.03476091
IPCA(1),12,-0.03223830
IPCA(1),12,-0.04980756
IPCA(1),12,-0.05979845
IPCA(1),12,-0.00693693
IPCA(1),12,0.00303633
IPCA(1),12,-0.00848652
IPCA(1),12,0.01812467
IPCA(1),12,-0.03491037
IPCA(1),12,-0.03702113
IPCA(1),12,0.02677681
IPCA(1),12,-0.00342256
IPCA(1),12,-0.01788084
IPCA(1),12,-0.08308234
IPCA(1),12,-0.03442429
IPCA(1),12,-0.00507103
IPCA(1),12,-0.03455091
IPCA(1),12,-0.04851751
IPCA(1),12,-0.06529980
IPCA(1),12,0.04305009
IPCA(1),12,-0.04039126
IPCA(1),12,-0.02357807
IPCA(1),12,0.01024123
IPCA(1),12,-0.01628437
IPCA(1),12,0.00430741
IPCA(1),12,-0.04005091
IPCA(1),12,-0.00454565
IPCA(1),12,-0.05219933
IPCA(1),12,-0.03095911
IPCA(1),12,-0.06241846
IPCA(1),12,-0.02373539
IPCA(1),12,-0.01244717
IPCA(1),12,-0.02310502
IPCA(1),12,0.01546865
IPCA(1),12,-0.04454883
IPCA(1),12,-0.01259209
IPCA(1),12,-0.03032937
IPCA(1),12,0.01625141
IPCA(1),12,0.06357571
IPCA(1),12,0.01664835
IPCA(1),12,0.08041753
IPCA(1),12,0.07190671
IPCA(1),12,0.07376469
IPCA(1),12,-0.00888665
IPCA(1),12,0.04058097
IPCA(1),12,0.04989145
IPCA(1),12,-0.02430086
IPCA(1),12,0.03608621
IPCA(1),12,-0.06903665
IPCA(1),12,0.00633931
IPCA(1),12,-0.02251631
IPCA(1),12,0.01662805
IPCA(1),12,0.04320992
IPCA(1),12,-0.00029562
IPCA(1),12,0.09090317
IPCA(1),12,0.04895545
IPCA(1),12,-0.01713512
IPCA(1),12,-0.02215893
IPCA(1),12,-0.00382293
IPCA(1),12,0.03334372
IPCA(1),12,0.04995014
IPCA(1),12,-0.02774961
IPCA(1),12,0.06332087
IPCA(1),12,0.06718014
IPCA(1),12,-0.03442219
IPCA(1),12,0.02754654
IPCA(1),12,-0.02100742
IPCA(1),12,0.02585249
IPCA(1),12,0.03179779
IPCA(1),12,0.04388035
IPCA(1),12,0.02612289
IPCA(1),12,0.01401483
IPCA(1),12,-0.05765295
IPCA(1),12,0.02088483
IPCA(1),12,-0.04285166
IPCA(1),12,-0.06307891
IPCA(1),12,-0.04304105
IPCA(1),12,0.03491803
IPCA(1),12,-0.00480248
IPCA(1),12,0.00670593
IPCA(1),12,-0.02089034
IPCA(1),12,0.05211107
IPCA(1),12,-0.00839128
IPCA(1),12,0.03219170
IPCA(1),12,0.00974403
IPCA(1),12,0.01424304
IPCA(1),12,-0.03826796
IPCA(1),12,-0.05249473
IPCA(1),12,-0.01489133
IPCA(1),12,0.01276810
IPCA(1),12,0.00168544
IPCA(1),12,-0.04228832
IPCA(1),12,0.03886023
IPCA(1),12,0.00548309
IPCA(1),12,-0.00488475
IPCA(1),12,0.00436540
IPCA(1),12,0.05041694
IPCA(1),12,-0.03886228
IPCA(1),12,0.00742321
IPCA(1),12,0.00905163
IPCA(1),12,-0.03868031
IPCA(1),12,-0.04749973
IPCA(1),12,0.02239148
IPCA(1),12,0.02295854
IPCA(1),12,0.00328980
IPCA(1),12,-0.04412771
IPCA(1),12,0.09452420
IPCA(1),12,0.00139753
IPCA(1),12,-0.01722093
IPCA(1),12,-0.02516855
IPCA(1),12,-0.11202540
IPCA(1),12,-0.02384942
IPCA(1),12,-0.02082748
IPCA(1),12,0.02369066
IPCA(1),12,-0.03062771
IPCA(1),12,-0.01004443
IPCA(1),12,0.01122686
IPCA(1),12,0.03401982
IPCA(1),12,-0.01347899
IPCA(1),12,-0.01289728
IPCA(1),12,0.02619557
IPCA(1),12,-0.05341958
IPCA(1),12,-0.04966833
IPCA(1),12,-0.04052197
IPCA(1),12,0.00705132
IPCA(1),12,-0.02277381
IPCA(1),12,-0.01274513
IPCA(1),12,-0.00387005
IPCA(1),12,-0.05907972
IPCA(1),12,-0.03948897
IPCA(1),12,0.03376158
IPCA(1),12,-0.00305266
IPCA(1),12,-0.04828799
IPCA(1),12,-0.04571896
IPCA(1),12,-0.06658765
IPCA(1),12,-0.00555996
IPCA(1),12,-0.00044297
IPCA(1),12,-0.00962739
IPCA(1),12,-0.02385433
IPCA(1),12,-0.04664502
IPCA(1),12,-0.07145845
IPCA(1),12,-0.02481925
IPCA(1),12,0.03889241
IPCA(1),12,-0.02893030
IPCA(1),12,-0.02091220
IPCA(1),12,-0.00685592
IPCA(1),12,-0.04559986
IPCA(1),12,-0.04771606
IPCA(1),12,-0.06046254
IPCA(1),12,-0.00441176
IPCA(1),12,-0.03368430
IPCA(1),12,0.00015311
IPCA(1),12,-0.01125703
IPCA(1),12,-0.02588248
IPCA(1),12,0.01399095
IPCA(1),12,-0.01477200
IPCA(1),12,0.01286259
IPCA(1),12,-0.04171655
IPCA(1),12,0.00541534
IPCA(1),12,-0.03591480
IPCA(1),12,-0.01219943
IPCA(1),12,-0.08077499
IPCA(1),12,-0.03958003
IPCA(1),12,-0.00850346
IPCA(1),12,-0.03700757
IPCA(1),12,-0.03898696
IPCA(1),12,0.08322124
IPCA(1),12,0.18761849
IPCA(1),12,-0.03554632
IPCA(1),12,-0.04222258
IPCA(1),12,-0.07392555
IPCA(1),12,-0.03873760
IPCA(1),12,-0.04362544
IPCA(1),12,0.01209369
IPCA(1),12,-0.03999403
IPCA(1),12,-0.06642043
IPCA(1),12,-0.02553939
IPCA(1),12,0.01506043
IPCA(1),12,0.03130779
IPCA(1),12,-0.08298579
IPCA(1),12,-0.01314293
IPCA(1),12,0.01848418
IPCA(1),12,-0.02026124
IPCA(1),12,-0.03200241
IPCA(1),12,0.00408642
IPCA(1),12,-0.01632378
IPCA(1),12,-0.04476961
IPCA(1),12,-0.01262012
IPCA(1),12,-0.00595885
IPCA(1),12,0.01068863
IPCA(1),12,-0.01817573
IPCA(1),12,0.00506188
IPCA(1),12,-0.01874441
IPCA(1),12,-0.04294130
IPCA(1),12,0.02905085
IPCA(1),12,0.03498111
IPCA(1),12,0.01222397
IPCA(1),12,-0.03864790
IPCA(1),12,0.00786743
IPCA(1),12,-0.01048487
IPCA(1),12,-0.04818683
IPCA(1),12,0.01801453
IPCA(1),12,-0.02843870
IPCA(1),12,-0.04082582
IPCA(1),12,-0.04984952
IPCA(1),12,0.01281173
IPCA(1),12,-0.05885900
IPCA(1),12,0.00257402
IPCA(1),12,-0.03116953
IPCA(1),12,-0.04914043
IPCA(1),12,-0.04214044
IPCA(1),12,-0.03241065
IPCA(1),12,-0.06025982
IPCA(1),12,-0.03874348
IPCA(1),12,-0.03648702
IPCA(1),12,-0.08590585
IPCA(1),12,-0.03355752
IPCA(1),12,-0.04492044
IPCA(1),12,0.02950012
IPCA(1),12,0.03473885
IPCA(1),12,-0.03533725
IPCA(1),12,0.01057111
IPCA(1),12,-0.04231938
IPCA(1),12,-0.06372959
IPCA(1),12,-0.02565975
IPCA(1),12,-0.05073735
IPCA(1),12,-0.02242776
IPCA(1),12,0.00511166
IPCA(1),12,-0.10282709
IPCA(1),12,-0.02065591
IPCA(1),12,0.01912234
IPCA(1),12,-0.02997288
IPCA(1),12,-0.05069354
IPCA(1),12,-0.06141710
IPCA(1),12,-0.05681746
IPCA(1),12,-0.05611791
IPCA(1),12,-0.01995394
IPCA(1),12,0.03258088
IPCA(1),12,-0.04389087
IPCA(1),12,-0.01678144
IPCA(1),12,-0.05985283
IPCA(1),12,-0.03304335
IPCA(1),12,-0.02507496
IPCA(3),1,-0.19266712
IPCA(3),1,-0.04312842
IPCA(3),1,-0.12364956
IPCA(3),1,-0.09183178
IPCA(3),1,-0.12999837
IPCA(3),1,-0.08505918
IPCA(3),1,0.05211703
IPCA(3),1,-0.03768317
IPCA(3),1,-0.06561402
IPCA(3),1,-0.04377661
IPCA(3),1,-0.01937528
IPCA(3),1,-0.08933960
IPCA(3),1,-0.02406131
IPCA(3),1,-0.01209688
IPCA(3),1,-0.11971995
IPCA(3),1,-0.14594945
IPCA(3),1,-0.02572274
IPCA(3),1,-0.15239452
IPCA(3),1,-0.08726804
IPCA(3),1,-0.07557627
IPCA(3),1,-0.03977549
IPCA(3),1,-0.10557881
IPCA(3),1,-0.15485137
IPCA(3),1,-0.08716132
IPCA(3),1,-0.11290793
IPCA(3),1,-0.05036294
IPCA(3),1,-0.11687924
IPCA(3),1,-0.08609819
IPCA(3),1,-0.04115485
IPCA(3),1,-0.12637690
IPCA(3),1,-0.10335837
IPCA(3),1,0.04142979
IPCA(3),1,-0.06746992
IPCA(3),1,-0.01556767
IPCA(3),1,-0.07812341
IPCA(3),1,-0.11683649
IPCA(3),1,-0.12358234
IPCA(3),1,-0.03969007
IPCA(3),1,-0.08981491
IPCA(3),1,0.00760822
IPCA(3),1,-0.07424356
IPCA(3),1,-0.02836470
IPCA(3),1,-0.06320427
IPCA(3),1,-0.02180310
IPCA(3),1,-0.04739534
IPCA(3),1,0.07130415
IPCA(3),1,-0.02618468
IPCA(3),1,-0.00198083
IPCA(3),1,-0.09374131
IPCA(3),1,0.14075675
IPCA(3),1,-0.04586481
IPCA(3),1,-0.10194940
IPCA(3),1,-0.06190069
IPCA(3),1,-0.06530068
IPCA(3),1,-0.04529503
IPCA(3),1,-0.06420632
IPCA(3),1,-0.05870385
IPCA(3),1,-0.02671122
IPCA(3),1,-0.03744386
IPCA(3),1,-0.12008283
IPCA(3),1,-0.04873936
IPCA(3),1,0.00021111
IPCA(3),1,0.06740413
IPCA(3),1,0.02217300
IPCA(3),1,-0.08791482
IPCA(3),1,-0.05371811
IPCA(3),1,-0.02327996
IPCA(3),1,-0.02459593
IPCA(3),1,-0.08857555
IPCA(3),1,0.07604354
IPCA(3),1,-0.08261967
IPCA(3),1,-0.08643212
IPCA(3),1,-0.02374867
IPCA(3),1,-0.14779698
IPCA(3),1,-0.27748884
IPCA(3),1,-0.12886851
IPCA(3),1,0.04775991
IPCA(3),1,-0.06549223
IPCA(3),1,-0.10505511
IPCA(3),1,-0.06041770
IPCA(3),1,-0.04593805
IPCA(3),1,-0.09028450
IPCA(3),1,-0.04288226
IPCA(3),1,-0.07136766
IPCA(3),1,-0.03002061
IPCA(3),1,-0.07225891
IPCA(3),1,-0.09303319
IPCA(3),1,-0.08870468
IPCA(3),1,-0.09624411
IPCA(3),1,0.05299871
IPCA(3),1,-0.04018100
IPCA(3),1,-0.04557632
IPCA(3),1,-0.08204291
IPCA(3),1,-0.03746298
IPCA(3),1,-0.04500623
IPCA(3),1,-0.06410404
IPCA(3),1,-0.04383178
IPCA(3),1,0.07523475
IPCA(3),1,-0.06232520
IPCA(3),1,-0.02678037
IPCA(3),1,-0.11706415
IPCA(3),1,-0.00566828
IPCA(3),1,-0.02703598
IPCA(3),1,-0.03360667
IPCA(3),1,-0.03859594
IPCA(3),1,-0.08175049
IPCA(3),1,-0.05246364
IPCA(3),1,-0.00537747
IPCA(3),1,-0.01479577
IPCA(3),1,-0.03357793
IPCA(3),1,-0.03155159
IPCA(3),1,-0.04954401
IPCA(3),1,0.00170795
IPCA(3),1,-0.00954047
IPCA(3),1,0.00128737
IPCA(3),1,-0.10925312
IPCA(3),1,-0.00567261
IPCA(3),1,-0.09212606
IPCA(3),1,-0.00316191
IPCA(3),1,-0.07878154
IPCA(3),1,-0.03051808
IPCA(3),1,-0.12403702
IPCA(3),1,-0.15364258
IPCA(3),1,-0.02774682
IPCA(3),1,-0.00704247
IPCA(3),1,-0.12770984
IPCA(3),1,-0.03511526
IPCA(3),1,-0.04171484
IPCA(3),1,-0.02905257
IPCA(3),1,-0.05242861
IPCA(3),1,-0.10392113
IPCA(3),1,-0.04108712
IPCA(3),1,-0.22061427
IPCA(3),1,-0.07011689
IPCA(3),1,-0.04250983
IPCA(3),1,0.06850782
IPCA(3),1,0.01349647
IPCA(3),1,-0.18272397
IPCA(3),1,-0.11589876
IPCA(3),1,-0.10194686
IPCA(3),1,-0.13367182
IPCA(3),1,-0.05978514
IPCA(3),1,-0.09696319
IPCA(3),1,-0.10068414
IPCA(3),1,-0.08760889
IPCA(3),1,-0.05417363
IPCA(3),1,-0.00829086
IPCA(3),1,0.02910738
IPCA(3),1,-0.03779809
IPCA(3),1,-0.05996664
IPCA(3),1,0.01028338
IPCA(3),1,0.00138641
IPCA(3),1,-0.13462951
IPCA(3),1,-0.10820728
IPCA(3),1,-0.01122333
IPCA(3),1,0.04875268
IPCA(3),1,-0.01988666
IPCA(3),1,-0.06944763
IPCA(3),1,-0.03118494
IPCA(3),1,0.03569249
IPCA(3),1,-0.12568140
IPCA(3),1,-0.05234090
IPCA(3),1,-0.04956637
IPCA(3),1,-0.07394743
IPCA(3),1,0.02684931
IPCA(3),1,-0.07578354
IPCA(3),1,-0.11546380
IPCA(3),1,0.03231779
IPCA(3),1,-0.03917369
IPCA(3),1,-0.07049801
IPCA(3),1,0.03142093
IPCA(3),1,-0.00346544
IPCA(3),1,-0.10237864
IPCA(3),1,-0.03191096
IPCA(3),1,-0.00211141
IPCA(3),1,-0.11007884
IPCA(3),1,-0.06498487
IPCA(3),1,-0.02636141
IPCA(3),1,-0.04824252
IPCA(3),1,-0.01813362
IPCA(3),1,-0.10889473
IPCA(3),1,-0.02718175
IPCA(3),1,0.06208942
IPCA(3),1,-0.05632370
IPCA(3),1,-0.03129992
IPCA(3),1,-0.07527134
IPCA(3),1,-0.10107510
IPCA(3),1,0.01732478
IPCA(3),1,0.01909343
IPCA(3),1,-0.08887304
IPCA(3),1,-0.12522917
IPCA(3),1,-0.04677072
IPCA(3),1,-0.01660880
IPCA(3),1,-0.08603286
IPCA(3),1,-0.05195779
IPCA(3),1,-0.12045336
IPCA(3),1,-0.00260913
IPCA(3),1,-0.13464522
IPCA(3),1,-0.15724825
IPCA(3),1,-0.02792400
IPCA(3),1,0.00310043
IPCA(3),1,-0.07853384
IPCA(3),1,0.08952287
IPCA(3),1,-0.07412123
IPCA(3),1,-0.12084845
IPCA(3),1,-0.05630323
IPCA(3),1,-0.10931654
IPCA(3),1,-0.03840957
IPCA(3),1,0.00447045
IPCA(3),1,-0.07718866
IPCA(3),1,0.00984394
IPCA(3),1,-0.09701226
IPCA(3),1,-0.12825502
IPCA(3),1,-0.08535638
IPCA(3),1,-0.01313790
IPCA(3),1,-0.07440908
IPCA(3),1,-0.15357031
IPCA(3),1,-0.10379404
IPCA(3),1,-0.02438630
IPCA(3),1,0.01033537
IPCA(3),1,-0.08136937
IPCA(3),1,-0.02828458
IPCA(3),1,-0.14765503
IPCA(3),1,0.03376832
IPCA(3),1,-0.06669726
IPCA(3),1,0.07943798
IPCA(3),1,-0.01953807
IPCA(3),1,-0.03390021
IPCA(3),1,0.00444847
IPCA(3),1,-0.06838106
IPCA(3),1,-0.01798069
IPCA(3),1,-0.08176456
IPCA(3),1,-0.10065744
IPCA(3),1,-0.20427380
IPCA(3),1,-0.22519385
IPCA(3),1,-0.12197058
IPCA(3),1,-0.03844762
IPCA(3),1,-0.06999205
IPCA(3),1,-0.08126825
IPCA(3),1,-0.12140818
IPCA(3),1,-0.07296663
IPCA(3),1,-0.05599172
IPCA(3),1,-0.14440792
IPCA(3),1,-0.03454394
IPCA(3),2,0.04072959
IPCA(3),2,-0.02889283
IPCA(3),2,0.03760505
IPCA(3),2,0.03480164
IPCA(3),2,0.00009116
IPCA(3),2,0.04619069
IPCA(3),2,-0.02273766
IPCA(3),2,-0.07590046
IPCA(3),2,-0.03460203
IPCA(3),2,-0.03930304
IPCA(3),2,-0.01717465
IPCA(3),2,0.02385225
IPCA(3),2,-0.07817754
IPCA(3),2,0.06249157
IPCA(3),2,0.04277163
IPCA(3),2,-0.03899267
IPCA(3),2,-0.01683211
IPCA(3),2,-0.01383827
IPCA(3),2,-0.02657616
IPCA(3),2,-0.00760101
IPCA(3),2,-0.00885695
IPCA(3),2,0.04790435
IPCA(3),2,-0.00520912
IPCA(3),2,-0.01154528
IPCA(3),2,-0.00742512
IPCA(3),2,-0.03327444
IPCA(3),2,0.04474763
IPCA(3),2,-0.01683008
IPCA(3),2,-0.01025611
IPCA(3),2,0.09013629
IPCA(3),2,0.03243093
IPCA(3),2,0.03900741
IPCA(3),2,-0.00047796
IPCA(3),2,0.03175963
IPCA(3),2,0.01948670
IPCA(3),2,0.10429210
IPCA(3),2,-0.04512872
IPCA(3),2,0.01193460
IPCA(3),2,-0.01449158
IPCA(3),2,-0.00800021
IPCA(3),2,-0.02550789
IPCA(3),2,0.03230546
IPCA(3),2,-0.00341221
IPCA(3),2,0.01249455
IPCA(3),2,-0.03531080
IPCA(3),2,-0.06993331
IPCA(3),2,0.01729627
IPCA(3),2,-0.00248881
IPCA(3),2,0.00516565
IPCA(3),2,0.01170750
IPCA(3),2,-0.04132686
IPCA(3),2,-0.00168776
IPCA(3),2,0.05742964
IPCA(3),2,0.05215843
IPCA(3),2,-0.04849344
IPCA(3),2,0.01272199
IPCA(3),2,-0.02741010
IPCA(3),2,0.04970239
IPCA(3),2,0.02765155
IPCA(3),2,0.03518801
IPCA(3),2,-0.01093948
IPCA(3),2,0.03082509
IPCA(3),2,0.01017582
IPCA(3),2,0.01531233
IPCA(3),2,0.01497273
IPCA(3),2,-0.00438436
IPCA(3),2,0.02000943
IPCA(3),2,-0.00815862
IPCA(3),2,-0.01405758
IPCA(3),2,-0.04990859
IPCA(3),2,-0.01115565
IPCA(3),2,-0.02342533
IPCA(3),2,-0.07412504
IPCA(3),2,-0.05071306
IPCA(3),2,0.01740502
IPCA(3),2,0.04080811
IPCA(3),2,0.01822446
IPCA(3),2,0.00050779
IPCA(3),2,0.01834357
IPCA(3),2,-0.06539149
IPCA(3),2,-0.00018215
IPCA(3),2,-0.08105622
IPCA(3),2,0.01288537
IPCA(3),2,-0.05957063
IPCA(3),2,0.03168428
IPCA(3),2,-0.03345243
IPCA(3),2,-0.03225443
IPCA(3),2,-0.04904437
IPCA(3),2,-0.07419991
IPCA(3),2,-0.03699265
IPCA(3),2,-0.05342532
IPCA(3),2,-0.04163064
IPCA(3),2,-0.08832517
IPCA(3),2,-0.08413095
IPCA(3),2,-0.11895394
IPCA(3),2,-0.05609173
IPCA(3),2,0.00222217
IPCA(3),2,-0.00903252
IPCA(3),2,-0.07902034
IPCA(3),2,0.04066874
IPCA(3),2,-0.09263492
IPCA(3),2,-0.01799916
IPCA(3),2,-0.00563206
IPCA(3),2,-0.03257458
IPCA(3),2,-0.02210678
IPCA(3),2,-0.02690969
IPCA(3),2,-0.08836316
IPCA(3),2,-0.09969332
IPCA(3),2,-0.10554348
IPCA(3),2,0.02024991
IPCA(3),2,-0.03482794
IPCA(3),2,-0.03573890
IPCA(3),2,-0.03494482
IPCA(3),2,0.01731485
IPCA(3),2,0.01308215
IPCA(3),2,-0.01145757
IPCA(3),2,-0.04523273
IPCA(3),2,-0.06098083
IPCA(3),2,-0.07320298
IPCA(3),2,0.00596128
IPCA(3),2,-0.03863871
IPCA(3),2,-0.07475937
IPCA(3),2,-0.02612876
IPCA(3),2,0.03883090
IPCA(3),2,-0.05501574
IPCA(3),2,0.02427400
IPCA(3),2,0.02387285
IPCA(3),2,-0.02759073
IPCA(3),2,-0.02233206
IPCA(3),2,-0.03692576
IPCA(3),2,0.00051273
IPCA(3),2,0.05419349
IPCA(3),2,-0.07901350
IPCA(3),2,0.00612528
IPCA(3),2,-0.06043571
IPCA(3),2,0.06889660
IPCA(3),2,0.01739345
IPCA(3),2,-0.04729978
IPCA(3),2,-0.01801584
IPCA(3),2,0.01648943
IPCA(3),2,0.02258900
IPCA(3),2,-0.02725804
IPCA(3),2,0.00565663
IPCA(3),2,-0.00758674
IPCA(3),2,-0.00754669
IPCA(3),2,-0.04978755
IPCA(3),2,0.02323035
IPCA(3),2,0.01420169
IPCA(3),2,0.04108798
IPCA(3),2,0.01420428
IPCA(3),2,0.02577361
IPCA(3),2,-0.04442916
IPCA(3),2,-0.06412807
IPCA(3),2,-0.01180326
IPCA(3),2,0.01245271
IPCA(3),2,-0.01657556
IPCA(3),2,-0.01942767
IPCA(3),2,-0.03988172
IPCA(3),2,-0.07792143
IPCA(3),2,-0.11128035
IPCA(3),2,-0.06330137
IPCA(3),2,-0.08278502
IPCA(3),2,-0.02068651
IPCA(3),2,0.01356945
IPCA(3),2,-0.07046456
IPCA(3),2,-0.10669882
IPCA(3),2,-0.04228736
IPCA(3),2,0.08916323
IPCA(3),2,-0.06934840
IPCA(3),2,-0.05000020
IPCA(3),2,-0.04196954
IPCA(3),2,0.00759352
IPCA(3),2,-0.04183431
IPCA(3),2,-0.10923954
IPCA(3),2,-0.05162841
IPCA(3),2,-0.10644358
IPCA(3),2,-0.10981202
IPCA(3),2,-0.03783665
IPCA(3),2,-0.13893731
IPCA(3),2,-0.08300722
IPCA(3),2,-0.04256370
IPCA(3),2,-0.06981155
IPCA(3),2,-0.02481611
IPCA(3),2,0.00092657
IPCA(3),2,-0.06983492
IPCA(3),2,-0.00661809
IPCA(3),2,0.18605440
IPCA(3),2,-0.01985263
IPCA(3),2,0.00182314
IPCA(3),2,-0.01170220
IPCA(3),2,0.02018002
IPCA(3),2,0.01320377
IPCA(3),2,-0.03617122
IPCA(3),2,0.00268263
IPCA(3),2,-0.01392319
IPCA(3),2,-0.00744857
IPCA(3),2,0.02450012
IPCA(3),2,-0.06203966
IPCA(3),2,-0.01561963
IPCA(3),2,0.00743414
IPCA(3),2,-0.02769028
IPCA(3),2,-0.03800177
IPCA(3),2,-0.07952527
IPCA(3),2,-0.03792122
IPCA(3),2,0.03633483
IPCA(3),2,-0.02130107
IPCA(3),2,-0.00393065
IPCA(3),2,-0.03375638
IPCA(3),2,-0.02342359
IPCA(3),2,-0.01297218
IPCA(3),2,-0.02092176
IPCA(3),2,0.01168197
IPCA(3),2,-0.03686569
IPCA(3),2,0.02275745
IPCA(3),2,-0.03518520
IPCA(3),2,-0.02676557
IPCA(3),2,-0.00467404
IPCA(3),2,0.02056015
IPCA(3),2,-0.04694830
IPCA(3),2,-0.04198685
IPCA(3),2,-0.08610056
IPCA(3),2,-0.09188408
IPCA(3),2,-0.03044459
IPCA(3),2,-0.08921055
IPCA(3),2,0.04310990
IPCA(3),2,-0.06462005
IPCA(3),2,-0.01517879
IPCA(3),2,0.03719784
IPCA(3),2,-0.00854523
IPCA(3),2,-0.08698856
IPCA(3),2,-0.03626045
IPCA(3),2,-0.05595633
IPCA(3),2,-0.04280793
IPCA(3),2,-0.03228805
IPCA(3),2,-0.07081773
IPCA(3),2,-0.02302715
IPCA(3),2,0.01067225
IPCA(3),2,-0.07822777
IPCA(3),2,-0.13708085
IPCA(3),2,-0.01523813
IPCA(3),2,-0.02098617
IPCA(3),2,-0.00596288
IPCA(3),2,-0.05044715
IPCA(3),2,-0.01949047
IPCA(3),2,-0.04134217
IPCA(3),3,-0.04014949
IPCA(3),3,0.01824770
IPCA(3),3,0.01060519
IPCA(3),3,0.02428669
IPCA(3),3,0.04633134
IPCA(3),3,-0.02793606
IPCA(3),3,-0.00767526
IPCA(3),3,0.02983633
IPCA(3),3,0.01458972
IPCA(3),3,0.03930340
IPCA(3),3,-0.02194755
IPCA(3),3,-0.01743799
IPCA(3),3,0.04296979
IPCA(3),3,-0.03036564
IPCA(3),3,-0.03299478
IPCA(3),3,-0.01373798
IPCA(3),3,0.00113595
IPCA(3),3,-0.03421044
IPCA(3),3,-0.01011017
IPCA(3),3,-0.01530322
IPCA(3),3,-0.01519302
IPCA(3),3,0.04655634
IPCA(3),3,-0.01903305
IPCA(3),3,-0.05911886
IPCA(3),3,0.00036969
IPCA(3),3,0.02022903
IPCA(3),3,0.01213387
IPCA(3),3,0.03938016
IPCA(3),3,-0.03651640
IPCA(3),3,0.00446422
IPCA(3),3,-0.01451012
IPCA(3),3,0.01858399
IPCA(3),3,0.01456790
IPCA(3),3,0.01748685
IPCA(3),3,-0.04719493
IPCA(3),3,-0.04155841
IPCA(3),3,0.02277983
IPCA(3),3,-0.02776772
IPCA(3),3,-0.00689023
IPCA(3),3,0.02037367
IPCA(3),3,0.01049656
IPCA(3),3,-0.00655424
IPCA(3),3,-0.00624724
IPCA(3),3,-0.03091446
IPCA(3),3,-0.02363738
IPCA(3),3,0.04740985
IPCA(3),3,-0.01066302
IPCA(3),3,-0.03800692
IPCA(3),3,-0.03642524
IPCA(3),3,-0.01977820
IPCA(3),3,-0.01517668
IPCA(3),3,0.03679093
IPCA(3),3,0.03484405
IPCA(3),3,-0.02104640
IPCA(3),3,-0.02261201
IPCA(3),3,-0.02639633
IPCA(3),3,0.00266373
IPCA(3),3,0.02030624
IPCA(3),3,0.00828730
IPCA(3),3,0.05950745
IPCA(3),3,-0.00665989
IPCA(3),3,0.04893157
IPCA(3),3,0.01571295
IPCA(3),3,-0.03302187
IPCA(3),3,0.01892712
IPCA(3),3,-0.00242210
IPCA(3),3,0.02557387
IPCA(3),3,0.03744280
IPCA(3),3,0.04610435
IPCA(3),3,-0.01745944
IPCA(3),3,0.10077533
IPCA(3),3,-0.00256282
IPCA(3),3,0.01716784
IPCA(3),3,0.02099860
IPCA(3),3,-0.02338603
IPCA(3),3,-0.01979732
IPCA(3),3,-0.02475768
IPCA(3),3,-0.00625211
IPCA(3),3,0.00642057
IPCA(3),3,0.02446002
IPCA(3),3,0.04015629
IPCA(3),3,-0.01431045
IPCA(3),3,0.04732396
IPCA(3),3,-0.01272888
IPCA(3),3,-0.02309069
IPCA(3),3,-0.01503470
IPCA(3),3,-0.04530323
IPCA(3),3,-0.03159628
IPCA(3),3,-0.09096853
IPCA(3),3,-0.03280880
IPCA(3),3,-0.02231075
IPCA(3),3,-0.01521765
IPCA(3),3,-0.02964578
IPCA(3),3,0.04198149
IPCA(3),3,-0.01996247
IPCA(3),3,-0.03829385
IPCA(3),3,-0.02994104
IPCA(3),3,-0.00764779
IPCA(3),3,-0.02788370
IPCA(3),3,-0.04617037
IPCA(3),3,-0.02938799
IPCA(3),3,-0.01960750
IPCA(3),3,-0.01505093
IPCA(3),3,-0.01704601
IPCA(3),3,-0.07976436
IPCA(3),3,-0.01590634
IPCA(3),3,-0.01305412
IPCA(3),3,-0.02512424
IPCA(3),3,-0.04785074
IPCA(3),3,-0.02746976
IPCA(3),3,-0.04076507
IPCA(3),3,-0.00135825
IPCA(3),3,-0.02294562
IPCA(3),3,-0.03018319
IPCA(3),3,-0.01186464
IPCA(3),3,-0.00828413
IPCA(3),3,-0.04749218
IPCA(3),3,-0.02820811
IPCA(3),3,-0.03978068
IPCA(3),3,-0.03121039
IPCA(3),3,-0.02204597
IPCA(3),3,-0.04272962
IPCA(3),3,0.07171059
IPCA(3),3,0.02451310
IPCA(3),3,-0.01378665
IPCA(3),3,-0.03300873
IPCA(3),3,-0.03054362
IPCA(3),3,-0.02471123
IPCA(3),3,0.02278280
IPCA(3),3,-0.01314843
IPCA(3),3,-0.03038253
IPCA(3),3,-0.02341319
IPCA(3),3,0.00832159
IPCA(3),3,0.04434516
IPCA(3),3,-0.02410170
IPCA(3),3,-0.00225611
IPCA(3),3,-0.00343552
IPCA(3),3,0.00808404
IPCA(3),3,-0.00109994
IPCA(3),3,0.03359513
IPCA(3),3,-0.01771962
IPCA(3),3,-0.00193577
IPCA(3),3,-0.01449732
IPCA(3),3,-0.00762343
IPCA(3),3,0.00073630
IPCA(3),3,0.03784178
IPCA(3),3,-0.01410570
IPCA(3),3,0.03706585
IPCA(3),3,-0.00648068
IPCA(3),3,0.04673908
IPCA(3),3,0.04490855
IPCA(3),3,0.00075757
IPCA(3),3,0.01938974
IPCA(3),3,0.02098502
IPCA(3),3,0.03676547
IPCA(3),3,0.05701919
IPCA(3),3,-0.01733222
IPCA(3),3,-0.02180158
IPCA(3),3,-0.00758035
IPCA(3),3,0.07252820
IPCA(3),3,-0.04829662
IPCA(3),3,-0.03734795
IPCA(3),3,-0.01239866
IPCA(3),3,0.00780306
IPCA(3),3,0.02373877
IPCA(3),3,0.04586492
IPCA(3),3,-0.02366165
IPCA(3),3,-0.01232596
IPCA(3),3,0.08281272
IPCA(3),3,-0.01916449
IPCA(3),3,-0.03450953
IPCA(3),3,-0.04499249
IPCA(3),3,-0.00432918
IPCA(3),3,-0.02531526
IPCA(3),3,0.00503440
IPCA(3),3,0.03297365
IPCA(3),3,0.00994126
IPCA(3),3,0.05654530
IPCA(3),3,0.07963882
IPCA(3),3,0.05136539
IPCA(3),3,0.04849869
IPCA(3),3,-0.01401916
IPCA(3),3,0.07564089
IPCA(3),3,0.06008586
IPCA(3),3,0.01376776
IPCA(3),3,0.05247321
IPCA(3),3,-0.04171220
IPCA(3),3,-0.00324757
IPCA(3),3,0.01243065
IPCA(3),3,-0.01698745
IPCA(3),3,-0.04578148
IPCA(3),3,0.01086603
IPCA(3),3,0.00850569
IPCA(3),3,-0.01222756
IPCA(3),3,0.00848353
IPCA(3),3,0.03628871
IPCA(3),3,0.02137274
IPCA(3),3,-0.01090095
IPCA(3),3,-0.01731847
IPCA(3),3,0.00475693
IPCA(3),3,-0.03742622
IPCA(3),3,0.01953035
IPCA(3),3,0.01496257
IPCA(3),3,-0.00158527
IPCA(3),3,-0.03624907
IPCA(3),3,-0.00634870
IPCA(3),3,-0.02383337
IPCA(3),3,-0.00976579
IPCA(3),3,0.03684444
IPCA(3),3,-0.01927033
IPCA(3),3,-0.00206789
IPCA(3),3,-0.03848467
IPCA(3),3,-0.00557340
IPCA(3),3,0.01796541
IPCA(3),3,-0.03463921
IPCA(3),3,-0.08506608
IPCA(3),3,0.01638226
IPCA(3),3,-0.01010018
IPCA(3),3,-0.02647023
IPCA(3),3,0.02942097
IPCA(3),3,-0.00506117
IPCA(3),3,-0.02707219
IPCA(3),3,-0.02469176
IPCA(3),3,0.05298683
IPCA(3),3,0.02972147
IPCA(3),3,-0.01428518
IPCA(3),3,0.00623988
IPCA(3),3,-0.01124895
IPCA(3),3,0.00397736
IPCA(3),3,0.03593872
IPCA(3),3,-0.02980539
IPCA(3),3,-0.01339823
IPCA(3),3,0.02428219
IPCA(3),3,-0.01197125
IPCA(3),3,-0.00486150
IPCA(3),3,-0.04136349
IPCA(3),3,0.01289109
IPCA(3),3,-0.04728090
IPCA(3),3,-0.01375905
IPCA(3),3,-0.02309502
IPCA(3),3,-0.00568669
IPCA(3),3,-0.00593335
IPCA(3),3,-0.02207542
IPCA(3),3,0.00223477
IPCA(3),3,-0.02449920
IPCA(3),3,-0.01785914
IPCA(3),3,0.01975320
IPCA(3),3,-0.01215313
IPCA(3),3,0.08013956
IPCA(3),3,-0.03592743
IPCA(3),3,0.06519954
IPCA(3),3,-0.03011467
IPCA(3),4,0.04435595
IPCA(3),4,0.08066335
IPCA(3),4,-0.00524083
IPCA(3),4,0.04200451
IPCA(3),4,0.00176045
IPCA(3),4,0.03308033
IPCA(3),4,0.01575983
IPCA(3),4,-0.00773016
IPCA(3),4,-0.01961032
IPCA(3),4,0.05994089
IPCA(3),4,0.02025499
IPCA(3),4,-0.01176882
IPCA(3),4,-0.01151206
IPCA(3),4,0.01959606
IPCA(3),4,0.00968066
IPCA(3),4,0.09548698
IPCA(3),4,-0.01982758
IPCA(3),4,0.01498960
IPCA(3),4,-0.00004576
IPCA(3),4,-0.03700256
IPCA(3),4,-0.00486309
IPCA(3),4,-0.01825320
IPCA(3),4,-0.02988268
IPCA(3),4,-0.00048379
IPCA(3),4,-0.04361405
IPCA(3),4,-0.04152581
IPCA(3),4,0.00721080
IPCA(3),4,-0.01925270
IPCA(3),4,0.00063477
IPCA(3),4,0.10885435
IPCA(3),4,-0.01407983
IPCA(3),4,0.00921945
IPCA(3),4,-0.04747689
IPCA(3),4,-0.02514787
IPCA(3),4,-0.03783178
IPCA(3),4,-0.01266821
IPCA(3),4,-0.02781850
IPCA(3),4,-0.02943103
IPCA(3),4,-0.07521532
IPCA(3),4,-0.03822494
IPCA(3),4,-0.04747916
IPCA(3),4,-0.03522556
IPCA(3),4,-0.00987529
IPCA(3),4,-0.03851840
IPCA(3),4,0.04771982
IPCA(3),4,0.00940752
IPCA(3),4,-0.04222489
IPCA(3),4,-0.06042282
IPCA(3),4,-0.04884659
IPCA(3),4,0.01547889
IPCA(3),4,0.05458554
IPCA(3),4,-0.04222878
IPCA(3),4,-0.06734613
IPCA(3),4,-0.05291881
IPCA(3),4,0.04763025
IPCA(3),4,-0.03177969
IPCA(3),4,-0.03494036
IPCA(3),4,-0.02664010
IPCA(3),4,0.00297399
IPCA(3),4,-0.03319865
IPCA(3),4,-0.01357118
IPCA(3),4,0.00476215
IPCA(3),4,-0.02476288
IPCA(3),4,-0.02046420
IPCA(3),4,-0.00975259
IPCA(3),4,-0.01114952
IPCA(3),4,-0.00134965
IPCA(3),4,0.02107967
IPCA(3),4,0.00907717
IPCA(3),4,-0.01668392
IPCA(3),4,-0.04581941
IPCA(3),4,0.02723079
IPCA(3),4,0.04391501
IPCA(3),4,0.08534872
IPCA(3),4,-0.01800404
IPCA(3),4,0.05300967
IPCA(3),4,-0.03417177
IPCA(3),4,0.07788113
IPCA(3),4,-0.00521679
IPCA(3),4,-0.01609575
IPCA(3),4,0.00493467
IPCA(3),4,0.00492009
IPCA(3),4,0.03210067
IPCA(3),4,-0.02179245
IPCA(3),4,0.01507264
IPCA(3),4,-0.02471273
IPCA(3),4,0.00409314
IPCA(3),4,-0.05523211
IPCA(3),4,0.02844412
IPCA(3),4,0.08148330
IPCA(3),4,0.02641788
IPCA(3),4,-0.00865498
IPCA(3),4,0.00590182
IPCA(3),4,0.04536111
IPCA(3),4,0.01683453
IPCA(3),4,-0.03001417
IPCA(3),4,-0.02028421
IPCA(3),4,0.01009577
IPCA(3),4,-0.02026862
IPCA(3),4,0.00858477
IPCA(3),4,0.00252818
IPCA(3),4,0.00434370
IPCA(3),4,0.02442348
IPCA(3),4,-0.02164364
IPCA(3),4,-0.01418020
IPCA(3),4,-0.01055072
IPCA(3),4,0.04520154
IPCA(3),4,-0.00555737
IPCA(3),4,-0.01571636
IPCA(3),4,0.01026591
IPCA(3),4,0.00058051
IPCA(3),4,-0.01817036
IPCA(3),4,-0.00238185
IPCA(3),4,-0.01513693
IPCA(3),4,-0.01162641
IPCA(3),4,-0.01515195
IPCA(3),4,0.01483390
IPCA(3),4,0.01340416
IPCA(3),4,0.00477724
IPCA(3),4,0.00571459
IPCA(3),4,0.00067047
IPCA(3),4,0.00933156
IPCA(3),4,-0.03426934
IPCA(3),4,0.03865431
IPCA(3),4,-0.00034839
IPCA(3),4,-0.02419939
IPCA(3),4,0.00132525
IPCA(3),4,0.04628927
IPCA(3),4,0.02918083
IPCA(3),4,-0.00476186
IPCA(3),4,-0.02704907
IPCA(3),4,0.01900569
IPCA(3),4,-0.02282772
IPCA(3),4,-0.00108049
IPCA(3),4,-0.01541947
IPCA(3),4,0.02625143
IPCA(3),4,-0.00560099
IPCA(3),4,-0.01836347
IPCA(3),4,-0.00455004
IPCA(3),4,0.12063710
IPCA(3),4,0.00815685
IPCA(3),4,-0.00079255
IPCA(3),4,-0.01404607
IPCA(3),4,-0.02834197
IPCA(3),4,-0.01632580
IPCA(3),4,0.01813669
IPCA(3),4,-0.00235969
IPCA(3),4,0.01886050
IPCA(3),4,0.00984349
IPCA(3),4,0.03063626
IPCA(3),4,0.09053105
IPCA(3),4,-0.01043015
IPCA(3),4,-0.00295061
IPCA(3),4,0.02419715
IPCA(3),4,0.00676755
IPCA(3),4,-0.01580203
IPCA(3),4,-0.01668296
IPCA(3),4,-0.07617549
IPCA(3),4,-0.07236915
IPCA(3),4,-0.01942690
IPCA(3),4,0.01949996
IPCA(3),4,0.06932705
IPCA(3),4,-0.00976323
IPCA(3),4,0.04289667
IPCA(3),4,0.03529233
IPCA(3),4,0.02512288
IPCA(3),4,0.07446244
IPCA(3),4,-0.02747318
IPCA(3),4,0.02321638
IPCA(3),4,-0.00183560
IPCA(3),4,0.05125142
IPCA(3),4,0.05379562
IPCA(3),4,0.02257588
IPCA(3),4,0.01718601
IPCA(3),4,-0.00602753
IPCA(3),4,0.00451052
IPCA(3),4,0.00753879
IPCA(3),4,0.00703578
IPCA(3),4,-0.02336740
IPCA(3),4,-0.00653600
IPCA(3),4,0.02297498
IPCA(3),4,0.05776634
IPCA(3),4,-0.00681282
IPCA(3),4,0.03783556
IPCA(3),4,0.06668978
IPCA(3),4,0.04663176
IPCA(3),4,0.01523240
IPCA(3),4,0.03179335
IPCA(3),4,0.03112032
IPCA(3),4,0.00181723
IPCA(3),4,-0.00302305
IPCA(3),4,0.00557526
IPCA(3),4,0.10331295
IPCA(3),4,-0.05042165
IPCA(3),4,0.00392743
IPCA(3),4,0.01091832
IPCA(3),4,-0.02438161
IPCA(3),4,0.02099981
IPCA(3),4,0.01901971
IPCA(3),4,-0.01207884
IPCA(3),4,0.03273705
IPCA(3),4,0.00208805
IPCA(3),4,-0.05445176
IPCA(3),4,0.02256523
IPCA(3),4,-0.01182747
IPCA(3),4,-0.03965808
IPCA(3),4,-0.06322666
IPCA(3),4,-0.03630833
IPCA(3),4,-0.00539352
IPCA(3),4,-0.01575709
IPCA(3),4,0.00116118
IPCA(3),4,0.05731480
IPCA(3),4,-0.04669203
IPCA(3),4,0.04874690
IPCA(3),4,-0.01105043
IPCA(3),4,-0.05101922
IPCA(3),4,-0.00084834
IPCA(3),4,-0.01425300
IPCA(3),4,-0.00569850
IPCA(3),4,0.01124800
IPCA(3),4,-0.00931081
IPCA(3),4,-0.01562793
IPCA(3),4,0.05903284
IPCA(3),4,0.00838989
IPCA(3),4,0.00148779
IPCA(3),4,0.03040713
IPCA(3),4,0.01693517
IPCA(3),4,0.04263120
IPCA(3),4,0.03948707
IPCA(3),4,0.05725867
IPCA(3),4,0.00479173
IPCA(3),4,0.03710578
IPCA(3),4,0.04944034
IPCA(3),4,0.09321863
IPCA(3),4,0.02305212
IPCA(3),4,0.00849101
IPCA(3),4,0.07316169
IPCA(3),4,-0.02167683
IPCA(3),4,0.00297688
IPCA(3),4,0.02426048
IPCA(3),4,-0.00770274
IPCA(3),4,0.02531082
IPCA(3),4,-0.02350008
IPCA(3),4,0.04473375
IPCA(3),4,-0.00529947
IPCA(3),4,-0.05432206
IPCA(3),4,0.00404323
IPCA(3),4,0.10261302
IPCA(3),4,-0.00793360
IPCA(3),4,0.00841401
IPCA(3),4,-0.00897613
IPCA(3),4,0.03940107
IPCA(3),4,-0.03885267
IPCA(3),4,-0.00296318
IPCA(3),4,-0.05359980
IPCA(3),4,0.03111752
IPCA(3),5,-0.05683323
IPCA(3),5,0.03140538
IPCA(3),5,0.00426992
IPCA(3),5,-0.04970638
IPCA(3),5,-0.01940284
IPCA(3),5,-0.02138376
IPCA(3),5,-0.01567234
IPCA(3),5,-0.07927939
IPCA(3),5,-0.00880109
IPCA(3),5,-0.03512918
IPCA(3),5,-0.05813953
IPCA(3),5,-0.05273924
IPCA(3),5,-0.04195981
IPCA(3),5,0.00634718
IPCA(3),5,0.00709352
IPCA(3),5,-0.04026166
IPCA(3),5,-0.06041850
IPCA(3),5,-0.01672342
IPCA(3),5,0.03126426
IPCA(3),5,-0.02030575
IPCA(3),5,-0.03585124
IPCA(3),5,-0.02770711
IPCA(3),5,-0.01902806
IPCA(3),5,-0.05070063
IPCA(3),5,-0.04501918
IPCA(3),5,-0.00973466
IPCA(3),5,-0.01250874
IPCA(3),5,0.02692947
IPCA(3),5,-0.03553490
IPCA(3),5,-0.05380110
IPCA(3),5,-0.04685475
IPCA(3),5,-0.06360768
IPCA(3),5,-0.06729933
IPCA(3),5,-0.01015261
IPCA(3),5,0.00946069
IPCA(3),5,-0.01787242
IPCA(3),5,-0.04606934
IPCA(3),5,-0.03331837
IPCA(3),5,0.02292699
IPCA(3),5,-0.05282481
IPCA(3),5,0.00255509
IPCA(3),5,-0.02896745
IPCA(3),5,-0.02289480
IPCA(3),5,-0.08751840
IPCA(3),5,0.07098202
IPCA(3),5,-0.04620273
IPCA(3),5,-0.03390390
IPCA(3),5,-0.04271671
IPCA(3),5,-0.01315099
IPCA(3),5,-0.00426895
IPCA(3),5,-0.01500102
IPCA(3),5,-0.03298278
IPCA(3),5,-0.02093789
IPCA(3),5,0.01662138
IPCA(3),5,0.01605447
IPCA(3),5,-0.05830928
IPCA(3),5,0.05571120
IPCA(3),5,-0.00683050
IPCA(3),5,-0.04235891
IPCA(3),5,-0.01936644
IPCA(3),5,0.01801361
IPCA(3),5,-0.00126892
IPCA(3),5,-0.03400317
IPCA(3),5,-0.00778910
IPCA(3),5,-0.02136118
IPCA(3),5,-0.02045900
IPCA(3),5,-0.08581015
IPCA(3),5,-0.02384805
IPCA(3),5,-0.02891428
IPCA(3),5,-0.09598746
IPCA(3),5,-0.01922971
IPCA(3),5,-0.06339728
IPCA(3),5,-0.03649498
IPCA(3),5,-0.03681734
IPCA(3),5,0.05650704
IPCA(3),5,-0.08230357
IPCA(3),5,-0.04217331
IPCA(3),5,-0.04530035
IPCA(3),5,-0.09832059
IPCA(3),5,-0.03326272
IPCA(3),5,-0.04857058
IPCA(3),5,-0.03218280
IPCA(3),5,-0.06813481
IPCA(3),5,0.00120298
IPCA(3),5,-0.02125385
IPCA(3),5,-0.02036652
IPCA(3),5,-0.02423641
IPCA(3),5,-0.04271049
IPCA(3),5,-0.05494947
IPCA(3),5,-0.01995650
IPCA(3),5,-0.01533032
IPCA(3),5,-0.06059322
IPCA(3),5,-0.02698438
IPCA(3),5,-0.05753745
IPCA(3),5,-0.00054059
IPCA(3),5,-0.03268281
IPCA(3),5,-0.02636028
IPCA(3),5,-0.03547870
IPCA(3),5,-0.07044002
IPCA(3),5,-0.03789870
IPCA(3),5,-0.05721466
IPCA(3),5,-0.04651407
IPCA(3),5,-0.07355656
IPCA(3),5,-0.04537302
IPCA(3),5,-0.02519703
IPCA(3),5,-0.02093563
IPCA(3),5,-0.03995004
IPCA(3),5,-0.01279502
IPCA(3),5,0.02601333
IPCA(3),5,-0.04485447
IPCA(3),5,-0.01926326
IPCA(3),5,0.01288157
IPCA(3),5,-0.03998975
IPCA(3),5,-0.06309568
IPCA(3),5,-0.06884595
IPCA(3),5,0.02066481
IPCA(3),5,-0.00911589
IPCA(3),5,0.02066974
IPCA(3),5,-0.07208984
IPCA(3),5,0.05100812
IPCA(3),5,0.00915628
IPCA(3),5,0.04787116
IPCA(3),5,0.04579254
IPCA(3),5,0.04292786
IPCA(3),5,0.06114045
IPCA(3),5,0.08634228
IPCA(3),5,0.07993717
IPCA(3),5,0.06189729
IPCA(3),5,-0.09022736
IPCA(3),5,-0.03758569
IPCA(3),5,0.06606037
IPCA(3),5,-0.04607138
IPCA(3),5,0.05754833
IPCA(3),5,-0.02442511
IPCA(3),5,-0.02765988
IPCA(3),5,0.02762311
IPCA(3),5,0.04427574
IPCA(3),5,0.05952621
IPCA(3),5,0.01944037
IPCA(3),5,-0.01312554
IPCA(3),5,0.01270227
IPCA(3),5,-0.01563385
IPCA(3),5,-0.08964728
IPCA(3),5,-0.05317494
IPCA(3),5,-0.03699685
IPCA(3),5,-0.03252648
IPCA(3),5,-0.02116897
IPCA(3),5,-0.01647625
IPCA(3),5,0.03324980
IPCA(3),5,0.06276651
IPCA(3),5,-0.02456862
IPCA(3),5,-0.01890188
IPCA(3),5,-0.05546560
IPCA(3),5,-0.03345678
IPCA(3),5,-0.02420864
IPCA(3),5,-0.02958245
IPCA(3),5,-0.03813647
IPCA(3),5,-0.02136113
IPCA(3),5,-0.01707108
IPCA(3),5,-0.02365340
IPCA(3),5,-0.09995238
IPCA(3),5,0.02196443
IPCA(3),5,0.00125608
IPCA(3),5,0.10234384
IPCA(3),5,0.02956251
IPCA(3),5,-0.04465640
IPCA(3),5,0.00149210
IPCA(3),5,0.00657213
IPCA(3),5,0.07178644
IPCA(3),5,0.04650662
IPCA(3),5,0.03152605
IPCA(3),5,0.01892442
IPCA(3),5,-0.05743933
IPCA(3),5,0.00068937
IPCA(3),5,-0.04979884
IPCA(3),5,0.04347052
IPCA(3),5,0.06856137
IPCA(3),5,0.00907460
IPCA(3),5,0.02330585
IPCA(3),5,0.08438902
IPCA(3),5,-0.03651040
IPCA(3),5,-0.01418012
IPCA(3),5,0.05257622
IPCA(3),5,0.01531234
IPCA(3),5,-0.00230513
IPCA(3),5,-0.02913377
IPCA(3),5,0.00682702
IPCA(3),5,-0.03465275
IPCA(3),5,-0.01505813
IPCA(3),5,0.00203871
IPCA(3),5,0.00607718
IPCA(3),5,-0.00185610
IPCA(3),5,-0.06287960
IPCA(3),5,0.00441527
IPCA(3),5,-0.02623424
IPCA(3),5,-0.04751036
IPCA(3),5,-0.07416040
IPCA(3),5,0.03641024
IPCA(3),5,-0.04502020
IPCA(3),5,-0.02715152
IPCA(3),5,0.00550751
IPCA(3),5,-0.00811224
IPCA(3),5,-0.04235387
IPCA(3),5,0.03482687
IPCA(3),5,0.02294673
IPCA(3),5,-0.00243346
IPCA(3),5,-0.05879421
IPCA(3),5,-0.00151698
IPCA(3),5,-0.00921041
IPCA(3),5,-0.04177106
IPCA(3),5,-0.03904315
IPCA(3),5,0.01843184
IPCA(3),5,0.01892731
IPCA(3),5,0.05338989
IPCA(3),5,-0.00104800
IPCA(3),5,-0.02467862
IPCA(3),5,-0.00863520
IPCA(3),5,0.01398569
IPCA(3),5,-0.04604625
IPCA(3),5,0.03595096
IPCA(3),5,-0.05519570
IPCA(3),5,0.00536580
IPCA(3),5,-0.04896656
IPCA(3),5,-0.00921954
IPCA(3),5,-0.03575236
IPCA(3),5,-0.03339954
IPCA(3),5,-0.07268016
IPCA(3),5,-0.03249997
IPCA(3),5,-0.01186548
IPCA(3),5,-0.03112068
IPCA(3),5,0.01309731
IPCA(3),5,0.02045003
IPCA(3),5,0.01935988
IPCA(3),5,0.00893677
IPCA(3),5,-0.06583596
IPCA(3),5,-0.05143871
IPCA(3),5,0.02255258
IPCA(3),5,0.05376971
IPCA(3),5,0.01042001
IPCA(3),5,-0.03123977
IPCA(3),5,-0.03758613
IPCA(3),5,0.00401758
IPCA(3),5,-0.02587022
IPCA(3),5,0.03749643
IPCA(3),5,-0.04253185
IPCA(3),5,-0.07101807
IPCA(3),5,-0.04143999
IPCA(3),5,-0.02315759
IPCA(3),5,-0.03790367
IPCA(3),5,0.00965779
IPCA(3),5,0.05523142
IPCA(3),5,-0.06670337
IPCA(3),5,0.04951831
IPCA(3),5,-0.06814082
IPCA(3),5,0.09246508
IPCA(3),5,0.01572711
IPCA(3),5,-0.02007778
IPCA(3),5,-0.05760831
IPCA(3),5,-0.04348817
IPCA(3),5,0.06771974
IPCA(3),5,-0.02426306
IPCA(3),5,0.08576086
IPCA(3),6,-0.22300955
IPCA(3),6,-0.08674233
IPCA(3),6,-0.17318525
IPCA(3),6,-0.19683611
IPCA(3),6,-0.16496038
IPCA(3),6,-0.22051896
IPCA(3),6,-0.23731767
IPCA(3),6,-0.14537212
IPCA(3),6,-0.10929655
IPCA(3),6,-0.08856765
IPCA(3),6,-0.26349546
IPCA(3),6,-0.29900146
IPCA(3),6,-0.22908445
IPCA(3),6,-0.15776054
IPCA(3),6,-0.14578770
IPCA(3),6,-0.20038451
IPCA(3),6,-0.14617579
IPCA(3),6,-0.28319900
IPCA(3),6,-0.11023636
IPCA(3),6,-0.15139926
IPCA(3),6,-0.29770833
IPCA(3),6,-0.21916682
IPCA(3),6,-0.14006731
IPCA(3),6,-0.21101601
IPCA(3),6,-0.18124324
IPCA(3),6,-0.24467634
IPCA(3),6,-0.28015610
IPCA(3),6,-0.10155677
IPCA(3),6,-0.13186486
IPCA(3),6,-0.18101720
IPCA(3),6,-0.12963054
IPCA(3),6,-0.15510078
IPCA(3),6,-0.17594548
IPCA(3),6,-0.17248311
IPCA(3),6,-0.30255889
IPCA(3),6,-0.17263564
IPCA(3),6,-0.20982198
IPCA(3),6,-0.14609151
IPCA(3),6,-0.15621142
IPCA(3),6,-0.19048928
IPCA(3),6,-0.20818435
IPCA(3),6,-0.14627666
IPCA(3),6,-0.21026129
IPCA(3),6,-0.11563057
IPCA(3),6,-0.18723487
IPCA(3),6,-0.06379213
IPCA(3),6,-0.03241967
IPCA(3),6,-0.25531016
IPCA(3),6,-0.04534253
IPCA(3),6,-0.16894191
IPCA(3),6,-0.19277131
IPCA(3),6,-0.06783485
IPCA(3),6,-0.14609683
IPCA(3),6,-0.19439243
IPCA(3),6,-0.16697300
IPCA(3),6,-0.19912255
IPCA(3),6,-0.20496745
IPCA(3),6,-0.14564562
IPCA(3),6,-0.21242170
IPCA(3),6,-0.14627589
IPCA(3),6,-0.16554976
IPCA(3),6,-0.18660831
IPCA(3),6,-0.18234526
IPCA(3),6,-0.27543544
IPCA(3),6,-0.07124973
IPCA(3),6,-0.21118994
IPCA(3),6,-0.34008336
IPCA(3),6,-0.17851031
IPCA(3),6,-0.02273394
IPCA(3),6,-0.38478257
IPCA(3),6,-0.13219131
IPCA(3),6,-0.22298977
IPCA(3),6,-0.11889995
IPCA(3),6,-0.34637749
IPCA(3),6,0.03178046
IPCA(3),6,-0.11448496
IPCA(3),6,-0.08401774
IPCA(3),6,-0.11508483
IPCA(3),6,-0.23748917
IPCA(3),6,-0.17716300
IPCA(3),6,-0.18180891
IPCA(3),6,-0.26591446
IPCA(3),6,-0.21113593
IPCA(3),6,-0.07742870
IPCA(3),6,-0.15258303
IPCA(3),6,-0.10170651
IPCA(3),6,-0.15938440
IPCA(3),6,-0.25864859
IPCA(3),6,0.13868670
IPCA(3),6,-0.11368234
IPCA(3),6,-0.14445855
IPCA(3),6,-0.09177796
IPCA(3),6,-0.17921117
IPCA(3),6,-0.28412117
IPCA(3),6,-0.21311311
IPCA(3),6,-0.13949705
IPCA(3),6,-0.21404733
IPCA(3),6,-0.13130775
IPCA(3),6,-0.23982701
IPCA(3),6,-0.31989956
IPCA(3),6,-0.21218635
IPCA(3),6,-0.24174915
IPCA(3),6,-0.14345391
IPCA(3),6,-0.22243208
IPCA(3),6,-0.20419540
IPCA(3),6,-0.13993986
IPCA(3),6,-0.02301909
IPCA(3),6,-0.14828623
IPCA(3),6,-0.13036581
IPCA(3),6,-0.14171099
IPCA(3),6,-0.13915215
IPCA(3),6,-0.10312745
IPCA(3),6,-0.18048542
IPCA(3),6,-0.17583821
IPCA(3),6,-0.00724539
IPCA(3),6,-0.18043521
IPCA(3),6,-0.14793938
IPCA(3),6,-0.13037789
IPCA(3),6,-0.15695089
IPCA(3),6,-0.08114636
IPCA(3),6,-0.34397156
IPCA(3),6,-0.11569754
IPCA(3),6,-0.06556322
IPCA(3),6,-0.15467064
IPCA(3),6,-0.11241696
IPCA(3),6,-0.14872278
IPCA(3),6,-0.16794539
IPCA(3),6,-0.11350935
IPCA(3),6,-0.19546089
IPCA(3),6,-0.07552880
IPCA(3),6,-0.26964046
IPCA(3),6,-0.19984277
IPCA(3),6,-0.16472744
IPCA(3),6,-0.09607214
IPCA(3),6,-0.30838393
IPCA(3),6,-0.07352113
IPCA(3),6,-0.18766216
IPCA(3),6,-0.23406744
IPCA(3),6,-0.11811891
IPCA(3),6,-0.08257751
IPCA(3),6,-0.18270211
IPCA(3),6,-0.20623869
IPCA(3),6,-0.19950756
IPCA(3),6,-0.17180472
IPCA(3),6,-0.09670124
IPCA(3),6,-0.15708564
IPCA(3),6,-0.21978616
IPCA(3),6,-0.19361711
IPCA(3),6,-0.24532309
IPCA(3),6,-0.12038405
IPCA(3),6,0.01865201
IPCA(3),6,0.06379225
IPCA(3),6,0.01536440
IPCA(3),6,-0.07675211
IPCA(3),6,-0.18402741
IPCA(3),6,-0.07579191
IPCA(3),6,-0.46226249
IPCA(3),6,-0.06050943
IPCA(3),6,-0.00667973
IPCA(3),6,-0.22102083
IPCA(3),6,-0.17533394
IPCA(3),6,-0.16537286
IPCA(3),6,-0.12724222
IPCA(3),6,-0.14264670
IPCA(3),6,-0.13631387
IPCA(3),6,-0.16893904
IPCA(3),6,-0.08877521
IPCA(3),6,-0.22836117
IPCA(3),6,-0.08263469
IPCA(3),6,-0.19551757
IPCA(3),6,-0.14739564
IPCA(3),6,-0.02333381
IPCA(3),6,-0.01272962
IPCA(3),6,-0.06198442
IPCA(3),6,-0.22391427
IPCA(3),6,-0.31391569
IPCA(3),6,-0.08725019
IPCA(3),6,-0.19534094
IPCA(3),6,-0.12355245
IPCA(3),6,-0.16240057
IPCA(3),6,-0.12954831
IPCA(3),6,-0.06266088
IPCA(3),6,-0.17958752
IPCA(3),6,-0.04303817
IPCA(3),6,-0.09113662
IPCA(3),6,-0.23171592
IPCA(3),6,-0.33578858
IPCA(3),6,-0.24122594
IPCA(3),6,-0.15581675
IPCA(3),6,-0.11286436
IPCA(3),6,-0.18850031
IPCA(3),6,-0.25697417
IPCA(3),6,-0.14965123
IPCA(3),6,-0.19615084
IPCA(3),6,-0.13460458
IPCA(3),6,-0.18261577
IPCA(3),6,-0.14058063
IPCA(3),6,-0.19859798
IPCA(3),6,-0.15494035
IPCA(3),6,-0.10742240
IPCA(3),6,-0.16272702
IPCA(3),6,-0.20354677
IPCA(3),6,-0.14252379
IPCA(3),6,-0.18945982
IPCA(3),6,0.07247812
IPCA(3),6,-0.04816895
IPCA(3),6,-0.06368546
IPCA(3),6,-0.05267665
IPCA(3),6,-0.21883654
IPCA(3),6,-0.08807353
IPCA(3),6,-0.09189952
IPCA(3),6,-0.19131334
IPCA(3),6,-0.26588840
IPCA(3),6,-0.18024643
IPCA(3),6,-0.15351549
IPCA(3),6,-0.18975433
IPCA(3),6,-0.25098990
IPCA(3),6,-0.13501673
IPCA(3),6,-0.13191063
IPCA(3),6,-0.11007518
IPCA(3),6,-0.01686974
IPCA(3),6,-0.14889900
IPCA(3),6,-0.20184034
IPCA(3),6,-0.10792279
IPCA(3),6,-0.25423210
IPCA(3),6,-0.18588478
IPCA(3),6,-0.07458316
IPCA(3),6,-0.07832254
IPCA(3),6,-0.11811828
IPCA(3),6,-0.04496129
IPCA(3),6,-0.16267938
IPCA(3),6,-0.19062502
IPCA(3),6,-0.06099253
IPCA(3),6,-0.14673774
IPCA(3),6,-0.23899368
IPCA(3),6,-0.26498889
IPCA(3),6,-0.18293360
IPCA(3),6,-0.15882822
IPCA(3),6,-0.07831675
IPCA(3),6,-0.13974594
IPCA(3),6,-0.14146469
IPCA(3),6,-0.07547279
IPCA(3),6,-0.24026144
IPCA(3),6,-0.19669888
IPCA(3),6,-0.16601956
IPCA(3),6,-0.05953375
IPCA(3),6,-0.31148538
IPCA(3),6,-0.20529210
IPCA(3),6,-0.03313351
IPCA(3),6,-0.10713892
IPCA(3),6,-0.26178244
IPCA(3),6,-0.10335481
IPCA(3),6,-0.19333183
IPCA(3),6,-0.16846823
IPCA(3),6,-0.26409069
IPCA(3),6,-0.18036818
IPCA(3),6,-0.32943095
IPCA(3),6,-0.15933363
IPCA(3),6,-0.14627720
IPCA(3),6,-0.23636276
IPCA(3),6,-0.27746392
IPCA(3),6,-0.14525548
IPCA(3),6,-0.09297754
IPCA(3),6,-0.15353463
IPCA(3),6,-0.19818530
IPCA(3),6,-0.21569692
IPCA(3),6,-0.22555172
IPCA(3),6,-0.14457398
IPCA(3),6,-0.19163943
IPCA(3),6,-0.12615356
IPCA(3),7,0.10203835
IPCA(3),7,0.03011100
IPCA(3),7,0.09467796
IPCA(3),7,0.06061836
IPCA(3),7,0.08993060
IPCA(3),7,0.10876679
IPCA(3),7,0.10372313
IPCA(3),7,0.16073744
IPCA(3),7,0.05918164
IPCA(3),7,0.06905434
IPCA(3),7,0.05981325
IPCA(3),7,0.09882749
IPCA(3),7,0.07161399
IPCA(3),7,0.19022504
IPCA(3),7,0.09374113
IPCA(3),7,0.07276581
IPCA(3),7,0.04221293
IPCA(3),7,0.09661815
IPCA(3),7,0.05502222
IPCA(3),7,0.12020369
IPCA(3),7,0.07625383
IPCA(3),7,0.12251827
IPCA(3),7,0.09289796
IPCA(3),7,0.01799283
IPCA(3),7,0.14927232
IPCA(3),7,0.07461882
IPCA(3),7,0.13387016
IPCA(3),7,0.09824237
IPCA(3),7,0.11414944
IPCA(3),7,0.04169429
IPCA(3),7,0.03288598
IPCA(3),7,0.04798561
IPCA(3),7,0.10651383
IPCA(3),7,0.05763217
IPCA(3),7,0.06349439
IPCA(3),7,0.12106418
IPCA(3),7,0.09016841
IPCA(3),7,0.06561123
IPCA(3),7,0.11454519
IPCA(3),7,0.06881876
IPCA(3),7,0.20697381
IPCA(3),7,0.08411234
IPCA(3),7,0.07646313
IPCA(3),7,0.06592514
IPCA(3),7,0.10009469
IPCA(3),7,0.13153235
IPCA(3),7,0.06501131
IPCA(3),7,0.13200922
IPCA(3),7,0.11056217
IPCA(3),7,0.02434936
IPCA(3),7,0.02419618
IPCA(3),7,0.19581204
IPCA(3),7,0.06471560
IPCA(3),7,0.09957149
IPCA(3),7,0.05197868
IPCA(3),7,0.09278288
IPCA(3),7,0.02215282
IPCA(3),7,0.08478929
IPCA(3),7,0.04148454
IPCA(3),7,0.08504181
IPCA(3),7,0.11938040
IPCA(3),7,0.08859208
IPCA(3),7,0.11774445
IPCA(3),7,0.08275615
IPCA(3),7,0.09989946
IPCA(3),7,0.06011826
IPCA(3),7,0.11185513
IPCA(3),7,0.05362919
IPCA(3),7,0.07137318
IPCA(3),7,0.09950738
IPCA(3),7,0.06240629
IPCA(3),7,0.06257635
IPCA(3),7,0.08040255
IPCA(3),7,0.08833839
IPCA(3),7,0.10266562
IPCA(3),7,0.08255197
IPCA(3),7,0.04892839
IPCA(3),7,0.14759653
IPCA(3),7,0.00837100
IPCA(3),7,0.14108091
IPCA(3),7,0.03921325
IPCA(3),7,0.10337871
IPCA(3),7,0.11089537
IPCA(3),7,0.12207868
IPCA(3),7,0.11504896
IPCA(3),7,0.06798324
IPCA(3),7,0.08806004
IPCA(3),7,0.03466146
IPCA(3),7,0.07676324
IPCA(3),7,0.07140086
IPCA(3),7,0.08237317
IPCA(3),7,0.10154564
IPCA(3),7,0.03752343
IPCA(3),7,0.07410851
IPCA(3),7,0.07660524
IPCA(3),7,0.08890828
IPCA(3),7,0.05394866
IPCA(3),7,0.04912092
IPCA(3),7,0.08533469
IPCA(3),7,0.09078871
IPCA(3),7,0.08537324
IPCA(3),7,0.06735485
IPCA(3),7,0.17943757
IPCA(3),7,0.07031439
IPCA(3),7,0.09727605
IPCA(3),7,0.09631270
IPCA(3),7,0.08321918
IPCA(3),7,0.15556063
IPCA(3),7,0.10870798
IPCA(3),7,0.09473458
IPCA(3),7,0.09969498
IPCA(3),7,0.07220550
IPCA(3),7,0.05232160
IPCA(3),7,0.04249499
IPCA(3),7,0.06307649
IPCA(3),7,0.06749773
IPCA(3),7,0.06352751
IPCA(3),7,0.08384850
IPCA(3),7,0.05198078
IPCA(3),7,0.09320341
IPCA(3),7,0.06452624
IPCA(3),7,0.06538089
IPCA(3),7,0.06045962
IPCA(3),7,0.05457626
IPCA(3),7,0.06086247
IPCA(3),7,0.12528024
IPCA(3),7,0.05743986
IPCA(3),7,0.06597388
IPCA(3),7,0.02749819
IPCA(3),7,0.03825607
IPCA(3),7,0.05524425
IPCA(3),7,0.06106074
IPCA(3),7,0.03806425
IPCA(3),7,0.08709867
IPCA(3),7,0.05177723
IPCA(3),7,0.10667211
IPCA(3),7,0.12023143
IPCA(3),7,0.13963457
IPCA(3),7,0.06887963
IPCA(3),7,0.14788221
IPCA(3),7,0.08796182
IPCA(3),7,0.12417222
IPCA(3),7,0.09634605
IPCA(3),7,0.10816291
IPCA(3),7,0.07732562
IPCA(3),7,0.03175986
IPCA(3),7,0.08014784
IPCA(3),7,0.07932668
IPCA(3),7,0.09847502
IPCA(3),7,0.07708015
IPCA(3),7,0.05284163
IPCA(3),7,0.08763452
IPCA(3),7,0.06769428
IPCA(3),7,0.09964690
IPCA(3),7,0.11814927
IPCA(3),7,0.03905632
IPCA(3),7,0.08775296
IPCA(3),7,0.07622671
IPCA(3),7,0.11113882
IPCA(3),7,0.17285347
IPCA(3),7,0.11704103
IPCA(3),7,0.06715516
IPCA(3),7,0.10397568
IPCA(3),7,0.29701129
IPCA(3),7,0.11155544
IPCA(3),7,0.09683299
IPCA(3),7,0.05055477
IPCA(3),7,0.09002689
IPCA(3),7,0.05590669
IPCA(3),7,0.13097746
IPCA(3),7,0.10035562
IPCA(3),7,0.05619972
IPCA(3),7,0.08625629
IPCA(3),7,0.05618265
IPCA(3),7,0.10830823
IPCA(3),7,0.06705036
IPCA(3),7,0.03111782
IPCA(3),7,0.05142264
IPCA(3),7,0.04526958
IPCA(3),7,0.01287309
IPCA(3),7,0.05704969
IPCA(3),7,0.07892535
IPCA(3),7,0.10203567
IPCA(3),7,0.07538815
IPCA(3),7,0.06159913
IPCA(3),7,0.05090175
IPCA(3),7,0.06709765
IPCA(3),7,0.06413318
IPCA(3),7,0.11412053
IPCA(3),7,0.10597305
IPCA(3),7,0.03123800
IPCA(3),7,0.04566167
IPCA(3),7,0.05660331
IPCA(3),7,0.09163422
IPCA(3),7,0.04657259
IPCA(3),7,0.01381982
IPCA(3),7,0.06402258
IPCA(3),7,0.10926972
IPCA(3),7,0.06001485
IPCA(3),7,0.07318074
IPCA(3),7,0.05681734
IPCA(3),7,0.03707477
IPCA(3),7,0.06389004
IPCA(3),7,-0.00106762
IPCA(3),7,0.05804354
IPCA(3),7,0.09285927
IPCA(3),7,0.07452281
IPCA(3),7,0.15879819
IPCA(3),7,0.04720946
IPCA(3),7,0.10730762
IPCA(3),7,0.07635328
IPCA(3),7,0.09237102
IPCA(3),7,0.05826433
IPCA(3),7,0.06231797
IPCA(3),7,0.22864102
IPCA(3),7,0.12149267
IPCA(3),7,0.09387837
IPCA(3),7,0.06780122
IPCA(3),7,0.10871326
IPCA(3),7,0.06719711
IPCA(3),7,0.07971927
IPCA(3),7,0.10587355
IPCA(3),7,0.09172758
IPCA(3),7,0.11603935
IPCA(3),7,0.08503274
IPCA(3),7,0.07496651
IPCA(3),7,0.05472209
IPCA(3),7,0.16675489
IPCA(3),7,0.05214287
IPCA(3),7,0.10439127
IPCA(3),7,0.08520060
IPCA(3),7,0.08393547
IPCA(3),7,0.10637270
IPCA(3),7,0.06542668
IPCA(3),7,0.07144430
IPCA(3),7,0.04741889
IPCA(3),7,0.00670692
IPCA(3),7,0.10967827
IPCA(3),7,0.05414859
IPCA(3),7,0.04749604
IPCA(3),7,0.03752468
IPCA(3),7,0.12312951
IPCA(3),7,0.09647963
IPCA(3),7,0.09259114
IPCA(3),7,0.11733471
IPCA(3),7,0.07373011
IPCA(3),7,0.05559974
IPCA(3),7,0.06978730
IPCA(3),7,0.09911947
IPCA(3),7,0.12483382
IPCA(3),7,0.11926939
IPCA(3),7,0.12640173
IPCA(3),7,0.04553224
IPCA(3),7,0.05717307
IPCA(3),7,0.12107119
IPCA(3),7,0.12410593
IPCA(3),7,0.07818664
IPCA(3),7,0.12836757
IPCA(3),7,0.07554762
IPCA(3),7,0.11029093
IPCA(3),7,0.13490875
IPCA(3),7,0.08600594
IPCA(3),7,0.10032523
IPCA(3),7,0.09935534
IPCA(3),7,0.06668130
IPCA(3),7,0.08045713
IPCA(3),7,0.21870441
IPCA(3),7,0.07968210
IPCA(3),7,0.19939721
IPCA(3),7,0.07697048
IPCA(3),7,0.08884360
IPCA(3),7,0.08847336
IPCA(3),7,0.16964885
IPCA(3),7,0.12014748
IPCA(3),7,0.08303145
IPCA(3),7,0.04620074
IPCA(3),7,0.14311139
IPCA(3),7,0.02662445
IPCA(3),8,0.03493154
IPCA(3),8,-0.05984663
IPCA(3),8,-0.11581706
IPCA(3),8,-0.09023182
IPCA(3),8,-0.08293538
IPCA(3),8,0.03815084
IPCA(3),8,-0.23642132
IPCA(3),8,0.03660589
IPCA(3),8,-0.13049329
IPCA(3),8,0.07094204
IPCA(3),8,-0.05924136
IPCA(3),8,-0.05566306
IPCA(3),8,-0.16059568
IPCA(3),8,0.01001693
IPCA(3),8,0.12574489
IPCA(3),8,-0.20647809
IPCA(3),8,-0.07492691
IPCA(3),8,-0.03557715
IPCA(3),8,-0.06569020
IPCA(3),8,-0.14272619
IPCA(3),8,0.00662888
IPCA(3),8,-0.14455051
IPCA(3),8,-0.02054095
IPCA(3),8,-0.07181266
IPCA(3),8,-0.20179346
IPCA(3),8,-0.01615050
IPCA(3),8,-0.00123739
IPCA(3),8,-0.00691396
IPCA(3),8,-0.07719703
IPCA(3),8,-0.08262887
IPCA(3),8,-0.14089171
IPCA(3),8,-0.14194376
IPCA(3),8,-0.03413921
IPCA(3),8,-0.01624735
IPCA(3),8,-0.01342635
IPCA(3),8,-0.02664802
IPCA(3),8,-0.07193616
IPCA(3),8,-0.09605531
IPCA(3),8,-0.12965591
IPCA(3),8,0.02612486
IPCA(3),8,-0.12237362
IPCA(3),8,-0.15798776
IPCA(3),8,-0.11333456
IPCA(3),8,-0.11246486
IPCA(3),8,-0.16983731
IPCA(3),8,-0.17551725
IPCA(3),8,-0.03895783
IPCA(3),8,-0.11631629
IPCA(3),8,-0.05345936
IPCA(3),8,-0.14165019
IPCA(3),8,0.07071184
IPCA(3),8,-0.06788014
IPCA(3),8,-0.13494926
IPCA(3),8,-0.16565257
IPCA(3),8,-0.08973286
IPCA(3),8,-0.23866541
IPCA(3),8,0.00320199
IPCA(3),8,-0.21120468
IPCA(3),8,-0.06489561
IPCA(3),8,0.09183340
IPCA(3),8,-0.08710275
IPCA(3),8,-0.09593304
IPCA(3),8,-0.04550495
IPCA(3),8,-0.09641438
IPCA(3),8,-0.08335910
IPCA(3),8,-0.07847579
IPCA(3),8,-0.12427233
IPCA(3),8,-0.06655584
IPCA(3),8,-0.11614076
IPCA(3),8,-0.07074826
IPCA(3),8,-0.12612530
IPCA(3),8,-0.20437795
IPCA(3),8,-0.04784363
IPCA(3),8,-0.14110305
IPCA(3),8,-0.07689890
IPCA(3),8,-0.11714026
IPCA(3),8,0.01704549
IPCA(3),8,-0.18827902
IPCA(3),8,-0.11484622
IPCA(3),8,-0.11387382
IPCA(3),8,-0.13495967
IPCA(3),8,-0.08843779
IPCA(3),8,-0.08189909
IPCA(3),8,-0.12812012
IPCA(3),8,-0.07603998
IPCA(3),8,-0.12551217
IPCA(3),8,-0.00129274
IPCA(3),8,-0.16671724
IPCA(3),8,-0.17930334
IPCA(3),8,-0.10944836
IPCA(3),8,-0.12386346
IPCA(3),8,-0.19951725
IPCA(3),8,-0.14363955
IPCA(3),8,-0.15296213
IPCA(3),8,-0.06430459
IPCA(3),8,-0.09836864
IPCA(3),8,-0.03294432
IPCA(3),8,-0.12872275
IPCA(3),8,-0.03813492
IPCA(3),8,-0.05108899
IPCA(3),8,-0.03801770
IPCA(3),8,-0.05810695
IPCA(3),8,-0.03869207
IPCA(3),8,-0.14846121
IPCA(3),8,-0.04033877
IPCA(3),8,-0.11659137
IPCA(3),8,-0.01639376
IPCA(3),8,0.02749068
IPCA(3),8,-0.06998696
IPCA(3),8,-0.03955402
IPCA(3),8,-0.12318329
IPCA(3),8,-0.10637316
IPCA(3),8,-0.07637801
IPCA(3),8,-0.08551669
IPCA(3),8,-0.05065942
IPCA(3),8,-0.02553973
IPCA(3),8,-0.06996225
IPCA(3),8,-0.06719147
IPCA(3),8,-0.02565203
IPCA(3),8,-0.05830199
IPCA(3),8,0.11215392
IPCA(3),8,-0.03010974
IPCA(3),8,-0.08042034
IPCA(3),8,-0.07909775
IPCA(3),8,-0.13426513
IPCA(3),8,-0.10178810
IPCA(3),8,-0.10073917
IPCA(3),8,-0.00992960
IPCA(3),8,-0.10404794
IPCA(3),8,-0.03663057
IPCA(3),8,-0.07376524
IPCA(3),8,-0.11220188
IPCA(3),8,-0.02502981
IPCA(3),8,-0.13171955
IPCA(3),8,-0.05816725
IPCA(3),8,-0.08492859
IPCA(3),8,-0.14866399
IPCA(3),8,-0.10247537
IPCA(3),8,-0.04559784
IPCA(3),8,-0.06707232
IPCA(3),8,-0.06026483
IPCA(3),8,-0.08845096
IPCA(3),8,-0.02550802
IPCA(3),8,-0.10259341
IPCA(3),8,-0.02660377
IPCA(3),8,-0.00601596
IPCA(3),8,-0.09537287
IPCA(3),8,-0.08894243
IPCA(3),8,-0.13656469
IPCA(3),8,-0.09110018
IPCA(3),8,-0.12866703
IPCA(3),8,-0.00046578
IPCA(3),8,-0.09148267
IPCA(3),8,-0.05640275
IPCA(3),8,-0.06246787
IPCA(3),8,-0.17284667
IPCA(3),8,-0.00848546
IPCA(3),8,-0.07207381
IPCA(3),8,0.04199274
IPCA(3),8,-0.06396767
IPCA(3),8,-0.07124923
IPCA(3),8,-0.11295626
IPCA(3),8,0.10155487
IPCA(3),8,0.06897369
IPCA(3),8,-0.08851651
IPCA(3),8,-0.15607641
IPCA(3),8,-0.16489861
IPCA(3),8,-0.17110735
IPCA(3),8,-0.04074135
IPCA(3),8,-0.13844645
IPCA(3),8,-0.01532568
IPCA(3),8,-0.06774131
IPCA(3),8,-0.04698125
IPCA(3),8,-0.10464993
IPCA(3),8,-0.12779220
IPCA(3),8,-0.17758829
IPCA(3),8,-0.13926303
IPCA(3),8,-0.20737662
IPCA(3),8,-0.23287024
IPCA(3),8,-0.09157509
IPCA(3),8,-0.11376695
IPCA(3),8,-0.08338275
IPCA(3),8,-0.13850352
IPCA(3),8,-0.17090905
IPCA(3),8,-0.08161631
IPCA(3),8,-0.09659986
IPCA(3),8,-0.05730810
IPCA(3),8,-0.02066491
IPCA(3),8,-0.13643048
IPCA(3),8,-0.06486396
IPCA(3),8,-0.13255228
IPCA(3),8,-0.06160780
IPCA(3),8,-0.10404181
IPCA(3),8,-0.10939108
IPCA(3),8,-0.02837662
IPCA(3),8,-0.08872884
IPCA(3),8,-0.06550095
IPCA(3),8,0.04530068
IPCA(3),8,-0.08040468
IPCA(3),8,-0.09536082
IPCA(3),8,0.04463436
IPCA(3),8,-0.09676647
IPCA(3),8,-0.13470450
IPCA(3),8,-0.06618449
IPCA(3),8,-0.04512393
IPCA(3),8,-0.16757088
IPCA(3),8,-0.09370310
IPCA(3),8,-0.02544179
IPCA(3),8,-0.09151476
IPCA(3),8,0.03035664
IPCA(3),8,-0.05940515
IPCA(3),8,-0.09992179
IPCA(3),8,-0.08303705
IPCA(3),8,-0.08407788
IPCA(3),8,-0.01236973
IPCA(3),8,-0.06181815
IPCA(3),8,-0.10182594
IPCA(3),8,-0.07241106
IPCA(3),8,-0.14533927
IPCA(3),8,-0.01210016
IPCA(3),8,-0.03171343
IPCA(3),8,-0.13772452
IPCA(3),8,-0.11745166
IPCA(3),8,-0.07489855
IPCA(3),8,-0.16242006
IPCA(3),8,-0.11850252
IPCA(3),8,-0.14164298
IPCA(3),8,-0.13825248
IPCA(3),8,-0.00028520
IPCA(3),8,-0.15854808
IPCA(3),8,-0.14317909
IPCA(3),8,-0.13716640
IPCA(3),8,-0.03253230
IPCA(3),8,-0.06739975
IPCA(3),8,-0.05103117
IPCA(3),8,-0.05898846
IPCA(3),8,-0.14262965
IPCA(3),8,-0.07833664
IPCA(3),8,-0.16191853
IPCA(3),8,-0.09298496
IPCA(3),8,-0.10399221
IPCA(3),8,-0.07584722
IPCA(3),8,-0.01281831
IPCA(3),8,-0.05015154
IPCA(3),8,-0.07780398
IPCA(3),8,-0.05443518
IPCA(3),8,-0.10293336
IPCA(3),8,0.00099150
IPCA(3),8,-0.14326777
IPCA(3),8,-0.09350358
IPCA(3),8,-0.08232822
IPCA(3),8,-0.08216433
IPCA(3),8,-0.05536371
IPCA(3),8,-0.12640555
IPCA(3),8,-0.11150691
IPCA(3),8,-0.15725609
IPCA(3),8,-0.04145631
IPCA(3),8,-0.18352215
IPCA(3),8,-0.08893619
IPCA(3),8,-0.16075244
IPCA(3),8,-0.10397380
IPCA(3),8,-0.19641535
IPCA(3),8,-0.01655817
IPCA(3),8,-0.04142831
IPCA(3),8,0.00054624
IPCA(3),8,-0.05617386
IPCA(3),8,-0.12676185
IPCA(3),8,0.01331198
IPCA(3),8,-0.05136287
IPCA(3),8,-0.01506106
IPCA(3),8,-0.04047873
IPCA(3),8,-0.14607674
IPCA(3),8,-0.13014748
IPCA(3),8,-0.03231277
IPCA(3),8,-0.03469632
IPCA(3),8,-0.14178656
IPCA(3),8,-0.25546560
IPCA(3),8,-0.06932257
IPCA(3),8,-0.19266615
IPCA(3),8,-0.05173865
IPCA(3),8,0.00134804
IPCA(3),8,-0.18299235
IPCA(3),8,-0.12357848
IPCA(3),8,-0.03035357
IPCA(3),8,-0.04314437
IPCA(3),8,0.02209213
IPCA(3),8,-0.14179035
IPCA(3),8,-0.02777884
IPCA(3),9,-0.07928366
IPCA(3),9,-0.01656941
IPCA(3),9,-0.11117711
IPCA(3),9,-0.05974131
IPCA(3),9,-0.01314554
IPCA(3),9,-0.00606630
IPCA(3),9,-0.02460665
IPCA(3),9,-0.03573741
IPCA(3),9,-0.10456665
IPCA(3),9,-0.08184492
IPCA(3),9,-0.06203290
IPCA(3),9,0.03145169
IPCA(3),9,-0.10155121
IPCA(3),9,-0.07619852
IPCA(3),9,0.05911734
IPCA(3),9,-0.15790917
IPCA(3),9,-0.07770415
IPCA(3),9,-0.02799709
IPCA(3),9,0.00167408
IPCA(3),9,-0.05429500
IPCA(3),9,-0.00975786
IPCA(3),9,0.00330474
IPCA(3),9,-0.04273332
IPCA(3),9,-0.10784154
IPCA(3),9,-0.05507650
IPCA(3),9,-0.01103766
IPCA(3),9,-0.05218090
IPCA(3),9,-0.03035519
IPCA(3),9,-0.04630028
IPCA(3),9,-0.08799031
IPCA(3),9,-0.07220062
IPCA(3),9,-0.01210765
IPCA(3),9,-0.05859399
IPCA(3),9,-0.11994383
IPCA(3),9,-0.01039844
IPCA(3),9,0.04377426
IPCA(3),9,-0.07658591
IPCA(3),9,-0.02159929
IPCA(3),9,0.08147635
IPCA(3),9,-0.06402837
IPCA(3),9,-0.03709359
IPCA(3),9,0.00150907
IPCA(3),9,-0.04170938
IPCA(3),9,-0.00038743
IPCA(3),9,-0.05277141
IPCA(3),9,-0.05498490
IPCA(3),9,0.00667967
IPCA(3),9,0.02794324
IPCA(3),9,-0.01042526
IPCA(3),9,-0.07678793
IPCA(3),9,0.04716461
IPCA(3),9,-0.17847115
IPCA(3),9,-0.02540203
IPCA(3),9,-0.01348720
IPCA(3),9,-0.00375781
IPCA(3),9,-0.00698705
IPCA(3),9,-0.03748333
IPCA(3),9,-0.12739917
IPCA(3),9,-0.03540868
IPCA(3),9,-0.06922321
IPCA(3),9,-0.07052559
IPCA(3),9,-0.01697310
IPCA(3),9,-0.01954522
IPCA(3),9,-0.04317767
IPCA(3),9,0.03160325
IPCA(3),9,-0.19075117
IPCA(3),9,-0.01861337
IPCA(3),9,0.01259062
IPCA(3),9,-0.04282763
IPCA(3),9,-0.05296421
IPCA(3),9,0.01385783
IPCA(3),9,-0.05026844
IPCA(3),9,-0.07608389
IPCA(3),9,-0.04147076
IPCA(3),9,-0.05659330
IPCA(3),9,-0.03310645
IPCA(3),9,-0.08183328
IPCA(3),9,-0.04571364
IPCA(3),9,-0.07457883
IPCA(3),9,-0.02303811
IPCA(3),9,-0.10926966
IPCA(3),9,-0.01359440
IPCA(3),9,0.00912848
IPCA(3),9,-0.02258574
IPCA(3),9,-0.11323696
IPCA(3),9,-0.04027713
IPCA(3),9,-0.05992613
IPCA(3),9,-0.15796518
IPCA(3),9,-0.04066147
IPCA(3),9,-0.09109724
IPCA(3),9,-0.02951441
IPCA(3),9,-0.02108819
IPCA(3),9,-0.08921539
IPCA(3),9,-0.05251332
IPCA(3),9,-0.04748566
IPCA(3),9,-0.01268378
IPCA(3),9,-0.12568175
IPCA(3),9,-0.05147906
IPCA(3),9,-0.14254834
IPCA(3),9,-0.05796438
IPCA(3),9,-0.00680577
IPCA(3),9,-0.06340933
IPCA(3),9,-0.01871273
IPCA(3),9,-0.00725259
IPCA(3),9,-0.06007802
IPCA(3),9,0.01041079
IPCA(3),9,-0.05993836
IPCA(3),9,-0.00429676
IPCA(3),9,-0.01809294
IPCA(3),9,-0.10424712
IPCA(3),9,-0.04330749
IPCA(3),9,-0.00105161
IPCA(3),9,0.00778741
IPCA(3),9,-0.02626074
IPCA(3),9,-0.00876977
IPCA(3),9,0.00213580
IPCA(3),9,-0.04103243
IPCA(3),9,-0.06427251
IPCA(3),9,-0.01336667
IPCA(3),9,0.02148110
IPCA(3),9,-0.02437150
IPCA(3),9,-0.00446144
IPCA(3),9,-0.17445872
IPCA(3),9,-0.01801252
IPCA(3),9,0.00520299
IPCA(3),9,-0.03003769
IPCA(3),9,0.01963257
IPCA(3),9,-0.01907382
IPCA(3),9,0.05417918
IPCA(3),9,-0.01543771
IPCA(3),9,-0.06501599
IPCA(3),9,-0.00326311
IPCA(3),9,-0.10625827
IPCA(3),9,-0.03946121
IPCA(3),9,0.00910873
IPCA(3),9,0.02436048
IPCA(3),9,-0.13430546
IPCA(3),9,-0.04107564
IPCA(3),9,-0.03086544
IPCA(3),9,-0.00331495
IPCA(3),9,-0.07145497
IPCA(3),9,-0.01757309
IPCA(3),9,-0.04647313
IPCA(3),9,-0.07355106
IPCA(3),9,-0.07203920
IPCA(3),9,-0.20309759
IPCA(3),9,0.00334059
IPCA(3),9,-0.07105390
IPCA(3),9,-0.14137594
IPCA(3),9,-0.09475357
IPCA(3),9,-0.10689520
IPCA(3),9,-0.09760925
IPCA(3),9,-0.05833282
IPCA(3),9,-0.14703041
IPCA(3),9,-0.17044126
IPCA(3),9,0.01238691
IPCA(3),9,-0.06276949
IPCA(3),9,-0.14552833
IPCA(3),9,-0.06115785
IPCA(3),9,-0.06952481
IPCA(3),9,-0.01124074
IPCA(3),9,-0.03197935
IPCA(3),9,0.03913263
IPCA(3),9,-0.06862417
IPCA(3),9,-0.12176967
IPCA(3),9,-0.02941153
IPCA(3),9,-0.21109665
IPCA(3),9,-0.11070017
IPCA(3),9,-0.11139250
IPCA(3),9,-0.02851595
IPCA(3),9,-0.06942871
IPCA(3),9,-0.06662920
IPCA(3),9,-0.05259201
IPCA(3),9,-0.01447588
IPCA(3),9,-0.14919602
IPCA(3),9,-0.09707752
IPCA(3),9,-0.07730263
IPCA(3),9,-0.12817851
IPCA(3),9,-0.07225007
IPCA(3),9,-0.01266420
IPCA(3),9,-0.17481448
IPCA(3),9,0.00971893
IPCA(3),9,-0.04068704
IPCA(3),9,-0.06579606
IPCA(3),9,-0.01664080
IPCA(3),9,-0.06838864
IPCA(3),9,0.00991574
IPCA(3),9,0.00676954
IPCA(3),9,-0.07806688
IPCA(3),9,-0.07986297
IPCA(3),9,-0.03368210
IPCA(3),9,-0.10035431
IPCA(3),9,-0.03585762
IPCA(3),9,0.00860462
IPCA(3),9,-0.18313682
IPCA(3),9,-0.01323631
IPCA(3),9,-0.17860465
IPCA(3),9,-0.09705255
IPCA(3),9,-0.07260722
IPCA(3),9,-0.01067455
IPCA(3),9,-0.03392058
IPCA(3),9,-0.07553314
IPCA(3),9,-0.00460237
IPCA(3),9,0.00516710
IPCA(3),9,-0.01570390
IPCA(3),9,-0.07185332
IPCA(3),9,0.00202155
IPCA(3),9,-0.14760287
IPCA(3),9,-0.05945187
IPCA(3),9,-0.11651718
IPCA(3),9,-0.05836899
IPCA(3),9,-0.06055582
IPCA(3),9,-0.03968722
IPCA(3),9,-0.04431935
IPCA(3),9,-0.08313423
IPCA(3),9,-0.06858842
IPCA(3),9,-0.00712149
IPCA(3),9,-0.01224685
IPCA(3),9,-0.08272572
IPCA(3),9,-0.03172336
IPCA(3),9,-0.04579420
IPCA(3),9,0.00020289
IPCA(3),9,-0.01957351
IPCA(3),9,0.04650566
IPCA(3),9,0.00568480
IPCA(3),9,-0.07203841
IPCA(3),9,-0.02115064
IPCA(3),9,0.01846290
IPCA(3),9,-0.02441972
IPCA(3),9,-0.08349847
IPCA(3),9,-0.04476888
IPCA(3),9,-0.05253118
IPCA(3),9,0.01175057
IPCA(3),9,-0.00216170
IPCA(3),9,-0.03900431
IPCA(3),9,-0.07537689
IPCA(3),9,-0.04024583
IPCA(3),9,-0.00289907
IPCA(3),9,0.00223446
IPCA(3),9,-0.06676026
IPCA(3),9,-0.02239136
IPCA(3),9,0.00047245
IPCA(3),9,-0.04512573
IPCA(3),9,-0.04176677
IPCA(3),9,-0.10176663
IPCA(3),9,-0.02324998
IPCA(3),9,-0.02723612
IPCA(3),9,-0.06883725
IPCA(3),9,-0.04681718
IPCA(3),9,-0.09275232
IPCA(3),9,0.01098414
IPCA(3),9,-0.07638856
IPCA(3),9,-0.00498106
IPCA(3),9,-0.09950460
IPCA(3),9,-0.13840095
IPCA(3),9,-0.13325550
IPCA(3),9,-0.01224177
IPCA(3),9,-0.01375590
IPCA(3),9,-0.08334829
IPCA(3),9,-0.07565790
IPCA(3),9,-0.09346213
IPCA(3),9,-0.11516795
IPCA(3),9,-0.10337924
IPCA(3),9,-0.05737493
IPCA(3),9,-0.03280347
IPCA(3),9,-0.07162705
IPCA(3),9,-0.05794600
IPCA(3),9,-0.04536868
IPCA(3),9,-0.06785532
IPCA(3),9,-0.13452615
IPCA(3),9,-0.05381411
IPCA(3),9,-0.05262352
IPCA(3),9,-0.03509608
IPCA(3),9,-0.10205417
IPCA(3),9,-0.11114442
IPCA(3),9,0.02433597
IPCA(3),9,-0.04624450
IPCA(3),9,0.00351906
IPCA(3),9,-0.07611225
IPCA(3),9,-0.04237225
IPCA(3),9,-0.05343031
IPCA(3),9,-0.07550972
IPCA(3),9,-0.08873058
IPCA(3),9,0.00549989
IPCA(3),9,-0.00456469
IPCA(3),9,-0.15315018
IPCA(3),9,-0.10568604
IPCA(3),9,-0.03420910
IPCA(3),9,-0.00899449
IPCA(3),9,-0.09660943
IPCA(3),9,-0.11208659
IPCA(3),9,-0.12708265
IPCA(3),9,-0.02667747
IPCA(3),9,-0.03864709
IPCA(3),9,-0.03364456
IPCA(3),9,-0.00143876
IPCA(3),10,0.06811788
IPCA(3),10,-0.04735980
IPCA(3),10,-0.02437282
IPCA(3),10,-0.02042036
IPCA(3),10,0.17292279
IPCA(3),10,-0.06399459
IPCA(3),10,-0.04705117
IPCA(3),10,-0.06321681
IPCA(3),10,-0.02602956
IPCA(3),10,-0.03122434
IPCA(3),10,-0.06318101
IPCA(3),10,-0.08283837
IPCA(3),10,-0.07978941
IPCA(3),10,-0.00868937
IPCA(3),10,-0.02685229
IPCA(3),10,0.01674920
IPCA(3),10,0.00654131
IPCA(3),10,-0.04436914
IPCA(3),10,0.01687979
IPCA(3),10,-0.01521965
IPCA(3),10,-0.00743353
IPCA(3),10,-0.00010859
IPCA(3),10,-0.05377571
IPCA(3),10,-0.00564831
IPCA(3),10,-0.04414639
IPCA(3),10,-0.01752965
IPCA(3),10,0.01893874
IPCA(3),10,0.00060700
IPCA(3),10,-0.00633847
IPCA(3),10,-0.00961185
IPCA(3),10,-0.00922780
IPCA(3),10,-0.02061240
IPCA(3),10,0.00894516
IPCA(3),10,0.05988732
IPCA(3),10,-0.00600481
IPCA(3),10,-0.01221967
IPCA(3),10,0.00090781
IPCA(3),10,-0.01812483
IPCA(3),10,-0.03352487
IPCA(3),10,-0.09546229
IPCA(3),10,-0.03089321
IPCA(3),10,-0.02119667
IPCA(3),10,-0.01590651
IPCA(3),10,-0.03662497
IPCA(3),10,-0.00913996
IPCA(3),10,-0.03578030
IPCA(3),10,0.00851599
IPCA(3),10,-0.09909756
IPCA(3),10,0.00619186
IPCA(3),10,0.00294683
IPCA(3),10,0.01631634
IPCA(3),10,0.01526106
IPCA(3),10,-0.04843035
IPCA(3),10,-0.01730223
IPCA(3),10,-0.02844088
IPCA(3),10,-0.04310431
IPCA(3),10,0.00009481
IPCA(3),10,-0.07486472
IPCA(3),10,0.01112314
IPCA(3),10,0.01813653
IPCA(3),10,-0.00127261
IPCA(3),10,-0.03695976
IPCA(3),10,-0.03258975
IPCA(3),10,-0.02169981
IPCA(3),10,0.06986426
IPCA(3),10,-0.03895604
IPCA(3),10,-0.02858995
IPCA(3),10,0.00867993
IPCA(3),10,0.07172594
IPCA(3),10,-0.03589465
IPCA(3),10,-0.04992837
IPCA(3),10,0.02787630
IPCA(3),10,-0.01559676
IPCA(3),10,-0.03932367
IPCA(3),10,0.00912279
IPCA(3),10,-0.01307367
IPCA(3),10,-0.01072217
IPCA(3),10,-0.02342262
IPCA(3),10,-0.03446450
IPCA(3),10,-0.02992958
IPCA(3),10,-0.01732352
IPCA(3),10,-0.05747324
IPCA(3),10,-0.00443326
IPCA(3),10,-0.03774161
IPCA(3),10,-0.03274820
IPCA(3),10,0.00726383
IPCA(3),10,0.05397314
IPCA(3),10,0.05038485
IPCA(3),10,0.00836737
IPCA(3),10,0.00271825
IPCA(3),10,0.02140714
IPCA(3),10,0.07355601
IPCA(3),10,-0.01082220
IPCA(3),10,-0.04483814
IPCA(3),10,-0.01285083
IPCA(3),10,0.00191362
IPCA(3),10,-0.05337920
IPCA(3),10,-0.06215557
IPCA(3),10,-0.05443189
IPCA(3),10,-0.00448362
IPCA(3),10,0.00484921
IPCA(3),10,-0.00393130
IPCA(3),10,0.00600979
IPCA(3),10,0.00068188
IPCA(3),10,-0.04351991
IPCA(3),10,0.00319736
IPCA(3),10,0.02274092
IPCA(3),10,0.01536953
IPCA(3),10,0.03511600
IPCA(3),10,-0.00313167
IPCA(3),10,0.00291510
IPCA(3),10,0.04674261
IPCA(3),10,0.01669109
IPCA(3),10,-0.00213840
IPCA(3),10,0.01538035
IPCA(3),10,0.02453867
IPCA(3),10,0.01912708
IPCA(3),10,0.01742297
IPCA(3),10,0.00309167
IPCA(3),10,0.02885547
IPCA(3),10,0.05090831
IPCA(3),10,0.02217929
IPCA(3),10,0.06636876
IPCA(3),10,0.03808080
IPCA(3),10,0.03944471
IPCA(3),10,-0.01181594
IPCA(3),10,-0.00481980
IPCA(3),10,0.03494376
IPCA(3),10,-0.05859995
IPCA(3),10,-0.00323394
IPCA(3),10,-0.03756484
IPCA(3),10,-0.05914086
IPCA(3),10,0.03818765
IPCA(3),10,0.01108923
IPCA(3),10,0.02148327
IPCA(3),10,0.03581327
IPCA(3),10,0.05913482
IPCA(3),10,-0.03553211
IPCA(3),10,-0.05133770
IPCA(3),10,0.00312995
IPCA(3),10,-0.04339379
IPCA(3),10,0.01644352
IPCA(3),10,0.03757564
IPCA(3),10,-0.02728834
IPCA(3),10,-0.01501204
IPCA(3),10,-0.00806179
IPCA(3),10,0.00179484
IPCA(3),10,0.01858942
IPCA(3),10,-0.00072053
IPCA(3),10,-0.03606618
IPCA(3),10,-0.02367158
IPCA(3),10,-0.01616126
IPCA(3),10,-0.07810754
IPCA(3),10,0.09005808
IPCA(3),10,-0.02382049
IPCA(3),10,-0.03831687
IPCA(3),10,0.01383757
IPCA(3),10,-0.04315555
IPCA(3),10,-0.03183680
IPCA(3),10,0.00912580
IPCA(3),10,-0.02743056
IPCA(3),10,0.01461894
IPCA(3),10,-0.00813036
IPCA(3),10,-0.08152805
IPCA(3),10,-0.07882351
IPCA(3),10,-0.09643220
IPCA(3),10,0.12494966
IPCA(3),10,-0.04610406
IPCA(3),10,-0.01580313
IPCA(3),10,-0.03065790
IPCA(3),10,-0.02637245
IPCA(3),10,-0.06584311
IPCA(3),10,0.00310260
IPCA(3),10,-0.00828498
IPCA(3),10,0.00931011
IPCA(3),10,-0.03517348
IPCA(3),10,0.02458011
IPCA(3),10,-0.04285822
IPCA(3),10,-0.04778608
IPCA(3),10,-0.01055366
IPCA(3),10,0.00657496
IPCA(3),10,-0.09541712
IPCA(3),10,-0.07414494
IPCA(3),10,-0.01933209
IPCA(3),10,-0.04555388
IPCA(3),10,0.00803835
IPCA(3),10,-0.02452449
IPCA(3),10,0.01019615
IPCA(3),10,-0.02055825
IPCA(3),10,-0.02792727
IPCA(3),10,-0.00966605
IPCA(3),10,-0.00325764
IPCA(3),10,-0.04555065
IPCA(3),10,-0.04127119
IPCA(3),10,-0.07432675
IPCA(3),10,-0.03164803
IPCA(3),10,-0.00331922
IPCA(3),10,0.00485500
IPCA(3),10,-0.00615940
IPCA(3),10,-0.01604506
IPCA(3),10,-0.09169321
IPCA(3),10,-0.03721694
IPCA(3),10,0.00990212
IPCA(3),10,-0.09575228
IPCA(3),10,-0.01301285
IPCA(3),10,-0.01389947
IPCA(3),10,-0.06450735
IPCA(3),10,-0.04168693
IPCA(3),10,0.04115412
IPCA(3),10,-0.05105043
IPCA(3),10,-0.03951640
IPCA(3),10,-0.05339519
IPCA(3),10,-0.00678394
IPCA(3),10,-0.01281838
IPCA(3),10,-0.02835270
IPCA(3),10,-0.02348508
IPCA(3),10,-0.08047067
IPCA(3),10,-0.05212707
IPCA(3),10,-0.08051537
IPCA(3),10,-0.03530531
IPCA(3),10,-0.01098048
IPCA(3),10,-0.03739217
IPCA(3),10,-0.06095606
IPCA(3),10,-0.09333986
IPCA(3),10,-0.02539527
IPCA(3),10,-0.04505603
IPCA(3),10,-0.01679076
IPCA(3),10,-0.08874104
IPCA(3),10,-0.06601579
IPCA(3),10,-0.05335524
IPCA(3),10,-0.01764685
IPCA(3),10,-0.08036310
IPCA(3),10,-0.06172279
IPCA(3),10,-0.07310234
IPCA(3),10,-0.03869148
IPCA(3),10,-0.02517071
IPCA(3),10,-0.03379083
IPCA(3),10,-0.06330997
IPCA(3),10,0.03157377
IPCA(3),10,-0.02181130
IPCA(3),10,-0.10656547
IPCA(3),10,-0.05495872
IPCA(3),10,-0.03117632
IPCA(3),10,-0.00267789
IPCA(3),10,-0.00559300
IPCA(3),10,-0.03721570
IPCA(3),10,0.03940926
IPCA(3),10,-0.00483648
IPCA(3),10,-0.02446508
IPCA(3),10,-0.04517286
IPCA(3),10,0.05233479
IPCA(3),10,-0.04419469
IPCA(3),10,-0.01880375
IPCA(3),10,-0.02441268
IPCA(3),10,-0.03017060
IPCA(3),10,-0.03331953
IPCA(3),10,0.00927719
IPCA(3),10,-0.03845531
IPCA(3),10,-0.00591991
IPCA(3),10,-0.05771826
IPCA(3),10,-0.00170963
IPCA(3),10,0.04419813
IPCA(3),10,-0.02356695
IPCA(3),10,-0.03438382
IPCA(3),10,-0.02340512
IPCA(3),10,-0.02841767
IPCA(3),10,-0.00247356
IPCA(3),10,0.00823755
IPCA(3),10,0.05728910
IPCA(3),10,-0.03689813
IPCA(3),10,-0.06704680
IPCA(3),10,-0.05702146
IPCA(3),10,0.02527922
IPCA(3),10,-0.04798749
IPCA(3),10,-0.05319610
IPCA(3),10,-0.01456131
IPCA(3),10,-0.02304844
IPCA(3),10,-0.06485439
IPCA(3),10,-0.03366352
IPCA(3),10,-0.00734655
IPCA(3),10,0.05409798
IPCA(3),10,-0.06182928
IPCA(3),10,-0.03100695
IPCA(3),10,-0.02708095
IPCA(3),10,-0.04119048
IPCA(3),10,-0.02502481
IPCA(3),10,-0.03832048
IPCA(3),10,0.00929190
IPCA(3),10,0.04954633
IPCA(3),10,-0.02892771
IPCA(3),10,-0.02382412
IPCA(3),10,-0.09896633
IPCA(3),10,-0.07507674
IPCA(3),10,-0.03400542
IPCA(3),10,0.02528772
IPCA(3),10,-0.08529575
IPCA(3),10,0.01779625
IPCA(3),10,-0.07066326
IPCA(3),10,-0.05661485
IPCA(3),11,-0.12305837
IPCA(3),11,-0.05536704
IPCA(3),11,-0.10402300
IPCA(3),11,-0.06515401
IPCA(3),11,-0.05659210
IPCA(3),11,-0.05652689
IPCA(3),11,-0.03831742
IPCA(3),11,-0.01705325
IPCA(3),11,-0.05655476
IPCA(3),11,-0.06437956
IPCA(3),11,-0.12645641
IPCA(3),11,0.00157375
IPCA(3),11,-0.12568375
IPCA(3),11,-0.04363615
IPCA(3),11,-0.06794281
IPCA(3),11,-0.09692925
IPCA(3),11,-0.00306628
IPCA(3),11,-0.07897818
IPCA(3),11,-0.07546260
IPCA(3),11,-0.00954636
IPCA(3),11,-0.02237907
IPCA(3),11,-0.04073005
IPCA(3),11,-0.05207404
IPCA(3),11,-0.07243175
IPCA(3),11,-0.03127951
IPCA(3),11,-0.05475932
IPCA(3),11,-0.04110712
IPCA(3),11,-0.03493981
IPCA(3),11,-0.00960041
IPCA(3),11,-0.04754461
IPCA(3),11,-0.05332501
IPCA(3),11,-0.09015761
IPCA(3),11,0.12884582
IPCA(3),11,-0.00825390
IPCA(3),11,-0.04790001
IPCA(3),11,-0.03863365
IPCA(3),11,-0.02583308
IPCA(3),11,-0.00886795
IPCA(3),11,-0.02400673
IPCA(3),11,-0.07377907
IPCA(3),11,-0.05524065
IPCA(3),11,-0.01233625
IPCA(3),11,-0.07277343
IPCA(3),11,-0.06264379
IPCA(3),11,-0.05330918
IPCA(3),11,-0.05501072
IPCA(3),11,-0.06239197
IPCA(3),11,-0.10047616
IPCA(3),11,-0.04099603
IPCA(3),11,-0.04642246
IPCA(3),11,-0.06154519
IPCA(3),11,-0.13200108
IPCA(3),11,-0.09659414
IPCA(3),11,-0.07081063
IPCA(3),11,-0.03022818
IPCA(3),11,-0.11518674
IPCA(3),11,-0.08564928
IPCA(3),11,-0.05732468
IPCA(3),11,-0.07981658
IPCA(3),11,-0.04318078
IPCA(3),11,-0.05932280
IPCA(3),11,-0.05166321
IPCA(3),11,-0.08948479
IPCA(3),11,-0.03271074
IPCA(3),11,-0.03642023
IPCA(3),11,-0.05598846
IPCA(3),11,-0.04975909
IPCA(3),11,-0.06553222
IPCA(3),11,-0.05847076
IPCA(3),11,-0.05095561
IPCA(3),11,-0.05575505
IPCA(3),11,-0.07222928
IPCA(3),11,-0.03320589
IPCA(3),11,-0.07171292
IPCA(3),11,0.02611336
IPCA(3),11,-0.00175916
IPCA(3),11,-0.06129493
IPCA(3),11,-0.04071636
IPCA(3),11,-0.06441780
IPCA(3),11,-0.08760133
IPCA(3),11,-0.05870987
IPCA(3),11,-0.06102871
IPCA(3),11,-0.07738329
IPCA(3),11,-0.01506356
IPCA(3),11,-0.04483118
IPCA(3),11,-0.07224011
IPCA(3),11,-0.03816915
IPCA(3),11,-0.02312249
IPCA(3),11,-0.03149842
IPCA(3),11,-0.05611651
IPCA(3),11,-0.03738203
IPCA(3),11,0.00845733
IPCA(3),11,-0.05394481
IPCA(3),11,-0.09134998
IPCA(3),11,-0.11091916
IPCA(3),11,-0.04500247
IPCA(3),11,-0.09544567
IPCA(3),11,-0.04665956
IPCA(3),11,-0.10858347
IPCA(3),11,-0.01000041
IPCA(3),11,-0.07800536
IPCA(3),11,-0.04022518
IPCA(3),11,0.00345947
IPCA(3),11,-0.00587981
IPCA(3),11,0.00435671
IPCA(3),11,-0.02040372
IPCA(3),11,-0.11482197
IPCA(3),11,-0.02663291
IPCA(3),11,-0.07310835
IPCA(3),11,-0.13156127
IPCA(3),11,-0.05361907
IPCA(3),11,-0.04908337
IPCA(3),11,-0.00333772
IPCA(3),11,-0.04285331
IPCA(3),11,-0.01478756
IPCA(3),11,-0.03294498
IPCA(3),11,-0.02283539
IPCA(3),11,-0.13474507
IPCA(3),11,0.00895970
IPCA(3),11,-0.02807764
IPCA(3),11,-0.03209669
IPCA(3),11,-0.01989026
IPCA(3),11,-0.04676971
IPCA(3),11,-0.09920888
IPCA(3),11,-0.01908047
IPCA(3),11,-0.02370594
IPCA(3),11,0.00174783
IPCA(3),11,-0.02544668
IPCA(3),11,-0.02077396
IPCA(3),11,-0.03181408
IPCA(3),11,-0.09758501
IPCA(3),11,-0.03814421
IPCA(3),11,-0.00498065
IPCA(3),11,-0.05217879
IPCA(3),11,0.00910200
IPCA(3),11,0.02833251
IPCA(3),11,-0.08383744
IPCA(3),11,-0.00155002
IPCA(3),11,-0.04407223
IPCA(3),11,0.00488850
IPCA(3),11,-0.03443086
IPCA(3),11,-0.02960773
IPCA(3),11,-0.08351575
IPCA(3),11,-0.06431278
IPCA(3),11,-0.01392804
IPCA(3),11,0.01757793
IPCA(3),11,-0.03485859
IPCA(3),11,-0.02525216
IPCA(3),11,-0.03269922
IPCA(3),11,-0.04420300
IPCA(3),11,-0.02266495
IPCA(3),11,-0.07178515
IPCA(3),11,-0.06334415
IPCA(3),11,-0.05507533
IPCA(3),11,-0.17709899
IPCA(3),11,-0.06202051
IPCA(3),11,-0.06076829
IPCA(3),11,-0.09497036
IPCA(3),11,-0.06967343
IPCA(3),11,-0.00516186
IPCA(3),11,-0.04911487
IPCA(3),11,0.04197797
IPCA(3),11,-0.12026007
IPCA(3),11,-0.02463077
IPCA(3),11,-0.06481935
IPCA(3),11,-0.01807445
IPCA(3),11,-0.08182648
IPCA(3),11,-0.06198310
IPCA(3),11,-0.01022711
IPCA(3),11,-0.08258792
IPCA(3),11,-0.06654881
IPCA(3),11,-0.05981489
IPCA(3),11,-0.10430701
IPCA(3),11,-0.09321683
IPCA(3),11,-0.06354592
IPCA(3),11,-0.06065763
IPCA(3),11,-0.09041198
IPCA(3),11,-0.11046213
IPCA(3),11,-0.05700210
IPCA(3),11,-0.06976923
IPCA(3),11,-0.07239470
IPCA(3),11,-0.12283638
IPCA(3),11,-0.04935052
IPCA(3),11,-0.02293526
IPCA(3),11,-0.08294070
IPCA(3),11,-0.04158784
IPCA(3),11,-0.05229242
IPCA(3),11,-0.09914386
IPCA(3),11,-0.07733256
IPCA(3),11,-0.07545223
IPCA(3),11,-0.06850804
IPCA(3),11,-0.05049384
IPCA(3),11,-0.02539047
IPCA(3),11,-0.02152730
IPCA(3),11,-0.04940424
IPCA(3),11,-0.08916950
IPCA(3),11,-0.03265491
IPCA(3),11,-0.05127900
IPCA(3),11,-0.10689706
IPCA(3),11,-0.08807849
IPCA(3),11,0.02196607
IPCA(3),11,-0.06369052
IPCA(3),11,-0.00813132
IPCA(3),11,-0.07298671
IPCA(3),11,-0.09413868
IPCA(3),11,-0.09837159
IPCA(3),11,-0.00792572
IPCA(3),11,-0.08144456
IPCA(3),11,-0.02550213
IPCA(3),11,-0.02466734
IPCA(3),11,-0.07616500
IPCA(3),11,-0.03746433
IPCA(3),11,-0.07191837
IPCA(3),11,-0.04762789
IPCA(3),11,-0.02382688
IPCA(3),11,-0.04793717
IPCA(3),11,-0.05771659
IPCA(3),11,-0.03474065
IPCA(3),11,-0.04605719
IPCA(3),11,-0.07428686
IPCA(3),11,-0.05037943
IPCA(3),11,-0.00368351
IPCA(3),11,-0.06312288
IPCA(3),11,-0.01055890
IPCA(3),11,-0.01248282
IPCA(3),11,-0.10178369
IPCA(3),11,-0.04395342
IPCA(3),11,-0.09163413
IPCA(3),11,-0.08021530
IPCA(3),11,-0.06227048
IPCA(3),11,-0.09566948
IPCA(3),11,-0.04579049
IPCA(3),11,0.01346175
IPCA(3),11,-0.13763902
IPCA(3),11,-0.05589318
IPCA(3),11,-0.07294555
IPCA(3),11,-0.05532076
IPCA(3),11,0.00239665
IPCA(3),11,0.02903306
IPCA(3),11,-0.09031766
IPCA(3),11,-0.00569925
IPCA(3),11,-0.07527333
IPCA(3),11,-0.04450304
IPCA(3),11,-0.04672786
IPCA(3),11,-0.05991182
IPCA(3),11,-0.01204560
IPCA(3),11,-0.01400499
IPCA(3),11,-0.07723421
IPCA(3),11,-0.05565650
IPCA(3),11,-0.05347616
IPCA(3),11,-0.01323042
IPCA(3),11,-0.03269425
IPCA(3),11,0.00865040
IPCA(3),11,-0.06342313
IPCA(3),11,-0.06251037
IPCA(3),11,-0.03820429
IPCA(3),11,-0.00660245
IPCA(3),11,-0.01603008
IPCA(3),11,-0.03123532
IPCA(3),11,-0.05397429
IPCA(3),11,-0.06084356
IPCA(3),11,-0.08129594
IPCA(3),11,-0.08447876
IPCA(3),11,-0.01493189
IPCA(3),11,-0.04929346
IPCA(3),11,-0.00725054
IPCA(3),11,-0.02244116
IPCA(3),11,-0.08052604
IPCA(3),11,-0.01030798
IPCA(3),11,-0.06084796
IPCA(3),11,-0.05923914
IPCA(3),11,-0.05727269
IPCA(3),11,-0.09182469
IPCA(3),11,-0.08413924
IPCA(3),11,-0.06398712
IPCA(3),11,-0.07721070
IPCA(3),11,-0.02817781
IPCA(3),11,-0.04844040
IPCA(3),11,-0.09489479
IPCA(3),11,-0.10906077
IPCA(3),11,-0.03466770
IPCA(3),11,-0.05221908
IPCA(3),11,-0.07893764
IPCA(3),11,-0.11444804
IPCA(3),11,-0.14208835
IPCA(3),11,-0.10278976
IPCA(3),11,-0.01366050
IPCA(3),11,-0.03527331
IPCA(3),11,-0.11903041
IPCA(3),11,-0.05285629
IPCA(3),11,-0.09009025
IPCA(3),11,-0.08019707
IPCA(3),11,-0.04680405
IPCA(3),11,-0.10833019
IPCA(3),11,-0.08506871
IPCA(3),11,-0.08768824
IPCA(3),11,-0.06887621
IPCA(3),11,-0.03398387
IPCA(3),11,-0.02818000
IPCA(3),11,-0.07840731
IPCA(3),11,-0.02146216
IPCA(3),11,-0.08295603
IPCA(3),11,-0.10038042
IPCA(3),11,-0.03350311
IPCA(3),12,-0.02198514
IPCA(3),12,-0.03416415
IPCA(3),12,0.10753658
IPCA(3),12,-0.06364106
IPCA(3),12,0.03644664
IPCA(3),12,-0.06067728
IPCA(3),12,0.00701161
IPCA(3),12,-0.03363978
IPCA(3),12,-0.02401414
IPCA(3),12,0.03405225
IPCA(3),12,-0.05591185
IPCA(3),12,-0.00028284
IPCA(3),12,-0.02916133
IPCA(3),12,0.05157929
IPCA(3),12,-0.02843792
IPCA(3),12,0.00763766
IPCA(3),12,0.00262349
IPCA(3),12,0.10176688
IPCA(3),12,-0.05685854
IPCA(3),12,0.01809167
IPCA(3),12,0.01198097
IPCA(3),12,0.00129505
IPCA(3),12,-0.02524073
IPCA(3),12,-0.07496201
IPCA(3),12,-0.11840615
IPCA(3),12,-0.03213819
IPCA(3),12,-0.07480894
IPCA(3),12,-0.00210389
IPCA(3),12,0.00632777
IPCA(3),12,0.07789070
IPCA(3),12,-0.00940205
IPCA(3),12,0.00310939
IPCA(3),12,-0.03252790
IPCA(3),12,0.02734538
IPCA(3),12,-0.05808353
IPCA(3),12,-0.06585519
IPCA(3),12,-0.03668547
IPCA(3),12,0.00919119
IPCA(3),12,-0.02653236
IPCA(3),12,0.02306919
IPCA(3),12,-0.02268033
IPCA(3),12,-0.02027125
IPCA(3),12,0.00376580
IPCA(3),12,-0.04324865
IPCA(3),12,0.01478137
IPCA(3),12,-0.03982371
IPCA(3),12,0.01021616
IPCA(3),12,-0.02035424
IPCA(3),12,-0.02882012
IPCA(3),12,-0.03475922
IPCA(3),12,0.01992892
IPCA(3),12,-0.05923564
IPCA(3),12,-0.02760653
IPCA(3),12,-0.05484259
IPCA(3),12,-0.05744613
IPCA(3),12,-0.07266985
IPCA(3),12,-0.04875133
IPCA(3),12,-0.06154421
IPCA(3),12,-0.08223823
IPCA(3),12,-0.02242808
IPCA(3),12,-0.03935896
IPCA(3),12,-0.02280265
IPCA(3),12,0.02092269
IPCA(3),12,-0.07689100
IPCA(3),12,-0.06420973
IPCA(3),12,-0.03509857
IPCA(3),12,-0.03202050
IPCA(3),12,-0.04919791
IPCA(3),12,-0.06070433
IPCA(3),12,-0.00509170
IPCA(3),12,0.00409915
IPCA(3),12,-0.00765934
IPCA(3),12,0.01807687
IPCA(3),12,-0.03476185
IPCA(3),12,-0.03757291
IPCA(3),12,0.02722627
IPCA(3),12,-0.00265907
IPCA(3),12,-0.01740684
IPCA(3),12,-0.08192487
IPCA(3),12,-0.03395322
IPCA(3),12,-0.00565236
IPCA(3),12,-0.03341136
IPCA(3),12,-0.04794695
IPCA(3),12,-0.06651656
IPCA(3),12,0.04396351
IPCA(3),12,-0.04117285
IPCA(3),12,-0.02495874
IPCA(3),12,0.01151821
IPCA(3),12,-0.01599864
IPCA(3),12,0.00602204
IPCA(3),12,-0.04000186
IPCA(3),12,-0.00257664
IPCA(3),12,-0.05304519
IPCA(3),12,-0.03081072
IPCA(3),12,-0.06305717
IPCA(3),12,-0.02169793
IPCA(3),12,-0.01207792
IPCA(3),12,-0.02314675
IPCA(3),12,0.01680595
IPCA(3),12,-0.04404761
IPCA(3),12,-0.01164215
IPCA(3),12,-0.02895012
IPCA(3),12,0.01734960
IPCA(3),12,0.06506010
IPCA(3),12,0.01707640
IPCA(3),12,0.08322425
IPCA(3),12,0.07399747
IPCA(3),12,0.07503622
IPCA(3),12,-0.00845605
IPCA(3),12,0.04248830
IPCA(3),12,0.05110429
IPCA(3),12,-0.02483584
IPCA(3),12,0.03799153
IPCA(3),12,-0.07058699
IPCA(3),12,0.00684710
IPCA(3),12,-0.02462270
IPCA(3),12,0.01968049
IPCA(3),12,0.04488886
IPCA(3),12,0.00020272
IPCA(3),12,0.09463313
IPCA(3),12,0.04854920
IPCA(3),12,-0.01720723
IPCA(3),12,-0.02100286
IPCA(3),12,-0.00194648
IPCA(3),12,0.03340328
IPCA(3),12,0.05265907
IPCA(3),12,-0.02736500
IPCA(3),12,0.06560251
IPCA(3),12,0.06885325
IPCA(3),12,-0.03520172
IPCA(3),12,0.02760782
IPCA(3),12,-0.01937184
IPCA(3),12,0.02667795
IPCA(3),12,0.03359623
IPCA(3),12,0.04629704
IPCA(3),12,0.02694910
IPCA(3),12,0.01588720
IPCA(3),12,-0.05657794
IPCA(3),12,0.02065715
IPCA(3),12,-0.04028485
IPCA(3),12,-0.06216244
IPCA(3),12,-0.04303086
IPCA(3),12,0.03820849
IPCA(3),12,-0.00247653
IPCA(3),12,0.00740388
IPCA(3),12,-0.01793562
IPCA(3),12,0.05399933
IPCA(3),12,-0.00559236
IPCA(3),12,0.03528013
IPCA(3),12,0.01215999
IPCA(3),12,0.01658036
IPCA(3),12,-0.03738591
IPCA(3),12,-0.05196887
IPCA(3),12,-0.01451289
IPCA(3),12,0.01410458
IPCA(3),12,0.00258194
IPCA(3),12,-0.04275547
IPCA(3),12,0.04134506
IPCA(3),12,0.00638496
IPCA(3),12,-0.00324914
IPCA(3),12,0.00592720
IPCA(3),12,0.05283354
IPCA(3),12,-0.03600823
IPCA(3),12,0.00963214
IPCA(3),12,0.00990682
IPCA(3),12,-0.03915780
IPCA(3),12,-0.04425341
IPCA(3),12,0.02487467
IPCA(3),12,0.02375635
IPCA(3),12,0.00372868
IPCA(3),12,-0.04479191
IPCA(3),12,0.09542847
IPCA(3),12,0.00196680
IPCA(3),12,-0.01766240
IPCA(3),12,-0.02489411
IPCA(3),12,-0.10982393
IPCA(3),12,-0.02251299
IPCA(3),12,-0.01995016
IPCA(3),12,0.02551706
IPCA(3),12,-0.03063546
IPCA(3),12,-0.00870029
IPCA(3),12,0.01314743
IPCA(3),12,0.03538162
IPCA(3),12,-0.01315175
IPCA(3),12,-0.01263407
IPCA(3),12,0.02887557
IPCA(3),12,-0.05524714
IPCA(3),12,-0.04847973
IPCA(3),12,-0.04018594
IPCA(3),12,0.00805991
IPCA(3),12,-0.02069818
IPCA(3),12,-0.01041001
IPCA(3),12,-0.00043372
IPCA(3),12,-0.05765860
IPCA(3),12,-0.03923265
IPCA(3),12,0.03511308
IPCA(3),12,-0.00097294
IPCA(3),12,-0.04730486
IPCA(3),12,-0.04417965
IPCA(3),12,-0.06538976
IPCA(3),12,-0.00539196
IPCA(3),12,-0.00029002
IPCA(3),12,-0.00753290
IPCA(3),12,-0.02254134
IPCA(3),12,-0.04634527
IPCA(3),12,-0.07193684
IPCA(3),12,-0.02385241
IPCA(3),12,0.03986231
IPCA(3),12,-0.02852167
IPCA(3),12,-0.01944934
IPCA(3),12,-0.00493257
IPCA(3),12,-0.04424579
IPCA(3),12,-0.04528379
IPCA(3),12,-0.06003920
IPCA(3),12,-0.00398067
IPCA(3),12,-0.03337502
IPCA(3),12,0.00149323
IPCA(3),12,-0.00966451
IPCA(3),12,-0.02308891
IPCA(3),12,0.01579880
IPCA(3),12,-0.01262548
IPCA(3),12,0.01522237
IPCA(3),12,-0.04114172
IPCA(3),12,0.00603341
IPCA(3),12,-0.03552006
IPCA(3),12,-0.01214630
IPCA(3),12,-0.07978803
IPCA(3),12,-0.04027736
IPCA(3),12,-0.00841728
IPCA(3),12,-0.03291804
IPCA(3),12,-0.03846966
IPCA(3),12,0.08296764
IPCA(3),12,0.18802263
IPCA(3),12,-0.03589133
IPCA(3),12,-0.04257359
IPCA(3),12,-0.07381783
IPCA(3),12,-0.03859271
IPCA(3),12,-0.04318431
IPCA(3),12,0.01314421
IPCA(3),12,-0.04043031
IPCA(3),12,-0.06456822
IPCA(3),12,-0.02531714
IPCA(3),12,0.01679629
IPCA(3),12,0.03338430
IPCA(3),12,-0.08269170
IPCA(3),12,-0.01153932
IPCA(3),12,0.01911593
IPCA(3),12,-0.01839644
IPCA(3),12,-0.03136046
IPCA(3),12,0.00690391
IPCA(3),12,-0.01110651
IPCA(3),12,-0.04308564
IPCA(3),12,-0.01257255
IPCA(3),12,-0.00463317
IPCA(3),12,0.01214836
IPCA(3),12,-0.01634053
IPCA(3),12,0.00823335
IPCA(3),12,-0.01863489
IPCA(3),12,-0.04236151
IPCA(3),12,0.02983749
IPCA(3),12,0.03895166
IPCA(3),12,0.01464525
IPCA(3),12,-0.03888512
IPCA(3),12,0.00867976
IPCA(3),12,-0.00875100
IPCA(3),12,-0.04772894
IPCA(3),12,0.01851189
IPCA(3),12,-0.02643951
IPCA(3),12,-0.04058164
IPCA(3),12,-0.04727717
IPCA(3),12,0.01383903
IPCA(3),12,-0.05838224
IPCA(3),12,0.00419595
IPCA(3),12,-0.02870817
IPCA(3),12,-0.04983284
IPCA(3),12,-0.04403057
IPCA(3),12,-0.03333796
IPCA(3),12,-0.05961608
IPCA(3),12,-0.03628378
IPCA(3),12,-0.03613530
IPCA(3),12,-0.08405523
IPCA(3),12,-0.03346254
IPCA(3),12,-0.04518895
IPCA(3),12,0.03188023
IPCA(3),12,0.03773113
IPCA(3),12,-0.03427460
IPCA(3),12,0.01162502
IPCA(3),12,-0.03937564
IPCA(3),12,-0.06274432
IPCA(3),12,-0.02457398
IPCA(3),12,-0.05069290
IPCA(3),12,-0.02224267
IPCA(3),12,0.00654479
IPCA(3),12,-0.10355800
IPCA(3),12,-0.01972803
IPCA(3),12,0.02097965
IPCA(3),12,-0.02731507
IPCA(3),12,-0.04978409
IPCA(3),12,-0.06104258
IPCA(3),12,-0.05510512
IPCA(3),12,-0.05608976
IPCA(3),12,-0.01863763
IPCA(3),12,0.03340938
IPCA(3),12,-0.04319732
IPCA(3),12,-0.01664512
IPCA(3),12,-0.05956991
IPCA(3),12,-0.03302201
IPCA(3),12,-0.02564048
IPCA(5),1,-0.14152744
IPCA(5),1,-0.03645850
IPCA(5),1,-0.14316142
IPCA(5),1,-0.06439536
IPCA(5),1,-0.06711626
IPCA(5),1,-0.02128097
IPCA(5),1,0.06809796
IPCA(5),1,0.02374956
IPCA(5),1,0.00099358
IPCA(5),1,-0.02803206
IPCA(5),1,-0.02863291
IPCA(5),1,-0.07538687
IPCA(5),1,0.01410280
IPCA(5),1,0.01024253
IPCA(5),1,-0.05542851
IPCA(5),1,-0.13934175
IPCA(5),1,-0.03491428
IPCA(5),1,-0.13628239
IPCA(5),1,-0.07533345
IPCA(5),1,-0.05691517
IPCA(5),1,0.00040376
IPCA(5),1,-0.08633074
IPCA(5),1,-0.14336954
IPCA(5),1,-0.05561814
IPCA(5),1,-0.10282933
IPCA(5),1,-0.03870773
IPCA(5),1,-0.06514537
IPCA(5),1,-0.09228396
IPCA(5),1,0.01007068
IPCA(5),1,-0.11412867
IPCA(5),1,-0.04897481
IPCA(5),1,0.05158874
IPCA(5),1,-0.05920574
IPCA(5),1,-0.01002290
IPCA(5),1,-0.03048321
IPCA(5),1,-0.11656854
IPCA(5),1,-0.04819586
IPCA(5),1,-0.01973114
IPCA(5),1,-0.08659228
IPCA(5),1,0.00459788
IPCA(5),1,-0.01717411
IPCA(5),1,0.01729103
IPCA(5),1,-0.01711068
IPCA(5),1,0.01246567
IPCA(5),1,-0.04191456
IPCA(5),1,0.07426344
IPCA(5),1,-0.01255068
IPCA(5),1,0.01961865
IPCA(5),1,0.02221558
IPCA(5),1,0.12583366
IPCA(5),1,-0.05113566
IPCA(5),1,-0.07106446
IPCA(5),1,-0.03595056
IPCA(5),1,-0.05877281
IPCA(5),1,-0.01980466
IPCA(5),1,-0.05451202
IPCA(5),1,-0.05172708
IPCA(5),1,-0.01383494
IPCA(5),1,-0.04338958
IPCA(5),1,-0.09488301
IPCA(5),1,-0.05047001
IPCA(5),1,0.02850991
IPCA(5),1,0.07242014
IPCA(5),1,0.06957834
IPCA(5),1,-0.08113988
IPCA(5),1,-0.04821996
IPCA(5),1,0.01031222
IPCA(5),1,0.00354618
IPCA(5),1,-0.07636386
IPCA(5),1,0.10407140
IPCA(5),1,-0.05048110
IPCA(5),1,-0.07878353
IPCA(5),1,-0.01161527
IPCA(5),1,-0.14797333
IPCA(5),1,-0.18387779
IPCA(5),1,-0.12349584
IPCA(5),1,0.05243736
IPCA(5),1,-0.06440244
IPCA(5),1,-0.04720444
IPCA(5),1,-0.05198371
IPCA(5),1,-0.02406814
IPCA(5),1,-0.07913602
IPCA(5),1,-0.03475526
IPCA(5),1,-0.05866243
IPCA(5),1,-0.02302625
IPCA(5),1,-0.06224436
IPCA(5),1,-0.09823365
IPCA(5),1,-0.08197962
IPCA(5),1,-0.03327775
IPCA(5),1,0.04992438
IPCA(5),1,-0.03368920
IPCA(5),1,-0.03715004
IPCA(5),1,-0.08030573
IPCA(5),1,-0.04031009
IPCA(5),1,-0.01048840
IPCA(5),1,-0.03781050
IPCA(5),1,-0.04245496
IPCA(5),1,0.06039753
IPCA(5),1,-0.06678571
IPCA(5),1,-0.01892355
IPCA(5),1,-0.03576071
IPCA(5),1,0.01181563
IPCA(5),1,-0.02087449
IPCA(5),1,-0.02259525
IPCA(5),1,-0.02186423
IPCA(5),1,-0.07761765
IPCA(5),1,-0.05314090
IPCA(5),1,0.00412564
IPCA(5),1,-0.01179567
IPCA(5),1,-0.01802537
IPCA(5),1,-0.01367958
IPCA(5),1,-0.04442280
IPCA(5),1,0.03660336
IPCA(5),1,0.01103875
IPCA(5),1,-0.01037066
IPCA(5),1,-0.11600542
IPCA(5),1,0.02255600
IPCA(5),1,-0.03739999
IPCA(5),1,-0.00759359
IPCA(5),1,-0.07104266
IPCA(5),1,-0.02908578
IPCA(5),1,-0.08569295
IPCA(5),1,-0.07109493
IPCA(5),1,-0.04149503
IPCA(5),1,-0.00606137
IPCA(5),1,-0.14188935
IPCA(5),1,-0.03680489
IPCA(5),1,-0.03996183
IPCA(5),1,-0.02719561
IPCA(5),1,-0.05962664
IPCA(5),1,-0.10004778
IPCA(5),1,-0.00492281
IPCA(5),1,-0.13929403
IPCA(5),1,-0.05430847
IPCA(5),1,-0.03285137
IPCA(5),1,0.08788946
IPCA(5),1,0.06528650
IPCA(5),1,-0.12329118
IPCA(5),1,-0.09051268
IPCA(5),1,-0.07032186
IPCA(5),1,-0.11296991
IPCA(5),1,-0.05629124
IPCA(5),1,-0.04126945
IPCA(5),1,-0.07552284
IPCA(5),1,-0.07741212
IPCA(5),1,-0.03829015
IPCA(5),1,0.01137706
IPCA(5),1,0.03186504
IPCA(5),1,-0.03352995
IPCA(5),1,-0.00124704
IPCA(5),1,-0.00242457
IPCA(5),1,0.00594647
IPCA(5),1,-0.10195336
IPCA(5),1,-0.13199424
IPCA(5),1,0.01730917
IPCA(5),1,0.05961461
IPCA(5),1,-0.01421556
IPCA(5),1,-0.04216026
IPCA(5),1,-0.03279785
IPCA(5),1,0.04227479
IPCA(5),1,-0.10522155
IPCA(5),1,-0.04477781
IPCA(5),1,-0.04286267
IPCA(5),1,-0.06931956
IPCA(5),1,0.04723964
IPCA(5),1,-0.06228260
IPCA(5),1,-0.08294443
IPCA(5),1,0.04519278
IPCA(5),1,-0.03108710
IPCA(5),1,-0.06554937
IPCA(5),1,0.03627877
IPCA(5),1,0.00361198
IPCA(5),1,-0.07116771
IPCA(5),1,-0.01069160
IPCA(5),1,0.00497745
IPCA(5),1,-0.04693540
IPCA(5),1,-0.04263408
IPCA(5),1,0.02742163
IPCA(5),1,-0.03169001
IPCA(5),1,0.01584355
IPCA(5),1,-0.10779995
IPCA(5),1,0.03959357
IPCA(5),1,0.06122156
IPCA(5),1,0.02700610
IPCA(5),1,0.01659450
IPCA(5),1,-0.03324362
IPCA(5),1,-0.08633961
IPCA(5),1,0.02217455
IPCA(5),1,0.01870556
IPCA(5),1,-0.06445072
IPCA(5),1,-0.11316876
IPCA(5),1,-0.04653325
IPCA(5),1,-0.00881356
IPCA(5),1,-0.08262645
IPCA(5),1,-0.04457698
IPCA(5),1,-0.09635696
IPCA(5),1,0.02099661
IPCA(5),1,-0.10735482
IPCA(5),1,-0.14004654
IPCA(5),1,-0.02601784
IPCA(5),1,0.00654268
IPCA(5),1,-0.06942072
IPCA(5),1,0.08529063
IPCA(5),1,-0.08336880
IPCA(5),1,-0.09961579
IPCA(5),1,-0.03978156
IPCA(5),1,-0.12155902
IPCA(5),1,-0.02799782
IPCA(5),1,0.00053320
IPCA(5),1,-0.05542884
IPCA(5),1,0.00673241
IPCA(5),1,-0.08291488
IPCA(5),1,-0.13908520
IPCA(5),1,-0.07249989
IPCA(5),1,-0.00085596
IPCA(5),1,-0.02964660
IPCA(5),1,-0.14443964
IPCA(5),1,-0.11475053
IPCA(5),1,0.01021113
IPCA(5),1,-0.01272650
IPCA(5),1,-0.06634717
IPCA(5),1,-0.02514252
IPCA(5),1,-0.13799091
IPCA(5),1,0.05826991
IPCA(5),1,-0.02966299
IPCA(5),1,0.08591514
IPCA(5),1,-0.02645189
IPCA(5),1,0.00284259
IPCA(5),1,0.03962201
IPCA(5),1,-0.05565154
IPCA(5),1,-0.00121638
IPCA(5),1,-0.05568311
IPCA(5),1,-0.08082857
IPCA(5),1,-0.11719573
IPCA(5),1,-0.13047999
IPCA(5),1,-0.13459305
IPCA(5),1,-0.05029018
IPCA(5),1,-0.06804100
IPCA(5),1,-0.04771905
IPCA(5),1,-0.11239238
IPCA(5),1,-0.08015398
IPCA(5),1,-0.06129087
IPCA(5),1,-0.11079638
IPCA(5),1,-0.04627925
IPCA(5),2,-0.00781472
IPCA(5),2,-0.03884642
IPCA(5),2,0.04285906
IPCA(5),2,0.01838613
IPCA(5),2,-0.00497242
IPCA(5),2,0.08366183
IPCA(5),2,-0.02321305
IPCA(5),2,-0.07447604
IPCA(5),2,-0.04058610
IPCA(5),2,-0.05588383
IPCA(5),2,-0.04077177
IPCA(5),2,-0.02114466
IPCA(5),2,-0.08970829
IPCA(5),2,0.04749399
IPCA(5),2,0.04018986
IPCA(5),2,-0.04891786
IPCA(5),2,-0.02236439
IPCA(5),2,-0.01586034
IPCA(5),2,-0.02312659
IPCA(5),2,-0.02980526
IPCA(5),2,-0.00636822
IPCA(5),2,0.03572747
IPCA(5),2,-0.02367210
IPCA(5),2,-0.04312331
IPCA(5),2,-0.01645181
IPCA(5),2,-0.05968691
IPCA(5),2,0.04457027
IPCA(5),2,-0.02852701
IPCA(5),2,-0.01949905
IPCA(5),2,0.07100077
IPCA(5),2,0.04395093
IPCA(5),2,0.01455892
IPCA(5),2,-0.01626086
IPCA(5),2,0.02504490
IPCA(5),2,0.00394727
IPCA(5),2,0.10921348
IPCA(5),2,-0.04901442
IPCA(5),2,-0.00154933
IPCA(5),2,-0.02327425
IPCA(5),2,-0.02823970
IPCA(5),2,-0.02589119
IPCA(5),2,-0.02362842
IPCA(5),2,0.00645273
IPCA(5),2,0.01265964
IPCA(5),2,-0.05082824
IPCA(5),2,-0.08451459
IPCA(5),2,0.00007147
IPCA(5),2,-0.03472755
IPCA(5),2,-0.01769450
IPCA(5),2,-0.01586823
IPCA(5),2,-0.03757709
IPCA(5),2,-0.04179397
IPCA(5),2,0.06795904
IPCA(5),2,0.04759458
IPCA(5),2,-0.08274865
IPCA(5),2,0.02411442
IPCA(5),2,-0.03301664
IPCA(5),2,0.06016608
IPCA(5),2,0.03511350
IPCA(5),2,0.01761296
IPCA(5),2,-0.00815392
IPCA(5),2,0.02839206
IPCA(5),2,0.02381880
IPCA(5),2,0.02783215
IPCA(5),2,-0.00238962
IPCA(5),2,0.00863676
IPCA(5),2,0.02380160
IPCA(5),2,-0.00566171
IPCA(5),2,0.00116163
IPCA(5),2,-0.05445571
IPCA(5),2,-0.01053972
IPCA(5),2,-0.02216964
IPCA(5),2,-0.09861659
IPCA(5),2,-0.04464296
IPCA(5),2,0.02930123
IPCA(5),2,0.04208290
IPCA(5),2,0.00221567
IPCA(5),2,-0.01297555
IPCA(5),2,0.00973094
IPCA(5),2,-0.08427766
IPCA(5),2,-0.02801578
IPCA(5),2,-0.10766938
IPCA(5),2,0.01543765
IPCA(5),2,-0.07367514
IPCA(5),2,0.03875746
IPCA(5),2,-0.03938469
IPCA(5),2,-0.03260227
IPCA(5),2,-0.05340328
IPCA(5),2,-0.09960078
IPCA(5),2,-0.04523722
IPCA(5),2,-0.06715052
IPCA(5),2,-0.04129876
IPCA(5),2,-0.09399521
IPCA(5),2,-0.09284490
IPCA(5),2,-0.13635137
IPCA(5),2,-0.06734590
IPCA(5),2,-0.00483885
IPCA(5),2,-0.01522499
IPCA(5),2,-0.08366093
IPCA(5),2,0.03060892
IPCA(5),2,-0.09610491
IPCA(5),2,-0.02495176
IPCA(5),2,-0.02602243
IPCA(5),2,-0.03263394
IPCA(5),2,-0.02627049
IPCA(5),2,-0.02109980
IPCA(5),2,-0.09799887
IPCA(5),2,-0.12133834
IPCA(5),2,-0.10904726
IPCA(5),2,0.03196128
IPCA(5),2,-0.04198643
IPCA(5),2,-0.03736314
IPCA(5),2,-0.04723350
IPCA(5),2,-0.00311285
IPCA(5),2,0.00978872
IPCA(5),2,-0.02324468
IPCA(5),2,-0.05554686
IPCA(5),2,-0.07386924
IPCA(5),2,-0.05842261
IPCA(5),2,0.02731670
IPCA(5),2,-0.03609708
IPCA(5),2,-0.06733084
IPCA(5),2,-0.04668882
IPCA(5),2,0.03891734
IPCA(5),2,-0.08021828
IPCA(5),2,0.03237433
IPCA(5),2,0.00375748
IPCA(5),2,-0.00949471
IPCA(5),2,-0.03015226
IPCA(5),2,-0.04518316
IPCA(5),2,-0.01927430
IPCA(5),2,0.03404765
IPCA(5),2,-0.09575251
IPCA(5),2,-0.01674279
IPCA(5),2,-0.07364196
IPCA(5),2,0.09592566
IPCA(5),2,0.03101048
IPCA(5),2,-0.05660931
IPCA(5),2,-0.01148196
IPCA(5),2,0.01157520
IPCA(5),2,0.04052641
IPCA(5),2,-0.04557752
IPCA(5),2,0.00927017
IPCA(5),2,-0.00842161
IPCA(5),2,0.00903015
IPCA(5),2,-0.05426624
IPCA(5),2,0.02028056
IPCA(5),2,0.01950144
IPCA(5),2,0.04844454
IPCA(5),2,-0.01964188
IPCA(5),2,0.02387724
IPCA(5),2,-0.05396815
IPCA(5),2,-0.07641842
IPCA(5),2,-0.00835293
IPCA(5),2,-0.01005893
IPCA(5),2,-0.02474917
IPCA(5),2,-0.02928270
IPCA(5),2,-0.04105519
IPCA(5),2,-0.08338701
IPCA(5),2,-0.13948269
IPCA(5),2,-0.07209413
IPCA(5),2,-0.10274354
IPCA(5),2,-0.02208528
IPCA(5),2,0.03985046
IPCA(5),2,-0.08106701
IPCA(5),2,-0.13422074
IPCA(5),2,-0.07103574
IPCA(5),2,0.10268186
IPCA(5),2,-0.09262882
IPCA(5),2,-0.06423152
IPCA(5),2,-0.06084795
IPCA(5),2,0.01088229
IPCA(5),2,-0.05575378
IPCA(5),2,-0.11790828
IPCA(5),2,-0.05004507
IPCA(5),2,-0.12431096
IPCA(5),2,-0.12240674
IPCA(5),2,-0.04647629
IPCA(5),2,-0.15081956
IPCA(5),2,-0.07036691
IPCA(5),2,-0.05234383
IPCA(5),2,-0.07801026
IPCA(5),2,-0.04747755
IPCA(5),2,0.01686546
IPCA(5),2,-0.05926846
IPCA(5),2,0.02145036
IPCA(5),2,0.26515966
IPCA(5),2,-0.04225287
IPCA(5),2,0.00470095
IPCA(5),2,-0.01697027
IPCA(5),2,0.03592626
IPCA(5),2,0.00726167
IPCA(5),2,-0.04135098
IPCA(5),2,-0.02244754
IPCA(5),2,-0.05030399
IPCA(5),2,-0.01383006
IPCA(5),2,0.00752852
IPCA(5),2,-0.10187494
IPCA(5),2,-0.04922708
IPCA(5),2,-0.04252582
IPCA(5),2,-0.03450227
IPCA(5),2,-0.05095264
IPCA(5),2,-0.10741931
IPCA(5),2,-0.04440570
IPCA(5),2,0.01863097
IPCA(5),2,-0.03981494
IPCA(5),2,-0.01734529
IPCA(5),2,-0.05231511
IPCA(5),2,-0.03116100
IPCA(5),2,-0.02461038
IPCA(5),2,-0.02393958
IPCA(5),2,0.01213508
IPCA(5),2,-0.03848235
IPCA(5),2,0.05002708
IPCA(5),2,-0.05064588
IPCA(5),2,-0.03362542
IPCA(5),2,-0.01195286
IPCA(5),2,0.07352613
IPCA(5),2,-0.03427463
IPCA(5),2,-0.04405896
IPCA(5),2,-0.08842501
IPCA(5),2,-0.11764959
IPCA(5),2,-0.06355759
IPCA(5),2,-0.10644343
IPCA(5),2,0.02874329
IPCA(5),2,-0.06303810
IPCA(5),2,-0.02352871
IPCA(5),2,0.04939467
IPCA(5),2,-0.00930651
IPCA(5),2,-0.09334267
IPCA(5),2,-0.03205096
IPCA(5),2,-0.06305559
IPCA(5),2,-0.02867988
IPCA(5),2,-0.02974573
IPCA(5),2,-0.08191987
IPCA(5),2,-0.01582453
IPCA(5),2,-0.00696392
IPCA(5),2,-0.08468389
IPCA(5),2,-0.15432689
IPCA(5),2,-0.03702607
IPCA(5),2,-0.04075324
IPCA(5),2,0.00949824
IPCA(5),2,-0.05875677
IPCA(5),2,0.00120141
IPCA(5),2,-0.07652742
IPCA(5),3,-0.03323272
IPCA(5),3,0.02828087
IPCA(5),3,0.00949115
IPCA(5),3,0.09361344
IPCA(5),3,0.07515481
IPCA(5),3,-0.02663641
IPCA(5),3,-0.01715182
IPCA(5),3,0.05913959
IPCA(5),3,0.02419540
IPCA(5),3,0.04804451
IPCA(5),3,-0.01594804
IPCA(5),3,-0.01414609
IPCA(5),3,0.05691737
IPCA(5),3,-0.02672587
IPCA(5),3,-0.02027877
IPCA(5),3,0.00534557
IPCA(5),3,0.03288103
IPCA(5),3,-0.01504687
IPCA(5),3,0.03517775
IPCA(5),3,0.00914692
IPCA(5),3,0.00953680
IPCA(5),3,0.06002910
IPCA(5),3,0.00767753
IPCA(5),3,-0.03304026
IPCA(5),3,0.00727617
IPCA(5),3,0.02349309
IPCA(5),3,0.03238500
IPCA(5),3,0.03189929
IPCA(5),3,-0.00734181
IPCA(5),3,0.02260696
IPCA(5),3,-0.00032442
IPCA(5),3,0.17612840
IPCA(5),3,0.05123439
IPCA(5),3,0.05172552
IPCA(5),3,-0.01587053
IPCA(5),3,0.00451350
IPCA(5),3,0.03462269
IPCA(5),3,0.06597154
IPCA(5),3,0.11375930
IPCA(5),3,0.05535379
IPCA(5),3,0.15422720
IPCA(5),3,0.06710647
IPCA(5),3,0.00039927
IPCA(5),3,-0.03459013
IPCA(5),3,0.06877388
IPCA(5),3,0.08317842
IPCA(5),3,0.07997524
IPCA(5),3,-0.00993874
IPCA(5),3,0.00659096
IPCA(5),3,0.05525422
IPCA(5),3,0.08083360
IPCA(5),3,0.05135428
IPCA(5),3,0.10054802
IPCA(5),3,0.02772304
IPCA(5),3,0.00110252
IPCA(5),3,0.08471490
IPCA(5),3,0.00204879
IPCA(5),3,0.04610759
IPCA(5),3,0.02007086
IPCA(5),3,0.07013760
IPCA(5),3,0.00299213
IPCA(5),3,0.07189456
IPCA(5),3,0.04653171
IPCA(5),3,-0.04274070
IPCA(5),3,0.02485038
IPCA(5),3,-0.00904479
IPCA(5),3,0.03763303
IPCA(5),3,0.06127676
IPCA(5),3,0.10339983
IPCA(5),3,-0.01961212
IPCA(5),3,0.12082206
IPCA(5),3,0.05219797
IPCA(5),3,0.04027854
IPCA(5),3,0.10723882
IPCA(5),3,0.00130902
IPCA(5),3,0.03485928
IPCA(5),3,-0.01750986
IPCA(5),3,0.00824147
IPCA(5),3,0.02463030
IPCA(5),3,0.03248136
IPCA(5),3,0.07290011
IPCA(5),3,0.01280458
IPCA(5),3,0.06701342
IPCA(5),3,0.01375638
IPCA(5),3,-0.01017421
IPCA(5),3,-0.01926277
IPCA(5),3,-0.05580526
IPCA(5),3,-0.04379804
IPCA(5),3,-0.08774625
IPCA(5),3,0.00124543
IPCA(5),3,0.00187022
IPCA(5),3,-0.03700920
IPCA(5),3,-0.01763751
IPCA(5),3,0.07262753
IPCA(5),3,-0.00342530
IPCA(5),3,-0.05834896
IPCA(5),3,0.02036685
IPCA(5),3,-0.01286947
IPCA(5),3,-0.03639854
IPCA(5),3,-0.05538729
IPCA(5),3,-0.02745552
IPCA(5),3,-0.02308200
IPCA(5),3,0.01694126
IPCA(5),3,-0.02170883
IPCA(5),3,-0.07471938
IPCA(5),3,-0.02143739
IPCA(5),3,-0.01952709
IPCA(5),3,-0.02337942
IPCA(5),3,-0.04848946
IPCA(5),3,0.01058785
IPCA(5),3,-0.03587316
IPCA(5),3,0.00373366
IPCA(5),3,-0.01929044
IPCA(5),3,-0.04204056
IPCA(5),3,-0.00889962
IPCA(5),3,0.00655613
IPCA(5),3,-0.01005510
IPCA(5),3,0.01656229
IPCA(5),3,-0.03157358
IPCA(5),3,-0.03966155
IPCA(5),3,-0.01755359
IPCA(5),3,-0.03228738
IPCA(5),3,0.13554845
IPCA(5),3,0.07071639
IPCA(5),3,-0.02322963
IPCA(5),3,-0.00029192
IPCA(5),3,-0.01842600
IPCA(5),3,-0.02342201
IPCA(5),3,0.04399902
IPCA(5),3,-0.00422606
IPCA(5),3,0.00143875
IPCA(5),3,-0.00441202
IPCA(5),3,-0.00050199
IPCA(5),3,0.07913912
IPCA(5),3,-0.04217759
IPCA(5),3,0.01865584
IPCA(5),3,-0.01016162
IPCA(5),3,0.01912335
IPCA(5),3,0.00618298
IPCA(5),3,0.06220584
IPCA(5),3,-0.02551622
IPCA(5),3,-0.01001165
IPCA(5),3,-0.01641441
IPCA(5),3,0.00500908
IPCA(5),3,0.00004408
IPCA(5),3,0.04216950
IPCA(5),3,-0.00527393
IPCA(5),3,0.05056116
IPCA(5),3,-0.00920921
IPCA(5),3,0.09892062
IPCA(5),3,0.06530617
IPCA(5),3,0.00145302
IPCA(5),3,0.00621784
IPCA(5),3,0.02548965
IPCA(5),3,0.08341898
IPCA(5),3,0.15353403
IPCA(5),3,-0.01832788
IPCA(5),3,-0.03371749
IPCA(5),3,0.01852859
IPCA(5),3,0.13476651
IPCA(5),3,-0.06900347
IPCA(5),3,-0.07406391
IPCA(5),3,0.04149826
IPCA(5),3,0.05093401
IPCA(5),3,-0.00650040
IPCA(5),3,0.04760322
IPCA(5),3,-0.04318080
IPCA(5),3,-0.00799610
IPCA(5),3,0.14166071
IPCA(5),3,-0.00862074
IPCA(5),3,-0.00968150
IPCA(5),3,-0.03658790
IPCA(5),3,-0.01214245
IPCA(5),3,0.00032679
IPCA(5),3,0.01484459
IPCA(5),3,0.02613712
IPCA(5),3,0.01903896
IPCA(5),3,0.09594523
IPCA(5),3,0.08333058
IPCA(5),3,0.06996367
IPCA(5),3,0.04652820
IPCA(5),3,-0.02996309
IPCA(5),3,0.05486028
IPCA(5),3,0.03996592
IPCA(5),3,0.00833316
IPCA(5),3,0.05070223
IPCA(5),3,0.00392930
IPCA(5),3,-0.01497273
IPCA(5),3,0.04996946
IPCA(5),3,-0.00852940
IPCA(5),3,-0.06369963
IPCA(5),3,0.03427365
IPCA(5),3,0.04393207
IPCA(5),3,-0.02600963
IPCA(5),3,0.02527914
IPCA(5),3,0.03197546
IPCA(5),3,0.03906247
IPCA(5),3,-0.01167242
IPCA(5),3,-0.00619205
IPCA(5),3,0.05004534
IPCA(5),3,-0.04024026
IPCA(5),3,0.03784846
IPCA(5),3,0.02423242
IPCA(5),3,0.02831859
IPCA(5),3,0.02788663
IPCA(5),3,-0.00037541
IPCA(5),3,-0.00733126
IPCA(5),3,0.03246310
IPCA(5),3,0.04426373
IPCA(5),3,0.03056861
IPCA(5),3,-0.00026365
IPCA(5),3,0.00904035
IPCA(5),3,0.02842319
IPCA(5),3,0.03563801
IPCA(5),3,-0.01614609
IPCA(5),3,-0.05498234
IPCA(5),3,0.03514172
IPCA(5),3,0.03399938
IPCA(5),3,-0.01863182
IPCA(5),3,0.02933786
IPCA(5),3,0.03090031
IPCA(5),3,-0.01472822
IPCA(5),3,-0.04468849
IPCA(5),3,0.08796039
IPCA(5),3,0.10952708
IPCA(5),3,0.00492071
IPCA(5),3,-0.00044770
IPCA(5),3,-0.01111133
IPCA(5),3,0.07414370
IPCA(5),3,0.09148130
IPCA(5),3,-0.02233359
IPCA(5),3,-0.02017969
IPCA(5),3,0.03795698
IPCA(5),3,-0.01800743
IPCA(5),3,-0.00655096
IPCA(5),3,-0.05388774
IPCA(5),3,0.03219373
IPCA(5),3,-0.05067029
IPCA(5),3,0.00711267
IPCA(5),3,-0.02906521
IPCA(5),3,0.00629861
IPCA(5),3,0.06334543
IPCA(5),3,-0.01563945
IPCA(5),3,0.02010343
IPCA(5),3,0.00538351
IPCA(5),3,0.06366905
IPCA(5),3,0.04145298
IPCA(5),3,-0.00409342
IPCA(5),3,0.07735666
IPCA(5),3,-0.01916088
IPCA(5),3,0.09429897
IPCA(5),3,0.01813622
IPCA(5),4,0.05378227
IPCA(5),4,0.11008861
IPCA(5),4,-0.00763521
IPCA(5),4,0.12913818
IPCA(5),4,0.00857679
IPCA(5),4,0.04314848
IPCA(5),4,0.03859428
IPCA(5),4,-0.01397240
IPCA(5),4,-0.01936207
IPCA(5),4,0.11998139
IPCA(5),4,0.05158191
IPCA(5),4,0.01137792
IPCA(5),4,-0.00904745
IPCA(5),4,0.02191641
IPCA(5),4,0.03913484
IPCA(5),4,0.13759185
IPCA(5),4,-0.02481929
IPCA(5),4,0.04561736
IPCA(5),4,-0.00109342
IPCA(5),4,-0.03343519
IPCA(5),4,0.02236239
IPCA(5),4,-0.01477232
IPCA(5),4,-0.01986530
IPCA(5),4,0.00259654
IPCA(5),4,-0.03681181
IPCA(5),4,-0.00725884
IPCA(5),4,0.00346146
IPCA(5),4,0.01505535
IPCA(5),4,0.00652377
IPCA(5),4,0.09844719
IPCA(5),4,-0.00725756
IPCA(5),4,0.03223147
IPCA(5),4,-0.04480202
IPCA(5),4,-0.00209494
IPCA(5),4,-0.03568218
IPCA(5),4,0.02426778
IPCA(5),4,-0.02930860
IPCA(5),4,-0.00737295
IPCA(5),4,-0.05454471
IPCA(5),4,-0.02104490
IPCA(5),4,-0.03903381
IPCA(5),4,-0.04266504
IPCA(5),4,0.01307264
IPCA(5),4,-0.01780493
IPCA(5),4,0.11432437
IPCA(5),4,0.00812138
IPCA(5),4,-0.02714166
IPCA(5),4,-0.04362545
IPCA(5),4,-0.04307669
IPCA(5),4,0.05496651
IPCA(5),4,0.04543818
IPCA(5),4,-0.04147949
IPCA(5),4,-0.05762795
IPCA(5),4,-0.05305121
IPCA(5),4,0.04246952
IPCA(5),4,-0.02363022
IPCA(5),4,-0.00743262
IPCA(5),4,-0.02016186
IPCA(5),4,0.01083923
IPCA(5),4,-0.01525699
IPCA(5),4,-0.01853763
IPCA(5),4,0.01151310
IPCA(5),4,-0.00821569
IPCA(5),4,-0.01131228
IPCA(5),4,-0.00956319
IPCA(5),4,0.04723018
IPCA(5),4,0.00068970
IPCA(5),4,0.01506788
IPCA(5),4,0.00491297
IPCA(5),4,-0.01497206
IPCA(5),4,-0.04925615
IPCA(5),4,0.03830795
IPCA(5),4,0.06101155
IPCA(5),4,0.14209043
IPCA(5),4,-0.01163482
IPCA(5),4,0.05289662
IPCA(5),4,-0.01666125
IPCA(5),4,0.11274508
IPCA(5),4,0.00364917
IPCA(5),4,-0.00580307
IPCA(5),4,0.00419381
IPCA(5),4,0.03284701
IPCA(5),4,0.05161266
IPCA(5),4,0.02530606
IPCA(5),4,0.03722710
IPCA(5),4,-0.02539543
IPCA(5),4,0.02117103
IPCA(5),4,-0.05931067
IPCA(5),4,0.03849778
IPCA(5),4,0.08115337
IPCA(5),4,0.02181390
IPCA(5),4,-0.01247500
IPCA(5),4,0.00353767
IPCA(5),4,0.04210820
IPCA(5),4,0.02202276
IPCA(5),4,-0.03102210
IPCA(5),4,0.01235021
IPCA(5),4,0.00047129
IPCA(5),4,-0.01666666
IPCA(5),4,0.02896776
IPCA(5),4,0.04967722
IPCA(5),4,-0.00160836
IPCA(5),4,0.03855208
IPCA(5),4,-0.02063151
IPCA(5),4,-0.01080806
IPCA(5),4,-0.01293040
IPCA(5),4,0.04160168
IPCA(5),4,-0.00835457
IPCA(5),4,-0.01747197
IPCA(5),4,0.00463621
IPCA(5),4,0.00765186
IPCA(5),4,-0.01223925
IPCA(5),4,-0.01374328
IPCA(5),4,-0.01427395
IPCA(5),4,-0.01351153
IPCA(5),4,-0.00305402
IPCA(5),4,-0.00437778
IPCA(5),4,0.01082838
IPCA(5),4,0.01046005
IPCA(5),4,0.02381156
IPCA(5),4,0.00301386
IPCA(5),4,0.00731441
IPCA(5),4,0.00118063
IPCA(5),4,0.02252348
IPCA(5),4,-0.00911873
IPCA(5),4,-0.01266419
IPCA(5),4,0.00408793
IPCA(5),4,0.02338587
IPCA(5),4,0.02196721
IPCA(5),4,-0.00950802
IPCA(5),4,0.00363637
IPCA(5),4,0.04140879
IPCA(5),4,-0.03194718
IPCA(5),4,0.01333391
IPCA(5),4,-0.01108557
IPCA(5),4,0.08895367
IPCA(5),4,-0.00523593
IPCA(5),4,-0.01824904
IPCA(5),4,0.02174277
IPCA(5),4,0.11508837
IPCA(5),4,0.02563012
IPCA(5),4,-0.00195212
IPCA(5),4,0.02642272
IPCA(5),4,-0.03825797
IPCA(5),4,-0.01892702
IPCA(5),4,0.01892795
IPCA(5),4,0.03882938
IPCA(5),4,0.08723618
IPCA(5),4,0.05717681
IPCA(5),4,0.03457053
IPCA(5),4,0.08123686
IPCA(5),4,-0.01117495
IPCA(5),4,-0.00648747
IPCA(5),4,0.02984860
IPCA(5),4,0.03428454
IPCA(5),4,0.00670481
IPCA(5),4,-0.01186236
IPCA(5),4,-0.05227444
IPCA(5),4,-0.07490365
IPCA(5),4,-0.00956755
IPCA(5),4,0.02700970
IPCA(5),4,0.11612836
IPCA(5),4,-0.01238612
IPCA(5),4,0.04255526
IPCA(5),4,0.02697591
IPCA(5),4,0.02125106
IPCA(5),4,0.04279989
IPCA(5),4,0.00279571
IPCA(5),4,0.00532981
IPCA(5),4,-0.00268690
IPCA(5),4,0.06124088
IPCA(5),4,0.04320866
IPCA(5),4,0.00185143
IPCA(5),4,0.00555327
IPCA(5),4,0.00845465
IPCA(5),4,-0.00340635
IPCA(5),4,-0.00440008
IPCA(5),4,0.01511073
IPCA(5),4,-0.00759244
IPCA(5),4,0.07606628
IPCA(5),4,0.08802809
IPCA(5),4,0.14517422
IPCA(5),4,0.02553405
IPCA(5),4,0.12934580
IPCA(5),4,0.12350778
IPCA(5),4,0.13230747
IPCA(5),4,0.06646345
IPCA(5),4,0.09331757
IPCA(5),4,0.07986307
IPCA(5),4,0.05298270
IPCA(5),4,0.02798914
IPCA(5),4,0.02792281
IPCA(5),4,0.11320214
IPCA(5),4,-0.02431595
IPCA(5),4,0.00152448
IPCA(5),4,0.07711612
IPCA(5),4,-0.02602928
IPCA(5),4,0.02035361
IPCA(5),4,0.00988841
IPCA(5),4,-0.01111188
IPCA(5),4,0.02369987
IPCA(5),4,0.00899222
IPCA(5),4,-0.06179391
IPCA(5),4,0.01494029
IPCA(5),4,-0.01059116
IPCA(5),4,-0.02776905
IPCA(5),4,-0.05383448
IPCA(5),4,-0.02180399
IPCA(5),4,-0.01158982
IPCA(5),4,-0.02334997
IPCA(5),4,-0.00596160
IPCA(5),4,0.04265755
IPCA(5),4,-0.03945878
IPCA(5),4,0.08033907
IPCA(5),4,-0.00641209
IPCA(5),4,-0.05281200
IPCA(5),4,-0.00307100
IPCA(5),4,-0.02125100
IPCA(5),4,0.02356975
IPCA(5),4,0.00905112
IPCA(5),4,0.00898088
IPCA(5),4,-0.01635820
IPCA(5),4,0.05330463
IPCA(5),4,0.09638186
IPCA(5),4,0.01597448
IPCA(5),4,0.03208023
IPCA(5),4,0.04881425
IPCA(5),4,0.05772913
IPCA(5),4,0.03659126
IPCA(5),4,0.09368510
IPCA(5),4,0.07771449
IPCA(5),4,0.02242359
IPCA(5),4,0.02705954
IPCA(5),4,0.06226788
IPCA(5),4,0.09548592
IPCA(5),4,0.01935000
IPCA(5),4,0.06939523
IPCA(5),4,-0.02931652
IPCA(5),4,0.04189610
IPCA(5),4,0.03440324
IPCA(5),4,0.01755276
IPCA(5),4,0.01922541
IPCA(5),4,-0.01113883
IPCA(5),4,0.11395708
IPCA(5),4,0.01163088
IPCA(5),4,-0.03857821
IPCA(5),4,0.03044161
IPCA(5),4,0.10723063
IPCA(5),4,0.00743579
IPCA(5),4,0.02138563
IPCA(5),4,-0.01569604
IPCA(5),4,0.02660074
IPCA(5),4,-0.02671402
IPCA(5),4,-0.02447278
IPCA(5),4,-0.00242795
IPCA(5),4,0.00068740
IPCA(5),5,-0.04839266
IPCA(5),5,0.03132698
IPCA(5),5,-0.00340696
IPCA(5),5,-0.04693036
IPCA(5),5,-0.02603723
IPCA(5),5,-0.02381644
IPCA(5),5,-0.01817836
IPCA(5),5,-0.08486036
IPCA(5),5,-0.00951353
IPCA(5),5,-0.03811706
IPCA(5),5,-0.06173019
IPCA(5),5,-0.05087877
IPCA(5),5,-0.05196559
IPCA(5),5,-0.00405985
IPCA(5),5,0.00451966
IPCA(5),5,-0.04136566
IPCA(5),5,-0.06188348
IPCA(5),5,-0.02326807
IPCA(5),5,0.04079651
IPCA(5),5,-0.02511864
IPCA(5),5,-0.03757261
IPCA(5),5,-0.02727569
IPCA(5),5,-0.01830131
IPCA(5),5,-0.04887746
IPCA(5),5,-0.04694106
IPCA(5),5,-0.00538176
IPCA(5),5,-0.00290910
IPCA(5),5,0.01765523
IPCA(5),5,-0.03725699
IPCA(5),5,-0.05542732
IPCA(5),5,-0.04512274
IPCA(5),5,-0.07382955
IPCA(5),5,-0.06950644
IPCA(5),5,-0.00996914
IPCA(5),5,-0.00118022
IPCA(5),5,-0.02387441
IPCA(5),5,-0.04977821
IPCA(5),5,-0.03457715
IPCA(5),5,0.02319213
IPCA(5),5,-0.04540770
IPCA(5),5,0.01434808
IPCA(5),5,-0.02840179
IPCA(5),5,-0.02212729
IPCA(5),5,-0.09502152
IPCA(5),5,0.09215286
IPCA(5),5,-0.05539305
IPCA(5),5,-0.02989992
IPCA(5),5,-0.04539073
IPCA(5),5,-0.03162400
IPCA(5),5,0.00693686
IPCA(5),5,-0.01811756
IPCA(5),5,-0.03846207
IPCA(5),5,-0.02211085
IPCA(5),5,0.03469185
IPCA(5),5,0.01592281
IPCA(5),5,-0.06025088
IPCA(5),5,0.07268189
IPCA(5),5,-0.00618357
IPCA(5),5,-0.04232839
IPCA(5),5,-0.02614835
IPCA(5),5,-0.00009642
IPCA(5),5,0.00435367
IPCA(5),5,-0.03727919
IPCA(5),5,-0.01778599
IPCA(5),5,-0.04580465
IPCA(5),5,-0.02885000
IPCA(5),5,-0.08715515
IPCA(5),5,-0.02446874
IPCA(5),5,-0.04283914
IPCA(5),5,-0.09246000
IPCA(5),5,-0.02578763
IPCA(5),5,-0.08236536
IPCA(5),5,-0.04346893
IPCA(5),5,-0.03709286
IPCA(5),5,0.06246919
IPCA(5),5,-0.07720804
IPCA(5),5,-0.04726762
IPCA(5),5,-0.05084093
IPCA(5),5,-0.10727579
IPCA(5),5,-0.03422639
IPCA(5),5,-0.04815984
IPCA(5),5,-0.03864901
IPCA(5),5,-0.07620470
IPCA(5),5,0.00275050
IPCA(5),5,-0.02915850
IPCA(5),5,-0.02520185
IPCA(5),5,-0.02767985
IPCA(5),5,-0.05295541
IPCA(5),5,-0.06166082
IPCA(5),5,-0.02128334
IPCA(5),5,-0.02272983
IPCA(5),5,-0.05416062
IPCA(5),5,-0.03721058
IPCA(5),5,-0.06228928
IPCA(5),5,-0.00309665
IPCA(5),5,-0.03250318
IPCA(5),5,-0.03739081
IPCA(5),5,-0.03632963
IPCA(5),5,-0.07694867
IPCA(5),5,-0.04434426
IPCA(5),5,-0.06219804
IPCA(5),5,-0.04713274
IPCA(5),5,-0.07734286
IPCA(5),5,-0.05411400
IPCA(5),5,-0.02909315
IPCA(5),5,-0.02182157
IPCA(5),5,-0.04834899
IPCA(5),5,-0.01594552
IPCA(5),5,0.03111674
IPCA(5),5,-0.04768945
IPCA(5),5,-0.01918405
IPCA(5),5,0.01298401
IPCA(5),5,-0.05096542
IPCA(5),5,-0.06466807
IPCA(5),5,-0.07525683
IPCA(5),5,0.02007371
IPCA(5),5,-0.01756461
IPCA(5),5,0.02073724
IPCA(5),5,-0.07406045
IPCA(5),5,0.04088641
IPCA(5),5,0.00479530
IPCA(5),5,0.04383208
IPCA(5),5,0.04275554
IPCA(5),5,0.03192200
IPCA(5),5,0.05729351
IPCA(5),5,0.07769878
IPCA(5),5,0.06381676
IPCA(5),5,0.05545604
IPCA(5),5,-0.08915300
IPCA(5),5,-0.04168691
IPCA(5),5,0.05788402
IPCA(5),5,-0.04432438
IPCA(5),5,0.06143231
IPCA(5),5,-0.02542100
IPCA(5),5,-0.02486492
IPCA(5),5,0.02033920
IPCA(5),5,0.03551682
IPCA(5),5,0.04443809
IPCA(5),5,0.01151054
IPCA(5),5,-0.01449878
IPCA(5),5,-0.00609057
IPCA(5),5,-0.02638844
IPCA(5),5,-0.09290471
IPCA(5),5,-0.05194025
IPCA(5),5,-0.04437776
IPCA(5),5,-0.03182806
IPCA(5),5,-0.01990078
IPCA(5),5,-0.01675145
IPCA(5),5,0.03561534
IPCA(5),5,0.05046773
IPCA(5),5,-0.02521118
IPCA(5),5,-0.02274375
IPCA(5),5,-0.05990750
IPCA(5),5,-0.03610096
IPCA(5),5,-0.02312192
IPCA(5),5,-0.03506831
IPCA(5),5,-0.04510580
IPCA(5),5,-0.01517786
IPCA(5),5,-0.01701462
IPCA(5),5,-0.01954174
IPCA(5),5,-0.11392381
IPCA(5),5,0.01054388
IPCA(5),5,0.00281864
IPCA(5),5,0.10915562
IPCA(5),5,0.02808063
IPCA(5),5,-0.04458354
IPCA(5),5,0.00259484
IPCA(5),5,0.00875525
IPCA(5),5,0.06376027
IPCA(5),5,0.05018485
IPCA(5),5,0.04214597
IPCA(5),5,0.02391047
IPCA(5),5,-0.06424726
IPCA(5),5,-0.00684900
IPCA(5),5,-0.05310658
IPCA(5),5,0.04959832
IPCA(5),5,0.06238122
IPCA(5),5,0.00975722
IPCA(5),5,0.01510774
IPCA(5),5,0.07596793
IPCA(5),5,-0.04551568
IPCA(5),5,-0.01700609
IPCA(5),5,0.05902273
IPCA(5),5,0.01037916
IPCA(5),5,0.00074206
IPCA(5),5,-0.03227894
IPCA(5),5,0.00000225
IPCA(5),5,-0.03631436
IPCA(5),5,-0.01860544
IPCA(5),5,-0.00410859
IPCA(5),5,0.00581728
IPCA(5),5,0.00160863
IPCA(5),5,-0.06914885
IPCA(5),5,0.00087340
IPCA(5),5,-0.03062301
IPCA(5),5,-0.04693826
IPCA(5),5,-0.09938592
IPCA(5),5,0.03490954
IPCA(5),5,-0.04850151
IPCA(5),5,-0.03136878
IPCA(5),5,0.00430945
IPCA(5),5,-0.01017061
IPCA(5),5,-0.04914421
IPCA(5),5,0.02818508
IPCA(5),5,0.01380070
IPCA(5),5,0.00054462
IPCA(5),5,-0.06455333
IPCA(5),5,-0.01150092
IPCA(5),5,-0.02348353
IPCA(5),5,-0.04945941
IPCA(5),5,-0.04041690
IPCA(5),5,0.01074873
IPCA(5),5,0.00589545
IPCA(5),5,0.04598140
IPCA(5),5,-0.00584486
IPCA(5),5,-0.03127232
IPCA(5),5,-0.02486975
IPCA(5),5,-0.00218962
IPCA(5),5,-0.04908275
IPCA(5),5,0.02320747
IPCA(5),5,-0.06161734
IPCA(5),5,0.01238678
IPCA(5),5,-0.05488482
IPCA(5),5,-0.00801746
IPCA(5),5,-0.03313549
IPCA(5),5,-0.03580514
IPCA(5),5,-0.07548462
IPCA(5),5,-0.02719729
IPCA(5),5,-0.03098472
IPCA(5),5,-0.04620073
IPCA(5),5,0.00083385
IPCA(5),5,0.01052000
IPCA(5),5,0.01272821
IPCA(5),5,0.01030328
IPCA(5),5,-0.08029898
IPCA(5),5,-0.05802609
IPCA(5),5,0.01649739
IPCA(5),5,0.04154712
IPCA(5),5,0.00801134
IPCA(5),5,-0.03529194
IPCA(5),5,-0.03664581
IPCA(5),5,-0.00192128
IPCA(5),5,-0.03184188
IPCA(5),5,0.03382725
IPCA(5),5,-0.04042230
IPCA(5),5,-0.07974943
IPCA(5),5,-0.05447236
IPCA(5),5,-0.01840536
IPCA(5),5,-0.03707130
IPCA(5),5,0.00585051
IPCA(5),5,0.05441416
IPCA(5),5,-0.06410360
IPCA(5),5,0.04039392
IPCA(5),5,-0.06678872
IPCA(5),5,0.10554990
IPCA(5),5,-0.00379824
IPCA(5),5,-0.02223097
IPCA(5),5,-0.06009175
IPCA(5),5,-0.04157008
IPCA(5),5,0.05803969
IPCA(5),5,-0.03166985
IPCA(5),5,0.07853187
IPCA(5),6,-0.21122167
IPCA(5),6,-0.09096976
IPCA(5),6,-0.15324402
IPCA(5),6,-0.22921369
IPCA(5),6,-0.15791574
IPCA(5),6,-0.24812860
IPCA(5),6,-0.26899685
IPCA(5),6,-0.18058865
IPCA(5),6,-0.09296756
IPCA(5),6,-0.11634444
IPCA(5),6,-0.25126639
IPCA(5),6,-0.32577996
IPCA(5),6,-0.32665449
IPCA(5),6,-0.13939828
IPCA(5),6,-0.14793285
IPCA(5),6,-0.20058147
IPCA(5),6,-0.17188226
IPCA(5),6,-0.26543576
IPCA(5),6,-0.19919172
IPCA(5),6,-0.16433236
IPCA(5),6,-0.25585164
IPCA(5),6,-0.21591757
IPCA(5),6,-0.11549243
IPCA(5),6,-0.19136963
IPCA(5),6,-0.18530858
IPCA(5),6,-0.22812906
IPCA(5),6,-0.23120844
IPCA(5),6,-0.07990306
IPCA(5),6,-0.07890415
IPCA(5),6,-0.17004223
IPCA(5),6,-0.11722960
IPCA(5),6,-0.09627980
IPCA(5),6,-0.12810735
IPCA(5),6,-0.16369542
IPCA(5),6,-0.25652484
IPCA(5),6,-0.16587290
IPCA(5),6,-0.20519487
IPCA(5),6,-0.14271436
IPCA(5),6,-0.11704026
IPCA(5),6,-0.28728268
IPCA(5),6,-0.19541424
IPCA(5),6,-0.16137878
IPCA(5),6,-0.14951068
IPCA(5),6,-0.08001617
IPCA(5),6,-0.19301515
IPCA(5),6,-0.07781300
IPCA(5),6,-0.14289484
IPCA(5),6,-0.22772953
IPCA(5),6,0.00637906
IPCA(5),6,-0.13239187
IPCA(5),6,-0.11883770
IPCA(5),6,-0.08692185
IPCA(5),6,-0.14752892
IPCA(5),6,-0.16830745
IPCA(5),6,-0.16094378
IPCA(5),6,-0.16389578
IPCA(5),6,-0.17827612
IPCA(5),6,-0.11144610
IPCA(5),6,-0.21967499
IPCA(5),6,-0.11904062
IPCA(5),6,-0.20699496
IPCA(5),6,-0.17741578
IPCA(5),6,-0.19990627
IPCA(5),6,-0.24044925
IPCA(5),6,-0.08804707
IPCA(5),6,-0.19489839
IPCA(5),6,-0.29742015
IPCA(5),6,-0.17416659
IPCA(5),6,-0.07408163
IPCA(5),6,-0.42934334
IPCA(5),6,-0.12787972
IPCA(5),6,-0.25321528
IPCA(5),6,-0.12076400
IPCA(5),6,-0.32708126
IPCA(5),6,0.01545890
IPCA(5),6,-0.11392121
IPCA(5),6,-0.13564465
IPCA(5),6,-0.12925823
IPCA(5),6,-0.23369237
IPCA(5),6,-0.16721020
IPCA(5),6,-0.16195944
IPCA(5),6,-0.24292341
IPCA(5),6,-0.23890139
IPCA(5),6,-0.06729060
IPCA(5),6,-0.14498841
IPCA(5),6,-0.10383221
IPCA(5),6,-0.14362606
IPCA(5),6,-0.21720146
IPCA(5),6,0.11492147
IPCA(5),6,-0.08165039
IPCA(5),6,-0.13612458
IPCA(5),6,-0.04829533
IPCA(5),6,-0.14348906
IPCA(5),6,-0.21883485
IPCA(5),6,-0.30106806
IPCA(5),6,-0.12618777
IPCA(5),6,-0.17843779
IPCA(5),6,-0.10510257
IPCA(5),6,-0.22449813
IPCA(5),6,-0.29326180
IPCA(5),6,-0.16587509
IPCA(5),6,-0.20769969
IPCA(5),6,-0.11926200
IPCA(5),6,-0.26651451
IPCA(5),6,-0.17064884
IPCA(5),6,-0.09768072
IPCA(5),6,-0.05687378
IPCA(5),6,-0.19069229
IPCA(5),6,-0.15414575
IPCA(5),6,-0.09304649
IPCA(5),6,-0.13926823
IPCA(5),6,-0.17376717
IPCA(5),6,-0.19203383
IPCA(5),6,-0.17487947
IPCA(5),6,0.00433168
IPCA(5),6,-0.18614429
IPCA(5),6,-0.15975013
IPCA(5),6,-0.06570690
IPCA(5),6,-0.14786254
IPCA(5),6,-0.07072832
IPCA(5),6,-0.41626390
IPCA(5),6,-0.08635102
IPCA(5),6,-0.06095059
IPCA(5),6,-0.11572856
IPCA(5),6,-0.11027730
IPCA(5),6,-0.10222154
IPCA(5),6,-0.14487064
IPCA(5),6,-0.09482326
IPCA(5),6,-0.23162970
IPCA(5),6,-0.04717083
IPCA(5),6,-0.26943775
IPCA(5),6,-0.18018162
IPCA(5),6,-0.15399609
IPCA(5),6,-0.07223032
IPCA(5),6,-0.29040583
IPCA(5),6,-0.06247989
IPCA(5),6,-0.16393588
IPCA(5),6,-0.19811882
IPCA(5),6,-0.08345655
IPCA(5),6,-0.05273729
IPCA(5),6,-0.15984130
IPCA(5),6,-0.17721220
IPCA(5),6,-0.20480789
IPCA(5),6,-0.14851697
IPCA(5),6,-0.11174352
IPCA(5),6,-0.16600489
IPCA(5),6,-0.20990733
IPCA(5),6,-0.23687403
IPCA(5),6,-0.23011042
IPCA(5),6,-0.15579403
IPCA(5),6,0.00548668
IPCA(5),6,-0.02426796
IPCA(5),6,-0.01345875
IPCA(5),6,-0.03628475
IPCA(5),6,-0.18724712
IPCA(5),6,-0.08697229
IPCA(5),6,-0.39845033
IPCA(5),6,-0.06836060
IPCA(5),6,-0.00610892
IPCA(5),6,-0.19355621
IPCA(5),6,-0.17771293
IPCA(5),6,-0.12347557
IPCA(5),6,-0.10808517
IPCA(5),6,-0.18042826
IPCA(5),6,-0.14923930
IPCA(5),6,-0.11802286
IPCA(5),6,-0.07541638
IPCA(5),6,-0.24193296
IPCA(5),6,-0.03640243
IPCA(5),6,-0.14315146
IPCA(5),6,-0.14897791
IPCA(5),6,-0.02528635
IPCA(5),6,0.01512259
IPCA(5),6,-0.04757098
IPCA(5),6,-0.14625949
IPCA(5),6,-0.26415395
IPCA(5),6,-0.07558338
IPCA(5),6,-0.16359721
IPCA(5),6,-0.11801909
IPCA(5),6,-0.21012327
IPCA(5),6,-0.16661634
IPCA(5),6,-0.03558938
IPCA(5),6,-0.14735616
IPCA(5),6,-0.06366957
IPCA(5),6,-0.08832216
IPCA(5),6,-0.17996207
IPCA(5),6,-0.33967438
IPCA(5),6,-0.30435305
IPCA(5),6,-0.12942630
IPCA(5),6,-0.09435716
IPCA(5),6,-0.14516602
IPCA(5),6,-0.24193764
IPCA(5),6,-0.13806943
IPCA(5),6,-0.16931052
IPCA(5),6,-0.17438925
IPCA(5),6,-0.15113130
IPCA(5),6,-0.13517981
IPCA(5),6,-0.23492706
IPCA(5),6,-0.16216771
IPCA(5),6,-0.08603458
IPCA(5),6,-0.17316097
IPCA(5),6,-0.19091376
IPCA(5),6,-0.10329120
IPCA(5),6,-0.15626069
IPCA(5),6,-0.04871539
IPCA(5),6,-0.06495501
IPCA(5),6,-0.05038871
IPCA(5),6,-0.07215110
IPCA(5),6,-0.19879260
IPCA(5),6,-0.08536838
IPCA(5),6,-0.06831755
IPCA(5),6,-0.18544535
IPCA(5),6,-0.26229754
IPCA(5),6,-0.15703459
IPCA(5),6,-0.13896412
IPCA(5),6,-0.16808098
IPCA(5),6,-0.24422671
IPCA(5),6,-0.10451270
IPCA(5),6,-0.11393697
IPCA(5),6,-0.08491650
IPCA(5),6,-0.00179583
IPCA(5),6,-0.14303887
IPCA(5),6,-0.18731415
IPCA(5),6,-0.07793089
IPCA(5),6,-0.22861789
IPCA(5),6,-0.21775849
IPCA(5),6,-0.05112746
IPCA(5),6,-0.06145345
IPCA(5),6,-0.18371069
IPCA(5),6,-0.03187821
IPCA(5),6,-0.17668391
IPCA(5),6,-0.16822521
IPCA(5),6,-0.11387094
IPCA(5),6,-0.11014024
IPCA(5),6,-0.19383008
IPCA(5),6,-0.24713309
IPCA(5),6,-0.19713876
IPCA(5),6,-0.14568329
IPCA(5),6,-0.04283400
IPCA(5),6,-0.16338041
IPCA(5),6,-0.09280475
IPCA(5),6,-0.06941614
IPCA(5),6,-0.22647451
IPCA(5),6,-0.25057824
IPCA(5),6,-0.08607150
IPCA(5),6,-0.02125400
IPCA(5),6,-0.21422044
IPCA(5),6,-0.14685931
IPCA(5),6,-0.05052602
IPCA(5),6,-0.05693604
IPCA(5),6,-0.23529876
IPCA(5),6,-0.07646412
IPCA(5),6,-0.18935653
IPCA(5),6,-0.11724937
IPCA(5),6,-0.29961523
IPCA(5),6,-0.15659142
IPCA(5),6,-0.27978930
IPCA(5),6,-0.13523207
IPCA(5),6,-0.11744148
IPCA(5),6,-0.21786164
IPCA(5),6,-0.23939362
IPCA(5),6,-0.10961702
IPCA(5),6,-0.08630598
IPCA(5),6,-0.13603996
IPCA(5),6,-0.17408493
IPCA(5),6,-0.24293806
IPCA(5),6,-0.19442041
IPCA(5),6,-0.13646220
IPCA(5),6,-0.15927991
IPCA(5),6,-0.12191636
IPCA(5),7,0.09780588
IPCA(5),7,-0.00356793
IPCA(5),7,0.04348205
IPCA(5),7,0.03928230
IPCA(5),7,0.06782001
IPCA(5),7,0.06547140
IPCA(5),7,0.07735060
IPCA(5),7,0.18481352
IPCA(5),7,0.04409447
IPCA(5),7,0.00446426
IPCA(5),7,0.03230603
IPCA(5),7,0.03954825
IPCA(5),7,0.06267295
IPCA(5),7,0.19193993
IPCA(5),7,-0.00549657
IPCA(5),7,-0.03661886
IPCA(5),7,-0.03908312
IPCA(5),7,0.03782464
IPCA(5),7,0.06400506
IPCA(5),7,0.06956802
IPCA(5),7,0.06446201
IPCA(5),7,0.12620176
IPCA(5),7,0.04316480
IPCA(5),7,0.00517921
IPCA(5),7,0.04447522
IPCA(5),7,0.02352371
IPCA(5),7,0.04367065
IPCA(5),7,0.05325998
IPCA(5),7,0.09020692
IPCA(5),7,-0.01808937
IPCA(5),7,-0.01542288
IPCA(5),7,-0.00609415
IPCA(5),7,0.06368325
IPCA(5),7,0.03242644
IPCA(5),7,-0.00176832
IPCA(5),7,0.08622995
IPCA(5),7,0.05465093
IPCA(5),7,0.00605836
IPCA(5),7,0.01101401
IPCA(5),7,0.06294816
IPCA(5),7,0.21733227
IPCA(5),7,-0.01118686
IPCA(5),7,0.01527268
IPCA(5),7,0.01774345
IPCA(5),7,0.07436424
IPCA(5),7,0.05266021
IPCA(5),7,0.02686428
IPCA(5),7,0.09727070
IPCA(5),7,0.06111209
IPCA(5),7,-0.02265171
IPCA(5),7,0.02636191
IPCA(5),7,0.14645839
IPCA(5),7,0.03471670
IPCA(5),7,0.02907825
IPCA(5),7,0.01400792
IPCA(5),7,0.06323536
IPCA(5),7,-0.02525905
IPCA(5),7,0.05724081
IPCA(5),7,0.02736407
IPCA(5),7,0.04613665
IPCA(5),7,0.03774660
IPCA(5),7,0.02719283
IPCA(5),7,0.10975133
IPCA(5),7,0.08896824
IPCA(5),7,0.08883722
IPCA(5),7,0.03539160
IPCA(5),7,0.07979720
IPCA(5),7,0.02727512
IPCA(5),7,0.06115132
IPCA(5),7,0.06148552
IPCA(5),7,0.07413593
IPCA(5),7,0.03872633
IPCA(5),7,0.09094378
IPCA(5),7,0.10167070
IPCA(5),7,0.07206725
IPCA(5),7,0.07587581
IPCA(5),7,0.04268421
IPCA(5),7,0.13461541
IPCA(5),7,0.01850571
IPCA(5),7,0.13272280
IPCA(5),7,0.00753835
IPCA(5),7,0.08593363
IPCA(5),7,0.10079279
IPCA(5),7,0.08347676
IPCA(5),7,0.09835793
IPCA(5),7,0.03743062
IPCA(5),7,0.11174651
IPCA(5),7,-0.03735060
IPCA(5),7,0.00718732
IPCA(5),7,0.00128595
IPCA(5),7,0.02392648
IPCA(5),7,0.03446704
IPCA(5),7,-0.00133345
IPCA(5),7,0.04252688
IPCA(5),7,0.04587582
IPCA(5),7,0.06291961
IPCA(5),7,0.00811321
IPCA(5),7,0.00367668
IPCA(5),7,0.07855071
IPCA(5),7,0.05991754
IPCA(5),7,0.03251132
IPCA(5),7,0.01221888
IPCA(5),7,0.17881120
IPCA(5),7,0.01459795
IPCA(5),7,0.05226217
IPCA(5),7,0.05431433
IPCA(5),7,0.03907430
IPCA(5),7,0.10303969
IPCA(5),7,0.05776226
IPCA(5),7,0.06924493
IPCA(5),7,0.09089428
IPCA(5),7,-0.00687424
IPCA(5),7,0.02423145
IPCA(5),7,0.03598749
IPCA(5),7,0.00283551
IPCA(5),7,0.05338444
IPCA(5),7,0.02083317
IPCA(5),7,0.03239928
IPCA(5),7,-0.01884842
IPCA(5),7,0.02304890
IPCA(5),7,-0.00028111
IPCA(5),7,0.03489744
IPCA(5),7,-0.02143730
IPCA(5),7,0.00294327
IPCA(5),7,0.05274632
IPCA(5),7,0.08967397
IPCA(5),7,-0.01406238
IPCA(5),7,0.02764500
IPCA(5),7,-0.02886099
IPCA(5),7,-0.04924820
IPCA(5),7,-0.02557010
IPCA(5),7,-0.00714782
IPCA(5),7,-0.01125204
IPCA(5),7,0.05636582
IPCA(5),7,-0.01364096
IPCA(5),7,0.07947085
IPCA(5),7,0.09425068
IPCA(5),7,0.08719071
IPCA(5),7,0.00573704
IPCA(5),7,0.16651210
IPCA(5),7,0.00381528
IPCA(5),7,0.11573052
IPCA(5),7,0.08196794
IPCA(5),7,0.09889910
IPCA(5),7,-0.01133908
IPCA(5),7,-0.05595364
IPCA(5),7,0.03168214
IPCA(5),7,0.06023735
IPCA(5),7,0.08447846
IPCA(5),7,0.04058160
IPCA(5),7,-0.01241375
IPCA(5),7,0.09878296
IPCA(5),7,0.05298345
IPCA(5),7,0.07426106
IPCA(5),7,0.04586216
IPCA(5),7,0.02762749
IPCA(5),7,0.08269458
IPCA(5),7,0.08066484
IPCA(5),7,0.05812428
IPCA(5),7,0.17747320
IPCA(5),7,0.13580834
IPCA(5),7,0.05274718
IPCA(5),7,0.11916791
IPCA(5),7,0.19514933
IPCA(5),7,0.04785683
IPCA(5),7,0.07873469
IPCA(5),7,0.00017354
IPCA(5),7,0.07346939
IPCA(5),7,0.07178261
IPCA(5),7,0.11438662
IPCA(5),7,0.05638342
IPCA(5),7,-0.04722158
IPCA(5),7,0.03706803
IPCA(5),7,-0.00035632
IPCA(5),7,0.04596906
IPCA(5),7,0.05749641
IPCA(5),7,0.00181046
IPCA(5),7,0.03184162
IPCA(5),7,-0.00624722
IPCA(5),7,-0.03135954
IPCA(5),7,-0.00088181
IPCA(5),7,0.04369399
IPCA(5),7,0.02098824
IPCA(5),7,0.04267658
IPCA(5),7,0.08007286
IPCA(5),7,0.02855795
IPCA(5),7,0.07229193
IPCA(5),7,-0.02814091
IPCA(5),7,0.08255018
IPCA(5),7,0.08572382
IPCA(5),7,-0.06421063
IPCA(5),7,-0.01769804
IPCA(5),7,0.07836318
IPCA(5),7,0.08053683
IPCA(5),7,0.01184061
IPCA(5),7,-0.01101694
IPCA(5),7,0.02935882
IPCA(5),7,0.02973458
IPCA(5),7,0.02449428
IPCA(5),7,0.04341369
IPCA(5),7,0.00193320
IPCA(5),7,0.02330581
IPCA(5),7,0.04348126
IPCA(5),7,-0.02991065
IPCA(5),7,0.02872361
IPCA(5),7,0.05185553
IPCA(5),7,0.07280866
IPCA(5),7,0.12237459
IPCA(5),7,-0.00492673
IPCA(5),7,0.08681568
IPCA(5),7,0.04317599
IPCA(5),7,0.03369120
IPCA(5),7,-0.01871389
IPCA(5),7,0.00211253
IPCA(5),7,0.21571317
IPCA(5),7,0.09837860
IPCA(5),7,0.05189963
IPCA(5),7,-0.03476144
IPCA(5),7,0.03213627
IPCA(5),7,0.02473558
IPCA(5),7,0.04990114
IPCA(5),7,0.01755323
IPCA(5),7,0.00133917
IPCA(5),7,0.06062461
IPCA(5),7,-0.01141656
IPCA(5),7,-0.01747619
IPCA(5),7,0.01516295
IPCA(5),7,0.05967064
IPCA(5),7,-0.00153365
IPCA(5),7,0.06651202
IPCA(5),7,0.05732502
IPCA(5),7,0.01380161
IPCA(5),7,0.08144480
IPCA(5),7,0.01742530
IPCA(5),7,-0.00210178
IPCA(5),7,-0.00292502
IPCA(5),7,-0.00589567
IPCA(5),7,0.05507022
IPCA(5),7,-0.03896535
IPCA(5),7,0.00386430
IPCA(5),7,-0.00313391
IPCA(5),7,0.09869109
IPCA(5),7,0.06086659
IPCA(5),7,0.02992825
IPCA(5),7,0.07138435
IPCA(5),7,0.01393808
IPCA(5),7,-0.01169523
IPCA(5),7,0.02060721
IPCA(5),7,0.08450902
IPCA(5),7,0.09947010
IPCA(5),7,0.11763245
IPCA(5),7,0.03202912
IPCA(5),7,-0.02345806
IPCA(5),7,0.04022679
IPCA(5),7,0.07951335
IPCA(5),7,0.09940109
IPCA(5),7,0.00757437
IPCA(5),7,0.08140622
IPCA(5),7,0.02834976
IPCA(5),7,0.08739399
IPCA(5),7,0.13025534
IPCA(5),7,0.05682159
IPCA(5),7,0.09358323
IPCA(5),7,0.09275473
IPCA(5),7,0.05242357
IPCA(5),7,0.07575106
IPCA(5),7,0.23375132
IPCA(5),7,0.08213204
IPCA(5),7,0.14753484
IPCA(5),7,0.04841149
IPCA(5),7,0.02264726
IPCA(5),7,0.02993908
IPCA(5),7,0.18201390
IPCA(5),7,0.08133049
IPCA(5),7,0.06116657
IPCA(5),7,-0.03351325
IPCA(5),7,0.16362212
IPCA(5),7,-0.03819126
IPCA(5),8,-0.00596274
IPCA(5),8,-0.01967111
IPCA(5),8,-0.09514109
IPCA(5),8,-0.02388867
IPCA(5),8,-0.07428069
IPCA(5),8,-0.00829470
IPCA(5),8,-0.19222482
IPCA(5),8,0.03285133
IPCA(5),8,-0.14301007
IPCA(5),8,0.03763563
IPCA(5),8,-0.04101063
IPCA(5),8,-0.06621997
IPCA(5),8,-0.14476200
IPCA(5),8,0.00599338
IPCA(5),8,0.11355130
IPCA(5),8,-0.20319935
IPCA(5),8,-0.03367265
IPCA(5),8,-0.00031586
IPCA(5),8,-0.05536197
IPCA(5),8,-0.13398995
IPCA(5),8,0.00468551
IPCA(5),8,-0.15907468
IPCA(5),8,-0.06046489
IPCA(5),8,-0.03144442
IPCA(5),8,-0.19226739
IPCA(5),8,-0.01622535
IPCA(5),8,0.00338961
IPCA(5),8,0.02678881
IPCA(5),8,-0.05890108
IPCA(5),8,-0.10343357
IPCA(5),8,-0.17171292
IPCA(5),8,-0.13612701
IPCA(5),8,-0.03129776
IPCA(5),8,0.02414979
IPCA(5),8,0.01970543
IPCA(5),8,0.00192507
IPCA(5),8,-0.12344647
IPCA(5),8,-0.10591390
IPCA(5),8,-0.09925033
IPCA(5),8,-0.01575352
IPCA(5),8,-0.07100353
IPCA(5),8,-0.16516953
IPCA(5),8,-0.06791206
IPCA(5),8,-0.13595820
IPCA(5),8,-0.18417313
IPCA(5),8,-0.16909390
IPCA(5),8,-0.00596259
IPCA(5),8,-0.09189547
IPCA(5),8,-0.06689320
IPCA(5),8,-0.13994205
IPCA(5),8,0.02718690
IPCA(5),8,-0.04039913
IPCA(5),8,-0.16201783
IPCA(5),8,-0.16997803
IPCA(5),8,-0.11656284
IPCA(5),8,-0.20511925
IPCA(5),8,-0.00769964
IPCA(5),8,-0.19757519
IPCA(5),8,-0.12062906
IPCA(5),8,0.03040065
IPCA(5),8,-0.06324710
IPCA(5),8,-0.10643388
IPCA(5),8,-0.03610760
IPCA(5),8,-0.11827387
IPCA(5),8,-0.09044667
IPCA(5),8,-0.10276803
IPCA(5),8,-0.09905975
IPCA(5),8,-0.05503920
IPCA(5),8,-0.12053981
IPCA(5),8,-0.09184947
IPCA(5),8,-0.11475479
IPCA(5),8,-0.22098884
IPCA(5),8,-0.04240950
IPCA(5),8,-0.13312209
IPCA(5),8,-0.11249528
IPCA(5),8,-0.08723657
IPCA(5),8,-0.00154952
IPCA(5),8,-0.17593439
IPCA(5),8,-0.11093545
IPCA(5),8,-0.10827261
IPCA(5),8,-0.13159431
IPCA(5),8,-0.11919006
IPCA(5),8,-0.06478295
IPCA(5),8,-0.15850379
IPCA(5),8,-0.06845530
IPCA(5),8,-0.07872441
IPCA(5),8,0.02693589
IPCA(5),8,-0.19118805
IPCA(5),8,-0.16625734
IPCA(5),8,-0.10962010
IPCA(5),8,-0.13771337
IPCA(5),8,-0.20401019
IPCA(5),8,-0.14242782
IPCA(5),8,-0.10762654
IPCA(5),8,-0.08932589
IPCA(5),8,-0.07342396
IPCA(5),8,-0.08098607
IPCA(5),8,-0.13166071
IPCA(5),8,-0.04091695
IPCA(5),8,-0.04261860
IPCA(5),8,-0.03489027
IPCA(5),8,-0.08544294
IPCA(5),8,-0.11165034
IPCA(5),8,-0.12563653
IPCA(5),8,-0.09233132
IPCA(5),8,-0.14749612
IPCA(5),8,-0.00364114
IPCA(5),8,0.00495772
IPCA(5),8,-0.11909442
IPCA(5),8,-0.04695185
IPCA(5),8,-0.10345232
IPCA(5),8,-0.12615640
IPCA(5),8,-0.14181202
IPCA(5),8,-0.07706042
IPCA(5),8,-0.09604217
IPCA(5),8,-0.07784877
IPCA(5),8,-0.04135142
IPCA(5),8,-0.08540675
IPCA(5),8,-0.05900190
IPCA(5),8,-0.04863235
IPCA(5),8,0.09434638
IPCA(5),8,-0.04286847
IPCA(5),8,-0.08458711
IPCA(5),8,-0.05555550
IPCA(5),8,-0.12902694
IPCA(5),8,-0.13571979
IPCA(5),8,-0.11087196
IPCA(5),8,0.01867107
IPCA(5),8,-0.08833805
IPCA(5),8,0.00527760
IPCA(5),8,-0.10273338
IPCA(5),8,-0.11466338
IPCA(5),8,0.01010839
IPCA(5),8,-0.11838817
IPCA(5),8,-0.03412982
IPCA(5),8,-0.06963940
IPCA(5),8,-0.11274758
IPCA(5),8,-0.03495670
IPCA(5),8,-0.02113453
IPCA(5),8,-0.08381469
IPCA(5),8,-0.02922224
IPCA(5),8,-0.03780837
IPCA(5),8,-0.01918971
IPCA(5),8,-0.11990656
IPCA(5),8,-0.03193554
IPCA(5),8,0.01621750
IPCA(5),8,-0.14284089
IPCA(5),8,-0.05822299
IPCA(5),8,-0.11991401
IPCA(5),8,-0.13743340
IPCA(5),8,-0.13437448
IPCA(5),8,0.03932945
IPCA(5),8,-0.02647905
IPCA(5),8,-0.06092985
IPCA(5),8,-0.08524434
IPCA(5),8,-0.16385504
IPCA(5),8,0.02730575
IPCA(5),8,-0.06832397
IPCA(5),8,0.07724287
IPCA(5),8,-0.08890813
IPCA(5),8,-0.05100666
IPCA(5),8,-0.12089966
IPCA(5),8,0.06310590
IPCA(5),8,0.06139611
IPCA(5),8,-0.04948608
IPCA(5),8,-0.17158565
IPCA(5),8,-0.17317366
IPCA(5),8,-0.20500183
IPCA(5),8,-0.04985366
IPCA(5),8,-0.15878395
IPCA(5),8,-0.03801625
IPCA(5),8,-0.07259186
IPCA(5),8,-0.06223103
IPCA(5),8,-0.12733326
IPCA(5),8,-0.13738768
IPCA(5),8,-0.13148297
IPCA(5),8,-0.11598811
IPCA(5),8,-0.30197083
IPCA(5),8,-0.21719308
IPCA(5),8,-0.03945046
IPCA(5),8,-0.09544638
IPCA(5),8,-0.08561738
IPCA(5),8,-0.13912948
IPCA(5),8,-0.15345578
IPCA(5),8,-0.07053311
IPCA(5),8,-0.09586458
IPCA(5),8,0.00237176
IPCA(5),8,-0.04346061
IPCA(5),8,-0.08669302
IPCA(5),8,-0.06129922
IPCA(5),8,-0.11066074
IPCA(5),8,-0.03441402
IPCA(5),8,-0.16569831
IPCA(5),8,-0.12865814
IPCA(5),8,-0.05693909
IPCA(5),8,-0.03572085
IPCA(5),8,-0.06266652
IPCA(5),8,0.04955618
IPCA(5),8,-0.05294038
IPCA(5),8,-0.06638279
IPCA(5),8,0.01529778
IPCA(5),8,-0.10761626
IPCA(5),8,-0.14858515
IPCA(5),8,-0.08037381
IPCA(5),8,-0.04783618
IPCA(5),8,-0.15927502
IPCA(5),8,-0.09591195
IPCA(5),8,-0.02840978
IPCA(5),8,-0.13823288
IPCA(5),8,0.02444211
IPCA(5),8,-0.05329487
IPCA(5),8,-0.16643644
IPCA(5),8,-0.12452677
IPCA(5),8,-0.10702752
IPCA(5),8,-0.01815490
IPCA(5),8,-0.06296148
IPCA(5),8,-0.07966654
IPCA(5),8,-0.03308847
IPCA(5),8,-0.15244120
IPCA(5),8,-0.02270366
IPCA(5),8,0.04975020
IPCA(5),8,-0.11294999
IPCA(5),8,-0.07845840
IPCA(5),8,-0.08443751
IPCA(5),8,-0.16560607
IPCA(5),8,-0.11144027
IPCA(5),8,-0.09256148
IPCA(5),8,-0.11111830
IPCA(5),8,0.00022150
IPCA(5),8,-0.21115928
IPCA(5),8,-0.14506077
IPCA(5),8,-0.11449120
IPCA(5),8,0.00505222
IPCA(5),8,-0.02597944
IPCA(5),8,-0.00213575
IPCA(5),8,-0.03183608
IPCA(5),8,-0.12441093
IPCA(5),8,-0.07472715
IPCA(5),8,-0.11286906
IPCA(5),8,-0.08641580
IPCA(5),8,-0.08611132
IPCA(5),8,-0.05128249
IPCA(5),8,0.02211777
IPCA(5),8,-0.01618886
IPCA(5),8,-0.07890918
IPCA(5),8,-0.06069710
IPCA(5),8,-0.06172875
IPCA(5),8,0.02583073
IPCA(5),8,-0.19420790
IPCA(5),8,-0.08611185
IPCA(5),8,-0.11716645
IPCA(5),8,-0.08822120
IPCA(5),8,-0.03685947
IPCA(5),8,-0.11752468
IPCA(5),8,-0.11779436
IPCA(5),8,-0.20250593
IPCA(5),8,-0.12288055
IPCA(5),8,-0.18295819
IPCA(5),8,-0.08641658
IPCA(5),8,-0.13468907
IPCA(5),8,-0.18643713
IPCA(5),8,-0.15880356
IPCA(5),8,-0.01741081
IPCA(5),8,-0.08532245
IPCA(5),8,-0.00778008
IPCA(5),8,-0.08113974
IPCA(5),8,-0.11312455
IPCA(5),8,0.03334572
IPCA(5),8,-0.01050327
IPCA(5),8,-0.00317235
IPCA(5),8,-0.08634823
IPCA(5),8,-0.14412901
IPCA(5),8,-0.11752220
IPCA(5),8,-0.05238965
IPCA(5),8,-0.04292202
IPCA(5),8,-0.17176538
IPCA(5),8,-0.19327632
IPCA(5),8,-0.10018878
IPCA(5),8,-0.20608385
IPCA(5),8,-0.06318194
IPCA(5),8,0.03982932
IPCA(5),8,-0.14538097
IPCA(5),8,-0.14131724
IPCA(5),8,-0.05233114
IPCA(5),8,-0.06784963
IPCA(5),8,0.05987628
IPCA(5),8,-0.15704940
IPCA(5),8,0.02288597
IPCA(5),9,-0.08045981
IPCA(5),9,-0.01333344
IPCA(5),9,-0.11322164
IPCA(5),9,-0.06438342
IPCA(5),9,-0.01135025
IPCA(5),9,-0.01524415
IPCA(5),9,-0.02017565
IPCA(5),9,-0.03517197
IPCA(5),9,-0.10162926
IPCA(5),9,-0.07413006
IPCA(5),9,-0.05997124
IPCA(5),9,0.03181100
IPCA(5),9,-0.12542031
IPCA(5),9,-0.05578680
IPCA(5),9,0.05635016
IPCA(5),9,-0.13397576
IPCA(5),9,-0.07136180
IPCA(5),9,-0.03077627
IPCA(5),9,0.00448571
IPCA(5),9,-0.05075001
IPCA(5),9,-0.01432491
IPCA(5),9,0.00020808
IPCA(5),9,-0.03276944
IPCA(5),9,-0.10036391
IPCA(5),9,-0.03731269
IPCA(5),9,-0.00820630
IPCA(5),9,-0.03904397
IPCA(5),9,-0.02496940
IPCA(5),9,-0.04918353
IPCA(5),9,-0.08166194
IPCA(5),9,-0.05907800
IPCA(5),9,-0.00966882
IPCA(5),9,-0.06441822
IPCA(5),9,-0.10992996
IPCA(5),9,-0.01291610
IPCA(5),9,0.04938869
IPCA(5),9,-0.08402006
IPCA(5),9,-0.01351860
IPCA(5),9,0.09187402
IPCA(5),9,-0.06352580
IPCA(5),9,-0.01950155
IPCA(5),9,0.00733505
IPCA(5),9,-0.04309882
IPCA(5),9,0.00323427
IPCA(5),9,-0.05250460
IPCA(5),9,-0.05106599
IPCA(5),9,0.01662731
IPCA(5),9,0.03258973
IPCA(5),9,0.00293050
IPCA(5),9,-0.06828338
IPCA(5),9,0.05741388
IPCA(5),9,-0.15733595
IPCA(5),9,-0.01983741
IPCA(5),9,-0.00910040
IPCA(5),9,0.00184313
IPCA(5),9,-0.00835618
IPCA(5),9,-0.03364143
IPCA(5),9,-0.12368525
IPCA(5),9,-0.03522772
IPCA(5),9,-0.06147090
IPCA(5),9,-0.03390453
IPCA(5),9,-0.01461641
IPCA(5),9,-0.00857781
IPCA(5),9,-0.03730241
IPCA(5),9,0.06236977
IPCA(5),9,-0.17789403
IPCA(5),9,-0.01921481
IPCA(5),9,0.02970407
IPCA(5),9,-0.03599245
IPCA(5),9,-0.06906994
IPCA(5),9,0.01892654
IPCA(5),9,-0.04864181
IPCA(5),9,-0.06680627
IPCA(5),9,-0.04164688
IPCA(5),9,-0.05348620
IPCA(5),9,-0.02102719
IPCA(5),9,-0.08391425
IPCA(5),9,-0.05187473
IPCA(5),9,-0.07204814
IPCA(5),9,-0.01848490
IPCA(5),9,-0.11586213
IPCA(5),9,-0.01180251
IPCA(5),9,0.01620133
IPCA(5),9,-0.02194480
IPCA(5),9,-0.10708599
IPCA(5),9,-0.04081616
IPCA(5),9,-0.07494912
IPCA(5),9,-0.16371197
IPCA(5),9,-0.04003035
IPCA(5),9,-0.08426041
IPCA(5),9,-0.02261092
IPCA(5),9,-0.02140460
IPCA(5),9,-0.08458012
IPCA(5),9,-0.06401598
IPCA(5),9,-0.04664235
IPCA(5),9,-0.01221395
IPCA(5),9,-0.11183612
IPCA(5),9,-0.04920976
IPCA(5),9,-0.16900453
IPCA(5),9,-0.05496067
IPCA(5),9,-0.00012088
IPCA(5),9,-0.04643679
IPCA(5),9,-0.01865463
IPCA(5),9,-0.01784938
IPCA(5),9,-0.06402473
IPCA(5),9,0.00297366
IPCA(5),9,-0.07495870
IPCA(5),9,-0.00650336
IPCA(5),9,-0.01402461
IPCA(5),9,-0.09408515
IPCA(5),9,-0.04863211
IPCA(5),9,-0.00896797
IPCA(5),9,-0.00238587
IPCA(5),9,-0.02099255
IPCA(5),9,-0.00731790
IPCA(5),9,-0.00119205
IPCA(5),9,-0.03414155
IPCA(5),9,-0.04260431
IPCA(5),9,-0.02078153
IPCA(5),9,0.02069126
IPCA(5),9,-0.03645936
IPCA(5),9,-0.01018927
IPCA(5),9,-0.17224905
IPCA(5),9,-0.00413118
IPCA(5),9,0.00714882
IPCA(5),9,-0.02531055
IPCA(5),9,0.01114678
IPCA(5),9,-0.03163380
IPCA(5),9,0.05552384
IPCA(5),9,-0.02151157
IPCA(5),9,-0.06390199
IPCA(5),9,-0.00411665
IPCA(5),9,-0.10235870
IPCA(5),9,-0.01968926
IPCA(5),9,0.00922573
IPCA(5),9,0.01813849
IPCA(5),9,-0.13237502
IPCA(5),9,-0.04741510
IPCA(5),9,-0.00859414
IPCA(5),9,-0.00442239
IPCA(5),9,-0.06669067
IPCA(5),9,-0.02053145
IPCA(5),9,-0.05440313
IPCA(5),9,-0.08327985
IPCA(5),9,-0.05259549
IPCA(5),9,-0.17249000
IPCA(5),9,0.00236714
IPCA(5),9,-0.06335780
IPCA(5),9,-0.10470269
IPCA(5),9,-0.10414284
IPCA(5),9,-0.08467156
IPCA(5),9,-0.10087322
IPCA(5),9,-0.05273302
IPCA(5),9,-0.14609064
IPCA(5),9,-0.18348349
IPCA(5),9,0.01332551
IPCA(5),9,-0.07170896
IPCA(5),9,-0.16152949
IPCA(5),9,-0.05785964
IPCA(5),9,-0.06565986
IPCA(5),9,-0.00374557
IPCA(5),9,-0.03489028
IPCA(5),9,0.06931641
IPCA(5),9,-0.05515052
IPCA(5),9,-0.10785784
IPCA(5),9,-0.03037431
IPCA(5),9,-0.18916024
IPCA(5),9,-0.08880304
IPCA(5),9,-0.09760304
IPCA(5),9,-0.02379366
IPCA(5),9,-0.06746028
IPCA(5),9,-0.06877301
IPCA(5),9,-0.05144831
IPCA(5),9,-0.00980408
IPCA(5),9,-0.11575572
IPCA(5),9,-0.08736534
IPCA(5),9,-0.06648981
IPCA(5),9,-0.11438504
IPCA(5),9,-0.07413634
IPCA(5),9,-0.01020825
IPCA(5),9,-0.15533736
IPCA(5),9,0.02161926
IPCA(5),9,-0.03714054
IPCA(5),9,-0.06073366
IPCA(5),9,-0.02519993
IPCA(5),9,-0.06578994
IPCA(5),9,0.01204321
IPCA(5),9,-0.00127305
IPCA(5),9,-0.06721479
IPCA(5),9,-0.08300303
IPCA(5),9,-0.04188010
IPCA(5),9,-0.11059510
IPCA(5),9,-0.03140520
IPCA(5),9,0.00750990
IPCA(5),9,-0.17421901
IPCA(5),9,-0.01230721
IPCA(5),9,-0.17329150
IPCA(5),9,-0.10889967
IPCA(5),9,-0.04934803
IPCA(5),9,0.01356351
IPCA(5),9,-0.02076792
IPCA(5),9,-0.07598188
IPCA(5),9,-0.00963531
IPCA(5),9,0.00912920
IPCA(5),9,-0.02164016
IPCA(5),9,-0.07495004
IPCA(5),9,0.00460517
IPCA(5),9,-0.13564228
IPCA(5),9,-0.06622886
IPCA(5),9,-0.12290854
IPCA(5),9,-0.05276719
IPCA(5),9,-0.06375296
IPCA(5),9,-0.04624810
IPCA(5),9,-0.03941051
IPCA(5),9,-0.08845020
IPCA(5),9,-0.08215129
IPCA(5),9,-0.01452715
IPCA(5),9,-0.00324092
IPCA(5),9,-0.08901444
IPCA(5),9,-0.03038600
IPCA(5),9,-0.03435860
IPCA(5),9,0.01349127
IPCA(5),9,-0.00902810
IPCA(5),9,0.05093049
IPCA(5),9,0.00602611
IPCA(5),9,-0.07649654
IPCA(5),9,-0.02562803
IPCA(5),9,0.01861050
IPCA(5),9,-0.01920529
IPCA(5),9,-0.06153719
IPCA(5),9,-0.02481870
IPCA(5),9,-0.04642508
IPCA(5),9,0.00247529
IPCA(5),9,-0.00423205
IPCA(5),9,-0.04269623
IPCA(5),9,-0.07501063
IPCA(5),9,-0.03616219
IPCA(5),9,0.00507735
IPCA(5),9,0.02255868
IPCA(5),9,-0.06200810
IPCA(5),9,-0.02827189
IPCA(5),9,-0.00106722
IPCA(5),9,-0.06105316
IPCA(5),9,-0.03440983
IPCA(5),9,-0.10613775
IPCA(5),9,-0.01744911
IPCA(5),9,-0.02905549
IPCA(5),9,-0.06023474
IPCA(5),9,-0.02683659
IPCA(5),9,-0.10671280
IPCA(5),9,0.00638365
IPCA(5),9,-0.07659751
IPCA(5),9,-0.00571401
IPCA(5),9,-0.10505748
IPCA(5),9,-0.12762379
IPCA(5),9,-0.11185215
IPCA(5),9,-0.00397155
IPCA(5),9,-0.01235146
IPCA(5),9,-0.08585835
IPCA(5),9,-0.07366501
IPCA(5),9,-0.10395919
IPCA(5),9,-0.10773629
IPCA(5),9,-0.10040597
IPCA(5),9,-0.05309499
IPCA(5),9,-0.03618598
IPCA(5),9,-0.06034169
IPCA(5),9,-0.06040887
IPCA(5),9,-0.04855916
IPCA(5),9,-0.08325718
IPCA(5),9,-0.14227095
IPCA(5),9,-0.05002354
IPCA(5),9,-0.04825881
IPCA(5),9,-0.02182944
IPCA(5),9,-0.09608049
IPCA(5),9,-0.13120818
IPCA(5),9,0.02978407
IPCA(5),9,-0.03606712
IPCA(5),9,0.03063119
IPCA(5),9,-0.07685524
IPCA(5),9,-0.03145476
IPCA(5),9,-0.04934170
IPCA(5),9,-0.06648821
IPCA(5),9,-0.08568528
IPCA(5),9,0.00962015
IPCA(5),9,-0.00860570
IPCA(5),9,-0.16821470
IPCA(5),9,-0.10207337
IPCA(5),9,-0.02766654
IPCA(5),9,-0.00709472
IPCA(5),9,-0.09690641
IPCA(5),9,-0.10053884
IPCA(5),9,-0.11395637
IPCA(5),9,-0.04462258
IPCA(5),9,-0.03653610
IPCA(5),9,-0.04332017
IPCA(5),9,0.01323677
IPCA(5),10,0.08578353
IPCA(5),10,-0.03969570
IPCA(5),10,-0.01513961
IPCA(5),10,-0.00786242
IPCA(5),10,0.19369158
IPCA(5),10,-0.06098048
IPCA(5),10,-0.03661291
IPCA(5),10,-0.06039032
IPCA(5),10,-0.03046326
IPCA(5),10,-0.01893577
IPCA(5),10,-0.05289392
IPCA(5),10,-0.06756362
IPCA(5),10,-0.07813931
IPCA(5),10,0.00435379
IPCA(5),10,-0.01325470
IPCA(5),10,0.03476196
IPCA(5),10,0.01172936
IPCA(5),10,-0.02957069
IPCA(5),10,0.03660563
IPCA(5),10,-0.00476065
IPCA(5),10,0.00253094
IPCA(5),10,0.01085547
IPCA(5),10,-0.04433883
IPCA(5),10,0.00826693
IPCA(5),10,-0.03263414
IPCA(5),10,-0.02025423
IPCA(5),10,0.02760243
IPCA(5),10,0.01107313
IPCA(5),10,0.00489921
IPCA(5),10,-0.00060274
IPCA(5),10,0.00704382
IPCA(5),10,0.00294830
IPCA(5),10,0.02718876
IPCA(5),10,0.09018110
IPCA(5),10,0.00681286
IPCA(5),10,0.00332380
IPCA(5),10,0.00813532
IPCA(5),10,-0.01080802
IPCA(5),10,-0.02287785
IPCA(5),10,-0.11030261
IPCA(5),10,-0.02217901
IPCA(5),10,-0.00967526
IPCA(5),10,-0.00394904
IPCA(5),10,-0.03991219
IPCA(5),10,0.00547683
IPCA(5),10,-0.02686798
IPCA(5),10,0.01715903
IPCA(5),10,-0.09150476
IPCA(5),10,0.02504599
IPCA(5),10,0.01080240
IPCA(5),10,0.03365779
IPCA(5),10,0.03287572
IPCA(5),10,-0.04311724
IPCA(5),10,-0.00069941
IPCA(5),10,-0.01820702
IPCA(5),10,-0.03690436
IPCA(5),10,0.02014453
IPCA(5),10,-0.06355740
IPCA(5),10,0.03106407
IPCA(5),10,0.02921078
IPCA(5),10,0.01984525
IPCA(5),10,-0.02705885
IPCA(5),10,-0.02420508
IPCA(5),10,-0.01244257
IPCA(5),10,0.08382655
IPCA(5),10,-0.03468711
IPCA(5),10,-0.00915600
IPCA(5),10,0.02446453
IPCA(5),10,0.08334952
IPCA(5),10,-0.02619949
IPCA(5),10,-0.03720644
IPCA(5),10,0.03824998
IPCA(5),10,-0.01278776
IPCA(5),10,-0.03330365
IPCA(5),10,0.01988995
IPCA(5),10,-0.00323120
IPCA(5),10,0.00275219
IPCA(5),10,-0.01293651
IPCA(5),10,-0.02818734
IPCA(5),10,-0.02186525
IPCA(5),10,-0.00375217
IPCA(5),10,-0.05148113
IPCA(5),10,-0.00235438
IPCA(5),10,-0.03181145
IPCA(5),10,-0.01624715
IPCA(5),10,0.01312011
IPCA(5),10,0.06798685
IPCA(5),10,0.06003856
IPCA(5),10,0.01633478
IPCA(5),10,0.01706175
IPCA(5),10,0.03543381
IPCA(5),10,0.08992474
IPCA(5),10,-0.00012646
IPCA(5),10,-0.04006923
IPCA(5),10,0.00383065
IPCA(5),10,0.01473123
IPCA(5),10,-0.04657129
IPCA(5),10,-0.05904451
IPCA(5),10,-0.04246935
IPCA(5),10,0.00796991
IPCA(5),10,0.00161734
IPCA(5),10,0.00888517
IPCA(5),10,0.01808330
IPCA(5),10,0.00907689
IPCA(5),10,-0.03743936
IPCA(5),10,0.01205270
IPCA(5),10,0.03223970
IPCA(5),10,0.02603877
IPCA(5),10,0.04928547
IPCA(5),10,0.00672839
IPCA(5),10,0.01132961
IPCA(5),10,0.06235051
IPCA(5),10,0.02612080
IPCA(5),10,0.01245032
IPCA(5),10,0.02717775
IPCA(5),10,0.03819044
IPCA(5),10,0.02991497
IPCA(5),10,0.03010532
IPCA(5),10,0.01332757
IPCA(5),10,0.04117328
IPCA(5),10,0.06814778
IPCA(5),10,0.03404421
IPCA(5),10,0.08066765
IPCA(5),10,0.04908750
IPCA(5),10,0.05303249
IPCA(5),10,-0.00001361
IPCA(5),10,0.00888602
IPCA(5),10,0.04603574
IPCA(5),10,-0.05650277
IPCA(5),10,0.01037857
IPCA(5),10,-0.03055619
IPCA(5),10,-0.04557417
IPCA(5),10,0.04936975
IPCA(5),10,0.02238804
IPCA(5),10,0.03550521
IPCA(5),10,0.04922268
IPCA(5),10,0.07395597
IPCA(5),10,-0.02666405
IPCA(5),10,-0.04317733
IPCA(5),10,0.01476684
IPCA(5),10,-0.04116401
IPCA(5),10,0.02151702
IPCA(5),10,0.05136490
IPCA(5),10,-0.02608587
IPCA(5),10,-0.00813169
IPCA(5),10,0.00072165
IPCA(5),10,0.01009860
IPCA(5),10,0.03218620
IPCA(5),10,0.01958825
IPCA(5),10,-0.02942902
IPCA(5),10,-0.00820960
IPCA(5),10,0.00192843
IPCA(5),10,-0.07586522
IPCA(5),10,0.10780809
IPCA(5),10,-0.01527733
IPCA(5),10,-0.02832193
IPCA(5),10,0.02317723
IPCA(5),10,-0.03335059
IPCA(5),10,-0.02813437
IPCA(5),10,0.01159501
IPCA(5),10,-0.01495173
IPCA(5),10,0.02899920
IPCA(5),10,0.00275541
IPCA(5),10,-0.09340547
IPCA(5),10,-0.06789117
IPCA(5),10,-0.10172053
IPCA(5),10,0.14359061
IPCA(5),10,-0.03865930
IPCA(5),10,-0.00506294
IPCA(5),10,-0.02199125
IPCA(5),10,-0.02500307
IPCA(5),10,-0.06905288
IPCA(5),10,0.01372065
IPCA(5),10,0.00055832
IPCA(5),10,0.02276929
IPCA(5),10,-0.02637738
IPCA(5),10,0.02768300
IPCA(5),10,-0.04267573
IPCA(5),10,-0.03694548
IPCA(5),10,0.00193459
IPCA(5),10,0.01761215
IPCA(5),10,-0.08847271
IPCA(5),10,-0.05910651
IPCA(5),10,-0.00490147
IPCA(5),10,-0.04328828
IPCA(5),10,0.02456806
IPCA(5),10,-0.01323977
IPCA(5),10,0.02074409
IPCA(5),10,-0.00866180
IPCA(5),10,-0.02690284
IPCA(5),10,-0.00165772
IPCA(5),10,0.00469382
IPCA(5),10,-0.04312153
IPCA(5),10,-0.04272293
IPCA(5),10,-0.06366516
IPCA(5),10,-0.01726834
IPCA(5),10,0.00387852
IPCA(5),10,0.01904416
IPCA(5),10,0.00308144
IPCA(5),10,-0.00170935
IPCA(5),10,-0.08927472
IPCA(5),10,-0.04209427
IPCA(5),10,0.02960829
IPCA(5),10,-0.08784499
IPCA(5),10,-0.00932062
IPCA(5),10,-0.00986592
IPCA(5),10,-0.05518880
IPCA(5),10,-0.04044012
IPCA(5),10,0.05386880
IPCA(5),10,-0.04817933
IPCA(5),10,-0.02465142
IPCA(5),10,-0.05067733
IPCA(5),10,0.00832825
IPCA(5),10,0.00161530
IPCA(5),10,-0.01449173
IPCA(5),10,-0.00667429
IPCA(5),10,-0.07468848
IPCA(5),10,-0.04834437
IPCA(5),10,-0.07068112
IPCA(5),10,-0.01968864
IPCA(5),10,-0.00356296
IPCA(5),10,-0.02795349
IPCA(5),10,-0.04989756
IPCA(5),10,-0.09592026
IPCA(5),10,-0.01509869
IPCA(5),10,-0.03002243
IPCA(5),10,-0.00906343
IPCA(5),10,-0.08183352
IPCA(5),10,-0.06621832
IPCA(5),10,-0.05188019
IPCA(5),10,-0.00937989
IPCA(5),10,-0.07609909
IPCA(5),10,-0.06403797
IPCA(5),10,-0.08258647
IPCA(5),10,-0.03151060
IPCA(5),10,-0.02160102
IPCA(5),10,-0.01983092
IPCA(5),10,-0.05211693
IPCA(5),10,0.04235660
IPCA(5),10,-0.01356897
IPCA(5),10,-0.10149742
IPCA(5),10,-0.04254772
IPCA(5),10,-0.02148211
IPCA(5),10,0.00712722
IPCA(5),10,0.00442267
IPCA(5),10,-0.02925766
IPCA(5),10,0.04832890
IPCA(5),10,0.01386382
IPCA(5),10,-0.01000551
IPCA(5),10,-0.03402908
IPCA(5),10,0.07196635
IPCA(5),10,-0.04177515
IPCA(5),10,-0.01200357
IPCA(5),10,-0.01763090
IPCA(5),10,-0.01861919
IPCA(5),10,-0.03170215
IPCA(5),10,0.02787239
IPCA(5),10,-0.02755425
IPCA(5),10,0.01156046
IPCA(5),10,-0.06340540
IPCA(5),10,0.00823443
IPCA(5),10,0.06249598
IPCA(5),10,-0.01377319
IPCA(5),10,-0.02178271
IPCA(5),10,-0.01041063
IPCA(5),10,-0.01350110
IPCA(5),10,0.01491477
IPCA(5),10,0.02002188
IPCA(5),10,0.07447378
IPCA(5),10,-0.02588509
IPCA(5),10,-0.05397242
IPCA(5),10,-0.05285795
IPCA(5),10,0.03700989
IPCA(5),10,-0.03654551
IPCA(5),10,-0.03932532
IPCA(5),10,-0.00432439
IPCA(5),10,-0.01400736
IPCA(5),10,-0.05044943
IPCA(5),10,-0.02667510
IPCA(5),10,0.00196433
IPCA(5),10,0.06847063
IPCA(5),10,-0.05360791
IPCA(5),10,-0.01931119
IPCA(5),10,-0.02317385
IPCA(5),10,-0.03126449
IPCA(5),10,-0.01230653
IPCA(5),10,-0.02430469
IPCA(5),10,0.02009602
IPCA(5),10,0.07268754
IPCA(5),10,-0.01948139
IPCA(5),10,-0.01658673
IPCA(5),10,-0.09480323
IPCA(5),10,-0.06309422
IPCA(5),10,-0.02378236
IPCA(5),10,0.04208118
IPCA(5),10,-0.07624268
IPCA(5),10,0.03797014
IPCA(5),10,-0.06950931
IPCA(5),10,-0.05118362
IPCA(5),11,-0.13358199
IPCA(5),11,-0.06161499
IPCA(5),11,-0.11676067
IPCA(5),11,-0.07570618
IPCA(5),11,-0.06345392
IPCA(5),11,-0.06667290
IPCA(5),11,-0.04299635
IPCA(5),11,-0.01594611
IPCA(5),11,-0.05889454
IPCA(5),11,-0.07446774
IPCA(5),11,-0.13782101
IPCA(5),11,0.00142021
IPCA(5),11,-0.13736296
IPCA(5),11,-0.04811516
IPCA(5),11,-0.07399400
IPCA(5),11,-0.10902521
IPCA(5),11,-0.00517138
IPCA(5),11,-0.09418617
IPCA(5),11,-0.08296078
IPCA(5),11,-0.01394185
IPCA(5),11,-0.02744090
IPCA(5),11,-0.04835385
IPCA(5),11,-0.05866780
IPCA(5),11,-0.07870081
IPCA(5),11,-0.03718248
IPCA(5),11,-0.06194038
IPCA(5),11,-0.04601833
IPCA(5),11,-0.03755124
IPCA(5),11,-0.00652970
IPCA(5),11,-0.05339633
IPCA(5),11,-0.05937989
IPCA(5),11,-0.10383473
IPCA(5),11,0.12972205
IPCA(5),11,-0.00703115
IPCA(5),11,-0.05537216
IPCA(5),11,-0.04904906
IPCA(5),11,-0.02881182
IPCA(5),11,-0.00984992
IPCA(5),11,-0.02893115
IPCA(5),11,-0.08163066
IPCA(5),11,-0.05836787
IPCA(5),11,-0.01587987
IPCA(5),11,-0.07957733
IPCA(5),11,-0.07252587
IPCA(5),11,-0.06204648
IPCA(5),11,-0.06303977
IPCA(5),11,-0.06740552
IPCA(5),11,-0.11288634
IPCA(5),11,-0.04605567
IPCA(5),11,-0.05020652
IPCA(5),11,-0.07098127
IPCA(5),11,-0.14441869
IPCA(5),11,-0.10578304
IPCA(5),11,-0.08093794
IPCA(5),11,-0.03566305
IPCA(5),11,-0.12779523
IPCA(5),11,-0.09414865
IPCA(5),11,-0.07322800
IPCA(5),11,-0.08951402
IPCA(5),11,-0.05004742
IPCA(5),11,-0.06631428
IPCA(5),11,-0.05998496
IPCA(5),11,-0.10112956
IPCA(5),11,-0.03819314
IPCA(5),11,-0.04335982
IPCA(5),11,-0.06443107
IPCA(5),11,-0.05398356
IPCA(5),11,-0.07331363
IPCA(5),11,-0.06642298
IPCA(5),11,-0.05966941
IPCA(5),11,-0.06309439
IPCA(5),11,-0.08259543
IPCA(5),11,-0.03718767
IPCA(5),11,-0.08204187
IPCA(5),11,0.02909533
IPCA(5),11,-0.00574686
IPCA(5),11,-0.06792925
IPCA(5),11,-0.04753688
IPCA(5),11,-0.07278735
IPCA(5),11,-0.09450059
IPCA(5),11,-0.06514062
IPCA(5),11,-0.06879704
IPCA(5),11,-0.08602400
IPCA(5),11,-0.02023750
IPCA(5),11,-0.05218761
IPCA(5),11,-0.08055959
IPCA(5),11,-0.04585059
IPCA(5),11,-0.02730073
IPCA(5),11,-0.03780862
IPCA(5),11,-0.06701823
IPCA(5),11,-0.04510519
IPCA(5),11,0.01178526
IPCA(5),11,-0.06161119
IPCA(5),11,-0.09933588
IPCA(5),11,-0.12609135
IPCA(5),11,-0.04791737
IPCA(5),11,-0.10640589
IPCA(5),11,-0.05489839
IPCA(5),11,-0.11979491
IPCA(5),11,-0.01497653
IPCA(5),11,-0.08709259
IPCA(5),11,-0.04811117
IPCA(5),11,-0.00110133
IPCA(5),11,-0.00749079
IPCA(5),11,0.00396478
IPCA(5),11,-0.02565660
IPCA(5),11,-0.12510211
IPCA(5),11,-0.02980994
IPCA(5),11,-0.08485739
IPCA(5),11,-0.14516618
IPCA(5),11,-0.05938382
IPCA(5),11,-0.05668828
IPCA(5),11,-0.00646522
IPCA(5),11,-0.04977090
IPCA(5),11,-0.01884331
IPCA(5),11,-0.03910288
IPCA(5),11,-0.02967783
IPCA(5),11,-0.14577191
IPCA(5),11,0.00691107
IPCA(5),11,-0.03175175
IPCA(5),11,-0.03456255
IPCA(5),11,-0.02412916
IPCA(5),11,-0.05246811
IPCA(5),11,-0.10901348
IPCA(5),11,-0.02355136
IPCA(5),11,-0.02832175
IPCA(5),11,-0.00043086
IPCA(5),11,-0.03145701
IPCA(5),11,-0.02174208
IPCA(5),11,-0.03648852
IPCA(5),11,-0.10928880
IPCA(5),11,-0.04366212
IPCA(5),11,-0.00912336
IPCA(5),11,-0.05864016
IPCA(5),11,0.00764528
IPCA(5),11,0.03003452
IPCA(5),11,-0.09295875
IPCA(5),11,-0.00631130
IPCA(5),11,-0.04784177
IPCA(5),11,0.00340747
IPCA(5),11,-0.03975427
IPCA(5),11,-0.03461274
IPCA(5),11,-0.09150700
IPCA(5),11,-0.07197499
IPCA(5),11,-0.01564270
IPCA(5),11,0.01632222
IPCA(5),11,-0.03840274
IPCA(5),11,-0.03039487
IPCA(5),11,-0.03690013
IPCA(5),11,-0.05152662
IPCA(5),11,-0.02547153
IPCA(5),11,-0.08069453
IPCA(5),11,-0.07427225
IPCA(5),11,-0.06196355
IPCA(5),11,-0.19886939
IPCA(5),11,-0.06844150
IPCA(5),11,-0.06845806
IPCA(5),11,-0.10532508
IPCA(5),11,-0.08116945
IPCA(5),11,-0.00923652
IPCA(5),11,-0.05447591
IPCA(5),11,0.04119279
IPCA(5),11,-0.13210124
IPCA(5),11,-0.02761115
IPCA(5),11,-0.07190091
IPCA(5),11,-0.02352119
IPCA(5),11,-0.08726802
IPCA(5),11,-0.06710924
IPCA(5),11,-0.00995731
IPCA(5),11,-0.08929954
IPCA(5),11,-0.07259131
IPCA(5),11,-0.06656912
IPCA(5),11,-0.11381275
IPCA(5),11,-0.09872800
IPCA(5),11,-0.07038032
IPCA(5),11,-0.06541995
IPCA(5),11,-0.10247423
IPCA(5),11,-0.12364004
IPCA(5),11,-0.06260949
IPCA(5),11,-0.07057540
IPCA(5),11,-0.08048733
IPCA(5),11,-0.13803124
IPCA(5),11,-0.05504421
IPCA(5),11,-0.02873916
IPCA(5),11,-0.08843728
IPCA(5),11,-0.04684092
IPCA(5),11,-0.05859417
IPCA(5),11,-0.10779852
IPCA(5),11,-0.08682003
IPCA(5),11,-0.08444003
IPCA(5),11,-0.06982972
IPCA(5),11,-0.05291649
IPCA(5),11,-0.02917346
IPCA(5),11,-0.02493307
IPCA(5),11,-0.05527745
IPCA(5),11,-0.09737971
IPCA(5),11,-0.03955763
IPCA(5),11,-0.05798370
IPCA(5),11,-0.11744041
IPCA(5),11,-0.09817178
IPCA(5),11,0.02106848
IPCA(5),11,-0.07156182
IPCA(5),11,-0.01225599
IPCA(5),11,-0.08383410
IPCA(5),11,-0.10337813
IPCA(5),11,-0.10382663
IPCA(5),11,-0.01009591
IPCA(5),11,-0.09011288
IPCA(5),11,-0.02790753
IPCA(5),11,-0.02970643
IPCA(5),11,-0.08439593
IPCA(5),11,-0.04092872
IPCA(5),11,-0.07928872
IPCA(5),11,-0.05150326
IPCA(5),11,-0.02998412
IPCA(5),11,-0.05502578
IPCA(5),11,-0.06664815
IPCA(5),11,-0.04405485
IPCA(5),11,-0.04969639
IPCA(5),11,-0.08306626
IPCA(5),11,-0.05692095
IPCA(5),11,-0.00691424
IPCA(5),11,-0.07067238
IPCA(5),11,-0.00948714
IPCA(5),11,-0.02000870
IPCA(5),11,-0.11307814
IPCA(5),11,-0.05121935
IPCA(5),11,-0.09618964
IPCA(5),11,-0.08093580
IPCA(5),11,-0.06756642
IPCA(5),11,-0.10237541
IPCA(5),11,-0.04845204
IPCA(5),11,0.01327091
IPCA(5),11,-0.15144897
IPCA(5),11,-0.06386563
IPCA(5),11,-0.08175318
IPCA(5),11,-0.06109450
IPCA(5),11,0.00485808
IPCA(5),11,0.02781553
IPCA(5),11,-0.09926441
IPCA(5),11,-0.00134202
IPCA(5),11,-0.08376133
IPCA(5),11,-0.05023205
IPCA(5),11,-0.05710007
IPCA(5),11,-0.06983356
IPCA(5),11,-0.01590556
IPCA(5),11,-0.01853811
IPCA(5),11,-0.08763394
IPCA(5),11,-0.06754611
IPCA(5),11,-0.06197319
IPCA(5),11,-0.01829827
IPCA(5),11,-0.03733233
IPCA(5),11,0.00555344
IPCA(5),11,-0.06864055
IPCA(5),11,-0.06720543
IPCA(5),11,-0.04304699
IPCA(5),11,-0.01185038
IPCA(5),11,-0.02025530
IPCA(5),11,-0.03302003
IPCA(5),11,-0.05927173
IPCA(5),11,-0.06912516
IPCA(5),11,-0.09085416
IPCA(5),11,-0.09478642
IPCA(5),11,-0.01979511
IPCA(5),11,-0.05563635
IPCA(5),11,-0.01677196
IPCA(5),11,-0.02887804
IPCA(5),11,-0.09055057
IPCA(5),11,-0.01542467
IPCA(5),11,-0.06615526
IPCA(5),11,-0.06394434
IPCA(5),11,-0.06342809
IPCA(5),11,-0.10238720
IPCA(5),11,-0.09378566
IPCA(5),11,-0.07404853
IPCA(5),11,-0.08691337
IPCA(5),11,-0.03377580
IPCA(5),11,-0.05632514
IPCA(5),11,-0.10230118
IPCA(5),11,-0.12184079
IPCA(5),11,-0.03952937
IPCA(5),11,-0.06056882
IPCA(5),11,-0.08636571
IPCA(5),11,-0.12689887
IPCA(5),11,-0.15705948
IPCA(5),11,-0.11488879
IPCA(5),11,-0.02268527
IPCA(5),11,-0.04335579
IPCA(5),11,-0.13492763
IPCA(5),11,-0.06327990
IPCA(5),11,-0.09937353
IPCA(5),11,-0.09046736
IPCA(5),11,-0.05616165
IPCA(5),11,-0.12138665
IPCA(5),11,-0.09221060
IPCA(5),11,-0.09797897
IPCA(5),11,-0.07388864
IPCA(5),11,-0.04007653
IPCA(5),11,-0.02885561
IPCA(5),11,-0.08419236
IPCA(5),11,-0.02637492
IPCA(5),11,-0.08933317
IPCA(5),11,-0.10977044
IPCA(5),11,-0.03792157
IPCA(5),12,-0.02329417
IPCA(5),12,-0.05936504
IPCA(5),12,0.10259925
IPCA(5),12,-0.08141077
IPCA(5),12,0.02341042
IPCA(5),12,-0.11743715
IPCA(5),12,0.00890978
IPCA(5),12,-0.04524964
IPCA(5),12,-0.03785087
IPCA(5),12,0.02381053
IPCA(5),12,-0.08546984
IPCA(5),12,-0.00781274
IPCA(5),12,-0.06102565
IPCA(5),12,0.05266069
IPCA(5),12,-0.04968825
IPCA(5),12,-0.00296073
IPCA(5),12,0.00138215
IPCA(5),12,0.12046606
IPCA(5),12,-0.10180712
IPCA(5),12,0.00819669
IPCA(5),12,0.00624940
IPCA(5),12,-0.01722291
IPCA(5),12,-0.08931362
IPCA(5),12,-0.08910166
IPCA(5),12,-0.13876888
IPCA(5),12,-0.05100647
IPCA(5),12,-0.08477699
IPCA(5),12,-0.01842644
IPCA(5),12,-0.01193936
IPCA(5),12,0.07030850
IPCA(5),12,-0.03062136
IPCA(5),12,-0.01579889
IPCA(5),12,-0.06122747
IPCA(5),12,0.00904175
IPCA(5),12,-0.07545755
IPCA(5),12,-0.09964731
IPCA(5),12,-0.06064422
IPCA(5),12,0.00643003
IPCA(5),12,-0.04062997
IPCA(5),12,0.01872864
IPCA(5),12,-0.06627152
IPCA(5),12,-0.03511866
IPCA(5),12,-0.00655993
IPCA(5),12,-0.04582640
IPCA(5),12,0.00111673
IPCA(5),12,-0.07042056
IPCA(5),12,-0.01836652
IPCA(5),12,-0.07584152
IPCA(5),12,-0.05702521
IPCA(5),12,-0.06454448
IPCA(5),12,0.01872187
IPCA(5),12,-0.08428754
IPCA(5),12,-0.05850235
IPCA(5),12,-0.11611945
IPCA(5),12,-0.10851762
IPCA(5),12,-0.10820560
IPCA(5),12,-0.11124708
IPCA(5),12,-0.06992421
IPCA(5),12,-0.14466803
IPCA(5),12,-0.04064907
IPCA(5),12,-0.06561365
IPCA(5),12,-0.04909371
IPCA(5),12,-0.01681709
IPCA(5),12,-0.12307258
IPCA(5),12,-0.07866455
IPCA(5),12,-0.06004482
IPCA(5),12,-0.05342193
IPCA(5),12,-0.07285087
IPCA(5),12,-0.09607123
IPCA(5),12,-0.00559137
IPCA(5),12,-0.01120877
IPCA(5),12,-0.02530898
IPCA(5),12,0.01314410
IPCA(5),12,-0.04662014
IPCA(5),12,-0.05207379
IPCA(5),12,0.03788948
IPCA(5),12,-0.02246961
IPCA(5),12,-0.04220576
IPCA(5),12,-0.14611351
IPCA(5),12,-0.05947691
IPCA(5),12,-0.00627594
IPCA(5),12,-0.05929949
IPCA(5),12,-0.07985879
IPCA(5),12,-0.10192877
IPCA(5),12,0.04677531
IPCA(5),12,-0.06350996
IPCA(5),12,-0.01683255
IPCA(5),12,-0.01419322
IPCA(5),12,-0.02450837
IPCA(5),12,-0.01480368
IPCA(5),12,-0.06283257
IPCA(5),12,-0.06174174
IPCA(5),12,-0.07623744
IPCA(5),12,-0.03529798
IPCA(5),12,-0.09461724
IPCA(5),12,-0.03979750
IPCA(5),12,-0.01392532
IPCA(5),12,-0.03919266
IPCA(5),12,-0.00307962
IPCA(5),12,-0.07090207
IPCA(5),12,-0.03079547
IPCA(5),12,-0.05106420
IPCA(5),12,-0.00003134
IPCA(5),12,0.06574725
IPCA(5),12,0.02105575
IPCA(5),12,0.07333482
IPCA(5),12,0.07341884
IPCA(5),12,0.08881466
IPCA(5),12,-0.02810339
IPCA(5),12,0.03733144
IPCA(5),12,0.04338304
IPCA(5),12,-0.02738472
IPCA(5),12,0.04377916
IPCA(5),12,-0.07873219
IPCA(5),12,0.00277252
IPCA(5),12,-0.02706255
IPCA(5),12,0.02608287
IPCA(5),12,0.04707950
IPCA(5),12,-0.02974550
IPCA(5),12,0.09798980
IPCA(5),12,0.08150967
IPCA(5),12,-0.03866419
IPCA(5),12,-0.02456748
IPCA(5),12,-0.01361981
IPCA(5),12,0.05099726
IPCA(5),12,0.04514680
IPCA(5),12,-0.04635516
IPCA(5),12,0.07570719
IPCA(5),12,0.07572032
IPCA(5),12,-0.03989944
IPCA(5),12,0.02800338
IPCA(5),12,-0.04381311
IPCA(5),12,0.02255641
IPCA(5),12,0.02900187
IPCA(5),12,0.04494638
IPCA(5),12,0.03039858
IPCA(5),12,0.00956593
IPCA(5),12,-0.08842997
IPCA(5),12,0.01020282
IPCA(5),12,-0.05540372
IPCA(5),12,-0.08938979
IPCA(5),12,-0.05053566
IPCA(5),12,0.02507402
IPCA(5),12,-0.01169610
IPCA(5),12,-0.00842761
IPCA(5),12,-0.05401016
IPCA(5),12,0.05296596
IPCA(5),12,-0.03429489
IPCA(5),12,0.02847047
IPCA(5),12,0.00032065
IPCA(5),12,-0.00004418
IPCA(5),12,-0.06130514
IPCA(5),12,-0.06939464
IPCA(5),12,-0.02724387
IPCA(5),12,0.00424056
IPCA(5),12,-0.01856156
IPCA(5),12,-0.06009612
IPCA(5),12,0.03262435
IPCA(5),12,-0.01580285
IPCA(5),12,-0.02357894
IPCA(5),12,-0.01670871
IPCA(5),12,0.05608821
IPCA(5),12,-0.07075936
IPCA(5),12,0.00265988
IPCA(5),12,-0.00114007
IPCA(5),12,-0.05432975
IPCA(5),12,-0.08093490
IPCA(5),12,0.01372841
IPCA(5),12,0.01477761
IPCA(5),12,-0.00242553
IPCA(5),12,-0.07933799
IPCA(5),12,0.09396009
IPCA(5),12,-0.01481139
IPCA(5),12,-0.02581220
IPCA(5),12,-0.03399236
IPCA(5),12,-0.18453096
IPCA(5),12,-0.06010590
IPCA(5),12,-0.05471188
IPCA(5),12,0.00899698
IPCA(5),12,-0.04864480
IPCA(5),12,-0.03099889
IPCA(5),12,-0.00117236
IPCA(5),12,0.02879101
IPCA(5),12,-0.04016230
IPCA(5),12,-0.02668310
IPCA(5),12,-0.00477167
IPCA(5),12,-0.05768585
IPCA(5),12,-0.07719647
IPCA(5),12,-0.06496290
IPCA(5),12,-0.02364885
IPCA(5),12,-0.05673470
IPCA(5),12,-0.04919555
IPCA(5),12,-0.03405669
IPCA(5),12,-0.10969428
IPCA(5),12,-0.05061944
IPCA(5),12,0.04336891
IPCA(5),12,-0.01211282
IPCA(5),12,-0.06918524
IPCA(5),12,-0.07848079
IPCA(5),12,-0.09163971
IPCA(5),12,-0.01862245
IPCA(5),12,-0.01056336
IPCA(5),12,-0.02578758
IPCA(5),12,-0.03949768
IPCA(5),12,-0.07482423
IPCA(5),12,-0.10327796
IPCA(5),12,-0.03591071
IPCA(5),12,0.03280302
IPCA(5),12,-0.04731103
IPCA(5),12,-0.02333519
IPCA(5),12,-0.03995197
IPCA(5),12,-0.07708895
IPCA(5),12,-0.08032852
IPCA(5),12,-0.07811549
IPCA(5),12,-0.01159156
IPCA(5),12,-0.05570574
IPCA(5),12,-0.01175300
IPCA(5),12,-0.02401194
IPCA(5),12,-0.05707044
IPCA(5),12,0.00536222
IPCA(5),12,-0.04051078
IPCA(5),12,0.00347389
IPCA(5),12,-0.05757651
IPCA(5),12,-0.00966784
IPCA(5),12,-0.05470625
IPCA(5),12,-0.01674044
IPCA(5),12,-0.12753554
IPCA(5),12,-0.04691503
IPCA(5),12,-0.02027367
IPCA(5),12,-0.05812291
IPCA(5),12,-0.06127503
IPCA(5),12,0.09620210
IPCA(5),12,0.24292819
IPCA(5),12,-0.04619496
IPCA(5),12,-0.05111193
IPCA(5),12,-0.10098381
IPCA(5),12,-0.03425423
IPCA(5),12,-0.07145743
IPCA(5),12,0.00229736
IPCA(5),12,-0.06230977
IPCA(5),12,-0.10674542
IPCA(5),12,-0.03496584
IPCA(5),12,0.01305577
IPCA(5),12,0.02490989
IPCA(5),12,-0.11309759
IPCA(5),12,-0.05135346
IPCA(5),12,0.01166119
IPCA(5),12,-0.06102888
IPCA(5),12,-0.05190145
IPCA(5),12,-0.00070664
IPCA(5),12,-0.02423572
IPCA(5),12,-0.07929284
IPCA(5),12,-0.03505251
IPCA(5),12,-0.02509613
IPCA(5),12,-0.01469040
IPCA(5),12,-0.03296026
IPCA(5),12,-0.01250487
IPCA(5),12,-0.03427892
IPCA(5),12,-0.06190609
IPCA(5),12,0.02916923
IPCA(5),12,0.03069004
IPCA(5),12,-0.00827374
IPCA(5),12,-0.05529081
IPCA(5),12,-0.00532676
IPCA(5),12,-0.03146860
IPCA(5),12,-0.08378077
IPCA(5),12,0.00631433
IPCA(5),12,-0.05035430
IPCA(5),12,-0.06860747
IPCA(5),12,-0.10444666
IPCA(5),12,0.01285994
IPCA(5),12,-0.09074935
IPCA(5),12,-0.01412907
IPCA(5),12,-0.06110113
IPCA(5),12,-0.06648810
IPCA(5),12,-0.03869779
IPCA(5),12,-0.04070439
IPCA(5),12,-0.08684145
IPCA(5),12,-0.08422866
IPCA(5),12,-0.06254785
IPCA(5),12,-0.14071957
IPCA(5),12,-0.04786497
IPCA(5),12,-0.06609649
IPCA(5),12,0.00861378
IPCA(5),12,0.02688582
IPCA(5),12,-0.06177906
IPCA(5),12,0.00197483
IPCA(5),12,-0.08433825
IPCA(5),12,-0.10236326
IPCA(5),12,-0.06458240
IPCA(5),12,-0.06493586
IPCA(5),12,-0.04539789
IPCA(5),12,-0.00177939
IPCA(5),12,-0.11955038
IPCA(5),12,-0.04445147
IPCA(5),12,0.01009075
IPCA(5),12,-0.06867270
IPCA(5),12,-0.08987139
IPCA(5),12,-0.07548802
IPCA(5),12,-0.10260423
IPCA(5),12,-0.08367181
IPCA(5),12,-0.03698966
IPCA(5),12,0.03094681
IPCA(5),12,-0.06545098
IPCA(5),12,-0.03845776
IPCA(5),12,-0.08486661
IPCA(5),12,-0.05809530
IPCA(5),12,-0.04392606
